ISO-10303-21;
HEADER;
FILE_DESCRIPTION( ( 'Unknown' ), '1' );
FILE_NAME( 'C:/Users/qlaidebeur/Desktop/CAD PARTS/662/6621xx145021/662103145021/Construction_data/662103145021.stp', 'Unknown', ( 'Unknown' ), ( 'Unknown' ), 'PSStep 15.0.49', 'Unknown', '  ' );
FILE_SCHEMA( ( 'AUTOMOTIVE_DESIGN { 1 0 10303 214 1 1 1 1 }' ) );
ENDSEC;
DATA;
#1 = PRODUCT_DEFINITION_CONTEXT( '', #25, 'design' );
#2 = APPLICATION_PROTOCOL_DEFINITION( 'international standard', 'automotive_design', 2001, #25 );
#3 = PRODUCT_CATEGORY_RELATIONSHIP( 'NONE', 'NONE', #26, #27 );
#4 = SHAPE_DEFINITION_REPRESENTATION( #28, #29 );
#5 = PRODUCT_CATEGORY_RELATIONSHIP( 'NONE', 'NONE', #26, #30 );
#6 = CONTEXT_DEPENDENT_SHAPE_REPRESENTATION( #31, #32 );
#7 = SHAPE_DEFINITION_REPRESENTATION( #33, #34 );
#8 = SHAPE_REPRESENTATION_RELATIONSHIP( 'NONE', 'NONE', #34, #35 );
#9 = PRODUCT_CATEGORY_RELATIONSHIP( 'NONE', 'NONE', #26, #36 );
#10 = CONTEXT_DEPENDENT_SHAPE_REPRESENTATION( #37, #38 );
#11 = SHAPE_DEFINITION_REPRESENTATION( #39, #40 );
#12 = SHAPE_REPRESENTATION_RELATIONSHIP( 'NONE', 'NONE', #40, #41 );
#13 = CONTEXT_DEPENDENT_SHAPE_REPRESENTATION( #42, #43 );
#14 = CONTEXT_DEPENDENT_SHAPE_REPRESENTATION( #44, #45 );
#15 = PRODUCT_CATEGORY_RELATIONSHIP( 'NONE', 'NONE', #26, #46 );
#16 = CONTEXT_DEPENDENT_SHAPE_REPRESENTATION( #47, #48 );
#17 = SHAPE_DEFINITION_REPRESENTATION( #49, #50 );
#18 = SHAPE_REPRESENTATION_RELATIONSHIP( 'NONE', 'NONE', #50, #51 );
#19 = CONTEXT_DEPENDENT_SHAPE_REPRESENTATION( #52, #53 );
#20 = MECHANICAL_DESIGN_GEOMETRIC_PRESENTATION_REPRESENTATION( ' ', ( #54, #55, #56, #57, #58, #59, #60, #61, #62, #63, #64, #65, #66, #67, #68, #69, #70, #71, #72, #73, #74, #75, #76, #77, #78, #79, #80, #81, #82, #83, #84, #85, #86, #87, #88, #89, #90, #91, #92, #93, #94, #95, #96, #97, #98, #99, #100, #101, #102, #103, #104, #105, #106, #107, #108, #109, #110, #111, #112, #113, #114, #115, #116, #117, #118, #119, #120, #121, #122, #123, #124, #125, #126, #127, #128, #129, #130, #131, #132, #133, #134, #135, #136, #137, #138, #139, #140, #141, #142, #143, #144, #145, #146, #147, #148, #149, #150, #151, #152, #153, #154, #155, #156, #157, #158, #159, #160, #161, #162, #163, #164, #165, #166, #167, #168, #169, #170, #171, #172, #173, #174, #175, #176, #177, #178, #179, #180, #181, #182, #183, #184, #185, #186, #187, #188, #189, #190, #191, #192, #193, #194, #195, #196, #197, #198, #199, #200, #201, #202, #203, #204, #205, #206, #207, #208, #209, #210, #211, #212, #213, #214, #215, #216, #217, #218, #219, #220, #221, #222, #223, #224, #225, #226, #227, #228, #229, #230, #231, #232, #233, #234, #235, #236, #237, #238, #239, #240, #241, #242, #243, #244, #245, #246, #247, #248, #249, #250, #251, #252, #253 ), #21 );
#21 =  ( GEOMETRIC_REPRESENTATION_CONTEXT( 3 )GLOBAL_UNCERTAINTY_ASSIGNED_CONTEXT( ( #256 ) )GLOBAL_UNIT_ASSIGNED_CONTEXT( ( #258, #259, #260 ) )REPRESENTATION_CONTEXT( 'NONE', 'WORKSPACE' ) );
#25 = APPLICATION_CONTEXT( 'core data for automotive mechanical design processes' );
#26 = PRODUCT_CATEGORY( 'part', 'NONE' );
#27 = PRODUCT_RELATED_PRODUCT_CATEGORY( 'detail', ' ', ( #262 ) );
#28 = PRODUCT_DEFINITION_SHAPE( 'NONE', 'NONE', #263 );
#29 = SHAPE_REPRESENTATION( 'Assem1', ( #264, #265, #266, #267, #268, #269, #270 ), #271 );
#30 = PRODUCT_RELATED_PRODUCT_CATEGORY( 'detail', ' ', ( #272 ) );
#31 = ( REPRESENTATION_RELATIONSHIP( '', '', #34, #29 )REPRESENTATION_RELATIONSHIP_WITH_TRANSFORMATION( #275 )SHAPE_REPRESENTATION_RELATIONSHIP(  ) );
#32 = PRODUCT_DEFINITION_SHAPE( 'NAUO-PROD-DEF', 'NAUO-PROD-DEF', #277 );
#33 = PRODUCT_DEFINITION_SHAPE( 'NONE', 'NONE', #278 );
#34 = SHAPE_REPRESENTATION( '662103145021', ( #264 ), #271 );
#35 = ADVANCED_BREP_SHAPE_REPRESENTATION( '662103145021', ( #279 ), #21 );
#36 = PRODUCT_RELATED_PRODUCT_CATEGORY( 'detail', ' ', ( #280 ) );
#37 = ( REPRESENTATION_RELATIONSHIP( '', '', #40, #29 )REPRESENTATION_RELATIONSHIP_WITH_TRANSFORMATION( #283 )SHAPE_REPRESENTATION_RELATIONSHIP(  ) );
#38 = PRODUCT_DEFINITION_SHAPE( 'NAUO-PROD-DEF', 'NAUO-PROD-DEF', #285 );
#39 = PRODUCT_DEFINITION_SHAPE( 'NONE', 'NONE', #286 );
#40 = SHAPE_REPRESENTATION( '6621xx145021_PIN', ( #264 ), #271 );
#41 = ADVANCED_BREP_SHAPE_REPRESENTATION( '6621xx145021_PIN', ( #287 ), #21 );
#42 = ( REPRESENTATION_RELATIONSHIP( '', '', #40, #29 )REPRESENTATION_RELATIONSHIP_WITH_TRANSFORMATION( #290 )SHAPE_REPRESENTATION_RELATIONSHIP(  ) );
#43 = PRODUCT_DEFINITION_SHAPE( 'NAUO-PROD-DEF', 'NAUO-PROD-DEF', #292 );
#44 = ( REPRESENTATION_RELATIONSHIP( '', '', #40, #29 )REPRESENTATION_RELATIONSHIP_WITH_TRANSFORMATION( #295 )SHAPE_REPRESENTATION_RELATIONSHIP(  ) );
#45 = PRODUCT_DEFINITION_SHAPE( 'NAUO-PROD-DEF', 'NAUO-PROD-DEF', #297 );
#46 = PRODUCT_RELATED_PRODUCT_CATEGORY( 'detail', ' ', ( #298 ) );
#47 = ( REPRESENTATION_RELATIONSHIP( '', '', #50, #29 )REPRESENTATION_RELATIONSHIP_WITH_TRANSFORMATION( #301 )SHAPE_REPRESENTATION_RELATIONSHIP(  ) );
#48 = PRODUCT_DEFINITION_SHAPE( 'NAUO-PROD-DEF', 'NAUO-PROD-DEF', #303 );
#49 = PRODUCT_DEFINITION_SHAPE( 'NONE', 'NONE', #304 );
#50 = SHAPE_REPRESENTATION( '6621xx145021_MASSE', ( #264 ), #271 );
#51 = ADVANCED_BREP_SHAPE_REPRESENTATION( '6621xx145021_MASSE', ( #305 ), #21 );
#52 = ( REPRESENTATION_RELATIONSHIP( '', '', #50, #29 )REPRESENTATION_RELATIONSHIP_WITH_TRANSFORMATION( #308 )SHAPE_REPRESENTATION_RELATIONSHIP(  ) );
#53 = PRODUCT_DEFINITION_SHAPE( 'NAUO-PROD-DEF', 'NAUO-PROD-DEF', #310 );
#54 = STYLED_ITEM( '', ( #311 ), #312 );
#55 = STYLED_ITEM( '', ( #313 ), #314 );
#56 = STYLED_ITEM( '', ( #315 ), #316 );
#57 = STYLED_ITEM( '', ( #317 ), #318 );
#58 = STYLED_ITEM( '', ( #319 ), #320 );
#59 = STYLED_ITEM( '', ( #321 ), #322 );
#60 = STYLED_ITEM( '', ( #323 ), #324 );
#61 = STYLED_ITEM( '', ( #325 ), #326 );
#62 = STYLED_ITEM( '', ( #327 ), #328 );
#63 = STYLED_ITEM( '', ( #329 ), #330 );
#64 = STYLED_ITEM( '', ( #331 ), #332 );
#65 = STYLED_ITEM( '', ( #333 ), #334 );
#66 = STYLED_ITEM( '', ( #335 ), #336 );
#67 = STYLED_ITEM( '', ( #337 ), #338 );
#68 = STYLED_ITEM( '', ( #339 ), #340 );
#69 = STYLED_ITEM( '', ( #341 ), #342 );
#70 = STYLED_ITEM( '', ( #343 ), #344 );
#71 = STYLED_ITEM( '', ( #345 ), #346 );
#72 = STYLED_ITEM( '', ( #347 ), #348 );
#73 = STYLED_ITEM( '', ( #349 ), #350 );
#74 = STYLED_ITEM( '', ( #351 ), #352 );
#75 = STYLED_ITEM( '', ( #353 ), #354 );
#76 = STYLED_ITEM( '', ( #355 ), #356 );
#77 = STYLED_ITEM( '', ( #357 ), #358 );
#78 = STYLED_ITEM( '', ( #359 ), #360 );
#79 = STYLED_ITEM( '', ( #361 ), #362 );
#80 = STYLED_ITEM( '', ( #363 ), #364 );
#81 = STYLED_ITEM( '', ( #365 ), #366 );
#82 = STYLED_ITEM( '', ( #367 ), #368 );
#83 = STYLED_ITEM( '', ( #369 ), #370 );
#84 = STYLED_ITEM( '', ( #371 ), #372 );
#85 = STYLED_ITEM( '', ( #373 ), #374 );
#86 = STYLED_ITEM( '', ( #375 ), #376 );
#87 = STYLED_ITEM( '', ( #377 ), #378 );
#88 = STYLED_ITEM( '', ( #379 ), #380 );
#89 = STYLED_ITEM( '', ( #381 ), #382 );
#90 = STYLED_ITEM( '', ( #383 ), #384 );
#91 = STYLED_ITEM( '', ( #385 ), #386 );
#92 = STYLED_ITEM( '', ( #387 ), #388 );
#93 = STYLED_ITEM( '', ( #389 ), #390 );
#94 = STYLED_ITEM( '', ( #391 ), #392 );
#95 = STYLED_ITEM( '', ( #393 ), #394 );
#96 = STYLED_ITEM( '', ( #395 ), #396 );
#97 = STYLED_ITEM( '', ( #397 ), #398 );
#98 = STYLED_ITEM( '', ( #399 ), #400 );
#99 = STYLED_ITEM( '', ( #401 ), #402 );
#100 = STYLED_ITEM( '', ( #403 ), #404 );
#101 = STYLED_ITEM( '', ( #405 ), #406 );
#102 = STYLED_ITEM( '', ( #407 ), #408 );
#103 = STYLED_ITEM( '', ( #409 ), #410 );
#104 = STYLED_ITEM( '', ( #411 ), #412 );
#105 = STYLED_ITEM( '', ( #413 ), #414 );
#106 = STYLED_ITEM( '', ( #415 ), #416 );
#107 = STYLED_ITEM( '', ( #417 ), #418 );
#108 = STYLED_ITEM( '', ( #419 ), #420 );
#109 = STYLED_ITEM( '', ( #421 ), #422 );
#110 = STYLED_ITEM( '', ( #423 ), #424 );
#111 = STYLED_ITEM( '', ( #425 ), #426 );
#112 = STYLED_ITEM( '', ( #427 ), #428 );
#113 = STYLED_ITEM( '', ( #429 ), #430 );
#114 = STYLED_ITEM( '', ( #431 ), #432 );
#115 = STYLED_ITEM( '', ( #433 ), #434 );
#116 = STYLED_ITEM( '', ( #435 ), #436 );
#117 = STYLED_ITEM( '', ( #437 ), #438 );
#118 = STYLED_ITEM( '', ( #439 ), #440 );
#119 = STYLED_ITEM( '', ( #441 ), #442 );
#120 = STYLED_ITEM( '', ( #443 ), #444 );
#121 = STYLED_ITEM( '', ( #445 ), #446 );
#122 = STYLED_ITEM( '', ( #447 ), #448 );
#123 = STYLED_ITEM( '', ( #449 ), #450 );
#124 = STYLED_ITEM( '', ( #451 ), #452 );
#125 = STYLED_ITEM( '', ( #453 ), #454 );
#126 = STYLED_ITEM( '', ( #455 ), #456 );
#127 = STYLED_ITEM( '', ( #457 ), #458 );
#128 = STYLED_ITEM( '', ( #459 ), #460 );
#129 = STYLED_ITEM( '', ( #461 ), #462 );
#130 = STYLED_ITEM( '', ( #463 ), #464 );
#131 = STYLED_ITEM( '', ( #465 ), #466 );
#132 = STYLED_ITEM( '', ( #467 ), #468 );
#133 = STYLED_ITEM( '', ( #469 ), #470 );
#134 = STYLED_ITEM( '', ( #471 ), #472 );
#135 = STYLED_ITEM( '', ( #473 ), #474 );
#136 = STYLED_ITEM( '', ( #475 ), #476 );
#137 = STYLED_ITEM( '', ( #477 ), #478 );
#138 = STYLED_ITEM( '', ( #479 ), #480 );
#139 = STYLED_ITEM( '', ( #481 ), #482 );
#140 = STYLED_ITEM( '', ( #483 ), #484 );
#141 = STYLED_ITEM( '', ( #485 ), #486 );
#142 = STYLED_ITEM( '', ( #487 ), #488 );
#143 = STYLED_ITEM( '', ( #489 ), #490 );
#144 = STYLED_ITEM( '', ( #491 ), #492 );
#145 = STYLED_ITEM( '', ( #493 ), #494 );
#146 = STYLED_ITEM( '', ( #495 ), #496 );
#147 = STYLED_ITEM( '', ( #497 ), #498 );
#148 = STYLED_ITEM( '', ( #499 ), #500 );
#149 = STYLED_ITEM( '', ( #501 ), #502 );
#150 = STYLED_ITEM( '', ( #503 ), #504 );
#151 = STYLED_ITEM( '', ( #505 ), #506 );
#152 = STYLED_ITEM( '', ( #507 ), #508 );
#153 = STYLED_ITEM( '', ( #509 ), #510 );
#154 = STYLED_ITEM( '', ( #511 ), #512 );
#155 = STYLED_ITEM( '', ( #513 ), #514 );
#156 = STYLED_ITEM( '', ( #515 ), #516 );
#157 = STYLED_ITEM( '', ( #517 ), #518 );
#158 = STYLED_ITEM( '', ( #519 ), #520 );
#159 = STYLED_ITEM( '', ( #521 ), #522 );
#160 = STYLED_ITEM( '', ( #523 ), #524 );
#161 = STYLED_ITEM( '', ( #525 ), #526 );
#162 = STYLED_ITEM( '', ( #527 ), #528 );
#163 = STYLED_ITEM( '', ( #529 ), #530 );
#164 = STYLED_ITEM( '', ( #531 ), #532 );
#165 = STYLED_ITEM( '', ( #533 ), #534 );
#166 = STYLED_ITEM( '', ( #535 ), #536 );
#167 = STYLED_ITEM( '', ( #537 ), #538 );
#168 = STYLED_ITEM( '', ( #539 ), #540 );
#169 = STYLED_ITEM( '', ( #541 ), #542 );
#170 = STYLED_ITEM( '', ( #543 ), #544 );
#171 = STYLED_ITEM( '', ( #545 ), #546 );
#172 = STYLED_ITEM( '', ( #547 ), #548 );
#173 = STYLED_ITEM( '', ( #549 ), #550 );
#174 = STYLED_ITEM( '', ( #551 ), #552 );
#175 = STYLED_ITEM( '', ( #553 ), #554 );
#176 = STYLED_ITEM( '', ( #555 ), #556 );
#177 = STYLED_ITEM( '', ( #557 ), #558 );
#178 = STYLED_ITEM( '', ( #559 ), #560 );
#179 = STYLED_ITEM( '', ( #561 ), #562 );
#180 = STYLED_ITEM( '', ( #563 ), #564 );
#181 = STYLED_ITEM( '', ( #565 ), #566 );
#182 = STYLED_ITEM( '', ( #567 ), #568 );
#183 = STYLED_ITEM( '', ( #569 ), #570 );
#184 = STYLED_ITEM( '', ( #571 ), #572 );
#185 = STYLED_ITEM( '', ( #573 ), #574 );
#186 = STYLED_ITEM( '', ( #575 ), #576 );
#187 = STYLED_ITEM( '', ( #577 ), #578 );
#188 = STYLED_ITEM( '', ( #579 ), #580 );
#189 = STYLED_ITEM( '', ( #581 ), #582 );
#190 = STYLED_ITEM( '', ( #583 ), #584 );
#191 = STYLED_ITEM( '', ( #585 ), #586 );
#192 = STYLED_ITEM( '', ( #587 ), #588 );
#193 = STYLED_ITEM( '', ( #589 ), #590 );
#194 = STYLED_ITEM( '', ( #591 ), #592 );
#195 = STYLED_ITEM( '', ( #593 ), #594 );
#196 = STYLED_ITEM( '', ( #595 ), #596 );
#197 = STYLED_ITEM( '', ( #597 ), #598 );
#198 = STYLED_ITEM( '', ( #599 ), #600 );
#199 = STYLED_ITEM( '', ( #601 ), #602 );
#200 = STYLED_ITEM( '', ( #603 ), #604 );
#201 = STYLED_ITEM( '', ( #605 ), #606 );
#202 = STYLED_ITEM( '', ( #607 ), #608 );
#203 = STYLED_ITEM( '', ( #609 ), #610 );
#204 = STYLED_ITEM( '', ( #611 ), #612 );
#205 = STYLED_ITEM( '', ( #613 ), #614 );
#206 = STYLED_ITEM( '', ( #615 ), #616 );
#207 = STYLED_ITEM( '', ( #617 ), #618 );
#208 = STYLED_ITEM( '', ( #619 ), #620 );
#209 = STYLED_ITEM( '', ( #621 ), #622 );
#210 = STYLED_ITEM( '', ( #623 ), #624 );
#211 = STYLED_ITEM( '', ( #625 ), #626 );
#212 = STYLED_ITEM( '', ( #627 ), #628 );
#213 = STYLED_ITEM( '', ( #629 ), #630 );
#214 = STYLED_ITEM( '', ( #631 ), #632 );
#215 = STYLED_ITEM( '', ( #633 ), #634 );
#216 = STYLED_ITEM( '', ( #635 ), #636 );
#217 = STYLED_ITEM( '', ( #637 ), #638 );
#218 = STYLED_ITEM( '', ( #639 ), #640 );
#219 = STYLED_ITEM( '', ( #641 ), #642 );
#220 = STYLED_ITEM( '', ( #643 ), #644 );
#221 = STYLED_ITEM( '', ( #645 ), #646 );
#222 = STYLED_ITEM( '', ( #647 ), #648 );
#223 = STYLED_ITEM( '', ( #649 ), #650 );
#224 = STYLED_ITEM( '', ( #651 ), #652 );
#225 = STYLED_ITEM( '', ( #653 ), #654 );
#226 = STYLED_ITEM( '', ( #655 ), #656 );
#227 = STYLED_ITEM( '', ( #657 ), #658 );
#228 = STYLED_ITEM( '', ( #659 ), #660 );
#229 = STYLED_ITEM( '', ( #661 ), #662 );
#230 = STYLED_ITEM( '', ( #663 ), #664 );
#231 = STYLED_ITEM( '', ( #665 ), #666 );
#232 = STYLED_ITEM( '', ( #667 ), #668 );
#233 = STYLED_ITEM( '', ( #669 ), #670 );
#234 = STYLED_ITEM( '', ( #671 ), #672 );
#235 = STYLED_ITEM( '', ( #673 ), #674 );
#236 = STYLED_ITEM( '', ( #675 ), #676 );
#237 = STYLED_ITEM( '', ( #677 ), #678 );
#238 = STYLED_ITEM( '', ( #679 ), #680 );
#239 = STYLED_ITEM( '', ( #681 ), #682 );
#240 = STYLED_ITEM( '', ( #683 ), #684 );
#241 = STYLED_ITEM( '', ( #685 ), #686 );
#242 = STYLED_ITEM( '', ( #687 ), #688 );
#243 = STYLED_ITEM( '', ( #689 ), #690 );
#244 = STYLED_ITEM( '', ( #691 ), #692 );
#245 = STYLED_ITEM( '', ( #693 ), #694 );
#246 = STYLED_ITEM( '', ( #695 ), #696 );
#247 = STYLED_ITEM( '', ( #697 ), #698 );
#248 = STYLED_ITEM( '', ( #699 ), #700 );
#249 = STYLED_ITEM( '', ( #701 ), #702 );
#250 = STYLED_ITEM( '', ( #703 ), #704 );
#251 = STYLED_ITEM( '', ( #705 ), #706 );
#252 = STYLED_ITEM( '', ( #707 ), #708 );
#253 = STYLED_ITEM( '', ( #709 ), #710 );
#256 = UNCERTAINTY_MEASURE_WITH_UNIT( LENGTH_MEASURE( 0.00100000000000000 ), #258, '', '' );
#258 =  ( CONVERSION_BASED_UNIT( 'MILLIMETRE', #713 )LENGTH_UNIT(  )NAMED_UNIT( #716 ) );
#259 =  ( NAMED_UNIT( #718 )PLANE_ANGLE_UNIT(  )SI_UNIT( $, .RADIAN. ) );
#260 =  ( NAMED_UNIT( #718 )SI_UNIT( $, .STERADIAN. )SOLID_ANGLE_UNIT(  ) );
#262 = PRODUCT( 'Assem1', 'Assem1', 'PART-Assem1-DESC', ( #724 ) );
#263 = PRODUCT_DEFINITION( 'NONE', 'NONE', #725, #1 );
#264 = AXIS2_PLACEMENT_3D( '', #726, #727, #728 );
#265 = AXIS2_PLACEMENT_3D( '', #729, #730, #731 );
#266 = AXIS2_PLACEMENT_3D( '', #732, #733, #734 );
#267 = AXIS2_PLACEMENT_3D( '', #735, #736, #737 );
#268 = AXIS2_PLACEMENT_3D( '', #738, #739, #740 );
#269 = AXIS2_PLACEMENT_3D( '', #741, #742, #743 );
#270 = AXIS2_PLACEMENT_3D( '', #744, #745, #746 );
#271 =  ( GEOMETRIC_REPRESENTATION_CONTEXT( 3 )GLOBAL_UNCERTAINTY_ASSIGNED_CONTEXT( ( #749 ) )GLOBAL_UNIT_ASSIGNED_CONTEXT( ( #751, #752, #753 ) )REPRESENTATION_CONTEXT( 'NONE', 'WORKSPACE' ) );
#272 = PRODUCT( '662103145021', '662103145021', 'PART-662103145021-DESC', ( #724 ) );
#275 = ITEM_DEFINED_TRANSFORMATION( '', '', #264, #265 );
#277 = NEXT_ASSEMBLY_USAGE_OCCURRENCE( 'NAUO1', 'NAUO1', 'NAUO1', #263, #278, $ );
#278 = PRODUCT_DEFINITION( '662103145021', '662103145021', #755, #1 );
#279 = MANIFOLD_SOLID_BREP( '662103145021', #756 );
#280 = PRODUCT( '6621xx145021_PIN', '6621xx145021_PIN', 'PART-6621xx145021_PIN-DESC', ( #724 ) );
#283 = ITEM_DEFINED_TRANSFORMATION( '', '', #264, #266 );
#285 = NEXT_ASSEMBLY_USAGE_OCCURRENCE( 'NAUO2', 'NAUO2', 'NAUO2', #263, #286, $ );
#286 = PRODUCT_DEFINITION( '6621xx145021_PIN', '6621xx145021_PIN', #757, #1 );
#287 = MANIFOLD_SOLID_BREP( '6621xx145021_PIN', #758 );
#290 = ITEM_DEFINED_TRANSFORMATION( '', '', #264, #267 );
#292 = NEXT_ASSEMBLY_USAGE_OCCURRENCE( 'NAUO3', 'NAUO3', 'NAUO3', #263, #286, $ );
#295 = ITEM_DEFINED_TRANSFORMATION( '', '', #264, #268 );
#297 = NEXT_ASSEMBLY_USAGE_OCCURRENCE( 'NAUO4', 'NAUO4', 'NAUO4', #263, #286, $ );
#298 = PRODUCT( '6621xx145021_MASSE', '6621xx145021_MASSE', 'PART-6621xx145021_MASSE-DESC', ( #724 ) );
#301 = ITEM_DEFINED_TRANSFORMATION( '', '', #264, #269 );
#303 = NEXT_ASSEMBLY_USAGE_OCCURRENCE( 'NAUO5', 'NAUO5', 'NAUO5', #263, #304, $ );
#304 = PRODUCT_DEFINITION( '6621xx145021_MASSE', '6621xx145021_MASSE', #759, #1 );
#305 = MANIFOLD_SOLID_BREP( '6621xx145021_MASSE', #760 );
#308 = ITEM_DEFINED_TRANSFORMATION( '', '', #264, #270 );
#310 = NEXT_ASSEMBLY_USAGE_OCCURRENCE( 'NAUO6', 'NAUO6', 'NAUO6', #263, #304, $ );
#311 = PRESENTATION_STYLE_ASSIGNMENT( ( #761 ) );
#312 = ADVANCED_FACE( '', ( #762 ), #763, .T. );
#313 = PRESENTATION_STYLE_ASSIGNMENT( ( #764 ) );
#314 = ADVANCED_FACE( '', ( #765 ), #766, .T. );
#315 = PRESENTATION_STYLE_ASSIGNMENT( ( #767 ) );
#316 = ADVANCED_FACE( '', ( #768 ), #769, .T. );
#317 = PRESENTATION_STYLE_ASSIGNMENT( ( #770 ) );
#318 = ADVANCED_FACE( '', ( #771 ), #772, .F. );
#319 = PRESENTATION_STYLE_ASSIGNMENT( ( #773 ) );
#320 = ADVANCED_FACE( '', ( #774 ), #775, .T. );
#321 = PRESENTATION_STYLE_ASSIGNMENT( ( #776 ) );
#322 = ADVANCED_FACE( '', ( #777 ), #778, .T. );
#323 = PRESENTATION_STYLE_ASSIGNMENT( ( #779 ) );
#324 = ADVANCED_FACE( '', ( #780 ), #781, .T. );
#325 = PRESENTATION_STYLE_ASSIGNMENT( ( #782 ) );
#326 = ADVANCED_FACE( '', ( #783 ), #784, .T. );
#327 = PRESENTATION_STYLE_ASSIGNMENT( ( #785 ) );
#328 = ADVANCED_FACE( '', ( #786, #787 ), #788, .F. );
#329 = PRESENTATION_STYLE_ASSIGNMENT( ( #789 ) );
#330 = ADVANCED_FACE( '', ( #790 ), #791, .T. );
#331 = PRESENTATION_STYLE_ASSIGNMENT( ( #792 ) );
#332 = ADVANCED_FACE( '', ( #793 ), #794, .T. );
#333 = PRESENTATION_STYLE_ASSIGNMENT( ( #795 ) );
#334 = ADVANCED_FACE( '', ( #796 ), #797, .F. );
#335 = PRESENTATION_STYLE_ASSIGNMENT( ( #798 ) );
#336 = ADVANCED_FACE( '', ( #799 ), #800, .F. );
#337 = PRESENTATION_STYLE_ASSIGNMENT( ( #801 ) );
#338 = ADVANCED_FACE( '', ( #802 ), #803, .T. );
#339 = PRESENTATION_STYLE_ASSIGNMENT( ( #804 ) );
#340 = ADVANCED_FACE( '', ( #805 ), #806, .T. );
#341 = PRESENTATION_STYLE_ASSIGNMENT( ( #807 ) );
#342 = ADVANCED_FACE( '', ( #808 ), #809, .T. );
#343 = PRESENTATION_STYLE_ASSIGNMENT( ( #810 ) );
#344 = ADVANCED_FACE( '', ( #811 ), #812, .T. );
#345 = PRESENTATION_STYLE_ASSIGNMENT( ( #813 ) );
#346 = ADVANCED_FACE( '', ( #814 ), #815, .T. );
#347 = PRESENTATION_STYLE_ASSIGNMENT( ( #816 ) );
#348 = ADVANCED_FACE( '', ( #817 ), #818, .T. );
#349 = PRESENTATION_STYLE_ASSIGNMENT( ( #819 ) );
#350 = ADVANCED_FACE( '', ( #820 ), #821, .T. );
#351 = PRESENTATION_STYLE_ASSIGNMENT( ( #822 ) );
#352 = ADVANCED_FACE( '', ( #823 ), #824, .T. );
#353 = PRESENTATION_STYLE_ASSIGNMENT( ( #825 ) );
#354 = ADVANCED_FACE( '', ( #826 ), #827, .T. );
#355 = PRESENTATION_STYLE_ASSIGNMENT( ( #828 ) );
#356 = ADVANCED_FACE( '', ( #829 ), #830, .T. );
#357 = PRESENTATION_STYLE_ASSIGNMENT( ( #831 ) );
#358 = ADVANCED_FACE( '', ( #832 ), #833, .F. );
#359 = PRESENTATION_STYLE_ASSIGNMENT( ( #834 ) );
#360 = ADVANCED_FACE( '', ( #835 ), #836, .T. );
#361 = PRESENTATION_STYLE_ASSIGNMENT( ( #837 ) );
#362 = ADVANCED_FACE( '', ( #838 ), #839, .T. );
#363 = PRESENTATION_STYLE_ASSIGNMENT( ( #840 ) );
#364 = ADVANCED_FACE( '', ( #841 ), #842, .T. );
#365 = PRESENTATION_STYLE_ASSIGNMENT( ( #843 ) );
#366 = ADVANCED_FACE( '', ( #844 ), #845, .F. );
#367 = PRESENTATION_STYLE_ASSIGNMENT( ( #846 ) );
#368 = ADVANCED_FACE( '', ( #847 ), #848, .T. );
#369 = PRESENTATION_STYLE_ASSIGNMENT( ( #849 ) );
#370 = ADVANCED_FACE( '', ( #850 ), #851, .F. );
#371 = PRESENTATION_STYLE_ASSIGNMENT( ( #852 ) );
#372 = ADVANCED_FACE( '', ( #853 ), #854, .T. );
#373 = PRESENTATION_STYLE_ASSIGNMENT( ( #855 ) );
#374 = ADVANCED_FACE( '', ( #856 ), #857, .F. );
#375 = PRESENTATION_STYLE_ASSIGNMENT( ( #858 ) );
#376 = ADVANCED_FACE( '', ( #859 ), #860, .T. );
#377 = PRESENTATION_STYLE_ASSIGNMENT( ( #861 ) );
#378 = ADVANCED_FACE( '', ( #862, #863 ), #864, .F. );
#379 = PRESENTATION_STYLE_ASSIGNMENT( ( #865 ) );
#380 = ADVANCED_FACE( '', ( #866 ), #867, .T. );
#381 = PRESENTATION_STYLE_ASSIGNMENT( ( #868 ) );
#382 = ADVANCED_FACE( '', ( #869 ), #870, .T. );
#383 = PRESENTATION_STYLE_ASSIGNMENT( ( #871 ) );
#384 = ADVANCED_FACE( '', ( #872 ), #873, .T. );
#385 = PRESENTATION_STYLE_ASSIGNMENT( ( #874 ) );
#386 = ADVANCED_FACE( '', ( #875 ), #876, .T. );
#387 = PRESENTATION_STYLE_ASSIGNMENT( ( #877 ) );
#388 = ADVANCED_FACE( '', ( #878 ), #879, .T. );
#389 = PRESENTATION_STYLE_ASSIGNMENT( ( #880 ) );
#390 = ADVANCED_FACE( '', ( #881 ), #882, .F. );
#391 = PRESENTATION_STYLE_ASSIGNMENT( ( #883 ) );
#392 = ADVANCED_FACE( '', ( #884 ), #885, .T. );
#393 = PRESENTATION_STYLE_ASSIGNMENT( ( #886 ) );
#394 = ADVANCED_FACE( '', ( #887, #888, #889, #890 ), #891, .T. );
#395 = PRESENTATION_STYLE_ASSIGNMENT( ( #892 ) );
#396 = ADVANCED_FACE( '', ( #893 ), #894, .T. );
#397 = PRESENTATION_STYLE_ASSIGNMENT( ( #895 ) );
#398 = ADVANCED_FACE( '', ( #896, #897 ), #898, .F. );
#399 = PRESENTATION_STYLE_ASSIGNMENT( ( #899 ) );
#400 = ADVANCED_FACE( '', ( #900 ), #901, .T. );
#401 = PRESENTATION_STYLE_ASSIGNMENT( ( #902 ) );
#402 = ADVANCED_FACE( '', ( #903 ), #904, .T. );
#403 = PRESENTATION_STYLE_ASSIGNMENT( ( #905 ) );
#404 = ADVANCED_FACE( '', ( #906 ), #907, .T. );
#405 = PRESENTATION_STYLE_ASSIGNMENT( ( #908 ) );
#406 = ADVANCED_FACE( '', ( #909 ), #910, .T. );
#407 = PRESENTATION_STYLE_ASSIGNMENT( ( #911 ) );
#408 = ADVANCED_FACE( '', ( #912 ), #913, .T. );
#409 = PRESENTATION_STYLE_ASSIGNMENT( ( #914 ) );
#410 = ADVANCED_FACE( '', ( #915 ), #916, .T. );
#411 = PRESENTATION_STYLE_ASSIGNMENT( ( #917 ) );
#412 = ADVANCED_FACE( '', ( #918 ), #919, .T. );
#413 = PRESENTATION_STYLE_ASSIGNMENT( ( #920 ) );
#414 = ADVANCED_FACE( '', ( #921 ), #922, .F. );
#415 = PRESENTATION_STYLE_ASSIGNMENT( ( #923 ) );
#416 = ADVANCED_FACE( '', ( #924 ), #925, .F. );
#417 = PRESENTATION_STYLE_ASSIGNMENT( ( #926 ) );
#418 = ADVANCED_FACE( '', ( #927, #928 ), #929, .F. );
#419 = PRESENTATION_STYLE_ASSIGNMENT( ( #930 ) );
#420 = ADVANCED_FACE( '', ( #931 ), #932, .T. );
#421 = PRESENTATION_STYLE_ASSIGNMENT( ( #933 ) );
#422 = ADVANCED_FACE( '', ( #934, #935 ), #936, .T. );
#423 = PRESENTATION_STYLE_ASSIGNMENT( ( #937 ) );
#424 = ADVANCED_FACE( '', ( #938 ), #939, .T. );
#425 = PRESENTATION_STYLE_ASSIGNMENT( ( #940 ) );
#426 = ADVANCED_FACE( '', ( #941 ), #942, .T. );
#427 = PRESENTATION_STYLE_ASSIGNMENT( ( #943 ) );
#428 = ADVANCED_FACE( '', ( #944 ), #945, .T. );
#429 = PRESENTATION_STYLE_ASSIGNMENT( ( #946 ) );
#430 = ADVANCED_FACE( '', ( #947 ), #948, .T. );
#431 = PRESENTATION_STYLE_ASSIGNMENT( ( #949 ) );
#432 = ADVANCED_FACE( '', ( #950 ), #951, .T. );
#433 = PRESENTATION_STYLE_ASSIGNMENT( ( #952 ) );
#434 = ADVANCED_FACE( '', ( #953 ), #954, .T. );
#435 = PRESENTATION_STYLE_ASSIGNMENT( ( #955 ) );
#436 = ADVANCED_FACE( '', ( #956 ), #957, .F. );
#437 = PRESENTATION_STYLE_ASSIGNMENT( ( #958 ) );
#438 = ADVANCED_FACE( '', ( #959 ), #960, .T. );
#439 = PRESENTATION_STYLE_ASSIGNMENT( ( #961 ) );
#440 = ADVANCED_FACE( '', ( #962 ), #963, .F. );
#441 = PRESENTATION_STYLE_ASSIGNMENT( ( #964 ) );
#442 = ADVANCED_FACE( '', ( #965 ), #966, .T. );
#443 = PRESENTATION_STYLE_ASSIGNMENT( ( #967 ) );
#444 = ADVANCED_FACE( '', ( #968 ), #969, .T. );
#445 = PRESENTATION_STYLE_ASSIGNMENT( ( #970 ) );
#446 = ADVANCED_FACE( '', ( #971 ), #972, .F. );
#447 = PRESENTATION_STYLE_ASSIGNMENT( ( #973 ) );
#448 = ADVANCED_FACE( '', ( #974 ), #975, .F. );
#449 = PRESENTATION_STYLE_ASSIGNMENT( ( #976 ) );
#450 = ADVANCED_FACE( '', ( #977 ), #978, .T. );
#451 = PRESENTATION_STYLE_ASSIGNMENT( ( #979 ) );
#452 = ADVANCED_FACE( '', ( #980 ), #981, .F. );
#453 = PRESENTATION_STYLE_ASSIGNMENT( ( #982 ) );
#454 = ADVANCED_FACE( '', ( #983 ), #984, .F. );
#455 = PRESENTATION_STYLE_ASSIGNMENT( ( #985 ) );
#456 = ADVANCED_FACE( '', ( #986 ), #987, .T. );
#457 = PRESENTATION_STYLE_ASSIGNMENT( ( #988 ) );
#458 = ADVANCED_FACE( '', ( #989, #990 ), #991, .F. );
#459 = PRESENTATION_STYLE_ASSIGNMENT( ( #992 ) );
#460 = ADVANCED_FACE( '', ( #993 ), #994, .T. );
#461 = PRESENTATION_STYLE_ASSIGNMENT( ( #995 ) );
#462 = ADVANCED_FACE( '', ( #996 ), #997, .T. );
#463 = PRESENTATION_STYLE_ASSIGNMENT( ( #998 ) );
#464 = ADVANCED_FACE( '', ( #999, #1000, #1001 ), #1002, .T. );
#465 = PRESENTATION_STYLE_ASSIGNMENT( ( #1003 ) );
#466 = ADVANCED_FACE( '', ( #1004 ), #1005, .T. );
#467 = PRESENTATION_STYLE_ASSIGNMENT( ( #1006 ) );
#468 = ADVANCED_FACE( '', ( #1007 ), #1008, .F. );
#469 = PRESENTATION_STYLE_ASSIGNMENT( ( #1009 ) );
#470 = ADVANCED_FACE( '', ( #1010 ), #1011, .F. );
#471 = PRESENTATION_STYLE_ASSIGNMENT( ( #1012 ) );
#472 = ADVANCED_FACE( '', ( #1013 ), #1014, .T. );
#473 = PRESENTATION_STYLE_ASSIGNMENT( ( #1015 ) );
#474 = ADVANCED_FACE( '', ( #1016 ), #1017, .T. );
#475 = PRESENTATION_STYLE_ASSIGNMENT( ( #1018 ) );
#476 = ADVANCED_FACE( '', ( #1019 ), #1020, .T. );
#477 = PRESENTATION_STYLE_ASSIGNMENT( ( #1021 ) );
#478 = ADVANCED_FACE( '', ( #1022 ), #1023, .F. );
#479 = PRESENTATION_STYLE_ASSIGNMENT( ( #1024 ) );
#480 = ADVANCED_FACE( '', ( #1025 ), #1026, .T. );
#481 = PRESENTATION_STYLE_ASSIGNMENT( ( #1027 ) );
#482 = ADVANCED_FACE( '', ( #1028 ), #1029, .T. );
#483 = PRESENTATION_STYLE_ASSIGNMENT( ( #1030 ) );
#484 = ADVANCED_FACE( '', ( #1031 ), #1032, .T. );
#485 = PRESENTATION_STYLE_ASSIGNMENT( ( #1033 ) );
#486 = ADVANCED_FACE( '', ( #1034 ), #1035, .T. );
#487 = PRESENTATION_STYLE_ASSIGNMENT( ( #1036 ) );
#488 = ADVANCED_FACE( '', ( #1037 ), #1038, .T. );
#489 = PRESENTATION_STYLE_ASSIGNMENT( ( #1039 ) );
#490 = ADVANCED_FACE( '', ( #1040 ), #1041, .F. );
#491 = PRESENTATION_STYLE_ASSIGNMENT( ( #1042 ) );
#492 = ADVANCED_FACE( '', ( #1043 ), #1044, .T. );
#493 = PRESENTATION_STYLE_ASSIGNMENT( ( #1045 ) );
#494 = ADVANCED_FACE( '', ( #1046 ), #1047, .T. );
#495 = PRESENTATION_STYLE_ASSIGNMENT( ( #1048 ) );
#496 = ADVANCED_FACE( '', ( #1049 ), #1050, .T. );
#497 = PRESENTATION_STYLE_ASSIGNMENT( ( #1051 ) );
#498 = ADVANCED_FACE( '', ( #1052 ), #1053, .T. );
#499 = PRESENTATION_STYLE_ASSIGNMENT( ( #1054 ) );
#500 = ADVANCED_FACE( '', ( #1055 ), #1056, .T. );
#501 = PRESENTATION_STYLE_ASSIGNMENT( ( #1057 ) );
#502 = ADVANCED_FACE( '', ( #1058 ), #1059, .T. );
#503 = PRESENTATION_STYLE_ASSIGNMENT( ( #1060 ) );
#504 = ADVANCED_FACE( '', ( #1061 ), #1062, .T. );
#505 = PRESENTATION_STYLE_ASSIGNMENT( ( #1063 ) );
#506 = ADVANCED_FACE( '', ( #1064 ), #1065, .T. );
#507 = PRESENTATION_STYLE_ASSIGNMENT( ( #1066 ) );
#508 = ADVANCED_FACE( '', ( #1067 ), #1068, .T. );
#509 = PRESENTATION_STYLE_ASSIGNMENT( ( #1069 ) );
#510 = ADVANCED_FACE( '', ( #1070 ), #1071, .T. );
#511 = PRESENTATION_STYLE_ASSIGNMENT( ( #1072 ) );
#512 = ADVANCED_FACE( '', ( #1073 ), #1074, .F. );
#513 = PRESENTATION_STYLE_ASSIGNMENT( ( #1075 ) );
#514 = ADVANCED_FACE( '', ( #1076 ), #1077, .T. );
#515 = PRESENTATION_STYLE_ASSIGNMENT( ( #1078 ) );
#516 = ADVANCED_FACE( '', ( #1079 ), #1080, .F. );
#517 = PRESENTATION_STYLE_ASSIGNMENT( ( #1081 ) );
#518 = ADVANCED_FACE( '', ( #1082 ), #1083, .T. );
#519 = PRESENTATION_STYLE_ASSIGNMENT( ( #1084 ) );
#520 = ADVANCED_FACE( '', ( #1085 ), #1086, .T. );
#521 = PRESENTATION_STYLE_ASSIGNMENT( ( #1087 ) );
#522 = ADVANCED_FACE( '', ( #1088 ), #1089, .T. );
#523 = PRESENTATION_STYLE_ASSIGNMENT( ( #1090 ) );
#524 = ADVANCED_FACE( '', ( #1091 ), #1092, .T. );
#525 = PRESENTATION_STYLE_ASSIGNMENT( ( #1093 ) );
#526 = ADVANCED_FACE( '', ( #1094 ), #1095, .F. );
#527 = PRESENTATION_STYLE_ASSIGNMENT( ( #1096 ) );
#528 = ADVANCED_FACE( '', ( #1097 ), #1098, .T. );
#529 = PRESENTATION_STYLE_ASSIGNMENT( ( #1099 ) );
#530 = ADVANCED_FACE( '', ( #1100 ), #1101, .T. );
#531 = PRESENTATION_STYLE_ASSIGNMENT( ( #1102 ) );
#532 = ADVANCED_FACE( '', ( #1103 ), #1104, .T. );
#533 = PRESENTATION_STYLE_ASSIGNMENT( ( #1105 ) );
#534 = ADVANCED_FACE( '', ( #1106 ), #1107, .T. );
#535 = PRESENTATION_STYLE_ASSIGNMENT( ( #1108 ) );
#536 = ADVANCED_FACE( '', ( #1109 ), #1110, .T. );
#537 = PRESENTATION_STYLE_ASSIGNMENT( ( #1111 ) );
#538 = ADVANCED_FACE( '', ( #1112 ), #1113, .F. );
#539 = PRESENTATION_STYLE_ASSIGNMENT( ( #1114 ) );
#540 = ADVANCED_FACE( '', ( #1115 ), #1116, .T. );
#541 = PRESENTATION_STYLE_ASSIGNMENT( ( #1117 ) );
#542 = ADVANCED_FACE( '', ( #1118 ), #1119, .T. );
#543 = PRESENTATION_STYLE_ASSIGNMENT( ( #1120 ) );
#544 = ADVANCED_FACE( '', ( #1121 ), #1122, .T. );
#545 = PRESENTATION_STYLE_ASSIGNMENT( ( #1123 ) );
#546 = ADVANCED_FACE( '', ( #1124 ), #1125, .T. );
#547 = PRESENTATION_STYLE_ASSIGNMENT( ( #1126 ) );
#548 = ADVANCED_FACE( '', ( #1127 ), #1128, .T. );
#549 = PRESENTATION_STYLE_ASSIGNMENT( ( #1129 ) );
#550 = ADVANCED_FACE( '', ( #1130 ), #1131, .T. );
#551 = PRESENTATION_STYLE_ASSIGNMENT( ( #1132 ) );
#552 = ADVANCED_FACE( '', ( #1133 ), #1134, .T. );
#553 = PRESENTATION_STYLE_ASSIGNMENT( ( #1135 ) );
#554 = ADVANCED_FACE( '', ( #1136 ), #1137, .T. );
#555 = PRESENTATION_STYLE_ASSIGNMENT( ( #1138 ) );
#556 = ADVANCED_FACE( '', ( #1139 ), #1140, .T. );
#557 = PRESENTATION_STYLE_ASSIGNMENT( ( #1141 ) );
#558 = ADVANCED_FACE( '', ( #1142 ), #1143, .T. );
#559 = PRESENTATION_STYLE_ASSIGNMENT( ( #1144 ) );
#560 = ADVANCED_FACE( '', ( #1145, #1146 ), #1147, .T. );
#561 = PRESENTATION_STYLE_ASSIGNMENT( ( #1148 ) );
#562 = ADVANCED_FACE( '', ( #1149 ), #1150, .T. );
#563 = PRESENTATION_STYLE_ASSIGNMENT( ( #1151 ) );
#564 = ADVANCED_FACE( '', ( #1152 ), #1153, .F. );
#565 = PRESENTATION_STYLE_ASSIGNMENT( ( #1154 ) );
#566 = ADVANCED_FACE( '', ( #1155 ), #1156, .F. );
#567 = PRESENTATION_STYLE_ASSIGNMENT( ( #1157 ) );
#568 = ADVANCED_FACE( '', ( #1158 ), #1159, .T. );
#569 = PRESENTATION_STYLE_ASSIGNMENT( ( #1160 ) );
#570 = ADVANCED_FACE( '', ( #1161 ), #1162, .T. );
#571 = PRESENTATION_STYLE_ASSIGNMENT( ( #1163 ) );
#572 = ADVANCED_FACE( '', ( #1164 ), #1165, .T. );
#573 = PRESENTATION_STYLE_ASSIGNMENT( ( #1166 ) );
#574 = ADVANCED_FACE( '', ( #1167 ), #1168, .T. );
#575 = PRESENTATION_STYLE_ASSIGNMENT( ( #1169 ) );
#576 = ADVANCED_FACE( '', ( #1170 ), #1171, .T. );
#577 = PRESENTATION_STYLE_ASSIGNMENT( ( #1172 ) );
#578 = ADVANCED_FACE( '', ( #1173 ), #1174, .T. );
#579 = PRESENTATION_STYLE_ASSIGNMENT( ( #1175 ) );
#580 = ADVANCED_FACE( '', ( #1176 ), #1177, .T. );
#581 = PRESENTATION_STYLE_ASSIGNMENT( ( #1178 ) );
#582 = ADVANCED_FACE( '', ( #1179 ), #1180, .T. );
#583 = PRESENTATION_STYLE_ASSIGNMENT( ( #1181 ) );
#584 = ADVANCED_FACE( '', ( #1182 ), #1183, .T. );
#585 = PRESENTATION_STYLE_ASSIGNMENT( ( #1184 ) );
#586 = ADVANCED_FACE( '', ( #1185 ), #1186, .T. );
#587 = PRESENTATION_STYLE_ASSIGNMENT( ( #1187 ) );
#588 = ADVANCED_FACE( '', ( #1188 ), #1189, .T. );
#589 = PRESENTATION_STYLE_ASSIGNMENT( ( #1190 ) );
#590 = ADVANCED_FACE( '', ( #1191 ), #1192, .T. );
#591 = PRESENTATION_STYLE_ASSIGNMENT( ( #1193 ) );
#592 = ADVANCED_FACE( '', ( #1194 ), #1195, .F. );
#593 = PRESENTATION_STYLE_ASSIGNMENT( ( #1196 ) );
#594 = ADVANCED_FACE( '', ( #1197 ), #1198, .T. );
#595 = PRESENTATION_STYLE_ASSIGNMENT( ( #1199 ) );
#596 = ADVANCED_FACE( '', ( #1200 ), #1201, .T. );
#597 = PRESENTATION_STYLE_ASSIGNMENT( ( #1202 ) );
#598 = ADVANCED_FACE( '', ( #1203 ), #1204, .T. );
#599 = PRESENTATION_STYLE_ASSIGNMENT( ( #1205 ) );
#600 = ADVANCED_FACE( '', ( #1206 ), #1207, .T. );
#601 = PRESENTATION_STYLE_ASSIGNMENT( ( #1208 ) );
#602 = ADVANCED_FACE( '', ( #1209 ), #1210, .T. );
#603 = PRESENTATION_STYLE_ASSIGNMENT( ( #1211 ) );
#604 = ADVANCED_FACE( '', ( #1212 ), #1213, .T. );
#605 = PRESENTATION_STYLE_ASSIGNMENT( ( #1214 ) );
#606 = ADVANCED_FACE( '', ( #1215 ), #1216, .T. );
#607 = PRESENTATION_STYLE_ASSIGNMENT( ( #1217 ) );
#608 = ADVANCED_FACE( '', ( #1218 ), #1219, .T. );
#609 = PRESENTATION_STYLE_ASSIGNMENT( ( #1220 ) );
#610 = ADVANCED_FACE( '', ( #1221 ), #1222, .F. );
#611 = PRESENTATION_STYLE_ASSIGNMENT( ( #1223 ) );
#612 = ADVANCED_FACE( '', ( #1224 ), #1225, .T. );
#613 = PRESENTATION_STYLE_ASSIGNMENT( ( #1226 ) );
#614 = ADVANCED_FACE( '', ( #1227 ), #1228, .T. );
#615 = PRESENTATION_STYLE_ASSIGNMENT( ( #1229 ) );
#616 = ADVANCED_FACE( '', ( #1230 ), #1231, .T. );
#617 = PRESENTATION_STYLE_ASSIGNMENT( ( #1232 ) );
#618 = ADVANCED_FACE( '', ( #1233 ), #1234, .T. );
#619 = PRESENTATION_STYLE_ASSIGNMENT( ( #1235 ) );
#620 = ADVANCED_FACE( '', ( #1236 ), #1237, .T. );
#621 = PRESENTATION_STYLE_ASSIGNMENT( ( #1238 ) );
#622 = ADVANCED_FACE( '', ( #1239 ), #1240, .F. );
#623 = PRESENTATION_STYLE_ASSIGNMENT( ( #1241 ) );
#624 = ADVANCED_FACE( '', ( #1242 ), #1243, .T. );
#625 = PRESENTATION_STYLE_ASSIGNMENT( ( #1244 ) );
#626 = ADVANCED_FACE( '', ( #1245 ), #1246, .F. );
#627 = PRESENTATION_STYLE_ASSIGNMENT( ( #1247 ) );
#628 = ADVANCED_FACE( '', ( #1248 ), #1249, .T. );
#629 = PRESENTATION_STYLE_ASSIGNMENT( ( #1250 ) );
#630 = ADVANCED_FACE( '', ( #1251 ), #1252, .F. );
#631 = PRESENTATION_STYLE_ASSIGNMENT( ( #1253 ) );
#632 = ADVANCED_FACE( '', ( #1254 ), #1255, .T. );
#633 = PRESENTATION_STYLE_ASSIGNMENT( ( #1256 ) );
#634 = ADVANCED_FACE( '', ( #1257 ), #1258, .T. );
#635 = PRESENTATION_STYLE_ASSIGNMENT( ( #1259 ) );
#636 = ADVANCED_FACE( '', ( #1260 ), #1261, .T. );
#637 = PRESENTATION_STYLE_ASSIGNMENT( ( #1262 ) );
#638 = ADVANCED_FACE( '', ( #1263 ), #1264, .T. );
#639 = PRESENTATION_STYLE_ASSIGNMENT( ( #1265 ) );
#640 = ADVANCED_FACE( '', ( #1266 ), #1267, .T. );
#641 = PRESENTATION_STYLE_ASSIGNMENT( ( #1268 ) );
#642 = ADVANCED_FACE( '', ( #1269 ), #1270, .T. );
#643 = PRESENTATION_STYLE_ASSIGNMENT( ( #1271 ) );
#644 = ADVANCED_FACE( '', ( #1272 ), #1273, .F. );
#645 = PRESENTATION_STYLE_ASSIGNMENT( ( #1274 ) );
#646 = ADVANCED_FACE( '', ( #1275 ), #1276, .T. );
#647 = PRESENTATION_STYLE_ASSIGNMENT( ( #1277 ) );
#648 = ADVANCED_FACE( '', ( #1278 ), #1279, .F. );
#649 = PRESENTATION_STYLE_ASSIGNMENT( ( #1280 ) );
#650 = ADVANCED_FACE( '', ( #1281 ), #1282, .T. );
#651 = PRESENTATION_STYLE_ASSIGNMENT( ( #1283 ) );
#652 = ADVANCED_FACE( '', ( #1284 ), #1285, .T. );
#653 = PRESENTATION_STYLE_ASSIGNMENT( ( #1286 ) );
#654 = ADVANCED_FACE( '', ( #1287 ), #1288, .T. );
#655 = PRESENTATION_STYLE_ASSIGNMENT( ( #1289 ) );
#656 = ADVANCED_FACE( '', ( #1290 ), #1291, .T. );
#657 = PRESENTATION_STYLE_ASSIGNMENT( ( #1292 ) );
#658 = ADVANCED_FACE( '', ( #1293 ), #1294, .T. );
#659 = PRESENTATION_STYLE_ASSIGNMENT( ( #1295 ) );
#660 = ADVANCED_FACE( '', ( #1296 ), #1297, .T. );
#661 = PRESENTATION_STYLE_ASSIGNMENT( ( #1298 ) );
#662 = ADVANCED_FACE( '', ( #1299 ), #1300, .T. );
#663 = PRESENTATION_STYLE_ASSIGNMENT( ( #1301 ) );
#664 = ADVANCED_FACE( '', ( #1302 ), #1303, .T. );
#665 = PRESENTATION_STYLE_ASSIGNMENT( ( #1304 ) );
#666 = ADVANCED_FACE( '', ( #1305 ), #1306, .T. );
#667 = PRESENTATION_STYLE_ASSIGNMENT( ( #1307 ) );
#668 = ADVANCED_FACE( '', ( #1308 ), #1309, .T. );
#669 = PRESENTATION_STYLE_ASSIGNMENT( ( #1310 ) );
#670 = ADVANCED_FACE( '', ( #1311 ), #1312, .T. );
#671 = PRESENTATION_STYLE_ASSIGNMENT( ( #1313 ) );
#672 = ADVANCED_FACE( '', ( #1314 ), #1315, .F. );
#673 = PRESENTATION_STYLE_ASSIGNMENT( ( #1316 ) );
#674 = ADVANCED_FACE( '', ( #1317 ), #1318, .T. );
#675 = PRESENTATION_STYLE_ASSIGNMENT( ( #1319 ) );
#676 = ADVANCED_FACE( '', ( #1320 ), #1321, .F. );
#677 = PRESENTATION_STYLE_ASSIGNMENT( ( #1322 ) );
#678 = ADVANCED_FACE( '', ( #1323 ), #1324, .T. );
#679 = PRESENTATION_STYLE_ASSIGNMENT( ( #1325 ) );
#680 = ADVANCED_FACE( '', ( #1326 ), #1327, .T. );
#681 = PRESENTATION_STYLE_ASSIGNMENT( ( #1328 ) );
#682 = ADVANCED_FACE( '', ( #1329 ), #1330, .F. );
#683 = PRESENTATION_STYLE_ASSIGNMENT( ( #1331 ) );
#684 = ADVANCED_FACE( '', ( #1332 ), #1333, .T. );
#685 = PRESENTATION_STYLE_ASSIGNMENT( ( #1334 ) );
#686 = ADVANCED_FACE( '', ( #1335 ), #1336, .F. );
#687 = PRESENTATION_STYLE_ASSIGNMENT( ( #1337 ) );
#688 = ADVANCED_FACE( '', ( #1338 ), #1339, .T. );
#689 = PRESENTATION_STYLE_ASSIGNMENT( ( #1340 ) );
#690 = ADVANCED_FACE( '', ( #1341 ), #1342, .T. );
#691 = PRESENTATION_STYLE_ASSIGNMENT( ( #1343 ) );
#692 = ADVANCED_FACE( '', ( #1344 ), #1345, .T. );
#693 = PRESENTATION_STYLE_ASSIGNMENT( ( #1346 ) );
#694 = ADVANCED_FACE( '', ( #1347 ), #1348, .T. );
#695 = PRESENTATION_STYLE_ASSIGNMENT( ( #1349 ) );
#696 = ADVANCED_FACE( '', ( #1350 ), #1351, .F. );
#697 = PRESENTATION_STYLE_ASSIGNMENT( ( #1352 ) );
#698 = ADVANCED_FACE( '', ( #1353 ), #1354, .F. );
#699 = PRESENTATION_STYLE_ASSIGNMENT( ( #1355 ) );
#700 = ADVANCED_FACE( '', ( #1356 ), #1357, .T. );
#701 = PRESENTATION_STYLE_ASSIGNMENT( ( #1358 ) );
#702 = ADVANCED_FACE( '', ( #1359 ), #1360, .T. );
#703 = PRESENTATION_STYLE_ASSIGNMENT( ( #1361 ) );
#704 = ADVANCED_FACE( '', ( #1362 ), #1363, .T. );
#705 = PRESENTATION_STYLE_ASSIGNMENT( ( #1364 ) );
#706 = ADVANCED_FACE( '', ( #1365 ), #1366, .F. );
#707 = PRESENTATION_STYLE_ASSIGNMENT( ( #1367 ) );
#708 = ADVANCED_FACE( '', ( #1368 ), #1369, .T. );
#709 = PRESENTATION_STYLE_ASSIGNMENT( ( #1370 ) );
#710 = ADVANCED_FACE( '', ( #1371 ), #1372, .T. );
#713 = LENGTH_MEASURE_WITH_UNIT( LENGTH_MEASURE( 1.00000000000000 ), #1373 );
#716 = DIMENSIONAL_EXPONENTS( 1.00000000000000, 0.000000000000000, 0.000000000000000, 0.000000000000000, 0.000000000000000, 0.000000000000000, 0.000000000000000 );
#718 = DIMENSIONAL_EXPONENTS( 0.000000000000000, 0.000000000000000, 0.000000000000000, 0.000000000000000, 0.000000000000000, 0.000000000000000, 0.000000000000000 );
#724 = PRODUCT_CONTEXT( '', #25, 'mechanical' );
#725 = PRODUCT_DEFINITION_FORMATION_WITH_SPECIFIED_SOURCE( ' ', 'NONE', #262, .NOT_KNOWN. );
#726 = CARTESIAN_POINT( '', ( 0.000000000000000, 0.000000000000000, 0.000000000000000 ) );
#727 = DIRECTION( '', ( 0.000000000000000, 0.000000000000000, 1.00000000000000 ) );
#728 = DIRECTION( '', ( 1.00000000000000, 0.000000000000000, 0.000000000000000 ) );
#729 = CARTESIAN_POINT( '', ( 0.000000000000000, 0.000000000000000, 0.000000000000000 ) );
#730 = DIRECTION( '', ( 0.000000000000000, 0.000000000000000, 1.00000000000000 ) );
#731 = DIRECTION( '', ( 1.00000000000000, 0.000000000000000, 0.000000000000000 ) );
#732 = CARTESIAN_POINT( '', ( -3.00000000000000, 3.61000000000000, 0.320000000000000 ) );
#733 = DIRECTION( '', ( 0.000000000000000, 0.000000000000000, 1.00000000000000 ) );
#734 = DIRECTION( '', ( 1.00000000000000, 0.000000000000000, 0.000000000000000 ) );
#735 = CARTESIAN_POINT( '', ( 8.67361737988404E-016, 3.61000000000000, 0.320000000000000 ) );
#736 = DIRECTION( '', ( 0.000000000000000, 0.000000000000000, 1.00000000000000 ) );
#737 = DIRECTION( '', ( 1.00000000000000, 0.000000000000000, 0.000000000000000 ) );
#738 = CARTESIAN_POINT( '', ( 3.00000000000000, 3.61000000000000, 0.320000000000000 ) );
#739 = DIRECTION( '', ( 0.000000000000000, 0.000000000000000, 1.00000000000000 ) );
#740 = DIRECTION( '', ( 1.00000000000000, 0.000000000000000, 0.000000000000000 ) );
#741 = CARTESIAN_POINT( '', ( 5.22000000000000, -0.349999999999995, 0.335000000000000 ) );
#742 = DIRECTION( '', ( 0.000000000000000, 0.000000000000000, 1.00000000000000 ) );
#743 = DIRECTION( '', ( 1.00000000000000, 0.000000000000000, 0.000000000000000 ) );
#744 = CARTESIAN_POINT( '', ( -5.21578643762691, -0.349999999999993, 0.335000000000006 ) );
#745 = DIRECTION( '', ( -3.19862795362112E-016, -2.60208521396518E-016, 1.00000000000000 ) );
#746 = DIRECTION( '', ( -1.00000000000000, 7.45931094670017E-016, -3.19862795362112E-016 ) );
#749 = UNCERTAINTY_MEASURE_WITH_UNIT( LENGTH_MEASURE( 0.00100000000000000 ), #751, '', '' );
#751 =  ( CONVERSION_BASED_UNIT( 'MILLIMETRE', #1376 )LENGTH_UNIT(  )NAMED_UNIT( #1379 ) );
#752 =  ( NAMED_UNIT( #1381 )PLANE_ANGLE_UNIT(  )SI_UNIT( $, .RADIAN. ) );
#753 =  ( NAMED_UNIT( #1381 )SI_UNIT( $, .STERADIAN. )SOLID_ANGLE_UNIT(  ) );
#755 = PRODUCT_DEFINITION_FORMATION_WITH_SPECIFIED_SOURCE( ' ', 'NONE', #272, .NOT_KNOWN. );
#756 = CLOSED_SHELL( '', ( #598, #430, #514, #706, #530, #624, #356, #496, #436, #368, #314, #708, #312, #364, #636, #586, #504, #464, #502, #588, #406, #412, #562, #560, #532, #472, #432, #484, #470, #674, #592, #552, #694, #534, #554, #690, #564, #648, #520, #440, #366, #414, #626, #326, #630, #686, #538, #394, #334, #510, #336, #692, #358, #396, #590, #650, #478, #322, #500, #704, #696, #416, #710, #492, #374, #656, #652, #508, #644, #420, #584, #476, #360, #522, #480, #572, #542, #494, #618, #398, #668, #608, #506, #654, #376, #664, #486, #536, #632, #392, #482, #594, #574, #566, #672, #570, #378, #638, #338, #400, #388, #628, #546, #402, #578, #490, #516, #576, #442, #544, #518, #678, #568, #328, #382, #526, #524, #330, #332, #446, #602, #362, #340, #550, #662, #460, #680, #448, #450, #596, #658, #666, #468, #676, #512, #670, #462, #386, #600, #698, #682, #452, #474, #488, #620, #342, #466, #642, #684, #316, #556, #344, #384, #424 ) );
#757 = PRODUCT_DEFINITION_FORMATION_WITH_SPECIFIED_SOURCE( ' ', 'NONE', #280, .NOT_KNOWN. );
#758 = CLOSED_SHELL( '', ( #404, #580, #438, #350, #454, #622, #346, #318, #390, #380, #348, #352, #528, #660, #604, #634, #548, #688, #354, #444, #700, #408, #410, #640, #498 ) );
#759 = PRODUCT_DEFINITION_FORMATION_WITH_SPECIFIED_SOURCE( ' ', 'NONE', #298, .NOT_KNOWN. );
#760 = CLOSED_SHELL( '', ( #606, #320, #610, #540, #558, #418, #370, #582, #612, #456, #422, #372, #646, #616, #434, #428, #324, #426, #702, #614, #458 ) );
#761 = SURFACE_STYLE_USAGE( .BOTH., #1387 );
#762 = FACE_OUTER_BOUND( '', #1388, .T. );
#763 = PLANE( '', #1389 );
#764 = SURFACE_STYLE_USAGE( .BOTH., #1390 );
#765 = FACE_OUTER_BOUND( '', #1391, .T. );
#766 = PLANE( '', #1392 );
#767 = SURFACE_STYLE_USAGE( .BOTH., #1393 );
#768 = FACE_OUTER_BOUND( '', #1394, .T. );
#769 = PLANE( '', #1395 );
#770 = SURFACE_STYLE_USAGE( .BOTH., #1396 );
#771 = FACE_OUTER_BOUND( '', #1397, .T. );
#772 = PLANE( '', #1398 );
#773 = SURFACE_STYLE_USAGE( .BOTH., #1399 );
#774 = FACE_OUTER_BOUND( '', #1400, .T. );
#775 = CYLINDRICAL_SURFACE( '', #1401, 0.290000000000000 );
#776 = SURFACE_STYLE_USAGE( .BOTH., #1402 );
#777 = FACE_OUTER_BOUND( '', #1403, .T. );
#778 = PLANE( '', #1404 );
#779 = SURFACE_STYLE_USAGE( .BOTH., #1405 );
#780 = FACE_OUTER_BOUND( '', #1406, .T. );
#781 = CYLINDRICAL_SURFACE( '', #1407, 0.290000000000000 );
#782 = SURFACE_STYLE_USAGE( .BOTH., #1408 );
#783 = FACE_OUTER_BOUND( '', #1409, .T. );
#784 = PLANE( '', #1410 );
#785 = SURFACE_STYLE_USAGE( .BOTH., #1411 );
#786 = FACE_OUTER_BOUND( '', #1412, .T. );
#787 = FACE_BOUND( '', #1413, .T. );
#788 = PLANE( '', #1414 );
#789 = SURFACE_STYLE_USAGE( .BOTH., #1415 );
#790 = FACE_OUTER_BOUND( '', #1416, .T. );
#791 = PLANE( '', #1417 );
#792 = SURFACE_STYLE_USAGE( .BOTH., #1418 );
#793 = FACE_OUTER_BOUND( '', #1419, .T. );
#794 = PLANE( '', #1420 );
#795 = SURFACE_STYLE_USAGE( .BOTH., #1421 );
#796 = FACE_OUTER_BOUND( '', #1422, .T. );
#797 = PLANE( '', #1423 );
#798 = SURFACE_STYLE_USAGE( .BOTH., #1424 );
#799 = FACE_OUTER_BOUND( '', #1425, .T. );
#800 = PLANE( '', #1426 );
#801 = SURFACE_STYLE_USAGE( .BOTH., #1427 );
#802 = FACE_OUTER_BOUND( '', #1428, .T. );
#803 = PLANE( '', #1429 );
#804 = SURFACE_STYLE_USAGE( .BOTH., #1430 );
#805 = FACE_OUTER_BOUND( '', #1431, .T. );
#806 = PLANE( '', #1432 );
#807 = SURFACE_STYLE_USAGE( .BOTH., #1433 );
#808 = FACE_OUTER_BOUND( '', #1434, .T. );
#809 = PLANE( '', #1435 );
#810 = SURFACE_STYLE_USAGE( .BOTH., #1436 );
#811 = FACE_OUTER_BOUND( '', #1437, .T. );
#812 = PLANE( '', #1438 );
#813 = SURFACE_STYLE_USAGE( .BOTH., #1439 );
#814 = FACE_OUTER_BOUND( '', #1440, .T. );
#815 = PLANE( '', #1441 );
#816 = SURFACE_STYLE_USAGE( .BOTH., #1442 );
#817 = FACE_OUTER_BOUND( '', #1443, .T. );
#818 = PLANE( '', #1444 );
#819 = SURFACE_STYLE_USAGE( .BOTH., #1445 );
#820 = FACE_OUTER_BOUND( '', #1446, .T. );
#821 = PLANE( '', #1447 );
#822 = SURFACE_STYLE_USAGE( .BOTH., #1448 );
#823 = FACE_OUTER_BOUND( '', #1449, .T. );
#824 = PLANE( '', #1450 );
#825 = SURFACE_STYLE_USAGE( .BOTH., #1451 );
#826 = FACE_OUTER_BOUND( '', #1452, .T. );
#827 = PLANE( '', #1453 );
#828 = SURFACE_STYLE_USAGE( .BOTH., #1454 );
#829 = FACE_OUTER_BOUND( '', #1455, .T. );
#830 = PLANE( '', #1456 );
#831 = SURFACE_STYLE_USAGE( .BOTH., #1457 );
#832 = FACE_OUTER_BOUND( '', #1458, .T. );
#833 = PLANE( '', #1459 );
#834 = SURFACE_STYLE_USAGE( .BOTH., #1460 );
#835 = FACE_OUTER_BOUND( '', #1461, .T. );
#836 = PLANE( '', #1462 );
#837 = SURFACE_STYLE_USAGE( .BOTH., #1463 );
#838 = FACE_OUTER_BOUND( '', #1464, .T. );
#839 = PLANE( '', #1465 );
#840 = SURFACE_STYLE_USAGE( .BOTH., #1466 );
#841 = FACE_OUTER_BOUND( '', #1467, .T. );
#842 = PLANE( '', #1468 );
#843 = SURFACE_STYLE_USAGE( .BOTH., #1469 );
#844 = FACE_OUTER_BOUND( '', #1470, .T. );
#845 = PLANE( '', #1471 );
#846 = SURFACE_STYLE_USAGE( .BOTH., #1472 );
#847 = FACE_OUTER_BOUND( '', #1473, .T. );
#848 = PLANE( '', #1474 );
#849 = SURFACE_STYLE_USAGE( .BOTH., #1475 );
#850 = FACE_OUTER_BOUND( '', #1476, .T. );
#851 = PLANE( '', #1477 );
#852 = SURFACE_STYLE_USAGE( .BOTH., #1478 );
#853 = FACE_OUTER_BOUND( '', #1479, .T. );
#854 = CYLINDRICAL_SURFACE( '', #1480, 0.286897771888703 );
#855 = SURFACE_STYLE_USAGE( .BOTH., #1481 );
#856 = FACE_OUTER_BOUND( '', #1482, .T. );
#857 = PLANE( '', #1483 );
#858 = SURFACE_STYLE_USAGE( .BOTH., #1484 );
#859 = FACE_OUTER_BOUND( '', #1485, .T. );
#860 = PLANE( '', #1486 );
#861 = SURFACE_STYLE_USAGE( .BOTH., #1487 );
#862 = FACE_OUTER_BOUND( '', #1488, .T. );
#863 = FACE_BOUND( '', #1489, .T. );
#864 = PLANE( '', #1490 );
#865 = SURFACE_STYLE_USAGE( .BOTH., #1491 );
#866 = FACE_OUTER_BOUND( '', #1492, .T. );
#867 = PLANE( '', #1493 );
#868 = SURFACE_STYLE_USAGE( .BOTH., #1494 );
#869 = FACE_OUTER_BOUND( '', #1495, .T. );
#870 = PLANE( '', #1496 );
#871 = SURFACE_STYLE_USAGE( .BOTH., #1497 );
#872 = FACE_OUTER_BOUND( '', #1498, .T. );
#873 = PLANE( '', #1499 );
#874 = SURFACE_STYLE_USAGE( .BOTH., #1500 );
#875 = FACE_OUTER_BOUND( '', #1501, .T. );
#876 = PLANE( '', #1502 );
#877 = SURFACE_STYLE_USAGE( .BOTH., #1503 );
#878 = FACE_OUTER_BOUND( '', #1504, .T. );
#879 = PLANE( '', #1505 );
#880 = SURFACE_STYLE_USAGE( .BOTH., #1506 );
#881 = FACE_OUTER_BOUND( '', #1507, .T. );
#882 = PLANE( '', #1508 );
#883 = SURFACE_STYLE_USAGE( .BOTH., #1509 );
#884 = FACE_OUTER_BOUND( '', #1510, .T. );
#885 = PLANE( '', #1511 );
#886 = SURFACE_STYLE_USAGE( .BOTH., #1512 );
#887 = FACE_BOUND( '', #1513, .T. );
#888 = FACE_OUTER_BOUND( '', #1514, .T. );
#889 = FACE_BOUND( '', #1515, .T. );
#890 = FACE_BOUND( '', #1516, .T. );
#891 = PLANE( '', #1517 );
#892 = SURFACE_STYLE_USAGE( .BOTH., #1518 );
#893 = FACE_OUTER_BOUND( '', #1519, .T. );
#894 = PLANE( '', #1520 );
#895 = SURFACE_STYLE_USAGE( .BOTH., #1521 );
#896 = FACE_OUTER_BOUND( '', #1522, .T. );
#897 = FACE_BOUND( '', #1523, .T. );
#898 = PLANE( '', #1524 );
#899 = SURFACE_STYLE_USAGE( .BOTH., #1525 );
#900 = FACE_OUTER_BOUND( '', #1526, .T. );
#901 = PLANE( '', #1527 );
#902 = SURFACE_STYLE_USAGE( .BOTH., #1528 );
#903 = FACE_OUTER_BOUND( '', #1529, .T. );
#904 = PLANE( '', #1530 );
#905 = SURFACE_STYLE_USAGE( .BOTH., #1531 );
#906 = FACE_OUTER_BOUND( '', #1532, .T. );
#907 = PLANE( '', #1533 );
#908 = SURFACE_STYLE_USAGE( .BOTH., #1534 );
#909 = FACE_OUTER_BOUND( '', #1535, .T. );
#910 = PLANE( '', #1536 );
#911 = SURFACE_STYLE_USAGE( .BOTH., #1537 );
#912 = FACE_OUTER_BOUND( '', #1538, .T. );
#913 = PLANE( '', #1539 );
#914 = SURFACE_STYLE_USAGE( .BOTH., #1540 );
#915 = FACE_OUTER_BOUND( '', #1541, .T. );
#916 = PLANE( '', #1542 );
#917 = SURFACE_STYLE_USAGE( .BOTH., #1543 );
#918 = FACE_OUTER_BOUND( '', #1544, .T. );
#919 = PLANE( '', #1545 );
#920 = SURFACE_STYLE_USAGE( .BOTH., #1546 );
#921 = FACE_OUTER_BOUND( '', #1547, .T. );
#922 = PLANE( '', #1548 );
#923 = SURFACE_STYLE_USAGE( .BOTH., #1549 );
#924 = FACE_OUTER_BOUND( '', #1550, .T. );
#925 = PLANE( '', #1551 );
#926 = SURFACE_STYLE_USAGE( .BOTH., #1552 );
#927 = FACE_BOUND( '', #1553, .T. );
#928 = FACE_OUTER_BOUND( '', #1554, .T. );
#929 = PLANE( '', #1555 );
#930 = SURFACE_STYLE_USAGE( .BOTH., #1556 );
#931 = FACE_OUTER_BOUND( '', #1557, .T. );
#932 = PLANE( '', #1558 );
#933 = SURFACE_STYLE_USAGE( .BOTH., #1559 );
#934 = FACE_BOUND( '', #1560, .T. );
#935 = FACE_OUTER_BOUND( '', #1561, .T. );
#936 = PLANE( '', #1562 );
#937 = SURFACE_STYLE_USAGE( .BOTH., #1563 );
#938 = FACE_OUTER_BOUND( '', #1564, .T. );
#939 = PLANE( '', #1565 );
#940 = SURFACE_STYLE_USAGE( .BOTH., #1566 );
#941 = FACE_OUTER_BOUND( '', #1567, .T. );
#942 = PLANE( '', #1568 );
#943 = SURFACE_STYLE_USAGE( .BOTH., #1569 );
#944 = FACE_OUTER_BOUND( '', #1570, .T. );
#945 = PLANE( '', #1571 );
#946 = SURFACE_STYLE_USAGE( .BOTH., #1572 );
#947 = FACE_OUTER_BOUND( '', #1573, .T. );
#948 = PLANE( '', #1574 );
#949 = SURFACE_STYLE_USAGE( .BOTH., #1575 );
#950 = FACE_OUTER_BOUND( '', #1576, .T. );
#951 = PLANE( '', #1577 );
#952 = SURFACE_STYLE_USAGE( .BOTH., #1578 );
#953 = FACE_OUTER_BOUND( '', #1579, .T. );
#954 = PLANE( '', #1580 );
#955 = SURFACE_STYLE_USAGE( .BOTH., #1581 );
#956 = FACE_OUTER_BOUND( '', #1582, .T. );
#957 = PLANE( '', #1583 );
#958 = SURFACE_STYLE_USAGE( .BOTH., #1584 );
#959 = FACE_OUTER_BOUND( '', #1585, .T. );
#960 = PLANE( '', #1586 );
#961 = SURFACE_STYLE_USAGE( .BOTH., #1587 );
#962 = FACE_OUTER_BOUND( '', #1588, .T. );
#963 = PLANE( '', #1589 );
#964 = SURFACE_STYLE_USAGE( .BOTH., #1590 );
#965 = FACE_OUTER_BOUND( '', #1591, .T. );
#966 = PLANE( '', #1592 );
#967 = SURFACE_STYLE_USAGE( .BOTH., #1593 );
#968 = FACE_OUTER_BOUND( '', #1594, .T. );
#969 = PLANE( '', #1595 );
#970 = SURFACE_STYLE_USAGE( .BOTH., #1596 );
#971 = FACE_OUTER_BOUND( '', #1597, .T. );
#972 = PLANE( '', #1598 );
#973 = SURFACE_STYLE_USAGE( .BOTH., #1599 );
#974 = FACE_OUTER_BOUND( '', #1600, .T. );
#975 = PLANE( '', #1601 );
#976 = SURFACE_STYLE_USAGE( .BOTH., #1602 );
#977 = FACE_OUTER_BOUND( '', #1603, .T. );
#978 = PLANE( '', #1604 );
#979 = SURFACE_STYLE_USAGE( .BOTH., #1605 );
#980 = FACE_OUTER_BOUND( '', #1606, .T. );
#981 = PLANE( '', #1607 );
#982 = SURFACE_STYLE_USAGE( .BOTH., #1608 );
#983 = FACE_OUTER_BOUND( '', #1609, .T. );
#984 = PLANE( '', #1610 );
#985 = SURFACE_STYLE_USAGE( .BOTH., #1611 );
#986 = FACE_OUTER_BOUND( '', #1612, .T. );
#987 = PLANE( '', #1613 );
#988 = SURFACE_STYLE_USAGE( .BOTH., #1614 );
#989 = FACE_OUTER_BOUND( '', #1615, .T. );
#990 = FACE_OUTER_BOUND( '', #1616, .T. );
#991 = CYLINDRICAL_SURFACE( '', #1617, 0.400000000000000 );
#992 = SURFACE_STYLE_USAGE( .BOTH., #1618 );
#993 = FACE_OUTER_BOUND( '', #1619, .T. );
#994 = PLANE( '', #1620 );
#995 = SURFACE_STYLE_USAGE( .BOTH., #1621 );
#996 = FACE_OUTER_BOUND( '', #1622, .T. );
#997 = PLANE( '', #1623 );
#998 = SURFACE_STYLE_USAGE( .BOTH., #1624 );
#999 = FACE_BOUND( '', #1625, .T. );
#1000 = FACE_BOUND( '', #1626, .T. );
#1001 = FACE_OUTER_BOUND( '', #1627, .T. );
#1002 = PLANE( '', #1628 );
#1003 = SURFACE_STYLE_USAGE( .BOTH., #1629 );
#1004 = FACE_OUTER_BOUND( '', #1630, .T. );
#1005 = PLANE( '', #1631 );
#1006 = SURFACE_STYLE_USAGE( .BOTH., #1632 );
#1007 = FACE_OUTER_BOUND( '', #1633, .T. );
#1008 = PLANE( '', #1634 );
#1009 = SURFACE_STYLE_USAGE( .BOTH., #1635 );
#1010 = FACE_OUTER_BOUND( '', #1636, .T. );
#1011 = PLANE( '', #1637 );
#1012 = SURFACE_STYLE_USAGE( .BOTH., #1638 );
#1013 = FACE_OUTER_BOUND( '', #1639, .T. );
#1014 = PLANE( '', #1640 );
#1015 = SURFACE_STYLE_USAGE( .BOTH., #1641 );
#1016 = FACE_OUTER_BOUND( '', #1642, .T. );
#1017 = PLANE( '', #1643 );
#1018 = SURFACE_STYLE_USAGE( .BOTH., #1644 );
#1019 = FACE_OUTER_BOUND( '', #1645, .T. );
#1020 = PLANE( '', #1646 );
#1021 = SURFACE_STYLE_USAGE( .BOTH., #1647 );
#1022 = FACE_OUTER_BOUND( '', #1648, .T. );
#1023 = PLANE( '', #1649 );
#1024 = SURFACE_STYLE_USAGE( .BOTH., #1650 );
#1025 = FACE_OUTER_BOUND( '', #1651, .T. );
#1026 = PLANE( '', #1652 );
#1027 = SURFACE_STYLE_USAGE( .BOTH., #1653 );
#1028 = FACE_OUTER_BOUND( '', #1654, .T. );
#1029 = PLANE( '', #1655 );
#1030 = SURFACE_STYLE_USAGE( .BOTH., #1656 );
#1031 = FACE_OUTER_BOUND( '', #1657, .T. );
#1032 = PLANE( '', #1658 );
#1033 = SURFACE_STYLE_USAGE( .BOTH., #1659 );
#1034 = FACE_OUTER_BOUND( '', #1660, .T. );
#1035 = PLANE( '', #1661 );
#1036 = SURFACE_STYLE_USAGE( .BOTH., #1662 );
#1037 = FACE_OUTER_BOUND( '', #1663, .T. );
#1038 = PLANE( '', #1664 );
#1039 = SURFACE_STYLE_USAGE( .BOTH., #1665 );
#1040 = FACE_OUTER_BOUND( '', #1666, .T. );
#1041 = PLANE( '', #1667 );
#1042 = SURFACE_STYLE_USAGE( .BOTH., #1668 );
#1043 = FACE_OUTER_BOUND( '', #1669, .T. );
#1044 = PLANE( '', #1670 );
#1045 = SURFACE_STYLE_USAGE( .BOTH., #1671 );
#1046 = FACE_OUTER_BOUND( '', #1672, .T. );
#1047 = PLANE( '', #1673 );
#1048 = SURFACE_STYLE_USAGE( .BOTH., #1674 );
#1049 = FACE_OUTER_BOUND( '', #1675, .T. );
#1050 = PLANE( '', #1676 );
#1051 = SURFACE_STYLE_USAGE( .BOTH., #1677 );
#1052 = FACE_OUTER_BOUND( '', #1678, .T. );
#1053 = PLANE( '', #1679 );
#1054 = SURFACE_STYLE_USAGE( .BOTH., #1680 );
#1055 = FACE_OUTER_BOUND( '', #1681, .T. );
#1056 = PLANE( '', #1682 );
#1057 = SURFACE_STYLE_USAGE( .BOTH., #1683 );
#1058 = FACE_OUTER_BOUND( '', #1684, .T. );
#1059 = PLANE( '', #1685 );
#1060 = SURFACE_STYLE_USAGE( .BOTH., #1686 );
#1061 = FACE_OUTER_BOUND( '', #1687, .T. );
#1062 = PLANE( '', #1688 );
#1063 = SURFACE_STYLE_USAGE( .BOTH., #1689 );
#1064 = FACE_OUTER_BOUND( '', #1690, .T. );
#1065 = PLANE( '', #1691 );
#1066 = SURFACE_STYLE_USAGE( .BOTH., #1692 );
#1067 = FACE_OUTER_BOUND( '', #1693, .T. );
#1068 = PLANE( '', #1694 );
#1069 = SURFACE_STYLE_USAGE( .BOTH., #1695 );
#1070 = FACE_OUTER_BOUND( '', #1696, .T. );
#1071 = PLANE( '', #1697 );
#1072 = SURFACE_STYLE_USAGE( .BOTH., #1698 );
#1073 = FACE_OUTER_BOUND( '', #1699, .T. );
#1074 = PLANE( '', #1700 );
#1075 = SURFACE_STYLE_USAGE( .BOTH., #1701 );
#1076 = FACE_OUTER_BOUND( '', #1702, .T. );
#1077 = PLANE( '', #1703 );
#1078 = SURFACE_STYLE_USAGE( .BOTH., #1704 );
#1079 = FACE_OUTER_BOUND( '', #1705, .T. );
#1080 = PLANE( '', #1706 );
#1081 = SURFACE_STYLE_USAGE( .BOTH., #1707 );
#1082 = FACE_OUTER_BOUND( '', #1708, .T. );
#1083 = PLANE( '', #1709 );
#1084 = SURFACE_STYLE_USAGE( .BOTH., #1710 );
#1085 = FACE_OUTER_BOUND( '', #1711, .T. );
#1086 = PLANE( '', #1712 );
#1087 = SURFACE_STYLE_USAGE( .BOTH., #1713 );
#1088 = FACE_OUTER_BOUND( '', #1714, .T. );
#1089 = PLANE( '', #1715 );
#1090 = SURFACE_STYLE_USAGE( .BOTH., #1716 );
#1091 = FACE_OUTER_BOUND( '', #1717, .T. );
#1092 = PLANE( '', #1718 );
#1093 = SURFACE_STYLE_USAGE( .BOTH., #1719 );
#1094 = FACE_OUTER_BOUND( '', #1720, .T. );
#1095 = PLANE( '', #1721 );
#1096 = SURFACE_STYLE_USAGE( .BOTH., #1722 );
#1097 = FACE_OUTER_BOUND( '', #1723, .T. );
#1098 = PLANE( '', #1724 );
#1099 = SURFACE_STYLE_USAGE( .BOTH., #1725 );
#1100 = FACE_OUTER_BOUND( '', #1726, .T. );
#1101 = PLANE( '', #1727 );
#1102 = SURFACE_STYLE_USAGE( .BOTH., #1728 );
#1103 = FACE_OUTER_BOUND( '', #1729, .T. );
#1104 = PLANE( '', #1730 );
#1105 = SURFACE_STYLE_USAGE( .BOTH., #1731 );
#1106 = FACE_OUTER_BOUND( '', #1732, .T. );
#1107 = PLANE( '', #1733 );
#1108 = SURFACE_STYLE_USAGE( .BOTH., #1734 );
#1109 = FACE_OUTER_BOUND( '', #1735, .T. );
#1110 = PLANE( '', #1736 );
#1111 = SURFACE_STYLE_USAGE( .BOTH., #1737 );
#1112 = FACE_OUTER_BOUND( '', #1738, .T. );
#1113 = PLANE( '', #1739 );
#1114 = SURFACE_STYLE_USAGE( .BOTH., #1740 );
#1115 = FACE_OUTER_BOUND( '', #1741, .T. );
#1116 = PLANE( '', #1742 );
#1117 = SURFACE_STYLE_USAGE( .BOTH., #1743 );
#1118 = FACE_OUTER_BOUND( '', #1744, .T. );
#1119 = PLANE( '', #1745 );
#1120 = SURFACE_STYLE_USAGE( .BOTH., #1746 );
#1121 = FACE_OUTER_BOUND( '', #1747, .T. );
#1122 = PLANE( '', #1748 );
#1123 = SURFACE_STYLE_USAGE( .BOTH., #1749 );
#1124 = FACE_OUTER_BOUND( '', #1750, .T. );
#1125 = PLANE( '', #1751 );
#1126 = SURFACE_STYLE_USAGE( .BOTH., #1752 );
#1127 = FACE_OUTER_BOUND( '', #1753, .T. );
#1128 = PLANE( '', #1754 );
#1129 = SURFACE_STYLE_USAGE( .BOTH., #1755 );
#1130 = FACE_OUTER_BOUND( '', #1756, .T. );
#1131 = PLANE( '', #1757 );
#1132 = SURFACE_STYLE_USAGE( .BOTH., #1758 );
#1133 = FACE_OUTER_BOUND( '', #1759, .T. );
#1134 = PLANE( '', #1760 );
#1135 = SURFACE_STYLE_USAGE( .BOTH., #1761 );
#1136 = FACE_OUTER_BOUND( '', #1762, .T. );
#1137 = PLANE( '', #1763 );
#1138 = SURFACE_STYLE_USAGE( .BOTH., #1764 );
#1139 = FACE_OUTER_BOUND( '', #1765, .T. );
#1140 = PLANE( '', #1766 );
#1141 = SURFACE_STYLE_USAGE( .BOTH., #1767 );
#1142 = FACE_OUTER_BOUND( '', #1768, .T. );
#1143 = PLANE( '', #1769 );
#1144 = SURFACE_STYLE_USAGE( .BOTH., #1770 );
#1145 = FACE_BOUND( '', #1771, .T. );
#1146 = FACE_OUTER_BOUND( '', #1772, .T. );
#1147 = PLANE( '', #1773 );
#1148 = SURFACE_STYLE_USAGE( .BOTH., #1774 );
#1149 = FACE_OUTER_BOUND( '', #1775, .T. );
#1150 = PLANE( '', #1776 );
#1151 = SURFACE_STYLE_USAGE( .BOTH., #1777 );
#1152 = FACE_OUTER_BOUND( '', #1778, .T. );
#1153 = PLANE( '', #1779 );
#1154 = SURFACE_STYLE_USAGE( .BOTH., #1780 );
#1155 = FACE_OUTER_BOUND( '', #1781, .T. );
#1156 = PLANE( '', #1782 );
#1157 = SURFACE_STYLE_USAGE( .BOTH., #1783 );
#1158 = FACE_OUTER_BOUND( '', #1784, .T. );
#1159 = PLANE( '', #1785 );
#1160 = SURFACE_STYLE_USAGE( .BOTH., #1786 );
#1161 = FACE_OUTER_BOUND( '', #1787, .T. );
#1162 = PLANE( '', #1788 );
#1163 = SURFACE_STYLE_USAGE( .BOTH., #1789 );
#1164 = FACE_OUTER_BOUND( '', #1790, .T. );
#1165 = PLANE( '', #1791 );
#1166 = SURFACE_STYLE_USAGE( .BOTH., #1792 );
#1167 = FACE_OUTER_BOUND( '', #1793, .T. );
#1168 = PLANE( '', #1794 );
#1169 = SURFACE_STYLE_USAGE( .BOTH., #1795 );
#1170 = FACE_OUTER_BOUND( '', #1796, .T. );
#1171 = PLANE( '', #1797 );
#1172 = SURFACE_STYLE_USAGE( .BOTH., #1798 );
#1173 = FACE_OUTER_BOUND( '', #1799, .T. );
#1174 = PLANE( '', #1800 );
#1175 = SURFACE_STYLE_USAGE( .BOTH., #1801 );
#1176 = FACE_OUTER_BOUND( '', #1802, .T. );
#1177 = PLANE( '', #1803 );
#1178 = SURFACE_STYLE_USAGE( .BOTH., #1804 );
#1179 = FACE_OUTER_BOUND( '', #1805, .T. );
#1180 = PLANE( '', #1806 );
#1181 = SURFACE_STYLE_USAGE( .BOTH., #1807 );
#1182 = FACE_OUTER_BOUND( '', #1808, .T. );
#1183 = PLANE( '', #1809 );
#1184 = SURFACE_STYLE_USAGE( .BOTH., #1810 );
#1185 = FACE_OUTER_BOUND( '', #1811, .T. );
#1186 = PLANE( '', #1812 );
#1187 = SURFACE_STYLE_USAGE( .BOTH., #1813 );
#1188 = FACE_OUTER_BOUND( '', #1814, .T. );
#1189 = PLANE( '', #1815 );
#1190 = SURFACE_STYLE_USAGE( .BOTH., #1816 );
#1191 = FACE_OUTER_BOUND( '', #1817, .T. );
#1192 = PLANE( '', #1818 );
#1193 = SURFACE_STYLE_USAGE( .BOTH., #1819 );
#1194 = FACE_OUTER_BOUND( '', #1820, .T. );
#1195 = PLANE( '', #1821 );
#1196 = SURFACE_STYLE_USAGE( .BOTH., #1822 );
#1197 = FACE_OUTER_BOUND( '', #1823, .T. );
#1198 = PLANE( '', #1824 );
#1199 = SURFACE_STYLE_USAGE( .BOTH., #1825 );
#1200 = FACE_OUTER_BOUND( '', #1826, .T. );
#1201 = PLANE( '', #1827 );
#1202 = SURFACE_STYLE_USAGE( .BOTH., #1828 );
#1203 = FACE_OUTER_BOUND( '', #1829, .T. );
#1204 = PLANE( '', #1830 );
#1205 = SURFACE_STYLE_USAGE( .BOTH., #1831 );
#1206 = FACE_OUTER_BOUND( '', #1832, .T. );
#1207 = PLANE( '', #1833 );
#1208 = SURFACE_STYLE_USAGE( .BOTH., #1834 );
#1209 = FACE_OUTER_BOUND( '', #1835, .T. );
#1210 = PLANE( '', #1836 );
#1211 = SURFACE_STYLE_USAGE( .BOTH., #1837 );
#1212 = FACE_OUTER_BOUND( '', #1838, .T. );
#1213 = PLANE( '', #1839 );
#1214 = SURFACE_STYLE_USAGE( .BOTH., #1840 );
#1215 = FACE_OUTER_BOUND( '', #1841, .T. );
#1216 = PLANE( '', #1842 );
#1217 = SURFACE_STYLE_USAGE( .BOTH., #1843 );
#1218 = FACE_OUTER_BOUND( '', #1844, .T. );
#1219 = PLANE( '', #1845 );
#1220 = SURFACE_STYLE_USAGE( .BOTH., #1846 );
#1221 = FACE_OUTER_BOUND( '', #1847, .T. );
#1222 = CYLINDRICAL_SURFACE( '', #1848, 0.0300000000000000 );
#1223 = SURFACE_STYLE_USAGE( .BOTH., #1849 );
#1224 = FACE_OUTER_BOUND( '', #1850, .T. );
#1225 = PLANE( '', #1851 );
#1226 = SURFACE_STYLE_USAGE( .BOTH., #1852 );
#1227 = FACE_OUTER_BOUND( '', #1853, .T. );
#1228 = PLANE( '', #1854 );
#1229 = SURFACE_STYLE_USAGE( .BOTH., #1855 );
#1230 = FACE_OUTER_BOUND( '', #1856, .T. );
#1231 = PLANE( '', #1857 );
#1232 = SURFACE_STYLE_USAGE( .BOTH., #1858 );
#1233 = FACE_OUTER_BOUND( '', #1859, .T. );
#1234 = PLANE( '', #1860 );
#1235 = SURFACE_STYLE_USAGE( .BOTH., #1861 );
#1236 = FACE_OUTER_BOUND( '', #1862, .T. );
#1237 = PLANE( '', #1863 );
#1238 = SURFACE_STYLE_USAGE( .BOTH., #1864 );
#1239 = FACE_OUTER_BOUND( '', #1865, .T. );
#1240 = PLANE( '', #1866 );
#1241 = SURFACE_STYLE_USAGE( .BOTH., #1867 );
#1242 = FACE_OUTER_BOUND( '', #1868, .T. );
#1243 = PLANE( '', #1869 );
#1244 = SURFACE_STYLE_USAGE( .BOTH., #1870 );
#1245 = FACE_OUTER_BOUND( '', #1871, .T. );
#1246 = PLANE( '', #1872 );
#1247 = SURFACE_STYLE_USAGE( .BOTH., #1873 );
#1248 = FACE_OUTER_BOUND( '', #1874, .T. );
#1249 = PLANE( '', #1875 );
#1250 = SURFACE_STYLE_USAGE( .BOTH., #1876 );
#1251 = FACE_OUTER_BOUND( '', #1877, .T. );
#1252 = PLANE( '', #1878 );
#1253 = SURFACE_STYLE_USAGE( .BOTH., #1879 );
#1254 = FACE_OUTER_BOUND( '', #1880, .T. );
#1255 = PLANE( '', #1881 );
#1256 = SURFACE_STYLE_USAGE( .BOTH., #1882 );
#1257 = FACE_OUTER_BOUND( '', #1883, .T. );
#1258 = PLANE( '', #1884 );
#1259 = SURFACE_STYLE_USAGE( .BOTH., #1885 );
#1260 = FACE_OUTER_BOUND( '', #1886, .T. );
#1261 = PLANE( '', #1887 );
#1262 = SURFACE_STYLE_USAGE( .BOTH., #1888 );
#1263 = FACE_OUTER_BOUND( '', #1889, .T. );
#1264 = PLANE( '', #1890 );
#1265 = SURFACE_STYLE_USAGE( .BOTH., #1891 );
#1266 = FACE_OUTER_BOUND( '', #1892, .T. );
#1267 = PLANE( '', #1893 );
#1268 = SURFACE_STYLE_USAGE( .BOTH., #1894 );
#1269 = FACE_OUTER_BOUND( '', #1895, .T. );
#1270 = PLANE( '', #1896 );
#1271 = SURFACE_STYLE_USAGE( .BOTH., #1897 );
#1272 = FACE_OUTER_BOUND( '', #1898, .T. );
#1273 = PLANE( '', #1899 );
#1274 = SURFACE_STYLE_USAGE( .BOTH., #1900 );
#1275 = FACE_OUTER_BOUND( '', #1901, .T. );
#1276 = CYLINDRICAL_SURFACE( '', #1902, 0.286897771888703 );
#1277 = SURFACE_STYLE_USAGE( .BOTH., #1903 );
#1278 = FACE_OUTER_BOUND( '', #1904, .T. );
#1279 = PLANE( '', #1905 );
#1280 = SURFACE_STYLE_USAGE( .BOTH., #1906 );
#1281 = FACE_OUTER_BOUND( '', #1907, .T. );
#1282 = PLANE( '', #1908 );
#1283 = SURFACE_STYLE_USAGE( .BOTH., #1909 );
#1284 = FACE_OUTER_BOUND( '', #1910, .T. );
#1285 = PLANE( '', #1911 );
#1286 = SURFACE_STYLE_USAGE( .BOTH., #1912 );
#1287 = FACE_OUTER_BOUND( '', #1913, .T. );
#1288 = PLANE( '', #1914 );
#1289 = SURFACE_STYLE_USAGE( .BOTH., #1915 );
#1290 = FACE_OUTER_BOUND( '', #1916, .T. );
#1291 = PLANE( '', #1917 );
#1292 = SURFACE_STYLE_USAGE( .BOTH., #1918 );
#1293 = FACE_OUTER_BOUND( '', #1919, .T. );
#1294 = PLANE( '', #1920 );
#1295 = SURFACE_STYLE_USAGE( .BOTH., #1921 );
#1296 = FACE_OUTER_BOUND( '', #1922, .T. );
#1297 = PLANE( '', #1923 );
#1298 = SURFACE_STYLE_USAGE( .BOTH., #1924 );
#1299 = FACE_OUTER_BOUND( '', #1925, .T. );
#1300 = PLANE( '', #1926 );
#1301 = SURFACE_STYLE_USAGE( .BOTH., #1927 );
#1302 = FACE_OUTER_BOUND( '', #1928, .T. );
#1303 = PLANE( '', #1929 );
#1304 = SURFACE_STYLE_USAGE( .BOTH., #1930 );
#1305 = FACE_OUTER_BOUND( '', #1931, .T. );
#1306 = PLANE( '', #1932 );
#1307 = SURFACE_STYLE_USAGE( .BOTH., #1933 );
#1308 = FACE_OUTER_BOUND( '', #1934, .T. );
#1309 = PLANE( '', #1935 );
#1310 = SURFACE_STYLE_USAGE( .BOTH., #1936 );
#1311 = FACE_OUTER_BOUND( '', #1937, .T. );
#1312 = PLANE( '', #1938 );
#1313 = SURFACE_STYLE_USAGE( .BOTH., #1939 );
#1314 = FACE_OUTER_BOUND( '', #1940, .T. );
#1315 = CYLINDRICAL_SURFACE( '', #1941, 0.250000000000000 );
#1316 = SURFACE_STYLE_USAGE( .BOTH., #1942 );
#1317 = FACE_OUTER_BOUND( '', #1943, .T. );
#1318 = PLANE( '', #1944 );
#1319 = SURFACE_STYLE_USAGE( .BOTH., #1945 );
#1320 = FACE_OUTER_BOUND( '', #1946, .T. );
#1321 = PLANE( '', #1947 );
#1322 = SURFACE_STYLE_USAGE( .BOTH., #1948 );
#1323 = FACE_OUTER_BOUND( '', #1949, .T. );
#1324 = PLANE( '', #1950 );
#1325 = SURFACE_STYLE_USAGE( .BOTH., #1951 );
#1326 = FACE_OUTER_BOUND( '', #1952, .T. );
#1327 = PLANE( '', #1953 );
#1328 = SURFACE_STYLE_USAGE( .BOTH., #1954 );
#1329 = FACE_OUTER_BOUND( '', #1955, .T. );
#1330 = PLANE( '', #1956 );
#1331 = SURFACE_STYLE_USAGE( .BOTH., #1957 );
#1332 = FACE_OUTER_BOUND( '', #1958, .T. );
#1333 = PLANE( '', #1959 );
#1334 = SURFACE_STYLE_USAGE( .BOTH., #1960 );
#1335 = FACE_OUTER_BOUND( '', #1961, .T. );
#1336 = PLANE( '', #1962 );
#1337 = SURFACE_STYLE_USAGE( .BOTH., #1963 );
#1338 = FACE_OUTER_BOUND( '', #1964, .T. );
#1339 = PLANE( '', #1965 );
#1340 = SURFACE_STYLE_USAGE( .BOTH., #1966 );
#1341 = FACE_OUTER_BOUND( '', #1967, .T. );
#1342 = PLANE( '', #1968 );
#1343 = SURFACE_STYLE_USAGE( .BOTH., #1969 );
#1344 = FACE_OUTER_BOUND( '', #1970, .T. );
#1345 = PLANE( '', #1971 );
#1346 = SURFACE_STYLE_USAGE( .BOTH., #1972 );
#1347 = FACE_OUTER_BOUND( '', #1973, .T. );
#1348 = PLANE( '', #1974 );
#1349 = SURFACE_STYLE_USAGE( .BOTH., #1975 );
#1350 = FACE_OUTER_BOUND( '', #1976, .T. );
#1351 = PLANE( '', #1977 );
#1352 = SURFACE_STYLE_USAGE( .BOTH., #1978 );
#1353 = FACE_OUTER_BOUND( '', #1979, .T. );
#1354 = PLANE( '', #1980 );
#1355 = SURFACE_STYLE_USAGE( .BOTH., #1981 );
#1356 = FACE_OUTER_BOUND( '', #1982, .T. );
#1357 = PLANE( '', #1983 );
#1358 = SURFACE_STYLE_USAGE( .BOTH., #1984 );
#1359 = FACE_OUTER_BOUND( '', #1985, .T. );
#1360 = CYLINDRICAL_SURFACE( '', #1986, 0.640000000000000 );
#1361 = SURFACE_STYLE_USAGE( .BOTH., #1987 );
#1362 = FACE_OUTER_BOUND( '', #1988, .T. );
#1363 = PLANE( '', #1989 );
#1364 = SURFACE_STYLE_USAGE( .BOTH., #1990 );
#1365 = FACE_OUTER_BOUND( '', #1991, .T. );
#1366 = PLANE( '', #1992 );
#1367 = SURFACE_STYLE_USAGE( .BOTH., #1993 );
#1368 = FACE_OUTER_BOUND( '', #1994, .T. );
#1369 = PLANE( '', #1995 );
#1370 = SURFACE_STYLE_USAGE( .BOTH., #1996 );
#1371 = FACE_OUTER_BOUND( '', #1997, .T. );
#1372 = PLANE( '', #1998 );
#1373 =  ( LENGTH_UNIT(  )NAMED_UNIT( #716 )SI_UNIT( .MILLI., .METRE. ) );
#1376 = LENGTH_MEASURE_WITH_UNIT( LENGTH_MEASURE( 1.00000000000000 ), #2000 );
#1379 = DIMENSIONAL_EXPONENTS( 1.00000000000000, 0.000000000000000, 0.000000000000000, 0.000000000000000, 0.000000000000000, 0.000000000000000, 0.000000000000000 );
#1381 = DIMENSIONAL_EXPONENTS( 0.000000000000000, 0.000000000000000, 0.000000000000000, 0.000000000000000, 0.000000000000000, 0.000000000000000, 0.000000000000000 );
#1387 = SURFACE_SIDE_STYLE( '', ( #2001 ) );
#1388 = EDGE_LOOP( '', ( #2002, #2003, #2004, #2005 ) );
#1389 = AXIS2_PLACEMENT_3D( '', #2006, #2007, #2008 );
#1390 = SURFACE_SIDE_STYLE( '', ( #2009 ) );
#1391 = EDGE_LOOP( '', ( #2010, #2011, #2012, #2013 ) );
#1392 = AXIS2_PLACEMENT_3D( '', #2014, #2015, #2016 );
#1393 = SURFACE_SIDE_STYLE( '', ( #2017 ) );
#1394 = EDGE_LOOP( '', ( #2018, #2019, #2020, #2021 ) );
#1395 = AXIS2_PLACEMENT_3D( '', #2022, #2023, #2024 );
#1396 = SURFACE_SIDE_STYLE( '', ( #2025 ) );
#1397 = EDGE_LOOP( '', ( #2026, #2027, #2028, #2029 ) );
#1398 = AXIS2_PLACEMENT_3D( '', #2030, #2031, #2032 );
#1399 = SURFACE_SIDE_STYLE( '', ( #2033 ) );
#1400 = EDGE_LOOP( '', ( #2034, #2035, #2036, #2037 ) );
#1401 = AXIS2_PLACEMENT_3D( '', #2038, #2039, #2040 );
#1402 = SURFACE_SIDE_STYLE( '', ( #2041 ) );
#1403 = EDGE_LOOP( '', ( #2042, #2043, #2044, #2045 ) );
#1404 = AXIS2_PLACEMENT_3D( '', #2046, #2047, #2048 );
#1405 = SURFACE_SIDE_STYLE( '', ( #2049 ) );
#1406 = EDGE_LOOP( '', ( #2050, #2051, #2052, #2053 ) );
#1407 = AXIS2_PLACEMENT_3D( '', #2054, #2055, #2056 );
#1408 = SURFACE_SIDE_STYLE( '', ( #2057 ) );
#1409 = EDGE_LOOP( '', ( #2058, #2059, #2060, #2061, #2062, #2063, #2064, #2065, #2066 ) );
#1410 = AXIS2_PLACEMENT_3D( '', #2067, #2068, #2069 );
#1411 = SURFACE_SIDE_STYLE( '', ( #2070 ) );
#1412 = EDGE_LOOP( '', ( #2071, #2072, #2073, #2074 ) );
#1413 = EDGE_LOOP( '', ( #2075, #2076, #2077, #2078 ) );
#1414 = AXIS2_PLACEMENT_3D( '', #2079, #2080, #2081 );
#1415 = SURFACE_SIDE_STYLE( '', ( #2082 ) );
#1416 = EDGE_LOOP( '', ( #2083, #2084, #2085, #2086 ) );
#1417 = AXIS2_PLACEMENT_3D( '', #2087, #2088, #2089 );
#1418 = SURFACE_SIDE_STYLE( '', ( #2090 ) );
#1419 = EDGE_LOOP( '', ( #2091, #2092, #2093, #2094 ) );
#1420 = AXIS2_PLACEMENT_3D( '', #2095, #2096, #2097 );
#1421 = SURFACE_SIDE_STYLE( '', ( #2098 ) );
#1422 = EDGE_LOOP( '', ( #2099, #2100, #2101, #2102, #2103, #2104, #2105, #2106, #2107, #2108, #2109, #2110, #2111, #2112 ) );
#1423 = AXIS2_PLACEMENT_3D( '', #2113, #2114, #2115 );
#1424 = SURFACE_SIDE_STYLE( '', ( #2116 ) );
#1425 = EDGE_LOOP( '', ( #2117, #2118, #2119, #2120 ) );
#1426 = AXIS2_PLACEMENT_3D( '', #2121, #2122, #2123 );
#1427 = SURFACE_SIDE_STYLE( '', ( #2124 ) );
#1428 = EDGE_LOOP( '', ( #2125, #2126, #2127, #2128 ) );
#1429 = AXIS2_PLACEMENT_3D( '', #2129, #2130, #2131 );
#1430 = SURFACE_SIDE_STYLE( '', ( #2132 ) );
#1431 = EDGE_LOOP( '', ( #2133, #2134, #2135, #2136 ) );
#1432 = AXIS2_PLACEMENT_3D( '', #2137, #2138, #2139 );
#1433 = SURFACE_SIDE_STYLE( '', ( #2140 ) );
#1434 = EDGE_LOOP( '', ( #2141, #2142, #2143, #2144 ) );
#1435 = AXIS2_PLACEMENT_3D( '', #2145, #2146, #2147 );
#1436 = SURFACE_SIDE_STYLE( '', ( #2148 ) );
#1437 = EDGE_LOOP( '', ( #2149, #2150, #2151, #2152 ) );
#1438 = AXIS2_PLACEMENT_3D( '', #2153, #2154, #2155 );
#1439 = SURFACE_SIDE_STYLE( '', ( #2156 ) );
#1440 = EDGE_LOOP( '', ( #2157, #2158, #2159, #2160 ) );
#1441 = AXIS2_PLACEMENT_3D( '', #2161, #2162, #2163 );
#1442 = SURFACE_SIDE_STYLE( '', ( #2164 ) );
#1443 = EDGE_LOOP( '', ( #2165, #2166, #2167, #2168 ) );
#1444 = AXIS2_PLACEMENT_3D( '', #2169, #2170, #2171 );
#1445 = SURFACE_SIDE_STYLE( '', ( #2172 ) );
#1446 = EDGE_LOOP( '', ( #2173, #2174, #2175, #2176 ) );
#1447 = AXIS2_PLACEMENT_3D( '', #2177, #2178, #2179 );
#1448 = SURFACE_SIDE_STYLE( '', ( #2180 ) );
#1449 = EDGE_LOOP( '', ( #2181, #2182, #2183, #2184 ) );
#1450 = AXIS2_PLACEMENT_3D( '', #2185, #2186, #2187 );
#1451 = SURFACE_SIDE_STYLE( '', ( #2188 ) );
#1452 = EDGE_LOOP( '', ( #2189, #2190, #2191, #2192 ) );
#1453 = AXIS2_PLACEMENT_3D( '', #2193, #2194, #2195 );
#1454 = SURFACE_SIDE_STYLE( '', ( #2196 ) );
#1455 = EDGE_LOOP( '', ( #2197, #2198, #2199, #2200 ) );
#1456 = AXIS2_PLACEMENT_3D( '', #2201, #2202, #2203 );
#1457 = SURFACE_SIDE_STYLE( '', ( #2204 ) );
#1458 = EDGE_LOOP( '', ( #2205, #2206, #2207, #2208, #2209, #2210, #2211, #2212, #2213, #2214, #2215, #2216 ) );
#1459 = AXIS2_PLACEMENT_3D( '', #2217, #2218, #2219 );
#1460 = SURFACE_SIDE_STYLE( '', ( #2220 ) );
#1461 = EDGE_LOOP( '', ( #2221, #2222, #2223, #2224 ) );
#1462 = AXIS2_PLACEMENT_3D( '', #2225, #2226, #2227 );
#1463 = SURFACE_SIDE_STYLE( '', ( #2228 ) );
#1464 = EDGE_LOOP( '', ( #2229, #2230, #2231, #2232 ) );
#1465 = AXIS2_PLACEMENT_3D( '', #2233, #2234, #2235 );
#1466 = SURFACE_SIDE_STYLE( '', ( #2236 ) );
#1467 = EDGE_LOOP( '', ( #2237, #2238, #2239, #2240 ) );
#1468 = AXIS2_PLACEMENT_3D( '', #2241, #2242, #2243 );
#1469 = SURFACE_SIDE_STYLE( '', ( #2244 ) );
#1470 = EDGE_LOOP( '', ( #2245, #2246, #2247, #2248, #2249, #2250, #2251, #2252 ) );
#1471 = AXIS2_PLACEMENT_3D( '', #2253, #2254, #2255 );
#1472 = SURFACE_SIDE_STYLE( '', ( #2256 ) );
#1473 = EDGE_LOOP( '', ( #2257, #2258, #2259, #2260 ) );
#1474 = AXIS2_PLACEMENT_3D( '', #2261, #2262, #2263 );
#1475 = SURFACE_SIDE_STYLE( '', ( #2264 ) );
#1476 = EDGE_LOOP( '', ( #2265, #2266, #2267, #2268, #2269, #2270 ) );
#1477 = AXIS2_PLACEMENT_3D( '', #2271, #2272, #2273 );
#1478 = SURFACE_SIDE_STYLE( '', ( #2274 ) );
#1479 = EDGE_LOOP( '', ( #2275, #2276, #2277, #2278 ) );
#1480 = AXIS2_PLACEMENT_3D( '', #2279, #2280, #2281 );
#1481 = SURFACE_SIDE_STYLE( '', ( #2282 ) );
#1482 = EDGE_LOOP( '', ( #2283, #2284, #2285, #2286, #2287, #2288 ) );
#1483 = AXIS2_PLACEMENT_3D( '', #2289, #2290, #2291 );
#1484 = SURFACE_SIDE_STYLE( '', ( #2292 ) );
#1485 = EDGE_LOOP( '', ( #2293, #2294, #2295, #2296 ) );
#1486 = AXIS2_PLACEMENT_3D( '', #2297, #2298, #2299 );
#1487 = SURFACE_SIDE_STYLE( '', ( #2300 ) );
#1488 = EDGE_LOOP( '', ( #2301, #2302, #2303, #2304 ) );
#1489 = EDGE_LOOP( '', ( #2305, #2306, #2307, #2308 ) );
#1490 = AXIS2_PLACEMENT_3D( '', #2309, #2310, #2311 );
#1491 = SURFACE_SIDE_STYLE( '', ( #2312 ) );
#1492 = EDGE_LOOP( '', ( #2313, #2314, #2315, #2316, #2317, #2318, #2319, #2320, #2321, #2322, #2323, #2324, #2325, #2326, #2327, #2328, #2329, #2330, #2331 ) );
#1493 = AXIS2_PLACEMENT_3D( '', #2332, #2333, #2334 );
#1494 = SURFACE_SIDE_STYLE( '', ( #2335 ) );
#1495 = EDGE_LOOP( '', ( #2336, #2337, #2338, #2339 ) );
#1496 = AXIS2_PLACEMENT_3D( '', #2340, #2341, #2342 );
#1497 = SURFACE_SIDE_STYLE( '', ( #2343 ) );
#1498 = EDGE_LOOP( '', ( #2344, #2345, #2346, #2347 ) );
#1499 = AXIS2_PLACEMENT_3D( '', #2348, #2349, #2350 );
#1500 = SURFACE_SIDE_STYLE( '', ( #2351 ) );
#1501 = EDGE_LOOP( '', ( #2352, #2353, #2354, #2355 ) );
#1502 = AXIS2_PLACEMENT_3D( '', #2356, #2357, #2358 );
#1503 = SURFACE_SIDE_STYLE( '', ( #2359 ) );
#1504 = EDGE_LOOP( '', ( #2360, #2361, #2362, #2363 ) );
#1505 = AXIS2_PLACEMENT_3D( '', #2364, #2365, #2366 );
#1506 = SURFACE_SIDE_STYLE( '', ( #2367 ) );
#1507 = EDGE_LOOP( '', ( #2368, #2369, #2370, #2371 ) );
#1508 = AXIS2_PLACEMENT_3D( '', #2372, #2373, #2374 );
#1509 = SURFACE_SIDE_STYLE( '', ( #2375 ) );
#1510 = EDGE_LOOP( '', ( #2376, #2377, #2378, #2379 ) );
#1511 = AXIS2_PLACEMENT_3D( '', #2380, #2381, #2382 );
#1512 = SURFACE_SIDE_STYLE( '', ( #2383 ) );
#1513 = EDGE_LOOP( '', ( #2384, #2385, #2386, #2387 ) );
#1514 = EDGE_LOOP( '', ( #2388, #2389, #2390, #2391, #2392, #2393, #2394, #2395, #2396, #2397 ) );
#1515 = EDGE_LOOP( '', ( #2398, #2399, #2400, #2401 ) );
#1516 = EDGE_LOOP( '', ( #2402, #2403, #2404, #2405 ) );
#1517 = AXIS2_PLACEMENT_3D( '', #2406, #2407, #2408 );
#1518 = SURFACE_SIDE_STYLE( '', ( #2409 ) );
#1519 = EDGE_LOOP( '', ( #2410, #2411, #2412, #2413 ) );
#1520 = AXIS2_PLACEMENT_3D( '', #2414, #2415, #2416 );
#1521 = SURFACE_SIDE_STYLE( '', ( #2417 ) );
#1522 = EDGE_LOOP( '', ( #2418, #2419, #2420, #2421 ) );
#1523 = EDGE_LOOP( '', ( #2422, #2423, #2424, #2425 ) );
#1524 = AXIS2_PLACEMENT_3D( '', #2426, #2427, #2428 );
#1525 = SURFACE_SIDE_STYLE( '', ( #2429 ) );
#1526 = EDGE_LOOP( '', ( #2430, #2431, #2432, #2433 ) );
#1527 = AXIS2_PLACEMENT_3D( '', #2434, #2435, #2436 );
#1528 = SURFACE_SIDE_STYLE( '', ( #2437 ) );
#1529 = EDGE_LOOP( '', ( #2438, #2439, #2440, #2441 ) );
#1530 = AXIS2_PLACEMENT_3D( '', #2442, #2443, #2444 );
#1531 = SURFACE_SIDE_STYLE( '', ( #2445 ) );
#1532 = EDGE_LOOP( '', ( #2446, #2447, #2448, #2449 ) );
#1533 = AXIS2_PLACEMENT_3D( '', #2450, #2451, #2452 );
#1534 = SURFACE_SIDE_STYLE( '', ( #2453 ) );
#1535 = EDGE_LOOP( '', ( #2454, #2455, #2456, #2457 ) );
#1536 = AXIS2_PLACEMENT_3D( '', #2458, #2459, #2460 );
#1537 = SURFACE_SIDE_STYLE( '', ( #2461 ) );
#1538 = EDGE_LOOP( '', ( #2462, #2463, #2464, #2465 ) );
#1539 = AXIS2_PLACEMENT_3D( '', #2466, #2467, #2468 );
#1540 = SURFACE_SIDE_STYLE( '', ( #2469 ) );
#1541 = EDGE_LOOP( '', ( #2470, #2471, #2472, #2473 ) );
#1542 = AXIS2_PLACEMENT_3D( '', #2474, #2475, #2476 );
#1543 = SURFACE_SIDE_STYLE( '', ( #2477 ) );
#1544 = EDGE_LOOP( '', ( #2478, #2479, #2480, #2481 ) );
#1545 = AXIS2_PLACEMENT_3D( '', #2482, #2483, #2484 );
#1546 = SURFACE_SIDE_STYLE( '', ( #2485 ) );
#1547 = EDGE_LOOP( '', ( #2486, #2487, #2488, #2489 ) );
#1548 = AXIS2_PLACEMENT_3D( '', #2490, #2491, #2492 );
#1549 = SURFACE_SIDE_STYLE( '', ( #2493 ) );
#1550 = EDGE_LOOP( '', ( #2494, #2495, #2496, #2497, #2498, #2499, #2500, #2501 ) );
#1551 = AXIS2_PLACEMENT_3D( '', #2502, #2503, #2504 );
#1552 = SURFACE_SIDE_STYLE( '', ( #2505 ) );
#1553 = EDGE_LOOP( '', ( #2506 ) );
#1554 = EDGE_LOOP( '', ( #2507, #2508, #2509, #2510, #2511, #2512, #2513, #2514, #2515, #2516 ) );
#1555 = AXIS2_PLACEMENT_3D( '', #2517, #2518, #2519 );
#1556 = SURFACE_SIDE_STYLE( '', ( #2520 ) );
#1557 = EDGE_LOOP( '', ( #2521, #2522, #2523, #2524 ) );
#1558 = AXIS2_PLACEMENT_3D( '', #2525, #2526, #2527 );
#1559 = SURFACE_SIDE_STYLE( '', ( #2528 ) );
#1560 = EDGE_LOOP( '', ( #2529 ) );
#1561 = EDGE_LOOP( '', ( #2530, #2531, #2532, #2533, #2534, #2535, #2536, #2537, #2538, #2539 ) );
#1562 = AXIS2_PLACEMENT_3D( '', #2540, #2541, #2542 );
#1563 = SURFACE_SIDE_STYLE( '', ( #2543 ) );
#1564 = EDGE_LOOP( '', ( #2544, #2545, #2546, #2547 ) );
#1565 = AXIS2_PLACEMENT_3D( '', #2548, #2549, #2550 );
#1566 = SURFACE_SIDE_STYLE( '', ( #2551 ) );
#1567 = EDGE_LOOP( '', ( #2552, #2553, #2554, #2555 ) );
#1568 = AXIS2_PLACEMENT_3D( '', #2556, #2557, #2558 );
#1569 = SURFACE_SIDE_STYLE( '', ( #2559 ) );
#1570 = EDGE_LOOP( '', ( #2560, #2561, #2562, #2563, #2564, #2565 ) );
#1571 = AXIS2_PLACEMENT_3D( '', #2566, #2567, #2568 );
#1572 = SURFACE_SIDE_STYLE( '', ( #2569 ) );
#1573 = EDGE_LOOP( '', ( #2570, #2571, #2572, #2573 ) );
#1574 = AXIS2_PLACEMENT_3D( '', #2574, #2575, #2576 );
#1575 = SURFACE_SIDE_STYLE( '', ( #2577 ) );
#1576 = EDGE_LOOP( '', ( #2578, #2579, #2580, #2581 ) );
#1577 = AXIS2_PLACEMENT_3D( '', #2582, #2583, #2584 );
#1578 = SURFACE_SIDE_STYLE( '', ( #2585 ) );
#1579 = EDGE_LOOP( '', ( #2586, #2587, #2588, #2589 ) );
#1580 = AXIS2_PLACEMENT_3D( '', #2590, #2591, #2592 );
#1581 = SURFACE_SIDE_STYLE( '', ( #2593 ) );
#1582 = EDGE_LOOP( '', ( #2594, #2595, #2596, #2597, #2598, #2599, #2600, #2601, #2602, #2603, #2604, #2605, #2606, #2607, #2608, #2609 ) );
#1583 = AXIS2_PLACEMENT_3D( '', #2610, #2611, #2612 );
#1584 = SURFACE_SIDE_STYLE( '', ( #2613 ) );
#1585 = EDGE_LOOP( '', ( #2614, #2615, #2616, #2617 ) );
#1586 = AXIS2_PLACEMENT_3D( '', #2618, #2619, #2620 );
#1587 = SURFACE_SIDE_STYLE( '', ( #2621 ) );
#1588 = EDGE_LOOP( '', ( #2622, #2623, #2624, #2625, #2626, #2627, #2628, #2629 ) );
#1589 = AXIS2_PLACEMENT_3D( '', #2630, #2631, #2632 );
#1590 = SURFACE_SIDE_STYLE( '', ( #2633 ) );
#1591 = EDGE_LOOP( '', ( #2634, #2635, #2636, #2637 ) );
#1592 = AXIS2_PLACEMENT_3D( '', #2638, #2639, #2640 );
#1593 = SURFACE_SIDE_STYLE( '', ( #2641 ) );
#1594 = EDGE_LOOP( '', ( #2642, #2643, #2644, #2645 ) );
#1595 = AXIS2_PLACEMENT_3D( '', #2646, #2647, #2648 );
#1596 = SURFACE_SIDE_STYLE( '', ( #2649 ) );
#1597 = EDGE_LOOP( '', ( #2650, #2651, #2652, #2653 ) );
#1598 = AXIS2_PLACEMENT_3D( '', #2654, #2655, #2656 );
#1599 = SURFACE_SIDE_STYLE( '', ( #2657 ) );
#1600 = EDGE_LOOP( '', ( #2658, #2659, #2660, #2661 ) );
#1601 = AXIS2_PLACEMENT_3D( '', #2662, #2663, #2664 );
#1602 = SURFACE_SIDE_STYLE( '', ( #2665 ) );
#1603 = EDGE_LOOP( '', ( #2666, #2667, #2668, #2669 ) );
#1604 = AXIS2_PLACEMENT_3D( '', #2670, #2671, #2672 );
#1605 = SURFACE_SIDE_STYLE( '', ( #2673 ) );
#1606 = EDGE_LOOP( '', ( #2674, #2675, #2676, #2677 ) );
#1607 = AXIS2_PLACEMENT_3D( '', #2678, #2679, #2680 );
#1608 = SURFACE_SIDE_STYLE( '', ( #2681 ) );
#1609 = EDGE_LOOP( '', ( #2682, #2683, #2684, #2685, #2686, #2687, #2688, #2689, #2690, #2691, #2692, #2693, #2694, #2695, #2696, #2697, #2698, #2699, #2700 ) );
#1610 = AXIS2_PLACEMENT_3D( '', #2701, #2702, #2703 );
#1611 = SURFACE_SIDE_STYLE( '', ( #2704 ) );
#1612 = EDGE_LOOP( '', ( #2705, #2706, #2707, #2708 ) );
#1613 = AXIS2_PLACEMENT_3D( '', #2709, #2710, #2711 );
#1614 = SURFACE_SIDE_STYLE( '', ( #2712 ) );
#1615 = EDGE_LOOP( '', ( #2713 ) );
#1616 = EDGE_LOOP( '', ( #2714 ) );
#1617 = AXIS2_PLACEMENT_3D( '', #2715, #2716, #2717 );
#1618 = SURFACE_SIDE_STYLE( '', ( #2718 ) );
#1619 = EDGE_LOOP( '', ( #2719, #2720, #2721, #2722 ) );
#1620 = AXIS2_PLACEMENT_3D( '', #2723, #2724, #2725 );
#1621 = SURFACE_SIDE_STYLE( '', ( #2726 ) );
#1622 = EDGE_LOOP( '', ( #2727, #2728, #2729, #2730 ) );
#1623 = AXIS2_PLACEMENT_3D( '', #2731, #2732, #2733 );
#1624 = SURFACE_SIDE_STYLE( '', ( #2734 ) );
#1625 = EDGE_LOOP( '', ( #2735, #2736, #2737, #2738 ) );
#1626 = EDGE_LOOP( '', ( #2739, #2740, #2741, #2742 ) );
#1627 = EDGE_LOOP( '', ( #2743, #2744, #2745, #2746, #2747, #2748, #2749, #2750, #2751, #2752, #2753, #2754, #2755, #2756, #2757, #2758, #2759, #2760, #2761, #2762, #2763, #2764, #2765, #2766, #2767, #2768, #2769, #2770, #2771, #2772 ) );
#1628 = AXIS2_PLACEMENT_3D( '', #2773, #2774, #2775 );
#1629 = SURFACE_SIDE_STYLE( '', ( #2776 ) );
#1630 = EDGE_LOOP( '', ( #2777, #2778, #2779, #2780 ) );
#1631 = AXIS2_PLACEMENT_3D( '', #2781, #2782, #2783 );
#1632 = SURFACE_SIDE_STYLE( '', ( #2784 ) );
#1633 = EDGE_LOOP( '', ( #2785, #2786, #2787, #2788, #2789 ) );
#1634 = AXIS2_PLACEMENT_3D( '', #2790, #2791, #2792 );
#1635 = SURFACE_SIDE_STYLE( '', ( #2793 ) );
#1636 = EDGE_LOOP( '', ( #2794, #2795, #2796, #2797 ) );
#1637 = AXIS2_PLACEMENT_3D( '', #2798, #2799, #2800 );
#1638 = SURFACE_SIDE_STYLE( '', ( #2801 ) );
#1639 = EDGE_LOOP( '', ( #2802, #2803, #2804, #2805 ) );
#1640 = AXIS2_PLACEMENT_3D( '', #2806, #2807, #2808 );
#1641 = SURFACE_SIDE_STYLE( '', ( #2809 ) );
#1642 = EDGE_LOOP( '', ( #2810, #2811, #2812, #2813 ) );
#1643 = AXIS2_PLACEMENT_3D( '', #2814, #2815, #2816 );
#1644 = SURFACE_SIDE_STYLE( '', ( #2817 ) );
#1645 = EDGE_LOOP( '', ( #2818, #2819, #2820, #2821 ) );
#1646 = AXIS2_PLACEMENT_3D( '', #2822, #2823, #2824 );
#1647 = SURFACE_SIDE_STYLE( '', ( #2825 ) );
#1648 = EDGE_LOOP( '', ( #2826, #2827, #2828, #2829, #2830, #2831, #2832, #2833 ) );
#1649 = AXIS2_PLACEMENT_3D( '', #2834, #2835, #2836 );
#1650 = SURFACE_SIDE_STYLE( '', ( #2837 ) );
#1651 = EDGE_LOOP( '', ( #2838, #2839, #2840, #2841 ) );
#1652 = AXIS2_PLACEMENT_3D( '', #2842, #2843, #2844 );
#1653 = SURFACE_SIDE_STYLE( '', ( #2845 ) );
#1654 = EDGE_LOOP( '', ( #2846, #2847, #2848, #2849 ) );
#1655 = AXIS2_PLACEMENT_3D( '', #2850, #2851, #2852 );
#1656 = SURFACE_SIDE_STYLE( '', ( #2853 ) );
#1657 = EDGE_LOOP( '', ( #2854, #2855, #2856, #2857, #2858, #2859, #2860, #2861 ) );
#1658 = AXIS2_PLACEMENT_3D( '', #2862, #2863, #2864 );
#1659 = SURFACE_SIDE_STYLE( '', ( #2865 ) );
#1660 = EDGE_LOOP( '', ( #2866, #2867, #2868, #2869 ) );
#1661 = AXIS2_PLACEMENT_3D( '', #2870, #2871, #2872 );
#1662 = SURFACE_SIDE_STYLE( '', ( #2873 ) );
#1663 = EDGE_LOOP( '', ( #2874, #2875, #2876, #2877 ) );
#1664 = AXIS2_PLACEMENT_3D( '', #2878, #2879, #2880 );
#1665 = SURFACE_SIDE_STYLE( '', ( #2881 ) );
#1666 = EDGE_LOOP( '', ( #2882, #2883, #2884, #2885 ) );
#1667 = AXIS2_PLACEMENT_3D( '', #2886, #2887, #2888 );
#1668 = SURFACE_SIDE_STYLE( '', ( #2889 ) );
#1669 = EDGE_LOOP( '', ( #2890, #2891, #2892, #2893 ) );
#1670 = AXIS2_PLACEMENT_3D( '', #2894, #2895, #2896 );
#1671 = SURFACE_SIDE_STYLE( '', ( #2897 ) );
#1672 = EDGE_LOOP( '', ( #2898, #2899, #2900, #2901 ) );
#1673 = AXIS2_PLACEMENT_3D( '', #2902, #2903, #2904 );
#1674 = SURFACE_SIDE_STYLE( '', ( #2905 ) );
#1675 = EDGE_LOOP( '', ( #2906, #2907, #2908, #2909 ) );
#1676 = AXIS2_PLACEMENT_3D( '', #2910, #2911, #2912 );
#1677 = SURFACE_SIDE_STYLE( '', ( #2913 ) );
#1678 = EDGE_LOOP( '', ( #2914, #2915, #2916, #2917 ) );
#1679 = AXIS2_PLACEMENT_3D( '', #2918, #2919, #2920 );
#1680 = SURFACE_SIDE_STYLE( '', ( #2921 ) );
#1681 = EDGE_LOOP( '', ( #2922, #2923, #2924, #2925, #2926, #2927, #2928, #2929, #2930, #2931, #2932, #2933, #2934, #2935 ) );
#1682 = AXIS2_PLACEMENT_3D( '', #2936, #2937, #2938 );
#1683 = SURFACE_SIDE_STYLE( '', ( #2939 ) );
#1684 = EDGE_LOOP( '', ( #2940, #2941, #2942, #2943 ) );
#1685 = AXIS2_PLACEMENT_3D( '', #2944, #2945, #2946 );
#1686 = SURFACE_SIDE_STYLE( '', ( #2947 ) );
#1687 = EDGE_LOOP( '', ( #2948, #2949, #2950, #2951 ) );
#1688 = AXIS2_PLACEMENT_3D( '', #2952, #2953, #2954 );
#1689 = SURFACE_SIDE_STYLE( '', ( #2955 ) );
#1690 = EDGE_LOOP( '', ( #2956, #2957, #2958, #2959 ) );
#1691 = AXIS2_PLACEMENT_3D( '', #2960, #2961, #2962 );
#1692 = SURFACE_SIDE_STYLE( '', ( #2963 ) );
#1693 = EDGE_LOOP( '', ( #2964, #2965, #2966, #2967 ) );
#1694 = AXIS2_PLACEMENT_3D( '', #2968, #2969, #2970 );
#1695 = SURFACE_SIDE_STYLE( '', ( #2971 ) );
#1696 = EDGE_LOOP( '', ( #2972, #2973, #2974, #2975, #2976, #2977 ) );
#1697 = AXIS2_PLACEMENT_3D( '', #2978, #2979, #2980 );
#1698 = SURFACE_SIDE_STYLE( '', ( #2981 ) );
#1699 = EDGE_LOOP( '', ( #2982, #2983, #2984, #2985 ) );
#1700 = AXIS2_PLACEMENT_3D( '', #2986, #2987, #2988 );
#1701 = SURFACE_SIDE_STYLE( '', ( #2989 ) );
#1702 = EDGE_LOOP( '', ( #2990, #2991, #2992, #2993, #2994, #2995, #2996, #2997 ) );
#1703 = AXIS2_PLACEMENT_3D( '', #2998, #2999, #3000 );
#1704 = SURFACE_SIDE_STYLE( '', ( #3001 ) );
#1705 = EDGE_LOOP( '', ( #3002, #3003, #3004, #3005 ) );
#1706 = AXIS2_PLACEMENT_3D( '', #3006, #3007, #3008 );
#1707 = SURFACE_SIDE_STYLE( '', ( #3009 ) );
#1708 = EDGE_LOOP( '', ( #3010, #3011, #3012, #3013 ) );
#1709 = AXIS2_PLACEMENT_3D( '', #3014, #3015, #3016 );
#1710 = SURFACE_SIDE_STYLE( '', ( #3017 ) );
#1711 = EDGE_LOOP( '', ( #3018, #3019, #3020, #3021, #3022, #3023, #3024, #3025 ) );
#1712 = AXIS2_PLACEMENT_3D( '', #3026, #3027, #3028 );
#1713 = SURFACE_SIDE_STYLE( '', ( #3029 ) );
#1714 = EDGE_LOOP( '', ( #3030, #3031, #3032, #3033 ) );
#1715 = AXIS2_PLACEMENT_3D( '', #3034, #3035, #3036 );
#1716 = SURFACE_SIDE_STYLE( '', ( #3037 ) );
#1717 = EDGE_LOOP( '', ( #3038, #3039, #3040, #3041 ) );
#1718 = AXIS2_PLACEMENT_3D( '', #3042, #3043, #3044 );
#1719 = SURFACE_SIDE_STYLE( '', ( #3045 ) );
#1720 = EDGE_LOOP( '', ( #3046, #3047, #3048, #3049 ) );
#1721 = AXIS2_PLACEMENT_3D( '', #3050, #3051, #3052 );
#1722 = SURFACE_SIDE_STYLE( '', ( #3053 ) );
#1723 = EDGE_LOOP( '', ( #3054, #3055, #3056, #3057 ) );
#1724 = AXIS2_PLACEMENT_3D( '', #3058, #3059, #3060 );
#1725 = SURFACE_SIDE_STYLE( '', ( #3061 ) );
#1726 = EDGE_LOOP( '', ( #3062, #3063, #3064, #3065 ) );
#1727 = AXIS2_PLACEMENT_3D( '', #3066, #3067, #3068 );
#1728 = SURFACE_SIDE_STYLE( '', ( #3069 ) );
#1729 = EDGE_LOOP( '', ( #3070, #3071, #3072, #3073 ) );
#1730 = AXIS2_PLACEMENT_3D( '', #3074, #3075, #3076 );
#1731 = SURFACE_SIDE_STYLE( '', ( #3077 ) );
#1732 = EDGE_LOOP( '', ( #3078, #3079, #3080, #3081, #3082, #3083, #3084, #3085, #3086, #3087 ) );
#1733 = AXIS2_PLACEMENT_3D( '', #3088, #3089, #3090 );
#1734 = SURFACE_SIDE_STYLE( '', ( #3091 ) );
#1735 = EDGE_LOOP( '', ( #3092, #3093, #3094, #3095 ) );
#1736 = AXIS2_PLACEMENT_3D( '', #3096, #3097, #3098 );
#1737 = SURFACE_SIDE_STYLE( '', ( #3099 ) );
#1738 = EDGE_LOOP( '', ( #3100, #3101, #3102 ) );
#1739 = AXIS2_PLACEMENT_3D( '', #3103, #3104, #3105 );
#1740 = SURFACE_SIDE_STYLE( '', ( #3106 ) );
#1741 = EDGE_LOOP( '', ( #3107, #3108, #3109, #3110, #3111, #3112 ) );
#1742 = AXIS2_PLACEMENT_3D( '', #3113, #3114, #3115 );
#1743 = SURFACE_SIDE_STYLE( '', ( #3116 ) );
#1744 = EDGE_LOOP( '', ( #3117, #3118, #3119, #3120 ) );
#1745 = AXIS2_PLACEMENT_3D( '', #3121, #3122, #3123 );
#1746 = SURFACE_SIDE_STYLE( '', ( #3124 ) );
#1747 = EDGE_LOOP( '', ( #3125, #3126, #3127, #3128 ) );
#1748 = AXIS2_PLACEMENT_3D( '', #3129, #3130, #3131 );
#1749 = SURFACE_SIDE_STYLE( '', ( #3132 ) );
#1750 = EDGE_LOOP( '', ( #3133, #3134, #3135, #3136, #3137, #3138, #3139, #3140, #3141, #3142 ) );
#1751 = AXIS2_PLACEMENT_3D( '', #3143, #3144, #3145 );
#1752 = SURFACE_SIDE_STYLE( '', ( #3146 ) );
#1753 = EDGE_LOOP( '', ( #3147, #3148, #3149, #3150 ) );
#1754 = AXIS2_PLACEMENT_3D( '', #3151, #3152, #3153 );
#1755 = SURFACE_SIDE_STYLE( '', ( #3154 ) );
#1756 = EDGE_LOOP( '', ( #3155, #3156, #3157, #3158, #3159, #3160, #3161, #3162, #3163, #3164 ) );
#1757 = AXIS2_PLACEMENT_3D( '', #3165, #3166, #3167 );
#1758 = SURFACE_SIDE_STYLE( '', ( #3168 ) );
#1759 = EDGE_LOOP( '', ( #3169, #3170, #3171, #3172, #3173, #3174, #3175, #3176, #3177, #3178 ) );
#1760 = AXIS2_PLACEMENT_3D( '', #3179, #3180, #3181 );
#1761 = SURFACE_SIDE_STYLE( '', ( #3182 ) );
#1762 = EDGE_LOOP( '', ( #3183, #3184, #3185, #3186 ) );
#1763 = AXIS2_PLACEMENT_3D( '', #3187, #3188, #3189 );
#1764 = SURFACE_SIDE_STYLE( '', ( #3190 ) );
#1765 = EDGE_LOOP( '', ( #3191, #3192, #3193, #3194 ) );
#1766 = AXIS2_PLACEMENT_3D( '', #3195, #3196, #3197 );
#1767 = SURFACE_SIDE_STYLE( '', ( #3198 ) );
#1768 = EDGE_LOOP( '', ( #3199, #3200, #3201, #3202 ) );
#1769 = AXIS2_PLACEMENT_3D( '', #3203, #3204, #3205 );
#1770 = SURFACE_SIDE_STYLE( '', ( #3206 ) );
#1771 = EDGE_LOOP( '', ( #3207, #3208, #3209, #3210 ) );
#1772 = EDGE_LOOP( '', ( #3211, #3212, #3213, #3214, #3215, #3216, #3217, #3218, #3219, #3220, #3221, #3222, #3223, #3224, #3225, #3226, #3227, #3228, #3229, #3230, #3231, #3232, #3233, #3234, #3235, #3236, #3237, #3238, #3239, #3240, #3241, #3242 ) );
#1773 = AXIS2_PLACEMENT_3D( '', #3243, #3244, #3245 );
#1774 = SURFACE_SIDE_STYLE( '', ( #3246 ) );
#1775 = EDGE_LOOP( '', ( #3247, #3248, #3249, #3250 ) );
#1776 = AXIS2_PLACEMENT_3D( '', #3251, #3252, #3253 );
#1777 = SURFACE_SIDE_STYLE( '', ( #3254 ) );
#1778 = EDGE_LOOP( '', ( #3255, #3256, #3257, #3258, #3259, #3260, #3261, #3262, #3263, #3264, #3265, #3266, #3267, #3268 ) );
#1779 = AXIS2_PLACEMENT_3D( '', #3269, #3270, #3271 );
#1780 = SURFACE_SIDE_STYLE( '', ( #3272 ) );
#1781 = EDGE_LOOP( '', ( #3273, #3274, #3275, #3276, #3277 ) );
#1782 = AXIS2_PLACEMENT_3D( '', #3278, #3279, #3280 );
#1783 = SURFACE_SIDE_STYLE( '', ( #3281 ) );
#1784 = EDGE_LOOP( '', ( #3282, #3283, #3284, #3285 ) );
#1785 = AXIS2_PLACEMENT_3D( '', #3286, #3287, #3288 );
#1786 = SURFACE_SIDE_STYLE( '', ( #3289 ) );
#1787 = EDGE_LOOP( '', ( #3290, #3291, #3292, #3293 ) );
#1788 = AXIS2_PLACEMENT_3D( '', #3294, #3295, #3296 );
#1789 = SURFACE_SIDE_STYLE( '', ( #3297 ) );
#1790 = EDGE_LOOP( '', ( #3298, #3299, #3300, #3301, #3302, #3303, #3304, #3305 ) );
#1791 = AXIS2_PLACEMENT_3D( '', #3306, #3307, #3308 );
#1792 = SURFACE_SIDE_STYLE( '', ( #3309 ) );
#1793 = EDGE_LOOP( '', ( #3310, #3311, #3312, #3313, #3314 ) );
#1794 = AXIS2_PLACEMENT_3D( '', #3315, #3316, #3317 );
#1795 = SURFACE_SIDE_STYLE( '', ( #3318 ) );
#1796 = EDGE_LOOP( '', ( #3319, #3320, #3321, #3322 ) );
#1797 = AXIS2_PLACEMENT_3D( '', #3323, #3324, #3325 );
#1798 = SURFACE_SIDE_STYLE( '', ( #3326 ) );
#1799 = EDGE_LOOP( '', ( #3327, #3328, #3329, #3330 ) );
#1800 = AXIS2_PLACEMENT_3D( '', #3331, #3332, #3333 );
#1801 = SURFACE_SIDE_STYLE( '', ( #3334 ) );
#1802 = EDGE_LOOP( '', ( #3335, #3336, #3337, #3338 ) );
#1803 = AXIS2_PLACEMENT_3D( '', #3339, #3340, #3341 );
#1804 = SURFACE_SIDE_STYLE( '', ( #3342 ) );
#1805 = EDGE_LOOP( '', ( #3343, #3344, #3345, #3346, #3347, #3348 ) );
#1806 = AXIS2_PLACEMENT_3D( '', #3349, #3350, #3351 );
#1807 = SURFACE_SIDE_STYLE( '', ( #3352 ) );
#1808 = EDGE_LOOP( '', ( #3353, #3354, #3355, #3356 ) );
#1809 = AXIS2_PLACEMENT_3D( '', #3357, #3358, #3359 );
#1810 = SURFACE_SIDE_STYLE( '', ( #3360 ) );
#1811 = EDGE_LOOP( '', ( #3361, #3362, #3363, #3364, #3365, #3366, #3367, #3368, #3369, #3370, #3371, #3372, #3373, #3374 ) );
#1812 = AXIS2_PLACEMENT_3D( '', #3375, #3376, #3377 );
#1813 = SURFACE_SIDE_STYLE( '', ( #3378 ) );
#1814 = EDGE_LOOP( '', ( #3379, #3380, #3381, #3382, #3383, #3384, #3385, #3386, #3387, #3388 ) );
#1815 = AXIS2_PLACEMENT_3D( '', #3389, #3390, #3391 );
#1816 = SURFACE_SIDE_STYLE( '', ( #3392 ) );
#1817 = EDGE_LOOP( '', ( #3393, #3394, #3395, #3396, #3397, #3398, #3399, #3400, #3401, #3402, #3403, #3404, #3405, #3406, #3407, #3408 ) );
#1818 = AXIS2_PLACEMENT_3D( '', #3409, #3410, #3411 );
#1819 = SURFACE_SIDE_STYLE( '', ( #3412 ) );
#1820 = EDGE_LOOP( '', ( #3413, #3414, #3415, #3416 ) );
#1821 = AXIS2_PLACEMENT_3D( '', #3417, #3418, #3419 );
#1822 = SURFACE_SIDE_STYLE( '', ( #3420 ) );
#1823 = EDGE_LOOP( '', ( #3421, #3422, #3423, #3424 ) );
#1824 = AXIS2_PLACEMENT_3D( '', #3425, #3426, #3427 );
#1825 = SURFACE_SIDE_STYLE( '', ( #3428 ) );
#1826 = EDGE_LOOP( '', ( #3429, #3430, #3431, #3432 ) );
#1827 = AXIS2_PLACEMENT_3D( '', #3433, #3434, #3435 );
#1828 = SURFACE_SIDE_STYLE( '', ( #3436 ) );
#1829 = EDGE_LOOP( '', ( #3437, #3438, #3439, #3440 ) );
#1830 = AXIS2_PLACEMENT_3D( '', #3441, #3442, #3443 );
#1831 = SURFACE_SIDE_STYLE( '', ( #3444 ) );
#1832 = EDGE_LOOP( '', ( #3445, #3446, #3447, #3448 ) );
#1833 = AXIS2_PLACEMENT_3D( '', #3449, #3450, #3451 );
#1834 = SURFACE_SIDE_STYLE( '', ( #3452 ) );
#1835 = EDGE_LOOP( '', ( #3453, #3454, #3455, #3456, #3457, #3458, #3459, #3460, #3461, #3462 ) );
#1836 = AXIS2_PLACEMENT_3D( '', #3463, #3464, #3465 );
#1837 = SURFACE_SIDE_STYLE( '', ( #3466 ) );
#1838 = EDGE_LOOP( '', ( #3467, #3468, #3469, #3470 ) );
#1839 = AXIS2_PLACEMENT_3D( '', #3471, #3472, #3473 );
#1840 = SURFACE_SIDE_STYLE( '', ( #3474 ) );
#1841 = EDGE_LOOP( '', ( #3475, #3476, #3477, #3478 ) );
#1842 = AXIS2_PLACEMENT_3D( '', #3479, #3480, #3481 );
#1843 = SURFACE_SIDE_STYLE( '', ( #3482 ) );
#1844 = EDGE_LOOP( '', ( #3483, #3484, #3485, #3486 ) );
#1845 = AXIS2_PLACEMENT_3D( '', #3487, #3488, #3489 );
#1846 = SURFACE_SIDE_STYLE( '', ( #3490 ) );
#1847 = EDGE_LOOP( '', ( #3491, #3492, #3493, #3494 ) );
#1848 = AXIS2_PLACEMENT_3D( '', #3495, #3496, #3497 );
#1849 = SURFACE_SIDE_STYLE( '', ( #3498 ) );
#1850 = EDGE_LOOP( '', ( #3499, #3500, #3501, #3502 ) );
#1851 = AXIS2_PLACEMENT_3D( '', #3503, #3504, #3505 );
#1852 = SURFACE_SIDE_STYLE( '', ( #3506 ) );
#1853 = EDGE_LOOP( '', ( #3507, #3508, #3509, #3510 ) );
#1854 = AXIS2_PLACEMENT_3D( '', #3511, #3512, #3513 );
#1855 = SURFACE_SIDE_STYLE( '', ( #3514 ) );
#1856 = EDGE_LOOP( '', ( #3515, #3516, #3517, #3518 ) );
#1857 = AXIS2_PLACEMENT_3D( '', #3519, #3520, #3521 );
#1858 = SURFACE_SIDE_STYLE( '', ( #3522 ) );
#1859 = EDGE_LOOP( '', ( #3523, #3524, #3525, #3526 ) );
#1860 = AXIS2_PLACEMENT_3D( '', #3527, #3528, #3529 );
#1861 = SURFACE_SIDE_STYLE( '', ( #3530 ) );
#1862 = EDGE_LOOP( '', ( #3531, #3532, #3533, #3534 ) );
#1863 = AXIS2_PLACEMENT_3D( '', #3535, #3536, #3537 );
#1864 = SURFACE_SIDE_STYLE( '', ( #3538 ) );
#1865 = EDGE_LOOP( '', ( #3539, #3540, #3541, #3542 ) );
#1866 = AXIS2_PLACEMENT_3D( '', #3543, #3544, #3545 );
#1867 = SURFACE_SIDE_STYLE( '', ( #3546 ) );
#1868 = EDGE_LOOP( '', ( #3547, #3548, #3549, #3550 ) );
#1869 = AXIS2_PLACEMENT_3D( '', #3551, #3552, #3553 );
#1870 = SURFACE_SIDE_STYLE( '', ( #3554 ) );
#1871 = EDGE_LOOP( '', ( #3555, #3556, #3557, #3558 ) );
#1872 = AXIS2_PLACEMENT_3D( '', #3559, #3560, #3561 );
#1873 = SURFACE_SIDE_STYLE( '', ( #3562 ) );
#1874 = EDGE_LOOP( '', ( #3563, #3564, #3565, #3566 ) );
#1875 = AXIS2_PLACEMENT_3D( '', #3567, #3568, #3569 );
#1876 = SURFACE_SIDE_STYLE( '', ( #3570 ) );
#1877 = EDGE_LOOP( '', ( #3571, #3572, #3573, #3574 ) );
#1878 = AXIS2_PLACEMENT_3D( '', #3575, #3576, #3577 );
#1879 = SURFACE_SIDE_STYLE( '', ( #3578 ) );
#1880 = EDGE_LOOP( '', ( #3579, #3580, #3581, #3582 ) );
#1881 = AXIS2_PLACEMENT_3D( '', #3583, #3584, #3585 );
#1882 = SURFACE_SIDE_STYLE( '', ( #3586 ) );
#1883 = EDGE_LOOP( '', ( #3587, #3588, #3589, #3590 ) );
#1884 = AXIS2_PLACEMENT_3D( '', #3591, #3592, #3593 );
#1885 = SURFACE_SIDE_STYLE( '', ( #3594 ) );
#1886 = EDGE_LOOP( '', ( #3595, #3596, #3597, #3598 ) );
#1887 = AXIS2_PLACEMENT_3D( '', #3599, #3600, #3601 );
#1888 = SURFACE_SIDE_STYLE( '', ( #3602 ) );
#1889 = EDGE_LOOP( '', ( #3603, #3604, #3605, #3606 ) );
#1890 = AXIS2_PLACEMENT_3D( '', #3607, #3608, #3609 );
#1891 = SURFACE_SIDE_STYLE( '', ( #3610 ) );
#1892 = EDGE_LOOP( '', ( #3611, #3612, #3613, #3614 ) );
#1893 = AXIS2_PLACEMENT_3D( '', #3615, #3616, #3617 );
#1894 = SURFACE_SIDE_STYLE( '', ( #3618 ) );
#1895 = EDGE_LOOP( '', ( #3619, #3620, #3621, #3622 ) );
#1896 = AXIS2_PLACEMENT_3D( '', #3623, #3624, #3625 );
#1897 = SURFACE_SIDE_STYLE( '', ( #3626 ) );
#1898 = EDGE_LOOP( '', ( #3627, #3628, #3629, #3630, #3631, #3632, #3633, #3634, #3635 ) );
#1899 = AXIS2_PLACEMENT_3D( '', #3636, #3637, #3638 );
#1900 = SURFACE_SIDE_STYLE( '', ( #3639 ) );
#1901 = EDGE_LOOP( '', ( #3640, #3641, #3642, #3643 ) );
#1902 = AXIS2_PLACEMENT_3D( '', #3644, #3645, #3646 );
#1903 = SURFACE_SIDE_STYLE( '', ( #3647 ) );
#1904 = EDGE_LOOP( '', ( #3648, #3649, #3650, #3651 ) );
#1905 = AXIS2_PLACEMENT_3D( '', #3652, #3653, #3654 );
#1906 = SURFACE_SIDE_STYLE( '', ( #3655 ) );
#1907 = EDGE_LOOP( '', ( #3656, #3657, #3658, #3659 ) );
#1908 = AXIS2_PLACEMENT_3D( '', #3660, #3661, #3662 );
#1909 = SURFACE_SIDE_STYLE( '', ( #3663 ) );
#1910 = EDGE_LOOP( '', ( #3664, #3665, #3666, #3667, #3668, #3669, #3670 ) );
#1911 = AXIS2_PLACEMENT_3D( '', #3671, #3672, #3673 );
#1912 = SURFACE_SIDE_STYLE( '', ( #3674 ) );
#1913 = EDGE_LOOP( '', ( #3675, #3676, #3677, #3678 ) );
#1914 = AXIS2_PLACEMENT_3D( '', #3679, #3680, #3681 );
#1915 = SURFACE_SIDE_STYLE( '', ( #3682 ) );
#1916 = EDGE_LOOP( '', ( #3683, #3684, #3685 ) );
#1917 = AXIS2_PLACEMENT_3D( '', #3686, #3687, #3688 );
#1918 = SURFACE_SIDE_STYLE( '', ( #3689 ) );
#1919 = EDGE_LOOP( '', ( #3690, #3691, #3692, #3693, #3694, #3695, #3696, #3697 ) );
#1920 = AXIS2_PLACEMENT_3D( '', #3698, #3699, #3700 );
#1921 = SURFACE_SIDE_STYLE( '', ( #3701 ) );
#1922 = EDGE_LOOP( '', ( #3702, #3703, #3704, #3705 ) );
#1923 = AXIS2_PLACEMENT_3D( '', #3706, #3707, #3708 );
#1924 = SURFACE_SIDE_STYLE( '', ( #3709 ) );
#1925 = EDGE_LOOP( '', ( #3710, #3711, #3712, #3713 ) );
#1926 = AXIS2_PLACEMENT_3D( '', #3714, #3715, #3716 );
#1927 = SURFACE_SIDE_STYLE( '', ( #3717 ) );
#1928 = EDGE_LOOP( '', ( #3718, #3719, #3720, #3721, #3722, #3723, #3724, #3725 ) );
#1929 = AXIS2_PLACEMENT_3D( '', #3726, #3727, #3728 );
#1930 = SURFACE_SIDE_STYLE( '', ( #3729 ) );
#1931 = EDGE_LOOP( '', ( #3730, #3731, #3732, #3733, #3734 ) );
#1932 = AXIS2_PLACEMENT_3D( '', #3735, #3736, #3737 );
#1933 = SURFACE_SIDE_STYLE( '', ( #3738 ) );
#1934 = EDGE_LOOP( '', ( #3739, #3740, #3741, #3742 ) );
#1935 = AXIS2_PLACEMENT_3D( '', #3743, #3744, #3745 );
#1936 = SURFACE_SIDE_STYLE( '', ( #3746 ) );
#1937 = EDGE_LOOP( '', ( #3747, #3748, #3749, #3750 ) );
#1938 = AXIS2_PLACEMENT_3D( '', #3751, #3752, #3753 );
#1939 = SURFACE_SIDE_STYLE( '', ( #3754 ) );
#1940 = EDGE_LOOP( '', ( #3755, #3756, #3757, #3758 ) );
#1941 = AXIS2_PLACEMENT_3D( '', #3759, #3760, #3761 );
#1942 = SURFACE_SIDE_STYLE( '', ( #3762 ) );
#1943 = EDGE_LOOP( '', ( #3763, #3764, #3765, #3766 ) );
#1944 = AXIS2_PLACEMENT_3D( '', #3767, #3768, #3769 );
#1945 = SURFACE_SIDE_STYLE( '', ( #3770 ) );
#1946 = EDGE_LOOP( '', ( #3771, #3772, #3773, #3774 ) );
#1947 = AXIS2_PLACEMENT_3D( '', #3775, #3776, #3777 );
#1948 = SURFACE_SIDE_STYLE( '', ( #3778 ) );
#1949 = EDGE_LOOP( '', ( #3779, #3780, #3781, #3782 ) );
#1950 = AXIS2_PLACEMENT_3D( '', #3783, #3784, #3785 );
#1951 = SURFACE_SIDE_STYLE( '', ( #3786 ) );
#1952 = EDGE_LOOP( '', ( #3787, #3788, #3789, #3790 ) );
#1953 = AXIS2_PLACEMENT_3D( '', #3791, #3792, #3793 );
#1954 = SURFACE_SIDE_STYLE( '', ( #3794 ) );
#1955 = EDGE_LOOP( '', ( #3795, #3796, #3797, #3798 ) );
#1956 = AXIS2_PLACEMENT_3D( '', #3799, #3800, #3801 );
#1957 = SURFACE_SIDE_STYLE( '', ( #3802 ) );
#1958 = EDGE_LOOP( '', ( #3803, #3804, #3805, #3806 ) );
#1959 = AXIS2_PLACEMENT_3D( '', #3807, #3808, #3809 );
#1960 = SURFACE_SIDE_STYLE( '', ( #3810 ) );
#1961 = EDGE_LOOP( '', ( #3811, #3812, #3813, #3814, #3815, #3816, #3817 ) );
#1962 = AXIS2_PLACEMENT_3D( '', #3818, #3819, #3820 );
#1963 = SURFACE_SIDE_STYLE( '', ( #3821 ) );
#1964 = EDGE_LOOP( '', ( #3822, #3823, #3824, #3825 ) );
#1965 = AXIS2_PLACEMENT_3D( '', #3826, #3827, #3828 );
#1966 = SURFACE_SIDE_STYLE( '', ( #3829 ) );
#1967 = EDGE_LOOP( '', ( #3830, #3831, #3832, #3833 ) );
#1968 = AXIS2_PLACEMENT_3D( '', #3834, #3835, #3836 );
#1969 = SURFACE_SIDE_STYLE( '', ( #3837 ) );
#1970 = EDGE_LOOP( '', ( #3838, #3839, #3840, #3841 ) );
#1971 = AXIS2_PLACEMENT_3D( '', #3842, #3843, #3844 );
#1972 = SURFACE_SIDE_STYLE( '', ( #3845 ) );
#1973 = EDGE_LOOP( '', ( #3846, #3847, #3848, #3849 ) );
#1974 = AXIS2_PLACEMENT_3D( '', #3850, #3851, #3852 );
#1975 = SURFACE_SIDE_STYLE( '', ( #3853 ) );
#1976 = EDGE_LOOP( '', ( #3854, #3855, #3856, #3857 ) );
#1977 = AXIS2_PLACEMENT_3D( '', #3858, #3859, #3860 );
#1978 = SURFACE_SIDE_STYLE( '', ( #3861 ) );
#1979 = EDGE_LOOP( '', ( #3862, #3863, #3864, #3865 ) );
#1980 = AXIS2_PLACEMENT_3D( '', #3866, #3867, #3868 );
#1981 = SURFACE_SIDE_STYLE( '', ( #3869 ) );
#1982 = EDGE_LOOP( '', ( #3870, #3871, #3872, #3873 ) );
#1983 = AXIS2_PLACEMENT_3D( '', #3874, #3875, #3876 );
#1984 = SURFACE_SIDE_STYLE( '', ( #3877 ) );
#1985 = EDGE_LOOP( '', ( #3878, #3879, #3880, #3881 ) );
#1986 = AXIS2_PLACEMENT_3D( '', #3882, #3883, #3884 );
#1987 = SURFACE_SIDE_STYLE( '', ( #3885 ) );
#1988 = EDGE_LOOP( '', ( #3886, #3887, #3888, #3889, #3890, #3891, #3892, #3893 ) );
#1989 = AXIS2_PLACEMENT_3D( '', #3894, #3895, #3896 );
#1990 = SURFACE_SIDE_STYLE( '', ( #3897 ) );
#1991 = EDGE_LOOP( '', ( #3898, #3899, #3900, #3901 ) );
#1992 = AXIS2_PLACEMENT_3D( '', #3902, #3903, #3904 );
#1993 = SURFACE_SIDE_STYLE( '', ( #3905 ) );
#1994 = EDGE_LOOP( '', ( #3906, #3907, #3908, #3909, #3910, #3911, #3912, #3913, #3914, #3915, #3916, #3917 ) );
#1995 = AXIS2_PLACEMENT_3D( '', #3918, #3919, #3920 );
#1996 = SURFACE_SIDE_STYLE( '', ( #3921 ) );
#1997 = EDGE_LOOP( '', ( #3922, #3923, #3924, #3925, #3926, #3927, #3928, #3929 ) );
#1998 = AXIS2_PLACEMENT_3D( '', #3930, #3931, #3932 );
#2000 =  ( LENGTH_UNIT(  )NAMED_UNIT( #1379 )SI_UNIT( .MILLI., .METRE. ) );
#2001 = SURFACE_STYLE_FILL_AREA( #3934 );
#2002 = ORIENTED_EDGE( '', *, *, #3935, .T. );
#2003 = ORIENTED_EDGE( '', *, *, #3936, .T. );
#2004 = ORIENTED_EDGE( '', *, *, #3937, .F. );
#2005 = ORIENTED_EDGE( '', *, *, #3938, .F. );
#2006 = CARTESIAN_POINT( '', ( -10.6766881514749, 4.25000000000000, -1.08500000000000 ) );
#2007 = DIRECTION( '', ( 0.000000000000000, 1.00000000000000, 0.000000000000000 ) );
#2008 = DIRECTION( '', ( 0.000000000000000, 0.000000000000000, 1.00000000000000 ) );
#2009 = SURFACE_STYLE_FILL_AREA( #3939 );
#2010 = ORIENTED_EDGE( '', *, *, #3940, .F. );
#2011 = ORIENTED_EDGE( '', *, *, #3941, .F. );
#2012 = ORIENTED_EDGE( '', *, *, #3942, .F. );
#2013 = ORIENTED_EDGE( '', *, *, #3943, .F. );
#2014 = CARTESIAN_POINT( '', ( 6.32500000000000, 4.95000000000000, -2.18500000000000 ) );
#2015 = DIRECTION( '', ( 0.000000000000000, 8.76122967665054E-017, -1.00000000000000 ) );
#2016 = DIRECTION( '', ( 0.000000000000000, 1.00000000000000, 8.76122967665054E-017 ) );
#2017 = SURFACE_STYLE_FILL_AREA( #3944 );
#2018 = ORIENTED_EDGE( '', *, *, #3945, .F. );
#2019 = ORIENTED_EDGE( '', *, *, #3946, .F. );
#2020 = ORIENTED_EDGE( '', *, *, #3947, .T. );
#2021 = ORIENTED_EDGE( '', *, *, #3948, .T. );
#2022 = CARTESIAN_POINT( '', ( 4.27500000000000, 1.05000000000000, -0.955000000000000 ) );
#2023 = DIRECTION( '', ( 0.000000000000000, 0.000000000000000, 1.00000000000000 ) );
#2024 = DIRECTION( '', ( 1.00000000000000, 0.000000000000000, 0.000000000000000 ) );
#2025 = SURFACE_STYLE_FILL_AREA( #3949 );
#2026 = ORIENTED_EDGE( '', *, *, #3950, .T. );
#2027 = ORIENTED_EDGE( '', *, *, #3951, .F. );
#2028 = ORIENTED_EDGE( '', *, *, #3952, .T. );
#2029 = ORIENTED_EDGE( '', *, *, #3953, .F. );
#2030 = CARTESIAN_POINT( '', ( -0.320000000000000, -4.60000000000000, 0.000000000000000 ) );
#2031 = DIRECTION( '', ( 0.989949493661167, 0.141421356237309, -0.000000000000000 ) );
#2032 = DIRECTION( '', ( 0.000000000000000, 0.000000000000000, 1.00000000000000 ) );
#2033 = SURFACE_STYLE_FILL_AREA( #3954 );
#2034 = ORIENTED_EDGE( '', *, *, #3955, .F. );
#2035 = ORIENTED_EDGE( '', *, *, #3956, .F. );
#2036 = ORIENTED_EDGE( '', *, *, #3957, .F. );
#2037 = ORIENTED_EDGE( '', *, *, #3958, .F. );
#2038 = CARTESIAN_POINT( '', ( 2.81500000000000, 0.345000000000000, -1.95000000000000 ) );
#2039 = DIRECTION( '', ( -0.000000000000000, -0.000000000000000, -1.00000000000000 ) );
#2040 = DIRECTION( '', ( 1.00000000000000, 0.000000000000000, 0.000000000000000 ) );
#2041 = SURFACE_STYLE_FILL_AREA( #3959 );
#2042 = ORIENTED_EDGE( '', *, *, #3960, .T. );
#2043 = ORIENTED_EDGE( '', *, *, #3961, .T. );
#2044 = ORIENTED_EDGE( '', *, *, #3962, .T. );
#2045 = ORIENTED_EDGE( '', *, *, #3963, .T. );
#2046 = CARTESIAN_POINT( '', ( 5.61078643762690, 3.05000000000000, 0.535000000000000 ) );
#2047 = DIRECTION( '', ( -3.09772049281574E-016, 0.000000000000000, 1.00000000000000 ) );
#2048 = DIRECTION( '', ( 1.00000000000000, 0.000000000000000, 3.09772049281574E-016 ) );
#2049 = SURFACE_STYLE_FILL_AREA( #3964 );
#2050 = ORIENTED_EDGE( '', *, *, #3965, .F. );
#2051 = ORIENTED_EDGE( '', *, *, #3966, .F. );
#2052 = ORIENTED_EDGE( '', *, *, #3967, .F. );
#2053 = ORIENTED_EDGE( '', *, *, #3968, .F. );
#2054 = CARTESIAN_POINT( '', ( 2.81500000000000, -0.345000000000000, -1.98000000000000 ) );
#2055 = DIRECTION( '', ( -0.000000000000000, -0.000000000000000, 1.00000000000000 ) );
#2056 = DIRECTION( '', ( -1.00000000000000, 0.000000000000000, 0.000000000000000 ) );
#2057 = SURFACE_STYLE_FILL_AREA( #3969 );
#2058 = ORIENTED_EDGE( '', *, *, #3970, .T. );
#2059 = ORIENTED_EDGE( '', *, *, #3971, .T. );
#2060 = ORIENTED_EDGE( '', *, *, #3972, .T. );
#2061 = ORIENTED_EDGE( '', *, *, #3941, .T. );
#2062 = ORIENTED_EDGE( '', *, *, #3973, .F. );
#2063 = ORIENTED_EDGE( '', *, *, #3974, .T. );
#2064 = ORIENTED_EDGE( '', *, *, #3975, .F. );
#2065 = ORIENTED_EDGE( '', *, *, #3976, .F. );
#2066 = ORIENTED_EDGE( '', *, *, #3977, .F. );
#2067 = CARTESIAN_POINT( '', ( 0.000000000000000, 3.05000000000000, 0.000000000000000 ) );
#2068 = DIRECTION( '', ( 0.000000000000000, -1.00000000000000, 0.000000000000000 ) );
#2069 = DIRECTION( '', ( 0.000000000000000, 0.000000000000000, -1.00000000000000 ) );
#2070 = SURFACE_STYLE_FILL_AREA( #3978 );
#2071 = ORIENTED_EDGE( '', *, *, #3979, .F. );
#2072 = ORIENTED_EDGE( '', *, *, #3980, .F. );
#2073 = ORIENTED_EDGE( '', *, *, #3981, .F. );
#2074 = ORIENTED_EDGE( '', *, *, #3982, .F. );
#2075 = ORIENTED_EDGE( '', *, *, #3983, .T. );
#2076 = ORIENTED_EDGE( '', *, *, #3984, .T. );
#2077 = ORIENTED_EDGE( '', *, *, #3985, .T. );
#2078 = ORIENTED_EDGE( '', *, *, #3986, .T. );
#2079 = CARTESIAN_POINT( '', ( 0.000000000000000, 1.05000000000000, 0.000000000000000 ) );
#2080 = DIRECTION( '', ( 0.000000000000000, 1.00000000000000, 0.000000000000000 ) );
#2081 = DIRECTION( '', ( 0.000000000000000, 0.000000000000000, 1.00000000000000 ) );
#2082 = SURFACE_STYLE_FILL_AREA( #3987 );
#2083 = ORIENTED_EDGE( '', *, *, #3988, .F. );
#2084 = ORIENTED_EDGE( '', *, *, #3989, .F. );
#2085 = ORIENTED_EDGE( '', *, *, #3982, .T. );
#2086 = ORIENTED_EDGE( '', *, *, #3990, .T. );
#2087 = CARTESIAN_POINT( '', ( -4.27500000000000, 1.05000000000000, 1.59500000000000 ) );
#2088 = DIRECTION( '', ( 0.000000000000000, 0.000000000000000, -1.00000000000000 ) );
#2089 = DIRECTION( '', ( -1.00000000000000, 0.000000000000000, 0.000000000000000 ) );
#2090 = SURFACE_STYLE_FILL_AREA( #3991 );
#2091 = ORIENTED_EDGE( '', *, *, #3992, .T. );
#2092 = ORIENTED_EDGE( '', *, *, #3993, .F. );
#2093 = ORIENTED_EDGE( '', *, *, #3994, .T. );
#2094 = ORIENTED_EDGE( '', *, *, #3995, .T. );
#2095 = CARTESIAN_POINT( '', ( 6.32500000000000, 4.95000000000000, 2.18500000000000 ) );
#2096 = DIRECTION( '', ( 0.000000000000000, 1.00000000000000, 1.24050591817563E-016 ) );
#2097 = DIRECTION( '', ( 0.000000000000000, -1.24050591817563E-016, 1.00000000000000 ) );
#2098 = SURFACE_STYLE_FILL_AREA( #3996 );
#2099 = ORIENTED_EDGE( '', *, *, #3997, .T. );
#2100 = ORIENTED_EDGE( '', *, *, #3998, .F. );
#2101 = ORIENTED_EDGE( '', *, *, #3999, .F. );
#2102 = ORIENTED_EDGE( '', *, *, #4000, .T. );
#2103 = ORIENTED_EDGE( '', *, *, #4001, .T. );
#2104 = ORIENTED_EDGE( '', *, *, #4002, .F. );
#2105 = ORIENTED_EDGE( '', *, *, #3975, .T. );
#2106 = ORIENTED_EDGE( '', *, *, #4003, .T. );
#2107 = ORIENTED_EDGE( '', *, *, #4004, .T. );
#2108 = ORIENTED_EDGE( '', *, *, #4005, .F. );
#2109 = ORIENTED_EDGE( '', *, *, #4006, .F. );
#2110 = ORIENTED_EDGE( '', *, *, #4007, .T. );
#2111 = ORIENTED_EDGE( '', *, *, #4008, .F. );
#2112 = ORIENTED_EDGE( '', *, *, #4009, .T. );
#2113 = CARTESIAN_POINT( '', ( -4.91078643762690, -3.53579208280703, -0.465000000000000 ) );
#2114 = DIRECTION( '', ( 1.00000000000000, 0.000000000000000, 0.000000000000000 ) );
#2115 = DIRECTION( '', ( 0.000000000000000, 0.000000000000000, -1.00000000000000 ) );
#2116 = SURFACE_STYLE_FILL_AREA( #4010 );
#2117 = ORIENTED_EDGE( '', *, *, #4011, .T. );
#2118 = ORIENTED_EDGE( '', *, *, #4012, .T. );
#2119 = ORIENTED_EDGE( '', *, *, #4013, .T. );
#2120 = ORIENTED_EDGE( '', *, *, #4014, .T. );
#2121 = CARTESIAN_POINT( '', ( -4.91078643762691, -4.95000000000000, -14.8166881514748 ) );
#2122 = DIRECTION( '', ( 0.707106781186548, 0.707106781186548, 6.19512491589242E-017 ) );
#2123 = DIRECTION( '', ( -0.707106781186548, 0.707106781186548, 0.000000000000000 ) );
#2124 = SURFACE_STYLE_FILL_AREA( #4015 );
#2125 = ORIENTED_EDGE( '', *, *, #4016, .F. );
#2126 = ORIENTED_EDGE( '', *, *, #4017, .F. );
#2127 = ORIENTED_EDGE( '', *, *, #4018, .T. );
#2128 = ORIENTED_EDGE( '', *, *, #4019, .T. );
#2129 = CARTESIAN_POINT( '', ( 1.27500000000000, 1.05000000000000, -0.955000000000000 ) );
#2130 = DIRECTION( '', ( 0.000000000000000, 0.000000000000000, 1.00000000000000 ) );
#2131 = DIRECTION( '', ( 1.00000000000000, 0.000000000000000, 0.000000000000000 ) );
#2132 = SURFACE_STYLE_FILL_AREA( #4020 );
#2133 = ORIENTED_EDGE( '', *, *, #4021, .T. );
#2134 = ORIENTED_EDGE( '', *, *, #4022, .F. );
#2135 = ORIENTED_EDGE( '', *, *, #4023, .F. );
#2136 = ORIENTED_EDGE( '', *, *, #4024, .F. );
#2137 = CARTESIAN_POINT( '', ( 0.320000000000000, 4.25000000000000, -14.8166881514749 ) );
#2138 = DIRECTION( '', ( -0.950031749040490, 0.312153288970446, 2.73484665899195E-017 ) );
#2139 = DIRECTION( '', ( -0.312153288970446, -0.950031749040490, 0.000000000000000 ) );
#2140 = SURFACE_STYLE_FILL_AREA( #4025 );
#2141 = ORIENTED_EDGE( '', *, *, #4026, .T. );
#2142 = ORIENTED_EDGE( '', *, *, #4027, .F. );
#2143 = ORIENTED_EDGE( '', *, *, #4028, .F. );
#2144 = ORIENTED_EDGE( '', *, *, #4029, .F. );
#2145 = CARTESIAN_POINT( '', ( 0.320000000000000, 18.0516881514748, -4.28259858131774E-015 ) );
#2146 = DIRECTION( '', ( -8.47032947254301E-017, 0.000000000000000, 1.00000000000000 ) );
#2147 = DIRECTION( '', ( 1.00000000000000, 0.000000000000000, 8.47032947254301E-017 ) );
#2148 = SURFACE_STYLE_FILL_AREA( #4030 );
#2149 = ORIENTED_EDGE( '', *, *, #4031, .T. );
#2150 = ORIENTED_EDGE( '', *, *, #4032, .F. );
#2151 = ORIENTED_EDGE( '', *, *, #4033, .F. );
#2152 = ORIENTED_EDGE( '', *, *, #4034, .F. );
#2153 = CARTESIAN_POINT( '', ( 2.68000000000000, 4.25000000000000, -14.8166881514749 ) );
#2154 = DIRECTION( '', ( 0.950031749040490, 0.312153288970447, 2.73484665899195E-017 ) );
#2155 = DIRECTION( '', ( -0.312153288970447, 0.950031749040490, 0.000000000000000 ) );
#2156 = SURFACE_STYLE_FILL_AREA( #4035 );
#2157 = ORIENTED_EDGE( '', *, *, #4036, .T. );
#2158 = ORIENTED_EDGE( '', *, *, #3951, .T. );
#2159 = ORIENTED_EDGE( '', *, *, #4037, .T. );
#2160 = ORIENTED_EDGE( '', *, *, #4038, .T. );
#2161 = CARTESIAN_POINT( '', ( 0.320000000000000, -5.30000000000000, -0.320000000000000 ) );
#2162 = DIRECTION( '', ( 0.000000000000000, -1.00000000000000, 0.000000000000000 ) );
#2163 = DIRECTION( '', ( 0.000000000000000, 0.000000000000000, -1.00000000000000 ) );
#2164 = SURFACE_STYLE_FILL_AREA( #4039 );
#2165 = ORIENTED_EDGE( '', *, *, #4040, .F. );
#2166 = ORIENTED_EDGE( '', *, *, #4041, .F. );
#2167 = ORIENTED_EDGE( '', *, *, #4042, .T. );
#2168 = ORIENTED_EDGE( '', *, *, #4043, .T. );
#2169 = CARTESIAN_POINT( '', ( 0.320000000000000, 0.000000000000000, -1.07500000000000 ) );
#2170 = DIRECTION( '', ( 0.000000000000000, -1.00000000000000, 0.000000000000000 ) );
#2171 = DIRECTION( '', ( 0.000000000000000, 0.000000000000000, -1.00000000000000 ) );
#2172 = SURFACE_STYLE_FILL_AREA( #4044 );
#2173 = ORIENTED_EDGE( '', *, *, #4045, .F. );
#2174 = ORIENTED_EDGE( '', *, *, #4046, .F. );
#2175 = ORIENTED_EDGE( '', *, *, #4047, .T. );
#2176 = ORIENTED_EDGE( '', *, *, #4048, .T. );
#2177 = CARTESIAN_POINT( '', ( 0.320000000000000, 0.000000000000000, 0.320000000000000 ) );
#2178 = DIRECTION( '', ( 0.000000000000000, -1.00000000000000, 0.000000000000000 ) );
#2179 = DIRECTION( '', ( 0.000000000000000, 0.000000000000000, -1.00000000000000 ) );
#2180 = SURFACE_STYLE_FILL_AREA( #4049 );
#2181 = ORIENTED_EDGE( '', *, *, #4050, .F. );
#2182 = ORIENTED_EDGE( '', *, *, #4051, .F. );
#2183 = ORIENTED_EDGE( '', *, *, #4052, .T. );
#2184 = ORIENTED_EDGE( '', *, *, #4041, .T. );
#2185 = CARTESIAN_POINT( '', ( 0.320000000000000, 0.593097562292556, -1.07500000000000 ) );
#2186 = DIRECTION( '', ( 0.000000000000000, 0.000000000000000, -1.00000000000000 ) );
#2187 = DIRECTION( '', ( -1.00000000000000, 0.000000000000000, 0.000000000000000 ) );
#2188 = SURFACE_STYLE_FILL_AREA( #4053 );
#2189 = ORIENTED_EDGE( '', *, *, #4054, .F. );
#2190 = ORIENTED_EDGE( '', *, *, #4055, .F. );
#2191 = ORIENTED_EDGE( '', *, *, #4056, .T. );
#2192 = ORIENTED_EDGE( '', *, *, #4057, .T. );
#2193 = CARTESIAN_POINT( '', ( 0.320000000000000, 1.10303844778314, -0.537500000000000 ) );
#2194 = DIRECTION( '', ( 0.000000000000000, 1.00000000000000, 0.000000000000000 ) );
#2195 = DIRECTION( '', ( 0.000000000000000, 0.000000000000000, 1.00000000000000 ) );
#2196 = SURFACE_STYLE_FILL_AREA( #4058 );
#2197 = ORIENTED_EDGE( '', *, *, #4059, .F. );
#2198 = ORIENTED_EDGE( '', *, *, #4060, .T. );
#2199 = ORIENTED_EDGE( '', *, *, #4061, .T. );
#2200 = ORIENTED_EDGE( '', *, *, #4062, .F. );
#2201 = CARTESIAN_POINT( '', ( -10.6766881514749, 4.25000000000000, -1.08500000000000 ) );
#2202 = DIRECTION( '', ( 0.000000000000000, 1.00000000000000, 0.000000000000000 ) );
#2203 = DIRECTION( '', ( 0.000000000000000, 0.000000000000000, 1.00000000000000 ) );
#2204 = SURFACE_STYLE_FILL_AREA( #4063 );
#2205 = ORIENTED_EDGE( '', *, *, #4064, .T. );
#2206 = ORIENTED_EDGE( '', *, *, #4065, .T. );
#2207 = ORIENTED_EDGE( '', *, *, #4066, .T. );
#2208 = ORIENTED_EDGE( '', *, *, #4067, .F. );
#2209 = ORIENTED_EDGE( '', *, *, #4068, .F. );
#2210 = ORIENTED_EDGE( '', *, *, #4069, .F. );
#2211 = ORIENTED_EDGE( '', *, *, #4070, .T. );
#2212 = ORIENTED_EDGE( '', *, *, #4071, .F. );
#2213 = ORIENTED_EDGE( '', *, *, #4072, .F. );
#2214 = ORIENTED_EDGE( '', *, *, #4073, .T. );
#2215 = ORIENTED_EDGE( '', *, *, #4074, .F. );
#2216 = ORIENTED_EDGE( '', *, *, #4075, .F. );
#2217 = CARTESIAN_POINT( '', ( 6.32500000000000, 0.000000000000000, 0.000000000000000 ) );
#2218 = DIRECTION( '', ( -1.00000000000000, 0.000000000000000, 0.000000000000000 ) );
#2219 = DIRECTION( '', ( 0.000000000000000, 0.000000000000000, 1.00000000000000 ) );
#2220 = SURFACE_STYLE_FILL_AREA( #4076 );
#2221 = ORIENTED_EDGE( '', *, *, #4077, .T. );
#2222 = ORIENTED_EDGE( '', *, *, #4065, .F. );
#2223 = ORIENTED_EDGE( '', *, *, #4078, .F. );
#2224 = ORIENTED_EDGE( '', *, *, #4079, .F. );
#2225 = CARTESIAN_POINT( '', ( -10.6766881514749, 4.25000000000000, -1.08500000000000 ) );
#2226 = DIRECTION( '', ( 0.000000000000000, 1.00000000000000, 0.000000000000000 ) );
#2227 = DIRECTION( '', ( 0.000000000000000, 0.000000000000000, 1.00000000000000 ) );
#2228 = SURFACE_STYLE_FILL_AREA( #4080 );
#2229 = ORIENTED_EDGE( '', *, *, #4081, .F. );
#2230 = ORIENTED_EDGE( '', *, *, #4031, .F. );
#2231 = ORIENTED_EDGE( '', *, *, #4082, .F. );
#2232 = ORIENTED_EDGE( '', *, *, #4023, .T. );
#2233 = CARTESIAN_POINT( '', ( 6.32500000000000, 4.95000000000000, 2.18500000000000 ) );
#2234 = DIRECTION( '', ( 0.000000000000000, 1.00000000000000, 1.24050591817563E-016 ) );
#2235 = DIRECTION( '', ( 0.000000000000000, -1.24050591817563E-016, 1.00000000000000 ) );
#2236 = SURFACE_STYLE_FILL_AREA( #4083 );
#2237 = ORIENTED_EDGE( '', *, *, #4084, .T. );
#2238 = ORIENTED_EDGE( '', *, *, #4085, .T. );
#2239 = ORIENTED_EDGE( '', *, *, #3935, .F. );
#2240 = ORIENTED_EDGE( '', *, *, #4086, .F. );
#2241 = CARTESIAN_POINT( '', ( -10.6766881514749, 4.25000000000000, 1.51500000000000 ) );
#2242 = DIRECTION( '', ( 0.000000000000000, 3.09772049281573E-016, -1.00000000000000 ) );
#2243 = DIRECTION( '', ( 0.000000000000000, 1.00000000000000, 3.09772049281573E-016 ) );
#2244 = SURFACE_STYLE_FILL_AREA( #4087 );
#2245 = ORIENTED_EDGE( '', *, *, #4088, .T. );
#2246 = ORIENTED_EDGE( '', *, *, #4089, .T. );
#2247 = ORIENTED_EDGE( '', *, *, #4090, .F. );
#2248 = ORIENTED_EDGE( '', *, *, #4091, .T. );
#2249 = ORIENTED_EDGE( '', *, *, #4092, .T. );
#2250 = ORIENTED_EDGE( '', *, *, #4001, .F. );
#2251 = ORIENTED_EDGE( '', *, *, #4093, .F. );
#2252 = ORIENTED_EDGE( '', *, *, #4094, .T. );
#2253 = CARTESIAN_POINT( '', ( -5.52500000000000, 0.725000000000000, 16.2366881514749 ) );
#2254 = DIRECTION( '', ( 0.000000000000000, 1.00000000000000, 0.000000000000000 ) );
#2255 = DIRECTION( '', ( 0.000000000000000, 0.000000000000000, 1.00000000000000 ) );
#2256 = SURFACE_STYLE_FILL_AREA( #4095 );
#2257 = ORIENTED_EDGE( '', *, *, #4096, .F. );
#2258 = ORIENTED_EDGE( '', *, *, #4097, .T. );
#2259 = ORIENTED_EDGE( '', *, *, #4098, .F. );
#2260 = ORIENTED_EDGE( '', *, *, #3943, .T. );
#2261 = CARTESIAN_POINT( '', ( 6.32500000000000, 4.95000000000000, 2.18500000000000 ) );
#2262 = DIRECTION( '', ( 0.000000000000000, 1.00000000000000, 1.24050591817563E-016 ) );
#2263 = DIRECTION( '', ( 0.000000000000000, -1.24050591817563E-016, 1.00000000000000 ) );
#2264 = SURFACE_STYLE_FILL_AREA( #4099 );
#2265 = ORIENTED_EDGE( '', *, *, #4100, .T. );
#2266 = ORIENTED_EDGE( '', *, *, #3958, .T. );
#2267 = ORIENTED_EDGE( '', *, *, #4101, .T. );
#2268 = ORIENTED_EDGE( '', *, *, #4102, .T. );
#2269 = ORIENTED_EDGE( '', *, *, #4103, .T. );
#2270 = ORIENTED_EDGE( '', *, *, #4104, .T. );
#2271 = CARTESIAN_POINT( '', ( 0.335000000000000, 0.635000000000000, -1.95000000000000 ) );
#2272 = DIRECTION( '', ( 0.000000000000000, -1.00000000000000, 0.000000000000000 ) );
#2273 = DIRECTION( '', ( 0.000000000000000, 0.000000000000000, -1.00000000000000 ) );
#2274 = SURFACE_STYLE_FILL_AREA( #4105 );
#2275 = ORIENTED_EDGE( '', *, *, #4106, .F. );
#2276 = ORIENTED_EDGE( '', *, *, #4107, .F. );
#2277 = ORIENTED_EDGE( '', *, *, #4108, .T. );
#2278 = ORIENTED_EDGE( '', *, *, #4109, .T. );
#2279 = CARTESIAN_POINT( '', ( 0.305000000000000, 0.788102228111296, 0.913102228111296 ) );
#2280 = DIRECTION( '', ( 1.00000000000000, -0.000000000000000, -0.000000000000000 ) );
#2281 = DIRECTION( '', ( 0.000000000000000, 0.000000000000000, 1.00000000000000 ) );
#2282 = SURFACE_STYLE_FILL_AREA( #4110 );
#2283 = ORIENTED_EDGE( '', *, *, #4111, .F. );
#2284 = ORIENTED_EDGE( '', *, *, #4112, .F. );
#2285 = ORIENTED_EDGE( '', *, *, #4113, .F. );
#2286 = ORIENTED_EDGE( '', *, *, #4114, .F. );
#2287 = ORIENTED_EDGE( '', *, *, #4070, .F. );
#2288 = ORIENTED_EDGE( '', *, *, #4115, .F. );
#2289 = CARTESIAN_POINT( '', ( 0.000000000000000, -3.53579208280703, 0.000000000000000 ) );
#2290 = DIRECTION( '', ( 0.000000000000000, 1.00000000000000, 0.000000000000000 ) );
#2291 = DIRECTION( '', ( 0.000000000000000, 0.000000000000000, 1.00000000000000 ) );
#2292 = SURFACE_STYLE_FILL_AREA( #4116 );
#2293 = ORIENTED_EDGE( '', *, *, #4117, .T. );
#2294 = ORIENTED_EDGE( '', *, *, #4118, .F. );
#2295 = ORIENTED_EDGE( '', *, *, #4119, .F. );
#2296 = ORIENTED_EDGE( '', *, *, #4120, .F. );
#2297 = CARTESIAN_POINT( '', ( -10.6766881514749, 4.25000000000000, -1.08500000000000 ) );
#2298 = DIRECTION( '', ( 0.000000000000000, 1.00000000000000, 0.000000000000000 ) );
#2299 = DIRECTION( '', ( 0.000000000000000, 0.000000000000000, 1.00000000000000 ) );
#2300 = SURFACE_STYLE_FILL_AREA( #4121 );
#2301 = ORIENTED_EDGE( '', *, *, #4122, .F. );
#2302 = ORIENTED_EDGE( '', *, *, #4018, .F. );
#2303 = ORIENTED_EDGE( '', *, *, #4123, .F. );
#2304 = ORIENTED_EDGE( '', *, *, #4124, .F. );
#2305 = ORIENTED_EDGE( '', *, *, #4125, .T. );
#2306 = ORIENTED_EDGE( '', *, *, #4126, .T. );
#2307 = ORIENTED_EDGE( '', *, *, #4127, .T. );
#2308 = ORIENTED_EDGE( '', *, *, #4027, .T. );
#2309 = CARTESIAN_POINT( '', ( 0.000000000000000, 1.05000000000000, 0.000000000000000 ) );
#2310 = DIRECTION( '', ( 0.000000000000000, 1.00000000000000, 0.000000000000000 ) );
#2311 = DIRECTION( '', ( 0.000000000000000, 0.000000000000000, 1.00000000000000 ) );
#2312 = SURFACE_STYLE_FILL_AREA( #4128 );
#2313 = ORIENTED_EDGE( '', *, *, #4129, .T. );
#2314 = ORIENTED_EDGE( '', *, *, #3953, .T. );
#2315 = ORIENTED_EDGE( '', *, *, #4130, .T. );
#2316 = ORIENTED_EDGE( '', *, *, #4045, .T. );
#2317 = ORIENTED_EDGE( '', *, *, #4131, .T. );
#2318 = ORIENTED_EDGE( '', *, *, #4132, .T. );
#2319 = ORIENTED_EDGE( '', *, *, #4133, .T. );
#2320 = ORIENTED_EDGE( '', *, *, #4134, .T. );
#2321 = ORIENTED_EDGE( '', *, *, #4135, .T. );
#2322 = ORIENTED_EDGE( '', *, *, #4136, .T. );
#2323 = ORIENTED_EDGE( '', *, *, #4054, .T. );
#2324 = ORIENTED_EDGE( '', *, *, #4137, .T. );
#2325 = ORIENTED_EDGE( '', *, *, #4138, .T. );
#2326 = ORIENTED_EDGE( '', *, *, #4139, .T. );
#2327 = ORIENTED_EDGE( '', *, *, #4140, .T. );
#2328 = ORIENTED_EDGE( '', *, *, #4141, .T. );
#2329 = ORIENTED_EDGE( '', *, *, #4142, .T. );
#2330 = ORIENTED_EDGE( '', *, *, #4050, .T. );
#2331 = ORIENTED_EDGE( '', *, *, #4040, .T. );
#2332 = CARTESIAN_POINT( '', ( -0.320000000000000, 0.000000000000000, 0.000000000000000 ) );
#2333 = DIRECTION( '', ( -1.00000000000000, 0.000000000000000, 0.000000000000000 ) );
#2334 = DIRECTION( '', ( 0.000000000000000, 0.000000000000000, 1.00000000000000 ) );
#2335 = SURFACE_STYLE_FILL_AREA( #4143 );
#2336 = ORIENTED_EDGE( '', *, *, #4144, .F. );
#2337 = ORIENTED_EDGE( '', *, *, #4145, .F. );
#2338 = ORIENTED_EDGE( '', *, *, #3980, .T. );
#2339 = ORIENTED_EDGE( '', *, *, #4146, .T. );
#2340 = CARTESIAN_POINT( '', ( -1.72500000000000, 1.05000000000000, -0.955000000000000 ) );
#2341 = DIRECTION( '', ( 0.000000000000000, 0.000000000000000, 1.00000000000000 ) );
#2342 = DIRECTION( '', ( 1.00000000000000, 0.000000000000000, 0.000000000000000 ) );
#2343 = SURFACE_STYLE_FILL_AREA( #4147 );
#2344 = ORIENTED_EDGE( '', *, *, #4148, .T. );
#2345 = ORIENTED_EDGE( '', *, *, #4149, .F. );
#2346 = ORIENTED_EDGE( '', *, *, #4150, .F. );
#2347 = ORIENTED_EDGE( '', *, *, #4151, .F. );
#2348 = CARTESIAN_POINT( '', ( 2.68000000000000, 18.0516881514748, 0.640000000000000 ) );
#2349 = DIRECTION( '', ( 8.47032947254301E-017, 0.000000000000000, -1.00000000000000 ) );
#2350 = DIRECTION( '', ( -1.00000000000000, 0.000000000000000, -8.47032947254301E-017 ) );
#2351 = SURFACE_STYLE_FILL_AREA( #4152 );
#2352 = ORIENTED_EDGE( '', *, *, #4153, .F. );
#2353 = ORIENTED_EDGE( '', *, *, #4154, .F. );
#2354 = ORIENTED_EDGE( '', *, *, #4155, .T. );
#2355 = ORIENTED_EDGE( '', *, *, #4156, .T. );
#2356 = CARTESIAN_POINT( '', ( 3.00000000000000, -3.25000000000000, -1.54500000000000 ) );
#2357 = DIRECTION( '', ( 0.000000000000000, -1.00000000000000, -8.76122967665054E-017 ) );
#2358 = DIRECTION( '', ( 0.000000000000000, 8.76122967665054E-017, -1.00000000000000 ) );
#2359 = SURFACE_STYLE_FILL_AREA( #4157 );
#2360 = ORIENTED_EDGE( '', *, *, #4158, .F. );
#2361 = ORIENTED_EDGE( '', *, *, #4159, .F. );
#2362 = ORIENTED_EDGE( '', *, *, #4124, .T. );
#2363 = ORIENTED_EDGE( '', *, *, #4160, .T. );
#2364 = CARTESIAN_POINT( '', ( -1.27500000000000, 1.05000000000000, 1.59500000000000 ) );
#2365 = DIRECTION( '', ( 0.000000000000000, 0.000000000000000, -1.00000000000000 ) );
#2366 = DIRECTION( '', ( -1.00000000000000, 0.000000000000000, 0.000000000000000 ) );
#2367 = SURFACE_STYLE_FILL_AREA( #4161 );
#2368 = ORIENTED_EDGE( '', *, *, #4162, .T. );
#2369 = ORIENTED_EDGE( '', *, *, #4163, .F. );
#2370 = ORIENTED_EDGE( '', *, *, #3952, .F. );
#2371 = ORIENTED_EDGE( '', *, *, #4036, .F. );
#2372 = CARTESIAN_POINT( '', ( 0.320000000000000, -5.30000000000000, 0.220000000000000 ) );
#2373 = DIRECTION( '', ( 0.000000000000000, 0.141421356237310, -0.989949493661167 ) );
#2374 = DIRECTION( '', ( -1.00000000000000, 0.000000000000000, 0.000000000000000 ) );
#2375 = SURFACE_STYLE_FILL_AREA( #4164 );
#2376 = ORIENTED_EDGE( '', *, *, #4165, .F. );
#2377 = ORIENTED_EDGE( '', *, *, #4166, .F. );
#2378 = ORIENTED_EDGE( '', *, *, #4167, .T. );
#2379 = ORIENTED_EDGE( '', *, *, #4168, .T. );
#2380 = CARTESIAN_POINT( '', ( 1.30000000000000, -4.15000000000000, 2.18500000000000 ) );
#2381 = DIRECTION( '', ( 0.000000000000000, -0.707106781186548, 0.707106781186548 ) );
#2382 = DIRECTION( '', ( 0.000000000000000, -0.707106781186548, -0.707106781186548 ) );
#2383 = SURFACE_STYLE_FILL_AREA( #4169 );
#2384 = ORIENTED_EDGE( '', *, *, #4016, .T. );
#2385 = ORIENTED_EDGE( '', *, *, #4170, .T. );
#2386 = ORIENTED_EDGE( '', *, *, #4158, .T. );
#2387 = ORIENTED_EDGE( '', *, *, #4171, .T. );
#2388 = ORIENTED_EDGE( '', *, *, #4004, .F. );
#2389 = ORIENTED_EDGE( '', *, *, #4172, .T. );
#2390 = ORIENTED_EDGE( '', *, *, #4173, .T. );
#2391 = ORIENTED_EDGE( '', *, *, #4174, .T. );
#2392 = ORIENTED_EDGE( '', *, *, #4175, .T. );
#2393 = ORIENTED_EDGE( '', *, *, #4176, .T. );
#2394 = ORIENTED_EDGE( '', *, *, #4177, .T. );
#2395 = ORIENTED_EDGE( '', *, *, #4013, .F. );
#2396 = ORIENTED_EDGE( '', *, *, #3997, .F. );
#2397 = ORIENTED_EDGE( '', *, *, #4178, .F. );
#2398 = ORIENTED_EDGE( '', *, *, #4144, .T. );
#2399 = ORIENTED_EDGE( '', *, *, #4179, .T. );
#2400 = ORIENTED_EDGE( '', *, *, #3988, .T. );
#2401 = ORIENTED_EDGE( '', *, *, #4180, .T. );
#2402 = ORIENTED_EDGE( '', *, *, #3945, .T. );
#2403 = ORIENTED_EDGE( '', *, *, #4181, .T. );
#2404 = ORIENTED_EDGE( '', *, *, #4182, .T. );
#2405 = ORIENTED_EDGE( '', *, *, #4183, .T. );
#2406 = CARTESIAN_POINT( '', ( 6.32500000000000, -4.95000000000000, -2.18500000000000 ) );
#2407 = DIRECTION( '', ( 0.000000000000000, -1.00000000000000, 0.000000000000000 ) );
#2408 = DIRECTION( '', ( 0.000000000000000, 0.000000000000000, -1.00000000000000 ) );
#2409 = SURFACE_STYLE_FILL_AREA( #4184 );
#2410 = ORIENTED_EDGE( '', *, *, #4067, .T. );
#2411 = ORIENTED_EDGE( '', *, *, #4185, .F. );
#2412 = ORIENTED_EDGE( '', *, *, #4186, .T. );
#2413 = ORIENTED_EDGE( '', *, *, #4187, .F. );
#2414 = CARTESIAN_POINT( '', ( 6.32500000000000, 4.95000000000000, 2.18500000000000 ) );
#2415 = DIRECTION( '', ( 0.000000000000000, 1.00000000000000, 1.24050591817563E-016 ) );
#2416 = DIRECTION( '', ( 0.000000000000000, -1.24050591817563E-016, 1.00000000000000 ) );
#2417 = SURFACE_STYLE_FILL_AREA( #4188 );
#2418 = ORIENTED_EDGE( '', *, *, #4189, .F. );
#2419 = ORIENTED_EDGE( '', *, *, #3947, .F. );
#2420 = ORIENTED_EDGE( '', *, *, #4190, .F. );
#2421 = ORIENTED_EDGE( '', *, *, #4191, .F. );
#2422 = ORIENTED_EDGE( '', *, *, #4192, .T. );
#2423 = ORIENTED_EDGE( '', *, *, #4149, .T. );
#2424 = ORIENTED_EDGE( '', *, *, #4193, .T. );
#2425 = ORIENTED_EDGE( '', *, *, #4194, .T. );
#2426 = CARTESIAN_POINT( '', ( 0.000000000000000, 1.05000000000000, 0.000000000000000 ) );
#2427 = DIRECTION( '', ( 0.000000000000000, 1.00000000000000, 0.000000000000000 ) );
#2428 = DIRECTION( '', ( 0.000000000000000, 0.000000000000000, 1.00000000000000 ) );
#2429 = SURFACE_STYLE_FILL_AREA( #4195 );
#2430 = ORIENTED_EDGE( '', *, *, #4170, .F. );
#2431 = ORIENTED_EDGE( '', *, *, #4019, .F. );
#2432 = ORIENTED_EDGE( '', *, *, #4122, .T. );
#2433 = ORIENTED_EDGE( '', *, *, #4159, .T. );
#2434 = CARTESIAN_POINT( '', ( -1.27500000000000, 1.05000000000000, -0.955000000000000 ) );
#2435 = DIRECTION( '', ( 1.00000000000000, 0.000000000000000, 0.000000000000000 ) );
#2436 = DIRECTION( '', ( 0.000000000000000, 0.000000000000000, -1.00000000000000 ) );
#2437 = SURFACE_STYLE_FILL_AREA( #4196 );
#2438 = ORIENTED_EDGE( '', *, *, #4197, .T. );
#2439 = ORIENTED_EDGE( '', *, *, #4198, .T. );
#2440 = ORIENTED_EDGE( '', *, *, #4199, .F. );
#2441 = ORIENTED_EDGE( '', *, *, #4200, .F. );
#2442 = CARTESIAN_POINT( '', ( 5.42500000000000, -13.5516881514749, 1.51500000000000 ) );
#2443 = DIRECTION( '', ( 5.42101086242756E-016, 1.16268329489062E-016, -1.00000000000000 ) );
#2444 = DIRECTION( '', ( -1.00000000000000, 0.000000000000000, -5.42101086242756E-016 ) );
#2445 = SURFACE_STYLE_FILL_AREA( #4201 );
#2446 = ORIENTED_EDGE( '', *, *, #4202, .T. );
#2447 = ORIENTED_EDGE( '', *, *, #4203, .T. );
#2448 = ORIENTED_EDGE( '', *, *, #4129, .F. );
#2449 = ORIENTED_EDGE( '', *, *, #4043, .F. );
#2450 = CARTESIAN_POINT( '', ( 0.320000000000000, -5.30000000000000, -0.320000000000000 ) );
#2451 = DIRECTION( '', ( 0.000000000000000, 0.000000000000000, -1.00000000000000 ) );
#2452 = DIRECTION( '', ( -1.00000000000000, 0.000000000000000, 0.000000000000000 ) );
#2453 = SURFACE_STYLE_FILL_AREA( #4204 );
#2454 = ORIENTED_EDGE( '', *, *, #4205, .T. );
#2455 = ORIENTED_EDGE( '', *, *, #4206, .F. );
#2456 = ORIENTED_EDGE( '', *, *, #4207, .F. );
#2457 = ORIENTED_EDGE( '', *, *, #4208, .F. );
#2458 = CARTESIAN_POINT( '', ( 3.32000000000000, 4.25000000000000, -14.8166881514749 ) );
#2459 = DIRECTION( '', ( -0.950031749040490, 0.312153288970446, 2.73484665899195E-017 ) );
#2460 = DIRECTION( '', ( -0.312153288970446, -0.950031749040490, 0.000000000000000 ) );
#2461 = SURFACE_STYLE_FILL_AREA( #4209 );
#2462 = ORIENTED_EDGE( '', *, *, #4134, .F. );
#2463 = ORIENTED_EDGE( '', *, *, #4210, .F. );
#2464 = ORIENTED_EDGE( '', *, *, #4211, .T. );
#2465 = ORIENTED_EDGE( '', *, *, #4212, .T. );
#2466 = CARTESIAN_POINT( '', ( 0.320000000000000, 1.10303844778314, 0.539322565017053 ) );
#2467 = DIRECTION( '', ( 0.000000000000000, 0.860136370915529, 0.510064136583100 ) );
#2468 = DIRECTION( '', ( 0.000000000000000, -0.510064136583100, 0.860136370915529 ) );
#2469 = SURFACE_STYLE_FILL_AREA( #4213 );
#2470 = ORIENTED_EDGE( '', *, *, #4133, .F. );
#2471 = ORIENTED_EDGE( '', *, *, #4214, .F. );
#2472 = ORIENTED_EDGE( '', *, *, #4215, .T. );
#2473 = ORIENTED_EDGE( '', *, *, #4210, .T. );
#2474 = CARTESIAN_POINT( '', ( 0.320000000000000, 1.10303844778314, 0.855677434982952 ) );
#2475 = DIRECTION( '', ( 0.000000000000000, 1.00000000000000, 0.000000000000000 ) );
#2476 = DIRECTION( '', ( 0.000000000000000, 0.000000000000000, 1.00000000000000 ) );
#2477 = SURFACE_STYLE_FILL_AREA( #4216 );
#2478 = ORIENTED_EDGE( '', *, *, #4217, .F. );
#2479 = ORIENTED_EDGE( '', *, *, #4207, .T. );
#2480 = ORIENTED_EDGE( '', *, *, #4218, .F. );
#2481 = ORIENTED_EDGE( '', *, *, #4219, .T. );
#2482 = CARTESIAN_POINT( '', ( 6.32500000000000, 4.95000000000000, 2.18500000000000 ) );
#2483 = DIRECTION( '', ( 0.000000000000000, 1.00000000000000, 1.24050591817563E-016 ) );
#2484 = DIRECTION( '', ( 0.000000000000000, -1.24050591817563E-016, 1.00000000000000 ) );
#2485 = SURFACE_STYLE_FILL_AREA( #4220 );
#2486 = ORIENTED_EDGE( '', *, *, #4221, .T. );
#2487 = ORIENTED_EDGE( '', *, *, #4222, .T. );
#2488 = ORIENTED_EDGE( '', *, *, #4223, .F. );
#2489 = ORIENTED_EDGE( '', *, *, #4088, .F. );
#2490 = CARTESIAN_POINT( '', ( -5.02500000000000, -13.5516881514749, 0.515000000000000 ) );
#2491 = DIRECTION( '', ( 6.97955148537546E-015, 1.16268329489062E-016, -1.00000000000000 ) );
#2492 = DIRECTION( '', ( -1.00000000000000, 0.000000000000000, -6.97955148537546E-015 ) );
#2493 = SURFACE_STYLE_FILL_AREA( #4224 );
#2494 = ORIENTED_EDGE( '', *, *, #4225, .F. );
#2495 = ORIENTED_EDGE( '', *, *, #4226, .T. );
#2496 = ORIENTED_EDGE( '', *, *, #4227, .F. );
#2497 = ORIENTED_EDGE( '', *, *, #4228, .F. );
#2498 = ORIENTED_EDGE( '', *, *, #4229, .F. );
#2499 = ORIENTED_EDGE( '', *, *, #4230, .T. );
#2500 = ORIENTED_EDGE( '', *, *, #4231, .F. );
#2501 = ORIENTED_EDGE( '', *, *, #4232, .F. );
#2502 = CARTESIAN_POINT( '', ( 5.52500000000000, 3.05000000000000, -0.765000000000000 ) );
#2503 = DIRECTION( '', ( 1.00000000000000, 0.000000000000000, 0.000000000000000 ) );
#2504 = DIRECTION( '', ( 0.000000000000000, 0.000000000000000, -1.00000000000000 ) );
#2505 = SURFACE_STYLE_FILL_AREA( #4233 );
#2506 = ORIENTED_EDGE( '', *, *, #4234, .T. );
#2507 = ORIENTED_EDGE( '', *, *, #4235, .F. );
#2508 = ORIENTED_EDGE( '', *, *, #4236, .F. );
#2509 = ORIENTED_EDGE( '', *, *, #4237, .F. );
#2510 = ORIENTED_EDGE( '', *, *, #4238, .F. );
#2511 = ORIENTED_EDGE( '', *, *, #4239, .T. );
#2512 = ORIENTED_EDGE( '', *, *, #4240, .F. );
#2513 = ORIENTED_EDGE( '', *, *, #4241, .F. );
#2514 = ORIENTED_EDGE( '', *, *, #4242, .F. );
#2515 = ORIENTED_EDGE( '', *, *, #4108, .F. );
#2516 = ORIENTED_EDGE( '', *, *, #4243, .F. );
#2517 = CARTESIAN_POINT( '', ( 0.305000000000000, -0.788102228111300, 0.913102228111296 ) );
#2518 = DIRECTION( '', ( -1.00000000000000, 0.000000000000000, 0.000000000000000 ) );
#2519 = DIRECTION( '', ( 0.000000000000000, 0.000000000000000, 1.00000000000000 ) );
#2520 = SURFACE_STYLE_FILL_AREA( #4244 );
#2521 = ORIENTED_EDGE( '', *, *, #4245, .T. );
#2522 = ORIENTED_EDGE( '', *, *, #4246, .T. );
#2523 = ORIENTED_EDGE( '', *, *, #4247, .F. );
#2524 = ORIENTED_EDGE( '', *, *, #4074, .T. );
#2525 = CARTESIAN_POINT( '', ( 6.32500000000000, 4.95000000000000, -2.18500000000000 ) );
#2526 = DIRECTION( '', ( 0.000000000000000, 8.76122967665054E-017, -1.00000000000000 ) );
#2527 = DIRECTION( '', ( 0.000000000000000, 1.00000000000000, 8.76122967665054E-017 ) );
#2528 = SURFACE_STYLE_FILL_AREA( #4248 );
#2529 = ORIENTED_EDGE( '', *, *, #4249, .F. );
#2530 = ORIENTED_EDGE( '', *, *, #4250, .T. );
#2531 = ORIENTED_EDGE( '', *, *, #4251, .T. );
#2532 = ORIENTED_EDGE( '', *, *, #4106, .T. );
#2533 = ORIENTED_EDGE( '', *, *, #4252, .T. );
#2534 = ORIENTED_EDGE( '', *, *, #4253, .T. );
#2535 = ORIENTED_EDGE( '', *, *, #4254, .T. );
#2536 = ORIENTED_EDGE( '', *, *, #4255, .F. );
#2537 = ORIENTED_EDGE( '', *, *, #4256, .T. );
#2538 = ORIENTED_EDGE( '', *, *, #4257, .T. );
#2539 = ORIENTED_EDGE( '', *, *, #4258, .T. );
#2540 = CARTESIAN_POINT( '', ( -0.305000000000000, -0.788102228111300, 0.913102228111296 ) );
#2541 = DIRECTION( '', ( -1.00000000000000, 0.000000000000000, 0.000000000000000 ) );
#2542 = DIRECTION( '', ( 0.000000000000000, 0.000000000000000, 1.00000000000000 ) );
#2543 = SURFACE_STYLE_FILL_AREA( #4259 );
#2544 = ORIENTED_EDGE( '', *, *, #4260, .T. );
#2545 = ORIENTED_EDGE( '', *, *, #4194, .F. );
#2546 = ORIENTED_EDGE( '', *, *, #4261, .F. );
#2547 = ORIENTED_EDGE( '', *, *, #4262, .F. );
#2548 = CARTESIAN_POINT( '', ( 3.32000000000000, 18.0516881514748, -4.28259858131774E-015 ) );
#2549 = DIRECTION( '', ( -8.47032947254301E-017, 0.000000000000000, 1.00000000000000 ) );
#2550 = DIRECTION( '', ( 1.00000000000000, 0.000000000000000, 8.47032947254301E-017 ) );
#2551 = SURFACE_STYLE_FILL_AREA( #4263 );
#2552 = ORIENTED_EDGE( '', *, *, #4264, .T. );
#2553 = ORIENTED_EDGE( '', *, *, #3956, .T. );
#2554 = ORIENTED_EDGE( '', *, *, #4265, .F. );
#2555 = ORIENTED_EDGE( '', *, *, #3968, .T. );
#2556 = CARTESIAN_POINT( '', ( 3.10500000000000, -0.635000000000000, -1.98000000000000 ) );
#2557 = DIRECTION( '', ( 1.00000000000000, 0.000000000000000, 0.000000000000000 ) );
#2558 = DIRECTION( '', ( 0.000000000000000, 0.000000000000000, -1.00000000000000 ) );
#2559 = SURFACE_STYLE_FILL_AREA( #4266 );
#2560 = ORIENTED_EDGE( '', *, *, #4265, .T. );
#2561 = ORIENTED_EDGE( '', *, *, #3955, .T. );
#2562 = ORIENTED_EDGE( '', *, *, #4100, .F. );
#2563 = ORIENTED_EDGE( '', *, *, #4267, .F. );
#2564 = ORIENTED_EDGE( '', *, *, #4268, .T. );
#2565 = ORIENTED_EDGE( '', *, *, #3965, .T. );
#2566 = CARTESIAN_POINT( '', ( 0.335000000000000, -0.635000000000000, -1.98000000000000 ) );
#2567 = DIRECTION( '', ( -6.26253962446501E-016, 0.000000000000000, 1.00000000000000 ) );
#2568 = DIRECTION( '', ( 1.00000000000000, 0.000000000000000, 6.26253962446501E-016 ) );
#2569 = SURFACE_STYLE_FILL_AREA( #4269 );
#2570 = ORIENTED_EDGE( '', *, *, #4270, .T. );
#2571 = ORIENTED_EDGE( '', *, *, #4271, .F. );
#2572 = ORIENTED_EDGE( '', *, *, #4272, .T. );
#2573 = ORIENTED_EDGE( '', *, *, #4273, .T. );
#2574 = CARTESIAN_POINT( '', ( 6.32500000000000, 4.95000000000000, 2.18500000000000 ) );
#2575 = DIRECTION( '', ( 0.000000000000000, 1.00000000000000, 1.24050591817563E-016 ) );
#2576 = DIRECTION( '', ( 0.000000000000000, -1.24050591817563E-016, 1.00000000000000 ) );
#2577 = SURFACE_STYLE_FILL_AREA( #4274 );
#2578 = ORIENTED_EDGE( '', *, *, #4275, .T. );
#2579 = ORIENTED_EDGE( '', *, *, #4276, .F. );
#2580 = ORIENTED_EDGE( '', *, *, #4277, .F. );
#2581 = ORIENTED_EDGE( '', *, *, #4278, .F. );
#2582 = CARTESIAN_POINT( '', ( -0.320000000000000, 4.25000000000000, -14.8166881514749 ) );
#2583 = DIRECTION( '', ( 0.950031749040490, 0.312153288970447, 2.73484665899195E-017 ) );
#2584 = DIRECTION( '', ( -0.312153288970447, 0.950031749040490, 0.000000000000000 ) );
#2585 = SURFACE_STYLE_FILL_AREA( #4279 );
#2586 = ORIENTED_EDGE( '', *, *, #4257, .F. );
#2587 = ORIENTED_EDGE( '', *, *, #4280, .F. );
#2588 = ORIENTED_EDGE( '', *, *, #4237, .T. );
#2589 = ORIENTED_EDGE( '', *, *, #4281, .T. );
#2590 = CARTESIAN_POINT( '', ( 0.305000000000000, -1.07500000000000, -1.20000000000000 ) );
#2591 = DIRECTION( '', ( 0.000000000000000, -0.661621637086849, 0.749837855365090 ) );
#2592 = DIRECTION( '', ( 0.000000000000000, -0.749837855365090, -0.661621637086849 ) );
#2593 = SURFACE_STYLE_FILL_AREA( #4282 );
#2594 = ORIENTED_EDGE( '', *, *, #4283, .F. );
#2595 = ORIENTED_EDGE( '', *, *, #3936, .F. );
#2596 = ORIENTED_EDGE( '', *, *, #4085, .F. );
#2597 = ORIENTED_EDGE( '', *, *, #4284, .T. );
#2598 = ORIENTED_EDGE( '', *, *, #4285, .T. );
#2599 = ORIENTED_EDGE( '', *, *, #4286, .F. );
#2600 = ORIENTED_EDGE( '', *, *, #4287, .F. );
#2601 = ORIENTED_EDGE( '', *, *, #4288, .T. );
#2602 = ORIENTED_EDGE( '', *, *, #4289, .F. );
#2603 = ORIENTED_EDGE( '', *, *, #4089, .F. );
#2604 = ORIENTED_EDGE( '', *, *, #4223, .T. );
#2605 = ORIENTED_EDGE( '', *, *, #4290, .F. );
#2606 = ORIENTED_EDGE( '', *, *, #4291, .T. );
#2607 = ORIENTED_EDGE( '', *, *, #3973, .T. );
#2608 = ORIENTED_EDGE( '', *, *, #3940, .T. );
#2609 = ORIENTED_EDGE( '', *, *, #4098, .T. );
#2610 = CARTESIAN_POINT( '', ( -5.42500000000000, 4.95000000000000, -14.8166881514748 ) );
#2611 = DIRECTION( '', ( -1.00000000000000, 0.000000000000000, 0.000000000000000 ) );
#2612 = DIRECTION( '', ( 0.000000000000000, 0.000000000000000, 1.00000000000000 ) );
#2613 = SURFACE_STYLE_FILL_AREA( #4292 );
#2614 = ORIENTED_EDGE( '', *, *, #4130, .F. );
#2615 = ORIENTED_EDGE( '', *, *, #4163, .T. );
#2616 = ORIENTED_EDGE( '', *, *, #4293, .T. );
#2617 = ORIENTED_EDGE( '', *, *, #4046, .T. );
#2618 = CARTESIAN_POINT( '', ( 0.320000000000000, -5.30000000000000, 0.320000000000000 ) );
#2619 = DIRECTION( '', ( 0.000000000000000, -3.27306316222039E-016, 1.00000000000000 ) );
#2620 = DIRECTION( '', ( 0.000000000000000, -1.00000000000000, -3.27306316222039E-016 ) );
#2621 = SURFACE_STYLE_FILL_AREA( #4294 );
#2622 = ORIENTED_EDGE( '', *, *, #4295, .T. );
#2623 = ORIENTED_EDGE( '', *, *, #4296, .T. );
#2624 = ORIENTED_EDGE( '', *, *, #4090, .T. );
#2625 = ORIENTED_EDGE( '', *, *, #4289, .T. );
#2626 = ORIENTED_EDGE( '', *, *, #4297, .F. );
#2627 = ORIENTED_EDGE( '', *, *, #4298, .T. );
#2628 = ORIENTED_EDGE( '', *, *, #4299, .T. );
#2629 = ORIENTED_EDGE( '', *, *, #4007, .F. );
#2630 = CARTESIAN_POINT( '', ( -5.61078643762690, 3.05000000000000, 0.535000000000000 ) );
#2631 = DIRECTION( '', ( -3.71726459137889E-015, 0.000000000000000, -1.00000000000000 ) );
#2632 = DIRECTION( '', ( -1.00000000000000, 0.000000000000000, 3.71726459137889E-015 ) );
#2633 = SURFACE_STYLE_FILL_AREA( #4300 );
#2634 = ORIENTED_EDGE( '', *, *, #4301, .T. );
#2635 = ORIENTED_EDGE( '', *, *, #3986, .F. );
#2636 = ORIENTED_EDGE( '', *, *, #4302, .F. );
#2637 = ORIENTED_EDGE( '', *, *, #4303, .F. );
#2638 = CARTESIAN_POINT( '', ( -2.68000000000000, 18.0516881514748, -4.28259858131774E-015 ) );
#2639 = DIRECTION( '', ( -8.47032947254301E-017, 0.000000000000000, 1.00000000000000 ) );
#2640 = DIRECTION( '', ( 1.00000000000000, 0.000000000000000, 8.47032947254301E-017 ) );
#2641 = SURFACE_STYLE_FILL_AREA( #4304 );
#2642 = ORIENTED_EDGE( '', *, *, #4136, .F. );
#2643 = ORIENTED_EDGE( '', *, *, #4305, .F. );
#2644 = ORIENTED_EDGE( '', *, *, #4306, .T. );
#2645 = ORIENTED_EDGE( '', *, *, #4055, .T. );
#2646 = CARTESIAN_POINT( '', ( 0.320000000000000, 1.10303844778314, -0.537500000000000 ) );
#2647 = DIRECTION( '', ( 0.000000000000000, 0.858259505327656, -0.513215959918168 ) );
#2648 = DIRECTION( '', ( 0.000000000000000, 0.513215959918168, 0.858259505327656 ) );
#2649 = SURFACE_STYLE_FILL_AREA( #4307 );
#2650 = ORIENTED_EDGE( '', *, *, #4308, .T. );
#2651 = ORIENTED_EDGE( '', *, *, #4309, .F. );
#2652 = ORIENTED_EDGE( '', *, *, #4310, .F. );
#2653 = ORIENTED_EDGE( '', *, *, #4311, .T. );
#2654 = CARTESIAN_POINT( '', ( 1.10000000000000, 3.85000000000000, -1.08500000000000 ) );
#2655 = DIRECTION( '', ( -1.00000000000000, 0.000000000000000, 8.34001671142695E-017 ) );
#2656 = DIRECTION( '', ( 8.34001671142695E-017, 0.000000000000000, 1.00000000000000 ) );
#2657 = SURFACE_STYLE_FILL_AREA( #4312 );
#2658 = ORIENTED_EDGE( '', *, *, #4313, .F. );
#2659 = ORIENTED_EDGE( '', *, *, #4314, .T. );
#2660 = ORIENTED_EDGE( '', *, *, #4093, .T. );
#2661 = ORIENTED_EDGE( '', *, *, #4000, .F. );
#2662 = CARTESIAN_POINT( '', ( -5.61078643762690, 3.05000000000000, 0.535000000000000 ) );
#2663 = DIRECTION( '', ( -3.71726459137889E-015, 0.000000000000000, -1.00000000000000 ) );
#2664 = DIRECTION( '', ( -1.00000000000000, 0.000000000000000, 3.71726459137889E-015 ) );
#2665 = SURFACE_STYLE_FILL_AREA( #4315 );
#2666 = ORIENTED_EDGE( '', *, *, #4316, .F. );
#2667 = ORIENTED_EDGE( '', *, *, #4005, .T. );
#2668 = ORIENTED_EDGE( '', *, *, #4317, .T. );
#2669 = ORIENTED_EDGE( '', *, *, #4318, .F. );
#2670 = CARTESIAN_POINT( '', ( -4.91078643762691, 3.05000000000000, -0.765000000000000 ) );
#2671 = DIRECTION( '', ( 0.000000000000000, 0.000000000000000, -1.00000000000000 ) );
#2672 = DIRECTION( '', ( -1.00000000000000, 0.000000000000000, 0.000000000000000 ) );
#2673 = SURFACE_STYLE_FILL_AREA( #4319 );
#2674 = ORIENTED_EDGE( '', *, *, #4320, .T. );
#2675 = ORIENTED_EDGE( '', *, *, #4321, .F. );
#2676 = ORIENTED_EDGE( '', *, *, #4322, .F. );
#2677 = ORIENTED_EDGE( '', *, *, #4323, .T. );
#2678 = CARTESIAN_POINT( '', ( -3.00000000000000, -3.25000000000000, -1.54500000000000 ) );
#2679 = DIRECTION( '', ( -9.63735264431562E-016, 1.00000000000000, 8.76122967665054E-017 ) );
#2680 = DIRECTION( '', ( -1.00000000000000, -9.63735264431562E-016, 0.000000000000000 ) );
#2681 = SURFACE_STYLE_FILL_AREA( #4324 );
#2682 = ORIENTED_EDGE( '', *, *, #4293, .F. );
#2683 = ORIENTED_EDGE( '', *, *, #4325, .T. );
#2684 = ORIENTED_EDGE( '', *, *, #4202, .F. );
#2685 = ORIENTED_EDGE( '', *, *, #4042, .F. );
#2686 = ORIENTED_EDGE( '', *, *, #4052, .F. );
#2687 = ORIENTED_EDGE( '', *, *, #4326, .F. );
#2688 = ORIENTED_EDGE( '', *, *, #4327, .F. );
#2689 = ORIENTED_EDGE( '', *, *, #4328, .F. );
#2690 = ORIENTED_EDGE( '', *, *, #4329, .F. );
#2691 = ORIENTED_EDGE( '', *, *, #4330, .F. );
#2692 = ORIENTED_EDGE( '', *, *, #4331, .F. );
#2693 = ORIENTED_EDGE( '', *, *, #4056, .F. );
#2694 = ORIENTED_EDGE( '', *, *, #4306, .F. );
#2695 = ORIENTED_EDGE( '', *, *, #4332, .F. );
#2696 = ORIENTED_EDGE( '', *, *, #4211, .F. );
#2697 = ORIENTED_EDGE( '', *, *, #4215, .F. );
#2698 = ORIENTED_EDGE( '', *, *, #4333, .F. );
#2699 = ORIENTED_EDGE( '', *, *, #4334, .F. );
#2700 = ORIENTED_EDGE( '', *, *, #4047, .F. );
#2701 = CARTESIAN_POINT( '', ( 0.320000000000000, 0.000000000000000, 0.000000000000000 ) );
#2702 = DIRECTION( '', ( -1.00000000000000, 0.000000000000000, 0.000000000000000 ) );
#2703 = DIRECTION( '', ( 0.000000000000000, 0.000000000000000, 1.00000000000000 ) );
#2704 = SURFACE_STYLE_FILL_AREA( #4335 );
#2705 = ORIENTED_EDGE( '', *, *, #4253, .F. );
#2706 = ORIENTED_EDGE( '', *, *, #4336, .F. );
#2707 = ORIENTED_EDGE( '', *, *, #4241, .T. );
#2708 = ORIENTED_EDGE( '', *, *, #4337, .T. );
#2709 = CARTESIAN_POINT( '', ( 0.305000000000000, 1.07500000000000, -1.20000000000000 ) );
#2710 = DIRECTION( '', ( 0.000000000000000, 0.661621637086849, 0.749837855365090 ) );
#2711 = DIRECTION( '', ( 0.000000000000000, -0.749837855365090, 0.661621637086849 ) );
#2712 = SURFACE_STYLE_FILL_AREA( #4338 );
#2713 = ORIENTED_EDGE( '', *, *, #4234, .F. );
#2714 = ORIENTED_EDGE( '', *, *, #4249, .T. );
#2715 = CARTESIAN_POINT( '', ( 0.305000000000000, 0.000000000000000, -0.800000000000000 ) );
#2716 = DIRECTION( '', ( 1.00000000000000, -0.000000000000000, -0.000000000000000 ) );
#2717 = DIRECTION( '', ( 0.000000000000000, 0.000000000000000, 1.00000000000000 ) );
#2718 = SURFACE_STYLE_FILL_AREA( #4339 );
#2719 = ORIENTED_EDGE( '', *, *, #4340, .T. );
#2720 = ORIENTED_EDGE( '', *, *, #4029, .T. );
#2721 = ORIENTED_EDGE( '', *, *, #4341, .F. );
#2722 = ORIENTED_EDGE( '', *, *, #4342, .F. );
#2723 = CARTESIAN_POINT( '', ( 0.320000000000000, 3.61000000000000, -14.8166881514749 ) );
#2724 = DIRECTION( '', ( 0.000000000000000, 1.00000000000000, 8.76122967665054E-017 ) );
#2725 = DIRECTION( '', ( 0.000000000000000, -8.76122967665054E-017, 1.00000000000000 ) );
#2726 = SURFACE_STYLE_FILL_AREA( #4343 );
#2727 = ORIENTED_EDGE( '', *, *, #4344, .F. );
#2728 = ORIENTED_EDGE( '', *, *, #4156, .F. );
#2729 = ORIENTED_EDGE( '', *, *, #4345, .T. );
#2730 = ORIENTED_EDGE( '', *, *, #4346, .T. );
#2731 = CARTESIAN_POINT( '', ( 2.10000000000000, -3.25000000000000, -1.54500000000000 ) );
#2732 = DIRECTION( '', ( -1.00000000000000, 1.44560289664734E-016, 1.26652589987587E-032 ) );
#2733 = DIRECTION( '', ( -1.44560289664734E-016, -1.00000000000000, 0.000000000000000 ) );
#2734 = SURFACE_STYLE_FILL_AREA( #4347 );
#2735 = ORIENTED_EDGE( '', *, *, #4322, .T. );
#2736 = ORIENTED_EDGE( '', *, *, #4348, .T. );
#2737 = ORIENTED_EDGE( '', *, *, #4349, .T. );
#2738 = ORIENTED_EDGE( '', *, *, #4350, .T. );
#2739 = ORIENTED_EDGE( '', *, *, #4351, .F. );
#2740 = ORIENTED_EDGE( '', *, *, #4352, .F. );
#2741 = ORIENTED_EDGE( '', *, *, #4345, .F. );
#2742 = ORIENTED_EDGE( '', *, *, #4155, .F. );
#2743 = ORIENTED_EDGE( '', *, *, #3994, .F. );
#2744 = ORIENTED_EDGE( '', *, *, #4353, .T. );
#2745 = ORIENTED_EDGE( '', *, *, #4354, .T. );
#2746 = ORIENTED_EDGE( '', *, *, #4355, .T. );
#2747 = ORIENTED_EDGE( '', *, *, #4356, .T. );
#2748 = ORIENTED_EDGE( '', *, *, #4357, .T. );
#2749 = ORIENTED_EDGE( '', *, *, #4358, .F. );
#2750 = ORIENTED_EDGE( '', *, *, #4359, .F. );
#2751 = ORIENTED_EDGE( '', *, *, #4360, .F. );
#2752 = ORIENTED_EDGE( '', *, *, #4361, .F. );
#2753 = ORIENTED_EDGE( '', *, *, #4362, .T. );
#2754 = ORIENTED_EDGE( '', *, *, #4363, .T. );
#2755 = ORIENTED_EDGE( '', *, *, #4172, .F. );
#2756 = ORIENTED_EDGE( '', *, *, #4003, .F. );
#2757 = ORIENTED_EDGE( '', *, *, #3974, .F. );
#2758 = ORIENTED_EDGE( '', *, *, #4291, .F. );
#2759 = ORIENTED_EDGE( '', *, *, #4364, .T. );
#2760 = ORIENTED_EDGE( '', *, *, #4365, .T. );
#2761 = ORIENTED_EDGE( '', *, *, #4272, .F. );
#2762 = ORIENTED_EDGE( '', *, *, #4366, .T. );
#2763 = ORIENTED_EDGE( '', *, *, #4367, .T. );
#2764 = ORIENTED_EDGE( '', *, *, #4368, .T. );
#2765 = ORIENTED_EDGE( '', *, *, #4369, .T. );
#2766 = ORIENTED_EDGE( '', *, *, #4370, .T. );
#2767 = ORIENTED_EDGE( '', *, *, #4371, .F. );
#2768 = ORIENTED_EDGE( '', *, *, #4372, .T. );
#2769 = ORIENTED_EDGE( '', *, *, #4373, .T. );
#2770 = ORIENTED_EDGE( '', *, *, #4342, .T. );
#2771 = ORIENTED_EDGE( '', *, *, #4374, .T. );
#2772 = ORIENTED_EDGE( '', *, *, #4375, .T. );
#2773 = CARTESIAN_POINT( '', ( 0.000000000000000, 1.35360998504251E-016, -1.54500000000000 ) );
#2774 = DIRECTION( '', ( 0.000000000000000, 8.76122967665054E-017, -1.00000000000000 ) );
#2775 = DIRECTION( '', ( 0.000000000000000, 1.00000000000000, 8.76122967665054E-017 ) );
#2776 = SURFACE_STYLE_FILL_AREA( #4376 );
#2777 = ORIENTED_EDGE( '', *, *, #4181, .F. );
#2778 = ORIENTED_EDGE( '', *, *, #3948, .F. );
#2779 = ORIENTED_EDGE( '', *, *, #4189, .T. );
#2780 = ORIENTED_EDGE( '', *, *, #4377, .T. );
#2781 = CARTESIAN_POINT( '', ( 1.72500000000000, 1.05000000000000, -0.955000000000000 ) );
#2782 = DIRECTION( '', ( 1.00000000000000, 0.000000000000000, 0.000000000000000 ) );
#2783 = DIRECTION( '', ( 0.000000000000000, 0.000000000000000, -1.00000000000000 ) );
#2784 = SURFACE_STYLE_FILL_AREA( #4378 );
#2785 = ORIENTED_EDGE( '', *, *, #3998, .T. );
#2786 = ORIENTED_EDGE( '', *, *, #4012, .F. );
#2787 = ORIENTED_EDGE( '', *, *, #4379, .F. );
#2788 = ORIENTED_EDGE( '', *, *, #4380, .F. );
#2789 = ORIENTED_EDGE( '', *, *, #4381, .F. );
#2790 = CARTESIAN_POINT( '', ( -4.91078643762690, -3.53579208280703, 1.53500000000000 ) );
#2791 = DIRECTION( '', ( 1.68662275835171E-015, 0.000000000000000, 1.00000000000000 ) );
#2792 = DIRECTION( '', ( 1.00000000000000, 0.000000000000000, -1.68662275835171E-015 ) );
#2793 = SURFACE_STYLE_FILL_AREA( #4382 );
#2794 = ORIENTED_EDGE( '', *, *, #4120, .T. );
#2795 = ORIENTED_EDGE( '', *, *, #4383, .F. );
#2796 = ORIENTED_EDGE( '', *, *, #4384, .F. );
#2797 = ORIENTED_EDGE( '', *, *, #4385, .T. );
#2798 = CARTESIAN_POINT( '', ( -1.10000000000000, 3.85000000000000, 1.51500000000000 ) );
#2799 = DIRECTION( '', ( 1.00000000000000, 0.000000000000000, -8.34001671142695E-017 ) );
#2800 = DIRECTION( '', ( -8.34001671142695E-017, 0.000000000000000, -1.00000000000000 ) );
#2801 = SURFACE_STYLE_FILL_AREA( #4386 );
#2802 = ORIENTED_EDGE( '', *, *, #4387, .F. );
#2803 = ORIENTED_EDGE( '', *, *, #4275, .F. );
#2804 = ORIENTED_EDGE( '', *, *, #4388, .F. );
#2805 = ORIENTED_EDGE( '', *, *, #4389, .T. );
#2806 = CARTESIAN_POINT( '', ( 6.32500000000000, 4.95000000000000, 2.18500000000000 ) );
#2807 = DIRECTION( '', ( 0.000000000000000, 1.00000000000000, 1.24050591817563E-016 ) );
#2808 = DIRECTION( '', ( 0.000000000000000, -1.24050591817563E-016, 1.00000000000000 ) );
#2809 = SURFACE_STYLE_FILL_AREA( #4390 );
#2810 = ORIENTED_EDGE( '', *, *, #4391, .T. );
#2811 = ORIENTED_EDGE( '', *, *, #4392, .F. );
#2812 = ORIENTED_EDGE( '', *, *, #4393, .F. );
#2813 = ORIENTED_EDGE( '', *, *, #4372, .F. );
#2814 = CARTESIAN_POINT( '', ( -0.320000000000000, 4.25000000000000, -14.8166881514749 ) );
#2815 = DIRECTION( '', ( 0.950031749040490, 0.312153288970447, 2.73484665899195E-017 ) );
#2816 = DIRECTION( '', ( -0.312153288970447, 0.950031749040490, 0.000000000000000 ) );
#2817 = SURFACE_STYLE_FILL_AREA( #4394 );
#2818 = ORIENTED_EDGE( '', *, *, #4078, .T. );
#2819 = ORIENTED_EDGE( '', *, *, #4064, .F. );
#2820 = ORIENTED_EDGE( '', *, *, #4395, .F. );
#2821 = ORIENTED_EDGE( '', *, *, #4396, .F. );
#2822 = CARTESIAN_POINT( '', ( -10.6766881514749, 4.95000000000000, -1.08500000000000 ) );
#2823 = DIRECTION( '', ( 0.000000000000000, 3.09772049281573E-016, 1.00000000000000 ) );
#2824 = DIRECTION( '', ( 0.000000000000000, -1.00000000000000, 3.09772049281573E-016 ) );
#2825 = SURFACE_STYLE_FILL_AREA( #4397 );
#2826 = ORIENTED_EDGE( '', *, *, #4398, .F. );
#2827 = ORIENTED_EDGE( '', *, *, #4399, .F. );
#2828 = ORIENTED_EDGE( '', *, *, #4400, .F. );
#2829 = ORIENTED_EDGE( '', *, *, #4401, .F. );
#2830 = ORIENTED_EDGE( '', *, *, #4402, .F. );
#2831 = ORIENTED_EDGE( '', *, *, #3962, .F. );
#2832 = ORIENTED_EDGE( '', *, *, #4403, .F. );
#2833 = ORIENTED_EDGE( '', *, *, #4197, .F. );
#2834 = CARTESIAN_POINT( '', ( 0.000000000000000, 3.05000000000000, 0.000000000000000 ) );
#2835 = DIRECTION( '', ( 0.000000000000000, 1.00000000000000, 0.000000000000000 ) );
#2836 = DIRECTION( '', ( 0.000000000000000, 0.000000000000000, 1.00000000000000 ) );
#2837 = SURFACE_STYLE_FILL_AREA( #4404 );
#2838 = ORIENTED_EDGE( '', *, *, #4405, .T. );
#2839 = ORIENTED_EDGE( '', *, *, #4406, .T. );
#2840 = ORIENTED_EDGE( '', *, *, #4407, .F. );
#2841 = ORIENTED_EDGE( '', *, *, #4408, .T. );
#2842 = CARTESIAN_POINT( '', ( -10.6766881514749, 4.25000000000000, 1.51500000000000 ) );
#2843 = DIRECTION( '', ( 0.000000000000000, 3.09772049281573E-016, -1.00000000000000 ) );
#2844 = DIRECTION( '', ( 0.000000000000000, 1.00000000000000, 3.09772049281573E-016 ) );
#2845 = SURFACE_STYLE_FILL_AREA( #4409 );
#2846 = ORIENTED_EDGE( '', *, *, #4410, .F. );
#2847 = ORIENTED_EDGE( '', *, *, #4168, .F. );
#2848 = ORIENTED_EDGE( '', *, *, #4411, .T. );
#2849 = ORIENTED_EDGE( '', *, *, #4412, .T. );
#2850 = CARTESIAN_POINT( '', ( 1.30000000000000, -1.65000000000000, 3.38500000000000 ) );
#2851 = DIRECTION( '', ( 0.000000000000000, 0.000000000000000, 1.00000000000000 ) );
#2852 = DIRECTION( '', ( 1.00000000000000, 0.000000000000000, 0.000000000000000 ) );
#2853 = SURFACE_STYLE_FILL_AREA( #4413 );
#2854 = ORIENTED_EDGE( '', *, *, #4388, .T. );
#2855 = ORIENTED_EDGE( '', *, *, #4278, .T. );
#2856 = ORIENTED_EDGE( '', *, *, #4117, .F. );
#2857 = ORIENTED_EDGE( '', *, *, #4385, .F. );
#2858 = ORIENTED_EDGE( '', *, *, #4414, .F. );
#2859 = ORIENTED_EDGE( '', *, *, #4415, .T. );
#2860 = ORIENTED_EDGE( '', *, *, #4416, .F. );
#2861 = ORIENTED_EDGE( '', *, *, #4417, .T. );
#2862 = CARTESIAN_POINT( '', ( -10.6766881514749, 4.25000000000000, 1.51500000000000 ) );
#2863 = DIRECTION( '', ( 0.000000000000000, 3.09772049281573E-016, -1.00000000000000 ) );
#2864 = DIRECTION( '', ( 0.000000000000000, 1.00000000000000, 3.09772049281573E-016 ) );
#2865 = SURFACE_STYLE_FILL_AREA( #4418 );
#2866 = ORIENTED_EDGE( '', *, *, #4419, .T. );
#2867 = ORIENTED_EDGE( '', *, *, #4420, .T. );
#2868 = ORIENTED_EDGE( '', *, *, #4153, .T. );
#2869 = ORIENTED_EDGE( '', *, *, #4344, .T. );
#2870 = CARTESIAN_POINT( '', ( 6.32500000000000, 4.95000000000000, -2.18500000000000 ) );
#2871 = DIRECTION( '', ( 0.000000000000000, 8.76122967665054E-017, -1.00000000000000 ) );
#2872 = DIRECTION( '', ( 0.000000000000000, 1.00000000000000, 8.76122967665054E-017 ) );
#2873 = SURFACE_STYLE_FILL_AREA( #4421 );
#2874 = ORIENTED_EDGE( '', *, *, #4422, .T. );
#2875 = ORIENTED_EDGE( '', *, *, #4423, .F. );
#2876 = ORIENTED_EDGE( '', *, *, #3995, .F. );
#2877 = ORIENTED_EDGE( '', *, *, #4375, .F. );
#2878 = CARTESIAN_POINT( '', ( 0.320000000000000, 4.25000000000000, -14.8166881514749 ) );
#2879 = DIRECTION( '', ( -0.950031749040490, 0.312153288970446, 2.73484665899195E-017 ) );
#2880 = DIRECTION( '', ( -0.312153288970446, -0.950031749040490, 0.000000000000000 ) );
#2881 = SURFACE_STYLE_FILL_AREA( #4424 );
#2882 = ORIENTED_EDGE( '', *, *, #4425, .T. );
#2883 = ORIENTED_EDGE( '', *, *, #4287, .T. );
#2884 = ORIENTED_EDGE( '', *, *, #4426, .T. );
#2885 = ORIENTED_EDGE( '', *, *, #4427, .F. );
#2886 = CARTESIAN_POINT( '', ( -5.42500000000000, -13.5516881514749, 1.51500000000000 ) );
#2887 = DIRECTION( '', ( 7.04731412115581E-015, -1.16268329489062E-016, 1.00000000000000 ) );
#2888 = DIRECTION( '', ( 1.00000000000000, 0.000000000000000, -7.04731412115581E-015 ) );
#2889 = SURFACE_STYLE_FILL_AREA( #4428 );
#2890 = ORIENTED_EDGE( '', *, *, #4111, .T. );
#2891 = ORIENTED_EDGE( '', *, *, #4429, .F. );
#2892 = ORIENTED_EDGE( '', *, *, #4400, .T. );
#2893 = ORIENTED_EDGE( '', *, *, #4430, .T. );
#2894 = CARTESIAN_POINT( '', ( 5.61078643762690, 3.05000000000000, 1.53500000000000 ) );
#2895 = DIRECTION( '', ( -1.00000000000000, 0.000000000000000, 0.000000000000000 ) );
#2896 = DIRECTION( '', ( 0.000000000000000, 0.000000000000000, 1.00000000000000 ) );
#2897 = SURFACE_STYLE_FILL_AREA( #4431 );
#2898 = ORIENTED_EDGE( '', *, *, #4432, .T. );
#2899 = ORIENTED_EDGE( '', *, *, #4433, .T. );
#2900 = ORIENTED_EDGE( '', *, *, #4270, .F. );
#2901 = ORIENTED_EDGE( '', *, *, #4434, .T. );
#2902 = CARTESIAN_POINT( '', ( -10.6766881514749, 4.95000000000000, -1.08500000000000 ) );
#2903 = DIRECTION( '', ( 0.000000000000000, 3.09772049281573E-016, 1.00000000000000 ) );
#2904 = DIRECTION( '', ( 0.000000000000000, -1.00000000000000, 3.09772049281573E-016 ) );
#2905 = SURFACE_STYLE_FILL_AREA( #4435 );
#2906 = ORIENTED_EDGE( '', *, *, #3937, .T. );
#2907 = ORIENTED_EDGE( '', *, *, #4283, .T. );
#2908 = ORIENTED_EDGE( '', *, *, #4097, .F. );
#2909 = ORIENTED_EDGE( '', *, *, #4436, .F. );
#2910 = CARTESIAN_POINT( '', ( -10.6766881514749, 4.95000000000000, -1.08500000000000 ) );
#2911 = DIRECTION( '', ( 0.000000000000000, 3.09772049281573E-016, 1.00000000000000 ) );
#2912 = DIRECTION( '', ( 0.000000000000000, -1.00000000000000, 3.09772049281573E-016 ) );
#2913 = SURFACE_STYLE_FILL_AREA( #4437 );
#2914 = ORIENTED_EDGE( '', *, *, #4131, .F. );
#2915 = ORIENTED_EDGE( '', *, *, #4048, .F. );
#2916 = ORIENTED_EDGE( '', *, *, #4334, .T. );
#2917 = ORIENTED_EDGE( '', *, *, #4438, .T. );
#2918 = CARTESIAN_POINT( '', ( 0.320000000000000, 0.000000000000000, 1.07500000000000 ) );
#2919 = DIRECTION( '', ( 0.000000000000000, 7.05172144706019E-016, 1.00000000000000 ) );
#2920 = DIRECTION( '', ( 0.000000000000000, -1.00000000000000, 7.05172144706019E-016 ) );
#2921 = SURFACE_STYLE_FILL_AREA( #4439 );
#2922 = ORIENTED_EDGE( '', *, *, #4440, .F. );
#2923 = ORIENTED_EDGE( '', *, *, #4441, .T. );
#2924 = ORIENTED_EDGE( '', *, *, #4442, .T. );
#2925 = ORIENTED_EDGE( '', *, *, #4173, .F. );
#2926 = ORIENTED_EDGE( '', *, *, #4363, .F. );
#2927 = ORIENTED_EDGE( '', *, *, #4443, .F. );
#2928 = ORIENTED_EDGE( '', *, *, #4444, .T. );
#2929 = ORIENTED_EDGE( '', *, *, #4445, .F. );
#2930 = ORIENTED_EDGE( '', *, *, #3963, .F. );
#2931 = ORIENTED_EDGE( '', *, *, #4402, .T. );
#2932 = ORIENTED_EDGE( '', *, *, #4446, .T. );
#2933 = ORIENTED_EDGE( '', *, *, #4175, .F. );
#2934 = ORIENTED_EDGE( '', *, *, #4447, .F. );
#2935 = ORIENTED_EDGE( '', *, *, #4113, .T. );
#2936 = CARTESIAN_POINT( '', ( 4.91078643762690, -3.53579208280703, -0.465000000000000 ) );
#2937 = DIRECTION( '', ( 1.00000000000000, 0.000000000000000, 0.000000000000000 ) );
#2938 = DIRECTION( '', ( 0.000000000000000, 0.000000000000000, -1.00000000000000 ) );
#2939 = SURFACE_STYLE_FILL_AREA( #4448 );
#2940 = ORIENTED_EDGE( '', *, *, #4449, .T. );
#2941 = ORIENTED_EDGE( '', *, *, #4450, .F. );
#2942 = ORIENTED_EDGE( '', *, *, #4451, .F. );
#2943 = ORIENTED_EDGE( '', *, *, #4357, .F. );
#2944 = CARTESIAN_POINT( '', ( 3.32000000000000, 4.25000000000000, -14.8166881514749 ) );
#2945 = DIRECTION( '', ( -0.950031749040490, 0.312153288970446, 2.73484665899195E-017 ) );
#2946 = DIRECTION( '', ( -0.312153288970446, -0.950031749040490, 0.000000000000000 ) );
#2947 = SURFACE_STYLE_FILL_AREA( #4452 );
#2948 = ORIENTED_EDGE( '', *, *, #4358, .T. );
#2949 = ORIENTED_EDGE( '', *, *, #4451, .T. );
#2950 = ORIENTED_EDGE( '', *, *, #4453, .T. );
#2951 = ORIENTED_EDGE( '', *, *, #4454, .T. );
#2952 = CARTESIAN_POINT( '', ( 6.32500000000000, 4.95000000000000, 2.18500000000000 ) );
#2953 = DIRECTION( '', ( 0.000000000000000, 1.00000000000000, 1.24050591817563E-016 ) );
#2954 = DIRECTION( '', ( 0.000000000000000, -1.24050591817563E-016, 1.00000000000000 ) );
#2955 = SURFACE_STYLE_FILL_AREA( #4455 );
#2956 = ORIENTED_EDGE( '', *, *, #4456, .T. );
#2957 = ORIENTED_EDGE( '', *, *, #4262, .T. );
#2958 = ORIENTED_EDGE( '', *, *, #4457, .F. );
#2959 = ORIENTED_EDGE( '', *, *, #4355, .F. );
#2960 = CARTESIAN_POINT( '', ( 3.32000000000000, 3.61000000000000, -14.8166881514749 ) );
#2961 = DIRECTION( '', ( 0.000000000000000, 1.00000000000000, 8.76122967665054E-017 ) );
#2962 = DIRECTION( '', ( 0.000000000000000, -8.76122967665054E-017, 1.00000000000000 ) );
#2963 = SURFACE_STYLE_FILL_AREA( #4458 );
#2964 = ORIENTED_EDGE( '', *, *, #4459, .F. );
#2965 = ORIENTED_EDGE( '', *, *, #4460, .T. );
#2966 = ORIENTED_EDGE( '', *, *, #4461, .T. );
#2967 = ORIENTED_EDGE( '', *, *, #4072, .T. );
#2968 = CARTESIAN_POINT( '', ( 6.32500000000000, 3.05000000000000, -0.770786437626903 ) );
#2969 = DIRECTION( '', ( 0.707106781186548, 0.000000000000000, -0.707106781186547 ) );
#2970 = DIRECTION( '', ( -0.707106781186547, 0.000000000000000, -0.707106781186548 ) );
#2971 = SURFACE_STYLE_FILL_AREA( #4462 );
#2972 = ORIENTED_EDGE( '', *, *, #4008, .T. );
#2973 = ORIENTED_EDGE( '', *, *, #4299, .F. );
#2974 = ORIENTED_EDGE( '', *, *, #4463, .F. );
#2975 = ORIENTED_EDGE( '', *, *, #4379, .T. );
#2976 = ORIENTED_EDGE( '', *, *, #4464, .T. );
#2977 = ORIENTED_EDGE( '', *, *, #4465, .T. );
#2978 = CARTESIAN_POINT( '', ( 0.000000000000000, -3.53579208280703, 0.000000000000000 ) );
#2979 = DIRECTION( '', ( 0.000000000000000, -1.00000000000000, 0.000000000000000 ) );
#2980 = DIRECTION( '', ( 0.000000000000000, 0.000000000000000, -1.00000000000000 ) );
#2981 = SURFACE_STYLE_FILL_AREA( #4466 );
#2982 = ORIENTED_EDGE( '', *, *, #4467, .T. );
#2983 = ORIENTED_EDGE( '', *, *, #4468, .F. );
#2984 = ORIENTED_EDGE( '', *, *, #4348, .F. );
#2985 = ORIENTED_EDGE( '', *, *, #4321, .T. );
#2986 = CARTESIAN_POINT( '', ( -2.10000000000000, -3.25000000000000, -1.54500000000000 ) );
#2987 = DIRECTION( '', ( -1.00000000000000, 1.44560289664734E-016, 1.26652589987587E-032 ) );
#2988 = DIRECTION( '', ( -1.44560289664734E-016, -1.00000000000000, 0.000000000000000 ) );
#2989 = SURFACE_STYLE_FILL_AREA( #4469 );
#2990 = ORIENTED_EDGE( '', *, *, #4082, .T. );
#2991 = ORIENTED_EDGE( '', *, *, #4034, .T. );
#2992 = ORIENTED_EDGE( '', *, *, #4470, .F. );
#2993 = ORIENTED_EDGE( '', *, *, #4471, .F. );
#2994 = ORIENTED_EDGE( '', *, *, #4472, .F. );
#2995 = ORIENTED_EDGE( '', *, *, #4309, .T. );
#2996 = ORIENTED_EDGE( '', *, *, #4473, .F. );
#2997 = ORIENTED_EDGE( '', *, *, #4024, .T. );
#2998 = CARTESIAN_POINT( '', ( -10.6766881514749, 4.25000000000000, 1.51500000000000 ) );
#2999 = DIRECTION( '', ( 0.000000000000000, 3.09772049281573E-016, -1.00000000000000 ) );
#3000 = DIRECTION( '', ( 0.000000000000000, 1.00000000000000, 3.09772049281573E-016 ) );
#3001 = SURFACE_STYLE_FILL_AREA( #4474 );
#3002 = ORIENTED_EDGE( '', *, *, #4475, .F. );
#3003 = ORIENTED_EDGE( '', *, *, #4295, .F. );
#3004 = ORIENTED_EDGE( '', *, *, #4006, .T. );
#3005 = ORIENTED_EDGE( '', *, *, #4316, .T. );
#3006 = CARTESIAN_POINT( '', ( -4.91078643762690, -1.42500000000000, 16.2366881514749 ) );
#3007 = DIRECTION( '', ( -8.82593806864620E-017, -1.00000000000000, 1.55794365583157E-032 ) );
#3008 = DIRECTION( '', ( 1.00000000000000, -8.82593806864620E-017, 0.000000000000000 ) );
#3009 = SURFACE_STYLE_FILL_AREA( #4476 );
#3010 = ORIENTED_EDGE( '', *, *, #4477, .T. );
#3011 = ORIENTED_EDGE( '', *, *, #4478, .F. );
#3012 = ORIENTED_EDGE( '', *, *, #4479, .F. );
#3013 = ORIENTED_EDGE( '', *, *, #4370, .F. );
#3014 = CARTESIAN_POINT( '', ( -2.68000000000000, 4.25000000000000, -14.8166881514749 ) );
#3015 = DIRECTION( '', ( -0.950031749040490, 0.312153288970446, 2.73484665899195E-017 ) );
#3016 = DIRECTION( '', ( -0.312153288970446, -0.950031749040490, 0.000000000000000 ) );
#3017 = SURFACE_STYLE_FILL_AREA( #4480 );
#3018 = ORIENTED_EDGE( '', *, *, #4288, .F. );
#3019 = ORIENTED_EDGE( '', *, *, #4425, .F. );
#3020 = ORIENTED_EDGE( '', *, *, #4481, .F. );
#3021 = ORIENTED_EDGE( '', *, *, #4313, .T. );
#3022 = ORIENTED_EDGE( '', *, *, #3999, .T. );
#3023 = ORIENTED_EDGE( '', *, *, #4381, .T. );
#3024 = ORIENTED_EDGE( '', *, *, #4482, .T. );
#3025 = ORIENTED_EDGE( '', *, *, #4297, .T. );
#3026 = CARTESIAN_POINT( '', ( 0.000000000000000, 3.05000000000000, 0.000000000000000 ) );
#3027 = DIRECTION( '', ( 0.000000000000000, -1.00000000000000, 0.000000000000000 ) );
#3028 = DIRECTION( '', ( 0.000000000000000, 0.000000000000000, -1.00000000000000 ) );
#3029 = SURFACE_STYLE_FILL_AREA( #4483 );
#3030 = ORIENTED_EDGE( '', *, *, #4185, .T. );
#3031 = ORIENTED_EDGE( '', *, *, #4066, .F. );
#3032 = ORIENTED_EDGE( '', *, *, #4077, .F. );
#3033 = ORIENTED_EDGE( '', *, *, #4484, .F. );
#3034 = CARTESIAN_POINT( '', ( -10.6766881514749, 4.25000000000000, 1.51500000000000 ) );
#3035 = DIRECTION( '', ( 0.000000000000000, 3.09772049281573E-016, -1.00000000000000 ) );
#3036 = DIRECTION( '', ( 0.000000000000000, 1.00000000000000, 3.09772049281573E-016 ) );
#3037 = SURFACE_STYLE_FILL_AREA( #4485 );
#3038 = ORIENTED_EDGE( '', *, *, #4180, .F. );
#3039 = ORIENTED_EDGE( '', *, *, #3990, .F. );
#3040 = ORIENTED_EDGE( '', *, *, #3981, .T. );
#3041 = ORIENTED_EDGE( '', *, *, #4145, .T. );
#3042 = CARTESIAN_POINT( '', ( -1.72500000000000, 1.05000000000000, 1.59500000000000 ) );
#3043 = DIRECTION( '', ( -1.00000000000000, 0.000000000000000, 0.000000000000000 ) );
#3044 = DIRECTION( '', ( 0.000000000000000, 0.000000000000000, 1.00000000000000 ) );
#3045 = SURFACE_STYLE_FILL_AREA( #4486 );
#3046 = ORIENTED_EDGE( '', *, *, #4487, .T. );
#3047 = ORIENTED_EDGE( '', *, *, #4227, .T. );
#3048 = ORIENTED_EDGE( '', *, *, #4488, .T. );
#3049 = ORIENTED_EDGE( '', *, *, #4442, .F. );
#3050 = CARTESIAN_POINT( '', ( 4.91078643762691, 3.05000000000000, -0.765000000000000 ) );
#3051 = DIRECTION( '', ( -1.76518761372925E-016, 0.000000000000000, 1.00000000000000 ) );
#3052 = DIRECTION( '', ( 1.00000000000000, 0.000000000000000, 1.76518761372925E-016 ) );
#3053 = SURFACE_STYLE_FILL_AREA( #4489 );
#3054 = ORIENTED_EDGE( '', *, *, #4142, .F. );
#3055 = ORIENTED_EDGE( '', *, *, #4490, .F. );
#3056 = ORIENTED_EDGE( '', *, *, #4326, .T. );
#3057 = ORIENTED_EDGE( '', *, *, #4051, .T. );
#3058 = CARTESIAN_POINT( '', ( 0.320000000000000, 0.593097562292556, -2.57500000000000 ) );
#3059 = DIRECTION( '', ( 0.000000000000000, -1.00000000000000, 0.000000000000000 ) );
#3060 = DIRECTION( '', ( 0.000000000000000, 0.000000000000000, -1.00000000000000 ) );
#3061 = SURFACE_STYLE_FILL_AREA( #4491 );
#3062 = ORIENTED_EDGE( '', *, *, #4472, .T. );
#3063 = ORIENTED_EDGE( '', *, *, #4492, .T. );
#3064 = ORIENTED_EDGE( '', *, *, #4493, .T. );
#3065 = ORIENTED_EDGE( '', *, *, #4310, .T. );
#3066 = CARTESIAN_POINT( '', ( 0.000000000000000, 3.85000000000000, 0.000000000000000 ) );
#3067 = DIRECTION( '', ( 0.000000000000000, 1.00000000000000, 0.000000000000000 ) );
#3068 = DIRECTION( '', ( 0.000000000000000, 0.000000000000000, 1.00000000000000 ) );
#3069 = SURFACE_STYLE_FILL_AREA( #4494 );
#3070 = ORIENTED_EDGE( '', *, *, #4495, .T. );
#3071 = ORIENTED_EDGE( '', *, *, #4496, .F. );
#3072 = ORIENTED_EDGE( '', *, *, #4389, .F. );
#3073 = ORIENTED_EDGE( '', *, *, #4417, .F. );
#3074 = CARTESIAN_POINT( '', ( -2.68000000000000, 4.25000000000000, -14.8166881514749 ) );
#3075 = DIRECTION( '', ( -0.950031749040490, 0.312153288970446, 2.73484665899195E-017 ) );
#3076 = DIRECTION( '', ( -0.312153288970446, -0.950031749040490, 0.000000000000000 ) );
#3077 = SURFACE_STYLE_FILL_AREA( #4497 );
#3078 = ORIENTED_EDGE( '', *, *, #4498, .T. );
#3079 = ORIENTED_EDGE( '', *, *, #4499, .F. );
#3080 = ORIENTED_EDGE( '', *, *, #4500, .T. );
#3081 = ORIENTED_EDGE( '', *, *, #4501, .F. );
#3082 = ORIENTED_EDGE( '', *, *, #4502, .F. );
#3083 = ORIENTED_EDGE( '', *, *, #4503, .T. );
#3084 = ORIENTED_EDGE( '', *, *, #3983, .F. );
#3085 = ORIENTED_EDGE( '', *, *, #4301, .F. );
#3086 = ORIENTED_EDGE( '', *, *, #4504, .F. );
#3087 = ORIENTED_EDGE( '', *, *, #4367, .F. );
#3088 = CARTESIAN_POINT( '', ( -3.32000000000000, 3.61000000000000, -14.8166881514749 ) );
#3089 = DIRECTION( '', ( 1.00000000000000, 0.000000000000000, 0.000000000000000 ) );
#3090 = DIRECTION( '', ( 0.000000000000000, 0.000000000000000, -1.00000000000000 ) );
#3091 = SURFACE_STYLE_FILL_AREA( #4505 );
#3092 = ORIENTED_EDGE( '', *, *, #4320, .F. );
#3093 = ORIENTED_EDGE( '', *, *, #4506, .F. );
#3094 = ORIENTED_EDGE( '', *, *, #4507, .F. );
#3095 = ORIENTED_EDGE( '', *, *, #4467, .F. );
#3096 = CARTESIAN_POINT( '', ( 6.32500000000000, 4.95000000000000, -2.18500000000000 ) );
#3097 = DIRECTION( '', ( 0.000000000000000, 8.76122967665054E-017, -1.00000000000000 ) );
#3098 = DIRECTION( '', ( 0.000000000000000, 1.00000000000000, 8.76122967665054E-017 ) );
#3099 = SURFACE_STYLE_FILL_AREA( #4508 );
#3100 = ORIENTED_EDGE( '', *, *, #4009, .F. );
#3101 = ORIENTED_EDGE( '', *, *, #4465, .F. );
#3102 = ORIENTED_EDGE( '', *, *, #4509, .F. );
#3103 = CARTESIAN_POINT( '', ( -6.32500000000000, -3.53579208280703, -0.465000000000000 ) );
#3104 = DIRECTION( '', ( 2.03161377710547E-015, 0.000000000000000, -1.00000000000000 ) );
#3105 = DIRECTION( '', ( -1.00000000000000, 0.000000000000000, -2.03161377710547E-015 ) );
#3106 = SURFACE_STYLE_FILL_AREA( #4510 );
#3107 = ORIENTED_EDGE( '', *, *, #4511, .F. );
#3108 = ORIENTED_EDGE( '', *, *, #3966, .T. );
#3109 = ORIENTED_EDGE( '', *, *, #4268, .F. );
#3110 = ORIENTED_EDGE( '', *, *, #4512, .F. );
#3111 = ORIENTED_EDGE( '', *, *, #4513, .F. );
#3112 = ORIENTED_EDGE( '', *, *, #4514, .F. );
#3113 = CARTESIAN_POINT( '', ( 0.335000000000000, -0.635000000000000, -1.95000000000000 ) );
#3114 = DIRECTION( '', ( 0.000000000000000, -1.00000000000000, 0.000000000000000 ) );
#3115 = DIRECTION( '', ( 0.000000000000000, 0.000000000000000, -1.00000000000000 ) );
#3116 = SURFACE_STYLE_FILL_AREA( #4515 );
#3117 = ORIENTED_EDGE( '', *, *, #4407, .T. );
#3118 = ORIENTED_EDGE( '', *, *, #4499, .T. );
#3119 = ORIENTED_EDGE( '', *, *, #4432, .F. );
#3120 = ORIENTED_EDGE( '', *, *, #4516, .T. );
#3121 = CARTESIAN_POINT( '', ( -10.6766881514749, 4.25000000000000, -1.08500000000000 ) );
#3122 = DIRECTION( '', ( 0.000000000000000, 1.00000000000000, 0.000000000000000 ) );
#3123 = DIRECTION( '', ( 0.000000000000000, 0.000000000000000, 1.00000000000000 ) );
#3124 = SURFACE_STYLE_FILL_AREA( #4517 );
#3125 = ORIENTED_EDGE( '', *, *, #4518, .T. );
#3126 = ORIENTED_EDGE( '', *, *, #3984, .F. );
#3127 = ORIENTED_EDGE( '', *, *, #4503, .F. );
#3128 = ORIENTED_EDGE( '', *, *, #4519, .F. );
#3129 = CARTESIAN_POINT( '', ( -3.32000000000000, 18.0516881514748, 0.640000000000000 ) );
#3130 = DIRECTION( '', ( 8.47032947254301E-017, 0.000000000000000, -1.00000000000000 ) );
#3131 = DIRECTION( '', ( -1.00000000000000, 0.000000000000000, -8.47032947254301E-017 ) );
#3132 = SURFACE_STYLE_FILL_AREA( #4520 );
#3133 = ORIENTED_EDGE( '', *, *, #4521, .F. );
#3134 = ORIENTED_EDGE( '', *, *, #4522, .T. );
#3135 = ORIENTED_EDGE( '', *, *, #4523, .F. );
#3136 = ORIENTED_EDGE( '', *, *, #4021, .F. );
#3137 = ORIENTED_EDGE( '', *, *, #4524, .F. );
#3138 = ORIENTED_EDGE( '', *, *, #4422, .F. );
#3139 = ORIENTED_EDGE( '', *, *, #4374, .F. );
#3140 = ORIENTED_EDGE( '', *, *, #4341, .T. );
#3141 = ORIENTED_EDGE( '', *, *, #4028, .T. );
#3142 = ORIENTED_EDGE( '', *, *, #4127, .F. );
#3143 = CARTESIAN_POINT( '', ( 0.320000000000000, 4.25000000000000, -14.8166881514749 ) );
#3144 = DIRECTION( '', ( -1.00000000000000, 0.000000000000000, 0.000000000000000 ) );
#3145 = DIRECTION( '', ( 0.000000000000000, 0.000000000000000, 1.00000000000000 ) );
#3146 = SURFACE_STYLE_FILL_AREA( #4525 );
#3147 = ORIENTED_EDGE( '', *, *, #4138, .F. );
#3148 = ORIENTED_EDGE( '', *, *, #4526, .F. );
#3149 = ORIENTED_EDGE( '', *, *, #4330, .T. );
#3150 = ORIENTED_EDGE( '', *, *, #4527, .T. );
#3151 = CARTESIAN_POINT( '', ( 0.320000000000000, 1.23309756229256, -1.93500000000000 ) );
#3152 = DIRECTION( '', ( 0.000000000000000, 1.00000000000000, 2.01712032090327E-015 ) );
#3153 = DIRECTION( '', ( 0.000000000000000, -2.01712032090327E-015, 1.00000000000000 ) );
#3154 = SURFACE_STYLE_FILL_AREA( #4528 );
#3155 = ORIENTED_EDGE( '', *, *, #4118, .T. );
#3156 = ORIENTED_EDGE( '', *, *, #4277, .T. );
#3157 = ORIENTED_EDGE( '', *, *, #4529, .F. );
#3158 = ORIENTED_EDGE( '', *, *, #4530, .F. );
#3159 = ORIENTED_EDGE( '', *, *, #4531, .T. );
#3160 = ORIENTED_EDGE( '', *, *, #4125, .F. );
#3161 = ORIENTED_EDGE( '', *, *, #4026, .F. );
#3162 = ORIENTED_EDGE( '', *, *, #4340, .F. );
#3163 = ORIENTED_EDGE( '', *, *, #4373, .F. );
#3164 = ORIENTED_EDGE( '', *, *, #4393, .T. );
#3165 = CARTESIAN_POINT( '', ( -0.320000000000000, 3.61000000000000, -14.8166881514749 ) );
#3166 = DIRECTION( '', ( 1.00000000000000, 0.000000000000000, 0.000000000000000 ) );
#3167 = DIRECTION( '', ( 0.000000000000000, 0.000000000000000, -1.00000000000000 ) );
#3168 = SURFACE_STYLE_FILL_AREA( #4532 );
#3169 = ORIENTED_EDGE( '', *, *, #4518, .F. );
#3170 = ORIENTED_EDGE( '', *, *, #4533, .T. );
#3171 = ORIENTED_EDGE( '', *, *, #4534, .F. );
#3172 = ORIENTED_EDGE( '', *, *, #4495, .F. );
#3173 = ORIENTED_EDGE( '', *, *, #4535, .F. );
#3174 = ORIENTED_EDGE( '', *, *, #4477, .F. );
#3175 = ORIENTED_EDGE( '', *, *, #4369, .F. );
#3176 = ORIENTED_EDGE( '', *, *, #4536, .T. );
#3177 = ORIENTED_EDGE( '', *, *, #4302, .T. );
#3178 = ORIENTED_EDGE( '', *, *, #3985, .F. );
#3179 = CARTESIAN_POINT( '', ( -2.68000000000000, 4.25000000000000, -14.8166881514749 ) );
#3180 = DIRECTION( '', ( -1.00000000000000, 0.000000000000000, 0.000000000000000 ) );
#3181 = DIRECTION( '', ( 0.000000000000000, 0.000000000000000, 1.00000000000000 ) );
#3182 = SURFACE_STYLE_FILL_AREA( #4537 );
#3183 = ORIENTED_EDGE( '', *, *, #4538, .T. );
#3184 = ORIENTED_EDGE( '', *, *, #4539, .F. );
#3185 = ORIENTED_EDGE( '', *, *, #4500, .F. );
#3186 = ORIENTED_EDGE( '', *, *, #4406, .F. );
#3187 = CARTESIAN_POINT( '', ( -3.32000000000000, 4.25000000000000, -14.8166881514749 ) );
#3188 = DIRECTION( '', ( 0.950031749040490, 0.312153288970447, 2.73484665899195E-017 ) );
#3189 = DIRECTION( '', ( -0.312153288970447, 0.950031749040490, 0.000000000000000 ) );
#3190 = SURFACE_STYLE_FILL_AREA( #4540 );
#3191 = ORIENTED_EDGE( '', *, *, #3993, .T. );
#3192 = ORIENTED_EDGE( '', *, *, #4541, .F. );
#3193 = ORIENTED_EDGE( '', *, *, #4542, .F. );
#3194 = ORIENTED_EDGE( '', *, *, #4353, .F. );
#3195 = CARTESIAN_POINT( '', ( 2.68000000000000, 4.25000000000000, -14.8166881514749 ) );
#3196 = DIRECTION( '', ( 0.950031749040490, 0.312153288970447, 2.73484665899195E-017 ) );
#3197 = DIRECTION( '', ( -0.312153288970447, 0.950031749040490, 0.000000000000000 ) );
#3198 = SURFACE_STYLE_FILL_AREA( #4543 );
#3199 = ORIENTED_EDGE( '', *, *, #4513, .T. );
#3200 = ORIENTED_EDGE( '', *, *, #4238, .T. );
#3201 = ORIENTED_EDGE( '', *, *, #4280, .T. );
#3202 = ORIENTED_EDGE( '', *, *, #4256, .F. );
#3203 = CARTESIAN_POINT( '', ( 0.305000000000000, 1.92500000000000, -1.95000000000000 ) );
#3204 = DIRECTION( '', ( 0.000000000000000, 0.000000000000000, -1.00000000000000 ) );
#3205 = DIRECTION( '', ( -1.00000000000000, 0.000000000000000, 0.000000000000000 ) );
#3206 = SURFACE_STYLE_FILL_AREA( #4544 );
#3207 = ORIENTED_EDGE( '', *, *, #4545, .T. );
#3208 = ORIENTED_EDGE( '', *, *, #4166, .T. );
#3209 = ORIENTED_EDGE( '', *, *, #4546, .F. );
#3210 = ORIENTED_EDGE( '', *, *, #4547, .F. );
#3211 = ORIENTED_EDGE( '', *, *, #4548, .T. );
#3212 = ORIENTED_EDGE( '', *, *, #4032, .T. );
#3213 = ORIENTED_EDGE( '', *, *, #4081, .T. );
#3214 = ORIENTED_EDGE( '', *, *, #4022, .T. );
#3215 = ORIENTED_EDGE( '', *, *, #4523, .T. );
#3216 = ORIENTED_EDGE( '', *, *, #4549, .T. );
#3217 = ORIENTED_EDGE( '', *, *, #4529, .T. );
#3218 = ORIENTED_EDGE( '', *, *, #4276, .T. );
#3219 = ORIENTED_EDGE( '', *, *, #4387, .T. );
#3220 = ORIENTED_EDGE( '', *, *, #4496, .T. );
#3221 = ORIENTED_EDGE( '', *, *, #4534, .T. );
#3222 = ORIENTED_EDGE( '', *, *, #4550, .T. );
#3223 = ORIENTED_EDGE( '', *, *, #4501, .T. );
#3224 = ORIENTED_EDGE( '', *, *, #4539, .T. );
#3225 = ORIENTED_EDGE( '', *, *, #4551, .T. );
#3226 = ORIENTED_EDGE( '', *, *, #4552, .F. );
#3227 = ORIENTED_EDGE( '', *, *, #4553, .F. );
#3228 = ORIENTED_EDGE( '', *, *, #4285, .F. );
#3229 = ORIENTED_EDGE( '', *, *, #4554, .T. );
#3230 = ORIENTED_EDGE( '', *, *, #4555, .F. );
#3231 = ORIENTED_EDGE( '', *, *, #4014, .F. );
#3232 = ORIENTED_EDGE( '', *, *, #4177, .F. );
#3233 = ORIENTED_EDGE( '', *, *, #4556, .T. );
#3234 = ORIENTED_EDGE( '', *, *, #4068, .T. );
#3235 = ORIENTED_EDGE( '', *, *, #4187, .T. );
#3236 = ORIENTED_EDGE( '', *, *, #4557, .T. );
#3237 = ORIENTED_EDGE( '', *, *, #4558, .T. );
#3238 = ORIENTED_EDGE( '', *, *, #4559, .T. );
#3239 = ORIENTED_EDGE( '', *, *, #4218, .T. );
#3240 = ORIENTED_EDGE( '', *, *, #4206, .T. );
#3241 = ORIENTED_EDGE( '', *, *, #4560, .T. );
#3242 = ORIENTED_EDGE( '', *, *, #4561, .T. );
#3243 = CARTESIAN_POINT( '', ( 6.32500000000000, -4.95000000000000, 2.18500000000000 ) );
#3244 = DIRECTION( '', ( 0.000000000000000, -8.76122967665054E-017, 1.00000000000000 ) );
#3245 = DIRECTION( '', ( 0.000000000000000, -1.00000000000000, -8.76122967665054E-017 ) );
#3246 = SURFACE_STYLE_FILL_AREA( #4562 );
#3247 = ORIENTED_EDGE( '', *, *, #4284, .F. );
#3248 = ORIENTED_EDGE( '', *, *, #4084, .F. );
#3249 = ORIENTED_EDGE( '', *, *, #4563, .F. );
#3250 = ORIENTED_EDGE( '', *, *, #4554, .F. );
#3251 = CARTESIAN_POINT( '', ( 6.32500000000000, 4.95000000000000, 2.18500000000000 ) );
#3252 = DIRECTION( '', ( 0.000000000000000, 1.00000000000000, 1.24050591817563E-016 ) );
#3253 = DIRECTION( '', ( 0.000000000000000, -1.24050591817563E-016, 1.00000000000000 ) );
#3254 = SURFACE_STYLE_FILL_AREA( #4564 );
#3255 = ORIENTED_EDGE( '', *, *, #4434, .F. );
#3256 = ORIENTED_EDGE( '', *, *, #4273, .F. );
#3257 = ORIENTED_EDGE( '', *, *, #4365, .F. );
#3258 = ORIENTED_EDGE( '', *, *, #4565, .T. );
#3259 = ORIENTED_EDGE( '', *, *, #4221, .F. );
#3260 = ORIENTED_EDGE( '', *, *, #4094, .F. );
#3261 = ORIENTED_EDGE( '', *, *, #4314, .F. );
#3262 = ORIENTED_EDGE( '', *, *, #4481, .T. );
#3263 = ORIENTED_EDGE( '', *, *, #4427, .T. );
#3264 = ORIENTED_EDGE( '', *, *, #4566, .T. );
#3265 = ORIENTED_EDGE( '', *, *, #4552, .T. );
#3266 = ORIENTED_EDGE( '', *, *, #4567, .F. );
#3267 = ORIENTED_EDGE( '', *, *, #4408, .F. );
#3268 = ORIENTED_EDGE( '', *, *, #4516, .F. );
#3269 = CARTESIAN_POINT( '', ( -5.02500000000000, 3.45000000000000, -14.8166881514748 ) );
#3270 = DIRECTION( '', ( 1.00000000000000, 0.000000000000000, 0.000000000000000 ) );
#3271 = DIRECTION( '', ( 0.000000000000000, 0.000000000000000, -1.00000000000000 ) );
#3272 = SURFACE_STYLE_FILL_AREA( #4568 );
#3273 = ORIENTED_EDGE( '', *, *, #4546, .T. );
#3274 = ORIENTED_EDGE( '', *, *, #4165, .T. );
#3275 = ORIENTED_EDGE( '', *, *, #4410, .T. );
#3276 = ORIENTED_EDGE( '', *, *, #4569, .T. );
#3277 = ORIENTED_EDGE( '', *, *, #4570, .T. );
#3278 = CARTESIAN_POINT( '', ( -1.30000000000000, -1.40000000000000, 2.43500000000000 ) );
#3279 = DIRECTION( '', ( 1.00000000000000, -6.12303176911189E-017, 0.000000000000000 ) );
#3280 = DIRECTION( '', ( 6.12303176911189E-017, 1.00000000000000, 0.000000000000000 ) );
#3281 = SURFACE_STYLE_FILL_AREA( #4571 );
#3282 = ORIENTED_EDGE( '', *, *, #4504, .T. );
#3283 = ORIENTED_EDGE( '', *, *, #4303, .T. );
#3284 = ORIENTED_EDGE( '', *, *, #4536, .F. );
#3285 = ORIENTED_EDGE( '', *, *, #4368, .F. );
#3286 = CARTESIAN_POINT( '', ( -2.68000000000000, 3.61000000000000, -14.8166881514749 ) );
#3287 = DIRECTION( '', ( 0.000000000000000, 1.00000000000000, 8.76122967665054E-017 ) );
#3288 = DIRECTION( '', ( 0.000000000000000, -8.76122967665054E-017, 1.00000000000000 ) );
#3289 = SURFACE_STYLE_FILL_AREA( #4572 );
#3290 = ORIENTED_EDGE( '', *, *, #4569, .F. );
#3291 = ORIENTED_EDGE( '', *, *, #4412, .F. );
#3292 = ORIENTED_EDGE( '', *, *, #4573, .T. );
#3293 = ORIENTED_EDGE( '', *, *, #4574, .T. );
#3294 = CARTESIAN_POINT( '', ( 1.30000000000000, -1.65000000000000, 2.43500000000000 ) );
#3295 = DIRECTION( '', ( 0.000000000000000, 1.00000000000000, -4.56506177888634E-016 ) );
#3296 = DIRECTION( '', ( 0.000000000000000, 4.56506177888634E-016, 1.00000000000000 ) );
#3297 = SURFACE_STYLE_FILL_AREA( #4575 );
#3298 = ORIENTED_EDGE( '', *, *, #4119, .T. );
#3299 = ORIENTED_EDGE( '', *, *, #4392, .T. );
#3300 = ORIENTED_EDGE( '', *, *, #4576, .F. );
#3301 = ORIENTED_EDGE( '', *, *, #4478, .T. );
#3302 = ORIENTED_EDGE( '', *, *, #4577, .T. );
#3303 = ORIENTED_EDGE( '', *, *, #4578, .F. );
#3304 = ORIENTED_EDGE( '', *, *, #4579, .F. );
#3305 = ORIENTED_EDGE( '', *, *, #4383, .T. );
#3306 = CARTESIAN_POINT( '', ( -10.6766881514749, 4.95000000000000, -1.08500000000000 ) );
#3307 = DIRECTION( '', ( 0.000000000000000, 3.09772049281573E-016, 1.00000000000000 ) );
#3308 = DIRECTION( '', ( 0.000000000000000, -1.00000000000000, 3.09772049281573E-016 ) );
#3309 = SURFACE_STYLE_FILL_AREA( #4580 );
#3310 = ORIENTED_EDGE( '', *, *, #4545, .F. );
#3311 = ORIENTED_EDGE( '', *, *, #4581, .F. );
#3312 = ORIENTED_EDGE( '', *, *, #4573, .F. );
#3313 = ORIENTED_EDGE( '', *, *, #4411, .F. );
#3314 = ORIENTED_EDGE( '', *, *, #4167, .F. );
#3315 = CARTESIAN_POINT( '', ( 1.30000000000000, -1.40000000000000, 2.43500000000000 ) );
#3316 = DIRECTION( '', ( 1.00000000000000, -6.12303176911189E-017, 0.000000000000000 ) );
#3317 = DIRECTION( '', ( 6.12303176911189E-017, 1.00000000000000, 0.000000000000000 ) );
#3318 = SURFACE_STYLE_FILL_AREA( #4582 );
#3319 = ORIENTED_EDGE( '', *, *, #4441, .F. );
#3320 = ORIENTED_EDGE( '', *, *, #4583, .F. );
#3321 = ORIENTED_EDGE( '', *, *, #4228, .T. );
#3322 = ORIENTED_EDGE( '', *, *, #4487, .F. );
#3323 = CARTESIAN_POINT( '', ( 4.91078643762691, -1.42500000000001, 16.2366881514749 ) );
#3324 = DIRECTION( '', ( -3.31855271381095E-014, 1.00000000000000, 5.85786814592665E-030 ) );
#3325 = DIRECTION( '', ( -1.00000000000000, -3.31855271381095E-014, 0.000000000000000 ) );
#3326 = SURFACE_STYLE_FILL_AREA( #4584 );
#3327 = ORIENTED_EDGE( '', *, *, #4585, .T. );
#3328 = ORIENTED_EDGE( '', *, *, #4586, .F. );
#3329 = ORIENTED_EDGE( '', *, *, #4587, .F. );
#3330 = ORIENTED_EDGE( '', *, *, #4588, .F. );
#3331 = CARTESIAN_POINT( '', ( 5.02500000000000, -13.5516881514749, 0.515000000000000 ) );
#3332 = DIRECTION( '', ( 1.35525271560689E-016, -1.16268329489062E-016, 1.00000000000000 ) );
#3333 = DIRECTION( '', ( 1.00000000000000, 0.000000000000000, -1.35525271560689E-016 ) );
#3334 = SURFACE_STYLE_FILL_AREA( #4589 );
#3335 = ORIENTED_EDGE( '', *, *, #4162, .F. );
#3336 = ORIENTED_EDGE( '', *, *, #4038, .F. );
#3337 = ORIENTED_EDGE( '', *, *, #4590, .F. );
#3338 = ORIENTED_EDGE( '', *, *, #4325, .F. );
#3339 = CARTESIAN_POINT( '', ( 0.220000000000000, -5.30000000000000, -0.320000000000000 ) );
#3340 = DIRECTION( '', ( 0.989949493661167, -0.141421356237309, 0.000000000000000 ) );
#3341 = DIRECTION( '', ( 0.000000000000000, 0.000000000000000, -1.00000000000000 ) );
#3342 = SURFACE_STYLE_FILL_AREA( #4591 );
#3343 = ORIENTED_EDGE( '', *, *, #4101, .F. );
#3344 = ORIENTED_EDGE( '', *, *, #3957, .T. );
#3345 = ORIENTED_EDGE( '', *, *, #4264, .F. );
#3346 = ORIENTED_EDGE( '', *, *, #3967, .T. );
#3347 = ORIENTED_EDGE( '', *, *, #4511, .T. );
#3348 = ORIENTED_EDGE( '', *, *, #4592, .T. );
#3349 = CARTESIAN_POINT( '', ( 3.10500000000000, -0.635000000000000, -2.59000000000000 ) );
#3350 = DIRECTION( '', ( 1.56563490611625E-016, 0.000000000000000, -1.00000000000000 ) );
#3351 = DIRECTION( '', ( -1.00000000000000, 0.000000000000000, -1.56563490611625E-016 ) );
#3352 = SURFACE_STYLE_FILL_AREA( #4593 );
#3353 = ORIENTED_EDGE( '', *, *, #4594, .T. );
#3354 = ORIENTED_EDGE( '', *, *, #4395, .T. );
#3355 = ORIENTED_EDGE( '', *, *, #4075, .T. );
#3356 = ORIENTED_EDGE( '', *, *, #4247, .T. );
#3357 = CARTESIAN_POINT( '', ( 6.32500000000000, 4.95000000000000, 2.18500000000000 ) );
#3358 = DIRECTION( '', ( 0.000000000000000, 1.00000000000000, 1.24050591817563E-016 ) );
#3359 = DIRECTION( '', ( 0.000000000000000, -1.24050591817563E-016, 1.00000000000000 ) );
#3360 = SURFACE_STYLE_FILL_AREA( #4595 );
#3361 = ORIENTED_EDGE( '', *, *, #4454, .F. );
#3362 = ORIENTED_EDGE( '', *, *, #4596, .T. );
#3363 = ORIENTED_EDGE( '', *, *, #4062, .T. );
#3364 = ORIENTED_EDGE( '', *, *, #4597, .T. );
#3365 = ORIENTED_EDGE( '', *, *, #4219, .F. );
#3366 = ORIENTED_EDGE( '', *, *, #4559, .F. );
#3367 = ORIENTED_EDGE( '', *, *, #4598, .F. );
#3368 = ORIENTED_EDGE( '', *, *, #4198, .F. );
#3369 = ORIENTED_EDGE( '', *, *, #4403, .T. );
#3370 = ORIENTED_EDGE( '', *, *, #3961, .F. );
#3371 = ORIENTED_EDGE( '', *, *, #4599, .F. );
#3372 = ORIENTED_EDGE( '', *, *, #4587, .T. );
#3373 = ORIENTED_EDGE( '', *, *, #4600, .F. );
#3374 = ORIENTED_EDGE( '', *, *, #4359, .T. );
#3375 = CARTESIAN_POINT( '', ( 5.02500000000000, 3.45000000000000, -14.8166881514748 ) );
#3376 = DIRECTION( '', ( 1.00000000000000, -1.15648231731787E-015, -1.01322071990069E-031 ) );
#3377 = DIRECTION( '', ( 1.15648231731787E-015, 1.00000000000000, 0.000000000000000 ) );
#3378 = SURFACE_STYLE_FILL_AREA( #4601 );
#3379 = ORIENTED_EDGE( '', *, *, #4457, .T. );
#3380 = ORIENTED_EDGE( '', *, *, #4261, .T. );
#3381 = ORIENTED_EDGE( '', *, *, #4193, .F. );
#3382 = ORIENTED_EDGE( '', *, *, #4148, .F. );
#3383 = ORIENTED_EDGE( '', *, *, #4602, .T. );
#3384 = ORIENTED_EDGE( '', *, *, #4560, .F. );
#3385 = ORIENTED_EDGE( '', *, *, #4205, .F. );
#3386 = ORIENTED_EDGE( '', *, *, #4060, .F. );
#3387 = ORIENTED_EDGE( '', *, *, #4449, .F. );
#3388 = ORIENTED_EDGE( '', *, *, #4356, .F. );
#3389 = CARTESIAN_POINT( '', ( 3.32000000000000, 4.25000000000000, -14.8166881514749 ) );
#3390 = DIRECTION( '', ( -1.00000000000000, 0.000000000000000, 0.000000000000000 ) );
#3391 = DIRECTION( '', ( 0.000000000000000, 0.000000000000000, 1.00000000000000 ) );
#3392 = SURFACE_STYLE_FILL_AREA( #4603 );
#3393 = ORIENTED_EDGE( '', *, *, #4079, .T. );
#3394 = ORIENTED_EDGE( '', *, *, #4396, .T. );
#3395 = ORIENTED_EDGE( '', *, *, #4594, .F. );
#3396 = ORIENTED_EDGE( '', *, *, #4246, .F. );
#3397 = ORIENTED_EDGE( '', *, *, #4604, .F. );
#3398 = ORIENTED_EDGE( '', *, *, #4361, .T. );
#3399 = ORIENTED_EDGE( '', *, *, #4605, .T. );
#3400 = ORIENTED_EDGE( '', *, *, #4585, .F. );
#3401 = ORIENTED_EDGE( '', *, *, #4606, .F. );
#3402 = ORIENTED_EDGE( '', *, *, #4607, .F. );
#3403 = ORIENTED_EDGE( '', *, *, #4398, .T. );
#3404 = ORIENTED_EDGE( '', *, *, #4200, .T. );
#3405 = ORIENTED_EDGE( '', *, *, #4608, .T. );
#3406 = ORIENTED_EDGE( '', *, *, #4557, .F. );
#3407 = ORIENTED_EDGE( '', *, *, #4186, .F. );
#3408 = ORIENTED_EDGE( '', *, *, #4484, .T. );
#3409 = CARTESIAN_POINT( '', ( 5.42500000000000, 4.95000000000000, -14.8166881514748 ) );
#3410 = DIRECTION( '', ( -1.00000000000000, 1.15648231731787E-015, 1.01322071990069E-031 ) );
#3411 = DIRECTION( '', ( -1.15648231731787E-015, -1.00000000000000, 0.000000000000000 ) );
#3412 = SURFACE_STYLE_FILL_AREA( #4609 );
#3413 = ORIENTED_EDGE( '', *, *, #4610, .T. );
#3414 = ORIENTED_EDGE( '', *, *, #4415, .F. );
#3415 = ORIENTED_EDGE( '', *, *, #4611, .F. );
#3416 = ORIENTED_EDGE( '', *, *, #4578, .T. );
#3417 = CARTESIAN_POINT( '', ( -1.90000000000000, 3.85000000000000, -1.08500000000000 ) );
#3418 = DIRECTION( '', ( -1.00000000000000, 0.000000000000000, 8.34001671142695E-017 ) );
#3419 = DIRECTION( '', ( 8.34001671142695E-017, 0.000000000000000, 1.00000000000000 ) );
#3420 = SURFACE_STYLE_FILL_AREA( #4612 );
#3421 = ORIENTED_EDGE( '', *, *, #4600, .T. );
#3422 = ORIENTED_EDGE( '', *, *, #4586, .T. );
#3423 = ORIENTED_EDGE( '', *, *, #4605, .F. );
#3424 = ORIENTED_EDGE( '', *, *, #4360, .T. );
#3425 = CARTESIAN_POINT( '', ( 5.42500000000000, 3.45000000000000, -14.8166881514748 ) );
#3426 = DIRECTION( '', ( 2.16840434497100E-015, 1.00000000000000, 8.76122967665054E-017 ) );
#3427 = DIRECTION( '', ( -1.00000000000000, 2.16840434497100E-015, 0.000000000000000 ) );
#3428 = SURFACE_STYLE_FILL_AREA( #4613 );
#3429 = ORIENTED_EDGE( '', *, *, #4614, .F. );
#3430 = ORIENTED_EDGE( '', *, *, #4225, .T. );
#3431 = ORIENTED_EDGE( '', *, *, #4615, .F. );
#3432 = ORIENTED_EDGE( '', *, *, #4460, .F. );
#3433 = CARTESIAN_POINT( '', ( 0.000000000000000, 1.35360998504251E-016, -1.54500000000000 ) );
#3434 = DIRECTION( '', ( 0.000000000000000, 8.76122967665054E-017, -1.00000000000000 ) );
#3435 = DIRECTION( '', ( 0.000000000000000, 1.00000000000000, 8.76122967665054E-017 ) );
#3436 = SURFACE_STYLE_FILL_AREA( #4616 );
#3437 = ORIENTED_EDGE( '', *, *, #4617, .F. );
#3438 = ORIENTED_EDGE( '', *, *, #4470, .T. );
#3439 = ORIENTED_EDGE( '', *, *, #4618, .F. );
#3440 = ORIENTED_EDGE( '', *, *, #4619, .F. );
#3441 = CARTESIAN_POINT( '', ( -10.6766881514749, 4.25000000000000, -1.08500000000000 ) );
#3442 = DIRECTION( '', ( 0.000000000000000, 1.00000000000000, 0.000000000000000 ) );
#3443 = DIRECTION( '', ( 0.000000000000000, 0.000000000000000, 1.00000000000000 ) );
#3444 = SURFACE_STYLE_FILL_AREA( #4620 );
#3445 = ORIENTED_EDGE( '', *, *, #4420, .F. );
#3446 = ORIENTED_EDGE( '', *, *, #4621, .F. );
#3447 = ORIENTED_EDGE( '', *, *, #4351, .T. );
#3448 = ORIENTED_EDGE( '', *, *, #4154, .T. );
#3449 = CARTESIAN_POINT( '', ( 3.00000000000000, 2.75000000000000, -1.54500000000000 ) );
#3450 = DIRECTION( '', ( 1.00000000000000, -1.44560289664734E-016, -1.26652589987587E-032 ) );
#3451 = DIRECTION( '', ( 1.44560289664734E-016, 1.00000000000000, 0.000000000000000 ) );
#3452 = SURFACE_STYLE_FILL_AREA( #4622 );
#3453 = ORIENTED_EDGE( '', *, *, #4618, .T. );
#3454 = ORIENTED_EDGE( '', *, *, #4033, .T. );
#3455 = ORIENTED_EDGE( '', *, *, #4548, .F. );
#3456 = ORIENTED_EDGE( '', *, *, #4623, .F. );
#3457 = ORIENTED_EDGE( '', *, *, #4150, .T. );
#3458 = ORIENTED_EDGE( '', *, *, #4192, .F. );
#3459 = ORIENTED_EDGE( '', *, *, #4260, .F. );
#3460 = ORIENTED_EDGE( '', *, *, #4456, .F. );
#3461 = ORIENTED_EDGE( '', *, *, #4354, .F. );
#3462 = ORIENTED_EDGE( '', *, *, #4542, .T. );
#3463 = CARTESIAN_POINT( '', ( 2.68000000000000, 3.61000000000000, -14.8166881514749 ) );
#3464 = DIRECTION( '', ( 1.00000000000000, 0.000000000000000, 0.000000000000000 ) );
#3465 = DIRECTION( '', ( 0.000000000000000, 0.000000000000000, -1.00000000000000 ) );
#3466 = SURFACE_STYLE_FILL_AREA( #4624 );
#3467 = ORIENTED_EDGE( '', *, *, #4140, .F. );
#3468 = ORIENTED_EDGE( '', *, *, #4625, .F. );
#3469 = ORIENTED_EDGE( '', *, *, #4328, .T. );
#3470 = ORIENTED_EDGE( '', *, *, #4626, .T. );
#3471 = CARTESIAN_POINT( '', ( 0.320000000000000, 2.79309756229256, -2.57500000000000 ) );
#3472 = DIRECTION( '', ( 0.000000000000000, 1.00000000000000, 0.000000000000000 ) );
#3473 = DIRECTION( '', ( 0.000000000000000, 0.000000000000000, 1.00000000000000 ) );
#3474 = SURFACE_STYLE_FILL_AREA( #4627 );
#3475 = ORIENTED_EDGE( '', *, *, #4240, .T. );
#3476 = ORIENTED_EDGE( '', *, *, #4103, .F. );
#3477 = ORIENTED_EDGE( '', *, *, #4254, .F. );
#3478 = ORIENTED_EDGE( '', *, *, #4337, .F. );
#3479 = CARTESIAN_POINT( '', ( 0.305000000000000, 1.92500000000000, -1.95000000000000 ) );
#3480 = DIRECTION( '', ( 0.000000000000000, 0.000000000000000, -1.00000000000000 ) );
#3481 = DIRECTION( '', ( -1.00000000000000, 0.000000000000000, 0.000000000000000 ) );
#3482 = SURFACE_STYLE_FILL_AREA( #4628 );
#3483 = ORIENTED_EDGE( '', *, *, #4602, .F. );
#3484 = ORIENTED_EDGE( '', *, *, #4151, .T. );
#3485 = ORIENTED_EDGE( '', *, *, #4623, .T. );
#3486 = ORIENTED_EDGE( '', *, *, #4561, .F. );
#3487 = CARTESIAN_POINT( '', ( 3.32000000000000, 3.61000000000000, -14.8166881514749 ) );
#3488 = DIRECTION( '', ( 0.000000000000000, 1.00000000000000, 8.76122967665054E-017 ) );
#3489 = DIRECTION( '', ( 0.000000000000000, -8.76122967665054E-017, 1.00000000000000 ) );
#3490 = SURFACE_STYLE_FILL_AREA( #4629 );
#3491 = ORIENTED_EDGE( '', *, *, #4104, .F. );
#3492 = ORIENTED_EDGE( '', *, *, #4239, .F. );
#3493 = ORIENTED_EDGE( '', *, *, #4512, .T. );
#3494 = ORIENTED_EDGE( '', *, *, #4267, .T. );
#3495 = CARTESIAN_POINT( '', ( 0.335000000000000, -0.635000000000000, -1.95000000000000 ) );
#3496 = DIRECTION( '', ( -0.000000000000000, -1.00000000000000, -0.000000000000000 ) );
#3497 = DIRECTION( '', ( 0.000000000000000, 0.000000000000000, 1.00000000000000 ) );
#3498 = SURFACE_STYLE_FILL_AREA( #4630 );
#3499 = ORIENTED_EDGE( '', *, *, #4252, .F. );
#3500 = ORIENTED_EDGE( '', *, *, #4109, .F. );
#3501 = ORIENTED_EDGE( '', *, *, #4242, .T. );
#3502 = ORIENTED_EDGE( '', *, *, #4336, .T. );
#3503 = CARTESIAN_POINT( '', ( 0.305000000000000, 1.07500000000000, 0.913102228111296 ) );
#3504 = DIRECTION( '', ( 0.000000000000000, 1.00000000000000, 0.000000000000000 ) );
#3505 = DIRECTION( '', ( 0.000000000000000, 0.000000000000000, 1.00000000000000 ) );
#3506 = SURFACE_STYLE_FILL_AREA( #4631 );
#3507 = ORIENTED_EDGE( '', *, *, #4251, .F. );
#3508 = ORIENTED_EDGE( '', *, *, #4632, .F. );
#3509 = ORIENTED_EDGE( '', *, *, #4243, .T. );
#3510 = ORIENTED_EDGE( '', *, *, #4107, .T. );
#3511 = CARTESIAN_POINT( '', ( 0.305000000000000, -0.788102228111300, 1.20000000000000 ) );
#3512 = DIRECTION( '', ( 0.000000000000000, 0.000000000000000, 1.00000000000000 ) );
#3513 = DIRECTION( '', ( 1.00000000000000, 0.000000000000000, 0.000000000000000 ) );
#3514 = SURFACE_STYLE_FILL_AREA( #4633 );
#3515 = ORIENTED_EDGE( '', *, *, #4258, .F. );
#3516 = ORIENTED_EDGE( '', *, *, #4281, .F. );
#3517 = ORIENTED_EDGE( '', *, *, #4236, .T. );
#3518 = ORIENTED_EDGE( '', *, *, #4634, .T. );
#3519 = CARTESIAN_POINT( '', ( 0.305000000000000, -1.07500000000000, 0.913102228111296 ) );
#3520 = DIRECTION( '', ( 0.000000000000000, -1.00000000000000, 0.000000000000000 ) );
#3521 = DIRECTION( '', ( 0.000000000000000, 0.000000000000000, -1.00000000000000 ) );
#3522 = SURFACE_STYLE_FILL_AREA( #4635 );
#3523 = ORIENTED_EDGE( '', *, *, #4179, .F. );
#3524 = ORIENTED_EDGE( '', *, *, #4146, .F. );
#3525 = ORIENTED_EDGE( '', *, *, #3979, .T. );
#3526 = ORIENTED_EDGE( '', *, *, #3989, .T. );
#3527 = CARTESIAN_POINT( '', ( -4.27500000000000, 1.05000000000000, -0.955000000000000 ) );
#3528 = DIRECTION( '', ( 1.00000000000000, 0.000000000000000, 0.000000000000000 ) );
#3529 = DIRECTION( '', ( 0.000000000000000, 0.000000000000000, -1.00000000000000 ) );
#3530 = SURFACE_STYLE_FILL_AREA( #4636 );
#3531 = ORIENTED_EDGE( '', *, *, #4521, .T. );
#3532 = ORIENTED_EDGE( '', *, *, #4126, .F. );
#3533 = ORIENTED_EDGE( '', *, *, #4531, .F. );
#3534 = ORIENTED_EDGE( '', *, *, #4637, .F. );
#3535 = CARTESIAN_POINT( '', ( -0.320000000000000, 18.0516881514748, 0.640000000000000 ) );
#3536 = DIRECTION( '', ( 8.47032947254301E-017, 0.000000000000000, -1.00000000000000 ) );
#3537 = DIRECTION( '', ( -1.00000000000000, 0.000000000000000, -8.47032947254301E-017 ) );
#3538 = SURFACE_STYLE_FILL_AREA( #4638 );
#3539 = ORIENTED_EDGE( '', *, *, #4590, .T. );
#3540 = ORIENTED_EDGE( '', *, *, #4037, .F. );
#3541 = ORIENTED_EDGE( '', *, *, #3950, .F. );
#3542 = ORIENTED_EDGE( '', *, *, #4203, .F. );
#3543 = CARTESIAN_POINT( '', ( 0.320000000000000, -4.60000000000000, -0.320000000000000 ) );
#3544 = DIRECTION( '', ( 0.000000000000000, 0.141421356237309, 0.989949493661167 ) );
#3545 = DIRECTION( '', ( -1.00000000000000, 0.000000000000000, 0.000000000000000 ) );
#3546 = SURFACE_STYLE_FILL_AREA( #4639 );
#3547 = ORIENTED_EDGE( '', *, *, #4453, .F. );
#3548 = ORIENTED_EDGE( '', *, *, #4450, .T. );
#3549 = ORIENTED_EDGE( '', *, *, #4059, .T. );
#3550 = ORIENTED_EDGE( '', *, *, #4596, .F. );
#3551 = CARTESIAN_POINT( '', ( -10.6766881514749, 4.95000000000000, -1.08500000000000 ) );
#3552 = DIRECTION( '', ( 0.000000000000000, 3.09772049281573E-016, 1.00000000000000 ) );
#3553 = DIRECTION( '', ( 0.000000000000000, -1.00000000000000, 3.09772049281573E-016 ) );
#3554 = SURFACE_STYLE_FILL_AREA( #4640 );
#3555 = ORIENTED_EDGE( '', *, *, #4290, .T. );
#3556 = ORIENTED_EDGE( '', *, *, #4222, .F. );
#3557 = ORIENTED_EDGE( '', *, *, #4565, .F. );
#3558 = ORIENTED_EDGE( '', *, *, #4364, .F. );
#3559 = CARTESIAN_POINT( '', ( -5.42500000000000, 3.45000000000000, -14.8166881514748 ) );
#3560 = DIRECTION( '', ( 1.08420217248550E-015, -1.00000000000000, -8.76122967665054E-017 ) );
#3561 = DIRECTION( '', ( 1.00000000000000, 1.08420217248550E-015, 0.000000000000000 ) );
#3562 = SURFACE_STYLE_FILL_AREA( #4641 );
#3563 = ORIENTED_EDGE( '', *, *, #4171, .F. );
#3564 = ORIENTED_EDGE( '', *, *, #4160, .F. );
#3565 = ORIENTED_EDGE( '', *, *, #4123, .T. );
#3566 = ORIENTED_EDGE( '', *, *, #4017, .T. );
#3567 = CARTESIAN_POINT( '', ( 1.27500000000000, 1.05000000000000, 1.59500000000000 ) );
#3568 = DIRECTION( '', ( -1.00000000000000, 0.000000000000000, 0.000000000000000 ) );
#3569 = DIRECTION( '', ( 0.000000000000000, 0.000000000000000, 1.00000000000000 ) );
#3570 = SURFACE_STYLE_FILL_AREA( #4642 );
#3571 = ORIENTED_EDGE( '', *, *, #4643, .F. );
#3572 = ORIENTED_EDGE( '', *, *, #4644, .F. );
#3573 = ORIENTED_EDGE( '', *, *, #4645, .F. );
#3574 = ORIENTED_EDGE( '', *, *, #3971, .F. );
#3575 = CARTESIAN_POINT( '', ( -6.32500000000000, 3.05000000000000, -0.770786437626903 ) );
#3576 = DIRECTION( '', ( 0.707106781186548, 0.000000000000000, 0.707106781186547 ) );
#3577 = DIRECTION( '', ( 0.707106781186547, 0.000000000000000, -0.707106781186548 ) );
#3578 = SURFACE_STYLE_FILL_AREA( #4646 );
#3579 = ORIENTED_EDGE( '', *, *, #4643, .T. );
#3580 = ORIENTED_EDGE( '', *, *, #3970, .F. );
#3581 = ORIENTED_EDGE( '', *, *, #4647, .F. );
#3582 = ORIENTED_EDGE( '', *, *, #4648, .F. );
#3583 = CARTESIAN_POINT( '', ( 0.000000000000000, 1.35360998504251E-016, -1.54500000000000 ) );
#3584 = DIRECTION( '', ( 0.000000000000000, 8.76122967665054E-017, -1.00000000000000 ) );
#3585 = DIRECTION( '', ( 0.000000000000000, 1.00000000000000, 8.76122967665054E-017 ) );
#3586 = SURFACE_STYLE_FILL_AREA( #4649 );
#3587 = ORIENTED_EDGE( '', *, *, #4139, .F. );
#3588 = ORIENTED_EDGE( '', *, *, #4527, .F. );
#3589 = ORIENTED_EDGE( '', *, *, #4329, .T. );
#3590 = ORIENTED_EDGE( '', *, *, #4625, .T. );
#3591 = CARTESIAN_POINT( '', ( 0.320000000000000, 2.79309756229256, -1.93500000000000 ) );
#3592 = DIRECTION( '', ( 0.000000000000000, 2.22400445638052E-015, 1.00000000000000 ) );
#3593 = DIRECTION( '', ( 0.000000000000000, -1.00000000000000, 2.22400445638052E-015 ) );
#3594 = SURFACE_STYLE_FILL_AREA( #4650 );
#3595 = ORIENTED_EDGE( '', *, *, #4061, .F. );
#3596 = ORIENTED_EDGE( '', *, *, #4208, .T. );
#3597 = ORIENTED_EDGE( '', *, *, #4217, .T. );
#3598 = ORIENTED_EDGE( '', *, *, #4597, .F. );
#3599 = CARTESIAN_POINT( '', ( -10.6766881514749, 4.25000000000000, 1.51500000000000 ) );
#3600 = DIRECTION( '', ( 0.000000000000000, 3.09772049281573E-016, -1.00000000000000 ) );
#3601 = DIRECTION( '', ( 0.000000000000000, 1.00000000000000, 3.09772049281573E-016 ) );
#3602 = SURFACE_STYLE_FILL_AREA( #4651 );
#3603 = ORIENTED_EDGE( '', *, *, #4522, .F. );
#3604 = ORIENTED_EDGE( '', *, *, #4637, .T. );
#3605 = ORIENTED_EDGE( '', *, *, #4530, .T. );
#3606 = ORIENTED_EDGE( '', *, *, #4549, .F. );
#3607 = CARTESIAN_POINT( '', ( 0.320000000000000, 3.61000000000000, -14.8166881514749 ) );
#3608 = DIRECTION( '', ( 0.000000000000000, 1.00000000000000, 8.76122967665054E-017 ) );
#3609 = DIRECTION( '', ( 0.000000000000000, -8.76122967665054E-017, 1.00000000000000 ) );
#3610 = SURFACE_STYLE_FILL_AREA( #4652 );
#3611 = ORIENTED_EDGE( '', *, *, #4132, .F. );
#3612 = ORIENTED_EDGE( '', *, *, #4438, .F. );
#3613 = ORIENTED_EDGE( '', *, *, #4333, .T. );
#3614 = ORIENTED_EDGE( '', *, *, #4214, .T. );
#3615 = CARTESIAN_POINT( '', ( 0.320000000000000, 1.10303844778314, 0.855677434982952 ) );
#3616 = DIRECTION( '', ( 0.000000000000000, 0.865451384637830, -0.500992914948368 ) );
#3617 = DIRECTION( '', ( 0.000000000000000, 0.500992914948368, 0.865451384637830 ) );
#3618 = SURFACE_STYLE_FILL_AREA( #4653 );
#3619 = ORIENTED_EDGE( '', *, *, #4182, .F. );
#3620 = ORIENTED_EDGE( '', *, *, #4377, .F. );
#3621 = ORIENTED_EDGE( '', *, *, #4191, .T. );
#3622 = ORIENTED_EDGE( '', *, *, #4654, .T. );
#3623 = CARTESIAN_POINT( '', ( 1.72500000000000, 1.05000000000000, 1.59500000000000 ) );
#3624 = DIRECTION( '', ( 0.000000000000000, 0.000000000000000, -1.00000000000000 ) );
#3625 = DIRECTION( '', ( -1.00000000000000, 0.000000000000000, 0.000000000000000 ) );
#3626 = SURFACE_STYLE_FILL_AREA( #4655 );
#3627 = ORIENTED_EDGE( '', *, *, #4461, .F. );
#3628 = ORIENTED_EDGE( '', *, *, #4615, .T. );
#3629 = ORIENTED_EDGE( '', *, *, #4232, .T. );
#3630 = ORIENTED_EDGE( '', *, *, #4656, .T. );
#3631 = ORIENTED_EDGE( '', *, *, #4443, .T. );
#3632 = ORIENTED_EDGE( '', *, *, #4362, .F. );
#3633 = ORIENTED_EDGE( '', *, *, #4604, .T. );
#3634 = ORIENTED_EDGE( '', *, *, #4245, .F. );
#3635 = ORIENTED_EDGE( '', *, *, #4073, .F. );
#3636 = CARTESIAN_POINT( '', ( 0.000000000000000, 3.05000000000000, 0.000000000000000 ) );
#3637 = DIRECTION( '', ( 0.000000000000000, 1.00000000000000, 0.000000000000000 ) );
#3638 = DIRECTION( '', ( 0.000000000000000, 0.000000000000000, 1.00000000000000 ) );
#3639 = SURFACE_STYLE_FILL_AREA( #4657 );
#3640 = ORIENTED_EDGE( '', *, *, #4250, .F. );
#3641 = ORIENTED_EDGE( '', *, *, #4634, .F. );
#3642 = ORIENTED_EDGE( '', *, *, #4235, .T. );
#3643 = ORIENTED_EDGE( '', *, *, #4632, .T. );
#3644 = CARTESIAN_POINT( '', ( 0.305000000000000, -0.788102228111300, 0.913102228111296 ) );
#3645 = DIRECTION( '', ( 1.00000000000000, -0.000000000000000, -0.000000000000000 ) );
#3646 = DIRECTION( '', ( 0.000000000000000, 0.000000000000000, 1.00000000000000 ) );
#3647 = SURFACE_STYLE_FILL_AREA( #4658 );
#3648 = ORIENTED_EDGE( '', *, *, #4566, .F. );
#3649 = ORIENTED_EDGE( '', *, *, #4426, .F. );
#3650 = ORIENTED_EDGE( '', *, *, #4286, .T. );
#3651 = ORIENTED_EDGE( '', *, *, #4553, .T. );
#3652 = CARTESIAN_POINT( '', ( -5.42500000000000, 3.45000000000000, -14.8166881514748 ) );
#3653 = DIRECTION( '', ( 1.08420217248550E-015, -1.00000000000000, -8.76122967665054E-017 ) );
#3654 = DIRECTION( '', ( 1.00000000000000, 1.08420217248550E-015, 0.000000000000000 ) );
#3655 = SURFACE_STYLE_FILL_AREA( #4659 );
#3656 = ORIENTED_EDGE( '', *, *, #4608, .F. );
#3657 = ORIENTED_EDGE( '', *, *, #4199, .T. );
#3658 = ORIENTED_EDGE( '', *, *, #4598, .T. );
#3659 = ORIENTED_EDGE( '', *, *, #4558, .F. );
#3660 = CARTESIAN_POINT( '', ( 5.42500000000000, 3.45000000000000, -14.8166881514748 ) );
#3661 = DIRECTION( '', ( 2.16840434497100E-015, 1.00000000000000, 8.76122967665054E-017 ) );
#3662 = DIRECTION( '', ( -1.00000000000000, 2.16840434497100E-015, 0.000000000000000 ) );
#3663 = SURFACE_STYLE_FILL_AREA( #4660 );
#3664 = ORIENTED_EDGE( '', *, *, #4226, .F. );
#3665 = ORIENTED_EDGE( '', *, *, #4614, .T. );
#3666 = ORIENTED_EDGE( '', *, *, #4459, .T. );
#3667 = ORIENTED_EDGE( '', *, *, #4071, .T. );
#3668 = ORIENTED_EDGE( '', *, *, #4661, .T. );
#3669 = ORIENTED_EDGE( '', *, *, #4174, .F. );
#3670 = ORIENTED_EDGE( '', *, *, #4488, .F. );
#3671 = CARTESIAN_POINT( '', ( 4.91078643762691, -4.95000000000000, -14.8166881514748 ) );
#3672 = DIRECTION( '', ( 0.707106781186548, -0.707106781186548, -6.19512491589242E-017 ) );
#3673 = DIRECTION( '', ( 0.707106781186548, 0.707106781186548, 0.000000000000000 ) );
#3674 = SURFACE_STYLE_FILL_AREA( #4662 );
#3675 = ORIENTED_EDGE( '', *, *, #4610, .F. );
#3676 = ORIENTED_EDGE( '', *, *, #4577, .F. );
#3677 = ORIENTED_EDGE( '', *, *, #4535, .T. );
#3678 = ORIENTED_EDGE( '', *, *, #4416, .T. );
#3679 = CARTESIAN_POINT( '', ( -10.6766881514749, 4.25000000000000, -1.08500000000000 ) );
#3680 = DIRECTION( '', ( 0.000000000000000, 1.00000000000000, 0.000000000000000 ) );
#3681 = DIRECTION( '', ( 0.000000000000000, 0.000000000000000, 1.00000000000000 ) );
#3682 = SURFACE_STYLE_FILL_AREA( #4663 );
#3683 = ORIENTED_EDGE( '', *, *, #4114, .T. );
#3684 = ORIENTED_EDGE( '', *, *, #4447, .T. );
#3685 = ORIENTED_EDGE( '', *, *, #4661, .F. );
#3686 = CARTESIAN_POINT( '', ( 6.32500000000000, -3.53579208280703, -0.465000000000000 ) );
#3687 = DIRECTION( '', ( -1.14997006251253E-016, 0.000000000000000, 1.00000000000000 ) );
#3688 = DIRECTION( '', ( 1.00000000000000, 0.000000000000000, 1.14997006251253E-016 ) );
#3689 = SURFACE_STYLE_FILL_AREA( #4664 );
#3690 = ORIENTED_EDGE( '', *, *, #4665, .T. );
#3691 = ORIENTED_EDGE( '', *, *, #4647, .T. );
#3692 = ORIENTED_EDGE( '', *, *, #3977, .T. );
#3693 = ORIENTED_EDGE( '', *, *, #4666, .T. );
#3694 = ORIENTED_EDGE( '', *, *, #4091, .F. );
#3695 = ORIENTED_EDGE( '', *, *, #4296, .F. );
#3696 = ORIENTED_EDGE( '', *, *, #4475, .T. );
#3697 = ORIENTED_EDGE( '', *, *, #4318, .T. );
#3698 = CARTESIAN_POINT( '', ( -5.52500000000000, 3.05000000000000, -0.765000000000000 ) );
#3699 = DIRECTION( '', ( 1.00000000000000, 0.000000000000000, 0.000000000000000 ) );
#3700 = DIRECTION( '', ( 0.000000000000000, 0.000000000000000, -1.00000000000000 ) );
#3701 = SURFACE_STYLE_FILL_AREA( #4667 );
#3702 = ORIENTED_EDGE( '', *, *, #4141, .F. );
#3703 = ORIENTED_EDGE( '', *, *, #4626, .F. );
#3704 = ORIENTED_EDGE( '', *, *, #4327, .T. );
#3705 = ORIENTED_EDGE( '', *, *, #4490, .T. );
#3706 = CARTESIAN_POINT( '', ( 0.320000000000000, 0.593097562292556, -2.57500000000000 ) );
#3707 = DIRECTION( '', ( 0.000000000000000, -1.57702134179710E-015, -1.00000000000000 ) );
#3708 = DIRECTION( '', ( 0.000000000000000, 1.00000000000000, -1.57702134179710E-015 ) );
#3709 = SURFACE_STYLE_FILL_AREA( #4668 );
#3710 = ORIENTED_EDGE( '', *, *, #4576, .T. );
#3711 = ORIENTED_EDGE( '', *, *, #4391, .F. );
#3712 = ORIENTED_EDGE( '', *, *, #4371, .T. );
#3713 = ORIENTED_EDGE( '', *, *, #4479, .T. );
#3714 = CARTESIAN_POINT( '', ( 6.32500000000000, 4.95000000000000, 2.18500000000000 ) );
#3715 = DIRECTION( '', ( 0.000000000000000, 1.00000000000000, 1.24050591817563E-016 ) );
#3716 = DIRECTION( '', ( 0.000000000000000, -1.24050591817563E-016, 1.00000000000000 ) );
#3717 = SURFACE_STYLE_FILL_AREA( #4669 );
#3718 = ORIENTED_EDGE( '', *, *, #4670, .T. );
#3719 = ORIENTED_EDGE( '', *, *, #4311, .F. );
#3720 = ORIENTED_EDGE( '', *, *, #4493, .F. );
#3721 = ORIENTED_EDGE( '', *, *, #4671, .T. );
#3722 = ORIENTED_EDGE( '', *, *, #4619, .T. );
#3723 = ORIENTED_EDGE( '', *, *, #4541, .T. );
#3724 = ORIENTED_EDGE( '', *, *, #3992, .F. );
#3725 = ORIENTED_EDGE( '', *, *, #4423, .T. );
#3726 = CARTESIAN_POINT( '', ( -10.6766881514749, 4.95000000000000, -1.08500000000000 ) );
#3727 = DIRECTION( '', ( 0.000000000000000, 3.09772049281573E-016, 1.00000000000000 ) );
#3728 = DIRECTION( '', ( 0.000000000000000, -1.00000000000000, 3.09772049281573E-016 ) );
#3729 = SURFACE_STYLE_FILL_AREA( #4672 );
#3730 = ORIENTED_EDGE( '', *, *, #4673, .F. );
#3731 = ORIENTED_EDGE( '', *, *, #4446, .F. );
#3732 = ORIENTED_EDGE( '', *, *, #4401, .T. );
#3733 = ORIENTED_EDGE( '', *, *, #4429, .T. );
#3734 = ORIENTED_EDGE( '', *, *, #4115, .T. );
#3735 = CARTESIAN_POINT( '', ( 4.91078643762690, -3.53579208280703, 1.53500000000000 ) );
#3736 = DIRECTION( '', ( -1.53329341668338E-016, 0.000000000000000, -1.00000000000000 ) );
#3737 = DIRECTION( '', ( -1.00000000000000, 0.000000000000000, 1.53329341668337E-016 ) );
#3738 = SURFACE_STYLE_FILL_AREA( #4674 );
#3739 = ORIENTED_EDGE( '', *, *, #4308, .F. );
#3740 = ORIENTED_EDGE( '', *, *, #4670, .F. );
#3741 = ORIENTED_EDGE( '', *, *, #4524, .T. );
#3742 = ORIENTED_EDGE( '', *, *, #4473, .T. );
#3743 = CARTESIAN_POINT( '', ( -10.6766881514749, 4.25000000000000, -1.08500000000000 ) );
#3744 = DIRECTION( '', ( 0.000000000000000, 1.00000000000000, 0.000000000000000 ) );
#3745 = DIRECTION( '', ( 0.000000000000000, 0.000000000000000, 1.00000000000000 ) );
#3746 = SURFACE_STYLE_FILL_AREA( #4675 );
#3747 = ORIENTED_EDGE( '', *, *, #4419, .F. );
#3748 = ORIENTED_EDGE( '', *, *, #4346, .F. );
#3749 = ORIENTED_EDGE( '', *, *, #4352, .T. );
#3750 = ORIENTED_EDGE( '', *, *, #4621, .T. );
#3751 = CARTESIAN_POINT( '', ( 2.10000000000000, 2.75000000000000, -1.54500000000000 ) );
#3752 = DIRECTION( '', ( 0.000000000000000, 1.00000000000000, 8.76122967665054E-017 ) );
#3753 = DIRECTION( '', ( 0.000000000000000, -8.76122967665054E-017, 1.00000000000000 ) );
#3754 = SURFACE_STYLE_FILL_AREA( #4676 );
#3755 = ORIENTED_EDGE( '', *, *, #4570, .F. );
#3756 = ORIENTED_EDGE( '', *, *, #4574, .F. );
#3757 = ORIENTED_EDGE( '', *, *, #4581, .T. );
#3758 = ORIENTED_EDGE( '', *, *, #4547, .T. );
#3759 = CARTESIAN_POINT( '', ( 1.30000000000000, -1.40000000000000, 2.43500000000000 ) );
#3760 = DIRECTION( '', ( 1.00000000000000, -0.000000000000000, -0.000000000000000 ) );
#3761 = DIRECTION( '', ( 0.000000000000000, 0.000000000000000, 1.00000000000000 ) );
#3762 = SURFACE_STYLE_FILL_AREA( #4677 );
#3763 = ORIENTED_EDGE( '', *, *, #4414, .T. );
#3764 = ORIENTED_EDGE( '', *, *, #4384, .T. );
#3765 = ORIENTED_EDGE( '', *, *, #4579, .T. );
#3766 = ORIENTED_EDGE( '', *, *, #4611, .T. );
#3767 = CARTESIAN_POINT( '', ( 0.000000000000000, 3.85000000000000, 0.000000000000000 ) );
#3768 = DIRECTION( '', ( 0.000000000000000, 1.00000000000000, 0.000000000000000 ) );
#3769 = DIRECTION( '', ( 0.000000000000000, 0.000000000000000, 1.00000000000000 ) );
#3770 = SURFACE_STYLE_FILL_AREA( #4678 );
#3771 = ORIENTED_EDGE( '', *, *, #4463, .T. );
#3772 = ORIENTED_EDGE( '', *, *, #4298, .F. );
#3773 = ORIENTED_EDGE( '', *, *, #4482, .F. );
#3774 = ORIENTED_EDGE( '', *, *, #4380, .T. );
#3775 = CARTESIAN_POINT( '', ( -5.61078643762690, 3.05000000000000, 1.53500000000000 ) );
#3776 = DIRECTION( '', ( -1.00000000000000, 0.000000000000000, 0.000000000000000 ) );
#3777 = DIRECTION( '', ( 0.000000000000000, 0.000000000000000, 1.00000000000000 ) );
#3778 = SURFACE_STYLE_FILL_AREA( #4679 );
#3779 = ORIENTED_EDGE( '', *, *, #4271, .T. );
#3780 = ORIENTED_EDGE( '', *, *, #4433, .F. );
#3781 = ORIENTED_EDGE( '', *, *, #4498, .F. );
#3782 = ORIENTED_EDGE( '', *, *, #4366, .F. );
#3783 = CARTESIAN_POINT( '', ( -3.32000000000000, 4.25000000000000, -14.8166881514749 ) );
#3784 = DIRECTION( '', ( 0.950031749040490, 0.312153288970447, 2.73484665899195E-017 ) );
#3785 = DIRECTION( '', ( -0.312153288970447, 0.950031749040490, 0.000000000000000 ) );
#3786 = SURFACE_STYLE_FILL_AREA( #4680 );
#3787 = ORIENTED_EDGE( '', *, *, #4092, .F. );
#3788 = ORIENTED_EDGE( '', *, *, #4666, .F. );
#3789 = ORIENTED_EDGE( '', *, *, #3976, .T. );
#3790 = ORIENTED_EDGE( '', *, *, #4002, .T. );
#3791 = CARTESIAN_POINT( '', ( -4.91078643762691, 3.05000000000000, -0.765000000000000 ) );
#3792 = DIRECTION( '', ( 0.000000000000000, 0.000000000000000, -1.00000000000000 ) );
#3793 = DIRECTION( '', ( -1.00000000000000, 0.000000000000000, 0.000000000000000 ) );
#3794 = SURFACE_STYLE_FILL_AREA( #4681 );
#3795 = ORIENTED_EDGE( '', *, *, #4506, .T. );
#3796 = ORIENTED_EDGE( '', *, *, #4323, .F. );
#3797 = ORIENTED_EDGE( '', *, *, #4350, .F. );
#3798 = ORIENTED_EDGE( '', *, *, #4682, .T. );
#3799 = CARTESIAN_POINT( '', ( -3.00000000000000, 2.75000000000000, -1.54500000000000 ) );
#3800 = DIRECTION( '', ( 1.00000000000000, -1.44560289664734E-016, -1.26652589987586E-032 ) );
#3801 = DIRECTION( '', ( 1.44560289664734E-016, 1.00000000000000, 0.000000000000000 ) );
#3802 = SURFACE_STYLE_FILL_AREA( #4683 );
#3803 = ORIENTED_EDGE( '', *, *, #4183, .F. );
#3804 = ORIENTED_EDGE( '', *, *, #4654, .F. );
#3805 = ORIENTED_EDGE( '', *, *, #4190, .T. );
#3806 = ORIENTED_EDGE( '', *, *, #3946, .T. );
#3807 = CARTESIAN_POINT( '', ( 4.27500000000000, 1.05000000000000, 1.59500000000000 ) );
#3808 = DIRECTION( '', ( -1.00000000000000, 0.000000000000000, 0.000000000000000 ) );
#3809 = DIRECTION( '', ( 0.000000000000000, 0.000000000000000, 1.00000000000000 ) );
#3810 = SURFACE_STYLE_FILL_AREA( #4684 );
#3811 = ORIENTED_EDGE( '', *, *, #4648, .T. );
#3812 = ORIENTED_EDGE( '', *, *, #4665, .F. );
#3813 = ORIENTED_EDGE( '', *, *, #4317, .F. );
#3814 = ORIENTED_EDGE( '', *, *, #4178, .T. );
#3815 = ORIENTED_EDGE( '', *, *, #4509, .T. );
#3816 = ORIENTED_EDGE( '', *, *, #4685, .T. );
#3817 = ORIENTED_EDGE( '', *, *, #4644, .T. );
#3818 = CARTESIAN_POINT( '', ( -4.91078643762691, -4.95000000000000, -14.8166881514748 ) );
#3819 = DIRECTION( '', ( 0.707106781186548, 0.707106781186548, 6.19512491589242E-017 ) );
#3820 = DIRECTION( '', ( -0.707106781186548, 0.707106781186548, 0.000000000000000 ) );
#3821 = SURFACE_STYLE_FILL_AREA( #4686 );
#3822 = ORIENTED_EDGE( '', *, *, #4137, .F. );
#3823 = ORIENTED_EDGE( '', *, *, #4057, .F. );
#3824 = ORIENTED_EDGE( '', *, *, #4331, .T. );
#3825 = ORIENTED_EDGE( '', *, *, #4526, .T. );
#3826 = CARTESIAN_POINT( '', ( 0.320000000000000, 1.10303844778314, -0.857500000000000 ) );
#3827 = DIRECTION( '', ( 0.000000000000000, 0.858259505327664, 0.513215959918156 ) );
#3828 = DIRECTION( '', ( 0.000000000000000, -0.513215959918156, 0.858259505327664 ) );
#3829 = SURFACE_STYLE_FILL_AREA( #4687 );
#3830 = ORIENTED_EDGE( '', *, *, #4551, .F. );
#3831 = ORIENTED_EDGE( '', *, *, #4538, .F. );
#3832 = ORIENTED_EDGE( '', *, *, #4405, .F. );
#3833 = ORIENTED_EDGE( '', *, *, #4567, .T. );
#3834 = CARTESIAN_POINT( '', ( 6.32500000000000, 4.95000000000000, 2.18500000000000 ) );
#3835 = DIRECTION( '', ( 0.000000000000000, 1.00000000000000, 1.24050591817563E-016 ) );
#3836 = DIRECTION( '', ( 0.000000000000000, -1.24050591817563E-016, 1.00000000000000 ) );
#3837 = SURFACE_STYLE_FILL_AREA( #4688 );
#3838 = ORIENTED_EDGE( '', *, *, #4176, .F. );
#3839 = ORIENTED_EDGE( '', *, *, #4673, .T. );
#3840 = ORIENTED_EDGE( '', *, *, #4069, .T. );
#3841 = ORIENTED_EDGE( '', *, *, #4556, .F. );
#3842 = CARTESIAN_POINT( '', ( 4.91078643762691, -4.95000000000000, -14.8166881514748 ) );
#3843 = DIRECTION( '', ( 0.707106781186548, -0.707106781186548, -6.19512491589242E-017 ) );
#3844 = DIRECTION( '', ( 0.707106781186548, 0.707106781186548, 0.000000000000000 ) );
#3845 = SURFACE_STYLE_FILL_AREA( #4689 );
#3846 = ORIENTED_EDGE( '', *, *, #4533, .F. );
#3847 = ORIENTED_EDGE( '', *, *, #4519, .T. );
#3848 = ORIENTED_EDGE( '', *, *, #4502, .T. );
#3849 = ORIENTED_EDGE( '', *, *, #4550, .F. );
#3850 = CARTESIAN_POINT( '', ( -2.68000000000000, 3.61000000000000, -14.8166881514749 ) );
#3851 = DIRECTION( '', ( 0.000000000000000, 1.00000000000000, 8.76122967665054E-017 ) );
#3852 = DIRECTION( '', ( 0.000000000000000, -8.76122967665054E-017, 1.00000000000000 ) );
#3853 = SURFACE_STYLE_FILL_AREA( #4690 );
#3854 = ORIENTED_EDGE( '', *, *, #4691, .T. );
#3855 = ORIENTED_EDGE( '', *, *, #4444, .F. );
#3856 = ORIENTED_EDGE( '', *, *, #4656, .F. );
#3857 = ORIENTED_EDGE( '', *, *, #4231, .T. );
#3858 = CARTESIAN_POINT( '', ( 4.91078643762691, 3.05000000000000, -0.765000000000000 ) );
#3859 = DIRECTION( '', ( -1.76518761372925E-016, 0.000000000000000, 1.00000000000000 ) );
#3860 = DIRECTION( '', ( 1.00000000000000, 0.000000000000000, 1.76518761372925E-016 ) );
#3861 = SURFACE_STYLE_FILL_AREA( #4692 );
#3862 = ORIENTED_EDGE( '', *, *, #4507, .T. );
#3863 = ORIENTED_EDGE( '', *, *, #4682, .F. );
#3864 = ORIENTED_EDGE( '', *, *, #4349, .F. );
#3865 = ORIENTED_EDGE( '', *, *, #4468, .T. );
#3866 = CARTESIAN_POINT( '', ( -2.10000000000000, 2.75000000000000, -1.54500000000000 ) );
#3867 = DIRECTION( '', ( -1.92747052886313E-015, -1.00000000000000, -8.76122967665054E-017 ) );
#3868 = DIRECTION( '', ( 1.00000000000000, -1.92747052886313E-015, 0.000000000000000 ) );
#3869 = SURFACE_STYLE_FILL_AREA( #4693 );
#3870 = ORIENTED_EDGE( '', *, *, #4135, .F. );
#3871 = ORIENTED_EDGE( '', *, *, #4212, .F. );
#3872 = ORIENTED_EDGE( '', *, *, #4332, .T. );
#3873 = ORIENTED_EDGE( '', *, *, #4305, .T. );
#3874 = CARTESIAN_POINT( '', ( 0.320000000000000, 1.23309756229256, 0.320000000000000 ) );
#3875 = DIRECTION( '', ( 0.000000000000000, 1.00000000000000, 0.000000000000000 ) );
#3876 = DIRECTION( '', ( 0.000000000000000, 0.000000000000000, 1.00000000000000 ) );
#3877 = SURFACE_STYLE_FILL_AREA( #4694 );
#3878 = ORIENTED_EDGE( '', *, *, #4102, .F. );
#3879 = ORIENTED_EDGE( '', *, *, #4592, .F. );
#3880 = ORIENTED_EDGE( '', *, *, #4514, .T. );
#3881 = ORIENTED_EDGE( '', *, *, #4255, .T. );
#3882 = CARTESIAN_POINT( '', ( 0.335000000000000, -0.635000000000000, -1.95000000000000 ) );
#3883 = DIRECTION( '', ( -0.000000000000000, -1.00000000000000, -0.000000000000000 ) );
#3884 = DIRECTION( '', ( 0.000000000000000, 0.000000000000000, 1.00000000000000 ) );
#3885 = SURFACE_STYLE_FILL_AREA( #4695 );
#3886 = ORIENTED_EDGE( '', *, *, #4696, .F. );
#3887 = ORIENTED_EDGE( '', *, *, #4606, .T. );
#3888 = ORIENTED_EDGE( '', *, *, #4588, .T. );
#3889 = ORIENTED_EDGE( '', *, *, #4599, .T. );
#3890 = ORIENTED_EDGE( '', *, *, #3960, .F. );
#3891 = ORIENTED_EDGE( '', *, *, #4445, .T. );
#3892 = ORIENTED_EDGE( '', *, *, #4691, .F. );
#3893 = ORIENTED_EDGE( '', *, *, #4230, .F. );
#3894 = CARTESIAN_POINT( '', ( 5.52500000000000, 0.724999999999966, 16.2366881514749 ) );
#3895 = DIRECTION( '', ( -3.53037522745845E-014, -1.00000000000000, 6.23177462332622E-030 ) );
#3896 = DIRECTION( '', ( 1.00000000000000, -3.53037522745846E-014, 0.000000000000000 ) );
#3897 = SURFACE_STYLE_FILL_AREA( #4697 );
#3898 = ORIENTED_EDGE( '', *, *, #4617, .T. );
#3899 = ORIENTED_EDGE( '', *, *, #4671, .F. );
#3900 = ORIENTED_EDGE( '', *, *, #4492, .F. );
#3901 = ORIENTED_EDGE( '', *, *, #4471, .T. );
#3902 = CARTESIAN_POINT( '', ( 1.90000000000000, 3.85000000000000, 1.51500000000000 ) );
#3903 = DIRECTION( '', ( 1.00000000000000, 0.000000000000000, -8.34001671142695E-017 ) );
#3904 = DIRECTION( '', ( -8.34001671142695E-017, 0.000000000000000, -1.00000000000000 ) );
#3905 = SURFACE_STYLE_FILL_AREA( #4698 );
#3906 = ORIENTED_EDGE( '', *, *, #3938, .T. );
#3907 = ORIENTED_EDGE( '', *, *, #4436, .T. );
#3908 = ORIENTED_EDGE( '', *, *, #4096, .T. );
#3909 = ORIENTED_EDGE( '', *, *, #3942, .T. );
#3910 = ORIENTED_EDGE( '', *, *, #3972, .F. );
#3911 = ORIENTED_EDGE( '', *, *, #4645, .T. );
#3912 = ORIENTED_EDGE( '', *, *, #4685, .F. );
#3913 = ORIENTED_EDGE( '', *, *, #4464, .F. );
#3914 = ORIENTED_EDGE( '', *, *, #4011, .F. );
#3915 = ORIENTED_EDGE( '', *, *, #4555, .T. );
#3916 = ORIENTED_EDGE( '', *, *, #4563, .T. );
#3917 = ORIENTED_EDGE( '', *, *, #4086, .T. );
#3918 = CARTESIAN_POINT( '', ( -6.32500000000000, 0.000000000000000, 0.000000000000000 ) );
#3919 = DIRECTION( '', ( -1.00000000000000, 0.000000000000000, 0.000000000000000 ) );
#3920 = DIRECTION( '', ( 0.000000000000000, 0.000000000000000, 1.00000000000000 ) );
#3921 = SURFACE_STYLE_FILL_AREA( #4699 );
#3922 = ORIENTED_EDGE( '', *, *, #4112, .T. );
#3923 = ORIENTED_EDGE( '', *, *, #4430, .F. );
#3924 = ORIENTED_EDGE( '', *, *, #4399, .T. );
#3925 = ORIENTED_EDGE( '', *, *, #4607, .T. );
#3926 = ORIENTED_EDGE( '', *, *, #4696, .T. );
#3927 = ORIENTED_EDGE( '', *, *, #4229, .T. );
#3928 = ORIENTED_EDGE( '', *, *, #4583, .T. );
#3929 = ORIENTED_EDGE( '', *, *, #4440, .T. );
#3930 = CARTESIAN_POINT( '', ( 5.61078643762690, 3.05000000000000, 0.535000000000000 ) );
#3931 = DIRECTION( '', ( -3.09772049281574E-016, 0.000000000000000, 1.00000000000000 ) );
#3932 = DIRECTION( '', ( 1.00000000000000, 0.000000000000000, 3.09772049281574E-016 ) );
#3934 = FILL_AREA_STYLE( '', ( #4700 ) );
#3935 = EDGE_CURVE( '', #4701, #4702, #4703, .T. );
#3936 = EDGE_CURVE( '', #4702, #4704, #4705, .T. );
#3937 = EDGE_CURVE( '', #4706, #4704, #4707, .T. );
#3938 = EDGE_CURVE( '', #4701, #4706, #4708, .T. );
#3939 = FILL_AREA_STYLE( '', ( #4709 ) );
#3940 = EDGE_CURVE( '', #4710, #4711, #4712, .T. );
#3941 = EDGE_CURVE( '', #4713, #4710, #4714, .T. );
#3942 = EDGE_CURVE( '', #4715, #4713, #4716, .T. );
#3943 = EDGE_CURVE( '', #4711, #4715, #4717, .T. );
#3944 = FILL_AREA_STYLE( '', ( #4718 ) );
#3945 = EDGE_CURVE( '', #4719, #4720, #4721, .T. );
#3946 = EDGE_CURVE( '', #4722, #4719, #4723, .T. );
#3947 = EDGE_CURVE( '', #4722, #4724, #4725, .T. );
#3948 = EDGE_CURVE( '', #4724, #4720, #4726, .T. );
#3949 = FILL_AREA_STYLE( '', ( #4727 ) );
#3950 = EDGE_CURVE( '', #4728, #4729, #4730, .F. );
#3951 = EDGE_CURVE( '', #4731, #4729, #4732, .T. );
#3952 = EDGE_CURVE( '', #4731, #4733, #4734, .F. );
#3953 = EDGE_CURVE( '', #4728, #4733, #4735, .T. );
#3954 = FILL_AREA_STYLE( '', ( #4736 ) );
#3955 = EDGE_CURVE( '', #4737, #4738, #4739, .T. );
#3956 = EDGE_CURVE( '', #4740, #4737, #4741, .F. );
#3957 = EDGE_CURVE( '', #4742, #4740, #4743, .T. );
#3958 = EDGE_CURVE( '', #4738, #4742, #4744, .T. );
#3959 = FILL_AREA_STYLE( '', ( #4745 ) );
#3960 = EDGE_CURVE( '', #4746, #4747, #4748, .T. );
#3961 = EDGE_CURVE( '', #4747, #4749, #4750, .T. );
#3962 = EDGE_CURVE( '', #4749, #4751, #4752, .T. );
#3963 = EDGE_CURVE( '', #4751, #4746, #4753, .T. );
#3964 = FILL_AREA_STYLE( '', ( #4754 ) );
#3965 = EDGE_CURVE( '', #4755, #4756, #4757, .T. );
#3966 = EDGE_CURVE( '', #4758, #4755, #4759, .F. );
#3967 = EDGE_CURVE( '', #4760, #4758, #4761, .T. );
#3968 = EDGE_CURVE( '', #4756, #4760, #4762, .T. );
#3969 = FILL_AREA_STYLE( '', ( #4763 ) );
#3970 = EDGE_CURVE( '', #4764, #4765, #4766, .T. );
#3971 = EDGE_CURVE( '', #4765, #4767, #4768, .T. );
#3972 = EDGE_CURVE( '', #4767, #4713, #4769, .T. );
#3973 = EDGE_CURVE( '', #4770, #4710, #4771, .T. );
#3974 = EDGE_CURVE( '', #4770, #4772, #4773, .T. );
#3975 = EDGE_CURVE( '', #4774, #4772, #4775, .T. );
#3976 = EDGE_CURVE( '', #4776, #4774, #4777, .T. );
#3977 = EDGE_CURVE( '', #4764, #4776, #4778, .T. );
#3978 = FILL_AREA_STYLE( '', ( #4779 ) );
#3979 = EDGE_CURVE( '', #4780, #4781, #4782, .T. );
#3980 = EDGE_CURVE( '', #4783, #4780, #4784, .T. );
#3981 = EDGE_CURVE( '', #4785, #4783, #4786, .T. );
#3982 = EDGE_CURVE( '', #4781, #4785, #4787, .T. );
#3983 = EDGE_CURVE( '', #4788, #4789, #4790, .T. );
#3984 = EDGE_CURVE( '', #4789, #4791, #4792, .T. );
#3985 = EDGE_CURVE( '', #4791, #4793, #4794, .T. );
#3986 = EDGE_CURVE( '', #4793, #4788, #4795, .T. );
#3987 = FILL_AREA_STYLE( '', ( #4796 ) );
#3988 = EDGE_CURVE( '', #4797, #4798, #4799, .T. );
#3989 = EDGE_CURVE( '', #4781, #4797, #4800, .T. );
#3990 = EDGE_CURVE( '', #4785, #4798, #4801, .T. );
#3991 = FILL_AREA_STYLE( '', ( #4802 ) );
#3992 = EDGE_CURVE( '', #4803, #4804, #4805, .T. );
#3993 = EDGE_CURVE( '', #4806, #4804, #4807, .T. );
#3994 = EDGE_CURVE( '', #4806, #4808, #4809, .T. );
#3995 = EDGE_CURVE( '', #4808, #4803, #4810, .T. );
#3996 = FILL_AREA_STYLE( '', ( #4811 ) );
#3997 = EDGE_CURVE( '', #4812, #4813, #4814, .T. );
#3998 = EDGE_CURVE( '', #4815, #4813, #4816, .T. );
#3999 = EDGE_CURVE( '', #4817, #4815, #4818, .T. );
#4000 = EDGE_CURVE( '', #4817, #4819, #4820, .T. );
#4001 = EDGE_CURVE( '', #4819, #4821, #4822, .T. );
#4002 = EDGE_CURVE( '', #4774, #4821, #4823, .T. );
#4003 = EDGE_CURVE( '', #4772, #4824, #4825, .T. );
#4004 = EDGE_CURVE( '', #4824, #4826, #4827, .T. );
#4005 = EDGE_CURVE( '', #4828, #4826, #4829, .T. );
#4006 = EDGE_CURVE( '', #4830, #4828, #4831, .T. );
#4007 = EDGE_CURVE( '', #4830, #4832, #4833, .T. );
#4008 = EDGE_CURVE( '', #4834, #4832, #4835, .T. );
#4009 = EDGE_CURVE( '', #4834, #4812, #4836, .T. );
#4010 = FILL_AREA_STYLE( '', ( #4837 ) );
#4011 = EDGE_CURVE( '', #4838, #4839, #4840, .T. );
#4012 = EDGE_CURVE( '', #4839, #4813, #4841, .T. );
#4013 = EDGE_CURVE( '', #4813, #4842, #4843, .T. );
#4014 = EDGE_CURVE( '', #4842, #4838, #4844, .T. );
#4015 = FILL_AREA_STYLE( '', ( #4845 ) );
#4016 = EDGE_CURVE( '', #4846, #4847, #4848, .T. );
#4017 = EDGE_CURVE( '', #4849, #4846, #4850, .T. );
#4018 = EDGE_CURVE( '', #4849, #4851, #4852, .T. );
#4019 = EDGE_CURVE( '', #4851, #4847, #4853, .T. );
#4020 = FILL_AREA_STYLE( '', ( #4854 ) );
#4021 = EDGE_CURVE( '', #4855, #4856, #4857, .T. );
#4022 = EDGE_CURVE( '', #4858, #4856, #4859, .T. );
#4023 = EDGE_CURVE( '', #4860, #4858, #4861, .T. );
#4024 = EDGE_CURVE( '', #4855, #4860, #4862, .T. );
#4025 = FILL_AREA_STYLE( '', ( #4863 ) );
#4026 = EDGE_CURVE( '', #4864, #4865, #4866, .T. );
#4027 = EDGE_CURVE( '', #4867, #4865, #4868, .T. );
#4028 = EDGE_CURVE( '', #4869, #4867, #4870, .T. );
#4029 = EDGE_CURVE( '', #4864, #4869, #4871, .T. );
#4030 = FILL_AREA_STYLE( '', ( #4872 ) );
#4031 = EDGE_CURVE( '', #4873, #4874, #4875, .T. );
#4032 = EDGE_CURVE( '', #4876, #4874, #4877, .T. );
#4033 = EDGE_CURVE( '', #4878, #4876, #4879, .T. );
#4034 = EDGE_CURVE( '', #4873, #4878, #4880, .T. );
#4035 = FILL_AREA_STYLE( '', ( #4881 ) );
#4036 = EDGE_CURVE( '', #4882, #4731, #4883, .T. );
#4037 = EDGE_CURVE( '', #4729, #4884, #4885, .T. );
#4038 = EDGE_CURVE( '', #4884, #4882, #4886, .T. );
#4039 = FILL_AREA_STYLE( '', ( #4887 ) );
#4040 = EDGE_CURVE( '', #4888, #4889, #4890, .T. );
#4041 = EDGE_CURVE( '', #4891, #4888, #4892, .T. );
#4042 = EDGE_CURVE( '', #4891, #4893, #4894, .T. );
#4043 = EDGE_CURVE( '', #4893, #4889, #4895, .T. );
#4044 = FILL_AREA_STYLE( '', ( #4896 ) );
#4045 = EDGE_CURVE( '', #4897, #4898, #4899, .T. );
#4046 = EDGE_CURVE( '', #4900, #4897, #4901, .T. );
#4047 = EDGE_CURVE( '', #4900, #4902, #4903, .T. );
#4048 = EDGE_CURVE( '', #4902, #4898, #4904, .T. );
#4049 = FILL_AREA_STYLE( '', ( #4905 ) );
#4050 = EDGE_CURVE( '', #4906, #4888, #4907, .T. );
#4051 = EDGE_CURVE( '', #4908, #4906, #4909, .T. );
#4052 = EDGE_CURVE( '', #4908, #4891, #4910, .T. );
#4053 = FILL_AREA_STYLE( '', ( #4911 ) );
#4054 = EDGE_CURVE( '', #4912, #4913, #4914, .T. );
#4055 = EDGE_CURVE( '', #4915, #4912, #4916, .T. );
#4056 = EDGE_CURVE( '', #4915, #4917, #4918, .T. );
#4057 = EDGE_CURVE( '', #4917, #4913, #4919, .T. );
#4058 = FILL_AREA_STYLE( '', ( #4920 ) );
#4059 = EDGE_CURVE( '', #4921, #4922, #4923, .T. );
#4060 = EDGE_CURVE( '', #4921, #4924, #4925, .T. );
#4061 = EDGE_CURVE( '', #4924, #4926, #4927, .T. );
#4062 = EDGE_CURVE( '', #4922, #4926, #4928, .T. );
#4063 = FILL_AREA_STYLE( '', ( #4929 ) );
#4064 = EDGE_CURVE( '', #4930, #4931, #4932, .T. );
#4065 = EDGE_CURVE( '', #4931, #4933, #4934, .T. );
#4066 = EDGE_CURVE( '', #4933, #4935, #4936, .T. );
#4067 = EDGE_CURVE( '', #4937, #4935, #4938, .T. );
#4068 = EDGE_CURVE( '', #4939, #4937, #4940, .T. );
#4069 = EDGE_CURVE( '', #4941, #4939, #4942, .T. );
#4070 = EDGE_CURVE( '', #4941, #4943, #4944, .T. );
#4071 = EDGE_CURVE( '', #4945, #4943, #4946, .T. );
#4072 = EDGE_CURVE( '', #4947, #4945, #4948, .T. );
#4073 = EDGE_CURVE( '', #4947, #4949, #4950, .T. );
#4074 = EDGE_CURVE( '', #4951, #4949, #4952, .T. );
#4075 = EDGE_CURVE( '', #4930, #4951, #4953, .T. );
#4076 = FILL_AREA_STYLE( '', ( #4954 ) );
#4077 = EDGE_CURVE( '', #4955, #4933, #4956, .T. );
#4078 = EDGE_CURVE( '', #4957, #4931, #4958, .T. );
#4079 = EDGE_CURVE( '', #4955, #4957, #4959, .T. );
#4080 = FILL_AREA_STYLE( '', ( #4960 ) );
#4081 = EDGE_CURVE( '', #4874, #4858, #4961, .T. );
#4082 = EDGE_CURVE( '', #4860, #4873, #4962, .T. );
#4083 = FILL_AREA_STYLE( '', ( #4963 ) );
#4084 = EDGE_CURVE( '', #4964, #4965, #4966, .T. );
#4085 = EDGE_CURVE( '', #4965, #4702, #4967, .T. );
#4086 = EDGE_CURVE( '', #4964, #4701, #4968, .T. );
#4087 = FILL_AREA_STYLE( '', ( #4969 ) );
#4088 = EDGE_CURVE( '', #4970, #4971, #4972, .T. );
#4089 = EDGE_CURVE( '', #4971, #4973, #4974, .T. );
#4090 = EDGE_CURVE( '', #4975, #4973, #4976, .T. );
#4091 = EDGE_CURVE( '', #4975, #4977, #4978, .T. );
#4092 = EDGE_CURVE( '', #4977, #4821, #4979, .T. );
#4093 = EDGE_CURVE( '', #4980, #4819, #4981, .T. );
#4094 = EDGE_CURVE( '', #4980, #4970, #4982, .T. );
#4095 = FILL_AREA_STYLE( '', ( #4983 ) );
#4096 = EDGE_CURVE( '', #4984, #4715, #4985, .T. );
#4097 = EDGE_CURVE( '', #4984, #4986, #4987, .T. );
#4098 = EDGE_CURVE( '', #4711, #4986, #4988, .T. );
#4099 = FILL_AREA_STYLE( '', ( #4989 ) );
#4100 = EDGE_CURVE( '', #4990, #4738, #4991, .T. );
#4101 = EDGE_CURVE( '', #4742, #4992, #4993, .T. );
#4102 = EDGE_CURVE( '', #4992, #4994, #4995, .T. );
#4103 = EDGE_CURVE( '', #4994, #4996, #4997, .T. );
#4104 = EDGE_CURVE( '', #4996, #4990, #4998, .T. );
#4105 = FILL_AREA_STYLE( '', ( #4999 ) );
#4106 = EDGE_CURVE( '', #5000, #5001, #5002, .T. );
#4107 = EDGE_CURVE( '', #5003, #5000, #5004, .T. );
#4108 = EDGE_CURVE( '', #5003, #5005, #5006, .T. );
#4109 = EDGE_CURVE( '', #5005, #5001, #5007, .T. );
#4110 = FILL_AREA_STYLE( '', ( #5008 ) );
#4111 = EDGE_CURVE( '', #5009, #5010, #5011, .T. );
#4112 = EDGE_CURVE( '', #5012, #5009, #5013, .T. );
#4113 = EDGE_CURVE( '', #5014, #5012, #5015, .T. );
#4114 = EDGE_CURVE( '', #4943, #5014, #5016, .T. );
#4115 = EDGE_CURVE( '', #5010, #4941, #5017, .T. );
#4116 = FILL_AREA_STYLE( '', ( #5018 ) );
#4117 = EDGE_CURVE( '', #5019, #5020, #5021, .T. );
#4118 = EDGE_CURVE( '', #5022, #5020, #5023, .T. );
#4119 = EDGE_CURVE( '', #5024, #5022, #5025, .T. );
#4120 = EDGE_CURVE( '', #5019, #5024, #5026, .T. );
#4121 = FILL_AREA_STYLE( '', ( #5027 ) );
#4122 = EDGE_CURVE( '', #4851, #5028, #5029, .T. );
#4123 = EDGE_CURVE( '', #5030, #4849, #5031, .T. );
#4124 = EDGE_CURVE( '', #5028, #5030, #5032, .T. );
#4125 = EDGE_CURVE( '', #4865, #5033, #5034, .T. );
#4126 = EDGE_CURVE( '', #5033, #5035, #5036, .T. );
#4127 = EDGE_CURVE( '', #5035, #4867, #5037, .T. );
#4128 = FILL_AREA_STYLE( '', ( #5038 ) );
#4129 = EDGE_CURVE( '', #4889, #4728, #5039, .T. );
#4130 = EDGE_CURVE( '', #4733, #4897, #5040, .T. );
#4131 = EDGE_CURVE( '', #4898, #5041, #5042, .T. );
#4132 = EDGE_CURVE( '', #5041, #5043, #5044, .T. );
#4133 = EDGE_CURVE( '', #5043, #5045, #5046, .T. );
#4134 = EDGE_CURVE( '', #5045, #5047, #5048, .T. );
#4135 = EDGE_CURVE( '', #5047, #5049, #5050, .T. );
#4136 = EDGE_CURVE( '', #5049, #4912, #5051, .T. );
#4137 = EDGE_CURVE( '', #4913, #5052, #5053, .T. );
#4138 = EDGE_CURVE( '', #5052, #5054, #5055, .T. );
#4139 = EDGE_CURVE( '', #5054, #5056, #5057, .T. );
#4140 = EDGE_CURVE( '', #5056, #5058, #5059, .T. );
#4141 = EDGE_CURVE( '', #5058, #5060, #5061, .T. );
#4142 = EDGE_CURVE( '', #5060, #4906, #5062, .T. );
#4143 = FILL_AREA_STYLE( '', ( #5063 ) );
#4144 = EDGE_CURVE( '', #5064, #5065, #5066, .T. );
#4145 = EDGE_CURVE( '', #4783, #5064, #5067, .T. );
#4146 = EDGE_CURVE( '', #4780, #5065, #5068, .T. );
#4147 = FILL_AREA_STYLE( '', ( #5069 ) );
#4148 = EDGE_CURVE( '', #5070, #5071, #5072, .T. );
#4149 = EDGE_CURVE( '', #5073, #5071, #5074, .T. );
#4150 = EDGE_CURVE( '', #5075, #5073, #5076, .T. );
#4151 = EDGE_CURVE( '', #5070, #5075, #5077, .T. );
#4152 = FILL_AREA_STYLE( '', ( #5078 ) );
#4153 = EDGE_CURVE( '', #5079, #5080, #5081, .T. );
#4154 = EDGE_CURVE( '', #5082, #5079, #5083, .T. );
#4155 = EDGE_CURVE( '', #5082, #5084, #5085, .T. );
#4156 = EDGE_CURVE( '', #5084, #5080, #5086, .T. );
#4157 = FILL_AREA_STYLE( '', ( #5087 ) );
#4158 = EDGE_CURVE( '', #5088, #5089, #5090, .T. );
#4159 = EDGE_CURVE( '', #5028, #5088, #5091, .T. );
#4160 = EDGE_CURVE( '', #5030, #5089, #5092, .T. );
#4161 = FILL_AREA_STYLE( '', ( #5093 ) );
#4162 = EDGE_CURVE( '', #4882, #5094, #5095, .F. );
#4163 = EDGE_CURVE( '', #4733, #5094, #5096, .T. );
#4164 = FILL_AREA_STYLE( '', ( #5097 ) );
#4165 = EDGE_CURVE( '', #5098, #5099, #5100, .T. );
#4166 = EDGE_CURVE( '', #5101, #5098, #5102, .T. );
#4167 = EDGE_CURVE( '', #5101, #5103, #5104, .T. );
#4168 = EDGE_CURVE( '', #5103, #5099, #5105, .T. );
#4169 = FILL_AREA_STYLE( '', ( #5106 ) );
#4170 = EDGE_CURVE( '', #4847, #5088, #5107, .T. );
#4171 = EDGE_CURVE( '', #5089, #4846, #5108, .T. );
#4172 = EDGE_CURVE( '', #4824, #5109, #5110, .T. );
#4173 = EDGE_CURVE( '', #5109, #5111, #5112, .T. );
#4174 = EDGE_CURVE( '', #5111, #5113, #5114, .T. );
#4175 = EDGE_CURVE( '', #5113, #5115, #5116, .T. );
#4176 = EDGE_CURVE( '', #5115, #5117, #5118, .T. );
#4177 = EDGE_CURVE( '', #5117, #4842, #5119, .T. );
#4178 = EDGE_CURVE( '', #4826, #4812, #5120, .T. );
#4179 = EDGE_CURVE( '', #5065, #4797, #5121, .T. );
#4180 = EDGE_CURVE( '', #4798, #5064, #5122, .T. );
#4181 = EDGE_CURVE( '', #4720, #5123, #5124, .T. );
#4182 = EDGE_CURVE( '', #5123, #5125, #5126, .T. );
#4183 = EDGE_CURVE( '', #5125, #4719, #5127, .T. );
#4184 = FILL_AREA_STYLE( '', ( #5128 ) );
#4185 = EDGE_CURVE( '', #5129, #4935, #5130, .T. );
#4186 = EDGE_CURVE( '', #5129, #5131, #5132, .T. );
#4187 = EDGE_CURVE( '', #4937, #5131, #5133, .T. );
#4188 = FILL_AREA_STYLE( '', ( #5134 ) );
#4189 = EDGE_CURVE( '', #4724, #5135, #5136, .T. );
#4190 = EDGE_CURVE( '', #5137, #4722, #5138, .T. );
#4191 = EDGE_CURVE( '', #5135, #5137, #5139, .T. );
#4192 = EDGE_CURVE( '', #5140, #5073, #5141, .T. );
#4193 = EDGE_CURVE( '', #5071, #5142, #5143, .T. );
#4194 = EDGE_CURVE( '', #5142, #5140, #5144, .T. );
#4195 = FILL_AREA_STYLE( '', ( #5145 ) );
#4196 = FILL_AREA_STYLE( '', ( #5146 ) );
#4197 = EDGE_CURVE( '', #5147, #5148, #5149, .T. );
#4198 = EDGE_CURVE( '', #5148, #5150, #5151, .T. );
#4199 = EDGE_CURVE( '', #5152, #5150, #5153, .T. );
#4200 = EDGE_CURVE( '', #5147, #5152, #5154, .T. );
#4201 = FILL_AREA_STYLE( '', ( #5155 ) );
#4202 = EDGE_CURVE( '', #4893, #5156, #5157, .T. );
#4203 = EDGE_CURVE( '', #5156, #4728, #5158, .T. );
#4204 = FILL_AREA_STYLE( '', ( #5159 ) );
#4205 = EDGE_CURVE( '', #4924, #5160, #5161, .T. );
#4206 = EDGE_CURVE( '', #5162, #5160, #5163, .T. );
#4207 = EDGE_CURVE( '', #5164, #5162, #5165, .T. );
#4208 = EDGE_CURVE( '', #4924, #5164, #5166, .T. );
#4209 = FILL_AREA_STYLE( '', ( #5167 ) );
#4210 = EDGE_CURVE( '', #5168, #5045, #5169, .T. );
#4211 = EDGE_CURVE( '', #5168, #5170, #5171, .T. );
#4212 = EDGE_CURVE( '', #5170, #5047, #5172, .T. );
#4213 = FILL_AREA_STYLE( '', ( #5173 ) );
#4214 = EDGE_CURVE( '', #5174, #5043, #5175, .T. );
#4215 = EDGE_CURVE( '', #5174, #5168, #5176, .T. );
#4216 = FILL_AREA_STYLE( '', ( #5177 ) );
#4217 = EDGE_CURVE( '', #5164, #5178, #5179, .T. );
#4218 = EDGE_CURVE( '', #5180, #5162, #5181, .T. );
#4219 = EDGE_CURVE( '', #5180, #5178, #5182, .T. );
#4220 = FILL_AREA_STYLE( '', ( #5183 ) );
#4221 = EDGE_CURVE( '', #4970, #5184, #5185, .T. );
#4222 = EDGE_CURVE( '', #5184, #5186, #5187, .T. );
#4223 = EDGE_CURVE( '', #4971, #5186, #5188, .T. );
#4224 = FILL_AREA_STYLE( '', ( #5189 ) );
#4225 = EDGE_CURVE( '', #5190, #5191, #5192, .T. );
#4226 = EDGE_CURVE( '', #5190, #5193, #5194, .T. );
#4227 = EDGE_CURVE( '', #5195, #5193, #5196, .T. );
#4228 = EDGE_CURVE( '', #5197, #5195, #5198, .T. );
#4229 = EDGE_CURVE( '', #5199, #5197, #5200, .T. );
#4230 = EDGE_CURVE( '', #5199, #5201, #5202, .T. );
#4231 = EDGE_CURVE( '', #5203, #5201, #5204, .T. );
#4232 = EDGE_CURVE( '', #5191, #5203, #5205, .T. );
#4233 = FILL_AREA_STYLE( '', ( #5206 ) );
#4234 = EDGE_CURVE( '', #5207, #5207, #5208, .T. );
#4235 = EDGE_CURVE( '', #5209, #5210, #5211, .T. );
#4236 = EDGE_CURVE( '', #5212, #5209, #5213, .T. );
#4237 = EDGE_CURVE( '', #5214, #5212, #5215, .T. );
#4238 = EDGE_CURVE( '', #5216, #5214, #5217, .T. );
#4239 = EDGE_CURVE( '', #5216, #4996, #5218, .T. );
#4240 = EDGE_CURVE( '', #5219, #4996, #5220, .T. );
#4241 = EDGE_CURVE( '', #5221, #5219, #5222, .T. );
#4242 = EDGE_CURVE( '', #5005, #5221, #5223, .T. );
#4243 = EDGE_CURVE( '', #5210, #5003, #5224, .T. );
#4244 = FILL_AREA_STYLE( '', ( #5225 ) );
#4245 = EDGE_CURVE( '', #4949, #5226, #5227, .T. );
#4246 = EDGE_CURVE( '', #5226, #5228, #5229, .T. );
#4247 = EDGE_CURVE( '', #4951, #5228, #5230, .T. );
#4248 = FILL_AREA_STYLE( '', ( #5231 ) );
#4249 = EDGE_CURVE( '', #5232, #5232, #5233, .T. );
#4250 = EDGE_CURVE( '', #5234, #5235, #5236, .T. );
#4251 = EDGE_CURVE( '', #5235, #5000, #5237, .T. );
#4252 = EDGE_CURVE( '', #5001, #5238, #5239, .T. );
#4253 = EDGE_CURVE( '', #5238, #5240, #5241, .T. );
#4254 = EDGE_CURVE( '', #5240, #4994, #5242, .T. );
#4255 = EDGE_CURVE( '', #5243, #4994, #5244, .T. );
#4256 = EDGE_CURVE( '', #5243, #5245, #5246, .T. );
#4257 = EDGE_CURVE( '', #5245, #5247, #5248, .T. );
#4258 = EDGE_CURVE( '', #5247, #5234, #5249, .T. );
#4259 = FILL_AREA_STYLE( '', ( #5250 ) );
#4260 = EDGE_CURVE( '', #5251, #5140, #5252, .T. );
#4261 = EDGE_CURVE( '', #5253, #5142, #5254, .T. );
#4262 = EDGE_CURVE( '', #5251, #5253, #5255, .T. );
#4263 = FILL_AREA_STYLE( '', ( #5256 ) );
#4264 = EDGE_CURVE( '', #4760, #4740, #5257, .T. );
#4265 = EDGE_CURVE( '', #4756, #4737, #5258, .T. );
#4266 = FILL_AREA_STYLE( '', ( #5259 ) );
#4267 = EDGE_CURVE( '', #5260, #4990, #5261, .T. );
#4268 = EDGE_CURVE( '', #5260, #4755, #5262, .T. );
#4269 = FILL_AREA_STYLE( '', ( #5263 ) );
#4270 = EDGE_CURVE( '', #5264, #5265, #5266, .T. );
#4271 = EDGE_CURVE( '', #5267, #5265, #5268, .T. );
#4272 = EDGE_CURVE( '', #5267, #5269, #5270, .T. );
#4273 = EDGE_CURVE( '', #5269, #5264, #5271, .T. );
#4274 = FILL_AREA_STYLE( '', ( #5272 ) );
#4275 = EDGE_CURVE( '', #5273, #5274, #5275, .T. );
#4276 = EDGE_CURVE( '', #5276, #5274, #5277, .T. );
#4277 = EDGE_CURVE( '', #5020, #5276, #5278, .T. );
#4278 = EDGE_CURVE( '', #5273, #5020, #5279, .T. );
#4279 = FILL_AREA_STYLE( '', ( #5280 ) );
#4280 = EDGE_CURVE( '', #5214, #5245, #5281, .T. );
#4281 = EDGE_CURVE( '', #5212, #5247, #5282, .T. );
#4282 = FILL_AREA_STYLE( '', ( #5283 ) );
#4283 = EDGE_CURVE( '', #4704, #4986, #5284, .T. );
#4284 = EDGE_CURVE( '', #4965, #5285, #5286, .T. );
#4285 = EDGE_CURVE( '', #5285, #5287, #5288, .T. );
#4286 = EDGE_CURVE( '', #5289, #5287, #5290, .T. );
#4287 = EDGE_CURVE( '', #5291, #5289, #5292, .T. );
#4288 = EDGE_CURVE( '', #5291, #5293, #5294, .T. );
#4289 = EDGE_CURVE( '', #4973, #5293, #5295, .T. );
#4290 = EDGE_CURVE( '', #5296, #5186, #5297, .T. );
#4291 = EDGE_CURVE( '', #5296, #4770, #5298, .T. );
#4292 = FILL_AREA_STYLE( '', ( #5299 ) );
#4293 = EDGE_CURVE( '', #5094, #4900, #5300, .T. );
#4294 = FILL_AREA_STYLE( '', ( #5301 ) );
#4295 = EDGE_CURVE( '', #4830, #5302, #5303, .T. );
#4296 = EDGE_CURVE( '', #5302, #4975, #5304, .T. );
#4297 = EDGE_CURVE( '', #5305, #5293, #5306, .T. );
#4298 = EDGE_CURVE( '', #5305, #5307, #5308, .T. );
#4299 = EDGE_CURVE( '', #5307, #4832, #5309, .T. );
#4300 = FILL_AREA_STYLE( '', ( #5310 ) );
#4301 = EDGE_CURVE( '', #5311, #4788, #5312, .T. );
#4302 = EDGE_CURVE( '', #5313, #4793, #5314, .T. );
#4303 = EDGE_CURVE( '', #5311, #5313, #5315, .T. );
#4304 = FILL_AREA_STYLE( '', ( #5316 ) );
#4305 = EDGE_CURVE( '', #5317, #5049, #5318, .T. );
#4306 = EDGE_CURVE( '', #5317, #4915, #5319, .T. );
#4307 = FILL_AREA_STYLE( '', ( #5320 ) );
#4308 = EDGE_CURVE( '', #5321, #5322, #5323, .T. );
#4309 = EDGE_CURVE( '', #5324, #5322, #5325, .T. );
#4310 = EDGE_CURVE( '', #5326, #5324, #5327, .T. );
#4311 = EDGE_CURVE( '', #5326, #5321, #5328, .T. );
#4312 = FILL_AREA_STYLE( '', ( #5329 ) );
#4313 = EDGE_CURVE( '', #5330, #4817, #5331, .T. );
#4314 = EDGE_CURVE( '', #5330, #4980, #5332, .T. );
#4315 = FILL_AREA_STYLE( '', ( #5333 ) );
#4316 = EDGE_CURVE( '', #4828, #5334, #5335, .T. );
#4317 = EDGE_CURVE( '', #4826, #5336, #5337, .T. );
#4318 = EDGE_CURVE( '', #5334, #5336, #5338, .T. );
#4319 = FILL_AREA_STYLE( '', ( #5339 ) );
#4320 = EDGE_CURVE( '', #5340, #5341, #5342, .T. );
#4321 = EDGE_CURVE( '', #5343, #5341, #5344, .T. );
#4322 = EDGE_CURVE( '', #5345, #5343, #5346, .T. );
#4323 = EDGE_CURVE( '', #5345, #5340, #5347, .T. );
#4324 = FILL_AREA_STYLE( '', ( #5348 ) );
#4325 = EDGE_CURVE( '', #5094, #5156, #5349, .T. );
#4326 = EDGE_CURVE( '', #5350, #4908, #5351, .T. );
#4327 = EDGE_CURVE( '', #5352, #5350, #5353, .T. );
#4328 = EDGE_CURVE( '', #5354, #5352, #5355, .T. );
#4329 = EDGE_CURVE( '', #5356, #5354, #5357, .T. );
#4330 = EDGE_CURVE( '', #5358, #5356, #5359, .T. );
#4331 = EDGE_CURVE( '', #4917, #5358, #5360, .T. );
#4332 = EDGE_CURVE( '', #5170, #5317, #5361, .T. );
#4333 = EDGE_CURVE( '', #5362, #5174, #5363, .T. );
#4334 = EDGE_CURVE( '', #4902, #5362, #5364, .T. );
#4335 = FILL_AREA_STYLE( '', ( #5365 ) );
#4336 = EDGE_CURVE( '', #5221, #5238, #5366, .T. );
#4337 = EDGE_CURVE( '', #5219, #5240, #5367, .T. );
#4338 = FILL_AREA_STYLE( '', ( #5368 ) );
#4339 = FILL_AREA_STYLE( '', ( #5369 ) );
#4340 = EDGE_CURVE( '', #5370, #4864, #5371, .T. );
#4341 = EDGE_CURVE( '', #5372, #4869, #5373, .T. );
#4342 = EDGE_CURVE( '', #5370, #5372, #5374, .T. );
#4343 = FILL_AREA_STYLE( '', ( #5375 ) );
#4344 = EDGE_CURVE( '', #5080, #5376, #5377, .T. );
#4345 = EDGE_CURVE( '', #5084, #5378, #5379, .T. );
#4346 = EDGE_CURVE( '', #5378, #5376, #5380, .T. );
#4347 = FILL_AREA_STYLE( '', ( #5381 ) );
#4348 = EDGE_CURVE( '', #5343, #5382, #5383, .T. );
#4349 = EDGE_CURVE( '', #5382, #5384, #5385, .T. );
#4350 = EDGE_CURVE( '', #5384, #5345, #5386, .T. );
#4351 = EDGE_CURVE( '', #5387, #5082, #5388, .T. );
#4352 = EDGE_CURVE( '', #5378, #5387, #5389, .T. );
#4353 = EDGE_CURVE( '', #4806, #5390, #5391, .T. );
#4354 = EDGE_CURVE( '', #5390, #5392, #5393, .T. );
#4355 = EDGE_CURVE( '', #5392, #5394, #5395, .T. );
#4356 = EDGE_CURVE( '', #5394, #5396, #5397, .T. );
#4357 = EDGE_CURVE( '', #5396, #5398, #5399, .T. );
#4358 = EDGE_CURVE( '', #5400, #5398, #5401, .T. );
#4359 = EDGE_CURVE( '', #5402, #5400, #5403, .T. );
#4360 = EDGE_CURVE( '', #5404, #5402, #5405, .T. );
#4361 = EDGE_CURVE( '', #5406, #5404, #5407, .T. );
#4362 = EDGE_CURVE( '', #5406, #5408, #5409, .T. );
#4363 = EDGE_CURVE( '', #5408, #5109, #5410, .T. );
#4364 = EDGE_CURVE( '', #5296, #5411, #5412, .T. );
#4365 = EDGE_CURVE( '', #5411, #5269, #5413, .T. );
#4366 = EDGE_CURVE( '', #5267, #5414, #5415, .T. );
#4367 = EDGE_CURVE( '', #5414, #5416, #5417, .T. );
#4368 = EDGE_CURVE( '', #5416, #5418, #5419, .T. );
#4369 = EDGE_CURVE( '', #5418, #5420, #5421, .T. );
#4370 = EDGE_CURVE( '', #5420, #5422, #5423, .T. );
#4371 = EDGE_CURVE( '', #5424, #5422, #5425, .T. );
#4372 = EDGE_CURVE( '', #5424, #5426, #5427, .T. );
#4373 = EDGE_CURVE( '', #5426, #5370, #5428, .T. );
#4374 = EDGE_CURVE( '', #5372, #5429, #5430, .T. );
#4375 = EDGE_CURVE( '', #5429, #4808, #5431, .T. );
#4376 = FILL_AREA_STYLE( '', ( #5432 ) );
#4377 = EDGE_CURVE( '', #5135, #5123, #5433, .T. );
#4378 = FILL_AREA_STYLE( '', ( #5434 ) );
#4379 = EDGE_CURVE( '', #5435, #4839, #5436, .T. );
#4380 = EDGE_CURVE( '', #5437, #5435, #5438, .T. );
#4381 = EDGE_CURVE( '', #4815, #5437, #5439, .T. );
#4382 = FILL_AREA_STYLE( '', ( #5440 ) );
#4383 = EDGE_CURVE( '', #5441, #5024, #5442, .T. );
#4384 = EDGE_CURVE( '', #5443, #5441, #5444, .T. );
#4385 = EDGE_CURVE( '', #5443, #5019, #5445, .T. );
#4386 = FILL_AREA_STYLE( '', ( #5446 ) );
#4387 = EDGE_CURVE( '', #5274, #5447, #5448, .T. );
#4388 = EDGE_CURVE( '', #5449, #5273, #5450, .T. );
#4389 = EDGE_CURVE( '', #5449, #5447, #5451, .T. );
#4390 = FILL_AREA_STYLE( '', ( #5452 ) );
#4391 = EDGE_CURVE( '', #5424, #5453, #5454, .T. );
#4392 = EDGE_CURVE( '', #5022, #5453, #5455, .T. );
#4393 = EDGE_CURVE( '', #5426, #5022, #5456, .T. );
#4394 = FILL_AREA_STYLE( '', ( #5457 ) );
#4395 = EDGE_CURVE( '', #5458, #4930, #5459, .T. );
#4396 = EDGE_CURVE( '', #4957, #5458, #5460, .T. );
#4397 = FILL_AREA_STYLE( '', ( #5461 ) );
#4398 = EDGE_CURVE( '', #5462, #5147, #5463, .T. );
#4399 = EDGE_CURVE( '', #5464, #5462, #5465, .T. );
#4400 = EDGE_CURVE( '', #5466, #5464, #5467, .T. );
#4401 = EDGE_CURVE( '', #5468, #5466, #5469, .T. );
#4402 = EDGE_CURVE( '', #4751, #5468, #5470, .T. );
#4403 = EDGE_CURVE( '', #5148, #4749, #5471, .T. );
#4404 = FILL_AREA_STYLE( '', ( #5472 ) );
#4405 = EDGE_CURVE( '', #5473, #5474, #5475, .T. );
#4406 = EDGE_CURVE( '', #5474, #5476, #5477, .T. );
#4407 = EDGE_CURVE( '', #5478, #5476, #5479, .T. );
#4408 = EDGE_CURVE( '', #5478, #5473, #5480, .T. );
#4409 = FILL_AREA_STYLE( '', ( #5481 ) );
#4410 = EDGE_CURVE( '', #5099, #5482, #5483, .T. );
#4411 = EDGE_CURVE( '', #5103, #5484, #5485, .T. );
#4412 = EDGE_CURVE( '', #5484, #5482, #5486, .T. );
#4413 = FILL_AREA_STYLE( '', ( #5487 ) );
#4414 = EDGE_CURVE( '', #5488, #5443, #5489, .T. );
#4415 = EDGE_CURVE( '', #5488, #5490, #5491, .T. );
#4416 = EDGE_CURVE( '', #5492, #5490, #5493, .T. );
#4417 = EDGE_CURVE( '', #5492, #5449, #5494, .T. );
#4418 = FILL_AREA_STYLE( '', ( #5495 ) );
#4419 = EDGE_CURVE( '', #5376, #5496, #5497, .T. );
#4420 = EDGE_CURVE( '', #5496, #5079, #5498, .T. );
#4421 = FILL_AREA_STYLE( '', ( #5499 ) );
#4422 = EDGE_CURVE( '', #5429, #5500, #5501, .T. );
#4423 = EDGE_CURVE( '', #4803, #5500, #5502, .T. );
#4424 = FILL_AREA_STYLE( '', ( #5503 ) );
#4425 = EDGE_CURVE( '', #5504, #5291, #5505, .T. );
#4426 = EDGE_CURVE( '', #5289, #5506, #5507, .T. );
#4427 = EDGE_CURVE( '', #5504, #5506, #5508, .T. );
#4428 = FILL_AREA_STYLE( '', ( #5509 ) );
#4429 = EDGE_CURVE( '', #5466, #5010, #5510, .T. );
#4430 = EDGE_CURVE( '', #5464, #5009, #5511, .T. );
#4431 = FILL_AREA_STYLE( '', ( #5512 ) );
#4432 = EDGE_CURVE( '', #5513, #5514, #5515, .T. );
#4433 = EDGE_CURVE( '', #5514, #5265, #5516, .T. );
#4434 = EDGE_CURVE( '', #5264, #5513, #5517, .T. );
#4435 = FILL_AREA_STYLE( '', ( #5518 ) );
#4436 = EDGE_CURVE( '', #4706, #4984, #5519, .T. );
#4437 = FILL_AREA_STYLE( '', ( #5520 ) );
#4438 = EDGE_CURVE( '', #5362, #5041, #5521, .T. );
#4439 = FILL_AREA_STYLE( '', ( #5522 ) );
#4440 = EDGE_CURVE( '', #5523, #5012, #5524, .T. );
#4441 = EDGE_CURVE( '', #5523, #5525, #5526, .T. );
#4442 = EDGE_CURVE( '', #5525, #5111, #5527, .T. );
#4443 = EDGE_CURVE( '', #5528, #5408, #5529, .T. );
#4444 = EDGE_CURVE( '', #5528, #5530, #5531, .T. );
#4445 = EDGE_CURVE( '', #4746, #5530, #5532, .T. );
#4446 = EDGE_CURVE( '', #5468, #5115, #5533, .T. );
#4447 = EDGE_CURVE( '', #5014, #5113, #5534, .T. );
#4448 = FILL_AREA_STYLE( '', ( #5535 ) );
#4449 = EDGE_CURVE( '', #5396, #4921, #5536, .T. );
#4450 = EDGE_CURVE( '', #5537, #4921, #5538, .T. );
#4451 = EDGE_CURVE( '', #5398, #5537, #5539, .T. );
#4452 = FILL_AREA_STYLE( '', ( #5540 ) );
#4453 = EDGE_CURVE( '', #5537, #5541, #5542, .T. );
#4454 = EDGE_CURVE( '', #5541, #5400, #5543, .T. );
#4455 = FILL_AREA_STYLE( '', ( #5544 ) );
#4456 = EDGE_CURVE( '', #5392, #5251, #5545, .T. );
#4457 = EDGE_CURVE( '', #5394, #5253, #5546, .T. );
#4458 = FILL_AREA_STYLE( '', ( #5547 ) );
#4459 = EDGE_CURVE( '', #5548, #4945, #5549, .T. );
#4460 = EDGE_CURVE( '', #5548, #5550, #5551, .T. );
#4461 = EDGE_CURVE( '', #5550, #4947, #5552, .T. );
#4462 = FILL_AREA_STYLE( '', ( #5553 ) );
#4463 = EDGE_CURVE( '', #5435, #5307, #5554, .T. );
#4464 = EDGE_CURVE( '', #4839, #5555, #5556, .T. );
#4465 = EDGE_CURVE( '', #5555, #4834, #5557, .T. );
#4466 = FILL_AREA_STYLE( '', ( #5558 ) );
#4467 = EDGE_CURVE( '', #5341, #5559, #5560, .T. );
#4468 = EDGE_CURVE( '', #5382, #5559, #5561, .T. );
#4469 = FILL_AREA_STYLE( '', ( #5562 ) );
#4470 = EDGE_CURVE( '', #5563, #4878, #5564, .T. );
#4471 = EDGE_CURVE( '', #5565, #5563, #5566, .T. );
#4472 = EDGE_CURVE( '', #5324, #5565, #5567, .T. );
#4473 = EDGE_CURVE( '', #4855, #5322, #5568, .T. );
#4474 = FILL_AREA_STYLE( '', ( #5569 ) );
#4475 = EDGE_CURVE( '', #5302, #5334, #5570, .T. );
#4476 = FILL_AREA_STYLE( '', ( #5571 ) );
#4477 = EDGE_CURVE( '', #5420, #5572, #5573, .T. );
#4478 = EDGE_CURVE( '', #5574, #5572, #5575, .T. );
#4479 = EDGE_CURVE( '', #5422, #5574, #5576, .T. );
#4480 = FILL_AREA_STYLE( '', ( #5577 ) );
#4481 = EDGE_CURVE( '', #5330, #5504, #5578, .T. );
#4482 = EDGE_CURVE( '', #5437, #5305, #5579, .T. );
#4483 = FILL_AREA_STYLE( '', ( #5580 ) );
#4484 = EDGE_CURVE( '', #5129, #4955, #5581, .T. );
#4485 = FILL_AREA_STYLE( '', ( #5582 ) );
#4486 = FILL_AREA_STYLE( '', ( #5583 ) );
#4487 = EDGE_CURVE( '', #5525, #5195, #5584, .T. );
#4488 = EDGE_CURVE( '', #5193, #5111, #5585, .T. );
#4489 = FILL_AREA_STYLE( '', ( #5586 ) );
#4490 = EDGE_CURVE( '', #5350, #5060, #5587, .T. );
#4491 = FILL_AREA_STYLE( '', ( #5588 ) );
#4492 = EDGE_CURVE( '', #5565, #5589, #5590, .T. );
#4493 = EDGE_CURVE( '', #5589, #5326, #5591, .T. );
#4494 = FILL_AREA_STYLE( '', ( #5592 ) );
#4495 = EDGE_CURVE( '', #5492, #5593, #5594, .T. );
#4496 = EDGE_CURVE( '', #5447, #5593, #5595, .T. );
#4497 = FILL_AREA_STYLE( '', ( #5596 ) );
#4498 = EDGE_CURVE( '', #5414, #5514, #5597, .T. );
#4499 = EDGE_CURVE( '', #5476, #5514, #5598, .T. );
#4500 = EDGE_CURVE( '', #5476, #5599, #5600, .T. );
#4501 = EDGE_CURVE( '', #5601, #5599, #5602, .T. );
#4502 = EDGE_CURVE( '', #5603, #5601, #5604, .T. );
#4503 = EDGE_CURVE( '', #5603, #4789, #5605, .T. );
#4504 = EDGE_CURVE( '', #5416, #5311, #5606, .T. );
#4505 = FILL_AREA_STYLE( '', ( #5607 ) );
#4506 = EDGE_CURVE( '', #5608, #5340, #5609, .T. );
#4507 = EDGE_CURVE( '', #5559, #5608, #5610, .T. );
#4508 = FILL_AREA_STYLE( '', ( #5611 ) );
#4509 = EDGE_CURVE( '', #4812, #5555, #5612, .T. );
#4510 = FILL_AREA_STYLE( '', ( #5613 ) );
#4511 = EDGE_CURVE( '', #4758, #5614, #5615, .T. );
#4512 = EDGE_CURVE( '', #5216, #5260, #5616, .T. );
#4513 = EDGE_CURVE( '', #5243, #5216, #5617, .T. );
#4514 = EDGE_CURVE( '', #5614, #5243, #5618, .T. );
#4515 = FILL_AREA_STYLE( '', ( #5619 ) );
#4516 = EDGE_CURVE( '', #5513, #5478, #5620, .T. );
#4517 = FILL_AREA_STYLE( '', ( #5621 ) );
#4518 = EDGE_CURVE( '', #5622, #4791, #5623, .T. );
#4519 = EDGE_CURVE( '', #5622, #5603, #5624, .T. );
#4520 = FILL_AREA_STYLE( '', ( #5625 ) );
#4521 = EDGE_CURVE( '', #5626, #5035, #5627, .T. );
#4522 = EDGE_CURVE( '', #5626, #5628, #5629, .T. );
#4523 = EDGE_CURVE( '', #4856, #5628, #5630, .T. );
#4524 = EDGE_CURVE( '', #5500, #4855, #5631, .T. );
#4525 = FILL_AREA_STYLE( '', ( #5632 ) );
#4526 = EDGE_CURVE( '', #5358, #5052, #5633, .T. );
#4527 = EDGE_CURVE( '', #5356, #5054, #5634, .T. );
#4528 = FILL_AREA_STYLE( '', ( #5635 ) );
#4529 = EDGE_CURVE( '', #5636, #5276, #5637, .T. );
#4530 = EDGE_CURVE( '', #5638, #5636, #5639, .T. );
#4531 = EDGE_CURVE( '', #5638, #5033, #5640, .T. );
#4532 = FILL_AREA_STYLE( '', ( #5641 ) );
#4533 = EDGE_CURVE( '', #5622, #5642, #5643, .T. );
#4534 = EDGE_CURVE( '', #5593, #5642, #5644, .T. );
#4535 = EDGE_CURVE( '', #5572, #5492, #5645, .T. );
#4536 = EDGE_CURVE( '', #5418, #5313, #5646, .T. );
#4537 = FILL_AREA_STYLE( '', ( #5647 ) );
#4538 = EDGE_CURVE( '', #5474, #5648, #5649, .T. );
#4539 = EDGE_CURVE( '', #5599, #5648, #5650, .T. );
#4540 = FILL_AREA_STYLE( '', ( #5651 ) );
#4541 = EDGE_CURVE( '', #5652, #4804, #5653, .T. );
#4542 = EDGE_CURVE( '', #5390, #5652, #5654, .T. );
#4543 = FILL_AREA_STYLE( '', ( #5655 ) );
#4544 = FILL_AREA_STYLE( '', ( #5656 ) );
#4545 = EDGE_CURVE( '', #5657, #5101, #5658, .T. );
#4546 = EDGE_CURVE( '', #5659, #5098, #5660, .T. );
#4547 = EDGE_CURVE( '', #5657, #5659, #5661, .T. );
#4548 = EDGE_CURVE( '', #5662, #4876, #5663, .T. );
#4549 = EDGE_CURVE( '', #5628, #5636, #5664, .T. );
#4550 = EDGE_CURVE( '', #5642, #5601, #5665, .T. );
#4551 = EDGE_CURVE( '', #5648, #5666, #5667, .T. );
#4552 = EDGE_CURVE( '', #5668, #5666, #5669, .T. );
#4553 = EDGE_CURVE( '', #5287, #5668, #5670, .T. );
#4554 = EDGE_CURVE( '', #5285, #5671, #5672, .T. );
#4555 = EDGE_CURVE( '', #4838, #5671, #5673, .T. );
#4556 = EDGE_CURVE( '', #5117, #4939, #5674, .T. );
#4557 = EDGE_CURVE( '', #5131, #5675, #5676, .T. );
#4558 = EDGE_CURVE( '', #5675, #5677, #5678, .T. );
#4559 = EDGE_CURVE( '', #5677, #5180, #5679, .T. );
#4560 = EDGE_CURVE( '', #5160, #5680, #5681, .T. );
#4561 = EDGE_CURVE( '', #5680, #5662, #5682, .T. );
#4562 = FILL_AREA_STYLE( '', ( #5683 ) );
#4563 = EDGE_CURVE( '', #5671, #4964, #5684, .T. );
#4564 = FILL_AREA_STYLE( '', ( #5685 ) );
#4565 = EDGE_CURVE( '', #5411, #5184, #5686, .T. );
#4566 = EDGE_CURVE( '', #5506, #5668, #5687, .T. );
#4567 = EDGE_CURVE( '', #5473, #5666, #5688, .T. );
#4568 = FILL_AREA_STYLE( '', ( #5689 ) );
#4569 = EDGE_CURVE( '', #5482, #5690, #5691, .T. );
#4570 = EDGE_CURVE( '', #5690, #5659, #5692, .T. );
#4571 = FILL_AREA_STYLE( '', ( #5693 ) );
#4572 = FILL_AREA_STYLE( '', ( #5694 ) );
#4573 = EDGE_CURVE( '', #5484, #5695, #5696, .T. );
#4574 = EDGE_CURVE( '', #5695, #5690, #5697, .T. );
#4575 = FILL_AREA_STYLE( '', ( #5698 ) );
#4576 = EDGE_CURVE( '', #5574, #5453, #5699, .T. );
#4577 = EDGE_CURVE( '', #5572, #5700, #5701, .T. );
#4578 = EDGE_CURVE( '', #5702, #5700, #5703, .T. );
#4579 = EDGE_CURVE( '', #5441, #5702, #5704, .T. );
#4580 = FILL_AREA_STYLE( '', ( #5705 ) );
#4581 = EDGE_CURVE( '', #5695, #5657, #5706, .T. );
#4582 = FILL_AREA_STYLE( '', ( #5707 ) );
#4583 = EDGE_CURVE( '', #5197, #5523, #5708, .T. );
#4584 = FILL_AREA_STYLE( '', ( #5709 ) );
#4585 = EDGE_CURVE( '', #5710, #5711, #5712, .T. );
#4586 = EDGE_CURVE( '', #5713, #5711, #5714, .T. );
#4587 = EDGE_CURVE( '', #5715, #5713, #5716, .T. );
#4588 = EDGE_CURVE( '', #5710, #5715, #5717, .T. );
#4589 = FILL_AREA_STYLE( '', ( #5718 ) );
#4590 = EDGE_CURVE( '', #5156, #4884, #5719, .T. );
#4591 = FILL_AREA_STYLE( '', ( #5720 ) );
#4592 = EDGE_CURVE( '', #5614, #4992, #5721, .T. );
#4593 = FILL_AREA_STYLE( '', ( #5722 ) );
#4594 = EDGE_CURVE( '', #5228, #5458, #5723, .T. );
#4595 = FILL_AREA_STYLE( '', ( #5724 ) );
#4596 = EDGE_CURVE( '', #5541, #4922, #5725, .T. );
#4597 = EDGE_CURVE( '', #4926, #5178, #5726, .T. );
#4598 = EDGE_CURVE( '', #5150, #5677, #5727, .T. );
#4599 = EDGE_CURVE( '', #5715, #4747, #5728, .T. );
#4600 = EDGE_CURVE( '', #5402, #5713, #5729, .T. );
#4601 = FILL_AREA_STYLE( '', ( #5730 ) );
#4602 = EDGE_CURVE( '', #5070, #5680, #5731, .T. );
#4603 = FILL_AREA_STYLE( '', ( #5732 ) );
#4604 = EDGE_CURVE( '', #5406, #5226, #5733, .T. );
#4605 = EDGE_CURVE( '', #5404, #5711, #5734, .T. );
#4606 = EDGE_CURVE( '', #5735, #5710, #5736, .T. );
#4607 = EDGE_CURVE( '', #5462, #5735, #5737, .T. );
#4608 = EDGE_CURVE( '', #5152, #5675, #5738, .T. );
#4609 = FILL_AREA_STYLE( '', ( #5739 ) );
#4610 = EDGE_CURVE( '', #5700, #5490, #5740, .T. );
#4611 = EDGE_CURVE( '', #5702, #5488, #5741, .T. );
#4612 = FILL_AREA_STYLE( '', ( #5742 ) );
#4613 = FILL_AREA_STYLE( '', ( #5743 ) );
#4614 = EDGE_CURVE( '', #5190, #5548, #5744, .T. );
#4615 = EDGE_CURVE( '', #5550, #5191, #5745, .T. );
#4616 = FILL_AREA_STYLE( '', ( #5746 ) );
#4617 = EDGE_CURVE( '', #5563, #5747, #5748, .T. );
#4618 = EDGE_CURVE( '', #5652, #4878, #5749, .T. );
#4619 = EDGE_CURVE( '', #5747, #5652, #5750, .T. );
#4620 = FILL_AREA_STYLE( '', ( #5751 ) );
#4621 = EDGE_CURVE( '', #5387, #5496, #5752, .T. );
#4622 = FILL_AREA_STYLE( '', ( #5753 ) );
#4623 = EDGE_CURVE( '', #5075, #5662, #5754, .T. );
#4624 = FILL_AREA_STYLE( '', ( #5755 ) );
#4625 = EDGE_CURVE( '', #5354, #5056, #5756, .T. );
#4626 = EDGE_CURVE( '', #5352, #5058, #5757, .T. );
#4627 = FILL_AREA_STYLE( '', ( #5758 ) );
#4628 = FILL_AREA_STYLE( '', ( #5759 ) );
#4629 = FILL_AREA_STYLE( '', ( #5760 ) );
#4630 = FILL_AREA_STYLE( '', ( #5761 ) );
#4631 = FILL_AREA_STYLE( '', ( #5762 ) );
#4632 = EDGE_CURVE( '', #5210, #5235, #5763, .T. );
#4633 = FILL_AREA_STYLE( '', ( #5764 ) );
#4634 = EDGE_CURVE( '', #5209, #5234, #5765, .T. );
#4635 = FILL_AREA_STYLE( '', ( #5766 ) );
#4636 = FILL_AREA_STYLE( '', ( #5767 ) );
#4637 = EDGE_CURVE( '', #5626, #5638, #5768, .T. );
#4638 = FILL_AREA_STYLE( '', ( #5769 ) );
#4639 = FILL_AREA_STYLE( '', ( #5770 ) );
#4640 = FILL_AREA_STYLE( '', ( #5771 ) );
#4641 = FILL_AREA_STYLE( '', ( #5772 ) );
#4642 = FILL_AREA_STYLE( '', ( #5773 ) );
#4643 = EDGE_CURVE( '', #5774, #4765, #5775, .T. );
#4644 = EDGE_CURVE( '', #5776, #5774, #5777, .T. );
#4645 = EDGE_CURVE( '', #4767, #5776, #5778, .T. );
#4646 = FILL_AREA_STYLE( '', ( #5779 ) );
#4647 = EDGE_CURVE( '', #5780, #4764, #5781, .T. );
#4648 = EDGE_CURVE( '', #5774, #5780, #5782, .T. );
#4649 = FILL_AREA_STYLE( '', ( #5783 ) );
#4650 = FILL_AREA_STYLE( '', ( #5784 ) );
#4651 = FILL_AREA_STYLE( '', ( #5785 ) );
#4652 = FILL_AREA_STYLE( '', ( #5786 ) );
#4653 = FILL_AREA_STYLE( '', ( #5787 ) );
#4654 = EDGE_CURVE( '', #5137, #5125, #5788, .T. );
#4655 = FILL_AREA_STYLE( '', ( #5789 ) );
#4656 = EDGE_CURVE( '', #5203, #5528, #5790, .T. );
#4657 = FILL_AREA_STYLE( '', ( #5791 ) );
#4658 = FILL_AREA_STYLE( '', ( #5792 ) );
#4659 = FILL_AREA_STYLE( '', ( #5793 ) );
#4660 = FILL_AREA_STYLE( '', ( #5794 ) );
#4661 = EDGE_CURVE( '', #4943, #5113, #5795, .T. );
#4662 = FILL_AREA_STYLE( '', ( #5796 ) );
#4663 = FILL_AREA_STYLE( '', ( #5797 ) );
#4664 = FILL_AREA_STYLE( '', ( #5798 ) );
#4665 = EDGE_CURVE( '', #5336, #5780, #5799, .T. );
#4666 = EDGE_CURVE( '', #4776, #4977, #5800, .T. );
#4667 = FILL_AREA_STYLE( '', ( #5801 ) );
#4668 = FILL_AREA_STYLE( '', ( #5802 ) );
#4669 = FILL_AREA_STYLE( '', ( #5803 ) );
#4670 = EDGE_CURVE( '', #5500, #5321, #5804, .T. );
#4671 = EDGE_CURVE( '', #5589, #5747, #5805, .T. );
#4672 = FILL_AREA_STYLE( '', ( #5806 ) );
#4673 = EDGE_CURVE( '', #5115, #4941, #5807, .T. );
#4674 = FILL_AREA_STYLE( '', ( #5808 ) );
#4675 = FILL_AREA_STYLE( '', ( #5809 ) );
#4676 = FILL_AREA_STYLE( '', ( #5810 ) );
#4677 = FILL_AREA_STYLE( '', ( #5811 ) );
#4678 = FILL_AREA_STYLE( '', ( #5812 ) );
#4679 = FILL_AREA_STYLE( '', ( #5813 ) );
#4680 = FILL_AREA_STYLE( '', ( #5814 ) );
#4681 = FILL_AREA_STYLE( '', ( #5815 ) );
#4682 = EDGE_CURVE( '', #5384, #5608, #5816, .T. );
#4683 = FILL_AREA_STYLE( '', ( #5817 ) );
#4684 = FILL_AREA_STYLE( '', ( #5818 ) );
#4685 = EDGE_CURVE( '', #5555, #5776, #5819, .T. );
#4686 = FILL_AREA_STYLE( '', ( #5820 ) );
#4687 = FILL_AREA_STYLE( '', ( #5821 ) );
#4688 = FILL_AREA_STYLE( '', ( #5822 ) );
#4689 = FILL_AREA_STYLE( '', ( #5823 ) );
#4690 = FILL_AREA_STYLE( '', ( #5824 ) );
#4691 = EDGE_CURVE( '', #5201, #5530, #5825, .T. );
#4692 = FILL_AREA_STYLE( '', ( #5826 ) );
#4693 = FILL_AREA_STYLE( '', ( #5827 ) );
#4694 = FILL_AREA_STYLE( '', ( #5828 ) );
#4695 = FILL_AREA_STYLE( '', ( #5829 ) );
#4696 = EDGE_CURVE( '', #5735, #5199, #5830, .T. );
#4697 = FILL_AREA_STYLE( '', ( #5831 ) );
#4698 = FILL_AREA_STYLE( '', ( #5832 ) );
#4699 = FILL_AREA_STYLE( '', ( #5833 ) );
#4700 = FILL_AREA_STYLE_COLOUR( '', #5834 );
#4701 = VERTEX_POINT( '', #5835 );
#4702 = VERTEX_POINT( '', #5836 );
#4703 = LINE( '', #5837, #5838 );
#4704 = VERTEX_POINT( '', #5839 );
#4705 = LINE( '', #5840, #5841 );
#4706 = VERTEX_POINT( '', #5842 );
#4707 = LINE( '', #5843, #5844 );
#4708 = LINE( '', #5845, #5846 );
#4709 = FILL_AREA_STYLE_COLOUR( '', #5847 );
#4710 = VERTEX_POINT( '', #5848 );
#4711 = VERTEX_POINT( '', #5849 );
#4712 = LINE( '', #5850, #5851 );
#4713 = VERTEX_POINT( '', #5852 );
#4714 = LINE( '', #5853, #5854 );
#4715 = VERTEX_POINT( '', #5855 );
#4716 = LINE( '', #5856, #5857 );
#4717 = LINE( '', #5858, #5859 );
#4718 = FILL_AREA_STYLE_COLOUR( '', #5860 );
#4719 = VERTEX_POINT( '', #5861 );
#4720 = VERTEX_POINT( '', #5862 );
#4721 = LINE( '', #5863, #5864 );
#4722 = VERTEX_POINT( '', #5865 );
#4723 = LINE( '', #5866, #5867 );
#4724 = VERTEX_POINT( '', #5868 );
#4725 = LINE( '', #5869, #5870 );
#4726 = LINE( '', #5871, #5872 );
#4727 = FILL_AREA_STYLE_COLOUR( '', #5873 );
#4728 = VERTEX_POINT( '', #5874 );
#4729 = VERTEX_POINT( '', #5875 );
#4730 = LINE( '', #5876, #5877 );
#4731 = VERTEX_POINT( '', #5878 );
#4732 = LINE( '', #5879, #5880 );
#4733 = VERTEX_POINT( '', #5881 );
#4734 = LINE( '', #5882, #5883 );
#4735 = LINE( '', #5884, #5885 );
#4736 = FILL_AREA_STYLE_COLOUR( '', #5886 );
#4737 = VERTEX_POINT( '', #5887 );
#4738 = VERTEX_POINT( '', #5888 );
#4739 = CIRCLE( '', #5889, 0.290000000000000 );
#4740 = VERTEX_POINT( '', #5890 );
#4741 = LINE( '', #5891, #5892 );
#4742 = VERTEX_POINT( '', #5893 );
#4743 = CIRCLE( '', #5894, 0.290000000000000 );
#4744 = LINE( '', #5895, #5896 );
#4745 = FILL_AREA_STYLE_COLOUR( '', #5897 );
#4746 = VERTEX_POINT( '', #5898 );
#4747 = VERTEX_POINT( '', #5899 );
#4748 = LINE( '', #5900, #5901 );
#4749 = VERTEX_POINT( '', #5902 );
#4750 = LINE( '', #5903, #5904 );
#4751 = VERTEX_POINT( '', #5905 );
#4752 = LINE( '', #5906, #5907 );
#4753 = LINE( '', #5908, #5909 );
#4754 = FILL_AREA_STYLE_COLOUR( '', #5910 );
#4755 = VERTEX_POINT( '', #5911 );
#4756 = VERTEX_POINT( '', #5912 );
#4757 = CIRCLE( '', #5913, 0.290000000000000 );
#4758 = VERTEX_POINT( '', #5914 );
#4759 = LINE( '', #5915, #5916 );
#4760 = VERTEX_POINT( '', #5917 );
#4761 = CIRCLE( '', #5918, 0.290000000000000 );
#4762 = LINE( '', #5919, #5920 );
#4763 = FILL_AREA_STYLE_COLOUR( '', #5921 );
#4764 = VERTEX_POINT( '', #5922 );
#4765 = VERTEX_POINT( '', #5923 );
#4766 = LINE( '', #5924, #5925 );
#4767 = VERTEX_POINT( '', #5926 );
#4768 = LINE( '', #5927, #5928 );
#4769 = LINE( '', #5929, #5930 );
#4770 = VERTEX_POINT( '', #5931 );
#4771 = LINE( '', #5932, #5933 );
#4772 = VERTEX_POINT( '', #5934 );
#4773 = LINE( '', #5935, #5936 );
#4774 = VERTEX_POINT( '', #5937 );
#4775 = LINE( '', #5938, #5939 );
#4776 = VERTEX_POINT( '', #5940 );
#4777 = LINE( '', #5941, #5942 );
#4778 = LINE( '', #5943, #5944 );
#4779 = FILL_AREA_STYLE_COLOUR( '', #5945 );
#4780 = VERTEX_POINT( '', #5946 );
#4781 = VERTEX_POINT( '', #5947 );
#4782 = LINE( '', #5948, #5949 );
#4783 = VERTEX_POINT( '', #5950 );
#4784 = LINE( '', #5951, #5952 );
#4785 = VERTEX_POINT( '', #5953 );
#4786 = LINE( '', #5954, #5955 );
#4787 = LINE( '', #5956, #5957 );
#4788 = VERTEX_POINT( '', #5958 );
#4789 = VERTEX_POINT( '', #5959 );
#4790 = LINE( '', #5960, #5961 );
#4791 = VERTEX_POINT( '', #5962 );
#4792 = LINE( '', #5963, #5964 );
#4793 = VERTEX_POINT( '', #5965 );
#4794 = LINE( '', #5966, #5967 );
#4795 = LINE( '', #5968, #5969 );
#4796 = FILL_AREA_STYLE_COLOUR( '', #5970 );
#4797 = VERTEX_POINT( '', #5971 );
#4798 = VERTEX_POINT( '', #5972 );
#4799 = LINE( '', #5973, #5974 );
#4800 = LINE( '', #5975, #5976 );
#4801 = LINE( '', #5977, #5978 );
#4802 = FILL_AREA_STYLE_COLOUR( '', #5979 );
#4803 = VERTEX_POINT( '', #5980 );
#4804 = VERTEX_POINT( '', #5981 );
#4805 = LINE( '', #5982, #5983 );
#4806 = VERTEX_POINT( '', #5984 );
#4807 = LINE( '', #5985, #5986 );
#4808 = VERTEX_POINT( '', #5987 );
#4809 = LINE( '', #5988, #5989 );
#4810 = LINE( '', #5990, #5991 );
#4811 = FILL_AREA_STYLE_COLOUR( '', #5992 );
#4812 = VERTEX_POINT( '', #5993 );
#4813 = VERTEX_POINT( '', #5994 );
#4814 = LINE( '', #5995, #5996 );
#4815 = VERTEX_POINT( '', #5997 );
#4816 = LINE( '', #5998, #5999 );
#4817 = VERTEX_POINT( '', #6000 );
#4818 = LINE( '', #6001, #6002 );
#4819 = VERTEX_POINT( '', #6003 );
#4820 = LINE( '', #6004, #6005 );
#4821 = VERTEX_POINT( '', #6006 );
#4822 = LINE( '', #6007, #6008 );
#4823 = LINE( '', #6009, #6010 );
#4824 = VERTEX_POINT( '', #6011 );
#4825 = LINE( '', #6012, #6013 );
#4826 = VERTEX_POINT( '', #6014 );
#4827 = LINE( '', #6015, #6016 );
#4828 = VERTEX_POINT( '', #6017 );
#4829 = LINE( '', #6018, #6019 );
#4830 = VERTEX_POINT( '', #6020 );
#4831 = LINE( '', #6021, #6022 );
#4832 = VERTEX_POINT( '', #6023 );
#4833 = LINE( '', #6024, #6025 );
#4834 = VERTEX_POINT( '', #6026 );
#4835 = LINE( '', #6027, #6028 );
#4836 = LINE( '', #6029, #6030 );
#4837 = FILL_AREA_STYLE_COLOUR( '', #6031 );
#4838 = VERTEX_POINT( '', #6032 );
#4839 = VERTEX_POINT( '', #6033 );
#4840 = LINE( '', #6034, #6035 );
#4841 = LINE( '', #6036, #6037 );
#4842 = VERTEX_POINT( '', #6038 );
#4843 = LINE( '', #6039, #6040 );
#4844 = LINE( '', #6041, #6042 );
#4845 = FILL_AREA_STYLE_COLOUR( '', #6043 );
#4846 = VERTEX_POINT( '', #6044 );
#4847 = VERTEX_POINT( '', #6045 );
#4848 = LINE( '', #6046, #6047 );
#4849 = VERTEX_POINT( '', #6048 );
#4850 = LINE( '', #6049, #6050 );
#4851 = VERTEX_POINT( '', #6051 );
#4852 = LINE( '', #6052, #6053 );
#4853 = LINE( '', #6054, #6055 );
#4854 = FILL_AREA_STYLE_COLOUR( '', #6056 );
#4855 = VERTEX_POINT( '', #6057 );
#4856 = VERTEX_POINT( '', #6058 );
#4857 = LINE( '', #6059, #6060 );
#4858 = VERTEX_POINT( '', #6061 );
#4859 = LINE( '', #6062, #6063 );
#4860 = VERTEX_POINT( '', #6064 );
#4861 = LINE( '', #6065, #6066 );
#4862 = LINE( '', #6067, #6068 );
#4863 = FILL_AREA_STYLE_COLOUR( '', #6069 );
#4864 = VERTEX_POINT( '', #6070 );
#4865 = VERTEX_POINT( '', #6071 );
#4866 = LINE( '', #6072, #6073 );
#4867 = VERTEX_POINT( '', #6074 );
#4868 = LINE( '', #6075, #6076 );
#4869 = VERTEX_POINT( '', #6077 );
#4870 = LINE( '', #6078, #6079 );
#4871 = LINE( '', #6080, #6081 );
#4872 = FILL_AREA_STYLE_COLOUR( '', #6082 );
#4873 = VERTEX_POINT( '', #6083 );
#4874 = VERTEX_POINT( '', #6084 );
#4875 = LINE( '', #6085, #6086 );
#4876 = VERTEX_POINT( '', #6087 );
#4877 = LINE( '', #6088, #6089 );
#4878 = VERTEX_POINT( '', #6090 );
#4879 = LINE( '', #6091, #6092 );
#4880 = LINE( '', #6093, #6094 );
#4881 = FILL_AREA_STYLE_COLOUR( '', #6095 );
#4882 = VERTEX_POINT( '', #6096 );
#4883 = LINE( '', #6097, #6098 );
#4884 = VERTEX_POINT( '', #6099 );
#4885 = LINE( '', #6100, #6101 );
#4886 = LINE( '', #6102, #6103 );
#4887 = FILL_AREA_STYLE_COLOUR( '', #6104 );
#4888 = VERTEX_POINT( '', #6105 );
#4889 = VERTEX_POINT( '', #6106 );
#4890 = LINE( '', #6107, #6108 );
#4891 = VERTEX_POINT( '', #6109 );
#4892 = LINE( '', #6110, #6111 );
#4893 = VERTEX_POINT( '', #6112 );
#4894 = LINE( '', #6113, #6114 );
#4895 = LINE( '', #6115, #6116 );
#4896 = FILL_AREA_STYLE_COLOUR( '', #6117 );
#4897 = VERTEX_POINT( '', #6118 );
#4898 = VERTEX_POINT( '', #6119 );
#4899 = LINE( '', #6120, #6121 );
#4900 = VERTEX_POINT( '', #6122 );
#4901 = LINE( '', #6123, #6124 );
#4902 = VERTEX_POINT( '', #6125 );
#4903 = LINE( '', #6126, #6127 );
#4904 = LINE( '', #6128, #6129 );
#4905 = FILL_AREA_STYLE_COLOUR( '', #6130 );
#4906 = VERTEX_POINT( '', #6131 );
#4907 = LINE( '', #6132, #6133 );
#4908 = VERTEX_POINT( '', #6134 );
#4909 = LINE( '', #6135, #6136 );
#4910 = LINE( '', #6137, #6138 );
#4911 = FILL_AREA_STYLE_COLOUR( '', #6139 );
#4912 = VERTEX_POINT( '', #6140 );
#4913 = VERTEX_POINT( '', #6141 );
#4914 = LINE( '', #6142, #6143 );
#4915 = VERTEX_POINT( '', #6144 );
#4916 = LINE( '', #6145, #6146 );
#4917 = VERTEX_POINT( '', #6147 );
#4918 = LINE( '', #6148, #6149 );
#4919 = LINE( '', #6150, #6151 );
#4920 = FILL_AREA_STYLE_COLOUR( '', #6152 );
#4921 = VERTEX_POINT( '', #6153 );
#4922 = VERTEX_POINT( '', #6154 );
#4923 = LINE( '', #6155, #6156 );
#4924 = VERTEX_POINT( '', #6157 );
#4925 = LINE( '', #6158, #6159 );
#4926 = VERTEX_POINT( '', #6160 );
#4927 = LINE( '', #6161, #6162 );
#4928 = LINE( '', #6163, #6164 );
#4929 = FILL_AREA_STYLE_COLOUR( '', #6165 );
#4930 = VERTEX_POINT( '', #6166 );
#4931 = VERTEX_POINT( '', #6167 );
#4932 = LINE( '', #6168, #6169 );
#4933 = VERTEX_POINT( '', #6170 );
#4934 = LINE( '', #6171, #6172 );
#4935 = VERTEX_POINT( '', #6173 );
#4936 = LINE( '', #6174, #6175 );
#4937 = VERTEX_POINT( '', #6176 );
#4938 = LINE( '', #6177, #6178 );
#4939 = VERTEX_POINT( '', #6179 );
#4940 = LINE( '', #6180, #6181 );
#4941 = VERTEX_POINT( '', #6182 );
#4942 = LINE( '', #6183, #6184 );
#4943 = VERTEX_POINT( '', #6185 );
#4944 = LINE( '', #6186, #6187 );
#4945 = VERTEX_POINT( '', #6188 );
#4946 = LINE( '', #6189, #6190 );
#4947 = VERTEX_POINT( '', #6191 );
#4948 = LINE( '', #6192, #6193 );
#4949 = VERTEX_POINT( '', #6194 );
#4950 = LINE( '', #6195, #6196 );
#4951 = VERTEX_POINT( '', #6197 );
#4952 = LINE( '', #6198, #6199 );
#4953 = LINE( '', #6200, #6201 );
#4954 = FILL_AREA_STYLE_COLOUR( '', #6202 );
#4955 = VERTEX_POINT( '', #6203 );
#4956 = LINE( '', #6204, #6205 );
#4957 = VERTEX_POINT( '', #6206 );
#4958 = LINE( '', #6207, #6208 );
#4959 = LINE( '', #6209, #6210 );
#4960 = FILL_AREA_STYLE_COLOUR( '', #6211 );
#4961 = LINE( '', #6212, #6213 );
#4962 = LINE( '', #6214, #6215 );
#4963 = FILL_AREA_STYLE_COLOUR( '', #6216 );
#4964 = VERTEX_POINT( '', #6217 );
#4965 = VERTEX_POINT( '', #6218 );
#4966 = LINE( '', #6219, #6220 );
#4967 = LINE( '', #6221, #6222 );
#4968 = LINE( '', #6223, #6224 );
#4969 = FILL_AREA_STYLE_COLOUR( '', #6225 );
#4970 = VERTEX_POINT( '', #6226 );
#4971 = VERTEX_POINT( '', #6227 );
#4972 = LINE( '', #6228, #6229 );
#4973 = VERTEX_POINT( '', #6230 );
#4974 = LINE( '', #6231, #6232 );
#4975 = VERTEX_POINT( '', #6233 );
#4976 = LINE( '', #6234, #6235 );
#4977 = VERTEX_POINT( '', #6236 );
#4978 = LINE( '', #6237, #6238 );
#4979 = LINE( '', #6239, #6240 );
#4980 = VERTEX_POINT( '', #6241 );
#4981 = LINE( '', #6242, #6243 );
#4982 = LINE( '', #6244, #6245 );
#4983 = FILL_AREA_STYLE_COLOUR( '', #6246 );
#4984 = VERTEX_POINT( '', #6247 );
#4985 = LINE( '', #6248, #6249 );
#4986 = VERTEX_POINT( '', #6250 );
#4987 = LINE( '', #6251, #6252 );
#4988 = LINE( '', #6253, #6254 );
#4989 = FILL_AREA_STYLE_COLOUR( '', #6255 );
#4990 = VERTEX_POINT( '', #6256 );
#4991 = LINE( '', #6257, #6258 );
#4992 = VERTEX_POINT( '', #6259 );
#4993 = LINE( '', #6260, #6261 );
#4994 = VERTEX_POINT( '', #6262 );
#4995 = CIRCLE( '', #6263, 0.640000000000000 );
#4996 = VERTEX_POINT( '', #6264 );
#4997 = LINE( '', #6265, #6266 );
#4998 = CIRCLE( '', #6267, 0.0300000000000000 );
#4999 = FILL_AREA_STYLE_COLOUR( '', #6268 );
#5000 = VERTEX_POINT( '', #6269 );
#5001 = VERTEX_POINT( '', #6270 );
#5002 = CIRCLE( '', #6271, 0.286897771888703 );
#5003 = VERTEX_POINT( '', #6272 );
#5004 = LINE( '', #6273, #6274 );
#5005 = VERTEX_POINT( '', #6275 );
#5006 = CIRCLE( '', #6276, 0.286897771888703 );
#5007 = LINE( '', #6277, #6278 );
#5008 = FILL_AREA_STYLE_COLOUR( '', #6279 );
#5009 = VERTEX_POINT( '', #6280 );
#5010 = VERTEX_POINT( '', #6281 );
#5011 = LINE( '', #6282, #6283 );
#5012 = VERTEX_POINT( '', #6284 );
#5013 = LINE( '', #6285, #6286 );
#5014 = VERTEX_POINT( '', #6287 );
#5015 = LINE( '', #6288, #6289 );
#5016 = LINE( '', #6290, #6291 );
#5017 = LINE( '', #6292, #6293 );
#5018 = FILL_AREA_STYLE_COLOUR( '', #6294 );
#5019 = VERTEX_POINT( '', #6295 );
#5020 = VERTEX_POINT( '', #6296 );
#5021 = LINE( '', #6297, #6298 );
#5022 = VERTEX_POINT( '', #6299 );
#5023 = LINE( '', #6300, #6301 );
#5024 = VERTEX_POINT( '', #6302 );
#5025 = LINE( '', #6303, #6304 );
#5026 = LINE( '', #6305, #6306 );
#5027 = FILL_AREA_STYLE_COLOUR( '', #6307 );
#5028 = VERTEX_POINT( '', #6308 );
#5029 = LINE( '', #6309, #6310 );
#5030 = VERTEX_POINT( '', #6311 );
#5031 = LINE( '', #6312, #6313 );
#5032 = LINE( '', #6314, #6315 );
#5033 = VERTEX_POINT( '', #6316 );
#5034 = LINE( '', #6317, #6318 );
#5035 = VERTEX_POINT( '', #6319 );
#5036 = LINE( '', #6320, #6321 );
#5037 = LINE( '', #6322, #6323 );
#5038 = FILL_AREA_STYLE_COLOUR( '', #6324 );
#5039 = LINE( '', #6325, #6326 );
#5040 = LINE( '', #6327, #6328 );
#5041 = VERTEX_POINT( '', #6329 );
#5042 = LINE( '', #6330, #6331 );
#5043 = VERTEX_POINT( '', #6332 );
#5044 = LINE( '', #6333, #6334 );
#5045 = VERTEX_POINT( '', #6335 );
#5046 = LINE( '', #6336, #6337 );
#5047 = VERTEX_POINT( '', #6338 );
#5048 = LINE( '', #6339, #6340 );
#5049 = VERTEX_POINT( '', #6341 );
#5050 = LINE( '', #6342, #6343 );
#5051 = LINE( '', #6344, #6345 );
#5052 = VERTEX_POINT( '', #6346 );
#5053 = LINE( '', #6347, #6348 );
#5054 = VERTEX_POINT( '', #6349 );
#5055 = LINE( '', #6350, #6351 );
#5056 = VERTEX_POINT( '', #6352 );
#5057 = LINE( '', #6353, #6354 );
#5058 = VERTEX_POINT( '', #6355 );
#5059 = LINE( '', #6356, #6357 );
#5060 = VERTEX_POINT( '', #6358 );
#5061 = LINE( '', #6359, #6360 );
#5062 = LINE( '', #6361, #6362 );
#5063 = FILL_AREA_STYLE_COLOUR( '', #6363 );
#5064 = VERTEX_POINT( '', #6364 );
#5065 = VERTEX_POINT( '', #6365 );
#5066 = LINE( '', #6366, #6367 );
#5067 = LINE( '', #6368, #6369 );
#5068 = LINE( '', #6370, #6371 );
#5069 = FILL_AREA_STYLE_COLOUR( '', #6372 );
#5070 = VERTEX_POINT( '', #6373 );
#5071 = VERTEX_POINT( '', #6374 );
#5072 = LINE( '', #6375, #6376 );
#5073 = VERTEX_POINT( '', #6377 );
#5074 = LINE( '', #6378, #6379 );
#5075 = VERTEX_POINT( '', #6380 );
#5076 = LINE( '', #6381, #6382 );
#5077 = LINE( '', #6383, #6384 );
#5078 = FILL_AREA_STYLE_COLOUR( '', #6385 );
#5079 = VERTEX_POINT( '', #6386 );
#5080 = VERTEX_POINT( '', #6387 );
#5081 = LINE( '', #6388, #6389 );
#5082 = VERTEX_POINT( '', #6390 );
#5083 = LINE( '', #6391, #6392 );
#5084 = VERTEX_POINT( '', #6393 );
#5085 = LINE( '', #6394, #6395 );
#5086 = LINE( '', #6396, #6397 );
#5087 = FILL_AREA_STYLE_COLOUR( '', #6398 );
#5088 = VERTEX_POINT( '', #6399 );
#5089 = VERTEX_POINT( '', #6400 );
#5090 = LINE( '', #6401, #6402 );
#5091 = LINE( '', #6403, #6404 );
#5092 = LINE( '', #6405, #6406 );
#5093 = FILL_AREA_STYLE_COLOUR( '', #6407 );
#5094 = VERTEX_POINT( '', #6408 );
#5095 = LINE( '', #6409, #6410 );
#5096 = LINE( '', #6411, #6412 );
#5097 = FILL_AREA_STYLE_COLOUR( '', #6413 );
#5098 = VERTEX_POINT( '', #6414 );
#5099 = VERTEX_POINT( '', #6415 );
#5100 = LINE( '', #6416, #6417 );
#5101 = VERTEX_POINT( '', #6418 );
#5102 = LINE( '', #6419, #6420 );
#5103 = VERTEX_POINT( '', #6421 );
#5104 = LINE( '', #6422, #6423 );
#5105 = LINE( '', #6424, #6425 );
#5106 = FILL_AREA_STYLE_COLOUR( '', #6426 );
#5107 = LINE( '', #6427, #6428 );
#5108 = LINE( '', #6429, #6430 );
#5109 = VERTEX_POINT( '', #6431 );
#5110 = LINE( '', #6432, #6433 );
#5111 = VERTEX_POINT( '', #6434 );
#5112 = LINE( '', #6435, #6436 );
#5113 = VERTEX_POINT( '', #6437 );
#5114 = LINE( '', #6438, #6439 );
#5115 = VERTEX_POINT( '', #6440 );
#5116 = LINE( '', #6441, #6442 );
#5117 = VERTEX_POINT( '', #6443 );
#5118 = LINE( '', #6444, #6445 );
#5119 = LINE( '', #6446, #6447 );
#5120 = LINE( '', #6448, #6449 );
#5121 = LINE( '', #6450, #6451 );
#5122 = LINE( '', #6452, #6453 );
#5123 = VERTEX_POINT( '', #6454 );
#5124 = LINE( '', #6455, #6456 );
#5125 = VERTEX_POINT( '', #6457 );
#5126 = LINE( '', #6458, #6459 );
#5127 = LINE( '', #6460, #6461 );
#5128 = FILL_AREA_STYLE_COLOUR( '', #6462 );
#5129 = VERTEX_POINT( '', #6463 );
#5130 = LINE( '', #6464, #6465 );
#5131 = VERTEX_POINT( '', #6466 );
#5132 = LINE( '', #6467, #6468 );
#5133 = LINE( '', #6469, #6470 );
#5134 = FILL_AREA_STYLE_COLOUR( '', #6471 );
#5135 = VERTEX_POINT( '', #6472 );
#5136 = LINE( '', #6473, #6474 );
#5137 = VERTEX_POINT( '', #6475 );
#5138 = LINE( '', #6476, #6477 );
#5139 = LINE( '', #6478, #6479 );
#5140 = VERTEX_POINT( '', #6480 );
#5141 = LINE( '', #6481, #6482 );
#5142 = VERTEX_POINT( '', #6483 );
#5143 = LINE( '', #6484, #6485 );
#5144 = LINE( '', #6486, #6487 );
#5145 = FILL_AREA_STYLE_COLOUR( '', #6488 );
#5146 = FILL_AREA_STYLE_COLOUR( '', #6489 );
#5147 = VERTEX_POINT( '', #6490 );
#5148 = VERTEX_POINT( '', #6491 );
#5149 = LINE( '', #6492, #6493 );
#5150 = VERTEX_POINT( '', #6494 );
#5151 = LINE( '', #6495, #6496 );
#5152 = VERTEX_POINT( '', #6497 );
#5153 = LINE( '', #6498, #6499 );
#5154 = LINE( '', #6500, #6501 );
#5155 = FILL_AREA_STYLE_COLOUR( '', #6502 );
#5156 = VERTEX_POINT( '', #6503 );
#5157 = LINE( '', #6504, #6505 );
#5158 = LINE( '', #6506, #6507 );
#5159 = FILL_AREA_STYLE_COLOUR( '', #6508 );
#5160 = VERTEX_POINT( '', #6509 );
#5161 = LINE( '', #6510, #6511 );
#5162 = VERTEX_POINT( '', #6512 );
#5163 = LINE( '', #6513, #6514 );
#5164 = VERTEX_POINT( '', #6515 );
#5165 = LINE( '', #6516, #6517 );
#5166 = LINE( '', #6518, #6519 );
#5167 = FILL_AREA_STYLE_COLOUR( '', #6520 );
#5168 = VERTEX_POINT( '', #6521 );
#5169 = LINE( '', #6522, #6523 );
#5170 = VERTEX_POINT( '', #6524 );
#5171 = LINE( '', #6525, #6526 );
#5172 = LINE( '', #6527, #6528 );
#5173 = FILL_AREA_STYLE_COLOUR( '', #6529 );
#5174 = VERTEX_POINT( '', #6530 );
#5175 = LINE( '', #6531, #6532 );
#5176 = LINE( '', #6533, #6534 );
#5177 = FILL_AREA_STYLE_COLOUR( '', #6535 );
#5178 = VERTEX_POINT( '', #6536 );
#5179 = LINE( '', #6537, #6538 );
#5180 = VERTEX_POINT( '', #6539 );
#5181 = LINE( '', #6540, #6541 );
#5182 = LINE( '', #6542, #6543 );
#5183 = FILL_AREA_STYLE_COLOUR( '', #6544 );
#5184 = VERTEX_POINT( '', #6545 );
#5185 = LINE( '', #6546, #6547 );
#5186 = VERTEX_POINT( '', #6548 );
#5187 = LINE( '', #6549, #6550 );
#5188 = LINE( '', #6551, #6552 );
#5189 = FILL_AREA_STYLE_COLOUR( '', #6553 );
#5190 = VERTEX_POINT( '', #6554 );
#5191 = VERTEX_POINT( '', #6555 );
#5192 = LINE( '', #6556, #6557 );
#5193 = VERTEX_POINT( '', #6558 );
#5194 = LINE( '', #6559, #6560 );
#5195 = VERTEX_POINT( '', #6561 );
#5196 = LINE( '', #6562, #6563 );
#5197 = VERTEX_POINT( '', #6564 );
#5198 = LINE( '', #6565, #6566 );
#5199 = VERTEX_POINT( '', #6567 );
#5200 = LINE( '', #6568, #6569 );
#5201 = VERTEX_POINT( '', #6570 );
#5202 = LINE( '', #6571, #6572 );
#5203 = VERTEX_POINT( '', #6573 );
#5204 = LINE( '', #6574, #6575 );
#5205 = LINE( '', #6576, #6577 );
#5206 = FILL_AREA_STYLE_COLOUR( '', #6578 );
#5207 = VERTEX_POINT( '', #6579 );
#5208 = CIRCLE( '', #6580, 0.400000000000000 );
#5209 = VERTEX_POINT( '', #6581 );
#5210 = VERTEX_POINT( '', #6582 );
#5211 = CIRCLE( '', #6583, 0.286897771888703 );
#5212 = VERTEX_POINT( '', #6584 );
#5213 = LINE( '', #6585, #6586 );
#5214 = VERTEX_POINT( '', #6587 );
#5215 = LINE( '', #6588, #6589 );
#5216 = VERTEX_POINT( '', #6590 );
#5217 = LINE( '', #6591, #6592 );
#5218 = LINE( '', #6593, #6594 );
#5219 = VERTEX_POINT( '', #6595 );
#5220 = LINE( '', #6596, #6597 );
#5221 = VERTEX_POINT( '', #6598 );
#5222 = LINE( '', #6599, #6600 );
#5223 = LINE( '', #6601, #6602 );
#5224 = LINE( '', #6603, #6604 );
#5225 = FILL_AREA_STYLE_COLOUR( '', #6605 );
#5226 = VERTEX_POINT( '', #6606 );
#5227 = LINE( '', #6607, #6608 );
#5228 = VERTEX_POINT( '', #6609 );
#5229 = LINE( '', #6610, #6611 );
#5230 = LINE( '', #6612, #6613 );
#5231 = FILL_AREA_STYLE_COLOUR( '', #6614 );
#5232 = VERTEX_POINT( '', #6615 );
#5233 = CIRCLE( '', #6616, 0.400000000000000 );
#5234 = VERTEX_POINT( '', #6617 );
#5235 = VERTEX_POINT( '', #6618 );
#5236 = CIRCLE( '', #6619, 0.286897771888703 );
#5237 = LINE( '', #6620, #6621 );
#5238 = VERTEX_POINT( '', #6622 );
#5239 = LINE( '', #6623, #6624 );
#5240 = VERTEX_POINT( '', #6625 );
#5241 = LINE( '', #6626, #6627 );
#5242 = LINE( '', #6628, #6629 );
#5243 = VERTEX_POINT( '', #6630 );
#5244 = LINE( '', #6631, #6632 );
#5245 = VERTEX_POINT( '', #6633 );
#5246 = LINE( '', #6634, #6635 );
#5247 = VERTEX_POINT( '', #6636 );
#5248 = LINE( '', #6637, #6638 );
#5249 = LINE( '', #6639, #6640 );
#5250 = FILL_AREA_STYLE_COLOUR( '', #6641 );
#5251 = VERTEX_POINT( '', #6642 );
#5252 = LINE( '', #6643, #6644 );
#5253 = VERTEX_POINT( '', #6645 );
#5254 = LINE( '', #6646, #6647 );
#5255 = LINE( '', #6648, #6649 );
#5256 = FILL_AREA_STYLE_COLOUR( '', #6650 );
#5257 = LINE( '', #6651, #6652 );
#5258 = LINE( '', #6653, #6654 );
#5259 = FILL_AREA_STYLE_COLOUR( '', #6655 );
#5260 = VERTEX_POINT( '', #6656 );
#5261 = LINE( '', #6657, #6658 );
#5262 = LINE( '', #6659, #6660 );
#5263 = FILL_AREA_STYLE_COLOUR( '', #6661 );
#5264 = VERTEX_POINT( '', #6662 );
#5265 = VERTEX_POINT( '', #6663 );
#5266 = LINE( '', #6664, #6665 );
#5267 = VERTEX_POINT( '', #6666 );
#5268 = LINE( '', #6667, #6668 );
#5269 = VERTEX_POINT( '', #6669 );
#5270 = LINE( '', #6670, #6671 );
#5271 = LINE( '', #6672, #6673 );
#5272 = FILL_AREA_STYLE_COLOUR( '', #6674 );
#5273 = VERTEX_POINT( '', #6675 );
#5274 = VERTEX_POINT( '', #6676 );
#5275 = LINE( '', #6677, #6678 );
#5276 = VERTEX_POINT( '', #6679 );
#5277 = LINE( '', #6680, #6681 );
#5278 = LINE( '', #6682, #6683 );
#5279 = LINE( '', #6684, #6685 );
#5280 = FILL_AREA_STYLE_COLOUR( '', #6686 );
#5281 = LINE( '', #6687, #6688 );
#5282 = LINE( '', #6689, #6690 );
#5283 = FILL_AREA_STYLE_COLOUR( '', #6691 );
#5284 = LINE( '', #6692, #6693 );
#5285 = VERTEX_POINT( '', #6694 );
#5286 = LINE( '', #6695, #6696 );
#5287 = VERTEX_POINT( '', #6697 );
#5288 = LINE( '', #6698, #6699 );
#5289 = VERTEX_POINT( '', #6700 );
#5290 = LINE( '', #6701, #6702 );
#5291 = VERTEX_POINT( '', #6703 );
#5292 = LINE( '', #6704, #6705 );
#5293 = VERTEX_POINT( '', #6706 );
#5294 = LINE( '', #6707, #6708 );
#5295 = LINE( '', #6709, #6710 );
#5296 = VERTEX_POINT( '', #6711 );
#5297 = LINE( '', #6712, #6713 );
#5298 = LINE( '', #6714, #6715 );
#5299 = FILL_AREA_STYLE_COLOUR( '', #6716 );
#5300 = LINE( '', #6717, #6718 );
#5301 = FILL_AREA_STYLE_COLOUR( '', #6719 );
#5302 = VERTEX_POINT( '', #6720 );
#5303 = LINE( '', #6721, #6722 );
#5304 = LINE( '', #6723, #6724 );
#5305 = VERTEX_POINT( '', #6725 );
#5306 = LINE( '', #6726, #6727 );
#5307 = VERTEX_POINT( '', #6728 );
#5308 = LINE( '', #6729, #6730 );
#5309 = LINE( '', #6731, #6732 );
#5310 = FILL_AREA_STYLE_COLOUR( '', #6733 );
#5311 = VERTEX_POINT( '', #6734 );
#5312 = LINE( '', #6735, #6736 );
#5313 = VERTEX_POINT( '', #6737 );
#5314 = LINE( '', #6738, #6739 );
#5315 = LINE( '', #6740, #6741 );
#5316 = FILL_AREA_STYLE_COLOUR( '', #6742 );
#5317 = VERTEX_POINT( '', #6743 );
#5318 = LINE( '', #6744, #6745 );
#5319 = LINE( '', #6746, #6747 );
#5320 = FILL_AREA_STYLE_COLOUR( '', #6748 );
#5321 = VERTEX_POINT( '', #6749 );
#5322 = VERTEX_POINT( '', #6750 );
#5323 = LINE( '', #6751, #6752 );
#5324 = VERTEX_POINT( '', #6753 );
#5325 = LINE( '', #6754, #6755 );
#5326 = VERTEX_POINT( '', #6756 );
#5327 = LINE( '', #6757, #6758 );
#5328 = LINE( '', #6759, #6760 );
#5329 = FILL_AREA_STYLE_COLOUR( '', #6761 );
#5330 = VERTEX_POINT( '', #6762 );
#5331 = LINE( '', #6763, #6764 );
#5332 = LINE( '', #6765, #6766 );
#5333 = FILL_AREA_STYLE_COLOUR( '', #6767 );
#5334 = VERTEX_POINT( '', #6768 );
#5335 = LINE( '', #6769, #6770 );
#5336 = VERTEX_POINT( '', #6771 );
#5337 = LINE( '', #6772, #6773 );
#5338 = LINE( '', #6774, #6775 );
#5339 = FILL_AREA_STYLE_COLOUR( '', #6776 );
#5340 = VERTEX_POINT( '', #6777 );
#5341 = VERTEX_POINT( '', #6778 );
#5342 = LINE( '', #6779, #6780 );
#5343 = VERTEX_POINT( '', #6781 );
#5344 = LINE( '', #6782, #6783 );
#5345 = VERTEX_POINT( '', #6784 );
#5346 = LINE( '', #6785, #6786 );
#5347 = LINE( '', #6787, #6788 );
#5348 = FILL_AREA_STYLE_COLOUR( '', #6789 );
#5349 = LINE( '', #6790, #6791 );
#5350 = VERTEX_POINT( '', #6792 );
#5351 = LINE( '', #6793, #6794 );
#5352 = VERTEX_POINT( '', #6795 );
#5353 = LINE( '', #6796, #6797 );
#5354 = VERTEX_POINT( '', #6798 );
#5355 = LINE( '', #6799, #6800 );
#5356 = VERTEX_POINT( '', #6801 );
#5357 = LINE( '', #6802, #6803 );
#5358 = VERTEX_POINT( '', #6804 );
#5359 = LINE( '', #6805, #6806 );
#5360 = LINE( '', #6807, #6808 );
#5361 = LINE( '', #6809, #6810 );
#5362 = VERTEX_POINT( '', #6811 );
#5363 = LINE( '', #6812, #6813 );
#5364 = LINE( '', #6814, #6815 );
#5365 = FILL_AREA_STYLE_COLOUR( '', #6816 );
#5366 = LINE( '', #6817, #6818 );
#5367 = LINE( '', #6819, #6820 );
#5368 = FILL_AREA_STYLE_COLOUR( '', #6821 );
#5369 = FILL_AREA_STYLE_COLOUR( '', #6822 );
#5370 = VERTEX_POINT( '', #6823 );
#5371 = LINE( '', #6824, #6825 );
#5372 = VERTEX_POINT( '', #6826 );
#5373 = LINE( '', #6827, #6828 );
#5374 = LINE( '', #6829, #6830 );
#5375 = FILL_AREA_STYLE_COLOUR( '', #6831 );
#5376 = VERTEX_POINT( '', #6832 );
#5377 = LINE( '', #6833, #6834 );
#5378 = VERTEX_POINT( '', #6835 );
#5379 = LINE( '', #6836, #6837 );
#5380 = LINE( '', #6838, #6839 );
#5381 = FILL_AREA_STYLE_COLOUR( '', #6840 );
#5382 = VERTEX_POINT( '', #6841 );
#5383 = LINE( '', #6842, #6843 );
#5384 = VERTEX_POINT( '', #6844 );
#5385 = LINE( '', #6845, #6846 );
#5386 = LINE( '', #6847, #6848 );
#5387 = VERTEX_POINT( '', #6849 );
#5388 = LINE( '', #6850, #6851 );
#5389 = LINE( '', #6852, #6853 );
#5390 = VERTEX_POINT( '', #6854 );
#5391 = LINE( '', #6855, #6856 );
#5392 = VERTEX_POINT( '', #6857 );
#5393 = LINE( '', #6858, #6859 );
#5394 = VERTEX_POINT( '', #6860 );
#5395 = LINE( '', #6861, #6862 );
#5396 = VERTEX_POINT( '', #6863 );
#5397 = LINE( '', #6864, #6865 );
#5398 = VERTEX_POINT( '', #6866 );
#5399 = LINE( '', #6867, #6868 );
#5400 = VERTEX_POINT( '', #6869 );
#5401 = LINE( '', #6870, #6871 );
#5402 = VERTEX_POINT( '', #6872 );
#5403 = LINE( '', #6873, #6874 );
#5404 = VERTEX_POINT( '', #6875 );
#5405 = LINE( '', #6876, #6877 );
#5406 = VERTEX_POINT( '', #6878 );
#5407 = LINE( '', #6879, #6880 );
#5408 = VERTEX_POINT( '', #6881 );
#5409 = LINE( '', #6882, #6883 );
#5410 = LINE( '', #6884, #6885 );
#5411 = VERTEX_POINT( '', #6886 );
#5412 = LINE( '', #6887, #6888 );
#5413 = LINE( '', #6889, #6890 );
#5414 = VERTEX_POINT( '', #6891 );
#5415 = LINE( '', #6892, #6893 );
#5416 = VERTEX_POINT( '', #6894 );
#5417 = LINE( '', #6895, #6896 );
#5418 = VERTEX_POINT( '', #6897 );
#5419 = LINE( '', #6898, #6899 );
#5420 = VERTEX_POINT( '', #6900 );
#5421 = LINE( '', #6901, #6902 );
#5422 = VERTEX_POINT( '', #6903 );
#5423 = LINE( '', #6904, #6905 );
#5424 = VERTEX_POINT( '', #6906 );
#5425 = LINE( '', #6907, #6908 );
#5426 = VERTEX_POINT( '', #6909 );
#5427 = LINE( '', #6910, #6911 );
#5428 = LINE( '', #6912, #6913 );
#5429 = VERTEX_POINT( '', #6914 );
#5430 = LINE( '', #6915, #6916 );
#5431 = LINE( '', #6917, #6918 );
#5432 = FILL_AREA_STYLE_COLOUR( '', #6919 );
#5433 = LINE( '', #6920, #6921 );
#5434 = FILL_AREA_STYLE_COLOUR( '', #6922 );
#5435 = VERTEX_POINT( '', #6923 );
#5436 = LINE( '', #6924, #6925 );
#5437 = VERTEX_POINT( '', #6926 );
#5438 = LINE( '', #6927, #6928 );
#5439 = LINE( '', #6929, #6930 );
#5440 = FILL_AREA_STYLE_COLOUR( '', #6931 );
#5441 = VERTEX_POINT( '', #6932 );
#5442 = LINE( '', #6933, #6934 );
#5443 = VERTEX_POINT( '', #6935 );
#5444 = LINE( '', #6936, #6937 );
#5445 = LINE( '', #6938, #6939 );
#5446 = FILL_AREA_STYLE_COLOUR( '', #6940 );
#5447 = VERTEX_POINT( '', #6941 );
#5448 = LINE( '', #6942, #6943 );
#5449 = VERTEX_POINT( '', #6944 );
#5450 = LINE( '', #6945, #6946 );
#5451 = LINE( '', #6947, #6948 );
#5452 = FILL_AREA_STYLE_COLOUR( '', #6949 );
#5453 = VERTEX_POINT( '', #6950 );
#5454 = LINE( '', #6951, #6952 );
#5455 = LINE( '', #6953, #6954 );
#5456 = LINE( '', #6955, #6956 );
#5457 = FILL_AREA_STYLE_COLOUR( '', #6957 );
#5458 = VERTEX_POINT( '', #6958 );
#5459 = LINE( '', #6959, #6960 );
#5460 = LINE( '', #6961, #6962 );
#5461 = FILL_AREA_STYLE_COLOUR( '', #6963 );
#5462 = VERTEX_POINT( '', #6964 );
#5463 = LINE( '', #6965, #6966 );
#5464 = VERTEX_POINT( '', #6967 );
#5465 = LINE( '', #6968, #6969 );
#5466 = VERTEX_POINT( '', #6970 );
#5467 = LINE( '', #6971, #6972 );
#5468 = VERTEX_POINT( '', #6973 );
#5469 = LINE( '', #6974, #6975 );
#5470 = LINE( '', #6976, #6977 );
#5471 = LINE( '', #6978, #6979 );
#5472 = FILL_AREA_STYLE_COLOUR( '', #6980 );
#5473 = VERTEX_POINT( '', #6981 );
#5474 = VERTEX_POINT( '', #6982 );
#5475 = LINE( '', #6983, #6984 );
#5476 = VERTEX_POINT( '', #6985 );
#5477 = LINE( '', #6986, #6987 );
#5478 = VERTEX_POINT( '', #6988 );
#5479 = LINE( '', #6989, #6990 );
#5480 = LINE( '', #6991, #6992 );
#5481 = FILL_AREA_STYLE_COLOUR( '', #6993 );
#5482 = VERTEX_POINT( '', #6994 );
#5483 = LINE( '', #6995, #6996 );
#5484 = VERTEX_POINT( '', #6997 );
#5485 = LINE( '', #6998, #6999 );
#5486 = LINE( '', #7000, #7001 );
#5487 = FILL_AREA_STYLE_COLOUR( '', #7002 );
#5488 = VERTEX_POINT( '', #7003 );
#5489 = LINE( '', #7004, #7005 );
#5490 = VERTEX_POINT( '', #7006 );
#5491 = LINE( '', #7007, #7008 );
#5492 = VERTEX_POINT( '', #7009 );
#5493 = LINE( '', #7010, #7011 );
#5494 = LINE( '', #7012, #7013 );
#5495 = FILL_AREA_STYLE_COLOUR( '', #7014 );
#5496 = VERTEX_POINT( '', #7015 );
#5497 = LINE( '', #7016, #7017 );
#5498 = LINE( '', #7018, #7019 );
#5499 = FILL_AREA_STYLE_COLOUR( '', #7020 );
#5500 = VERTEX_POINT( '', #7021 );
#5501 = LINE( '', #7022, #7023 );
#5502 = LINE( '', #7024, #7025 );
#5503 = FILL_AREA_STYLE_COLOUR( '', #7026 );
#5504 = VERTEX_POINT( '', #7027 );
#5505 = LINE( '', #7028, #7029 );
#5506 = VERTEX_POINT( '', #7030 );
#5507 = LINE( '', #7031, #7032 );
#5508 = LINE( '', #7033, #7034 );
#5509 = FILL_AREA_STYLE_COLOUR( '', #7035 );
#5510 = LINE( '', #7036, #7037 );
#5511 = LINE( '', #7038, #7039 );
#5512 = FILL_AREA_STYLE_COLOUR( '', #7040 );
#5513 = VERTEX_POINT( '', #7041 );
#5514 = VERTEX_POINT( '', #7042 );
#5515 = LINE( '', #7043, #7044 );
#5516 = LINE( '', #7045, #7046 );
#5517 = LINE( '', #7047, #7048 );
#5518 = FILL_AREA_STYLE_COLOUR( '', #7049 );
#5519 = LINE( '', #7050, #7051 );
#5520 = FILL_AREA_STYLE_COLOUR( '', #7052 );
#5521 = LINE( '', #7053, #7054 );
#5522 = FILL_AREA_STYLE_COLOUR( '', #7055 );
#5523 = VERTEX_POINT( '', #7056 );
#5524 = LINE( '', #7057, #7058 );
#5525 = VERTEX_POINT( '', #7059 );
#5526 = LINE( '', #7060, #7061 );
#5527 = LINE( '', #7062, #7063 );
#5528 = VERTEX_POINT( '', #7064 );
#5529 = LINE( '', #7065, #7066 );
#5530 = VERTEX_POINT( '', #7067 );
#5531 = LINE( '', #7068, #7069 );
#5532 = LINE( '', #7070, #7071 );
#5533 = LINE( '', #7072, #7073 );
#5534 = LINE( '', #7074, #7075 );
#5535 = FILL_AREA_STYLE_COLOUR( '', #7076 );
#5536 = LINE( '', #7077, #7078 );
#5537 = VERTEX_POINT( '', #7079 );
#5538 = LINE( '', #7080, #7081 );
#5539 = LINE( '', #7082, #7083 );
#5540 = FILL_AREA_STYLE_COLOUR( '', #7084 );
#5541 = VERTEX_POINT( '', #7085 );
#5542 = LINE( '', #7086, #7087 );
#5543 = LINE( '', #7088, #7089 );
#5544 = FILL_AREA_STYLE_COLOUR( '', #7090 );
#5545 = LINE( '', #7091, #7092 );
#5546 = LINE( '', #7093, #7094 );
#5547 = FILL_AREA_STYLE_COLOUR( '', #7095 );
#5548 = VERTEX_POINT( '', #7096 );
#5549 = LINE( '', #7097, #7098 );
#5550 = VERTEX_POINT( '', #7099 );
#5551 = LINE( '', #7100, #7101 );
#5552 = LINE( '', #7102, #7103 );
#5553 = FILL_AREA_STYLE_COLOUR( '', #7104 );
#5554 = LINE( '', #7105, #7106 );
#5555 = VERTEX_POINT( '', #7107 );
#5556 = LINE( '', #7108, #7109 );
#5557 = LINE( '', #7110, #7111 );
#5558 = FILL_AREA_STYLE_COLOUR( '', #7112 );
#5559 = VERTEX_POINT( '', #7113 );
#5560 = LINE( '', #7114, #7115 );
#5561 = LINE( '', #7116, #7117 );
#5562 = FILL_AREA_STYLE_COLOUR( '', #7118 );
#5563 = VERTEX_POINT( '', #7119 );
#5564 = LINE( '', #7120, #7121 );
#5565 = VERTEX_POINT( '', #7122 );
#5566 = LINE( '', #7123, #7124 );
#5567 = LINE( '', #7125, #7126 );
#5568 = LINE( '', #7127, #7128 );
#5569 = FILL_AREA_STYLE_COLOUR( '', #7129 );
#5570 = LINE( '', #7130, #7131 );
#5571 = FILL_AREA_STYLE_COLOUR( '', #7132 );
#5572 = VERTEX_POINT( '', #7133 );
#5573 = LINE( '', #7134, #7135 );
#5574 = VERTEX_POINT( '', #7136 );
#5575 = LINE( '', #7137, #7138 );
#5576 = LINE( '', #7139, #7140 );
#5577 = FILL_AREA_STYLE_COLOUR( '', #7141 );
#5578 = LINE( '', #7142, #7143 );
#5579 = LINE( '', #7144, #7145 );
#5580 = FILL_AREA_STYLE_COLOUR( '', #7146 );
#5581 = LINE( '', #7147, #7148 );
#5582 = FILL_AREA_STYLE_COLOUR( '', #7149 );
#5583 = FILL_AREA_STYLE_COLOUR( '', #7150 );
#5584 = LINE( '', #7151, #7152 );
#5585 = LINE( '', #7153, #7154 );
#5586 = FILL_AREA_STYLE_COLOUR( '', #7155 );
#5587 = LINE( '', #7156, #7157 );
#5588 = FILL_AREA_STYLE_COLOUR( '', #7158 );
#5589 = VERTEX_POINT( '', #7159 );
#5590 = LINE( '', #7160, #7161 );
#5591 = LINE( '', #7162, #7163 );
#5592 = FILL_AREA_STYLE_COLOUR( '', #7164 );
#5593 = VERTEX_POINT( '', #7165 );
#5594 = LINE( '', #7166, #7167 );
#5595 = LINE( '', #7168, #7169 );
#5596 = FILL_AREA_STYLE_COLOUR( '', #7170 );
#5597 = LINE( '', #7171, #7172 );
#5598 = LINE( '', #7173, #7174 );
#5599 = VERTEX_POINT( '', #7175 );
#5600 = LINE( '', #7176, #7177 );
#5601 = VERTEX_POINT( '', #7178 );
#5602 = LINE( '', #7179, #7180 );
#5603 = VERTEX_POINT( '', #7181 );
#5604 = LINE( '', #7182, #7183 );
#5605 = LINE( '', #7184, #7185 );
#5606 = LINE( '', #7186, #7187 );
#5607 = FILL_AREA_STYLE_COLOUR( '', #7188 );
#5608 = VERTEX_POINT( '', #7189 );
#5609 = LINE( '', #7190, #7191 );
#5610 = LINE( '', #7192, #7193 );
#5611 = FILL_AREA_STYLE_COLOUR( '', #7194 );
#5612 = LINE( '', #7195, #7196 );
#5613 = FILL_AREA_STYLE_COLOUR( '', #7197 );
#5614 = VERTEX_POINT( '', #7198 );
#5615 = LINE( '', #7199, #7200 );
#5616 = CIRCLE( '', #7201, 0.0300000000000000 );
#5617 = LINE( '', #7202, #7203 );
#5618 = CIRCLE( '', #7204, 0.640000000000000 );
#5619 = FILL_AREA_STYLE_COLOUR( '', #7205 );
#5620 = LINE( '', #7206, #7207 );
#5621 = FILL_AREA_STYLE_COLOUR( '', #7208 );
#5622 = VERTEX_POINT( '', #7209 );
#5623 = LINE( '', #7210, #7211 );
#5624 = LINE( '', #7212, #7213 );
#5625 = FILL_AREA_STYLE_COLOUR( '', #7214 );
#5626 = VERTEX_POINT( '', #7215 );
#5627 = LINE( '', #7216, #7217 );
#5628 = VERTEX_POINT( '', #7218 );
#5629 = LINE( '', #7219, #7220 );
#5630 = LINE( '', #7221, #7222 );
#5631 = LINE( '', #7223, #7224 );
#5632 = FILL_AREA_STYLE_COLOUR( '', #7225 );
#5633 = LINE( '', #7226, #7227 );
#5634 = LINE( '', #7228, #7229 );
#5635 = FILL_AREA_STYLE_COLOUR( '', #7230 );
#5636 = VERTEX_POINT( '', #7231 );
#5637 = LINE( '', #7232, #7233 );
#5638 = VERTEX_POINT( '', #7234 );
#5639 = LINE( '', #7235, #7236 );
#5640 = LINE( '', #7237, #7238 );
#5641 = FILL_AREA_STYLE_COLOUR( '', #7239 );
#5642 = VERTEX_POINT( '', #7240 );
#5643 = LINE( '', #7241, #7242 );
#5644 = LINE( '', #7243, #7244 );
#5645 = LINE( '', #7245, #7246 );
#5646 = LINE( '', #7247, #7248 );
#5647 = FILL_AREA_STYLE_COLOUR( '', #7249 );
#5648 = VERTEX_POINT( '', #7250 );
#5649 = LINE( '', #7251, #7252 );
#5650 = LINE( '', #7253, #7254 );
#5651 = FILL_AREA_STYLE_COLOUR( '', #7255 );
#5652 = VERTEX_POINT( '', #7256 );
#5653 = LINE( '', #7257, #7258 );
#5654 = LINE( '', #7259, #7260 );
#5655 = FILL_AREA_STYLE_COLOUR( '', #7261 );
#5656 = FILL_AREA_STYLE_COLOUR( '', #7262 );
#5657 = VERTEX_POINT( '', #7263 );
#5658 = LINE( '', #7264, #7265 );
#5659 = VERTEX_POINT( '', #7266 );
#5660 = LINE( '', #7267, #7268 );
#5661 = LINE( '', #7269, #7270 );
#5662 = VERTEX_POINT( '', #7271 );
#5663 = LINE( '', #7272, #7273 );
#5664 = LINE( '', #7274, #7275 );
#5665 = LINE( '', #7276, #7277 );
#5666 = VERTEX_POINT( '', #7278 );
#5667 = LINE( '', #7279, #7280 );
#5668 = VERTEX_POINT( '', #7281 );
#5669 = LINE( '', #7282, #7283 );
#5670 = LINE( '', #7284, #7285 );
#5671 = VERTEX_POINT( '', #7286 );
#5672 = LINE( '', #7287, #7288 );
#5673 = LINE( '', #7289, #7290 );
#5674 = LINE( '', #7291, #7292 );
#5675 = VERTEX_POINT( '', #7293 );
#5676 = LINE( '', #7294, #7295 );
#5677 = VERTEX_POINT( '', #7296 );
#5678 = LINE( '', #7297, #7298 );
#5679 = LINE( '', #7299, #7300 );
#5680 = VERTEX_POINT( '', #7301 );
#5681 = LINE( '', #7302, #7303 );
#5682 = LINE( '', #7304, #7305 );
#5683 = FILL_AREA_STYLE_COLOUR( '', #7306 );
#5684 = LINE( '', #7307, #7308 );
#5685 = FILL_AREA_STYLE_COLOUR( '', #7309 );
#5686 = LINE( '', #7310, #7311 );
#5687 = LINE( '', #7312, #7313 );
#5688 = LINE( '', #7314, #7315 );
#5689 = FILL_AREA_STYLE_COLOUR( '', #7316 );
#5690 = VERTEX_POINT( '', #7317 );
#5691 = LINE( '', #7318, #7319 );
#5692 = CIRCLE( '', #7320, 0.250000000000000 );
#5693 = FILL_AREA_STYLE_COLOUR( '', #7321 );
#5694 = FILL_AREA_STYLE_COLOUR( '', #7322 );
#5695 = VERTEX_POINT( '', #7323 );
#5696 = LINE( '', #7324, #7325 );
#5697 = LINE( '', #7326, #7327 );
#5698 = FILL_AREA_STYLE_COLOUR( '', #7328 );
#5699 = LINE( '', #7329, #7330 );
#5700 = VERTEX_POINT( '', #7331 );
#5701 = LINE( '', #7332, #7333 );
#5702 = VERTEX_POINT( '', #7334 );
#5703 = LINE( '', #7335, #7336 );
#5704 = LINE( '', #7337, #7338 );
#5705 = FILL_AREA_STYLE_COLOUR( '', #7339 );
#5706 = CIRCLE( '', #7340, 0.250000000000000 );
#5707 = FILL_AREA_STYLE_COLOUR( '', #7341 );
#5708 = LINE( '', #7342, #7343 );
#5709 = FILL_AREA_STYLE_COLOUR( '', #7344 );
#5710 = VERTEX_POINT( '', #7345 );
#5711 = VERTEX_POINT( '', #7346 );
#5712 = LINE( '', #7347, #7348 );
#5713 = VERTEX_POINT( '', #7349 );
#5714 = LINE( '', #7350, #7351 );
#5715 = VERTEX_POINT( '', #7352 );
#5716 = LINE( '', #7353, #7354 );
#5717 = LINE( '', #7355, #7356 );
#5718 = FILL_AREA_STYLE_COLOUR( '', #7357 );
#5719 = LINE( '', #7358, #7359 );
#5720 = FILL_AREA_STYLE_COLOUR( '', #7360 );
#5721 = LINE( '', #7361, #7362 );
#5722 = FILL_AREA_STYLE_COLOUR( '', #7363 );
#5723 = LINE( '', #7364, #7365 );
#5724 = FILL_AREA_STYLE_COLOUR( '', #7366 );
#5725 = LINE( '', #7367, #7368 );
#5726 = LINE( '', #7369, #7370 );
#5727 = LINE( '', #7371, #7372 );
#5728 = LINE( '', #7373, #7374 );
#5729 = LINE( '', #7375, #7376 );
#5730 = FILL_AREA_STYLE_COLOUR( '', #7377 );
#5731 = LINE( '', #7378, #7379 );
#5732 = FILL_AREA_STYLE_COLOUR( '', #7380 );
#5733 = LINE( '', #7381, #7382 );
#5734 = LINE( '', #7383, #7384 );
#5735 = VERTEX_POINT( '', #7385 );
#5736 = LINE( '', #7386, #7387 );
#5737 = LINE( '', #7388, #7389 );
#5738 = LINE( '', #7390, #7391 );
#5739 = FILL_AREA_STYLE_COLOUR( '', #7392 );
#5740 = LINE( '', #7393, #7394 );
#5741 = LINE( '', #7395, #7396 );
#5742 = FILL_AREA_STYLE_COLOUR( '', #7397 );
#5743 = FILL_AREA_STYLE_COLOUR( '', #7398 );
#5744 = LINE( '', #7399, #7400 );
#5745 = LINE( '', #7401, #7402 );
#5746 = FILL_AREA_STYLE_COLOUR( '', #7403 );
#5747 = VERTEX_POINT( '', #7404 );
#5748 = LINE( '', #7405, #7406 );
#5749 = LINE( '', #7407, #7408 );
#5750 = LINE( '', #7409, #7410 );
#5751 = FILL_AREA_STYLE_COLOUR( '', #7411 );
#5752 = LINE( '', #7412, #7413 );
#5753 = FILL_AREA_STYLE_COLOUR( '', #7414 );
#5754 = LINE( '', #7415, #7416 );
#5755 = FILL_AREA_STYLE_COLOUR( '', #7417 );
#5756 = LINE( '', #7418, #7419 );
#5757 = LINE( '', #7420, #7421 );
#5758 = FILL_AREA_STYLE_COLOUR( '', #7422 );
#5759 = FILL_AREA_STYLE_COLOUR( '', #7423 );
#5760 = FILL_AREA_STYLE_COLOUR( '', #7424 );
#5761 = FILL_AREA_STYLE_COLOUR( '', #7425 );
#5762 = FILL_AREA_STYLE_COLOUR( '', #7426 );
#5763 = LINE( '', #7427, #7428 );
#5764 = FILL_AREA_STYLE_COLOUR( '', #7429 );
#5765 = LINE( '', #7430, #7431 );
#5766 = FILL_AREA_STYLE_COLOUR( '', #7432 );
#5767 = FILL_AREA_STYLE_COLOUR( '', #7433 );
#5768 = LINE( '', #7434, #7435 );
#5769 = FILL_AREA_STYLE_COLOUR( '', #7436 );
#5770 = FILL_AREA_STYLE_COLOUR( '', #7437 );
#5771 = FILL_AREA_STYLE_COLOUR( '', #7438 );
#5772 = FILL_AREA_STYLE_COLOUR( '', #7439 );
#5773 = FILL_AREA_STYLE_COLOUR( '', #7440 );
#5774 = VERTEX_POINT( '', #7441 );
#5775 = LINE( '', #7442, #7443 );
#5776 = VERTEX_POINT( '', #7444 );
#5777 = LINE( '', #7445, #7446 );
#5778 = LINE( '', #7447, #7448 );
#5779 = FILL_AREA_STYLE_COLOUR( '', #7449 );
#5780 = VERTEX_POINT( '', #7450 );
#5781 = LINE( '', #7451, #7452 );
#5782 = LINE( '', #7453, #7454 );
#5783 = FILL_AREA_STYLE_COLOUR( '', #7455 );
#5784 = FILL_AREA_STYLE_COLOUR( '', #7456 );
#5785 = FILL_AREA_STYLE_COLOUR( '', #7457 );
#5786 = FILL_AREA_STYLE_COLOUR( '', #7458 );
#5787 = FILL_AREA_STYLE_COLOUR( '', #7459 );
#5788 = LINE( '', #7460, #7461 );
#5789 = FILL_AREA_STYLE_COLOUR( '', #7462 );
#5790 = LINE( '', #7463, #7464 );
#5791 = FILL_AREA_STYLE_COLOUR( '', #7465 );
#5792 = FILL_AREA_STYLE_COLOUR( '', #7466 );
#5793 = FILL_AREA_STYLE_COLOUR( '', #7467 );
#5794 = FILL_AREA_STYLE_COLOUR( '', #7468 );
#5795 = LINE( '', #7469, #7470 );
#5796 = FILL_AREA_STYLE_COLOUR( '', #7471 );
#5797 = FILL_AREA_STYLE_COLOUR( '', #7472 );
#5798 = FILL_AREA_STYLE_COLOUR( '', #7473 );
#5799 = LINE( '', #7474, #7475 );
#5800 = LINE( '', #7476, #7477 );
#5801 = FILL_AREA_STYLE_COLOUR( '', #7478 );
#5802 = FILL_AREA_STYLE_COLOUR( '', #7479 );
#5803 = FILL_AREA_STYLE_COLOUR( '', #7480 );
#5804 = LINE( '', #7481, #7482 );
#5805 = LINE( '', #7483, #7484 );
#5806 = FILL_AREA_STYLE_COLOUR( '', #7485 );
#5807 = LINE( '', #7486, #7487 );
#5808 = FILL_AREA_STYLE_COLOUR( '', #7488 );
#5809 = FILL_AREA_STYLE_COLOUR( '', #7489 );
#5810 = FILL_AREA_STYLE_COLOUR( '', #7490 );
#5811 = FILL_AREA_STYLE_COLOUR( '', #7491 );
#5812 = FILL_AREA_STYLE_COLOUR( '', #7492 );
#5813 = FILL_AREA_STYLE_COLOUR( '', #7493 );
#5814 = FILL_AREA_STYLE_COLOUR( '', #7494 );
#5815 = FILL_AREA_STYLE_COLOUR( '', #7495 );
#5816 = LINE( '', #7496, #7497 );
#5817 = FILL_AREA_STYLE_COLOUR( '', #7498 );
#5818 = FILL_AREA_STYLE_COLOUR( '', #7499 );
#5819 = LINE( '', #7500, #7501 );
#5820 = FILL_AREA_STYLE_COLOUR( '', #7502 );
#5821 = FILL_AREA_STYLE_COLOUR( '', #7503 );
#5822 = FILL_AREA_STYLE_COLOUR( '', #7504 );
#5823 = FILL_AREA_STYLE_COLOUR( '', #7505 );
#5824 = FILL_AREA_STYLE_COLOUR( '', #7506 );
#5825 = LINE( '', #7507, #7508 );
#5826 = FILL_AREA_STYLE_COLOUR( '', #7509 );
#5827 = FILL_AREA_STYLE_COLOUR( '', #7510 );
#5828 = FILL_AREA_STYLE_COLOUR( '', #7511 );
#5829 = FILL_AREA_STYLE_COLOUR( '', #7512 );
#5830 = LINE( '', #7513, #7514 );
#5831 = FILL_AREA_STYLE_COLOUR( '', #7515 );
#5832 = FILL_AREA_STYLE_COLOUR( '', #7516 );
#5833 = FILL_AREA_STYLE_COLOUR( '', #7517 );
#5834 = COLOUR_RGB( '', 0.200000002980232, 0.200000002980232, 0.200000002980232 );
#5835 = CARTESIAN_POINT( '', ( -6.32500000000000, 4.25000000000000, 1.51500000000000 ) );
#5836 = CARTESIAN_POINT( '', ( -5.42500000000000, 4.25000000000000, 1.51500000000000 ) );
#5837 = CARTESIAN_POINT( '', ( -10.6766881514749, 4.25000000000000, 1.51500000000000 ) );
#5838 = VECTOR( '', #7518, 1000.00000000000 );
#5839 = CARTESIAN_POINT( '', ( -5.42500000000000, 4.25000000000000, -1.08500000000000 ) );
#5840 = CARTESIAN_POINT( '', ( -5.42500000000000, 4.25000000000000, -14.8166881514748 ) );
#5841 = VECTOR( '', #7519, 1000.00000000000 );
#5842 = CARTESIAN_POINT( '', ( -6.32500000000000, 4.25000000000000, -1.08500000000000 ) );
#5843 = CARTESIAN_POINT( '', ( -10.6766881514749, 4.25000000000000, -1.08500000000000 ) );
#5844 = VECTOR( '', #7520, 1000.00000000000 );
#5845 = CARTESIAN_POINT( '', ( -6.32500000000000, 4.25000000000000, 0.000000000000000 ) );
#5846 = VECTOR( '', #7521, 1000.00000000000 );
#5847 = COLOUR_RGB( '', 0.200000002980232, 0.200000002980232, 0.200000002980232 );
#5848 = CARTESIAN_POINT( '', ( -5.42500000000000, 3.05000000000000, -2.18500000000000 ) );
#5849 = CARTESIAN_POINT( '', ( -5.42500000000000, 4.95000000000000, -2.18500000000000 ) );
#5850 = CARTESIAN_POINT( '', ( -5.42500000000000, 4.95000000000000, -2.18500000000000 ) );
#5851 = VECTOR( '', #7522, 1000.00000000000 );
#5852 = CARTESIAN_POINT( '', ( -6.32500000000000, 3.05000000000000, -2.18500000000000 ) );
#5853 = CARTESIAN_POINT( '', ( -6.32500000000000, 3.05000000000000, -2.18500000000000 ) );
#5854 = VECTOR( '', #7523, 1000.00000000000 );
#5855 = CARTESIAN_POINT( '', ( -6.32500000000000, 4.95000000000000, -2.18500000000000 ) );
#5856 = CARTESIAN_POINT( '', ( -6.32500000000000, 4.95000000000000, -2.18500000000000 ) );
#5857 = VECTOR( '', #7524, 1000.00000000000 );
#5858 = CARTESIAN_POINT( '', ( 6.32500000000000, 4.95000000000000, -2.18500000000000 ) );
#5859 = VECTOR( '', #7525, 1000.00000000000 );
#5860 = COLOUR_RGB( '', 0.200000002980232, 0.200000002980232, 0.200000002980232 );
#5861 = CARTESIAN_POINT( '', ( 4.27500000000000, -4.95000000000000, -0.955000000000000 ) );
#5862 = CARTESIAN_POINT( '', ( 1.72500000000000, -4.95000000000000, -0.955000000000000 ) );
#5863 = CARTESIAN_POINT( '', ( 4.27500000000000, -4.95000000000000, -0.955000000000000 ) );
#5864 = VECTOR( '', #7526, 1000.00000000000 );
#5865 = CARTESIAN_POINT( '', ( 4.27500000000000, 1.05000000000000, -0.955000000000000 ) );
#5866 = CARTESIAN_POINT( '', ( 4.27500000000000, 1.05000000000000, -0.955000000000000 ) );
#5867 = VECTOR( '', #7527, 1000.00000000000 );
#5868 = CARTESIAN_POINT( '', ( 1.72500000000000, 1.05000000000000, -0.955000000000000 ) );
#5869 = CARTESIAN_POINT( '', ( 4.27500000000000, 1.05000000000000, -0.955000000000000 ) );
#5870 = VECTOR( '', #7528, 1000.00000000000 );
#5871 = CARTESIAN_POINT( '', ( 1.72500000000000, 1.05000000000000, -0.955000000000000 ) );
#5872 = VECTOR( '', #7529, 1000.00000000000 );
#5873 = COLOUR_RGB( '', 0.699999988079071, 0.699999988079071, 0.699999988079071 );
#5874 = CARTESIAN_POINT( '', ( -0.320000000000000, -4.60000000000000, -0.320000000000000 ) );
#5875 = CARTESIAN_POINT( '', ( -0.220000000000000, -5.30000000000000, -0.220000000000000 ) );
#5876 = CARTESIAN_POINT( '', ( -0.307450980392157, -4.68784313725490, -0.307450980392156 ) );
#5877 = VECTOR( '', #7530, 1000.00000000000 );
#5878 = CARTESIAN_POINT( '', ( -0.220000000000000, -5.30000000000000, 0.220000000000000 ) );
#5879 = CARTESIAN_POINT( '', ( -0.220000000000000, -5.30000000000000, -0.320000000000000 ) );
#5880 = VECTOR( '', #7531, 1000.00000000000 );
#5881 = CARTESIAN_POINT( '', ( -0.320000000000000, -4.60000000000000, 0.320000000000000 ) );
#5882 = CARTESIAN_POINT( '', ( -0.209411764705882, -5.37411764705882, 0.209411764705881 ) );
#5883 = VECTOR( '', #7532, 1000.00000000000 );
#5884 = CARTESIAN_POINT( '', ( -0.320000000000000, -4.60000000000000, 0.000000000000000 ) );
#5885 = VECTOR( '', #7533, 1000.00000000000 );
#5886 = COLOUR_RGB( '', 0.699999988079071, 0.699999988079071, 0.699999988079071 );
#5887 = CARTESIAN_POINT( '', ( 3.10500000000000, 0.345000000000000, -1.98000000000000 ) );
#5888 = CARTESIAN_POINT( '', ( 2.81500000000000, 0.635000000000000, -1.98000000000000 ) );
#5889 = AXIS2_PLACEMENT_3D( '', #7534, #7535, #7536 );
#5890 = CARTESIAN_POINT( '', ( 3.10500000000000, 0.345000000000000, -2.59000000000000 ) );
#5891 = CARTESIAN_POINT( '', ( 3.10500000000000, 0.345000000000000, -1.98000000000000 ) );
#5892 = VECTOR( '', #7537, 1000.00000000000 );
#5893 = CARTESIAN_POINT( '', ( 2.81500000000000, 0.635000000000000, -2.59000000000000 ) );
#5894 = AXIS2_PLACEMENT_3D( '', #7538, #7539, #7540 );
#5895 = CARTESIAN_POINT( '', ( 2.81500000000000, 0.635000000000000, -2.59000000000000 ) );
#5896 = VECTOR( '', #7541, 1000.00000000000 );
#5897 = COLOUR_RGB( '', 0.200000002980232, 0.200000002980232, 0.200000002980232 );
#5898 = CARTESIAN_POINT( '', ( 4.91078643762691, 0.725000000000008, 0.535000000000000 ) );
#5899 = CARTESIAN_POINT( '', ( 5.02500000000000, 0.724999999999984, 0.535000000000000 ) );
#5900 = CARTESIAN_POINT( '', ( 5.61078643762682, 0.724999999999963, 0.535000000000000 ) );
#5901 = VECTOR( '', #7542, 1000.00000000000 );
#5902 = CARTESIAN_POINT( '', ( 5.02500000000000, 3.05000000000000, 0.535000000000000 ) );
#5903 = CARTESIAN_POINT( '', ( 5.02500000000000, 3.05000000000000, 0.535000000000000 ) );
#5904 = VECTOR( '', #7543, 1000.00000000000 );
#5905 = CARTESIAN_POINT( '', ( 4.91078643762691, 3.05000000000000, 0.535000000000000 ) );
#5906 = CARTESIAN_POINT( '', ( 5.61078643762690, 3.05000000000000, 0.535000000000000 ) );
#5907 = VECTOR( '', #7544, 1000.00000000000 );
#5908 = CARTESIAN_POINT( '', ( 4.91078643762691, 3.05000000000000, 0.535000000000000 ) );
#5909 = VECTOR( '', #7545, 1000.00000000000 );
#5910 = COLOUR_RGB( '', 0.699999988079071, 0.699999988079071, 0.699999988079071 );
#5911 = CARTESIAN_POINT( '', ( 2.81500000000000, -0.635000000000000, -1.98000000000000 ) );
#5912 = CARTESIAN_POINT( '', ( 3.10500000000000, -0.345000000000000, -1.98000000000000 ) );
#5913 = AXIS2_PLACEMENT_3D( '', #7546, #7547, #7548 );
#5914 = CARTESIAN_POINT( '', ( 2.81500000000000, -0.635000000000000, -2.59000000000000 ) );
#5915 = CARTESIAN_POINT( '', ( 2.81500000000000, -0.635000000000000, -1.95000000000000 ) );
#5916 = VECTOR( '', #7549, 1000.00000000000 );
#5917 = CARTESIAN_POINT( '', ( 3.10500000000000, -0.345000000000000, -2.59000000000000 ) );
#5918 = AXIS2_PLACEMENT_3D( '', #7550, #7551, #7552 );
#5919 = CARTESIAN_POINT( '', ( 3.10500000000000, -0.345000000000000, -1.98000000000000 ) );
#5920 = VECTOR( '', #7553, 1000.00000000000 );
#5921 = COLOUR_RGB( '', 0.200000002980232, 0.200000002980232, 0.200000002980232 );
#5922 = CARTESIAN_POINT( '', ( -5.52500000000000, 3.05000000000000, -1.54500000000000 ) );
#5923 = CARTESIAN_POINT( '', ( -5.55078643762690, 3.05000000000000, -1.54500000000000 ) );
#5924 = CARTESIAN_POINT( '', ( -5.42500000000000, 3.05000000000000, -1.54500000000000 ) );
#5925 = VECTOR( '', #7554, 1000.00000000000 );
#5926 = CARTESIAN_POINT( '', ( -6.32500000000000, 3.05000000000000, -0.770786437626903 ) );
#5927 = CARTESIAN_POINT( '', ( -6.32500000000000, 3.05000000000000, -0.770786437626903 ) );
#5928 = VECTOR( '', #7555, 1000.00000000000 );
#5929 = CARTESIAN_POINT( '', ( -6.32500000000000, 3.05000000000000, -2.18500000000000 ) );
#5930 = VECTOR( '', #7556, 1000.00000000000 );
#5931 = CARTESIAN_POINT( '', ( -5.42500000000000, 3.05000000000000, -1.54500000000000 ) );
#5932 = CARTESIAN_POINT( '', ( -5.42500000000000, 3.05000000000000, -1.54500000000000 ) );
#5933 = VECTOR( '', #7557, 1000.00000000000 );
#5934 = CARTESIAN_POINT( '', ( -4.91078643762690, 3.05000000000000, -1.54500000000000 ) );
#5935 = CARTESIAN_POINT( '', ( 0.000000000000000, 3.05000000000000, -1.54500000000000 ) );
#5936 = VECTOR( '', #7558, 1000.00000000000 );
#5937 = CARTESIAN_POINT( '', ( -4.91078643762690, 3.05000000000000, -0.765000000000000 ) );
#5938 = CARTESIAN_POINT( '', ( -4.91078643762690, 3.05000000000000, -0.765000000000000 ) );
#5939 = VECTOR( '', #7559, 1000.00000000000 );
#5940 = CARTESIAN_POINT( '', ( -5.52500000000000, 3.05000000000000, -0.765000000000000 ) );
#5941 = CARTESIAN_POINT( '', ( -4.91078643762691, 3.05000000000000, -0.765000000000000 ) );
#5942 = VECTOR( '', #7560, 1000.00000000000 );
#5943 = CARTESIAN_POINT( '', ( -5.52500000000000, 3.05000000000000, -0.765000000000000 ) );
#5944 = VECTOR( '', #7561, 1000.00000000000 );
#5945 = COLOUR_RGB( '', 0.200000002980232, 0.200000002980232, 0.200000002980232 );
#5946 = CARTESIAN_POINT( '', ( -4.27500000000000, 1.05000000000000, -0.955000000000000 ) );
#5947 = CARTESIAN_POINT( '', ( -4.27500000000000, 1.05000000000000, 1.59500000000000 ) );
#5948 = CARTESIAN_POINT( '', ( -4.27500000000000, 1.05000000000000, -0.955000000000000 ) );
#5949 = VECTOR( '', #7562, 1000.00000000000 );
#5950 = CARTESIAN_POINT( '', ( -1.72500000000000, 1.05000000000000, -0.955000000000000 ) );
#5951 = CARTESIAN_POINT( '', ( -1.72500000000000, 1.05000000000000, -0.955000000000000 ) );
#5952 = VECTOR( '', #7563, 1000.00000000000 );
#5953 = CARTESIAN_POINT( '', ( -1.72500000000000, 1.05000000000000, 1.59500000000000 ) );
#5954 = CARTESIAN_POINT( '', ( -1.72500000000000, 1.05000000000000, 1.59500000000000 ) );
#5955 = VECTOR( '', #7564, 1000.00000000000 );
#5956 = CARTESIAN_POINT( '', ( -4.27500000000000, 1.05000000000000, 1.59500000000000 ) );
#5957 = VECTOR( '', #7565, 1000.00000000000 );
#5958 = CARTESIAN_POINT( '', ( -3.32000000000000, 1.05000000000000, -4.33680868994202E-015 ) );
#5959 = CARTESIAN_POINT( '', ( -3.32000000000000, 1.05000000000000, 0.640000000000000 ) );
#5960 = CARTESIAN_POINT( '', ( -3.32000000000000, 1.05000000000000, -4.44522890719057E-015 ) );
#5961 = VECTOR( '', #7566, 1000.00000000000 );
#5962 = CARTESIAN_POINT( '', ( -2.68000000000000, 1.05000000000000, 0.640000000000000 ) );
#5963 = CARTESIAN_POINT( '', ( -3.32000000000000, 1.05000000000000, 0.640000000000000 ) );
#5964 = VECTOR( '', #7567, 1000.00000000000 );
#5965 = CARTESIAN_POINT( '', ( -2.68000000000000, 1.05000000000000, -4.33680868994202E-015 ) );
#5966 = CARTESIAN_POINT( '', ( -2.68000000000000, 1.05000000000000, 0.640000000000000 ) );
#5967 = VECTOR( '', #7568, 1000.00000000000 );
#5968 = CARTESIAN_POINT( '', ( -2.68000000000000, 1.05000000000000, -4.28259858131774E-015 ) );
#5969 = VECTOR( '', #7569, 1000.00000000000 );
#5970 = COLOUR_RGB( '', 0.200000002980232, 0.200000002980232, 0.200000002980232 );
#5971 = CARTESIAN_POINT( '', ( -4.27500000000000, -4.95000000000000, 1.59500000000000 ) );
#5972 = CARTESIAN_POINT( '', ( -1.72500000000000, -4.95000000000000, 1.59500000000000 ) );
#5973 = CARTESIAN_POINT( '', ( -4.27500000000000, -4.95000000000000, 1.59500000000000 ) );
#5974 = VECTOR( '', #7570, 1000.00000000000 );
#5975 = CARTESIAN_POINT( '', ( -4.27500000000000, 1.05000000000000, 1.59500000000000 ) );
#5976 = VECTOR( '', #7571, 1000.00000000000 );
#5977 = CARTESIAN_POINT( '', ( -1.72500000000000, 1.05000000000000, 1.59500000000000 ) );
#5978 = VECTOR( '', #7572, 1000.00000000000 );
#5979 = COLOUR_RGB( '', 0.200000002980232, 0.200000002980232, 0.200000002980232 );
#5980 = CARTESIAN_POINT( '', ( 0.550000000000000, 4.95000000000000, -1.08500000000000 ) );
#5981 = CARTESIAN_POINT( '', ( 2.45000000000000, 4.95000000000000, -1.08500000000000 ) );
#5982 = CARTESIAN_POINT( '', ( -10.6766881514749, 4.95000000000000, -1.08500000000000 ) );
#5983 = VECTOR( '', #7573, 1000.00000000000 );
#5984 = CARTESIAN_POINT( '', ( 2.45000000000000, 4.95000000000000, -1.54500000000000 ) );
#5985 = CARTESIAN_POINT( '', ( 2.45000000000000, 4.95000000000000, -14.8166881514749 ) );
#5986 = VECTOR( '', #7574, 1000.00000000000 );
#5987 = CARTESIAN_POINT( '', ( 0.550000000000000, 4.95000000000000, -1.54500000000000 ) );
#5988 = CARTESIAN_POINT( '', ( 5.42500000000000, 4.95000000000000, -1.54500000000000 ) );
#5989 = VECTOR( '', #7575, 1000.00000000000 );
#5990 = CARTESIAN_POINT( '', ( 0.550000000000000, 4.95000000000000, -14.8166881514749 ) );
#5991 = VECTOR( '', #7576, 1000.00000000000 );
#5992 = COLOUR_RGB( '', 0.200000002980232, 0.200000002980232, 0.200000002980232 );
#5993 = CARTESIAN_POINT( '', ( -4.91078643762691, -4.95000000000000, -0.465000000000000 ) );
#5994 = CARTESIAN_POINT( '', ( -4.91078643762690, -4.95000000000000, 1.53500000000000 ) );
#5995 = CARTESIAN_POINT( '', ( -4.91078643762690, -4.95000000000000, -0.465000000000000 ) );
#5996 = VECTOR( '', #7577, 1000.00000000000 );
#5997 = CARTESIAN_POINT( '', ( -4.91078643762690, 3.05000000000000, 1.53500000000000 ) );
#5998 = CARTESIAN_POINT( '', ( -4.91078643762690, -3.53579208280703, 1.53500000000000 ) );
#5999 = VECTOR( '', #7578, 1000.00000000000 );
#6000 = CARTESIAN_POINT( '', ( -4.91078643762691, 3.05000000000000, 0.535000000000000 ) );
#6001 = CARTESIAN_POINT( '', ( -4.91078643762690, 3.05000000000000, 0.535000000000000 ) );
#6002 = VECTOR( '', #7579, 1000.00000000000 );
#6003 = CARTESIAN_POINT( '', ( -4.91078643762691, 0.725000000000000, 0.535000000000000 ) );
#6004 = CARTESIAN_POINT( '', ( -4.91078643762691, 3.05000000000000, 0.535000000000000 ) );
#6005 = VECTOR( '', #7580, 1000.00000000000 );
#6006 = CARTESIAN_POINT( '', ( -4.91078643762691, 0.725000000000000, -0.765000000000000 ) );
#6007 = CARTESIAN_POINT( '', ( -4.91078643762690, 0.725000000000000, 16.2366881514749 ) );
#6008 = VECTOR( '', #7581, 1000.00000000000 );
#6009 = CARTESIAN_POINT( '', ( -4.91078643762690, 3.05000000000000, -0.765000000000000 ) );
#6010 = VECTOR( '', #7582, 1000.00000000000 );
#6011 = CARTESIAN_POINT( '', ( -4.91078643762690, -4.95000000000000, -1.54500000000000 ) );
#6012 = CARTESIAN_POINT( '', ( -4.91078643762690, 3.05000000000000, -1.54500000000000 ) );
#6013 = VECTOR( '', #7583, 1000.00000000000 );
#6014 = CARTESIAN_POINT( '', ( -4.91078643762690, -4.95000000000000, -0.765000000000000 ) );
#6015 = CARTESIAN_POINT( '', ( -4.91078643762691, -4.95000000000000, -14.8166881514748 ) );
#6016 = VECTOR( '', #7584, 1000.00000000000 );
#6017 = CARTESIAN_POINT( '', ( -4.91078643762691, -1.42500000000000, -0.765000000000000 ) );
#6018 = CARTESIAN_POINT( '', ( -4.91078643762690, 3.05000000000000, -0.765000000000000 ) );
#6019 = VECTOR( '', #7585, 1000.00000000000 );
#6020 = CARTESIAN_POINT( '', ( -4.91078643762691, -1.42500000000000, 0.535000000000000 ) );
#6021 = CARTESIAN_POINT( '', ( -4.91078643762691, -1.42500000000000, 16.2366881514749 ) );
#6022 = VECTOR( '', #7586, 1000.00000000000 );
#6023 = CARTESIAN_POINT( '', ( -4.91078643762691, -3.53579208280703, 0.535000000000000 ) );
#6024 = CARTESIAN_POINT( '', ( -4.91078643762691, 3.05000000000000, 0.535000000000000 ) );
#6025 = VECTOR( '', #7587, 1000.00000000000 );
#6026 = CARTESIAN_POINT( '', ( -4.91078643762690, -3.53579208280703, -0.465000000000000 ) );
#6027 = CARTESIAN_POINT( '', ( -4.91078643762690, -3.53579208280703, -0.465000000000000 ) );
#6028 = VECTOR( '', #7588, 1000.00000000000 );
#6029 = CARTESIAN_POINT( '', ( -4.91078643762690, -3.53579208280703, -0.465000000000000 ) );
#6030 = VECTOR( '', #7589, 1000.00000000000 );
#6031 = COLOUR_RGB( '', 0.200000002980232, 0.200000002980232, 0.200000002980232 );
#6032 = CARTESIAN_POINT( '', ( -6.32500000000000, -3.53578643762691, 2.18500000000000 ) );
#6033 = CARTESIAN_POINT( '', ( -6.32500000000000, -3.53579208280703, 1.53500000000000 ) );
#6034 = CARTESIAN_POINT( '', ( -6.32500000000000, -3.53578643762691, -3.09778370676354E-016 ) );
#6035 = VECTOR( '', #7590, 1000.00000000000 );
#6036 = CARTESIAN_POINT( '', ( -4.91078643762689, -4.95000000000000, 1.53500000000000 ) );
#6037 = VECTOR( '', #7591, 1000.00000000000 );
#6038 = CARTESIAN_POINT( '', ( -4.91078643762691, -4.95000000000000, 2.18500000000000 ) );
#6039 = CARTESIAN_POINT( '', ( -4.91078643762691, -4.95000000000000, -14.8166881514748 ) );
#6040 = VECTOR( '', #7592, 1000.00000000000 );
#6041 = CARTESIAN_POINT( '', ( -4.91078643762691, -4.95000000000000, 2.18500000000000 ) );
#6042 = VECTOR( '', #7593, 1000.00000000000 );
#6043 = COLOUR_RGB( '', 0.200000002980232, 0.200000002980232, 0.200000002980232 );
#6044 = CARTESIAN_POINT( '', ( 1.27500000000000, -4.95000000000000, -0.955000000000000 ) );
#6045 = CARTESIAN_POINT( '', ( -1.27500000000000, -4.95000000000000, -0.955000000000000 ) );
#6046 = CARTESIAN_POINT( '', ( 1.27500000000000, -4.95000000000000, -0.955000000000000 ) );
#6047 = VECTOR( '', #7594, 1000.00000000000 );
#6048 = CARTESIAN_POINT( '', ( 1.27500000000000, 1.05000000000000, -0.955000000000000 ) );
#6049 = CARTESIAN_POINT( '', ( 1.27500000000000, 1.05000000000000, -0.955000000000000 ) );
#6050 = VECTOR( '', #7595, 1000.00000000000 );
#6051 = CARTESIAN_POINT( '', ( -1.27500000000000, 1.05000000000000, -0.955000000000000 ) );
#6052 = CARTESIAN_POINT( '', ( 1.27500000000000, 1.05000000000000, -0.955000000000000 ) );
#6053 = VECTOR( '', #7596, 1000.00000000000 );
#6054 = CARTESIAN_POINT( '', ( -1.27500000000000, 1.05000000000000, -0.955000000000000 ) );
#6055 = VECTOR( '', #7597, 1000.00000000000 );
#6056 = COLOUR_RGB( '', 0.200000002980232, 0.200000002980232, 0.200000002980232 );
#6057 = CARTESIAN_POINT( '', ( 0.320000000000000, 4.25000000000000, 1.51500000000000 ) );
#6058 = CARTESIAN_POINT( '', ( 0.320000000000000, 4.25000000000000, 2.18500000000000 ) );
#6059 = CARTESIAN_POINT( '', ( 0.320000000000000, 4.25000000000000, -14.8166881514749 ) );
#6060 = VECTOR( '', #7598, 1000.00000000000 );
#6061 = CARTESIAN_POINT( '', ( 0.550000000000000, 4.95000000000000, 2.18500000000000 ) );
#6062 = CARTESIAN_POINT( '', ( 0.320000000000000, 4.25000000000000, 2.18500000000000 ) );
#6063 = VECTOR( '', #7599, 1000.00000000000 );
#6064 = CARTESIAN_POINT( '', ( 0.550000000000000, 4.95000000000000, 1.51500000000000 ) );
#6065 = CARTESIAN_POINT( '', ( 0.550000000000000, 4.95000000000000, -14.8166881514749 ) );
#6066 = VECTOR( '', #7600, 1000.00000000000 );
#6067 = CARTESIAN_POINT( '', ( -0.751513728519095, 0.988871261028829, 1.51500000000000 ) );
#6068 = VECTOR( '', #7601, 1000.00000000000 );
#6069 = COLOUR_RGB( '', 0.200000002980232, 0.200000002980232, 0.200000002980232 );
#6070 = CARTESIAN_POINT( '', ( -0.320000000000000, 3.61000000000000, -3.46944695195362E-015 ) );
#6071 = CARTESIAN_POINT( '', ( -0.320000000000000, 1.05000000000000, -4.33680868994202E-015 ) );
#6072 = CARTESIAN_POINT( '', ( -0.320000000000000, 18.0516881514748, -4.33680868994202E-015 ) );
#6073 = VECTOR( '', #7602, 1000.00000000000 );
#6074 = CARTESIAN_POINT( '', ( 0.320000000000000, 1.05000000000000, -4.33680868994202E-015 ) );
#6075 = CARTESIAN_POINT( '', ( 0.320000000000000, 1.05000000000000, -4.28259858131774E-015 ) );
#6076 = VECTOR( '', #7603, 1000.00000000000 );
#6077 = CARTESIAN_POINT( '', ( 0.320000000000000, 3.61000000000000, -4.33680868994202E-015 ) );
#6078 = CARTESIAN_POINT( '', ( 0.320000000000000, 18.0516881514748, -4.33680868994202E-015 ) );
#6079 = VECTOR( '', #7604, 1000.00000000000 );
#6080 = CARTESIAN_POINT( '', ( 0.320000000000000, 3.61000000000000, -3.46944695195362E-015 ) );
#6081 = VECTOR( '', #7605, 1000.00000000000 );
#6082 = COLOUR_RGB( '', 0.200000002980232, 0.200000002980232, 0.200000002980232 );
#6083 = CARTESIAN_POINT( '', ( 2.45000000000000, 4.95000000000000, 1.51500000000000 ) );
#6084 = CARTESIAN_POINT( '', ( 2.45000000000000, 4.95000000000000, 2.18500000000000 ) );
#6085 = CARTESIAN_POINT( '', ( 2.45000000000000, 4.95000000000000, -14.8166881514749 ) );
#6086 = VECTOR( '', #7606, 1000.00000000000 );
#6087 = CARTESIAN_POINT( '', ( 2.68000000000000, 4.25000000000000, 2.18500000000000 ) );
#6088 = CARTESIAN_POINT( '', ( 2.68000000000000, 4.25000000000000, 2.18500000000000 ) );
#6089 = VECTOR( '', #7607, 1000.00000000000 );
#6090 = CARTESIAN_POINT( '', ( 2.68000000000000, 4.25000000000000, 1.51500000000000 ) );
#6091 = CARTESIAN_POINT( '', ( 2.68000000000000, 4.25000000000000, -14.8166881514749 ) );
#6092 = VECTOR( '', #7608, 1000.00000000000 );
#6093 = CARTESIAN_POINT( '', ( 1.37852863655734, 8.21099980178200, 1.51500000000000 ) );
#6094 = VECTOR( '', #7609, 1000.00000000000 );
#6095 = COLOUR_RGB( '', 0.699999988079071, 0.699999988079071, 0.699999988079071 );
#6096 = CARTESIAN_POINT( '', ( 0.220000000000000, -5.30000000000000, 0.220000000000000 ) );
#6097 = CARTESIAN_POINT( '', ( 0.320000000000000, -5.30000000000000, 0.220000000000000 ) );
#6098 = VECTOR( '', #7610, 1000.00000000000 );
#6099 = CARTESIAN_POINT( '', ( 0.220000000000000, -5.30000000000000, -0.220000000000000 ) );
#6100 = CARTESIAN_POINT( '', ( 0.320000000000000, -5.30000000000000, -0.220000000000000 ) );
#6101 = VECTOR( '', #7611, 1000.00000000000 );
#6102 = CARTESIAN_POINT( '', ( 0.220000000000000, -5.30000000000000, 0.320000000000000 ) );
#6103 = VECTOR( '', #7612, 1000.00000000000 );
#6104 = COLOUR_RGB( '', 0.699999988079071, 0.699999988079071, 0.699999988079071 );
#6105 = CARTESIAN_POINT( '', ( -0.320000000000000, 0.000000000000000, -1.07500000000000 ) );
#6106 = CARTESIAN_POINT( '', ( -0.320000000000000, 0.000000000000000, -0.320000000000000 ) );
#6107 = CARTESIAN_POINT( '', ( -0.320000000000000, 0.000000000000000, -1.07500000000000 ) );
#6108 = VECTOR( '', #7613, 1000.00000000000 );
#6109 = CARTESIAN_POINT( '', ( 0.320000000000000, 0.000000000000000, -1.07500000000000 ) );
#6110 = CARTESIAN_POINT( '', ( 0.320000000000000, 0.000000000000000, -1.07500000000000 ) );
#6111 = VECTOR( '', #7614, 1000.00000000000 );
#6112 = CARTESIAN_POINT( '', ( 0.320000000000000, 0.000000000000000, -0.320000000000000 ) );
#6113 = CARTESIAN_POINT( '', ( 0.320000000000000, 0.000000000000000, -1.07500000000000 ) );
#6114 = VECTOR( '', #7615, 1000.00000000000 );
#6115 = CARTESIAN_POINT( '', ( 0.320000000000000, 0.000000000000000, -0.320000000000000 ) );
#6116 = VECTOR( '', #7616, 1000.00000000000 );
#6117 = COLOUR_RGB( '', 0.699999988079071, 0.699999988079071, 0.699999988079071 );
#6118 = CARTESIAN_POINT( '', ( -0.320000000000000, 0.000000000000000, 0.320000000000000 ) );
#6119 = CARTESIAN_POINT( '', ( -0.320000000000000, 0.000000000000000, 1.07500000000000 ) );
#6120 = CARTESIAN_POINT( '', ( -0.320000000000000, 0.000000000000000, 0.320000000000000 ) );
#6121 = VECTOR( '', #7617, 1000.00000000000 );
#6122 = CARTESIAN_POINT( '', ( 0.320000000000000, 0.000000000000000, 0.320000000000000 ) );
#6123 = CARTESIAN_POINT( '', ( 0.320000000000000, 0.000000000000000, 0.320000000000000 ) );
#6124 = VECTOR( '', #7618, 1000.00000000000 );
#6125 = CARTESIAN_POINT( '', ( 0.320000000000000, 0.000000000000000, 1.07500000000000 ) );
#6126 = CARTESIAN_POINT( '', ( 0.320000000000000, 0.000000000000000, 0.320000000000000 ) );
#6127 = VECTOR( '', #7619, 1000.00000000000 );
#6128 = CARTESIAN_POINT( '', ( 0.320000000000000, 0.000000000000000, 1.07500000000000 ) );
#6129 = VECTOR( '', #7620, 1000.00000000000 );
#6130 = COLOUR_RGB( '', 0.699999988079071, 0.699999988079071, 0.699999988079071 );
#6131 = CARTESIAN_POINT( '', ( -0.320000000000000, 0.593097562292556, -1.07500000000000 ) );
#6132 = CARTESIAN_POINT( '', ( -0.320000000000000, 0.593097562292556, -1.07500000000000 ) );
#6133 = VECTOR( '', #7621, 1000.00000000000 );
#6134 = CARTESIAN_POINT( '', ( 0.320000000000000, 0.593097562292556, -1.07500000000000 ) );
#6135 = CARTESIAN_POINT( '', ( 0.320000000000000, 0.593097562292556, -1.07500000000000 ) );
#6136 = VECTOR( '', #7622, 1000.00000000000 );
#6137 = CARTESIAN_POINT( '', ( 0.320000000000000, 0.593097562292556, -1.07500000000000 ) );
#6138 = VECTOR( '', #7623, 1000.00000000000 );
#6139 = COLOUR_RGB( '', 0.699999988079071, 0.699999988079071, 0.699999988079071 );
#6140 = CARTESIAN_POINT( '', ( -0.320000000000000, 1.10303844778314, -0.537500000000000 ) );
#6141 = CARTESIAN_POINT( '', ( -0.320000000000000, 1.10303844778314, -0.857500000000000 ) );
#6142 = CARTESIAN_POINT( '', ( -0.320000000000000, 1.10303844778314, -0.537500000000000 ) );
#6143 = VECTOR( '', #7624, 1000.00000000000 );
#6144 = CARTESIAN_POINT( '', ( 0.320000000000000, 1.10303844778314, -0.537500000000000 ) );
#6145 = CARTESIAN_POINT( '', ( 0.320000000000000, 1.10303844778314, -0.537500000000000 ) );
#6146 = VECTOR( '', #7625, 1000.00000000000 );
#6147 = CARTESIAN_POINT( '', ( 0.320000000000000, 1.10303844778314, -0.857500000000000 ) );
#6148 = CARTESIAN_POINT( '', ( 0.320000000000000, 1.10303844778314, -0.537500000000000 ) );
#6149 = VECTOR( '', #7626, 1000.00000000000 );
#6150 = CARTESIAN_POINT( '', ( 0.320000000000000, 1.10303844778314, -0.857500000000000 ) );
#6151 = VECTOR( '', #7627, 1000.00000000000 );
#6152 = COLOUR_RGB( '', 0.200000002980232, 0.200000002980232, 0.200000002980232 );
#6153 = CARTESIAN_POINT( '', ( 3.32000000000000, 4.25000000000000, -1.08500000000000 ) );
#6154 = CARTESIAN_POINT( '', ( 5.02500000000000, 4.25000000000000, -1.08500000000000 ) );
#6155 = CARTESIAN_POINT( '', ( -10.6766881514749, 4.25000000000000, -1.08500000000000 ) );
#6156 = VECTOR( '', #7628, 1000.00000000000 );
#6157 = CARTESIAN_POINT( '', ( 3.32000000000000, 4.25000000000000, 1.51500000000000 ) );
#6158 = CARTESIAN_POINT( '', ( 3.32000000000000, 4.25000000000000, -14.8166881514749 ) );
#6159 = VECTOR( '', #7629, 1000.00000000000 );
#6160 = CARTESIAN_POINT( '', ( 5.02500000000000, 4.25000000000000, 1.51500000000000 ) );
#6161 = CARTESIAN_POINT( '', ( -10.6766881514749, 4.25000000000000, 1.51500000000000 ) );
#6162 = VECTOR( '', #7630, 1000.00000000000 );
#6163 = CARTESIAN_POINT( '', ( 5.02500000000000, 4.25000000000000, -14.8166881514748 ) );
#6164 = VECTOR( '', #7631, 1000.00000000000 );
#6165 = COLOUR_RGB( '', 0.200000002980232, 0.200000002980232, 0.200000002980232 );
#6166 = CARTESIAN_POINT( '', ( 6.32500000000000, 4.95000000000000, -1.08500000000000 ) );
#6167 = CARTESIAN_POINT( '', ( 6.32500000000000, 4.25000000000000, -1.08500000000000 ) );
#6168 = CARTESIAN_POINT( '', ( 6.32500000000000, 4.95000000000000, -1.08500000000000 ) );
#6169 = VECTOR( '', #7632, 1000.00000000000 );
#6170 = CARTESIAN_POINT( '', ( 6.32500000000000, 4.25000000000000, 1.51500000000000 ) );
#6171 = CARTESIAN_POINT( '', ( 6.32500000000000, 4.25000000000000, -1.08500000000000 ) );
#6172 = VECTOR( '', #7633, 1000.00000000000 );
#6173 = CARTESIAN_POINT( '', ( 6.32500000000000, 4.95000000000000, 1.51500000000000 ) );
#6174 = CARTESIAN_POINT( '', ( 6.32500000000000, 4.25000000000000, 1.51500000000000 ) );
#6175 = VECTOR( '', #7634, 1000.00000000000 );
#6176 = CARTESIAN_POINT( '', ( 6.32500000000000, 4.95000000000000, 2.18500000000000 ) );
#6177 = CARTESIAN_POINT( '', ( 6.32500000000000, 4.95000000000000, 2.18500000000000 ) );
#6178 = VECTOR( '', #7635, 1000.00000000000 );
#6179 = CARTESIAN_POINT( '', ( 6.32500000000000, -3.53578643762691, 2.18500000000000 ) );
#6180 = CARTESIAN_POINT( '', ( 6.32500000000000, -4.95000000000000, 2.18500000000000 ) );
#6181 = VECTOR( '', #7636, 1000.00000000000 );
#6182 = CARTESIAN_POINT( '', ( 6.32500000000000, -3.53579208280703, 1.53500000000000 ) );
#6183 = CARTESIAN_POINT( '', ( 6.32500000000000, -3.53578643762692, -3.09778370676354E-016 ) );
#6184 = VECTOR( '', #7637, 1000.00000000000 );
#6185 = CARTESIAN_POINT( '', ( 6.32500000000000, -3.53579208280703, -0.465000000000000 ) );
#6186 = CARTESIAN_POINT( '', ( 6.32500000000000, -3.53579208280703, 1.53500000000000 ) );
#6187 = VECTOR( '', #7638, 1000.00000000000 );
#6188 = CARTESIAN_POINT( '', ( 6.32500000000000, -3.53578643762692, -0.770786437626903 ) );
#6189 = CARTESIAN_POINT( '', ( 6.32500000000000, -3.53578643762692, -3.09778370676354E-016 ) );
#6190 = VECTOR( '', #7639, 1000.00000000000 );
#6191 = CARTESIAN_POINT( '', ( 6.32500000000000, 3.05000000000000, -0.770786437626903 ) );
#6192 = CARTESIAN_POINT( '', ( 6.32500000000000, 3.05000000000000, -0.770786437626903 ) );
#6193 = VECTOR( '', #7640, 1000.00000000000 );
#6194 = CARTESIAN_POINT( '', ( 6.32500000000000, 3.05000000000000, -2.18500000000000 ) );
#6195 = CARTESIAN_POINT( '', ( 6.32500000000000, 3.05000000000000, -2.18500000000000 ) );
#6196 = VECTOR( '', #7641, 1000.00000000000 );
#6197 = CARTESIAN_POINT( '', ( 6.32500000000000, 4.95000000000000, -2.18500000000000 ) );
#6198 = CARTESIAN_POINT( '', ( 6.32500000000000, 4.95000000000000, -2.18500000000000 ) );
#6199 = VECTOR( '', #7642, 1000.00000000000 );
#6200 = CARTESIAN_POINT( '', ( 6.32500000000000, 4.95000000000000, 2.18500000000000 ) );
#6201 = VECTOR( '', #7643, 1000.00000000000 );
#6202 = COLOUR_RGB( '', 0.200000002980232, 0.200000002980232, 0.200000002980232 );
#6203 = CARTESIAN_POINT( '', ( 5.42500000000000, 4.25000000000000, 1.51500000000000 ) );
#6204 = CARTESIAN_POINT( '', ( -10.6766881514749, 4.25000000000000, 1.51500000000000 ) );
#6205 = VECTOR( '', #7644, 1000.00000000000 );
#6206 = CARTESIAN_POINT( '', ( 5.42500000000000, 4.25000000000000, -1.08500000000000 ) );
#6207 = CARTESIAN_POINT( '', ( -10.6766881514749, 4.25000000000000, -1.08500000000000 ) );
#6208 = VECTOR( '', #7645, 1000.00000000000 );
#6209 = CARTESIAN_POINT( '', ( 5.42500000000000, 4.25000000000000, -14.8166881514748 ) );
#6210 = VECTOR( '', #7646, 1000.00000000000 );
#6211 = COLOUR_RGB( '', 0.200000002980232, 0.200000002980232, 0.200000002980232 );
#6212 = CARTESIAN_POINT( '', ( 6.32500000000000, 4.95000000000000, 2.18500000000000 ) );
#6213 = VECTOR( '', #7647, 1000.00000000000 );
#6214 = CARTESIAN_POINT( '', ( -10.6766881514749, 4.95000000000000, 1.51500000000000 ) );
#6215 = VECTOR( '', #7648, 1000.00000000000 );
#6216 = COLOUR_RGB( '', 0.200000002980232, 0.200000002980232, 0.200000002980232 );
#6217 = CARTESIAN_POINT( '', ( -6.32500000000000, 4.95000000000000, 1.51500000000000 ) );
#6218 = CARTESIAN_POINT( '', ( -5.42500000000000, 4.95000000000000, 1.51500000000000 ) );
#6219 = CARTESIAN_POINT( '', ( -10.6766881514749, 4.95000000000000, 1.51500000000000 ) );
#6220 = VECTOR( '', #7649, 1000.00000000000 );
#6221 = CARTESIAN_POINT( '', ( -5.42500000000000, 4.95000000000000, 1.51500000000000 ) );
#6222 = VECTOR( '', #7650, 1000.00000000000 );
#6223 = CARTESIAN_POINT( '', ( -6.32500000000000, -4.69304654661582E-016, 1.51500000000000 ) );
#6224 = VECTOR( '', #7651, 1000.00000000000 );
#6225 = COLOUR_RGB( '', 0.200000002980232, 0.200000002980232, 0.200000002980232 );
#6226 = CARTESIAN_POINT( '', ( -5.02500000000000, 0.725000000000000, 0.515000000000000 ) );
#6227 = CARTESIAN_POINT( '', ( -5.42500000000000, 0.725000000000000, 0.515000000000000 ) );
#6228 = CARTESIAN_POINT( '', ( -5.52499999999989, 0.725000000000000, 0.515000000000000 ) );
#6229 = VECTOR( '', #7652, 1000.00000000000 );
#6230 = CARTESIAN_POINT( '', ( -5.42500000000000, 0.725000000000000, 0.535000000000000 ) );
#6231 = CARTESIAN_POINT( '', ( -5.42500000000000, 0.725000000000000, 16.2366881514749 ) );
#6232 = VECTOR( '', #7653, 1000.00000000000 );
#6233 = CARTESIAN_POINT( '', ( -5.52500000000000, 0.725000000000000, 0.535000000000000 ) );
#6234 = CARTESIAN_POINT( '', ( -5.61078643762690, 0.725000000000000, 0.535000000000000 ) );
#6235 = VECTOR( '', #7654, 1000.00000000000 );
#6236 = CARTESIAN_POINT( '', ( -5.52500000000000, 0.725000000000000, -0.765000000000000 ) );
#6237 = CARTESIAN_POINT( '', ( -5.52500000000000, 0.725000000000000, 16.2366881514749 ) );
#6238 = VECTOR( '', #7655, 1000.00000000000 );
#6239 = CARTESIAN_POINT( '', ( -5.52500000000000, 0.725000000000000, -0.765000000000000 ) );
#6240 = VECTOR( '', #7656, 1000.00000000000 );
#6241 = CARTESIAN_POINT( '', ( -5.02500000000000, 0.725000000000000, 0.535000000000000 ) );
#6242 = CARTESIAN_POINT( '', ( -5.61078643762690, 0.725000000000000, 0.535000000000000 ) );
#6243 = VECTOR( '', #7657, 1000.00000000000 );
#6244 = CARTESIAN_POINT( '', ( -5.02500000000000, 0.725000000000000, 16.2366881514749 ) );
#6245 = VECTOR( '', #7658, 1000.00000000000 );
#6246 = COLOUR_RGB( '', 0.200000002980232, 0.200000002980232, 0.200000002980232 );
#6247 = CARTESIAN_POINT( '', ( -6.32500000000000, 4.95000000000000, -1.08500000000000 ) );
#6248 = CARTESIAN_POINT( '', ( -6.32500000000000, 4.95000000000000, 2.18500000000000 ) );
#6249 = VECTOR( '', #7659, 1000.00000000000 );
#6250 = CARTESIAN_POINT( '', ( -5.42500000000000, 4.95000000000000, -1.08500000000000 ) );
#6251 = CARTESIAN_POINT( '', ( -10.6766881514749, 4.95000000000000, -1.08500000000000 ) );
#6252 = VECTOR( '', #7660, 1000.00000000000 );
#6253 = CARTESIAN_POINT( '', ( -5.42500000000000, 4.95000000000000, -14.8166881514748 ) );
#6254 = VECTOR( '', #7661, 1000.00000000000 );
#6255 = COLOUR_RGB( '', 0.699999988079071, 0.699999988079071, 0.699999988079071 );
#6256 = CARTESIAN_POINT( '', ( 0.335000000000000, 0.635000000000000, -1.98000000000000 ) );
#6257 = CARTESIAN_POINT( '', ( 0.335000000000000, 0.635000000000000, -1.98000000000000 ) );
#6258 = VECTOR( '', #7662, 1000.00000000000 );
#6259 = CARTESIAN_POINT( '', ( 0.335000000000000, 0.635000000000000, -2.59000000000000 ) );
#6260 = CARTESIAN_POINT( '', ( 3.10500000000000, 0.635000000000000, -2.59000000000000 ) );
#6261 = VECTOR( '', #7663, 1000.00000000000 );
#6262 = CARTESIAN_POINT( '', ( -0.305000000000000, 0.635000000000000, -1.95000000000000 ) );
#6263 = AXIS2_PLACEMENT_3D( '', #7664, #7665, #7666 );
#6264 = CARTESIAN_POINT( '', ( 0.305000000000000, 0.635000000000000, -1.95000000000000 ) );
#6265 = CARTESIAN_POINT( '', ( -0.305000000000000, 0.635000000000000, -1.95000000000000 ) );
#6266 = VECTOR( '', #7667, 1000.00000000000 );
#6267 = AXIS2_PLACEMENT_3D( '', #7668, #7669, #7670 );
#6268 = COLOUR_RGB( '', 0.699999988079071, 0.699999988079071, 0.699999988079071 );
#6269 = CARTESIAN_POINT( '', ( -0.305000000000000, 0.788102228111296, 1.20000000000000 ) );
#6270 = CARTESIAN_POINT( '', ( -0.305000000000000, 1.07500000000000, 0.913102228111296 ) );
#6271 = AXIS2_PLACEMENT_3D( '', #7671, #7672, #7673 );
#6272 = CARTESIAN_POINT( '', ( 0.305000000000000, 0.788102228111296, 1.20000000000000 ) );
#6273 = CARTESIAN_POINT( '', ( 0.305000000000000, 0.788102228111296, 1.20000000000000 ) );
#6274 = VECTOR( '', #7674, 1000.00000000000 );
#6275 = CARTESIAN_POINT( '', ( 0.305000000000000, 1.07500000000000, 0.913102228111296 ) );
#6276 = AXIS2_PLACEMENT_3D( '', #7675, #7676, #7677 );
#6277 = CARTESIAN_POINT( '', ( 0.305000000000000, 1.07500000000000, 0.913102228111296 ) );
#6278 = VECTOR( '', #7678, 1000.00000000000 );
#6279 = COLOUR_RGB( '', 0.200000002980232, 0.200000002980232, 0.200000002980232 );
#6280 = CARTESIAN_POINT( '', ( 5.61078643762690, -3.53579208280703, 0.535000000000000 ) );
#6281 = CARTESIAN_POINT( '', ( 5.61078643762690, -3.53579208280703, 1.53500000000000 ) );
#6282 = CARTESIAN_POINT( '', ( 5.61078643762690, -3.53579208280703, 0.000000000000000 ) );
#6283 = VECTOR( '', #7679, 1000.00000000000 );
#6284 = CARTESIAN_POINT( '', ( 4.91078643762690, -3.53579208280703, 0.535000000000000 ) );
#6285 = CARTESIAN_POINT( '', ( -1.65728046365642E-016, -3.53579208280703, 0.535000000000000 ) );
#6286 = VECTOR( '', #7680, 1000.00000000000 );
#6287 = CARTESIAN_POINT( '', ( 4.91078643762690, -3.53579208280703, -0.465000000000000 ) );
#6288 = CARTESIAN_POINT( '', ( 4.91078643762690, -3.53579208280703, -0.465000000000000 ) );
#6289 = VECTOR( '', #7681, 1000.00000000000 );
#6290 = CARTESIAN_POINT( '', ( 6.32500000000000, -3.53579208280703, -0.465000000000000 ) );
#6291 = VECTOR( '', #7682, 1000.00000000000 );
#6292 = CARTESIAN_POINT( '', ( 4.91078643762690, -3.53579208280703, 1.53500000000000 ) );
#6293 = VECTOR( '', #7683, 1000.00000000000 );
#6294 = COLOUR_RGB( '', 0.200000002980232, 0.200000002980232, 0.200000002980232 );
#6295 = CARTESIAN_POINT( '', ( -1.10000000000000, 4.25000000000000, 1.51500000000000 ) );
#6296 = CARTESIAN_POINT( '', ( -0.320000000000000, 4.25000000000000, 1.51500000000000 ) );
#6297 = CARTESIAN_POINT( '', ( -10.6766881514749, 4.25000000000000, 1.51500000000000 ) );
#6298 = VECTOR( '', #7684, 1000.00000000000 );
#6299 = CARTESIAN_POINT( '', ( -0.320000000000000, 4.25000000000000, -1.08500000000000 ) );
#6300 = CARTESIAN_POINT( '', ( -0.320000000000000, 4.25000000000000, -14.8166881514749 ) );
#6301 = VECTOR( '', #7685, 1000.00000000000 );
#6302 = CARTESIAN_POINT( '', ( -1.10000000000000, 4.25000000000000, -1.08500000000000 ) );
#6303 = CARTESIAN_POINT( '', ( -10.6766881514749, 4.25000000000000, -1.08500000000000 ) );
#6304 = VECTOR( '', #7686, 1000.00000000000 );
#6305 = CARTESIAN_POINT( '', ( -1.10000000000000, 4.25000000000000, 1.51500000000000 ) );
#6306 = VECTOR( '', #7687, 1000.00000000000 );
#6307 = COLOUR_RGB( '', 0.200000002980232, 0.200000002980232, 0.200000002980232 );
#6308 = CARTESIAN_POINT( '', ( -1.27500000000000, 1.05000000000000, 1.59500000000000 ) );
#6309 = CARTESIAN_POINT( '', ( -1.27500000000000, 1.05000000000000, -0.955000000000000 ) );
#6310 = VECTOR( '', #7688, 1000.00000000000 );
#6311 = CARTESIAN_POINT( '', ( 1.27500000000000, 1.05000000000000, 1.59500000000000 ) );
#6312 = CARTESIAN_POINT( '', ( 1.27500000000000, 1.05000000000000, 1.59500000000000 ) );
#6313 = VECTOR( '', #7689, 1000.00000000000 );
#6314 = CARTESIAN_POINT( '', ( -1.27500000000000, 1.05000000000000, 1.59500000000000 ) );
#6315 = VECTOR( '', #7690, 1000.00000000000 );
#6316 = CARTESIAN_POINT( '', ( -0.320000000000000, 1.05000000000000, 0.640000000000000 ) );
#6317 = CARTESIAN_POINT( '', ( -0.320000000000000, 1.05000000000000, -4.44522890719057E-015 ) );
#6318 = VECTOR( '', #7691, 1000.00000000000 );
#6319 = CARTESIAN_POINT( '', ( 0.320000000000000, 1.05000000000000, 0.640000000000000 ) );
#6320 = CARTESIAN_POINT( '', ( -0.320000000000000, 1.05000000000000, 0.640000000000000 ) );
#6321 = VECTOR( '', #7692, 1000.00000000000 );
#6322 = CARTESIAN_POINT( '', ( 0.320000000000000, 1.05000000000000, 0.640000000000000 ) );
#6323 = VECTOR( '', #7693, 1000.00000000000 );
#6324 = COLOUR_RGB( '', 0.699999988079071, 0.699999988079071, 0.699999988079071 );
#6325 = CARTESIAN_POINT( '', ( -0.320000000000000, -5.30000000000000, -0.320000000000000 ) );
#6326 = VECTOR( '', #7694, 1000.00000000000 );
#6327 = CARTESIAN_POINT( '', ( -0.320000000000000, -5.30000000000000, 0.320000000000000 ) );
#6328 = VECTOR( '', #7695, 1000.00000000000 );
#6329 = CARTESIAN_POINT( '', ( -0.320000000000000, 1.23000000000000, 1.07500000000000 ) );
#6330 = CARTESIAN_POINT( '', ( -0.320000000000000, 0.000000000000000, 1.07500000000000 ) );
#6331 = VECTOR( '', #7696, 1000.00000000000 );
#6332 = CARTESIAN_POINT( '', ( -0.320000000000000, 1.10303844778314, 0.855677434982952 ) );
#6333 = CARTESIAN_POINT( '', ( -0.320000000000000, 1.10303844778314, 0.855677434982952 ) );
#6334 = VECTOR( '', #7697, 1000.00000000000 );
#6335 = CARTESIAN_POINT( '', ( -0.320000000000000, 1.10303844778314, 0.539322565017053 ) );
#6336 = CARTESIAN_POINT( '', ( -0.320000000000000, 1.10303844778314, 0.855677434982952 ) );
#6337 = VECTOR( '', #7698, 1000.00000000000 );
#6338 = CARTESIAN_POINT( '', ( -0.320000000000000, 1.23309756229256, 0.320000000000000 ) );
#6339 = CARTESIAN_POINT( '', ( -0.320000000000000, 1.10303844778314, 0.539322565017053 ) );
#6340 = VECTOR( '', #7699, 1000.00000000000 );
#6341 = CARTESIAN_POINT( '', ( -0.320000000000000, 1.23309756229256, -0.320000000000000 ) );
#6342 = CARTESIAN_POINT( '', ( -0.320000000000000, 1.23309756229256, 0.320000000000000 ) );
#6343 = VECTOR( '', #7700, 1000.00000000000 );
#6344 = CARTESIAN_POINT( '', ( -0.320000000000000, 1.10303844778314, -0.537500000000000 ) );
#6345 = VECTOR( '', #7701, 1000.00000000000 );
#6346 = CARTESIAN_POINT( '', ( -0.320000000000000, 1.23309756229255, -1.07500000000000 ) );
#6347 = CARTESIAN_POINT( '', ( -0.320000000000000, 1.10303844778314, -0.857500000000000 ) );
#6348 = VECTOR( '', #7702, 1000.00000000000 );
#6349 = CARTESIAN_POINT( '', ( -0.320000000000000, 1.23309756229256, -1.93500000000000 ) );
#6350 = CARTESIAN_POINT( '', ( -0.320000000000000, 1.23309756229256, -1.93500000000000 ) );
#6351 = VECTOR( '', #7703, 1000.00000000000 );
#6352 = CARTESIAN_POINT( '', ( -0.320000000000000, 2.79309756229256, -1.93500000000000 ) );
#6353 = CARTESIAN_POINT( '', ( -0.320000000000000, 2.79309756229256, -1.93500000000000 ) );
#6354 = VECTOR( '', #7704, 1000.00000000000 );
#6355 = CARTESIAN_POINT( '', ( -0.320000000000000, 2.79309756229256, -2.57500000000000 ) );
#6356 = CARTESIAN_POINT( '', ( -0.320000000000000, 2.79309756229256, -2.57500000000000 ) );
#6357 = VECTOR( '', #7705, 1000.00000000000 );
#6358 = CARTESIAN_POINT( '', ( -0.320000000000000, 0.593097562292556, -2.57500000000000 ) );
#6359 = CARTESIAN_POINT( '', ( -0.320000000000000, 0.593097562292556, -2.57500000000000 ) );
#6360 = VECTOR( '', #7706, 1000.00000000000 );
#6361 = CARTESIAN_POINT( '', ( -0.320000000000000, 0.593097562292556, -2.57500000000000 ) );
#6362 = VECTOR( '', #7707, 1000.00000000000 );
#6363 = COLOUR_RGB( '', 0.200000002980232, 0.200000002980232, 0.200000002980232 );
#6364 = CARTESIAN_POINT( '', ( -1.72500000000000, -4.95000000000000, -0.955000000000000 ) );
#6365 = CARTESIAN_POINT( '', ( -4.27500000000000, -4.95000000000000, -0.955000000000000 ) );
#6366 = CARTESIAN_POINT( '', ( -1.72500000000000, -4.95000000000000, -0.955000000000000 ) );
#6367 = VECTOR( '', #7708, 1000.00000000000 );
#6368 = CARTESIAN_POINT( '', ( -1.72500000000000, 1.05000000000000, -0.955000000000000 ) );
#6369 = VECTOR( '', #7709, 1000.00000000000 );
#6370 = CARTESIAN_POINT( '', ( -4.27500000000000, 1.05000000000000, -0.955000000000000 ) );
#6371 = VECTOR( '', #7710, 1000.00000000000 );
#6372 = COLOUR_RGB( '', 0.200000002980232, 0.200000002980232, 0.200000002980232 );
#6373 = CARTESIAN_POINT( '', ( 3.32000000000000, 3.61000000000000, 0.640000000000000 ) );
#6374 = CARTESIAN_POINT( '', ( 3.32000000000000, 1.05000000000000, 0.640000000000000 ) );
#6375 = CARTESIAN_POINT( '', ( 3.32000000000000, 18.0516881514748, 0.640000000000000 ) );
#6376 = VECTOR( '', #7711, 1000.00000000000 );
#6377 = CARTESIAN_POINT( '', ( 2.68000000000000, 1.05000000000000, 0.640000000000000 ) );
#6378 = CARTESIAN_POINT( '', ( 2.68000000000000, 1.05000000000000, 0.640000000000000 ) );
#6379 = VECTOR( '', #7712, 1000.00000000000 );
#6380 = CARTESIAN_POINT( '', ( 2.68000000000000, 3.61000000000000, 0.640000000000000 ) );
#6381 = CARTESIAN_POINT( '', ( 2.68000000000000, 18.0516881514748, 0.640000000000000 ) );
#6382 = VECTOR( '', #7713, 1000.00000000000 );
#6383 = CARTESIAN_POINT( '', ( 3.32000000000000, 3.61000000000000, 0.640000000000000 ) );
#6384 = VECTOR( '', #7714, 1000.00000000000 );
#6385 = COLOUR_RGB( '', 0.200000002980232, 0.200000002980232, 0.200000002980232 );
#6386 = CARTESIAN_POINT( '', ( 3.00000000000000, -3.25000000000000, -2.18500000000000 ) );
#6387 = CARTESIAN_POINT( '', ( 2.10000000000000, -3.25000000000000, -2.18500000000000 ) );
#6388 = CARTESIAN_POINT( '', ( 3.00000000000000, -3.25000000000000, -2.18500000000000 ) );
#6389 = VECTOR( '', #7715, 1000.00000000000 );
#6390 = CARTESIAN_POINT( '', ( 3.00000000000000, -3.25000000000000, -1.54500000000000 ) );
#6391 = CARTESIAN_POINT( '', ( 3.00000000000000, -3.25000000000000, -1.54500000000000 ) );
#6392 = VECTOR( '', #7716, 1000.00000000000 );
#6393 = CARTESIAN_POINT( '', ( 2.10000000000000, -3.25000000000000, -1.54500000000000 ) );
#6394 = CARTESIAN_POINT( '', ( 3.00000000000000, -3.25000000000000, -1.54500000000000 ) );
#6395 = VECTOR( '', #7717, 1000.00000000000 );
#6396 = CARTESIAN_POINT( '', ( 2.10000000000000, -3.25000000000000, -1.54500000000000 ) );
#6397 = VECTOR( '', #7718, 1000.00000000000 );
#6398 = COLOUR_RGB( '', 0.200000002980232, 0.200000002980232, 0.200000002980232 );
#6399 = CARTESIAN_POINT( '', ( -1.27500000000000, -4.95000000000000, 1.59500000000000 ) );
#6400 = CARTESIAN_POINT( '', ( 1.27500000000000, -4.95000000000000, 1.59500000000000 ) );
#6401 = CARTESIAN_POINT( '', ( -1.27500000000000, -4.95000000000000, 1.59500000000000 ) );
#6402 = VECTOR( '', #7719, 1000.00000000000 );
#6403 = CARTESIAN_POINT( '', ( -1.27500000000000, 1.05000000000000, 1.59500000000000 ) );
#6404 = VECTOR( '', #7720, 1000.00000000000 );
#6405 = CARTESIAN_POINT( '', ( 1.27500000000000, 1.05000000000000, 1.59500000000000 ) );
#6406 = VECTOR( '', #7721, 1000.00000000000 );
#6407 = COLOUR_RGB( '', 0.699999988079071, 0.699999988079071, 0.699999988079071 );
#6408 = CARTESIAN_POINT( '', ( 0.320000000000000, -4.60000000000000, 0.320000000000000 ) );
#6409 = CARTESIAN_POINT( '', ( 0.221960784313726, -5.28627450980392, 0.221960784313724 ) );
#6410 = VECTOR( '', #7722, 1000.00000000000 );
#6411 = CARTESIAN_POINT( '', ( 0.320000000000000, -4.60000000000000, 0.320000000000000 ) );
#6412 = VECTOR( '', #7723, 1000.00000000000 );
#6413 = COLOUR_RGB( '', 0.200000002980232, 0.200000002980232, 0.200000002980232 );
#6414 = CARTESIAN_POINT( '', ( -1.30000000000000, -4.15000000000000, 2.18500000000000 ) );
#6415 = CARTESIAN_POINT( '', ( -1.30000000000000, -2.95000000000000, 3.38500000000000 ) );
#6416 = CARTESIAN_POINT( '', ( -1.30000000000000, -4.15000000000000, 2.18500000000000 ) );
#6417 = VECTOR( '', #7724, 1000.00000000000 );
#6418 = CARTESIAN_POINT( '', ( 1.30000000000000, -4.15000000000000, 2.18500000000000 ) );
#6419 = CARTESIAN_POINT( '', ( 1.30000000000000, -4.15000000000000, 2.18500000000000 ) );
#6420 = VECTOR( '', #7725, 1000.00000000000 );
#6421 = CARTESIAN_POINT( '', ( 1.30000000000000, -2.95000000000000, 3.38500000000000 ) );
#6422 = CARTESIAN_POINT( '', ( 1.30000000000000, -4.15000000000000, 2.18500000000000 ) );
#6423 = VECTOR( '', #7726, 1000.00000000000 );
#6424 = CARTESIAN_POINT( '', ( 1.30000000000000, -2.95000000000000, 3.38500000000000 ) );
#6425 = VECTOR( '', #7727, 1000.00000000000 );
#6426 = COLOUR_RGB( '', 0.200000002980232, 0.200000002980232, 0.200000002980232 );
#6427 = CARTESIAN_POINT( '', ( -1.27500000000000, -4.95000000000000, -0.955000000000000 ) );
#6428 = VECTOR( '', #7728, 1000.00000000000 );
#6429 = CARTESIAN_POINT( '', ( 1.27500000000000, -4.95000000000000, 1.59500000000000 ) );
#6430 = VECTOR( '', #7729, 1000.00000000000 );
#6431 = CARTESIAN_POINT( '', ( 4.91078643762691, -4.95000000000000, -1.54500000000000 ) );
#6432 = CARTESIAN_POINT( '', ( 4.91078643762691, -4.95000000000000, -1.54500000000000 ) );
#6433 = VECTOR( '', #7730, 1000.00000000000 );
#6434 = CARTESIAN_POINT( '', ( 4.91078643762690, -4.95000000000000, -0.765000000000000 ) );
#6435 = CARTESIAN_POINT( '', ( 4.91078643762691, -4.95000000000000, -14.8166881514748 ) );
#6436 = VECTOR( '', #7731, 1000.00000000000 );
#6437 = CARTESIAN_POINT( '', ( 4.91078643762690, -4.95000000000000, -0.465000000000000 ) );
#6438 = CARTESIAN_POINT( '', ( 4.91078643762691, -4.95000000000000, -14.8166881514748 ) );
#6439 = VECTOR( '', #7732, 1000.00000000000 );
#6440 = CARTESIAN_POINT( '', ( 4.91078643762691, -4.95000000000000, 1.53500000000000 ) );
#6441 = CARTESIAN_POINT( '', ( 4.91078643762690, -4.95000000000000, -0.465000000000000 ) );
#6442 = VECTOR( '', #7733, 1000.00000000000 );
#6443 = CARTESIAN_POINT( '', ( 4.91078643762691, -4.95000000000000, 2.18500000000000 ) );
#6444 = CARTESIAN_POINT( '', ( 4.91078643762691, -4.95000000000000, -14.8166881514748 ) );
#6445 = VECTOR( '', #7734, 1000.00000000000 );
#6446 = CARTESIAN_POINT( '', ( 6.32500000000000, -4.95000000000000, 2.18500000000000 ) );
#6447 = VECTOR( '', #7735, 1000.00000000000 );
#6448 = CARTESIAN_POINT( '', ( -4.91078643762691, -4.95000000000000, -14.8166881514748 ) );
#6449 = VECTOR( '', #7736, 1000.00000000000 );
#6450 = CARTESIAN_POINT( '', ( -4.27500000000000, -4.95000000000000, -0.955000000000000 ) );
#6451 = VECTOR( '', #7737, 1000.00000000000 );
#6452 = CARTESIAN_POINT( '', ( -1.72500000000000, -4.95000000000000, 1.59500000000000 ) );
#6453 = VECTOR( '', #7738, 1000.00000000000 );
#6454 = CARTESIAN_POINT( '', ( 1.72500000000000, -4.95000000000000, 1.59500000000000 ) );
#6455 = CARTESIAN_POINT( '', ( 1.72500000000000, -4.95000000000000, -0.955000000000000 ) );
#6456 = VECTOR( '', #7739, 1000.00000000000 );
#6457 = CARTESIAN_POINT( '', ( 4.27500000000000, -4.95000000000000, 1.59500000000000 ) );
#6458 = CARTESIAN_POINT( '', ( 1.72500000000000, -4.95000000000000, 1.59500000000000 ) );
#6459 = VECTOR( '', #7740, 1000.00000000000 );
#6460 = CARTESIAN_POINT( '', ( 4.27500000000000, -4.95000000000000, 1.59500000000000 ) );
#6461 = VECTOR( '', #7741, 1000.00000000000 );
#6462 = COLOUR_RGB( '', 0.200000002980232, 0.200000002980232, 0.200000002980232 );
#6463 = CARTESIAN_POINT( '', ( 5.42500000000000, 4.95000000000000, 1.51500000000000 ) );
#6464 = CARTESIAN_POINT( '', ( -10.6766881514749, 4.95000000000000, 1.51500000000000 ) );
#6465 = VECTOR( '', #7742, 1000.00000000000 );
#6466 = CARTESIAN_POINT( '', ( 5.42500000000000, 4.95000000000000, 2.18500000000000 ) );
#6467 = CARTESIAN_POINT( '', ( 5.42500000000000, 4.95000000000000, 2.18500000000000 ) );
#6468 = VECTOR( '', #7743, 1000.00000000000 );
#6469 = CARTESIAN_POINT( '', ( 6.32500000000000, 4.95000000000000, 2.18500000000000 ) );
#6470 = VECTOR( '', #7744, 1000.00000000000 );
#6471 = COLOUR_RGB( '', 0.200000002980232, 0.200000002980232, 0.200000002980232 );
#6472 = CARTESIAN_POINT( '', ( 1.72500000000000, 1.05000000000000, 1.59500000000000 ) );
#6473 = CARTESIAN_POINT( '', ( 1.72500000000000, 1.05000000000000, -0.955000000000000 ) );
#6474 = VECTOR( '', #7745, 1000.00000000000 );
#6475 = CARTESIAN_POINT( '', ( 4.27500000000000, 1.05000000000000, 1.59500000000000 ) );
#6476 = CARTESIAN_POINT( '', ( 4.27500000000000, 1.05000000000000, 1.59500000000000 ) );
#6477 = VECTOR( '', #7746, 1000.00000000000 );
#6478 = CARTESIAN_POINT( '', ( 1.72500000000000, 1.05000000000000, 1.59500000000000 ) );
#6479 = VECTOR( '', #7747, 1000.00000000000 );
#6480 = CARTESIAN_POINT( '', ( 2.68000000000000, 1.05000000000000, -4.33680868994202E-015 ) );
#6481 = CARTESIAN_POINT( '', ( 2.68000000000000, 1.05000000000000, -4.44522890719057E-015 ) );
#6482 = VECTOR( '', #7748, 1000.00000000000 );
#6483 = CARTESIAN_POINT( '', ( 3.32000000000000, 1.05000000000000, -4.33680868994202E-015 ) );
#6484 = CARTESIAN_POINT( '', ( 3.32000000000000, 1.05000000000000, 0.640000000000000 ) );
#6485 = VECTOR( '', #7749, 1000.00000000000 );
#6486 = CARTESIAN_POINT( '', ( 3.32000000000000, 1.05000000000000, -4.28259858131774E-015 ) );
#6487 = VECTOR( '', #7750, 1000.00000000000 );
#6488 = COLOUR_RGB( '', 0.200000002980232, 0.200000002980232, 0.200000002980232 );
#6489 = COLOUR_RGB( '', 0.200000002980232, 0.200000002980232, 0.200000002980232 );
#6490 = CARTESIAN_POINT( '', ( 5.42500000000000, 3.05000000000000, 1.51500000000000 ) );
#6491 = CARTESIAN_POINT( '', ( 5.02500000000000, 3.05000000000000, 1.51500000000000 ) );
#6492 = CARTESIAN_POINT( '', ( -8.21283145657772E-016, 3.05000000000000, 1.51500000000000 ) );
#6493 = VECTOR( '', #7751, 1000.00000000000 );
#6494 = CARTESIAN_POINT( '', ( 5.02500000000000, 3.45000000000000, 1.51500000000000 ) );
#6495 = CARTESIAN_POINT( '', ( 5.02500000000000, -13.5516881514749, 1.51500000000000 ) );
#6496 = VECTOR( '', #7752, 1000.00000000000 );
#6497 = CARTESIAN_POINT( '', ( 5.42500000000000, 3.45000000000000, 1.51500000000000 ) );
#6498 = CARTESIAN_POINT( '', ( 5.42500000000000, 3.45000000000000, 1.51500000000000 ) );
#6499 = VECTOR( '', #7753, 1000.00000000000 );
#6500 = CARTESIAN_POINT( '', ( 5.42500000000000, -13.5516881514749, 1.51500000000000 ) );
#6501 = VECTOR( '', #7754, 1000.00000000000 );
#6502 = COLOUR_RGB( '', 0.699999988079071, 0.699999988079071, 0.699999988079071 );
#6503 = CARTESIAN_POINT( '', ( 0.320000000000000, -4.60000000000000, -0.320000000000000 ) );
#6504 = CARTESIAN_POINT( '', ( 0.320000000000000, -5.30000000000000, -0.320000000000000 ) );
#6505 = VECTOR( '', #7755, 1000.00000000000 );
#6506 = CARTESIAN_POINT( '', ( 0.320000000000000, -4.60000000000000, -0.320000000000000 ) );
#6507 = VECTOR( '', #7756, 1000.00000000000 );
#6508 = COLOUR_RGB( '', 0.200000002980232, 0.200000002980232, 0.200000002980232 );
#6509 = CARTESIAN_POINT( '', ( 3.32000000000000, 4.25000000000000, 2.18500000000000 ) );
#6510 = CARTESIAN_POINT( '', ( 3.32000000000000, 4.25000000000000, -14.8166881514749 ) );
#6511 = VECTOR( '', #7757, 1000.00000000000 );
#6512 = CARTESIAN_POINT( '', ( 3.55000000000000, 4.95000000000000, 2.18500000000000 ) );
#6513 = CARTESIAN_POINT( '', ( 3.32000000000000, 4.25000000000000, 2.18500000000000 ) );
#6514 = VECTOR( '', #7758, 1000.00000000000 );
#6515 = CARTESIAN_POINT( '', ( 3.55000000000000, 4.95000000000000, 1.51500000000000 ) );
#6516 = CARTESIAN_POINT( '', ( 3.55000000000000, 4.95000000000000, -14.8166881514749 ) );
#6517 = VECTOR( '', #7759, 1000.00000000000 );
#6518 = CARTESIAN_POINT( '', ( 1.95616724403570, 0.0992046557608262, 1.51500000000000 ) );
#6519 = VECTOR( '', #7760, 1000.00000000000 );
#6520 = COLOUR_RGB( '', 0.699999988079071, 0.699999988079071, 0.699999988079071 );
#6521 = CARTESIAN_POINT( '', ( 0.320000000000000, 1.10303844778314, 0.539322565017053 ) );
#6522 = CARTESIAN_POINT( '', ( 0.320000000000000, 1.10303844778314, 0.539322565017053 ) );
#6523 = VECTOR( '', #7761, 1000.00000000000 );
#6524 = CARTESIAN_POINT( '', ( 0.320000000000000, 1.23309756229256, 0.320000000000000 ) );
#6525 = CARTESIAN_POINT( '', ( 0.320000000000000, 1.10303844778314, 0.539322565017053 ) );
#6526 = VECTOR( '', #7762, 1000.00000000000 );
#6527 = CARTESIAN_POINT( '', ( 0.320000000000000, 1.23309756229256, 0.320000000000000 ) );
#6528 = VECTOR( '', #7763, 1000.00000000000 );
#6529 = COLOUR_RGB( '', 0.699999988079071, 0.699999988079071, 0.699999988079071 );
#6530 = CARTESIAN_POINT( '', ( 0.320000000000000, 1.10303844778314, 0.855677434982952 ) );
#6531 = CARTESIAN_POINT( '', ( 0.320000000000000, 1.10303844778314, 0.855677434982952 ) );
#6532 = VECTOR( '', #7764, 1000.00000000000 );
#6533 = CARTESIAN_POINT( '', ( 0.320000000000000, 1.10303844778314, 0.855677434982952 ) );
#6534 = VECTOR( '', #7765, 1000.00000000000 );
#6535 = COLOUR_RGB( '', 0.200000002980232, 0.200000002980232, 0.200000002980232 );
#6536 = CARTESIAN_POINT( '', ( 5.02500000000000, 4.95000000000000, 1.51500000000000 ) );
#6537 = CARTESIAN_POINT( '', ( -10.6766881514749, 4.95000000000000, 1.51500000000000 ) );
#6538 = VECTOR( '', #7766, 1000.00000000000 );
#6539 = CARTESIAN_POINT( '', ( 5.02500000000000, 4.95000000000000, 2.18500000000000 ) );
#6540 = CARTESIAN_POINT( '', ( 6.32500000000000, 4.95000000000000, 2.18500000000000 ) );
#6541 = VECTOR( '', #7767, 1000.00000000000 );
#6542 = CARTESIAN_POINT( '', ( 5.02500000000000, 4.95000000000000, 2.18500000000000 ) );
#6543 = VECTOR( '', #7768, 1000.00000000000 );
#6544 = COLOUR_RGB( '', 0.200000002980232, 0.200000002980232, 0.200000002980232 );
#6545 = CARTESIAN_POINT( '', ( -5.02500000000000, 3.45000000000000, 0.515000000000000 ) );
#6546 = CARTESIAN_POINT( '', ( -5.02500000000000, -13.5516881514749, 0.515000000000000 ) );
#6547 = VECTOR( '', #7769, 1000.00000000000 );
#6548 = CARTESIAN_POINT( '', ( -5.42500000000000, 3.45000000000000, 0.515000000000000 ) );
#6549 = CARTESIAN_POINT( '', ( -5.02500000000000, 3.45000000000000, 0.515000000000000 ) );
#6550 = VECTOR( '', #7770, 1000.00000000000 );
#6551 = CARTESIAN_POINT( '', ( -5.42500000000000, -13.5516881514749, 0.515000000000000 ) );
#6552 = VECTOR( '', #7771, 1000.00000000000 );
#6553 = COLOUR_RGB( '', 0.200000002980232, 0.200000002980232, 0.200000002980232 );
#6554 = CARTESIAN_POINT( '', ( 5.52500000000000, -4.33578643762691, -1.54500000000000 ) );
#6555 = CARTESIAN_POINT( '', ( 5.52500000000000, 3.05000000000000, -1.54500000000000 ) );
#6556 = CARTESIAN_POINT( '', ( 5.52500000000000, 3.05000000000000, -1.54500000000000 ) );
#6557 = VECTOR( '', #7772, 1000.00000000000 );
#6558 = CARTESIAN_POINT( '', ( 5.52500000000000, -4.33578643762691, -0.765000000000000 ) );
#6559 = CARTESIAN_POINT( '', ( 5.52500000000000, -4.33578643762691, -14.8166881514748 ) );
#6560 = VECTOR( '', #7773, 1000.00000000000 );
#6561 = CARTESIAN_POINT( '', ( 5.52500000000000, -1.42500000000000, -0.765000000000000 ) );
#6562 = CARTESIAN_POINT( '', ( 5.52500000000000, 3.05000000000000, -0.765000000000000 ) );
#6563 = VECTOR( '', #7774, 1000.00000000000 );
#6564 = CARTESIAN_POINT( '', ( 5.52500000000000, -1.42500000000000, 0.535000000000000 ) );
#6565 = CARTESIAN_POINT( '', ( 5.52500000000000, -1.42500000000000, 16.2366881514749 ) );
#6566 = VECTOR( '', #7775, 1000.00000000000 );
#6567 = CARTESIAN_POINT( '', ( 5.52500000000000, 0.724999999999987, 0.535000000000000 ) );
#6568 = CARTESIAN_POINT( '', ( 5.52500000000000, 3.05000000000000, 0.535000000000000 ) );
#6569 = VECTOR( '', #7776, 1000.00000000000 );
#6570 = CARTESIAN_POINT( '', ( 5.52500000000000, 0.724999999999987, -0.765000000000000 ) );
#6571 = CARTESIAN_POINT( '', ( 5.52500000000000, 0.724999999999987, 16.2366881514749 ) );
#6572 = VECTOR( '', #7777, 1000.00000000000 );
#6573 = CARTESIAN_POINT( '', ( 5.52500000000000, 3.05000000000000, -0.765000000000000 ) );
#6574 = CARTESIAN_POINT( '', ( 5.52500000000000, 3.05000000000000, -0.765000000000000 ) );
#6575 = VECTOR( '', #7778, 1000.00000000000 );
#6576 = CARTESIAN_POINT( '', ( 5.52500000000000, 3.05000000000000, -0.765000000000000 ) );
#6577 = VECTOR( '', #7779, 1000.00000000000 );
#6578 = COLOUR_RGB( '', 0.699999988079071, 0.699999988079071, 0.699999988079071 );
#6579 = CARTESIAN_POINT( '', ( 0.305000000000000, 0.400000000000000, -0.800000000000000 ) );
#6580 = AXIS2_PLACEMENT_3D( '', #7780, #7781, #7782 );
#6581 = CARTESIAN_POINT( '', ( 0.305000000000000, -1.07500000000000, 0.913102228111296 ) );
#6582 = CARTESIAN_POINT( '', ( 0.305000000000000, -0.788102228111300, 1.20000000000000 ) );
#6583 = AXIS2_PLACEMENT_3D( '', #7783, #7784, #7785 );
#6584 = CARTESIAN_POINT( '', ( 0.305000000000000, -1.07500000000000, -1.20000000000000 ) );
#6585 = CARTESIAN_POINT( '', ( 0.305000000000000, -1.07500000000000, 0.913102228111296 ) );
#6586 = VECTOR( '', #7786, 1000.00000000000 );
#6587 = CARTESIAN_POINT( '', ( 0.305000000000000, -1.92500000000000, -1.95000000000000 ) );
#6588 = CARTESIAN_POINT( '', ( 0.305000000000000, -1.07500000000000, -1.20000000000000 ) );
#6589 = VECTOR( '', #7787, 1000.00000000000 );
#6590 = CARTESIAN_POINT( '', ( 0.305000000000000, -0.635000000000000, -1.95000000000000 ) );
#6591 = CARTESIAN_POINT( '', ( 0.305000000000000, 1.92500000000000, -1.95000000000000 ) );
#6592 = VECTOR( '', #7788, 1000.00000000000 );
#6593 = CARTESIAN_POINT( '', ( 0.305000000000000, -0.635000000000000, -1.95000000000000 ) );
#6594 = VECTOR( '', #7789, 1000.00000000000 );
#6595 = CARTESIAN_POINT( '', ( 0.305000000000000, 1.92500000000000, -1.95000000000000 ) );
#6596 = CARTESIAN_POINT( '', ( 0.305000000000000, 1.92500000000000, -1.95000000000000 ) );
#6597 = VECTOR( '', #7790, 1000.00000000000 );
#6598 = CARTESIAN_POINT( '', ( 0.305000000000000, 1.07500000000000, -1.20000000000000 ) );
#6599 = CARTESIAN_POINT( '', ( 0.305000000000000, 1.07500000000000, -1.20000000000000 ) );
#6600 = VECTOR( '', #7791, 1000.00000000000 );
#6601 = CARTESIAN_POINT( '', ( 0.305000000000000, 1.07500000000000, 0.913102228111296 ) );
#6602 = VECTOR( '', #7792, 1000.00000000000 );
#6603 = CARTESIAN_POINT( '', ( 0.305000000000000, -0.788102228111300, 1.20000000000000 ) );
#6604 = VECTOR( '', #7793, 1000.00000000000 );
#6605 = COLOUR_RGB( '', 0.200000002980232, 0.200000002980232, 0.200000002980232 );
#6606 = CARTESIAN_POINT( '', ( 5.42500000000000, 3.05000000000000, -2.18500000000000 ) );
#6607 = CARTESIAN_POINT( '', ( 6.32500000000000, 3.05000000000000, -2.18500000000000 ) );
#6608 = VECTOR( '', #7794, 1000.00000000000 );
#6609 = CARTESIAN_POINT( '', ( 5.42500000000000, 4.95000000000000, -2.18500000000000 ) );
#6610 = CARTESIAN_POINT( '', ( 5.42500000000000, 4.95000000000000, -2.18500000000000 ) );
#6611 = VECTOR( '', #7795, 1000.00000000000 );
#6612 = CARTESIAN_POINT( '', ( 6.32500000000000, 4.95000000000000, -2.18500000000000 ) );
#6613 = VECTOR( '', #7796, 1000.00000000000 );
#6614 = COLOUR_RGB( '', 0.699999988079071, 0.699999988079071, 0.699999988079071 );
#6615 = CARTESIAN_POINT( '', ( -0.305000000000000, 0.400000000000000, -0.800000000000000 ) );
#6616 = AXIS2_PLACEMENT_3D( '', #7797, #7798, #7799 );
#6617 = CARTESIAN_POINT( '', ( -0.305000000000000, -1.07500000000000, 0.913102228111296 ) );
#6618 = CARTESIAN_POINT( '', ( -0.305000000000000, -0.788102228111300, 1.20000000000000 ) );
#6619 = AXIS2_PLACEMENT_3D( '', #7800, #7801, #7802 );
#6620 = CARTESIAN_POINT( '', ( -0.305000000000000, -0.788102228111300, 1.20000000000000 ) );
#6621 = VECTOR( '', #7803, 1000.00000000000 );
#6622 = CARTESIAN_POINT( '', ( -0.305000000000000, 1.07500000000000, -1.20000000000000 ) );
#6623 = CARTESIAN_POINT( '', ( -0.305000000000000, 1.07500000000000, 0.913102228111296 ) );
#6624 = VECTOR( '', #7804, 1000.00000000000 );
#6625 = CARTESIAN_POINT( '', ( -0.305000000000000, 1.92500000000000, -1.95000000000000 ) );
#6626 = CARTESIAN_POINT( '', ( -0.305000000000000, 1.07500000000000, -1.20000000000000 ) );
#6627 = VECTOR( '', #7805, 1000.00000000000 );
#6628 = CARTESIAN_POINT( '', ( -0.305000000000000, 1.92500000000000, -1.95000000000000 ) );
#6629 = VECTOR( '', #7806, 1000.00000000000 );
#6630 = CARTESIAN_POINT( '', ( -0.305000000000000, -0.635000000000000, -1.95000000000000 ) );
#6631 = CARTESIAN_POINT( '', ( -0.305000000000000, -0.635000000000000, -1.95000000000000 ) );
#6632 = VECTOR( '', #7807, 1000.00000000000 );
#6633 = CARTESIAN_POINT( '', ( -0.305000000000000, -1.92500000000000, -1.95000000000000 ) );
#6634 = CARTESIAN_POINT( '', ( -0.305000000000000, 1.92500000000000, -1.95000000000000 ) );
#6635 = VECTOR( '', #7808, 1000.00000000000 );
#6636 = CARTESIAN_POINT( '', ( -0.305000000000000, -1.07500000000000, -1.20000000000000 ) );
#6637 = CARTESIAN_POINT( '', ( -0.305000000000000, -1.07500000000000, -1.20000000000000 ) );
#6638 = VECTOR( '', #7809, 1000.00000000000 );
#6639 = CARTESIAN_POINT( '', ( -0.305000000000000, -1.07500000000000, 0.913102228111296 ) );
#6640 = VECTOR( '', #7810, 1000.00000000000 );
#6641 = COLOUR_RGB( '', 0.200000002980232, 0.200000002980232, 0.200000002980232 );
#6642 = CARTESIAN_POINT( '', ( 2.68000000000000, 3.61000000000000, -3.46944695195362E-015 ) );
#6643 = CARTESIAN_POINT( '', ( 2.68000000000000, 18.0516881514748, -4.33680868994202E-015 ) );
#6644 = VECTOR( '', #7811, 1000.00000000000 );
#6645 = CARTESIAN_POINT( '', ( 3.32000000000000, 3.61000000000000, -4.33680868994202E-015 ) );
#6646 = CARTESIAN_POINT( '', ( 3.32000000000000, 18.0516881514748, -4.33680868994202E-015 ) );
#6647 = VECTOR( '', #7812, 1000.00000000000 );
#6648 = CARTESIAN_POINT( '', ( 3.32000000000000, 3.61000000000000, -3.46944695195362E-015 ) );
#6649 = VECTOR( '', #7813, 1000.00000000000 );
#6650 = COLOUR_RGB( '', 0.699999988079071, 0.699999988079071, 0.699999988079071 );
#6651 = CARTESIAN_POINT( '', ( 3.10500000000000, -0.635000000000000, -2.59000000000000 ) );
#6652 = VECTOR( '', #7814, 1000.00000000000 );
#6653 = CARTESIAN_POINT( '', ( 3.10500000000000, -0.635000000000000, -1.98000000000000 ) );
#6654 = VECTOR( '', #7815, 1000.00000000000 );
#6655 = COLOUR_RGB( '', 0.699999988079071, 0.699999988079071, 0.699999988079071 );
#6656 = CARTESIAN_POINT( '', ( 0.335000000000000, -0.635000000000000, -1.98000000000000 ) );
#6657 = CARTESIAN_POINT( '', ( 0.335000000000000, -0.635000000000000, -1.98000000000000 ) );
#6658 = VECTOR( '', #7816, 1000.00000000000 );
#6659 = CARTESIAN_POINT( '', ( 0.335000000000000, -0.635000000000000, -1.98000000000000 ) );
#6660 = VECTOR( '', #7817, 1000.00000000000 );
#6661 = COLOUR_RGB( '', 0.200000002980232, 0.200000002980232, 0.200000002980232 );
#6662 = CARTESIAN_POINT( '', ( -5.02500000000000, 4.95000000000000, -1.08500000000000 ) );
#6663 = CARTESIAN_POINT( '', ( -3.55000000000000, 4.95000000000000, -1.08500000000000 ) );
#6664 = CARTESIAN_POINT( '', ( -10.6766881514749, 4.95000000000000, -1.08500000000000 ) );
#6665 = VECTOR( '', #7818, 1000.00000000000 );
#6666 = CARTESIAN_POINT( '', ( -3.55000000000000, 4.95000000000000, -1.54500000000000 ) );
#6667 = CARTESIAN_POINT( '', ( -3.55000000000000, 4.95000000000000, -14.8166881514749 ) );
#6668 = VECTOR( '', #7819, 1000.00000000000 );
#6669 = CARTESIAN_POINT( '', ( -5.02500000000000, 4.95000000000000, -1.54500000000000 ) );
#6670 = CARTESIAN_POINT( '', ( 5.42500000000000, 4.95000000000000, -1.54500000000000 ) );
#6671 = VECTOR( '', #7820, 1000.00000000000 );
#6672 = CARTESIAN_POINT( '', ( -5.02500000000000, 4.95000000000000, -14.8166881514748 ) );
#6673 = VECTOR( '', #7821, 1000.00000000000 );
#6674 = COLOUR_RGB( '', 0.200000002980232, 0.200000002980232, 0.200000002980232 );
#6675 = CARTESIAN_POINT( '', ( -0.550000000000000, 4.95000000000000, 1.51500000000000 ) );
#6676 = CARTESIAN_POINT( '', ( -0.550000000000000, 4.95000000000000, 2.18500000000000 ) );
#6677 = CARTESIAN_POINT( '', ( -0.550000000000000, 4.95000000000000, -14.8166881514749 ) );
#6678 = VECTOR( '', #7822, 1000.00000000000 );
#6679 = CARTESIAN_POINT( '', ( -0.320000000000000, 4.25000000000000, 2.18500000000000 ) );
#6680 = CARTESIAN_POINT( '', ( -0.320000000000000, 4.25000000000000, 2.18500000000000 ) );
#6681 = VECTOR( '', #7823, 1000.00000000000 );
#6682 = CARTESIAN_POINT( '', ( -0.320000000000000, 4.25000000000000, -14.8166881514749 ) );
#6683 = VECTOR( '', #7824, 1000.00000000000 );
#6684 = CARTESIAN_POINT( '', ( -1.32915233599745, 7.32133319651400, 1.51500000000000 ) );
#6685 = VECTOR( '', #7825, 1000.00000000000 );
#6686 = COLOUR_RGB( '', 0.699999988079071, 0.699999988079071, 0.699999988079071 );
#6687 = CARTESIAN_POINT( '', ( 0.305000000000000, -1.92500000000000, -1.95000000000000 ) );
#6688 = VECTOR( '', #7826, 1000.00000000000 );
#6689 = CARTESIAN_POINT( '', ( 0.305000000000000, -1.07500000000000, -1.20000000000000 ) );
#6690 = VECTOR( '', #7827, 1000.00000000000 );
#6691 = COLOUR_RGB( '', 0.200000002980232, 0.200000002980232, 0.200000002980232 );
#6692 = CARTESIAN_POINT( '', ( -5.42500000000000, 4.95000000000000, -1.08500000000000 ) );
#6693 = VECTOR( '', #7828, 1000.00000000000 );
#6694 = CARTESIAN_POINT( '', ( -5.42500000000000, 4.95000000000000, 2.18500000000000 ) );
#6695 = CARTESIAN_POINT( '', ( -5.42500000000000, 4.95000000000000, -14.8166881514748 ) );
#6696 = VECTOR( '', #7829, 1000.00000000000 );
#6697 = CARTESIAN_POINT( '', ( -5.42500000000000, 3.45000000000000, 2.18500000000000 ) );
#6698 = CARTESIAN_POINT( '', ( -5.42500000000000, 4.95000000000000, 2.18500000000000 ) );
#6699 = VECTOR( '', #7830, 1000.00000000000 );
#6700 = CARTESIAN_POINT( '', ( -5.42500000000000, 3.45000000000000, 1.51500000000000 ) );
#6701 = CARTESIAN_POINT( '', ( -5.42500000000000, 3.45000000000000, -14.8166881514748 ) );
#6702 = VECTOR( '', #7831, 1000.00000000000 );
#6703 = CARTESIAN_POINT( '', ( -5.42500000000000, 3.05000000000000, 1.51500000000000 ) );
#6704 = CARTESIAN_POINT( '', ( -5.42500000000000, -13.5516881514749, 1.51500000000000 ) );
#6705 = VECTOR( '', #7832, 1000.00000000000 );
#6706 = CARTESIAN_POINT( '', ( -5.42500000000000, 3.05000000000000, 0.535000000000000 ) );
#6707 = CARTESIAN_POINT( '', ( -5.42500000000000, 3.05000000000000, 1.17635935714677E-015 ) );
#6708 = VECTOR( '', #7833, 1000.00000000000 );
#6709 = CARTESIAN_POINT( '', ( -5.42500000000000, 3.05000000000000, 0.535000000000000 ) );
#6710 = VECTOR( '', #7834, 1000.00000000000 );
#6711 = CARTESIAN_POINT( '', ( -5.42500000000000, 3.45000000000000, -1.54500000000000 ) );
#6712 = CARTESIAN_POINT( '', ( -5.42500000000000, 3.45000000000000, -14.8166881514748 ) );
#6713 = VECTOR( '', #7835, 1000.00000000000 );
#6714 = CARTESIAN_POINT( '', ( -5.42500000000000, 4.95000000000000, -1.54500000000000 ) );
#6715 = VECTOR( '', #7836, 1000.00000000000 );
#6716 = COLOUR_RGB( '', 0.699999988079071, 0.699999988079071, 0.699999988079071 );
#6717 = CARTESIAN_POINT( '', ( 0.320000000000000, -5.30000000000000, 0.320000000000000 ) );
#6718 = VECTOR( '', #7837, 1000.00000000000 );
#6719 = COLOUR_RGB( '', 0.200000002980232, 0.200000002980232, 0.200000002980232 );
#6720 = CARTESIAN_POINT( '', ( -5.52500000000000, -1.42500000000000, 0.535000000000000 ) );
#6721 = CARTESIAN_POINT( '', ( -5.61078643762690, -1.42500000000000, 0.535000000000000 ) );
#6722 = VECTOR( '', #7838, 1000.00000000000 );
#6723 = CARTESIAN_POINT( '', ( -5.52500000000000, 3.05000000000000, 0.535000000000000 ) );
#6724 = VECTOR( '', #7839, 1000.00000000000 );
#6725 = CARTESIAN_POINT( '', ( -5.61078643762690, 3.05000000000000, 0.535000000000000 ) );
#6726 = CARTESIAN_POINT( '', ( -5.61078643762690, 3.05000000000000, 0.535000000000000 ) );
#6727 = VECTOR( '', #7840, 1000.00000000000 );
#6728 = CARTESIAN_POINT( '', ( -5.61078643762690, -3.53579208280703, 0.535000000000000 ) );
#6729 = CARTESIAN_POINT( '', ( -5.61078643762690, 3.05000000000000, 0.535000000000000 ) );
#6730 = VECTOR( '', #7841, 1000.00000000000 );
#6731 = CARTESIAN_POINT( '', ( 1.98873655638764E-015, -3.53579208280703, 0.534999999999982 ) );
#6732 = VECTOR( '', #7842, 1000.00000000000 );
#6733 = COLOUR_RGB( '', 0.200000002980232, 0.200000002980232, 0.200000002980232 );
#6734 = CARTESIAN_POINT( '', ( -3.32000000000000, 3.61000000000000, -3.46944695195362E-015 ) );
#6735 = CARTESIAN_POINT( '', ( -3.32000000000000, 18.0516881514748, -4.33680868994202E-015 ) );
#6736 = VECTOR( '', #7843, 1000.00000000000 );
#6737 = CARTESIAN_POINT( '', ( -2.68000000000000, 3.61000000000000, -4.33680868994202E-015 ) );
#6738 = CARTESIAN_POINT( '', ( -2.68000000000000, 18.0516881514748, -4.33680868994202E-015 ) );
#6739 = VECTOR( '', #7844, 1000.00000000000 );
#6740 = CARTESIAN_POINT( '', ( -2.68000000000000, 3.61000000000000, -3.46944695195362E-015 ) );
#6741 = VECTOR( '', #7845, 1000.00000000000 );
#6742 = COLOUR_RGB( '', 0.699999988079071, 0.699999988079071, 0.699999988079071 );
#6743 = CARTESIAN_POINT( '', ( 0.320000000000000, 1.23309756229256, -0.320000000000000 ) );
#6744 = CARTESIAN_POINT( '', ( 0.320000000000000, 1.23309756229256, -0.320000000000000 ) );
#6745 = VECTOR( '', #7846, 1000.00000000000 );
#6746 = CARTESIAN_POINT( '', ( 0.320000000000000, 1.10303844778314, -0.537500000000000 ) );
#6747 = VECTOR( '', #7847, 1000.00000000000 );
#6748 = COLOUR_RGB( '', 0.200000002980232, 0.200000002980232, 0.200000002980232 );
#6749 = CARTESIAN_POINT( '', ( 1.10000000000000, 4.25000000000000, -1.08500000000000 ) );
#6750 = CARTESIAN_POINT( '', ( 1.10000000000000, 4.25000000000000, 1.51500000000000 ) );
#6751 = CARTESIAN_POINT( '', ( 1.10000000000000, 4.25000000000000, -1.08500000000000 ) );
#6752 = VECTOR( '', #7848, 1000.00000000000 );
#6753 = CARTESIAN_POINT( '', ( 1.10000000000000, 3.85000000000000, 1.51500000000000 ) );
#6754 = CARTESIAN_POINT( '', ( 1.10000000000000, 3.85000000000000, 1.51500000000000 ) );
#6755 = VECTOR( '', #7849, 1000.00000000000 );
#6756 = CARTESIAN_POINT( '', ( 1.10000000000000, 3.85000000000000, -1.08500000000000 ) );
#6757 = CARTESIAN_POINT( '', ( 1.10000000000000, 3.85000000000000, -1.08500000000000 ) );
#6758 = VECTOR( '', #7850, 1000.00000000000 );
#6759 = CARTESIAN_POINT( '', ( 1.10000000000000, 3.85000000000000, -1.08500000000000 ) );
#6760 = VECTOR( '', #7851, 1000.00000000000 );
#6761 = COLOUR_RGB( '', 0.200000002980232, 0.200000002980232, 0.200000002980232 );
#6762 = CARTESIAN_POINT( '', ( -5.02500000000000, 3.05000000000000, 0.535000000000000 ) );
#6763 = CARTESIAN_POINT( '', ( -5.61078643762690, 3.05000000000000, 0.535000000000000 ) );
#6764 = VECTOR( '', #7852, 1000.00000000000 );
#6765 = CARTESIAN_POINT( '', ( -5.02500000000000, 3.05000000000000, 0.535000000000000 ) );
#6766 = VECTOR( '', #7853, 1000.00000000000 );
#6767 = COLOUR_RGB( '', 0.200000002980232, 0.200000002980232, 0.200000002980232 );
#6768 = CARTESIAN_POINT( '', ( -5.52500000000000, -1.42500000000000, -0.765000000000000 ) );
#6769 = CARTESIAN_POINT( '', ( -4.91078643762691, -1.42500000000000, -0.765000000000000 ) );
#6770 = VECTOR( '', #7854, 1000.00000000000 );
#6771 = CARTESIAN_POINT( '', ( -5.52500000000000, -4.33578643762691, -0.765000000000000 ) );
#6772 = CARTESIAN_POINT( '', ( -4.91078643762691, -4.95000000000000, -0.765000000000000 ) );
#6773 = VECTOR( '', #7855, 1000.00000000000 );
#6774 = CARTESIAN_POINT( '', ( -5.52500000000000, 3.05000000000000, -0.765000000000000 ) );
#6775 = VECTOR( '', #7856, 1000.00000000000 );
#6776 = COLOUR_RGB( '', 0.200000002980232, 0.200000002980232, 0.200000002980232 );
#6777 = CARTESIAN_POINT( '', ( -3.00000000000000, -3.25000000000000, -2.18500000000000 ) );
#6778 = CARTESIAN_POINT( '', ( -2.10000000000000, -3.25000000000000, -2.18500000000000 ) );
#6779 = CARTESIAN_POINT( '', ( -3.00000000000000, -3.25000000000000, -2.18500000000000 ) );
#6780 = VECTOR( '', #7857, 1000.00000000000 );
#6781 = CARTESIAN_POINT( '', ( -2.10000000000000, -3.25000000000000, -1.54500000000000 ) );
#6782 = CARTESIAN_POINT( '', ( -2.10000000000000, -3.25000000000000, -1.54500000000000 ) );
#6783 = VECTOR( '', #7858, 1000.00000000000 );
#6784 = CARTESIAN_POINT( '', ( -3.00000000000000, -3.25000000000000, -1.54500000000000 ) );
#6785 = CARTESIAN_POINT( '', ( -3.00000000000000, -3.25000000000000, -1.54500000000000 ) );
#6786 = VECTOR( '', #7859, 1000.00000000000 );
#6787 = CARTESIAN_POINT( '', ( -3.00000000000000, -3.25000000000000, -1.54500000000000 ) );
#6788 = VECTOR( '', #7860, 1000.00000000000 );
#6789 = COLOUR_RGB( '', 0.699999988079071, 0.699999988079071, 0.699999988079071 );
#6790 = CARTESIAN_POINT( '', ( 0.320000000000000, -4.60000000000000, -0.320000000000000 ) );
#6791 = VECTOR( '', #7861, 1000.00000000000 );
#6792 = CARTESIAN_POINT( '', ( 0.320000000000000, 0.593097562292556, -2.57500000000000 ) );
#6793 = CARTESIAN_POINT( '', ( 0.320000000000000, 0.593097562292556, -2.57500000000000 ) );
#6794 = VECTOR( '', #7862, 1000.00000000000 );
#6795 = CARTESIAN_POINT( '', ( 0.320000000000000, 2.79309756229256, -2.57500000000000 ) );
#6796 = CARTESIAN_POINT( '', ( 0.320000000000000, 0.593097562292556, -2.57500000000000 ) );
#6797 = VECTOR( '', #7863, 1000.00000000000 );
#6798 = CARTESIAN_POINT( '', ( 0.320000000000000, 2.79309756229256, -1.93500000000000 ) );
#6799 = CARTESIAN_POINT( '', ( 0.320000000000000, 2.79309756229256, -2.57500000000000 ) );
#6800 = VECTOR( '', #7864, 1000.00000000000 );
#6801 = CARTESIAN_POINT( '', ( 0.320000000000000, 1.23309756229256, -1.93500000000000 ) );
#6802 = CARTESIAN_POINT( '', ( 0.320000000000000, 2.79309756229256, -1.93500000000000 ) );
#6803 = VECTOR( '', #7865, 1000.00000000000 );
#6804 = CARTESIAN_POINT( '', ( 0.320000000000000, 1.23309756229255, -1.07500000000000 ) );
#6805 = CARTESIAN_POINT( '', ( 0.320000000000000, 1.23309756229256, -1.93500000000000 ) );
#6806 = VECTOR( '', #7866, 1000.00000000000 );
#6807 = CARTESIAN_POINT( '', ( 0.320000000000000, 1.10303844778314, -0.857500000000000 ) );
#6808 = VECTOR( '', #7867, 1000.00000000000 );
#6809 = CARTESIAN_POINT( '', ( 0.320000000000000, 1.23309756229256, 0.320000000000000 ) );
#6810 = VECTOR( '', #7868, 1000.00000000000 );
#6811 = CARTESIAN_POINT( '', ( 0.320000000000000, 1.23000000000000, 1.07500000000000 ) );
#6812 = CARTESIAN_POINT( '', ( 0.320000000000000, 1.10303844778314, 0.855677434982952 ) );
#6813 = VECTOR( '', #7869, 1000.00000000000 );
#6814 = CARTESIAN_POINT( '', ( 0.320000000000000, 0.000000000000000, 1.07500000000000 ) );
#6815 = VECTOR( '', #7870, 1000.00000000000 );
#6816 = COLOUR_RGB( '', 0.699999988079071, 0.699999988079071, 0.699999988079071 );
#6817 = CARTESIAN_POINT( '', ( 0.305000000000000, 1.07500000000000, -1.20000000000000 ) );
#6818 = VECTOR( '', #7871, 1000.00000000000 );
#6819 = CARTESIAN_POINT( '', ( 0.305000000000000, 1.92500000000000, -1.95000000000000 ) );
#6820 = VECTOR( '', #7872, 1000.00000000000 );
#6821 = COLOUR_RGB( '', 0.699999988079071, 0.699999988079071, 0.699999988079071 );
#6822 = COLOUR_RGB( '', 0.200000002980232, 0.200000002980232, 0.200000002980232 );
#6823 = CARTESIAN_POINT( '', ( -0.320000000000000, 3.61000000000000, -1.54500000000000 ) );
#6824 = CARTESIAN_POINT( '', ( -0.320000000000000, 3.61000000000000, -14.8166881514749 ) );
#6825 = VECTOR( '', #7873, 1000.00000000000 );
#6826 = CARTESIAN_POINT( '', ( 0.320000000000000, 3.61000000000000, -1.54500000000000 ) );
#6827 = CARTESIAN_POINT( '', ( 0.320000000000000, 3.61000000000000, -14.8166881514749 ) );
#6828 = VECTOR( '', #7874, 1000.00000000000 );
#6829 = CARTESIAN_POINT( '', ( 0.000000000000000, 3.61000000000000, -1.54500000000000 ) );
#6830 = VECTOR( '', #7875, 1000.00000000000 );
#6831 = COLOUR_RGB( '', 0.200000002980232, 0.200000002980232, 0.200000002980232 );
#6832 = CARTESIAN_POINT( '', ( 2.10000000000000, 2.75000000000000, -2.18500000000000 ) );
#6833 = CARTESIAN_POINT( '', ( 2.10000000000000, -3.25000000000000, -2.18500000000000 ) );
#6834 = VECTOR( '', #7876, 1000.00000000000 );
#6835 = CARTESIAN_POINT( '', ( 2.10000000000000, 2.75000000000000, -1.54500000000000 ) );
#6836 = CARTESIAN_POINT( '', ( 2.10000000000000, -3.25000000000000, -1.54500000000000 ) );
#6837 = VECTOR( '', #7877, 1000.00000000000 );
#6838 = CARTESIAN_POINT( '', ( 2.10000000000000, 2.75000000000000, -1.54500000000000 ) );
#6839 = VECTOR( '', #7878, 1000.00000000000 );
#6840 = COLOUR_RGB( '', 0.200000002980232, 0.200000002980232, 0.200000002980232 );
#6841 = CARTESIAN_POINT( '', ( -2.10000000000000, 2.75000000000000, -1.54500000000000 ) );
#6842 = CARTESIAN_POINT( '', ( -2.10000000000000, -3.25000000000000, -1.54500000000000 ) );
#6843 = VECTOR( '', #7879, 1000.00000000000 );
#6844 = CARTESIAN_POINT( '', ( -3.00000000000000, 2.75000000000000, -1.54500000000000 ) );
#6845 = CARTESIAN_POINT( '', ( -2.10000000000000, 2.75000000000000, -1.54500000000000 ) );
#6846 = VECTOR( '', #7880, 1000.00000000000 );
#6847 = CARTESIAN_POINT( '', ( -3.00000000000000, 2.75000000000000, -1.54500000000000 ) );
#6848 = VECTOR( '', #7881, 1000.00000000000 );
#6849 = CARTESIAN_POINT( '', ( 3.00000000000000, 2.75000000000000, -1.54500000000000 ) );
#6850 = CARTESIAN_POINT( '', ( 3.00000000000000, 2.75000000000000, -1.54500000000000 ) );
#6851 = VECTOR( '', #7882, 1000.00000000000 );
#6852 = CARTESIAN_POINT( '', ( 2.10000000000000, 2.75000000000000, -1.54500000000000 ) );
#6853 = VECTOR( '', #7883, 1000.00000000000 );
#6854 = CARTESIAN_POINT( '', ( 2.68000000000000, 4.25000000000000, -1.54500000000000 ) );
#6855 = CARTESIAN_POINT( '', ( 3.67922269294530, 1.20888745625345, -1.54500000000000 ) );
#6856 = VECTOR( '', #7884, 1000.00000000000 );
#6857 = CARTESIAN_POINT( '', ( 2.68000000000000, 3.61000000000000, -1.54500000000000 ) );
#6858 = CARTESIAN_POINT( '', ( 2.68000000000000, 1.35360998504251E-016, -1.54500000000000 ) );
#6859 = VECTOR( '', #7885, 1000.00000000000 );
#6860 = CARTESIAN_POINT( '', ( 3.32000000000000, 3.61000000000000, -1.54500000000000 ) );
#6861 = CARTESIAN_POINT( '', ( 0.000000000000000, 3.61000000000000, -1.54500000000000 ) );
#6862 = VECTOR( '', #7886, 1000.00000000000 );
#6863 = CARTESIAN_POINT( '', ( 3.32000000000000, 4.25000000000000, -1.54500000000000 ) );
#6864 = CARTESIAN_POINT( '', ( 3.32000000000000, 1.35360998504251E-016, -1.54500000000000 ) );
#6865 = VECTOR( '', #7887, 1000.00000000000 );
#6866 = CARTESIAN_POINT( '', ( 3.55000000000000, 4.95000000000000, -1.54500000000000 ) );
#6867 = CARTESIAN_POINT( '', ( 1.73613925216431, -0.570445754282557, -1.54500000000000 ) );
#6868 = VECTOR( '', #7888, 1000.00000000000 );
#6869 = CARTESIAN_POINT( '', ( 5.02500000000000, 4.95000000000000, -1.54500000000000 ) );
#6870 = CARTESIAN_POINT( '', ( 5.42500000000000, 4.95000000000000, -1.54500000000000 ) );
#6871 = VECTOR( '', #7889, 1000.00000000000 );
#6872 = CARTESIAN_POINT( '', ( 5.02500000000000, 3.45000000000000, -1.54500000000000 ) );
#6873 = CARTESIAN_POINT( '', ( 5.02500000000000, 3.45000000000000, -1.54500000000000 ) );
#6874 = VECTOR( '', #7890, 1000.00000000000 );
#6875 = CARTESIAN_POINT( '', ( 5.42500000000000, 3.45000000000000, -1.54500000000000 ) );
#6876 = CARTESIAN_POINT( '', ( 5.42500000000000, 3.45000000000000, -1.54500000000000 ) );
#6877 = VECTOR( '', #7891, 1000.00000000000 );
#6878 = CARTESIAN_POINT( '', ( 5.42500000000000, 3.05000000000000, -1.54500000000000 ) );
#6879 = CARTESIAN_POINT( '', ( 5.42500000000000, 4.95000000000000, -1.54500000000000 ) );
#6880 = VECTOR( '', #7892, 1000.00000000000 );
#6881 = CARTESIAN_POINT( '', ( 4.91078643762690, 3.05000000000000, -1.54500000000000 ) );
#6882 = CARTESIAN_POINT( '', ( 0.000000000000000, 3.05000000000000, -1.54500000000000 ) );
#6883 = VECTOR( '', #7893, 1000.00000000000 );
#6884 = CARTESIAN_POINT( '', ( 4.91078643762690, 3.05000000000000, -1.54500000000000 ) );
#6885 = VECTOR( '', #7894, 1000.00000000000 );
#6886 = CARTESIAN_POINT( '', ( -5.02500000000000, 3.45000000000000, -1.54500000000000 ) );
#6887 = CARTESIAN_POINT( '', ( -5.42500000000000, 3.45000000000000, -1.54500000000000 ) );
#6888 = VECTOR( '', #7895, 1000.00000000000 );
#6889 = CARTESIAN_POINT( '', ( -5.02500000000000, 3.45000000000000, -1.54500000000000 ) );
#6890 = VECTOR( '', #7896, 1000.00000000000 );
#6891 = CARTESIAN_POINT( '', ( -3.32000000000000, 4.25000000000000, -1.54500000000000 ) );
#6892 = CARTESIAN_POINT( '', ( -1.73613925216430, -0.570445754282557, -1.54500000000000 ) );
#6893 = VECTOR( '', #7897, 1000.00000000000 );
#6894 = CARTESIAN_POINT( '', ( -3.32000000000000, 3.61000000000000, -1.54500000000000 ) );
#6895 = CARTESIAN_POINT( '', ( -3.32000000000000, 1.35360998504251E-016, -1.54500000000000 ) );
#6896 = VECTOR( '', #7898, 1000.00000000000 );
#6897 = CARTESIAN_POINT( '', ( -2.68000000000000, 3.61000000000000, -1.54500000000000 ) );
#6898 = CARTESIAN_POINT( '', ( 0.000000000000000, 3.61000000000000, -1.54500000000000 ) );
#6899 = VECTOR( '', #7899, 1000.00000000000 );
#6900 = CARTESIAN_POINT( '', ( -2.68000000000000, 4.25000000000000, -1.54500000000000 ) );
#6901 = CARTESIAN_POINT( '', ( -2.68000000000000, 1.35360998504251E-016, -1.54500000000000 ) );
#6902 = VECTOR( '', #7900, 1000.00000000000 );
#6903 = CARTESIAN_POINT( '', ( -2.45000000000000, 4.95000000000000, -1.54500000000000 ) );
#6904 = CARTESIAN_POINT( '', ( -3.67922269294529, 1.20888745625345, -1.54500000000000 ) );
#6905 = VECTOR( '', #7901, 1000.00000000000 );
#6906 = CARTESIAN_POINT( '', ( -0.550000000000000, 4.95000000000000, -1.54500000000000 ) );
#6907 = CARTESIAN_POINT( '', ( 5.42500000000000, 4.95000000000000, -1.54500000000000 ) );
#6908 = VECTOR( '', #7902, 1000.00000000000 );
#6909 = CARTESIAN_POINT( '', ( -0.320000000000000, 4.25000000000000, -1.54500000000000 ) );
#6910 = CARTESIAN_POINT( '', ( 0.971541720390494, 0.319220850985448, -1.54500000000000 ) );
#6911 = VECTOR( '', #7903, 1000.00000000000 );
#6912 = CARTESIAN_POINT( '', ( -0.320000000000000, 1.35360998504251E-016, -1.54500000000000 ) );
#6913 = VECTOR( '', #7904, 1000.00000000000 );
#6914 = CARTESIAN_POINT( '', ( 0.320000000000000, 4.25000000000000, -1.54500000000000 ) );
#6915 = CARTESIAN_POINT( '', ( 0.320000000000000, 1.35360998504251E-016, -1.54500000000000 ) );
#6916 = VECTOR( '', #7905, 1000.00000000000 );
#6917 = CARTESIAN_POINT( '', ( -0.971541720390491, 0.319220850985447, -1.54500000000000 ) );
#6918 = VECTOR( '', #7906, 1000.00000000000 );
#6919 = COLOUR_RGB( '', 0.200000002980232, 0.200000002980232, 0.200000002980232 );
#6920 = CARTESIAN_POINT( '', ( 1.72500000000000, 1.05000000000000, 1.59500000000000 ) );
#6921 = VECTOR( '', #7907, 1000.00000000000 );
#6922 = COLOUR_RGB( '', 0.200000002980232, 0.200000002980232, 0.200000002980232 );
#6923 = CARTESIAN_POINT( '', ( -5.61078643762690, -3.53579208280703, 1.53500000000000 ) );
#6924 = CARTESIAN_POINT( '', ( -4.91078643762690, -3.53579208280703, 1.53500000000000 ) );
#6925 = VECTOR( '', #7908, 1000.00000000000 );
#6926 = CARTESIAN_POINT( '', ( -5.61078643762690, 3.05000000000000, 1.53500000000000 ) );
#6927 = CARTESIAN_POINT( '', ( -5.61078643762690, 3.05000000000000, 1.53500000000000 ) );
#6928 = VECTOR( '', #7909, 1000.00000000000 );
#6929 = CARTESIAN_POINT( '', ( -4.91078643762690, 3.05000000000000, 1.53500000000000 ) );
#6930 = VECTOR( '', #7910, 1000.00000000000 );
#6931 = COLOUR_RGB( '', 0.200000002980232, 0.200000002980232, 0.200000002980232 );
#6932 = CARTESIAN_POINT( '', ( -1.10000000000000, 3.85000000000000, -1.08500000000000 ) );
#6933 = CARTESIAN_POINT( '', ( -1.10000000000000, 3.85000000000000, -1.08500000000000 ) );
#6934 = VECTOR( '', #7911, 1000.00000000000 );
#6935 = CARTESIAN_POINT( '', ( -1.10000000000000, 3.85000000000000, 1.51500000000000 ) );
#6936 = CARTESIAN_POINT( '', ( -1.10000000000000, 3.85000000000000, 1.51500000000000 ) );
#6937 = VECTOR( '', #7912, 1000.00000000000 );
#6938 = CARTESIAN_POINT( '', ( -1.10000000000000, 3.85000000000000, 1.51500000000000 ) );
#6939 = VECTOR( '', #7913, 1000.00000000000 );
#6940 = COLOUR_RGB( '', 0.200000002980232, 0.200000002980232, 0.200000002980232 );
#6941 = CARTESIAN_POINT( '', ( -2.45000000000000, 4.95000000000000, 2.18500000000000 ) );
#6942 = CARTESIAN_POINT( '', ( 6.32500000000000, 4.95000000000000, 2.18500000000000 ) );
#6943 = VECTOR( '', #7914, 1000.00000000000 );
#6944 = CARTESIAN_POINT( '', ( -2.45000000000000, 4.95000000000000, 1.51500000000000 ) );
#6945 = CARTESIAN_POINT( '', ( -10.6766881514749, 4.95000000000000, 1.51500000000000 ) );
#6946 = VECTOR( '', #7915, 1000.00000000000 );
#6947 = CARTESIAN_POINT( '', ( -2.45000000000000, 4.95000000000000, -14.8166881514749 ) );
#6948 = VECTOR( '', #7916, 1000.00000000000 );
#6949 = COLOUR_RGB( '', 0.200000002980232, 0.200000002980232, 0.200000002980232 );
#6950 = CARTESIAN_POINT( '', ( -0.550000000000000, 4.95000000000000, -1.08500000000000 ) );
#6951 = CARTESIAN_POINT( '', ( -0.550000000000000, 4.95000000000000, -14.8166881514749 ) );
#6952 = VECTOR( '', #7917, 1000.00000000000 );
#6953 = CARTESIAN_POINT( '', ( -1.53674121055999, 7.95312542344345, -1.08500000000000 ) );
#6954 = VECTOR( '', #7918, 1000.00000000000 );
#6955 = CARTESIAN_POINT( '', ( -0.320000000000000, 4.25000000000000, -14.8166881514749 ) );
#6956 = VECTOR( '', #7919, 1000.00000000000 );
#6957 = COLOUR_RGB( '', 0.200000002980232, 0.200000002980232, 0.200000002980232 );
#6958 = CARTESIAN_POINT( '', ( 5.42500000000000, 4.95000000000000, -1.08500000000000 ) );
#6959 = CARTESIAN_POINT( '', ( -10.6766881514749, 4.95000000000000, -1.08500000000000 ) );
#6960 = VECTOR( '', #7920, 1000.00000000000 );
#6961 = CARTESIAN_POINT( '', ( 5.42500000000000, 4.95000000000000, -1.08500000000000 ) );
#6962 = VECTOR( '', #7921, 1000.00000000000 );
#6963 = COLOUR_RGB( '', 0.200000002980232, 0.200000002980232, 0.200000002980232 );
#6964 = CARTESIAN_POINT( '', ( 5.42500000000000, 3.05000000000000, 0.535000000000000 ) );
#6965 = CARTESIAN_POINT( '', ( 5.42500000000000, 3.05000000000000, 0.000000000000000 ) );
#6966 = VECTOR( '', #7922, 1000.00000000000 );
#6967 = CARTESIAN_POINT( '', ( 5.61078643762690, 3.05000000000000, 0.535000000000000 ) );
#6968 = CARTESIAN_POINT( '', ( 5.61078643762690, 3.05000000000000, 0.535000000000000 ) );
#6969 = VECTOR( '', #7923, 1000.00000000000 );
#6970 = CARTESIAN_POINT( '', ( 5.61078643762690, 3.05000000000000, 1.53500000000000 ) );
#6971 = CARTESIAN_POINT( '', ( 5.61078643762690, 3.05000000000000, 1.53500000000000 ) );
#6972 = VECTOR( '', #7924, 1000.00000000000 );
#6973 = CARTESIAN_POINT( '', ( 4.91078643762691, 3.05000000000000, 1.53500000000000 ) );
#6974 = CARTESIAN_POINT( '', ( 4.91078643762691, 3.05000000000000, 1.53500000000000 ) );
#6975 = VECTOR( '', #7925, 1000.00000000000 );
#6976 = CARTESIAN_POINT( '', ( 4.91078643762690, 3.05000000000000, 0.535000000000000 ) );
#6977 = VECTOR( '', #7926, 1000.00000000000 );
#6978 = CARTESIAN_POINT( '', ( 5.02500000000000, 3.05000000000000, 0.000000000000000 ) );
#6979 = VECTOR( '', #7927, 1000.00000000000 );
#6980 = COLOUR_RGB( '', 0.200000002980232, 0.200000002980232, 0.200000002980232 );
#6981 = CARTESIAN_POINT( '', ( -5.02500000000000, 4.95000000000000, 1.51500000000000 ) );
#6982 = CARTESIAN_POINT( '', ( -3.55000000000000, 4.95000000000000, 1.51500000000000 ) );
#6983 = CARTESIAN_POINT( '', ( -10.6766881514749, 4.95000000000000, 1.51500000000000 ) );
#6984 = VECTOR( '', #7928, 1000.00000000000 );
#6985 = CARTESIAN_POINT( '', ( -3.32000000000000, 4.25000000000000, 1.51500000000000 ) );
#6986 = CARTESIAN_POINT( '', ( -4.03683330855226, 6.43166659124599, 1.51500000000000 ) );
#6987 = VECTOR( '', #7929, 1000.00000000000 );
#6988 = CARTESIAN_POINT( '', ( -5.02500000000000, 4.25000000000000, 1.51500000000000 ) );
#6989 = CARTESIAN_POINT( '', ( -10.6766881514749, 4.25000000000000, 1.51500000000000 ) );
#6990 = VECTOR( '', #7930, 1000.00000000000 );
#6991 = CARTESIAN_POINT( '', ( -5.02500000000000, 3.45000000000000, 1.51500000000000 ) );
#6992 = VECTOR( '', #7931, 1000.00000000000 );
#6993 = COLOUR_RGB( '', 0.200000002980232, 0.200000002980232, 0.200000002980232 );
#6994 = CARTESIAN_POINT( '', ( -1.30000000000000, -1.65000000000000, 3.38500000000000 ) );
#6995 = CARTESIAN_POINT( '', ( -1.30000000000000, -1.65000000000000, 3.38500000000000 ) );
#6996 = VECTOR( '', #7932, 1000.00000000000 );
#6997 = CARTESIAN_POINT( '', ( 1.30000000000000, -1.65000000000000, 3.38500000000000 ) );
#6998 = CARTESIAN_POINT( '', ( 1.30000000000000, -1.65000000000000, 3.38500000000000 ) );
#6999 = VECTOR( '', #7933, 1000.00000000000 );
#7000 = CARTESIAN_POINT( '', ( 1.30000000000000, -1.65000000000000, 3.38500000000000 ) );
#7001 = VECTOR( '', #7934, 1000.00000000000 );
#7002 = COLOUR_RGB( '', 0.200000002980232, 0.200000002980232, 0.200000002980232 );
#7003 = CARTESIAN_POINT( '', ( -1.90000000000000, 3.85000000000000, 1.51500000000000 ) );
#7004 = CARTESIAN_POINT( '', ( -1.90000000000000, 3.85000000000000, 1.51500000000000 ) );
#7005 = VECTOR( '', #7935, 1000.00000000000 );
#7006 = CARTESIAN_POINT( '', ( -1.90000000000000, 4.25000000000000, 1.51500000000000 ) );
#7007 = CARTESIAN_POINT( '', ( -1.90000000000000, 3.85000000000000, 1.51500000000000 ) );
#7008 = VECTOR( '', #7936, 1000.00000000000 );
#7009 = CARTESIAN_POINT( '', ( -2.68000000000000, 4.25000000000000, 1.51500000000000 ) );
#7010 = CARTESIAN_POINT( '', ( -10.6766881514749, 4.25000000000000, 1.51500000000000 ) );
#7011 = VECTOR( '', #7937, 1000.00000000000 );
#7012 = CARTESIAN_POINT( '', ( -3.45919470107389, 1.87853786629683, 1.51500000000000 ) );
#7013 = VECTOR( '', #7938, 1000.00000000000 );
#7014 = COLOUR_RGB( '', 0.200000002980232, 0.200000002980232, 0.200000002980232 );
#7015 = CARTESIAN_POINT( '', ( 3.00000000000000, 2.75000000000000, -2.18500000000000 ) );
#7016 = CARTESIAN_POINT( '', ( 2.10000000000000, 2.75000000000000, -2.18500000000000 ) );
#7017 = VECTOR( '', #7939, 1000.00000000000 );
#7018 = CARTESIAN_POINT( '', ( 3.00000000000000, 2.75000000000000, -2.18500000000000 ) );
#7019 = VECTOR( '', #7940, 1000.00000000000 );
#7020 = COLOUR_RGB( '', 0.200000002980232, 0.200000002980232, 0.200000002980232 );
#7021 = CARTESIAN_POINT( '', ( 0.320000000000000, 4.25000000000000, -1.08500000000000 ) );
#7022 = CARTESIAN_POINT( '', ( 0.320000000000000, 4.25000000000000, -14.8166881514749 ) );
#7023 = VECTOR( '', #7941, 1000.00000000000 );
#7024 = CARTESIAN_POINT( '', ( -0.543924853956561, 1.62066348795829, -1.08500000000000 ) );
#7025 = VECTOR( '', #7942, 1000.00000000000 );
#7026 = COLOUR_RGB( '', 0.200000002980232, 0.200000002980232, 0.200000002980232 );
#7027 = CARTESIAN_POINT( '', ( -5.02500000000000, 3.05000000000000, 1.51500000000000 ) );
#7028 = CARTESIAN_POINT( '', ( 1.06766808935508E-014, 3.05000000000000, 1.51499999999997 ) );
#7029 = VECTOR( '', #7943, 1000.00000000000 );
#7030 = CARTESIAN_POINT( '', ( -5.02500000000000, 3.45000000000000, 1.51500000000000 ) );
#7031 = CARTESIAN_POINT( '', ( -5.42500000000000, 3.45000000000000, 1.51500000000000 ) );
#7032 = VECTOR( '', #7944, 1000.00000000000 );
#7033 = CARTESIAN_POINT( '', ( -5.02500000000000, -13.5516881514749, 1.51500000000000 ) );
#7034 = VECTOR( '', #7945, 1000.00000000000 );
#7035 = COLOUR_RGB( '', 0.200000002980232, 0.200000002980232, 0.200000002980232 );
#7036 = CARTESIAN_POINT( '', ( 5.61078643762690, 3.05000000000000, 1.53500000000000 ) );
#7037 = VECTOR( '', #7946, 1000.00000000000 );
#7038 = CARTESIAN_POINT( '', ( 5.61078643762690, 3.05000000000000, 0.535000000000000 ) );
#7039 = VECTOR( '', #7947, 1000.00000000000 );
#7040 = COLOUR_RGB( '', 0.200000002980232, 0.200000002980232, 0.200000002980232 );
#7041 = CARTESIAN_POINT( '', ( -5.02500000000000, 4.25000000000000, -1.08500000000000 ) );
#7042 = CARTESIAN_POINT( '', ( -3.32000000000000, 4.25000000000000, -1.08500000000000 ) );
#7043 = CARTESIAN_POINT( '', ( -10.6766881514749, 4.25000000000000, -1.08500000000000 ) );
#7044 = VECTOR( '', #7948, 1000.00000000000 );
#7045 = CARTESIAN_POINT( '', ( -4.24442218311479, 7.06345881817545, -1.08500000000000 ) );
#7046 = VECTOR( '', #7949, 1000.00000000000 );
#7047 = CARTESIAN_POINT( '', ( -5.02500000000000, 3.45000000000000, -1.08500000000000 ) );
#7048 = VECTOR( '', #7950, 1000.00000000000 );
#7049 = COLOUR_RGB( '', 0.200000002980232, 0.200000002980232, 0.200000002980232 );
#7050 = CARTESIAN_POINT( '', ( -6.32500000000000, -3.36102673470506E-016, -1.08500000000000 ) );
#7051 = VECTOR( '', #7951, 1000.00000000000 );
#7052 = COLOUR_RGB( '', 0.699999988079071, 0.699999988079071, 0.699999988079071 );
#7053 = CARTESIAN_POINT( '', ( 0.320000000000000, 1.23000000000000, 1.07500000000000 ) );
#7054 = VECTOR( '', #7952, 1000.00000000000 );
#7055 = COLOUR_RGB( '', 0.200000002980232, 0.200000002980232, 0.200000002980232 );
#7056 = CARTESIAN_POINT( '', ( 4.91078643762691, -1.42500000000001, 0.535000000000000 ) );
#7057 = CARTESIAN_POINT( '', ( 4.91078643762691, 3.05000000000000, 0.535000000000000 ) );
#7058 = VECTOR( '', #7953, 1000.00000000000 );
#7059 = CARTESIAN_POINT( '', ( 4.91078643762691, -1.42500000000001, -0.765000000000000 ) );
#7060 = CARTESIAN_POINT( '', ( 4.91078643762691, -1.42500000000001, 16.2366881514749 ) );
#7061 = VECTOR( '', #7954, 1000.00000000000 );
#7062 = CARTESIAN_POINT( '', ( 4.91078643762690, 3.05000000000000, -0.765000000000000 ) );
#7063 = VECTOR( '', #7955, 1000.00000000000 );
#7064 = CARTESIAN_POINT( '', ( 4.91078643762690, 3.05000000000000, -0.765000000000000 ) );
#7065 = CARTESIAN_POINT( '', ( 4.91078643762690, 3.05000000000000, -0.765000000000000 ) );
#7066 = VECTOR( '', #7956, 1000.00000000000 );
#7067 = CARTESIAN_POINT( '', ( 4.91078643762690, 0.725000000000008, -0.765000000000000 ) );
#7068 = CARTESIAN_POINT( '', ( 4.91078643762690, 3.05000000000000, -0.765000000000000 ) );
#7069 = VECTOR( '', #7957, 1000.00000000000 );
#7070 = CARTESIAN_POINT( '', ( 4.91078643762691, 0.725000000000008, 16.2366881514749 ) );
#7071 = VECTOR( '', #7958, 1000.00000000000 );
#7072 = CARTESIAN_POINT( '', ( 4.91078643762690, -3.53579208280703, 1.53500000000000 ) );
#7073 = VECTOR( '', #7959, 1000.00000000000 );
#7074 = CARTESIAN_POINT( '', ( 4.91078643762690, -3.53579208280703, -0.465000000000000 ) );
#7075 = VECTOR( '', #7960, 1000.00000000000 );
#7076 = COLOUR_RGB( '', 0.200000002980232, 0.200000002980232, 0.200000002980232 );
#7077 = CARTESIAN_POINT( '', ( 3.32000000000000, 4.25000000000000, -14.8166881514749 ) );
#7078 = VECTOR( '', #7961, 1000.00000000000 );
#7079 = CARTESIAN_POINT( '', ( 3.55000000000000, 4.95000000000000, -1.08500000000000 ) );
#7080 = CARTESIAN_POINT( '', ( 2.16375611859824, 0.730996882690280, -1.08500000000000 ) );
#7081 = VECTOR( '', #7962, 1000.00000000000 );
#7082 = CARTESIAN_POINT( '', ( 3.55000000000000, 4.95000000000000, -14.8166881514749 ) );
#7083 = VECTOR( '', #7963, 1000.00000000000 );
#7084 = COLOUR_RGB( '', 0.200000002980232, 0.200000002980232, 0.200000002980232 );
#7085 = CARTESIAN_POINT( '', ( 5.02500000000000, 4.95000000000000, -1.08500000000000 ) );
#7086 = CARTESIAN_POINT( '', ( -10.6766881514749, 4.95000000000000, -1.08500000000000 ) );
#7087 = VECTOR( '', #7964, 1000.00000000000 );
#7088 = CARTESIAN_POINT( '', ( 5.02500000000000, 4.95000000000000, 2.18500000000000 ) );
#7089 = VECTOR( '', #7965, 1000.00000000000 );
#7090 = COLOUR_RGB( '', 0.200000002980232, 0.200000002980232, 0.200000002980232 );
#7091 = CARTESIAN_POINT( '', ( 2.68000000000000, 3.61000000000000, -14.8166881514749 ) );
#7092 = VECTOR( '', #7966, 1000.00000000000 );
#7093 = CARTESIAN_POINT( '', ( 3.32000000000000, 3.61000000000000, -14.8166881514749 ) );
#7094 = VECTOR( '', #7967, 1000.00000000000 );
#7095 = COLOUR_RGB( '', 0.200000002980232, 0.200000002980232, 0.200000002980232 );
#7096 = CARTESIAN_POINT( '', ( 5.55078643762690, -4.31000000000000, -1.54500000000000 ) );
#7097 = CARTESIAN_POINT( '', ( 0.700223720468626, -9.16056271715829, -6.39556271715828 ) );
#7098 = VECTOR( '', #7968, 1000.00000000000 );
#7099 = CARTESIAN_POINT( '', ( 5.55078643762690, 3.05000000000000, -1.54500000000000 ) );
#7100 = CARTESIAN_POINT( '', ( 5.55078643762690, 3.05000000000000, -1.54500000000000 ) );
#7101 = VECTOR( '', #7969, 1000.00000000000 );
#7102 = CARTESIAN_POINT( '', ( 6.32500000000000, 3.05000000000000, -0.770786437626903 ) );
#7103 = VECTOR( '', #7970, 1000.00000000000 );
#7104 = COLOUR_RGB( '', 0.200000002980232, 0.200000002980232, 0.200000002980232 );
#7105 = CARTESIAN_POINT( '', ( -5.61078643762690, -3.53579208280703, 0.000000000000000 ) );
#7106 = VECTOR( '', #7971, 1000.00000000000 );
#7107 = CARTESIAN_POINT( '', ( -6.32500000000000, -3.53579208280703, -0.465000000000000 ) );
#7108 = CARTESIAN_POINT( '', ( -6.32500000000000, -3.53579208280703, 1.53500000000000 ) );
#7109 = VECTOR( '', #7972, 1000.00000000000 );
#7110 = CARTESIAN_POINT( '', ( -6.32500000000000, -3.53579208280703, -0.465000000000000 ) );
#7111 = VECTOR( '', #7973, 1000.00000000000 );
#7112 = COLOUR_RGB( '', 0.200000002980232, 0.200000002980232, 0.200000002980232 );
#7113 = CARTESIAN_POINT( '', ( -2.10000000000000, 2.75000000000000, -2.18500000000000 ) );
#7114 = CARTESIAN_POINT( '', ( -2.10000000000000, -3.25000000000000, -2.18500000000000 ) );
#7115 = VECTOR( '', #7974, 1000.00000000000 );
#7116 = CARTESIAN_POINT( '', ( -2.10000000000000, 2.75000000000000, -1.54500000000000 ) );
#7117 = VECTOR( '', #7975, 1000.00000000000 );
#7118 = COLOUR_RGB( '', 0.200000002980232, 0.200000002980232, 0.200000002980232 );
#7119 = CARTESIAN_POINT( '', ( 1.90000000000000, 4.25000000000000, 1.51500000000000 ) );
#7120 = CARTESIAN_POINT( '', ( -10.6766881514749, 4.25000000000000, 1.51500000000000 ) );
#7121 = VECTOR( '', #7976, 1000.00000000000 );
#7122 = CARTESIAN_POINT( '', ( 1.90000000000000, 3.85000000000000, 1.51500000000000 ) );
#7123 = CARTESIAN_POINT( '', ( 1.90000000000000, 3.85000000000000, 1.51500000000000 ) );
#7124 = VECTOR( '', #7977, 1000.00000000000 );
#7125 = CARTESIAN_POINT( '', ( 1.10000000000000, 3.85000000000000, 1.51500000000000 ) );
#7126 = VECTOR( '', #7978, 1000.00000000000 );
#7127 = CARTESIAN_POINT( '', ( -10.6766881514749, 4.25000000000000, 1.51500000000000 ) );
#7128 = VECTOR( '', #7979, 1000.00000000000 );
#7129 = COLOUR_RGB( '', 0.200000002980232, 0.200000002980232, 0.200000002980232 );
#7130 = CARTESIAN_POINT( '', ( -5.52500000000000, -1.42500000000000, 16.2366881514749 ) );
#7131 = VECTOR( '', #7980, 1000.00000000000 );
#7132 = COLOUR_RGB( '', 0.200000002980232, 0.200000002980232, 0.200000002980232 );
#7133 = CARTESIAN_POINT( '', ( -2.68000000000000, 4.25000000000000, -1.08500000000000 ) );
#7134 = CARTESIAN_POINT( '', ( -2.68000000000000, 4.25000000000000, -14.8166881514749 ) );
#7135 = VECTOR( '', #7981, 1000.00000000000 );
#7136 = CARTESIAN_POINT( '', ( -2.45000000000000, 4.95000000000000, -1.08500000000000 ) );
#7137 = CARTESIAN_POINT( '', ( -3.25160582651136, 2.51033009322629, -1.08500000000000 ) );
#7138 = VECTOR( '', #7982, 1000.00000000000 );
#7139 = CARTESIAN_POINT( '', ( -2.45000000000000, 4.95000000000000, -14.8166881514749 ) );
#7140 = VECTOR( '', #7983, 1000.00000000000 );
#7141 = COLOUR_RGB( '', 0.200000002980232, 0.200000002980232, 0.200000002980232 );
#7142 = CARTESIAN_POINT( '', ( -5.02500000000000, 3.05000000000000, 1.08962318334794E-015 ) );
#7143 = VECTOR( '', #7984, 1000.00000000000 );
#7144 = CARTESIAN_POINT( '', ( -5.61078643762690, 3.05000000000000, 1.53500000000000 ) );
#7145 = VECTOR( '', #7985, 1000.00000000000 );
#7146 = COLOUR_RGB( '', 0.200000002980232, 0.200000002980232, 0.200000002980232 );
#7147 = CARTESIAN_POINT( '', ( 5.42500000000000, 4.95000000000000, 1.51500000000000 ) );
#7148 = VECTOR( '', #7986, 1000.00000000000 );
#7149 = COLOUR_RGB( '', 0.200000002980232, 0.200000002980232, 0.200000002980232 );
#7150 = COLOUR_RGB( '', 0.200000002980232, 0.200000002980232, 0.200000002980232 );
#7151 = CARTESIAN_POINT( '', ( 4.91078643762690, -1.42500000000001, -0.765000000000000 ) );
#7152 = VECTOR( '', #7987, 1000.00000000000 );
#7153 = CARTESIAN_POINT( '', ( 4.91078643762691, -4.95000000000000, -0.765000000000000 ) );
#7154 = VECTOR( '', #7988, 1000.00000000000 );
#7155 = COLOUR_RGB( '', 0.699999988079071, 0.699999988079071, 0.699999988079071 );
#7156 = CARTESIAN_POINT( '', ( 0.320000000000000, 0.593097562292556, -2.57500000000000 ) );
#7157 = VECTOR( '', #7989, 1000.00000000000 );
#7158 = COLOUR_RGB( '', 0.200000002980232, 0.200000002980232, 0.200000002980232 );
#7159 = CARTESIAN_POINT( '', ( 1.90000000000000, 3.85000000000000, -1.08500000000000 ) );
#7160 = CARTESIAN_POINT( '', ( 1.90000000000000, 3.85000000000000, 1.51500000000000 ) );
#7161 = VECTOR( '', #7990, 1000.00000000000 );
#7162 = CARTESIAN_POINT( '', ( 1.90000000000000, 3.85000000000000, -1.08500000000000 ) );
#7163 = VECTOR( '', #7991, 1000.00000000000 );
#7164 = COLOUR_RGB( '', 0.200000002980232, 0.200000002980232, 0.200000002980232 );
#7165 = CARTESIAN_POINT( '', ( -2.68000000000000, 4.25000000000000, 2.18500000000000 ) );
#7166 = CARTESIAN_POINT( '', ( -2.68000000000000, 4.25000000000000, -14.8166881514749 ) );
#7167 = VECTOR( '', #7992, 1000.00000000000 );
#7168 = CARTESIAN_POINT( '', ( -2.68000000000000, 4.25000000000000, 2.18500000000000 ) );
#7169 = VECTOR( '', #7993, 1000.00000000000 );
#7170 = COLOUR_RGB( '', 0.200000002980232, 0.200000002980232, 0.200000002980232 );
#7171 = CARTESIAN_POINT( '', ( -3.32000000000000, 4.25000000000000, -14.8166881514749 ) );
#7172 = VECTOR( '', #7994, 1000.00000000000 );
#7173 = CARTESIAN_POINT( '', ( -3.32000000000000, 4.25000000000000, -1.08500000000000 ) );
#7174 = VECTOR( '', #7995, 1000.00000000000 );
#7175 = CARTESIAN_POINT( '', ( -3.32000000000000, 4.25000000000000, 2.18500000000000 ) );
#7176 = CARTESIAN_POINT( '', ( -3.32000000000000, 4.25000000000000, -14.8166881514749 ) );
#7177 = VECTOR( '', #7996, 1000.00000000000 );
#7178 = CARTESIAN_POINT( '', ( -3.32000000000000, 3.61000000000000, 2.18500000000000 ) );
#7179 = CARTESIAN_POINT( '', ( -3.32000000000000, 3.61000000000000, 2.18500000000000 ) );
#7180 = VECTOR( '', #7997, 1000.00000000000 );
#7181 = CARTESIAN_POINT( '', ( -3.32000000000000, 3.61000000000000, 0.640000000000000 ) );
#7182 = CARTESIAN_POINT( '', ( -3.32000000000000, 3.61000000000000, -14.8166881514749 ) );
#7183 = VECTOR( '', #7998, 1000.00000000000 );
#7184 = CARTESIAN_POINT( '', ( -3.32000000000000, 18.0516881514748, 0.640000000000000 ) );
#7185 = VECTOR( '', #7999, 1000.00000000000 );
#7186 = CARTESIAN_POINT( '', ( -3.32000000000000, 3.61000000000000, -14.8166881514749 ) );
#7187 = VECTOR( '', #8000, 1000.00000000000 );
#7188 = COLOUR_RGB( '', 0.200000002980232, 0.200000002980232, 0.200000002980232 );
#7189 = CARTESIAN_POINT( '', ( -3.00000000000000, 2.75000000000000, -2.18500000000000 ) );
#7190 = CARTESIAN_POINT( '', ( -3.00000000000000, 2.75000000000000, -2.18500000000000 ) );
#7191 = VECTOR( '', #8001, 1000.00000000000 );
#7192 = CARTESIAN_POINT( '', ( -2.10000000000000, 2.75000000000000, -2.18500000000000 ) );
#7193 = VECTOR( '', #8002, 1000.00000000000 );
#7194 = COLOUR_RGB( '', 0.200000002980232, 0.200000002980232, 0.200000002980232 );
#7195 = CARTESIAN_POINT( '', ( -4.91078643762692, -4.95000000000000, -0.465000000000000 ) );
#7196 = VECTOR( '', #8003, 1000.00000000000 );
#7197 = COLOUR_RGB( '', 0.699999988079071, 0.699999988079071, 0.699999988079071 );
#7198 = CARTESIAN_POINT( '', ( 0.335000000000000, -0.635000000000000, -2.59000000000000 ) );
#7199 = CARTESIAN_POINT( '', ( 3.10500000000000, -0.635000000000000, -2.59000000000000 ) );
#7200 = VECTOR( '', #8004, 1000.00000000000 );
#7201 = AXIS2_PLACEMENT_3D( '', #8005, #8006, #8007 );
#7202 = CARTESIAN_POINT( '', ( -0.305000000000000, -0.635000000000000, -1.95000000000000 ) );
#7203 = VECTOR( '', #8008, 1000.00000000000 );
#7204 = AXIS2_PLACEMENT_3D( '', #8009, #8010, #8011 );
#7205 = COLOUR_RGB( '', 0.200000002980232, 0.200000002980232, 0.200000002980232 );
#7206 = CARTESIAN_POINT( '', ( -5.02500000000000, 4.25000000000000, -14.8166881514748 ) );
#7207 = VECTOR( '', #8012, 1000.00000000000 );
#7208 = COLOUR_RGB( '', 0.200000002980232, 0.200000002980232, 0.200000002980232 );
#7209 = CARTESIAN_POINT( '', ( -2.68000000000000, 3.61000000000000, 0.640000000000000 ) );
#7210 = CARTESIAN_POINT( '', ( -2.68000000000000, 18.0516881514748, 0.640000000000000 ) );
#7211 = VECTOR( '', #8013, 1000.00000000000 );
#7212 = CARTESIAN_POINT( '', ( -2.68000000000000, 3.61000000000000, 0.640000000000000 ) );
#7213 = VECTOR( '', #8014, 1000.00000000000 );
#7214 = COLOUR_RGB( '', 0.200000002980232, 0.200000002980232, 0.200000002980232 );
#7215 = CARTESIAN_POINT( '', ( 0.320000000000000, 3.61000000000000, 0.640000000000000 ) );
#7216 = CARTESIAN_POINT( '', ( 0.320000000000000, 18.0516881514748, 0.640000000000000 ) );
#7217 = VECTOR( '', #8015, 1000.00000000000 );
#7218 = CARTESIAN_POINT( '', ( 0.320000000000000, 3.61000000000000, 2.18500000000000 ) );
#7219 = CARTESIAN_POINT( '', ( 0.320000000000000, 3.61000000000000, -14.8166881514749 ) );
#7220 = VECTOR( '', #8016, 1000.00000000000 );
#7221 = CARTESIAN_POINT( '', ( 0.320000000000000, 4.25000000000000, 2.18500000000000 ) );
#7222 = VECTOR( '', #8017, 1000.00000000000 );
#7223 = CARTESIAN_POINT( '', ( 0.320000000000000, 4.25000000000000, -14.8166881514749 ) );
#7224 = VECTOR( '', #8018, 1000.00000000000 );
#7225 = COLOUR_RGB( '', 0.699999988079071, 0.699999988079071, 0.699999988079071 );
#7226 = CARTESIAN_POINT( '', ( 0.320000000000000, 1.23309756229255, -1.07500000000000 ) );
#7227 = VECTOR( '', #8019, 1000.00000000000 );
#7228 = CARTESIAN_POINT( '', ( 0.320000000000000, 1.23309756229256, -1.93500000000000 ) );
#7229 = VECTOR( '', #8020, 1000.00000000000 );
#7230 = COLOUR_RGB( '', 0.200000002980232, 0.200000002980232, 0.200000002980232 );
#7231 = CARTESIAN_POINT( '', ( -0.320000000000000, 3.61000000000000, 2.18500000000000 ) );
#7232 = CARTESIAN_POINT( '', ( -0.320000000000000, 3.61000000000000, 2.18500000000000 ) );
#7233 = VECTOR( '', #8021, 1000.00000000000 );
#7234 = CARTESIAN_POINT( '', ( -0.320000000000000, 3.61000000000000, 0.640000000000000 ) );
#7235 = CARTESIAN_POINT( '', ( -0.320000000000000, 3.61000000000000, -14.8166881514749 ) );
#7236 = VECTOR( '', #8022, 1000.00000000000 );
#7237 = CARTESIAN_POINT( '', ( -0.320000000000000, 18.0516881514748, 0.640000000000000 ) );
#7238 = VECTOR( '', #8023, 1000.00000000000 );
#7239 = COLOUR_RGB( '', 0.200000002980232, 0.200000002980232, 0.200000002980232 );
#7240 = CARTESIAN_POINT( '', ( -2.68000000000000, 3.61000000000000, 2.18500000000000 ) );
#7241 = CARTESIAN_POINT( '', ( -2.68000000000000, 3.61000000000000, -14.8166881514749 ) );
#7242 = VECTOR( '', #8024, 1000.00000000000 );
#7243 = CARTESIAN_POINT( '', ( -2.68000000000000, 4.25000000000000, 2.18500000000000 ) );
#7244 = VECTOR( '', #8025, 1000.00000000000 );
#7245 = CARTESIAN_POINT( '', ( -2.68000000000000, 4.25000000000000, -1.08500000000000 ) );
#7246 = VECTOR( '', #8026, 1000.00000000000 );
#7247 = CARTESIAN_POINT( '', ( -2.68000000000000, 3.61000000000000, -14.8166881514749 ) );
#7248 = VECTOR( '', #8027, 1000.00000000000 );
#7249 = COLOUR_RGB( '', 0.200000002980232, 0.200000002980232, 0.200000002980232 );
#7250 = CARTESIAN_POINT( '', ( -3.55000000000000, 4.95000000000000, 2.18500000000000 ) );
#7251 = CARTESIAN_POINT( '', ( -3.55000000000000, 4.95000000000000, -14.8166881514749 ) );
#7252 = VECTOR( '', #8028, 1000.00000000000 );
#7253 = CARTESIAN_POINT( '', ( -3.32000000000000, 4.25000000000000, 2.18500000000000 ) );
#7254 = VECTOR( '', #8029, 1000.00000000000 );
#7255 = COLOUR_RGB( '', 0.200000002980232, 0.200000002980232, 0.200000002980232 );
#7256 = CARTESIAN_POINT( '', ( 2.68000000000000, 4.25000000000000, -1.08500000000000 ) );
#7257 = CARTESIAN_POINT( '', ( 1.17093976199481, 8.84279202871146, -1.08500000000000 ) );
#7258 = VECTOR( '', #8030, 1000.00000000000 );
#7259 = CARTESIAN_POINT( '', ( 2.68000000000000, 4.25000000000000, -14.8166881514749 ) );
#7260 = VECTOR( '', #8031, 1000.00000000000 );
#7261 = COLOUR_RGB( '', 0.699999988079071, 0.699999988079071, 0.699999988079071 );
#7262 = COLOUR_RGB( '', 0.200000002980232, 0.200000002980232, 0.200000002980232 );
#7263 = CARTESIAN_POINT( '', ( 1.30000000000000, -1.40000000000000, 2.18500000000000 ) );
#7264 = CARTESIAN_POINT( '', ( 1.30000000000000, -4.15000000000000, 2.18500000000000 ) );
#7265 = VECTOR( '', #8032, 1000.00000000000 );
#7266 = CARTESIAN_POINT( '', ( -1.30000000000000, -1.40000000000000, 2.18500000000000 ) );
#7267 = CARTESIAN_POINT( '', ( -1.30000000000000, -4.15000000000000, 2.18500000000000 ) );
#7268 = VECTOR( '', #8033, 1000.00000000000 );
#7269 = CARTESIAN_POINT( '', ( 1.30000000000000, -1.40000000000000, 2.18500000000000 ) );
#7270 = VECTOR( '', #8034, 1000.00000000000 );
#7271 = CARTESIAN_POINT( '', ( 2.68000000000000, 3.61000000000000, 2.18500000000000 ) );
#7272 = CARTESIAN_POINT( '', ( 2.68000000000000, 3.61000000000000, 2.18500000000000 ) );
#7273 = VECTOR( '', #8035, 1000.00000000000 );
#7274 = CARTESIAN_POINT( '', ( 0.320000000000000, 3.61000000000000, 2.18500000000000 ) );
#7275 = VECTOR( '', #8036, 1000.00000000000 );
#7276 = CARTESIAN_POINT( '', ( -2.68000000000000, 3.61000000000000, 2.18500000000000 ) );
#7277 = VECTOR( '', #8037, 1000.00000000000 );
#7278 = CARTESIAN_POINT( '', ( -5.02500000000000, 4.95000000000000, 2.18500000000000 ) );
#7279 = CARTESIAN_POINT( '', ( 6.32500000000000, 4.95000000000000, 2.18500000000000 ) );
#7280 = VECTOR( '', #8038, 1000.00000000000 );
#7281 = CARTESIAN_POINT( '', ( -5.02500000000000, 3.45000000000000, 2.18500000000000 ) );
#7282 = CARTESIAN_POINT( '', ( -5.02500000000000, 3.45000000000000, 2.18500000000000 ) );
#7283 = VECTOR( '', #8039, 1000.00000000000 );
#7284 = CARTESIAN_POINT( '', ( -5.42500000000000, 3.45000000000000, 2.18500000000000 ) );
#7285 = VECTOR( '', #8040, 1000.00000000000 );
#7286 = CARTESIAN_POINT( '', ( -6.32500000000000, 4.95000000000000, 2.18500000000000 ) );
#7287 = CARTESIAN_POINT( '', ( 6.32500000000000, 4.95000000000000, 2.18500000000000 ) );
#7288 = VECTOR( '', #8041, 1000.00000000000 );
#7289 = CARTESIAN_POINT( '', ( -6.32500000000000, -4.95000000000000, 2.18500000000000 ) );
#7290 = VECTOR( '', #8042, 1000.00000000000 );
#7291 = CARTESIAN_POINT( '', ( 4.91078643762691, -4.95000000000000, 2.18500000000000 ) );
#7292 = VECTOR( '', #8043, 1000.00000000000 );
#7293 = CARTESIAN_POINT( '', ( 5.42500000000000, 3.45000000000000, 2.18500000000000 ) );
#7294 = CARTESIAN_POINT( '', ( 5.42500000000000, 4.95000000000000, 2.18500000000000 ) );
#7295 = VECTOR( '', #8044, 1000.00000000000 );
#7296 = CARTESIAN_POINT( '', ( 5.02500000000000, 3.45000000000000, 2.18500000000000 ) );
#7297 = CARTESIAN_POINT( '', ( 5.42500000000000, 3.45000000000000, 2.18500000000000 ) );
#7298 = VECTOR( '', #8045, 1000.00000000000 );
#7299 = CARTESIAN_POINT( '', ( 5.02500000000000, 3.45000000000000, 2.18500000000000 ) );
#7300 = VECTOR( '', #8046, 1000.00000000000 );
#7301 = CARTESIAN_POINT( '', ( 3.32000000000000, 3.61000000000000, 2.18500000000000 ) );
#7302 = CARTESIAN_POINT( '', ( 3.32000000000000, 4.25000000000000, 2.18500000000000 ) );
#7303 = VECTOR( '', #8047, 1000.00000000000 );
#7304 = CARTESIAN_POINT( '', ( 3.32000000000000, 3.61000000000000, 2.18500000000000 ) );
#7305 = VECTOR( '', #8048, 1000.00000000000 );
#7306 = COLOUR_RGB( '', 0.200000002980232, 0.200000002980232, 0.200000002980232 );
#7307 = CARTESIAN_POINT( '', ( -6.32500000000000, 4.95000000000000, 2.18500000000000 ) );
#7308 = VECTOR( '', #8049, 1000.00000000000 );
#7309 = COLOUR_RGB( '', 0.200000002980232, 0.200000002980232, 0.200000002980232 );
#7310 = CARTESIAN_POINT( '', ( -5.02500000000000, 3.45000000000000, -14.8166881514748 ) );
#7311 = VECTOR( '', #8050, 1000.00000000000 );
#7312 = CARTESIAN_POINT( '', ( -5.02500000000000, 3.45000000000000, -14.8166881514748 ) );
#7313 = VECTOR( '', #8051, 1000.00000000000 );
#7314 = CARTESIAN_POINT( '', ( -5.02500000000000, 4.95000000000000, -14.8166881514748 ) );
#7315 = VECTOR( '', #8052, 1000.00000000000 );
#7316 = COLOUR_RGB( '', 0.200000002980232, 0.200000002980232, 0.200000002980232 );
#7317 = CARTESIAN_POINT( '', ( -1.30000000000000, -1.65000000000000, 2.43500000000000 ) );
#7318 = CARTESIAN_POINT( '', ( -1.30000000000000, -1.65000000000000, 2.43500000000000 ) );
#7319 = VECTOR( '', #8053, 1000.00000000000 );
#7320 = AXIS2_PLACEMENT_3D( '', #8054, #8055, #8056 );
#7321 = COLOUR_RGB( '', 0.200000002980232, 0.200000002980232, 0.200000002980232 );
#7322 = COLOUR_RGB( '', 0.200000002980232, 0.200000002980232, 0.200000002980232 );
#7323 = CARTESIAN_POINT( '', ( 1.30000000000000, -1.65000000000000, 2.43500000000000 ) );
#7324 = CARTESIAN_POINT( '', ( 1.30000000000000, -1.65000000000000, 2.43500000000000 ) );
#7325 = VECTOR( '', #8057, 1000.00000000000 );
#7326 = CARTESIAN_POINT( '', ( 1.30000000000000, -1.65000000000000, 2.43500000000000 ) );
#7327 = VECTOR( '', #8058, 1000.00000000000 );
#7328 = COLOUR_RGB( '', 0.200000002980232, 0.200000002980232, 0.200000002980232 );
#7329 = CARTESIAN_POINT( '', ( -10.6766881514749, 4.95000000000000, -1.08500000000000 ) );
#7330 = VECTOR( '', #8059, 1000.00000000000 );
#7331 = CARTESIAN_POINT( '', ( -1.90000000000000, 4.25000000000000, -1.08500000000000 ) );
#7332 = CARTESIAN_POINT( '', ( -10.6766881514749, 4.25000000000000, -1.08500000000000 ) );
#7333 = VECTOR( '', #8060, 1000.00000000000 );
#7334 = CARTESIAN_POINT( '', ( -1.90000000000000, 3.85000000000000, -1.08500000000000 ) );
#7335 = CARTESIAN_POINT( '', ( -1.90000000000000, 3.85000000000000, -1.08500000000000 ) );
#7336 = VECTOR( '', #8061, 1000.00000000000 );
#7337 = CARTESIAN_POINT( '', ( -1.10000000000000, 3.85000000000000, -1.08500000000000 ) );
#7338 = VECTOR( '', #8062, 1000.00000000000 );
#7339 = COLOUR_RGB( '', 0.200000002980232, 0.200000002980232, 0.200000002980232 );
#7340 = AXIS2_PLACEMENT_3D( '', #8063, #8064, #8065 );
#7341 = COLOUR_RGB( '', 0.200000002980232, 0.200000002980232, 0.200000002980232 );
#7342 = CARTESIAN_POINT( '', ( 5.61078643762705, -1.42500000000000, 0.535000000000000 ) );
#7343 = VECTOR( '', #8066, 1000.00000000000 );
#7344 = COLOUR_RGB( '', 0.200000002980232, 0.200000002980232, 0.200000002980232 );
#7345 = CARTESIAN_POINT( '', ( 5.42500000000000, 0.724999999999969, 0.515000000000000 ) );
#7346 = CARTESIAN_POINT( '', ( 5.42500000000000, 3.45000000000000, 0.515000000000000 ) );
#7347 = CARTESIAN_POINT( '', ( 5.42500000000000, -13.5516881514749, 0.515000000000000 ) );
#7348 = VECTOR( '', #8067, 1000.00000000000 );
#7349 = CARTESIAN_POINT( '', ( 5.02500000000000, 3.45000000000000, 0.515000000000000 ) );
#7350 = CARTESIAN_POINT( '', ( 5.02500000000000, 3.45000000000000, 0.515000000000000 ) );
#7351 = VECTOR( '', #8068, 1000.00000000000 );
#7352 = CARTESIAN_POINT( '', ( 5.02500000000000, 0.724999999999984, 0.515000000000000 ) );
#7353 = CARTESIAN_POINT( '', ( 5.02500000000000, -13.5516881514749, 0.515000000000000 ) );
#7354 = VECTOR( '', #8069, 1000.00000000000 );
#7355 = CARTESIAN_POINT( '', ( 5.52500000000000, 0.724999999999966, 0.515000000000000 ) );
#7356 = VECTOR( '', #8070, 1000.00000000000 );
#7357 = COLOUR_RGB( '', 0.699999988079071, 0.699999988079071, 0.699999988079071 );
#7358 = CARTESIAN_POINT( '', ( 0.221960784313726, -5.28627450980392, -0.221960784313725 ) );
#7359 = VECTOR( '', #8071, 1000.00000000000 );
#7360 = COLOUR_RGB( '', 0.699999988079071, 0.699999988079071, 0.699999988079071 );
#7361 = CARTESIAN_POINT( '', ( 0.335000000000000, -0.635000000000000, -2.59000000000000 ) );
#7362 = VECTOR( '', #8072, 1000.00000000000 );
#7363 = COLOUR_RGB( '', 0.200000002980232, 0.200000002980232, 0.200000002980232 );
#7364 = CARTESIAN_POINT( '', ( 5.42500000000000, 4.95000000000000, 2.18500000000000 ) );
#7365 = VECTOR( '', #8073, 1000.00000000000 );
#7366 = COLOUR_RGB( '', 0.200000002980232, 0.200000002980232, 0.200000002980232 );
#7367 = CARTESIAN_POINT( '', ( 5.02500000000000, 3.45000000000000, -1.08500000000000 ) );
#7368 = VECTOR( '', #8074, 1000.00000000000 );
#7369 = CARTESIAN_POINT( '', ( 5.02500000000000, 3.45000000000000, 1.51500000000000 ) );
#7370 = VECTOR( '', #8075, 1000.00000000000 );
#7371 = CARTESIAN_POINT( '', ( 5.02500000000000, 3.45000000000000, -14.8166881514748 ) );
#7372 = VECTOR( '', #8076, 1000.00000000000 );
#7373 = CARTESIAN_POINT( '', ( 5.02500000000000, 0.724999999999984, 16.2366881514749 ) );
#7374 = VECTOR( '', #8077, 1000.00000000000 );
#7375 = CARTESIAN_POINT( '', ( 5.02500000000000, 3.45000000000000, -14.8166881514748 ) );
#7376 = VECTOR( '', #8078, 1000.00000000000 );
#7377 = COLOUR_RGB( '', 0.200000002980232, 0.200000002980232, 0.200000002980232 );
#7378 = CARTESIAN_POINT( '', ( 3.32000000000000, 3.61000000000000, -14.8166881514749 ) );
#7379 = VECTOR( '', #8079, 1000.00000000000 );
#7380 = COLOUR_RGB( '', 0.200000002980232, 0.200000002980232, 0.200000002980232 );
#7381 = CARTESIAN_POINT( '', ( 5.42500000000000, 3.05000000000000, -1.54500000000000 ) );
#7382 = VECTOR( '', #8080, 1000.00000000000 );
#7383 = CARTESIAN_POINT( '', ( 5.42500000000000, 3.45000000000000, -14.8166881514748 ) );
#7384 = VECTOR( '', #8081, 1000.00000000000 );
#7385 = CARTESIAN_POINT( '', ( 5.42500000000000, 0.724999999999970, 0.535000000000000 ) );
#7386 = CARTESIAN_POINT( '', ( 5.42500000000000, 0.724999999999970, 16.2366881514749 ) );
#7387 = VECTOR( '', #8082, 1000.00000000000 );
#7388 = CARTESIAN_POINT( '', ( 5.42500000000000, 3.05000000000000, 0.535000000000000 ) );
#7389 = VECTOR( '', #8083, 1000.00000000000 );
#7390 = CARTESIAN_POINT( '', ( 5.42500000000000, 3.45000000000000, -14.8166881514748 ) );
#7391 = VECTOR( '', #8084, 1000.00000000000 );
#7392 = COLOUR_RGB( '', 0.200000002980232, 0.200000002980232, 0.200000002980232 );
#7393 = CARTESIAN_POINT( '', ( -1.90000000000000, 4.25000000000000, -1.08500000000000 ) );
#7394 = VECTOR( '', #8085, 1000.00000000000 );
#7395 = CARTESIAN_POINT( '', ( -1.90000000000000, 3.85000000000000, -1.08500000000000 ) );
#7396 = VECTOR( '', #8086, 1000.00000000000 );
#7397 = COLOUR_RGB( '', 0.200000002980232, 0.200000002980232, 0.200000002980232 );
#7398 = COLOUR_RGB( '', 0.200000002980232, 0.200000002980232, 0.200000002980232 );
#7399 = CARTESIAN_POINT( '', ( 4.91078643762691, -4.95000000000000, -1.54500000000000 ) );
#7400 = VECTOR( '', #8087, 1000.00000000000 );
#7401 = CARTESIAN_POINT( '', ( 5.42500000000000, 3.05000000000000, -1.54500000000000 ) );
#7402 = VECTOR( '', #8088, 1000.00000000000 );
#7403 = COLOUR_RGB( '', 0.200000002980232, 0.200000002980232, 0.200000002980232 );
#7404 = CARTESIAN_POINT( '', ( 1.90000000000000, 4.25000000000000, -1.08500000000000 ) );
#7405 = CARTESIAN_POINT( '', ( 1.90000000000000, 4.25000000000000, 1.51500000000000 ) );
#7406 = VECTOR( '', #8089, 1000.00000000000 );
#7407 = CARTESIAN_POINT( '', ( 2.68000000000000, 4.25000000000000, -14.8166881514749 ) );
#7408 = VECTOR( '', #8090, 1000.00000000000 );
#7409 = CARTESIAN_POINT( '', ( -10.6766881514749, 4.25000000000000, -1.08500000000000 ) );
#7410 = VECTOR( '', #8091, 1000.00000000000 );
#7411 = COLOUR_RGB( '', 0.200000002980232, 0.200000002980232, 0.200000002980232 );
#7412 = CARTESIAN_POINT( '', ( 3.00000000000000, 2.75000000000000, -1.54500000000000 ) );
#7413 = VECTOR( '', #8092, 1000.00000000000 );
#7414 = COLOUR_RGB( '', 0.200000002980232, 0.200000002980232, 0.200000002980232 );
#7415 = CARTESIAN_POINT( '', ( 2.68000000000000, 3.61000000000000, -14.8166881514749 ) );
#7416 = VECTOR( '', #8093, 1000.00000000000 );
#7417 = COLOUR_RGB( '', 0.699999988079071, 0.699999988079071, 0.699999988079071 );
#7418 = CARTESIAN_POINT( '', ( 0.320000000000000, 2.79309756229256, -1.93500000000000 ) );
#7419 = VECTOR( '', #8094, 1000.00000000000 );
#7420 = CARTESIAN_POINT( '', ( 0.320000000000000, 2.79309756229256, -2.57500000000000 ) );
#7421 = VECTOR( '', #8095, 1000.00000000000 );
#7422 = COLOUR_RGB( '', 0.699999988079071, 0.699999988079071, 0.699999988079071 );
#7423 = COLOUR_RGB( '', 0.200000002980232, 0.200000002980232, 0.200000002980232 );
#7424 = COLOUR_RGB( '', 0.699999988079071, 0.699999988079071, 0.699999988079071 );
#7425 = COLOUR_RGB( '', 0.699999988079071, 0.699999988079071, 0.699999988079071 );
#7426 = COLOUR_RGB( '', 0.699999988079071, 0.699999988079071, 0.699999988079071 );
#7427 = CARTESIAN_POINT( '', ( 0.305000000000000, -0.788102228111300, 1.20000000000000 ) );
#7428 = VECTOR( '', #8096, 1000.00000000000 );
#7429 = COLOUR_RGB( '', 0.699999988079071, 0.699999988079071, 0.699999988079071 );
#7430 = CARTESIAN_POINT( '', ( 0.305000000000000, -1.07500000000000, 0.913102228111296 ) );
#7431 = VECTOR( '', #8097, 1000.00000000000 );
#7432 = COLOUR_RGB( '', 0.200000002980232, 0.200000002980232, 0.200000002980232 );
#7433 = COLOUR_RGB( '', 0.200000002980232, 0.200000002980232, 0.200000002980232 );
#7434 = CARTESIAN_POINT( '', ( 0.320000000000000, 3.61000000000000, 0.640000000000000 ) );
#7435 = VECTOR( '', #8098, 1000.00000000000 );
#7436 = COLOUR_RGB( '', 0.699999988079071, 0.699999988079071, 0.699999988079071 );
#7437 = COLOUR_RGB( '', 0.200000002980232, 0.200000002980232, 0.200000002980232 );
#7438 = COLOUR_RGB( '', 0.200000002980232, 0.200000002980232, 0.200000002980232 );
#7439 = COLOUR_RGB( '', 0.200000002980232, 0.200000002980232, 0.200000002980232 );
#7440 = COLOUR_RGB( '', 0.200000002980232, 0.200000002980232, 0.200000002980232 );
#7441 = CARTESIAN_POINT( '', ( -5.55078643762690, -4.31000000000000, -1.54500000000000 ) );
#7442 = CARTESIAN_POINT( '', ( -5.55078643762690, 3.05000000000000, -1.54500000000000 ) );
#7443 = VECTOR( '', #8099, 1000.00000000000 );
#7444 = CARTESIAN_POINT( '', ( -6.32500000000000, -3.53578643762691, -0.770786437626901 ) );
#7445 = CARTESIAN_POINT( '', ( -0.700223720468620, -9.16056271715828, -6.39556271715828 ) );
#7446 = VECTOR( '', #8100, 1000.00000000000 );
#7447 = CARTESIAN_POINT( '', ( -6.32500000000000, 3.05000000000000, -0.770786437626903 ) );
#7448 = VECTOR( '', #8101, 1000.00000000000 );
#7449 = COLOUR_RGB( '', 0.200000002980232, 0.200000002980232, 0.200000002980232 );
#7450 = CARTESIAN_POINT( '', ( -5.52500000000000, -4.33578643762691, -1.54500000000000 ) );
#7451 = CARTESIAN_POINT( '', ( -5.52500000000000, 3.05000000000000, -1.54500000000000 ) );
#7452 = VECTOR( '', #8102, 1000.00000000000 );
#7453 = CARTESIAN_POINT( '', ( -4.91078643762690, -4.95000000000000, -1.54500000000000 ) );
#7454 = VECTOR( '', #8103, 1000.00000000000 );
#7455 = COLOUR_RGB( '', 0.699999988079071, 0.699999988079071, 0.699999988079071 );
#7456 = COLOUR_RGB( '', 0.200000002980232, 0.200000002980232, 0.200000002980232 );
#7457 = COLOUR_RGB( '', 0.200000002980232, 0.200000002980232, 0.200000002980232 );
#7458 = COLOUR_RGB( '', 0.699999988079071, 0.699999988079071, 0.699999988079071 );
#7459 = COLOUR_RGB( '', 0.200000002980232, 0.200000002980232, 0.200000002980232 );
#7460 = CARTESIAN_POINT( '', ( 4.27500000000000, 1.05000000000000, 1.59500000000000 ) );
#7461 = VECTOR( '', #8104, 1000.00000000000 );
#7462 = COLOUR_RGB( '', 0.200000002980232, 0.200000002980232, 0.200000002980232 );
#7463 = CARTESIAN_POINT( '', ( 4.91078643762691, 3.05000000000000, -0.765000000000000 ) );
#7464 = VECTOR( '', #8105, 1000.00000000000 );
#7465 = COLOUR_RGB( '', 0.699999988079071, 0.699999988079071, 0.699999988079071 );
#7466 = COLOUR_RGB( '', 0.200000002980232, 0.200000002980232, 0.200000002980232 );
#7467 = COLOUR_RGB( '', 0.200000002980232, 0.200000002980232, 0.200000002980232 );
#7468 = COLOUR_RGB( '', 0.200000002980232, 0.200000002980232, 0.200000002980232 );
#7469 = CARTESIAN_POINT( '', ( 4.91078643762691, -4.95000000000000, -0.465000000000000 ) );
#7470 = VECTOR( '', #8106, 1000.00000000000 );
#7471 = COLOUR_RGB( '', 0.200000002980232, 0.200000002980232, 0.200000002980232 );
#7472 = COLOUR_RGB( '', 0.200000002980232, 0.200000002980232, 0.200000002980232 );
#7473 = COLOUR_RGB( '', 0.200000002980232, 0.200000002980232, 0.200000002980232 );
#7474 = CARTESIAN_POINT( '', ( -5.52500000000000, -4.33578643762690, -14.8166881514748 ) );
#7475 = VECTOR( '', #8107, 1000.00000000000 );
#7476 = CARTESIAN_POINT( '', ( -5.52500000000000, 3.05000000000000, -0.765000000000000 ) );
#7477 = VECTOR( '', #8108, 1000.00000000000 );
#7478 = COLOUR_RGB( '', 0.699999988079071, 0.699999988079071, 0.699999988079071 );
#7479 = COLOUR_RGB( '', 0.200000002980232, 0.200000002980232, 0.200000002980232 );
#7480 = COLOUR_RGB( '', 0.200000002980232, 0.200000002980232, 0.200000002980232 );
#7481 = CARTESIAN_POINT( '', ( -10.6766881514749, 4.25000000000000, -1.08500000000000 ) );
#7482 = VECTOR( '', #8109, 1000.00000000000 );
#7483 = CARTESIAN_POINT( '', ( 1.90000000000000, 3.85000000000000, -1.08500000000000 ) );
#7484 = VECTOR( '', #8110, 1000.00000000000 );
#7485 = COLOUR_RGB( '', 0.200000002980232, 0.200000002980232, 0.200000002980232 );
#7486 = CARTESIAN_POINT( '', ( 4.91078643762691, -4.95000000000000, 1.53500000000000 ) );
#7487 = VECTOR( '', #8111, 1000.00000000000 );
#7488 = COLOUR_RGB( '', 0.200000002980232, 0.200000002980232, 0.200000002980232 );
#7489 = COLOUR_RGB( '', 0.200000002980232, 0.200000002980232, 0.200000002980232 );
#7490 = COLOUR_RGB( '', 0.200000002980232, 0.200000002980232, 0.200000002980232 );
#7491 = COLOUR_RGB( '', 0.200000002980232, 0.200000002980232, 0.200000002980232 );
#7492 = COLOUR_RGB( '', 0.200000002980232, 0.200000002980232, 0.200000002980232 );
#7493 = COLOUR_RGB( '', 0.200000002980232, 0.200000002980232, 0.200000002980232 );
#7494 = COLOUR_RGB( '', 0.200000002980232, 0.200000002980232, 0.200000002980232 );
#7495 = COLOUR_RGB( '', 0.200000002980232, 0.200000002980232, 0.200000002980232 );
#7496 = CARTESIAN_POINT( '', ( -3.00000000000000, 2.75000000000000, -1.54500000000000 ) );
#7497 = VECTOR( '', #8112, 1000.00000000000 );
#7498 = COLOUR_RGB( '', 0.200000002980232, 0.200000002980232, 0.200000002980232 );
#7499 = COLOUR_RGB( '', 0.200000002980232, 0.200000002980232, 0.200000002980232 );
#7500 = CARTESIAN_POINT( '', ( -6.32500000000000, -3.53578643762691, -3.09778370676354E-016 ) );
#7501 = VECTOR( '', #8113, 1000.00000000000 );
#7502 = COLOUR_RGB( '', 0.699999988079071, 0.699999988079071, 0.699999988079071 );
#7503 = COLOUR_RGB( '', 0.200000002980232, 0.200000002980232, 0.200000002980232 );
#7504 = COLOUR_RGB( '', 0.200000002980232, 0.200000002980232, 0.200000002980232 );
#7505 = COLOUR_RGB( '', 0.200000002980232, 0.200000002980232, 0.200000002980232 );
#7506 = COLOUR_RGB( '', 0.200000002980232, 0.200000002980232, 0.200000002980232 );
#7507 = CARTESIAN_POINT( '', ( 5.52500000000000, 0.724999999999966, -0.765000000000000 ) );
#7508 = VECTOR( '', #8114, 1000.00000000000 );
#7509 = COLOUR_RGB( '', 0.200000002980232, 0.200000002980232, 0.200000002980232 );
#7510 = COLOUR_RGB( '', 0.699999988079071, 0.699999988079071, 0.699999988079071 );
#7511 = COLOUR_RGB( '', 0.699999988079071, 0.699999988079071, 0.699999988079071 );
#7512 = COLOUR_RGB( '', 0.200000002980232, 0.200000002980232, 0.200000002980232 );
#7513 = CARTESIAN_POINT( '', ( 5.61078643762682, 0.724999999999963, 0.535000000000000 ) );
#7514 = VECTOR( '', #8115, 1000.00000000000 );
#7515 = COLOUR_RGB( '', 0.200000002980232, 0.200000002980232, 0.200000002980232 );
#7516 = COLOUR_RGB( '', 0.200000002980232, 0.200000002980232, 0.200000002980232 );
#7517 = COLOUR_RGB( '', 0.200000002980232, 0.200000002980232, 0.200000002980232 );
#7518 = DIRECTION( '', ( 1.00000000000000, 0.000000000000000, 0.000000000000000 ) );
#7519 = DIRECTION( '', ( 0.000000000000000, 0.000000000000000, -1.00000000000000 ) );
#7520 = DIRECTION( '', ( 1.00000000000000, 0.000000000000000, 0.000000000000000 ) );
#7521 = DIRECTION( '', ( 0.000000000000000, 0.000000000000000, -1.00000000000000 ) );
#7522 = DIRECTION( '', ( 0.000000000000000, 1.00000000000000, 8.76122967665054E-017 ) );
#7523 = DIRECTION( '', ( 1.00000000000000, 0.000000000000000, 0.000000000000000 ) );
#7524 = DIRECTION( '', ( 0.000000000000000, -1.00000000000000, -8.76122967665054E-017 ) );
#7525 = DIRECTION( '', ( -1.00000000000000, 0.000000000000000, 0.000000000000000 ) );
#7526 = DIRECTION( '', ( -1.00000000000000, 0.000000000000000, 0.000000000000000 ) );
#7527 = DIRECTION( '', ( 0.000000000000000, -1.00000000000000, 0.000000000000000 ) );
#7528 = DIRECTION( '', ( -1.00000000000000, 0.000000000000000, 0.000000000000000 ) );
#7529 = DIRECTION( '', ( 0.000000000000000, -1.00000000000000, 0.000000000000000 ) );
#7530 = DIRECTION( '', ( -0.140028008402801, 0.980196058819607, -0.140028008402801 ) );
#7531 = DIRECTION( '', ( 0.000000000000000, 0.000000000000000, -1.00000000000000 ) );
#7532 = DIRECTION( '', ( 0.140028008402801, -0.980196058819607, -0.140028008402801 ) );
#7533 = DIRECTION( '', ( 0.000000000000000, 0.000000000000000, 1.00000000000000 ) );
#7534 = CARTESIAN_POINT( '', ( 2.81500000000000, 0.345000000000000, -1.98000000000000 ) );
#7535 = DIRECTION( '', ( -6.26253962446501E-016, 0.000000000000000, 1.00000000000000 ) );
#7536 = DIRECTION( '', ( 1.00000000000000, 0.000000000000000, 6.26253962446501E-016 ) );
#7537 = DIRECTION( '', ( 0.000000000000000, 0.000000000000000, -1.00000000000000 ) );
#7538 = CARTESIAN_POINT( '', ( 2.81500000000000, 0.345000000000000, -2.59000000000000 ) );
#7539 = DIRECTION( '', ( 1.56563490611625E-016, 0.000000000000000, -1.00000000000000 ) );
#7540 = DIRECTION( '', ( -1.00000000000000, 0.000000000000000, -1.56563490611625E-016 ) );
#7541 = DIRECTION( '', ( 0.000000000000000, 0.000000000000000, -1.00000000000000 ) );
#7542 = DIRECTION( '', ( 1.00000000000000, -3.53037522745846E-014, 3.09772049281574E-016 ) );
#7543 = DIRECTION( '', ( 0.000000000000000, 1.00000000000000, 0.000000000000000 ) );
#7544 = DIRECTION( '', ( -1.00000000000000, 0.000000000000000, -3.09772049281574E-016 ) );
#7545 = DIRECTION( '', ( 0.000000000000000, -1.00000000000000, 0.000000000000000 ) );
#7546 = CARTESIAN_POINT( '', ( 2.81500000000000, -0.345000000000000, -1.98000000000000 ) );
#7547 = DIRECTION( '', ( -6.26253962446501E-016, 0.000000000000000, 1.00000000000000 ) );
#7548 = DIRECTION( '', ( 1.00000000000000, 0.000000000000000, 6.26253962446501E-016 ) );
#7549 = DIRECTION( '', ( 0.000000000000000, 0.000000000000000, -1.00000000000000 ) );
#7550 = CARTESIAN_POINT( '', ( 2.81500000000000, -0.345000000000000, -2.59000000000000 ) );
#7551 = DIRECTION( '', ( 1.56563490611625E-016, 0.000000000000000, -1.00000000000000 ) );
#7552 = DIRECTION( '', ( -1.00000000000000, 0.000000000000000, -1.56563490611625E-016 ) );
#7553 = DIRECTION( '', ( 0.000000000000000, 0.000000000000000, -1.00000000000000 ) );
#7554 = DIRECTION( '', ( -1.00000000000000, -3.85494105772623E-015, -3.37740239966897E-031 ) );
#7555 = DIRECTION( '', ( -0.707106781186547, 0.000000000000000, 0.707106781186548 ) );
#7556 = DIRECTION( '', ( -6.13317366673349E-016, 0.000000000000000, -1.00000000000000 ) );
#7557 = DIRECTION( '', ( 0.000000000000000, 8.76122967665054E-017, -1.00000000000000 ) );
#7558 = DIRECTION( '', ( 1.00000000000000, 0.000000000000000, 0.000000000000000 ) );
#7559 = DIRECTION( '', ( 0.000000000000000, 0.000000000000000, -1.00000000000000 ) );
#7560 = DIRECTION( '', ( 1.00000000000000, 0.000000000000000, 0.000000000000000 ) );
#7561 = DIRECTION( '', ( 0.000000000000000, 0.000000000000000, 1.00000000000000 ) );
#7562 = DIRECTION( '', ( 0.000000000000000, 0.000000000000000, 1.00000000000000 ) );
#7563 = DIRECTION( '', ( -1.00000000000000, 0.000000000000000, 0.000000000000000 ) );
#7564 = DIRECTION( '', ( 0.000000000000000, 0.000000000000000, -1.00000000000000 ) );
#7565 = DIRECTION( '', ( 1.00000000000000, 0.000000000000000, 0.000000000000000 ) );
#7566 = DIRECTION( '', ( 0.000000000000000, 0.000000000000000, 1.00000000000000 ) );
#7567 = DIRECTION( '', ( 1.00000000000000, 0.000000000000000, 8.47032947254301E-017 ) );
#7568 = DIRECTION( '', ( 0.000000000000000, 0.000000000000000, -1.00000000000000 ) );
#7569 = DIRECTION( '', ( -1.00000000000000, 0.000000000000000, -8.47032947254301E-017 ) );
#7570 = DIRECTION( '', ( 1.00000000000000, 0.000000000000000, 0.000000000000000 ) );
#7571 = DIRECTION( '', ( 0.000000000000000, -1.00000000000000, 0.000000000000000 ) );
#7572 = DIRECTION( '', ( 0.000000000000000, -1.00000000000000, 0.000000000000000 ) );
#7573 = DIRECTION( '', ( 1.00000000000000, 0.000000000000000, 0.000000000000000 ) );
#7574 = DIRECTION( '', ( 0.000000000000000, -8.76122967665054E-017, 1.00000000000000 ) );
#7575 = DIRECTION( '', ( -1.00000000000000, 0.000000000000000, 0.000000000000000 ) );
#7576 = DIRECTION( '', ( 0.000000000000000, -8.76122967665054E-017, 1.00000000000000 ) );
#7577 = DIRECTION( '', ( 0.000000000000000, 0.000000000000000, 1.00000000000000 ) );
#7578 = DIRECTION( '', ( 0.000000000000000, -1.00000000000000, 0.000000000000000 ) );
#7579 = DIRECTION( '', ( 8.67361737988404E-016, 0.000000000000000, 1.00000000000000 ) );
#7580 = DIRECTION( '', ( 0.000000000000000, -1.00000000000000, 0.000000000000000 ) );
#7581 = DIRECTION( '', ( -1.76518761372924E-016, 0.000000000000000, -1.00000000000000 ) );
#7582 = DIRECTION( '', ( 0.000000000000000, -1.00000000000000, 0.000000000000000 ) );
#7583 = DIRECTION( '', ( 0.000000000000000, -1.00000000000000, -8.76122967665054E-017 ) );
#7584 = DIRECTION( '', ( 0.000000000000000, -8.76122967665054E-017, 1.00000000000000 ) );
#7585 = DIRECTION( '', ( 0.000000000000000, -1.00000000000000, 0.000000000000000 ) );
#7586 = DIRECTION( '', ( -1.76518761372924E-016, 0.000000000000000, -1.00000000000000 ) );
#7587 = DIRECTION( '', ( 0.000000000000000, -1.00000000000000, 0.000000000000000 ) );
#7588 = DIRECTION( '', ( 0.000000000000000, 0.000000000000000, 1.00000000000000 ) );
#7589 = DIRECTION( '', ( 0.000000000000000, -1.00000000000000, 0.000000000000000 ) );
#7590 = DIRECTION( '', ( 0.000000000000000, 8.76122967665054E-017, -1.00000000000000 ) );
#7591 = DIRECTION( '', ( 0.707106781186548, -0.707106781186548, -1.19262238973405E-015 ) );
#7592 = DIRECTION( '', ( 0.000000000000000, -8.76122967665054E-017, 1.00000000000000 ) );
#7593 = DIRECTION( '', ( -0.707106781186548, 0.707106781186548, 6.19512491589242E-017 ) );
#7594 = DIRECTION( '', ( -1.00000000000000, 0.000000000000000, 0.000000000000000 ) );
#7595 = DIRECTION( '', ( 0.000000000000000, -1.00000000000000, 0.000000000000000 ) );
#7596 = DIRECTION( '', ( -1.00000000000000, 0.000000000000000, 0.000000000000000 ) );
#7597 = DIRECTION( '', ( 0.000000000000000, -1.00000000000000, 0.000000000000000 ) );
#7598 = DIRECTION( '', ( 0.000000000000000, -8.76122967665054E-017, 1.00000000000000 ) );
#7599 = DIRECTION( '', ( -0.312153288970446, -0.950031749040490, -8.32344635345376E-017 ) );
#7600 = DIRECTION( '', ( 0.000000000000000, -8.76122967665054E-017, 1.00000000000000 ) );
#7601 = DIRECTION( '', ( 0.312153288970446, 0.950031749040490, 2.94293281782829E-016 ) );
#7602 = DIRECTION( '', ( 0.000000000000000, -1.00000000000000, 0.000000000000000 ) );
#7603 = DIRECTION( '', ( -1.00000000000000, 0.000000000000000, -8.47032947254301E-017 ) );
#7604 = DIRECTION( '', ( 0.000000000000000, -1.00000000000000, 0.000000000000000 ) );
#7605 = DIRECTION( '', ( 1.00000000000000, -7.42105019458515E-033, 8.47032947254301E-017 ) );
#7606 = DIRECTION( '', ( 0.000000000000000, -8.76122967665054E-017, 1.00000000000000 ) );
#7607 = DIRECTION( '', ( -0.312153288970447, 0.950031749040490, 8.32344635345376E-017 ) );
#7608 = DIRECTION( '', ( 0.000000000000000, -8.76122967665054E-017, 1.00000000000000 ) );
#7609 = DIRECTION( '', ( 0.312153288970447, -0.950031749040490, -2.94293281782829E-016 ) );
#7610 = DIRECTION( '', ( -1.00000000000000, 0.000000000000000, 0.000000000000000 ) );
#7611 = DIRECTION( '', ( 1.00000000000000, 0.000000000000000, 0.000000000000000 ) );
#7612 = DIRECTION( '', ( 0.000000000000000, 0.000000000000000, 1.00000000000000 ) );
#7613 = DIRECTION( '', ( 0.000000000000000, 0.000000000000000, 1.00000000000000 ) );
#7614 = DIRECTION( '', ( -1.00000000000000, 0.000000000000000, 0.000000000000000 ) );
#7615 = DIRECTION( '', ( 0.000000000000000, 0.000000000000000, 1.00000000000000 ) );
#7616 = DIRECTION( '', ( -1.00000000000000, 0.000000000000000, 0.000000000000000 ) );
#7617 = DIRECTION( '', ( 0.000000000000000, 0.000000000000000, 1.00000000000000 ) );
#7618 = DIRECTION( '', ( -1.00000000000000, 0.000000000000000, 0.000000000000000 ) );
#7619 = DIRECTION( '', ( 0.000000000000000, 0.000000000000000, 1.00000000000000 ) );
#7620 = DIRECTION( '', ( -1.00000000000000, 0.000000000000000, 0.000000000000000 ) );
#7621 = DIRECTION( '', ( 0.000000000000000, -1.00000000000000, 0.000000000000000 ) );
#7622 = DIRECTION( '', ( -1.00000000000000, 0.000000000000000, 0.000000000000000 ) );
#7623 = DIRECTION( '', ( 0.000000000000000, -1.00000000000000, 0.000000000000000 ) );
#7624 = DIRECTION( '', ( 0.000000000000000, 0.000000000000000, -1.00000000000000 ) );
#7625 = DIRECTION( '', ( -1.00000000000000, 0.000000000000000, 0.000000000000000 ) );
#7626 = DIRECTION( '', ( 0.000000000000000, 0.000000000000000, -1.00000000000000 ) );
#7627 = DIRECTION( '', ( -1.00000000000000, 0.000000000000000, 0.000000000000000 ) );
#7628 = DIRECTION( '', ( 1.00000000000000, 0.000000000000000, 0.000000000000000 ) );
#7629 = DIRECTION( '', ( 0.000000000000000, -8.76122967665054E-017, 1.00000000000000 ) );
#7630 = DIRECTION( '', ( 1.00000000000000, 0.000000000000000, 0.000000000000000 ) );
#7631 = DIRECTION( '', ( 1.01322071990069E-031, 0.000000000000000, 1.00000000000000 ) );
#7632 = DIRECTION( '', ( 0.000000000000000, -1.00000000000000, 3.09772049281573E-016 ) );
#7633 = DIRECTION( '', ( 0.000000000000000, 0.000000000000000, 1.00000000000000 ) );
#7634 = DIRECTION( '', ( 0.000000000000000, 1.00000000000000, 3.09772049281573E-016 ) );
#7635 = DIRECTION( '', ( 0.000000000000000, 1.24050591817563E-016, -1.00000000000000 ) );
#7636 = DIRECTION( '', ( 0.000000000000000, 1.00000000000000, 8.76122967665054E-017 ) );
#7637 = DIRECTION( '', ( 0.000000000000000, -8.76122967665054E-017, 1.00000000000000 ) );
#7638 = DIRECTION( '', ( 0.000000000000000, 0.000000000000000, -1.00000000000000 ) );
#7639 = DIRECTION( '', ( 0.000000000000000, -8.76122967665054E-017, 1.00000000000000 ) );
#7640 = DIRECTION( '', ( 0.000000000000000, -1.00000000000000, 0.000000000000000 ) );
#7641 = DIRECTION( '', ( 1.83995210002005E-015, 0.000000000000000, -1.00000000000000 ) );
#7642 = DIRECTION( '', ( 0.000000000000000, -1.00000000000000, -8.76122967665054E-017 ) );
#7643 = DIRECTION( '', ( 0.000000000000000, 1.24050591817563E-016, -1.00000000000000 ) );
#7644 = DIRECTION( '', ( 1.00000000000000, 0.000000000000000, 0.000000000000000 ) );
#7645 = DIRECTION( '', ( 1.00000000000000, 0.000000000000000, 0.000000000000000 ) );
#7646 = DIRECTION( '', ( -1.01322071990069E-031, 0.000000000000000, -1.00000000000000 ) );
#7647 = DIRECTION( '', ( -1.00000000000000, 0.000000000000000, 0.000000000000000 ) );
#7648 = DIRECTION( '', ( 1.00000000000000, 0.000000000000000, 0.000000000000000 ) );
#7649 = DIRECTION( '', ( 1.00000000000000, 0.000000000000000, 0.000000000000000 ) );
#7650 = DIRECTION( '', ( 0.000000000000000, -1.00000000000000, -3.09772049281573E-016 ) );
#7651 = DIRECTION( '', ( 0.000000000000000, -1.00000000000000, -3.09772049281573E-016 ) );
#7652 = DIRECTION( '', ( -1.00000000000000, 0.000000000000000, -6.97955148537546E-015 ) );
#7653 = DIRECTION( '', ( 2.16840434497101E-016, 0.000000000000000, 1.00000000000000 ) );
#7654 = DIRECTION( '', ( 1.00000000000000, 0.000000000000000, -3.71726459137889E-015 ) );
#7655 = DIRECTION( '', ( -1.76518761372924E-016, 0.000000000000000, -1.00000000000000 ) );
#7656 = DIRECTION( '', ( 1.00000000000000, 0.000000000000000, -1.76518761372924E-016 ) );
#7657 = DIRECTION( '', ( 1.00000000000000, 0.000000000000000, -3.71726459137889E-015 ) );
#7658 = DIRECTION( '', ( -2.16840434497102E-016, 0.000000000000000, -1.00000000000000 ) );
#7659 = DIRECTION( '', ( 0.000000000000000, 1.24050591817563E-016, -1.00000000000000 ) );
#7660 = DIRECTION( '', ( 1.00000000000000, 0.000000000000000, 0.000000000000000 ) );
#7661 = DIRECTION( '', ( 0.000000000000000, -8.76122967665054E-017, 1.00000000000000 ) );
#7662 = DIRECTION( '', ( 1.00000000000000, 0.000000000000000, 6.26253962446501E-016 ) );
#7663 = DIRECTION( '', ( -1.00000000000000, 0.000000000000000, -1.56563490611625E-016 ) );
#7664 = CARTESIAN_POINT( '', ( 0.335000000000000, 0.635000000000000, -1.95000000000000 ) );
#7665 = DIRECTION( '', ( -0.000000000000000, 1.00000000000000, 0.000000000000000 ) );
#7666 = DIRECTION( '', ( 1.00000000000000, 0.000000000000000, 0.000000000000000 ) );
#7667 = DIRECTION( '', ( 1.00000000000000, 0.000000000000000, 0.000000000000000 ) );
#7668 = CARTESIAN_POINT( '', ( 0.335000000000000, 0.635000000000000, -1.95000000000000 ) );
#7669 = DIRECTION( '', ( 0.000000000000000, -1.00000000000000, 0.000000000000000 ) );
#7670 = DIRECTION( '', ( 1.00000000000000, 0.000000000000000, 0.000000000000000 ) );
#7671 = CARTESIAN_POINT( '', ( -0.305000000000000, 0.788102228111296, 0.913102228111296 ) );
#7672 = DIRECTION( '', ( -1.00000000000000, 0.000000000000000, 0.000000000000000 ) );
#7673 = DIRECTION( '', ( 0.000000000000000, -1.00000000000000, 0.000000000000000 ) );
#7674 = DIRECTION( '', ( -1.00000000000000, 0.000000000000000, 0.000000000000000 ) );
#7675 = CARTESIAN_POINT( '', ( 0.305000000000000, 0.788102228111296, 0.913102228111296 ) );
#7676 = DIRECTION( '', ( -1.00000000000000, 0.000000000000000, 0.000000000000000 ) );
#7677 = DIRECTION( '', ( 0.000000000000000, -1.00000000000000, 0.000000000000000 ) );
#7678 = DIRECTION( '', ( -1.00000000000000, 0.000000000000000, 0.000000000000000 ) );
#7679 = DIRECTION( '', ( 0.000000000000000, 0.000000000000000, 1.00000000000000 ) );
#7680 = DIRECTION( '', ( 1.00000000000000, 0.000000000000000, 3.09772049281574E-016 ) );
#7681 = DIRECTION( '', ( 0.000000000000000, 0.000000000000000, 1.00000000000000 ) );
#7682 = DIRECTION( '', ( -1.00000000000000, 0.000000000000000, -1.14997006251253E-016 ) );
#7683 = DIRECTION( '', ( 1.00000000000000, 0.000000000000000, -1.53329341668337E-016 ) );
#7684 = DIRECTION( '', ( 1.00000000000000, 0.000000000000000, 0.000000000000000 ) );
#7685 = DIRECTION( '', ( 0.000000000000000, -8.76122967665054E-017, 1.00000000000000 ) );
#7686 = DIRECTION( '', ( 1.00000000000000, 0.000000000000000, 0.000000000000000 ) );
#7687 = DIRECTION( '', ( -8.34001671142695E-017, 0.000000000000000, -1.00000000000000 ) );
#7688 = DIRECTION( '', ( 0.000000000000000, 0.000000000000000, 1.00000000000000 ) );
#7689 = DIRECTION( '', ( 0.000000000000000, 0.000000000000000, -1.00000000000000 ) );
#7690 = DIRECTION( '', ( 1.00000000000000, 0.000000000000000, 0.000000000000000 ) );
#7691 = DIRECTION( '', ( 0.000000000000000, 0.000000000000000, 1.00000000000000 ) );
#7692 = DIRECTION( '', ( 1.00000000000000, 0.000000000000000, 8.47032947254301E-017 ) );
#7693 = DIRECTION( '', ( 0.000000000000000, 0.000000000000000, -1.00000000000000 ) );
#7694 = DIRECTION( '', ( 0.000000000000000, -1.00000000000000, 0.000000000000000 ) );
#7695 = DIRECTION( '', ( 0.000000000000000, 1.00000000000000, 3.27306316222039E-016 ) );
#7696 = DIRECTION( '', ( 0.000000000000000, 1.00000000000000, -7.05172144706019E-016 ) );
#7697 = DIRECTION( '', ( 0.000000000000000, -0.500992914948368, -0.865451384637830 ) );
#7698 = DIRECTION( '', ( 0.000000000000000, 0.000000000000000, -1.00000000000000 ) );
#7699 = DIRECTION( '', ( 0.000000000000000, 0.510064136583100, -0.860136370915529 ) );
#7700 = DIRECTION( '', ( 0.000000000000000, 0.000000000000000, -1.00000000000000 ) );
#7701 = DIRECTION( '', ( 0.000000000000000, -0.513215959918168, -0.858259505327656 ) );
#7702 = DIRECTION( '', ( 0.000000000000000, 0.513215959918156, -0.858259505327664 ) );
#7703 = DIRECTION( '', ( 0.000000000000000, 2.01712032090327E-015, -1.00000000000000 ) );
#7704 = DIRECTION( '', ( 0.000000000000000, 1.00000000000000, -2.22400445638052E-015 ) );
#7705 = DIRECTION( '', ( 0.000000000000000, 0.000000000000000, -1.00000000000000 ) );
#7706 = DIRECTION( '', ( 0.000000000000000, -1.00000000000000, 1.57702134179710E-015 ) );
#7707 = DIRECTION( '', ( 0.000000000000000, 0.000000000000000, 1.00000000000000 ) );
#7708 = DIRECTION( '', ( -1.00000000000000, 0.000000000000000, 0.000000000000000 ) );
#7709 = DIRECTION( '', ( 0.000000000000000, -1.00000000000000, 0.000000000000000 ) );
#7710 = DIRECTION( '', ( 0.000000000000000, -1.00000000000000, 0.000000000000000 ) );
#7711 = DIRECTION( '', ( 0.000000000000000, -1.00000000000000, 0.000000000000000 ) );
#7712 = DIRECTION( '', ( 1.00000000000000, 0.000000000000000, 8.47032947254301E-017 ) );
#7713 = DIRECTION( '', ( 0.000000000000000, -1.00000000000000, 0.000000000000000 ) );
#7714 = DIRECTION( '', ( -1.00000000000000, 7.42105019458515E-033, -8.47032947254301E-017 ) );
#7715 = DIRECTION( '', ( -1.00000000000000, 0.000000000000000, 0.000000000000000 ) );
#7716 = DIRECTION( '', ( 0.000000000000000, 8.76122967665054E-017, -1.00000000000000 ) );
#7717 = DIRECTION( '', ( -1.00000000000000, 0.000000000000000, 0.000000000000000 ) );
#7718 = DIRECTION( '', ( 0.000000000000000, 8.76122967665054E-017, -1.00000000000000 ) );
#7719 = DIRECTION( '', ( 1.00000000000000, 0.000000000000000, 0.000000000000000 ) );
#7720 = DIRECTION( '', ( 0.000000000000000, -1.00000000000000, 0.000000000000000 ) );
#7721 = DIRECTION( '', ( 0.000000000000000, -1.00000000000000, 0.000000000000000 ) );
#7722 = DIRECTION( '', ( -0.140028008402801, -0.980196058819607, -0.140028008402801 ) );
#7723 = DIRECTION( '', ( 1.00000000000000, 0.000000000000000, 0.000000000000000 ) );
#7724 = DIRECTION( '', ( 4.32963728535968E-017, 0.707106781186548, 0.707106781186548 ) );
#7725 = DIRECTION( '', ( -1.00000000000000, 0.000000000000000, 0.000000000000000 ) );
#7726 = DIRECTION( '', ( 4.32963728535968E-017, 0.707106781186548, 0.707106781186548 ) );
#7727 = DIRECTION( '', ( -1.00000000000000, 0.000000000000000, 0.000000000000000 ) );
#7728 = DIRECTION( '', ( 0.000000000000000, 0.000000000000000, 1.00000000000000 ) );
#7729 = DIRECTION( '', ( 0.000000000000000, 0.000000000000000, -1.00000000000000 ) );
#7730 = DIRECTION( '', ( 1.00000000000000, -1.14805466874448E-015, -1.00583706342213E-031 ) );
#7731 = DIRECTION( '', ( 0.000000000000000, -8.76122967665054E-017, 1.00000000000000 ) );
#7732 = DIRECTION( '', ( 0.000000000000000, -8.76122967665054E-017, 1.00000000000000 ) );
#7733 = DIRECTION( '', ( 0.000000000000000, 0.000000000000000, 1.00000000000000 ) );
#7734 = DIRECTION( '', ( 0.000000000000000, -8.76122967665054E-017, 1.00000000000000 ) );
#7735 = DIRECTION( '', ( -1.00000000000000, 0.000000000000000, 0.000000000000000 ) );
#7736 = DIRECTION( '', ( 0.000000000000000, -8.76122967665054E-017, 1.00000000000000 ) );
#7737 = DIRECTION( '', ( 0.000000000000000, 0.000000000000000, 1.00000000000000 ) );
#7738 = DIRECTION( '', ( 0.000000000000000, 0.000000000000000, -1.00000000000000 ) );
#7739 = DIRECTION( '', ( 0.000000000000000, 0.000000000000000, 1.00000000000000 ) );
#7740 = DIRECTION( '', ( 1.00000000000000, 0.000000000000000, 0.000000000000000 ) );
#7741 = DIRECTION( '', ( 0.000000000000000, 0.000000000000000, -1.00000000000000 ) );
#7742 = DIRECTION( '', ( 1.00000000000000, 0.000000000000000, 0.000000000000000 ) );
#7743 = DIRECTION( '', ( -4.21402438997599E-032, -1.24050591817563E-016, 1.00000000000000 ) );
#7744 = DIRECTION( '', ( -1.00000000000000, 0.000000000000000, 0.000000000000000 ) );
#7745 = DIRECTION( '', ( 0.000000000000000, 0.000000000000000, 1.00000000000000 ) );
#7746 = DIRECTION( '', ( 0.000000000000000, 0.000000000000000, -1.00000000000000 ) );
#7747 = DIRECTION( '', ( 1.00000000000000, 0.000000000000000, 0.000000000000000 ) );
#7748 = DIRECTION( '', ( 0.000000000000000, 0.000000000000000, 1.00000000000000 ) );
#7749 = DIRECTION( '', ( 0.000000000000000, 0.000000000000000, -1.00000000000000 ) );
#7750 = DIRECTION( '', ( -1.00000000000000, 0.000000000000000, -8.47032947254301E-017 ) );
#7751 = DIRECTION( '', ( -1.00000000000000, 0.000000000000000, -5.42101086242756E-016 ) );
#7752 = DIRECTION( '', ( 0.000000000000000, 1.00000000000000, 1.16268329489062E-016 ) );
#7753 = DIRECTION( '', ( -1.00000000000000, 6.30291877116512E-032, -5.42101086242756E-016 ) );
#7754 = DIRECTION( '', ( 0.000000000000000, 1.00000000000000, 1.16268329489062E-016 ) );
#7755 = DIRECTION( '', ( 0.000000000000000, -1.00000000000000, 0.000000000000000 ) );
#7756 = DIRECTION( '', ( -1.00000000000000, 0.000000000000000, 0.000000000000000 ) );
#7757 = DIRECTION( '', ( 0.000000000000000, -8.76122967665054E-017, 1.00000000000000 ) );
#7758 = DIRECTION( '', ( -0.312153288970446, -0.950031749040490, -8.32344635345376E-017 ) );
#7759 = DIRECTION( '', ( 0.000000000000000, -8.76122967665054E-017, 1.00000000000000 ) );
#7760 = DIRECTION( '', ( 0.312153288970446, 0.950031749040490, 2.94293281782829E-016 ) );
#7761 = DIRECTION( '', ( -1.00000000000000, 0.000000000000000, 0.000000000000000 ) );
#7762 = DIRECTION( '', ( 0.000000000000000, 0.510064136583100, -0.860136370915529 ) );
#7763 = DIRECTION( '', ( -1.00000000000000, 0.000000000000000, 0.000000000000000 ) );
#7764 = DIRECTION( '', ( -1.00000000000000, 0.000000000000000, 0.000000000000000 ) );
#7765 = DIRECTION( '', ( 0.000000000000000, 0.000000000000000, -1.00000000000000 ) );
#7766 = DIRECTION( '', ( 1.00000000000000, 0.000000000000000, 0.000000000000000 ) );
#7767 = DIRECTION( '', ( -1.00000000000000, 0.000000000000000, 0.000000000000000 ) );
#7768 = DIRECTION( '', ( 4.21402438997599E-032, 1.24050591817563E-016, -1.00000000000000 ) );
#7769 = DIRECTION( '', ( 0.000000000000000, 1.00000000000000, 1.16268329489062E-016 ) );
#7770 = DIRECTION( '', ( -1.00000000000000, 8.11500791787507E-031, -6.97955148537546E-015 ) );
#7771 = DIRECTION( '', ( 0.000000000000000, 1.00000000000000, 1.16268329489062E-016 ) );
#7772 = DIRECTION( '', ( 0.000000000000000, 1.00000000000000, 8.76122967665054E-017 ) );
#7773 = DIRECTION( '', ( 0.000000000000000, -8.76122967665054E-017, 1.00000000000000 ) );
#7774 = DIRECTION( '', ( 0.000000000000000, -1.00000000000000, 0.000000000000000 ) );
#7775 = DIRECTION( '', ( -1.76518761372924E-016, 0.000000000000000, -1.00000000000000 ) );
#7776 = DIRECTION( '', ( -1.00856016045164E-015, -1.00000000000000, -3.12423747726858E-031 ) );
#7777 = DIRECTION( '', ( -1.76518761372924E-016, 0.000000000000000, -1.00000000000000 ) );
#7778 = DIRECTION( '', ( 0.000000000000000, -1.00000000000000, 0.000000000000000 ) );
#7779 = DIRECTION( '', ( 0.000000000000000, 0.000000000000000, 1.00000000000000 ) );
#7780 = CARTESIAN_POINT( '', ( 0.305000000000000, 0.000000000000000, -0.800000000000000 ) );
#7781 = DIRECTION( '', ( -1.00000000000000, 0.000000000000000, 0.000000000000000 ) );
#7782 = DIRECTION( '', ( 0.000000000000000, 1.00000000000000, 0.000000000000000 ) );
#7783 = CARTESIAN_POINT( '', ( 0.305000000000000, -0.788102228111300, 0.913102228111296 ) );
#7784 = DIRECTION( '', ( -1.00000000000000, 0.000000000000000, 0.000000000000000 ) );
#7785 = DIRECTION( '', ( 0.000000000000000, 1.00000000000000, 0.000000000000000 ) );
#7786 = DIRECTION( '', ( 0.000000000000000, 0.000000000000000, 1.00000000000000 ) );
#7787 = DIRECTION( '', ( 0.000000000000000, 0.749837855365090, 0.661621637086849 ) );
#7788 = DIRECTION( '', ( 0.000000000000000, -1.00000000000000, 0.000000000000000 ) );
#7789 = DIRECTION( '', ( 0.000000000000000, 1.00000000000000, 0.000000000000000 ) );
#7790 = DIRECTION( '', ( 0.000000000000000, -1.00000000000000, 0.000000000000000 ) );
#7791 = DIRECTION( '', ( 0.000000000000000, 0.749837855365090, -0.661621637086849 ) );
#7792 = DIRECTION( '', ( 0.000000000000000, 0.000000000000000, -1.00000000000000 ) );
#7793 = DIRECTION( '', ( 0.000000000000000, 1.00000000000000, 0.000000000000000 ) );
#7794 = DIRECTION( '', ( -1.00000000000000, 0.000000000000000, 0.000000000000000 ) );
#7795 = DIRECTION( '', ( 1.15648231731787E-015, 1.00000000000000, 8.76122967665054E-017 ) );
#7796 = DIRECTION( '', ( -1.00000000000000, 0.000000000000000, 0.000000000000000 ) );
#7797 = CARTESIAN_POINT( '', ( -0.305000000000000, 0.000000000000000, -0.800000000000000 ) );
#7798 = DIRECTION( '', ( -1.00000000000000, 0.000000000000000, 0.000000000000000 ) );
#7799 = DIRECTION( '', ( 0.000000000000000, 1.00000000000000, 0.000000000000000 ) );
#7800 = CARTESIAN_POINT( '', ( -0.305000000000000, -0.788102228111300, 0.913102228111296 ) );
#7801 = DIRECTION( '', ( -1.00000000000000, 0.000000000000000, 0.000000000000000 ) );
#7802 = DIRECTION( '', ( 0.000000000000000, 1.00000000000000, 0.000000000000000 ) );
#7803 = DIRECTION( '', ( 0.000000000000000, 1.00000000000000, 0.000000000000000 ) );
#7804 = DIRECTION( '', ( 0.000000000000000, 0.000000000000000, -1.00000000000000 ) );
#7805 = DIRECTION( '', ( 0.000000000000000, 0.749837855365090, -0.661621637086849 ) );
#7806 = DIRECTION( '', ( 0.000000000000000, -1.00000000000000, 0.000000000000000 ) );
#7807 = DIRECTION( '', ( 0.000000000000000, 1.00000000000000, 0.000000000000000 ) );
#7808 = DIRECTION( '', ( 0.000000000000000, -1.00000000000000, 0.000000000000000 ) );
#7809 = DIRECTION( '', ( 0.000000000000000, 0.749837855365090, 0.661621637086849 ) );
#7810 = DIRECTION( '', ( 0.000000000000000, 0.000000000000000, 1.00000000000000 ) );
#7811 = DIRECTION( '', ( 0.000000000000000, -1.00000000000000, 0.000000000000000 ) );
#7812 = DIRECTION( '', ( 0.000000000000000, -1.00000000000000, 0.000000000000000 ) );
#7813 = DIRECTION( '', ( 1.00000000000000, -7.42105019458515E-033, 8.47032947254301E-017 ) );
#7814 = DIRECTION( '', ( 0.000000000000000, 1.00000000000000, 0.000000000000000 ) );
#7815 = DIRECTION( '', ( 0.000000000000000, 1.00000000000000, 0.000000000000000 ) );
#7816 = DIRECTION( '', ( 0.000000000000000, 1.00000000000000, 0.000000000000000 ) );
#7817 = DIRECTION( '', ( 1.00000000000000, 0.000000000000000, 6.26253962446501E-016 ) );
#7818 = DIRECTION( '', ( 1.00000000000000, 0.000000000000000, 0.000000000000000 ) );
#7819 = DIRECTION( '', ( 0.000000000000000, -8.76122967665054E-017, 1.00000000000000 ) );
#7820 = DIRECTION( '', ( -1.00000000000000, 0.000000000000000, 0.000000000000000 ) );
#7821 = DIRECTION( '', ( 0.000000000000000, -8.76122967665054E-017, 1.00000000000000 ) );
#7822 = DIRECTION( '', ( 0.000000000000000, -8.76122967665054E-017, 1.00000000000000 ) );
#7823 = DIRECTION( '', ( -0.312153288970447, 0.950031749040490, 8.32344635345376E-017 ) );
#7824 = DIRECTION( '', ( 0.000000000000000, -8.76122967665054E-017, 1.00000000000000 ) );
#7825 = DIRECTION( '', ( 0.312153288970447, -0.950031749040490, -2.94293281782829E-016 ) );
#7826 = DIRECTION( '', ( -1.00000000000000, 0.000000000000000, 0.000000000000000 ) );
#7827 = DIRECTION( '', ( -1.00000000000000, 0.000000000000000, 0.000000000000000 ) );
#7828 = DIRECTION( '', ( 0.000000000000000, 1.00000000000000, -3.09772049281573E-016 ) );
#7829 = DIRECTION( '', ( 0.000000000000000, -8.76122967665054E-017, 1.00000000000000 ) );
#7830 = DIRECTION( '', ( 0.000000000000000, -1.00000000000000, -8.76122967665054E-017 ) );
#7831 = DIRECTION( '', ( 0.000000000000000, -8.76122967665054E-017, 1.00000000000000 ) );
#7832 = DIRECTION( '', ( 0.000000000000000, 1.00000000000000, 1.16268329489062E-016 ) );
#7833 = DIRECTION( '', ( -2.16840434497101E-016, 0.000000000000000, -1.00000000000000 ) );
#7834 = DIRECTION( '', ( -2.52116750846603E-032, 1.00000000000000, 9.37184670815572E-047 ) );
#7835 = DIRECTION( '', ( 0.000000000000000, -8.76122967665054E-017, 1.00000000000000 ) );
#7836 = DIRECTION( '', ( 0.000000000000000, -1.00000000000000, -8.76122967665054E-017 ) );
#7837 = DIRECTION( '', ( 0.000000000000000, 1.00000000000000, 3.27306316222039E-016 ) );
#7838 = DIRECTION( '', ( -1.00000000000000, 8.82593806864620E-017, 3.71726459137889E-015 ) );
#7839 = DIRECTION( '', ( -8.06848128361305E-016, 1.00000000000000, 2.99926797817781E-030 ) );
#7840 = DIRECTION( '', ( 1.00000000000000, 0.000000000000000, -3.71726459137889E-015 ) );
#7841 = DIRECTION( '', ( 0.000000000000000, -1.00000000000000, 0.000000000000000 ) );
#7842 = DIRECTION( '', ( 1.00000000000000, 0.000000000000000, -3.71726459137889E-015 ) );
#7843 = DIRECTION( '', ( 0.000000000000000, -1.00000000000000, 0.000000000000000 ) );
#7844 = DIRECTION( '', ( 0.000000000000000, -1.00000000000000, 0.000000000000000 ) );
#7845 = DIRECTION( '', ( 1.00000000000000, -7.42105019458515E-033, 8.47032947254301E-017 ) );
#7846 = DIRECTION( '', ( -1.00000000000000, 0.000000000000000, 0.000000000000000 ) );
#7847 = DIRECTION( '', ( 0.000000000000000, -0.513215959918168, -0.858259505327656 ) );
#7848 = DIRECTION( '', ( 8.34001671142695E-017, 0.000000000000000, 1.00000000000000 ) );
#7849 = DIRECTION( '', ( 0.000000000000000, 1.00000000000000, 0.000000000000000 ) );
#7850 = DIRECTION( '', ( 8.34001671142695E-017, 0.000000000000000, 1.00000000000000 ) );
#7851 = DIRECTION( '', ( 0.000000000000000, 1.00000000000000, 0.000000000000000 ) );
#7852 = DIRECTION( '', ( 1.00000000000000, 0.000000000000000, -3.71726459137889E-015 ) );
#7853 = DIRECTION( '', ( 2.52116750846604E-032, -1.00000000000000, -9.37184670815577E-047 ) );
#7854 = DIRECTION( '', ( -1.00000000000000, 8.82593806864620E-017, 1.76518761372924E-016 ) );
#7855 = DIRECTION( '', ( -0.707106781186548, 0.707106781186548, 0.000000000000000 ) );
#7856 = DIRECTION( '', ( 0.000000000000000, -1.00000000000000, 0.000000000000000 ) );
#7857 = DIRECTION( '', ( 1.00000000000000, 9.63735264431562E-016, 8.44350599917246E-032 ) );
#7858 = DIRECTION( '', ( 0.000000000000000, 8.76122967665054E-017, -1.00000000000000 ) );
#7859 = DIRECTION( '', ( 1.00000000000000, 9.63735264431562E-016, 8.44350599917246E-032 ) );
#7860 = DIRECTION( '', ( 0.000000000000000, 8.76122967665054E-017, -1.00000000000000 ) );
#7861 = DIRECTION( '', ( 0.000000000000000, 0.000000000000000, -1.00000000000000 ) );
#7862 = DIRECTION( '', ( 0.000000000000000, 0.000000000000000, 1.00000000000000 ) );
#7863 = DIRECTION( '', ( 0.000000000000000, -1.00000000000000, 1.57702134179710E-015 ) );
#7864 = DIRECTION( '', ( 0.000000000000000, 0.000000000000000, -1.00000000000000 ) );
#7865 = DIRECTION( '', ( 0.000000000000000, 1.00000000000000, -2.22400445638052E-015 ) );
#7866 = DIRECTION( '', ( 0.000000000000000, 2.01712032090327E-015, -1.00000000000000 ) );
#7867 = DIRECTION( '', ( 0.000000000000000, 0.513215959918156, -0.858259505327664 ) );
#7868 = DIRECTION( '', ( 0.000000000000000, 0.000000000000000, -1.00000000000000 ) );
#7869 = DIRECTION( '', ( 0.000000000000000, -0.500992914948368, -0.865451384637830 ) );
#7870 = DIRECTION( '', ( 0.000000000000000, 1.00000000000000, -7.05172144706019E-016 ) );
#7871 = DIRECTION( '', ( -1.00000000000000, 0.000000000000000, 0.000000000000000 ) );
#7872 = DIRECTION( '', ( -1.00000000000000, 0.000000000000000, 0.000000000000000 ) );
#7873 = DIRECTION( '', ( 0.000000000000000, -8.76122967665054E-017, 1.00000000000000 ) );
#7874 = DIRECTION( '', ( 0.000000000000000, -8.76122967665054E-017, 1.00000000000000 ) );
#7875 = DIRECTION( '', ( 1.00000000000000, 0.000000000000000, 0.000000000000000 ) );
#7876 = DIRECTION( '', ( 1.44560289664734E-016, 1.00000000000000, 8.76122967665054E-017 ) );
#7877 = DIRECTION( '', ( 1.44560289664734E-016, 1.00000000000000, 8.76122967665054E-017 ) );
#7878 = DIRECTION( '', ( 0.000000000000000, 8.76122967665054E-017, -1.00000000000000 ) );
#7879 = DIRECTION( '', ( 1.44560289664734E-016, 1.00000000000000, 8.76122967665054E-017 ) );
#7880 = DIRECTION( '', ( -1.00000000000000, 1.92747052886313E-015, 1.68870119983449E-031 ) );
#7881 = DIRECTION( '', ( -1.44560289664734E-016, -1.00000000000000, -8.76122967665054E-017 ) );
#7882 = DIRECTION( '', ( -1.44560289664734E-016, -1.00000000000000, -8.76122967665054E-017 ) );
#7883 = DIRECTION( '', ( 1.00000000000000, 0.000000000000000, 0.000000000000000 ) );
#7884 = DIRECTION( '', ( 0.312153288970447, -0.950031749040490, -8.32344635345376E-017 ) );
#7885 = DIRECTION( '', ( 0.000000000000000, -1.00000000000000, -8.76122967665054E-017 ) );
#7886 = DIRECTION( '', ( 1.00000000000000, 0.000000000000000, 0.000000000000000 ) );
#7887 = DIRECTION( '', ( 0.000000000000000, 1.00000000000000, 8.76122967665054E-017 ) );
#7888 = DIRECTION( '', ( 0.312153288970446, 0.950031749040490, 8.32344635345376E-017 ) );
#7889 = DIRECTION( '', ( -1.00000000000000, 0.000000000000000, 0.000000000000000 ) );
#7890 = DIRECTION( '', ( 1.15648231731787E-015, 1.00000000000000, 8.76122967665054E-017 ) );
#7891 = DIRECTION( '', ( -1.00000000000000, 2.16840434497100E-015, 1.89978884981379E-031 ) );
#7892 = DIRECTION( '', ( 0.000000000000000, 1.00000000000000, 8.76122967665054E-017 ) );
#7893 = DIRECTION( '', ( -1.00000000000000, 0.000000000000000, 0.000000000000000 ) );
#7894 = DIRECTION( '', ( 0.000000000000000, -1.00000000000000, -8.76122967665054E-017 ) );
#7895 = DIRECTION( '', ( 1.00000000000000, 1.08420217248550E-015, 9.49894424906895E-032 ) );
#7896 = DIRECTION( '', ( 0.000000000000000, 1.00000000000000, 8.76122967665054E-017 ) );
#7897 = DIRECTION( '', ( 0.312153288970447, -0.950031749040490, -8.32344635345376E-017 ) );
#7898 = DIRECTION( '', ( 0.000000000000000, -1.00000000000000, -8.76122967665054E-017 ) );
#7899 = DIRECTION( '', ( 1.00000000000000, 0.000000000000000, 0.000000000000000 ) );
#7900 = DIRECTION( '', ( 0.000000000000000, 1.00000000000000, 8.76122967665054E-017 ) );
#7901 = DIRECTION( '', ( 0.312153288970446, 0.950031749040490, 8.32344635345376E-017 ) );
#7902 = DIRECTION( '', ( -1.00000000000000, 0.000000000000000, 0.000000000000000 ) );
#7903 = DIRECTION( '', ( 0.312153288970447, -0.950031749040490, -8.32344635345376E-017 ) );
#7904 = DIRECTION( '', ( 0.000000000000000, -1.00000000000000, -8.76122967665054E-017 ) );
#7905 = DIRECTION( '', ( 0.000000000000000, 1.00000000000000, 8.76122967665054E-017 ) );
#7906 = DIRECTION( '', ( 0.312153288970446, 0.950031749040490, 8.32344635345376E-017 ) );
#7907 = DIRECTION( '', ( 0.000000000000000, -1.00000000000000, 0.000000000000000 ) );
#7908 = DIRECTION( '', ( -1.00000000000000, 0.000000000000000, 1.68662275835171E-015 ) );
#7909 = DIRECTION( '', ( 0.000000000000000, -1.00000000000000, 0.000000000000000 ) );
#7910 = DIRECTION( '', ( -1.00000000000000, 0.000000000000000, -3.71726459137888E-015 ) );
#7911 = DIRECTION( '', ( 0.000000000000000, 1.00000000000000, 0.000000000000000 ) );
#7912 = DIRECTION( '', ( -8.34001671142695E-017, 0.000000000000000, -1.00000000000000 ) );
#7913 = DIRECTION( '', ( 0.000000000000000, 1.00000000000000, 0.000000000000000 ) );
#7914 = DIRECTION( '', ( -1.00000000000000, 0.000000000000000, 0.000000000000000 ) );
#7915 = DIRECTION( '', ( 1.00000000000000, 0.000000000000000, 0.000000000000000 ) );
#7916 = DIRECTION( '', ( 0.000000000000000, -8.76122967665054E-017, 1.00000000000000 ) );
#7917 = DIRECTION( '', ( 0.000000000000000, -8.76122967665054E-017, 1.00000000000000 ) );
#7918 = DIRECTION( '', ( -0.312153288970447, 0.950031749040490, -2.94293281782830E-016 ) );
#7919 = DIRECTION( '', ( 0.000000000000000, -8.76122967665054E-017, 1.00000000000000 ) );
#7920 = DIRECTION( '', ( 1.00000000000000, 0.000000000000000, 0.000000000000000 ) );
#7921 = DIRECTION( '', ( 1.15648231731787E-015, 1.00000000000000, -3.09772049281573E-016 ) );
#7922 = DIRECTION( '', ( 0.000000000000000, 0.000000000000000, 1.00000000000000 ) );
#7923 = DIRECTION( '', ( -1.00000000000000, 0.000000000000000, -3.09772049281574E-016 ) );
#7924 = DIRECTION( '', ( 0.000000000000000, 0.000000000000000, -1.00000000000000 ) );
#7925 = DIRECTION( '', ( 1.00000000000000, 0.000000000000000, 0.000000000000000 ) );
#7926 = DIRECTION( '', ( 0.000000000000000, 0.000000000000000, 1.00000000000000 ) );
#7927 = DIRECTION( '', ( 0.000000000000000, 0.000000000000000, -1.00000000000000 ) );
#7928 = DIRECTION( '', ( 1.00000000000000, 0.000000000000000, 0.000000000000000 ) );
#7929 = DIRECTION( '', ( 0.312153288970447, -0.950031749040490, -2.94293281782829E-016 ) );
#7930 = DIRECTION( '', ( 1.00000000000000, 0.000000000000000, 0.000000000000000 ) );
#7931 = DIRECTION( '', ( 0.000000000000000, 1.00000000000000, 3.09772049281573E-016 ) );
#7932 = DIRECTION( '', ( 6.12303176911189E-017, 1.00000000000000, 0.000000000000000 ) );
#7933 = DIRECTION( '', ( 6.12303176911189E-017, 1.00000000000000, 0.000000000000000 ) );
#7934 = DIRECTION( '', ( -1.00000000000000, 0.000000000000000, 0.000000000000000 ) );
#7935 = DIRECTION( '', ( 1.00000000000000, 0.000000000000000, -5.42101086242752E-016 ) );
#7936 = DIRECTION( '', ( 0.000000000000000, 1.00000000000000, 0.000000000000000 ) );
#7937 = DIRECTION( '', ( 1.00000000000000, 0.000000000000000, 0.000000000000000 ) );
#7938 = DIRECTION( '', ( 0.312153288970446, 0.950031749040490, 2.94293281782829E-016 ) );
#7939 = DIRECTION( '', ( 1.00000000000000, 0.000000000000000, 0.000000000000000 ) );
#7940 = DIRECTION( '', ( -1.44560289664734E-016, -1.00000000000000, -8.76122967665054E-017 ) );
#7941 = DIRECTION( '', ( 0.000000000000000, -8.76122967665054E-017, 1.00000000000000 ) );
#7942 = DIRECTION( '', ( -0.312153288970446, -0.950031749040490, 2.94293281782830E-016 ) );
#7943 = DIRECTION( '', ( -1.00000000000000, 0.000000000000000, 7.04731412115581E-015 ) );
#7944 = DIRECTION( '', ( 1.00000000000000, 8.19379440251464E-031, -7.04731412115581E-015 ) );
#7945 = DIRECTION( '', ( 0.000000000000000, 1.00000000000000, 1.16268329489062E-016 ) );
#7946 = DIRECTION( '', ( 0.000000000000000, -1.00000000000000, 0.000000000000000 ) );
#7947 = DIRECTION( '', ( 0.000000000000000, -1.00000000000000, 0.000000000000000 ) );
#7948 = DIRECTION( '', ( 1.00000000000000, 0.000000000000000, 0.000000000000000 ) );
#7949 = DIRECTION( '', ( -0.312153288970447, 0.950031749040490, -2.94293281782830E-016 ) );
#7950 = DIRECTION( '', ( 0.000000000000000, -1.00000000000000, 3.09772049281573E-016 ) );
#7951 = DIRECTION( '', ( 0.000000000000000, 1.00000000000000, -3.09772049281573E-016 ) );
#7952 = DIRECTION( '', ( -1.00000000000000, 0.000000000000000, 0.000000000000000 ) );
#7953 = DIRECTION( '', ( 0.000000000000000, -1.00000000000000, 0.000000000000000 ) );
#7954 = DIRECTION( '', ( -1.76518761372924E-016, 0.000000000000000, -1.00000000000000 ) );
#7955 = DIRECTION( '', ( 0.000000000000000, -1.00000000000000, 0.000000000000000 ) );
#7956 = DIRECTION( '', ( 0.000000000000000, 0.000000000000000, -1.00000000000000 ) );
#7957 = DIRECTION( '', ( 0.000000000000000, -1.00000000000000, 0.000000000000000 ) );
#7958 = DIRECTION( '', ( -1.76518761372924E-016, 0.000000000000000, -1.00000000000000 ) );
#7959 = DIRECTION( '', ( 0.000000000000000, -1.00000000000000, 0.000000000000000 ) );
#7960 = DIRECTION( '', ( 0.000000000000000, -1.00000000000000, 0.000000000000000 ) );
#7961 = DIRECTION( '', ( 0.000000000000000, -8.76122967665054E-017, 1.00000000000000 ) );
#7962 = DIRECTION( '', ( -0.312153288970446, -0.950031749040490, 2.94293281782830E-016 ) );
#7963 = DIRECTION( '', ( 0.000000000000000, -8.76122967665054E-017, 1.00000000000000 ) );
#7964 = DIRECTION( '', ( 1.00000000000000, 0.000000000000000, 0.000000000000000 ) );
#7965 = DIRECTION( '', ( 4.21402438997599E-032, 1.24050591817563E-016, -1.00000000000000 ) );
#7966 = DIRECTION( '', ( 0.000000000000000, -8.76122967665054E-017, 1.00000000000000 ) );
#7967 = DIRECTION( '', ( 0.000000000000000, -8.76122967665054E-017, 1.00000000000000 ) );
#7968 = DIRECTION( '', ( 0.577350269189626, 0.577350269189626, 0.577350269189626 ) );
#7969 = DIRECTION( '', ( 8.76122967665054E-017, 1.00000000000000, 8.76122967665054E-017 ) );
#7970 = DIRECTION( '', ( 0.707106781186547, 0.000000000000000, 0.707106781186548 ) );
#7971 = DIRECTION( '', ( 0.000000000000000, 0.000000000000000, -1.00000000000000 ) );
#7972 = DIRECTION( '', ( 0.000000000000000, 0.000000000000000, -1.00000000000000 ) );
#7973 = DIRECTION( '', ( 1.00000000000000, 0.000000000000000, 2.03161377710547E-015 ) );
#7974 = DIRECTION( '', ( 1.44560289664734E-016, 1.00000000000000, 8.76122967665054E-017 ) );
#7975 = DIRECTION( '', ( 0.000000000000000, 8.76122967665054E-017, -1.00000000000000 ) );
#7976 = DIRECTION( '', ( 1.00000000000000, 0.000000000000000, 0.000000000000000 ) );
#7977 = DIRECTION( '', ( 0.000000000000000, 1.00000000000000, 0.000000000000000 ) );
#7978 = DIRECTION( '', ( 1.00000000000000, 0.000000000000000, -5.42101086242752E-016 ) );
#7979 = DIRECTION( '', ( 1.00000000000000, 0.000000000000000, 0.000000000000000 ) );
#7980 = DIRECTION( '', ( -1.76518761372924E-016, 0.000000000000000, -1.00000000000000 ) );
#7981 = DIRECTION( '', ( 0.000000000000000, -8.76122967665054E-017, 1.00000000000000 ) );
#7982 = DIRECTION( '', ( -0.312153288970446, -0.950031749040490, 2.94293281782830E-016 ) );
#7983 = DIRECTION( '', ( 0.000000000000000, -8.76122967665054E-017, 1.00000000000000 ) );
#7984 = DIRECTION( '', ( 2.16840434497102E-016, 0.000000000000000, 1.00000000000000 ) );
#7985 = DIRECTION( '', ( 0.000000000000000, 0.000000000000000, -1.00000000000000 ) );
#7986 = DIRECTION( '', ( -1.15648231731787E-015, -1.00000000000000, -3.09772049281573E-016 ) );
#7987 = DIRECTION( '', ( 1.00000000000000, 3.31855271381095E-014, -1.76518761372924E-016 ) );
#7988 = DIRECTION( '', ( -0.707106781186548, -0.707106781186548, -1.24817613173445E-016 ) );
#7989 = DIRECTION( '', ( -1.00000000000000, 0.000000000000000, 0.000000000000000 ) );
#7990 = DIRECTION( '', ( -8.34001671142695E-017, 0.000000000000000, -1.00000000000000 ) );
#7991 = DIRECTION( '', ( -1.00000000000000, 0.000000000000000, 0.000000000000000 ) );
#7992 = DIRECTION( '', ( 0.000000000000000, -8.76122967665054E-017, 1.00000000000000 ) );
#7993 = DIRECTION( '', ( -0.312153288970446, -0.950031749040490, -8.32344635345376E-017 ) );
#7994 = DIRECTION( '', ( 0.000000000000000, -8.76122967665054E-017, 1.00000000000000 ) );
#7995 = DIRECTION( '', ( 2.87868975089946E-017, 0.000000000000000, -1.00000000000000 ) );
#7996 = DIRECTION( '', ( 0.000000000000000, -8.76122967665054E-017, 1.00000000000000 ) );
#7997 = DIRECTION( '', ( 0.000000000000000, 1.00000000000000, 8.76122967665054E-017 ) );
#7998 = DIRECTION( '', ( 0.000000000000000, -8.76122967665054E-017, 1.00000000000000 ) );
#7999 = DIRECTION( '', ( 0.000000000000000, -1.00000000000000, 0.000000000000000 ) );
#8000 = DIRECTION( '', ( 0.000000000000000, -8.76122967665054E-017, 1.00000000000000 ) );
#8001 = DIRECTION( '', ( -1.44560289664734E-016, -1.00000000000000, -8.76122967665054E-017 ) );
#8002 = DIRECTION( '', ( -1.00000000000000, 1.92747052886313E-015, 1.68870119983449E-031 ) );
#8003 = DIRECTION( '', ( -0.707106781186548, 0.707106781186548, -1.43656787854329E-015 ) );
#8004 = DIRECTION( '', ( -1.00000000000000, 0.000000000000000, -1.56563490611625E-016 ) );
#8005 = CARTESIAN_POINT( '', ( 0.335000000000000, -0.635000000000000, -1.95000000000000 ) );
#8006 = DIRECTION( '', ( 0.000000000000000, -1.00000000000000, 0.000000000000000 ) );
#8007 = DIRECTION( '', ( 1.00000000000000, 0.000000000000000, 0.000000000000000 ) );
#8008 = DIRECTION( '', ( 1.00000000000000, 0.000000000000000, 0.000000000000000 ) );
#8009 = CARTESIAN_POINT( '', ( 0.335000000000000, -0.635000000000000, -1.95000000000000 ) );
#8010 = DIRECTION( '', ( -0.000000000000000, 1.00000000000000, 0.000000000000000 ) );
#8011 = DIRECTION( '', ( 1.00000000000000, 0.000000000000000, 0.000000000000000 ) );
#8012 = DIRECTION( '', ( 0.000000000000000, 0.000000000000000, 1.00000000000000 ) );
#8013 = DIRECTION( '', ( 0.000000000000000, -1.00000000000000, 0.000000000000000 ) );
#8014 = DIRECTION( '', ( -1.00000000000000, 7.42105019458515E-033, -8.47032947254301E-017 ) );
#8015 = DIRECTION( '', ( 0.000000000000000, -1.00000000000000, 0.000000000000000 ) );
#8016 = DIRECTION( '', ( 0.000000000000000, -8.76122967665054E-017, 1.00000000000000 ) );
#8017 = DIRECTION( '', ( 0.000000000000000, -1.00000000000000, -8.76122967665054E-017 ) );
#8018 = DIRECTION( '', ( 0.000000000000000, -8.76122967665054E-017, 1.00000000000000 ) );
#8019 = DIRECTION( '', ( -1.00000000000000, 0.000000000000000, 0.000000000000000 ) );
#8020 = DIRECTION( '', ( -1.00000000000000, 0.000000000000000, 0.000000000000000 ) );
#8021 = DIRECTION( '', ( 0.000000000000000, 1.00000000000000, 8.76122967665054E-017 ) );
#8022 = DIRECTION( '', ( 0.000000000000000, -8.76122967665054E-017, 1.00000000000000 ) );
#8023 = DIRECTION( '', ( 0.000000000000000, -1.00000000000000, 0.000000000000000 ) );
#8024 = DIRECTION( '', ( 0.000000000000000, -8.76122967665054E-017, 1.00000000000000 ) );
#8025 = DIRECTION( '', ( 0.000000000000000, -1.00000000000000, -8.76122967665054E-017 ) );
#8026 = DIRECTION( '', ( 2.87868975089945E-017, 0.000000000000000, 1.00000000000000 ) );
#8027 = DIRECTION( '', ( 0.000000000000000, -8.76122967665054E-017, 1.00000000000000 ) );
#8028 = DIRECTION( '', ( 0.000000000000000, -8.76122967665054E-017, 1.00000000000000 ) );
#8029 = DIRECTION( '', ( -0.312153288970447, 0.950031749040490, 8.32344635345376E-017 ) );
#8030 = DIRECTION( '', ( -0.312153288970447, 0.950031749040490, -2.94293281782830E-016 ) );
#8031 = DIRECTION( '', ( 0.000000000000000, -8.76122967665054E-017, 1.00000000000000 ) );
#8032 = DIRECTION( '', ( -6.12303176911189E-017, -1.00000000000000, -3.15404268359420E-016 ) );
#8033 = DIRECTION( '', ( -6.12303176911189E-017, -1.00000000000000, -3.15404268359420E-016 ) );
#8034 = DIRECTION( '', ( -1.00000000000000, 0.000000000000000, 0.000000000000000 ) );
#8035 = DIRECTION( '', ( 0.000000000000000, 1.00000000000000, 8.76122967665054E-017 ) );
#8036 = DIRECTION( '', ( -1.00000000000000, 0.000000000000000, 0.000000000000000 ) );
#8037 = DIRECTION( '', ( -1.00000000000000, 0.000000000000000, 0.000000000000000 ) );
#8038 = DIRECTION( '', ( -1.00000000000000, 0.000000000000000, 0.000000000000000 ) );
#8039 = DIRECTION( '', ( 0.000000000000000, 1.00000000000000, 8.76122967665054E-017 ) );
#8040 = DIRECTION( '', ( 1.00000000000000, 1.08420217248550E-015, 9.49894424906894E-032 ) );
#8041 = DIRECTION( '', ( -1.00000000000000, 0.000000000000000, 0.000000000000000 ) );
#8042 = DIRECTION( '', ( 0.000000000000000, 1.00000000000000, 8.76122967665054E-017 ) );
#8043 = DIRECTION( '', ( 0.707106781186548, 0.707106781186548, 6.19512491589242E-017 ) );
#8044 = DIRECTION( '', ( -1.15648231731787E-015, -1.00000000000000, -8.76122967665054E-017 ) );
#8045 = DIRECTION( '', ( -1.00000000000000, 2.16840434497100E-015, 1.89978884981379E-031 ) );
#8046 = DIRECTION( '', ( 1.15648231731787E-015, 1.00000000000000, 8.76122967665054E-017 ) );
#8047 = DIRECTION( '', ( 0.000000000000000, -1.00000000000000, -8.76122967665054E-017 ) );
#8048 = DIRECTION( '', ( -1.00000000000000, 0.000000000000000, 0.000000000000000 ) );
#8049 = DIRECTION( '', ( 0.000000000000000, 1.24050591817563E-016, -1.00000000000000 ) );
#8050 = DIRECTION( '', ( 0.000000000000000, -8.76122967665054E-017, 1.00000000000000 ) );
#8051 = DIRECTION( '', ( 0.000000000000000, -8.76122967665054E-017, 1.00000000000000 ) );
#8052 = DIRECTION( '', ( 0.000000000000000, -8.76122967665054E-017, 1.00000000000000 ) );
#8053 = DIRECTION( '', ( -2.79520183000795E-032, -4.56506177888634E-016, -1.00000000000000 ) );
#8054 = CARTESIAN_POINT( '', ( -1.30000000000000, -1.40000000000000, 2.43500000000000 ) );
#8055 = DIRECTION( '', ( 1.00000000000000, -6.12303176911189E-017, 0.000000000000000 ) );
#8056 = DIRECTION( '', ( 6.12303176911189E-017, 1.00000000000000, 0.000000000000000 ) );
#8057 = DIRECTION( '', ( -2.79520183000795E-032, -4.56506177888634E-016, -1.00000000000000 ) );
#8058 = DIRECTION( '', ( -1.00000000000000, 0.000000000000000, 0.000000000000000 ) );
#8059 = DIRECTION( '', ( 1.00000000000000, 0.000000000000000, 0.000000000000000 ) );
#8060 = DIRECTION( '', ( 1.00000000000000, 0.000000000000000, 0.000000000000000 ) );
#8061 = DIRECTION( '', ( 0.000000000000000, 1.00000000000000, 0.000000000000000 ) );
#8062 = DIRECTION( '', ( -1.00000000000000, 0.000000000000000, 0.000000000000000 ) );
#8063 = CARTESIAN_POINT( '', ( 1.30000000000000, -1.40000000000000, 2.43500000000000 ) );
#8064 = DIRECTION( '', ( 1.00000000000000, -6.12303176911189E-017, 0.000000000000000 ) );
#8065 = DIRECTION( '', ( 6.12303176911189E-017, 1.00000000000000, 0.000000000000000 ) );
#8066 = DIRECTION( '', ( -1.00000000000000, -3.31855271381095E-014, -3.09772049281574E-016 ) );
#8067 = DIRECTION( '', ( 0.000000000000000, 1.00000000000000, 1.16268329489062E-016 ) );
#8068 = DIRECTION( '', ( 1.00000000000000, 1.57572969279128E-032, -1.35525271560689E-016 ) );
#8069 = DIRECTION( '', ( 0.000000000000000, 1.00000000000000, 1.16268329489062E-016 ) );
#8070 = DIRECTION( '', ( -1.00000000000000, 3.53037522745846E-014, 1.35525271560693E-016 ) );
#8071 = DIRECTION( '', ( -0.140028008402801, -0.980196058819607, 0.140028008402801 ) );
#8072 = DIRECTION( '', ( 0.000000000000000, 1.00000000000000, 0.000000000000000 ) );
#8073 = DIRECTION( '', ( -4.21402438997599E-032, -1.24050591817563E-016, 1.00000000000000 ) );
#8074 = DIRECTION( '', ( -1.15648231731787E-015, -1.00000000000000, 3.09772049281573E-016 ) );
#8075 = DIRECTION( '', ( 1.15648231731787E-015, 1.00000000000000, 3.09772049281573E-016 ) );
#8076 = DIRECTION( '', ( 0.000000000000000, -8.76122967665054E-017, 1.00000000000000 ) );
#8077 = DIRECTION( '', ( 0.000000000000000, 6.23177462332622E-030, 1.00000000000000 ) );
#8078 = DIRECTION( '', ( 0.000000000000000, -8.76122967665054E-017, 1.00000000000000 ) );
#8079 = DIRECTION( '', ( 0.000000000000000, -8.76122967665054E-017, 1.00000000000000 ) );
#8080 = DIRECTION( '', ( 0.000000000000000, 8.76122967665054E-017, -1.00000000000000 ) );
#8081 = DIRECTION( '', ( 0.000000000000000, -8.76122967665054E-017, 1.00000000000000 ) );
#8082 = DIRECTION( '', ( 0.000000000000000, -6.23177462332622E-030, -1.00000000000000 ) );
#8083 = DIRECTION( '', ( 0.000000000000000, -1.00000000000000, 0.000000000000000 ) );
#8084 = DIRECTION( '', ( 0.000000000000000, -8.76122967665054E-017, 1.00000000000000 ) );
#8085 = DIRECTION( '', ( 8.34001671142695E-017, 0.000000000000000, 1.00000000000000 ) );
#8086 = DIRECTION( '', ( 8.34001671142695E-017, 0.000000000000000, 1.00000000000000 ) );
#8087 = DIRECTION( '', ( 0.707106781186544, 0.707106781186551, 6.19512491589245E-017 ) );
#8088 = DIRECTION( '', ( -1.00000000000000, -1.01192202765315E-014, -8.86568129913115E-031 ) );
#8089 = DIRECTION( '', ( -8.34001671142695E-017, 0.000000000000000, -1.00000000000000 ) );
#8090 = DIRECTION( '', ( 0.000000000000000, -8.76122967665054E-017, 1.00000000000000 ) );
#8091 = DIRECTION( '', ( 1.00000000000000, 0.000000000000000, 0.000000000000000 ) );
#8092 = DIRECTION( '', ( 0.000000000000000, 8.76122967665054E-017, -1.00000000000000 ) );
#8093 = DIRECTION( '', ( 0.000000000000000, -8.76122967665054E-017, 1.00000000000000 ) );
#8094 = DIRECTION( '', ( -1.00000000000000, 0.000000000000000, 0.000000000000000 ) );
#8095 = DIRECTION( '', ( -1.00000000000000, 0.000000000000000, 0.000000000000000 ) );
#8096 = DIRECTION( '', ( -1.00000000000000, 0.000000000000000, 0.000000000000000 ) );
#8097 = DIRECTION( '', ( -1.00000000000000, 0.000000000000000, 0.000000000000000 ) );
#8098 = DIRECTION( '', ( -1.00000000000000, 7.42105019458515E-033, -8.47032947254301E-017 ) );
#8099 = DIRECTION( '', ( -8.76122967665054E-017, 1.00000000000000, 8.76122967665054E-017 ) );
#8100 = DIRECTION( '', ( 0.577350269189626, -0.577350269189626, -0.577350269189626 ) );
#8101 = DIRECTION( '', ( 0.000000000000000, -1.00000000000000, 0.000000000000000 ) );
#8102 = DIRECTION( '', ( 0.000000000000000, 1.00000000000000, 8.76122967665054E-017 ) );
#8103 = DIRECTION( '', ( 0.707106781186547, -0.707106781186548, -6.19512491589242E-017 ) );
#8104 = DIRECTION( '', ( 0.000000000000000, -1.00000000000000, 0.000000000000000 ) );
#8105 = DIRECTION( '', ( -1.00000000000000, 0.000000000000000, -1.76518761372925E-016 ) );
#8106 = DIRECTION( '', ( -0.707106781186548, -0.707106781186548, -8.13151629364127E-017 ) );
#8107 = DIRECTION( '', ( 0.000000000000000, 8.76122967665054E-017, -1.00000000000000 ) );
#8108 = DIRECTION( '', ( 0.000000000000000, -1.00000000000000, 0.000000000000000 ) );
#8109 = DIRECTION( '', ( 1.00000000000000, 0.000000000000000, 0.000000000000000 ) );
#8110 = DIRECTION( '', ( 0.000000000000000, 1.00000000000000, 0.000000000000000 ) );
#8111 = DIRECTION( '', ( 0.707106781186548, 0.707106781186548, -1.08420217248550E-016 ) );
#8112 = DIRECTION( '', ( 0.000000000000000, 8.76122967665054E-017, -1.00000000000000 ) );
#8113 = DIRECTION( '', ( 0.000000000000000, 8.76122967665054E-017, -1.00000000000000 ) );
#8114 = DIRECTION( '', ( -1.00000000000000, 3.53037522745846E-014, 1.76518761372924E-016 ) );
#8115 = DIRECTION( '', ( 1.00000000000000, -3.53037522745846E-014, 3.09772049281574E-016 ) );
ENDSEC;
END-ISO-10303-21;
