ISO-10303-21;
HEADER;
/* Generated by software containing ST-Developer
 * from STEP Tools, Inc. (www.steptools.com) 
 */
/* OPTION: strings as raw bytes, not using required /X/ escapes */

FILE_DESCRIPTION(
/* description */ ('Unknown'),
/* implementation_level */ '2;1');

FILE_NAME(
/* name */ '690368171272',
/* time_stamp */ '2017-10-30T14:57:37+01:00',
/* author */ ('Unknown'),
/* organization */ ('Unknown'),
/* preprocessor_version */ 'ST-DEVELOPER v16.7',
/* originating_system */ 'DEX',
/* authorisation */ $);

FILE_SCHEMA (('AUTOMOTIVE_DESIGN {1 0 10303 214 3 1 1}'));
ENDSEC;

DATA;
#10=PROPERTY_DEFINITION_REPRESENTATION(#14,#12);
#11=PROPERTY_DEFINITION_REPRESENTATION(#15,#13);
#12=REPRESENTATION('',(#16),#16374);
#13=REPRESENTATION('',(#17),#16374);
#14=PROPERTY_DEFINITION('pmi validation property','',#16385);
#15=PROPERTY_DEFINITION('pmi validation property','',#16385);
#16=VALUE_REPRESENTATION_ITEM('number of annotations',COUNT_MEASURE(0.));
#17=VALUE_REPRESENTATION_ITEM('number of views',COUNT_MEASURE(0.));
#18=CYLINDRICAL_SURFACE('',#10719,0.125);
#19=CYLINDRICAL_SURFACE('',#10720,0.25);
#20=CYLINDRICAL_SURFACE('',#10721,0.25);
#21=CYLINDRICAL_SURFACE('',#10722,0.125);
#22=CYLINDRICAL_SURFACE('',#10723,0.125);
#23=CYLINDRICAL_SURFACE('',#10724,0.125);
#24=CYLINDRICAL_SURFACE('',#10726,0.125);
#25=CYLINDRICAL_SURFACE('',#10728,0.25);
#26=CYLINDRICAL_SURFACE('',#10731,0.25);
#27=CYLINDRICAL_SURFACE('',#10734,0.25);
#28=CYLINDRICAL_SURFACE('',#10737,0.25);
#29=CYLINDRICAL_SURFACE('',#10739,0.25);
#30=CYLINDRICAL_SURFACE('',#10743,0.25);
#31=CYLINDRICAL_SURFACE('',#10744,0.25);
#32=CYLINDRICAL_SURFACE('',#10745,0.25);
#33=CYLINDRICAL_SURFACE('',#10748,0.733333333333317);
#34=CYLINDRICAL_SURFACE('',#10750,0.483333333333317);
#35=CYLINDRICAL_SURFACE('',#10752,0.483333333333312);
#36=CYLINDRICAL_SURFACE('',#10754,0.733333333333313);
#37=CYLINDRICAL_SURFACE('',#10756,0.733333333333316);
#38=CYLINDRICAL_SURFACE('',#10758,0.483333333333316);
#39=CYLINDRICAL_SURFACE('',#10762,0.15);
#40=CYLINDRICAL_SURFACE('',#10763,0.15);
#41=CYLINDRICAL_SURFACE('',#10764,0.15);
#42=CYLINDRICAL_SURFACE('',#10765,0.125);
#43=CYLINDRICAL_SURFACE('',#10823,0.125);
#44=CYLINDRICAL_SURFACE('',#10824,0.25);
#45=CYLINDRICAL_SURFACE('',#10826,0.125);
#46=CYLINDRICAL_SURFACE('',#10828,0.25);
#47=CYLINDRICAL_SURFACE('',#10831,0.25);
#48=CYLINDRICAL_SURFACE('',#10834,0.25);
#49=CYLINDRICAL_SURFACE('',#10837,0.25);
#50=CYLINDRICAL_SURFACE('',#10839,0.25);
#51=CYLINDRICAL_SURFACE('',#10843,0.25);
#52=CYLINDRICAL_SURFACE('',#10844,0.25);
#53=CYLINDRICAL_SURFACE('',#10845,0.25);
#54=CYLINDRICAL_SURFACE('',#10846,0.125);
#55=CYLINDRICAL_SURFACE('',#10847,0.125);
#56=CYLINDRICAL_SURFACE('',#10848,0.125);
#57=CYLINDRICAL_SURFACE('',#10849,0.125);
#58=CYLINDRICAL_SURFACE('',#10850,0.125);
#59=CYLINDRICAL_SURFACE('',#10851,0.125);
#60=CYLINDRICAL_SURFACE('',#10852,0.125);
#61=CYLINDRICAL_SURFACE('',#10853,0.125);
#62=CYLINDRICAL_SURFACE('',#10856,0.483333333333332);
#63=CYLINDRICAL_SURFACE('',#10859,0.733333333333334);
#64=CYLINDRICAL_SURFACE('',#10862,0.733333333333335);
#65=CYLINDRICAL_SURFACE('',#10865,0.483333333333333);
#66=CYLINDRICAL_SURFACE('',#10868,0.483333333333332);
#67=CYLINDRICAL_SURFACE('',#10871,0.733333333333334);
#68=CIRCLE('',#10664,0.125);
#69=CIRCLE('',#10665,0.25);
#70=CIRCLE('',#10666,0.25);
#71=CIRCLE('',#10667,0.125);
#72=CIRCLE('',#10668,0.25);
#73=CIRCLE('',#10669,0.25);
#74=CIRCLE('',#10670,0.25);
#75=CIRCLE('',#10671,0.25);
#76=CIRCLE('',#10672,0.25);
#77=CIRCLE('',#10673,0.25);
#78=CIRCLE('',#10674,0.25);
#79=CIRCLE('',#10675,0.125);
#80=CIRCLE('',#10676,0.15);
#81=CIRCLE('',#10677,0.15);
#82=CIRCLE('',#10678,0.15);
#83=CIRCLE('',#10679,0.25);
#84=CIRCLE('',#10680,0.125);
#85=CIRCLE('',#10681,0.125);
#86=CIRCLE('',#10682,0.125);
#87=CIRCLE('',#10685,0.125);
#88=CIRCLE('',#10686,0.125);
#89=CIRCLE('',#10687,0.125);
#90=CIRCLE('',#10688,0.125);
#91=CIRCLE('',#10689,0.25);
#92=CIRCLE('',#10690,0.15);
#93=CIRCLE('',#10691,0.15);
#94=CIRCLE('',#10692,0.15);
#95=CIRCLE('',#10693,0.125);
#96=CIRCLE('',#10694,0.25);
#97=CIRCLE('',#10695,0.25);
#98=CIRCLE('',#10696,0.25);
#99=CIRCLE('',#10697,0.25);
#100=CIRCLE('',#10698,0.25);
#101=CIRCLE('',#10699,0.25);
#102=CIRCLE('',#10700,0.25);
#103=CIRCLE('',#10701,0.125);
#104=CIRCLE('',#10702,0.25);
#105=CIRCLE('',#10703,0.25);
#106=CIRCLE('',#10711,0.483333333333316);
#107=CIRCLE('',#10712,0.733333333333312);
#108=CIRCLE('',#10713,0.483333333333316);
#109=CIRCLE('',#10714,0.733333333333316);
#110=CIRCLE('',#10715,0.483333333333312);
#111=CIRCLE('',#10716,0.733333333333317);
#112=CIRCLE('',#10749,0.733333333333316);
#113=CIRCLE('',#10751,0.483333333333317);
#114=CIRCLE('',#10753,0.483333333333313);
#115=CIRCLE('',#10755,0.733333333333313);
#116=CIRCLE('',#10757,0.733333333333316);
#117=CIRCLE('',#10759,0.483333333333316);
#118=CIRCLE('',#10773,0.125);
#119=CIRCLE('',#10774,0.125);
#120=CIRCLE('',#10775,0.125);
#121=CIRCLE('',#10776,0.125);
#122=CIRCLE('',#10777,0.125);
#123=CIRCLE('',#10778,0.125);
#124=CIRCLE('',#10779,0.125);
#125=CIRCLE('',#10780,0.25);
#126=CIRCLE('',#10781,0.25);
#127=CIRCLE('',#10782,0.125);
#128=CIRCLE('',#10783,0.25);
#129=CIRCLE('',#10784,0.25);
#130=CIRCLE('',#10785,0.25);
#131=CIRCLE('',#10786,0.25);
#132=CIRCLE('',#10787,0.25);
#133=CIRCLE('',#10788,0.25);
#134=CIRCLE('',#10789,0.25);
#135=CIRCLE('',#10790,0.125);
#136=CIRCLE('',#10791,0.125);
#137=CIRCLE('',#10795,0.125);
#138=CIRCLE('',#10796,0.125);
#139=CIRCLE('',#10797,0.125);
#140=CIRCLE('',#10798,0.25);
#141=CIRCLE('',#10799,0.25);
#142=CIRCLE('',#10800,0.25);
#143=CIRCLE('',#10801,0.25);
#144=CIRCLE('',#10802,0.25);
#145=CIRCLE('',#10803,0.25);
#146=CIRCLE('',#10804,0.25);
#147=CIRCLE('',#10805,0.125);
#148=CIRCLE('',#10806,0.25);
#149=CIRCLE('',#10807,0.25);
#150=CIRCLE('',#10808,0.125);
#151=CIRCLE('',#10809,0.125);
#152=CIRCLE('',#10810,0.125);
#153=CIRCLE('',#10811,0.125);
#154=CIRCLE('',#10812,0.125);
#155=CIRCLE('',#10813,0.125);
#156=CIRCLE('',#10857,0.483333333333332);
#157=CIRCLE('',#10858,0.483333333333332);
#158=CIRCLE('',#10860,0.733333333333334);
#159=CIRCLE('',#10861,0.733333333333334);
#160=CIRCLE('',#10863,0.733333333333335);
#161=CIRCLE('',#10864,0.733333333333335);
#162=CIRCLE('',#10866,0.483333333333333);
#163=CIRCLE('',#10867,0.483333333333333);
#164=CIRCLE('',#10869,0.483333333333332);
#165=CIRCLE('',#10870,0.483333333333332);
#166=CIRCLE('',#10872,0.733333333333334);
#167=CIRCLE('',#10873,0.733333333333334);
#168=CONTEXT_DEPENDENT_SHAPE_REPRESENTATION(#194,#16387);
#169=CONTEXT_DEPENDENT_SHAPE_REPRESENTATION(#195,#16389);
#170=CONTEXT_DEPENDENT_SHAPE_REPRESENTATION(#196,#16390);
#171=CONTEXT_DEPENDENT_SHAPE_REPRESENTATION(#197,#16392);
#172=CONTEXT_DEPENDENT_SHAPE_REPRESENTATION(#198,#16393);
#173=CONTEXT_DEPENDENT_SHAPE_REPRESENTATION(#199,#16394);
#174=CONTEXT_DEPENDENT_SHAPE_REPRESENTATION(#200,#16395);
#175=CONTEXT_DEPENDENT_SHAPE_REPRESENTATION(#201,#16396);
#176=CONTEXT_DEPENDENT_SHAPE_REPRESENTATION(#202,#16397);
#177=CONTEXT_DEPENDENT_SHAPE_REPRESENTATION(#203,#16398);
#178=CONTEXT_DEPENDENT_SHAPE_REPRESENTATION(#204,#16399);
#179=CONTEXT_DEPENDENT_SHAPE_REPRESENTATION(#205,#16400);
#180=CONTEXT_DEPENDENT_SHAPE_REPRESENTATION(#206,#16401);
#181=NEXT_ASSEMBLY_USAGE_OCCURRENCE('690368171272','690368171272',
'690368171272',#16402,#16403,'');
#182=NEXT_ASSEMBLY_USAGE_OCCURRENCE('Pin','Pin','Pin',#16402,#16404,'');
#183=NEXT_ASSEMBLY_USAGE_OCCURRENCE('Pin','Pin','Pin',#16402,#16404,'');
#184=NEXT_ASSEMBLY_USAGE_OCCURRENCE('Pin_2','Pin_2','Pin_2',#16402,#16405,
'');
#185=NEXT_ASSEMBLY_USAGE_OCCURRENCE('Pin','Pin','Pin',#16402,#16404,'');
#186=NEXT_ASSEMBLY_USAGE_OCCURRENCE('Pin_2','Pin_2','Pin_2',#16402,#16405,
'');
#187=NEXT_ASSEMBLY_USAGE_OCCURRENCE('Pin','Pin','Pin',#16402,#16404,'');
#188=NEXT_ASSEMBLY_USAGE_OCCURRENCE('Pin_2','Pin_2','Pin_2',#16402,#16405,
'');
#189=NEXT_ASSEMBLY_USAGE_OCCURRENCE('Pin_2','Pin_2','Pin_2',#16402,#16405,
'');
#190=NEXT_ASSEMBLY_USAGE_OCCURRENCE('Pin_2','Pin_2','Pin_2',#16402,#16405,
'');
#191=NEXT_ASSEMBLY_USAGE_OCCURRENCE('Pin','Pin','Pin',#16402,#16404,'');
#192=NEXT_ASSEMBLY_USAGE_OCCURRENCE('Pin','Pin','Pin',#16402,#16404,'');
#193=NEXT_ASSEMBLY_USAGE_OCCURRENCE('Pin_2','Pin_2','Pin_2',#16402,#16405,
'');
#194=(
REPRESENTATION_RELATIONSHIP(' ',' ',#10263,#10264)
REPRESENTATION_RELATIONSHIP_WITH_TRANSFORMATION(#207)
SHAPE_REPRESENTATION_RELATIONSHIP()
);
#195=(
REPRESENTATION_RELATIONSHIP(' ',' ',#10265,#10264)
REPRESENTATION_RELATIONSHIP_WITH_TRANSFORMATION(#208)
SHAPE_REPRESENTATION_RELATIONSHIP()
);
#196=(
REPRESENTATION_RELATIONSHIP(' ',' ',#10265,#10264)
REPRESENTATION_RELATIONSHIP_WITH_TRANSFORMATION(#209)
SHAPE_REPRESENTATION_RELATIONSHIP()
);
#197=(
REPRESENTATION_RELATIONSHIP(' ',' ',#10266,#10264)
REPRESENTATION_RELATIONSHIP_WITH_TRANSFORMATION(#210)
SHAPE_REPRESENTATION_RELATIONSHIP()
);
#198=(
REPRESENTATION_RELATIONSHIP(' ',' ',#10265,#10264)
REPRESENTATION_RELATIONSHIP_WITH_TRANSFORMATION(#211)
SHAPE_REPRESENTATION_RELATIONSHIP()
);
#199=(
REPRESENTATION_RELATIONSHIP(' ',' ',#10266,#10264)
REPRESENTATION_RELATIONSHIP_WITH_TRANSFORMATION(#212)
SHAPE_REPRESENTATION_RELATIONSHIP()
);
#200=(
REPRESENTATION_RELATIONSHIP(' ',' ',#10265,#10264)
REPRESENTATION_RELATIONSHIP_WITH_TRANSFORMATION(#213)
SHAPE_REPRESENTATION_RELATIONSHIP()
);
#201=(
REPRESENTATION_RELATIONSHIP(' ',' ',#10266,#10264)
REPRESENTATION_RELATIONSHIP_WITH_TRANSFORMATION(#214)
SHAPE_REPRESENTATION_RELATIONSHIP()
);
#202=(
REPRESENTATION_RELATIONSHIP(' ',' ',#10266,#10264)
REPRESENTATION_RELATIONSHIP_WITH_TRANSFORMATION(#215)
SHAPE_REPRESENTATION_RELATIONSHIP()
);
#203=(
REPRESENTATION_RELATIONSHIP(' ',' ',#10266,#10264)
REPRESENTATION_RELATIONSHIP_WITH_TRANSFORMATION(#216)
SHAPE_REPRESENTATION_RELATIONSHIP()
);
#204=(
REPRESENTATION_RELATIONSHIP(' ',' ',#10265,#10264)
REPRESENTATION_RELATIONSHIP_WITH_TRANSFORMATION(#217)
SHAPE_REPRESENTATION_RELATIONSHIP()
);
#205=(
REPRESENTATION_RELATIONSHIP(' ',' ',#10265,#10264)
REPRESENTATION_RELATIONSHIP_WITH_TRANSFORMATION(#218)
SHAPE_REPRESENTATION_RELATIONSHIP()
);
#206=(
REPRESENTATION_RELATIONSHIP(' ',' ',#10266,#10264)
REPRESENTATION_RELATIONSHIP_WITH_TRANSFORMATION(#219)
SHAPE_REPRESENTATION_RELATIONSHIP()
);
#207=ITEM_DEFINED_TRANSFORMATION(' ',' ',#10267,#10662);
#208=ITEM_DEFINED_TRANSFORMATION(' ',' ',#10267,#10768);
#209=ITEM_DEFINED_TRANSFORMATION(' ',' ',#10267,#10769);
#210=ITEM_DEFINED_TRANSFORMATION(' ',' ',#10267,#10879);
#211=ITEM_DEFINED_TRANSFORMATION(' ',' ',#10267,#10880);
#212=ITEM_DEFINED_TRANSFORMATION(' ',' ',#10267,#10881);
#213=ITEM_DEFINED_TRANSFORMATION(' ',' ',#10267,#10882);
#214=ITEM_DEFINED_TRANSFORMATION(' ',' ',#10267,#10883);
#215=ITEM_DEFINED_TRANSFORMATION(' ',' ',#10267,#10884);
#216=ITEM_DEFINED_TRANSFORMATION(' ',' ',#10267,#10885);
#217=ITEM_DEFINED_TRANSFORMATION(' ',' ',#10267,#10886);
#218=ITEM_DEFINED_TRANSFORMATION(' ',' ',#10267,#10887);
#219=ITEM_DEFINED_TRANSFORMATION(' ',' ',#10267,#10888);
#220=SHAPE_REPRESENTATION_RELATIONSHIP('','',#10263,#223);
#221=SHAPE_REPRESENTATION_RELATIONSHIP('','',#10265,#224);
#222=SHAPE_REPRESENTATION_RELATIONSHIP('','',#10266,#225);
#223=ADVANCED_BREP_SHAPE_REPRESENTATION('',(#10256),#16375);
#224=ADVANCED_BREP_SHAPE_REPRESENTATION('',(#10257),#16376);
#225=ADVANCED_BREP_SHAPE_REPRESENTATION('',(#10258),#16377);
#226=ORIENTED_EDGE('',*,*,#3114,.F.);
#227=ORIENTED_EDGE('',*,*,#3115,.T.);
#228=ORIENTED_EDGE('',*,*,#3116,.F.);
#229=ORIENTED_EDGE('',*,*,#3117,.T.);
#230=ORIENTED_EDGE('',*,*,#3118,.F.);
#231=ORIENTED_EDGE('',*,*,#3119,.T.);
#232=ORIENTED_EDGE('',*,*,#3120,.F.);
#233=ORIENTED_EDGE('',*,*,#3121,.T.);
#234=ORIENTED_EDGE('',*,*,#3122,.F.);
#235=ORIENTED_EDGE('',*,*,#3123,.T.);
#236=ORIENTED_EDGE('',*,*,#3124,.F.);
#237=ORIENTED_EDGE('',*,*,#3125,.T.);
#238=ORIENTED_EDGE('',*,*,#3126,.F.);
#239=ORIENTED_EDGE('',*,*,#3127,.T.);
#240=ORIENTED_EDGE('',*,*,#3128,.F.);
#241=ORIENTED_EDGE('',*,*,#3129,.T.);
#242=ORIENTED_EDGE('',*,*,#3130,.F.);
#243=ORIENTED_EDGE('',*,*,#3131,.T.);
#244=ORIENTED_EDGE('',*,*,#3132,.F.);
#245=ORIENTED_EDGE('',*,*,#3133,.T.);
#246=ORIENTED_EDGE('',*,*,#3134,.F.);
#247=ORIENTED_EDGE('',*,*,#3135,.T.);
#248=ORIENTED_EDGE('',*,*,#3136,.F.);
#249=ORIENTED_EDGE('',*,*,#3137,.T.);
#250=ORIENTED_EDGE('',*,*,#3138,.F.);
#251=ORIENTED_EDGE('',*,*,#3139,.F.);
#252=ORIENTED_EDGE('',*,*,#3140,.F.);
#253=ORIENTED_EDGE('',*,*,#3141,.T.);
#254=ORIENTED_EDGE('',*,*,#3142,.F.);
#255=ORIENTED_EDGE('',*,*,#3143,.T.);
#256=ORIENTED_EDGE('',*,*,#3144,.F.);
#257=ORIENTED_EDGE('',*,*,#3145,.T.);
#258=ORIENTED_EDGE('',*,*,#3146,.F.);
#259=ORIENTED_EDGE('',*,*,#3147,.T.);
#260=ORIENTED_EDGE('',*,*,#3148,.F.);
#261=ORIENTED_EDGE('',*,*,#3149,.T.);
#262=ORIENTED_EDGE('',*,*,#3150,.F.);
#263=ORIENTED_EDGE('',*,*,#3151,.T.);
#264=ORIENTED_EDGE('',*,*,#3152,.F.);
#265=ORIENTED_EDGE('',*,*,#3153,.T.);
#266=ORIENTED_EDGE('',*,*,#3154,.F.);
#267=ORIENTED_EDGE('',*,*,#3155,.T.);
#268=ORIENTED_EDGE('',*,*,#3156,.F.);
#269=ORIENTED_EDGE('',*,*,#3157,.T.);
#270=ORIENTED_EDGE('',*,*,#3158,.F.);
#271=ORIENTED_EDGE('',*,*,#3159,.T.);
#272=ORIENTED_EDGE('',*,*,#3160,.F.);
#273=ORIENTED_EDGE('',*,*,#3161,.T.);
#274=ORIENTED_EDGE('',*,*,#3162,.F.);
#275=ORIENTED_EDGE('',*,*,#3163,.T.);
#276=ORIENTED_EDGE('',*,*,#3164,.F.);
#277=ORIENTED_EDGE('',*,*,#3165,.F.);
#278=ORIENTED_EDGE('',*,*,#3166,.F.);
#279=ORIENTED_EDGE('',*,*,#3167,.F.);
#280=ORIENTED_EDGE('',*,*,#3168,.F.);
#281=ORIENTED_EDGE('',*,*,#3169,.F.);
#282=ORIENTED_EDGE('',*,*,#3170,.F.);
#283=ORIENTED_EDGE('',*,*,#3171,.F.);
#284=ORIENTED_EDGE('',*,*,#3172,.T.);
#285=ORIENTED_EDGE('',*,*,#3173,.T.);
#286=ORIENTED_EDGE('',*,*,#3174,.F.);
#287=ORIENTED_EDGE('',*,*,#3175,.T.);
#288=ORIENTED_EDGE('',*,*,#3176,.F.);
#289=ORIENTED_EDGE('',*,*,#3177,.T.);
#290=ORIENTED_EDGE('',*,*,#3178,.F.);
#291=ORIENTED_EDGE('',*,*,#3179,.T.);
#292=ORIENTED_EDGE('',*,*,#3180,.T.);
#293=ORIENTED_EDGE('',*,*,#3181,.F.);
#294=ORIENTED_EDGE('',*,*,#3182,.T.);
#295=ORIENTED_EDGE('',*,*,#3183,.T.);
#296=ORIENTED_EDGE('',*,*,#3184,.T.);
#297=ORIENTED_EDGE('',*,*,#3185,.T.);
#298=ORIENTED_EDGE('',*,*,#3186,.F.);
#299=ORIENTED_EDGE('',*,*,#3187,.F.);
#300=ORIENTED_EDGE('',*,*,#3188,.T.);
#301=ORIENTED_EDGE('',*,*,#3189,.F.);
#302=ORIENTED_EDGE('',*,*,#3190,.F.);
#303=ORIENTED_EDGE('',*,*,#3191,.T.);
#304=ORIENTED_EDGE('',*,*,#3192,.T.);
#305=ORIENTED_EDGE('',*,*,#3193,.F.);
#306=ORIENTED_EDGE('',*,*,#3194,.F.);
#307=ORIENTED_EDGE('',*,*,#3195,.T.);
#308=ORIENTED_EDGE('',*,*,#3196,.T.);
#309=ORIENTED_EDGE('',*,*,#3197,.F.);
#310=ORIENTED_EDGE('',*,*,#3198,.T.);
#311=ORIENTED_EDGE('',*,*,#3199,.T.);
#312=ORIENTED_EDGE('',*,*,#3200,.F.);
#313=ORIENTED_EDGE('',*,*,#3201,.T.);
#314=ORIENTED_EDGE('',*,*,#3202,.T.);
#315=ORIENTED_EDGE('',*,*,#3203,.F.);
#316=ORIENTED_EDGE('',*,*,#3204,.T.);
#317=ORIENTED_EDGE('',*,*,#3205,.T.);
#318=ORIENTED_EDGE('',*,*,#3206,.T.);
#319=ORIENTED_EDGE('',*,*,#3207,.F.);
#320=ORIENTED_EDGE('',*,*,#3208,.T.);
#321=ORIENTED_EDGE('',*,*,#3209,.T.);
#322=ORIENTED_EDGE('',*,*,#3210,.T.);
#323=ORIENTED_EDGE('',*,*,#3211,.T.);
#324=ORIENTED_EDGE('',*,*,#3212,.T.);
#325=ORIENTED_EDGE('',*,*,#3213,.T.);
#326=ORIENTED_EDGE('',*,*,#3214,.T.);
#327=ORIENTED_EDGE('',*,*,#3215,.T.);
#328=ORIENTED_EDGE('',*,*,#3216,.T.);
#329=ORIENTED_EDGE('',*,*,#3217,.T.);
#330=ORIENTED_EDGE('',*,*,#3210,.F.);
#331=ORIENTED_EDGE('',*,*,#3218,.T.);
#332=ORIENTED_EDGE('',*,*,#3219,.F.);
#333=ORIENTED_EDGE('',*,*,#3160,.T.);
#334=ORIENTED_EDGE('',*,*,#3220,.F.);
#335=ORIENTED_EDGE('',*,*,#3221,.T.);
#336=ORIENTED_EDGE('',*,*,#3222,.F.);
#337=ORIENTED_EDGE('',*,*,#3223,.T.);
#338=ORIENTED_EDGE('',*,*,#3213,.F.);
#339=ORIENTED_EDGE('',*,*,#3224,.T.);
#340=ORIENTED_EDGE('',*,*,#3225,.F.);
#341=ORIENTED_EDGE('',*,*,#3162,.T.);
#342=ORIENTED_EDGE('',*,*,#3226,.T.);
#343=ORIENTED_EDGE('',*,*,#3227,.F.);
#344=ORIENTED_EDGE('',*,*,#3228,.F.);
#345=ORIENTED_EDGE('',*,*,#3229,.T.);
#346=ORIENTED_EDGE('',*,*,#3230,.T.);
#347=ORIENTED_EDGE('',*,*,#3231,.T.);
#348=ORIENTED_EDGE('',*,*,#3232,.F.);
#349=ORIENTED_EDGE('',*,*,#3233,.T.);
#350=ORIENTED_EDGE('',*,*,#3234,.T.);
#351=ORIENTED_EDGE('',*,*,#3235,.T.);
#352=ORIENTED_EDGE('',*,*,#3186,.T.);
#353=ORIENTED_EDGE('',*,*,#3236,.T.);
#354=ORIENTED_EDGE('',*,*,#3237,.F.);
#355=ORIENTED_EDGE('',*,*,#3238,.T.);
#356=ORIENTED_EDGE('',*,*,#3208,.F.);
#357=ORIENTED_EDGE('',*,*,#3239,.T.);
#358=ORIENTED_EDGE('',*,*,#3227,.T.);
#359=ORIENTED_EDGE('',*,*,#3215,.F.);
#360=ORIENTED_EDGE('',*,*,#3240,.T.);
#361=ORIENTED_EDGE('',*,*,#3241,.F.);
#362=ORIENTED_EDGE('',*,*,#3232,.T.);
#363=ORIENTED_EDGE('',*,*,#3242,.T.);
#364=ORIENTED_EDGE('',*,*,#3243,.T.);
#365=ORIENTED_EDGE('',*,*,#3244,.T.);
#366=ORIENTED_EDGE('',*,*,#3245,.T.);
#367=ORIENTED_EDGE('',*,*,#3246,.F.);
#368=ORIENTED_EDGE('',*,*,#3247,.T.);
#369=ORIENTED_EDGE('',*,*,#3200,.T.);
#370=ORIENTED_EDGE('',*,*,#3248,.T.);
#371=ORIENTED_EDGE('',*,*,#3243,.F.);
#372=ORIENTED_EDGE('',*,*,#3249,.T.);
#373=ORIENTED_EDGE('',*,*,#3250,.T.);
#374=ORIENTED_EDGE('',*,*,#3118,.T.);
#375=ORIENTED_EDGE('',*,*,#3246,.T.);
#376=ORIENTED_EDGE('',*,*,#3251,.T.);
#377=ORIENTED_EDGE('',*,*,#3230,.F.);
#378=ORIENTED_EDGE('',*,*,#3252,.T.);
#379=ORIENTED_EDGE('',*,*,#3253,.T.);
#380=ORIENTED_EDGE('',*,*,#3254,.T.);
#381=ORIENTED_EDGE('',*,*,#3255,.T.);
#382=ORIENTED_EDGE('',*,*,#3256,.T.);
#383=ORIENTED_EDGE('',*,*,#3257,.T.);
#384=ORIENTED_EDGE('',*,*,#3258,.T.);
#385=ORIENTED_EDGE('',*,*,#3259,.F.);
#386=ORIENTED_EDGE('',*,*,#3260,.T.);
#387=ORIENTED_EDGE('',*,*,#3254,.F.);
#388=ORIENTED_EDGE('',*,*,#3261,.T.);
#389=ORIENTED_EDGE('',*,*,#3164,.T.);
#390=ORIENTED_EDGE('',*,*,#3262,.F.);
#391=ORIENTED_EDGE('',*,*,#3190,.T.);
#392=ORIENTED_EDGE('',*,*,#3263,.T.);
#393=ORIENTED_EDGE('',*,*,#3264,.T.);
#394=ORIENTED_EDGE('',*,*,#3265,.F.);
#395=ORIENTED_EDGE('',*,*,#3257,.F.);
#396=ORIENTED_EDGE('',*,*,#3266,.T.);
#397=ORIENTED_EDGE('',*,*,#3265,.T.);
#398=ORIENTED_EDGE('',*,*,#3267,.T.);
#399=ORIENTED_EDGE('',*,*,#3268,.F.);
#400=ORIENTED_EDGE('',*,*,#3269,.T.);
#401=ORIENTED_EDGE('',*,*,#3270,.T.);
#402=ORIENTED_EDGE('',*,*,#3271,.T.);
#403=ORIENTED_EDGE('',*,*,#3272,.F.);
#404=ORIENTED_EDGE('',*,*,#3270,.F.);
#405=ORIENTED_EDGE('',*,*,#3273,.T.);
#406=ORIENTED_EDGE('',*,*,#3203,.T.);
#407=ORIENTED_EDGE('',*,*,#3116,.T.);
#408=ORIENTED_EDGE('',*,*,#3178,.T.);
#409=ORIENTED_EDGE('',*,*,#3274,.T.);
#410=ORIENTED_EDGE('',*,*,#3272,.T.);
#411=ORIENTED_EDGE('',*,*,#3275,.T.);
#412=ORIENTED_EDGE('',*,*,#3176,.T.);
#413=ORIENTED_EDGE('',*,*,#3235,.F.);
#414=ORIENTED_EDGE('',*,*,#3276,.T.);
#415=ORIENTED_EDGE('',*,*,#3182,.F.);
#416=ORIENTED_EDGE('',*,*,#3277,.T.);
#417=ORIENTED_EDGE('',*,*,#3194,.T.);
#418=ORIENTED_EDGE('',*,*,#3278,.T.);
#419=ORIENTED_EDGE('',*,*,#3279,.T.);
#420=ORIENTED_EDGE('',*,*,#3280,.T.);
#421=ORIENTED_EDGE('',*,*,#3281,.F.);
#422=ORIENTED_EDGE('',*,*,#3282,.T.);
#423=ORIENTED_EDGE('',*,*,#3283,.F.);
#424=ORIENTED_EDGE('',*,*,#3284,.T.);
#425=ORIENTED_EDGE('',*,*,#3285,.F.);
#426=ORIENTED_EDGE('',*,*,#3286,.T.);
#427=ORIENTED_EDGE('',*,*,#3287,.T.);
#428=ORIENTED_EDGE('',*,*,#3288,.F.);
#429=ORIENTED_EDGE('',*,*,#3289,.T.);
#430=ORIENTED_EDGE('',*,*,#3290,.T.);
#431=ORIENTED_EDGE('',*,*,#3291,.T.);
#432=ORIENTED_EDGE('',*,*,#3292,.T.);
#433=ORIENTED_EDGE('',*,*,#3293,.F.);
#434=ORIENTED_EDGE('',*,*,#3250,.F.);
#435=ORIENTED_EDGE('',*,*,#3294,.T.);
#436=ORIENTED_EDGE('',*,*,#3252,.F.);
#437=ORIENTED_EDGE('',*,*,#3229,.F.);
#438=ORIENTED_EDGE('',*,*,#3295,.T.);
#439=ORIENTED_EDGE('',*,*,#3296,.T.);
#440=ORIENTED_EDGE('',*,*,#3297,.F.);
#441=ORIENTED_EDGE('',*,*,#3298,.F.);
#442=ORIENTED_EDGE('',*,*,#3299,.T.);
#443=ORIENTED_EDGE('',*,*,#3300,.T.);
#444=ORIENTED_EDGE('',*,*,#3301,.F.);
#445=ORIENTED_EDGE('',*,*,#3302,.T.);
#446=ORIENTED_EDGE('',*,*,#3303,.T.);
#447=ORIENTED_EDGE('',*,*,#3304,.F.);
#448=ORIENTED_EDGE('',*,*,#3305,.T.);
#449=ORIENTED_EDGE('',*,*,#3306,.T.);
#450=ORIENTED_EDGE('',*,*,#3307,.F.);
#451=ORIENTED_EDGE('',*,*,#3308,.T.);
#452=ORIENTED_EDGE('',*,*,#3309,.T.);
#453=ORIENTED_EDGE('',*,*,#3310,.T.);
#454=ORIENTED_EDGE('',*,*,#3311,.F.);
#455=ORIENTED_EDGE('',*,*,#3312,.T.);
#456=ORIENTED_EDGE('',*,*,#3313,.T.);
#457=ORIENTED_EDGE('',*,*,#3314,.T.);
#458=ORIENTED_EDGE('',*,*,#3315,.T.);
#459=ORIENTED_EDGE('',*,*,#3316,.T.);
#460=ORIENTED_EDGE('',*,*,#3317,.T.);
#461=ORIENTED_EDGE('',*,*,#3318,.T.);
#462=ORIENTED_EDGE('',*,*,#3319,.T.);
#463=ORIENTED_EDGE('',*,*,#3320,.T.);
#464=ORIENTED_EDGE('',*,*,#3321,.T.);
#465=ORIENTED_EDGE('',*,*,#3314,.F.);
#466=ORIENTED_EDGE('',*,*,#3322,.T.);
#467=ORIENTED_EDGE('',*,*,#3323,.F.);
#468=ORIENTED_EDGE('',*,*,#3156,.T.);
#469=ORIENTED_EDGE('',*,*,#3324,.F.);
#470=ORIENTED_EDGE('',*,*,#3325,.T.);
#471=ORIENTED_EDGE('',*,*,#3326,.F.);
#472=ORIENTED_EDGE('',*,*,#3327,.T.);
#473=ORIENTED_EDGE('',*,*,#3317,.F.);
#474=ORIENTED_EDGE('',*,*,#3328,.T.);
#475=ORIENTED_EDGE('',*,*,#3329,.F.);
#476=ORIENTED_EDGE('',*,*,#3158,.T.);
#477=ORIENTED_EDGE('',*,*,#3330,.T.);
#478=ORIENTED_EDGE('',*,*,#3331,.F.);
#479=ORIENTED_EDGE('',*,*,#3332,.F.);
#480=ORIENTED_EDGE('',*,*,#3333,.T.);
#481=ORIENTED_EDGE('',*,*,#3334,.T.);
#482=ORIENTED_EDGE('',*,*,#3335,.T.);
#483=ORIENTED_EDGE('',*,*,#3336,.F.);
#484=ORIENTED_EDGE('',*,*,#3337,.T.);
#485=ORIENTED_EDGE('',*,*,#3338,.T.);
#486=ORIENTED_EDGE('',*,*,#3339,.T.);
#487=ORIENTED_EDGE('',*,*,#3293,.T.);
#488=ORIENTED_EDGE('',*,*,#3340,.T.);
#489=ORIENTED_EDGE('',*,*,#3341,.F.);
#490=ORIENTED_EDGE('',*,*,#3342,.T.);
#491=ORIENTED_EDGE('',*,*,#3312,.F.);
#492=ORIENTED_EDGE('',*,*,#3343,.T.);
#493=ORIENTED_EDGE('',*,*,#3331,.T.);
#494=ORIENTED_EDGE('',*,*,#3319,.F.);
#495=ORIENTED_EDGE('',*,*,#3344,.T.);
#496=ORIENTED_EDGE('',*,*,#3345,.F.);
#497=ORIENTED_EDGE('',*,*,#3336,.T.);
#498=ORIENTED_EDGE('',*,*,#3346,.T.);
#499=ORIENTED_EDGE('',*,*,#3347,.T.);
#500=ORIENTED_EDGE('',*,*,#3348,.T.);
#501=ORIENTED_EDGE('',*,*,#3349,.T.);
#502=ORIENTED_EDGE('',*,*,#3350,.F.);
#503=ORIENTED_EDGE('',*,*,#3351,.T.);
#504=ORIENTED_EDGE('',*,*,#3304,.T.);
#505=ORIENTED_EDGE('',*,*,#3352,.T.);
#506=ORIENTED_EDGE('',*,*,#3347,.F.);
#507=ORIENTED_EDGE('',*,*,#3353,.T.);
#508=ORIENTED_EDGE('',*,*,#3354,.T.);
#509=ORIENTED_EDGE('',*,*,#3122,.T.);
#510=ORIENTED_EDGE('',*,*,#3350,.T.);
#511=ORIENTED_EDGE('',*,*,#3355,.T.);
#512=ORIENTED_EDGE('',*,*,#3334,.F.);
#513=ORIENTED_EDGE('',*,*,#3356,.T.);
#514=ORIENTED_EDGE('',*,*,#3357,.T.);
#515=ORIENTED_EDGE('',*,*,#3358,.F.);
#516=ORIENTED_EDGE('',*,*,#3359,.T.);
#517=ORIENTED_EDGE('',*,*,#3360,.T.);
#518=ORIENTED_EDGE('',*,*,#3361,.T.);
#519=ORIENTED_EDGE('',*,*,#3362,.F.);
#520=ORIENTED_EDGE('',*,*,#3360,.F.);
#521=ORIENTED_EDGE('',*,*,#3363,.T.);
#522=ORIENTED_EDGE('',*,*,#3307,.T.);
#523=ORIENTED_EDGE('',*,*,#3120,.T.);
#524=ORIENTED_EDGE('',*,*,#3285,.T.);
#525=ORIENTED_EDGE('',*,*,#3364,.T.);
#526=ORIENTED_EDGE('',*,*,#3362,.T.);
#527=ORIENTED_EDGE('',*,*,#3365,.T.);
#528=ORIENTED_EDGE('',*,*,#3283,.T.);
#529=ORIENTED_EDGE('',*,*,#3339,.F.);
#530=ORIENTED_EDGE('',*,*,#3366,.T.);
#531=ORIENTED_EDGE('',*,*,#3289,.F.);
#532=ORIENTED_EDGE('',*,*,#3367,.T.);
#533=ORIENTED_EDGE('',*,*,#3298,.T.);
#534=ORIENTED_EDGE('',*,*,#3368,.T.);
#535=ORIENTED_EDGE('',*,*,#3369,.T.);
#536=ORIENTED_EDGE('',*,*,#3370,.T.);
#537=ORIENTED_EDGE('',*,*,#3371,.F.);
#538=ORIENTED_EDGE('',*,*,#3372,.T.);
#539=ORIENTED_EDGE('',*,*,#3373,.F.);
#540=ORIENTED_EDGE('',*,*,#3374,.T.);
#541=ORIENTED_EDGE('',*,*,#3375,.F.);
#542=ORIENTED_EDGE('',*,*,#3376,.T.);
#543=ORIENTED_EDGE('',*,*,#3377,.T.);
#544=ORIENTED_EDGE('',*,*,#3378,.F.);
#545=ORIENTED_EDGE('',*,*,#3379,.T.);
#546=ORIENTED_EDGE('',*,*,#3380,.T.);
#547=ORIENTED_EDGE('',*,*,#3381,.T.);
#548=ORIENTED_EDGE('',*,*,#3382,.T.);
#549=ORIENTED_EDGE('',*,*,#3383,.F.);
#550=ORIENTED_EDGE('',*,*,#3354,.F.);
#551=ORIENTED_EDGE('',*,*,#3384,.T.);
#552=ORIENTED_EDGE('',*,*,#3356,.F.);
#553=ORIENTED_EDGE('',*,*,#3333,.F.);
#554=ORIENTED_EDGE('',*,*,#3385,.T.);
#555=ORIENTED_EDGE('',*,*,#3386,.T.);
#556=ORIENTED_EDGE('',*,*,#3387,.F.);
#557=ORIENTED_EDGE('',*,*,#3388,.F.);
#558=ORIENTED_EDGE('',*,*,#3389,.T.);
#559=ORIENTED_EDGE('',*,*,#3390,.T.);
#560=ORIENTED_EDGE('',*,*,#3391,.F.);
#561=ORIENTED_EDGE('',*,*,#3392,.T.);
#562=ORIENTED_EDGE('',*,*,#3393,.T.);
#563=ORIENTED_EDGE('',*,*,#3394,.F.);
#564=ORIENTED_EDGE('',*,*,#3395,.T.);
#565=ORIENTED_EDGE('',*,*,#3396,.T.);
#566=ORIENTED_EDGE('',*,*,#3397,.F.);
#567=ORIENTED_EDGE('',*,*,#3398,.T.);
#568=ORIENTED_EDGE('',*,*,#3399,.T.);
#569=ORIENTED_EDGE('',*,*,#3400,.T.);
#570=ORIENTED_EDGE('',*,*,#3401,.F.);
#571=ORIENTED_EDGE('',*,*,#3402,.T.);
#572=ORIENTED_EDGE('',*,*,#3403,.T.);
#573=ORIENTED_EDGE('',*,*,#3404,.T.);
#574=ORIENTED_EDGE('',*,*,#3405,.T.);
#575=ORIENTED_EDGE('',*,*,#3406,.T.);
#576=ORIENTED_EDGE('',*,*,#3407,.T.);
#577=ORIENTED_EDGE('',*,*,#3408,.T.);
#578=ORIENTED_EDGE('',*,*,#3409,.T.);
#579=ORIENTED_EDGE('',*,*,#3410,.T.);
#580=ORIENTED_EDGE('',*,*,#3411,.T.);
#581=ORIENTED_EDGE('',*,*,#3404,.F.);
#582=ORIENTED_EDGE('',*,*,#3412,.T.);
#583=ORIENTED_EDGE('',*,*,#3413,.F.);
#584=ORIENTED_EDGE('',*,*,#3152,.T.);
#585=ORIENTED_EDGE('',*,*,#3414,.F.);
#586=ORIENTED_EDGE('',*,*,#3415,.T.);
#587=ORIENTED_EDGE('',*,*,#3416,.F.);
#588=ORIENTED_EDGE('',*,*,#3417,.T.);
#589=ORIENTED_EDGE('',*,*,#3407,.F.);
#590=ORIENTED_EDGE('',*,*,#3418,.T.);
#591=ORIENTED_EDGE('',*,*,#3419,.F.);
#592=ORIENTED_EDGE('',*,*,#3154,.T.);
#593=ORIENTED_EDGE('',*,*,#3420,.T.);
#594=ORIENTED_EDGE('',*,*,#3421,.F.);
#595=ORIENTED_EDGE('',*,*,#3422,.F.);
#596=ORIENTED_EDGE('',*,*,#3423,.T.);
#597=ORIENTED_EDGE('',*,*,#3424,.T.);
#598=ORIENTED_EDGE('',*,*,#3425,.T.);
#599=ORIENTED_EDGE('',*,*,#3426,.F.);
#600=ORIENTED_EDGE('',*,*,#3427,.T.);
#601=ORIENTED_EDGE('',*,*,#3428,.T.);
#602=ORIENTED_EDGE('',*,*,#3429,.T.);
#603=ORIENTED_EDGE('',*,*,#3383,.T.);
#604=ORIENTED_EDGE('',*,*,#3430,.T.);
#605=ORIENTED_EDGE('',*,*,#3431,.F.);
#606=ORIENTED_EDGE('',*,*,#3432,.T.);
#607=ORIENTED_EDGE('',*,*,#3402,.F.);
#608=ORIENTED_EDGE('',*,*,#3433,.T.);
#609=ORIENTED_EDGE('',*,*,#3421,.T.);
#610=ORIENTED_EDGE('',*,*,#3409,.F.);
#611=ORIENTED_EDGE('',*,*,#3434,.T.);
#612=ORIENTED_EDGE('',*,*,#3435,.F.);
#613=ORIENTED_EDGE('',*,*,#3426,.T.);
#614=ORIENTED_EDGE('',*,*,#3436,.T.);
#615=ORIENTED_EDGE('',*,*,#3437,.T.);
#616=ORIENTED_EDGE('',*,*,#3438,.T.);
#617=ORIENTED_EDGE('',*,*,#3439,.T.);
#618=ORIENTED_EDGE('',*,*,#3440,.F.);
#619=ORIENTED_EDGE('',*,*,#3441,.T.);
#620=ORIENTED_EDGE('',*,*,#3394,.T.);
#621=ORIENTED_EDGE('',*,*,#3442,.T.);
#622=ORIENTED_EDGE('',*,*,#3437,.F.);
#623=ORIENTED_EDGE('',*,*,#3443,.T.);
#624=ORIENTED_EDGE('',*,*,#3444,.T.);
#625=ORIENTED_EDGE('',*,*,#3126,.T.);
#626=ORIENTED_EDGE('',*,*,#3440,.T.);
#627=ORIENTED_EDGE('',*,*,#3445,.T.);
#628=ORIENTED_EDGE('',*,*,#3424,.F.);
#629=ORIENTED_EDGE('',*,*,#3446,.T.);
#630=ORIENTED_EDGE('',*,*,#3447,.T.);
#631=ORIENTED_EDGE('',*,*,#3448,.F.);
#632=ORIENTED_EDGE('',*,*,#3449,.T.);
#633=ORIENTED_EDGE('',*,*,#3450,.T.);
#634=ORIENTED_EDGE('',*,*,#3451,.T.);
#635=ORIENTED_EDGE('',*,*,#3452,.F.);
#636=ORIENTED_EDGE('',*,*,#3450,.F.);
#637=ORIENTED_EDGE('',*,*,#3453,.T.);
#638=ORIENTED_EDGE('',*,*,#3397,.T.);
#639=ORIENTED_EDGE('',*,*,#3124,.T.);
#640=ORIENTED_EDGE('',*,*,#3375,.T.);
#641=ORIENTED_EDGE('',*,*,#3454,.T.);
#642=ORIENTED_EDGE('',*,*,#3452,.T.);
#643=ORIENTED_EDGE('',*,*,#3455,.T.);
#644=ORIENTED_EDGE('',*,*,#3373,.T.);
#645=ORIENTED_EDGE('',*,*,#3429,.F.);
#646=ORIENTED_EDGE('',*,*,#3456,.T.);
#647=ORIENTED_EDGE('',*,*,#3379,.F.);
#648=ORIENTED_EDGE('',*,*,#3457,.T.);
#649=ORIENTED_EDGE('',*,*,#3388,.T.);
#650=ORIENTED_EDGE('',*,*,#3458,.T.);
#651=ORIENTED_EDGE('',*,*,#3459,.T.);
#652=ORIENTED_EDGE('',*,*,#3460,.T.);
#653=ORIENTED_EDGE('',*,*,#3461,.F.);
#654=ORIENTED_EDGE('',*,*,#3462,.T.);
#655=ORIENTED_EDGE('',*,*,#3463,.F.);
#656=ORIENTED_EDGE('',*,*,#3464,.T.);
#657=ORIENTED_EDGE('',*,*,#3465,.F.);
#658=ORIENTED_EDGE('',*,*,#3466,.T.);
#659=ORIENTED_EDGE('',*,*,#3467,.T.);
#660=ORIENTED_EDGE('',*,*,#3468,.F.);
#661=ORIENTED_EDGE('',*,*,#3469,.T.);
#662=ORIENTED_EDGE('',*,*,#3470,.T.);
#663=ORIENTED_EDGE('',*,*,#3471,.T.);
#664=ORIENTED_EDGE('',*,*,#3472,.T.);
#665=ORIENTED_EDGE('',*,*,#3473,.F.);
#666=ORIENTED_EDGE('',*,*,#3444,.F.);
#667=ORIENTED_EDGE('',*,*,#3474,.T.);
#668=ORIENTED_EDGE('',*,*,#3446,.F.);
#669=ORIENTED_EDGE('',*,*,#3423,.F.);
#670=ORIENTED_EDGE('',*,*,#3475,.T.);
#671=ORIENTED_EDGE('',*,*,#3476,.T.);
#672=ORIENTED_EDGE('',*,*,#3477,.F.);
#673=ORIENTED_EDGE('',*,*,#3478,.F.);
#674=ORIENTED_EDGE('',*,*,#3479,.T.);
#675=ORIENTED_EDGE('',*,*,#3480,.T.);
#676=ORIENTED_EDGE('',*,*,#3481,.F.);
#677=ORIENTED_EDGE('',*,*,#3482,.T.);
#678=ORIENTED_EDGE('',*,*,#3483,.T.);
#679=ORIENTED_EDGE('',*,*,#3484,.F.);
#680=ORIENTED_EDGE('',*,*,#3485,.T.);
#681=ORIENTED_EDGE('',*,*,#3486,.T.);
#682=ORIENTED_EDGE('',*,*,#3487,.F.);
#683=ORIENTED_EDGE('',*,*,#3488,.T.);
#684=ORIENTED_EDGE('',*,*,#3489,.T.);
#685=ORIENTED_EDGE('',*,*,#3490,.T.);
#686=ORIENTED_EDGE('',*,*,#3491,.F.);
#687=ORIENTED_EDGE('',*,*,#3492,.T.);
#688=ORIENTED_EDGE('',*,*,#3493,.T.);
#689=ORIENTED_EDGE('',*,*,#3494,.T.);
#690=ORIENTED_EDGE('',*,*,#3495,.T.);
#691=ORIENTED_EDGE('',*,*,#3496,.T.);
#692=ORIENTED_EDGE('',*,*,#3497,.T.);
#693=ORIENTED_EDGE('',*,*,#3498,.T.);
#694=ORIENTED_EDGE('',*,*,#3499,.T.);
#695=ORIENTED_EDGE('',*,*,#3500,.T.);
#696=ORIENTED_EDGE('',*,*,#3501,.T.);
#697=ORIENTED_EDGE('',*,*,#3494,.F.);
#698=ORIENTED_EDGE('',*,*,#3502,.T.);
#699=ORIENTED_EDGE('',*,*,#3503,.F.);
#700=ORIENTED_EDGE('',*,*,#3148,.T.);
#701=ORIENTED_EDGE('',*,*,#3504,.F.);
#702=ORIENTED_EDGE('',*,*,#3505,.T.);
#703=ORIENTED_EDGE('',*,*,#3506,.F.);
#704=ORIENTED_EDGE('',*,*,#3507,.T.);
#705=ORIENTED_EDGE('',*,*,#3497,.F.);
#706=ORIENTED_EDGE('',*,*,#3508,.T.);
#707=ORIENTED_EDGE('',*,*,#3509,.F.);
#708=ORIENTED_EDGE('',*,*,#3150,.T.);
#709=ORIENTED_EDGE('',*,*,#3510,.T.);
#710=ORIENTED_EDGE('',*,*,#3511,.F.);
#711=ORIENTED_EDGE('',*,*,#3512,.F.);
#712=ORIENTED_EDGE('',*,*,#3513,.T.);
#713=ORIENTED_EDGE('',*,*,#3514,.T.);
#714=ORIENTED_EDGE('',*,*,#3515,.T.);
#715=ORIENTED_EDGE('',*,*,#3516,.F.);
#716=ORIENTED_EDGE('',*,*,#3517,.T.);
#717=ORIENTED_EDGE('',*,*,#3518,.T.);
#718=ORIENTED_EDGE('',*,*,#3519,.T.);
#719=ORIENTED_EDGE('',*,*,#3473,.T.);
#720=ORIENTED_EDGE('',*,*,#3520,.T.);
#721=ORIENTED_EDGE('',*,*,#3521,.F.);
#722=ORIENTED_EDGE('',*,*,#3522,.T.);
#723=ORIENTED_EDGE('',*,*,#3492,.F.);
#724=ORIENTED_EDGE('',*,*,#3523,.T.);
#725=ORIENTED_EDGE('',*,*,#3511,.T.);
#726=ORIENTED_EDGE('',*,*,#3499,.F.);
#727=ORIENTED_EDGE('',*,*,#3524,.T.);
#728=ORIENTED_EDGE('',*,*,#3525,.F.);
#729=ORIENTED_EDGE('',*,*,#3516,.T.);
#730=ORIENTED_EDGE('',*,*,#3526,.T.);
#731=ORIENTED_EDGE('',*,*,#3527,.T.);
#732=ORIENTED_EDGE('',*,*,#3528,.T.);
#733=ORIENTED_EDGE('',*,*,#3529,.T.);
#734=ORIENTED_EDGE('',*,*,#3530,.F.);
#735=ORIENTED_EDGE('',*,*,#3531,.T.);
#736=ORIENTED_EDGE('',*,*,#3484,.T.);
#737=ORIENTED_EDGE('',*,*,#3532,.T.);
#738=ORIENTED_EDGE('',*,*,#3527,.F.);
#739=ORIENTED_EDGE('',*,*,#3533,.T.);
#740=ORIENTED_EDGE('',*,*,#3534,.T.);
#741=ORIENTED_EDGE('',*,*,#3130,.T.);
#742=ORIENTED_EDGE('',*,*,#3530,.T.);
#743=ORIENTED_EDGE('',*,*,#3535,.T.);
#744=ORIENTED_EDGE('',*,*,#3514,.F.);
#745=ORIENTED_EDGE('',*,*,#3536,.T.);
#746=ORIENTED_EDGE('',*,*,#3537,.T.);
#747=ORIENTED_EDGE('',*,*,#3538,.F.);
#748=ORIENTED_EDGE('',*,*,#3539,.T.);
#749=ORIENTED_EDGE('',*,*,#3540,.T.);
#750=ORIENTED_EDGE('',*,*,#3541,.T.);
#751=ORIENTED_EDGE('',*,*,#3542,.F.);
#752=ORIENTED_EDGE('',*,*,#3540,.F.);
#753=ORIENTED_EDGE('',*,*,#3543,.T.);
#754=ORIENTED_EDGE('',*,*,#3487,.T.);
#755=ORIENTED_EDGE('',*,*,#3128,.T.);
#756=ORIENTED_EDGE('',*,*,#3465,.T.);
#757=ORIENTED_EDGE('',*,*,#3544,.T.);
#758=ORIENTED_EDGE('',*,*,#3542,.T.);
#759=ORIENTED_EDGE('',*,*,#3545,.T.);
#760=ORIENTED_EDGE('',*,*,#3463,.T.);
#761=ORIENTED_EDGE('',*,*,#3519,.F.);
#762=ORIENTED_EDGE('',*,*,#3546,.T.);
#763=ORIENTED_EDGE('',*,*,#3469,.F.);
#764=ORIENTED_EDGE('',*,*,#3547,.T.);
#765=ORIENTED_EDGE('',*,*,#3478,.T.);
#766=ORIENTED_EDGE('',*,*,#3548,.T.);
#767=ORIENTED_EDGE('',*,*,#3549,.T.);
#768=ORIENTED_EDGE('',*,*,#3550,.T.);
#769=ORIENTED_EDGE('',*,*,#3551,.F.);
#770=ORIENTED_EDGE('',*,*,#3552,.T.);
#771=ORIENTED_EDGE('',*,*,#3553,.F.);
#772=ORIENTED_EDGE('',*,*,#3554,.T.);
#773=ORIENTED_EDGE('',*,*,#3555,.F.);
#774=ORIENTED_EDGE('',*,*,#3556,.T.);
#775=ORIENTED_EDGE('',*,*,#3557,.T.);
#776=ORIENTED_EDGE('',*,*,#3558,.F.);
#777=ORIENTED_EDGE('',*,*,#3559,.T.);
#778=ORIENTED_EDGE('',*,*,#3560,.T.);
#779=ORIENTED_EDGE('',*,*,#3561,.T.);
#780=ORIENTED_EDGE('',*,*,#3562,.T.);
#781=ORIENTED_EDGE('',*,*,#3563,.F.);
#782=ORIENTED_EDGE('',*,*,#3534,.F.);
#783=ORIENTED_EDGE('',*,*,#3564,.T.);
#784=ORIENTED_EDGE('',*,*,#3536,.F.);
#785=ORIENTED_EDGE('',*,*,#3513,.F.);
#786=ORIENTED_EDGE('',*,*,#3565,.T.);
#787=ORIENTED_EDGE('',*,*,#3566,.T.);
#788=ORIENTED_EDGE('',*,*,#3567,.F.);
#789=ORIENTED_EDGE('',*,*,#3568,.F.);
#790=ORIENTED_EDGE('',*,*,#3569,.T.);
#791=ORIENTED_EDGE('',*,*,#3570,.T.);
#792=ORIENTED_EDGE('',*,*,#3571,.F.);
#793=ORIENTED_EDGE('',*,*,#3572,.T.);
#794=ORIENTED_EDGE('',*,*,#3573,.T.);
#795=ORIENTED_EDGE('',*,*,#3574,.F.);
#796=ORIENTED_EDGE('',*,*,#3575,.T.);
#797=ORIENTED_EDGE('',*,*,#3576,.T.);
#798=ORIENTED_EDGE('',*,*,#3577,.F.);
#799=ORIENTED_EDGE('',*,*,#3578,.T.);
#800=ORIENTED_EDGE('',*,*,#3579,.T.);
#801=ORIENTED_EDGE('',*,*,#3580,.T.);
#802=ORIENTED_EDGE('',*,*,#3581,.F.);
#803=ORIENTED_EDGE('',*,*,#3582,.T.);
#804=ORIENTED_EDGE('',*,*,#3583,.T.);
#805=ORIENTED_EDGE('',*,*,#3584,.T.);
#806=ORIENTED_EDGE('',*,*,#3585,.T.);
#807=ORIENTED_EDGE('',*,*,#3586,.F.);
#808=ORIENTED_EDGE('',*,*,#3587,.T.);
#809=ORIENTED_EDGE('',*,*,#3588,.T.);
#810=ORIENTED_EDGE('',*,*,#3589,.T.);
#811=ORIENTED_EDGE('',*,*,#3590,.T.);
#812=ORIENTED_EDGE('',*,*,#3591,.T.);
#813=ORIENTED_EDGE('',*,*,#3584,.F.);
#814=ORIENTED_EDGE('',*,*,#3592,.T.);
#815=ORIENTED_EDGE('',*,*,#3593,.F.);
#816=ORIENTED_EDGE('',*,*,#3144,.T.);
#817=ORIENTED_EDGE('',*,*,#3594,.F.);
#818=ORIENTED_EDGE('',*,*,#3595,.T.);
#819=ORIENTED_EDGE('',*,*,#3596,.F.);
#820=ORIENTED_EDGE('',*,*,#3597,.T.);
#821=ORIENTED_EDGE('',*,*,#3587,.F.);
#822=ORIENTED_EDGE('',*,*,#3598,.T.);
#823=ORIENTED_EDGE('',*,*,#3599,.F.);
#824=ORIENTED_EDGE('',*,*,#3146,.T.);
#825=ORIENTED_EDGE('',*,*,#3600,.T.);
#826=ORIENTED_EDGE('',*,*,#3601,.F.);
#827=ORIENTED_EDGE('',*,*,#3602,.F.);
#828=ORIENTED_EDGE('',*,*,#3603,.F.);
#829=ORIENTED_EDGE('',*,*,#3604,.T.);
#830=ORIENTED_EDGE('',*,*,#3605,.T.);
#831=ORIENTED_EDGE('',*,*,#3606,.F.);
#832=ORIENTED_EDGE('',*,*,#3607,.T.);
#833=ORIENTED_EDGE('',*,*,#3608,.T.);
#834=ORIENTED_EDGE('',*,*,#3609,.T.);
#835=ORIENTED_EDGE('',*,*,#3563,.T.);
#836=ORIENTED_EDGE('',*,*,#3610,.T.);
#837=ORIENTED_EDGE('',*,*,#3611,.F.);
#838=ORIENTED_EDGE('',*,*,#3612,.T.);
#839=ORIENTED_EDGE('',*,*,#3582,.F.);
#840=ORIENTED_EDGE('',*,*,#3613,.F.);
#841=ORIENTED_EDGE('',*,*,#3601,.T.);
#842=ORIENTED_EDGE('',*,*,#3589,.F.);
#843=ORIENTED_EDGE('',*,*,#3614,.T.);
#844=ORIENTED_EDGE('',*,*,#3615,.F.);
#845=ORIENTED_EDGE('',*,*,#3606,.T.);
#846=ORIENTED_EDGE('',*,*,#3616,.T.);
#847=ORIENTED_EDGE('',*,*,#3617,.T.);
#848=ORIENTED_EDGE('',*,*,#3618,.T.);
#849=ORIENTED_EDGE('',*,*,#3619,.T.);
#850=ORIENTED_EDGE('',*,*,#3620,.F.);
#851=ORIENTED_EDGE('',*,*,#3621,.T.);
#852=ORIENTED_EDGE('',*,*,#3574,.T.);
#853=ORIENTED_EDGE('',*,*,#3622,.T.);
#854=ORIENTED_EDGE('',*,*,#3617,.F.);
#855=ORIENTED_EDGE('',*,*,#3623,.T.);
#856=ORIENTED_EDGE('',*,*,#3624,.T.);
#857=ORIENTED_EDGE('',*,*,#3134,.T.);
#858=ORIENTED_EDGE('',*,*,#3620,.T.);
#859=ORIENTED_EDGE('',*,*,#3625,.T.);
#860=ORIENTED_EDGE('',*,*,#3604,.F.);
#861=ORIENTED_EDGE('',*,*,#3626,.F.);
#862=ORIENTED_EDGE('',*,*,#3627,.T.);
#863=ORIENTED_EDGE('',*,*,#3628,.F.);
#864=ORIENTED_EDGE('',*,*,#3629,.T.);
#865=ORIENTED_EDGE('',*,*,#3630,.T.);
#866=ORIENTED_EDGE('',*,*,#3631,.T.);
#867=ORIENTED_EDGE('',*,*,#3632,.F.);
#868=ORIENTED_EDGE('',*,*,#3630,.F.);
#869=ORIENTED_EDGE('',*,*,#3633,.T.);
#870=ORIENTED_EDGE('',*,*,#3577,.T.);
#871=ORIENTED_EDGE('',*,*,#3132,.T.);
#872=ORIENTED_EDGE('',*,*,#3555,.T.);
#873=ORIENTED_EDGE('',*,*,#3634,.T.);
#874=ORIENTED_EDGE('',*,*,#3632,.T.);
#875=ORIENTED_EDGE('',*,*,#3635,.T.);
#876=ORIENTED_EDGE('',*,*,#3553,.T.);
#877=ORIENTED_EDGE('',*,*,#3609,.F.);
#878=ORIENTED_EDGE('',*,*,#3636,.T.);
#879=ORIENTED_EDGE('',*,*,#3637,.F.);
#880=ORIENTED_EDGE('',*,*,#3638,.T.);
#881=ORIENTED_EDGE('',*,*,#3639,.T.);
#882=ORIENTED_EDGE('',*,*,#3640,.T.);
#883=ORIENTED_EDGE('',*,*,#3641,.F.);
#884=ORIENTED_EDGE('',*,*,#3640,.F.);
#885=ORIENTED_EDGE('',*,*,#3642,.T.);
#886=ORIENTED_EDGE('',*,*,#3643,.F.);
#887=ORIENTED_EDGE('',*,*,#3644,.T.);
#888=ORIENTED_EDGE('',*,*,#3645,.F.);
#889=ORIENTED_EDGE('',*,*,#3646,.F.);
#890=ORIENTED_EDGE('',*,*,#3647,.T.);
#891=ORIENTED_EDGE('',*,*,#3648,.T.);
#892=ORIENTED_EDGE('',*,*,#3649,.T.);
#893=ORIENTED_EDGE('',*,*,#3261,.F.);
#894=ORIENTED_EDGE('',*,*,#3258,.F.);
#895=ORIENTED_EDGE('',*,*,#3267,.F.);
#896=ORIENTED_EDGE('',*,*,#3264,.F.);
#897=ORIENTED_EDGE('',*,*,#3650,.F.);
#898=ORIENTED_EDGE('',*,*,#3651,.T.);
#899=ORIENTED_EDGE('',*,*,#3652,.T.);
#900=ORIENTED_EDGE('',*,*,#3653,.T.);
#901=ORIENTED_EDGE('',*,*,#3654,.F.);
#902=ORIENTED_EDGE('',*,*,#3655,.F.);
#903=ORIENTED_EDGE('',*,*,#3656,.F.);
#904=ORIENTED_EDGE('',*,*,#3657,.T.);
#905=ORIENTED_EDGE('',*,*,#3658,.T.);
#906=ORIENTED_EDGE('',*,*,#3659,.T.);
#907=ORIENTED_EDGE('',*,*,#3559,.F.);
#908=ORIENTED_EDGE('',*,*,#3660,.T.);
#909=ORIENTED_EDGE('',*,*,#3568,.T.);
#910=ORIENTED_EDGE('',*,*,#3661,.T.);
#911=ORIENTED_EDGE('',*,*,#3662,.T.);
#912=ORIENTED_EDGE('',*,*,#3663,.T.);
#913=ORIENTED_EDGE('',*,*,#3664,.F.);
#914=ORIENTED_EDGE('',*,*,#3665,.T.);
#915=ORIENTED_EDGE('',*,*,#3666,.T.);
#916=ORIENTED_EDGE('',*,*,#3667,.T.);
#917=ORIENTED_EDGE('',*,*,#3668,.T.);
#918=ORIENTED_EDGE('',*,*,#3669,.F.);
#919=ORIENTED_EDGE('',*,*,#3670,.T.);
#920=ORIENTED_EDGE('',*,*,#3671,.T.);
#921=ORIENTED_EDGE('',*,*,#3672,.F.);
#922=ORIENTED_EDGE('',*,*,#3673,.T.);
#923=ORIENTED_EDGE('',*,*,#3674,.T.);
#924=ORIENTED_EDGE('',*,*,#3675,.T.);
#925=ORIENTED_EDGE('',*,*,#3676,.T.);
#926=ORIENTED_EDGE('',*,*,#3677,.T.);
#927=ORIENTED_EDGE('',*,*,#3626,.T.);
#928=ORIENTED_EDGE('',*,*,#3603,.T.);
#929=ORIENTED_EDGE('',*,*,#3678,.T.);
#930=ORIENTED_EDGE('',*,*,#3679,.T.);
#931=ORIENTED_EDGE('',*,*,#3680,.F.);
#932=ORIENTED_EDGE('',*,*,#3681,.F.);
#933=ORIENTED_EDGE('',*,*,#3682,.T.);
#934=ORIENTED_EDGE('',*,*,#3683,.T.);
#935=ORIENTED_EDGE('',*,*,#3684,.F.);
#936=ORIENTED_EDGE('',*,*,#3624,.F.);
#937=ORIENTED_EDGE('',*,*,#3685,.T.);
#938=ORIENTED_EDGE('',*,*,#3686,.T.);
#939=ORIENTED_EDGE('',*,*,#3687,.F.);
#940=ORIENTED_EDGE('',*,*,#3688,.T.);
#941=ORIENTED_EDGE('',*,*,#3689,.T.);
#942=ORIENTED_EDGE('',*,*,#3690,.F.);
#943=ORIENTED_EDGE('',*,*,#3691,.T.);
#944=ORIENTED_EDGE('',*,*,#3692,.T.);
#945=ORIENTED_EDGE('',*,*,#3693,.T.);
#946=ORIENTED_EDGE('',*,*,#3694,.F.);
#947=ORIENTED_EDGE('',*,*,#3695,.F.);
#948=ORIENTED_EDGE('',*,*,#3696,.T.);
#949=ORIENTED_EDGE('',*,*,#3697,.F.);
#950=ORIENTED_EDGE('',*,*,#3140,.T.);
#951=ORIENTED_EDGE('',*,*,#3698,.F.);
#952=ORIENTED_EDGE('',*,*,#3699,.F.);
#953=ORIENTED_EDGE('',*,*,#3700,.T.);
#954=ORIENTED_EDGE('',*,*,#3701,.F.);
#955=ORIENTED_EDGE('',*,*,#3702,.T.);
#956=ORIENTED_EDGE('',*,*,#3703,.F.);
#957=ORIENTED_EDGE('',*,*,#3142,.T.);
#958=ORIENTED_EDGE('',*,*,#3704,.T.);
#959=ORIENTED_EDGE('',*,*,#3705,.T.);
#960=ORIENTED_EDGE('',*,*,#3695,.T.);
#961=ORIENTED_EDGE('',*,*,#3706,.T.);
#962=ORIENTED_EDGE('',*,*,#3707,.T.);
#963=ORIENTED_EDGE('',*,*,#3708,.F.);
#964=ORIENTED_EDGE('',*,*,#3709,.T.);
#965=ORIENTED_EDGE('',*,*,#3701,.T.);
#966=ORIENTED_EDGE('',*,*,#3710,.T.);
#967=ORIENTED_EDGE('',*,*,#3687,.T.);
#968=ORIENTED_EDGE('',*,*,#3711,.T.);
#969=ORIENTED_EDGE('',*,*,#3652,.F.);
#970=ORIENTED_EDGE('',*,*,#3712,.T.);
#971=ORIENTED_EDGE('',*,*,#3138,.T.);
#972=ORIENTED_EDGE('',*,*,#3658,.F.);
#973=ORIENTED_EDGE('',*,*,#3713,.T.);
#974=ORIENTED_EDGE('',*,*,#3690,.T.);
#975=ORIENTED_EDGE('',*,*,#3136,.T.);
#976=ORIENTED_EDGE('',*,*,#3669,.T.);
#977=ORIENTED_EDGE('',*,*,#3714,.T.);
#978=ORIENTED_EDGE('',*,*,#3166,.T.);
#979=ORIENTED_EDGE('',*,*,#3715,.F.);
#980=ORIENTED_EDGE('',*,*,#3716,.F.);
#981=ORIENTED_EDGE('',*,*,#3717,.T.);
#982=ORIENTED_EDGE('',*,*,#3673,.F.);
#983=ORIENTED_EDGE('',*,*,#3718,.T.);
#984=ORIENTED_EDGE('',*,*,#3681,.T.);
#985=ORIENTED_EDGE('',*,*,#3719,.T.);
#986=ORIENTED_EDGE('',*,*,#3720,.F.);
#987=ORIENTED_EDGE('',*,*,#3648,.F.);
#988=ORIENTED_EDGE('',*,*,#3721,.F.);
#989=ORIENTED_EDGE('',*,*,#3722,.F.);
#990=ORIENTED_EDGE('',*,*,#3723,.F.);
#991=ORIENTED_EDGE('',*,*,#3644,.F.);
#992=ORIENTED_EDGE('',*,*,#3724,.F.);
#993=ORIENTED_EDGE('',*,*,#3725,.T.);
#994=ORIENTED_EDGE('',*,*,#3726,.T.);
#995=ORIENTED_EDGE('',*,*,#3727,.T.);
#996=ORIENTED_EDGE('',*,*,#3728,.T.);
#997=ORIENTED_EDGE('',*,*,#3716,.T.);
#998=ORIENTED_EDGE('',*,*,#3725,.F.);
#999=ORIENTED_EDGE('',*,*,#3729,.T.);
#1000=ORIENTED_EDGE('',*,*,#3170,.T.);
#1001=ORIENTED_EDGE('',*,*,#3730,.F.);
#1002=ORIENTED_EDGE('',*,*,#3169,.T.);
#1003=ORIENTED_EDGE('',*,*,#3731,.F.);
#1004=ORIENTED_EDGE('',*,*,#3726,.F.);
#1005=ORIENTED_EDGE('',*,*,#3730,.T.);
#1006=ORIENTED_EDGE('',*,*,#3168,.T.);
#1007=ORIENTED_EDGE('',*,*,#3732,.F.);
#1008=ORIENTED_EDGE('',*,*,#3727,.F.);
#1009=ORIENTED_EDGE('',*,*,#3731,.T.);
#1010=ORIENTED_EDGE('',*,*,#3167,.T.);
#1011=ORIENTED_EDGE('',*,*,#3717,.F.);
#1012=ORIENTED_EDGE('',*,*,#3728,.F.);
#1013=ORIENTED_EDGE('',*,*,#3732,.T.);
#1014=ORIENTED_EDGE('',*,*,#3723,.T.);
#1015=ORIENTED_EDGE('',*,*,#3733,.F.);
#1016=ORIENTED_EDGE('',*,*,#3734,.F.);
#1017=ORIENTED_EDGE('',*,*,#3645,.T.);
#1018=ORIENTED_EDGE('',*,*,#3722,.T.);
#1019=ORIENTED_EDGE('',*,*,#3735,.F.);
#1020=ORIENTED_EDGE('',*,*,#3736,.F.);
#1021=ORIENTED_EDGE('',*,*,#3733,.T.);
#1022=ORIENTED_EDGE('',*,*,#3721,.T.);
#1023=ORIENTED_EDGE('',*,*,#3647,.F.);
#1024=ORIENTED_EDGE('',*,*,#3737,.F.);
#1025=ORIENTED_EDGE('',*,*,#3735,.T.);
#1026=ORIENTED_EDGE('',*,*,#3738,.F.);
#1027=ORIENTED_EDGE('',*,*,#3739,.F.);
#1028=ORIENTED_EDGE('',*,*,#3740,.F.);
#1029=ORIENTED_EDGE('',*,*,#3741,.F.);
#1030=ORIENTED_EDGE('',*,*,#3742,.F.);
#1031=ORIENTED_EDGE('',*,*,#3743,.F.);
#1032=ORIENTED_EDGE('',*,*,#3744,.F.);
#1033=ORIENTED_EDGE('',*,*,#3745,.F.);
#1034=ORIENTED_EDGE('',*,*,#3196,.F.);
#1035=ORIENTED_EDGE('',*,*,#3746,.F.);
#1036=ORIENTED_EDGE('',*,*,#3180,.F.);
#1037=ORIENTED_EDGE('',*,*,#3747,.F.);
#1038=ORIENTED_EDGE('',*,*,#3748,.F.);
#1039=ORIENTED_EDGE('',*,*,#3749,.F.);
#1040=ORIENTED_EDGE('',*,*,#3750,.F.);
#1041=ORIENTED_EDGE('',*,*,#3751,.F.);
#1042=ORIENTED_EDGE('',*,*,#3752,.F.);
#1043=ORIENTED_EDGE('',*,*,#3184,.F.);
#1044=ORIENTED_EDGE('',*,*,#3753,.F.);
#1045=ORIENTED_EDGE('',*,*,#3192,.F.);
#1046=ORIENTED_EDGE('',*,*,#3754,.F.);
#1047=ORIENTED_EDGE('',*,*,#3755,.F.);
#1048=ORIENTED_EDGE('',*,*,#3756,.F.);
#1049=ORIENTED_EDGE('',*,*,#3757,.F.);
#1050=ORIENTED_EDGE('',*,*,#3758,.F.);
#1051=ORIENTED_EDGE('',*,*,#3759,.F.);
#1052=ORIENTED_EDGE('',*,*,#3760,.F.);
#1053=ORIENTED_EDGE('',*,*,#3761,.F.);
#1054=ORIENTED_EDGE('',*,*,#3762,.F.);
#1055=ORIENTED_EDGE('',*,*,#3202,.F.);
#1056=ORIENTED_EDGE('',*,*,#3763,.F.);
#1057=ORIENTED_EDGE('',*,*,#3206,.F.);
#1058=ORIENTED_EDGE('',*,*,#3764,.F.);
#1059=ORIENTED_EDGE('',*,*,#3765,.F.);
#1060=ORIENTED_EDGE('',*,*,#3766,.F.);
#1061=ORIENTED_EDGE('',*,*,#3767,.F.);
#1062=ORIENTED_EDGE('',*,*,#3768,.F.);
#1063=ORIENTED_EDGE('',*,*,#3769,.F.);
#1064=ORIENTED_EDGE('',*,*,#3770,.F.);
#1065=ORIENTED_EDGE('',*,*,#3771,.F.);
#1066=ORIENTED_EDGE('',*,*,#3772,.F.);
#1067=ORIENTED_EDGE('',*,*,#3773,.F.);
#1068=ORIENTED_EDGE('',*,*,#3774,.F.);
#1069=ORIENTED_EDGE('',*,*,#3775,.F.);
#1070=ORIENTED_EDGE('',*,*,#3776,.F.);
#1071=ORIENTED_EDGE('',*,*,#3777,.F.);
#1072=ORIENTED_EDGE('',*,*,#3778,.F.);
#1073=ORIENTED_EDGE('',*,*,#3779,.F.);
#1074=ORIENTED_EDGE('',*,*,#3300,.F.);
#1075=ORIENTED_EDGE('',*,*,#3780,.F.);
#1076=ORIENTED_EDGE('',*,*,#3287,.F.);
#1077=ORIENTED_EDGE('',*,*,#3781,.F.);
#1078=ORIENTED_EDGE('',*,*,#3782,.F.);
#1079=ORIENTED_EDGE('',*,*,#3783,.F.);
#1080=ORIENTED_EDGE('',*,*,#3784,.F.);
#1081=ORIENTED_EDGE('',*,*,#3785,.F.);
#1082=ORIENTED_EDGE('',*,*,#3786,.F.);
#1083=ORIENTED_EDGE('',*,*,#3291,.F.);
#1084=ORIENTED_EDGE('',*,*,#3787,.F.);
#1085=ORIENTED_EDGE('',*,*,#3296,.F.);
#1086=ORIENTED_EDGE('',*,*,#3788,.F.);
#1087=ORIENTED_EDGE('',*,*,#3789,.F.);
#1088=ORIENTED_EDGE('',*,*,#3790,.F.);
#1089=ORIENTED_EDGE('',*,*,#3791,.F.);
#1090=ORIENTED_EDGE('',*,*,#3792,.F.);
#1091=ORIENTED_EDGE('',*,*,#3793,.F.);
#1092=ORIENTED_EDGE('',*,*,#3794,.F.);
#1093=ORIENTED_EDGE('',*,*,#3795,.F.);
#1094=ORIENTED_EDGE('',*,*,#3796,.F.);
#1095=ORIENTED_EDGE('',*,*,#3306,.F.);
#1096=ORIENTED_EDGE('',*,*,#3797,.F.);
#1097=ORIENTED_EDGE('',*,*,#3310,.F.);
#1098=ORIENTED_EDGE('',*,*,#3798,.F.);
#1099=ORIENTED_EDGE('',*,*,#3799,.F.);
#1100=ORIENTED_EDGE('',*,*,#3800,.F.);
#1101=ORIENTED_EDGE('',*,*,#3801,.F.);
#1102=ORIENTED_EDGE('',*,*,#3802,.F.);
#1103=ORIENTED_EDGE('',*,*,#3803,.F.);
#1104=ORIENTED_EDGE('',*,*,#3804,.F.);
#1105=ORIENTED_EDGE('',*,*,#3805,.F.);
#1106=ORIENTED_EDGE('',*,*,#3806,.F.);
#1107=ORIENTED_EDGE('',*,*,#3807,.F.);
#1108=ORIENTED_EDGE('',*,*,#3808,.F.);
#1109=ORIENTED_EDGE('',*,*,#3809,.F.);
#1110=ORIENTED_EDGE('',*,*,#3810,.F.);
#1111=ORIENTED_EDGE('',*,*,#3811,.F.);
#1112=ORIENTED_EDGE('',*,*,#3812,.F.);
#1113=ORIENTED_EDGE('',*,*,#3813,.F.);
#1114=ORIENTED_EDGE('',*,*,#3390,.F.);
#1115=ORIENTED_EDGE('',*,*,#3814,.F.);
#1116=ORIENTED_EDGE('',*,*,#3377,.F.);
#1117=ORIENTED_EDGE('',*,*,#3815,.F.);
#1118=ORIENTED_EDGE('',*,*,#3816,.F.);
#1119=ORIENTED_EDGE('',*,*,#3817,.F.);
#1120=ORIENTED_EDGE('',*,*,#3818,.F.);
#1121=ORIENTED_EDGE('',*,*,#3819,.F.);
#1122=ORIENTED_EDGE('',*,*,#3820,.F.);
#1123=ORIENTED_EDGE('',*,*,#3381,.F.);
#1124=ORIENTED_EDGE('',*,*,#3821,.F.);
#1125=ORIENTED_EDGE('',*,*,#3386,.F.);
#1126=ORIENTED_EDGE('',*,*,#3822,.F.);
#1127=ORIENTED_EDGE('',*,*,#3823,.F.);
#1128=ORIENTED_EDGE('',*,*,#3824,.F.);
#1129=ORIENTED_EDGE('',*,*,#3825,.F.);
#1130=ORIENTED_EDGE('',*,*,#3826,.F.);
#1131=ORIENTED_EDGE('',*,*,#3827,.F.);
#1132=ORIENTED_EDGE('',*,*,#3828,.F.);
#1133=ORIENTED_EDGE('',*,*,#3829,.F.);
#1134=ORIENTED_EDGE('',*,*,#3830,.F.);
#1135=ORIENTED_EDGE('',*,*,#3396,.F.);
#1136=ORIENTED_EDGE('',*,*,#3831,.F.);
#1137=ORIENTED_EDGE('',*,*,#3400,.F.);
#1138=ORIENTED_EDGE('',*,*,#3832,.F.);
#1139=ORIENTED_EDGE('',*,*,#3833,.F.);
#1140=ORIENTED_EDGE('',*,*,#3834,.F.);
#1141=ORIENTED_EDGE('',*,*,#3835,.F.);
#1142=ORIENTED_EDGE('',*,*,#3836,.F.);
#1143=ORIENTED_EDGE('',*,*,#3837,.F.);
#1144=ORIENTED_EDGE('',*,*,#3838,.F.);
#1145=ORIENTED_EDGE('',*,*,#3839,.F.);
#1146=ORIENTED_EDGE('',*,*,#3840,.F.);
#1147=ORIENTED_EDGE('',*,*,#3841,.F.);
#1148=ORIENTED_EDGE('',*,*,#3842,.F.);
#1149=ORIENTED_EDGE('',*,*,#3843,.F.);
#1150=ORIENTED_EDGE('',*,*,#3844,.F.);
#1151=ORIENTED_EDGE('',*,*,#3845,.F.);
#1152=ORIENTED_EDGE('',*,*,#3846,.F.);
#1153=ORIENTED_EDGE('',*,*,#3847,.F.);
#1154=ORIENTED_EDGE('',*,*,#3480,.F.);
#1155=ORIENTED_EDGE('',*,*,#3848,.F.);
#1156=ORIENTED_EDGE('',*,*,#3467,.F.);
#1157=ORIENTED_EDGE('',*,*,#3849,.F.);
#1158=ORIENTED_EDGE('',*,*,#3850,.F.);
#1159=ORIENTED_EDGE('',*,*,#3851,.F.);
#1160=ORIENTED_EDGE('',*,*,#3852,.F.);
#1161=ORIENTED_EDGE('',*,*,#3853,.F.);
#1162=ORIENTED_EDGE('',*,*,#3854,.F.);
#1163=ORIENTED_EDGE('',*,*,#3471,.F.);
#1164=ORIENTED_EDGE('',*,*,#3855,.F.);
#1165=ORIENTED_EDGE('',*,*,#3476,.F.);
#1166=ORIENTED_EDGE('',*,*,#3856,.F.);
#1167=ORIENTED_EDGE('',*,*,#3857,.F.);
#1168=ORIENTED_EDGE('',*,*,#3858,.F.);
#1169=ORIENTED_EDGE('',*,*,#3859,.F.);
#1170=ORIENTED_EDGE('',*,*,#3860,.F.);
#1171=ORIENTED_EDGE('',*,*,#3861,.F.);
#1172=ORIENTED_EDGE('',*,*,#3862,.F.);
#1173=ORIENTED_EDGE('',*,*,#3863,.F.);
#1174=ORIENTED_EDGE('',*,*,#3864,.F.);
#1175=ORIENTED_EDGE('',*,*,#3486,.F.);
#1176=ORIENTED_EDGE('',*,*,#3865,.F.);
#1177=ORIENTED_EDGE('',*,*,#3490,.F.);
#1178=ORIENTED_EDGE('',*,*,#3866,.F.);
#1179=ORIENTED_EDGE('',*,*,#3867,.F.);
#1180=ORIENTED_EDGE('',*,*,#3868,.F.);
#1181=ORIENTED_EDGE('',*,*,#3869,.F.);
#1182=ORIENTED_EDGE('',*,*,#3870,.F.);
#1183=ORIENTED_EDGE('',*,*,#3871,.F.);
#1184=ORIENTED_EDGE('',*,*,#3872,.F.);
#1185=ORIENTED_EDGE('',*,*,#3873,.F.);
#1186=ORIENTED_EDGE('',*,*,#3874,.F.);
#1187=ORIENTED_EDGE('',*,*,#3875,.F.);
#1188=ORIENTED_EDGE('',*,*,#3876,.F.);
#1189=ORIENTED_EDGE('',*,*,#3877,.F.);
#1190=ORIENTED_EDGE('',*,*,#3878,.F.);
#1191=ORIENTED_EDGE('',*,*,#3879,.F.);
#1192=ORIENTED_EDGE('',*,*,#3880,.F.);
#1193=ORIENTED_EDGE('',*,*,#3881,.F.);
#1194=ORIENTED_EDGE('',*,*,#3570,.F.);
#1195=ORIENTED_EDGE('',*,*,#3882,.F.);
#1196=ORIENTED_EDGE('',*,*,#3557,.F.);
#1197=ORIENTED_EDGE('',*,*,#3883,.F.);
#1198=ORIENTED_EDGE('',*,*,#3884,.F.);
#1199=ORIENTED_EDGE('',*,*,#3885,.F.);
#1200=ORIENTED_EDGE('',*,*,#3886,.F.);
#1201=ORIENTED_EDGE('',*,*,#3887,.F.);
#1202=ORIENTED_EDGE('',*,*,#3888,.F.);
#1203=ORIENTED_EDGE('',*,*,#3561,.F.);
#1204=ORIENTED_EDGE('',*,*,#3889,.F.);
#1205=ORIENTED_EDGE('',*,*,#3566,.F.);
#1206=ORIENTED_EDGE('',*,*,#3890,.F.);
#1207=ORIENTED_EDGE('',*,*,#3891,.F.);
#1208=ORIENTED_EDGE('',*,*,#3892,.F.);
#1209=ORIENTED_EDGE('',*,*,#3893,.F.);
#1210=ORIENTED_EDGE('',*,*,#3894,.F.);
#1211=ORIENTED_EDGE('',*,*,#3895,.F.);
#1212=ORIENTED_EDGE('',*,*,#3896,.F.);
#1213=ORIENTED_EDGE('',*,*,#3897,.F.);
#1214=ORIENTED_EDGE('',*,*,#3898,.F.);
#1215=ORIENTED_EDGE('',*,*,#3576,.F.);
#1216=ORIENTED_EDGE('',*,*,#3899,.F.);
#1217=ORIENTED_EDGE('',*,*,#3580,.F.);
#1218=ORIENTED_EDGE('',*,*,#3900,.F.);
#1219=ORIENTED_EDGE('',*,*,#3901,.F.);
#1220=ORIENTED_EDGE('',*,*,#3902,.F.);
#1221=ORIENTED_EDGE('',*,*,#3903,.F.);
#1222=ORIENTED_EDGE('',*,*,#3904,.F.);
#1223=ORIENTED_EDGE('',*,*,#3905,.F.);
#1224=ORIENTED_EDGE('',*,*,#3906,.F.);
#1225=ORIENTED_EDGE('',*,*,#3907,.F.);
#1226=ORIENTED_EDGE('',*,*,#3908,.F.);
#1227=ORIENTED_EDGE('',*,*,#3909,.F.);
#1228=ORIENTED_EDGE('',*,*,#3910,.F.);
#1229=ORIENTED_EDGE('',*,*,#3911,.F.);
#1230=ORIENTED_EDGE('',*,*,#3912,.F.);
#1231=ORIENTED_EDGE('',*,*,#3913,.F.);
#1232=ORIENTED_EDGE('',*,*,#3914,.F.);
#1233=ORIENTED_EDGE('',*,*,#3915,.F.);
#1234=ORIENTED_EDGE('',*,*,#3683,.F.);
#1235=ORIENTED_EDGE('',*,*,#3916,.F.);
#1236=ORIENTED_EDGE('',*,*,#3671,.F.);
#1237=ORIENTED_EDGE('',*,*,#3917,.F.);
#1238=ORIENTED_EDGE('',*,*,#3918,.F.);
#1239=ORIENTED_EDGE('',*,*,#3919,.F.);
#1240=ORIENTED_EDGE('',*,*,#3920,.F.);
#1241=ORIENTED_EDGE('',*,*,#3921,.F.);
#1242=ORIENTED_EDGE('',*,*,#3922,.F.);
#1243=ORIENTED_EDGE('',*,*,#3675,.F.);
#1244=ORIENTED_EDGE('',*,*,#3923,.F.);
#1245=ORIENTED_EDGE('',*,*,#3679,.F.);
#1246=ORIENTED_EDGE('',*,*,#3924,.F.);
#1247=ORIENTED_EDGE('',*,*,#3925,.F.);
#1248=ORIENTED_EDGE('',*,*,#3926,.F.);
#1249=ORIENTED_EDGE('',*,*,#3927,.F.);
#1250=ORIENTED_EDGE('',*,*,#3928,.F.);
#1251=ORIENTED_EDGE('',*,*,#3929,.F.);
#1252=ORIENTED_EDGE('',*,*,#3930,.F.);
#1253=ORIENTED_EDGE('',*,*,#3931,.F.);
#1254=ORIENTED_EDGE('',*,*,#3932,.F.);
#1255=ORIENTED_EDGE('',*,*,#3689,.F.);
#1256=ORIENTED_EDGE('',*,*,#3933,.F.);
#1257=ORIENTED_EDGE('',*,*,#3693,.F.);
#1258=ORIENTED_EDGE('',*,*,#3934,.F.);
#1259=ORIENTED_EDGE('',*,*,#3935,.F.);
#1260=ORIENTED_EDGE('',*,*,#3936,.F.);
#1261=ORIENTED_EDGE('',*,*,#3937,.F.);
#1262=ORIENTED_EDGE('',*,*,#3938,.F.);
#1263=ORIENTED_EDGE('',*,*,#3939,.F.);
#1264=ORIENTED_EDGE('',*,*,#3940,.F.);
#1265=ORIENTED_EDGE('',*,*,#3941,.F.);
#1266=ORIENTED_EDGE('',*,*,#3646,.T.);
#1267=ORIENTED_EDGE('',*,*,#3734,.T.);
#1268=ORIENTED_EDGE('',*,*,#3736,.T.);
#1269=ORIENTED_EDGE('',*,*,#3737,.T.);
#1270=ORIENTED_EDGE('',*,*,#3651,.F.);
#1271=ORIENTED_EDGE('',*,*,#3942,.T.);
#1272=ORIENTED_EDGE('',*,*,#3943,.T.);
#1273=ORIENTED_EDGE('',*,*,#3944,.T.);
#1274=ORIENTED_EDGE('',*,*,#3706,.F.);
#1275=ORIENTED_EDGE('',*,*,#3698,.T.);
#1276=ORIENTED_EDGE('',*,*,#3139,.T.);
#1277=ORIENTED_EDGE('',*,*,#3712,.F.);
#1278=ORIENTED_EDGE('',*,*,#3639,.F.);
#1279=ORIENTED_EDGE('',*,*,#3945,.T.);
#1280=ORIENTED_EDGE('',*,*,#3187,.T.);
#1281=ORIENTED_EDGE('',*,*,#3114,.T.);
#1282=ORIENTED_EDGE('',*,*,#3642,.F.);
#1283=ORIENTED_EDGE('',*,*,#3720,.T.);
#1284=ORIENTED_EDGE('',*,*,#3715,.T.);
#1285=ORIENTED_EDGE('',*,*,#3165,.T.);
#1286=ORIENTED_EDGE('',*,*,#3649,.F.);
#1287=ORIENTED_EDGE('',*,*,#3724,.T.);
#1288=ORIENTED_EDGE('',*,*,#3643,.T.);
#1289=ORIENTED_EDGE('',*,*,#3171,.T.);
#1290=ORIENTED_EDGE('',*,*,#3729,.F.);
#1291=ORIENTED_EDGE('',*,*,#3703,.T.);
#1292=ORIENTED_EDGE('',*,*,#3946,.T.);
#1293=ORIENTED_EDGE('',*,*,#3947,.T.);
#1294=ORIENTED_EDGE('',*,*,#3929,.T.);
#1295=ORIENTED_EDGE('',*,*,#3948,.F.);
#1296=ORIENTED_EDGE('',*,*,#3949,.T.);
#1297=ORIENTED_EDGE('',*,*,#3950,.T.);
#1298=ORIENTED_EDGE('',*,*,#3594,.T.);
#1299=ORIENTED_EDGE('',*,*,#3951,.T.);
#1300=ORIENTED_EDGE('',*,*,#3927,.T.);
#1301=ORIENTED_EDGE('',*,*,#3952,.T.);
#1302=ORIENTED_EDGE('',*,*,#3953,.T.);
#1303=ORIENTED_EDGE('',*,*,#3954,.T.);
#1304=ORIENTED_EDGE('',*,*,#3939,.T.);
#1305=ORIENTED_EDGE('',*,*,#3955,.F.);
#1306=ORIENTED_EDGE('',*,*,#3664,.T.);
#1307=ORIENTED_EDGE('',*,*,#3956,.T.);
#1308=ORIENTED_EDGE('',*,*,#3920,.T.);
#1309=ORIENTED_EDGE('',*,*,#3957,.F.);
#1310=ORIENTED_EDGE('',*,*,#3697,.T.);
#1311=ORIENTED_EDGE('',*,*,#3958,.T.);
#1312=ORIENTED_EDGE('',*,*,#3959,.T.);
#1313=ORIENTED_EDGE('',*,*,#3960,.T.);
#1314=ORIENTED_EDGE('',*,*,#3961,.T.);
#1315=ORIENTED_EDGE('',*,*,#3962,.T.);
#1316=ORIENTED_EDGE('',*,*,#3699,.T.);
#1317=ORIENTED_EDGE('',*,*,#3963,.T.);
#1318=ORIENTED_EDGE('',*,*,#3918,.T.);
#1319=ORIENTED_EDGE('',*,*,#3964,.F.);
#1320=ORIENTED_EDGE('',*,*,#3662,.F.);
#1321=ORIENTED_EDGE('',*,*,#3965,.T.);
#1322=ORIENTED_EDGE('',*,*,#3937,.T.);
#1323=ORIENTED_EDGE('',*,*,#3680,.T.);
#1324=ORIENTED_EDGE('',*,*,#3923,.T.);
#1325=ORIENTED_EDGE('',*,*,#3674,.F.);
#1326=ORIENTED_EDGE('',*,*,#3719,.F.);
#1327=ORIENTED_EDGE('',*,*,#3948,.T.);
#1328=ORIENTED_EDGE('',*,*,#3928,.T.);
#1329=ORIENTED_EDGE('',*,*,#3951,.F.);
#1330=ORIENTED_EDGE('',*,*,#3143,.F.);
#1331=ORIENTED_EDGE('',*,*,#3694,.T.);
#1332=ORIENTED_EDGE('',*,*,#3933,.T.);
#1333=ORIENTED_EDGE('',*,*,#3688,.F.);
#1334=ORIENTED_EDGE('',*,*,#3137,.F.);
#1335=ORIENTED_EDGE('',*,*,#3955,.T.);
#1336=ORIENTED_EDGE('',*,*,#3938,.T.);
#1337=ORIENTED_EDGE('',*,*,#3965,.F.);
#1338=ORIENTED_EDGE('',*,*,#3665,.F.);
#1339=ORIENTED_EDGE('',*,*,#3654,.T.);
#1340=ORIENTED_EDGE('',*,*,#3966,.T.);
#1341=ORIENTED_EDGE('',*,*,#3685,.F.);
#1342=ORIENTED_EDGE('',*,*,#3932,.T.);
#1343=ORIENTED_EDGE('',*,*,#3967,.F.);
#1344=ORIENTED_EDGE('',*,*,#3968,.F.);
#1345=ORIENTED_EDGE('',*,*,#3969,.T.);
#1346=ORIENTED_EDGE('',*,*,#3967,.T.);
#1347=ORIENTED_EDGE('',*,*,#3941,.T.);
#1348=ORIENTED_EDGE('',*,*,#3954,.F.);
#1349=ORIENTED_EDGE('',*,*,#3970,.F.);
#1350=ORIENTED_EDGE('',*,*,#3968,.T.);
#1351=ORIENTED_EDGE('',*,*,#3940,.T.);
#1352=ORIENTED_EDGE('',*,*,#3971,.F.);
#1353=ORIENTED_EDGE('',*,*,#3972,.T.);
#1354=ORIENTED_EDGE('',*,*,#3973,.T.);
#1355=ORIENTED_EDGE('',*,*,#3935,.T.);
#1356=ORIENTED_EDGE('',*,*,#3692,.F.);
#1357=ORIENTED_EDGE('',*,*,#3974,.T.);
#1358=ORIENTED_EDGE('',*,*,#3656,.T.);
#1359=ORIENTED_EDGE('',*,*,#3971,.T.);
#1360=ORIENTED_EDGE('',*,*,#3934,.T.);
#1361=ORIENTED_EDGE('',*,*,#3973,.F.);
#1362=ORIENTED_EDGE('',*,*,#3975,.F.);
#1363=ORIENTED_EDGE('',*,*,#3959,.F.);
#1364=ORIENTED_EDGE('',*,*,#3936,.T.);
#1365=ORIENTED_EDGE('',*,*,#3976,.F.);
#1366=ORIENTED_EDGE('',*,*,#3977,.T.);
#1367=ORIENTED_EDGE('',*,*,#3676,.F.);
#1368=ORIENTED_EDGE('',*,*,#3922,.T.);
#1369=ORIENTED_EDGE('',*,*,#3978,.F.);
#1370=ORIENTED_EDGE('',*,*,#3979,.T.);
#1371=ORIENTED_EDGE('',*,*,#3976,.T.);
#1372=ORIENTED_EDGE('',*,*,#3931,.T.);
#1373=ORIENTED_EDGE('',*,*,#3947,.F.);
#1374=ORIENTED_EDGE('',*,*,#3980,.T.);
#1375=ORIENTED_EDGE('',*,*,#3708,.T.);
#1376=ORIENTED_EDGE('',*,*,#3978,.T.);
#1377=ORIENTED_EDGE('',*,*,#3930,.T.);
#1378=ORIENTED_EDGE('',*,*,#3981,.F.);
#1379=ORIENTED_EDGE('',*,*,#3613,.T.);
#1380=ORIENTED_EDGE('',*,*,#3982,.T.);
#1381=ORIENTED_EDGE('',*,*,#3925,.T.);
#1382=ORIENTED_EDGE('',*,*,#3678,.F.);
#1383=ORIENTED_EDGE('',*,*,#3602,.T.);
#1384=ORIENTED_EDGE('',*,*,#3981,.T.);
#1385=ORIENTED_EDGE('',*,*,#3924,.T.);
#1386=ORIENTED_EDGE('',*,*,#3586,.T.);
#1387=ORIENTED_EDGE('',*,*,#3983,.T.);
#1388=ORIENTED_EDGE('',*,*,#3949,.F.);
#1389=ORIENTED_EDGE('',*,*,#3926,.T.);
#1390=ORIENTED_EDGE('',*,*,#3982,.F.);
#1391=ORIENTED_EDGE('',*,*,#3964,.T.);
#1392=ORIENTED_EDGE('',*,*,#3921,.T.);
#1393=ORIENTED_EDGE('',*,*,#3956,.F.);
#1394=ORIENTED_EDGE('',*,*,#3663,.F.);
#1395=ORIENTED_EDGE('',*,*,#3957,.T.);
#1396=ORIENTED_EDGE('',*,*,#3919,.T.);
#1397=ORIENTED_EDGE('',*,*,#3963,.F.);
#1398=ORIENTED_EDGE('',*,*,#3141,.F.);
#1399=ORIENTED_EDGE('',*,*,#3684,.T.);
#1400=ORIENTED_EDGE('',*,*,#3917,.T.);
#1401=ORIENTED_EDGE('',*,*,#3670,.F.);
#1402=ORIENTED_EDGE('',*,*,#3135,.F.);
#1403=ORIENTED_EDGE('',*,*,#3672,.T.);
#1404=ORIENTED_EDGE('',*,*,#3916,.T.);
#1405=ORIENTED_EDGE('',*,*,#3682,.F.);
#1406=ORIENTED_EDGE('',*,*,#3718,.F.);
#1407=ORIENTED_EDGE('',*,*,#3912,.T.);
#1408=ORIENTED_EDGE('',*,*,#3984,.F.);
#1409=ORIENTED_EDGE('',*,*,#3985,.F.);
#1410=ORIENTED_EDGE('',*,*,#3986,.T.);
#1411=ORIENTED_EDGE('',*,*,#3915,.T.);
#1412=ORIENTED_EDGE('',*,*,#3987,.F.);
#1413=ORIENTED_EDGE('',*,*,#3988,.F.);
#1414=ORIENTED_EDGE('',*,*,#3984,.T.);
#1415=ORIENTED_EDGE('',*,*,#3914,.T.);
#1416=ORIENTED_EDGE('',*,*,#3989,.F.);
#1417=ORIENTED_EDGE('',*,*,#3990,.F.);
#1418=ORIENTED_EDGE('',*,*,#3987,.T.);
#1419=ORIENTED_EDGE('',*,*,#3913,.T.);
#1420=ORIENTED_EDGE('',*,*,#3986,.F.);
#1421=ORIENTED_EDGE('',*,*,#3991,.F.);
#1422=ORIENTED_EDGE('',*,*,#3989,.T.);
#1423=ORIENTED_EDGE('',*,*,#3985,.T.);
#1424=ORIENTED_EDGE('',*,*,#3988,.T.);
#1425=ORIENTED_EDGE('',*,*,#3990,.T.);
#1426=ORIENTED_EDGE('',*,*,#3991,.T.);
#1427=ORIENTED_EDGE('',*,*,#3908,.T.);
#1428=ORIENTED_EDGE('',*,*,#3992,.F.);
#1429=ORIENTED_EDGE('',*,*,#3993,.F.);
#1430=ORIENTED_EDGE('',*,*,#3994,.T.);
#1431=ORIENTED_EDGE('',*,*,#3911,.T.);
#1432=ORIENTED_EDGE('',*,*,#3995,.F.);
#1433=ORIENTED_EDGE('',*,*,#3996,.F.);
#1434=ORIENTED_EDGE('',*,*,#3992,.T.);
#1435=ORIENTED_EDGE('',*,*,#3910,.T.);
#1436=ORIENTED_EDGE('',*,*,#3997,.F.);
#1437=ORIENTED_EDGE('',*,*,#3998,.F.);
#1438=ORIENTED_EDGE('',*,*,#3995,.T.);
#1439=ORIENTED_EDGE('',*,*,#3909,.T.);
#1440=ORIENTED_EDGE('',*,*,#3994,.F.);
#1441=ORIENTED_EDGE('',*,*,#3999,.F.);
#1442=ORIENTED_EDGE('',*,*,#3997,.T.);
#1443=ORIENTED_EDGE('',*,*,#3993,.T.);
#1444=ORIENTED_EDGE('',*,*,#3996,.T.);
#1445=ORIENTED_EDGE('',*,*,#3998,.T.);
#1446=ORIENTED_EDGE('',*,*,#3999,.T.);
#1447=ORIENTED_EDGE('',*,*,#4000,.F.);
#1448=ORIENTED_EDGE('',*,*,#3958,.F.);
#1449=ORIENTED_EDGE('',*,*,#3696,.F.);
#1450=ORIENTED_EDGE('',*,*,#3705,.F.);
#1451=ORIENTED_EDGE('',*,*,#3711,.F.);
#1452=ORIENTED_EDGE('',*,*,#3686,.F.);
#1453=ORIENTED_EDGE('',*,*,#3966,.F.);
#1454=ORIENTED_EDGE('',*,*,#3653,.F.);
#1455=ORIENTED_EDGE('',*,*,#3713,.F.);
#1456=ORIENTED_EDGE('',*,*,#3657,.F.);
#1457=ORIENTED_EDGE('',*,*,#3974,.F.);
#1458=ORIENTED_EDGE('',*,*,#3691,.F.);
#1459=ORIENTED_EDGE('',*,*,#4001,.F.);
#1460=ORIENTED_EDGE('',*,*,#3710,.F.);
#1461=ORIENTED_EDGE('',*,*,#3700,.F.);
#1462=ORIENTED_EDGE('',*,*,#3962,.F.);
#1463=ORIENTED_EDGE('',*,*,#4002,.F.);
#1464=ORIENTED_EDGE('',*,*,#3659,.F.);
#1465=ORIENTED_EDGE('',*,*,#3714,.F.);
#1466=ORIENTED_EDGE('',*,*,#3668,.F.);
#1467=ORIENTED_EDGE('',*,*,#3627,.F.);
#1468=ORIENTED_EDGE('',*,*,#3677,.F.);
#1469=ORIENTED_EDGE('',*,*,#3623,.F.);
#1470=ORIENTED_EDGE('',*,*,#3621,.F.);
#1471=ORIENTED_EDGE('',*,*,#3702,.F.);
#1472=ORIENTED_EDGE('',*,*,#3709,.F.);
#1473=ORIENTED_EDGE('',*,*,#3980,.F.);
#1474=ORIENTED_EDGE('',*,*,#3946,.F.);
#1475=ORIENTED_EDGE('',*,*,#3983,.F.);
#1476=ORIENTED_EDGE('',*,*,#3585,.F.);
#1477=ORIENTED_EDGE('',*,*,#3595,.F.);
#1478=ORIENTED_EDGE('',*,*,#3950,.F.);
#1479=ORIENTED_EDGE('',*,*,#3655,.T.);
#1480=ORIENTED_EDGE('',*,*,#4002,.T.);
#1481=ORIENTED_EDGE('',*,*,#3667,.F.);
#1482=ORIENTED_EDGE('',*,*,#4003,.F.);
#1483=ORIENTED_EDGE('',*,*,#3972,.F.);
#1484=ORIENTED_EDGE('',*,*,#3977,.F.);
#1485=ORIENTED_EDGE('',*,*,#4004,.F.);
#1486=ORIENTED_EDGE('',*,*,#3960,.F.);
#1487=ORIENTED_EDGE('',*,*,#3975,.T.);
#1488=ORIENTED_EDGE('',*,*,#4003,.T.);
#1489=ORIENTED_EDGE('',*,*,#3666,.F.);
#1490=ORIENTED_EDGE('',*,*,#3707,.F.);
#1491=ORIENTED_EDGE('',*,*,#4001,.T.);
#1492=ORIENTED_EDGE('',*,*,#3961,.F.);
#1493=ORIENTED_EDGE('',*,*,#4004,.T.);
#1494=ORIENTED_EDGE('',*,*,#3979,.F.);
#1495=ORIENTED_EDGE('',*,*,#3189,.T.);
#1496=ORIENTED_EDGE('',*,*,#4005,.T.);
#1497=ORIENTED_EDGE('',*,*,#3637,.T.);
#1498=ORIENTED_EDGE('',*,*,#3641,.T.);
#1499=ORIENTED_EDGE('',*,*,#3263,.F.);
#1500=ORIENTED_EDGE('',*,*,#4006,.T.);
#1501=ORIENTED_EDGE('',*,*,#3970,.T.);
#1502=ORIENTED_EDGE('',*,*,#3953,.F.);
#1503=ORIENTED_EDGE('',*,*,#4007,.F.);
#1504=ORIENTED_EDGE('',*,*,#3943,.F.);
#1505=ORIENTED_EDGE('',*,*,#4007,.T.);
#1506=ORIENTED_EDGE('',*,*,#3952,.F.);
#1507=ORIENTED_EDGE('',*,*,#4000,.T.);
#1508=ORIENTED_EDGE('',*,*,#3704,.F.);
#1509=ORIENTED_EDGE('',*,*,#3944,.F.);
#1510=ORIENTED_EDGE('',*,*,#3650,.T.);
#1511=ORIENTED_EDGE('',*,*,#3969,.F.);
#1512=ORIENTED_EDGE('',*,*,#4006,.F.);
#1513=ORIENTED_EDGE('',*,*,#3942,.F.);
#1514=ORIENTED_EDGE('',*,*,#3599,.T.);
#1515=ORIENTED_EDGE('',*,*,#4008,.T.);
#1516=ORIENTED_EDGE('',*,*,#4009,.T.);
#1517=ORIENTED_EDGE('',*,*,#3895,.T.);
#1518=ORIENTED_EDGE('',*,*,#4010,.F.);
#1519=ORIENTED_EDGE('',*,*,#4011,.T.);
#1520=ORIENTED_EDGE('',*,*,#4012,.T.);
#1521=ORIENTED_EDGE('',*,*,#3504,.T.);
#1522=ORIENTED_EDGE('',*,*,#4013,.T.);
#1523=ORIENTED_EDGE('',*,*,#3893,.T.);
#1524=ORIENTED_EDGE('',*,*,#3593,.T.);
#1525=ORIENTED_EDGE('',*,*,#4014,.T.);
#1526=ORIENTED_EDGE('',*,*,#3611,.T.);
#1527=ORIENTED_EDGE('',*,*,#3600,.F.);
#1528=ORIENTED_EDGE('',*,*,#4015,.T.);
#1529=ORIENTED_EDGE('',*,*,#3905,.T.);
#1530=ORIENTED_EDGE('',*,*,#4016,.F.);
#1531=ORIENTED_EDGE('',*,*,#3551,.T.);
#1532=ORIENTED_EDGE('',*,*,#4017,.T.);
#1533=ORIENTED_EDGE('',*,*,#3886,.T.);
#1534=ORIENTED_EDGE('',*,*,#4018,.F.);
#1535=ORIENTED_EDGE('',*,*,#3615,.T.);
#1536=ORIENTED_EDGE('',*,*,#4019,.T.);
#1537=ORIENTED_EDGE('',*,*,#3596,.T.);
#1538=ORIENTED_EDGE('',*,*,#4020,.T.);
#1539=ORIENTED_EDGE('',*,*,#3884,.T.);
#1540=ORIENTED_EDGE('',*,*,#4021,.F.);
#1541=ORIENTED_EDGE('',*,*,#3549,.F.);
#1542=ORIENTED_EDGE('',*,*,#4022,.T.);
#1543=ORIENTED_EDGE('',*,*,#3903,.T.);
#1544=ORIENTED_EDGE('',*,*,#4023,.T.);
#1545=ORIENTED_EDGE('',*,*,#3607,.F.);
#1546=ORIENTED_EDGE('',*,*,#3567,.T.);
#1547=ORIENTED_EDGE('',*,*,#3889,.T.);
#1548=ORIENTED_EDGE('',*,*,#3560,.F.);
#1549=ORIENTED_EDGE('',*,*,#3661,.F.);
#1550=ORIENTED_EDGE('',*,*,#4010,.T.);
#1551=ORIENTED_EDGE('',*,*,#3894,.T.);
#1552=ORIENTED_EDGE('',*,*,#4013,.F.);
#1553=ORIENTED_EDGE('',*,*,#3147,.F.);
#1554=ORIENTED_EDGE('',*,*,#3581,.T.);
#1555=ORIENTED_EDGE('',*,*,#3899,.T.);
#1556=ORIENTED_EDGE('',*,*,#3575,.F.);
#1557=ORIENTED_EDGE('',*,*,#3133,.F.);
#1558=ORIENTED_EDGE('',*,*,#4016,.T.);
#1559=ORIENTED_EDGE('',*,*,#3904,.T.);
#1560=ORIENTED_EDGE('',*,*,#4022,.F.);
#1561=ORIENTED_EDGE('',*,*,#3552,.F.);
#1562=ORIENTED_EDGE('',*,*,#3619,.F.);
#1563=ORIENTED_EDGE('',*,*,#4024,.T.);
#1564=ORIENTED_EDGE('',*,*,#3572,.F.);
#1565=ORIENTED_EDGE('',*,*,#3898,.T.);
#1566=ORIENTED_EDGE('',*,*,#4025,.F.);
#1567=ORIENTED_EDGE('',*,*,#4025,.T.);
#1568=ORIENTED_EDGE('',*,*,#3907,.T.);
#1569=ORIENTED_EDGE('',*,*,#4026,.F.);
#1570=ORIENTED_EDGE('',*,*,#3625,.F.);
#1571=ORIENTED_EDGE('',*,*,#4026,.T.);
#1572=ORIENTED_EDGE('',*,*,#3906,.T.);
#1573=ORIENTED_EDGE('',*,*,#4015,.F.);
#1574=ORIENTED_EDGE('',*,*,#3605,.F.);
#1575=ORIENTED_EDGE('',*,*,#4027,.T.);
#1576=ORIENTED_EDGE('',*,*,#3901,.T.);
#1577=ORIENTED_EDGE('',*,*,#4028,.F.);
#1578=ORIENTED_EDGE('',*,*,#3636,.F.);
#1579=ORIENTED_EDGE('',*,*,#3579,.F.);
#1580=ORIENTED_EDGE('',*,*,#4029,.T.);
#1581=ORIENTED_EDGE('',*,*,#3628,.T.);
#1582=ORIENTED_EDGE('',*,*,#4028,.T.);
#1583=ORIENTED_EDGE('',*,*,#3900,.T.);
#1584=ORIENTED_EDGE('',*,*,#4023,.F.);
#1585=ORIENTED_EDGE('',*,*,#3902,.T.);
#1586=ORIENTED_EDGE('',*,*,#4027,.F.);
#1587=ORIENTED_EDGE('',*,*,#3608,.F.);
#1588=ORIENTED_EDGE('',*,*,#3562,.F.);
#1589=ORIENTED_EDGE('',*,*,#3888,.T.);
#1590=ORIENTED_EDGE('',*,*,#4030,.F.);
#1591=ORIENTED_EDGE('',*,*,#3610,.F.);
#1592=ORIENTED_EDGE('',*,*,#4030,.T.);
#1593=ORIENTED_EDGE('',*,*,#3897,.T.);
#1594=ORIENTED_EDGE('',*,*,#4031,.F.);
#1595=ORIENTED_EDGE('',*,*,#3616,.F.);
#1596=ORIENTED_EDGE('',*,*,#4009,.F.);
#1597=ORIENTED_EDGE('',*,*,#4032,.T.);
#1598=ORIENTED_EDGE('',*,*,#3590,.F.);
#1599=ORIENTED_EDGE('',*,*,#4031,.T.);
#1600=ORIENTED_EDGE('',*,*,#3896,.T.);
#1601=ORIENTED_EDGE('',*,*,#4033,.T.);
#1602=ORIENTED_EDGE('',*,*,#3891,.T.);
#1603=ORIENTED_EDGE('',*,*,#4034,.F.);
#1604=ORIENTED_EDGE('',*,*,#3523,.F.);
#1605=ORIENTED_EDGE('',*,*,#4034,.T.);
#1606=ORIENTED_EDGE('',*,*,#3890,.T.);
#1607=ORIENTED_EDGE('',*,*,#3565,.F.);
#1608=ORIENTED_EDGE('',*,*,#3512,.T.);
#1609=ORIENTED_EDGE('',*,*,#3496,.F.);
#1610=ORIENTED_EDGE('',*,*,#4035,.T.);
#1611=ORIENTED_EDGE('',*,*,#4011,.F.);
#1612=ORIENTED_EDGE('',*,*,#3892,.T.);
#1613=ORIENTED_EDGE('',*,*,#4033,.F.);
#1614=ORIENTED_EDGE('',*,*,#4021,.T.);
#1615=ORIENTED_EDGE('',*,*,#3887,.T.);
#1616=ORIENTED_EDGE('',*,*,#4017,.F.);
#1617=ORIENTED_EDGE('',*,*,#3550,.F.);
#1618=ORIENTED_EDGE('',*,*,#4018,.T.);
#1619=ORIENTED_EDGE('',*,*,#3885,.T.);
#1620=ORIENTED_EDGE('',*,*,#4020,.F.);
#1621=ORIENTED_EDGE('',*,*,#3145,.F.);
#1622=ORIENTED_EDGE('',*,*,#3571,.T.);
#1623=ORIENTED_EDGE('',*,*,#3883,.T.);
#1624=ORIENTED_EDGE('',*,*,#3556,.F.);
#1625=ORIENTED_EDGE('',*,*,#3131,.F.);
#1626=ORIENTED_EDGE('',*,*,#3558,.T.);
#1627=ORIENTED_EDGE('',*,*,#3882,.T.);
#1628=ORIENTED_EDGE('',*,*,#3569,.F.);
#1629=ORIENTED_EDGE('',*,*,#3660,.F.);
#1630=ORIENTED_EDGE('',*,*,#3878,.T.);
#1631=ORIENTED_EDGE('',*,*,#4036,.F.);
#1632=ORIENTED_EDGE('',*,*,#4037,.F.);
#1633=ORIENTED_EDGE('',*,*,#4038,.T.);
#1634=ORIENTED_EDGE('',*,*,#3881,.T.);
#1635=ORIENTED_EDGE('',*,*,#4039,.F.);
#1636=ORIENTED_EDGE('',*,*,#4040,.F.);
#1637=ORIENTED_EDGE('',*,*,#4036,.T.);
#1638=ORIENTED_EDGE('',*,*,#3880,.T.);
#1639=ORIENTED_EDGE('',*,*,#4041,.F.);
#1640=ORIENTED_EDGE('',*,*,#4042,.F.);
#1641=ORIENTED_EDGE('',*,*,#4039,.T.);
#1642=ORIENTED_EDGE('',*,*,#3879,.T.);
#1643=ORIENTED_EDGE('',*,*,#4038,.F.);
#1644=ORIENTED_EDGE('',*,*,#4043,.F.);
#1645=ORIENTED_EDGE('',*,*,#4041,.T.);
#1646=ORIENTED_EDGE('',*,*,#4037,.T.);
#1647=ORIENTED_EDGE('',*,*,#4040,.T.);
#1648=ORIENTED_EDGE('',*,*,#4042,.T.);
#1649=ORIENTED_EDGE('',*,*,#4043,.T.);
#1650=ORIENTED_EDGE('',*,*,#3874,.T.);
#1651=ORIENTED_EDGE('',*,*,#4044,.F.);
#1652=ORIENTED_EDGE('',*,*,#4045,.F.);
#1653=ORIENTED_EDGE('',*,*,#4046,.T.);
#1654=ORIENTED_EDGE('',*,*,#3877,.T.);
#1655=ORIENTED_EDGE('',*,*,#4047,.F.);
#1656=ORIENTED_EDGE('',*,*,#4048,.F.);
#1657=ORIENTED_EDGE('',*,*,#4044,.T.);
#1658=ORIENTED_EDGE('',*,*,#3876,.T.);
#1659=ORIENTED_EDGE('',*,*,#4049,.F.);
#1660=ORIENTED_EDGE('',*,*,#4050,.F.);
#1661=ORIENTED_EDGE('',*,*,#4047,.T.);
#1662=ORIENTED_EDGE('',*,*,#3875,.T.);
#1663=ORIENTED_EDGE('',*,*,#4046,.F.);
#1664=ORIENTED_EDGE('',*,*,#4051,.F.);
#1665=ORIENTED_EDGE('',*,*,#4049,.T.);
#1666=ORIENTED_EDGE('',*,*,#4045,.T.);
#1667=ORIENTED_EDGE('',*,*,#4048,.T.);
#1668=ORIENTED_EDGE('',*,*,#4050,.T.);
#1669=ORIENTED_EDGE('',*,*,#4051,.T.);
#1670=ORIENTED_EDGE('',*,*,#3592,.F.);
#1671=ORIENTED_EDGE('',*,*,#3583,.F.);
#1672=ORIENTED_EDGE('',*,*,#3612,.F.);
#1673=ORIENTED_EDGE('',*,*,#4014,.F.);
#1674=ORIENTED_EDGE('',*,*,#3622,.F.);
#1675=ORIENTED_EDGE('',*,*,#3573,.F.);
#1676=ORIENTED_EDGE('',*,*,#4024,.F.);
#1677=ORIENTED_EDGE('',*,*,#3618,.F.);
#1678=ORIENTED_EDGE('',*,*,#3633,.F.);
#1679=ORIENTED_EDGE('',*,*,#3629,.F.);
#1680=ORIENTED_EDGE('',*,*,#4029,.F.);
#1681=ORIENTED_EDGE('',*,*,#3578,.F.);
#1682=ORIENTED_EDGE('',*,*,#3597,.F.);
#1683=ORIENTED_EDGE('',*,*,#4019,.F.);
#1684=ORIENTED_EDGE('',*,*,#3614,.F.);
#1685=ORIENTED_EDGE('',*,*,#3588,.F.);
#1686=ORIENTED_EDGE('',*,*,#3634,.F.);
#1687=ORIENTED_EDGE('',*,*,#3554,.F.);
#1688=ORIENTED_EDGE('',*,*,#3635,.F.);
#1689=ORIENTED_EDGE('',*,*,#3631,.F.);
#1690=ORIENTED_EDGE('',*,*,#3533,.F.);
#1691=ORIENTED_EDGE('',*,*,#3531,.F.);
#1692=ORIENTED_EDGE('',*,*,#3537,.F.);
#1693=ORIENTED_EDGE('',*,*,#3564,.F.);
#1694=ORIENTED_EDGE('',*,*,#3598,.F.);
#1695=ORIENTED_EDGE('',*,*,#3591,.F.);
#1696=ORIENTED_EDGE('',*,*,#4032,.F.);
#1697=ORIENTED_EDGE('',*,*,#4008,.F.);
#1698=ORIENTED_EDGE('',*,*,#3505,.F.);
#1699=ORIENTED_EDGE('',*,*,#4012,.F.);
#1700=ORIENTED_EDGE('',*,*,#4035,.F.);
#1701=ORIENTED_EDGE('',*,*,#3495,.F.);
#1702=ORIENTED_EDGE('',*,*,#3509,.T.);
#1703=ORIENTED_EDGE('',*,*,#4052,.T.);
#1704=ORIENTED_EDGE('',*,*,#4053,.T.);
#1705=ORIENTED_EDGE('',*,*,#3861,.T.);
#1706=ORIENTED_EDGE('',*,*,#4054,.F.);
#1707=ORIENTED_EDGE('',*,*,#4055,.T.);
#1708=ORIENTED_EDGE('',*,*,#4056,.T.);
#1709=ORIENTED_EDGE('',*,*,#3414,.T.);
#1710=ORIENTED_EDGE('',*,*,#4057,.T.);
#1711=ORIENTED_EDGE('',*,*,#3859,.T.);
#1712=ORIENTED_EDGE('',*,*,#3503,.T.);
#1713=ORIENTED_EDGE('',*,*,#4058,.T.);
#1714=ORIENTED_EDGE('',*,*,#3521,.T.);
#1715=ORIENTED_EDGE('',*,*,#3510,.F.);
#1716=ORIENTED_EDGE('',*,*,#4059,.T.);
#1717=ORIENTED_EDGE('',*,*,#3871,.T.);
#1718=ORIENTED_EDGE('',*,*,#4060,.F.);
#1719=ORIENTED_EDGE('',*,*,#3461,.T.);
#1720=ORIENTED_EDGE('',*,*,#4061,.T.);
#1721=ORIENTED_EDGE('',*,*,#3852,.T.);
#1722=ORIENTED_EDGE('',*,*,#4062,.F.);
#1723=ORIENTED_EDGE('',*,*,#3525,.T.);
#1724=ORIENTED_EDGE('',*,*,#4063,.T.);
#1725=ORIENTED_EDGE('',*,*,#3506,.T.);
#1726=ORIENTED_EDGE('',*,*,#4064,.T.);
#1727=ORIENTED_EDGE('',*,*,#3850,.T.);
#1728=ORIENTED_EDGE('',*,*,#4065,.F.);
#1729=ORIENTED_EDGE('',*,*,#3459,.F.);
#1730=ORIENTED_EDGE('',*,*,#4066,.T.);
#1731=ORIENTED_EDGE('',*,*,#3869,.T.);
#1732=ORIENTED_EDGE('',*,*,#4067,.T.);
#1733=ORIENTED_EDGE('',*,*,#3517,.F.);
#1734=ORIENTED_EDGE('',*,*,#3477,.T.);
#1735=ORIENTED_EDGE('',*,*,#3855,.T.);
#1736=ORIENTED_EDGE('',*,*,#3470,.F.);
#1737=ORIENTED_EDGE('',*,*,#3548,.F.);
#1738=ORIENTED_EDGE('',*,*,#4054,.T.);
#1739=ORIENTED_EDGE('',*,*,#3860,.T.);
#1740=ORIENTED_EDGE('',*,*,#4057,.F.);
#1741=ORIENTED_EDGE('',*,*,#3151,.F.);
#1742=ORIENTED_EDGE('',*,*,#3491,.T.);
#1743=ORIENTED_EDGE('',*,*,#3865,.T.);
#1744=ORIENTED_EDGE('',*,*,#3485,.F.);
#1745=ORIENTED_EDGE('',*,*,#3129,.F.);
#1746=ORIENTED_EDGE('',*,*,#4060,.T.);
#1747=ORIENTED_EDGE('',*,*,#3870,.T.);
#1748=ORIENTED_EDGE('',*,*,#4066,.F.);
#1749=ORIENTED_EDGE('',*,*,#3462,.F.);
#1750=ORIENTED_EDGE('',*,*,#3529,.F.);
#1751=ORIENTED_EDGE('',*,*,#4068,.T.);
#1752=ORIENTED_EDGE('',*,*,#3482,.F.);
#1753=ORIENTED_EDGE('',*,*,#3864,.T.);
#1754=ORIENTED_EDGE('',*,*,#4069,.F.);
#1755=ORIENTED_EDGE('',*,*,#4069,.T.);
#1756=ORIENTED_EDGE('',*,*,#3873,.T.);
#1757=ORIENTED_EDGE('',*,*,#4070,.F.);
#1758=ORIENTED_EDGE('',*,*,#3535,.F.);
#1759=ORIENTED_EDGE('',*,*,#4070,.T.);
#1760=ORIENTED_EDGE('',*,*,#3872,.T.);
#1761=ORIENTED_EDGE('',*,*,#4059,.F.);
#1762=ORIENTED_EDGE('',*,*,#3515,.F.);
#1763=ORIENTED_EDGE('',*,*,#4071,.T.);
#1764=ORIENTED_EDGE('',*,*,#3867,.T.);
#1765=ORIENTED_EDGE('',*,*,#4072,.F.);
#1766=ORIENTED_EDGE('',*,*,#3546,.F.);
#1767=ORIENTED_EDGE('',*,*,#3489,.F.);
#1768=ORIENTED_EDGE('',*,*,#4073,.T.);
#1769=ORIENTED_EDGE('',*,*,#3538,.T.);
#1770=ORIENTED_EDGE('',*,*,#4072,.T.);
#1771=ORIENTED_EDGE('',*,*,#3866,.T.);
#1772=ORIENTED_EDGE('',*,*,#4067,.F.);
#1773=ORIENTED_EDGE('',*,*,#3868,.T.);
#1774=ORIENTED_EDGE('',*,*,#4071,.F.);
#1775=ORIENTED_EDGE('',*,*,#3518,.F.);
#1776=ORIENTED_EDGE('',*,*,#3472,.F.);
#1777=ORIENTED_EDGE('',*,*,#3854,.T.);
#1778=ORIENTED_EDGE('',*,*,#4074,.F.);
#1779=ORIENTED_EDGE('',*,*,#3520,.F.);
#1780=ORIENTED_EDGE('',*,*,#4074,.T.);
#1781=ORIENTED_EDGE('',*,*,#3863,.T.);
#1782=ORIENTED_EDGE('',*,*,#4075,.F.);
#1783=ORIENTED_EDGE('',*,*,#3526,.F.);
#1784=ORIENTED_EDGE('',*,*,#4053,.F.);
#1785=ORIENTED_EDGE('',*,*,#4076,.T.);
#1786=ORIENTED_EDGE('',*,*,#3500,.F.);
#1787=ORIENTED_EDGE('',*,*,#4075,.T.);
#1788=ORIENTED_EDGE('',*,*,#3862,.T.);
#1789=ORIENTED_EDGE('',*,*,#4077,.T.);
#1790=ORIENTED_EDGE('',*,*,#3857,.T.);
#1791=ORIENTED_EDGE('',*,*,#4078,.F.);
#1792=ORIENTED_EDGE('',*,*,#3433,.F.);
#1793=ORIENTED_EDGE('',*,*,#4078,.T.);
#1794=ORIENTED_EDGE('',*,*,#3856,.T.);
#1795=ORIENTED_EDGE('',*,*,#3475,.F.);
#1796=ORIENTED_EDGE('',*,*,#3422,.T.);
#1797=ORIENTED_EDGE('',*,*,#3406,.F.);
#1798=ORIENTED_EDGE('',*,*,#4079,.T.);
#1799=ORIENTED_EDGE('',*,*,#4055,.F.);
#1800=ORIENTED_EDGE('',*,*,#3858,.T.);
#1801=ORIENTED_EDGE('',*,*,#4077,.F.);
#1802=ORIENTED_EDGE('',*,*,#4065,.T.);
#1803=ORIENTED_EDGE('',*,*,#3853,.T.);
#1804=ORIENTED_EDGE('',*,*,#4061,.F.);
#1805=ORIENTED_EDGE('',*,*,#3460,.F.);
#1806=ORIENTED_EDGE('',*,*,#4062,.T.);
#1807=ORIENTED_EDGE('',*,*,#3851,.T.);
#1808=ORIENTED_EDGE('',*,*,#4064,.F.);
#1809=ORIENTED_EDGE('',*,*,#3149,.F.);
#1810=ORIENTED_EDGE('',*,*,#3481,.T.);
#1811=ORIENTED_EDGE('',*,*,#3849,.T.);
#1812=ORIENTED_EDGE('',*,*,#3466,.F.);
#1813=ORIENTED_EDGE('',*,*,#3127,.F.);
#1814=ORIENTED_EDGE('',*,*,#3468,.T.);
#1815=ORIENTED_EDGE('',*,*,#3848,.T.);
#1816=ORIENTED_EDGE('',*,*,#3479,.F.);
#1817=ORIENTED_EDGE('',*,*,#3547,.F.);
#1818=ORIENTED_EDGE('',*,*,#3844,.T.);
#1819=ORIENTED_EDGE('',*,*,#4080,.F.);
#1820=ORIENTED_EDGE('',*,*,#4081,.F.);
#1821=ORIENTED_EDGE('',*,*,#4082,.T.);
#1822=ORIENTED_EDGE('',*,*,#3847,.T.);
#1823=ORIENTED_EDGE('',*,*,#4083,.F.);
#1824=ORIENTED_EDGE('',*,*,#4084,.F.);
#1825=ORIENTED_EDGE('',*,*,#4080,.T.);
#1826=ORIENTED_EDGE('',*,*,#3846,.T.);
#1827=ORIENTED_EDGE('',*,*,#4085,.F.);
#1828=ORIENTED_EDGE('',*,*,#4086,.F.);
#1829=ORIENTED_EDGE('',*,*,#4083,.T.);
#1830=ORIENTED_EDGE('',*,*,#3845,.T.);
#1831=ORIENTED_EDGE('',*,*,#4082,.F.);
#1832=ORIENTED_EDGE('',*,*,#4087,.F.);
#1833=ORIENTED_EDGE('',*,*,#4085,.T.);
#1834=ORIENTED_EDGE('',*,*,#4081,.T.);
#1835=ORIENTED_EDGE('',*,*,#4084,.T.);
#1836=ORIENTED_EDGE('',*,*,#4086,.T.);
#1837=ORIENTED_EDGE('',*,*,#4087,.T.);
#1838=ORIENTED_EDGE('',*,*,#3840,.T.);
#1839=ORIENTED_EDGE('',*,*,#4088,.F.);
#1840=ORIENTED_EDGE('',*,*,#4089,.F.);
#1841=ORIENTED_EDGE('',*,*,#4090,.T.);
#1842=ORIENTED_EDGE('',*,*,#3843,.T.);
#1843=ORIENTED_EDGE('',*,*,#4091,.F.);
#1844=ORIENTED_EDGE('',*,*,#4092,.F.);
#1845=ORIENTED_EDGE('',*,*,#4088,.T.);
#1846=ORIENTED_EDGE('',*,*,#3842,.T.);
#1847=ORIENTED_EDGE('',*,*,#4093,.F.);
#1848=ORIENTED_EDGE('',*,*,#4094,.F.);
#1849=ORIENTED_EDGE('',*,*,#4091,.T.);
#1850=ORIENTED_EDGE('',*,*,#3841,.T.);
#1851=ORIENTED_EDGE('',*,*,#4090,.F.);
#1852=ORIENTED_EDGE('',*,*,#4095,.F.);
#1853=ORIENTED_EDGE('',*,*,#4093,.T.);
#1854=ORIENTED_EDGE('',*,*,#4089,.T.);
#1855=ORIENTED_EDGE('',*,*,#4092,.T.);
#1856=ORIENTED_EDGE('',*,*,#4094,.T.);
#1857=ORIENTED_EDGE('',*,*,#4095,.T.);
#1858=ORIENTED_EDGE('',*,*,#3502,.F.);
#1859=ORIENTED_EDGE('',*,*,#3493,.F.);
#1860=ORIENTED_EDGE('',*,*,#3522,.F.);
#1861=ORIENTED_EDGE('',*,*,#4058,.F.);
#1862=ORIENTED_EDGE('',*,*,#3532,.F.);
#1863=ORIENTED_EDGE('',*,*,#3483,.F.);
#1864=ORIENTED_EDGE('',*,*,#4068,.F.);
#1865=ORIENTED_EDGE('',*,*,#3528,.F.);
#1866=ORIENTED_EDGE('',*,*,#3543,.F.);
#1867=ORIENTED_EDGE('',*,*,#3539,.F.);
#1868=ORIENTED_EDGE('',*,*,#4073,.F.);
#1869=ORIENTED_EDGE('',*,*,#3488,.F.);
#1870=ORIENTED_EDGE('',*,*,#3507,.F.);
#1871=ORIENTED_EDGE('',*,*,#4063,.F.);
#1872=ORIENTED_EDGE('',*,*,#3524,.F.);
#1873=ORIENTED_EDGE('',*,*,#3498,.F.);
#1874=ORIENTED_EDGE('',*,*,#3544,.F.);
#1875=ORIENTED_EDGE('',*,*,#3464,.F.);
#1876=ORIENTED_EDGE('',*,*,#3545,.F.);
#1877=ORIENTED_EDGE('',*,*,#3541,.F.);
#1878=ORIENTED_EDGE('',*,*,#3443,.F.);
#1879=ORIENTED_EDGE('',*,*,#3441,.F.);
#1880=ORIENTED_EDGE('',*,*,#3447,.F.);
#1881=ORIENTED_EDGE('',*,*,#3474,.F.);
#1882=ORIENTED_EDGE('',*,*,#3508,.F.);
#1883=ORIENTED_EDGE('',*,*,#3501,.F.);
#1884=ORIENTED_EDGE('',*,*,#4076,.F.);
#1885=ORIENTED_EDGE('',*,*,#4052,.F.);
#1886=ORIENTED_EDGE('',*,*,#3415,.F.);
#1887=ORIENTED_EDGE('',*,*,#4056,.F.);
#1888=ORIENTED_EDGE('',*,*,#4079,.F.);
#1889=ORIENTED_EDGE('',*,*,#3405,.F.);
#1890=ORIENTED_EDGE('',*,*,#3419,.T.);
#1891=ORIENTED_EDGE('',*,*,#4096,.T.);
#1892=ORIENTED_EDGE('',*,*,#4097,.T.);
#1893=ORIENTED_EDGE('',*,*,#3827,.T.);
#1894=ORIENTED_EDGE('',*,*,#4098,.F.);
#1895=ORIENTED_EDGE('',*,*,#4099,.T.);
#1896=ORIENTED_EDGE('',*,*,#4100,.T.);
#1897=ORIENTED_EDGE('',*,*,#3324,.T.);
#1898=ORIENTED_EDGE('',*,*,#4101,.T.);
#1899=ORIENTED_EDGE('',*,*,#3825,.T.);
#1900=ORIENTED_EDGE('',*,*,#3413,.T.);
#1901=ORIENTED_EDGE('',*,*,#4102,.T.);
#1902=ORIENTED_EDGE('',*,*,#3431,.T.);
#1903=ORIENTED_EDGE('',*,*,#3420,.F.);
#1904=ORIENTED_EDGE('',*,*,#4103,.T.);
#1905=ORIENTED_EDGE('',*,*,#3837,.T.);
#1906=ORIENTED_EDGE('',*,*,#4104,.F.);
#1907=ORIENTED_EDGE('',*,*,#3371,.T.);
#1908=ORIENTED_EDGE('',*,*,#4105,.T.);
#1909=ORIENTED_EDGE('',*,*,#3818,.T.);
#1910=ORIENTED_EDGE('',*,*,#4106,.F.);
#1911=ORIENTED_EDGE('',*,*,#3435,.T.);
#1912=ORIENTED_EDGE('',*,*,#4107,.T.);
#1913=ORIENTED_EDGE('',*,*,#3416,.T.);
#1914=ORIENTED_EDGE('',*,*,#4108,.T.);
#1915=ORIENTED_EDGE('',*,*,#3816,.T.);
#1916=ORIENTED_EDGE('',*,*,#4109,.F.);
#1917=ORIENTED_EDGE('',*,*,#3369,.F.);
#1918=ORIENTED_EDGE('',*,*,#4110,.T.);
#1919=ORIENTED_EDGE('',*,*,#3835,.T.);
#1920=ORIENTED_EDGE('',*,*,#4111,.T.);
#1921=ORIENTED_EDGE('',*,*,#3427,.F.);
#1922=ORIENTED_EDGE('',*,*,#3387,.T.);
#1923=ORIENTED_EDGE('',*,*,#3821,.T.);
#1924=ORIENTED_EDGE('',*,*,#3380,.F.);
#1925=ORIENTED_EDGE('',*,*,#3458,.F.);
#1926=ORIENTED_EDGE('',*,*,#4098,.T.);
#1927=ORIENTED_EDGE('',*,*,#3826,.T.);
#1928=ORIENTED_EDGE('',*,*,#4101,.F.);
#1929=ORIENTED_EDGE('',*,*,#3155,.F.);
#1930=ORIENTED_EDGE('',*,*,#3401,.T.);
#1931=ORIENTED_EDGE('',*,*,#3831,.T.);
#1932=ORIENTED_EDGE('',*,*,#3395,.F.);
#1933=ORIENTED_EDGE('',*,*,#3125,.F.);
#1934=ORIENTED_EDGE('',*,*,#4104,.T.);
#1935=ORIENTED_EDGE('',*,*,#3836,.T.);
#1936=ORIENTED_EDGE('',*,*,#4110,.F.);
#1937=ORIENTED_EDGE('',*,*,#3372,.F.);
#1938=ORIENTED_EDGE('',*,*,#3439,.F.);
#1939=ORIENTED_EDGE('',*,*,#4112,.T.);
#1940=ORIENTED_EDGE('',*,*,#3392,.F.);
#1941=ORIENTED_EDGE('',*,*,#3830,.T.);
#1942=ORIENTED_EDGE('',*,*,#4113,.F.);
#1943=ORIENTED_EDGE('',*,*,#4113,.T.);
#1944=ORIENTED_EDGE('',*,*,#3839,.T.);
#1945=ORIENTED_EDGE('',*,*,#4114,.F.);
#1946=ORIENTED_EDGE('',*,*,#3445,.F.);
#1947=ORIENTED_EDGE('',*,*,#4114,.T.);
#1948=ORIENTED_EDGE('',*,*,#3838,.T.);
#1949=ORIENTED_EDGE('',*,*,#4103,.F.);
#1950=ORIENTED_EDGE('',*,*,#3425,.F.);
#1951=ORIENTED_EDGE('',*,*,#4115,.T.);
#1952=ORIENTED_EDGE('',*,*,#3833,.T.);
#1953=ORIENTED_EDGE('',*,*,#4116,.F.);
#1954=ORIENTED_EDGE('',*,*,#3456,.F.);
#1955=ORIENTED_EDGE('',*,*,#3399,.F.);
#1956=ORIENTED_EDGE('',*,*,#4117,.T.);
#1957=ORIENTED_EDGE('',*,*,#3448,.T.);
#1958=ORIENTED_EDGE('',*,*,#4116,.T.);
#1959=ORIENTED_EDGE('',*,*,#3832,.T.);
#1960=ORIENTED_EDGE('',*,*,#4111,.F.);
#1961=ORIENTED_EDGE('',*,*,#3834,.T.);
#1962=ORIENTED_EDGE('',*,*,#4115,.F.);
#1963=ORIENTED_EDGE('',*,*,#3428,.F.);
#1964=ORIENTED_EDGE('',*,*,#3382,.F.);
#1965=ORIENTED_EDGE('',*,*,#3820,.T.);
#1966=ORIENTED_EDGE('',*,*,#4118,.F.);
#1967=ORIENTED_EDGE('',*,*,#3430,.F.);
#1968=ORIENTED_EDGE('',*,*,#4118,.T.);
#1969=ORIENTED_EDGE('',*,*,#3829,.T.);
#1970=ORIENTED_EDGE('',*,*,#4119,.F.);
#1971=ORIENTED_EDGE('',*,*,#3436,.F.);
#1972=ORIENTED_EDGE('',*,*,#4097,.F.);
#1973=ORIENTED_EDGE('',*,*,#4120,.T.);
#1974=ORIENTED_EDGE('',*,*,#3410,.F.);
#1975=ORIENTED_EDGE('',*,*,#4119,.T.);
#1976=ORIENTED_EDGE('',*,*,#3828,.T.);
#1977=ORIENTED_EDGE('',*,*,#4121,.T.);
#1978=ORIENTED_EDGE('',*,*,#3823,.T.);
#1979=ORIENTED_EDGE('',*,*,#4122,.F.);
#1980=ORIENTED_EDGE('',*,*,#3343,.F.);
#1981=ORIENTED_EDGE('',*,*,#4122,.T.);
#1982=ORIENTED_EDGE('',*,*,#3822,.T.);
#1983=ORIENTED_EDGE('',*,*,#3385,.F.);
#1984=ORIENTED_EDGE('',*,*,#3332,.T.);
#1985=ORIENTED_EDGE('',*,*,#3316,.F.);
#1986=ORIENTED_EDGE('',*,*,#4123,.T.);
#1987=ORIENTED_EDGE('',*,*,#4099,.F.);
#1988=ORIENTED_EDGE('',*,*,#3824,.T.);
#1989=ORIENTED_EDGE('',*,*,#4121,.F.);
#1990=ORIENTED_EDGE('',*,*,#4109,.T.);
#1991=ORIENTED_EDGE('',*,*,#3819,.T.);
#1992=ORIENTED_EDGE('',*,*,#4105,.F.);
#1993=ORIENTED_EDGE('',*,*,#3370,.F.);
#1994=ORIENTED_EDGE('',*,*,#4106,.T.);
#1995=ORIENTED_EDGE('',*,*,#3817,.T.);
#1996=ORIENTED_EDGE('',*,*,#4108,.F.);
#1997=ORIENTED_EDGE('',*,*,#3153,.F.);
#1998=ORIENTED_EDGE('',*,*,#3391,.T.);
#1999=ORIENTED_EDGE('',*,*,#3815,.T.);
#2000=ORIENTED_EDGE('',*,*,#3376,.F.);
#2001=ORIENTED_EDGE('',*,*,#3123,.F.);
#2002=ORIENTED_EDGE('',*,*,#3378,.T.);
#2003=ORIENTED_EDGE('',*,*,#3814,.T.);
#2004=ORIENTED_EDGE('',*,*,#3389,.F.);
#2005=ORIENTED_EDGE('',*,*,#3457,.F.);
#2006=ORIENTED_EDGE('',*,*,#3810,.T.);
#2007=ORIENTED_EDGE('',*,*,#4124,.F.);
#2008=ORIENTED_EDGE('',*,*,#4125,.F.);
#2009=ORIENTED_EDGE('',*,*,#4126,.T.);
#2010=ORIENTED_EDGE('',*,*,#3813,.T.);
#2011=ORIENTED_EDGE('',*,*,#4127,.F.);
#2012=ORIENTED_EDGE('',*,*,#4128,.F.);
#2013=ORIENTED_EDGE('',*,*,#4124,.T.);
#2014=ORIENTED_EDGE('',*,*,#3812,.T.);
#2015=ORIENTED_EDGE('',*,*,#4129,.F.);
#2016=ORIENTED_EDGE('',*,*,#4130,.F.);
#2017=ORIENTED_EDGE('',*,*,#4127,.T.);
#2018=ORIENTED_EDGE('',*,*,#3811,.T.);
#2019=ORIENTED_EDGE('',*,*,#4126,.F.);
#2020=ORIENTED_EDGE('',*,*,#4131,.F.);
#2021=ORIENTED_EDGE('',*,*,#4129,.T.);
#2022=ORIENTED_EDGE('',*,*,#4125,.T.);
#2023=ORIENTED_EDGE('',*,*,#4128,.T.);
#2024=ORIENTED_EDGE('',*,*,#4130,.T.);
#2025=ORIENTED_EDGE('',*,*,#4131,.T.);
#2026=ORIENTED_EDGE('',*,*,#3806,.T.);
#2027=ORIENTED_EDGE('',*,*,#4132,.F.);
#2028=ORIENTED_EDGE('',*,*,#4133,.F.);
#2029=ORIENTED_EDGE('',*,*,#4134,.T.);
#2030=ORIENTED_EDGE('',*,*,#3809,.T.);
#2031=ORIENTED_EDGE('',*,*,#4135,.F.);
#2032=ORIENTED_EDGE('',*,*,#4136,.F.);
#2033=ORIENTED_EDGE('',*,*,#4132,.T.);
#2034=ORIENTED_EDGE('',*,*,#3808,.T.);
#2035=ORIENTED_EDGE('',*,*,#4137,.F.);
#2036=ORIENTED_EDGE('',*,*,#4138,.F.);
#2037=ORIENTED_EDGE('',*,*,#4135,.T.);
#2038=ORIENTED_EDGE('',*,*,#3807,.T.);
#2039=ORIENTED_EDGE('',*,*,#4134,.F.);
#2040=ORIENTED_EDGE('',*,*,#4139,.F.);
#2041=ORIENTED_EDGE('',*,*,#4137,.T.);
#2042=ORIENTED_EDGE('',*,*,#4133,.T.);
#2043=ORIENTED_EDGE('',*,*,#4136,.T.);
#2044=ORIENTED_EDGE('',*,*,#4138,.T.);
#2045=ORIENTED_EDGE('',*,*,#4139,.T.);
#2046=ORIENTED_EDGE('',*,*,#3412,.F.);
#2047=ORIENTED_EDGE('',*,*,#3403,.F.);
#2048=ORIENTED_EDGE('',*,*,#3432,.F.);
#2049=ORIENTED_EDGE('',*,*,#4102,.F.);
#2050=ORIENTED_EDGE('',*,*,#3442,.F.);
#2051=ORIENTED_EDGE('',*,*,#3393,.F.);
#2052=ORIENTED_EDGE('',*,*,#4112,.F.);
#2053=ORIENTED_EDGE('',*,*,#3438,.F.);
#2054=ORIENTED_EDGE('',*,*,#3453,.F.);
#2055=ORIENTED_EDGE('',*,*,#3449,.F.);
#2056=ORIENTED_EDGE('',*,*,#4117,.F.);
#2057=ORIENTED_EDGE('',*,*,#3398,.F.);
#2058=ORIENTED_EDGE('',*,*,#3417,.F.);
#2059=ORIENTED_EDGE('',*,*,#4107,.F.);
#2060=ORIENTED_EDGE('',*,*,#3434,.F.);
#2061=ORIENTED_EDGE('',*,*,#3408,.F.);
#2062=ORIENTED_EDGE('',*,*,#3454,.F.);
#2063=ORIENTED_EDGE('',*,*,#3374,.F.);
#2064=ORIENTED_EDGE('',*,*,#3455,.F.);
#2065=ORIENTED_EDGE('',*,*,#3451,.F.);
#2066=ORIENTED_EDGE('',*,*,#3353,.F.);
#2067=ORIENTED_EDGE('',*,*,#3351,.F.);
#2068=ORIENTED_EDGE('',*,*,#3357,.F.);
#2069=ORIENTED_EDGE('',*,*,#3384,.F.);
#2070=ORIENTED_EDGE('',*,*,#3418,.F.);
#2071=ORIENTED_EDGE('',*,*,#3411,.F.);
#2072=ORIENTED_EDGE('',*,*,#4120,.F.);
#2073=ORIENTED_EDGE('',*,*,#4096,.F.);
#2074=ORIENTED_EDGE('',*,*,#3325,.F.);
#2075=ORIENTED_EDGE('',*,*,#4100,.F.);
#2076=ORIENTED_EDGE('',*,*,#4123,.F.);
#2077=ORIENTED_EDGE('',*,*,#3315,.F.);
#2078=ORIENTED_EDGE('',*,*,#3329,.T.);
#2079=ORIENTED_EDGE('',*,*,#4140,.T.);
#2080=ORIENTED_EDGE('',*,*,#4141,.T.);
#2081=ORIENTED_EDGE('',*,*,#3793,.T.);
#2082=ORIENTED_EDGE('',*,*,#4142,.F.);
#2083=ORIENTED_EDGE('',*,*,#4143,.T.);
#2084=ORIENTED_EDGE('',*,*,#4144,.T.);
#2085=ORIENTED_EDGE('',*,*,#3220,.T.);
#2086=ORIENTED_EDGE('',*,*,#4145,.T.);
#2087=ORIENTED_EDGE('',*,*,#3791,.T.);
#2088=ORIENTED_EDGE('',*,*,#3323,.T.);
#2089=ORIENTED_EDGE('',*,*,#4146,.T.);
#2090=ORIENTED_EDGE('',*,*,#3341,.T.);
#2091=ORIENTED_EDGE('',*,*,#3330,.F.);
#2092=ORIENTED_EDGE('',*,*,#4147,.T.);
#2093=ORIENTED_EDGE('',*,*,#3803,.T.);
#2094=ORIENTED_EDGE('',*,*,#4148,.F.);
#2095=ORIENTED_EDGE('',*,*,#3281,.T.);
#2096=ORIENTED_EDGE('',*,*,#4149,.T.);
#2097=ORIENTED_EDGE('',*,*,#3784,.T.);
#2098=ORIENTED_EDGE('',*,*,#4150,.F.);
#2099=ORIENTED_EDGE('',*,*,#3345,.T.);
#2100=ORIENTED_EDGE('',*,*,#4151,.T.);
#2101=ORIENTED_EDGE('',*,*,#3326,.T.);
#2102=ORIENTED_EDGE('',*,*,#4152,.T.);
#2103=ORIENTED_EDGE('',*,*,#3782,.T.);
#2104=ORIENTED_EDGE('',*,*,#4153,.F.);
#2105=ORIENTED_EDGE('',*,*,#3279,.F.);
#2106=ORIENTED_EDGE('',*,*,#4154,.T.);
#2107=ORIENTED_EDGE('',*,*,#3801,.T.);
#2108=ORIENTED_EDGE('',*,*,#4155,.T.);
#2109=ORIENTED_EDGE('',*,*,#3337,.F.);
#2110=ORIENTED_EDGE('',*,*,#3297,.T.);
#2111=ORIENTED_EDGE('',*,*,#3787,.T.);
#2112=ORIENTED_EDGE('',*,*,#3290,.F.);
#2113=ORIENTED_EDGE('',*,*,#3368,.F.);
#2114=ORIENTED_EDGE('',*,*,#4142,.T.);
#2115=ORIENTED_EDGE('',*,*,#3792,.T.);
#2116=ORIENTED_EDGE('',*,*,#4145,.F.);
#2117=ORIENTED_EDGE('',*,*,#3159,.F.);
#2118=ORIENTED_EDGE('',*,*,#3311,.T.);
#2119=ORIENTED_EDGE('',*,*,#3797,.T.);
#2120=ORIENTED_EDGE('',*,*,#3305,.F.);
#2121=ORIENTED_EDGE('',*,*,#3121,.F.);
#2122=ORIENTED_EDGE('',*,*,#4148,.T.);
#2123=ORIENTED_EDGE('',*,*,#3802,.T.);
#2124=ORIENTED_EDGE('',*,*,#4154,.F.);
#2125=ORIENTED_EDGE('',*,*,#3282,.F.);
#2126=ORIENTED_EDGE('',*,*,#3349,.F.);
#2127=ORIENTED_EDGE('',*,*,#4156,.T.);
#2128=ORIENTED_EDGE('',*,*,#3302,.F.);
#2129=ORIENTED_EDGE('',*,*,#3796,.T.);
#2130=ORIENTED_EDGE('',*,*,#4157,.F.);
#2131=ORIENTED_EDGE('',*,*,#4157,.T.);
#2132=ORIENTED_EDGE('',*,*,#3805,.T.);
#2133=ORIENTED_EDGE('',*,*,#4158,.F.);
#2134=ORIENTED_EDGE('',*,*,#3355,.F.);
#2135=ORIENTED_EDGE('',*,*,#4158,.T.);
#2136=ORIENTED_EDGE('',*,*,#3804,.T.);
#2137=ORIENTED_EDGE('',*,*,#4147,.F.);
#2138=ORIENTED_EDGE('',*,*,#3335,.F.);
#2139=ORIENTED_EDGE('',*,*,#4159,.T.);
#2140=ORIENTED_EDGE('',*,*,#3799,.T.);
#2141=ORIENTED_EDGE('',*,*,#4160,.F.);
#2142=ORIENTED_EDGE('',*,*,#3366,.F.);
#2143=ORIENTED_EDGE('',*,*,#3309,.F.);
#2144=ORIENTED_EDGE('',*,*,#4161,.T.);
#2145=ORIENTED_EDGE('',*,*,#3358,.T.);
#2146=ORIENTED_EDGE('',*,*,#4160,.T.);
#2147=ORIENTED_EDGE('',*,*,#3798,.T.);
#2148=ORIENTED_EDGE('',*,*,#4155,.F.);
#2149=ORIENTED_EDGE('',*,*,#3800,.T.);
#2150=ORIENTED_EDGE('',*,*,#4159,.F.);
#2151=ORIENTED_EDGE('',*,*,#3338,.F.);
#2152=ORIENTED_EDGE('',*,*,#3292,.F.);
#2153=ORIENTED_EDGE('',*,*,#3786,.T.);
#2154=ORIENTED_EDGE('',*,*,#4162,.F.);
#2155=ORIENTED_EDGE('',*,*,#3340,.F.);
#2156=ORIENTED_EDGE('',*,*,#4162,.T.);
#2157=ORIENTED_EDGE('',*,*,#3795,.T.);
#2158=ORIENTED_EDGE('',*,*,#4163,.F.);
#2159=ORIENTED_EDGE('',*,*,#3346,.F.);
#2160=ORIENTED_EDGE('',*,*,#4141,.F.);
#2161=ORIENTED_EDGE('',*,*,#4164,.T.);
#2162=ORIENTED_EDGE('',*,*,#3320,.F.);
#2163=ORIENTED_EDGE('',*,*,#4163,.T.);
#2164=ORIENTED_EDGE('',*,*,#3794,.T.);
#2165=ORIENTED_EDGE('',*,*,#4165,.T.);
#2166=ORIENTED_EDGE('',*,*,#3789,.T.);
#2167=ORIENTED_EDGE('',*,*,#4166,.F.);
#2168=ORIENTED_EDGE('',*,*,#3239,.F.);
#2169=ORIENTED_EDGE('',*,*,#4166,.T.);
#2170=ORIENTED_EDGE('',*,*,#3788,.T.);
#2171=ORIENTED_EDGE('',*,*,#3295,.F.);
#2172=ORIENTED_EDGE('',*,*,#3228,.T.);
#2173=ORIENTED_EDGE('',*,*,#3212,.F.);
#2174=ORIENTED_EDGE('',*,*,#4167,.T.);
#2175=ORIENTED_EDGE('',*,*,#4143,.F.);
#2176=ORIENTED_EDGE('',*,*,#3790,.T.);
#2177=ORIENTED_EDGE('',*,*,#4165,.F.);
#2178=ORIENTED_EDGE('',*,*,#4153,.T.);
#2179=ORIENTED_EDGE('',*,*,#3785,.T.);
#2180=ORIENTED_EDGE('',*,*,#4149,.F.);
#2181=ORIENTED_EDGE('',*,*,#3280,.F.);
#2182=ORIENTED_EDGE('',*,*,#4150,.T.);
#2183=ORIENTED_EDGE('',*,*,#3783,.T.);
#2184=ORIENTED_EDGE('',*,*,#4152,.F.);
#2185=ORIENTED_EDGE('',*,*,#3157,.F.);
#2186=ORIENTED_EDGE('',*,*,#3301,.T.);
#2187=ORIENTED_EDGE('',*,*,#3781,.T.);
#2188=ORIENTED_EDGE('',*,*,#3286,.F.);
#2189=ORIENTED_EDGE('',*,*,#3119,.F.);
#2190=ORIENTED_EDGE('',*,*,#3288,.T.);
#2191=ORIENTED_EDGE('',*,*,#3780,.T.);
#2192=ORIENTED_EDGE('',*,*,#3299,.F.);
#2193=ORIENTED_EDGE('',*,*,#3367,.F.);
#2194=ORIENTED_EDGE('',*,*,#3776,.T.);
#2195=ORIENTED_EDGE('',*,*,#4168,.F.);
#2196=ORIENTED_EDGE('',*,*,#4169,.F.);
#2197=ORIENTED_EDGE('',*,*,#4170,.T.);
#2198=ORIENTED_EDGE('',*,*,#3779,.T.);
#2199=ORIENTED_EDGE('',*,*,#4171,.F.);
#2200=ORIENTED_EDGE('',*,*,#4172,.F.);
#2201=ORIENTED_EDGE('',*,*,#4168,.T.);
#2202=ORIENTED_EDGE('',*,*,#3778,.T.);
#2203=ORIENTED_EDGE('',*,*,#4173,.F.);
#2204=ORIENTED_EDGE('',*,*,#4174,.F.);
#2205=ORIENTED_EDGE('',*,*,#4171,.T.);
#2206=ORIENTED_EDGE('',*,*,#3777,.T.);
#2207=ORIENTED_EDGE('',*,*,#4170,.F.);
#2208=ORIENTED_EDGE('',*,*,#4175,.F.);
#2209=ORIENTED_EDGE('',*,*,#4173,.T.);
#2210=ORIENTED_EDGE('',*,*,#4169,.T.);
#2211=ORIENTED_EDGE('',*,*,#4172,.T.);
#2212=ORIENTED_EDGE('',*,*,#4174,.T.);
#2213=ORIENTED_EDGE('',*,*,#4175,.T.);
#2214=ORIENTED_EDGE('',*,*,#3772,.T.);
#2215=ORIENTED_EDGE('',*,*,#4176,.F.);
#2216=ORIENTED_EDGE('',*,*,#4177,.F.);
#2217=ORIENTED_EDGE('',*,*,#4178,.T.);
#2218=ORIENTED_EDGE('',*,*,#3775,.T.);
#2219=ORIENTED_EDGE('',*,*,#4179,.F.);
#2220=ORIENTED_EDGE('',*,*,#4180,.F.);
#2221=ORIENTED_EDGE('',*,*,#4176,.T.);
#2222=ORIENTED_EDGE('',*,*,#3774,.T.);
#2223=ORIENTED_EDGE('',*,*,#4181,.F.);
#2224=ORIENTED_EDGE('',*,*,#4182,.F.);
#2225=ORIENTED_EDGE('',*,*,#4179,.T.);
#2226=ORIENTED_EDGE('',*,*,#3773,.T.);
#2227=ORIENTED_EDGE('',*,*,#4178,.F.);
#2228=ORIENTED_EDGE('',*,*,#4183,.F.);
#2229=ORIENTED_EDGE('',*,*,#4181,.T.);
#2230=ORIENTED_EDGE('',*,*,#4177,.T.);
#2231=ORIENTED_EDGE('',*,*,#4180,.T.);
#2232=ORIENTED_EDGE('',*,*,#4182,.T.);
#2233=ORIENTED_EDGE('',*,*,#4183,.T.);
#2234=ORIENTED_EDGE('',*,*,#3322,.F.);
#2235=ORIENTED_EDGE('',*,*,#3313,.F.);
#2236=ORIENTED_EDGE('',*,*,#3342,.F.);
#2237=ORIENTED_EDGE('',*,*,#4146,.F.);
#2238=ORIENTED_EDGE('',*,*,#3352,.F.);
#2239=ORIENTED_EDGE('',*,*,#3303,.F.);
#2240=ORIENTED_EDGE('',*,*,#4156,.F.);
#2241=ORIENTED_EDGE('',*,*,#3348,.F.);
#2242=ORIENTED_EDGE('',*,*,#3363,.F.);
#2243=ORIENTED_EDGE('',*,*,#3359,.F.);
#2244=ORIENTED_EDGE('',*,*,#4161,.F.);
#2245=ORIENTED_EDGE('',*,*,#3308,.F.);
#2246=ORIENTED_EDGE('',*,*,#3327,.F.);
#2247=ORIENTED_EDGE('',*,*,#4151,.F.);
#2248=ORIENTED_EDGE('',*,*,#3344,.F.);
#2249=ORIENTED_EDGE('',*,*,#3318,.F.);
#2250=ORIENTED_EDGE('',*,*,#3364,.F.);
#2251=ORIENTED_EDGE('',*,*,#3284,.F.);
#2252=ORIENTED_EDGE('',*,*,#3365,.F.);
#2253=ORIENTED_EDGE('',*,*,#3361,.F.);
#2254=ORIENTED_EDGE('',*,*,#3249,.F.);
#2255=ORIENTED_EDGE('',*,*,#3247,.F.);
#2256=ORIENTED_EDGE('',*,*,#3253,.F.);
#2257=ORIENTED_EDGE('',*,*,#3294,.F.);
#2258=ORIENTED_EDGE('',*,*,#3328,.F.);
#2259=ORIENTED_EDGE('',*,*,#3321,.F.);
#2260=ORIENTED_EDGE('',*,*,#4164,.F.);
#2261=ORIENTED_EDGE('',*,*,#4140,.F.);
#2262=ORIENTED_EDGE('',*,*,#3221,.F.);
#2263=ORIENTED_EDGE('',*,*,#4144,.F.);
#2264=ORIENTED_EDGE('',*,*,#4167,.F.);
#2265=ORIENTED_EDGE('',*,*,#3211,.F.);
#2266=ORIENTED_EDGE('',*,*,#3225,.T.);
#2267=ORIENTED_EDGE('',*,*,#4184,.T.);
#2268=ORIENTED_EDGE('',*,*,#4185,.T.);
#2269=ORIENTED_EDGE('',*,*,#3759,.T.);
#2270=ORIENTED_EDGE('',*,*,#4186,.F.);
#2271=ORIENTED_EDGE('',*,*,#4187,.T.);
#2272=ORIENTED_EDGE('',*,*,#4188,.T.);
#2273=ORIENTED_EDGE('',*,*,#3259,.T.);
#2274=ORIENTED_EDGE('',*,*,#4189,.T.);
#2275=ORIENTED_EDGE('',*,*,#3757,.T.);
#2276=ORIENTED_EDGE('',*,*,#3219,.T.);
#2277=ORIENTED_EDGE('',*,*,#4190,.T.);
#2278=ORIENTED_EDGE('',*,*,#3237,.T.);
#2279=ORIENTED_EDGE('',*,*,#3226,.F.);
#2280=ORIENTED_EDGE('',*,*,#4191,.T.);
#2281=ORIENTED_EDGE('',*,*,#3769,.T.);
#2282=ORIENTED_EDGE('',*,*,#4192,.F.);
#2283=ORIENTED_EDGE('',*,*,#3174,.T.);
#2284=ORIENTED_EDGE('',*,*,#4193,.T.);
#2285=ORIENTED_EDGE('',*,*,#3750,.T.);
#2286=ORIENTED_EDGE('',*,*,#4194,.F.);
#2287=ORIENTED_EDGE('',*,*,#3241,.T.);
#2288=ORIENTED_EDGE('',*,*,#4195,.T.);
#2289=ORIENTED_EDGE('',*,*,#3222,.T.);
#2290=ORIENTED_EDGE('',*,*,#4196,.T.);
#2291=ORIENTED_EDGE('',*,*,#3748,.T.);
#2292=ORIENTED_EDGE('',*,*,#4197,.F.);
#2293=ORIENTED_EDGE('',*,*,#3172,.F.);
#2294=ORIENTED_EDGE('',*,*,#4198,.T.);
#2295=ORIENTED_EDGE('',*,*,#3767,.T.);
#2296=ORIENTED_EDGE('',*,*,#4199,.T.);
#2297=ORIENTED_EDGE('',*,*,#3233,.F.);
#2298=ORIENTED_EDGE('',*,*,#3193,.T.);
#2299=ORIENTED_EDGE('',*,*,#3753,.T.);
#2300=ORIENTED_EDGE('',*,*,#3183,.F.);
#2301=ORIENTED_EDGE('',*,*,#3278,.F.);
#2302=ORIENTED_EDGE('',*,*,#4186,.T.);
#2303=ORIENTED_EDGE('',*,*,#3758,.T.);
#2304=ORIENTED_EDGE('',*,*,#4189,.F.);
#2305=ORIENTED_EDGE('',*,*,#3163,.F.);
#2306=ORIENTED_EDGE('',*,*,#3207,.T.);
#2307=ORIENTED_EDGE('',*,*,#3763,.T.);
#2308=ORIENTED_EDGE('',*,*,#3201,.F.);
#2309=ORIENTED_EDGE('',*,*,#3117,.F.);
#2310=ORIENTED_EDGE('',*,*,#4192,.T.);
#2311=ORIENTED_EDGE('',*,*,#3768,.T.);
#2312=ORIENTED_EDGE('',*,*,#4198,.F.);
#2313=ORIENTED_EDGE('',*,*,#3175,.F.);
#2314=ORIENTED_EDGE('',*,*,#3245,.F.);
#2315=ORIENTED_EDGE('',*,*,#4200,.T.);
#2316=ORIENTED_EDGE('',*,*,#3198,.F.);
#2317=ORIENTED_EDGE('',*,*,#3762,.T.);
#2318=ORIENTED_EDGE('',*,*,#4201,.F.);
#2319=ORIENTED_EDGE('',*,*,#4201,.T.);
#2320=ORIENTED_EDGE('',*,*,#3771,.T.);
#2321=ORIENTED_EDGE('',*,*,#4202,.F.);
#2322=ORIENTED_EDGE('',*,*,#3251,.F.);
#2323=ORIENTED_EDGE('',*,*,#4202,.T.);
#2324=ORIENTED_EDGE('',*,*,#3770,.T.);
#2325=ORIENTED_EDGE('',*,*,#4191,.F.);
#2326=ORIENTED_EDGE('',*,*,#3231,.F.);
#2327=ORIENTED_EDGE('',*,*,#4203,.T.);
#2328=ORIENTED_EDGE('',*,*,#3765,.T.);
#2329=ORIENTED_EDGE('',*,*,#4204,.F.);
#2330=ORIENTED_EDGE('',*,*,#3276,.F.);
#2331=ORIENTED_EDGE('',*,*,#3205,.F.);
#2332=ORIENTED_EDGE('',*,*,#4205,.T.);
#2333=ORIENTED_EDGE('',*,*,#3268,.T.);
#2334=ORIENTED_EDGE('',*,*,#4204,.T.);
#2335=ORIENTED_EDGE('',*,*,#3764,.T.);
#2336=ORIENTED_EDGE('',*,*,#4199,.F.);
#2337=ORIENTED_EDGE('',*,*,#3766,.T.);
#2338=ORIENTED_EDGE('',*,*,#4203,.F.);
#2339=ORIENTED_EDGE('',*,*,#3234,.F.);
#2340=ORIENTED_EDGE('',*,*,#3185,.F.);
#2341=ORIENTED_EDGE('',*,*,#3752,.T.);
#2342=ORIENTED_EDGE('',*,*,#4206,.F.);
#2343=ORIENTED_EDGE('',*,*,#3236,.F.);
#2344=ORIENTED_EDGE('',*,*,#4206,.T.);
#2345=ORIENTED_EDGE('',*,*,#3761,.T.);
#2346=ORIENTED_EDGE('',*,*,#4207,.F.);
#2347=ORIENTED_EDGE('',*,*,#3242,.F.);
#2348=ORIENTED_EDGE('',*,*,#4185,.F.);
#2349=ORIENTED_EDGE('',*,*,#4208,.T.);
#2350=ORIENTED_EDGE('',*,*,#3216,.F.);
#2351=ORIENTED_EDGE('',*,*,#4207,.T.);
#2352=ORIENTED_EDGE('',*,*,#3760,.T.);
#2353=ORIENTED_EDGE('',*,*,#4209,.T.);
#2354=ORIENTED_EDGE('',*,*,#3755,.T.);
#2355=ORIENTED_EDGE('',*,*,#4210,.F.);
#2356=ORIENTED_EDGE('',*,*,#3266,.F.);
#2357=ORIENTED_EDGE('',*,*,#4210,.T.);
#2358=ORIENTED_EDGE('',*,*,#3754,.T.);
#2359=ORIENTED_EDGE('',*,*,#3191,.F.);
#2360=ORIENTED_EDGE('',*,*,#3262,.T.);
#2361=ORIENTED_EDGE('',*,*,#3256,.F.);
#2362=ORIENTED_EDGE('',*,*,#4211,.T.);
#2363=ORIENTED_EDGE('',*,*,#4187,.F.);
#2364=ORIENTED_EDGE('',*,*,#3756,.T.);
#2365=ORIENTED_EDGE('',*,*,#4209,.F.);
#2366=ORIENTED_EDGE('',*,*,#4197,.T.);
#2367=ORIENTED_EDGE('',*,*,#3751,.T.);
#2368=ORIENTED_EDGE('',*,*,#4193,.F.);
#2369=ORIENTED_EDGE('',*,*,#3173,.F.);
#2370=ORIENTED_EDGE('',*,*,#4194,.T.);
#2371=ORIENTED_EDGE('',*,*,#3749,.T.);
#2372=ORIENTED_EDGE('',*,*,#4196,.F.);
#2373=ORIENTED_EDGE('',*,*,#3161,.F.);
#2374=ORIENTED_EDGE('',*,*,#3197,.T.);
#2375=ORIENTED_EDGE('',*,*,#3747,.T.);
#2376=ORIENTED_EDGE('',*,*,#3179,.F.);
#2377=ORIENTED_EDGE('',*,*,#3115,.F.);
#2378=ORIENTED_EDGE('',*,*,#3181,.T.);
#2379=ORIENTED_EDGE('',*,*,#3746,.T.);
#2380=ORIENTED_EDGE('',*,*,#3195,.F.);
#2381=ORIENTED_EDGE('',*,*,#3277,.F.);
#2382=ORIENTED_EDGE('',*,*,#3742,.T.);
#2383=ORIENTED_EDGE('',*,*,#4212,.F.);
#2384=ORIENTED_EDGE('',*,*,#4213,.F.);
#2385=ORIENTED_EDGE('',*,*,#4214,.T.);
#2386=ORIENTED_EDGE('',*,*,#3745,.T.);
#2387=ORIENTED_EDGE('',*,*,#4215,.F.);
#2388=ORIENTED_EDGE('',*,*,#4216,.F.);
#2389=ORIENTED_EDGE('',*,*,#4212,.T.);
#2390=ORIENTED_EDGE('',*,*,#3744,.T.);
#2391=ORIENTED_EDGE('',*,*,#4217,.F.);
#2392=ORIENTED_EDGE('',*,*,#4218,.F.);
#2393=ORIENTED_EDGE('',*,*,#4215,.T.);
#2394=ORIENTED_EDGE('',*,*,#3743,.T.);
#2395=ORIENTED_EDGE('',*,*,#4214,.F.);
#2396=ORIENTED_EDGE('',*,*,#4219,.F.);
#2397=ORIENTED_EDGE('',*,*,#4217,.T.);
#2398=ORIENTED_EDGE('',*,*,#4213,.T.);
#2399=ORIENTED_EDGE('',*,*,#4216,.T.);
#2400=ORIENTED_EDGE('',*,*,#4218,.T.);
#2401=ORIENTED_EDGE('',*,*,#4219,.T.);
#2402=ORIENTED_EDGE('',*,*,#3738,.T.);
#2403=ORIENTED_EDGE('',*,*,#4220,.F.);
#2404=ORIENTED_EDGE('',*,*,#4221,.F.);
#2405=ORIENTED_EDGE('',*,*,#4222,.T.);
#2406=ORIENTED_EDGE('',*,*,#3741,.T.);
#2407=ORIENTED_EDGE('',*,*,#4223,.F.);
#2408=ORIENTED_EDGE('',*,*,#4224,.F.);
#2409=ORIENTED_EDGE('',*,*,#4220,.T.);
#2410=ORIENTED_EDGE('',*,*,#3740,.T.);
#2411=ORIENTED_EDGE('',*,*,#4225,.F.);
#2412=ORIENTED_EDGE('',*,*,#4226,.F.);
#2413=ORIENTED_EDGE('',*,*,#4223,.T.);
#2414=ORIENTED_EDGE('',*,*,#3739,.T.);
#2415=ORIENTED_EDGE('',*,*,#4222,.F.);
#2416=ORIENTED_EDGE('',*,*,#4227,.F.);
#2417=ORIENTED_EDGE('',*,*,#4225,.T.);
#2418=ORIENTED_EDGE('',*,*,#4221,.T.);
#2419=ORIENTED_EDGE('',*,*,#4224,.T.);
#2420=ORIENTED_EDGE('',*,*,#4226,.T.);
#2421=ORIENTED_EDGE('',*,*,#4227,.T.);
#2422=ORIENTED_EDGE('',*,*,#3218,.F.);
#2423=ORIENTED_EDGE('',*,*,#3209,.F.);
#2424=ORIENTED_EDGE('',*,*,#3238,.F.);
#2425=ORIENTED_EDGE('',*,*,#4190,.F.);
#2426=ORIENTED_EDGE('',*,*,#3248,.F.);
#2427=ORIENTED_EDGE('',*,*,#3199,.F.);
#2428=ORIENTED_EDGE('',*,*,#4200,.F.);
#2429=ORIENTED_EDGE('',*,*,#3244,.F.);
#2430=ORIENTED_EDGE('',*,*,#3273,.F.);
#2431=ORIENTED_EDGE('',*,*,#3269,.F.);
#2432=ORIENTED_EDGE('',*,*,#4205,.F.);
#2433=ORIENTED_EDGE('',*,*,#3204,.F.);
#2434=ORIENTED_EDGE('',*,*,#3223,.F.);
#2435=ORIENTED_EDGE('',*,*,#4195,.F.);
#2436=ORIENTED_EDGE('',*,*,#3240,.F.);
#2437=ORIENTED_EDGE('',*,*,#3214,.F.);
#2438=ORIENTED_EDGE('',*,*,#3274,.F.);
#2439=ORIENTED_EDGE('',*,*,#3177,.F.);
#2440=ORIENTED_EDGE('',*,*,#3275,.F.);
#2441=ORIENTED_EDGE('',*,*,#3271,.F.);
#2442=ORIENTED_EDGE('',*,*,#3945,.F.);
#2443=ORIENTED_EDGE('',*,*,#3638,.F.);
#2444=ORIENTED_EDGE('',*,*,#4005,.F.);
#2445=ORIENTED_EDGE('',*,*,#3188,.F.);
#2446=ORIENTED_EDGE('',*,*,#3224,.F.);
#2447=ORIENTED_EDGE('',*,*,#3217,.F.);
#2448=ORIENTED_EDGE('',*,*,#4208,.F.);
#2449=ORIENTED_EDGE('',*,*,#4184,.F.);
#2450=ORIENTED_EDGE('',*,*,#3260,.F.);
#2451=ORIENTED_EDGE('',*,*,#4188,.F.);
#2452=ORIENTED_EDGE('',*,*,#4211,.F.);
#2453=ORIENTED_EDGE('',*,*,#3255,.F.);
#2454=ORIENTED_EDGE('',*,*,#4228,.T.);
#2455=ORIENTED_EDGE('',*,*,#4229,.T.);
#2456=ORIENTED_EDGE('',*,*,#4230,.T.);
#2457=ORIENTED_EDGE('',*,*,#4231,.T.);
#2458=ORIENTED_EDGE('',*,*,#4232,.T.);
#2459=ORIENTED_EDGE('',*,*,#4233,.T.);
#2460=ORIENTED_EDGE('',*,*,#4234,.T.);
#2461=ORIENTED_EDGE('',*,*,#4235,.T.);
#2462=ORIENTED_EDGE('',*,*,#4236,.T.);
#2463=ORIENTED_EDGE('',*,*,#4237,.T.);
#2464=ORIENTED_EDGE('',*,*,#4238,.T.);
#2465=ORIENTED_EDGE('',*,*,#4239,.T.);
#2466=ORIENTED_EDGE('',*,*,#4240,.T.);
#2467=ORIENTED_EDGE('',*,*,#4241,.T.);
#2468=ORIENTED_EDGE('',*,*,#4242,.T.);
#2469=ORIENTED_EDGE('',*,*,#4243,.T.);
#2470=ORIENTED_EDGE('',*,*,#4244,.T.);
#2471=ORIENTED_EDGE('',*,*,#4245,.T.);
#2472=ORIENTED_EDGE('',*,*,#4246,.T.);
#2473=ORIENTED_EDGE('',*,*,#4247,.T.);
#2474=ORIENTED_EDGE('',*,*,#4248,.T.);
#2475=ORIENTED_EDGE('',*,*,#4249,.F.);
#2476=ORIENTED_EDGE('',*,*,#4250,.T.);
#2477=ORIENTED_EDGE('',*,*,#4251,.T.);
#2478=ORIENTED_EDGE('',*,*,#4252,.T.);
#2479=ORIENTED_EDGE('',*,*,#4253,.T.);
#2480=ORIENTED_EDGE('',*,*,#4254,.T.);
#2481=ORIENTED_EDGE('',*,*,#4255,.T.);
#2482=ORIENTED_EDGE('',*,*,#4256,.T.);
#2483=ORIENTED_EDGE('',*,*,#4257,.T.);
#2484=ORIENTED_EDGE('',*,*,#4258,.T.);
#2485=ORIENTED_EDGE('',*,*,#4259,.T.);
#2486=ORIENTED_EDGE('',*,*,#4260,.T.);
#2487=ORIENTED_EDGE('',*,*,#4261,.F.);
#2488=ORIENTED_EDGE('',*,*,#4262,.T.);
#2489=ORIENTED_EDGE('',*,*,#4263,.T.);
#2490=ORIENTED_EDGE('',*,*,#4264,.T.);
#2491=ORIENTED_EDGE('',*,*,#4265,.T.);
#2492=ORIENTED_EDGE('',*,*,#4266,.T.);
#2493=ORIENTED_EDGE('',*,*,#4267,.F.);
#2494=ORIENTED_EDGE('',*,*,#4268,.F.);
#2495=ORIENTED_EDGE('',*,*,#4269,.F.);
#2496=ORIENTED_EDGE('',*,*,#4270,.T.);
#2497=ORIENTED_EDGE('',*,*,#4271,.T.);
#2498=ORIENTED_EDGE('',*,*,#4272,.T.);
#2499=ORIENTED_EDGE('',*,*,#4228,.F.);
#2500=ORIENTED_EDGE('',*,*,#4273,.T.);
#2501=ORIENTED_EDGE('',*,*,#4274,.T.);
#2502=ORIENTED_EDGE('',*,*,#4275,.T.);
#2503=ORIENTED_EDGE('',*,*,#4271,.F.);
#2504=ORIENTED_EDGE('',*,*,#4276,.F.);
#2505=ORIENTED_EDGE('',*,*,#4277,.F.);
#2506=ORIENTED_EDGE('',*,*,#4278,.F.);
#2507=ORIENTED_EDGE('',*,*,#4279,.F.);
#2508=ORIENTED_EDGE('',*,*,#4280,.F.);
#2509=ORIENTED_EDGE('',*,*,#4281,.T.);
#2510=ORIENTED_EDGE('',*,*,#4282,.F.);
#2511=ORIENTED_EDGE('',*,*,#4283,.T.);
#2512=ORIENTED_EDGE('',*,*,#4284,.F.);
#2513=ORIENTED_EDGE('',*,*,#4285,.T.);
#2514=ORIENTED_EDGE('',*,*,#4286,.T.);
#2515=ORIENTED_EDGE('',*,*,#4287,.F.);
#2516=ORIENTED_EDGE('',*,*,#4288,.T.);
#2517=ORIENTED_EDGE('',*,*,#4289,.F.);
#2518=ORIENTED_EDGE('',*,*,#4290,.T.);
#2519=ORIENTED_EDGE('',*,*,#4291,.F.);
#2520=ORIENTED_EDGE('',*,*,#4292,.T.);
#2521=ORIENTED_EDGE('',*,*,#4293,.F.);
#2522=ORIENTED_EDGE('',*,*,#4294,.T.);
#2523=ORIENTED_EDGE('',*,*,#4295,.F.);
#2524=ORIENTED_EDGE('',*,*,#4296,.T.);
#2525=ORIENTED_EDGE('',*,*,#4297,.F.);
#2526=ORIENTED_EDGE('',*,*,#4298,.T.);
#2527=ORIENTED_EDGE('',*,*,#4299,.T.);
#2528=ORIENTED_EDGE('',*,*,#4300,.T.);
#2529=ORIENTED_EDGE('',*,*,#4301,.T.);
#2530=ORIENTED_EDGE('',*,*,#4302,.T.);
#2531=ORIENTED_EDGE('',*,*,#4303,.T.);
#2532=ORIENTED_EDGE('',*,*,#4304,.T.);
#2533=ORIENTED_EDGE('',*,*,#4305,.T.);
#2534=ORIENTED_EDGE('',*,*,#4306,.T.);
#2535=ORIENTED_EDGE('',*,*,#4307,.T.);
#2536=ORIENTED_EDGE('',*,*,#4308,.T.);
#2537=ORIENTED_EDGE('',*,*,#4309,.T.);
#2538=ORIENTED_EDGE('',*,*,#4310,.T.);
#2539=ORIENTED_EDGE('',*,*,#4311,.T.);
#2540=ORIENTED_EDGE('',*,*,#4312,.T.);
#2541=ORIENTED_EDGE('',*,*,#4313,.T.);
#2542=ORIENTED_EDGE('',*,*,#4314,.T.);
#2543=ORIENTED_EDGE('',*,*,#4315,.T.);
#2544=ORIENTED_EDGE('',*,*,#4251,.F.);
#2545=ORIENTED_EDGE('',*,*,#4316,.T.);
#2546=ORIENTED_EDGE('',*,*,#4295,.T.);
#2547=ORIENTED_EDGE('',*,*,#4317,.T.);
#2548=ORIENTED_EDGE('',*,*,#4318,.T.);
#2549=ORIENTED_EDGE('',*,*,#4276,.T.);
#2550=ORIENTED_EDGE('',*,*,#4273,.F.);
#2551=ORIENTED_EDGE('',*,*,#4270,.F.);
#2552=ORIENTED_EDGE('',*,*,#4280,.T.);
#2553=ORIENTED_EDGE('',*,*,#4319,.F.);
#2554=ORIENTED_EDGE('',*,*,#4266,.F.);
#2555=ORIENTED_EDGE('',*,*,#4320,.T.);
#2556=ORIENTED_EDGE('',*,*,#4293,.T.);
#2557=ORIENTED_EDGE('',*,*,#4321,.T.);
#2558=ORIENTED_EDGE('',*,*,#4253,.F.);
#2559=ORIENTED_EDGE('',*,*,#4322,.T.);
#2560=ORIENTED_EDGE('',*,*,#4291,.T.);
#2561=ORIENTED_EDGE('',*,*,#4323,.T.);
#2562=ORIENTED_EDGE('',*,*,#4255,.F.);
#2563=ORIENTED_EDGE('',*,*,#4324,.T.);
#2564=ORIENTED_EDGE('',*,*,#4289,.T.);
#2565=ORIENTED_EDGE('',*,*,#4325,.T.);
#2566=ORIENTED_EDGE('',*,*,#4257,.F.);
#2567=ORIENTED_EDGE('',*,*,#4326,.T.);
#2568=ORIENTED_EDGE('',*,*,#4327,.T.);
#2569=ORIENTED_EDGE('',*,*,#4328,.T.);
#2570=ORIENTED_EDGE('',*,*,#4329,.F.);
#2571=ORIENTED_EDGE('',*,*,#4330,.F.);
#2572=ORIENTED_EDGE('',*,*,#4331,.F.);
#2573=ORIENTED_EDGE('',*,*,#4332,.F.);
#2574=ORIENTED_EDGE('',*,*,#4259,.F.);
#2575=ORIENTED_EDGE('',*,*,#4333,.T.);
#2576=ORIENTED_EDGE('',*,*,#4287,.T.);
#2577=ORIENTED_EDGE('',*,*,#4334,.T.);
#2578=ORIENTED_EDGE('',*,*,#4335,.T.);
#2579=ORIENTED_EDGE('',*,*,#4336,.T.);
#2580=ORIENTED_EDGE('',*,*,#4284,.T.);
#2581=ORIENTED_EDGE('',*,*,#4337,.T.);
#2582=ORIENTED_EDGE('',*,*,#4262,.F.);
#2583=ORIENTED_EDGE('',*,*,#4338,.T.);
#2584=ORIENTED_EDGE('',*,*,#4264,.F.);
#2585=ORIENTED_EDGE('',*,*,#4339,.T.);
#2586=ORIENTED_EDGE('',*,*,#4282,.T.);
#2587=ORIENTED_EDGE('',*,*,#4340,.T.);
#2588=ORIENTED_EDGE('',*,*,#4254,.F.);
#2589=ORIENTED_EDGE('',*,*,#4321,.F.);
#2590=ORIENTED_EDGE('',*,*,#4292,.F.);
#2591=ORIENTED_EDGE('',*,*,#4324,.F.);
#2592=ORIENTED_EDGE('',*,*,#4252,.F.);
#2593=ORIENTED_EDGE('',*,*,#4317,.F.);
#2594=ORIENTED_EDGE('',*,*,#4294,.F.);
#2595=ORIENTED_EDGE('',*,*,#4322,.F.);
#2596=ORIENTED_EDGE('',*,*,#4265,.F.);
#2597=ORIENTED_EDGE('',*,*,#4340,.F.);
#2598=ORIENTED_EDGE('',*,*,#4281,.F.);
#2599=ORIENTED_EDGE('',*,*,#4320,.F.);
#2600=ORIENTED_EDGE('',*,*,#4267,.T.);
#2601=ORIENTED_EDGE('',*,*,#4319,.T.);
#2602=ORIENTED_EDGE('',*,*,#4279,.T.);
#2603=ORIENTED_EDGE('',*,*,#4341,.F.);
#2604=ORIENTED_EDGE('',*,*,#4268,.T.);
#2605=ORIENTED_EDGE('',*,*,#4341,.T.);
#2606=ORIENTED_EDGE('',*,*,#4278,.T.);
#2607=ORIENTED_EDGE('',*,*,#4342,.F.);
#2608=ORIENTED_EDGE('',*,*,#4269,.T.);
#2609=ORIENTED_EDGE('',*,*,#4342,.T.);
#2610=ORIENTED_EDGE('',*,*,#4277,.T.);
#2611=ORIENTED_EDGE('',*,*,#4318,.F.);
#2612=ORIENTED_EDGE('',*,*,#4297,.T.);
#2613=ORIENTED_EDGE('',*,*,#4343,.T.);
#2614=ORIENTED_EDGE('',*,*,#4249,.T.);
#2615=ORIENTED_EDGE('',*,*,#4344,.T.);
#2616=ORIENTED_EDGE('',*,*,#4345,.T.);
#2617=ORIENTED_EDGE('',*,*,#4310,.F.);
#2618=ORIENTED_EDGE('',*,*,#4346,.F.);
#2619=ORIENTED_EDGE('',*,*,#4236,.F.);
#2620=ORIENTED_EDGE('',*,*,#4347,.T.);
#2621=ORIENTED_EDGE('',*,*,#4311,.F.);
#2622=ORIENTED_EDGE('',*,*,#4345,.F.);
#2623=ORIENTED_EDGE('',*,*,#4235,.F.);
#2624=ORIENTED_EDGE('',*,*,#4348,.T.);
#2625=ORIENTED_EDGE('',*,*,#4312,.F.);
#2626=ORIENTED_EDGE('',*,*,#4347,.F.);
#2627=ORIENTED_EDGE('',*,*,#4234,.F.);
#2628=ORIENTED_EDGE('',*,*,#4349,.T.);
#2629=ORIENTED_EDGE('',*,*,#4313,.F.);
#2630=ORIENTED_EDGE('',*,*,#4348,.F.);
#2631=ORIENTED_EDGE('',*,*,#4233,.F.);
#2632=ORIENTED_EDGE('',*,*,#4350,.T.);
#2633=ORIENTED_EDGE('',*,*,#4314,.F.);
#2634=ORIENTED_EDGE('',*,*,#4349,.F.);
#2635=ORIENTED_EDGE('',*,*,#4232,.F.);
#2636=ORIENTED_EDGE('',*,*,#4351,.T.);
#2637=ORIENTED_EDGE('',*,*,#4315,.F.);
#2638=ORIENTED_EDGE('',*,*,#4350,.F.);
#2639=ORIENTED_EDGE('',*,*,#4231,.F.);
#2640=ORIENTED_EDGE('',*,*,#4230,.F.);
#2641=ORIENTED_EDGE('',*,*,#4352,.T.);
#2642=ORIENTED_EDGE('',*,*,#4274,.F.);
#2643=ORIENTED_EDGE('',*,*,#4351,.F.);
#2644=ORIENTED_EDGE('',*,*,#4353,.T.);
#2645=ORIENTED_EDGE('',*,*,#4307,.F.);
#2646=ORIENTED_EDGE('',*,*,#4354,.F.);
#2647=ORIENTED_EDGE('',*,*,#4239,.F.);
#2648=ORIENTED_EDGE('',*,*,#4355,.T.);
#2649=ORIENTED_EDGE('',*,*,#4308,.F.);
#2650=ORIENTED_EDGE('',*,*,#4353,.F.);
#2651=ORIENTED_EDGE('',*,*,#4238,.F.);
#2652=ORIENTED_EDGE('',*,*,#4346,.T.);
#2653=ORIENTED_EDGE('',*,*,#4309,.F.);
#2654=ORIENTED_EDGE('',*,*,#4355,.F.);
#2655=ORIENTED_EDGE('',*,*,#4237,.F.);
#2656=ORIENTED_EDGE('',*,*,#4300,.F.);
#2657=ORIENTED_EDGE('',*,*,#4356,.T.);
#2658=ORIENTED_EDGE('',*,*,#4246,.F.);
#2659=ORIENTED_EDGE('',*,*,#4357,.T.);
#2660=ORIENTED_EDGE('',*,*,#4358,.T.);
#2661=ORIENTED_EDGE('',*,*,#4301,.F.);
#2662=ORIENTED_EDGE('',*,*,#4357,.F.);
#2663=ORIENTED_EDGE('',*,*,#4245,.F.);
#2664=ORIENTED_EDGE('',*,*,#4359,.T.);
#2665=ORIENTED_EDGE('',*,*,#4302,.F.);
#2666=ORIENTED_EDGE('',*,*,#4358,.F.);
#2667=ORIENTED_EDGE('',*,*,#4244,.F.);
#2668=ORIENTED_EDGE('',*,*,#4360,.T.);
#2669=ORIENTED_EDGE('',*,*,#4303,.F.);
#2670=ORIENTED_EDGE('',*,*,#4359,.F.);
#2671=ORIENTED_EDGE('',*,*,#4243,.F.);
#2672=ORIENTED_EDGE('',*,*,#4242,.F.);
#2673=ORIENTED_EDGE('',*,*,#4361,.T.);
#2674=ORIENTED_EDGE('',*,*,#4304,.F.);
#2675=ORIENTED_EDGE('',*,*,#4360,.F.);
#2676=ORIENTED_EDGE('',*,*,#4248,.F.);
#2677=ORIENTED_EDGE('',*,*,#4362,.T.);
#2678=ORIENTED_EDGE('',*,*,#4298,.F.);
#2679=ORIENTED_EDGE('',*,*,#4344,.F.);
#2680=ORIENTED_EDGE('',*,*,#4306,.F.);
#2681=ORIENTED_EDGE('',*,*,#4363,.T.);
#2682=ORIENTED_EDGE('',*,*,#4240,.F.);
#2683=ORIENTED_EDGE('',*,*,#4354,.T.);
#2684=ORIENTED_EDGE('',*,*,#4241,.F.);
#2685=ORIENTED_EDGE('',*,*,#4363,.F.);
#2686=ORIENTED_EDGE('',*,*,#4305,.F.);
#2687=ORIENTED_EDGE('',*,*,#4361,.F.);
#2688=ORIENTED_EDGE('',*,*,#4250,.F.);
#2689=ORIENTED_EDGE('',*,*,#4343,.F.);
#2690=ORIENTED_EDGE('',*,*,#4296,.F.);
#2691=ORIENTED_EDGE('',*,*,#4316,.F.);
#2692=ORIENTED_EDGE('',*,*,#4247,.F.);
#2693=ORIENTED_EDGE('',*,*,#4356,.F.);
#2694=ORIENTED_EDGE('',*,*,#4299,.F.);
#2695=ORIENTED_EDGE('',*,*,#4362,.F.);
#2696=ORIENTED_EDGE('',*,*,#4364,.T.);
#2697=ORIENTED_EDGE('',*,*,#4365,.T.);
#2698=ORIENTED_EDGE('',*,*,#4327,.F.);
#2699=ORIENTED_EDGE('',*,*,#4366,.F.);
#2700=ORIENTED_EDGE('',*,*,#4367,.T.);
#2701=ORIENTED_EDGE('',*,*,#4368,.T.);
#2702=ORIENTED_EDGE('',*,*,#4329,.T.);
#2703=ORIENTED_EDGE('',*,*,#4369,.T.);
#2704=ORIENTED_EDGE('',*,*,#4370,.T.);
#2705=ORIENTED_EDGE('',*,*,#4371,.T.);
#2706=ORIENTED_EDGE('',*,*,#4372,.F.);
#2707=ORIENTED_EDGE('',*,*,#4373,.F.);
#2708=ORIENTED_EDGE('',*,*,#4336,.F.);
#2709=ORIENTED_EDGE('',*,*,#4374,.F.);
#2710=ORIENTED_EDGE('',*,*,#4375,.T.);
#2711=ORIENTED_EDGE('',*,*,#4366,.T.);
#2712=ORIENTED_EDGE('',*,*,#4376,.F.);
#2713=ORIENTED_EDGE('',*,*,#4377,.F.);
#2714=ORIENTED_EDGE('',*,*,#4330,.T.);
#2715=ORIENTED_EDGE('',*,*,#4373,.T.);
#2716=ORIENTED_EDGE('',*,*,#4335,.F.);
#2717=ORIENTED_EDGE('',*,*,#4378,.F.);
#2718=ORIENTED_EDGE('',*,*,#4379,.T.);
#2719=ORIENTED_EDGE('',*,*,#4374,.T.);
#2720=ORIENTED_EDGE('',*,*,#4380,.F.);
#2721=ORIENTED_EDGE('',*,*,#4381,.F.);
#2722=ORIENTED_EDGE('',*,*,#4331,.T.);
#2723=ORIENTED_EDGE('',*,*,#4377,.T.);
#2724=ORIENTED_EDGE('',*,*,#4334,.F.);
#2725=ORIENTED_EDGE('',*,*,#4286,.F.);
#2726=ORIENTED_EDGE('',*,*,#4382,.T.);
#2727=ORIENTED_EDGE('',*,*,#4378,.T.);
#2728=ORIENTED_EDGE('',*,*,#4383,.F.);
#2729=ORIENTED_EDGE('',*,*,#4260,.F.);
#2730=ORIENTED_EDGE('',*,*,#4332,.T.);
#2731=ORIENTED_EDGE('',*,*,#4381,.T.);
#2732=ORIENTED_EDGE('',*,*,#4372,.T.);
#2733=ORIENTED_EDGE('',*,*,#4384,.T.);
#2734=ORIENTED_EDGE('',*,*,#4367,.F.);
#2735=ORIENTED_EDGE('',*,*,#4375,.F.);
#2736=ORIENTED_EDGE('',*,*,#4379,.F.);
#2737=ORIENTED_EDGE('',*,*,#4382,.F.);
#2738=ORIENTED_EDGE('',*,*,#4285,.F.);
#2739=ORIENTED_EDGE('',*,*,#4338,.F.);
#2740=ORIENTED_EDGE('',*,*,#4261,.T.);
#2741=ORIENTED_EDGE('',*,*,#4383,.T.);
#2742=ORIENTED_EDGE('',*,*,#4380,.T.);
#2743=ORIENTED_EDGE('',*,*,#4376,.T.);
#2744=ORIENTED_EDGE('',*,*,#4370,.F.);
#2745=ORIENTED_EDGE('',*,*,#4385,.T.);
#2746=ORIENTED_EDGE('',*,*,#4364,.F.);
#2747=ORIENTED_EDGE('',*,*,#4386,.T.);
#2748=ORIENTED_EDGE('',*,*,#4263,.F.);
#2749=ORIENTED_EDGE('',*,*,#4337,.F.);
#2750=ORIENTED_EDGE('',*,*,#4283,.F.);
#2751=ORIENTED_EDGE('',*,*,#4339,.F.);
#2752=ORIENTED_EDGE('',*,*,#4256,.F.);
#2753=ORIENTED_EDGE('',*,*,#4323,.F.);
#2754=ORIENTED_EDGE('',*,*,#4290,.F.);
#2755=ORIENTED_EDGE('',*,*,#4326,.F.);
#2756=ORIENTED_EDGE('',*,*,#4258,.F.);
#2757=ORIENTED_EDGE('',*,*,#4325,.F.);
#2758=ORIENTED_EDGE('',*,*,#4288,.F.);
#2759=ORIENTED_EDGE('',*,*,#4333,.F.);
#2760=ORIENTED_EDGE('',*,*,#4229,.F.);
#2761=ORIENTED_EDGE('',*,*,#4272,.F.);
#2762=ORIENTED_EDGE('',*,*,#4275,.F.);
#2763=ORIENTED_EDGE('',*,*,#4352,.F.);
#2764=ORIENTED_EDGE('',*,*,#4365,.F.);
#2765=ORIENTED_EDGE('',*,*,#4385,.F.);
#2766=ORIENTED_EDGE('',*,*,#4369,.F.);
#2767=ORIENTED_EDGE('',*,*,#4328,.F.);
#2768=ORIENTED_EDGE('',*,*,#4371,.F.);
#2769=ORIENTED_EDGE('',*,*,#4386,.F.);
#2770=ORIENTED_EDGE('',*,*,#4368,.F.);
#2771=ORIENTED_EDGE('',*,*,#4384,.F.);
#2772=ORIENTED_EDGE('',*,*,#4387,.T.);
#2773=ORIENTED_EDGE('',*,*,#4388,.F.);
#2774=ORIENTED_EDGE('',*,*,#4389,.T.);
#2775=ORIENTED_EDGE('',*,*,#4390,.T.);
#2776=ORIENTED_EDGE('',*,*,#4391,.T.);
#2777=ORIENTED_EDGE('',*,*,#4392,.T.);
#2778=ORIENTED_EDGE('',*,*,#4393,.T.);
#2779=ORIENTED_EDGE('',*,*,#4394,.F.);
#2780=ORIENTED_EDGE('',*,*,#4395,.T.);
#2781=ORIENTED_EDGE('',*,*,#4396,.T.);
#2782=ORIENTED_EDGE('',*,*,#4397,.T.);
#2783=ORIENTED_EDGE('',*,*,#4398,.T.);
#2784=ORIENTED_EDGE('',*,*,#4399,.T.);
#2785=ORIENTED_EDGE('',*,*,#4400,.T.);
#2786=ORIENTED_EDGE('',*,*,#4388,.T.);
#2787=ORIENTED_EDGE('',*,*,#4401,.T.);
#2788=ORIENTED_EDGE('',*,*,#4402,.T.);
#2789=ORIENTED_EDGE('',*,*,#4403,.F.);
#2790=ORIENTED_EDGE('',*,*,#4394,.T.);
#2791=ORIENTED_EDGE('',*,*,#4404,.T.);
#2792=ORIENTED_EDGE('',*,*,#4405,.T.);
#2793=ORIENTED_EDGE('',*,*,#4406,.T.);
#2794=ORIENTED_EDGE('',*,*,#4407,.T.);
#2795=ORIENTED_EDGE('',*,*,#4408,.T.);
#2796=ORIENTED_EDGE('',*,*,#4409,.T.);
#2797=ORIENTED_EDGE('',*,*,#4410,.T.);
#2798=ORIENTED_EDGE('',*,*,#4411,.T.);
#2799=ORIENTED_EDGE('',*,*,#4412,.T.);
#2800=ORIENTED_EDGE('',*,*,#4413,.T.);
#2801=ORIENTED_EDGE('',*,*,#4414,.T.);
#2802=ORIENTED_EDGE('',*,*,#4415,.T.);
#2803=ORIENTED_EDGE('',*,*,#4416,.T.);
#2804=ORIENTED_EDGE('',*,*,#4417,.T.);
#2805=ORIENTED_EDGE('',*,*,#4418,.T.);
#2806=ORIENTED_EDGE('',*,*,#4419,.T.);
#2807=ORIENTED_EDGE('',*,*,#4420,.T.);
#2808=ORIENTED_EDGE('',*,*,#4421,.T.);
#2809=ORIENTED_EDGE('',*,*,#4422,.T.);
#2810=ORIENTED_EDGE('',*,*,#4423,.T.);
#2811=ORIENTED_EDGE('',*,*,#4424,.T.);
#2812=ORIENTED_EDGE('',*,*,#4425,.T.);
#2813=ORIENTED_EDGE('',*,*,#4426,.T.);
#2814=ORIENTED_EDGE('',*,*,#4427,.T.);
#2815=ORIENTED_EDGE('',*,*,#4428,.T.);
#2816=ORIENTED_EDGE('',*,*,#4429,.T.);
#2817=ORIENTED_EDGE('',*,*,#4430,.T.);
#2818=ORIENTED_EDGE('',*,*,#4431,.T.);
#2819=ORIENTED_EDGE('',*,*,#4432,.F.);
#2820=ORIENTED_EDGE('',*,*,#4433,.T.);
#2821=ORIENTED_EDGE('',*,*,#4434,.T.);
#2822=ORIENTED_EDGE('',*,*,#4435,.T.);
#2823=ORIENTED_EDGE('',*,*,#4436,.T.);
#2824=ORIENTED_EDGE('',*,*,#4437,.T.);
#2825=ORIENTED_EDGE('',*,*,#4438,.T.);
#2826=ORIENTED_EDGE('',*,*,#4439,.T.);
#2827=ORIENTED_EDGE('',*,*,#4440,.T.);
#2828=ORIENTED_EDGE('',*,*,#4441,.T.);
#2829=ORIENTED_EDGE('',*,*,#4411,.F.);
#2830=ORIENTED_EDGE('',*,*,#4442,.T.);
#2831=ORIENTED_EDGE('',*,*,#4434,.F.);
#2832=ORIENTED_EDGE('',*,*,#4443,.T.);
#2833=ORIENTED_EDGE('',*,*,#4444,.T.);
#2834=ORIENTED_EDGE('',*,*,#4445,.T.);
#2835=ORIENTED_EDGE('',*,*,#4446,.F.);
#2836=ORIENTED_EDGE('',*,*,#4447,.T.);
#2837=ORIENTED_EDGE('',*,*,#4448,.F.);
#2838=ORIENTED_EDGE('',*,*,#4449,.T.);
#2839=ORIENTED_EDGE('',*,*,#4450,.F.);
#2840=ORIENTED_EDGE('',*,*,#4451,.T.);
#2841=ORIENTED_EDGE('',*,*,#4452,.F.);
#2842=ORIENTED_EDGE('',*,*,#4453,.T.);
#2843=ORIENTED_EDGE('',*,*,#4444,.F.);
#2844=ORIENTED_EDGE('',*,*,#4454,.T.);
#2845=ORIENTED_EDGE('',*,*,#4455,.F.);
#2846=ORIENTED_EDGE('',*,*,#4456,.T.);
#2847=ORIENTED_EDGE('',*,*,#4457,.T.);
#2848=ORIENTED_EDGE('',*,*,#4458,.T.);
#2849=ORIENTED_EDGE('',*,*,#4459,.T.);
#2850=ORIENTED_EDGE('',*,*,#4460,.T.);
#2851=ORIENTED_EDGE('',*,*,#4461,.T.);
#2852=ORIENTED_EDGE('',*,*,#4462,.T.);
#2853=ORIENTED_EDGE('',*,*,#4463,.T.);
#2854=ORIENTED_EDGE('',*,*,#4464,.T.);
#2855=ORIENTED_EDGE('',*,*,#4465,.T.);
#2856=ORIENTED_EDGE('',*,*,#4466,.T.);
#2857=ORIENTED_EDGE('',*,*,#4467,.T.);
#2858=ORIENTED_EDGE('',*,*,#4468,.T.);
#2859=ORIENTED_EDGE('',*,*,#4469,.T.);
#2860=ORIENTED_EDGE('',*,*,#4470,.T.);
#2861=ORIENTED_EDGE('',*,*,#4471,.T.);
#2862=ORIENTED_EDGE('',*,*,#4472,.T.);
#2863=ORIENTED_EDGE('',*,*,#4473,.T.);
#2864=ORIENTED_EDGE('',*,*,#4474,.T.);
#2865=ORIENTED_EDGE('',*,*,#4475,.T.);
#2866=ORIENTED_EDGE('',*,*,#4440,.F.);
#2867=ORIENTED_EDGE('',*,*,#4476,.F.);
#2868=ORIENTED_EDGE('',*,*,#4477,.F.);
#2869=ORIENTED_EDGE('',*,*,#4478,.T.);
#2870=ORIENTED_EDGE('',*,*,#4479,.F.);
#2871=ORIENTED_EDGE('',*,*,#4480,.T.);
#2872=ORIENTED_EDGE('',*,*,#4481,.F.);
#2873=ORIENTED_EDGE('',*,*,#4482,.T.);
#2874=ORIENTED_EDGE('',*,*,#4392,.F.);
#2875=ORIENTED_EDGE('',*,*,#4483,.T.);
#2876=ORIENTED_EDGE('',*,*,#4484,.T.);
#2877=ORIENTED_EDGE('',*,*,#4485,.F.);
#2878=ORIENTED_EDGE('',*,*,#4390,.F.);
#2879=ORIENTED_EDGE('',*,*,#4486,.T.);
#2880=ORIENTED_EDGE('',*,*,#4487,.F.);
#2881=ORIENTED_EDGE('',*,*,#4488,.T.);
#2882=ORIENTED_EDGE('',*,*,#4476,.T.);
#2883=ORIENTED_EDGE('',*,*,#4442,.F.);
#2884=ORIENTED_EDGE('',*,*,#4410,.F.);
#2885=ORIENTED_EDGE('',*,*,#4489,.T.);
#2886=ORIENTED_EDGE('',*,*,#4436,.F.);
#2887=ORIENTED_EDGE('',*,*,#4490,.T.);
#2888=ORIENTED_EDGE('',*,*,#4452,.T.);
#2889=ORIENTED_EDGE('',*,*,#4491,.T.);
#2890=ORIENTED_EDGE('',*,*,#4450,.T.);
#2891=ORIENTED_EDGE('',*,*,#4492,.T.);
#2892=ORIENTED_EDGE('',*,*,#4438,.F.);
#2893=ORIENTED_EDGE('',*,*,#4493,.T.);
#2894=ORIENTED_EDGE('',*,*,#4448,.T.);
#2895=ORIENTED_EDGE('',*,*,#4494,.T.);
#2896=ORIENTED_EDGE('',*,*,#4395,.F.);
#2897=ORIENTED_EDGE('',*,*,#4495,.T.);
#2898=ORIENTED_EDGE('',*,*,#4397,.F.);
#2899=ORIENTED_EDGE('',*,*,#4496,.T.);
#2900=ORIENTED_EDGE('',*,*,#4446,.T.);
#2901=ORIENTED_EDGE('',*,*,#4497,.T.);
#2902=ORIENTED_EDGE('',*,*,#4399,.F.);
#2903=ORIENTED_EDGE('',*,*,#4498,.T.);
#2904=ORIENTED_EDGE('',*,*,#4487,.T.);
#2905=ORIENTED_EDGE('',*,*,#4499,.T.);
#2906=ORIENTED_EDGE('',*,*,#4481,.T.);
#2907=ORIENTED_EDGE('',*,*,#4500,.T.);
#2908=ORIENTED_EDGE('',*,*,#4405,.F.);
#2909=ORIENTED_EDGE('',*,*,#4501,.T.);
#2910=ORIENTED_EDGE('',*,*,#4407,.F.);
#2911=ORIENTED_EDGE('',*,*,#4502,.T.);
#2912=ORIENTED_EDGE('',*,*,#4479,.T.);
#2913=ORIENTED_EDGE('',*,*,#4503,.T.);
#2914=ORIENTED_EDGE('',*,*,#4409,.F.);
#2915=ORIENTED_EDGE('',*,*,#4504,.T.);
#2916=ORIENTED_EDGE('',*,*,#4477,.T.);
#2917=ORIENTED_EDGE('',*,*,#4489,.F.);
#2918=ORIENTED_EDGE('',*,*,#4437,.F.);
#2919=ORIENTED_EDGE('',*,*,#4491,.F.);
#2920=ORIENTED_EDGE('',*,*,#4451,.F.);
#2921=ORIENTED_EDGE('',*,*,#4493,.F.);
#2922=ORIENTED_EDGE('',*,*,#4435,.F.);
#2923=ORIENTED_EDGE('',*,*,#4445,.F.);
#2924=ORIENTED_EDGE('',*,*,#4453,.F.);
#2925=ORIENTED_EDGE('',*,*,#4490,.F.);
#2926=ORIENTED_EDGE('',*,*,#4455,.T.);
#2927=ORIENTED_EDGE('',*,*,#4505,.T.);
#2928=ORIENTED_EDGE('',*,*,#4432,.T.);
#2929=ORIENTED_EDGE('',*,*,#4506,.T.);
#2930=ORIENTED_EDGE('',*,*,#4507,.T.);
#2931=ORIENTED_EDGE('',*,*,#4468,.F.);
#2932=ORIENTED_EDGE('',*,*,#4508,.F.);
#2933=ORIENTED_EDGE('',*,*,#4419,.F.);
#2934=ORIENTED_EDGE('',*,*,#4509,.T.);
#2935=ORIENTED_EDGE('',*,*,#4469,.F.);
#2936=ORIENTED_EDGE('',*,*,#4507,.F.);
#2937=ORIENTED_EDGE('',*,*,#4418,.F.);
#2938=ORIENTED_EDGE('',*,*,#4510,.T.);
#2939=ORIENTED_EDGE('',*,*,#4470,.F.);
#2940=ORIENTED_EDGE('',*,*,#4509,.F.);
#2941=ORIENTED_EDGE('',*,*,#4417,.F.);
#2942=ORIENTED_EDGE('',*,*,#4511,.T.);
#2943=ORIENTED_EDGE('',*,*,#4471,.F.);
#2944=ORIENTED_EDGE('',*,*,#4510,.F.);
#2945=ORIENTED_EDGE('',*,*,#4416,.F.);
#2946=ORIENTED_EDGE('',*,*,#4512,.T.);
#2947=ORIENTED_EDGE('',*,*,#4472,.F.);
#2948=ORIENTED_EDGE('',*,*,#4511,.F.);
#2949=ORIENTED_EDGE('',*,*,#4415,.F.);
#2950=ORIENTED_EDGE('',*,*,#4513,.T.);
#2951=ORIENTED_EDGE('',*,*,#4473,.F.);
#2952=ORIENTED_EDGE('',*,*,#4512,.F.);
#2953=ORIENTED_EDGE('',*,*,#4414,.F.);
#2954=ORIENTED_EDGE('',*,*,#4413,.F.);
#2955=ORIENTED_EDGE('',*,*,#4514,.T.);
#2956=ORIENTED_EDGE('',*,*,#4474,.F.);
#2957=ORIENTED_EDGE('',*,*,#4513,.F.);
#2958=ORIENTED_EDGE('',*,*,#4515,.T.);
#2959=ORIENTED_EDGE('',*,*,#4465,.F.);
#2960=ORIENTED_EDGE('',*,*,#4516,.F.);
#2961=ORIENTED_EDGE('',*,*,#4422,.F.);
#2962=ORIENTED_EDGE('',*,*,#4517,.T.);
#2963=ORIENTED_EDGE('',*,*,#4466,.F.);
#2964=ORIENTED_EDGE('',*,*,#4515,.F.);
#2965=ORIENTED_EDGE('',*,*,#4421,.F.);
#2966=ORIENTED_EDGE('',*,*,#4508,.T.);
#2967=ORIENTED_EDGE('',*,*,#4467,.F.);
#2968=ORIENTED_EDGE('',*,*,#4517,.F.);
#2969=ORIENTED_EDGE('',*,*,#4420,.F.);
#2970=ORIENTED_EDGE('',*,*,#4458,.F.);
#2971=ORIENTED_EDGE('',*,*,#4518,.T.);
#2972=ORIENTED_EDGE('',*,*,#4429,.F.);
#2973=ORIENTED_EDGE('',*,*,#4519,.T.);
#2974=ORIENTED_EDGE('',*,*,#4520,.T.);
#2975=ORIENTED_EDGE('',*,*,#4459,.F.);
#2976=ORIENTED_EDGE('',*,*,#4519,.F.);
#2977=ORIENTED_EDGE('',*,*,#4428,.F.);
#2978=ORIENTED_EDGE('',*,*,#4521,.T.);
#2979=ORIENTED_EDGE('',*,*,#4460,.F.);
#2980=ORIENTED_EDGE('',*,*,#4520,.F.);
#2981=ORIENTED_EDGE('',*,*,#4427,.F.);
#2982=ORIENTED_EDGE('',*,*,#4522,.T.);
#2983=ORIENTED_EDGE('',*,*,#4461,.F.);
#2984=ORIENTED_EDGE('',*,*,#4521,.F.);
#2985=ORIENTED_EDGE('',*,*,#4426,.F.);
#2986=ORIENTED_EDGE('',*,*,#4425,.F.);
#2987=ORIENTED_EDGE('',*,*,#4523,.T.);
#2988=ORIENTED_EDGE('',*,*,#4462,.F.);
#2989=ORIENTED_EDGE('',*,*,#4522,.F.);
#2990=ORIENTED_EDGE('',*,*,#4431,.F.);
#2991=ORIENTED_EDGE('',*,*,#4524,.T.);
#2992=ORIENTED_EDGE('',*,*,#4456,.F.);
#2993=ORIENTED_EDGE('',*,*,#4506,.F.);
#2994=ORIENTED_EDGE('',*,*,#4464,.F.);
#2995=ORIENTED_EDGE('',*,*,#4525,.T.);
#2996=ORIENTED_EDGE('',*,*,#4423,.F.);
#2997=ORIENTED_EDGE('',*,*,#4516,.T.);
#2998=ORIENTED_EDGE('',*,*,#4424,.F.);
#2999=ORIENTED_EDGE('',*,*,#4525,.F.);
#3000=ORIENTED_EDGE('',*,*,#4463,.F.);
#3001=ORIENTED_EDGE('',*,*,#4523,.F.);
#3002=ORIENTED_EDGE('',*,*,#4433,.F.);
#3003=ORIENTED_EDGE('',*,*,#4505,.F.);
#3004=ORIENTED_EDGE('',*,*,#4454,.F.);
#3005=ORIENTED_EDGE('',*,*,#4443,.F.);
#3006=ORIENTED_EDGE('',*,*,#4430,.F.);
#3007=ORIENTED_EDGE('',*,*,#4518,.F.);
#3008=ORIENTED_EDGE('',*,*,#4457,.F.);
#3009=ORIENTED_EDGE('',*,*,#4524,.F.);
#3010=ORIENTED_EDGE('',*,*,#4439,.F.);
#3011=ORIENTED_EDGE('',*,*,#4492,.F.);
#3012=ORIENTED_EDGE('',*,*,#4449,.F.);
#3013=ORIENTED_EDGE('',*,*,#4495,.F.);
#3014=ORIENTED_EDGE('',*,*,#4408,.F.);
#3015=ORIENTED_EDGE('',*,*,#4503,.F.);
#3016=ORIENTED_EDGE('',*,*,#4478,.F.);
#3017=ORIENTED_EDGE('',*,*,#4504,.F.);
#3018=ORIENTED_EDGE('',*,*,#4412,.F.);
#3019=ORIENTED_EDGE('',*,*,#4441,.F.);
#3020=ORIENTED_EDGE('',*,*,#4475,.F.);
#3021=ORIENTED_EDGE('',*,*,#4514,.F.);
#3022=ORIENTED_EDGE('',*,*,#4404,.F.);
#3023=ORIENTED_EDGE('',*,*,#4393,.F.);
#3024=ORIENTED_EDGE('',*,*,#4482,.F.);
#3025=ORIENTED_EDGE('',*,*,#4501,.F.);
#3026=ORIENTED_EDGE('',*,*,#4406,.F.);
#3027=ORIENTED_EDGE('',*,*,#4500,.F.);
#3028=ORIENTED_EDGE('',*,*,#4480,.F.);
#3029=ORIENTED_EDGE('',*,*,#4502,.F.);
#3030=ORIENTED_EDGE('',*,*,#4400,.F.);
#3031=ORIENTED_EDGE('',*,*,#4499,.F.);
#3032=ORIENTED_EDGE('',*,*,#4486,.F.);
#3033=ORIENTED_EDGE('',*,*,#4389,.F.);
#3034=ORIENTED_EDGE('',*,*,#4398,.F.);
#3035=ORIENTED_EDGE('',*,*,#4497,.F.);
#3036=ORIENTED_EDGE('',*,*,#4488,.F.);
#3037=ORIENTED_EDGE('',*,*,#4498,.F.);
#3038=ORIENTED_EDGE('',*,*,#4396,.F.);
#3039=ORIENTED_EDGE('',*,*,#4494,.F.);
#3040=ORIENTED_EDGE('',*,*,#4447,.F.);
#3041=ORIENTED_EDGE('',*,*,#4496,.F.);
#3042=ORIENTED_EDGE('',*,*,#4526,.T.);
#3043=ORIENTED_EDGE('',*,*,#4527,.T.);
#3044=ORIENTED_EDGE('',*,*,#4528,.T.);
#3045=ORIENTED_EDGE('',*,*,#4529,.T.);
#3046=ORIENTED_EDGE('',*,*,#4530,.F.);
#3047=ORIENTED_EDGE('',*,*,#4531,.F.);
#3048=ORIENTED_EDGE('',*,*,#4532,.T.);
#3049=ORIENTED_EDGE('',*,*,#4533,.T.);
#3050=ORIENTED_EDGE('',*,*,#4534,.F.);
#3051=ORIENTED_EDGE('',*,*,#4535,.F.);
#3052=ORIENTED_EDGE('',*,*,#4536,.T.);
#3053=ORIENTED_EDGE('',*,*,#4537,.T.);
#3054=ORIENTED_EDGE('',*,*,#4538,.F.);
#3055=ORIENTED_EDGE('',*,*,#4539,.F.);
#3056=ORIENTED_EDGE('',*,*,#4540,.T.);
#3057=ORIENTED_EDGE('',*,*,#4531,.T.);
#3058=ORIENTED_EDGE('',*,*,#4541,.F.);
#3059=ORIENTED_EDGE('',*,*,#4542,.F.);
#3060=ORIENTED_EDGE('',*,*,#4543,.T.);
#3061=ORIENTED_EDGE('',*,*,#4535,.T.);
#3062=ORIENTED_EDGE('',*,*,#4544,.F.);
#3063=ORIENTED_EDGE('',*,*,#4545,.F.);
#3064=ORIENTED_EDGE('',*,*,#4546,.T.);
#3065=ORIENTED_EDGE('',*,*,#4539,.T.);
#3066=ORIENTED_EDGE('',*,*,#4547,.F.);
#3067=ORIENTED_EDGE('',*,*,#4548,.F.);
#3068=ORIENTED_EDGE('',*,*,#4549,.T.);
#3069=ORIENTED_EDGE('',*,*,#4542,.T.);
#3070=ORIENTED_EDGE('',*,*,#4550,.F.);
#3071=ORIENTED_EDGE('',*,*,#4402,.F.);
#3072=ORIENTED_EDGE('',*,*,#4551,.T.);
#3073=ORIENTED_EDGE('',*,*,#4545,.T.);
#3074=ORIENTED_EDGE('',*,*,#4552,.F.);
#3075=ORIENTED_EDGE('',*,*,#4484,.F.);
#3076=ORIENTED_EDGE('',*,*,#4553,.T.);
#3077=ORIENTED_EDGE('',*,*,#4548,.T.);
#3078=ORIENTED_EDGE('',*,*,#4530,.T.);
#3079=ORIENTED_EDGE('',*,*,#4554,.T.);
#3080=ORIENTED_EDGE('',*,*,#4536,.F.);
#3081=ORIENTED_EDGE('',*,*,#4543,.F.);
#3082=ORIENTED_EDGE('',*,*,#4549,.F.);
#3083=ORIENTED_EDGE('',*,*,#4553,.F.);
#3084=ORIENTED_EDGE('',*,*,#4483,.F.);
#3085=ORIENTED_EDGE('',*,*,#4391,.F.);
#3086=ORIENTED_EDGE('',*,*,#4403,.T.);
#3087=ORIENTED_EDGE('',*,*,#4550,.T.);
#3088=ORIENTED_EDGE('',*,*,#4544,.T.);
#3089=ORIENTED_EDGE('',*,*,#4538,.T.);
#3090=ORIENTED_EDGE('',*,*,#4534,.T.);
#3091=ORIENTED_EDGE('',*,*,#4555,.T.);
#3092=ORIENTED_EDGE('',*,*,#4526,.F.);
#3093=ORIENTED_EDGE('',*,*,#4540,.F.);
#3094=ORIENTED_EDGE('',*,*,#4546,.F.);
#3095=ORIENTED_EDGE('',*,*,#4551,.F.);
#3096=ORIENTED_EDGE('',*,*,#4401,.F.);
#3097=ORIENTED_EDGE('',*,*,#4387,.F.);
#3098=ORIENTED_EDGE('',*,*,#4485,.T.);
#3099=ORIENTED_EDGE('',*,*,#4552,.T.);
#3100=ORIENTED_EDGE('',*,*,#4547,.T.);
#3101=ORIENTED_EDGE('',*,*,#4541,.T.);
#3102=ORIENTED_EDGE('',*,*,#4528,.F.);
#3103=ORIENTED_EDGE('',*,*,#4556,.T.);
#3104=ORIENTED_EDGE('',*,*,#4532,.F.);
#3105=ORIENTED_EDGE('',*,*,#4557,.T.);
#3106=ORIENTED_EDGE('',*,*,#4533,.F.);
#3107=ORIENTED_EDGE('',*,*,#4556,.F.);
#3108=ORIENTED_EDGE('',*,*,#4527,.F.);
#3109=ORIENTED_EDGE('',*,*,#4555,.F.);
#3110=ORIENTED_EDGE('',*,*,#4529,.F.);
#3111=ORIENTED_EDGE('',*,*,#4557,.F.);
#3112=ORIENTED_EDGE('',*,*,#4537,.F.);
#3113=ORIENTED_EDGE('',*,*,#4554,.F.);
#3114=EDGE_CURVE('',#4558,#4559,#5488,.T.);
#3115=EDGE_CURVE('',#4558,#4560,#5489,.T.);
#3116=EDGE_CURVE('',#4561,#4560,#5490,.T.);
#3117=EDGE_CURVE('',#4561,#4562,#5491,.T.);
#3118=EDGE_CURVE('',#4563,#4562,#5492,.T.);
#3119=EDGE_CURVE('',#4563,#4564,#5493,.T.);
#3120=EDGE_CURVE('',#4565,#4564,#5494,.T.);
#3121=EDGE_CURVE('',#4565,#4566,#5495,.T.);
#3122=EDGE_CURVE('',#4567,#4566,#5496,.T.);
#3123=EDGE_CURVE('',#4567,#4568,#5497,.T.);
#3124=EDGE_CURVE('',#4569,#4568,#5498,.T.);
#3125=EDGE_CURVE('',#4569,#4570,#5499,.T.);
#3126=EDGE_CURVE('',#4571,#4570,#5500,.T.);
#3127=EDGE_CURVE('',#4571,#4572,#5501,.T.);
#3128=EDGE_CURVE('',#4573,#4572,#5502,.T.);
#3129=EDGE_CURVE('',#4573,#4574,#5503,.T.);
#3130=EDGE_CURVE('',#4575,#4574,#5504,.T.);
#3131=EDGE_CURVE('',#4575,#4576,#5505,.T.);
#3132=EDGE_CURVE('',#4577,#4576,#5506,.T.);
#3133=EDGE_CURVE('',#4577,#4578,#5507,.T.);
#3134=EDGE_CURVE('',#4579,#4578,#5508,.T.);
#3135=EDGE_CURVE('',#4579,#4580,#5509,.T.);
#3136=EDGE_CURVE('',#4581,#4580,#5510,.T.);
#3137=EDGE_CURVE('',#4581,#4582,#5511,.T.);
#3138=EDGE_CURVE('',#4583,#4582,#5512,.T.);
#3139=EDGE_CURVE('',#4584,#4583,#5513,.T.);
#3140=EDGE_CURVE('',#4585,#4584,#5514,.T.);
#3141=EDGE_CURVE('',#4585,#4586,#5515,.T.);
#3142=EDGE_CURVE('',#4587,#4586,#5516,.T.);
#3143=EDGE_CURVE('',#4587,#4588,#5517,.T.);
#3144=EDGE_CURVE('',#4589,#4588,#5518,.T.);
#3145=EDGE_CURVE('',#4589,#4590,#5519,.T.);
#3146=EDGE_CURVE('',#4591,#4590,#5520,.T.);
#3147=EDGE_CURVE('',#4591,#4592,#5521,.T.);
#3148=EDGE_CURVE('',#4593,#4592,#5522,.T.);
#3149=EDGE_CURVE('',#4593,#4594,#5523,.T.);
#3150=EDGE_CURVE('',#4595,#4594,#5524,.T.);
#3151=EDGE_CURVE('',#4595,#4596,#5525,.T.);
#3152=EDGE_CURVE('',#4597,#4596,#5526,.T.);
#3153=EDGE_CURVE('',#4597,#4598,#5527,.T.);
#3154=EDGE_CURVE('',#4599,#4598,#5528,.T.);
#3155=EDGE_CURVE('',#4599,#4600,#5529,.T.);
#3156=EDGE_CURVE('',#4601,#4600,#5530,.T.);
#3157=EDGE_CURVE('',#4601,#4602,#5531,.T.);
#3158=EDGE_CURVE('',#4603,#4602,#5532,.T.);
#3159=EDGE_CURVE('',#4603,#4604,#5533,.T.);
#3160=EDGE_CURVE('',#4605,#4604,#5534,.T.);
#3161=EDGE_CURVE('',#4605,#4606,#5535,.T.);
#3162=EDGE_CURVE('',#4607,#4606,#5536,.T.);
#3163=EDGE_CURVE('',#4607,#4608,#5537,.T.);
#3164=EDGE_CURVE('',#4609,#4608,#5538,.T.);
#3165=EDGE_CURVE('',#4610,#4609,#5539,.T.);
#3166=EDGE_CURVE('',#4611,#4610,#5540,.T.);
#3167=EDGE_CURVE('',#4612,#4611,#5541,.T.);
#3168=EDGE_CURVE('',#4613,#4612,#5542,.T.);
#3169=EDGE_CURVE('',#4614,#4613,#5543,.T.);
#3170=EDGE_CURVE('',#4615,#4614,#5544,.T.);
#3171=EDGE_CURVE('',#4559,#4615,#5545,.T.);
#3172=EDGE_CURVE('',#4616,#4617,#5546,.T.);
#3173=EDGE_CURVE('',#4617,#4618,#5547,.T.);
#3174=EDGE_CURVE('',#4619,#4618,#5548,.T.);
#3175=EDGE_CURVE('',#4619,#4616,#5549,.T.);
#3176=EDGE_CURVE('',#4620,#4621,#5550,.T.);
#3177=EDGE_CURVE('',#4620,#4622,#5551,.T.);
#3178=EDGE_CURVE('',#4560,#4622,#5552,.T.);
#3179=EDGE_CURVE('',#4560,#4623,#5553,.T.);
#3180=EDGE_CURVE('',#4623,#4624,#5554,.T.);
#3181=EDGE_CURVE('',#4625,#4624,#5555,.T.);
#3182=EDGE_CURVE('',#4625,#4626,#5556,.T.);
#3183=EDGE_CURVE('',#4626,#4627,#5557,.T.);
#3184=EDGE_CURVE('',#4627,#4628,#5558,.T.);
#3185=EDGE_CURVE('',#4628,#4629,#5559,.T.);
#3186=EDGE_CURVE('',#4621,#4629,#5560,.T.);
#3187=EDGE_CURVE('',#4630,#4558,#5561,.T.);
#3188=EDGE_CURVE('',#4630,#4631,#5562,.T.);
#3189=EDGE_CURVE('',#4632,#4631,#5563,.T.);
#3190=EDGE_CURVE('',#4633,#4632,#5564,.T.);
#3191=EDGE_CURVE('',#4633,#4634,#5565,.T.);
#3192=EDGE_CURVE('',#4634,#4635,#5566,.T.);
#3193=EDGE_CURVE('',#4636,#4635,#5567,.T.);
#3194=EDGE_CURVE('',#4637,#4636,#5568,.T.);
#3195=EDGE_CURVE('',#4637,#4638,#5569,.T.);
#3196=EDGE_CURVE('',#4638,#4639,#5570,.T.);
#3197=EDGE_CURVE('',#4558,#4639,#5571,.T.);
#3198=EDGE_CURVE('',#4640,#4641,#5572,.T.);
#3199=EDGE_CURVE('',#4641,#4642,#5573,.T.);
#3200=EDGE_CURVE('',#4562,#4642,#5574,.T.);
#3201=EDGE_CURVE('',#4562,#4643,#5575,.T.);
#3202=EDGE_CURVE('',#4643,#4640,#5576,.T.);
#3203=EDGE_CURVE('',#4644,#4561,#5577,.T.);
#3204=EDGE_CURVE('',#4644,#4645,#5578,.T.);
#3205=EDGE_CURVE('',#4645,#4646,#5579,.T.);
#3206=EDGE_CURVE('',#4646,#4647,#5580,.T.);
#3207=EDGE_CURVE('',#4561,#4647,#5581,.T.);
#3208=EDGE_CURVE('',#4648,#4649,#5582,.T.);
#3209=EDGE_CURVE('',#4649,#4650,#5583,.T.);
#3210=EDGE_CURVE('',#4650,#4651,#5584,.T.);
#3211=EDGE_CURVE('',#4651,#4652,#5585,.T.);
#3212=EDGE_CURVE('',#4652,#4648,#5586,.T.);
#3213=EDGE_CURVE('',#4653,#4654,#5587,.T.);
#3214=EDGE_CURVE('',#4654,#4655,#5588,.T.);
#3215=EDGE_CURVE('',#4655,#4656,#5589,.T.);
#3216=EDGE_CURVE('',#4656,#4657,#5590,.T.);
#3217=EDGE_CURVE('',#4657,#4653,#5591,.T.);
#3218=EDGE_CURVE('',#4650,#4658,#5592,.T.);
#3219=EDGE_CURVE('',#4605,#4658,#5593,.T.);
#3220=EDGE_CURVE('',#4659,#4604,#5594,.T.);
#3221=EDGE_CURVE('',#4659,#4651,#5595,.T.);
#3222=EDGE_CURVE('',#4660,#4606,#5596,.T.);
#3223=EDGE_CURVE('',#4660,#4654,#5597,.T.);
#3224=EDGE_CURVE('',#4653,#4661,#5598,.T.);
#3225=EDGE_CURVE('',#4607,#4661,#5599,.T.);
#3226=EDGE_CURVE('',#4662,#4663,#5600,.T.);
#3227=EDGE_CURVE('',#4664,#4663,#5601,.T.);
#3228=EDGE_CURVE('',#4665,#4664,#5602,.T.);
#3229=EDGE_CURVE('',#4665,#4666,#5603,.T.);
#3230=EDGE_CURVE('',#4666,#4667,#5604,.T.);
#3231=EDGE_CURVE('',#4667,#4662,#5605,.T.);
#3232=EDGE_CURVE('',#4668,#4669,#5606,.T.);
#3233=EDGE_CURVE('',#4668,#4670,#5607,.T.);
#3234=EDGE_CURVE('',#4670,#4671,#5608,.T.);
#3235=EDGE_CURVE('',#4671,#4621,#5609,.T.);
#3236=EDGE_CURVE('',#4629,#4669,#5610,.T.);
#3237=EDGE_CURVE('',#4672,#4663,#5611,.T.);
#3238=EDGE_CURVE('',#4672,#4649,#5612,.T.);
#3239=EDGE_CURVE('',#4648,#4664,#5613,.T.);
#3240=EDGE_CURVE('',#4655,#4673,#5614,.T.);
#3241=EDGE_CURVE('',#4668,#4673,#5615,.T.);
#3242=EDGE_CURVE('',#4669,#4656,#5616,.T.);
#3243=EDGE_CURVE('',#4674,#4675,#5617,.T.);
#3244=EDGE_CURVE('',#4675,#4676,#5618,.T.);
#3245=EDGE_CURVE('',#4676,#4677,#5619,.T.);
#3246=EDGE_CURVE('',#4678,#4677,#5620,.T.);
#3247=EDGE_CURVE('',#4678,#4674,#5621,.T.);
#3248=EDGE_CURVE('',#4642,#4675,#5622,.T.);
#3249=EDGE_CURVE('',#4674,#4679,#5623,.T.);
#3250=EDGE_CURVE('',#4679,#4563,#5624,.T.);
#3251=EDGE_CURVE('',#4677,#4667,#5625,.T.);
#3252=EDGE_CURVE('',#4666,#4680,#5626,.T.);
#3253=EDGE_CURVE('',#4680,#4678,#5627,.T.);
#3254=EDGE_CURVE('',#4681,#4682,#5628,.T.);
#3255=EDGE_CURVE('',#4682,#4683,#5629,.T.);
#3256=EDGE_CURVE('',#4683,#4684,#5630,.T.);
#3257=EDGE_CURVE('',#4684,#4685,#5631,.T.);
#3258=EDGE_CURVE('',#4685,#4681,#5632,.T.);
#3259=EDGE_CURVE('',#4686,#4608,#5633,.T.);
#3260=EDGE_CURVE('',#4686,#4682,#5634,.T.);
#3261=EDGE_CURVE('',#4681,#4609,#5635,.T.);
#3262=EDGE_CURVE('',#4633,#4687,#5636,.T.);
#3263=EDGE_CURVE('',#4632,#4688,#5637,.T.);
#3264=EDGE_CURVE('',#4688,#4689,#5638,.T.);
#3265=EDGE_CURVE('',#4687,#4689,#5639,.T.);
#3266=EDGE_CURVE('',#4684,#4687,#5640,.T.);
#3267=EDGE_CURVE('',#4689,#4685,#5641,.T.);
#3268=EDGE_CURVE('',#4690,#4691,#5642,.T.);
#3269=EDGE_CURVE('',#4690,#4692,#5643,.T.);
#3270=EDGE_CURVE('',#4692,#4693,#5644,.T.);
#3271=EDGE_CURVE('',#4693,#4694,#5645,.T.);
#3272=EDGE_CURVE('',#4691,#4694,#5646,.T.);
#3273=EDGE_CURVE('',#4692,#4644,#5647,.T.);
#3274=EDGE_CURVE('',#4622,#4693,#5648,.T.);
#3275=EDGE_CURVE('',#4694,#4620,#5649,.T.);
#3276=EDGE_CURVE('',#4671,#4691,#5650,.T.);
#3277=EDGE_CURVE('',#4625,#4637,#5651,.T.);
#3278=EDGE_CURVE('',#4636,#4626,#5652,.T.);
#3279=EDGE_CURVE('',#4695,#4696,#5653,.T.);
#3280=EDGE_CURVE('',#4696,#4697,#5654,.T.);
#3281=EDGE_CURVE('',#4698,#4697,#5655,.T.);
#3282=EDGE_CURVE('',#4698,#4695,#5656,.T.);
#3283=EDGE_CURVE('',#4699,#4700,#5657,.T.);
#3284=EDGE_CURVE('',#4699,#4701,#5658,.T.);
#3285=EDGE_CURVE('',#4564,#4701,#5659,.T.);
#3286=EDGE_CURVE('',#4564,#4702,#5660,.T.);
#3287=EDGE_CURVE('',#4702,#4703,#5661,.T.);
#3288=EDGE_CURVE('',#4704,#4703,#5662,.T.);
#3289=EDGE_CURVE('',#4704,#4705,#5663,.T.);
#3290=EDGE_CURVE('',#4705,#4706,#5664,.T.);
#3291=EDGE_CURVE('',#4706,#4707,#5665,.T.);
#3292=EDGE_CURVE('',#4707,#4708,#5666,.T.);
#3293=EDGE_CURVE('',#4700,#4708,#5667,.T.);
#3294=EDGE_CURVE('',#4679,#4680,#5668,.T.);
#3295=EDGE_CURVE('',#4665,#4709,#5669,.T.);
#3296=EDGE_CURVE('',#4709,#4710,#5670,.T.);
#3297=EDGE_CURVE('',#4711,#4710,#5671,.T.);
#3298=EDGE_CURVE('',#4712,#4711,#5672,.T.);
#3299=EDGE_CURVE('',#4712,#4713,#5673,.T.);
#3300=EDGE_CURVE('',#4713,#4714,#5674,.T.);
#3301=EDGE_CURVE('',#4563,#4714,#5675,.T.);
#3302=EDGE_CURVE('',#4715,#4716,#5676,.T.);
#3303=EDGE_CURVE('',#4716,#4717,#5677,.T.);
#3304=EDGE_CURVE('',#4566,#4717,#5678,.T.);
#3305=EDGE_CURVE('',#4566,#4718,#5679,.T.);
#3306=EDGE_CURVE('',#4718,#4715,#5680,.T.);
#3307=EDGE_CURVE('',#4719,#4565,#5681,.T.);
#3308=EDGE_CURVE('',#4719,#4720,#5682,.T.);
#3309=EDGE_CURVE('',#4720,#4721,#5683,.T.);
#3310=EDGE_CURVE('',#4721,#4722,#5684,.T.);
#3311=EDGE_CURVE('',#4565,#4722,#5685,.T.);
#3312=EDGE_CURVE('',#4723,#4724,#5686,.T.);
#3313=EDGE_CURVE('',#4724,#4725,#5687,.T.);
#3314=EDGE_CURVE('',#4725,#4726,#5688,.T.);
#3315=EDGE_CURVE('',#4726,#4727,#5689,.T.);
#3316=EDGE_CURVE('',#4727,#4723,#5690,.T.);
#3317=EDGE_CURVE('',#4728,#4729,#5691,.T.);
#3318=EDGE_CURVE('',#4729,#4730,#5692,.T.);
#3319=EDGE_CURVE('',#4730,#4731,#5693,.T.);
#3320=EDGE_CURVE('',#4731,#4732,#5694,.T.);
#3321=EDGE_CURVE('',#4732,#4728,#5695,.T.);
#3322=EDGE_CURVE('',#4725,#4733,#5696,.T.);
#3323=EDGE_CURVE('',#4601,#4733,#5697,.T.);
#3324=EDGE_CURVE('',#4734,#4600,#5698,.T.);
#3325=EDGE_CURVE('',#4734,#4726,#5699,.T.);
#3326=EDGE_CURVE('',#4735,#4602,#5700,.T.);
#3327=EDGE_CURVE('',#4735,#4729,#5701,.T.);
#3328=EDGE_CURVE('',#4728,#4736,#5702,.T.);
#3329=EDGE_CURVE('',#4603,#4736,#5703,.T.);
#3330=EDGE_CURVE('',#4737,#4738,#5704,.T.);
#3331=EDGE_CURVE('',#4739,#4738,#5705,.T.);
#3332=EDGE_CURVE('',#4740,#4739,#5706,.T.);
#3333=EDGE_CURVE('',#4740,#4741,#5707,.T.);
#3334=EDGE_CURVE('',#4741,#4742,#5708,.T.);
#3335=EDGE_CURVE('',#4742,#4737,#5709,.T.);
#3336=EDGE_CURVE('',#4743,#4744,#5710,.T.);
#3337=EDGE_CURVE('',#4743,#4745,#5711,.T.);
#3338=EDGE_CURVE('',#4745,#4746,#5712,.T.);
#3339=EDGE_CURVE('',#4746,#4700,#5713,.T.);
#3340=EDGE_CURVE('',#4708,#4744,#5714,.T.);
#3341=EDGE_CURVE('',#4747,#4738,#5715,.T.);
#3342=EDGE_CURVE('',#4747,#4724,#5716,.T.);
#3343=EDGE_CURVE('',#4723,#4739,#5717,.T.);
#3344=EDGE_CURVE('',#4730,#4748,#5718,.T.);
#3345=EDGE_CURVE('',#4743,#4748,#5719,.T.);
#3346=EDGE_CURVE('',#4744,#4731,#5720,.T.);
#3347=EDGE_CURVE('',#4749,#4750,#5721,.T.);
#3348=EDGE_CURVE('',#4750,#4751,#5722,.T.);
#3349=EDGE_CURVE('',#4751,#4752,#5723,.T.);
#3350=EDGE_CURVE('',#4753,#4752,#5724,.T.);
#3351=EDGE_CURVE('',#4753,#4749,#5725,.T.);
#3352=EDGE_CURVE('',#4717,#4750,#5726,.T.);
#3353=EDGE_CURVE('',#4749,#4754,#5727,.T.);
#3354=EDGE_CURVE('',#4754,#4567,#5728,.T.);
#3355=EDGE_CURVE('',#4752,#4742,#5729,.T.);
#3356=EDGE_CURVE('',#4741,#4755,#5730,.T.);
#3357=EDGE_CURVE('',#4755,#4753,#5731,.T.);
#3358=EDGE_CURVE('',#4756,#4757,#5732,.T.);
#3359=EDGE_CURVE('',#4756,#4758,#5733,.T.);
#3360=EDGE_CURVE('',#4758,#4759,#5734,.T.);
#3361=EDGE_CURVE('',#4759,#4760,#5735,.T.);
#3362=EDGE_CURVE('',#4757,#4760,#5736,.T.);
#3363=EDGE_CURVE('',#4758,#4719,#5737,.T.);
#3364=EDGE_CURVE('',#4701,#4759,#5738,.T.);
#3365=EDGE_CURVE('',#4760,#4699,#5739,.T.);
#3366=EDGE_CURVE('',#4746,#4757,#5740,.T.);
#3367=EDGE_CURVE('',#4704,#4712,#5741,.T.);
#3368=EDGE_CURVE('',#4711,#4705,#5742,.T.);
#3369=EDGE_CURVE('',#4761,#4762,#5743,.T.);
#3370=EDGE_CURVE('',#4762,#4763,#5744,.T.);
#3371=EDGE_CURVE('',#4764,#4763,#5745,.T.);
#3372=EDGE_CURVE('',#4764,#4761,#5746,.T.);
#3373=EDGE_CURVE('',#4765,#4766,#5747,.T.);
#3374=EDGE_CURVE('',#4765,#4767,#5748,.T.);
#3375=EDGE_CURVE('',#4568,#4767,#5749,.T.);
#3376=EDGE_CURVE('',#4568,#4768,#5750,.T.);
#3377=EDGE_CURVE('',#4768,#4769,#5751,.T.);
#3378=EDGE_CURVE('',#4770,#4769,#5752,.T.);
#3379=EDGE_CURVE('',#4770,#4771,#5753,.T.);
#3380=EDGE_CURVE('',#4771,#4772,#5754,.T.);
#3381=EDGE_CURVE('',#4772,#4773,#5755,.T.);
#3382=EDGE_CURVE('',#4773,#4774,#5756,.T.);
#3383=EDGE_CURVE('',#4766,#4774,#5757,.T.);
#3384=EDGE_CURVE('',#4754,#4755,#5758,.T.);
#3385=EDGE_CURVE('',#4740,#4775,#5759,.T.);
#3386=EDGE_CURVE('',#4775,#4776,#5760,.T.);
#3387=EDGE_CURVE('',#4777,#4776,#5761,.T.);
#3388=EDGE_CURVE('',#4778,#4777,#5762,.T.);
#3389=EDGE_CURVE('',#4778,#4779,#5763,.T.);
#3390=EDGE_CURVE('',#4779,#4780,#5764,.T.);
#3391=EDGE_CURVE('',#4567,#4780,#5765,.T.);
#3392=EDGE_CURVE('',#4781,#4782,#5766,.T.);
#3393=EDGE_CURVE('',#4782,#4783,#5767,.T.);
#3394=EDGE_CURVE('',#4570,#4783,#5768,.T.);
#3395=EDGE_CURVE('',#4570,#4784,#5769,.T.);
#3396=EDGE_CURVE('',#4784,#4781,#5770,.T.);
#3397=EDGE_CURVE('',#4785,#4569,#5771,.T.);
#3398=EDGE_CURVE('',#4785,#4786,#5772,.T.);
#3399=EDGE_CURVE('',#4786,#4787,#5773,.T.);
#3400=EDGE_CURVE('',#4787,#4788,#5774,.T.);
#3401=EDGE_CURVE('',#4569,#4788,#5775,.T.);
#3402=EDGE_CURVE('',#4789,#4790,#5776,.T.);
#3403=EDGE_CURVE('',#4790,#4791,#5777,.T.);
#3404=EDGE_CURVE('',#4791,#4792,#5778,.T.);
#3405=EDGE_CURVE('',#4792,#4793,#5779,.T.);
#3406=EDGE_CURVE('',#4793,#4789,#5780,.T.);
#3407=EDGE_CURVE('',#4794,#4795,#5781,.T.);
#3408=EDGE_CURVE('',#4795,#4796,#5782,.T.);
#3409=EDGE_CURVE('',#4796,#4797,#5783,.T.);
#3410=EDGE_CURVE('',#4797,#4798,#5784,.T.);
#3411=EDGE_CURVE('',#4798,#4794,#5785,.T.);
#3412=EDGE_CURVE('',#4791,#4799,#5786,.T.);
#3413=EDGE_CURVE('',#4597,#4799,#5787,.T.);
#3414=EDGE_CURVE('',#4800,#4596,#5788,.T.);
#3415=EDGE_CURVE('',#4800,#4792,#5789,.T.);
#3416=EDGE_CURVE('',#4801,#4598,#5790,.T.);
#3417=EDGE_CURVE('',#4801,#4795,#5791,.T.);
#3418=EDGE_CURVE('',#4794,#4802,#5792,.T.);
#3419=EDGE_CURVE('',#4599,#4802,#5793,.T.);
#3420=EDGE_CURVE('',#4803,#4804,#5794,.T.);
#3421=EDGE_CURVE('',#4805,#4804,#5795,.T.);
#3422=EDGE_CURVE('',#4806,#4805,#5796,.T.);
#3423=EDGE_CURVE('',#4806,#4807,#5797,.T.);
#3424=EDGE_CURVE('',#4807,#4808,#5798,.T.);
#3425=EDGE_CURVE('',#4808,#4803,#5799,.T.);
#3426=EDGE_CURVE('',#4809,#4810,#5800,.T.);
#3427=EDGE_CURVE('',#4809,#4811,#5801,.T.);
#3428=EDGE_CURVE('',#4811,#4812,#5802,.T.);
#3429=EDGE_CURVE('',#4812,#4766,#5803,.T.);
#3430=EDGE_CURVE('',#4774,#4810,#5804,.T.);
#3431=EDGE_CURVE('',#4813,#4804,#5805,.T.);
#3432=EDGE_CURVE('',#4813,#4790,#5806,.T.);
#3433=EDGE_CURVE('',#4789,#4805,#5807,.T.);
#3434=EDGE_CURVE('',#4796,#4814,#5808,.T.);
#3435=EDGE_CURVE('',#4809,#4814,#5809,.T.);
#3436=EDGE_CURVE('',#4810,#4797,#5810,.T.);
#3437=EDGE_CURVE('',#4815,#4816,#5811,.T.);
#3438=EDGE_CURVE('',#4816,#4817,#5812,.T.);
#3439=EDGE_CURVE('',#4817,#4818,#5813,.T.);
#3440=EDGE_CURVE('',#4819,#4818,#5814,.T.);
#3441=EDGE_CURVE('',#4819,#4815,#5815,.T.);
#3442=EDGE_CURVE('',#4783,#4816,#5816,.T.);
#3443=EDGE_CURVE('',#4815,#4820,#5817,.T.);
#3444=EDGE_CURVE('',#4820,#4571,#5818,.T.);
#3445=EDGE_CURVE('',#4818,#4808,#5819,.T.);
#3446=EDGE_CURVE('',#4807,#4821,#5820,.T.);
#3447=EDGE_CURVE('',#4821,#4819,#5821,.T.);
#3448=EDGE_CURVE('',#4822,#4823,#5822,.T.);
#3449=EDGE_CURVE('',#4822,#4824,#5823,.T.);
#3450=EDGE_CURVE('',#4824,#4825,#5824,.T.);
#3451=EDGE_CURVE('',#4825,#4826,#5825,.T.);
#3452=EDGE_CURVE('',#4823,#4826,#5826,.T.);
#3453=EDGE_CURVE('',#4824,#4785,#5827,.T.);
#3454=EDGE_CURVE('',#4767,#4825,#5828,.T.);
#3455=EDGE_CURVE('',#4826,#4765,#5829,.T.);
#3456=EDGE_CURVE('',#4812,#4823,#5830,.T.);
#3457=EDGE_CURVE('',#4770,#4778,#5831,.T.);
#3458=EDGE_CURVE('',#4777,#4771,#5832,.T.);
#3459=EDGE_CURVE('',#4827,#4828,#5833,.T.);
#3460=EDGE_CURVE('',#4828,#4829,#5834,.T.);
#3461=EDGE_CURVE('',#4830,#4829,#5835,.T.);
#3462=EDGE_CURVE('',#4830,#4827,#5836,.T.);
#3463=EDGE_CURVE('',#4831,#4832,#5837,.T.);
#3464=EDGE_CURVE('',#4831,#4833,#5838,.T.);
#3465=EDGE_CURVE('',#4572,#4833,#5839,.T.);
#3466=EDGE_CURVE('',#4572,#4834,#5840,.T.);
#3467=EDGE_CURVE('',#4834,#4835,#5841,.T.);
#3468=EDGE_CURVE('',#4836,#4835,#5842,.T.);
#3469=EDGE_CURVE('',#4836,#4837,#5843,.T.);
#3470=EDGE_CURVE('',#4837,#4838,#5844,.T.);
#3471=EDGE_CURVE('',#4838,#4839,#5845,.T.);
#3472=EDGE_CURVE('',#4839,#4840,#5846,.T.);
#3473=EDGE_CURVE('',#4832,#4840,#5847,.T.);
#3474=EDGE_CURVE('',#4820,#4821,#5848,.T.);
#3475=EDGE_CURVE('',#4806,#4841,#5849,.T.);
#3476=EDGE_CURVE('',#4841,#4842,#5850,.T.);
#3477=EDGE_CURVE('',#4843,#4842,#5851,.T.);
#3478=EDGE_CURVE('',#4844,#4843,#5852,.T.);
#3479=EDGE_CURVE('',#4844,#4845,#5853,.T.);
#3480=EDGE_CURVE('',#4845,#4846,#5854,.T.);
#3481=EDGE_CURVE('',#4571,#4846,#5855,.T.);
#3482=EDGE_CURVE('',#4847,#4848,#5856,.T.);
#3483=EDGE_CURVE('',#4848,#4849,#5857,.T.);
#3484=EDGE_CURVE('',#4574,#4849,#5858,.T.);
#3485=EDGE_CURVE('',#4574,#4850,#5859,.T.);
#3486=EDGE_CURVE('',#4850,#4847,#5860,.T.);
#3487=EDGE_CURVE('',#4851,#4573,#5861,.T.);
#3488=EDGE_CURVE('',#4851,#4852,#5862,.T.);
#3489=EDGE_CURVE('',#4852,#4853,#5863,.T.);
#3490=EDGE_CURVE('',#4853,#4854,#5864,.T.);
#3491=EDGE_CURVE('',#4573,#4854,#5865,.T.);
#3492=EDGE_CURVE('',#4855,#4856,#5866,.T.);
#3493=EDGE_CURVE('',#4856,#4857,#5867,.T.);
#3494=EDGE_CURVE('',#4857,#4858,#5868,.T.);
#3495=EDGE_CURVE('',#4858,#4859,#5869,.T.);
#3496=EDGE_CURVE('',#4859,#4855,#5870,.T.);
#3497=EDGE_CURVE('',#4860,#4861,#5871,.T.);
#3498=EDGE_CURVE('',#4861,#4862,#5872,.T.);
#3499=EDGE_CURVE('',#4862,#4863,#5873,.T.);
#3500=EDGE_CURVE('',#4863,#4864,#5874,.T.);
#3501=EDGE_CURVE('',#4864,#4860,#5875,.T.);
#3502=EDGE_CURVE('',#4857,#4865,#5876,.T.);
#3503=EDGE_CURVE('',#4593,#4865,#5877,.T.);
#3504=EDGE_CURVE('',#4866,#4592,#5878,.T.);
#3505=EDGE_CURVE('',#4866,#4858,#5879,.T.);
#3506=EDGE_CURVE('',#4867,#4594,#5880,.T.);
#3507=EDGE_CURVE('',#4867,#4861,#5881,.T.);
#3508=EDGE_CURVE('',#4860,#4868,#5882,.T.);
#3509=EDGE_CURVE('',#4595,#4868,#5883,.T.);
#3510=EDGE_CURVE('',#4869,#4870,#5884,.T.);
#3511=EDGE_CURVE('',#4871,#4870,#5885,.T.);
#3512=EDGE_CURVE('',#4872,#4871,#5886,.T.);
#3513=EDGE_CURVE('',#4872,#4873,#5887,.T.);
#3514=EDGE_CURVE('',#4873,#4874,#5888,.T.);
#3515=EDGE_CURVE('',#4874,#4869,#5889,.T.);
#3516=EDGE_CURVE('',#4875,#4876,#5890,.T.);
#3517=EDGE_CURVE('',#4875,#4877,#5891,.T.);
#3518=EDGE_CURVE('',#4877,#4878,#5892,.T.);
#3519=EDGE_CURVE('',#4878,#4832,#5893,.T.);
#3520=EDGE_CURVE('',#4840,#4876,#5894,.T.);
#3521=EDGE_CURVE('',#4879,#4870,#5895,.T.);
#3522=EDGE_CURVE('',#4879,#4856,#5896,.T.);
#3523=EDGE_CURVE('',#4855,#4871,#5897,.T.);
#3524=EDGE_CURVE('',#4862,#4880,#5898,.T.);
#3525=EDGE_CURVE('',#4875,#4880,#5899,.T.);
#3526=EDGE_CURVE('',#4876,#4863,#5900,.T.);
#3527=EDGE_CURVE('',#4881,#4882,#5901,.T.);
#3528=EDGE_CURVE('',#4882,#4883,#5902,.T.);
#3529=EDGE_CURVE('',#4883,#4884,#5903,.T.);
#3530=EDGE_CURVE('',#4885,#4884,#5904,.T.);
#3531=EDGE_CURVE('',#4885,#4881,#5905,.T.);
#3532=EDGE_CURVE('',#4849,#4882,#5906,.T.);
#3533=EDGE_CURVE('',#4881,#4886,#5907,.T.);
#3534=EDGE_CURVE('',#4886,#4575,#5908,.T.);
#3535=EDGE_CURVE('',#4884,#4874,#5909,.T.);
#3536=EDGE_CURVE('',#4873,#4887,#5910,.T.);
#3537=EDGE_CURVE('',#4887,#4885,#5911,.T.);
#3538=EDGE_CURVE('',#4888,#4889,#5912,.T.);
#3539=EDGE_CURVE('',#4888,#4890,#5913,.T.);
#3540=EDGE_CURVE('',#4890,#4891,#5914,.T.);
#3541=EDGE_CURVE('',#4891,#4892,#5915,.T.);
#3542=EDGE_CURVE('',#4889,#4892,#5916,.T.);
#3543=EDGE_CURVE('',#4890,#4851,#5917,.T.);
#3544=EDGE_CURVE('',#4833,#4891,#5918,.T.);
#3545=EDGE_CURVE('',#4892,#4831,#5919,.T.);
#3546=EDGE_CURVE('',#4878,#4889,#5920,.T.);
#3547=EDGE_CURVE('',#4836,#4844,#5921,.T.);
#3548=EDGE_CURVE('',#4843,#4837,#5922,.T.);
#3549=EDGE_CURVE('',#4893,#4894,#5923,.T.);
#3550=EDGE_CURVE('',#4894,#4895,#5924,.T.);
#3551=EDGE_CURVE('',#4896,#4895,#5925,.T.);
#3552=EDGE_CURVE('',#4896,#4893,#5926,.T.);
#3553=EDGE_CURVE('',#4897,#4898,#5927,.T.);
#3554=EDGE_CURVE('',#4897,#4899,#5928,.T.);
#3555=EDGE_CURVE('',#4576,#4899,#5929,.T.);
#3556=EDGE_CURVE('',#4576,#4900,#5930,.T.);
#3557=EDGE_CURVE('',#4900,#4901,#5931,.T.);
#3558=EDGE_CURVE('',#4902,#4901,#5932,.T.);
#3559=EDGE_CURVE('',#4902,#4903,#5933,.T.);
#3560=EDGE_CURVE('',#4903,#4904,#5934,.T.);
#3561=EDGE_CURVE('',#4904,#4905,#5935,.T.);
#3562=EDGE_CURVE('',#4905,#4906,#5936,.T.);
#3563=EDGE_CURVE('',#4898,#4906,#5937,.T.);
#3564=EDGE_CURVE('',#4886,#4887,#5938,.T.);
#3565=EDGE_CURVE('',#4872,#4907,#5939,.T.);
#3566=EDGE_CURVE('',#4907,#4908,#5940,.T.);
#3567=EDGE_CURVE('',#4909,#4908,#5941,.T.);
#3568=EDGE_CURVE('',#4910,#4909,#5942,.T.);
#3569=EDGE_CURVE('',#4910,#4911,#5943,.T.);
#3570=EDGE_CURVE('',#4911,#4912,#5944,.T.);
#3571=EDGE_CURVE('',#4575,#4912,#5945,.T.);
#3572=EDGE_CURVE('',#4913,#4914,#5946,.T.);
#3573=EDGE_CURVE('',#4914,#4915,#5947,.T.);
#3574=EDGE_CURVE('',#4578,#4915,#5948,.T.);
#3575=EDGE_CURVE('',#4578,#4916,#5949,.T.);
#3576=EDGE_CURVE('',#4916,#4913,#5950,.T.);
#3577=EDGE_CURVE('',#4917,#4577,#5951,.T.);
#3578=EDGE_CURVE('',#4917,#4918,#5952,.T.);
#3579=EDGE_CURVE('',#4918,#4919,#5953,.T.);
#3580=EDGE_CURVE('',#4919,#4920,#5954,.T.);
#3581=EDGE_CURVE('',#4577,#4920,#5955,.T.);
#3582=EDGE_CURVE('',#4921,#4922,#5956,.T.);
#3583=EDGE_CURVE('',#4922,#4923,#5957,.T.);
#3584=EDGE_CURVE('',#4923,#4924,#5958,.T.);
#3585=EDGE_CURVE('',#4924,#4925,#5959,.T.);
#3586=EDGE_CURVE('',#4921,#4925,#5960,.T.);
#3587=EDGE_CURVE('',#4926,#4927,#5961,.T.);
#3588=EDGE_CURVE('',#4927,#4928,#5962,.T.);
#3589=EDGE_CURVE('',#4928,#4929,#5963,.T.);
#3590=EDGE_CURVE('',#4929,#4930,#5964,.T.);
#3591=EDGE_CURVE('',#4930,#4926,#5965,.T.);
#3592=EDGE_CURVE('',#4923,#4931,#5966,.T.);
#3593=EDGE_CURVE('',#4589,#4931,#5967,.T.);
#3594=EDGE_CURVE('',#4932,#4588,#5968,.T.);
#3595=EDGE_CURVE('',#4932,#4924,#5969,.T.);
#3596=EDGE_CURVE('',#4933,#4590,#5970,.T.);
#3597=EDGE_CURVE('',#4933,#4927,#5971,.T.);
#3598=EDGE_CURVE('',#4926,#4934,#5972,.T.);
#3599=EDGE_CURVE('',#4591,#4934,#5973,.T.);
#3600=EDGE_CURVE('',#4935,#4936,#5974,.T.);
#3601=EDGE_CURVE('',#4937,#4936,#5975,.T.);
#3602=EDGE_CURVE('',#4938,#4937,#5976,.T.);
#3603=EDGE_CURVE('',#4939,#4938,#5977,.T.);
#3604=EDGE_CURVE('',#4939,#4940,#5978,.T.);
#3605=EDGE_CURVE('',#4940,#4935,#5979,.T.);
#3606=EDGE_CURVE('',#4941,#4942,#5980,.T.);
#3607=EDGE_CURVE('',#4941,#4943,#5981,.T.);
#3608=EDGE_CURVE('',#4943,#4944,#5982,.T.);
#3609=EDGE_CURVE('',#4944,#4898,#5983,.T.);
#3610=EDGE_CURVE('',#4906,#4942,#5984,.T.);
#3611=EDGE_CURVE('',#4945,#4936,#5985,.T.);
#3612=EDGE_CURVE('',#4945,#4922,#5986,.T.);
#3613=EDGE_CURVE('',#4937,#4921,#5987,.T.);
#3614=EDGE_CURVE('',#4928,#4946,#5988,.T.);
#3615=EDGE_CURVE('',#4941,#4946,#5989,.T.);
#3616=EDGE_CURVE('',#4942,#4929,#5990,.T.);
#3617=EDGE_CURVE('',#4947,#4948,#5991,.T.);
#3618=EDGE_CURVE('',#4948,#4949,#5992,.T.);
#3619=EDGE_CURVE('',#4949,#4950,#5993,.T.);
#3620=EDGE_CURVE('',#4951,#4950,#5994,.T.);
#3621=EDGE_CURVE('',#4951,#4947,#5995,.T.);
#3622=EDGE_CURVE('',#4915,#4948,#5996,.T.);
#3623=EDGE_CURVE('',#4947,#4952,#5997,.T.);
#3624=EDGE_CURVE('',#4952,#4579,#5998,.T.);
#3625=EDGE_CURVE('',#4950,#4940,#5999,.T.);
#3626=EDGE_CURVE('',#4953,#4939,#6000,.T.);
#3627=EDGE_CURVE('',#4953,#4951,#6001,.T.);
#3628=EDGE_CURVE('',#4954,#4955,#6002,.T.);
#3629=EDGE_CURVE('',#4954,#4956,#6003,.T.);
#3630=EDGE_CURVE('',#4956,#4957,#6004,.T.);
#3631=EDGE_CURVE('',#4957,#4958,#6005,.T.);
#3632=EDGE_CURVE('',#4955,#4958,#6006,.T.);
#3633=EDGE_CURVE('',#4956,#4917,#6007,.T.);
#3634=EDGE_CURVE('',#4899,#4957,#6008,.T.);
#3635=EDGE_CURVE('',#4958,#4897,#6009,.T.);
#3636=EDGE_CURVE('',#4944,#4955,#6010,.T.);
#3637=EDGE_CURVE('',#4959,#4960,#6011,.T.);
#3638=EDGE_CURVE('',#4959,#4961,#6012,.T.);
#3639=EDGE_CURVE('',#4961,#4962,#6013,.T.);
#3640=EDGE_CURVE('',#4962,#4960,#6014,.T.);
#3641=EDGE_CURVE('',#4960,#4688,#6015,.T.);
#3642=EDGE_CURVE('',#4962,#4559,#6016,.T.);
#3643=EDGE_CURVE('',#4963,#4559,#6017,.T.);
#3644=EDGE_CURVE('',#4963,#4964,#6018,.T.);
#3645=EDGE_CURVE('',#4965,#4964,#6019,.T.);
#3646=EDGE_CURVE('',#4966,#4965,#6020,.T.);
#3647=EDGE_CURVE('',#4966,#4967,#6021,.T.);
#3648=EDGE_CURVE('',#4967,#4968,#6022,.T.);
#3649=EDGE_CURVE('',#4968,#4609,#6023,.T.);
#3650=EDGE_CURVE('',#4969,#4970,#6024,.T.);
#3651=EDGE_CURVE('',#4969,#4971,#6025,.T.);
#3652=EDGE_CURVE('',#4971,#4972,#6026,.T.);
#3653=EDGE_CURVE('',#4972,#4973,#6027,.T.);
#3654=EDGE_CURVE('',#4970,#4973,#6028,.T.);
#3655=EDGE_CURVE('',#4974,#4975,#6029,.T.);
#3656=EDGE_CURVE('',#4976,#4974,#6030,.T.);
#3657=EDGE_CURVE('',#4976,#4977,#6031,.T.);
#3658=EDGE_CURVE('',#4977,#4978,#6032,.T.);
#3659=EDGE_CURVE('',#4978,#4975,#6033,.T.);
#3660=EDGE_CURVE('',#4902,#4910,#6034,.T.);
#3661=EDGE_CURVE('',#4909,#4903,#6035,.T.);
#3662=EDGE_CURVE('',#4979,#4980,#6036,.T.);
#3663=EDGE_CURVE('',#4980,#4981,#6037,.T.);
#3664=EDGE_CURVE('',#4982,#4981,#6038,.T.);
#3665=EDGE_CURVE('',#4982,#4979,#6039,.T.);
#3666=EDGE_CURVE('',#4983,#4984,#6040,.T.);
#3667=EDGE_CURVE('',#4984,#4985,#6041,.T.);
#3668=EDGE_CURVE('',#4985,#4986,#6042,.T.);
#3669=EDGE_CURVE('',#4580,#4986,#6043,.T.);
#3670=EDGE_CURVE('',#4580,#4987,#6044,.T.);
#3671=EDGE_CURVE('',#4987,#4988,#6045,.T.);
#3672=EDGE_CURVE('',#4989,#4988,#6046,.T.);
#3673=EDGE_CURVE('',#4989,#4990,#6047,.T.);
#3674=EDGE_CURVE('',#4990,#4991,#6048,.T.);
#3675=EDGE_CURVE('',#4991,#4992,#6049,.T.);
#3676=EDGE_CURVE('',#4992,#4983,#6050,.T.);
#3677=EDGE_CURVE('',#4952,#4953,#6051,.T.);
#3678=EDGE_CURVE('',#4938,#4993,#6052,.T.);
#3679=EDGE_CURVE('',#4993,#4994,#6053,.T.);
#3680=EDGE_CURVE('',#4995,#4994,#6054,.T.);
#3681=EDGE_CURVE('',#4996,#4995,#6055,.T.);
#3682=EDGE_CURVE('',#4996,#4997,#6056,.T.);
#3683=EDGE_CURVE('',#4997,#4998,#6057,.T.);
#3684=EDGE_CURVE('',#4579,#4998,#6058,.T.);
#3685=EDGE_CURVE('',#4999,#5000,#6059,.T.);
#3686=EDGE_CURVE('',#5000,#5001,#6060,.T.);
#3687=EDGE_CURVE('',#4582,#5001,#6061,.T.);
#3688=EDGE_CURVE('',#4582,#5002,#6062,.T.);
#3689=EDGE_CURVE('',#5002,#4999,#6063,.T.);
#3690=EDGE_CURVE('',#5003,#4581,#6064,.T.);
#3691=EDGE_CURVE('',#5003,#5004,#6065,.T.);
#3692=EDGE_CURVE('',#5004,#5005,#6066,.T.);
#3693=EDGE_CURVE('',#5005,#5006,#6067,.T.);
#3694=EDGE_CURVE('',#4581,#5006,#6068,.T.);
#3695=EDGE_CURVE('',#5007,#5008,#6069,.T.);
#3696=EDGE_CURVE('',#5007,#5009,#6070,.T.);
#3697=EDGE_CURVE('',#4585,#5009,#6071,.T.);
#3698=EDGE_CURVE('',#5008,#4584,#6072,.T.);
#3699=EDGE_CURVE('',#5010,#4586,#6073,.T.);
#3700=EDGE_CURVE('',#5010,#5011,#6074,.T.);
#3701=EDGE_CURVE('',#5012,#5011,#6075,.T.);
#3702=EDGE_CURVE('',#5012,#5013,#6076,.T.);
#3703=EDGE_CURVE('',#4587,#5013,#6077,.T.);
#3704=EDGE_CURVE('',#5014,#5015,#6078,.T.);
#3705=EDGE_CURVE('',#5015,#5007,#6079,.T.);
#3706=EDGE_CURVE('',#5008,#5014,#6080,.T.);
#3707=EDGE_CURVE('',#5016,#5017,#6081,.T.);
#3708=EDGE_CURVE('',#5018,#5017,#6082,.T.);
#3709=EDGE_CURVE('',#5018,#5012,#6083,.T.);
#3710=EDGE_CURVE('',#5011,#5016,#6084,.T.);
#3711=EDGE_CURVE('',#5001,#4972,#6085,.T.);
#3712=EDGE_CURVE('',#4971,#4583,#6086,.T.);
#3713=EDGE_CURVE('',#4977,#5003,#6087,.T.);
#3714=EDGE_CURVE('',#4986,#4978,#6088,.T.);
#3715=EDGE_CURVE('',#5019,#4610,#6089,.T.);
#3716=EDGE_CURVE('',#5020,#5019,#6090,.T.);
#3717=EDGE_CURVE('',#5020,#4611,#6091,.T.);
#3718=EDGE_CURVE('',#4989,#4996,#6092,.T.);
#3719=EDGE_CURVE('',#4995,#4990,#6093,.T.);
#3720=EDGE_CURVE('',#4968,#5019,#6094,.T.);
#3721=EDGE_CURVE('',#5021,#4967,#6095,.T.);
#3722=EDGE_CURVE('',#5022,#5021,#6096,.T.);
#3723=EDGE_CURVE('',#4964,#5022,#6097,.T.);
#3724=EDGE_CURVE('',#5023,#4963,#6098,.T.);
#3725=EDGE_CURVE('',#5023,#5024,#6099,.T.);
#3726=EDGE_CURVE('',#5024,#5025,#6100,.T.);
#3727=EDGE_CURVE('',#5025,#5026,#6101,.T.);
#3728=EDGE_CURVE('',#5026,#5020,#6102,.T.);
#3729=EDGE_CURVE('',#5023,#4615,#6103,.T.);
#3730=EDGE_CURVE('',#5024,#4614,#6104,.T.);
#3731=EDGE_CURVE('',#5025,#4613,#6105,.T.);
#3732=EDGE_CURVE('',#5026,#4612,#6106,.T.);
#3733=EDGE_CURVE('',#5027,#5022,#6107,.T.);
#3734=EDGE_CURVE('',#4965,#5027,#6108,.T.);
#3735=EDGE_CURVE('',#5028,#5021,#6109,.T.);
#3736=EDGE_CURVE('',#5027,#5028,#6110,.T.);
#3737=EDGE_CURVE('',#5028,#4966,#6111,.T.);
#3738=EDGE_CURVE('',#5029,#5030,#6112,.T.);
#3739=EDGE_CURVE('',#5031,#5029,#6113,.T.);
#3740=EDGE_CURVE('',#5032,#5031,#6114,.T.);
#3741=EDGE_CURVE('',#5030,#5032,#6115,.T.);
#3742=EDGE_CURVE('',#5033,#5034,#6116,.T.);
#3743=EDGE_CURVE('',#5035,#5033,#6117,.T.);
#3744=EDGE_CURVE('',#5036,#5035,#6118,.T.);
#3745=EDGE_CURVE('',#5034,#5036,#6119,.T.);
#3746=EDGE_CURVE('',#4624,#4638,#6120,.T.);
#3747=EDGE_CURVE('',#4639,#4623,#6121,.T.);
#3748=EDGE_CURVE('',#5037,#5038,#6122,.T.);
#3749=EDGE_CURVE('',#5039,#5037,#6123,.T.);
#3750=EDGE_CURVE('',#5040,#5039,#6124,.T.);
#3751=EDGE_CURVE('',#5038,#5040,#6125,.T.);
#3752=EDGE_CURVE('',#4628,#5041,#6126,.T.);
#3753=EDGE_CURVE('',#4635,#4627,#6127,.T.);
#3754=EDGE_CURVE('',#5042,#4634,#6128,.T.);
#3755=EDGE_CURVE('',#5043,#5042,#6129,.T.);
#3756=EDGE_CURVE('',#5044,#5043,#6130,.T.);
#3757=EDGE_CURVE('',#5045,#5044,#6131,.T.);
#3758=EDGE_CURVE('',#5046,#5045,#6132,.T.);
#3759=EDGE_CURVE('',#5047,#5046,#6133,.T.);
#3760=EDGE_CURVE('',#5048,#5047,#6134,.T.);
#3761=EDGE_CURVE('',#5041,#5048,#6135,.T.);
#3762=EDGE_CURVE('',#4640,#5049,#6136,.T.);
#3763=EDGE_CURVE('',#4647,#4643,#6137,.T.);
#3764=EDGE_CURVE('',#5050,#4646,#6138,.T.);
#3765=EDGE_CURVE('',#5051,#5050,#6139,.T.);
#3766=EDGE_CURVE('',#5052,#5051,#6140,.T.);
#3767=EDGE_CURVE('',#5053,#5052,#6141,.T.);
#3768=EDGE_CURVE('',#5054,#5053,#6142,.T.);
#3769=EDGE_CURVE('',#5055,#5054,#6143,.T.);
#3770=EDGE_CURVE('',#5056,#5055,#6144,.T.);
#3771=EDGE_CURVE('',#5049,#5056,#6145,.T.);
#3772=EDGE_CURVE('',#5057,#5058,#6146,.T.);
#3773=EDGE_CURVE('',#5059,#5057,#6147,.T.);
#3774=EDGE_CURVE('',#5060,#5059,#6148,.T.);
#3775=EDGE_CURVE('',#5058,#5060,#6149,.T.);
#3776=EDGE_CURVE('',#5061,#5062,#6150,.T.);
#3777=EDGE_CURVE('',#5063,#5061,#6151,.T.);
#3778=EDGE_CURVE('',#5064,#5063,#6152,.T.);
#3779=EDGE_CURVE('',#5062,#5064,#6153,.T.);
#3780=EDGE_CURVE('',#4703,#4713,#6154,.T.);
#3781=EDGE_CURVE('',#4714,#4702,#6155,.T.);
#3782=EDGE_CURVE('',#5065,#5066,#6156,.T.);
#3783=EDGE_CURVE('',#5067,#5065,#6157,.T.);
#3784=EDGE_CURVE('',#5068,#5067,#6158,.T.);
#3785=EDGE_CURVE('',#5066,#5068,#6159,.T.);
#3786=EDGE_CURVE('',#4707,#5069,#6160,.T.);
#3787=EDGE_CURVE('',#4710,#4706,#6161,.T.);
#3788=EDGE_CURVE('',#5070,#4709,#6162,.T.);
#3789=EDGE_CURVE('',#5071,#5070,#6163,.T.);
#3790=EDGE_CURVE('',#5072,#5071,#6164,.T.);
#3791=EDGE_CURVE('',#5073,#5072,#6165,.T.);
#3792=EDGE_CURVE('',#5074,#5073,#6166,.T.);
#3793=EDGE_CURVE('',#5075,#5074,#6167,.T.);
#3794=EDGE_CURVE('',#5076,#5075,#6168,.T.);
#3795=EDGE_CURVE('',#5069,#5076,#6169,.T.);
#3796=EDGE_CURVE('',#4715,#5077,#6170,.T.);
#3797=EDGE_CURVE('',#4722,#4718,#6171,.T.);
#3798=EDGE_CURVE('',#5078,#4721,#6172,.T.);
#3799=EDGE_CURVE('',#5079,#5078,#6173,.T.);
#3800=EDGE_CURVE('',#5080,#5079,#6174,.T.);
#3801=EDGE_CURVE('',#5081,#5080,#6175,.T.);
#3802=EDGE_CURVE('',#5082,#5081,#6176,.T.);
#3803=EDGE_CURVE('',#5083,#5082,#6177,.T.);
#3804=EDGE_CURVE('',#5084,#5083,#6178,.T.);
#3805=EDGE_CURVE('',#5077,#5084,#6179,.T.);
#3806=EDGE_CURVE('',#5085,#5086,#6180,.T.);
#3807=EDGE_CURVE('',#5087,#5085,#6181,.T.);
#3808=EDGE_CURVE('',#5088,#5087,#6182,.T.);
#3809=EDGE_CURVE('',#5086,#5088,#6183,.T.);
#3810=EDGE_CURVE('',#5089,#5090,#6184,.T.);
#3811=EDGE_CURVE('',#5091,#5089,#6185,.T.);
#3812=EDGE_CURVE('',#5092,#5091,#6186,.T.);
#3813=EDGE_CURVE('',#5090,#5092,#6187,.T.);
#3814=EDGE_CURVE('',#4769,#4779,#6188,.T.);
#3815=EDGE_CURVE('',#4780,#4768,#6189,.T.);
#3816=EDGE_CURVE('',#5093,#5094,#6190,.T.);
#3817=EDGE_CURVE('',#5095,#5093,#6191,.T.);
#3818=EDGE_CURVE('',#5096,#5095,#6192,.T.);
#3819=EDGE_CURVE('',#5094,#5096,#6193,.T.);
#3820=EDGE_CURVE('',#4773,#5097,#6194,.T.);
#3821=EDGE_CURVE('',#4776,#4772,#6195,.T.);
#3822=EDGE_CURVE('',#5098,#4775,#6196,.T.);
#3823=EDGE_CURVE('',#5099,#5098,#6197,.T.);
#3824=EDGE_CURVE('',#5100,#5099,#6198,.T.);
#3825=EDGE_CURVE('',#5101,#5100,#6199,.T.);
#3826=EDGE_CURVE('',#5102,#5101,#6200,.T.);
#3827=EDGE_CURVE('',#5103,#5102,#6201,.T.);
#3828=EDGE_CURVE('',#5104,#5103,#6202,.T.);
#3829=EDGE_CURVE('',#5097,#5104,#6203,.T.);
#3830=EDGE_CURVE('',#4781,#5105,#6204,.T.);
#3831=EDGE_CURVE('',#4788,#4784,#6205,.T.);
#3832=EDGE_CURVE('',#5106,#4787,#6206,.T.);
#3833=EDGE_CURVE('',#5107,#5106,#6207,.T.);
#3834=EDGE_CURVE('',#5108,#5107,#6208,.T.);
#3835=EDGE_CURVE('',#5109,#5108,#6209,.T.);
#3836=EDGE_CURVE('',#5110,#5109,#6210,.T.);
#3837=EDGE_CURVE('',#5111,#5110,#6211,.T.);
#3838=EDGE_CURVE('',#5112,#5111,#6212,.T.);
#3839=EDGE_CURVE('',#5105,#5112,#6213,.T.);
#3840=EDGE_CURVE('',#5113,#5114,#6214,.T.);
#3841=EDGE_CURVE('',#5115,#5113,#6215,.T.);
#3842=EDGE_CURVE('',#5116,#5115,#6216,.T.);
#3843=EDGE_CURVE('',#5114,#5116,#6217,.T.);
#3844=EDGE_CURVE('',#5117,#5118,#6218,.T.);
#3845=EDGE_CURVE('',#5119,#5117,#6219,.T.);
#3846=EDGE_CURVE('',#5120,#5119,#6220,.T.);
#3847=EDGE_CURVE('',#5118,#5120,#6221,.T.);
#3848=EDGE_CURVE('',#4835,#4845,#6222,.T.);
#3849=EDGE_CURVE('',#4846,#4834,#6223,.T.);
#3850=EDGE_CURVE('',#5121,#5122,#6224,.T.);
#3851=EDGE_CURVE('',#5123,#5121,#6225,.T.);
#3852=EDGE_CURVE('',#5124,#5123,#6226,.T.);
#3853=EDGE_CURVE('',#5122,#5124,#6227,.T.);
#3854=EDGE_CURVE('',#4839,#5125,#6228,.T.);
#3855=EDGE_CURVE('',#4842,#4838,#6229,.T.);
#3856=EDGE_CURVE('',#5126,#4841,#6230,.T.);
#3857=EDGE_CURVE('',#5127,#5126,#6231,.T.);
#3858=EDGE_CURVE('',#5128,#5127,#6232,.T.);
#3859=EDGE_CURVE('',#5129,#5128,#6233,.T.);
#3860=EDGE_CURVE('',#5130,#5129,#6234,.T.);
#3861=EDGE_CURVE('',#5131,#5130,#6235,.T.);
#3862=EDGE_CURVE('',#5132,#5131,#6236,.T.);
#3863=EDGE_CURVE('',#5125,#5132,#6237,.T.);
#3864=EDGE_CURVE('',#4847,#5133,#6238,.T.);
#3865=EDGE_CURVE('',#4854,#4850,#6239,.T.);
#3866=EDGE_CURVE('',#5134,#4853,#6240,.T.);
#3867=EDGE_CURVE('',#5135,#5134,#6241,.T.);
#3868=EDGE_CURVE('',#5136,#5135,#6242,.T.);
#3869=EDGE_CURVE('',#5137,#5136,#6243,.T.);
#3870=EDGE_CURVE('',#5138,#5137,#6244,.T.);
#3871=EDGE_CURVE('',#5139,#5138,#6245,.T.);
#3872=EDGE_CURVE('',#5140,#5139,#6246,.T.);
#3873=EDGE_CURVE('',#5133,#5140,#6247,.T.);
#3874=EDGE_CURVE('',#5141,#5142,#6248,.T.);
#3875=EDGE_CURVE('',#5143,#5141,#6249,.T.);
#3876=EDGE_CURVE('',#5144,#5143,#6250,.T.);
#3877=EDGE_CURVE('',#5142,#5144,#6251,.T.);
#3878=EDGE_CURVE('',#5145,#5146,#6252,.T.);
#3879=EDGE_CURVE('',#5147,#5145,#6253,.T.);
#3880=EDGE_CURVE('',#5148,#5147,#6254,.T.);
#3881=EDGE_CURVE('',#5146,#5148,#6255,.T.);
#3882=EDGE_CURVE('',#4901,#4911,#6256,.T.);
#3883=EDGE_CURVE('',#4912,#4900,#6257,.T.);
#3884=EDGE_CURVE('',#5149,#5150,#6258,.T.);
#3885=EDGE_CURVE('',#5151,#5149,#6259,.T.);
#3886=EDGE_CURVE('',#5152,#5151,#6260,.T.);
#3887=EDGE_CURVE('',#5150,#5152,#6261,.T.);
#3888=EDGE_CURVE('',#4905,#5153,#6262,.T.);
#3889=EDGE_CURVE('',#4908,#4904,#6263,.T.);
#3890=EDGE_CURVE('',#5154,#4907,#6264,.T.);
#3891=EDGE_CURVE('',#5155,#5154,#6265,.T.);
#3892=EDGE_CURVE('',#5156,#5155,#6266,.T.);
#3893=EDGE_CURVE('',#5157,#5156,#6267,.T.);
#3894=EDGE_CURVE('',#5158,#5157,#6268,.T.);
#3895=EDGE_CURVE('',#5159,#5158,#6269,.T.);
#3896=EDGE_CURVE('',#5160,#5159,#6270,.T.);
#3897=EDGE_CURVE('',#5153,#5160,#6271,.T.);
#3898=EDGE_CURVE('',#4913,#5161,#6272,.T.);
#3899=EDGE_CURVE('',#4920,#4916,#6273,.T.);
#3900=EDGE_CURVE('',#5162,#4919,#6274,.T.);
#3901=EDGE_CURVE('',#5163,#5162,#6275,.T.);
#3902=EDGE_CURVE('',#5164,#5163,#6276,.T.);
#3903=EDGE_CURVE('',#5165,#5164,#6277,.T.);
#3904=EDGE_CURVE('',#5166,#5165,#6278,.T.);
#3905=EDGE_CURVE('',#5167,#5166,#6279,.T.);
#3906=EDGE_CURVE('',#5168,#5167,#6280,.T.);
#3907=EDGE_CURVE('',#5161,#5168,#6281,.T.);
#3908=EDGE_CURVE('',#5169,#5170,#6282,.T.);
#3909=EDGE_CURVE('',#5171,#5169,#6283,.T.);
#3910=EDGE_CURVE('',#5172,#5171,#6284,.T.);
#3911=EDGE_CURVE('',#5170,#5172,#6285,.T.);
#3912=EDGE_CURVE('',#5173,#5174,#6286,.T.);
#3913=EDGE_CURVE('',#5175,#5173,#6287,.T.);
#3914=EDGE_CURVE('',#5176,#5175,#6288,.T.);
#3915=EDGE_CURVE('',#5174,#5176,#6289,.T.);
#3916=EDGE_CURVE('',#4988,#4997,#6290,.T.);
#3917=EDGE_CURVE('',#4998,#4987,#6291,.T.);
#3918=EDGE_CURVE('',#5177,#5178,#6292,.T.);
#3919=EDGE_CURVE('',#5179,#5177,#6293,.T.);
#3920=EDGE_CURVE('',#5180,#5179,#6294,.T.);
#3921=EDGE_CURVE('',#5178,#5180,#6295,.T.);
#3922=EDGE_CURVE('',#4992,#5181,#6296,.T.);
#3923=EDGE_CURVE('',#4994,#4991,#6297,.T.);
#3924=EDGE_CURVE('',#5182,#4993,#6298,.T.);
#3925=EDGE_CURVE('',#5183,#5182,#6299,.T.);
#3926=EDGE_CURVE('',#5184,#5183,#6300,.T.);
#3927=EDGE_CURVE('',#5185,#5184,#6301,.T.);
#3928=EDGE_CURVE('',#5186,#5185,#6302,.T.);
#3929=EDGE_CURVE('',#5187,#5186,#6303,.T.);
#3930=EDGE_CURVE('',#5188,#5187,#6304,.T.);
#3931=EDGE_CURVE('',#5181,#5188,#6305,.T.);
#3932=EDGE_CURVE('',#4999,#5189,#6306,.T.);
#3933=EDGE_CURVE('',#5006,#5002,#6307,.T.);
#3934=EDGE_CURVE('',#5190,#5005,#6308,.T.);
#3935=EDGE_CURVE('',#5191,#5190,#6309,.T.);
#3936=EDGE_CURVE('',#5192,#5191,#6310,.T.);
#3937=EDGE_CURVE('',#5193,#5192,#6311,.T.);
#3938=EDGE_CURVE('',#5194,#5193,#6312,.T.);
#3939=EDGE_CURVE('',#5195,#5194,#6313,.T.);
#3940=EDGE_CURVE('',#5196,#5195,#6314,.T.);
#3941=EDGE_CURVE('',#5189,#5196,#6315,.T.);
#3942=EDGE_CURVE('',#4969,#5197,#6316,.T.);
#3943=EDGE_CURVE('',#5197,#5198,#6317,.T.);
#3944=EDGE_CURVE('',#5198,#5014,#6318,.T.);
#3945=EDGE_CURVE('',#4961,#4630,#6319,.T.);
#3946=EDGE_CURVE('',#5013,#5199,#6320,.T.);
#3947=EDGE_CURVE('',#5199,#5187,#6321,.T.);
#3948=EDGE_CURVE('',#4587,#5186,#6322,.T.);
#3949=EDGE_CURVE('',#5184,#5200,#6323,.T.);
#3950=EDGE_CURVE('',#5200,#4932,#6324,.T.);
#3951=EDGE_CURVE('',#4588,#5185,#6325,.T.);
#3952=EDGE_CURVE('',#5201,#5202,#6326,.T.);
#3953=EDGE_CURVE('',#5202,#5203,#6327,.T.);
#3954=EDGE_CURVE('',#5203,#5195,#6328,.T.);
#3955=EDGE_CURVE('',#4982,#5194,#6329,.T.);
#3956=EDGE_CURVE('',#4981,#5180,#6330,.T.);
#3957=EDGE_CURVE('',#4585,#5179,#6331,.T.);
#3958=EDGE_CURVE('',#5009,#5201,#6332,.T.);
#3959=EDGE_CURVE('',#5192,#5204,#6333,.T.);
#3960=EDGE_CURVE('',#5204,#5205,#6334,.T.);
#3961=EDGE_CURVE('',#5205,#5206,#6335,.T.);
#3962=EDGE_CURVE('',#5206,#5010,#6336,.T.);
#3963=EDGE_CURVE('',#4586,#5177,#6337,.T.);
#3964=EDGE_CURVE('',#4980,#5178,#6338,.T.);
#3965=EDGE_CURVE('',#4979,#5193,#6339,.T.);
#3966=EDGE_CURVE('',#4973,#5000,#6340,.T.);
#3967=EDGE_CURVE('',#4970,#5189,#6341,.T.);
#3968=EDGE_CURVE('',#5207,#5196,#6342,.T.);
#3969=EDGE_CURVE('',#5207,#4970,#6343,.T.);
#3970=EDGE_CURVE('',#5207,#5203,#6344,.T.);
#3971=EDGE_CURVE('',#4974,#5190,#6345,.T.);
#3972=EDGE_CURVE('',#4974,#5208,#6346,.T.);
#3973=EDGE_CURVE('',#5208,#5191,#6347,.T.);
#3974=EDGE_CURVE('',#5004,#4976,#6348,.T.);
#3975=EDGE_CURVE('',#5204,#5208,#6349,.T.);
#3976=EDGE_CURVE('',#5209,#5181,#6350,.T.);
#3977=EDGE_CURVE('',#5209,#4983,#6351,.T.);
#3978=EDGE_CURVE('',#5017,#5188,#6352,.T.);
#3979=EDGE_CURVE('',#5017,#5209,#6353,.T.);
#3980=EDGE_CURVE('',#5199,#5018,#6354,.T.);
#3981=EDGE_CURVE('',#4937,#5182,#6355,.T.);
#3982=EDGE_CURVE('',#4921,#5183,#6356,.T.);
#3983=EDGE_CURVE('',#4925,#5200,#6357,.T.);
#3984=EDGE_CURVE('',#5210,#5174,#6358,.T.);
#3985=EDGE_CURVE('',#5211,#5210,#6359,.T.);
#3986=EDGE_CURVE('',#5211,#5173,#6360,.T.);
#3987=EDGE_CURVE('',#5212,#5176,#6361,.T.);
#3988=EDGE_CURVE('',#5210,#5212,#6362,.T.);
#3989=EDGE_CURVE('',#5213,#5175,#6363,.T.);
#3990=EDGE_CURVE('',#5212,#5213,#6364,.T.);
#3991=EDGE_CURVE('',#5213,#5211,#6365,.T.);
#3992=EDGE_CURVE('',#5214,#5170,#6366,.T.);
#3993=EDGE_CURVE('',#5215,#5214,#6367,.T.);
#3994=EDGE_CURVE('',#5215,#5169,#6368,.T.);
#3995=EDGE_CURVE('',#5216,#5172,#6369,.T.);
#3996=EDGE_CURVE('',#5214,#5216,#6370,.T.);
#3997=EDGE_CURVE('',#5217,#5171,#6371,.T.);
#3998=EDGE_CURVE('',#5216,#5217,#6372,.T.);
#3999=EDGE_CURVE('',#5217,#5215,#6373,.T.);
#4000=EDGE_CURVE('',#5201,#5015,#6374,.T.);
#4001=EDGE_CURVE('',#5016,#5206,#6375,.T.);
#4002=EDGE_CURVE('',#4975,#4985,#6376,.T.);
#4003=EDGE_CURVE('',#5208,#4984,#6377,.T.);
#4004=EDGE_CURVE('',#5205,#5209,#6378,.T.);
#4005=EDGE_CURVE('',#4631,#4959,#6379,.T.);
#4006=EDGE_CURVE('',#5197,#5207,#6380,.T.);
#4007=EDGE_CURVE('',#5198,#5202,#6381,.T.);
#4008=EDGE_CURVE('',#4934,#5218,#6382,.T.);
#4009=EDGE_CURVE('',#5218,#5159,#6383,.T.);
#4010=EDGE_CURVE('',#4591,#5158,#6384,.T.);
#4011=EDGE_CURVE('',#5156,#5219,#6385,.T.);
#4012=EDGE_CURVE('',#5219,#4866,#6386,.T.);
#4013=EDGE_CURVE('',#4592,#5157,#6387,.T.);
#4014=EDGE_CURVE('',#4931,#4945,#6388,.T.);
#4015=EDGE_CURVE('',#4935,#5167,#6389,.T.);
#4016=EDGE_CURVE('',#4896,#5166,#6390,.T.);
#4017=EDGE_CURVE('',#4895,#5152,#6391,.T.);
#4018=EDGE_CURVE('',#4589,#5151,#6392,.T.);
#4019=EDGE_CURVE('',#4946,#4933,#6393,.T.);
#4020=EDGE_CURVE('',#4590,#5149,#6394,.T.);
#4021=EDGE_CURVE('',#4894,#5150,#6395,.T.);
#4022=EDGE_CURVE('',#4893,#5165,#6396,.T.);
#4023=EDGE_CURVE('',#5164,#4943,#6397,.T.);
#4024=EDGE_CURVE('',#4949,#4914,#6398,.T.);
#4025=EDGE_CURVE('',#4950,#5161,#6399,.T.);
#4026=EDGE_CURVE('',#4940,#5168,#6400,.T.);
#4027=EDGE_CURVE('',#4944,#5163,#6401,.T.);
#4028=EDGE_CURVE('',#4955,#5162,#6402,.T.);
#4029=EDGE_CURVE('',#4918,#4954,#6403,.T.);
#4030=EDGE_CURVE('',#4942,#5153,#6404,.T.);
#4031=EDGE_CURVE('',#4929,#5160,#6405,.T.);
#4032=EDGE_CURVE('',#5218,#4930,#6406,.T.);
#4033=EDGE_CURVE('',#4855,#5155,#6407,.T.);
#4034=EDGE_CURVE('',#4871,#5154,#6408,.T.);
#4035=EDGE_CURVE('',#4859,#5219,#6409,.T.);
#4036=EDGE_CURVE('',#5220,#5146,#6410,.T.);
#4037=EDGE_CURVE('',#5221,#5220,#6411,.T.);
#4038=EDGE_CURVE('',#5221,#5145,#6412,.T.);
#4039=EDGE_CURVE('',#5222,#5148,#6413,.T.);
#4040=EDGE_CURVE('',#5220,#5222,#6414,.T.);
#4041=EDGE_CURVE('',#5223,#5147,#6415,.T.);
#4042=EDGE_CURVE('',#5222,#5223,#6416,.T.);
#4043=EDGE_CURVE('',#5223,#5221,#6417,.T.);
#4044=EDGE_CURVE('',#5224,#5142,#6418,.T.);
#4045=EDGE_CURVE('',#5225,#5224,#6419,.T.);
#4046=EDGE_CURVE('',#5225,#5141,#6420,.T.);
#4047=EDGE_CURVE('',#5226,#5144,#6421,.T.);
#4048=EDGE_CURVE('',#5224,#5226,#6422,.T.);
#4049=EDGE_CURVE('',#5227,#5143,#6423,.T.);
#4050=EDGE_CURVE('',#5226,#5227,#6424,.T.);
#4051=EDGE_CURVE('',#5227,#5225,#6425,.T.);
#4052=EDGE_CURVE('',#4868,#5228,#6426,.T.);
#4053=EDGE_CURVE('',#5228,#5131,#6427,.T.);
#4054=EDGE_CURVE('',#4595,#5130,#6428,.T.);
#4055=EDGE_CURVE('',#5128,#5229,#6429,.T.);
#4056=EDGE_CURVE('',#5229,#4800,#6430,.T.);
#4057=EDGE_CURVE('',#4596,#5129,#6431,.T.);
#4058=EDGE_CURVE('',#4865,#4879,#6432,.T.);
#4059=EDGE_CURVE('',#4869,#5139,#6433,.T.);
#4060=EDGE_CURVE('',#4830,#5138,#6434,.T.);
#4061=EDGE_CURVE('',#4829,#5124,#6435,.T.);
#4062=EDGE_CURVE('',#4593,#5123,#6436,.T.);
#4063=EDGE_CURVE('',#4880,#4867,#6437,.T.);
#4064=EDGE_CURVE('',#4594,#5121,#6438,.T.);
#4065=EDGE_CURVE('',#4828,#5122,#6439,.T.);
#4066=EDGE_CURVE('',#4827,#5137,#6440,.T.);
#4067=EDGE_CURVE('',#5136,#4877,#6441,.T.);
#4068=EDGE_CURVE('',#4883,#4848,#6442,.T.);
#4069=EDGE_CURVE('',#4884,#5133,#6443,.T.);
#4070=EDGE_CURVE('',#4874,#5140,#6444,.T.);
#4071=EDGE_CURVE('',#4878,#5135,#6445,.T.);
#4072=EDGE_CURVE('',#4889,#5134,#6446,.T.);
#4073=EDGE_CURVE('',#4852,#4888,#6447,.T.);
#4074=EDGE_CURVE('',#4876,#5125,#6448,.T.);
#4075=EDGE_CURVE('',#4863,#5132,#6449,.T.);
#4076=EDGE_CURVE('',#5228,#4864,#6450,.T.);
#4077=EDGE_CURVE('',#4789,#5127,#6451,.T.);
#4078=EDGE_CURVE('',#4805,#5126,#6452,.T.);
#4079=EDGE_CURVE('',#4793,#5229,#6453,.T.);
#4080=EDGE_CURVE('',#5230,#5118,#6454,.T.);
#4081=EDGE_CURVE('',#5231,#5230,#6455,.T.);
#4082=EDGE_CURVE('',#5231,#5117,#6456,.T.);
#4083=EDGE_CURVE('',#5232,#5120,#6457,.T.);
#4084=EDGE_CURVE('',#5230,#5232,#6458,.T.);
#4085=EDGE_CURVE('',#5233,#5119,#6459,.T.);
#4086=EDGE_CURVE('',#5232,#5233,#6460,.T.);
#4087=EDGE_CURVE('',#5233,#5231,#6461,.T.);
#4088=EDGE_CURVE('',#5234,#5114,#6462,.T.);
#4089=EDGE_CURVE('',#5235,#5234,#6463,.T.);
#4090=EDGE_CURVE('',#5235,#5113,#6464,.T.);
#4091=EDGE_CURVE('',#5236,#5116,#6465,.T.);
#4092=EDGE_CURVE('',#5234,#5236,#6466,.T.);
#4093=EDGE_CURVE('',#5237,#5115,#6467,.T.);
#4094=EDGE_CURVE('',#5236,#5237,#6468,.T.);
#4095=EDGE_CURVE('',#5237,#5235,#6469,.T.);
#4096=EDGE_CURVE('',#4802,#5238,#6470,.T.);
#4097=EDGE_CURVE('',#5238,#5103,#6471,.T.);
#4098=EDGE_CURVE('',#4599,#5102,#6472,.T.);
#4099=EDGE_CURVE('',#5100,#5239,#6473,.T.);
#4100=EDGE_CURVE('',#5239,#4734,#6474,.T.);
#4101=EDGE_CURVE('',#4600,#5101,#6475,.T.);
#4102=EDGE_CURVE('',#4799,#4813,#6476,.T.);
#4103=EDGE_CURVE('',#4803,#5111,#6477,.T.);
#4104=EDGE_CURVE('',#4764,#5110,#6478,.T.);
#4105=EDGE_CURVE('',#4763,#5096,#6479,.T.);
#4106=EDGE_CURVE('',#4597,#5095,#6480,.T.);
#4107=EDGE_CURVE('',#4814,#4801,#6481,.T.);
#4108=EDGE_CURVE('',#4598,#5093,#6482,.T.);
#4109=EDGE_CURVE('',#4762,#5094,#6483,.T.);
#4110=EDGE_CURVE('',#4761,#5109,#6484,.T.);
#4111=EDGE_CURVE('',#5108,#4811,#6485,.T.);
#4112=EDGE_CURVE('',#4817,#4782,#6486,.T.);
#4113=EDGE_CURVE('',#4818,#5105,#6487,.T.);
#4114=EDGE_CURVE('',#4808,#5112,#6488,.T.);
#4115=EDGE_CURVE('',#4812,#5107,#6489,.T.);
#4116=EDGE_CURVE('',#4823,#5106,#6490,.T.);
#4117=EDGE_CURVE('',#4786,#4822,#6491,.T.);
#4118=EDGE_CURVE('',#4810,#5097,#6492,.T.);
#4119=EDGE_CURVE('',#4797,#5104,#6493,.T.);
#4120=EDGE_CURVE('',#5238,#4798,#6494,.T.);
#4121=EDGE_CURVE('',#4723,#5099,#6495,.T.);
#4122=EDGE_CURVE('',#4739,#5098,#6496,.T.);
#4123=EDGE_CURVE('',#4727,#5239,#6497,.T.);
#4124=EDGE_CURVE('',#5240,#5090,#6498,.T.);
#4125=EDGE_CURVE('',#5241,#5240,#6499,.T.);
#4126=EDGE_CURVE('',#5241,#5089,#6500,.T.);
#4127=EDGE_CURVE('',#5242,#5092,#6501,.T.);
#4128=EDGE_CURVE('',#5240,#5242,#6502,.T.);
#4129=EDGE_CURVE('',#5243,#5091,#6503,.T.);
#4130=EDGE_CURVE('',#5242,#5243,#6504,.T.);
#4131=EDGE_CURVE('',#5243,#5241,#6505,.T.);
#4132=EDGE_CURVE('',#5244,#5086,#6506,.T.);
#4133=EDGE_CURVE('',#5245,#5244,#6507,.T.);
#4134=EDGE_CURVE('',#5245,#5085,#6508,.T.);
#4135=EDGE_CURVE('',#5246,#5088,#6509,.T.);
#4136=EDGE_CURVE('',#5244,#5246,#6510,.T.);
#4137=EDGE_CURVE('',#5247,#5087,#6511,.T.);
#4138=EDGE_CURVE('',#5246,#5247,#6512,.T.);
#4139=EDGE_CURVE('',#5247,#5245,#6513,.T.);
#4140=EDGE_CURVE('',#4736,#5248,#6514,.T.);
#4141=EDGE_CURVE('',#5248,#5075,#6515,.T.);
#4142=EDGE_CURVE('',#4603,#5074,#6516,.T.);
#4143=EDGE_CURVE('',#5072,#5249,#6517,.T.);
#4144=EDGE_CURVE('',#5249,#4659,#6518,.T.);
#4145=EDGE_CURVE('',#4604,#5073,#6519,.T.);
#4146=EDGE_CURVE('',#4733,#4747,#6520,.T.);
#4147=EDGE_CURVE('',#4737,#5083,#6521,.T.);
#4148=EDGE_CURVE('',#4698,#5082,#6522,.T.);
#4149=EDGE_CURVE('',#4697,#5068,#6523,.T.);
#4150=EDGE_CURVE('',#4601,#5067,#6524,.T.);
#4151=EDGE_CURVE('',#4748,#4735,#6525,.T.);
#4152=EDGE_CURVE('',#4602,#5065,#6526,.T.);
#4153=EDGE_CURVE('',#4696,#5066,#6527,.T.);
#4154=EDGE_CURVE('',#4695,#5081,#6528,.T.);
#4155=EDGE_CURVE('',#5080,#4745,#6529,.T.);
#4156=EDGE_CURVE('',#4751,#4716,#6530,.T.);
#4157=EDGE_CURVE('',#4752,#5077,#6531,.T.);
#4158=EDGE_CURVE('',#4742,#5084,#6532,.T.);
#4159=EDGE_CURVE('',#4746,#5079,#6533,.T.);
#4160=EDGE_CURVE('',#4757,#5078,#6534,.T.);
#4161=EDGE_CURVE('',#4720,#4756,#6535,.T.);
#4162=EDGE_CURVE('',#4744,#5069,#6536,.T.);
#4163=EDGE_CURVE('',#4731,#5076,#6537,.T.);
#4164=EDGE_CURVE('',#5248,#4732,#6538,.T.);
#4165=EDGE_CURVE('',#4648,#5071,#6539,.T.);
#4166=EDGE_CURVE('',#4664,#5070,#6540,.T.);
#4167=EDGE_CURVE('',#4652,#5249,#6541,.T.);
#4168=EDGE_CURVE('',#5250,#5062,#6542,.T.);
#4169=EDGE_CURVE('',#5251,#5250,#6543,.T.);
#4170=EDGE_CURVE('',#5251,#5061,#6544,.T.);
#4171=EDGE_CURVE('',#5252,#5064,#6545,.T.);
#4172=EDGE_CURVE('',#5250,#5252,#6546,.T.);
#4173=EDGE_CURVE('',#5253,#5063,#6547,.T.);
#4174=EDGE_CURVE('',#5252,#5253,#6548,.T.);
#4175=EDGE_CURVE('',#5253,#5251,#6549,.T.);
#4176=EDGE_CURVE('',#5254,#5058,#6550,.T.);
#4177=EDGE_CURVE('',#5255,#5254,#6551,.T.);
#4178=EDGE_CURVE('',#5255,#5057,#6552,.T.);
#4179=EDGE_CURVE('',#5256,#5060,#6553,.T.);
#4180=EDGE_CURVE('',#5254,#5256,#6554,.T.);
#4181=EDGE_CURVE('',#5257,#5059,#6555,.T.);
#4182=EDGE_CURVE('',#5256,#5257,#6556,.T.);
#4183=EDGE_CURVE('',#5257,#5255,#6557,.T.);
#4184=EDGE_CURVE('',#4661,#5258,#6558,.T.);
#4185=EDGE_CURVE('',#5258,#5047,#6559,.T.);
#4186=EDGE_CURVE('',#4607,#5046,#6560,.T.);
#4187=EDGE_CURVE('',#5044,#5259,#6561,.T.);
#4188=EDGE_CURVE('',#5259,#4686,#6562,.T.);
#4189=EDGE_CURVE('',#4608,#5045,#6563,.T.);
#4190=EDGE_CURVE('',#4658,#4672,#6564,.T.);
#4191=EDGE_CURVE('',#4662,#5055,#6565,.T.);
#4192=EDGE_CURVE('',#4619,#5054,#6566,.T.);
#4193=EDGE_CURVE('',#4618,#5040,#6567,.T.);
#4194=EDGE_CURVE('',#4605,#5039,#6568,.T.);
#4195=EDGE_CURVE('',#4673,#4660,#6569,.T.);
#4196=EDGE_CURVE('',#4606,#5037,#6570,.T.);
#4197=EDGE_CURVE('',#4617,#5038,#6571,.T.);
#4198=EDGE_CURVE('',#4616,#5053,#6572,.T.);
#4199=EDGE_CURVE('',#5052,#4670,#6573,.T.);
#4200=EDGE_CURVE('',#4676,#4641,#6574,.T.);
#4201=EDGE_CURVE('',#4677,#5049,#6575,.T.);
#4202=EDGE_CURVE('',#4667,#5056,#6576,.T.);
#4203=EDGE_CURVE('',#4671,#5051,#6577,.T.);
#4204=EDGE_CURVE('',#4691,#5050,#6578,.T.);
#4205=EDGE_CURVE('',#4645,#4690,#6579,.T.);
#4206=EDGE_CURVE('',#4669,#5041,#6580,.T.);
#4207=EDGE_CURVE('',#4656,#5048,#6581,.T.);
#4208=EDGE_CURVE('',#5258,#4657,#6582,.T.);
#4209=EDGE_CURVE('',#4684,#5043,#6583,.T.);
#4210=EDGE_CURVE('',#4687,#5042,#6584,.T.);
#4211=EDGE_CURVE('',#4683,#5259,#6585,.T.);
#4212=EDGE_CURVE('',#5260,#5034,#6586,.T.);
#4213=EDGE_CURVE('',#5261,#5260,#6587,.T.);
#4214=EDGE_CURVE('',#5261,#5033,#6588,.T.);
#4215=EDGE_CURVE('',#5262,#5036,#6589,.T.);
#4216=EDGE_CURVE('',#5260,#5262,#6590,.T.);
#4217=EDGE_CURVE('',#5263,#5035,#6591,.T.);
#4218=EDGE_CURVE('',#5262,#5263,#6592,.T.);
#4219=EDGE_CURVE('',#5263,#5261,#6593,.T.);
#4220=EDGE_CURVE('',#5264,#5030,#6594,.T.);
#4221=EDGE_CURVE('',#5265,#5264,#6595,.T.);
#4222=EDGE_CURVE('',#5265,#5029,#6596,.T.);
#4223=EDGE_CURVE('',#5266,#5032,#6597,.T.);
#4224=EDGE_CURVE('',#5264,#5266,#6598,.T.);
#4225=EDGE_CURVE('',#5267,#5031,#6599,.T.);
#4226=EDGE_CURVE('',#5266,#5267,#6600,.T.);
#4227=EDGE_CURVE('',#5267,#5265,#6601,.T.);
#4228=EDGE_CURVE('',#5268,#5269,#6602,.T.);
#4229=EDGE_CURVE('',#5269,#5270,#68,.T.);
#4230=EDGE_CURVE('',#5270,#5271,#6603,.T.);
#4231=EDGE_CURVE('',#5271,#5272,#69,.F.);
#4232=EDGE_CURVE('',#5272,#5273,#6604,.T.);
#4233=EDGE_CURVE('',#5273,#5274,#6605,.T.);
#4234=EDGE_CURVE('',#5274,#5275,#70,.F.);
#4235=EDGE_CURVE('',#5275,#5276,#6606,.T.);
#4236=EDGE_CURVE('',#5276,#5277,#71,.F.);
#4237=EDGE_CURVE('',#5277,#5278,#6607,.T.);
#4238=EDGE_CURVE('',#5278,#5279,#72,.T.);
#4239=EDGE_CURVE('',#5279,#5280,#6608,.T.);
#4240=EDGE_CURVE('',#5280,#5281,#6609,.T.);
#4241=EDGE_CURVE('',#5281,#5282,#73,.T.);
#4242=EDGE_CURVE('',#5282,#5283,#6610,.T.);
#4243=EDGE_CURVE('',#5283,#5284,#74,.F.);
#4244=EDGE_CURVE('',#5284,#5285,#6611,.T.);
#4245=EDGE_CURVE('',#5285,#5286,#75,.F.);
#4246=EDGE_CURVE('',#5286,#5287,#6612,.T.);
#4247=EDGE_CURVE('',#5287,#5288,#76,.T.);
#4248=EDGE_CURVE('',#5288,#5289,#6613,.T.);
#4249=EDGE_CURVE('',#5290,#5289,#6614,.T.);
#4250=EDGE_CURVE('',#5290,#5291,#77,.T.);
#4251=EDGE_CURVE('',#5291,#5292,#6615,.T.);
#4252=EDGE_CURVE('',#5292,#5293,#78,.T.);
#4253=EDGE_CURVE('',#5293,#5294,#6616,.T.);
#4254=EDGE_CURVE('',#5294,#5295,#79,.F.);
#4255=EDGE_CURVE('',#5295,#5296,#6617,.T.);
#4256=EDGE_CURVE('',#5296,#5297,#80,.F.);
#4257=EDGE_CURVE('',#5297,#5298,#6618,.T.);
#4258=EDGE_CURVE('',#5298,#5299,#81,.T.);
#4259=EDGE_CURVE('',#5299,#5300,#6619,.T.);
#4260=EDGE_CURVE('',#5300,#5301,#6620,.F.);
#4261=EDGE_CURVE('',#5302,#5301,#6621,.T.);
#4262=EDGE_CURVE('',#5302,#5303,#6622,.T.);
#4263=EDGE_CURVE('',#5303,#5304,#82,.T.);
#4264=EDGE_CURVE('',#5304,#5305,#6623,.T.);
#4265=EDGE_CURVE('',#5305,#5306,#83,.T.);
#4266=EDGE_CURVE('',#5306,#5307,#6624,.T.);
#4267=EDGE_CURVE('',#5308,#5307,#84,.F.);
#4268=EDGE_CURVE('',#5309,#5308,#85,.T.);
#4269=EDGE_CURVE('',#5310,#5309,#86,.F.);
#4270=EDGE_CURVE('',#5310,#5268,#6625,.T.);
#4271=EDGE_CURVE('',#5311,#5312,#6626,.T.);
#4272=EDGE_CURVE('',#5312,#5269,#6627,.F.);
#4273=EDGE_CURVE('',#5268,#5311,#6628,.T.);
#4274=EDGE_CURVE('',#5313,#5314,#6629,.T.);
#4275=EDGE_CURVE('',#5314,#5312,#87,.F.);
#4276=EDGE_CURVE('',#5315,#5311,#6630,.T.);
#4277=EDGE_CURVE('',#5316,#5315,#88,.T.);
#4278=EDGE_CURVE('',#5317,#5316,#89,.F.);
#4279=EDGE_CURVE('',#5318,#5317,#90,.T.);
#4280=EDGE_CURVE('',#5319,#5318,#6631,.T.);
#4281=EDGE_CURVE('',#5319,#5320,#91,.F.);
#4282=EDGE_CURVE('',#5321,#5320,#6632,.T.);
#4283=EDGE_CURVE('',#5321,#5322,#92,.F.);
#4284=EDGE_CURVE('',#5323,#5322,#6633,.T.);
#4285=EDGE_CURVE('',#5323,#5324,#6634,.T.);
#4286=EDGE_CURVE('',#5324,#5325,#6635,.F.);
#4287=EDGE_CURVE('',#5326,#5325,#6636,.T.);
#4288=EDGE_CURVE('',#5326,#5327,#93,.F.);
#4289=EDGE_CURVE('',#5328,#5327,#6637,.T.);
#4290=EDGE_CURVE('',#5328,#5329,#94,.T.);
#4291=EDGE_CURVE('',#5330,#5329,#6638,.T.);
#4292=EDGE_CURVE('',#5330,#5331,#95,.T.);
#4293=EDGE_CURVE('',#5332,#5331,#6639,.T.);
#4294=EDGE_CURVE('',#5332,#5333,#96,.F.);
#4295=EDGE_CURVE('',#5334,#5333,#6640,.T.);
#4296=EDGE_CURVE('',#5334,#5335,#97,.F.);
#4297=EDGE_CURVE('',#5336,#5335,#6641,.T.);
#4298=EDGE_CURVE('',#5336,#5337,#6642,.T.);
#4299=EDGE_CURVE('',#5337,#5338,#98,.F.);
#4300=EDGE_CURVE('',#5338,#5339,#6643,.T.);
#4301=EDGE_CURVE('',#5339,#5340,#99,.T.);
#4302=EDGE_CURVE('',#5340,#5341,#6644,.T.);
#4303=EDGE_CURVE('',#5341,#5342,#100,.T.);
#4304=EDGE_CURVE('',#5342,#5343,#6645,.T.);
#4305=EDGE_CURVE('',#5343,#5344,#101,.F.);
#4306=EDGE_CURVE('',#5344,#5345,#6646,.T.);
#4307=EDGE_CURVE('',#5345,#5346,#6647,.T.);
#4308=EDGE_CURVE('',#5346,#5347,#102,.F.);
#4309=EDGE_CURVE('',#5347,#5348,#6648,.T.);
#4310=EDGE_CURVE('',#5348,#5349,#103,.T.);
#4311=EDGE_CURVE('',#5349,#5350,#6649,.T.);
#4312=EDGE_CURVE('',#5350,#5351,#104,.T.);
#4313=EDGE_CURVE('',#5351,#5352,#6650,.T.);
#4314=EDGE_CURVE('',#5352,#5353,#6651,.T.);
#4315=EDGE_CURVE('',#5353,#5313,#105,.T.);
#4316=EDGE_CURVE('',#5291,#5334,#6652,.T.);
#4317=EDGE_CURVE('',#5333,#5292,#6653,.F.);
#4318=EDGE_CURVE('',#5310,#5315,#6654,.T.);
#4319=EDGE_CURVE('',#5307,#5318,#6655,.T.);
#4320=EDGE_CURVE('',#5306,#5319,#6656,.T.);
#4321=EDGE_CURVE('',#5331,#5294,#6657,.F.);
#4322=EDGE_CURVE('',#5293,#5332,#6658,.T.);
#4323=EDGE_CURVE('',#5329,#5296,#6659,.F.);
#4324=EDGE_CURVE('',#5295,#5330,#6660,.T.);
#4325=EDGE_CURVE('',#5327,#5298,#6661,.F.);
#4326=EDGE_CURVE('',#5297,#5328,#6662,.T.);
#4327=EDGE_CURVE('',#5354,#5355,#6663,.T.);
#4328=EDGE_CURVE('',#5355,#5356,#6664,.T.);
#4329=EDGE_CURVE('',#5357,#5356,#6665,.T.);
#4330=EDGE_CURVE('',#5358,#5357,#106,.T.);
#4331=EDGE_CURVE('',#5359,#5358,#107,.T.);
#4332=EDGE_CURVE('',#5300,#5359,#108,.T.);
#4333=EDGE_CURVE('',#5299,#5326,#6666,.T.);
#4334=EDGE_CURVE('',#5325,#5360,#109,.T.);
#4335=EDGE_CURVE('',#5360,#5361,#110,.T.);
#4336=EDGE_CURVE('',#5361,#5354,#111,.T.);
#4337=EDGE_CURVE('',#5322,#5303,#6667,.F.);
#4338=EDGE_CURVE('',#5302,#5323,#6668,.F.);
#4339=EDGE_CURVE('',#5304,#5321,#6669,.T.);
#4340=EDGE_CURVE('',#5320,#5305,#6670,.F.);
#4341=EDGE_CURVE('',#5308,#5317,#6671,.T.);
#4342=EDGE_CURVE('',#5309,#5316,#6672,.T.);
#4343=EDGE_CURVE('',#5335,#5290,#6673,.F.);
#4344=EDGE_CURVE('',#5289,#5336,#6674,.T.);
#4345=EDGE_CURVE('',#5276,#5349,#6675,.T.);
#4346=EDGE_CURVE('',#5277,#5348,#6676,.T.);
#4347=EDGE_CURVE('',#5275,#5350,#6677,.T.);
#4348=EDGE_CURVE('',#5274,#5351,#6678,.T.);
#4349=EDGE_CURVE('',#5273,#5352,#6679,.T.);
#4350=EDGE_CURVE('',#5272,#5353,#6680,.T.);
#4351=EDGE_CURVE('',#5271,#5313,#6681,.T.);
#4352=EDGE_CURVE('',#5270,#5314,#6682,.T.);
#4353=EDGE_CURVE('',#5279,#5346,#6683,.T.);
#4354=EDGE_CURVE('',#5280,#5345,#6684,.T.);
#4355=EDGE_CURVE('',#5278,#5347,#6685,.T.);
#4356=EDGE_CURVE('',#5338,#5287,#6686,.F.);
#4357=EDGE_CURVE('',#5286,#5339,#6687,.T.);
#4358=EDGE_CURVE('',#5285,#5340,#6688,.T.);
#4359=EDGE_CURVE('',#5284,#5341,#6689,.T.);
#4360=EDGE_CURVE('',#5283,#5342,#6690,.T.);
#4361=EDGE_CURVE('',#5282,#5343,#6691,.T.);
#4362=EDGE_CURVE('',#5288,#5337,#6692,.T.);
#4363=EDGE_CURVE('',#5344,#5281,#6693,.F.);
#4364=EDGE_CURVE('',#5362,#5363,#6694,.F.);
#4365=EDGE_CURVE('',#5363,#5355,#6695,.T.);
#4366=EDGE_CURVE('',#5364,#5354,#6696,.F.);
#4367=EDGE_CURVE('',#5364,#5365,#6697,.T.);
#4368=EDGE_CURVE('',#5365,#5362,#6698,.T.);
#4369=EDGE_CURVE('',#5356,#5366,#6699,.T.);
#4370=EDGE_CURVE('',#5366,#5367,#6700,.F.);
#4371=EDGE_CURVE('',#5367,#5368,#6701,.T.);
#4372=EDGE_CURVE('',#5369,#5368,#6702,.T.);
#4373=EDGE_CURVE('',#5357,#5369,#6703,.F.);
#4374=EDGE_CURVE('',#5370,#5361,#6704,.F.);
#4375=EDGE_CURVE('',#5370,#5364,#112,.T.);
#4376=EDGE_CURVE('',#5371,#5369,#113,.T.);
#4377=EDGE_CURVE('',#5358,#5371,#6705,.F.);
#4378=EDGE_CURVE('',#5372,#5360,#6706,.F.);
#4379=EDGE_CURVE('',#5372,#5370,#114,.T.);
#4380=EDGE_CURVE('',#5373,#5371,#115,.T.);
#4381=EDGE_CURVE('',#5359,#5373,#6707,.F.);
#4382=EDGE_CURVE('',#5324,#5372,#116,.T.);
#4383=EDGE_CURVE('',#5301,#5373,#117,.T.);
#4384=EDGE_CURVE('',#5368,#5365,#6708,.T.);
#4385=EDGE_CURVE('',#5366,#5363,#6709,.T.);
#4386=EDGE_CURVE('',#5362,#5367,#6710,.T.);
#4387=EDGE_CURVE('',#5374,#5375,#6711,.F.);
#4388=EDGE_CURVE('',#5376,#5375,#6712,.T.);
#4389=EDGE_CURVE('',#5376,#5377,#6713,.T.);
#4390=EDGE_CURVE('',#5377,#5374,#6714,.T.);
#4391=EDGE_CURVE('',#5378,#5379,#6715,.F.);
#4392=EDGE_CURVE('',#5379,#5380,#6716,.T.);
#4393=EDGE_CURVE('',#5380,#5381,#6717,.F.);
#4394=EDGE_CURVE('',#5378,#5381,#6718,.T.);
#4395=EDGE_CURVE('',#5382,#5383,#6719,.T.);
#4396=EDGE_CURVE('',#5383,#5384,#118,.T.);
#4397=EDGE_CURVE('',#5384,#5385,#6720,.T.);
#4398=EDGE_CURVE('',#5385,#5386,#119,.T.);
#4399=EDGE_CURVE('',#5386,#5387,#6721,.T.);
#4400=EDGE_CURVE('',#5387,#5376,#120,.T.);
#4401=EDGE_CURVE('',#5375,#5388,#6722,.T.);
#4402=EDGE_CURVE('',#5388,#5389,#6723,.F.);
#4403=EDGE_CURVE('',#5378,#5389,#6724,.T.);
#4404=EDGE_CURVE('',#5381,#5390,#121,.T.);
#4405=EDGE_CURVE('',#5390,#5391,#6725,.T.);
#4406=EDGE_CURVE('',#5391,#5392,#122,.T.);
#4407=EDGE_CURVE('',#5392,#5393,#6726,.T.);
#4408=EDGE_CURVE('',#5393,#5394,#123,.F.);
#4409=EDGE_CURVE('',#5394,#5395,#6727,.T.);
#4410=EDGE_CURVE('',#5395,#5396,#6728,.T.);
#4411=EDGE_CURVE('',#5396,#5397,#6729,.T.);
#4412=EDGE_CURVE('',#5397,#5398,#124,.T.);
#4413=EDGE_CURVE('',#5398,#5399,#6730,.T.);
#4414=EDGE_CURVE('',#5399,#5400,#125,.F.);
#4415=EDGE_CURVE('',#5400,#5401,#6731,.T.);
#4416=EDGE_CURVE('',#5401,#5402,#6732,.T.);
#4417=EDGE_CURVE('',#5402,#5403,#126,.F.);
#4418=EDGE_CURVE('',#5403,#5404,#6733,.T.);
#4419=EDGE_CURVE('',#5404,#5405,#127,.F.);
#4420=EDGE_CURVE('',#5405,#5406,#6734,.T.);
#4421=EDGE_CURVE('',#5406,#5407,#128,.T.);
#4422=EDGE_CURVE('',#5407,#5408,#6735,.T.);
#4423=EDGE_CURVE('',#5408,#5409,#6736,.T.);
#4424=EDGE_CURVE('',#5409,#5410,#129,.T.);
#4425=EDGE_CURVE('',#5410,#5411,#6737,.T.);
#4426=EDGE_CURVE('',#5411,#5412,#130,.F.);
#4427=EDGE_CURVE('',#5412,#5413,#6738,.T.);
#4428=EDGE_CURVE('',#5413,#5414,#131,.F.);
#4429=EDGE_CURVE('',#5414,#5415,#6739,.T.);
#4430=EDGE_CURVE('',#5415,#5416,#132,.T.);
#4431=EDGE_CURVE('',#5416,#5417,#6740,.T.);
#4432=EDGE_CURVE('',#5418,#5417,#6741,.T.);
#4433=EDGE_CURVE('',#5418,#5419,#133,.T.);
#4434=EDGE_CURVE('',#5419,#5420,#6742,.T.);
#4435=EDGE_CURVE('',#5420,#5421,#134,.T.);
#4436=EDGE_CURVE('',#5421,#5422,#6743,.T.);
#4437=EDGE_CURVE('',#5422,#5423,#135,.F.);
#4438=EDGE_CURVE('',#5423,#5424,#6744,.T.);
#4439=EDGE_CURVE('',#5424,#5382,#136,.F.);
#4440=EDGE_CURVE('',#5425,#5426,#6745,.T.);
#4441=EDGE_CURVE('',#5426,#5397,#6746,.F.);
#4442=EDGE_CURVE('',#5396,#5425,#6747,.T.);
#4443=EDGE_CURVE('',#5419,#5427,#6748,.T.);
#4444=EDGE_CURVE('',#5427,#5428,#6749,.T.);
#4445=EDGE_CURVE('',#5428,#5420,#6750,.F.);
#4446=EDGE_CURVE('',#5429,#5430,#6751,.T.);
#4447=EDGE_CURVE('',#5429,#5431,#137,.F.);
#4448=EDGE_CURVE('',#5432,#5431,#6752,.T.);
#4449=EDGE_CURVE('',#5432,#5433,#138,.T.);
#4450=EDGE_CURVE('',#5434,#5433,#6753,.T.);
#4451=EDGE_CURVE('',#5434,#5435,#139,.T.);
#4452=EDGE_CURVE('',#5436,#5435,#6754,.T.);
#4453=EDGE_CURVE('',#5436,#5428,#140,.F.);
#4454=EDGE_CURVE('',#5427,#5437,#141,.F.);
#4455=EDGE_CURVE('',#5438,#5437,#6755,.T.);
#4456=EDGE_CURVE('',#5438,#5439,#6756,.T.);
#4457=EDGE_CURVE('',#5439,#5440,#142,.F.);
#4458=EDGE_CURVE('',#5440,#5441,#6757,.T.);
#4459=EDGE_CURVE('',#5441,#5442,#143,.T.);
#4460=EDGE_CURVE('',#5442,#5443,#6758,.T.);
#4461=EDGE_CURVE('',#5443,#5444,#144,.T.);
#4462=EDGE_CURVE('',#5444,#5445,#6759,.T.);
#4463=EDGE_CURVE('',#5445,#5446,#145,.F.);
#4464=EDGE_CURVE('',#5446,#5447,#6760,.T.);
#4465=EDGE_CURVE('',#5447,#5448,#6761,.T.);
#4466=EDGE_CURVE('',#5448,#5449,#146,.F.);
#4467=EDGE_CURVE('',#5449,#5450,#6762,.T.);
#4468=EDGE_CURVE('',#5450,#5451,#147,.T.);
#4469=EDGE_CURVE('',#5451,#5452,#6763,.T.);
#4470=EDGE_CURVE('',#5452,#5453,#148,.T.);
#4471=EDGE_CURVE('',#5453,#5454,#6764,.T.);
#4472=EDGE_CURVE('',#5454,#5455,#6765,.T.);
#4473=EDGE_CURVE('',#5455,#5456,#149,.T.);
#4474=EDGE_CURVE('',#5456,#5457,#6766,.T.);
#4475=EDGE_CURVE('',#5457,#5426,#150,.F.);
#4476=EDGE_CURVE('',#5458,#5425,#6767,.T.);
#4477=EDGE_CURVE('',#5459,#5458,#6768,.T.);
#4478=EDGE_CURVE('',#5459,#5460,#151,.T.);
#4479=EDGE_CURVE('',#5461,#5460,#6769,.T.);
#4480=EDGE_CURVE('',#5461,#5462,#152,.F.);
#4481=EDGE_CURVE('',#5463,#5462,#6770,.T.);
#4482=EDGE_CURVE('',#5463,#5380,#153,.F.);
#4483=EDGE_CURVE('',#5379,#5464,#6771,.T.);
#4484=EDGE_CURVE('',#5464,#5465,#6772,.F.);
#4485=EDGE_CURVE('',#5374,#5465,#6773,.T.);
#4486=EDGE_CURVE('',#5377,#5466,#154,.F.);
#4487=EDGE_CURVE('',#5467,#5466,#6774,.T.);
#4488=EDGE_CURVE('',#5467,#5430,#155,.F.);
#4489=EDGE_CURVE('',#5395,#5458,#6775,.T.);
#4490=EDGE_CURVE('',#5421,#5436,#6776,.T.);
#4491=EDGE_CURVE('',#5435,#5422,#6777,.F.);
#4492=EDGE_CURVE('',#5433,#5424,#6778,.F.);
#4493=EDGE_CURVE('',#5423,#5434,#6779,.T.);
#4494=EDGE_CURVE('',#5431,#5383,#6780,.F.);
#4495=EDGE_CURVE('',#5382,#5432,#6781,.T.);
#4496=EDGE_CURVE('',#5384,#5429,#6782,.T.);
#4497=EDGE_CURVE('',#5430,#5385,#6783,.F.);
#4498=EDGE_CURVE('',#5386,#5467,#6784,.T.);
#4499=EDGE_CURVE('',#5466,#5387,#6785,.F.);
#4500=EDGE_CURVE('',#5462,#5391,#6786,.F.);
#4501=EDGE_CURVE('',#5390,#5463,#6787,.T.);
#4502=EDGE_CURVE('',#5392,#5461,#6788,.T.);
#4503=EDGE_CURVE('',#5460,#5393,#6789,.F.);
#4504=EDGE_CURVE('',#5394,#5459,#6790,.T.);
#4505=EDGE_CURVE('',#5437,#5418,#6791,.F.);
#4506=EDGE_CURVE('',#5417,#5438,#6792,.T.);
#4507=EDGE_CURVE('',#5404,#5451,#6793,.T.);
#4508=EDGE_CURVE('',#5405,#5450,#6794,.T.);
#4509=EDGE_CURVE('',#5403,#5452,#6795,.T.);
#4510=EDGE_CURVE('',#5402,#5453,#6796,.T.);
#4511=EDGE_CURVE('',#5401,#5454,#6797,.T.);
#4512=EDGE_CURVE('',#5400,#5455,#6798,.T.);
#4513=EDGE_CURVE('',#5399,#5456,#6799,.T.);
#4514=EDGE_CURVE('',#5398,#5457,#6800,.T.);
#4515=EDGE_CURVE('',#5407,#5448,#6801,.T.);
#4516=EDGE_CURVE('',#5408,#5447,#6802,.T.);
#4517=EDGE_CURVE('',#5406,#5449,#6803,.T.);
#4518=EDGE_CURVE('',#5440,#5415,#6804,.F.);
#4519=EDGE_CURVE('',#5414,#5441,#6805,.T.);
#4520=EDGE_CURVE('',#5413,#5442,#6806,.T.);
#4521=EDGE_CURVE('',#5412,#5443,#6807,.T.);
#4522=EDGE_CURVE('',#5411,#5444,#6808,.T.);
#4523=EDGE_CURVE('',#5410,#5445,#6809,.T.);
#4524=EDGE_CURVE('',#5416,#5439,#6810,.T.);
#4525=EDGE_CURVE('',#5446,#5409,#6811,.F.);
#4526=EDGE_CURVE('',#5468,#5469,#6812,.T.);
#4527=EDGE_CURVE('',#5469,#5470,#6813,.T.);
#4528=EDGE_CURVE('',#5470,#5471,#6814,.F.);
#4529=EDGE_CURVE('',#5471,#5472,#6815,.T.);
#4530=EDGE_CURVE('',#5473,#5472,#6816,.T.);
#4531=EDGE_CURVE('',#5468,#5473,#6817,.F.);
#4532=EDGE_CURVE('',#5474,#5475,#6818,.F.);
#4533=EDGE_CURVE('',#5475,#5476,#6819,.T.);
#4534=EDGE_CURVE('',#5477,#5476,#6820,.T.);
#4535=EDGE_CURVE('',#5478,#5477,#6821,.F.);
#4536=EDGE_CURVE('',#5478,#5479,#6822,.T.);
#4537=EDGE_CURVE('',#5479,#5474,#6823,.T.);
#4538=EDGE_CURVE('',#5480,#5473,#156,.T.);
#4539=EDGE_CURVE('',#5481,#5480,#6824,.F.);
#4540=EDGE_CURVE('',#5481,#5468,#157,.T.);
#4541=EDGE_CURVE('',#5482,#5477,#158,.T.);
#4542=EDGE_CURVE('',#5483,#5482,#6825,.F.);
#4543=EDGE_CURVE('',#5483,#5478,#159,.T.);
#4544=EDGE_CURVE('',#5484,#5480,#160,.T.);
#4545=EDGE_CURVE('',#5485,#5484,#6826,.F.);
#4546=EDGE_CURVE('',#5485,#5481,#161,.T.);
#4547=EDGE_CURVE('',#5486,#5482,#162,.T.);
#4548=EDGE_CURVE('',#5487,#5486,#6827,.F.);
#4549=EDGE_CURVE('',#5487,#5483,#163,.T.);
#4550=EDGE_CURVE('',#5389,#5484,#164,.T.);
#4551=EDGE_CURVE('',#5388,#5485,#165,.T.);
#4552=EDGE_CURVE('',#5465,#5486,#166,.T.);
#4553=EDGE_CURVE('',#5464,#5487,#167,.T.);
#4554=EDGE_CURVE('',#5472,#5479,#6828,.T.);
#4555=EDGE_CURVE('',#5476,#5469,#6829,.T.);
#4556=EDGE_CURVE('',#5470,#5475,#6830,.T.);
#4557=EDGE_CURVE('',#5474,#5471,#6831,.T.);
#4558=VERTEX_POINT('',#13480);
#4559=VERTEX_POINT('',#13481);
#4560=VERTEX_POINT('',#13483);
#4561=VERTEX_POINT('',#13485);
#4562=VERTEX_POINT('',#13487);
#4563=VERTEX_POINT('',#13489);
#4564=VERTEX_POINT('',#13491);
#4565=VERTEX_POINT('',#13493);
#4566=VERTEX_POINT('',#13495);
#4567=VERTEX_POINT('',#13497);
#4568=VERTEX_POINT('',#13499);
#4569=VERTEX_POINT('',#13501);
#4570=VERTEX_POINT('',#13503);
#4571=VERTEX_POINT('',#13505);
#4572=VERTEX_POINT('',#13507);
#4573=VERTEX_POINT('',#13509);
#4574=VERTEX_POINT('',#13511);
#4575=VERTEX_POINT('',#13513);
#4576=VERTEX_POINT('',#13515);
#4577=VERTEX_POINT('',#13517);
#4578=VERTEX_POINT('',#13519);
#4579=VERTEX_POINT('',#13521);
#4580=VERTEX_POINT('',#13523);
#4581=VERTEX_POINT('',#13525);
#4582=VERTEX_POINT('',#13527);
#4583=VERTEX_POINT('',#13529);
#4584=VERTEX_POINT('',#13531);
#4585=VERTEX_POINT('',#13533);
#4586=VERTEX_POINT('',#13535);
#4587=VERTEX_POINT('',#13537);
#4588=VERTEX_POINT('',#13539);
#4589=VERTEX_POINT('',#13541);
#4590=VERTEX_POINT('',#13543);
#4591=VERTEX_POINT('',#13545);
#4592=VERTEX_POINT('',#13547);
#4593=VERTEX_POINT('',#13549);
#4594=VERTEX_POINT('',#13551);
#4595=VERTEX_POINT('',#13553);
#4596=VERTEX_POINT('',#13555);
#4597=VERTEX_POINT('',#13557);
#4598=VERTEX_POINT('',#13559);
#4599=VERTEX_POINT('',#13561);
#4600=VERTEX_POINT('',#13563);
#4601=VERTEX_POINT('',#13565);
#4602=VERTEX_POINT('',#13567);
#4603=VERTEX_POINT('',#13569);
#4604=VERTEX_POINT('',#13571);
#4605=VERTEX_POINT('',#13573);
#4606=VERTEX_POINT('',#13575);
#4607=VERTEX_POINT('',#13577);
#4608=VERTEX_POINT('',#13579);
#4609=VERTEX_POINT('',#13581);
#4610=VERTEX_POINT('',#13583);
#4611=VERTEX_POINT('',#13585);
#4612=VERTEX_POINT('',#13587);
#4613=VERTEX_POINT('',#13589);
#4614=VERTEX_POINT('',#13591);
#4615=VERTEX_POINT('',#13593);
#4616=VERTEX_POINT('',#13597);
#4617=VERTEX_POINT('',#13598);
#4618=VERTEX_POINT('',#13600);
#4619=VERTEX_POINT('',#13602);
#4620=VERTEX_POINT('',#13606);
#4621=VERTEX_POINT('',#13607);
#4622=VERTEX_POINT('',#13609);
#4623=VERTEX_POINT('',#13612);
#4624=VERTEX_POINT('',#13614);
#4625=VERTEX_POINT('',#13616);
#4626=VERTEX_POINT('',#13618);
#4627=VERTEX_POINT('',#13620);
#4628=VERTEX_POINT('',#13622);
#4629=VERTEX_POINT('',#13624);
#4630=VERTEX_POINT('',#13628);
#4631=VERTEX_POINT('',#13630);
#4632=VERTEX_POINT('',#13632);
#4633=VERTEX_POINT('',#13634);
#4634=VERTEX_POINT('',#13636);
#4635=VERTEX_POINT('',#13638);
#4636=VERTEX_POINT('',#13640);
#4637=VERTEX_POINT('',#13642);
#4638=VERTEX_POINT('',#13644);
#4639=VERTEX_POINT('',#13646);
#4640=VERTEX_POINT('',#13650);
#4641=VERTEX_POINT('',#13651);
#4642=VERTEX_POINT('',#13653);
#4643=VERTEX_POINT('',#13656);
#4644=VERTEX_POINT('',#13660);
#4645=VERTEX_POINT('',#13662);
#4646=VERTEX_POINT('',#13664);
#4647=VERTEX_POINT('',#13666);
#4648=VERTEX_POINT('',#13670);
#4649=VERTEX_POINT('',#13671);
#4650=VERTEX_POINT('',#13673);
#4651=VERTEX_POINT('',#13675);
#4652=VERTEX_POINT('',#13677);
#4653=VERTEX_POINT('',#13681);
#4654=VERTEX_POINT('',#13682);
#4655=VERTEX_POINT('',#13684);
#4656=VERTEX_POINT('',#13686);
#4657=VERTEX_POINT('',#13688);
#4658=VERTEX_POINT('',#13692);
#4659=VERTEX_POINT('',#13695);
#4660=VERTEX_POINT('',#13699);
#4661=VERTEX_POINT('',#13702);
#4662=VERTEX_POINT('',#13706);
#4663=VERTEX_POINT('',#13707);
#4664=VERTEX_POINT('',#13709);
#4665=VERTEX_POINT('',#13711);
#4666=VERTEX_POINT('',#13713);
#4667=VERTEX_POINT('',#13715);
#4668=VERTEX_POINT('',#13719);
#4669=VERTEX_POINT('',#13720);
#4670=VERTEX_POINT('',#13722);
#4671=VERTEX_POINT('',#13724);
#4672=VERTEX_POINT('',#13729);
#4673=VERTEX_POINT('',#13734);
#4674=VERTEX_POINT('',#13739);
#4675=VERTEX_POINT('',#13740);
#4676=VERTEX_POINT('',#13742);
#4677=VERTEX_POINT('',#13744);
#4678=VERTEX_POINT('',#13746);
#4679=VERTEX_POINT('',#13751);
#4680=VERTEX_POINT('',#13756);
#4681=VERTEX_POINT('',#13760);
#4682=VERTEX_POINT('',#13761);
#4683=VERTEX_POINT('',#13763);
#4684=VERTEX_POINT('',#13765);
#4685=VERTEX_POINT('',#13767);
#4686=VERTEX_POINT('',#13771);
#4687=VERTEX_POINT('',#13776);
#4688=VERTEX_POINT('',#13778);
#4689=VERTEX_POINT('',#13780);
#4690=VERTEX_POINT('',#13787);
#4691=VERTEX_POINT('',#13788);
#4692=VERTEX_POINT('',#13790);
#4693=VERTEX_POINT('',#13792);
#4694=VERTEX_POINT('',#13794);
#4695=VERTEX_POINT('',#13807);
#4696=VERTEX_POINT('',#13808);
#4697=VERTEX_POINT('',#13810);
#4698=VERTEX_POINT('',#13812);
#4699=VERTEX_POINT('',#13816);
#4700=VERTEX_POINT('',#13817);
#4701=VERTEX_POINT('',#13819);
#4702=VERTEX_POINT('',#13822);
#4703=VERTEX_POINT('',#13824);
#4704=VERTEX_POINT('',#13826);
#4705=VERTEX_POINT('',#13828);
#4706=VERTEX_POINT('',#13830);
#4707=VERTEX_POINT('',#13832);
#4708=VERTEX_POINT('',#13834);
#4709=VERTEX_POINT('',#13839);
#4710=VERTEX_POINT('',#13841);
#4711=VERTEX_POINT('',#13843);
#4712=VERTEX_POINT('',#13845);
#4713=VERTEX_POINT('',#13847);
#4714=VERTEX_POINT('',#13849);
#4715=VERTEX_POINT('',#13853);
#4716=VERTEX_POINT('',#13854);
#4717=VERTEX_POINT('',#13856);
#4718=VERTEX_POINT('',#13859);
#4719=VERTEX_POINT('',#13863);
#4720=VERTEX_POINT('',#13865);
#4721=VERTEX_POINT('',#13867);
#4722=VERTEX_POINT('',#13869);
#4723=VERTEX_POINT('',#13873);
#4724=VERTEX_POINT('',#13874);
#4725=VERTEX_POINT('',#13876);
#4726=VERTEX_POINT('',#13878);
#4727=VERTEX_POINT('',#13880);
#4728=VERTEX_POINT('',#13884);
#4729=VERTEX_POINT('',#13885);
#4730=VERTEX_POINT('',#13887);
#4731=VERTEX_POINT('',#13889);
#4732=VERTEX_POINT('',#13891);
#4733=VERTEX_POINT('',#13895);
#4734=VERTEX_POINT('',#13898);
#4735=VERTEX_POINT('',#13902);
#4736=VERTEX_POINT('',#13905);
#4737=VERTEX_POINT('',#13909);
#4738=VERTEX_POINT('',#13910);
#4739=VERTEX_POINT('',#13912);
#4740=VERTEX_POINT('',#13914);
#4741=VERTEX_POINT('',#13916);
#4742=VERTEX_POINT('',#13918);
#4743=VERTEX_POINT('',#13922);
#4744=VERTEX_POINT('',#13923);
#4745=VERTEX_POINT('',#13925);
#4746=VERTEX_POINT('',#13927);
#4747=VERTEX_POINT('',#13932);
#4748=VERTEX_POINT('',#13937);
#4749=VERTEX_POINT('',#13942);
#4750=VERTEX_POINT('',#13943);
#4751=VERTEX_POINT('',#13945);
#4752=VERTEX_POINT('',#13947);
#4753=VERTEX_POINT('',#13949);
#4754=VERTEX_POINT('',#13954);
#4755=VERTEX_POINT('',#13959);
#4756=VERTEX_POINT('',#13963);
#4757=VERTEX_POINT('',#13964);
#4758=VERTEX_POINT('',#13966);
#4759=VERTEX_POINT('',#13968);
#4760=VERTEX_POINT('',#13970);
#4761=VERTEX_POINT('',#13983);
#4762=VERTEX_POINT('',#13984);
#4763=VERTEX_POINT('',#13986);
#4764=VERTEX_POINT('',#13988);
#4765=VERTEX_POINT('',#13992);
#4766=VERTEX_POINT('',#13993);
#4767=VERTEX_POINT('',#13995);
#4768=VERTEX_POINT('',#13998);
#4769=VERTEX_POINT('',#14000);
#4770=VERTEX_POINT('',#14002);
#4771=VERTEX_POINT('',#14004);
#4772=VERTEX_POINT('',#14006);
#4773=VERTEX_POINT('',#14008);
#4774=VERTEX_POINT('',#14010);
#4775=VERTEX_POINT('',#14015);
#4776=VERTEX_POINT('',#14017);
#4777=VERTEX_POINT('',#14019);
#4778=VERTEX_POINT('',#14021);
#4779=VERTEX_POINT('',#14023);
#4780=VERTEX_POINT('',#14025);
#4781=VERTEX_POINT('',#14029);
#4782=VERTEX_POINT('',#14030);
#4783=VERTEX_POINT('',#14032);
#4784=VERTEX_POINT('',#14035);
#4785=VERTEX_POINT('',#14039);
#4786=VERTEX_POINT('',#14041);
#4787=VERTEX_POINT('',#14043);
#4788=VERTEX_POINT('',#14045);
#4789=VERTEX_POINT('',#14049);
#4790=VERTEX_POINT('',#14050);
#4791=VERTEX_POINT('',#14052);
#4792=VERTEX_POINT('',#14054);
#4793=VERTEX_POINT('',#14056);
#4794=VERTEX_POINT('',#14060);
#4795=VERTEX_POINT('',#14061);
#4796=VERTEX_POINT('',#14063);
#4797=VERTEX_POINT('',#14065);
#4798=VERTEX_POINT('',#14067);
#4799=VERTEX_POINT('',#14071);
#4800=VERTEX_POINT('',#14074);
#4801=VERTEX_POINT('',#14078);
#4802=VERTEX_POINT('',#14081);
#4803=VERTEX_POINT('',#14085);
#4804=VERTEX_POINT('',#14086);
#4805=VERTEX_POINT('',#14088);
#4806=VERTEX_POINT('',#14090);
#4807=VERTEX_POINT('',#14092);
#4808=VERTEX_POINT('',#14094);
#4809=VERTEX_POINT('',#14098);
#4810=VERTEX_POINT('',#14099);
#4811=VERTEX_POINT('',#14101);
#4812=VERTEX_POINT('',#14103);
#4813=VERTEX_POINT('',#14108);
#4814=VERTEX_POINT('',#14113);
#4815=VERTEX_POINT('',#14118);
#4816=VERTEX_POINT('',#14119);
#4817=VERTEX_POINT('',#14121);
#4818=VERTEX_POINT('',#14123);
#4819=VERTEX_POINT('',#14125);
#4820=VERTEX_POINT('',#14130);
#4821=VERTEX_POINT('',#14135);
#4822=VERTEX_POINT('',#14139);
#4823=VERTEX_POINT('',#14140);
#4824=VERTEX_POINT('',#14142);
#4825=VERTEX_POINT('',#14144);
#4826=VERTEX_POINT('',#14146);
#4827=VERTEX_POINT('',#14159);
#4828=VERTEX_POINT('',#14160);
#4829=VERTEX_POINT('',#14162);
#4830=VERTEX_POINT('',#14164);
#4831=VERTEX_POINT('',#14168);
#4832=VERTEX_POINT('',#14169);
#4833=VERTEX_POINT('',#14171);
#4834=VERTEX_POINT('',#14174);
#4835=VERTEX_POINT('',#14176);
#4836=VERTEX_POINT('',#14178);
#4837=VERTEX_POINT('',#14180);
#4838=VERTEX_POINT('',#14182);
#4839=VERTEX_POINT('',#14184);
#4840=VERTEX_POINT('',#14186);
#4841=VERTEX_POINT('',#14191);
#4842=VERTEX_POINT('',#14193);
#4843=VERTEX_POINT('',#14195);
#4844=VERTEX_POINT('',#14197);
#4845=VERTEX_POINT('',#14199);
#4846=VERTEX_POINT('',#14201);
#4847=VERTEX_POINT('',#14205);
#4848=VERTEX_POINT('',#14206);
#4849=VERTEX_POINT('',#14208);
#4850=VERTEX_POINT('',#14211);
#4851=VERTEX_POINT('',#14215);
#4852=VERTEX_POINT('',#14217);
#4853=VERTEX_POINT('',#14219);
#4854=VERTEX_POINT('',#14221);
#4855=VERTEX_POINT('',#14225);
#4856=VERTEX_POINT('',#14226);
#4857=VERTEX_POINT('',#14228);
#4858=VERTEX_POINT('',#14230);
#4859=VERTEX_POINT('',#14232);
#4860=VERTEX_POINT('',#14236);
#4861=VERTEX_POINT('',#14237);
#4862=VERTEX_POINT('',#14239);
#4863=VERTEX_POINT('',#14241);
#4864=VERTEX_POINT('',#14243);
#4865=VERTEX_POINT('',#14247);
#4866=VERTEX_POINT('',#14250);
#4867=VERTEX_POINT('',#14254);
#4868=VERTEX_POINT('',#14257);
#4869=VERTEX_POINT('',#14261);
#4870=VERTEX_POINT('',#14262);
#4871=VERTEX_POINT('',#14264);
#4872=VERTEX_POINT('',#14266);
#4873=VERTEX_POINT('',#14268);
#4874=VERTEX_POINT('',#14270);
#4875=VERTEX_POINT('',#14274);
#4876=VERTEX_POINT('',#14275);
#4877=VERTEX_POINT('',#14277);
#4878=VERTEX_POINT('',#14279);
#4879=VERTEX_POINT('',#14284);
#4880=VERTEX_POINT('',#14289);
#4881=VERTEX_POINT('',#14294);
#4882=VERTEX_POINT('',#14295);
#4883=VERTEX_POINT('',#14297);
#4884=VERTEX_POINT('',#14299);
#4885=VERTEX_POINT('',#14301);
#4886=VERTEX_POINT('',#14306);
#4887=VERTEX_POINT('',#14311);
#4888=VERTEX_POINT('',#14315);
#4889=VERTEX_POINT('',#14316);
#4890=VERTEX_POINT('',#14318);
#4891=VERTEX_POINT('',#14320);
#4892=VERTEX_POINT('',#14322);
#4893=VERTEX_POINT('',#14335);
#4894=VERTEX_POINT('',#14336);
#4895=VERTEX_POINT('',#14338);
#4896=VERTEX_POINT('',#14340);
#4897=VERTEX_POINT('',#14344);
#4898=VERTEX_POINT('',#14345);
#4899=VERTEX_POINT('',#14347);
#4900=VERTEX_POINT('',#14350);
#4901=VERTEX_POINT('',#14352);
#4902=VERTEX_POINT('',#14354);
#4903=VERTEX_POINT('',#14356);
#4904=VERTEX_POINT('',#14358);
#4905=VERTEX_POINT('',#14360);
#4906=VERTEX_POINT('',#14362);
#4907=VERTEX_POINT('',#14367);
#4908=VERTEX_POINT('',#14369);
#4909=VERTEX_POINT('',#14371);
#4910=VERTEX_POINT('',#14373);
#4911=VERTEX_POINT('',#14375);
#4912=VERTEX_POINT('',#14377);
#4913=VERTEX_POINT('',#14381);
#4914=VERTEX_POINT('',#14382);
#4915=VERTEX_POINT('',#14384);
#4916=VERTEX_POINT('',#14387);
#4917=VERTEX_POINT('',#14391);
#4918=VERTEX_POINT('',#14393);
#4919=VERTEX_POINT('',#14395);
#4920=VERTEX_POINT('',#14397);
#4921=VERTEX_POINT('',#14401);
#4922=VERTEX_POINT('',#14402);
#4923=VERTEX_POINT('',#14404);
#4924=VERTEX_POINT('',#14406);
#4925=VERTEX_POINT('',#14408);
#4926=VERTEX_POINT('',#14412);
#4927=VERTEX_POINT('',#14413);
#4928=VERTEX_POINT('',#14415);
#4929=VERTEX_POINT('',#14417);
#4930=VERTEX_POINT('',#14419);
#4931=VERTEX_POINT('',#14423);
#4932=VERTEX_POINT('',#14426);
#4933=VERTEX_POINT('',#14430);
#4934=VERTEX_POINT('',#14433);
#4935=VERTEX_POINT('',#14437);
#4936=VERTEX_POINT('',#14438);
#4937=VERTEX_POINT('',#14440);
#4938=VERTEX_POINT('',#14442);
#4939=VERTEX_POINT('',#14444);
#4940=VERTEX_POINT('',#14446);
#4941=VERTEX_POINT('',#14450);
#4942=VERTEX_POINT('',#14451);
#4943=VERTEX_POINT('',#14453);
#4944=VERTEX_POINT('',#14455);
#4945=VERTEX_POINT('',#14460);
#4946=VERTEX_POINT('',#14465);
#4947=VERTEX_POINT('',#14470);
#4948=VERTEX_POINT('',#14471);
#4949=VERTEX_POINT('',#14473);
#4950=VERTEX_POINT('',#14475);
#4951=VERTEX_POINT('',#14477);
#4952=VERTEX_POINT('',#14482);
#4953=VERTEX_POINT('',#14487);
#4954=VERTEX_POINT('',#14491);
#4955=VERTEX_POINT('',#14492);
#4956=VERTEX_POINT('',#14494);
#4957=VERTEX_POINT('',#14496);
#4958=VERTEX_POINT('',#14498);
#4959=VERTEX_POINT('',#14508);
#4960=VERTEX_POINT('',#14509);
#4961=VERTEX_POINT('',#14511);
#4962=VERTEX_POINT('',#14513);
#4963=VERTEX_POINT('',#14519);
#4964=VERTEX_POINT('',#14521);
#4965=VERTEX_POINT('',#14523);
#4966=VERTEX_POINT('',#14525);
#4967=VERTEX_POINT('',#14527);
#4968=VERTEX_POINT('',#14529);
#4969=VERTEX_POINT('',#14533);
#4970=VERTEX_POINT('',#14534);
#4971=VERTEX_POINT('',#14536);
#4972=VERTEX_POINT('',#14538);
#4973=VERTEX_POINT('',#14540);
#4974=VERTEX_POINT('',#14544);
#4975=VERTEX_POINT('',#14545);
#4976=VERTEX_POINT('',#14547);
#4977=VERTEX_POINT('',#14549);
#4978=VERTEX_POINT('',#14551);
#4979=VERTEX_POINT('',#14558);
#4980=VERTEX_POINT('',#14559);
#4981=VERTEX_POINT('',#14561);
#4982=VERTEX_POINT('',#14563);
#4983=VERTEX_POINT('',#14567);
#4984=VERTEX_POINT('',#14568);
#4985=VERTEX_POINT('',#14570);
#4986=VERTEX_POINT('',#14572);
#4987=VERTEX_POINT('',#14575);
#4988=VERTEX_POINT('',#14577);
#4989=VERTEX_POINT('',#14579);
#4990=VERTEX_POINT('',#14581);
#4991=VERTEX_POINT('',#14583);
#4992=VERTEX_POINT('',#14585);
#4993=VERTEX_POINT('',#14590);
#4994=VERTEX_POINT('',#14592);
#4995=VERTEX_POINT('',#14594);
#4996=VERTEX_POINT('',#14596);
#4997=VERTEX_POINT('',#14598);
#4998=VERTEX_POINT('',#14600);
#4999=VERTEX_POINT('',#14604);
#5000=VERTEX_POINT('',#14605);
#5001=VERTEX_POINT('',#14607);
#5002=VERTEX_POINT('',#14610);
#5003=VERTEX_POINT('',#14614);
#5004=VERTEX_POINT('',#14616);
#5005=VERTEX_POINT('',#14618);
#5006=VERTEX_POINT('',#14620);
#5007=VERTEX_POINT('',#14624);
#5008=VERTEX_POINT('',#14625);
#5009=VERTEX_POINT('',#14627);
#5010=VERTEX_POINT('',#14632);
#5011=VERTEX_POINT('',#14634);
#5012=VERTEX_POINT('',#14636);
#5013=VERTEX_POINT('',#14638);
#5014=VERTEX_POINT('',#14642);
#5015=VERTEX_POINT('',#14643);
#5016=VERTEX_POINT('',#14648);
#5017=VERTEX_POINT('',#14649);
#5018=VERTEX_POINT('',#14651);
#5019=VERTEX_POINT('',#14662);
#5020=VERTEX_POINT('',#14664);
#5021=VERTEX_POINT('',#14672);
#5022=VERTEX_POINT('',#14674);
#5023=VERTEX_POINT('',#14677);
#5024=VERTEX_POINT('',#14679);
#5025=VERTEX_POINT('',#14681);
#5026=VERTEX_POINT('',#14683);
#5027=VERTEX_POINT('',#14695);
#5028=VERTEX_POINT('',#14699);
#5029=VERTEX_POINT('',#14705);
#5030=VERTEX_POINT('',#14706);
#5031=VERTEX_POINT('',#14708);
#5032=VERTEX_POINT('',#14710);
#5033=VERTEX_POINT('',#14713);
#5034=VERTEX_POINT('',#14714);
#5035=VERTEX_POINT('',#14716);
#5036=VERTEX_POINT('',#14718);
#5037=VERTEX_POINT('',#14723);
#5038=VERTEX_POINT('',#14724);
#5039=VERTEX_POINT('',#14726);
#5040=VERTEX_POINT('',#14728);
#5041=VERTEX_POINT('',#14731);
#5042=VERTEX_POINT('',#14734);
#5043=VERTEX_POINT('',#14736);
#5044=VERTEX_POINT('',#14738);
#5045=VERTEX_POINT('',#14740);
#5046=VERTEX_POINT('',#14742);
#5047=VERTEX_POINT('',#14744);
#5048=VERTEX_POINT('',#14746);
#5049=VERTEX_POINT('',#14749);
#5050=VERTEX_POINT('',#14752);
#5051=VERTEX_POINT('',#14754);
#5052=VERTEX_POINT('',#14756);
#5053=VERTEX_POINT('',#14758);
#5054=VERTEX_POINT('',#14760);
#5055=VERTEX_POINT('',#14762);
#5056=VERTEX_POINT('',#14764);
#5057=VERTEX_POINT('',#14767);
#5058=VERTEX_POINT('',#14768);
#5059=VERTEX_POINT('',#14770);
#5060=VERTEX_POINT('',#14772);
#5061=VERTEX_POINT('',#14775);
#5062=VERTEX_POINT('',#14776);
#5063=VERTEX_POINT('',#14778);
#5064=VERTEX_POINT('',#14780);
#5065=VERTEX_POINT('',#14785);
#5066=VERTEX_POINT('',#14786);
#5067=VERTEX_POINT('',#14788);
#5068=VERTEX_POINT('',#14790);
#5069=VERTEX_POINT('',#14793);
#5070=VERTEX_POINT('',#14796);
#5071=VERTEX_POINT('',#14798);
#5072=VERTEX_POINT('',#14800);
#5073=VERTEX_POINT('',#14802);
#5074=VERTEX_POINT('',#14804);
#5075=VERTEX_POINT('',#14806);
#5076=VERTEX_POINT('',#14808);
#5077=VERTEX_POINT('',#14811);
#5078=VERTEX_POINT('',#14814);
#5079=VERTEX_POINT('',#14816);
#5080=VERTEX_POINT('',#14818);
#5081=VERTEX_POINT('',#14820);
#5082=VERTEX_POINT('',#14822);
#5083=VERTEX_POINT('',#14824);
#5084=VERTEX_POINT('',#14826);
#5085=VERTEX_POINT('',#14829);
#5086=VERTEX_POINT('',#14830);
#5087=VERTEX_POINT('',#14832);
#5088=VERTEX_POINT('',#14834);
#5089=VERTEX_POINT('',#14837);
#5090=VERTEX_POINT('',#14838);
#5091=VERTEX_POINT('',#14840);
#5092=VERTEX_POINT('',#14842);
#5093=VERTEX_POINT('',#14847);
#5094=VERTEX_POINT('',#14848);
#5095=VERTEX_POINT('',#14850);
#5096=VERTEX_POINT('',#14852);
#5097=VERTEX_POINT('',#14855);
#5098=VERTEX_POINT('',#14858);
#5099=VERTEX_POINT('',#14860);
#5100=VERTEX_POINT('',#14862);
#5101=VERTEX_POINT('',#14864);
#5102=VERTEX_POINT('',#14866);
#5103=VERTEX_POINT('',#14868);
#5104=VERTEX_POINT('',#14870);
#5105=VERTEX_POINT('',#14873);
#5106=VERTEX_POINT('',#14876);
#5107=VERTEX_POINT('',#14878);
#5108=VERTEX_POINT('',#14880);
#5109=VERTEX_POINT('',#14882);
#5110=VERTEX_POINT('',#14884);
#5111=VERTEX_POINT('',#14886);
#5112=VERTEX_POINT('',#14888);
#5113=VERTEX_POINT('',#14891);
#5114=VERTEX_POINT('',#14892);
#5115=VERTEX_POINT('',#14894);
#5116=VERTEX_POINT('',#14896);
#5117=VERTEX_POINT('',#14899);
#5118=VERTEX_POINT('',#14900);
#5119=VERTEX_POINT('',#14902);
#5120=VERTEX_POINT('',#14904);
#5121=VERTEX_POINT('',#14909);
#5122=VERTEX_POINT('',#14910);
#5123=VERTEX_POINT('',#14912);
#5124=VERTEX_POINT('',#14914);
#5125=VERTEX_POINT('',#14917);
#5126=VERTEX_POINT('',#14920);
#5127=VERTEX_POINT('',#14922);
#5128=VERTEX_POINT('',#14924);
#5129=VERTEX_POINT('',#14926);
#5130=VERTEX_POINT('',#14928);
#5131=VERTEX_POINT('',#14930);
#5132=VERTEX_POINT('',#14932);
#5133=VERTEX_POINT('',#14935);
#5134=VERTEX_POINT('',#14938);
#5135=VERTEX_POINT('',#14940);
#5136=VERTEX_POINT('',#14942);
#5137=VERTEX_POINT('',#14944);
#5138=VERTEX_POINT('',#14946);
#5139=VERTEX_POINT('',#14948);
#5140=VERTEX_POINT('',#14950);
#5141=VERTEX_POINT('',#14953);
#5142=VERTEX_POINT('',#14954);
#5143=VERTEX_POINT('',#14956);
#5144=VERTEX_POINT('',#14958);
#5145=VERTEX_POINT('',#14961);
#5146=VERTEX_POINT('',#14962);
#5147=VERTEX_POINT('',#14964);
#5148=VERTEX_POINT('',#14966);
#5149=VERTEX_POINT('',#14971);
#5150=VERTEX_POINT('',#14972);
#5151=VERTEX_POINT('',#14974);
#5152=VERTEX_POINT('',#14976);
#5153=VERTEX_POINT('',#14979);
#5154=VERTEX_POINT('',#14982);
#5155=VERTEX_POINT('',#14984);
#5156=VERTEX_POINT('',#14986);
#5157=VERTEX_POINT('',#14988);
#5158=VERTEX_POINT('',#14990);
#5159=VERTEX_POINT('',#14992);
#5160=VERTEX_POINT('',#14994);
#5161=VERTEX_POINT('',#14997);
#5162=VERTEX_POINT('',#15000);
#5163=VERTEX_POINT('',#15002);
#5164=VERTEX_POINT('',#15004);
#5165=VERTEX_POINT('',#15006);
#5166=VERTEX_POINT('',#15008);
#5167=VERTEX_POINT('',#15010);
#5168=VERTEX_POINT('',#15012);
#5169=VERTEX_POINT('',#15015);
#5170=VERTEX_POINT('',#15016);
#5171=VERTEX_POINT('',#15018);
#5172=VERTEX_POINT('',#15020);
#5173=VERTEX_POINT('',#15023);
#5174=VERTEX_POINT('',#15024);
#5175=VERTEX_POINT('',#15026);
#5176=VERTEX_POINT('',#15028);
#5177=VERTEX_POINT('',#15033);
#5178=VERTEX_POINT('',#15034);
#5179=VERTEX_POINT('',#15036);
#5180=VERTEX_POINT('',#15038);
#5181=VERTEX_POINT('',#15041);
#5182=VERTEX_POINT('',#15044);
#5183=VERTEX_POINT('',#15046);
#5184=VERTEX_POINT('',#15048);
#5185=VERTEX_POINT('',#15050);
#5186=VERTEX_POINT('',#15052);
#5187=VERTEX_POINT('',#15054);
#5188=VERTEX_POINT('',#15056);
#5189=VERTEX_POINT('',#15059);
#5190=VERTEX_POINT('',#15062);
#5191=VERTEX_POINT('',#15064);
#5192=VERTEX_POINT('',#15066);
#5193=VERTEX_POINT('',#15068);
#5194=VERTEX_POINT('',#15070);
#5195=VERTEX_POINT('',#15072);
#5196=VERTEX_POINT('',#15074);
#5197=VERTEX_POINT('',#15078);
#5198=VERTEX_POINT('',#15080);
#5199=VERTEX_POINT('',#15088);
#5200=VERTEX_POINT('',#15093);
#5201=VERTEX_POINT('',#15098);
#5202=VERTEX_POINT('',#15099);
#5203=VERTEX_POINT('',#15101);
#5204=VERTEX_POINT('',#15109);
#5205=VERTEX_POINT('',#15111);
#5206=VERTEX_POINT('',#15113);
#5207=VERTEX_POINT('',#15127);
#5208=VERTEX_POINT('',#15134);
#5209=VERTEX_POINT('',#15142);
#5210=VERTEX_POINT('',#15161);
#5211=VERTEX_POINT('',#15163);
#5212=VERTEX_POINT('',#15167);
#5213=VERTEX_POINT('',#15171);
#5214=VERTEX_POINT('',#15178);
#5215=VERTEX_POINT('',#15180);
#5216=VERTEX_POINT('',#15184);
#5217=VERTEX_POINT('',#15188);
#5218=VERTEX_POINT('',#15218);
#5219=VERTEX_POINT('',#15223);
#5220=VERTEX_POINT('',#15272);
#5221=VERTEX_POINT('',#15274);
#5222=VERTEX_POINT('',#15278);
#5223=VERTEX_POINT('',#15282);
#5224=VERTEX_POINT('',#15289);
#5225=VERTEX_POINT('',#15291);
#5226=VERTEX_POINT('',#15295);
#5227=VERTEX_POINT('',#15299);
#5228=VERTEX_POINT('',#15314);
#5229=VERTEX_POINT('',#15319);
#5230=VERTEX_POINT('',#15368);
#5231=VERTEX_POINT('',#15370);
#5232=VERTEX_POINT('',#15374);
#5233=VERTEX_POINT('',#15378);
#5234=VERTEX_POINT('',#15385);
#5235=VERTEX_POINT('',#15387);
#5236=VERTEX_POINT('',#15391);
#5237=VERTEX_POINT('',#15395);
#5238=VERTEX_POINT('',#15410);
#5239=VERTEX_POINT('',#15415);
#5240=VERTEX_POINT('',#15464);
#5241=VERTEX_POINT('',#15466);
#5242=VERTEX_POINT('',#15470);
#5243=VERTEX_POINT('',#15474);
#5244=VERTEX_POINT('',#15481);
#5245=VERTEX_POINT('',#15483);
#5246=VERTEX_POINT('',#15487);
#5247=VERTEX_POINT('',#15491);
#5248=VERTEX_POINT('',#15506);
#5249=VERTEX_POINT('',#15511);
#5250=VERTEX_POINT('',#15560);
#5251=VERTEX_POINT('',#15562);
#5252=VERTEX_POINT('',#15566);
#5253=VERTEX_POINT('',#15570);
#5254=VERTEX_POINT('',#15577);
#5255=VERTEX_POINT('',#15579);
#5256=VERTEX_POINT('',#15583);
#5257=VERTEX_POINT('',#15587);
#5258=VERTEX_POINT('',#15602);
#5259=VERTEX_POINT('',#15607);
#5260=VERTEX_POINT('',#15656);
#5261=VERTEX_POINT('',#15658);
#5262=VERTEX_POINT('',#15662);
#5263=VERTEX_POINT('',#15666);
#5264=VERTEX_POINT('',#15673);
#5265=VERTEX_POINT('',#15675);
#5266=VERTEX_POINT('',#15679);
#5267=VERTEX_POINT('',#15683);
#5268=VERTEX_POINT('',#15699);
#5269=VERTEX_POINT('',#15700);
#5270=VERTEX_POINT('',#15702);
#5271=VERTEX_POINT('',#15704);
#5272=VERTEX_POINT('',#15706);
#5273=VERTEX_POINT('',#15708);
#5274=VERTEX_POINT('',#15710);
#5275=VERTEX_POINT('',#15712);
#5276=VERTEX_POINT('',#15714);
#5277=VERTEX_POINT('',#15716);
#5278=VERTEX_POINT('',#15718);
#5279=VERTEX_POINT('',#15720);
#5280=VERTEX_POINT('',#15722);
#5281=VERTEX_POINT('',#15724);
#5282=VERTEX_POINT('',#15726);
#5283=VERTEX_POINT('',#15728);
#5284=VERTEX_POINT('',#15730);
#5285=VERTEX_POINT('',#15732);
#5286=VERTEX_POINT('',#15734);
#5287=VERTEX_POINT('',#15736);
#5288=VERTEX_POINT('',#15738);
#5289=VERTEX_POINT('',#15740);
#5290=VERTEX_POINT('',#15742);
#5291=VERTEX_POINT('',#15744);
#5292=VERTEX_POINT('',#15746);
#5293=VERTEX_POINT('',#15748);
#5294=VERTEX_POINT('',#15750);
#5295=VERTEX_POINT('',#15752);
#5296=VERTEX_POINT('',#15754);
#5297=VERTEX_POINT('',#15756);
#5298=VERTEX_POINT('',#15758);
#5299=VERTEX_POINT('',#15760);
#5300=VERTEX_POINT('',#15762);
#5301=VERTEX_POINT('',#15764);
#5302=VERTEX_POINT('',#15766);
#5303=VERTEX_POINT('',#15768);
#5304=VERTEX_POINT('',#15770);
#5305=VERTEX_POINT('',#15772);
#5306=VERTEX_POINT('',#15774);
#5307=VERTEX_POINT('',#15776);
#5308=VERTEX_POINT('',#15778);
#5309=VERTEX_POINT('',#15780);
#5310=VERTEX_POINT('',#15782);
#5311=VERTEX_POINT('',#15786);
#5312=VERTEX_POINT('',#15787);
#5313=VERTEX_POINT('',#15792);
#5314=VERTEX_POINT('',#15793);
#5315=VERTEX_POINT('',#15796);
#5316=VERTEX_POINT('',#15798);
#5317=VERTEX_POINT('',#15800);
#5318=VERTEX_POINT('',#15802);
#5319=VERTEX_POINT('',#15804);
#5320=VERTEX_POINT('',#15806);
#5321=VERTEX_POINT('',#15808);
#5322=VERTEX_POINT('',#15810);
#5323=VERTEX_POINT('',#15812);
#5324=VERTEX_POINT('',#15814);
#5325=VERTEX_POINT('',#15816);
#5326=VERTEX_POINT('',#15818);
#5327=VERTEX_POINT('',#15820);
#5328=VERTEX_POINT('',#15822);
#5329=VERTEX_POINT('',#15824);
#5330=VERTEX_POINT('',#15826);
#5331=VERTEX_POINT('',#15828);
#5332=VERTEX_POINT('',#15830);
#5333=VERTEX_POINT('',#15832);
#5334=VERTEX_POINT('',#15834);
#5335=VERTEX_POINT('',#15836);
#5336=VERTEX_POINT('',#15838);
#5337=VERTEX_POINT('',#15840);
#5338=VERTEX_POINT('',#15842);
#5339=VERTEX_POINT('',#15844);
#5340=VERTEX_POINT('',#15846);
#5341=VERTEX_POINT('',#15848);
#5342=VERTEX_POINT('',#15850);
#5343=VERTEX_POINT('',#15852);
#5344=VERTEX_POINT('',#15854);
#5345=VERTEX_POINT('',#15856);
#5346=VERTEX_POINT('',#15858);
#5347=VERTEX_POINT('',#15860);
#5348=VERTEX_POINT('',#15862);
#5349=VERTEX_POINT('',#15864);
#5350=VERTEX_POINT('',#15866);
#5351=VERTEX_POINT('',#15868);
#5352=VERTEX_POINT('',#15870);
#5353=VERTEX_POINT('',#15872);
#5354=VERTEX_POINT('',#15893);
#5355=VERTEX_POINT('',#15894);
#5356=VERTEX_POINT('',#15896);
#5357=VERTEX_POINT('',#15898);
#5358=VERTEX_POINT('',#15900);
#5359=VERTEX_POINT('',#15902);
#5360=VERTEX_POINT('',#15906);
#5361=VERTEX_POINT('',#15908);
#5362=VERTEX_POINT('',#15968);
#5363=VERTEX_POINT('',#15969);
#5364=VERTEX_POINT('',#15972);
#5365=VERTEX_POINT('',#15974);
#5366=VERTEX_POINT('',#15978);
#5367=VERTEX_POINT('',#15980);
#5368=VERTEX_POINT('',#15982);
#5369=VERTEX_POINT('',#15984);
#5370=VERTEX_POINT('',#15988);
#5371=VERTEX_POINT('',#15992);
#5372=VERTEX_POINT('',#15996);
#5373=VERTEX_POINT('',#16000);
#5374=VERTEX_POINT('',#16021);
#5375=VERTEX_POINT('',#16022);
#5376=VERTEX_POINT('',#16024);
#5377=VERTEX_POINT('',#16026);
#5378=VERTEX_POINT('',#16030);
#5379=VERTEX_POINT('',#16031);
#5380=VERTEX_POINT('',#16033);
#5381=VERTEX_POINT('',#16035);
#5382=VERTEX_POINT('',#16039);
#5383=VERTEX_POINT('',#16040);
#5384=VERTEX_POINT('',#16042);
#5385=VERTEX_POINT('',#16044);
#5386=VERTEX_POINT('',#16046);
#5387=VERTEX_POINT('',#16048);
#5388=VERTEX_POINT('',#16051);
#5389=VERTEX_POINT('',#16053);
#5390=VERTEX_POINT('',#16056);
#5391=VERTEX_POINT('',#16058);
#5392=VERTEX_POINT('',#16060);
#5393=VERTEX_POINT('',#16062);
#5394=VERTEX_POINT('',#16064);
#5395=VERTEX_POINT('',#16066);
#5396=VERTEX_POINT('',#16068);
#5397=VERTEX_POINT('',#16070);
#5398=VERTEX_POINT('',#16072);
#5399=VERTEX_POINT('',#16074);
#5400=VERTEX_POINT('',#16076);
#5401=VERTEX_POINT('',#16078);
#5402=VERTEX_POINT('',#16080);
#5403=VERTEX_POINT('',#16082);
#5404=VERTEX_POINT('',#16084);
#5405=VERTEX_POINT('',#16086);
#5406=VERTEX_POINT('',#16088);
#5407=VERTEX_POINT('',#16090);
#5408=VERTEX_POINT('',#16092);
#5409=VERTEX_POINT('',#16094);
#5410=VERTEX_POINT('',#16096);
#5411=VERTEX_POINT('',#16098);
#5412=VERTEX_POINT('',#16100);
#5413=VERTEX_POINT('',#16102);
#5414=VERTEX_POINT('',#16104);
#5415=VERTEX_POINT('',#16106);
#5416=VERTEX_POINT('',#16108);
#5417=VERTEX_POINT('',#16110);
#5418=VERTEX_POINT('',#16112);
#5419=VERTEX_POINT('',#16114);
#5420=VERTEX_POINT('',#16116);
#5421=VERTEX_POINT('',#16118);
#5422=VERTEX_POINT('',#16120);
#5423=VERTEX_POINT('',#16122);
#5424=VERTEX_POINT('',#16124);
#5425=VERTEX_POINT('',#16128);
#5426=VERTEX_POINT('',#16129);
#5427=VERTEX_POINT('',#16134);
#5428=VERTEX_POINT('',#16136);
#5429=VERTEX_POINT('',#16140);
#5430=VERTEX_POINT('',#16141);
#5431=VERTEX_POINT('',#16143);
#5432=VERTEX_POINT('',#16145);
#5433=VERTEX_POINT('',#16147);
#5434=VERTEX_POINT('',#16149);
#5435=VERTEX_POINT('',#16151);
#5436=VERTEX_POINT('',#16153);
#5437=VERTEX_POINT('',#16156);
#5438=VERTEX_POINT('',#16158);
#5439=VERTEX_POINT('',#16160);
#5440=VERTEX_POINT('',#16162);
#5441=VERTEX_POINT('',#16164);
#5442=VERTEX_POINT('',#16166);
#5443=VERTEX_POINT('',#16168);
#5444=VERTEX_POINT('',#16170);
#5445=VERTEX_POINT('',#16172);
#5446=VERTEX_POINT('',#16174);
#5447=VERTEX_POINT('',#16176);
#5448=VERTEX_POINT('',#16178);
#5449=VERTEX_POINT('',#16180);
#5450=VERTEX_POINT('',#16182);
#5451=VERTEX_POINT('',#16184);
#5452=VERTEX_POINT('',#16186);
#5453=VERTEX_POINT('',#16188);
#5454=VERTEX_POINT('',#16190);
#5455=VERTEX_POINT('',#16192);
#5456=VERTEX_POINT('',#16194);
#5457=VERTEX_POINT('',#16196);
#5458=VERTEX_POINT('',#16199);
#5459=VERTEX_POINT('',#16201);
#5460=VERTEX_POINT('',#16203);
#5461=VERTEX_POINT('',#16205);
#5462=VERTEX_POINT('',#16207);
#5463=VERTEX_POINT('',#16209);
#5464=VERTEX_POINT('',#16212);
#5465=VERTEX_POINT('',#16214);
#5466=VERTEX_POINT('',#16217);
#5467=VERTEX_POINT('',#16219);
#5468=VERTEX_POINT('',#16300);
#5469=VERTEX_POINT('',#16301);
#5470=VERTEX_POINT('',#16303);
#5471=VERTEX_POINT('',#16305);
#5472=VERTEX_POINT('',#16307);
#5473=VERTEX_POINT('',#16309);
#5474=VERTEX_POINT('',#16313);
#5475=VERTEX_POINT('',#16314);
#5476=VERTEX_POINT('',#16316);
#5477=VERTEX_POINT('',#16318);
#5478=VERTEX_POINT('',#16320);
#5479=VERTEX_POINT('',#16322);
#5480=VERTEX_POINT('',#16326);
#5481=VERTEX_POINT('',#16328);
#5482=VERTEX_POINT('',#16332);
#5483=VERTEX_POINT('',#16334);
#5484=VERTEX_POINT('',#16338);
#5485=VERTEX_POINT('',#16340);
#5486=VERTEX_POINT('',#16344);
#5487=VERTEX_POINT('',#16346);
#5488=LINE('',#13479,#6832);
#5489=LINE('',#13482,#6833);
#5490=LINE('',#13484,#6834);
#5491=LINE('',#13486,#6835);
#5492=LINE('',#13488,#6836);
#5493=LINE('',#13490,#6837);
#5494=LINE('',#13492,#6838);
#5495=LINE('',#13494,#6839);
#5496=LINE('',#13496,#6840);
#5497=LINE('',#13498,#6841);
#5498=LINE('',#13500,#6842);
#5499=LINE('',#13502,#6843);
#5500=LINE('',#13504,#6844);
#5501=LINE('',#13506,#6845);
#5502=LINE('',#13508,#6846);
#5503=LINE('',#13510,#6847);
#5504=LINE('',#13512,#6848);
#5505=LINE('',#13514,#6849);
#5506=LINE('',#13516,#6850);
#5507=LINE('',#13518,#6851);
#5508=LINE('',#13520,#6852);
#5509=LINE('',#13522,#6853);
#5510=LINE('',#13524,#6854);
#5511=LINE('',#13526,#6855);
#5512=LINE('',#13528,#6856);
#5513=LINE('',#13530,#6857);
#5514=LINE('',#13532,#6858);
#5515=LINE('',#13534,#6859);
#5516=LINE('',#13536,#6860);
#5517=LINE('',#13538,#6861);
#5518=LINE('',#13540,#6862);
#5519=LINE('',#13542,#6863);
#5520=LINE('',#13544,#6864);
#5521=LINE('',#13546,#6865);
#5522=LINE('',#13548,#6866);
#5523=LINE('',#13550,#6867);
#5524=LINE('',#13552,#6868);
#5525=LINE('',#13554,#6869);
#5526=LINE('',#13556,#6870);
#5527=LINE('',#13558,#6871);
#5528=LINE('',#13560,#6872);
#5529=LINE('',#13562,#6873);
#5530=LINE('',#13564,#6874);
#5531=LINE('',#13566,#6875);
#5532=LINE('',#13568,#6876);
#5533=LINE('',#13570,#6877);
#5534=LINE('',#13572,#6878);
#5535=LINE('',#13574,#6879);
#5536=LINE('',#13576,#6880);
#5537=LINE('',#13578,#6881);
#5538=LINE('',#13580,#6882);
#5539=LINE('',#13582,#6883);
#5540=LINE('',#13584,#6884);
#5541=LINE('',#13586,#6885);
#5542=LINE('',#13588,#6886);
#5543=LINE('',#13590,#6887);
#5544=LINE('',#13592,#6888);
#5545=LINE('',#13594,#6889);
#5546=LINE('',#13596,#6890);
#5547=LINE('',#13599,#6891);
#5548=LINE('',#13601,#6892);
#5549=LINE('',#13603,#6893);
#5550=LINE('',#13605,#6894);
#5551=LINE('',#13608,#6895);
#5552=LINE('',#13610,#6896);
#5553=LINE('',#13611,#6897);
#5554=LINE('',#13613,#6898);
#5555=LINE('',#13615,#6899);
#5556=LINE('',#13617,#6900);
#5557=LINE('',#13619,#6901);
#5558=LINE('',#13621,#6902);
#5559=LINE('',#13623,#6903);
#5560=LINE('',#13625,#6904);
#5561=LINE('',#13627,#6905);
#5562=LINE('',#13629,#6906);
#5563=LINE('',#13631,#6907);
#5564=LINE('',#13633,#6908);
#5565=LINE('',#13635,#6909);
#5566=LINE('',#13637,#6910);
#5567=LINE('',#13639,#6911);
#5568=LINE('',#13641,#6912);
#5569=LINE('',#13643,#6913);
#5570=LINE('',#13645,#6914);
#5571=LINE('',#13647,#6915);
#5572=LINE('',#13649,#6916);
#5573=LINE('',#13652,#6917);
#5574=LINE('',#13654,#6918);
#5575=LINE('',#13655,#6919);
#5576=LINE('',#13657,#6920);
#5577=LINE('',#13659,#6921);
#5578=LINE('',#13661,#6922);
#5579=LINE('',#13663,#6923);
#5580=LINE('',#13665,#6924);
#5581=LINE('',#13667,#6925);
#5582=LINE('',#13669,#6926);
#5583=LINE('',#13672,#6927);
#5584=LINE('',#13674,#6928);
#5585=LINE('',#13676,#6929);
#5586=LINE('',#13678,#6930);
#5587=LINE('',#13680,#6931);
#5588=LINE('',#13683,#6932);
#5589=LINE('',#13685,#6933);
#5590=LINE('',#13687,#6934);
#5591=LINE('',#13689,#6935);
#5592=LINE('',#13691,#6936);
#5593=LINE('',#13693,#6937);
#5594=LINE('',#13694,#6938);
#5595=LINE('',#13696,#6939);
#5596=LINE('',#13698,#6940);
#5597=LINE('',#13700,#6941);
#5598=LINE('',#13701,#6942);
#5599=LINE('',#13703,#6943);
#5600=LINE('',#13705,#6944);
#5601=LINE('',#13708,#6945);
#5602=LINE('',#13710,#6946);
#5603=LINE('',#13712,#6947);
#5604=LINE('',#13714,#6948);
#5605=LINE('',#13716,#6949);
#5606=LINE('',#13718,#6950);
#5607=LINE('',#13721,#6951);
#5608=LINE('',#13723,#6952);
#5609=LINE('',#13725,#6953);
#5610=LINE('',#13726,#6954);
#5611=LINE('',#13728,#6955);
#5612=LINE('',#13730,#6956);
#5613=LINE('',#13731,#6957);
#5614=LINE('',#13733,#6958);
#5615=LINE('',#13735,#6959);
#5616=LINE('',#13736,#6960);
#5617=LINE('',#13738,#6961);
#5618=LINE('',#13741,#6962);
#5619=LINE('',#13743,#6963);
#5620=LINE('',#13745,#6964);
#5621=LINE('',#13747,#6965);
#5622=LINE('',#13749,#6966);
#5623=LINE('',#13750,#6967);
#5624=LINE('',#13752,#6968);
#5625=LINE('',#13754,#6969);
#5626=LINE('',#13755,#6970);
#5627=LINE('',#13757,#6971);
#5628=LINE('',#13759,#6972);
#5629=LINE('',#13762,#6973);
#5630=LINE('',#13764,#6974);
#5631=LINE('',#13766,#6975);
#5632=LINE('',#13768,#6976);
#5633=LINE('',#13770,#6977);
#5634=LINE('',#13772,#6978);
#5635=LINE('',#13773,#6979);
#5636=LINE('',#13775,#6980);
#5637=LINE('',#13777,#6981);
#5638=LINE('',#13779,#6982);
#5639=LINE('',#13781,#6983);
#5640=LINE('',#13783,#6984);
#5641=LINE('',#13784,#6985);
#5642=LINE('',#13786,#6986);
#5643=LINE('',#13789,#6987);
#5644=LINE('',#13791,#6988);
#5645=LINE('',#13793,#6989);
#5646=LINE('',#13795,#6990);
#5647=LINE('',#13797,#6991);
#5648=LINE('',#13798,#6992);
#5649=LINE('',#13800,#6993);
#5650=LINE('',#13801,#6994);
#5651=LINE('',#13803,#6995);
#5652=LINE('',#13804,#6996);
#5653=LINE('',#13806,#6997);
#5654=LINE('',#13809,#6998);
#5655=LINE('',#13811,#6999);
#5656=LINE('',#13813,#7000);
#5657=LINE('',#13815,#7001);
#5658=LINE('',#13818,#7002);
#5659=LINE('',#13820,#7003);
#5660=LINE('',#13821,#7004);
#5661=LINE('',#13823,#7005);
#5662=LINE('',#13825,#7006);
#5663=LINE('',#13827,#7007);
#5664=LINE('',#13829,#7008);
#5665=LINE('',#13831,#7009);
#5666=LINE('',#13833,#7010);
#5667=LINE('',#13835,#7011);
#5668=LINE('',#13837,#7012);
#5669=LINE('',#13838,#7013);
#5670=LINE('',#13840,#7014);
#5671=LINE('',#13842,#7015);
#5672=LINE('',#13844,#7016);
#5673=LINE('',#13846,#7017);
#5674=LINE('',#13848,#7018);
#5675=LINE('',#13850,#7019);
#5676=LINE('',#13852,#7020);
#5677=LINE('',#13855,#7021);
#5678=LINE('',#13857,#7022);
#5679=LINE('',#13858,#7023);
#5680=LINE('',#13860,#7024);
#5681=LINE('',#13862,#7025);
#5682=LINE('',#13864,#7026);
#5683=LINE('',#13866,#7027);
#5684=LINE('',#13868,#7028);
#5685=LINE('',#13870,#7029);
#5686=LINE('',#13872,#7030);
#5687=LINE('',#13875,#7031);
#5688=LINE('',#13877,#7032);
#5689=LINE('',#13879,#7033);
#5690=LINE('',#13881,#7034);
#5691=LINE('',#13883,#7035);
#5692=LINE('',#13886,#7036);
#5693=LINE('',#13888,#7037);
#5694=LINE('',#13890,#7038);
#5695=LINE('',#13892,#7039);
#5696=LINE('',#13894,#7040);
#5697=LINE('',#13896,#7041);
#5698=LINE('',#13897,#7042);
#5699=LINE('',#13899,#7043);
#5700=LINE('',#13901,#7044);
#5701=LINE('',#13903,#7045);
#5702=LINE('',#13904,#7046);
#5703=LINE('',#13906,#7047);
#5704=LINE('',#13908,#7048);
#5705=LINE('',#13911,#7049);
#5706=LINE('',#13913,#7050);
#5707=LINE('',#13915,#7051);
#5708=LINE('',#13917,#7052);
#5709=LINE('',#13919,#7053);
#5710=LINE('',#13921,#7054);
#5711=LINE('',#13924,#7055);
#5712=LINE('',#13926,#7056);
#5713=LINE('',#13928,#7057);
#5714=LINE('',#13929,#7058);
#5715=LINE('',#13931,#7059);
#5716=LINE('',#13933,#7060);
#5717=LINE('',#13934,#7061);
#5718=LINE('',#13936,#7062);
#5719=LINE('',#13938,#7063);
#5720=LINE('',#13939,#7064);
#5721=LINE('',#13941,#7065);
#5722=LINE('',#13944,#7066);
#5723=LINE('',#13946,#7067);
#5724=LINE('',#13948,#7068);
#5725=LINE('',#13950,#7069);
#5726=LINE('',#13952,#7070);
#5727=LINE('',#13953,#7071);
#5728=LINE('',#13955,#7072);
#5729=LINE('',#13957,#7073);
#5730=LINE('',#13958,#7074);
#5731=LINE('',#13960,#7075);
#5732=LINE('',#13962,#7076);
#5733=LINE('',#13965,#7077);
#5734=LINE('',#13967,#7078);
#5735=LINE('',#13969,#7079);
#5736=LINE('',#13971,#7080);
#5737=LINE('',#13973,#7081);
#5738=LINE('',#13974,#7082);
#5739=LINE('',#13976,#7083);
#5740=LINE('',#13977,#7084);
#5741=LINE('',#13979,#7085);
#5742=LINE('',#13980,#7086);
#5743=LINE('',#13982,#7087);
#5744=LINE('',#13985,#7088);
#5745=LINE('',#13987,#7089);
#5746=LINE('',#13989,#7090);
#5747=LINE('',#13991,#7091);
#5748=LINE('',#13994,#7092);
#5749=LINE('',#13996,#7093);
#5750=LINE('',#13997,#7094);
#5751=LINE('',#13999,#7095);
#5752=LINE('',#14001,#7096);
#5753=LINE('',#14003,#7097);
#5754=LINE('',#14005,#7098);
#5755=LINE('',#14007,#7099);
#5756=LINE('',#14009,#7100);
#5757=LINE('',#14011,#7101);
#5758=LINE('',#14013,#7102);
#5759=LINE('',#14014,#7103);
#5760=LINE('',#14016,#7104);
#5761=LINE('',#14018,#7105);
#5762=LINE('',#14020,#7106);
#5763=LINE('',#14022,#7107);
#5764=LINE('',#14024,#7108);
#5765=LINE('',#14026,#7109);
#5766=LINE('',#14028,#7110);
#5767=LINE('',#14031,#7111);
#5768=LINE('',#14033,#7112);
#5769=LINE('',#14034,#7113);
#5770=LINE('',#14036,#7114);
#5771=LINE('',#14038,#7115);
#5772=LINE('',#14040,#7116);
#5773=LINE('',#14042,#7117);
#5774=LINE('',#14044,#7118);
#5775=LINE('',#14046,#7119);
#5776=LINE('',#14048,#7120);
#5777=LINE('',#14051,#7121);
#5778=LINE('',#14053,#7122);
#5779=LINE('',#14055,#7123);
#5780=LINE('',#14057,#7124);
#5781=LINE('',#14059,#7125);
#5782=LINE('',#14062,#7126);
#5783=LINE('',#14064,#7127);
#5784=LINE('',#14066,#7128);
#5785=LINE('',#14068,#7129);
#5786=LINE('',#14070,#7130);
#5787=LINE('',#14072,#7131);
#5788=LINE('',#14073,#7132);
#5789=LINE('',#14075,#7133);
#5790=LINE('',#14077,#7134);
#5791=LINE('',#14079,#7135);
#5792=LINE('',#14080,#7136);
#5793=LINE('',#14082,#7137);
#5794=LINE('',#14084,#7138);
#5795=LINE('',#14087,#7139);
#5796=LINE('',#14089,#7140);
#5797=LINE('',#14091,#7141);
#5798=LINE('',#14093,#7142);
#5799=LINE('',#14095,#7143);
#5800=LINE('',#14097,#7144);
#5801=LINE('',#14100,#7145);
#5802=LINE('',#14102,#7146);
#5803=LINE('',#14104,#7147);
#5804=LINE('',#14105,#7148);
#5805=LINE('',#14107,#7149);
#5806=LINE('',#14109,#7150);
#5807=LINE('',#14110,#7151);
#5808=LINE('',#14112,#7152);
#5809=LINE('',#14114,#7153);
#5810=LINE('',#14115,#7154);
#5811=LINE('',#14117,#7155);
#5812=LINE('',#14120,#7156);
#5813=LINE('',#14122,#7157);
#5814=LINE('',#14124,#7158);
#5815=LINE('',#14126,#7159);
#5816=LINE('',#14128,#7160);
#5817=LINE('',#14129,#7161);
#5818=LINE('',#14131,#7162);
#5819=LINE('',#14133,#7163);
#5820=LINE('',#14134,#7164);
#5821=LINE('',#14136,#7165);
#5822=LINE('',#14138,#7166);
#5823=LINE('',#14141,#7167);
#5824=LINE('',#14143,#7168);
#5825=LINE('',#14145,#7169);
#5826=LINE('',#14147,#7170);
#5827=LINE('',#14149,#7171);
#5828=LINE('',#14150,#7172);
#5829=LINE('',#14152,#7173);
#5830=LINE('',#14153,#7174);
#5831=LINE('',#14155,#7175);
#5832=LINE('',#14156,#7176);
#5833=LINE('',#14158,#7177);
#5834=LINE('',#14161,#7178);
#5835=LINE('',#14163,#7179);
#5836=LINE('',#14165,#7180);
#5837=LINE('',#14167,#7181);
#5838=LINE('',#14170,#7182);
#5839=LINE('',#14172,#7183);
#5840=LINE('',#14173,#7184);
#5841=LINE('',#14175,#7185);
#5842=LINE('',#14177,#7186);
#5843=LINE('',#14179,#7187);
#5844=LINE('',#14181,#7188);
#5845=LINE('',#14183,#7189);
#5846=LINE('',#14185,#7190);
#5847=LINE('',#14187,#7191);
#5848=LINE('',#14189,#7192);
#5849=LINE('',#14190,#7193);
#5850=LINE('',#14192,#7194);
#5851=LINE('',#14194,#7195);
#5852=LINE('',#14196,#7196);
#5853=LINE('',#14198,#7197);
#5854=LINE('',#14200,#7198);
#5855=LINE('',#14202,#7199);
#5856=LINE('',#14204,#7200);
#5857=LINE('',#14207,#7201);
#5858=LINE('',#14209,#7202);
#5859=LINE('',#14210,#7203);
#5860=LINE('',#14212,#7204);
#5861=LINE('',#14214,#7205);
#5862=LINE('',#14216,#7206);
#5863=LINE('',#14218,#7207);
#5864=LINE('',#14220,#7208);
#5865=LINE('',#14222,#7209);
#5866=LINE('',#14224,#7210);
#5867=LINE('',#14227,#7211);
#5868=LINE('',#14229,#7212);
#5869=LINE('',#14231,#7213);
#5870=LINE('',#14233,#7214);
#5871=LINE('',#14235,#7215);
#5872=LINE('',#14238,#7216);
#5873=LINE('',#14240,#7217);
#5874=LINE('',#14242,#7218);
#5875=LINE('',#14244,#7219);
#5876=LINE('',#14246,#7220);
#5877=LINE('',#14248,#7221);
#5878=LINE('',#14249,#7222);
#5879=LINE('',#14251,#7223);
#5880=LINE('',#14253,#7224);
#5881=LINE('',#14255,#7225);
#5882=LINE('',#14256,#7226);
#5883=LINE('',#14258,#7227);
#5884=LINE('',#14260,#7228);
#5885=LINE('',#14263,#7229);
#5886=LINE('',#14265,#7230);
#5887=LINE('',#14267,#7231);
#5888=LINE('',#14269,#7232);
#5889=LINE('',#14271,#7233);
#5890=LINE('',#14273,#7234);
#5891=LINE('',#14276,#7235);
#5892=LINE('',#14278,#7236);
#5893=LINE('',#14280,#7237);
#5894=LINE('',#14281,#7238);
#5895=LINE('',#14283,#7239);
#5896=LINE('',#14285,#7240);
#5897=LINE('',#14286,#7241);
#5898=LINE('',#14288,#7242);
#5899=LINE('',#14290,#7243);
#5900=LINE('',#14291,#7244);
#5901=LINE('',#14293,#7245);
#5902=LINE('',#14296,#7246);
#5903=LINE('',#14298,#7247);
#5904=LINE('',#14300,#7248);
#5905=LINE('',#14302,#7249);
#5906=LINE('',#14304,#7250);
#5907=LINE('',#14305,#7251);
#5908=LINE('',#14307,#7252);
#5909=LINE('',#14309,#7253);
#5910=LINE('',#14310,#7254);
#5911=LINE('',#14312,#7255);
#5912=LINE('',#14314,#7256);
#5913=LINE('',#14317,#7257);
#5914=LINE('',#14319,#7258);
#5915=LINE('',#14321,#7259);
#5916=LINE('',#14323,#7260);
#5917=LINE('',#14325,#7261);
#5918=LINE('',#14326,#7262);
#5919=LINE('',#14328,#7263);
#5920=LINE('',#14329,#7264);
#5921=LINE('',#14331,#7265);
#5922=LINE('',#14332,#7266);
#5923=LINE('',#14334,#7267);
#5924=LINE('',#14337,#7268);
#5925=LINE('',#14339,#7269);
#5926=LINE('',#14341,#7270);
#5927=LINE('',#14343,#7271);
#5928=LINE('',#14346,#7272);
#5929=LINE('',#14348,#7273);
#5930=LINE('',#14349,#7274);
#5931=LINE('',#14351,#7275);
#5932=LINE('',#14353,#7276);
#5933=LINE('',#14355,#7277);
#5934=LINE('',#14357,#7278);
#5935=LINE('',#14359,#7279);
#5936=LINE('',#14361,#7280);
#5937=LINE('',#14363,#7281);
#5938=LINE('',#14365,#7282);
#5939=LINE('',#14366,#7283);
#5940=LINE('',#14368,#7284);
#5941=LINE('',#14370,#7285);
#5942=LINE('',#14372,#7286);
#5943=LINE('',#14374,#7287);
#5944=LINE('',#14376,#7288);
#5945=LINE('',#14378,#7289);
#5946=LINE('',#14380,#7290);
#5947=LINE('',#14383,#7291);
#5948=LINE('',#14385,#7292);
#5949=LINE('',#14386,#7293);
#5950=LINE('',#14388,#7294);
#5951=LINE('',#14390,#7295);
#5952=LINE('',#14392,#7296);
#5953=LINE('',#14394,#7297);
#5954=LINE('',#14396,#7298);
#5955=LINE('',#14398,#7299);
#5956=LINE('',#14400,#7300);
#5957=LINE('',#14403,#7301);
#5958=LINE('',#14405,#7302);
#5959=LINE('',#14407,#7303);
#5960=LINE('',#14409,#7304);
#5961=LINE('',#14411,#7305);
#5962=LINE('',#14414,#7306);
#5963=LINE('',#14416,#7307);
#5964=LINE('',#14418,#7308);
#5965=LINE('',#14420,#7309);
#5966=LINE('',#14422,#7310);
#5967=LINE('',#14424,#7311);
#5968=LINE('',#14425,#7312);
#5969=LINE('',#14427,#7313);
#5970=LINE('',#14429,#7314);
#5971=LINE('',#14431,#7315);
#5972=LINE('',#14432,#7316);
#5973=LINE('',#14434,#7317);
#5974=LINE('',#14436,#7318);
#5975=LINE('',#14439,#7319);
#5976=LINE('',#14441,#7320);
#5977=LINE('',#14443,#7321);
#5978=LINE('',#14445,#7322);
#5979=LINE('',#14447,#7323);
#5980=LINE('',#14449,#7324);
#5981=LINE('',#14452,#7325);
#5982=LINE('',#14454,#7326);
#5983=LINE('',#14456,#7327);
#5984=LINE('',#14457,#7328);
#5985=LINE('',#14459,#7329);
#5986=LINE('',#14461,#7330);
#5987=LINE('',#14462,#7331);
#5988=LINE('',#14464,#7332);
#5989=LINE('',#14466,#7333);
#5990=LINE('',#14467,#7334);
#5991=LINE('',#14469,#7335);
#5992=LINE('',#14472,#7336);
#5993=LINE('',#14474,#7337);
#5994=LINE('',#14476,#7338);
#5995=LINE('',#14478,#7339);
#5996=LINE('',#14480,#7340);
#5997=LINE('',#14481,#7341);
#5998=LINE('',#14483,#7342);
#5999=LINE('',#14485,#7343);
#6000=LINE('',#14486,#7344);
#6001=LINE('',#14488,#7345);
#6002=LINE('',#14490,#7346);
#6003=LINE('',#14493,#7347);
#6004=LINE('',#14495,#7348);
#6005=LINE('',#14497,#7349);
#6006=LINE('',#14499,#7350);
#6007=LINE('',#14501,#7351);
#6008=LINE('',#14502,#7352);
#6009=LINE('',#14504,#7353);
#6010=LINE('',#14505,#7354);
#6011=LINE('',#14507,#7355);
#6012=LINE('',#14510,#7356);
#6013=LINE('',#14512,#7357);
#6014=LINE('',#14514,#7358);
#6015=LINE('',#14516,#7359);
#6016=LINE('',#14517,#7360);
#6017=LINE('',#14518,#7361);
#6018=LINE('',#14520,#7362);
#6019=LINE('',#14522,#7363);
#6020=LINE('',#14524,#7364);
#6021=LINE('',#14526,#7365);
#6022=LINE('',#14528,#7366);
#6023=LINE('',#14530,#7367);
#6024=LINE('',#14532,#7368);
#6025=LINE('',#14535,#7369);
#6026=LINE('',#14537,#7370);
#6027=LINE('',#14539,#7371);
#6028=LINE('',#14541,#7372);
#6029=LINE('',#14543,#7373);
#6030=LINE('',#14546,#7374);
#6031=LINE('',#14548,#7375);
#6032=LINE('',#14550,#7376);
#6033=LINE('',#14552,#7377);
#6034=LINE('',#14554,#7378);
#6035=LINE('',#14555,#7379);
#6036=LINE('',#14557,#7380);
#6037=LINE('',#14560,#7381);
#6038=LINE('',#14562,#7382);
#6039=LINE('',#14564,#7383);
#6040=LINE('',#14566,#7384);
#6041=LINE('',#14569,#7385);
#6042=LINE('',#14571,#7386);
#6043=LINE('',#14573,#7387);
#6044=LINE('',#14574,#7388);
#6045=LINE('',#14576,#7389);
#6046=LINE('',#14578,#7390);
#6047=LINE('',#14580,#7391);
#6048=LINE('',#14582,#7392);
#6049=LINE('',#14584,#7393);
#6050=LINE('',#14586,#7394);
#6051=LINE('',#14588,#7395);
#6052=LINE('',#14589,#7396);
#6053=LINE('',#14591,#7397);
#6054=LINE('',#14593,#7398);
#6055=LINE('',#14595,#7399);
#6056=LINE('',#14597,#7400);
#6057=LINE('',#14599,#7401);
#6058=LINE('',#14601,#7402);
#6059=LINE('',#14603,#7403);
#6060=LINE('',#14606,#7404);
#6061=LINE('',#14608,#7405);
#6062=LINE('',#14609,#7406);
#6063=LINE('',#14611,#7407);
#6064=LINE('',#14613,#7408);
#6065=LINE('',#14615,#7409);
#6066=LINE('',#14617,#7410);
#6067=LINE('',#14619,#7411);
#6068=LINE('',#14621,#7412);
#6069=LINE('',#14623,#7413);
#6070=LINE('',#14626,#7414);
#6071=LINE('',#14628,#7415);
#6072=LINE('',#14629,#7416);
#6073=LINE('',#14631,#7417);
#6074=LINE('',#14633,#7418);
#6075=LINE('',#14635,#7419);
#6076=LINE('',#14637,#7420);
#6077=LINE('',#14639,#7421);
#6078=LINE('',#14641,#7422);
#6079=LINE('',#14644,#7423);
#6080=LINE('',#14645,#7424);
#6081=LINE('',#14647,#7425);
#6082=LINE('',#14650,#7426);
#6083=LINE('',#14652,#7427);
#6084=LINE('',#14653,#7428);
#6085=LINE('',#14655,#7429);
#6086=LINE('',#14656,#7430);
#6087=LINE('',#14658,#7431);
#6088=LINE('',#14659,#7432);
#6089=LINE('',#14661,#7433);
#6090=LINE('',#14663,#7434);
#6091=LINE('',#14665,#7435);
#6092=LINE('',#14667,#7436);
#6093=LINE('',#14668,#7437);
#6094=LINE('',#14670,#7438);
#6095=LINE('',#14671,#7439);
#6096=LINE('',#14673,#7440);
#6097=LINE('',#14675,#7441);
#6098=LINE('',#14676,#7442);
#6099=LINE('',#14678,#7443);
#6100=LINE('',#14680,#7444);
#6101=LINE('',#14682,#7445);
#6102=LINE('',#14684,#7446);
#6103=LINE('',#14686,#7447);
#6104=LINE('',#14687,#7448);
#6105=LINE('',#14689,#7449);
#6106=LINE('',#14691,#7450);
#6107=LINE('',#14694,#7451);
#6108=LINE('',#14696,#7452);
#6109=LINE('',#14698,#7453);
#6110=LINE('',#14700,#7454);
#6111=LINE('',#14702,#7455);
#6112=LINE('',#14704,#7456);
#6113=LINE('',#14707,#7457);
#6114=LINE('',#14709,#7458);
#6115=LINE('',#14711,#7459);
#6116=LINE('',#14712,#7460);
#6117=LINE('',#14715,#7461);
#6118=LINE('',#14717,#7462);
#6119=LINE('',#14719,#7463);
#6120=LINE('',#14720,#7464);
#6121=LINE('',#14721,#7465);
#6122=LINE('',#14722,#7466);
#6123=LINE('',#14725,#7467);
#6124=LINE('',#14727,#7468);
#6125=LINE('',#14729,#7469);
#6126=LINE('',#14730,#7470);
#6127=LINE('',#14732,#7471);
#6128=LINE('',#14733,#7472);
#6129=LINE('',#14735,#7473);
#6130=LINE('',#14737,#7474);
#6131=LINE('',#14739,#7475);
#6132=LINE('',#14741,#7476);
#6133=LINE('',#14743,#7477);
#6134=LINE('',#14745,#7478);
#6135=LINE('',#14747,#7479);
#6136=LINE('',#14748,#7480);
#6137=LINE('',#14750,#7481);
#6138=LINE('',#14751,#7482);
#6139=LINE('',#14753,#7483);
#6140=LINE('',#14755,#7484);
#6141=LINE('',#14757,#7485);
#6142=LINE('',#14759,#7486);
#6143=LINE('',#14761,#7487);
#6144=LINE('',#14763,#7488);
#6145=LINE('',#14765,#7489);
#6146=LINE('',#14766,#7490);
#6147=LINE('',#14769,#7491);
#6148=LINE('',#14771,#7492);
#6149=LINE('',#14773,#7493);
#6150=LINE('',#14774,#7494);
#6151=LINE('',#14777,#7495);
#6152=LINE('',#14779,#7496);
#6153=LINE('',#14781,#7497);
#6154=LINE('',#14782,#7498);
#6155=LINE('',#14783,#7499);
#6156=LINE('',#14784,#7500);
#6157=LINE('',#14787,#7501);
#6158=LINE('',#14789,#7502);
#6159=LINE('',#14791,#7503);
#6160=LINE('',#14792,#7504);
#6161=LINE('',#14794,#7505);
#6162=LINE('',#14795,#7506);
#6163=LINE('',#14797,#7507);
#6164=LINE('',#14799,#7508);
#6165=LINE('',#14801,#7509);
#6166=LINE('',#14803,#7510);
#6167=LINE('',#14805,#7511);
#6168=LINE('',#14807,#7512);
#6169=LINE('',#14809,#7513);
#6170=LINE('',#14810,#7514);
#6171=LINE('',#14812,#7515);
#6172=LINE('',#14813,#7516);
#6173=LINE('',#14815,#7517);
#6174=LINE('',#14817,#7518);
#6175=LINE('',#14819,#7519);
#6176=LINE('',#14821,#7520);
#6177=LINE('',#14823,#7521);
#6178=LINE('',#14825,#7522);
#6179=LINE('',#14827,#7523);
#6180=LINE('',#14828,#7524);
#6181=LINE('',#14831,#7525);
#6182=LINE('',#14833,#7526);
#6183=LINE('',#14835,#7527);
#6184=LINE('',#14836,#7528);
#6185=LINE('',#14839,#7529);
#6186=LINE('',#14841,#7530);
#6187=LINE('',#14843,#7531);
#6188=LINE('',#14844,#7532);
#6189=LINE('',#14845,#7533);
#6190=LINE('',#14846,#7534);
#6191=LINE('',#14849,#7535);
#6192=LINE('',#14851,#7536);
#6193=LINE('',#14853,#7537);
#6194=LINE('',#14854,#7538);
#6195=LINE('',#14856,#7539);
#6196=LINE('',#14857,#7540);
#6197=LINE('',#14859,#7541);
#6198=LINE('',#14861,#7542);
#6199=LINE('',#14863,#7543);
#6200=LINE('',#14865,#7544);
#6201=LINE('',#14867,#7545);
#6202=LINE('',#14869,#7546);
#6203=LINE('',#14871,#7547);
#6204=LINE('',#14872,#7548);
#6205=LINE('',#14874,#7549);
#6206=LINE('',#14875,#7550);
#6207=LINE('',#14877,#7551);
#6208=LINE('',#14879,#7552);
#6209=LINE('',#14881,#7553);
#6210=LINE('',#14883,#7554);
#6211=LINE('',#14885,#7555);
#6212=LINE('',#14887,#7556);
#6213=LINE('',#14889,#7557);
#6214=LINE('',#14890,#7558);
#6215=LINE('',#14893,#7559);
#6216=LINE('',#14895,#7560);
#6217=LINE('',#14897,#7561);
#6218=LINE('',#14898,#7562);
#6219=LINE('',#14901,#7563);
#6220=LINE('',#14903,#7564);
#6221=LINE('',#14905,#7565);
#6222=LINE('',#14906,#7566);
#6223=LINE('',#14907,#7567);
#6224=LINE('',#14908,#7568);
#6225=LINE('',#14911,#7569);
#6226=LINE('',#14913,#7570);
#6227=LINE('',#14915,#7571);
#6228=LINE('',#14916,#7572);
#6229=LINE('',#14918,#7573);
#6230=LINE('',#14919,#7574);
#6231=LINE('',#14921,#7575);
#6232=LINE('',#14923,#7576);
#6233=LINE('',#14925,#7577);
#6234=LINE('',#14927,#7578);
#6235=LINE('',#14929,#7579);
#6236=LINE('',#14931,#7580);
#6237=LINE('',#14933,#7581);
#6238=LINE('',#14934,#7582);
#6239=LINE('',#14936,#7583);
#6240=LINE('',#14937,#7584);
#6241=LINE('',#14939,#7585);
#6242=LINE('',#14941,#7586);
#6243=LINE('',#14943,#7587);
#6244=LINE('',#14945,#7588);
#6245=LINE('',#14947,#7589);
#6246=LINE('',#14949,#7590);
#6247=LINE('',#14951,#7591);
#6248=LINE('',#14952,#7592);
#6249=LINE('',#14955,#7593);
#6250=LINE('',#14957,#7594);
#6251=LINE('',#14959,#7595);
#6252=LINE('',#14960,#7596);
#6253=LINE('',#14963,#7597);
#6254=LINE('',#14965,#7598);
#6255=LINE('',#14967,#7599);
#6256=LINE('',#14968,#7600);
#6257=LINE('',#14969,#7601);
#6258=LINE('',#14970,#7602);
#6259=LINE('',#14973,#7603);
#6260=LINE('',#14975,#7604);
#6261=LINE('',#14977,#7605);
#6262=LINE('',#14978,#7606);
#6263=LINE('',#14980,#7607);
#6264=LINE('',#14981,#7608);
#6265=LINE('',#14983,#7609);
#6266=LINE('',#14985,#7610);
#6267=LINE('',#14987,#7611);
#6268=LINE('',#14989,#7612);
#6269=LINE('',#14991,#7613);
#6270=LINE('',#14993,#7614);
#6271=LINE('',#14995,#7615);
#6272=LINE('',#14996,#7616);
#6273=LINE('',#14998,#7617);
#6274=LINE('',#14999,#7618);
#6275=LINE('',#15001,#7619);
#6276=LINE('',#15003,#7620);
#6277=LINE('',#15005,#7621);
#6278=LINE('',#15007,#7622);
#6279=LINE('',#15009,#7623);
#6280=LINE('',#15011,#7624);
#6281=LINE('',#15013,#7625);
#6282=LINE('',#15014,#7626);
#6283=LINE('',#15017,#7627);
#6284=LINE('',#15019,#7628);
#6285=LINE('',#15021,#7629);
#6286=LINE('',#15022,#7630);
#6287=LINE('',#15025,#7631);
#6288=LINE('',#15027,#7632);
#6289=LINE('',#15029,#7633);
#6290=LINE('',#15030,#7634);
#6291=LINE('',#15031,#7635);
#6292=LINE('',#15032,#7636);
#6293=LINE('',#15035,#7637);
#6294=LINE('',#15037,#7638);
#6295=LINE('',#15039,#7639);
#6296=LINE('',#15040,#7640);
#6297=LINE('',#15042,#7641);
#6298=LINE('',#15043,#7642);
#6299=LINE('',#15045,#7643);
#6300=LINE('',#15047,#7644);
#6301=LINE('',#15049,#7645);
#6302=LINE('',#15051,#7646);
#6303=LINE('',#15053,#7647);
#6304=LINE('',#15055,#7648);
#6305=LINE('',#15057,#7649);
#6306=LINE('',#15058,#7650);
#6307=LINE('',#15060,#7651);
#6308=LINE('',#15061,#7652);
#6309=LINE('',#15063,#7653);
#6310=LINE('',#15065,#7654);
#6311=LINE('',#15067,#7655);
#6312=LINE('',#15069,#7656);
#6313=LINE('',#15071,#7657);
#6314=LINE('',#15073,#7658);
#6315=LINE('',#15075,#7659);
#6316=LINE('',#15077,#7660);
#6317=LINE('',#15079,#7661);
#6318=LINE('',#15081,#7662);
#6319=LINE('',#15083,#7663);
#6320=LINE('',#15087,#7664);
#6321=LINE('',#15089,#7665);
#6322=LINE('',#15090,#7666);
#6323=LINE('',#15092,#7667);
#6324=LINE('',#15094,#7668);
#6325=LINE('',#15095,#7669);
#6326=LINE('',#15097,#7670);
#6327=LINE('',#15100,#7671);
#6328=LINE('',#15102,#7672);
#6329=LINE('',#15103,#7673);
#6330=LINE('',#15104,#7674);
#6331=LINE('',#15105,#7675);
#6332=LINE('',#15106,#7676);
#6333=LINE('',#15108,#7677);
#6334=LINE('',#15110,#7678);
#6335=LINE('',#15112,#7679);
#6336=LINE('',#15114,#7680);
#6337=LINE('',#15115,#7681);
#6338=LINE('',#15116,#7682);
#6339=LINE('',#15117,#7683);
#6340=LINE('',#15123,#7684);
#6341=LINE('',#15124,#7685);
#6342=LINE('',#15126,#7686);
#6343=LINE('',#15128,#7687);
#6344=LINE('',#15130,#7688);
#6345=LINE('',#15132,#7689);
#6346=LINE('',#15133,#7690);
#6347=LINE('',#15135,#7691);
#6348=LINE('',#15137,#7692);
#6349=LINE('',#15139,#7693);
#6350=LINE('',#15141,#7694);
#6351=LINE('',#15143,#7695);
#6352=LINE('',#15145,#7696);
#6353=LINE('',#15146,#7697);
#6354=LINE('',#15148,#7698);
#6355=LINE('',#15150,#7699);
#6356=LINE('',#15151,#7700);
#6357=LINE('',#15154,#7701);
#6358=LINE('',#15160,#7702);
#6359=LINE('',#15162,#7703);
#6360=LINE('',#15164,#7704);
#6361=LINE('',#15166,#7705);
#6362=LINE('',#15168,#7706);
#6363=LINE('',#15170,#7707);
#6364=LINE('',#15172,#7708);
#6365=LINE('',#15174,#7709);
#6366=LINE('',#15177,#7710);
#6367=LINE('',#15179,#7711);
#6368=LINE('',#15181,#7712);
#6369=LINE('',#15183,#7713);
#6370=LINE('',#15185,#7714);
#6371=LINE('',#15187,#7715);
#6372=LINE('',#15189,#7716);
#6373=LINE('',#15191,#7717);
#6374=LINE('',#15194,#7718);
#6375=LINE('',#15198,#7719);
#6376=LINE('',#15200,#7720);
#6377=LINE('',#15205,#7721);
#6378=LINE('',#15207,#7722);
#6379=LINE('',#15210,#7723);
#6380=LINE('',#15212,#7724);
#6381=LINE('',#15213,#7725);
#6382=LINE('',#15217,#7726);
#6383=LINE('',#15219,#7727);
#6384=LINE('',#15220,#7728);
#6385=LINE('',#15222,#7729);
#6386=LINE('',#15224,#7730);
#6387=LINE('',#15225,#7731);
#6388=LINE('',#15227,#7732);
#6389=LINE('',#15228,#7733);
#6390=LINE('',#15229,#7734);
#6391=LINE('',#15230,#7735);
#6392=LINE('',#15231,#7736);
#6393=LINE('',#15233,#7737);
#6394=LINE('',#15234,#7738);
#6395=LINE('',#15235,#7739);
#6396=LINE('',#15236,#7740);
#6397=LINE('',#15237,#7741);
#6398=LINE('',#15243,#7742);
#6399=LINE('',#15244,#7743);
#6400=LINE('',#15246,#7744);
#6401=LINE('',#15249,#7745);
#6402=LINE('',#15250,#7746);
#6403=LINE('',#15252,#7747);
#6404=LINE('',#15255,#7748);
#6405=LINE('',#15257,#7749);
#6406=LINE('',#15259,#7750);
#6407=LINE('',#15261,#7751);
#6408=LINE('',#15262,#7752);
#6409=LINE('',#15265,#7753);
#6410=LINE('',#15271,#7754);
#6411=LINE('',#15273,#7755);
#6412=LINE('',#15275,#7756);
#6413=LINE('',#15277,#7757);
#6414=LINE('',#15279,#7758);
#6415=LINE('',#15281,#7759);
#6416=LINE('',#15283,#7760);
#6417=LINE('',#15285,#7761);
#6418=LINE('',#15288,#7762);
#6419=LINE('',#15290,#7763);
#6420=LINE('',#15292,#7764);
#6421=LINE('',#15294,#7765);
#6422=LINE('',#15296,#7766);
#6423=LINE('',#15298,#7767);
#6424=LINE('',#15300,#7768);
#6425=LINE('',#15302,#7769);
#6426=LINE('',#15313,#7770);
#6427=LINE('',#15315,#7771);
#6428=LINE('',#15316,#7772);
#6429=LINE('',#15318,#7773);
#6430=LINE('',#15320,#7774);
#6431=LINE('',#15321,#7775);
#6432=LINE('',#15323,#7776);
#6433=LINE('',#15324,#7777);
#6434=LINE('',#15325,#7778);
#6435=LINE('',#15326,#7779);
#6436=LINE('',#15327,#7780);
#6437=LINE('',#15329,#7781);
#6438=LINE('',#15330,#7782);
#6439=LINE('',#15331,#7783);
#6440=LINE('',#15332,#7784);
#6441=LINE('',#15333,#7785);
#6442=LINE('',#15339,#7786);
#6443=LINE('',#15340,#7787);
#6444=LINE('',#15342,#7788);
#6445=LINE('',#15345,#7789);
#6446=LINE('',#15346,#7790);
#6447=LINE('',#15348,#7791);
#6448=LINE('',#15351,#7792);
#6449=LINE('',#15353,#7793);
#6450=LINE('',#15355,#7794);
#6451=LINE('',#15357,#7795);
#6452=LINE('',#15358,#7796);
#6453=LINE('',#15361,#7797);
#6454=LINE('',#15367,#7798);
#6455=LINE('',#15369,#7799);
#6456=LINE('',#15371,#7800);
#6457=LINE('',#15373,#7801);
#6458=LINE('',#15375,#7802);
#6459=LINE('',#15377,#7803);
#6460=LINE('',#15379,#7804);
#6461=LINE('',#15381,#7805);
#6462=LINE('',#15384,#7806);
#6463=LINE('',#15386,#7807);
#6464=LINE('',#15388,#7808);
#6465=LINE('',#15390,#7809);
#6466=LINE('',#15392,#7810);
#6467=LINE('',#15394,#7811);
#6468=LINE('',#15396,#7812);
#6469=LINE('',#15398,#7813);
#6470=LINE('',#15409,#7814);
#6471=LINE('',#15411,#7815);
#6472=LINE('',#15412,#7816);
#6473=LINE('',#15414,#7817);
#6474=LINE('',#15416,#7818);
#6475=LINE('',#15417,#7819);
#6476=LINE('',#15419,#7820);
#6477=LINE('',#15420,#7821);
#6478=LINE('',#15421,#7822);
#6479=LINE('',#15422,#7823);
#6480=LINE('',#15423,#7824);
#6481=LINE('',#15425,#7825);
#6482=LINE('',#15426,#7826);
#6483=LINE('',#15427,#7827);
#6484=LINE('',#15428,#7828);
#6485=LINE('',#15429,#7829);
#6486=LINE('',#15435,#7830);
#6487=LINE('',#15436,#7831);
#6488=LINE('',#15438,#7832);
#6489=LINE('',#15441,#7833);
#6490=LINE('',#15442,#7834);
#6491=LINE('',#15444,#7835);
#6492=LINE('',#15447,#7836);
#6493=LINE('',#15449,#7837);
#6494=LINE('',#15451,#7838);
#6495=LINE('',#15453,#7839);
#6496=LINE('',#15454,#7840);
#6497=LINE('',#15457,#7841);
#6498=LINE('',#15463,#7842);
#6499=LINE('',#15465,#7843);
#6500=LINE('',#15467,#7844);
#6501=LINE('',#15469,#7845);
#6502=LINE('',#15471,#7846);
#6503=LINE('',#15473,#7847);
#6504=LINE('',#15475,#7848);
#6505=LINE('',#15477,#7849);
#6506=LINE('',#15480,#7850);
#6507=LINE('',#15482,#7851);
#6508=LINE('',#15484,#7852);
#6509=LINE('',#15486,#7853);
#6510=LINE('',#15488,#7854);
#6511=LINE('',#15490,#7855);
#6512=LINE('',#15492,#7856);
#6513=LINE('',#15494,#7857);
#6514=LINE('',#15505,#7858);
#6515=LINE('',#15507,#7859);
#6516=LINE('',#15508,#7860);
#6517=LINE('',#15510,#7861);
#6518=LINE('',#15512,#7862);
#6519=LINE('',#15513,#7863);
#6520=LINE('',#15515,#7864);
#6521=LINE('',#15516,#7865);
#6522=LINE('',#15517,#7866);
#6523=LINE('',#15518,#7867);
#6524=LINE('',#15519,#7868);
#6525=LINE('',#15521,#7869);
#6526=LINE('',#15522,#7870);
#6527=LINE('',#15523,#7871);
#6528=LINE('',#15524,#7872);
#6529=LINE('',#15525,#7873);
#6530=LINE('',#15531,#7874);
#6531=LINE('',#15532,#7875);
#6532=LINE('',#15534,#7876);
#6533=LINE('',#15537,#7877);
#6534=LINE('',#15538,#7878);
#6535=LINE('',#15540,#7879);
#6536=LINE('',#15543,#7880);
#6537=LINE('',#15545,#7881);
#6538=LINE('',#15547,#7882);
#6539=LINE('',#15549,#7883);
#6540=LINE('',#15550,#7884);
#6541=LINE('',#15553,#7885);
#6542=LINE('',#15559,#7886);
#6543=LINE('',#15561,#7887);
#6544=LINE('',#15563,#7888);
#6545=LINE('',#15565,#7889);
#6546=LINE('',#15567,#7890);
#6547=LINE('',#15569,#7891);
#6548=LINE('',#15571,#7892);
#6549=LINE('',#15573,#7893);
#6550=LINE('',#15576,#7894);
#6551=LINE('',#15578,#7895);
#6552=LINE('',#15580,#7896);
#6553=LINE('',#15582,#7897);
#6554=LINE('',#15584,#7898);
#6555=LINE('',#15586,#7899);
#6556=LINE('',#15588,#7900);
#6557=LINE('',#15590,#7901);
#6558=LINE('',#15601,#7902);
#6559=LINE('',#15603,#7903);
#6560=LINE('',#15604,#7904);
#6561=LINE('',#15606,#7905);
#6562=LINE('',#15608,#7906);
#6563=LINE('',#15609,#7907);
#6564=LINE('',#15611,#7908);
#6565=LINE('',#15612,#7909);
#6566=LINE('',#15613,#7910);
#6567=LINE('',#15614,#7911);
#6568=LINE('',#15615,#7912);
#6569=LINE('',#15617,#7913);
#6570=LINE('',#15618,#7914);
#6571=LINE('',#15619,#7915);
#6572=LINE('',#15620,#7916);
#6573=LINE('',#15621,#7917);
#6574=LINE('',#15627,#7918);
#6575=LINE('',#15628,#7919);
#6576=LINE('',#15630,#7920);
#6577=LINE('',#15633,#7921);
#6578=LINE('',#15634,#7922);
#6579=LINE('',#15636,#7923);
#6580=LINE('',#15639,#7924);
#6581=LINE('',#15641,#7925);
#6582=LINE('',#15643,#7926);
#6583=LINE('',#15645,#7927);
#6584=LINE('',#15646,#7928);
#6585=LINE('',#15649,#7929);
#6586=LINE('',#15655,#7930);
#6587=LINE('',#15657,#7931);
#6588=LINE('',#15659,#7932);
#6589=LINE('',#15661,#7933);
#6590=LINE('',#15663,#7934);
#6591=LINE('',#15665,#7935);
#6592=LINE('',#15667,#7936);
#6593=LINE('',#15669,#7937);
#6594=LINE('',#15672,#7938);
#6595=LINE('',#15674,#7939);
#6596=LINE('',#15676,#7940);
#6597=LINE('',#15678,#7941);
#6598=LINE('',#15680,#7942);
#6599=LINE('',#15682,#7943);
#6600=LINE('',#15684,#7944);
#6601=LINE('',#15686,#7945);
#6602=LINE('',#15698,#7946);
#6603=LINE('',#15703,#7947);
#6604=LINE('',#15707,#7948);
#6605=LINE('',#15709,#7949);
#6606=LINE('',#15713,#7950);
#6607=LINE('',#15717,#7951);
#6608=LINE('',#15721,#7952);
#6609=LINE('',#15723,#7953);
#6610=LINE('',#15727,#7954);
#6611=LINE('',#15731,#7955);
#6612=LINE('',#15735,#7956);
#6613=LINE('',#15739,#7957);
#6614=LINE('',#15741,#7958);
#6615=LINE('',#15745,#7959);
#6616=LINE('',#15749,#7960);
#6617=LINE('',#15753,#7961);
#6618=LINE('',#15757,#7962);
#6619=LINE('',#15761,#7963);
#6620=LINE('',#15763,#7964);
#6621=LINE('',#15765,#7965);
#6622=LINE('',#15767,#7966);
#6623=LINE('',#15771,#7967);
#6624=LINE('',#15775,#7968);
#6625=LINE('',#15783,#7969);
#6626=LINE('',#15785,#7970);
#6627=LINE('',#15788,#7971);
#6628=LINE('',#15789,#7972);
#6629=LINE('',#15791,#7973);
#6630=LINE('',#15795,#7974);
#6631=LINE('',#15803,#7975);
#6632=LINE('',#15807,#7976);
#6633=LINE('',#15811,#7977);
#6634=LINE('',#15813,#7978);
#6635=LINE('',#15815,#7979);
#6636=LINE('',#15817,#7980);
#6637=LINE('',#15821,#7981);
#6638=LINE('',#15825,#7982);
#6639=LINE('',#15829,#7983);
#6640=LINE('',#15833,#7984);
#6641=LINE('',#15837,#7985);
#6642=LINE('',#15839,#7986);
#6643=LINE('',#15843,#7987);
#6644=LINE('',#15847,#7988);
#6645=LINE('',#15851,#7989);
#6646=LINE('',#15855,#7990);
#6647=LINE('',#15857,#7991);
#6648=LINE('',#15861,#7992);
#6649=LINE('',#15865,#7993);
#6650=LINE('',#15869,#7994);
#6651=LINE('',#15871,#7995);
#6652=LINE('',#15875,#7996);
#6653=LINE('',#15876,#7997);
#6654=LINE('',#15878,#7998);
#6655=LINE('',#15880,#7999);
#6656=LINE('',#15881,#8000);
#6657=LINE('',#15883,#8001);
#6658=LINE('',#15884,#8002);
#6659=LINE('',#15886,#8003);
#6660=LINE('',#15887,#8004);
#6661=LINE('',#15889,#8005);
#6662=LINE('',#15890,#8006);
#6663=LINE('',#15892,#8007);
#6664=LINE('',#15895,#8008);
#6665=LINE('',#15897,#8009);
#6666=LINE('',#15904,#8010);
#6667=LINE('',#15911,#8011);
#6668=LINE('',#15912,#8012);
#6669=LINE('',#15914,#8013);
#6670=LINE('',#15915,#8014);
#6671=LINE('',#15920,#8015);
#6672=LINE('',#15922,#8016);
#6673=LINE('',#15925,#8017);
#6674=LINE('',#15926,#8018);
#6675=LINE('',#15928,#8019);
#6676=LINE('',#15929,#8020);
#6677=LINE('',#15931,#8021);
#6678=LINE('',#15933,#8022);
#6679=LINE('',#15935,#8023);
#6680=LINE('',#15937,#8024);
#6681=LINE('',#15939,#8025);
#6682=LINE('',#15941,#8026);
#6683=LINE('',#15943,#8027);
#6684=LINE('',#15944,#8028);
#6685=LINE('',#15946,#8029);
#6686=LINE('',#15949,#8030);
#6687=LINE('',#15950,#8031);
#6688=LINE('',#15952,#8032);
#6689=LINE('',#15954,#8033);
#6690=LINE('',#15956,#8034);
#6691=LINE('',#15958,#8035);
#6692=LINE('',#15960,#8036);
#6693=LINE('',#15962,#8037);
#6694=LINE('',#15967,#8038);
#6695=LINE('',#15970,#8039);
#6696=LINE('',#15971,#8040);
#6697=LINE('',#15973,#8041);
#6698=LINE('',#15975,#8042);
#6699=LINE('',#15977,#8043);
#6700=LINE('',#15979,#8044);
#6701=LINE('',#15981,#8045);
#6702=LINE('',#15983,#8046);
#6703=LINE('',#15985,#8047);
#6704=LINE('',#15987,#8048);
#6705=LINE('',#15993,#8049);
#6706=LINE('',#15995,#8050);
#6707=LINE('',#16001,#8051);
#6708=LINE('',#16007,#8052);
#6709=LINE('',#16009,#8053);
#6710=LINE('',#16010,#8054);
#6711=LINE('',#16020,#8055);
#6712=LINE('',#16023,#8056);
#6713=LINE('',#16025,#8057);
#6714=LINE('',#16027,#8058);
#6715=LINE('',#16029,#8059);
#6716=LINE('',#16032,#8060);
#6717=LINE('',#16034,#8061);
#6718=LINE('',#16036,#8062);
#6719=LINE('',#16038,#8063);
#6720=LINE('',#16043,#8064);
#6721=LINE('',#16047,#8065);
#6722=LINE('',#16050,#8066);
#6723=LINE('',#16052,#8067);
#6724=LINE('',#16054,#8068);
#6725=LINE('',#16057,#8069);
#6726=LINE('',#16061,#8070);
#6727=LINE('',#16065,#8071);
#6728=LINE('',#16067,#8072);
#6729=LINE('',#16069,#8073);
#6730=LINE('',#16073,#8074);
#6731=LINE('',#16077,#8075);
#6732=LINE('',#16079,#8076);
#6733=LINE('',#16083,#8077);
#6734=LINE('',#16087,#8078);
#6735=LINE('',#16091,#8079);
#6736=LINE('',#16093,#8080);
#6737=LINE('',#16097,#8081);
#6738=LINE('',#16101,#8082);
#6739=LINE('',#16105,#8083);
#6740=LINE('',#16109,#8084);
#6741=LINE('',#16111,#8085);
#6742=LINE('',#16115,#8086);
#6743=LINE('',#16119,#8087);
#6744=LINE('',#16123,#8088);
#6745=LINE('',#16127,#8089);
#6746=LINE('',#16130,#8090);
#6747=LINE('',#16131,#8091);
#6748=LINE('',#16133,#8092);
#6749=LINE('',#16135,#8093);
#6750=LINE('',#16137,#8094);
#6751=LINE('',#16139,#8095);
#6752=LINE('',#16144,#8096);
#6753=LINE('',#16148,#8097);
#6754=LINE('',#16152,#8098);
#6755=LINE('',#16157,#8099);
#6756=LINE('',#16159,#8100);
#6757=LINE('',#16163,#8101);
#6758=LINE('',#16167,#8102);
#6759=LINE('',#16171,#8103);
#6760=LINE('',#16175,#8104);
#6761=LINE('',#16177,#8105);
#6762=LINE('',#16181,#8106);
#6763=LINE('',#16185,#8107);
#6764=LINE('',#16189,#8108);
#6765=LINE('',#16191,#8109);
#6766=LINE('',#16195,#8110);
#6767=LINE('',#16198,#8111);
#6768=LINE('',#16200,#8112);
#6769=LINE('',#16204,#8113);
#6770=LINE('',#16208,#8114);
#6771=LINE('',#16211,#8115);
#6772=LINE('',#16213,#8116);
#6773=LINE('',#16215,#8117);
#6774=LINE('',#16218,#8118);
#6775=LINE('',#16222,#8119);
#6776=LINE('',#16224,#8120);
#6777=LINE('',#16225,#8121);
#6778=LINE('',#16227,#8122);
#6779=LINE('',#16228,#8123);
#6780=LINE('',#16230,#8124);
#6781=LINE('',#16231,#8125);
#6782=LINE('',#16233,#8126);
#6783=LINE('',#16234,#8127);
#6784=LINE('',#16236,#8128);
#6785=LINE('',#16237,#8129);
#6786=LINE('',#16239,#8130);
#6787=LINE('',#16240,#8131);
#6788=LINE('',#16242,#8132);
#6789=LINE('',#16243,#8133);
#6790=LINE('',#16245,#8134);
#6791=LINE('',#16249,#8135);
#6792=LINE('',#16250,#8136);
#6793=LINE('',#16252,#8137);
#6794=LINE('',#16253,#8138);
#6795=LINE('',#16255,#8139);
#6796=LINE('',#16257,#8140);
#6797=LINE('',#16259,#8141);
#6798=LINE('',#16261,#8142);
#6799=LINE('',#16263,#8143);
#6800=LINE('',#16265,#8144);
#6801=LINE('',#16267,#8145);
#6802=LINE('',#16268,#8146);
#6803=LINE('',#16270,#8147);
#6804=LINE('',#16273,#8148);
#6805=LINE('',#16274,#8149);
#6806=LINE('',#16276,#8150);
#6807=LINE('',#16278,#8151);
#6808=LINE('',#16280,#8152);
#6809=LINE('',#16282,#8153);
#6810=LINE('',#16284,#8154);
#6811=LINE('',#16286,#8155);
#6812=LINE('',#16299,#8156);
#6813=LINE('',#16302,#8157);
#6814=LINE('',#16304,#8158);
#6815=LINE('',#16306,#8159);
#6816=LINE('',#16308,#8160);
#6817=LINE('',#16310,#8161);
#6818=LINE('',#16312,#8162);
#6819=LINE('',#16315,#8163);
#6820=LINE('',#16317,#8164);
#6821=LINE('',#16319,#8165);
#6822=LINE('',#16321,#8166);
#6823=LINE('',#16323,#8167);
#6824=LINE('',#16327,#8168);
#6825=LINE('',#16333,#8169);
#6826=LINE('',#16339,#8170);
#6827=LINE('',#16345,#8171);
#6828=LINE('',#16355,#8172);
#6829=LINE('',#16357,#8173);
#6830=LINE('',#16359,#8174);
#6831=LINE('',#16360,#8175);
#6832=VECTOR('',#10893,1000.);
#6833=VECTOR('',#10894,1000.);
#6834=VECTOR('',#10895,1000.);
#6835=VECTOR('',#10896,1000.);
#6836=VECTOR('',#10897,1000.);
#6837=VECTOR('',#10898,1000.);
#6838=VECTOR('',#10899,1000.);
#6839=VECTOR('',#10900,1000.);
#6840=VECTOR('',#10901,1000.);
#6841=VECTOR('',#10902,1000.);
#6842=VECTOR('',#10903,1000.);
#6843=VECTOR('',#10904,1000.);
#6844=VECTOR('',#10905,1000.);
#6845=VECTOR('',#10906,1000.);
#6846=VECTOR('',#10907,1000.);
#6847=VECTOR('',#10908,1000.);
#6848=VECTOR('',#10909,1000.);
#6849=VECTOR('',#10910,1000.);
#6850=VECTOR('',#10911,1000.);
#6851=VECTOR('',#10912,1000.);
#6852=VECTOR('',#10913,1000.);
#6853=VECTOR('',#10914,1000.);
#6854=VECTOR('',#10915,1000.);
#6855=VECTOR('',#10916,1000.);
#6856=VECTOR('',#10917,1000.);
#6857=VECTOR('',#10918,1000.);
#6858=VECTOR('',#10919,1000.);
#6859=VECTOR('',#10920,1000.);
#6860=VECTOR('',#10921,1000.);
#6861=VECTOR('',#10922,1000.);
#6862=VECTOR('',#10923,1000.);
#6863=VECTOR('',#10924,1000.);
#6864=VECTOR('',#10925,1000.);
#6865=VECTOR('',#10926,1000.);
#6866=VECTOR('',#10927,1000.);
#6867=VECTOR('',#10928,1000.);
#6868=VECTOR('',#10929,1000.);
#6869=VECTOR('',#10930,1000.);
#6870=VECTOR('',#10931,1000.);
#6871=VECTOR('',#10932,1000.);
#6872=VECTOR('',#10933,1000.);
#6873=VECTOR('',#10934,1000.);
#6874=VECTOR('',#10935,1000.);
#6875=VECTOR('',#10936,1000.);
#6876=VECTOR('',#10937,1000.);
#6877=VECTOR('',#10938,1000.);
#6878=VECTOR('',#10939,1000.);
#6879=VECTOR('',#10940,1000.);
#6880=VECTOR('',#10941,1000.);
#6881=VECTOR('',#10942,1000.);
#6882=VECTOR('',#10943,1000.);
#6883=VECTOR('',#10944,1000.);
#6884=VECTOR('',#10945,1000.);
#6885=VECTOR('',#10946,1000.);
#6886=VECTOR('',#10947,1000.);
#6887=VECTOR('',#10948,1000.);
#6888=VECTOR('',#10949,1000.);
#6889=VECTOR('',#10950,1000.);
#6890=VECTOR('',#10953,1000.);
#6891=VECTOR('',#10954,1000.);
#6892=VECTOR('',#10955,1000.);
#6893=VECTOR('',#10956,1000.);
#6894=VECTOR('',#10959,1000.);
#6895=VECTOR('',#10960,1000.);
#6896=VECTOR('',#10961,1000.);
#6897=VECTOR('',#10962,1000.);
#6898=VECTOR('',#10963,1000.);
#6899=VECTOR('',#10964,1000.);
#6900=VECTOR('',#10965,1000.);
#6901=VECTOR('',#10966,1000.);
#6902=VECTOR('',#10967,1000.);
#6903=VECTOR('',#10968,1000.);
#6904=VECTOR('',#10969,1000.);
#6905=VECTOR('',#10972,1000.);
#6906=VECTOR('',#10973,1000.);
#6907=VECTOR('',#10974,1000.);
#6908=VECTOR('',#10975,1000.);
#6909=VECTOR('',#10976,1000.);
#6910=VECTOR('',#10977,1000.);
#6911=VECTOR('',#10978,1000.);
#6912=VECTOR('',#10979,1000.);
#6913=VECTOR('',#10980,1000.);
#6914=VECTOR('',#10981,1000.);
#6915=VECTOR('',#10982,1000.);
#6916=VECTOR('',#10985,1000.);
#6917=VECTOR('',#10986,1000.);
#6918=VECTOR('',#10987,1000.);
#6919=VECTOR('',#10988,1000.);
#6920=VECTOR('',#10989,1000.);
#6921=VECTOR('',#10992,1000.);
#6922=VECTOR('',#10993,1000.);
#6923=VECTOR('',#10994,1000.);
#6924=VECTOR('',#10995,1000.);
#6925=VECTOR('',#10996,1000.);
#6926=VECTOR('',#10999,1000.);
#6927=VECTOR('',#11000,1000.);
#6928=VECTOR('',#11001,1000.);
#6929=VECTOR('',#11002,1000.);
#6930=VECTOR('',#11003,1000.);
#6931=VECTOR('',#11006,1000.);
#6932=VECTOR('',#11007,1000.);
#6933=VECTOR('',#11008,1000.);
#6934=VECTOR('',#11009,1000.);
#6935=VECTOR('',#11010,1000.);
#6936=VECTOR('',#11013,1000.);
#6937=VECTOR('',#11014,1000.);
#6938=VECTOR('',#11015,1000.);
#6939=VECTOR('',#11016,1000.);
#6940=VECTOR('',#11019,1000.);
#6941=VECTOR('',#11020,1000.);
#6942=VECTOR('',#11021,1000.);
#6943=VECTOR('',#11022,1000.);
#6944=VECTOR('',#11025,1000.);
#6945=VECTOR('',#11026,1000.);
#6946=VECTOR('',#11027,1000.);
#6947=VECTOR('',#11028,1000.);
#6948=VECTOR('',#11029,1000.);
#6949=VECTOR('',#11030,1000.);
#6950=VECTOR('',#11033,1000.);
#6951=VECTOR('',#11034,1000.);
#6952=VECTOR('',#11035,1000.);
#6953=VECTOR('',#11036,1000.);
#6954=VECTOR('',#11037,1000.);
#6955=VECTOR('',#11040,1000.);
#6956=VECTOR('',#11041,1000.);
#6957=VECTOR('',#11042,1000.);
#6958=VECTOR('',#11045,1000.);
#6959=VECTOR('',#11046,1000.);
#6960=VECTOR('',#11047,1000.);
#6961=VECTOR('',#11050,1000.);
#6962=VECTOR('',#11051,1000.);
#6963=VECTOR('',#11052,1000.);
#6964=VECTOR('',#11053,1000.);
#6965=VECTOR('',#11054,1000.);
#6966=VECTOR('',#11057,1000.);
#6967=VECTOR('',#11058,1000.);
#6968=VECTOR('',#11059,1000.);
#6969=VECTOR('',#11062,1000.);
#6970=VECTOR('',#11063,1000.);
#6971=VECTOR('',#11064,1000.);
#6972=VECTOR('',#11067,1000.);
#6973=VECTOR('',#11068,1000.);
#6974=VECTOR('',#11069,1000.);
#6975=VECTOR('',#11070,1000.);
#6976=VECTOR('',#11071,1000.);
#6977=VECTOR('',#11074,1000.);
#6978=VECTOR('',#11075,1000.);
#6979=VECTOR('',#11076,1000.);
#6980=VECTOR('',#11079,1000.);
#6981=VECTOR('',#11080,1000.);
#6982=VECTOR('',#11081,1000.);
#6983=VECTOR('',#11082,1000.);
#6984=VECTOR('',#11085,1000.);
#6985=VECTOR('',#11086,1000.);
#6986=VECTOR('',#11089,1000.);
#6987=VECTOR('',#11090,1000.);
#6988=VECTOR('',#11091,1000.);
#6989=VECTOR('',#11092,1000.);
#6990=VECTOR('',#11093,1000.);
#6991=VECTOR('',#11096,1000.);
#6992=VECTOR('',#11097,1000.);
#6993=VECTOR('',#11100,1000.);
#6994=VECTOR('',#11101,1000.);
#6995=VECTOR('',#11104,1000.);
#6996=VECTOR('',#11105,1000.);
#6997=VECTOR('',#11108,1000.);
#6998=VECTOR('',#11109,1000.);
#6999=VECTOR('',#11110,1000.);
#7000=VECTOR('',#11111,1000.);
#7001=VECTOR('',#11114,1000.);
#7002=VECTOR('',#11115,1000.);
#7003=VECTOR('',#11116,1000.);
#7004=VECTOR('',#11117,1000.);
#7005=VECTOR('',#11118,1000.);
#7006=VECTOR('',#11119,1000.);
#7007=VECTOR('',#11120,1000.);
#7008=VECTOR('',#11121,1000.);
#7009=VECTOR('',#11122,1000.);
#7010=VECTOR('',#11123,1000.);
#7011=VECTOR('',#11124,1000.);
#7012=VECTOR('',#11127,1000.);
#7013=VECTOR('',#11128,1000.);
#7014=VECTOR('',#11129,1000.);
#7015=VECTOR('',#11130,1000.);
#7016=VECTOR('',#11131,1000.);
#7017=VECTOR('',#11132,1000.);
#7018=VECTOR('',#11133,1000.);
#7019=VECTOR('',#11134,1000.);
#7020=VECTOR('',#11137,1000.);
#7021=VECTOR('',#11138,1000.);
#7022=VECTOR('',#11139,1000.);
#7023=VECTOR('',#11140,1000.);
#7024=VECTOR('',#11141,1000.);
#7025=VECTOR('',#11144,1000.);
#7026=VECTOR('',#11145,1000.);
#7027=VECTOR('',#11146,1000.);
#7028=VECTOR('',#11147,1000.);
#7029=VECTOR('',#11148,1000.);
#7030=VECTOR('',#11151,1000.);
#7031=VECTOR('',#11152,1000.);
#7032=VECTOR('',#11153,1000.);
#7033=VECTOR('',#11154,1000.);
#7034=VECTOR('',#11155,1000.);
#7035=VECTOR('',#11158,1000.);
#7036=VECTOR('',#11159,1000.);
#7037=VECTOR('',#11160,1000.);
#7038=VECTOR('',#11161,1000.);
#7039=VECTOR('',#11162,1000.);
#7040=VECTOR('',#11165,1000.);
#7041=VECTOR('',#11166,1000.);
#7042=VECTOR('',#11167,1000.);
#7043=VECTOR('',#11168,1000.);
#7044=VECTOR('',#11171,1000.);
#7045=VECTOR('',#11172,1000.);
#7046=VECTOR('',#11173,1000.);
#7047=VECTOR('',#11174,1000.);
#7048=VECTOR('',#11177,1000.);
#7049=VECTOR('',#11178,1000.);
#7050=VECTOR('',#11179,1000.);
#7051=VECTOR('',#11180,1000.);
#7052=VECTOR('',#11181,1000.);
#7053=VECTOR('',#11182,1000.);
#7054=VECTOR('',#11185,1000.);
#7055=VECTOR('',#11186,1000.);
#7056=VECTOR('',#11187,1000.);
#7057=VECTOR('',#11188,1000.);
#7058=VECTOR('',#11189,1000.);
#7059=VECTOR('',#11192,1000.);
#7060=VECTOR('',#11193,1000.);
#7061=VECTOR('',#11194,1000.);
#7062=VECTOR('',#11197,1000.);
#7063=VECTOR('',#11198,1000.);
#7064=VECTOR('',#11199,1000.);
#7065=VECTOR('',#11202,1000.);
#7066=VECTOR('',#11203,1000.);
#7067=VECTOR('',#11204,1000.);
#7068=VECTOR('',#11205,1000.);
#7069=VECTOR('',#11206,1000.);
#7070=VECTOR('',#11209,1000.);
#7071=VECTOR('',#11210,1000.);
#7072=VECTOR('',#11211,1000.);
#7073=VECTOR('',#11214,1000.);
#7074=VECTOR('',#11215,1000.);
#7075=VECTOR('',#11216,1000.);
#7076=VECTOR('',#11219,1000.);
#7077=VECTOR('',#11220,1000.);
#7078=VECTOR('',#11221,1000.);
#7079=VECTOR('',#11222,1000.);
#7080=VECTOR('',#11223,1000.);
#7081=VECTOR('',#11226,1000.);
#7082=VECTOR('',#11227,1000.);
#7083=VECTOR('',#11230,1000.);
#7084=VECTOR('',#11231,1000.);
#7085=VECTOR('',#11234,1000.);
#7086=VECTOR('',#11235,1000.);
#7087=VECTOR('',#11238,1000.);
#7088=VECTOR('',#11239,1000.);
#7089=VECTOR('',#11240,1000.);
#7090=VECTOR('',#11241,1000.);
#7091=VECTOR('',#11244,1000.);
#7092=VECTOR('',#11245,1000.);
#7093=VECTOR('',#11246,1000.);
#7094=VECTOR('',#11247,1000.);
#7095=VECTOR('',#11248,1000.);
#7096=VECTOR('',#11249,1000.);
#7097=VECTOR('',#11250,1000.);
#7098=VECTOR('',#11251,1000.);
#7099=VECTOR('',#11252,1000.);
#7100=VECTOR('',#11253,1000.);
#7101=VECTOR('',#11254,1000.);
#7102=VECTOR('',#11257,1000.);
#7103=VECTOR('',#11258,1000.);
#7104=VECTOR('',#11259,1000.);
#7105=VECTOR('',#11260,1000.);
#7106=VECTOR('',#11261,1000.);
#7107=VECTOR('',#11262,1000.);
#7108=VECTOR('',#11263,1000.);
#7109=VECTOR('',#11264,1000.);
#7110=VECTOR('',#11267,1000.);
#7111=VECTOR('',#11268,1000.);
#7112=VECTOR('',#11269,1000.);
#7113=VECTOR('',#11270,1000.);
#7114=VECTOR('',#11271,1000.);
#7115=VECTOR('',#11274,1000.);
#7116=VECTOR('',#11275,1000.);
#7117=VECTOR('',#11276,1000.);
#7118=VECTOR('',#11277,1000.);
#7119=VECTOR('',#11278,1000.);
#7120=VECTOR('',#11281,1000.);
#7121=VECTOR('',#11282,1000.);
#7122=VECTOR('',#11283,1000.);
#7123=VECTOR('',#11284,1000.);
#7124=VECTOR('',#11285,1000.);
#7125=VECTOR('',#11288,1000.);
#7126=VECTOR('',#11289,1000.);
#7127=VECTOR('',#11290,1000.);
#7128=VECTOR('',#11291,1000.);
#7129=VECTOR('',#11292,1000.);
#7130=VECTOR('',#11295,1000.);
#7131=VECTOR('',#11296,1000.);
#7132=VECTOR('',#11297,1000.);
#7133=VECTOR('',#11298,1000.);
#7134=VECTOR('',#11301,1000.);
#7135=VECTOR('',#11302,1000.);
#7136=VECTOR('',#11303,1000.);
#7137=VECTOR('',#11304,1000.);
#7138=VECTOR('',#11307,1000.);
#7139=VECTOR('',#11308,1000.);
#7140=VECTOR('',#11309,1000.);
#7141=VECTOR('',#11310,1000.);
#7142=VECTOR('',#11311,1000.);
#7143=VECTOR('',#11312,1000.);
#7144=VECTOR('',#11315,1000.);
#7145=VECTOR('',#11316,1000.);
#7146=VECTOR('',#11317,1000.);
#7147=VECTOR('',#11318,1000.);
#7148=VECTOR('',#11319,1000.);
#7149=VECTOR('',#11322,1000.);
#7150=VECTOR('',#11323,1000.);
#7151=VECTOR('',#11324,1000.);
#7152=VECTOR('',#11327,1000.);
#7153=VECTOR('',#11328,1000.);
#7154=VECTOR('',#11329,1000.);
#7155=VECTOR('',#11332,1000.);
#7156=VECTOR('',#11333,1000.);
#7157=VECTOR('',#11334,1000.);
#7158=VECTOR('',#11335,1000.);
#7159=VECTOR('',#11336,1000.);
#7160=VECTOR('',#11339,1000.);
#7161=VECTOR('',#11340,1000.);
#7162=VECTOR('',#11341,1000.);
#7163=VECTOR('',#11344,1000.);
#7164=VECTOR('',#11345,1000.);
#7165=VECTOR('',#11346,1000.);
#7166=VECTOR('',#11349,1000.);
#7167=VECTOR('',#11350,1000.);
#7168=VECTOR('',#11351,1000.);
#7169=VECTOR('',#11352,1000.);
#7170=VECTOR('',#11353,1000.);
#7171=VECTOR('',#11356,1000.);
#7172=VECTOR('',#11357,1000.);
#7173=VECTOR('',#11360,1000.);
#7174=VECTOR('',#11361,1000.);
#7175=VECTOR('',#11364,1000.);
#7176=VECTOR('',#11365,1000.);
#7177=VECTOR('',#11368,1000.);
#7178=VECTOR('',#11369,1000.);
#7179=VECTOR('',#11370,1000.);
#7180=VECTOR('',#11371,1000.);
#7181=VECTOR('',#11374,1000.);
#7182=VECTOR('',#11375,1000.);
#7183=VECTOR('',#11376,1000.);
#7184=VECTOR('',#11377,1000.);
#7185=VECTOR('',#11378,1000.);
#7186=VECTOR('',#11379,1000.);
#7187=VECTOR('',#11380,1000.);
#7188=VECTOR('',#11381,1000.);
#7189=VECTOR('',#11382,1000.);
#7190=VECTOR('',#11383,1000.);
#7191=VECTOR('',#11384,1000.);
#7192=VECTOR('',#11387,1000.);
#7193=VECTOR('',#11388,1000.);
#7194=VECTOR('',#11389,1000.);
#7195=VECTOR('',#11390,1000.);
#7196=VECTOR('',#11391,1000.);
#7197=VECTOR('',#11392,1000.);
#7198=VECTOR('',#11393,1000.);
#7199=VECTOR('',#11394,1000.);
#7200=VECTOR('',#11397,1000.);
#7201=VECTOR('',#11398,1000.);
#7202=VECTOR('',#11399,1000.);
#7203=VECTOR('',#11400,1000.);
#7204=VECTOR('',#11401,1000.);
#7205=VECTOR('',#11404,1000.);
#7206=VECTOR('',#11405,1000.);
#7207=VECTOR('',#11406,1000.);
#7208=VECTOR('',#11407,1000.);
#7209=VECTOR('',#11408,1000.);
#7210=VECTOR('',#11411,1000.);
#7211=VECTOR('',#11412,1000.);
#7212=VECTOR('',#11413,1000.);
#7213=VECTOR('',#11414,1000.);
#7214=VECTOR('',#11415,1000.);
#7215=VECTOR('',#11418,1000.);
#7216=VECTOR('',#11419,1000.);
#7217=VECTOR('',#11420,1000.);
#7218=VECTOR('',#11421,1000.);
#7219=VECTOR('',#11422,1000.);
#7220=VECTOR('',#11425,1000.);
#7221=VECTOR('',#11426,1000.);
#7222=VECTOR('',#11427,1000.);
#7223=VECTOR('',#11428,1000.);
#7224=VECTOR('',#11431,1000.);
#7225=VECTOR('',#11432,1000.);
#7226=VECTOR('',#11433,1000.);
#7227=VECTOR('',#11434,1000.);
#7228=VECTOR('',#11437,1000.);
#7229=VECTOR('',#11438,1000.);
#7230=VECTOR('',#11439,1000.);
#7231=VECTOR('',#11440,1000.);
#7232=VECTOR('',#11441,1000.);
#7233=VECTOR('',#11442,1000.);
#7234=VECTOR('',#11445,1000.);
#7235=VECTOR('',#11446,1000.);
#7236=VECTOR('',#11447,1000.);
#7237=VECTOR('',#11448,1000.);
#7238=VECTOR('',#11449,1000.);
#7239=VECTOR('',#11452,1000.);
#7240=VECTOR('',#11453,1000.);
#7241=VECTOR('',#11454,1000.);
#7242=VECTOR('',#11457,1000.);
#7243=VECTOR('',#11458,1000.);
#7244=VECTOR('',#11459,1000.);
#7245=VECTOR('',#11462,1000.);
#7246=VECTOR('',#11463,1000.);
#7247=VECTOR('',#11464,1000.);
#7248=VECTOR('',#11465,1000.);
#7249=VECTOR('',#11466,1000.);
#7250=VECTOR('',#11469,1000.);
#7251=VECTOR('',#11470,1000.);
#7252=VECTOR('',#11471,1000.);
#7253=VECTOR('',#11474,1000.);
#7254=VECTOR('',#11475,1000.);
#7255=VECTOR('',#11476,1000.);
#7256=VECTOR('',#11479,1000.);
#7257=VECTOR('',#11480,1000.);
#7258=VECTOR('',#11481,1000.);
#7259=VECTOR('',#11482,1000.);
#7260=VECTOR('',#11483,1000.);
#7261=VECTOR('',#11486,1000.);
#7262=VECTOR('',#11487,1000.);
#7263=VECTOR('',#11490,1000.);
#7264=VECTOR('',#11491,1000.);
#7265=VECTOR('',#11494,1000.);
#7266=VECTOR('',#11495,1000.);
#7267=VECTOR('',#11498,1000.);
#7268=VECTOR('',#11499,1000.);
#7269=VECTOR('',#11500,1000.);
#7270=VECTOR('',#11501,1000.);
#7271=VECTOR('',#11504,1000.);
#7272=VECTOR('',#11505,1000.);
#7273=VECTOR('',#11506,1000.);
#7274=VECTOR('',#11507,1000.);
#7275=VECTOR('',#11508,1000.);
#7276=VECTOR('',#11509,1000.);
#7277=VECTOR('',#11510,1000.);
#7278=VECTOR('',#11511,1000.);
#7279=VECTOR('',#11512,1000.);
#7280=VECTOR('',#11513,1000.);
#7281=VECTOR('',#11514,1000.);
#7282=VECTOR('',#11517,1000.);
#7283=VECTOR('',#11518,1000.);
#7284=VECTOR('',#11519,1000.);
#7285=VECTOR('',#11520,1000.);
#7286=VECTOR('',#11521,1000.);
#7287=VECTOR('',#11522,1000.);
#7288=VECTOR('',#11523,1000.);
#7289=VECTOR('',#11524,1000.);
#7290=VECTOR('',#11527,1000.);
#7291=VECTOR('',#11528,1000.);
#7292=VECTOR('',#11529,1000.);
#7293=VECTOR('',#11530,1000.);
#7294=VECTOR('',#11531,1000.);
#7295=VECTOR('',#11534,1000.);
#7296=VECTOR('',#11535,1000.);
#7297=VECTOR('',#11536,1000.);
#7298=VECTOR('',#11537,1000.);
#7299=VECTOR('',#11538,1000.);
#7300=VECTOR('',#11541,1000.);
#7301=VECTOR('',#11542,1000.);
#7302=VECTOR('',#11543,1000.);
#7303=VECTOR('',#11544,1000.);
#7304=VECTOR('',#11545,1000.);
#7305=VECTOR('',#11548,1000.);
#7306=VECTOR('',#11549,1000.);
#7307=VECTOR('',#11550,1000.);
#7308=VECTOR('',#11551,1000.);
#7309=VECTOR('',#11552,1000.);
#7310=VECTOR('',#11555,1000.);
#7311=VECTOR('',#11556,1000.);
#7312=VECTOR('',#11557,1000.);
#7313=VECTOR('',#11558,1000.);
#7314=VECTOR('',#11561,1000.);
#7315=VECTOR('',#11562,1000.);
#7316=VECTOR('',#11563,1000.);
#7317=VECTOR('',#11564,1000.);
#7318=VECTOR('',#11567,1000.);
#7319=VECTOR('',#11568,1000.);
#7320=VECTOR('',#11569,1000.);
#7321=VECTOR('',#11570,1000.);
#7322=VECTOR('',#11571,1000.);
#7323=VECTOR('',#11572,1000.);
#7324=VECTOR('',#11575,1000.);
#7325=VECTOR('',#11576,1000.);
#7326=VECTOR('',#11577,1000.);
#7327=VECTOR('',#11578,1000.);
#7328=VECTOR('',#11579,1000.);
#7329=VECTOR('',#11582,1000.);
#7330=VECTOR('',#11583,1000.);
#7331=VECTOR('',#11584,1000.);
#7332=VECTOR('',#11587,1000.);
#7333=VECTOR('',#11588,1000.);
#7334=VECTOR('',#11589,1000.);
#7335=VECTOR('',#11592,1000.);
#7336=VECTOR('',#11593,1000.);
#7337=VECTOR('',#11594,1000.);
#7338=VECTOR('',#11595,1000.);
#7339=VECTOR('',#11596,1000.);
#7340=VECTOR('',#11599,1000.);
#7341=VECTOR('',#11600,1000.);
#7342=VECTOR('',#11601,1000.);
#7343=VECTOR('',#11604,1000.);
#7344=VECTOR('',#11605,1000.);
#7345=VECTOR('',#11606,1000.);
#7346=VECTOR('',#11609,1000.);
#7347=VECTOR('',#11610,1000.);
#7348=VECTOR('',#11611,1000.);
#7349=VECTOR('',#11612,1000.);
#7350=VECTOR('',#11613,1000.);
#7351=VECTOR('',#11616,1000.);
#7352=VECTOR('',#11617,1000.);
#7353=VECTOR('',#11620,1000.);
#7354=VECTOR('',#11621,1000.);
#7355=VECTOR('',#11624,1000.);
#7356=VECTOR('',#11625,1000.);
#7357=VECTOR('',#11626,1000.);
#7358=VECTOR('',#11627,1000.);
#7359=VECTOR('',#11630,1000.);
#7360=VECTOR('',#11631,1000.);
#7361=VECTOR('',#11632,1000.);
#7362=VECTOR('',#11633,1000.);
#7363=VECTOR('',#11634,1000.);
#7364=VECTOR('',#11635,1000.);
#7365=VECTOR('',#11636,1000.);
#7366=VECTOR('',#11637,1000.);
#7367=VECTOR('',#11638,1000.);
#7368=VECTOR('',#11641,1000.);
#7369=VECTOR('',#11642,1000.);
#7370=VECTOR('',#11643,1000.);
#7371=VECTOR('',#11644,1000.);
#7372=VECTOR('',#11645,1000.);
#7373=VECTOR('',#11648,1000.);
#7374=VECTOR('',#11649,1000.);
#7375=VECTOR('',#11650,1000.);
#7376=VECTOR('',#11651,1000.);
#7377=VECTOR('',#11652,1000.);
#7378=VECTOR('',#11655,1000.);
#7379=VECTOR('',#11656,1000.);
#7380=VECTOR('',#11659,1000.);
#7381=VECTOR('',#11660,1000.);
#7382=VECTOR('',#11661,1000.);
#7383=VECTOR('',#11662,1000.);
#7384=VECTOR('',#11665,1000.);
#7385=VECTOR('',#11666,1000.);
#7386=VECTOR('',#11667,1000.);
#7387=VECTOR('',#11668,1000.);
#7388=VECTOR('',#11669,1000.);
#7389=VECTOR('',#11670,1000.);
#7390=VECTOR('',#11671,1000.);
#7391=VECTOR('',#11672,1000.);
#7392=VECTOR('',#11673,1000.);
#7393=VECTOR('',#11674,1000.);
#7394=VECTOR('',#11675,1000.);
#7395=VECTOR('',#11678,1000.);
#7396=VECTOR('',#11679,1000.);
#7397=VECTOR('',#11680,1000.);
#7398=VECTOR('',#11681,1000.);
#7399=VECTOR('',#11682,1000.);
#7400=VECTOR('',#11683,1000.);
#7401=VECTOR('',#11684,1000.);
#7402=VECTOR('',#11685,1000.);
#7403=VECTOR('',#11688,1000.);
#7404=VECTOR('',#11689,1000.);
#7405=VECTOR('',#11690,1000.);
#7406=VECTOR('',#11691,1000.);
#7407=VECTOR('',#11692,1000.);
#7408=VECTOR('',#11695,1000.);
#7409=VECTOR('',#11696,1000.);
#7410=VECTOR('',#11697,1000.);
#7411=VECTOR('',#11698,1000.);
#7412=VECTOR('',#11699,1000.);
#7413=VECTOR('',#11702,1000.);
#7414=VECTOR('',#11703,1000.);
#7415=VECTOR('',#11704,1000.);
#7416=VECTOR('',#11705,1000.);
#7417=VECTOR('',#11708,1000.);
#7418=VECTOR('',#11709,1000.);
#7419=VECTOR('',#11710,1000.);
#7420=VECTOR('',#11711,1000.);
#7421=VECTOR('',#11712,1000.);
#7422=VECTOR('',#11715,1000.);
#7423=VECTOR('',#11716,1000.);
#7424=VECTOR('',#11717,1000.);
#7425=VECTOR('',#11720,1000.);
#7426=VECTOR('',#11721,1000.);
#7427=VECTOR('',#11722,1000.);
#7428=VECTOR('',#11723,1000.);
#7429=VECTOR('',#11726,1000.);
#7430=VECTOR('',#11727,1000.);
#7431=VECTOR('',#11730,1000.);
#7432=VECTOR('',#11731,1000.);
#7433=VECTOR('',#11734,1000.);
#7434=VECTOR('',#11735,1000.);
#7435=VECTOR('',#11736,1000.);
#7436=VECTOR('',#11739,1000.);
#7437=VECTOR('',#11740,1000.);
#7438=VECTOR('',#11743,1000.);
#7439=VECTOR('',#11744,1000.);
#7440=VECTOR('',#11745,1000.);
#7441=VECTOR('',#11746,1000.);
#7442=VECTOR('',#11747,1000.);
#7443=VECTOR('',#11748,1000.);
#7444=VECTOR('',#11749,1000.);
#7445=VECTOR('',#11750,1000.);
#7446=VECTOR('',#11751,1000.);
#7447=VECTOR('',#11754,1000.);
#7448=VECTOR('',#11755,1000.);
#7449=VECTOR('',#11758,1000.);
#7450=VECTOR('',#11761,1000.);
#7451=VECTOR('',#11766,1000.);
#7452=VECTOR('',#11767,1000.);
#7453=VECTOR('',#11770,1000.);
#7454=VECTOR('',#11771,1000.);
#7455=VECTOR('',#11774,1000.);
#7456=VECTOR('',#11777,1000.);
#7457=VECTOR('',#11778,1000.);
#7458=VECTOR('',#11779,1000.);
#7459=VECTOR('',#11780,1000.);
#7460=VECTOR('',#11781,1000.);
#7461=VECTOR('',#11782,1000.);
#7462=VECTOR('',#11783,1000.);
#7463=VECTOR('',#11784,1000.);
#7464=VECTOR('',#11785,1000.);
#7465=VECTOR('',#11786,1000.);
#7466=VECTOR('',#11787,1000.);
#7467=VECTOR('',#11788,1000.);
#7468=VECTOR('',#11789,1000.);
#7469=VECTOR('',#11790,1000.);
#7470=VECTOR('',#11791,1000.);
#7471=VECTOR('',#11792,1000.);
#7472=VECTOR('',#11793,1000.);
#7473=VECTOR('',#11794,1000.);
#7474=VECTOR('',#11795,1000.);
#7475=VECTOR('',#11796,1000.);
#7476=VECTOR('',#11797,1000.);
#7477=VECTOR('',#11798,1000.);
#7478=VECTOR('',#11799,1000.);
#7479=VECTOR('',#11800,1000.);
#7480=VECTOR('',#11801,1000.);
#7481=VECTOR('',#11802,1000.);
#7482=VECTOR('',#11803,1000.);
#7483=VECTOR('',#11804,1000.);
#7484=VECTOR('',#11805,1000.);
#7485=VECTOR('',#11806,1000.);
#7486=VECTOR('',#11807,1000.);
#7487=VECTOR('',#11808,1000.);
#7488=VECTOR('',#11809,1000.);
#7489=VECTOR('',#11810,1000.);
#7490=VECTOR('',#11811,1000.);
#7491=VECTOR('',#11812,1000.);
#7492=VECTOR('',#11813,1000.);
#7493=VECTOR('',#11814,1000.);
#7494=VECTOR('',#11815,1000.);
#7495=VECTOR('',#11816,1000.);
#7496=VECTOR('',#11817,1000.);
#7497=VECTOR('',#11818,1000.);
#7498=VECTOR('',#11819,1000.);
#7499=VECTOR('',#11820,1000.);
#7500=VECTOR('',#11821,1000.);
#7501=VECTOR('',#11822,1000.);
#7502=VECTOR('',#11823,1000.);
#7503=VECTOR('',#11824,1000.);
#7504=VECTOR('',#11825,1000.);
#7505=VECTOR('',#11826,1000.);
#7506=VECTOR('',#11827,1000.);
#7507=VECTOR('',#11828,1000.);
#7508=VECTOR('',#11829,1000.);
#7509=VECTOR('',#11830,1000.);
#7510=VECTOR('',#11831,1000.);
#7511=VECTOR('',#11832,1000.);
#7512=VECTOR('',#11833,1000.);
#7513=VECTOR('',#11834,1000.);
#7514=VECTOR('',#11835,1000.);
#7515=VECTOR('',#11836,1000.);
#7516=VECTOR('',#11837,1000.);
#7517=VECTOR('',#11838,1000.);
#7518=VECTOR('',#11839,1000.);
#7519=VECTOR('',#11840,1000.);
#7520=VECTOR('',#11841,1000.);
#7521=VECTOR('',#11842,1000.);
#7522=VECTOR('',#11843,1000.);
#7523=VECTOR('',#11844,1000.);
#7524=VECTOR('',#11845,1000.);
#7525=VECTOR('',#11846,1000.);
#7526=VECTOR('',#11847,1000.);
#7527=VECTOR('',#11848,1000.);
#7528=VECTOR('',#11849,1000.);
#7529=VECTOR('',#11850,1000.);
#7530=VECTOR('',#11851,1000.);
#7531=VECTOR('',#11852,1000.);
#7532=VECTOR('',#11853,1000.);
#7533=VECTOR('',#11854,1000.);
#7534=VECTOR('',#11855,1000.);
#7535=VECTOR('',#11856,1000.);
#7536=VECTOR('',#11857,1000.);
#7537=VECTOR('',#11858,1000.);
#7538=VECTOR('',#11859,1000.);
#7539=VECTOR('',#11860,1000.);
#7540=VECTOR('',#11861,1000.);
#7541=VECTOR('',#11862,1000.);
#7542=VECTOR('',#11863,1000.);
#7543=VECTOR('',#11864,1000.);
#7544=VECTOR('',#11865,1000.);
#7545=VECTOR('',#11866,1000.);
#7546=VECTOR('',#11867,1000.);
#7547=VECTOR('',#11868,1000.);
#7548=VECTOR('',#11869,1000.);
#7549=VECTOR('',#11870,1000.);
#7550=VECTOR('',#11871,1000.);
#7551=VECTOR('',#11872,1000.);
#7552=VECTOR('',#11873,1000.);
#7553=VECTOR('',#11874,1000.);
#7554=VECTOR('',#11875,1000.);
#7555=VECTOR('',#11876,1000.);
#7556=VECTOR('',#11877,1000.);
#7557=VECTOR('',#11878,1000.);
#7558=VECTOR('',#11879,1000.);
#7559=VECTOR('',#11880,1000.);
#7560=VECTOR('',#11881,1000.);
#7561=VECTOR('',#11882,1000.);
#7562=VECTOR('',#11883,1000.);
#7563=VECTOR('',#11884,1000.);
#7564=VECTOR('',#11885,1000.);
#7565=VECTOR('',#11886,1000.);
#7566=VECTOR('',#11887,1000.);
#7567=VECTOR('',#11888,1000.);
#7568=VECTOR('',#11889,1000.);
#7569=VECTOR('',#11890,1000.);
#7570=VECTOR('',#11891,1000.);
#7571=VECTOR('',#11892,1000.);
#7572=VECTOR('',#11893,1000.);
#7573=VECTOR('',#11894,1000.);
#7574=VECTOR('',#11895,1000.);
#7575=VECTOR('',#11896,1000.);
#7576=VECTOR('',#11897,1000.);
#7577=VECTOR('',#11898,1000.);
#7578=VECTOR('',#11899,1000.);
#7579=VECTOR('',#11900,1000.);
#7580=VECTOR('',#11901,1000.);
#7581=VECTOR('',#11902,1000.);
#7582=VECTOR('',#11903,1000.);
#7583=VECTOR('',#11904,1000.);
#7584=VECTOR('',#11905,1000.);
#7585=VECTOR('',#11906,1000.);
#7586=VECTOR('',#11907,1000.);
#7587=VECTOR('',#11908,1000.);
#7588=VECTOR('',#11909,1000.);
#7589=VECTOR('',#11910,1000.);
#7590=VECTOR('',#11911,1000.);
#7591=VECTOR('',#11912,1000.);
#7592=VECTOR('',#11913,1000.);
#7593=VECTOR('',#11914,1000.);
#7594=VECTOR('',#11915,1000.);
#7595=VECTOR('',#11916,1000.);
#7596=VECTOR('',#11917,1000.);
#7597=VECTOR('',#11918,1000.);
#7598=VECTOR('',#11919,1000.);
#7599=VECTOR('',#11920,1000.);
#7600=VECTOR('',#11921,1000.);
#7601=VECTOR('',#11922,1000.);
#7602=VECTOR('',#11923,1000.);
#7603=VECTOR('',#11924,1000.);
#7604=VECTOR('',#11925,1000.);
#7605=VECTOR('',#11926,1000.);
#7606=VECTOR('',#11927,1000.);
#7607=VECTOR('',#11928,1000.);
#7608=VECTOR('',#11929,1000.);
#7609=VECTOR('',#11930,1000.);
#7610=VECTOR('',#11931,1000.);
#7611=VECTOR('',#11932,1000.);
#7612=VECTOR('',#11933,1000.);
#7613=VECTOR('',#11934,1000.);
#7614=VECTOR('',#11935,1000.);
#7615=VECTOR('',#11936,1000.);
#7616=VECTOR('',#11937,1000.);
#7617=VECTOR('',#11938,1000.);
#7618=VECTOR('',#11939,1000.);
#7619=VECTOR('',#11940,1000.);
#7620=VECTOR('',#11941,1000.);
#7621=VECTOR('',#11942,1000.);
#7622=VECTOR('',#11943,1000.);
#7623=VECTOR('',#11944,1000.);
#7624=VECTOR('',#11945,1000.);
#7625=VECTOR('',#11946,1000.);
#7626=VECTOR('',#11947,1000.);
#7627=VECTOR('',#11948,1000.);
#7628=VECTOR('',#11949,1000.);
#7629=VECTOR('',#11950,1000.);
#7630=VECTOR('',#11951,1000.);
#7631=VECTOR('',#11952,1000.);
#7632=VECTOR('',#11953,1000.);
#7633=VECTOR('',#11954,1000.);
#7634=VECTOR('',#11955,1000.);
#7635=VECTOR('',#11956,1000.);
#7636=VECTOR('',#11957,1000.);
#7637=VECTOR('',#11958,1000.);
#7638=VECTOR('',#11959,1000.);
#7639=VECTOR('',#11960,1000.);
#7640=VECTOR('',#11961,1000.);
#7641=VECTOR('',#11962,1000.);
#7642=VECTOR('',#11963,1000.);
#7643=VECTOR('',#11964,1000.);
#7644=VECTOR('',#11965,1000.);
#7645=VECTOR('',#11966,1000.);
#7646=VECTOR('',#11967,1000.);
#7647=VECTOR('',#11968,1000.);
#7648=VECTOR('',#11969,1000.);
#7649=VECTOR('',#11970,1000.);
#7650=VECTOR('',#11971,1000.);
#7651=VECTOR('',#11972,1000.);
#7652=VECTOR('',#11973,1000.);
#7653=VECTOR('',#11974,1000.);
#7654=VECTOR('',#11975,1000.);
#7655=VECTOR('',#11976,1000.);
#7656=VECTOR('',#11977,1000.);
#7657=VECTOR('',#11978,1000.);
#7658=VECTOR('',#11979,1000.);
#7659=VECTOR('',#11980,1000.);
#7660=VECTOR('',#11983,1000.);
#7661=VECTOR('',#11984,1000.);
#7662=VECTOR('',#11985,1000.);
#7663=VECTOR('',#11988,1000.);
#7664=VECTOR('',#11995,1000.);
#7665=VECTOR('',#11996,1000.);
#7666=VECTOR('',#11997,1000.);
#7667=VECTOR('',#12000,1000.);
#7668=VECTOR('',#12001,1000.);
#7669=VECTOR('',#12002,1000.);
#7670=VECTOR('',#12005,1000.);
#7671=VECTOR('',#12006,1000.);
#7672=VECTOR('',#12007,1000.);
#7673=VECTOR('',#12008,1000.);
#7674=VECTOR('',#12009,1000.);
#7675=VECTOR('',#12010,1000.);
#7676=VECTOR('',#12011,1000.);
#7677=VECTOR('',#12014,1000.);
#7678=VECTOR('',#12015,1000.);
#7679=VECTOR('',#12016,1000.);
#7680=VECTOR('',#12017,1000.);
#7681=VECTOR('',#12018,1000.);
#7682=VECTOR('',#12019,1000.);
#7683=VECTOR('',#12020,1000.);
#7684=VECTOR('',#12031,1000.);
#7685=VECTOR('',#12032,1000.);
#7686=VECTOR('',#12035,1000.);
#7687=VECTOR('',#12036,1000.);
#7688=VECTOR('',#12039,1000.);
#7689=VECTOR('',#12042,1000.);
#7690=VECTOR('',#12043,1000.);
#7691=VECTOR('',#12044,1000.);
#7692=VECTOR('',#12047,1000.);
#7693=VECTOR('',#12050,1000.);
#7694=VECTOR('',#12053,1000.);
#7695=VECTOR('',#12054,1000.);
#7696=VECTOR('',#12057,1000.);
#7697=VECTOR('',#12058,1000.);
#7698=VECTOR('',#12061,1000.);
#7699=VECTOR('',#12064,1000.);
#7700=VECTOR('',#12065,1000.);
#7701=VECTOR('',#12070,1000.);
#7702=VECTOR('',#12081,1000.);
#7703=VECTOR('',#12082,1000.);
#7704=VECTOR('',#12083,1000.);
#7705=VECTOR('',#12086,1000.);
#7706=VECTOR('',#12087,1000.);
#7707=VECTOR('',#12090,1000.);
#7708=VECTOR('',#12091,1000.);
#7709=VECTOR('',#12094,1000.);
#7710=VECTOR('',#12099,1000.);
#7711=VECTOR('',#12100,1000.);
#7712=VECTOR('',#12101,1000.);
#7713=VECTOR('',#12104,1000.);
#7714=VECTOR('',#12105,1000.);
#7715=VECTOR('',#12108,1000.);
#7716=VECTOR('',#12109,1000.);
#7717=VECTOR('',#12112,1000.);
#7718=VECTOR('',#12117,1000.);
#7719=VECTOR('',#12124,1000.);
#7720=VECTOR('',#12127,1000.);
#7721=VECTOR('',#12136,1000.);
#7722=VECTOR('',#12139,1000.);
#7723=VECTOR('',#12144,1000.);
#7724=VECTOR('',#12147,1000.);
#7725=VECTOR('',#12148,1000.);
#7726=VECTOR('',#12155,1000.);
#7727=VECTOR('',#12156,1000.);
#7728=VECTOR('',#12157,1000.);
#7729=VECTOR('',#12160,1000.);
#7730=VECTOR('',#12161,1000.);
#7731=VECTOR('',#12162,1000.);
#7732=VECTOR('',#12165,1000.);
#7733=VECTOR('',#12166,1000.);
#7734=VECTOR('',#12167,1000.);
#7735=VECTOR('',#12168,1000.);
#7736=VECTOR('',#12169,1000.);
#7737=VECTOR('',#12172,1000.);
#7738=VECTOR('',#12173,1000.);
#7739=VECTOR('',#12174,1000.);
#7740=VECTOR('',#12175,1000.);
#7741=VECTOR('',#12176,1000.);
#7742=VECTOR('',#12187,1000.);
#7743=VECTOR('',#12188,1000.);
#7744=VECTOR('',#12191,1000.);
#7745=VECTOR('',#12196,1000.);
#7746=VECTOR('',#12197,1000.);
#7747=VECTOR('',#12200,1000.);
#7748=VECTOR('',#12205,1000.);
#7749=VECTOR('',#12208,1000.);
#7750=VECTOR('',#12211,1000.);
#7751=VECTOR('',#12214,1000.);
#7752=VECTOR('',#12215,1000.);
#7753=VECTOR('',#12220,1000.);
#7754=VECTOR('',#12231,1000.);
#7755=VECTOR('',#12232,1000.);
#7756=VECTOR('',#12233,1000.);
#7757=VECTOR('',#12236,1000.);
#7758=VECTOR('',#12237,1000.);
#7759=VECTOR('',#12240,1000.);
#7760=VECTOR('',#12241,1000.);
#7761=VECTOR('',#12244,1000.);
#7762=VECTOR('',#12249,1000.);
#7763=VECTOR('',#12250,1000.);
#7764=VECTOR('',#12251,1000.);
#7765=VECTOR('',#12254,1000.);
#7766=VECTOR('',#12255,1000.);
#7767=VECTOR('',#12258,1000.);
#7768=VECTOR('',#12259,1000.);
#7769=VECTOR('',#12262,1000.);
#7770=VECTOR('',#12283,1000.);
#7771=VECTOR('',#12284,1000.);
#7772=VECTOR('',#12285,1000.);
#7773=VECTOR('',#12288,1000.);
#7774=VECTOR('',#12289,1000.);
#7775=VECTOR('',#12290,1000.);
#7776=VECTOR('',#12293,1000.);
#7777=VECTOR('',#12294,1000.);
#7778=VECTOR('',#12295,1000.);
#7779=VECTOR('',#12296,1000.);
#7780=VECTOR('',#12297,1000.);
#7781=VECTOR('',#12300,1000.);
#7782=VECTOR('',#12301,1000.);
#7783=VECTOR('',#12302,1000.);
#7784=VECTOR('',#12303,1000.);
#7785=VECTOR('',#12304,1000.);
#7786=VECTOR('',#12315,1000.);
#7787=VECTOR('',#12316,1000.);
#7788=VECTOR('',#12319,1000.);
#7789=VECTOR('',#12324,1000.);
#7790=VECTOR('',#12325,1000.);
#7791=VECTOR('',#12328,1000.);
#7792=VECTOR('',#12333,1000.);
#7793=VECTOR('',#12336,1000.);
#7794=VECTOR('',#12339,1000.);
#7795=VECTOR('',#12342,1000.);
#7796=VECTOR('',#12343,1000.);
#7797=VECTOR('',#12348,1000.);
#7798=VECTOR('',#12359,1000.);
#7799=VECTOR('',#12360,1000.);
#7800=VECTOR('',#12361,1000.);
#7801=VECTOR('',#12364,1000.);
#7802=VECTOR('',#12365,1000.);
#7803=VECTOR('',#12368,1000.);
#7804=VECTOR('',#12369,1000.);
#7805=VECTOR('',#12372,1000.);
#7806=VECTOR('',#12377,1000.);
#7807=VECTOR('',#12378,1000.);
#7808=VECTOR('',#12379,1000.);
#7809=VECTOR('',#12382,1000.);
#7810=VECTOR('',#12383,1000.);
#7811=VECTOR('',#12386,1000.);
#7812=VECTOR('',#12387,1000.);
#7813=VECTOR('',#12390,1000.);
#7814=VECTOR('',#12411,1000.);
#7815=VECTOR('',#12412,1000.);
#7816=VECTOR('',#12413,1000.);
#7817=VECTOR('',#12416,1000.);
#7818=VECTOR('',#12417,1000.);
#7819=VECTOR('',#12418,1000.);
#7820=VECTOR('',#12421,1000.);
#7821=VECTOR('',#12422,1000.);
#7822=VECTOR('',#12423,1000.);
#7823=VECTOR('',#12424,1000.);
#7824=VECTOR('',#12425,1000.);
#7825=VECTOR('',#12428,1000.);
#7826=VECTOR('',#12429,1000.);
#7827=VECTOR('',#12430,1000.);
#7828=VECTOR('',#12431,1000.);
#7829=VECTOR('',#12432,1000.);
#7830=VECTOR('',#12443,1000.);
#7831=VECTOR('',#12444,1000.);
#7832=VECTOR('',#12447,1000.);
#7833=VECTOR('',#12452,1000.);
#7834=VECTOR('',#12453,1000.);
#7835=VECTOR('',#12456,1000.);
#7836=VECTOR('',#12461,1000.);
#7837=VECTOR('',#12464,1000.);
#7838=VECTOR('',#12467,1000.);
#7839=VECTOR('',#12470,1000.);
#7840=VECTOR('',#12471,1000.);
#7841=VECTOR('',#12476,1000.);
#7842=VECTOR('',#12487,1000.);
#7843=VECTOR('',#12488,1000.);
#7844=VECTOR('',#12489,1000.);
#7845=VECTOR('',#12492,1000.);
#7846=VECTOR('',#12493,1000.);
#7847=VECTOR('',#12496,1000.);
#7848=VECTOR('',#12497,1000.);
#7849=VECTOR('',#12500,1000.);
#7850=VECTOR('',#12505,1000.);
#7851=VECTOR('',#12506,1000.);
#7852=VECTOR('',#12507,1000.);
#7853=VECTOR('',#12510,1000.);
#7854=VECTOR('',#12511,1000.);
#7855=VECTOR('',#12514,1000.);
#7856=VECTOR('',#12515,1000.);
#7857=VECTOR('',#12518,1000.);
#7858=VECTOR('',#12539,1000.);
#7859=VECTOR('',#12540,1000.);
#7860=VECTOR('',#12541,1000.);
#7861=VECTOR('',#12544,1000.);
#7862=VECTOR('',#12545,1000.);
#7863=VECTOR('',#12546,1000.);
#7864=VECTOR('',#12549,1000.);
#7865=VECTOR('',#12550,1000.);
#7866=VECTOR('',#12551,1000.);
#7867=VECTOR('',#12552,1000.);
#7868=VECTOR('',#12553,1000.);
#7869=VECTOR('',#12556,1000.);
#7870=VECTOR('',#12557,1000.);
#7871=VECTOR('',#12558,1000.);
#7872=VECTOR('',#12559,1000.);
#7873=VECTOR('',#12560,1000.);
#7874=VECTOR('',#12571,1000.);
#7875=VECTOR('',#12572,1000.);
#7876=VECTOR('',#12575,1000.);
#7877=VECTOR('',#12580,1000.);
#7878=VECTOR('',#12581,1000.);
#7879=VECTOR('',#12584,1000.);
#7880=VECTOR('',#12589,1000.);
#7881=VECTOR('',#12592,1000.);
#7882=VECTOR('',#12595,1000.);
#7883=VECTOR('',#12598,1000.);
#7884=VECTOR('',#12599,1000.);
#7885=VECTOR('',#12604,1000.);
#7886=VECTOR('',#12615,1000.);
#7887=VECTOR('',#12616,1000.);
#7888=VECTOR('',#12617,1000.);
#7889=VECTOR('',#12620,1000.);
#7890=VECTOR('',#12621,1000.);
#7891=VECTOR('',#12624,1000.);
#7892=VECTOR('',#12625,1000.);
#7893=VECTOR('',#12628,1000.);
#7894=VECTOR('',#12633,1000.);
#7895=VECTOR('',#12634,1000.);
#7896=VECTOR('',#12635,1000.);
#7897=VECTOR('',#12638,1000.);
#7898=VECTOR('',#12639,1000.);
#7899=VECTOR('',#12642,1000.);
#7900=VECTOR('',#12643,1000.);
#7901=VECTOR('',#12646,1000.);
#7902=VECTOR('',#12667,1000.);
#7903=VECTOR('',#12668,1000.);
#7904=VECTOR('',#12669,1000.);
#7905=VECTOR('',#12672,1000.);
#7906=VECTOR('',#12673,1000.);
#7907=VECTOR('',#12674,1000.);
#7908=VECTOR('',#12677,1000.);
#7909=VECTOR('',#12678,1000.);
#7910=VECTOR('',#12679,1000.);
#7911=VECTOR('',#12680,1000.);
#7912=VECTOR('',#12681,1000.);
#7913=VECTOR('',#12684,1000.);
#7914=VECTOR('',#12685,1000.);
#7915=VECTOR('',#12686,1000.);
#7916=VECTOR('',#12687,1000.);
#7917=VECTOR('',#12688,1000.);
#7918=VECTOR('',#12699,1000.);
#7919=VECTOR('',#12700,1000.);
#7920=VECTOR('',#12703,1000.);
#7921=VECTOR('',#12708,1000.);
#7922=VECTOR('',#12709,1000.);
#7923=VECTOR('',#12712,1000.);
#7924=VECTOR('',#12717,1000.);
#7925=VECTOR('',#12720,1000.);
#7926=VECTOR('',#12723,1000.);
#7927=VECTOR('',#12726,1000.);
#7928=VECTOR('',#12727,1000.);
#7929=VECTOR('',#12732,1000.);
#7930=VECTOR('',#12743,1000.);
#7931=VECTOR('',#12744,1000.);
#7932=VECTOR('',#12745,1000.);
#7933=VECTOR('',#12748,1000.);
#7934=VECTOR('',#12749,1000.);
#7935=VECTOR('',#12752,1000.);
#7936=VECTOR('',#12753,1000.);
#7937=VECTOR('',#12756,1000.);
#7938=VECTOR('',#12761,1000.);
#7939=VECTOR('',#12762,1000.);
#7940=VECTOR('',#12763,1000.);
#7941=VECTOR('',#12766,1000.);
#7942=VECTOR('',#12767,1000.);
#7943=VECTOR('',#12770,1000.);
#7944=VECTOR('',#12771,1000.);
#7945=VECTOR('',#12774,1000.);
#7946=VECTOR('',#12797,1000.);
#7947=VECTOR('',#12800,1000.);
#7948=VECTOR('',#12803,1000.);
#7949=VECTOR('',#12804,1000.);
#7950=VECTOR('',#12807,1000.);
#7951=VECTOR('',#12810,1000.);
#7952=VECTOR('',#12813,1000.);
#7953=VECTOR('',#12814,1000.);
#7954=VECTOR('',#12817,1000.);
#7955=VECTOR('',#12820,1000.);
#7956=VECTOR('',#12823,1000.);
#7957=VECTOR('',#12826,1000.);
#7958=VECTOR('',#12827,1000.);
#7959=VECTOR('',#12830,1000.);
#7960=VECTOR('',#12833,1000.);
#7961=VECTOR('',#12836,1000.);
#7962=VECTOR('',#12839,1000.);
#7963=VECTOR('',#12842,1000.);
#7964=VECTOR('',#12843,1000.);
#7965=VECTOR('',#12844,1000.);
#7966=VECTOR('',#12845,1000.);
#7967=VECTOR('',#12848,1000.);
#7968=VECTOR('',#12851,1000.);
#7969=VECTOR('',#12858,1000.);
#7970=VECTOR('',#12861,1000.);
#7971=VECTOR('',#12862,1000.);
#7972=VECTOR('',#12863,1000.);
#7973=VECTOR('',#12866,1000.);
#7974=VECTOR('',#12869,1000.);
#7975=VECTOR('',#12876,1000.);
#7976=VECTOR('',#12879,1000.);
#7977=VECTOR('',#12882,1000.);
#7978=VECTOR('',#12883,1000.);
#7979=VECTOR('',#12884,1000.);
#7980=VECTOR('',#12885,1000.);
#7981=VECTOR('',#12888,1000.);
#7982=VECTOR('',#12891,1000.);
#7983=VECTOR('',#12894,1000.);
#7984=VECTOR('',#12897,1000.);
#7985=VECTOR('',#12900,1000.);
#7986=VECTOR('',#12901,1000.);
#7987=VECTOR('',#12904,1000.);
#7988=VECTOR('',#12907,1000.);
#7989=VECTOR('',#12910,1000.);
#7990=VECTOR('',#12913,1000.);
#7991=VECTOR('',#12914,1000.);
#7992=VECTOR('',#12917,1000.);
#7993=VECTOR('',#12920,1000.);
#7994=VECTOR('',#12923,1000.);
#7995=VECTOR('',#12924,1000.);
#7996=VECTOR('',#12929,1000.);
#7997=VECTOR('',#12930,1000.);
#7998=VECTOR('',#12933,1000.);
#7999=VECTOR('',#12936,1000.);
#8000=VECTOR('',#12937,1000.);
#8001=VECTOR('',#12940,1000.);
#8002=VECTOR('',#12941,1000.);
#8003=VECTOR('',#12944,1000.);
#8004=VECTOR('',#12945,1000.);
#8005=VECTOR('',#12948,1000.);
#8006=VECTOR('',#12949,1000.);
#8007=VECTOR('',#12952,1000.);
#8008=VECTOR('',#12953,1000.);
#8009=VECTOR('',#12954,1000.);
#8010=VECTOR('',#12961,1000.);
#8011=VECTOR('',#12970,1000.);
#8012=VECTOR('',#12971,1000.);
#8013=VECTOR('',#12974,1000.);
#8014=VECTOR('',#12975,1000.);
#8015=VECTOR('',#12984,1000.);
#8016=VECTOR('',#12987,1000.);
#8017=VECTOR('',#12992,1000.);
#8018=VECTOR('',#12993,1000.);
#8019=VECTOR('',#12996,1000.);
#8020=VECTOR('',#12997,1000.);
#8021=VECTOR('',#13000,1000.);
#8022=VECTOR('',#13003,1000.);
#8023=VECTOR('',#13006,1000.);
#8024=VECTOR('',#13009,1000.);
#8025=VECTOR('',#13012,1000.);
#8026=VECTOR('',#13015,1000.);
#8027=VECTOR('',#13018,1000.);
#8028=VECTOR('',#13019,1000.);
#8029=VECTOR('',#13022,1000.);
#8030=VECTOR('',#13027,1000.);
#8031=VECTOR('',#13028,1000.);
#8032=VECTOR('',#13031,1000.);
#8033=VECTOR('',#13034,1000.);
#8034=VECTOR('',#13037,1000.);
#8035=VECTOR('',#13040,1000.);
#8036=VECTOR('',#13043,1000.);
#8037=VECTOR('',#13046,1000.);
#8038=VECTOR('',#13055,1000.);
#8039=VECTOR('',#13056,1000.);
#8040=VECTOR('',#13057,1000.);
#8041=VECTOR('',#13058,1000.);
#8042=VECTOR('',#13059,1000.);
#8043=VECTOR('',#13062,1000.);
#8044=VECTOR('',#13063,1000.);
#8045=VECTOR('',#13064,1000.);
#8046=VECTOR('',#13065,1000.);
#8047=VECTOR('',#13066,1000.);
#8048=VECTOR('',#13069,1000.);
#8049=VECTOR('',#13076,1000.);
#8050=VECTOR('',#13079,1000.);
#8051=VECTOR('',#13086,1000.);
#8052=VECTOR('',#13097,1000.);
#8053=VECTOR('',#13100,1000.);
#8054=VECTOR('',#13101,1000.);
#8055=VECTOR('',#13120,1000.);
#8056=VECTOR('',#13121,1000.);
#8057=VECTOR('',#13122,1000.);
#8058=VECTOR('',#13123,1000.);
#8059=VECTOR('',#13126,1000.);
#8060=VECTOR('',#13127,1000.);
#8061=VECTOR('',#13128,1000.);
#8062=VECTOR('',#13129,1000.);
#8063=VECTOR('',#13132,1000.);
#8064=VECTOR('',#13135,1000.);
#8065=VECTOR('',#13138,1000.);
#8066=VECTOR('',#13141,1000.);
#8067=VECTOR('',#13142,1000.);
#8068=VECTOR('',#13143,1000.);
#8069=VECTOR('',#13146,1000.);
#8070=VECTOR('',#13149,1000.);
#8071=VECTOR('',#13152,1000.);
#8072=VECTOR('',#13153,1000.);
#8073=VECTOR('',#13154,1000.);
#8074=VECTOR('',#13157,1000.);
#8075=VECTOR('',#13160,1000.);
#8076=VECTOR('',#13161,1000.);
#8077=VECTOR('',#13164,1000.);
#8078=VECTOR('',#13167,1000.);
#8079=VECTOR('',#13170,1000.);
#8080=VECTOR('',#13171,1000.);
#8081=VECTOR('',#13174,1000.);
#8082=VECTOR('',#13177,1000.);
#8083=VECTOR('',#13180,1000.);
#8084=VECTOR('',#13183,1000.);
#8085=VECTOR('',#13184,1000.);
#8086=VECTOR('',#13187,1000.);
#8087=VECTOR('',#13190,1000.);
#8088=VECTOR('',#13193,1000.);
#8089=VECTOR('',#13198,1000.);
#8090=VECTOR('',#13199,1000.);
#8091=VECTOR('',#13200,1000.);
#8092=VECTOR('',#13203,1000.);
#8093=VECTOR('',#13204,1000.);
#8094=VECTOR('',#13205,1000.);
#8095=VECTOR('',#13208,1000.);
#8096=VECTOR('',#13211,1000.);
#8097=VECTOR('',#13214,1000.);
#8098=VECTOR('',#13217,1000.);
#8099=VECTOR('',#13222,1000.);
#8100=VECTOR('',#13223,1000.);
#8101=VECTOR('',#13226,1000.);
#8102=VECTOR('',#13229,1000.);
#8103=VECTOR('',#13232,1000.);
#8104=VECTOR('',#13235,1000.);
#8105=VECTOR('',#13236,1000.);
#8106=VECTOR('',#13239,1000.);
#8107=VECTOR('',#13242,1000.);
#8108=VECTOR('',#13245,1000.);
#8109=VECTOR('',#13246,1000.);
#8110=VECTOR('',#13249,1000.);
#8111=VECTOR('',#13252,1000.);
#8112=VECTOR('',#13253,1000.);
#8113=VECTOR('',#13256,1000.);
#8114=VECTOR('',#13259,1000.);
#8115=VECTOR('',#13262,1000.);
#8116=VECTOR('',#13263,1000.);
#8117=VECTOR('',#13264,1000.);
#8118=VECTOR('',#13267,1000.);
#8119=VECTOR('',#13272,1000.);
#8120=VECTOR('',#13275,1000.);
#8121=VECTOR('',#13276,1000.);
#8122=VECTOR('',#13279,1000.);
#8123=VECTOR('',#13280,1000.);
#8124=VECTOR('',#13283,1000.);
#8125=VECTOR('',#13284,1000.);
#8126=VECTOR('',#13287,1000.);
#8127=VECTOR('',#13288,1000.);
#8128=VECTOR('',#13291,1000.);
#8129=VECTOR('',#13292,1000.);
#8130=VECTOR('',#13295,1000.);
#8131=VECTOR('',#13296,1000.);
#8132=VECTOR('',#13299,1000.);
#8133=VECTOR('',#13300,1000.);
#8134=VECTOR('',#13303,1000.);
#8135=VECTOR('',#13310,1000.);
#8136=VECTOR('',#13311,1000.);
#8137=VECTOR('',#13314,1000.);
#8138=VECTOR('',#13315,1000.);
#8139=VECTOR('',#13318,1000.);
#8140=VECTOR('',#13321,1000.);
#8141=VECTOR('',#13324,1000.);
#8142=VECTOR('',#13327,1000.);
#8143=VECTOR('',#13330,1000.);
#8144=VECTOR('',#13333,1000.);
#8145=VECTOR('',#13336,1000.);
#8146=VECTOR('',#13337,1000.);
#8147=VECTOR('',#13340,1000.);
#8148=VECTOR('',#13345,1000.);
#8149=VECTOR('',#13346,1000.);
#8150=VECTOR('',#13349,1000.);
#8151=VECTOR('',#13352,1000.);
#8152=VECTOR('',#13355,1000.);
#8153=VECTOR('',#13358,1000.);
#8154=VECTOR('',#13361,1000.);
#8155=VECTOR('',#13364,1000.);
#8156=VECTOR('',#13389,1000.);
#8157=VECTOR('',#13390,1000.);
#8158=VECTOR('',#13391,1000.);
#8159=VECTOR('',#13392,1000.);
#8160=VECTOR('',#13393,1000.);
#8161=VECTOR('',#13394,1000.);
#8162=VECTOR('',#13397,1000.);
#8163=VECTOR('',#13398,1000.);
#8164=VECTOR('',#13399,1000.);
#8165=VECTOR('',#13400,1000.);
#8166=VECTOR('',#13401,1000.);
#8167=VECTOR('',#13402,1000.);
#8168=VECTOR('',#13407,1000.);
#8169=VECTOR('',#13414,1000.);
#8170=VECTOR('',#13421,1000.);
#8171=VECTOR('',#13428,1000.);
#8172=VECTOR('',#13445,1000.);
#8173=VECTOR('',#13448,1000.);
#8174=VECTOR('',#13451,1000.);
#8175=VECTOR('',#13452,1000.);
#8176=EDGE_LOOP('',(#226,#227,#228,#229,#230,#231,#232,#233,#234,#235,#236,
#237,#238,#239,#240,#241,#242,#243,#244,#245,#246,#247,#248,#249,#250,#251,
#252,#253,#254,#255,#256,#257,#258,#259,#260,#261,#262,#263,#264,#265,#266,
#267,#268,#269,#270,#271,#272,#273,#274,#275,#276,#277,#278,#279,#280,#281,
#282,#283));
#8177=EDGE_LOOP('',(#284,#285,#286,#287));
#8178=EDGE_LOOP('',(#288,#289,#290,#291,#292,#293,#294,#295,#296,#297,#298));
#8179=EDGE_LOOP('',(#299,#300,#301,#302,#303,#304,#305,#306,#307,#308,#309));
#8180=EDGE_LOOP('',(#310,#311,#312,#313,#314));
#8181=EDGE_LOOP('',(#315,#316,#317,#318,#319));
#8182=EDGE_LOOP('',(#320,#321,#322,#323,#324));
#8183=EDGE_LOOP('',(#325,#326,#327,#328,#329));
#8184=EDGE_LOOP('',(#330,#331,#332,#333,#334,#335));
#8185=EDGE_LOOP('',(#336,#337,#338,#339,#340,#341));
#8186=EDGE_LOOP('',(#342,#343,#344,#345,#346,#347));
#8187=EDGE_LOOP('',(#348,#349,#350,#351,#352,#353));
#8188=EDGE_LOOP('',(#354,#355,#356,#357,#358));
#8189=EDGE_LOOP('',(#359,#360,#361,#362,#363));
#8190=EDGE_LOOP('',(#364,#365,#366,#367,#368));
#8191=EDGE_LOOP('',(#369,#370,#371,#372,#373,#374));
#8192=EDGE_LOOP('',(#375,#376,#377,#378,#379));
#8193=EDGE_LOOP('',(#380,#381,#382,#383,#384));
#8194=EDGE_LOOP('',(#385,#386,#387,#388,#389));
#8195=EDGE_LOOP('',(#390,#391,#392,#393,#394));
#8196=EDGE_LOOP('',(#395,#396,#397,#398));
#8197=EDGE_LOOP('',(#399,#400,#401,#402,#403));
#8198=EDGE_LOOP('',(#404,#405,#406,#407,#408,#409));
#8199=EDGE_LOOP('',(#410,#411,#412,#413,#414));
#8200=EDGE_LOOP('',(#415,#416,#417,#418));
#8201=EDGE_LOOP('',(#419,#420,#421,#422));
#8202=EDGE_LOOP('',(#423,#424,#425,#426,#427,#428,#429,#430,#431,#432,#433));
#8203=EDGE_LOOP('',(#434,#435,#436,#437,#438,#439,#440,#441,#442,#443,#444));
#8204=EDGE_LOOP('',(#445,#446,#447,#448,#449));
#8205=EDGE_LOOP('',(#450,#451,#452,#453,#454));
#8206=EDGE_LOOP('',(#455,#456,#457,#458,#459));
#8207=EDGE_LOOP('',(#460,#461,#462,#463,#464));
#8208=EDGE_LOOP('',(#465,#466,#467,#468,#469,#470));
#8209=EDGE_LOOP('',(#471,#472,#473,#474,#475,#476));
#8210=EDGE_LOOP('',(#477,#478,#479,#480,#481,#482));
#8211=EDGE_LOOP('',(#483,#484,#485,#486,#487,#488));
#8212=EDGE_LOOP('',(#489,#490,#491,#492,#493));
#8213=EDGE_LOOP('',(#494,#495,#496,#497,#498));
#8214=EDGE_LOOP('',(#499,#500,#501,#502,#503));
#8215=EDGE_LOOP('',(#504,#505,#506,#507,#508,#509));
#8216=EDGE_LOOP('',(#510,#511,#512,#513,#514));
#8217=EDGE_LOOP('',(#515,#516,#517,#518,#519));
#8218=EDGE_LOOP('',(#520,#521,#522,#523,#524,#525));
#8219=EDGE_LOOP('',(#526,#527,#528,#529,#530));
#8220=EDGE_LOOP('',(#531,#532,#533,#534));
#8221=EDGE_LOOP('',(#535,#536,#537,#538));
#8222=EDGE_LOOP('',(#539,#540,#541,#542,#543,#544,#545,#546,#547,#548,#549));
#8223=EDGE_LOOP('',(#550,#551,#552,#553,#554,#555,#556,#557,#558,#559,#560));
#8224=EDGE_LOOP('',(#561,#562,#563,#564,#565));
#8225=EDGE_LOOP('',(#566,#567,#568,#569,#570));
#8226=EDGE_LOOP('',(#571,#572,#573,#574,#575));
#8227=EDGE_LOOP('',(#576,#577,#578,#579,#580));
#8228=EDGE_LOOP('',(#581,#582,#583,#584,#585,#586));
#8229=EDGE_LOOP('',(#587,#588,#589,#590,#591,#592));
#8230=EDGE_LOOP('',(#593,#594,#595,#596,#597,#598));
#8231=EDGE_LOOP('',(#599,#600,#601,#602,#603,#604));
#8232=EDGE_LOOP('',(#605,#606,#607,#608,#609));
#8233=EDGE_LOOP('',(#610,#611,#612,#613,#614));
#8234=EDGE_LOOP('',(#615,#616,#617,#618,#619));
#8235=EDGE_LOOP('',(#620,#621,#622,#623,#624,#625));
#8236=EDGE_LOOP('',(#626,#627,#628,#629,#630));
#8237=EDGE_LOOP('',(#631,#632,#633,#634,#635));
#8238=EDGE_LOOP('',(#636,#637,#638,#639,#640,#641));
#8239=EDGE_LOOP('',(#642,#643,#644,#645,#646));
#8240=EDGE_LOOP('',(#647,#648,#649,#650));
#8241=EDGE_LOOP('',(#651,#652,#653,#654));
#8242=EDGE_LOOP('',(#655,#656,#657,#658,#659,#660,#661,#662,#663,#664,#665));
#8243=EDGE_LOOP('',(#666,#667,#668,#669,#670,#671,#672,#673,#674,#675,#676));
#8244=EDGE_LOOP('',(#677,#678,#679,#680,#681));
#8245=EDGE_LOOP('',(#682,#683,#684,#685,#686));
#8246=EDGE_LOOP('',(#687,#688,#689,#690,#691));
#8247=EDGE_LOOP('',(#692,#693,#694,#695,#696));
#8248=EDGE_LOOP('',(#697,#698,#699,#700,#701,#702));
#8249=EDGE_LOOP('',(#703,#704,#705,#706,#707,#708));
#8250=EDGE_LOOP('',(#709,#710,#711,#712,#713,#714));
#8251=EDGE_LOOP('',(#715,#716,#717,#718,#719,#720));
#8252=EDGE_LOOP('',(#721,#722,#723,#724,#725));
#8253=EDGE_LOOP('',(#726,#727,#728,#729,#730));
#8254=EDGE_LOOP('',(#731,#732,#733,#734,#735));
#8255=EDGE_LOOP('',(#736,#737,#738,#739,#740,#741));
#8256=EDGE_LOOP('',(#742,#743,#744,#745,#746));
#8257=EDGE_LOOP('',(#747,#748,#749,#750,#751));
#8258=EDGE_LOOP('',(#752,#753,#754,#755,#756,#757));
#8259=EDGE_LOOP('',(#758,#759,#760,#761,#762));
#8260=EDGE_LOOP('',(#763,#764,#765,#766));
#8261=EDGE_LOOP('',(#767,#768,#769,#770));
#8262=EDGE_LOOP('',(#771,#772,#773,#774,#775,#776,#777,#778,#779,#780,#781));
#8263=EDGE_LOOP('',(#782,#783,#784,#785,#786,#787,#788,#789,#790,#791,#792));
#8264=EDGE_LOOP('',(#793,#794,#795,#796,#797));
#8265=EDGE_LOOP('',(#798,#799,#800,#801,#802));
#8266=EDGE_LOOP('',(#803,#804,#805,#806,#807));
#8267=EDGE_LOOP('',(#808,#809,#810,#811,#812));
#8268=EDGE_LOOP('',(#813,#814,#815,#816,#817,#818));
#8269=EDGE_LOOP('',(#819,#820,#821,#822,#823,#824));
#8270=EDGE_LOOP('',(#825,#826,#827,#828,#829,#830));
#8271=EDGE_LOOP('',(#831,#832,#833,#834,#835,#836));
#8272=EDGE_LOOP('',(#837,#838,#839,#840,#841));
#8273=EDGE_LOOP('',(#842,#843,#844,#845,#846));
#8274=EDGE_LOOP('',(#847,#848,#849,#850,#851));
#8275=EDGE_LOOP('',(#852,#853,#854,#855,#856,#857));
#8276=EDGE_LOOP('',(#858,#859,#860,#861,#862));
#8277=EDGE_LOOP('',(#863,#864,#865,#866,#867));
#8278=EDGE_LOOP('',(#868,#869,#870,#871,#872,#873));
#8279=EDGE_LOOP('',(#874,#875,#876,#877,#878));
#8280=EDGE_LOOP('',(#879,#880,#881,#882));
#8281=EDGE_LOOP('',(#883,#884,#885,#886,#887,#888,#889,#890,#891,#892,#893,
#894,#895,#896));
#8282=EDGE_LOOP('',(#897,#898,#899,#900,#901));
#8283=EDGE_LOOP('',(#902,#903,#904,#905,#906));
#8284=EDGE_LOOP('',(#907,#908,#909,#910));
#8285=EDGE_LOOP('',(#911,#912,#913,#914));
#8286=EDGE_LOOP('',(#915,#916,#917,#918,#919,#920,#921,#922,#923,#924,#925));
#8287=EDGE_LOOP('',(#926,#927,#928,#929,#930,#931,#932,#933,#934,#935,#936));
#8288=EDGE_LOOP('',(#937,#938,#939,#940,#941));
#8289=EDGE_LOOP('',(#942,#943,#944,#945,#946));
#8290=EDGE_LOOP('',(#947,#948,#949,#950,#951));
#8291=EDGE_LOOP('',(#952,#953,#954,#955,#956,#957));
#8292=EDGE_LOOP('',(#958,#959,#960,#961));
#8293=EDGE_LOOP('',(#962,#963,#964,#965,#966));
#8294=EDGE_LOOP('',(#967,#968,#969,#970,#971));
#8295=EDGE_LOOP('',(#972,#973,#974,#975,#976,#977));
#8296=EDGE_LOOP('',(#978,#979,#980,#981));
#8297=EDGE_LOOP('',(#982,#983,#984,#985));
#8298=EDGE_LOOP('',(#986,#987,#988,#989,#990,#991,#992,#993,#994,#995,#996,
#997));
#8299=EDGE_LOOP('',(#998,#999,#1000,#1001));
#8300=EDGE_LOOP('',(#1002,#1003,#1004,#1005));
#8301=EDGE_LOOP('',(#1006,#1007,#1008,#1009));
#8302=EDGE_LOOP('',(#1010,#1011,#1012,#1013));
#8303=EDGE_LOOP('',(#1014,#1015,#1016,#1017));
#8304=EDGE_LOOP('',(#1018,#1019,#1020,#1021));
#8305=EDGE_LOOP('',(#1022,#1023,#1024,#1025));
#8306=EDGE_LOOP('',(#1026,#1027,#1028,#1029));
#8307=EDGE_LOOP('',(#1030,#1031,#1032,#1033));
#8308=EDGE_LOOP('',(#1034,#1035,#1036,#1037));
#8309=EDGE_LOOP('',(#1038,#1039,#1040,#1041));
#8310=EDGE_LOOP('',(#1042,#1043,#1044,#1045,#1046,#1047,#1048,#1049,#1050,
#1051,#1052,#1053));
#8311=EDGE_LOOP('',(#1054,#1055,#1056,#1057,#1058,#1059,#1060,#1061,#1062,
#1063,#1064,#1065));
#8312=EDGE_LOOP('',(#1066,#1067,#1068,#1069));
#8313=EDGE_LOOP('',(#1070,#1071,#1072,#1073));
#8314=EDGE_LOOP('',(#1074,#1075,#1076,#1077));
#8315=EDGE_LOOP('',(#1078,#1079,#1080,#1081));
#8316=EDGE_LOOP('',(#1082,#1083,#1084,#1085,#1086,#1087,#1088,#1089,#1090,
#1091,#1092,#1093));
#8317=EDGE_LOOP('',(#1094,#1095,#1096,#1097,#1098,#1099,#1100,#1101,#1102,
#1103,#1104,#1105));
#8318=EDGE_LOOP('',(#1106,#1107,#1108,#1109));
#8319=EDGE_LOOP('',(#1110,#1111,#1112,#1113));
#8320=EDGE_LOOP('',(#1114,#1115,#1116,#1117));
#8321=EDGE_LOOP('',(#1118,#1119,#1120,#1121));
#8322=EDGE_LOOP('',(#1122,#1123,#1124,#1125,#1126,#1127,#1128,#1129,#1130,
#1131,#1132,#1133));
#8323=EDGE_LOOP('',(#1134,#1135,#1136,#1137,#1138,#1139,#1140,#1141,#1142,
#1143,#1144,#1145));
#8324=EDGE_LOOP('',(#1146,#1147,#1148,#1149));
#8325=EDGE_LOOP('',(#1150,#1151,#1152,#1153));
#8326=EDGE_LOOP('',(#1154,#1155,#1156,#1157));
#8327=EDGE_LOOP('',(#1158,#1159,#1160,#1161));
#8328=EDGE_LOOP('',(#1162,#1163,#1164,#1165,#1166,#1167,#1168,#1169,#1170,
#1171,#1172,#1173));
#8329=EDGE_LOOP('',(#1174,#1175,#1176,#1177,#1178,#1179,#1180,#1181,#1182,
#1183,#1184,#1185));
#8330=EDGE_LOOP('',(#1186,#1187,#1188,#1189));
#8331=EDGE_LOOP('',(#1190,#1191,#1192,#1193));
#8332=EDGE_LOOP('',(#1194,#1195,#1196,#1197));
#8333=EDGE_LOOP('',(#1198,#1199,#1200,#1201));
#8334=EDGE_LOOP('',(#1202,#1203,#1204,#1205,#1206,#1207,#1208,#1209,#1210,
#1211,#1212,#1213));
#8335=EDGE_LOOP('',(#1214,#1215,#1216,#1217,#1218,#1219,#1220,#1221,#1222,
#1223,#1224,#1225));
#8336=EDGE_LOOP('',(#1226,#1227,#1228,#1229));
#8337=EDGE_LOOP('',(#1230,#1231,#1232,#1233));
#8338=EDGE_LOOP('',(#1234,#1235,#1236,#1237));
#8339=EDGE_LOOP('',(#1238,#1239,#1240,#1241));
#8340=EDGE_LOOP('',(#1242,#1243,#1244,#1245,#1246,#1247,#1248,#1249,#1250,
#1251,#1252,#1253));
#8341=EDGE_LOOP('',(#1254,#1255,#1256,#1257,#1258,#1259,#1260,#1261,#1262,
#1263,#1264,#1265));
#8342=EDGE_LOOP('',(#1266,#1267,#1268,#1269));
#8343=EDGE_LOOP('',(#1270,#1271,#1272,#1273,#1274,#1275,#1276,#1277));
#8344=EDGE_LOOP('',(#1278,#1279,#1280,#1281,#1282));
#8345=EDGE_LOOP('',(#1283,#1284,#1285,#1286));
#8346=EDGE_LOOP('',(#1287,#1288,#1289,#1290));
#8347=EDGE_LOOP('',(#1291,#1292,#1293,#1294,#1295));
#8348=EDGE_LOOP('',(#1296,#1297,#1298,#1299,#1300));
#8349=EDGE_LOOP('',(#1301,#1302,#1303,#1304,#1305,#1306,#1307,#1308,#1309,
#1310,#1311));
#8350=EDGE_LOOP('',(#1312,#1313,#1314,#1315,#1316,#1317,#1318,#1319,#1320,
#1321,#1322));
#8351=EDGE_LOOP('',(#1323,#1324,#1325,#1326));
#8352=EDGE_LOOP('',(#1327,#1328,#1329,#1330));
#8353=EDGE_LOOP('',(#1331,#1332,#1333,#1334));
#8354=EDGE_LOOP('',(#1335,#1336,#1337,#1338));
#8355=EDGE_LOOP('',(#1339,#1340,#1341,#1342,#1343));
#8356=EDGE_LOOP('',(#1344,#1345,#1346,#1347));
#8357=EDGE_LOOP('',(#1348,#1349,#1350,#1351));
#8358=EDGE_LOOP('',(#1352,#1353,#1354,#1355));
#8359=EDGE_LOOP('',(#1356,#1357,#1358,#1359,#1360));
#8360=EDGE_LOOP('',(#1361,#1362,#1363,#1364));
#8361=EDGE_LOOP('',(#1365,#1366,#1367,#1368));
#8362=EDGE_LOOP('',(#1369,#1370,#1371,#1372));
#8363=EDGE_LOOP('',(#1373,#1374,#1375,#1376,#1377));
#8364=EDGE_LOOP('',(#1378,#1379,#1380,#1381));
#8365=EDGE_LOOP('',(#1382,#1383,#1384,#1385));
#8366=EDGE_LOOP('',(#1386,#1387,#1388,#1389,#1390));
#8367=EDGE_LOOP('',(#1391,#1392,#1393,#1394));
#8368=EDGE_LOOP('',(#1395,#1396,#1397,#1398));
#8369=EDGE_LOOP('',(#1399,#1400,#1401,#1402));
#8370=EDGE_LOOP('',(#1403,#1404,#1405,#1406));
#8371=EDGE_LOOP('',(#1407,#1408,#1409,#1410));
#8372=EDGE_LOOP('',(#1411,#1412,#1413,#1414));
#8373=EDGE_LOOP('',(#1415,#1416,#1417,#1418));
#8374=EDGE_LOOP('',(#1419,#1420,#1421,#1422));
#8375=EDGE_LOOP('',(#1423,#1424,#1425,#1426));
#8376=EDGE_LOOP('',(#1427,#1428,#1429,#1430));
#8377=EDGE_LOOP('',(#1431,#1432,#1433,#1434));
#8378=EDGE_LOOP('',(#1435,#1436,#1437,#1438));
#8379=EDGE_LOOP('',(#1439,#1440,#1441,#1442));
#8380=EDGE_LOOP('',(#1443,#1444,#1445,#1446));
#8381=EDGE_LOOP('',(#1447,#1448,#1449,#1450));
#8382=EDGE_LOOP('',(#1451,#1452,#1453,#1454));
#8383=EDGE_LOOP('',(#1455,#1456,#1457,#1458));
#8384=EDGE_LOOP('',(#1459,#1460,#1461,#1462));
#8385=EDGE_LOOP('',(#1463,#1464,#1465,#1466));
#8386=EDGE_LOOP('',(#1467,#1468,#1469,#1470));
#8387=EDGE_LOOP('',(#1471,#1472,#1473,#1474));
#8388=EDGE_LOOP('',(#1475,#1476,#1477,#1478));
#8389=EDGE_LOOP('',(#1479,#1480,#1481,#1482,#1483));
#8390=EDGE_LOOP('',(#1484,#1485,#1486,#1487,#1488,#1489));
#8391=EDGE_LOOP('',(#1490,#1491,#1492,#1493,#1494));
#8392=EDGE_LOOP('',(#1495,#1496,#1497,#1498,#1499));
#8393=EDGE_LOOP('',(#1500,#1501,#1502,#1503,#1504));
#8394=EDGE_LOOP('',(#1505,#1506,#1507,#1508,#1509));
#8395=EDGE_LOOP('',(#1510,#1511,#1512,#1513));
#8396=EDGE_LOOP('',(#1514,#1515,#1516,#1517,#1518));
#8397=EDGE_LOOP('',(#1519,#1520,#1521,#1522,#1523));
#8398=EDGE_LOOP('',(#1524,#1525,#1526,#1527,#1528,#1529,#1530,#1531,#1532,
#1533,#1534));
#8399=EDGE_LOOP('',(#1535,#1536,#1537,#1538,#1539,#1540,#1541,#1542,#1543,
#1544,#1545));
#8400=EDGE_LOOP('',(#1546,#1547,#1548,#1549));
#8401=EDGE_LOOP('',(#1550,#1551,#1552,#1553));
#8402=EDGE_LOOP('',(#1554,#1555,#1556,#1557));
#8403=EDGE_LOOP('',(#1558,#1559,#1560,#1561));
#8404=EDGE_LOOP('',(#1562,#1563,#1564,#1565,#1566));
#8405=EDGE_LOOP('',(#1567,#1568,#1569,#1570));
#8406=EDGE_LOOP('',(#1571,#1572,#1573,#1574));
#8407=EDGE_LOOP('',(#1575,#1576,#1577,#1578));
#8408=EDGE_LOOP('',(#1579,#1580,#1581,#1582,#1583));
#8409=EDGE_LOOP('',(#1584,#1585,#1586,#1587));
#8410=EDGE_LOOP('',(#1588,#1589,#1590,#1591));
#8411=EDGE_LOOP('',(#1592,#1593,#1594,#1595));
#8412=EDGE_LOOP('',(#1596,#1597,#1598,#1599,#1600));
#8413=EDGE_LOOP('',(#1601,#1602,#1603,#1604));
#8414=EDGE_LOOP('',(#1605,#1606,#1607,#1608));
#8415=EDGE_LOOP('',(#1609,#1610,#1611,#1612,#1613));
#8416=EDGE_LOOP('',(#1614,#1615,#1616,#1617));
#8417=EDGE_LOOP('',(#1618,#1619,#1620,#1621));
#8418=EDGE_LOOP('',(#1622,#1623,#1624,#1625));
#8419=EDGE_LOOP('',(#1626,#1627,#1628,#1629));
#8420=EDGE_LOOP('',(#1630,#1631,#1632,#1633));
#8421=EDGE_LOOP('',(#1634,#1635,#1636,#1637));
#8422=EDGE_LOOP('',(#1638,#1639,#1640,#1641));
#8423=EDGE_LOOP('',(#1642,#1643,#1644,#1645));
#8424=EDGE_LOOP('',(#1646,#1647,#1648,#1649));
#8425=EDGE_LOOP('',(#1650,#1651,#1652,#1653));
#8426=EDGE_LOOP('',(#1654,#1655,#1656,#1657));
#8427=EDGE_LOOP('',(#1658,#1659,#1660,#1661));
#8428=EDGE_LOOP('',(#1662,#1663,#1664,#1665));
#8429=EDGE_LOOP('',(#1666,#1667,#1668,#1669));
#8430=EDGE_LOOP('',(#1670,#1671,#1672,#1673));
#8431=EDGE_LOOP('',(#1674,#1675,#1676,#1677));
#8432=EDGE_LOOP('',(#1678,#1679,#1680,#1681));
#8433=EDGE_LOOP('',(#1682,#1683,#1684,#1685));
#8434=EDGE_LOOP('',(#1686,#1687,#1688,#1689));
#8435=EDGE_LOOP('',(#1690,#1691,#1692,#1693));
#8436=EDGE_LOOP('',(#1694,#1695,#1696,#1697));
#8437=EDGE_LOOP('',(#1698,#1699,#1700,#1701));
#8438=EDGE_LOOP('',(#1702,#1703,#1704,#1705,#1706));
#8439=EDGE_LOOP('',(#1707,#1708,#1709,#1710,#1711));
#8440=EDGE_LOOP('',(#1712,#1713,#1714,#1715,#1716,#1717,#1718,#1719,#1720,
#1721,#1722));
#8441=EDGE_LOOP('',(#1723,#1724,#1725,#1726,#1727,#1728,#1729,#1730,#1731,
#1732,#1733));
#8442=EDGE_LOOP('',(#1734,#1735,#1736,#1737));
#8443=EDGE_LOOP('',(#1738,#1739,#1740,#1741));
#8444=EDGE_LOOP('',(#1742,#1743,#1744,#1745));
#8445=EDGE_LOOP('',(#1746,#1747,#1748,#1749));
#8446=EDGE_LOOP('',(#1750,#1751,#1752,#1753,#1754));
#8447=EDGE_LOOP('',(#1755,#1756,#1757,#1758));
#8448=EDGE_LOOP('',(#1759,#1760,#1761,#1762));
#8449=EDGE_LOOP('',(#1763,#1764,#1765,#1766));
#8450=EDGE_LOOP('',(#1767,#1768,#1769,#1770,#1771));
#8451=EDGE_LOOP('',(#1772,#1773,#1774,#1775));
#8452=EDGE_LOOP('',(#1776,#1777,#1778,#1779));
#8453=EDGE_LOOP('',(#1780,#1781,#1782,#1783));
#8454=EDGE_LOOP('',(#1784,#1785,#1786,#1787,#1788));
#8455=EDGE_LOOP('',(#1789,#1790,#1791,#1792));
#8456=EDGE_LOOP('',(#1793,#1794,#1795,#1796));
#8457=EDGE_LOOP('',(#1797,#1798,#1799,#1800,#1801));
#8458=EDGE_LOOP('',(#1802,#1803,#1804,#1805));
#8459=EDGE_LOOP('',(#1806,#1807,#1808,#1809));
#8460=EDGE_LOOP('',(#1810,#1811,#1812,#1813));
#8461=EDGE_LOOP('',(#1814,#1815,#1816,#1817));
#8462=EDGE_LOOP('',(#1818,#1819,#1820,#1821));
#8463=EDGE_LOOP('',(#1822,#1823,#1824,#1825));
#8464=EDGE_LOOP('',(#1826,#1827,#1828,#1829));
#8465=EDGE_LOOP('',(#1830,#1831,#1832,#1833));
#8466=EDGE_LOOP('',(#1834,#1835,#1836,#1837));
#8467=EDGE_LOOP('',(#1838,#1839,#1840,#1841));
#8468=EDGE_LOOP('',(#1842,#1843,#1844,#1845));
#8469=EDGE_LOOP('',(#1846,#1847,#1848,#1849));
#8470=EDGE_LOOP('',(#1850,#1851,#1852,#1853));
#8471=EDGE_LOOP('',(#1854,#1855,#1856,#1857));
#8472=EDGE_LOOP('',(#1858,#1859,#1860,#1861));
#8473=EDGE_LOOP('',(#1862,#1863,#1864,#1865));
#8474=EDGE_LOOP('',(#1866,#1867,#1868,#1869));
#8475=EDGE_LOOP('',(#1870,#1871,#1872,#1873));
#8476=EDGE_LOOP('',(#1874,#1875,#1876,#1877));
#8477=EDGE_LOOP('',(#1878,#1879,#1880,#1881));
#8478=EDGE_LOOP('',(#1882,#1883,#1884,#1885));
#8479=EDGE_LOOP('',(#1886,#1887,#1888,#1889));
#8480=EDGE_LOOP('',(#1890,#1891,#1892,#1893,#1894));
#8481=EDGE_LOOP('',(#1895,#1896,#1897,#1898,#1899));
#8482=EDGE_LOOP('',(#1900,#1901,#1902,#1903,#1904,#1905,#1906,#1907,#1908,
#1909,#1910));
#8483=EDGE_LOOP('',(#1911,#1912,#1913,#1914,#1915,#1916,#1917,#1918,#1919,
#1920,#1921));
#8484=EDGE_LOOP('',(#1922,#1923,#1924,#1925));
#8485=EDGE_LOOP('',(#1926,#1927,#1928,#1929));
#8486=EDGE_LOOP('',(#1930,#1931,#1932,#1933));
#8487=EDGE_LOOP('',(#1934,#1935,#1936,#1937));
#8488=EDGE_LOOP('',(#1938,#1939,#1940,#1941,#1942));
#8489=EDGE_LOOP('',(#1943,#1944,#1945,#1946));
#8490=EDGE_LOOP('',(#1947,#1948,#1949,#1950));
#8491=EDGE_LOOP('',(#1951,#1952,#1953,#1954));
#8492=EDGE_LOOP('',(#1955,#1956,#1957,#1958,#1959));
#8493=EDGE_LOOP('',(#1960,#1961,#1962,#1963));
#8494=EDGE_LOOP('',(#1964,#1965,#1966,#1967));
#8495=EDGE_LOOP('',(#1968,#1969,#1970,#1971));
#8496=EDGE_LOOP('',(#1972,#1973,#1974,#1975,#1976));
#8497=EDGE_LOOP('',(#1977,#1978,#1979,#1980));
#8498=EDGE_LOOP('',(#1981,#1982,#1983,#1984));
#8499=EDGE_LOOP('',(#1985,#1986,#1987,#1988,#1989));
#8500=EDGE_LOOP('',(#1990,#1991,#1992,#1993));
#8501=EDGE_LOOP('',(#1994,#1995,#1996,#1997));
#8502=EDGE_LOOP('',(#1998,#1999,#2000,#2001));
#8503=EDGE_LOOP('',(#2002,#2003,#2004,#2005));
#8504=EDGE_LOOP('',(#2006,#2007,#2008,#2009));
#8505=EDGE_LOOP('',(#2010,#2011,#2012,#2013));
#8506=EDGE_LOOP('',(#2014,#2015,#2016,#2017));
#8507=EDGE_LOOP('',(#2018,#2019,#2020,#2021));
#8508=EDGE_LOOP('',(#2022,#2023,#2024,#2025));
#8509=EDGE_LOOP('',(#2026,#2027,#2028,#2029));
#8510=EDGE_LOOP('',(#2030,#2031,#2032,#2033));
#8511=EDGE_LOOP('',(#2034,#2035,#2036,#2037));
#8512=EDGE_LOOP('',(#2038,#2039,#2040,#2041));
#8513=EDGE_LOOP('',(#2042,#2043,#2044,#2045));
#8514=EDGE_LOOP('',(#2046,#2047,#2048,#2049));
#8515=EDGE_LOOP('',(#2050,#2051,#2052,#2053));
#8516=EDGE_LOOP('',(#2054,#2055,#2056,#2057));
#8517=EDGE_LOOP('',(#2058,#2059,#2060,#2061));
#8518=EDGE_LOOP('',(#2062,#2063,#2064,#2065));
#8519=EDGE_LOOP('',(#2066,#2067,#2068,#2069));
#8520=EDGE_LOOP('',(#2070,#2071,#2072,#2073));
#8521=EDGE_LOOP('',(#2074,#2075,#2076,#2077));
#8522=EDGE_LOOP('',(#2078,#2079,#2080,#2081,#2082));
#8523=EDGE_LOOP('',(#2083,#2084,#2085,#2086,#2087));
#8524=EDGE_LOOP('',(#2088,#2089,#2090,#2091,#2092,#2093,#2094,#2095,#2096,
#2097,#2098));
#8525=EDGE_LOOP('',(#2099,#2100,#2101,#2102,#2103,#2104,#2105,#2106,#2107,
#2108,#2109));
#8526=EDGE_LOOP('',(#2110,#2111,#2112,#2113));
#8527=EDGE_LOOP('',(#2114,#2115,#2116,#2117));
#8528=EDGE_LOOP('',(#2118,#2119,#2120,#2121));
#8529=EDGE_LOOP('',(#2122,#2123,#2124,#2125));
#8530=EDGE_LOOP('',(#2126,#2127,#2128,#2129,#2130));
#8531=EDGE_LOOP('',(#2131,#2132,#2133,#2134));
#8532=EDGE_LOOP('',(#2135,#2136,#2137,#2138));
#8533=EDGE_LOOP('',(#2139,#2140,#2141,#2142));
#8534=EDGE_LOOP('',(#2143,#2144,#2145,#2146,#2147));
#8535=EDGE_LOOP('',(#2148,#2149,#2150,#2151));
#8536=EDGE_LOOP('',(#2152,#2153,#2154,#2155));
#8537=EDGE_LOOP('',(#2156,#2157,#2158,#2159));
#8538=EDGE_LOOP('',(#2160,#2161,#2162,#2163,#2164));
#8539=EDGE_LOOP('',(#2165,#2166,#2167,#2168));
#8540=EDGE_LOOP('',(#2169,#2170,#2171,#2172));
#8541=EDGE_LOOP('',(#2173,#2174,#2175,#2176,#2177));
#8542=EDGE_LOOP('',(#2178,#2179,#2180,#2181));
#8543=EDGE_LOOP('',(#2182,#2183,#2184,#2185));
#8544=EDGE_LOOP('',(#2186,#2187,#2188,#2189));
#8545=EDGE_LOOP('',(#2190,#2191,#2192,#2193));
#8546=EDGE_LOOP('',(#2194,#2195,#2196,#2197));
#8547=EDGE_LOOP('',(#2198,#2199,#2200,#2201));
#8548=EDGE_LOOP('',(#2202,#2203,#2204,#2205));
#8549=EDGE_LOOP('',(#2206,#2207,#2208,#2209));
#8550=EDGE_LOOP('',(#2210,#2211,#2212,#2213));
#8551=EDGE_LOOP('',(#2214,#2215,#2216,#2217));
#8552=EDGE_LOOP('',(#2218,#2219,#2220,#2221));
#8553=EDGE_LOOP('',(#2222,#2223,#2224,#2225));
#8554=EDGE_LOOP('',(#2226,#2227,#2228,#2229));
#8555=EDGE_LOOP('',(#2230,#2231,#2232,#2233));
#8556=EDGE_LOOP('',(#2234,#2235,#2236,#2237));
#8557=EDGE_LOOP('',(#2238,#2239,#2240,#2241));
#8558=EDGE_LOOP('',(#2242,#2243,#2244,#2245));
#8559=EDGE_LOOP('',(#2246,#2247,#2248,#2249));
#8560=EDGE_LOOP('',(#2250,#2251,#2252,#2253));
#8561=EDGE_LOOP('',(#2254,#2255,#2256,#2257));
#8562=EDGE_LOOP('',(#2258,#2259,#2260,#2261));
#8563=EDGE_LOOP('',(#2262,#2263,#2264,#2265));
#8564=EDGE_LOOP('',(#2266,#2267,#2268,#2269,#2270));
#8565=EDGE_LOOP('',(#2271,#2272,#2273,#2274,#2275));
#8566=EDGE_LOOP('',(#2276,#2277,#2278,#2279,#2280,#2281,#2282,#2283,#2284,
#2285,#2286));
#8567=EDGE_LOOP('',(#2287,#2288,#2289,#2290,#2291,#2292,#2293,#2294,#2295,
#2296,#2297));
#8568=EDGE_LOOP('',(#2298,#2299,#2300,#2301));
#8569=EDGE_LOOP('',(#2302,#2303,#2304,#2305));
#8570=EDGE_LOOP('',(#2306,#2307,#2308,#2309));
#8571=EDGE_LOOP('',(#2310,#2311,#2312,#2313));
#8572=EDGE_LOOP('',(#2314,#2315,#2316,#2317,#2318));
#8573=EDGE_LOOP('',(#2319,#2320,#2321,#2322));
#8574=EDGE_LOOP('',(#2323,#2324,#2325,#2326));
#8575=EDGE_LOOP('',(#2327,#2328,#2329,#2330));
#8576=EDGE_LOOP('',(#2331,#2332,#2333,#2334,#2335));
#8577=EDGE_LOOP('',(#2336,#2337,#2338,#2339));
#8578=EDGE_LOOP('',(#2340,#2341,#2342,#2343));
#8579=EDGE_LOOP('',(#2344,#2345,#2346,#2347));
#8580=EDGE_LOOP('',(#2348,#2349,#2350,#2351,#2352));
#8581=EDGE_LOOP('',(#2353,#2354,#2355,#2356));
#8582=EDGE_LOOP('',(#2357,#2358,#2359,#2360));
#8583=EDGE_LOOP('',(#2361,#2362,#2363,#2364,#2365));
#8584=EDGE_LOOP('',(#2366,#2367,#2368,#2369));
#8585=EDGE_LOOP('',(#2370,#2371,#2372,#2373));
#8586=EDGE_LOOP('',(#2374,#2375,#2376,#2377));
#8587=EDGE_LOOP('',(#2378,#2379,#2380,#2381));
#8588=EDGE_LOOP('',(#2382,#2383,#2384,#2385));
#8589=EDGE_LOOP('',(#2386,#2387,#2388,#2389));
#8590=EDGE_LOOP('',(#2390,#2391,#2392,#2393));
#8591=EDGE_LOOP('',(#2394,#2395,#2396,#2397));
#8592=EDGE_LOOP('',(#2398,#2399,#2400,#2401));
#8593=EDGE_LOOP('',(#2402,#2403,#2404,#2405));
#8594=EDGE_LOOP('',(#2406,#2407,#2408,#2409));
#8595=EDGE_LOOP('',(#2410,#2411,#2412,#2413));
#8596=EDGE_LOOP('',(#2414,#2415,#2416,#2417));
#8597=EDGE_LOOP('',(#2418,#2419,#2420,#2421));
#8598=EDGE_LOOP('',(#2422,#2423,#2424,#2425));
#8599=EDGE_LOOP('',(#2426,#2427,#2428,#2429));
#8600=EDGE_LOOP('',(#2430,#2431,#2432,#2433));
#8601=EDGE_LOOP('',(#2434,#2435,#2436,#2437));
#8602=EDGE_LOOP('',(#2438,#2439,#2440,#2441));
#8603=EDGE_LOOP('',(#2442,#2443,#2444,#2445));
#8604=EDGE_LOOP('',(#2446,#2447,#2448,#2449));
#8605=EDGE_LOOP('',(#2450,#2451,#2452,#2453));
#8606=EDGE_LOOP('',(#2454,#2455,#2456,#2457,#2458,#2459,#2460,#2461,#2462,
#2463,#2464,#2465,#2466,#2467,#2468,#2469,#2470,#2471,#2472,#2473,#2474,
#2475,#2476,#2477,#2478,#2479,#2480,#2481,#2482,#2483,#2484,#2485,#2486,
#2487,#2488,#2489,#2490,#2491,#2492,#2493,#2494,#2495,#2496));
#8607=EDGE_LOOP('',(#2497,#2498,#2499,#2500));
#8608=EDGE_LOOP('',(#2501,#2502,#2503,#2504,#2505,#2506,#2507,#2508,#2509,
#2510,#2511,#2512,#2513,#2514,#2515,#2516,#2517,#2518,#2519,#2520,#2521,
#2522,#2523,#2524,#2525,#2526,#2527,#2528,#2529,#2530,#2531,#2532,#2533,
#2534,#2535,#2536,#2537,#2538,#2539,#2540,#2541,#2542,#2543));
#8609=EDGE_LOOP('',(#2544,#2545,#2546,#2547));
#8610=EDGE_LOOP('',(#2548,#2549,#2550,#2551));
#8611=EDGE_LOOP('',(#2552,#2553,#2554,#2555));
#8612=EDGE_LOOP('',(#2556,#2557,#2558,#2559));
#8613=EDGE_LOOP('',(#2560,#2561,#2562,#2563));
#8614=EDGE_LOOP('',(#2564,#2565,#2566,#2567));
#8615=EDGE_LOOP('',(#2568,#2569,#2570,#2571,#2572,#2573,#2574,#2575,#2576,
#2577,#2578,#2579));
#8616=EDGE_LOOP('',(#2580,#2581,#2582,#2583));
#8617=EDGE_LOOP('',(#2584,#2585,#2586,#2587));
#8618=EDGE_LOOP('',(#2588,#2589,#2590,#2591));
#8619=EDGE_LOOP('',(#2592,#2593,#2594,#2595));
#8620=EDGE_LOOP('',(#2596,#2597,#2598,#2599));
#8621=EDGE_LOOP('',(#2600,#2601,#2602,#2603));
#8622=EDGE_LOOP('',(#2604,#2605,#2606,#2607));
#8623=EDGE_LOOP('',(#2608,#2609,#2610,#2611));
#8624=EDGE_LOOP('',(#2612,#2613,#2614,#2615));
#8625=EDGE_LOOP('',(#2616,#2617,#2618,#2619));
#8626=EDGE_LOOP('',(#2620,#2621,#2622,#2623));
#8627=EDGE_LOOP('',(#2624,#2625,#2626,#2627));
#8628=EDGE_LOOP('',(#2628,#2629,#2630,#2631));
#8629=EDGE_LOOP('',(#2632,#2633,#2634,#2635));
#8630=EDGE_LOOP('',(#2636,#2637,#2638,#2639));
#8631=EDGE_LOOP('',(#2640,#2641,#2642,#2643));
#8632=EDGE_LOOP('',(#2644,#2645,#2646,#2647));
#8633=EDGE_LOOP('',(#2648,#2649,#2650,#2651));
#8634=EDGE_LOOP('',(#2652,#2653,#2654,#2655));
#8635=EDGE_LOOP('',(#2656,#2657,#2658,#2659));
#8636=EDGE_LOOP('',(#2660,#2661,#2662,#2663));
#8637=EDGE_LOOP('',(#2664,#2665,#2666,#2667));
#8638=EDGE_LOOP('',(#2668,#2669,#2670,#2671));
#8639=EDGE_LOOP('',(#2672,#2673,#2674,#2675));
#8640=EDGE_LOOP('',(#2676,#2677,#2678,#2679));
#8641=EDGE_LOOP('',(#2680,#2681,#2682,#2683));
#8642=EDGE_LOOP('',(#2684,#2685,#2686,#2687));
#8643=EDGE_LOOP('',(#2688,#2689,#2690,#2691));
#8644=EDGE_LOOP('',(#2692,#2693,#2694,#2695));
#8645=EDGE_LOOP('',(#2696,#2697,#2698,#2699,#2700,#2701));
#8646=EDGE_LOOP('',(#2702,#2703,#2704,#2705,#2706,#2707));
#8647=EDGE_LOOP('',(#2708,#2709,#2710,#2711));
#8648=EDGE_LOOP('',(#2712,#2713,#2714,#2715));
#8649=EDGE_LOOP('',(#2716,#2717,#2718,#2719));
#8650=EDGE_LOOP('',(#2720,#2721,#2722,#2723));
#8651=EDGE_LOOP('',(#2724,#2725,#2726,#2727));
#8652=EDGE_LOOP('',(#2728,#2729,#2730,#2731));
#8653=EDGE_LOOP('',(#2732,#2733,#2734,#2735,#2736,#2737,#2738,#2739,#2740,
#2741,#2742,#2743));
#8654=EDGE_LOOP('',(#2744,#2745,#2746,#2747));
#8655=EDGE_LOOP('',(#2748,#2749,#2750,#2751));
#8656=EDGE_LOOP('',(#2752,#2753,#2754,#2755));
#8657=EDGE_LOOP('',(#2756,#2757,#2758,#2759));
#8658=EDGE_LOOP('',(#2760,#2761,#2762,#2763));
#8659=EDGE_LOOP('',(#2764,#2765,#2766,#2767));
#8660=EDGE_LOOP('',(#2768,#2769,#2770,#2771));
#8661=EDGE_LOOP('',(#2772,#2773,#2774,#2775));
#8662=EDGE_LOOP('',(#2776,#2777,#2778,#2779));
#8663=EDGE_LOOP('',(#2780,#2781,#2782,#2783,#2784,#2785,#2786,#2787,#2788,
#2789,#2790,#2791,#2792,#2793,#2794,#2795,#2796,#2797,#2798,#2799,#2800,
#2801,#2802,#2803,#2804,#2805,#2806,#2807,#2808,#2809,#2810,#2811,#2812,
#2813,#2814,#2815,#2816,#2817,#2818,#2819,#2820,#2821,#2822,#2823,#2824,
#2825,#2826));
#8664=EDGE_LOOP('',(#2827,#2828,#2829,#2830));
#8665=EDGE_LOOP('',(#2831,#2832,#2833,#2834));
#8666=EDGE_LOOP('',(#2835,#2836,#2837,#2838,#2839,#2840,#2841,#2842,#2843,
#2844,#2845,#2846,#2847,#2848,#2849,#2850,#2851,#2852,#2853,#2854,#2855,
#2856,#2857,#2858,#2859,#2860,#2861,#2862,#2863,#2864,#2865,#2866,#2867,
#2868,#2869,#2870,#2871,#2872,#2873,#2874,#2875,#2876,#2877,#2878,#2879,
#2880,#2881));
#8667=EDGE_LOOP('',(#2882,#2883,#2884,#2885));
#8668=EDGE_LOOP('',(#2886,#2887,#2888,#2889));
#8669=EDGE_LOOP('',(#2890,#2891,#2892,#2893));
#8670=EDGE_LOOP('',(#2894,#2895,#2896,#2897));
#8671=EDGE_LOOP('',(#2898,#2899,#2900,#2901));
#8672=EDGE_LOOP('',(#2902,#2903,#2904,#2905));
#8673=EDGE_LOOP('',(#2906,#2907,#2908,#2909));
#8674=EDGE_LOOP('',(#2910,#2911,#2912,#2913));
#8675=EDGE_LOOP('',(#2914,#2915,#2916,#2917));
#8676=EDGE_LOOP('',(#2918,#2919,#2920,#2921));
#8677=EDGE_LOOP('',(#2922,#2923,#2924,#2925));
#8678=EDGE_LOOP('',(#2926,#2927,#2928,#2929));
#8679=EDGE_LOOP('',(#2930,#2931,#2932,#2933));
#8680=EDGE_LOOP('',(#2934,#2935,#2936,#2937));
#8681=EDGE_LOOP('',(#2938,#2939,#2940,#2941));
#8682=EDGE_LOOP('',(#2942,#2943,#2944,#2945));
#8683=EDGE_LOOP('',(#2946,#2947,#2948,#2949));
#8684=EDGE_LOOP('',(#2950,#2951,#2952,#2953));
#8685=EDGE_LOOP('',(#2954,#2955,#2956,#2957));
#8686=EDGE_LOOP('',(#2958,#2959,#2960,#2961));
#8687=EDGE_LOOP('',(#2962,#2963,#2964,#2965));
#8688=EDGE_LOOP('',(#2966,#2967,#2968,#2969));
#8689=EDGE_LOOP('',(#2970,#2971,#2972,#2973));
#8690=EDGE_LOOP('',(#2974,#2975,#2976,#2977));
#8691=EDGE_LOOP('',(#2978,#2979,#2980,#2981));
#8692=EDGE_LOOP('',(#2982,#2983,#2984,#2985));
#8693=EDGE_LOOP('',(#2986,#2987,#2988,#2989));
#8694=EDGE_LOOP('',(#2990,#2991,#2992,#2993));
#8695=EDGE_LOOP('',(#2994,#2995,#2996,#2997));
#8696=EDGE_LOOP('',(#2998,#2999,#3000,#3001));
#8697=EDGE_LOOP('',(#3002,#3003,#3004,#3005));
#8698=EDGE_LOOP('',(#3006,#3007,#3008,#3009));
#8699=EDGE_LOOP('',(#3010,#3011,#3012,#3013));
#8700=EDGE_LOOP('',(#3014,#3015,#3016,#3017));
#8701=EDGE_LOOP('',(#3018,#3019,#3020,#3021));
#8702=EDGE_LOOP('',(#3022,#3023,#3024,#3025));
#8703=EDGE_LOOP('',(#3026,#3027,#3028,#3029));
#8704=EDGE_LOOP('',(#3030,#3031,#3032,#3033));
#8705=EDGE_LOOP('',(#3034,#3035,#3036,#3037));
#8706=EDGE_LOOP('',(#3038,#3039,#3040,#3041));
#8707=EDGE_LOOP('',(#3042,#3043,#3044,#3045,#3046,#3047));
#8708=EDGE_LOOP('',(#3048,#3049,#3050,#3051,#3052,#3053));
#8709=EDGE_LOOP('',(#3054,#3055,#3056,#3057));
#8710=EDGE_LOOP('',(#3058,#3059,#3060,#3061));
#8711=EDGE_LOOP('',(#3062,#3063,#3064,#3065));
#8712=EDGE_LOOP('',(#3066,#3067,#3068,#3069));
#8713=EDGE_LOOP('',(#3070,#3071,#3072,#3073));
#8714=EDGE_LOOP('',(#3074,#3075,#3076,#3077));
#8715=EDGE_LOOP('',(#3078,#3079,#3080,#3081,#3082,#3083,#3084,#3085,#3086,
#3087,#3088,#3089));
#8716=EDGE_LOOP('',(#3090,#3091,#3092,#3093,#3094,#3095,#3096,#3097,#3098,
#3099,#3100,#3101));
#8717=EDGE_LOOP('',(#3102,#3103,#3104,#3105));
#8718=EDGE_LOOP('',(#3106,#3107,#3108,#3109));
#8719=EDGE_LOOP('',(#3110,#3111,#3112,#3113));
#8720=FACE_BOUND('',#8176,.T.);
#8721=FACE_BOUND('',#8177,.T.);
#8722=FACE_BOUND('',#8178,.T.);
#8723=FACE_BOUND('',#8179,.T.);
#8724=FACE_BOUND('',#8180,.T.);
#8725=FACE_BOUND('',#8181,.T.);
#8726=FACE_BOUND('',#8182,.T.);
#8727=FACE_BOUND('',#8183,.T.);
#8728=FACE_BOUND('',#8184,.T.);
#8729=FACE_BOUND('',#8185,.T.);
#8730=FACE_BOUND('',#8186,.T.);
#8731=FACE_BOUND('',#8187,.T.);
#8732=FACE_BOUND('',#8188,.T.);
#8733=FACE_BOUND('',#8189,.T.);
#8734=FACE_BOUND('',#8190,.T.);
#8735=FACE_BOUND('',#8191,.T.);
#8736=FACE_BOUND('',#8192,.T.);
#8737=FACE_BOUND('',#8193,.T.);
#8738=FACE_BOUND('',#8194,.T.);
#8739=FACE_BOUND('',#8195,.T.);
#8740=FACE_BOUND('',#8196,.T.);
#8741=FACE_BOUND('',#8197,.T.);
#8742=FACE_BOUND('',#8198,.T.);
#8743=FACE_BOUND('',#8199,.T.);
#8744=FACE_BOUND('',#8200,.T.);
#8745=FACE_BOUND('',#8201,.T.);
#8746=FACE_BOUND('',#8202,.T.);
#8747=FACE_BOUND('',#8203,.T.);
#8748=FACE_BOUND('',#8204,.T.);
#8749=FACE_BOUND('',#8205,.T.);
#8750=FACE_BOUND('',#8206,.T.);
#8751=FACE_BOUND('',#8207,.T.);
#8752=FACE_BOUND('',#8208,.T.);
#8753=FACE_BOUND('',#8209,.T.);
#8754=FACE_BOUND('',#8210,.T.);
#8755=FACE_BOUND('',#8211,.T.);
#8756=FACE_BOUND('',#8212,.T.);
#8757=FACE_BOUND('',#8213,.T.);
#8758=FACE_BOUND('',#8214,.T.);
#8759=FACE_BOUND('',#8215,.T.);
#8760=FACE_BOUND('',#8216,.T.);
#8761=FACE_BOUND('',#8217,.T.);
#8762=FACE_BOUND('',#8218,.T.);
#8763=FACE_BOUND('',#8219,.T.);
#8764=FACE_BOUND('',#8220,.T.);
#8765=FACE_BOUND('',#8221,.T.);
#8766=FACE_BOUND('',#8222,.T.);
#8767=FACE_BOUND('',#8223,.T.);
#8768=FACE_BOUND('',#8224,.T.);
#8769=FACE_BOUND('',#8225,.T.);
#8770=FACE_BOUND('',#8226,.T.);
#8771=FACE_BOUND('',#8227,.T.);
#8772=FACE_BOUND('',#8228,.T.);
#8773=FACE_BOUND('',#8229,.T.);
#8774=FACE_BOUND('',#8230,.T.);
#8775=FACE_BOUND('',#8231,.T.);
#8776=FACE_BOUND('',#8232,.T.);
#8777=FACE_BOUND('',#8233,.T.);
#8778=FACE_BOUND('',#8234,.T.);
#8779=FACE_BOUND('',#8235,.T.);
#8780=FACE_BOUND('',#8236,.T.);
#8781=FACE_BOUND('',#8237,.T.);
#8782=FACE_BOUND('',#8238,.T.);
#8783=FACE_BOUND('',#8239,.T.);
#8784=FACE_BOUND('',#8240,.T.);
#8785=FACE_BOUND('',#8241,.T.);
#8786=FACE_BOUND('',#8242,.T.);
#8787=FACE_BOUND('',#8243,.T.);
#8788=FACE_BOUND('',#8244,.T.);
#8789=FACE_BOUND('',#8245,.T.);
#8790=FACE_BOUND('',#8246,.T.);
#8791=FACE_BOUND('',#8247,.T.);
#8792=FACE_BOUND('',#8248,.T.);
#8793=FACE_BOUND('',#8249,.T.);
#8794=FACE_BOUND('',#8250,.T.);
#8795=FACE_BOUND('',#8251,.T.);
#8796=FACE_BOUND('',#8252,.T.);
#8797=FACE_BOUND('',#8253,.T.);
#8798=FACE_BOUND('',#8254,.T.);
#8799=FACE_BOUND('',#8255,.T.);
#8800=FACE_BOUND('',#8256,.T.);
#8801=FACE_BOUND('',#8257,.T.);
#8802=FACE_BOUND('',#8258,.T.);
#8803=FACE_BOUND('',#8259,.T.);
#8804=FACE_BOUND('',#8260,.T.);
#8805=FACE_BOUND('',#8261,.T.);
#8806=FACE_BOUND('',#8262,.T.);
#8807=FACE_BOUND('',#8263,.T.);
#8808=FACE_BOUND('',#8264,.T.);
#8809=FACE_BOUND('',#8265,.T.);
#8810=FACE_BOUND('',#8266,.T.);
#8811=FACE_BOUND('',#8267,.T.);
#8812=FACE_BOUND('',#8268,.T.);
#8813=FACE_BOUND('',#8269,.T.);
#8814=FACE_BOUND('',#8270,.T.);
#8815=FACE_BOUND('',#8271,.T.);
#8816=FACE_BOUND('',#8272,.T.);
#8817=FACE_BOUND('',#8273,.T.);
#8818=FACE_BOUND('',#8274,.T.);
#8819=FACE_BOUND('',#8275,.T.);
#8820=FACE_BOUND('',#8276,.T.);
#8821=FACE_BOUND('',#8277,.T.);
#8822=FACE_BOUND('',#8278,.T.);
#8823=FACE_BOUND('',#8279,.T.);
#8824=FACE_BOUND('',#8280,.T.);
#8825=FACE_BOUND('',#8281,.T.);
#8826=FACE_BOUND('',#8282,.T.);
#8827=FACE_BOUND('',#8283,.T.);
#8828=FACE_BOUND('',#8284,.T.);
#8829=FACE_BOUND('',#8285,.T.);
#8830=FACE_BOUND('',#8286,.T.);
#8831=FACE_BOUND('',#8287,.T.);
#8832=FACE_BOUND('',#8288,.T.);
#8833=FACE_BOUND('',#8289,.T.);
#8834=FACE_BOUND('',#8290,.T.);
#8835=FACE_BOUND('',#8291,.T.);
#8836=FACE_BOUND('',#8292,.T.);
#8837=FACE_BOUND('',#8293,.T.);
#8838=FACE_BOUND('',#8294,.T.);
#8839=FACE_BOUND('',#8295,.T.);
#8840=FACE_BOUND('',#8296,.T.);
#8841=FACE_BOUND('',#8297,.T.);
#8842=FACE_BOUND('',#8298,.T.);
#8843=FACE_BOUND('',#8299,.T.);
#8844=FACE_BOUND('',#8300,.T.);
#8845=FACE_BOUND('',#8301,.T.);
#8846=FACE_BOUND('',#8302,.T.);
#8847=FACE_BOUND('',#8303,.T.);
#8848=FACE_BOUND('',#8304,.T.);
#8849=FACE_BOUND('',#8305,.T.);
#8850=FACE_BOUND('',#8306,.T.);
#8851=FACE_BOUND('',#8307,.T.);
#8852=FACE_BOUND('',#8308,.T.);
#8853=FACE_BOUND('',#8309,.T.);
#8854=FACE_BOUND('',#8310,.T.);
#8855=FACE_BOUND('',#8311,.T.);
#8856=FACE_BOUND('',#8312,.T.);
#8857=FACE_BOUND('',#8313,.T.);
#8858=FACE_BOUND('',#8314,.T.);
#8859=FACE_BOUND('',#8315,.T.);
#8860=FACE_BOUND('',#8316,.T.);
#8861=FACE_BOUND('',#8317,.T.);
#8862=FACE_BOUND('',#8318,.T.);
#8863=FACE_BOUND('',#8319,.T.);
#8864=FACE_BOUND('',#8320,.T.);
#8865=FACE_BOUND('',#8321,.T.);
#8866=FACE_BOUND('',#8322,.T.);
#8867=FACE_BOUND('',#8323,.T.);
#8868=FACE_BOUND('',#8324,.T.);
#8869=FACE_BOUND('',#8325,.T.);
#8870=FACE_BOUND('',#8326,.T.);
#8871=FACE_BOUND('',#8327,.T.);
#8872=FACE_BOUND('',#8328,.T.);
#8873=FACE_BOUND('',#8329,.T.);
#8874=FACE_BOUND('',#8330,.T.);
#8875=FACE_BOUND('',#8331,.T.);
#8876=FACE_BOUND('',#8332,.T.);
#8877=FACE_BOUND('',#8333,.T.);
#8878=FACE_BOUND('',#8334,.T.);
#8879=FACE_BOUND('',#8335,.T.);
#8880=FACE_BOUND('',#8336,.T.);
#8881=FACE_BOUND('',#8337,.T.);
#8882=FACE_BOUND('',#8338,.T.);
#8883=FACE_BOUND('',#8339,.T.);
#8884=FACE_BOUND('',#8340,.T.);
#8885=FACE_BOUND('',#8341,.T.);
#8886=FACE_BOUND('',#8342,.T.);
#8887=FACE_BOUND('',#8343,.T.);
#8888=FACE_BOUND('',#8344,.T.);
#8889=FACE_BOUND('',#8345,.T.);
#8890=FACE_BOUND('',#8346,.T.);
#8891=FACE_BOUND('',#8347,.T.);
#8892=FACE_BOUND('',#8348,.T.);
#8893=FACE_BOUND('',#8349,.T.);
#8894=FACE_BOUND('',#8350,.T.);
#8895=FACE_BOUND('',#8351,.T.);
#8896=FACE_BOUND('',#8352,.T.);
#8897=FACE_BOUND('',#8353,.T.);
#8898=FACE_BOUND('',#8354,.T.);
#8899=FACE_BOUND('',#8355,.T.);
#8900=FACE_BOUND('',#8356,.T.);
#8901=FACE_BOUND('',#8357,.T.);
#8902=FACE_BOUND('',#8358,.T.);
#8903=FACE_BOUND('',#8359,.T.);
#8904=FACE_BOUND('',#8360,.T.);
#8905=FACE_BOUND('',#8361,.T.);
#8906=FACE_BOUND('',#8362,.T.);
#8907=FACE_BOUND('',#8363,.T.);
#8908=FACE_BOUND('',#8364,.T.);
#8909=FACE_BOUND('',#8365,.T.);
#8910=FACE_BOUND('',#8366,.T.);
#8911=FACE_BOUND('',#8367,.T.);
#8912=FACE_BOUND('',#8368,.T.);
#8913=FACE_BOUND('',#8369,.T.);
#8914=FACE_BOUND('',#8370,.T.);
#8915=FACE_BOUND('',#8371,.T.);
#8916=FACE_BOUND('',#8372,.T.);
#8917=FACE_BOUND('',#8373,.T.);
#8918=FACE_BOUND('',#8374,.T.);
#8919=FACE_BOUND('',#8375,.T.);
#8920=FACE_BOUND('',#8376,.T.);
#8921=FACE_BOUND('',#8377,.T.);
#8922=FACE_BOUND('',#8378,.T.);
#8923=FACE_BOUND('',#8379,.T.);
#8924=FACE_BOUND('',#8380,.T.);
#8925=FACE_BOUND('',#8381,.T.);
#8926=FACE_BOUND('',#8382,.T.);
#8927=FACE_BOUND('',#8383,.T.);
#8928=FACE_BOUND('',#8384,.T.);
#8929=FACE_BOUND('',#8385,.T.);
#8930=FACE_BOUND('',#8386,.T.);
#8931=FACE_BOUND('',#8387,.T.);
#8932=FACE_BOUND('',#8388,.T.);
#8933=FACE_BOUND('',#8389,.T.);
#8934=FACE_BOUND('',#8390,.T.);
#8935=FACE_BOUND('',#8391,.T.);
#8936=FACE_BOUND('',#8392,.T.);
#8937=FACE_BOUND('',#8393,.T.);
#8938=FACE_BOUND('',#8394,.T.);
#8939=FACE_BOUND('',#8395,.T.);
#8940=FACE_BOUND('',#8396,.T.);
#8941=FACE_BOUND('',#8397,.T.);
#8942=FACE_BOUND('',#8398,.T.);
#8943=FACE_BOUND('',#8399,.T.);
#8944=FACE_BOUND('',#8400,.T.);
#8945=FACE_BOUND('',#8401,.T.);
#8946=FACE_BOUND('',#8402,.T.);
#8947=FACE_BOUND('',#8403,.T.);
#8948=FACE_BOUND('',#8404,.T.);
#8949=FACE_BOUND('',#8405,.T.);
#8950=FACE_BOUND('',#8406,.T.);
#8951=FACE_BOUND('',#8407,.T.);
#8952=FACE_BOUND('',#8408,.T.);
#8953=FACE_BOUND('',#8409,.T.);
#8954=FACE_BOUND('',#8410,.T.);
#8955=FACE_BOUND('',#8411,.T.);
#8956=FACE_BOUND('',#8412,.T.);
#8957=FACE_BOUND('',#8413,.T.);
#8958=FACE_BOUND('',#8414,.T.);
#8959=FACE_BOUND('',#8415,.T.);
#8960=FACE_BOUND('',#8416,.T.);
#8961=FACE_BOUND('',#8417,.T.);
#8962=FACE_BOUND('',#8418,.T.);
#8963=FACE_BOUND('',#8419,.T.);
#8964=FACE_BOUND('',#8420,.T.);
#8965=FACE_BOUND('',#8421,.T.);
#8966=FACE_BOUND('',#8422,.T.);
#8967=FACE_BOUND('',#8423,.T.);
#8968=FACE_BOUND('',#8424,.T.);
#8969=FACE_BOUND('',#8425,.T.);
#8970=FACE_BOUND('',#8426,.T.);
#8971=FACE_BOUND('',#8427,.T.);
#8972=FACE_BOUND('',#8428,.T.);
#8973=FACE_BOUND('',#8429,.T.);
#8974=FACE_BOUND('',#8430,.T.);
#8975=FACE_BOUND('',#8431,.T.);
#8976=FACE_BOUND('',#8432,.T.);
#8977=FACE_BOUND('',#8433,.T.);
#8978=FACE_BOUND('',#8434,.T.);
#8979=FACE_BOUND('',#8435,.T.);
#8980=FACE_BOUND('',#8436,.T.);
#8981=FACE_BOUND('',#8437,.T.);
#8982=FACE_BOUND('',#8438,.T.);
#8983=FACE_BOUND('',#8439,.T.);
#8984=FACE_BOUND('',#8440,.T.);
#8985=FACE_BOUND('',#8441,.T.);
#8986=FACE_BOUND('',#8442,.T.);
#8987=FACE_BOUND('',#8443,.T.);
#8988=FACE_BOUND('',#8444,.T.);
#8989=FACE_BOUND('',#8445,.T.);
#8990=FACE_BOUND('',#8446,.T.);
#8991=FACE_BOUND('',#8447,.T.);
#8992=FACE_BOUND('',#8448,.T.);
#8993=FACE_BOUND('',#8449,.T.);
#8994=FACE_BOUND('',#8450,.T.);
#8995=FACE_BOUND('',#8451,.T.);
#8996=FACE_BOUND('',#8452,.T.);
#8997=FACE_BOUND('',#8453,.T.);
#8998=FACE_BOUND('',#8454,.T.);
#8999=FACE_BOUND('',#8455,.T.);
#9000=FACE_BOUND('',#8456,.T.);
#9001=FACE_BOUND('',#8457,.T.);
#9002=FACE_BOUND('',#8458,.T.);
#9003=FACE_BOUND('',#8459,.T.);
#9004=FACE_BOUND('',#8460,.T.);
#9005=FACE_BOUND('',#8461,.T.);
#9006=FACE_BOUND('',#8462,.T.);
#9007=FACE_BOUND('',#8463,.T.);
#9008=FACE_BOUND('',#8464,.T.);
#9009=FACE_BOUND('',#8465,.T.);
#9010=FACE_BOUND('',#8466,.T.);
#9011=FACE_BOUND('',#8467,.T.);
#9012=FACE_BOUND('',#8468,.T.);
#9013=FACE_BOUND('',#8469,.T.);
#9014=FACE_BOUND('',#8470,.T.);
#9015=FACE_BOUND('',#8471,.T.);
#9016=FACE_BOUND('',#8472,.T.);
#9017=FACE_BOUND('',#8473,.T.);
#9018=FACE_BOUND('',#8474,.T.);
#9019=FACE_BOUND('',#8475,.T.);
#9020=FACE_BOUND('',#8476,.T.);
#9021=FACE_BOUND('',#8477,.T.);
#9022=FACE_BOUND('',#8478,.T.);
#9023=FACE_BOUND('',#8479,.T.);
#9024=FACE_BOUND('',#8480,.T.);
#9025=FACE_BOUND('',#8481,.T.);
#9026=FACE_BOUND('',#8482,.T.);
#9027=FACE_BOUND('',#8483,.T.);
#9028=FACE_BOUND('',#8484,.T.);
#9029=FACE_BOUND('',#8485,.T.);
#9030=FACE_BOUND('',#8486,.T.);
#9031=FACE_BOUND('',#8487,.T.);
#9032=FACE_BOUND('',#8488,.T.);
#9033=FACE_BOUND('',#8489,.T.);
#9034=FACE_BOUND('',#8490,.T.);
#9035=FACE_BOUND('',#8491,.T.);
#9036=FACE_BOUND('',#8492,.T.);
#9037=FACE_BOUND('',#8493,.T.);
#9038=FACE_BOUND('',#8494,.T.);
#9039=FACE_BOUND('',#8495,.T.);
#9040=FACE_BOUND('',#8496,.T.);
#9041=FACE_BOUND('',#8497,.T.);
#9042=FACE_BOUND('',#8498,.T.);
#9043=FACE_BOUND('',#8499,.T.);
#9044=FACE_BOUND('',#8500,.T.);
#9045=FACE_BOUND('',#8501,.T.);
#9046=FACE_BOUND('',#8502,.T.);
#9047=FACE_BOUND('',#8503,.T.);
#9048=FACE_BOUND('',#8504,.T.);
#9049=FACE_BOUND('',#8505,.T.);
#9050=FACE_BOUND('',#8506,.T.);
#9051=FACE_BOUND('',#8507,.T.);
#9052=FACE_BOUND('',#8508,.T.);
#9053=FACE_BOUND('',#8509,.T.);
#9054=FACE_BOUND('',#8510,.T.);
#9055=FACE_BOUND('',#8511,.T.);
#9056=FACE_BOUND('',#8512,.T.);
#9057=FACE_BOUND('',#8513,.T.);
#9058=FACE_BOUND('',#8514,.T.);
#9059=FACE_BOUND('',#8515,.T.);
#9060=FACE_BOUND('',#8516,.T.);
#9061=FACE_BOUND('',#8517,.T.);
#9062=FACE_BOUND('',#8518,.T.);
#9063=FACE_BOUND('',#8519,.T.);
#9064=FACE_BOUND('',#8520,.T.);
#9065=FACE_BOUND('',#8521,.T.);
#9066=FACE_BOUND('',#8522,.T.);
#9067=FACE_BOUND('',#8523,.T.);
#9068=FACE_BOUND('',#8524,.T.);
#9069=FACE_BOUND('',#8525,.T.);
#9070=FACE_BOUND('',#8526,.T.);
#9071=FACE_BOUND('',#8527,.T.);
#9072=FACE_BOUND('',#8528,.T.);
#9073=FACE_BOUND('',#8529,.T.);
#9074=FACE_BOUND('',#8530,.T.);
#9075=FACE_BOUND('',#8531,.T.);
#9076=FACE_BOUND('',#8532,.T.);
#9077=FACE_BOUND('',#8533,.T.);
#9078=FACE_BOUND('',#8534,.T.);
#9079=FACE_BOUND('',#8535,.T.);
#9080=FACE_BOUND('',#8536,.T.);
#9081=FACE_BOUND('',#8537,.T.);
#9082=FACE_BOUND('',#8538,.T.);
#9083=FACE_BOUND('',#8539,.T.);
#9084=FACE_BOUND('',#8540,.T.);
#9085=FACE_BOUND('',#8541,.T.);
#9086=FACE_BOUND('',#8542,.T.);
#9087=FACE_BOUND('',#8543,.T.);
#9088=FACE_BOUND('',#8544,.T.);
#9089=FACE_BOUND('',#8545,.T.);
#9090=FACE_BOUND('',#8546,.T.);
#9091=FACE_BOUND('',#8547,.T.);
#9092=FACE_BOUND('',#8548,.T.);
#9093=FACE_BOUND('',#8549,.T.);
#9094=FACE_BOUND('',#8550,.T.);
#9095=FACE_BOUND('',#8551,.T.);
#9096=FACE_BOUND('',#8552,.T.);
#9097=FACE_BOUND('',#8553,.T.);
#9098=FACE_BOUND('',#8554,.T.);
#9099=FACE_BOUND('',#8555,.T.);
#9100=FACE_BOUND('',#8556,.T.);
#9101=FACE_BOUND('',#8557,.T.);
#9102=FACE_BOUND('',#8558,.T.);
#9103=FACE_BOUND('',#8559,.T.);
#9104=FACE_BOUND('',#8560,.T.);
#9105=FACE_BOUND('',#8561,.T.);
#9106=FACE_BOUND('',#8562,.T.);
#9107=FACE_BOUND('',#8563,.T.);
#9108=FACE_BOUND('',#8564,.T.);
#9109=FACE_BOUND('',#8565,.T.);
#9110=FACE_BOUND('',#8566,.T.);
#9111=FACE_BOUND('',#8567,.T.);
#9112=FACE_BOUND('',#8568,.T.);
#9113=FACE_BOUND('',#8569,.T.);
#9114=FACE_BOUND('',#8570,.T.);
#9115=FACE_BOUND('',#8571,.T.);
#9116=FACE_BOUND('',#8572,.T.);
#9117=FACE_BOUND('',#8573,.T.);
#9118=FACE_BOUND('',#8574,.T.);
#9119=FACE_BOUND('',#8575,.T.);
#9120=FACE_BOUND('',#8576,.T.);
#9121=FACE_BOUND('',#8577,.T.);
#9122=FACE_BOUND('',#8578,.T.);
#9123=FACE_BOUND('',#8579,.T.);
#9124=FACE_BOUND('',#8580,.T.);
#9125=FACE_BOUND('',#8581,.T.);
#9126=FACE_BOUND('',#8582,.T.);
#9127=FACE_BOUND('',#8583,.T.);
#9128=FACE_BOUND('',#8584,.T.);
#9129=FACE_BOUND('',#8585,.T.);
#9130=FACE_BOUND('',#8586,.T.);
#9131=FACE_BOUND('',#8587,.T.);
#9132=FACE_BOUND('',#8588,.T.);
#9133=FACE_BOUND('',#8589,.T.);
#9134=FACE_BOUND('',#8590,.T.);
#9135=FACE_BOUND('',#8591,.T.);
#9136=FACE_BOUND('',#8592,.T.);
#9137=FACE_BOUND('',#8593,.T.);
#9138=FACE_BOUND('',#8594,.T.);
#9139=FACE_BOUND('',#8595,.T.);
#9140=FACE_BOUND('',#8596,.T.);
#9141=FACE_BOUND('',#8597,.T.);
#9142=FACE_BOUND('',#8598,.T.);
#9143=FACE_BOUND('',#8599,.T.);
#9144=FACE_BOUND('',#8600,.T.);
#9145=FACE_BOUND('',#8601,.T.);
#9146=FACE_BOUND('',#8602,.T.);
#9147=FACE_BOUND('',#8603,.T.);
#9148=FACE_BOUND('',#8604,.T.);
#9149=FACE_BOUND('',#8605,.T.);
#9150=FACE_BOUND('',#8606,.T.);
#9151=FACE_BOUND('',#8607,.T.);
#9152=FACE_BOUND('',#8608,.T.);
#9153=FACE_BOUND('',#8609,.T.);
#9154=FACE_BOUND('',#8610,.T.);
#9155=FACE_BOUND('',#8611,.T.);
#9156=FACE_BOUND('',#8612,.T.);
#9157=FACE_BOUND('',#8613,.T.);
#9158=FACE_BOUND('',#8614,.T.);
#9159=FACE_BOUND('',#8615,.T.);
#9160=FACE_BOUND('',#8616,.T.);
#9161=FACE_BOUND('',#8617,.T.);
#9162=FACE_BOUND('',#8618,.T.);
#9163=FACE_BOUND('',#8619,.T.);
#9164=FACE_BOUND('',#8620,.T.);
#9165=FACE_BOUND('',#8621,.T.);
#9166=FACE_BOUND('',#8622,.T.);
#9167=FACE_BOUND('',#8623,.T.);
#9168=FACE_BOUND('',#8624,.T.);
#9169=FACE_BOUND('',#8625,.T.);
#9170=FACE_BOUND('',#8626,.T.);
#9171=FACE_BOUND('',#8627,.T.);
#9172=FACE_BOUND('',#8628,.T.);
#9173=FACE_BOUND('',#8629,.T.);
#9174=FACE_BOUND('',#8630,.T.);
#9175=FACE_BOUND('',#8631,.T.);
#9176=FACE_BOUND('',#8632,.T.);
#9177=FACE_BOUND('',#8633,.T.);
#9178=FACE_BOUND('',#8634,.T.);
#9179=FACE_BOUND('',#8635,.T.);
#9180=FACE_BOUND('',#8636,.T.);
#9181=FACE_BOUND('',#8637,.T.);
#9182=FACE_BOUND('',#8638,.T.);
#9183=FACE_BOUND('',#8639,.T.);
#9184=FACE_BOUND('',#8640,.T.);
#9185=FACE_BOUND('',#8641,.T.);
#9186=FACE_BOUND('',#8642,.T.);
#9187=FACE_BOUND('',#8643,.T.);
#9188=FACE_BOUND('',#8644,.T.);
#9189=FACE_BOUND('',#8645,.T.);
#9190=FACE_BOUND('',#8646,.T.);
#9191=FACE_BOUND('',#8647,.T.);
#9192=FACE_BOUND('',#8648,.T.);
#9193=FACE_BOUND('',#8649,.T.);
#9194=FACE_BOUND('',#8650,.T.);
#9195=FACE_BOUND('',#8651,.T.);
#9196=FACE_BOUND('',#8652,.T.);
#9197=FACE_BOUND('',#8653,.T.);
#9198=FACE_BOUND('',#8654,.T.);
#9199=FACE_BOUND('',#8655,.T.);
#9200=FACE_BOUND('',#8656,.T.);
#9201=FACE_BOUND('',#8657,.T.);
#9202=FACE_BOUND('',#8658,.T.);
#9203=FACE_BOUND('',#8659,.T.);
#9204=FACE_BOUND('',#8660,.T.);
#9205=FACE_BOUND('',#8661,.T.);
#9206=FACE_BOUND('',#8662,.T.);
#9207=FACE_BOUND('',#8663,.T.);
#9208=FACE_BOUND('',#8664,.T.);
#9209=FACE_BOUND('',#8665,.T.);
#9210=FACE_BOUND('',#8666,.T.);
#9211=FACE_BOUND('',#8667,.T.);
#9212=FACE_BOUND('',#8668,.T.);
#9213=FACE_BOUND('',#8669,.T.);
#9214=FACE_BOUND('',#8670,.T.);
#9215=FACE_BOUND('',#8671,.T.);
#9216=FACE_BOUND('',#8672,.T.);
#9217=FACE_BOUND('',#8673,.T.);
#9218=FACE_BOUND('',#8674,.T.);
#9219=FACE_BOUND('',#8675,.T.);
#9220=FACE_BOUND('',#8676,.T.);
#9221=FACE_BOUND('',#8677,.T.);
#9222=FACE_BOUND('',#8678,.T.);
#9223=FACE_BOUND('',#8679,.T.);
#9224=FACE_BOUND('',#8680,.T.);
#9225=FACE_BOUND('',#8681,.T.);
#9226=FACE_BOUND('',#8682,.T.);
#9227=FACE_BOUND('',#8683,.T.);
#9228=FACE_BOUND('',#8684,.T.);
#9229=FACE_BOUND('',#8685,.T.);
#9230=FACE_BOUND('',#8686,.T.);
#9231=FACE_BOUND('',#8687,.T.);
#9232=FACE_BOUND('',#8688,.T.);
#9233=FACE_BOUND('',#8689,.T.);
#9234=FACE_BOUND('',#8690,.T.);
#9235=FACE_BOUND('',#8691,.T.);
#9236=FACE_BOUND('',#8692,.T.);
#9237=FACE_BOUND('',#8693,.T.);
#9238=FACE_BOUND('',#8694,.T.);
#9239=FACE_BOUND('',#8695,.T.);
#9240=FACE_BOUND('',#8696,.T.);
#9241=FACE_BOUND('',#8697,.T.);
#9242=FACE_BOUND('',#8698,.T.);
#9243=FACE_BOUND('',#8699,.T.);
#9244=FACE_BOUND('',#8700,.T.);
#9245=FACE_BOUND('',#8701,.T.);
#9246=FACE_BOUND('',#8702,.T.);
#9247=FACE_BOUND('',#8703,.T.);
#9248=FACE_BOUND('',#8704,.T.);
#9249=FACE_BOUND('',#8705,.T.);
#9250=FACE_BOUND('',#8706,.T.);
#9251=FACE_BOUND('',#8707,.T.);
#9252=FACE_BOUND('',#8708,.T.);
#9253=FACE_BOUND('',#8709,.T.);
#9254=FACE_BOUND('',#8710,.T.);
#9255=FACE_BOUND('',#8711,.T.);
#9256=FACE_BOUND('',#8712,.T.);
#9257=FACE_BOUND('',#8713,.T.);
#9258=FACE_BOUND('',#8714,.T.);
#9259=FACE_BOUND('',#8715,.T.);
#9260=FACE_BOUND('',#8716,.T.);
#9261=FACE_BOUND('',#8717,.T.);
#9262=FACE_BOUND('',#8718,.T.);
#9263=FACE_BOUND('',#8719,.T.);
#9264=PLANE('',#10268);
#9265=PLANE('',#10269);
#9266=PLANE('',#10270);
#9267=PLANE('',#10271);
#9268=PLANE('',#10272);
#9269=PLANE('',#10273);
#9270=PLANE('',#10274);
#9271=PLANE('',#10275);
#9272=PLANE('',#10276);
#9273=PLANE('',#10277);
#9274=PLANE('',#10278);
#9275=PLANE('',#10279);
#9276=PLANE('',#10280);
#9277=PLANE('',#10281);
#9278=PLANE('',#10282);
#9279=PLANE('',#10283);
#9280=PLANE('',#10284);
#9281=PLANE('',#10285);
#9282=PLANE('',#10286);
#9283=PLANE('',#10287);
#9284=PLANE('',#10288);
#9285=PLANE('',#10289);
#9286=PLANE('',#10290);
#9287=PLANE('',#10291);
#9288=PLANE('',#10292);
#9289=PLANE('',#10293);
#9290=PLANE('',#10294);
#9291=PLANE('',#10295);
#9292=PLANE('',#10296);
#9293=PLANE('',#10297);
#9294=PLANE('',#10298);
#9295=PLANE('',#10299);
#9296=PLANE('',#10300);
#9297=PLANE('',#10301);
#9298=PLANE('',#10302);
#9299=PLANE('',#10303);
#9300=PLANE('',#10304);
#9301=PLANE('',#10305);
#9302=PLANE('',#10306);
#9303=PLANE('',#10307);
#9304=PLANE('',#10308);
#9305=PLANE('',#10309);
#9306=PLANE('',#10310);
#9307=PLANE('',#10311);
#9308=PLANE('',#10312);
#9309=PLANE('',#10313);
#9310=PLANE('',#10314);
#9311=PLANE('',#10315);
#9312=PLANE('',#10316);
#9313=PLANE('',#10317);
#9314=PLANE('',#10318);
#9315=PLANE('',#10319);
#9316=PLANE('',#10320);
#9317=PLANE('',#10321);
#9318=PLANE('',#10322);
#9319=PLANE('',#10323);
#9320=PLANE('',#10324);
#9321=PLANE('',#10325);
#9322=PLANE('',#10326);
#9323=PLANE('',#10327);
#9324=PLANE('',#10328);
#9325=PLANE('',#10329);
#9326=PLANE('',#10330);
#9327=PLANE('',#10331);
#9328=PLANE('',#10332);
#9329=PLANE('',#10333);
#9330=PLANE('',#10334);
#9331=PLANE('',#10335);
#9332=PLANE('',#10336);
#9333=PLANE('',#10337);
#9334=PLANE('',#10338);
#9335=PLANE('',#10339);
#9336=PLANE('',#10340);
#9337=PLANE('',#10341);
#9338=PLANE('',#10342);
#9339=PLANE('',#10343);
#9340=PLANE('',#10344);
#9341=PLANE('',#10345);
#9342=PLANE('',#10346);
#9343=PLANE('',#10347);
#9344=PLANE('',#10348);
#9345=PLANE('',#10349);
#9346=PLANE('',#10350);
#9347=PLANE('',#10351);
#9348=PLANE('',#10352);
#9349=PLANE('',#10353);
#9350=PLANE('',#10354);
#9351=PLANE('',#10355);
#9352=PLANE('',#10356);
#9353=PLANE('',#10357);
#9354=PLANE('',#10358);
#9355=PLANE('',#10359);
#9356=PLANE('',#10360);
#9357=PLANE('',#10361);
#9358=PLANE('',#10362);
#9359=PLANE('',#10363);
#9360=PLANE('',#10364);
#9361=PLANE('',#10365);
#9362=PLANE('',#10366);
#9363=PLANE('',#10367);
#9364=PLANE('',#10368);
#9365=PLANE('',#10369);
#9366=PLANE('',#10370);
#9367=PLANE('',#10371);
#9368=PLANE('',#10372);
#9369=PLANE('',#10373);
#9370=PLANE('',#10374);
#9371=PLANE('',#10375);
#9372=PLANE('',#10376);
#9373=PLANE('',#10377);
#9374=PLANE('',#10378);
#9375=PLANE('',#10379);
#9376=PLANE('',#10380);
#9377=PLANE('',#10381);
#9378=PLANE('',#10382);
#9379=PLANE('',#10383);
#9380=PLANE('',#10384);
#9381=PLANE('',#10385);
#9382=PLANE('',#10386);
#9383=PLANE('',#10387);
#9384=PLANE('',#10388);
#9385=PLANE('',#10389);
#9386=PLANE('',#10390);
#9387=PLANE('',#10391);
#9388=PLANE('',#10392);
#9389=PLANE('',#10393);
#9390=PLANE('',#10394);
#9391=PLANE('',#10395);
#9392=PLANE('',#10396);
#9393=PLANE('',#10397);
#9394=PLANE('',#10398);
#9395=PLANE('',#10399);
#9396=PLANE('',#10400);
#9397=PLANE('',#10401);
#9398=PLANE('',#10402);
#9399=PLANE('',#10403);
#9400=PLANE('',#10404);
#9401=PLANE('',#10405);
#9402=PLANE('',#10406);
#9403=PLANE('',#10407);
#9404=PLANE('',#10408);
#9405=PLANE('',#10409);
#9406=PLANE('',#10410);
#9407=PLANE('',#10411);
#9408=PLANE('',#10412);
#9409=PLANE('',#10413);
#9410=PLANE('',#10414);
#9411=PLANE('',#10415);
#9412=PLANE('',#10416);
#9413=PLANE('',#10417);
#9414=PLANE('',#10418);
#9415=PLANE('',#10419);
#9416=PLANE('',#10420);
#9417=PLANE('',#10421);
#9418=PLANE('',#10422);
#9419=PLANE('',#10423);
#9420=PLANE('',#10424);
#9421=PLANE('',#10425);
#9422=PLANE('',#10426);
#9423=PLANE('',#10427);
#9424=PLANE('',#10428);
#9425=PLANE('',#10429);
#9426=PLANE('',#10430);
#9427=PLANE('',#10431);
#9428=PLANE('',#10432);
#9429=PLANE('',#10433);
#9430=PLANE('',#10434);
#9431=PLANE('',#10435);
#9432=PLANE('',#10436);
#9433=PLANE('',#10437);
#9434=PLANE('',#10438);
#9435=PLANE('',#10439);
#9436=PLANE('',#10440);
#9437=PLANE('',#10441);
#9438=PLANE('',#10442);
#9439=PLANE('',#10443);
#9440=PLANE('',#10444);
#9441=PLANE('',#10445);
#9442=PLANE('',#10446);
#9443=PLANE('',#10447);
#9444=PLANE('',#10448);
#9445=PLANE('',#10449);
#9446=PLANE('',#10450);
#9447=PLANE('',#10451);
#9448=PLANE('',#10452);
#9449=PLANE('',#10453);
#9450=PLANE('',#10454);
#9451=PLANE('',#10455);
#9452=PLANE('',#10456);
#9453=PLANE('',#10457);
#9454=PLANE('',#10458);
#9455=PLANE('',#10459);
#9456=PLANE('',#10460);
#9457=PLANE('',#10461);
#9458=PLANE('',#10462);
#9459=PLANE('',#10463);
#9460=PLANE('',#10464);
#9461=PLANE('',#10465);
#9462=PLANE('',#10466);
#9463=PLANE('',#10467);
#9464=PLANE('',#10468);
#9465=PLANE('',#10469);
#9466=PLANE('',#10470);
#9467=PLANE('',#10471);
#9468=PLANE('',#10472);
#9469=PLANE('',#10473);
#9470=PLANE('',#10474);
#9471=PLANE('',#10475);
#9472=PLANE('',#10476);
#9473=PLANE('',#10477);
#9474=PLANE('',#10478);
#9475=PLANE('',#10479);
#9476=PLANE('',#10480);
#9477=PLANE('',#10481);
#9478=PLANE('',#10482);
#9479=PLANE('',#10483);
#9480=PLANE('',#10484);
#9481=PLANE('',#10485);
#9482=PLANE('',#10486);
#9483=PLANE('',#10487);
#9484=PLANE('',#10488);
#9485=PLANE('',#10489);
#9486=PLANE('',#10490);
#9487=PLANE('',#10491);
#9488=PLANE('',#10492);
#9489=PLANE('',#10493);
#9490=PLANE('',#10494);
#9491=PLANE('',#10495);
#9492=PLANE('',#10496);
#9493=PLANE('',#10497);
#9494=PLANE('',#10498);
#9495=PLANE('',#10499);
#9496=PLANE('',#10500);
#9497=PLANE('',#10501);
#9498=PLANE('',#10502);
#9499=PLANE('',#10503);
#9500=PLANE('',#10504);
#9501=PLANE('',#10505);
#9502=PLANE('',#10506);
#9503=PLANE('',#10507);
#9504=PLANE('',#10508);
#9505=PLANE('',#10509);
#9506=PLANE('',#10510);
#9507=PLANE('',#10511);
#9508=PLANE('',#10512);
#9509=PLANE('',#10513);
#9510=PLANE('',#10514);
#9511=PLANE('',#10515);
#9512=PLANE('',#10516);
#9513=PLANE('',#10517);
#9514=PLANE('',#10518);
#9515=PLANE('',#10519);
#9516=PLANE('',#10520);
#9517=PLANE('',#10521);
#9518=PLANE('',#10522);
#9519=PLANE('',#10523);
#9520=PLANE('',#10524);
#9521=PLANE('',#10525);
#9522=PLANE('',#10526);
#9523=PLANE('',#10527);
#9524=PLANE('',#10528);
#9525=PLANE('',#10529);
#9526=PLANE('',#10530);
#9527=PLANE('',#10531);
#9528=PLANE('',#10532);
#9529=PLANE('',#10533);
#9530=PLANE('',#10534);
#9531=PLANE('',#10535);
#9532=PLANE('',#10536);
#9533=PLANE('',#10537);
#9534=PLANE('',#10538);
#9535=PLANE('',#10539);
#9536=PLANE('',#10540);
#9537=PLANE('',#10541);
#9538=PLANE('',#10542);
#9539=PLANE('',#10543);
#9540=PLANE('',#10544);
#9541=PLANE('',#10545);
#9542=PLANE('',#10546);
#9543=PLANE('',#10547);
#9544=PLANE('',#10548);
#9545=PLANE('',#10549);
#9546=PLANE('',#10550);
#9547=PLANE('',#10551);
#9548=PLANE('',#10552);
#9549=PLANE('',#10553);
#9550=PLANE('',#10554);
#9551=PLANE('',#10555);
#9552=PLANE('',#10556);
#9553=PLANE('',#10557);
#9554=PLANE('',#10558);
#9555=PLANE('',#10559);
#9556=PLANE('',#10560);
#9557=PLANE('',#10561);
#9558=PLANE('',#10562);
#9559=PLANE('',#10563);
#9560=PLANE('',#10564);
#9561=PLANE('',#10565);
#9562=PLANE('',#10566);
#9563=PLANE('',#10567);
#9564=PLANE('',#10568);
#9565=PLANE('',#10569);
#9566=PLANE('',#10570);
#9567=PLANE('',#10571);
#9568=PLANE('',#10572);
#9569=PLANE('',#10573);
#9570=PLANE('',#10574);
#9571=PLANE('',#10575);
#9572=PLANE('',#10576);
#9573=PLANE('',#10577);
#9574=PLANE('',#10578);
#9575=PLANE('',#10579);
#9576=PLANE('',#10580);
#9577=PLANE('',#10581);
#9578=PLANE('',#10582);
#9579=PLANE('',#10583);
#9580=PLANE('',#10584);
#9581=PLANE('',#10585);
#9582=PLANE('',#10586);
#9583=PLANE('',#10587);
#9584=PLANE('',#10588);
#9585=PLANE('',#10589);
#9586=PLANE('',#10590);
#9587=PLANE('',#10591);
#9588=PLANE('',#10592);
#9589=PLANE('',#10593);
#9590=PLANE('',#10594);
#9591=PLANE('',#10595);
#9592=PLANE('',#10596);
#9593=PLANE('',#10597);
#9594=PLANE('',#10598);
#9595=PLANE('',#10599);
#9596=PLANE('',#10600);
#9597=PLANE('',#10601);
#9598=PLANE('',#10602);
#9599=PLANE('',#10603);
#9600=PLANE('',#10604);
#9601=PLANE('',#10605);
#9602=PLANE('',#10606);
#9603=PLANE('',#10607);
#9604=PLANE('',#10608);
#9605=PLANE('',#10609);
#9606=PLANE('',#10610);
#9607=PLANE('',#10611);
#9608=PLANE('',#10612);
#9609=PLANE('',#10613);
#9610=PLANE('',#10614);
#9611=PLANE('',#10615);
#9612=PLANE('',#10616);
#9613=PLANE('',#10617);
#9614=PLANE('',#10618);
#9615=PLANE('',#10619);
#9616=PLANE('',#10620);
#9617=PLANE('',#10621);
#9618=PLANE('',#10622);
#9619=PLANE('',#10623);
#9620=PLANE('',#10624);
#9621=PLANE('',#10625);
#9622=PLANE('',#10626);
#9623=PLANE('',#10627);
#9624=PLANE('',#10628);
#9625=PLANE('',#10629);
#9626=PLANE('',#10630);
#9627=PLANE('',#10631);
#9628=PLANE('',#10632);
#9629=PLANE('',#10633);
#9630=PLANE('',#10634);
#9631=PLANE('',#10635);
#9632=PLANE('',#10636);
#9633=PLANE('',#10637);
#9634=PLANE('',#10638);
#9635=PLANE('',#10639);
#9636=PLANE('',#10640);
#9637=PLANE('',#10641);
#9638=PLANE('',#10642);
#9639=PLANE('',#10643);
#9640=PLANE('',#10644);
#9641=PLANE('',#10645);
#9642=PLANE('',#10646);
#9643=PLANE('',#10647);
#9644=PLANE('',#10648);
#9645=PLANE('',#10649);
#9646=PLANE('',#10650);
#9647=PLANE('',#10651);
#9648=PLANE('',#10652);
#9649=PLANE('',#10653);
#9650=PLANE('',#10654);
#9651=PLANE('',#10655);
#9652=PLANE('',#10656);
#9653=PLANE('',#10657);
#9654=PLANE('',#10658);
#9655=PLANE('',#10659);
#9656=PLANE('',#10660);
#9657=PLANE('',#10661);
#9658=PLANE('',#10663);
#9659=PLANE('',#10683);
#9660=PLANE('',#10684);
#9661=PLANE('',#10704);
#9662=PLANE('',#10705);
#9663=PLANE('',#10706);
#9664=PLANE('',#10707);
#9665=PLANE('',#10708);
#9666=PLANE('',#10709);
#9667=PLANE('',#10710);
#9668=PLANE('',#10717);
#9669=PLANE('',#10718);
#9670=PLANE('',#10725);
#9671=PLANE('',#10727);
#9672=PLANE('',#10729);
#9673=PLANE('',#10730);
#9674=PLANE('',#10732);
#9675=PLANE('',#10733);
#9676=PLANE('',#10735);
#9677=PLANE('',#10736);
#9678=PLANE('',#10738);
#9679=PLANE('',#10740);
#9680=PLANE('',#10741);
#9681=PLANE('',#10742);
#9682=PLANE('',#10746);
#9683=PLANE('',#10747);
#9684=PLANE('',#10760);
#9685=PLANE('',#10761);
#9686=PLANE('',#10766);
#9687=PLANE('',#10767);
#9688=PLANE('',#10770);
#9689=PLANE('',#10771);
#9690=PLANE('',#10772);
#9691=PLANE('',#10792);
#9692=PLANE('',#10793);
#9693=PLANE('',#10794);
#9694=PLANE('',#10814);
#9695=PLANE('',#10815);
#9696=PLANE('',#10816);
#9697=PLANE('',#10817);
#9698=PLANE('',#10818);
#9699=PLANE('',#10819);
#9700=PLANE('',#10820);
#9701=PLANE('',#10821);
#9702=PLANE('',#10822);
#9703=PLANE('',#10825);
#9704=PLANE('',#10827);
#9705=PLANE('',#10829);
#9706=PLANE('',#10830);
#9707=PLANE('',#10832);
#9708=PLANE('',#10833);
#9709=PLANE('',#10835);
#9710=PLANE('',#10836);
#9711=PLANE('',#10838);
#9712=PLANE('',#10840);
#9713=PLANE('',#10841);
#9714=PLANE('',#10842);
#9715=PLANE('',#10854);
#9716=PLANE('',#10855);
#9717=PLANE('',#10874);
#9718=PLANE('',#10875);
#9719=PLANE('',#10876);
#9720=PLANE('',#10877);
#9721=PLANE('',#10878);
#9722=ADVANCED_FACE('',(#8720),#9264,.F.);
#9723=ADVANCED_FACE('',(#8721),#9265,.F.);
#9724=ADVANCED_FACE('',(#8722),#9266,.F.);
#9725=ADVANCED_FACE('',(#8723),#9267,.F.);
#9726=ADVANCED_FACE('',(#8724),#9268,.F.);
#9727=ADVANCED_FACE('',(#8725),#9269,.F.);
#9728=ADVANCED_FACE('',(#8726),#9270,.T.);
#9729=ADVANCED_FACE('',(#8727),#9271,.T.);
#9730=ADVANCED_FACE('',(#8728),#9272,.F.);
#9731=ADVANCED_FACE('',(#8729),#9273,.F.);
#9732=ADVANCED_FACE('',(#8730),#9274,.F.);
#9733=ADVANCED_FACE('',(#8731),#9275,.F.);
#9734=ADVANCED_FACE('',(#8732),#9276,.F.);
#9735=ADVANCED_FACE('',(#8733),#9277,.F.);
#9736=ADVANCED_FACE('',(#8734),#9278,.T.);
#9737=ADVANCED_FACE('',(#8735),#9279,.F.);
#9738=ADVANCED_FACE('',(#8736),#9280,.F.);
#9739=ADVANCED_FACE('',(#8737),#9281,.T.);
#9740=ADVANCED_FACE('',(#8738),#9282,.F.);
#9741=ADVANCED_FACE('',(#8739),#9283,.F.);
#9742=ADVANCED_FACE('',(#8740),#9284,.F.);
#9743=ADVANCED_FACE('',(#8741),#9285,.T.);
#9744=ADVANCED_FACE('',(#8742),#9286,.F.);
#9745=ADVANCED_FACE('',(#8743),#9287,.F.);
#9746=ADVANCED_FACE('',(#8744),#9288,.F.);
#9747=ADVANCED_FACE('',(#8745),#9289,.F.);
#9748=ADVANCED_FACE('',(#8746),#9290,.F.);
#9749=ADVANCED_FACE('',(#8747),#9291,.F.);
#9750=ADVANCED_FACE('',(#8748),#9292,.F.);
#9751=ADVANCED_FACE('',(#8749),#9293,.F.);
#9752=ADVANCED_FACE('',(#8750),#9294,.T.);
#9753=ADVANCED_FACE('',(#8751),#9295,.T.);
#9754=ADVANCED_FACE('',(#8752),#9296,.F.);
#9755=ADVANCED_FACE('',(#8753),#9297,.F.);
#9756=ADVANCED_FACE('',(#8754),#9298,.F.);
#9757=ADVANCED_FACE('',(#8755),#9299,.F.);
#9758=ADVANCED_FACE('',(#8756),#9300,.F.);
#9759=ADVANCED_FACE('',(#8757),#9301,.F.);
#9760=ADVANCED_FACE('',(#8758),#9302,.T.);
#9761=ADVANCED_FACE('',(#8759),#9303,.F.);
#9762=ADVANCED_FACE('',(#8760),#9304,.F.);
#9763=ADVANCED_FACE('',(#8761),#9305,.T.);
#9764=ADVANCED_FACE('',(#8762),#9306,.F.);
#9765=ADVANCED_FACE('',(#8763),#9307,.F.);
#9766=ADVANCED_FACE('',(#8764),#9308,.F.);
#9767=ADVANCED_FACE('',(#8765),#9309,.F.);
#9768=ADVANCED_FACE('',(#8766),#9310,.F.);
#9769=ADVANCED_FACE('',(#8767),#9311,.F.);
#9770=ADVANCED_FACE('',(#8768),#9312,.F.);
#9771=ADVANCED_FACE('',(#8769),#9313,.F.);
#9772=ADVANCED_FACE('',(#8770),#9314,.T.);
#9773=ADVANCED_FACE('',(#8771),#9315,.T.);
#9774=ADVANCED_FACE('',(#8772),#9316,.F.);
#9775=ADVANCED_FACE('',(#8773),#9317,.F.);
#9776=ADVANCED_FACE('',(#8774),#9318,.F.);
#9777=ADVANCED_FACE('',(#8775),#9319,.F.);
#9778=ADVANCED_FACE('',(#8776),#9320,.F.);
#9779=ADVANCED_FACE('',(#8777),#9321,.F.);
#9780=ADVANCED_FACE('',(#8778),#9322,.T.);
#9781=ADVANCED_FACE('',(#8779),#9323,.F.);
#9782=ADVANCED_FACE('',(#8780),#9324,.F.);
#9783=ADVANCED_FACE('',(#8781),#9325,.T.);
#9784=ADVANCED_FACE('',(#8782),#9326,.F.);
#9785=ADVANCED_FACE('',(#8783),#9327,.F.);
#9786=ADVANCED_FACE('',(#8784),#9328,.F.);
#9787=ADVANCED_FACE('',(#8785),#9329,.F.);
#9788=ADVANCED_FACE('',(#8786),#9330,.F.);
#9789=ADVANCED_FACE('',(#8787),#9331,.F.);
#9790=ADVANCED_FACE('',(#8788),#9332,.F.);
#9791=ADVANCED_FACE('',(#8789),#9333,.F.);
#9792=ADVANCED_FACE('',(#8790),#9334,.T.);
#9793=ADVANCED_FACE('',(#8791),#9335,.T.);
#9794=ADVANCED_FACE('',(#8792),#9336,.F.);
#9795=ADVANCED_FACE('',(#8793),#9337,.F.);
#9796=ADVANCED_FACE('',(#8794),#9338,.F.);
#9797=ADVANCED_FACE('',(#8795),#9339,.F.);
#9798=ADVANCED_FACE('',(#8796),#9340,.F.);
#9799=ADVANCED_FACE('',(#8797),#9341,.F.);
#9800=ADVANCED_FACE('',(#8798),#9342,.T.);
#9801=ADVANCED_FACE('',(#8799),#9343,.F.);
#9802=ADVANCED_FACE('',(#8800),#9344,.F.);
#9803=ADVANCED_FACE('',(#8801),#9345,.T.);
#9804=ADVANCED_FACE('',(#8802),#9346,.F.);
#9805=ADVANCED_FACE('',(#8803),#9347,.F.);
#9806=ADVANCED_FACE('',(#8804),#9348,.F.);
#9807=ADVANCED_FACE('',(#8805),#9349,.F.);
#9808=ADVANCED_FACE('',(#8806),#9350,.F.);
#9809=ADVANCED_FACE('',(#8807),#9351,.F.);
#9810=ADVANCED_FACE('',(#8808),#9352,.F.);
#9811=ADVANCED_FACE('',(#8809),#9353,.F.);
#9812=ADVANCED_FACE('',(#8810),#9354,.T.);
#9813=ADVANCED_FACE('',(#8811),#9355,.T.);
#9814=ADVANCED_FACE('',(#8812),#9356,.F.);
#9815=ADVANCED_FACE('',(#8813),#9357,.F.);
#9816=ADVANCED_FACE('',(#8814),#9358,.F.);
#9817=ADVANCED_FACE('',(#8815),#9359,.F.);
#9818=ADVANCED_FACE('',(#8816),#9360,.F.);
#9819=ADVANCED_FACE('',(#8817),#9361,.F.);
#9820=ADVANCED_FACE('',(#8818),#9362,.T.);
#9821=ADVANCED_FACE('',(#8819),#9363,.F.);
#9822=ADVANCED_FACE('',(#8820),#9364,.F.);
#9823=ADVANCED_FACE('',(#8821),#9365,.T.);
#9824=ADVANCED_FACE('',(#8822),#9366,.F.);
#9825=ADVANCED_FACE('',(#8823),#9367,.F.);
#9826=ADVANCED_FACE('',(#8824),#9368,.T.);
#9827=ADVANCED_FACE('',(#8825),#9369,.F.);
#9828=ADVANCED_FACE('',(#8826),#9370,.T.);
#9829=ADVANCED_FACE('',(#8827),#9371,.T.);
#9830=ADVANCED_FACE('',(#8828),#9372,.F.);
#9831=ADVANCED_FACE('',(#8829),#9373,.F.);
#9832=ADVANCED_FACE('',(#8830),#9374,.F.);
#9833=ADVANCED_FACE('',(#8831),#9375,.F.);
#9834=ADVANCED_FACE('',(#8832),#9376,.F.);
#9835=ADVANCED_FACE('',(#8833),#9377,.F.);
#9836=ADVANCED_FACE('',(#8834),#9378,.F.);
#9837=ADVANCED_FACE('',(#8835),#9379,.F.);
#9838=ADVANCED_FACE('',(#8836),#9380,.T.);
#9839=ADVANCED_FACE('',(#8837),#9381,.T.);
#9840=ADVANCED_FACE('',(#8838),#9382,.F.);
#9841=ADVANCED_FACE('',(#8839),#9383,.F.);
#9842=ADVANCED_FACE('',(#8840),#9384,.F.);
#9843=ADVANCED_FACE('',(#8841),#9385,.F.);
#9844=ADVANCED_FACE('',(#8842),#9386,.T.);
#9845=ADVANCED_FACE('',(#8843),#9387,.F.);
#9846=ADVANCED_FACE('',(#8844),#9388,.F.);
#9847=ADVANCED_FACE('',(#8845),#9389,.F.);
#9848=ADVANCED_FACE('',(#8846),#9390,.F.);
#9849=ADVANCED_FACE('',(#8847),#9391,.F.);
#9850=ADVANCED_FACE('',(#8848),#9392,.F.);
#9851=ADVANCED_FACE('',(#8849),#9393,.F.);
#9852=ADVANCED_FACE('',(#8850,#8851,#8852,#8853,#8854,#8855,#8856,#8857,
#8858,#8859,#8860,#8861,#8862,#8863,#8864,#8865,#8866,#8867,#8868,#8869,
#8870,#8871,#8872,#8873,#8874,#8875,#8876,#8877,#8878,#8879,#8880,#8881,
#8882,#8883,#8884,#8885,#8886),#9394,.T.);
#9853=ADVANCED_FACE('',(#8887),#9395,.F.);
#9854=ADVANCED_FACE('',(#8888),#9396,.F.);
#9855=ADVANCED_FACE('',(#8889),#9397,.F.);
#9856=ADVANCED_FACE('',(#8890),#9398,.F.);
#9857=ADVANCED_FACE('',(#8891),#9399,.F.);
#9858=ADVANCED_FACE('',(#8892),#9400,.F.);
#9859=ADVANCED_FACE('',(#8893),#9401,.F.);
#9860=ADVANCED_FACE('',(#8894),#9402,.F.);
#9861=ADVANCED_FACE('',(#8895),#9403,.F.);
#9862=ADVANCED_FACE('',(#8896),#9404,.F.);
#9863=ADVANCED_FACE('',(#8897),#9405,.F.);
#9864=ADVANCED_FACE('',(#8898),#9406,.F.);
#9865=ADVANCED_FACE('',(#8899),#9407,.F.);
#9866=ADVANCED_FACE('',(#8900),#9408,.F.);
#9867=ADVANCED_FACE('',(#8901),#9409,.F.);
#9868=ADVANCED_FACE('',(#8902),#9410,.F.);
#9869=ADVANCED_FACE('',(#8903),#9411,.F.);
#9870=ADVANCED_FACE('',(#8904),#9412,.F.);
#9871=ADVANCED_FACE('',(#8905),#9413,.F.);
#9872=ADVANCED_FACE('',(#8906),#9414,.F.);
#9873=ADVANCED_FACE('',(#8907),#9415,.F.);
#9874=ADVANCED_FACE('',(#8908),#9416,.F.);
#9875=ADVANCED_FACE('',(#8909),#9417,.F.);
#9876=ADVANCED_FACE('',(#8910),#9418,.F.);
#9877=ADVANCED_FACE('',(#8911),#9419,.F.);
#9878=ADVANCED_FACE('',(#8912),#9420,.F.);
#9879=ADVANCED_FACE('',(#8913),#9421,.F.);
#9880=ADVANCED_FACE('',(#8914),#9422,.F.);
#9881=ADVANCED_FACE('',(#8915),#9423,.F.);
#9882=ADVANCED_FACE('',(#8916),#9424,.F.);
#9883=ADVANCED_FACE('',(#8917),#9425,.F.);
#9884=ADVANCED_FACE('',(#8918),#9426,.F.);
#9885=ADVANCED_FACE('',(#8919),#9427,.T.);
#9886=ADVANCED_FACE('',(#8920),#9428,.F.);
#9887=ADVANCED_FACE('',(#8921),#9429,.F.);
#9888=ADVANCED_FACE('',(#8922),#9430,.F.);
#9889=ADVANCED_FACE('',(#8923),#9431,.F.);
#9890=ADVANCED_FACE('',(#8924),#9432,.T.);
#9891=ADVANCED_FACE('',(#8925),#9433,.T.);
#9892=ADVANCED_FACE('',(#8926),#9434,.T.);
#9893=ADVANCED_FACE('',(#8927),#9435,.T.);
#9894=ADVANCED_FACE('',(#8928),#9436,.T.);
#9895=ADVANCED_FACE('',(#8929),#9437,.T.);
#9896=ADVANCED_FACE('',(#8930),#9438,.T.);
#9897=ADVANCED_FACE('',(#8931),#9439,.T.);
#9898=ADVANCED_FACE('',(#8932),#9440,.T.);
#9899=ADVANCED_FACE('',(#8933),#9441,.F.);
#9900=ADVANCED_FACE('',(#8934),#9442,.F.);
#9901=ADVANCED_FACE('',(#8935),#9443,.F.);
#9902=ADVANCED_FACE('',(#8936),#9444,.F.);
#9903=ADVANCED_FACE('',(#8937),#9445,.F.);
#9904=ADVANCED_FACE('',(#8938),#9446,.F.);
#9905=ADVANCED_FACE('',(#8939),#9447,.F.);
#9906=ADVANCED_FACE('',(#8940),#9448,.F.);
#9907=ADVANCED_FACE('',(#8941),#9449,.F.);
#9908=ADVANCED_FACE('',(#8942),#9450,.F.);
#9909=ADVANCED_FACE('',(#8943),#9451,.F.);
#9910=ADVANCED_FACE('',(#8944),#9452,.F.);
#9911=ADVANCED_FACE('',(#8945),#9453,.F.);
#9912=ADVANCED_FACE('',(#8946),#9454,.F.);
#9913=ADVANCED_FACE('',(#8947),#9455,.F.);
#9914=ADVANCED_FACE('',(#8948),#9456,.F.);
#9915=ADVANCED_FACE('',(#8949),#9457,.F.);
#9916=ADVANCED_FACE('',(#8950),#9458,.F.);
#9917=ADVANCED_FACE('',(#8951),#9459,.F.);
#9918=ADVANCED_FACE('',(#8952),#9460,.F.);
#9919=ADVANCED_FACE('',(#8953),#9461,.F.);
#9920=ADVANCED_FACE('',(#8954),#9462,.F.);
#9921=ADVANCED_FACE('',(#8955),#9463,.F.);
#9922=ADVANCED_FACE('',(#8956),#9464,.F.);
#9923=ADVANCED_FACE('',(#8957),#9465,.F.);
#9924=ADVANCED_FACE('',(#8958),#9466,.F.);
#9925=ADVANCED_FACE('',(#8959),#9467,.F.);
#9926=ADVANCED_FACE('',(#8960),#9468,.F.);
#9927=ADVANCED_FACE('',(#8961),#9469,.F.);
#9928=ADVANCED_FACE('',(#8962),#9470,.F.);
#9929=ADVANCED_FACE('',(#8963),#9471,.F.);
#9930=ADVANCED_FACE('',(#8964),#9472,.F.);
#9931=ADVANCED_FACE('',(#8965),#9473,.F.);
#9932=ADVANCED_FACE('',(#8966),#9474,.F.);
#9933=ADVANCED_FACE('',(#8967),#9475,.F.);
#9934=ADVANCED_FACE('',(#8968),#9476,.T.);
#9935=ADVANCED_FACE('',(#8969),#9477,.F.);
#9936=ADVANCED_FACE('',(#8970),#9478,.F.);
#9937=ADVANCED_FACE('',(#8971),#9479,.F.);
#9938=ADVANCED_FACE('',(#8972),#9480,.F.);
#9939=ADVANCED_FACE('',(#8973),#9481,.T.);
#9940=ADVANCED_FACE('',(#8974),#9482,.T.);
#9941=ADVANCED_FACE('',(#8975),#9483,.T.);
#9942=ADVANCED_FACE('',(#8976),#9484,.T.);
#9943=ADVANCED_FACE('',(#8977),#9485,.T.);
#9944=ADVANCED_FACE('',(#8978),#9486,.T.);
#9945=ADVANCED_FACE('',(#8979),#9487,.T.);
#9946=ADVANCED_FACE('',(#8980),#9488,.T.);
#9947=ADVANCED_FACE('',(#8981),#9489,.T.);
#9948=ADVANCED_FACE('',(#8982),#9490,.F.);
#9949=ADVANCED_FACE('',(#8983),#9491,.F.);
#9950=ADVANCED_FACE('',(#8984),#9492,.F.);
#9951=ADVANCED_FACE('',(#8985),#9493,.F.);
#9952=ADVANCED_FACE('',(#8986),#9494,.F.);
#9953=ADVANCED_FACE('',(#8987),#9495,.F.);
#9954=ADVANCED_FACE('',(#8988),#9496,.F.);
#9955=ADVANCED_FACE('',(#8989),#9497,.F.);
#9956=ADVANCED_FACE('',(#8990),#9498,.F.);
#9957=ADVANCED_FACE('',(#8991),#9499,.F.);
#9958=ADVANCED_FACE('',(#8992),#9500,.F.);
#9959=ADVANCED_FACE('',(#8993),#9501,.F.);
#9960=ADVANCED_FACE('',(#8994),#9502,.F.);
#9961=ADVANCED_FACE('',(#8995),#9503,.F.);
#9962=ADVANCED_FACE('',(#8996),#9504,.F.);
#9963=ADVANCED_FACE('',(#8997),#9505,.F.);
#9964=ADVANCED_FACE('',(#8998),#9506,.F.);
#9965=ADVANCED_FACE('',(#8999),#9507,.F.);
#9966=ADVANCED_FACE('',(#9000),#9508,.F.);
#9967=ADVANCED_FACE('',(#9001),#9509,.F.);
#9968=ADVANCED_FACE('',(#9002),#9510,.F.);
#9969=ADVANCED_FACE('',(#9003),#9511,.F.);
#9970=ADVANCED_FACE('',(#9004),#9512,.F.);
#9971=ADVANCED_FACE('',(#9005),#9513,.F.);
#9972=ADVANCED_FACE('',(#9006),#9514,.F.);
#9973=ADVANCED_FACE('',(#9007),#9515,.F.);
#9974=ADVANCED_FACE('',(#9008),#9516,.F.);
#9975=ADVANCED_FACE('',(#9009),#9517,.F.);
#9976=ADVANCED_FACE('',(#9010),#9518,.T.);
#9977=ADVANCED_FACE('',(#9011),#9519,.F.);
#9978=ADVANCED_FACE('',(#9012),#9520,.F.);
#9979=ADVANCED_FACE('',(#9013),#9521,.F.);
#9980=ADVANCED_FACE('',(#9014),#9522,.F.);
#9981=ADVANCED_FACE('',(#9015),#9523,.T.);
#9982=ADVANCED_FACE('',(#9016),#9524,.T.);
#9983=ADVANCED_FACE('',(#9017),#9525,.T.);
#9984=ADVANCED_FACE('',(#9018),#9526,.T.);
#9985=ADVANCED_FACE('',(#9019),#9527,.T.);
#9986=ADVANCED_FACE('',(#9020),#9528,.T.);
#9987=ADVANCED_FACE('',(#9021),#9529,.T.);
#9988=ADVANCED_FACE('',(#9022),#9530,.T.);
#9989=ADVANCED_FACE('',(#9023),#9531,.T.);
#9990=ADVANCED_FACE('',(#9024),#9532,.F.);
#9991=ADVANCED_FACE('',(#9025),#9533,.F.);
#9992=ADVANCED_FACE('',(#9026),#9534,.F.);
#9993=ADVANCED_FACE('',(#9027),#9535,.F.);
#9994=ADVANCED_FACE('',(#9028),#9536,.F.);
#9995=ADVANCED_FACE('',(#9029),#9537,.F.);
#9996=ADVANCED_FACE('',(#9030),#9538,.F.);
#9997=ADVANCED_FACE('',(#9031),#9539,.F.);
#9998=ADVANCED_FACE('',(#9032),#9540,.F.);
#9999=ADVANCED_FACE('',(#9033),#9541,.F.);
#10000=ADVANCED_FACE('',(#9034),#9542,.F.);
#10001=ADVANCED_FACE('',(#9035),#9543,.F.);
#10002=ADVANCED_FACE('',(#9036),#9544,.F.);
#10003=ADVANCED_FACE('',(#9037),#9545,.F.);
#10004=ADVANCED_FACE('',(#9038),#9546,.F.);
#10005=ADVANCED_FACE('',(#9039),#9547,.F.);
#10006=ADVANCED_FACE('',(#9040),#9548,.F.);
#10007=ADVANCED_FACE('',(#9041),#9549,.F.);
#10008=ADVANCED_FACE('',(#9042),#9550,.F.);
#10009=ADVANCED_FACE('',(#9043),#9551,.F.);
#10010=ADVANCED_FACE('',(#9044),#9552,.F.);
#10011=ADVANCED_FACE('',(#9045),#9553,.F.);
#10012=ADVANCED_FACE('',(#9046),#9554,.F.);
#10013=ADVANCED_FACE('',(#9047),#9555,.F.);
#10014=ADVANCED_FACE('',(#9048),#9556,.F.);
#10015=ADVANCED_FACE('',(#9049),#9557,.F.);
#10016=ADVANCED_FACE('',(#9050),#9558,.F.);
#10017=ADVANCED_FACE('',(#9051),#9559,.F.);
#10018=ADVANCED_FACE('',(#9052),#9560,.T.);
#10019=ADVANCED_FACE('',(#9053),#9561,.F.);
#10020=ADVANCED_FACE('',(#9054),#9562,.F.);
#10021=ADVANCED_FACE('',(#9055),#9563,.F.);
#10022=ADVANCED_FACE('',(#9056),#9564,.F.);
#10023=ADVANCED_FACE('',(#9057),#9565,.T.);
#10024=ADVANCED_FACE('',(#9058),#9566,.T.);
#10025=ADVANCED_FACE('',(#9059),#9567,.T.);
#10026=ADVANCED_FACE('',(#9060),#9568,.T.);
#10027=ADVANCED_FACE('',(#9061),#9569,.T.);
#10028=ADVANCED_FACE('',(#9062),#9570,.T.);
#10029=ADVANCED_FACE('',(#9063),#9571,.T.);
#10030=ADVANCED_FACE('',(#9064),#9572,.T.);
#10031=ADVANCED_FACE('',(#9065),#9573,.T.);
#10032=ADVANCED_FACE('',(#9066),#9574,.F.);
#10033=ADVANCED_FACE('',(#9067),#9575,.F.);
#10034=ADVANCED_FACE('',(#9068),#9576,.F.);
#10035=ADVANCED_FACE('',(#9069),#9577,.F.);
#10036=ADVANCED_FACE('',(#9070),#9578,.F.);
#10037=ADVANCED_FACE('',(#9071),#9579,.F.);
#10038=ADVANCED_FACE('',(#9072),#9580,.F.);
#10039=ADVANCED_FACE('',(#9073),#9581,.F.);
#10040=ADVANCED_FACE('',(#9074),#9582,.F.);
#10041=ADVANCED_FACE('',(#9075),#9583,.F.);
#10042=ADVANCED_FACE('',(#9076),#9584,.F.);
#10043=ADVANCED_FACE('',(#9077),#9585,.F.);
#10044=ADVANCED_FACE('',(#9078),#9586,.F.);
#10045=ADVANCED_FACE('',(#9079),#9587,.F.);
#10046=ADVANCED_FACE('',(#9080),#9588,.F.);
#10047=ADVANCED_FACE('',(#9081),#9589,.F.);
#10048=ADVANCED_FACE('',(#9082),#9590,.F.);
#10049=ADVANCED_FACE('',(#9083),#9591,.F.);
#10050=ADVANCED_FACE('',(#9084),#9592,.F.);
#10051=ADVANCED_FACE('',(#9085),#9593,.F.);
#10052=ADVANCED_FACE('',(#9086),#9594,.F.);
#10053=ADVANCED_FACE('',(#9087),#9595,.F.);
#10054=ADVANCED_FACE('',(#9088),#9596,.F.);
#10055=ADVANCED_FACE('',(#9089),#9597,.F.);
#10056=ADVANCED_FACE('',(#9090),#9598,.F.);
#10057=ADVANCED_FACE('',(#9091),#9599,.F.);
#10058=ADVANCED_FACE('',(#9092),#9600,.F.);
#10059=ADVANCED_FACE('',(#9093),#9601,.F.);
#10060=ADVANCED_FACE('',(#9094),#9602,.T.);
#10061=ADVANCED_FACE('',(#9095),#9603,.F.);
#10062=ADVANCED_FACE('',(#9096),#9604,.F.);
#10063=ADVANCED_FACE('',(#9097),#9605,.F.);
#10064=ADVANCED_FACE('',(#9098),#9606,.F.);
#10065=ADVANCED_FACE('',(#9099),#9607,.T.);
#10066=ADVANCED_FACE('',(#9100),#9608,.T.);
#10067=ADVANCED_FACE('',(#9101),#9609,.T.);
#10068=ADVANCED_FACE('',(#9102),#9610,.T.);
#10069=ADVANCED_FACE('',(#9103),#9611,.T.);
#10070=ADVANCED_FACE('',(#9104),#9612,.T.);
#10071=ADVANCED_FACE('',(#9105),#9613,.T.);
#10072=ADVANCED_FACE('',(#9106),#9614,.T.);
#10073=ADVANCED_FACE('',(#9107),#9615,.T.);
#10074=ADVANCED_FACE('',(#9108),#9616,.F.);
#10075=ADVANCED_FACE('',(#9109),#9617,.F.);
#10076=ADVANCED_FACE('',(#9110),#9618,.F.);
#10077=ADVANCED_FACE('',(#9111),#9619,.F.);
#10078=ADVANCED_FACE('',(#9112),#9620,.F.);
#10079=ADVANCED_FACE('',(#9113),#9621,.F.);
#10080=ADVANCED_FACE('',(#9114),#9622,.F.);
#10081=ADVANCED_FACE('',(#9115),#9623,.F.);
#10082=ADVANCED_FACE('',(#9116),#9624,.F.);
#10083=ADVANCED_FACE('',(#9117),#9625,.F.);
#10084=ADVANCED_FACE('',(#9118),#9626,.F.);
#10085=ADVANCED_FACE('',(#9119),#9627,.F.);
#10086=ADVANCED_FACE('',(#9120),#9628,.F.);
#10087=ADVANCED_FACE('',(#9121),#9629,.F.);
#10088=ADVANCED_FACE('',(#9122),#9630,.F.);
#10089=ADVANCED_FACE('',(#9123),#9631,.F.);
#10090=ADVANCED_FACE('',(#9124),#9632,.F.);
#10091=ADVANCED_FACE('',(#9125),#9633,.F.);
#10092=ADVANCED_FACE('',(#9126),#9634,.F.);
#10093=ADVANCED_FACE('',(#9127),#9635,.F.);
#10094=ADVANCED_FACE('',(#9128),#9636,.F.);
#10095=ADVANCED_FACE('',(#9129),#9637,.F.);
#10096=ADVANCED_FACE('',(#9130),#9638,.F.);
#10097=ADVANCED_FACE('',(#9131),#9639,.F.);
#10098=ADVANCED_FACE('',(#9132),#9640,.F.);
#10099=ADVANCED_FACE('',(#9133),#9641,.F.);
#10100=ADVANCED_FACE('',(#9134),#9642,.F.);
#10101=ADVANCED_FACE('',(#9135),#9643,.F.);
#10102=ADVANCED_FACE('',(#9136),#9644,.T.);
#10103=ADVANCED_FACE('',(#9137),#9645,.F.);
#10104=ADVANCED_FACE('',(#9138),#9646,.F.);
#10105=ADVANCED_FACE('',(#9139),#9647,.F.);
#10106=ADVANCED_FACE('',(#9140),#9648,.F.);
#10107=ADVANCED_FACE('',(#9141),#9649,.T.);
#10108=ADVANCED_FACE('',(#9142),#9650,.T.);
#10109=ADVANCED_FACE('',(#9143),#9651,.T.);
#10110=ADVANCED_FACE('',(#9144),#9652,.T.);
#10111=ADVANCED_FACE('',(#9145),#9653,.T.);
#10112=ADVANCED_FACE('',(#9146),#9654,.T.);
#10113=ADVANCED_FACE('',(#9147),#9655,.T.);
#10114=ADVANCED_FACE('',(#9148),#9656,.T.);
#10115=ADVANCED_FACE('',(#9149),#9657,.T.);
#10116=ADVANCED_FACE('',(#9150),#9658,.T.);
#10117=ADVANCED_FACE('',(#9151),#9659,.F.);
#10118=ADVANCED_FACE('',(#9152),#9660,.F.);
#10119=ADVANCED_FACE('',(#9153),#9661,.F.);
#10120=ADVANCED_FACE('',(#9154),#9662,.F.);
#10121=ADVANCED_FACE('',(#9155),#9663,.F.);
#10122=ADVANCED_FACE('',(#9156),#9664,.F.);
#10123=ADVANCED_FACE('',(#9157),#9665,.F.);
#10124=ADVANCED_FACE('',(#9158),#9666,.F.);
#10125=ADVANCED_FACE('',(#9159),#9667,.F.);
#10126=ADVANCED_FACE('',(#9160),#9668,.F.);
#10127=ADVANCED_FACE('',(#9161),#9669,.F.);
#10128=ADVANCED_FACE('',(#9162),#18,.F.);
#10129=ADVANCED_FACE('',(#9163),#19,.T.);
#10130=ADVANCED_FACE('',(#9164),#20,.T.);
#10131=ADVANCED_FACE('',(#9165),#21,.T.);
#10132=ADVANCED_FACE('',(#9166),#22,.F.);
#10133=ADVANCED_FACE('',(#9167),#23,.T.);
#10134=ADVANCED_FACE('',(#9168),#9670,.F.);
#10135=ADVANCED_FACE('',(#9169),#24,.F.);
#10136=ADVANCED_FACE('',(#9170),#9671,.T.);
#10137=ADVANCED_FACE('',(#9171),#25,.F.);
#10138=ADVANCED_FACE('',(#9172),#9672,.T.);
#10139=ADVANCED_FACE('',(#9173),#9673,.T.);
#10140=ADVANCED_FACE('',(#9174),#26,.F.);
#10141=ADVANCED_FACE('',(#9175),#9674,.T.);
#10142=ADVANCED_FACE('',(#9176),#9675,.T.);
#10143=ADVANCED_FACE('',(#9177),#27,.T.);
#10144=ADVANCED_FACE('',(#9178),#9676,.T.);
#10145=ADVANCED_FACE('',(#9179),#9677,.T.);
#10146=ADVANCED_FACE('',(#9180),#28,.F.);
#10147=ADVANCED_FACE('',(#9181),#9678,.T.);
#10148=ADVANCED_FACE('',(#9182),#29,.F.);
#10149=ADVANCED_FACE('',(#9183),#9679,.T.);
#10150=ADVANCED_FACE('',(#9184),#9680,.T.);
#10151=ADVANCED_FACE('',(#9185),#9681,.T.);
#10152=ADVANCED_FACE('',(#9186),#30,.T.);
#10153=ADVANCED_FACE('',(#9187),#31,.T.);
#10154=ADVANCED_FACE('',(#9188),#32,.T.);
#10155=ADVANCED_FACE('',(#9189),#9682,.F.);
#10156=ADVANCED_FACE('',(#9190),#9683,.F.);
#10157=ADVANCED_FACE('',(#9191),#33,.T.);
#10158=ADVANCED_FACE('',(#9192),#34,.F.);
#10159=ADVANCED_FACE('',(#9193),#35,.F.);
#10160=ADVANCED_FACE('',(#9194),#36,.T.);
#10161=ADVANCED_FACE('',(#9195),#37,.T.);
#10162=ADVANCED_FACE('',(#9196),#38,.F.);
#10163=ADVANCED_FACE('',(#9197),#9684,.F.);
#10164=ADVANCED_FACE('',(#9198),#9685,.T.);
#10165=ADVANCED_FACE('',(#9199),#39,.T.);
#10166=ADVANCED_FACE('',(#9200),#40,.F.);
#10167=ADVANCED_FACE('',(#9201),#41,.T.);
#10168=ADVANCED_FACE('',(#9202),#42,.T.);
#10169=ADVANCED_FACE('',(#9203),#9686,.T.);
#10170=ADVANCED_FACE('',(#9204),#9687,.T.);
#10171=ADVANCED_FACE('',(#9205),#9688,.F.);
#10172=ADVANCED_FACE('',(#9206),#9689,.F.);
#10173=ADVANCED_FACE('',(#9207),#9690,.T.);
#10174=ADVANCED_FACE('',(#9208),#9691,.F.);
#10175=ADVANCED_FACE('',(#9209),#9692,.F.);
#10176=ADVANCED_FACE('',(#9210),#9693,.F.);
#10177=ADVANCED_FACE('',(#9211),#9694,.F.);
#10178=ADVANCED_FACE('',(#9212),#9695,.F.);
#10179=ADVANCED_FACE('',(#9213),#9696,.F.);
#10180=ADVANCED_FACE('',(#9214),#9697,.F.);
#10181=ADVANCED_FACE('',(#9215),#9698,.F.);
#10182=ADVANCED_FACE('',(#9216),#9699,.F.);
#10183=ADVANCED_FACE('',(#9217),#9700,.F.);
#10184=ADVANCED_FACE('',(#9218),#9701,.F.);
#10185=ADVANCED_FACE('',(#9219),#9702,.F.);
#10186=ADVANCED_FACE('',(#9220),#43,.F.);
#10187=ADVANCED_FACE('',(#9221),#44,.T.);
#10188=ADVANCED_FACE('',(#9222),#9703,.F.);
#10189=ADVANCED_FACE('',(#9223),#45,.F.);
#10190=ADVANCED_FACE('',(#9224),#9704,.T.);
#10191=ADVANCED_FACE('',(#9225),#46,.F.);
#10192=ADVANCED_FACE('',(#9226),#9705,.T.);
#10193=ADVANCED_FACE('',(#9227),#9706,.T.);
#10194=ADVANCED_FACE('',(#9228),#47,.F.);
#10195=ADVANCED_FACE('',(#9229),#9707,.T.);
#10196=ADVANCED_FACE('',(#9230),#9708,.T.);
#10197=ADVANCED_FACE('',(#9231),#48,.T.);
#10198=ADVANCED_FACE('',(#9232),#9709,.T.);
#10199=ADVANCED_FACE('',(#9233),#9710,.T.);
#10200=ADVANCED_FACE('',(#9234),#49,.F.);
#10201=ADVANCED_FACE('',(#9235),#9711,.T.);
#10202=ADVANCED_FACE('',(#9236),#50,.F.);
#10203=ADVANCED_FACE('',(#9237),#9712,.T.);
#10204=ADVANCED_FACE('',(#9238),#9713,.T.);
#10205=ADVANCED_FACE('',(#9239),#9714,.T.);
#10206=ADVANCED_FACE('',(#9240),#51,.T.);
#10207=ADVANCED_FACE('',(#9241),#52,.T.);
#10208=ADVANCED_FACE('',(#9242),#53,.T.);
#10209=ADVANCED_FACE('',(#9243),#54,.F.);
#10210=ADVANCED_FACE('',(#9244),#55,.F.);
#10211=ADVANCED_FACE('',(#9245),#56,.T.);
#10212=ADVANCED_FACE('',(#9246),#57,.T.);
#10213=ADVANCED_FACE('',(#9247),#58,.T.);
#10214=ADVANCED_FACE('',(#9248),#59,.T.);
#10215=ADVANCED_FACE('',(#9249),#60,.T.);
#10216=ADVANCED_FACE('',(#9250),#61,.T.);
#10217=ADVANCED_FACE('',(#9251),#9715,.F.);
#10218=ADVANCED_FACE('',(#9252),#9716,.F.);
#10219=ADVANCED_FACE('',(#9253),#62,.F.);
#10220=ADVANCED_FACE('',(#9254),#63,.T.);
#10221=ADVANCED_FACE('',(#9255),#64,.T.);
#10222=ADVANCED_FACE('',(#9256),#65,.F.);
#10223=ADVANCED_FACE('',(#9257),#66,.F.);
#10224=ADVANCED_FACE('',(#9258),#67,.T.);
#10225=ADVANCED_FACE('',(#9259),#9717,.F.);
#10226=ADVANCED_FACE('',(#9260),#9718,.F.);
#10227=ADVANCED_FACE('',(#9261),#9719,.T.);
#10228=ADVANCED_FACE('',(#9262),#9720,.T.);
#10229=ADVANCED_FACE('',(#9263),#9721,.T.);
#10230=CLOSED_SHELL('',(#9722,#9723,#9724,#9725,#9726,#9727,#9728,#9729,
#9730,#9731,#9732,#9733,#9734,#9735,#9736,#9737,#9738,#9739,#9740,#9741,
#9742,#9743,#9744,#9745,#9746,#9747,#9748,#9749,#9750,#9751,#9752,#9753,
#9754,#9755,#9756,#9757,#9758,#9759,#9760,#9761,#9762,#9763,#9764,#9765,
#9766,#9767,#9768,#9769,#9770,#9771,#9772,#9773,#9774,#9775,#9776,#9777,
#9778,#9779,#9780,#9781,#9782,#9783,#9784,#9785,#9786,#9787,#9788,#9789,
#9790,#9791,#9792,#9793,#9794,#9795,#9796,#9797,#9798,#9799,#9800,#9801,
#9802,#9803,#9804,#9805,#9806,#9807,#9808,#9809,#9810,#9811,#9812,#9813,
#9814,#9815,#9816,#9817,#9818,#9819,#9820,#9821,#9822,#9823,#9824,#9825,
#9826,#9827,#9828,#9829,#9830,#9831,#9832,#9833,#9834,#9835,#9836,#9837,
#9838,#9839,#9840,#9841,#9842,#9843,#9844,#9845,#9846,#9847,#9848,#9849,
#9850,#9851,#9852,#9853,#9854,#9855,#9856,#9857,#9858,#9859,#9860,#9861,
#9862,#9863,#9864,#9865,#9866,#9867,#9868,#9869,#9870,#9871,#9872,#9873,
#9874,#9875,#9876,#9877,#9878,#9879,#9880,#9881,#9882,#9883,#9884,#9885,
#9886,#9887,#9888,#9889,#9890,#9891,#9892,#9893,#9894,#9895,#9896,#9897,
#9898,#9899,#9900,#9901,#9902,#9903,#9904,#9905,#9906,#9907,#9908,#9909,
#9910,#9911,#9912,#9913,#9914,#9915,#9916,#9917,#9918,#9919,#9920,#9921,
#9922,#9923,#9924,#9925,#9926,#9927,#9928,#9929,#9930,#9931,#9932,#9933,
#9934,#9935,#9936,#9937,#9938,#9939,#9940,#9941,#9942,#9943,#9944,#9945,
#9946,#9947,#9948,#9949,#9950,#9951,#9952,#9953,#9954,#9955,#9956,#9957,
#9958,#9959,#9960,#9961,#9962,#9963,#9964,#9965,#9966,#9967,#9968,#9969,
#9970,#9971,#9972,#9973,#9974,#9975,#9976,#9977,#9978,#9979,#9980,#9981,
#9982,#9983,#9984,#9985,#9986,#9987,#9988,#9989,#9990,#9991,#9992,#9993,
#9994,#9995,#9996,#9997,#9998,#9999,#10000,#10001,#10002,#10003,#10004,
#10005,#10006,#10007,#10008,#10009,#10010,#10011,#10012,#10013,#10014,#10015,
#10016,#10017,#10018,#10019,#10020,#10021,#10022,#10023,#10024,#10025,#10026,
#10027,#10028,#10029,#10030,#10031,#10032,#10033,#10034,#10035,#10036,#10037,
#10038,#10039,#10040,#10041,#10042,#10043,#10044,#10045,#10046,#10047,#10048,
#10049,#10050,#10051,#10052,#10053,#10054,#10055,#10056,#10057,#10058,#10059,
#10060,#10061,#10062,#10063,#10064,#10065,#10066,#10067,#10068,#10069,#10070,
#10071,#10072,#10073,#10074,#10075,#10076,#10077,#10078,#10079,#10080,#10081,
#10082,#10083,#10084,#10085,#10086,#10087,#10088,#10089,#10090,#10091,#10092,
#10093,#10094,#10095,#10096,#10097,#10098,#10099,#10100,#10101,#10102,#10103,
#10104,#10105,#10106,#10107,#10108,#10109,#10110,#10111,#10112,#10113,#10114,
#10115));
#10231=CLOSED_SHELL('',(#10116,#10117,#10118,#10119,#10120,#10121,#10122,
#10123,#10124,#10125,#10126,#10127,#10128,#10129,#10130,#10131,#10132,#10133,
#10134,#10135,#10136,#10137,#10138,#10139,#10140,#10141,#10142,#10143,#10144,
#10145,#10146,#10147,#10148,#10149,#10150,#10151,#10152,#10153,#10154,#10155,
#10156,#10157,#10158,#10159,#10160,#10161,#10162,#10163,#10164,#10165,#10166,
#10167,#10168,#10169,#10170));
#10232=CLOSED_SHELL('',(#10171,#10172,#10173,#10174,#10175,#10176,#10177,
#10178,#10179,#10180,#10181,#10182,#10183,#10184,#10185,#10186,#10187,#10188,
#10189,#10190,#10191,#10192,#10193,#10194,#10195,#10196,#10197,#10198,#10199,
#10200,#10201,#10202,#10203,#10204,#10205,#10206,#10207,#10208,#10209,#10210,
#10211,#10212,#10213,#10214,#10215,#10216,#10217,#10218,#10219,#10220,#10221,
#10222,#10223,#10224,#10225,#10226,#10227,#10228,#10229));
#10233=STYLED_ITEM('',(#10236),#10256);
#10234=STYLED_ITEM('',(#10237),#10257);
#10235=STYLED_ITEM('',(#10238),#10258);
#10236=PRESENTATION_STYLE_ASSIGNMENT((#10239));
#10237=PRESENTATION_STYLE_ASSIGNMENT((#10240));
#10238=PRESENTATION_STYLE_ASSIGNMENT((#10241));
#10239=SURFACE_STYLE_USAGE(.BOTH.,#10242);
#10240=SURFACE_STYLE_USAGE(.BOTH.,#10243);
#10241=SURFACE_STYLE_USAGE(.BOTH.,#10244);
#10242=SURFACE_SIDE_STYLE('',(#10245));
#10243=SURFACE_SIDE_STYLE('',(#10246));
#10244=SURFACE_SIDE_STYLE('',(#10247));
#10245=SURFACE_STYLE_FILL_AREA(#10248);
#10246=SURFACE_STYLE_FILL_AREA(#10249);
#10247=SURFACE_STYLE_FILL_AREA(#10250);
#10248=FILL_AREA_STYLE('',(#10251));
#10249=FILL_AREA_STYLE('',(#10252));
#10250=FILL_AREA_STYLE('',(#10253));
#10251=FILL_AREA_STYLE_COLOUR('',#10254);
#10252=FILL_AREA_STYLE_COLOUR('',#10255);
#10253=FILL_AREA_STYLE_COLOUR('',#10255);
#10254=COLOUR_RGB('',0.699999988079071,0.119999997317791,0.119999997317791);
#10255=COLOUR_RGB('',0.75,0.75,0.75);
#10256=MANIFOLD_SOLID_BREP('',#10230);
#10257=MANIFOLD_SOLID_BREP('',#10231);
#10258=MANIFOLD_SOLID_BREP('',#10232);
#10259=SHAPE_DEFINITION_REPRESENTATION(#16386,#10263);
#10260=SHAPE_DEFINITION_REPRESENTATION(#16385,#10264);
#10261=SHAPE_DEFINITION_REPRESENTATION(#16388,#10265);
#10262=SHAPE_DEFINITION_REPRESENTATION(#16391,#10266);
#10263=SHAPE_REPRESENTATION('690368171272',(#10267),#16375);
#10264=SHAPE_REPRESENTATION('69036817xx72',(#10267,#10662,#10768,#10769,
#10879,#10880,#10881,#10882,#10883,#10884,#10885,#10886,#10887,#10888),
#16374);
#10265=SHAPE_REPRESENTATION('Pin',(#10267),#16376);
#10266=SHAPE_REPRESENTATION('Pin_2',(#10267),#16377);
#10267=AXIS2_PLACEMENT_3D('',#13477,#10889,#10890);
#10268=AXIS2_PLACEMENT_3D('',#13478,#10891,#10892);
#10269=AXIS2_PLACEMENT_3D('',#13595,#10951,#10952);
#10270=AXIS2_PLACEMENT_3D('',#13604,#10957,#10958);
#10271=AXIS2_PLACEMENT_3D('',#13626,#10970,#10971);
#10272=AXIS2_PLACEMENT_3D('',#13648,#10983,#10984);
#10273=AXIS2_PLACEMENT_3D('',#13658,#10990,#10991);
#10274=AXIS2_PLACEMENT_3D('',#13668,#10997,#10998);
#10275=AXIS2_PLACEMENT_3D('',#13679,#11004,#11005);
#10276=AXIS2_PLACEMENT_3D('',#13690,#11011,#11012);
#10277=AXIS2_PLACEMENT_3D('',#13697,#11017,#11018);
#10278=AXIS2_PLACEMENT_3D('',#13704,#11023,#11024);
#10279=AXIS2_PLACEMENT_3D('',#13717,#11031,#11032);
#10280=AXIS2_PLACEMENT_3D('',#13727,#11038,#11039);
#10281=AXIS2_PLACEMENT_3D('',#13732,#11043,#11044);
#10282=AXIS2_PLACEMENT_3D('',#13737,#11048,#11049);
#10283=AXIS2_PLACEMENT_3D('',#13748,#11055,#11056);
#10284=AXIS2_PLACEMENT_3D('',#13753,#11060,#11061);
#10285=AXIS2_PLACEMENT_3D('',#13758,#11065,#11066);
#10286=AXIS2_PLACEMENT_3D('',#13769,#11072,#11073);
#10287=AXIS2_PLACEMENT_3D('',#13774,#11077,#11078);
#10288=AXIS2_PLACEMENT_3D('',#13782,#11083,#11084);
#10289=AXIS2_PLACEMENT_3D('',#13785,#11087,#11088);
#10290=AXIS2_PLACEMENT_3D('',#13796,#11094,#11095);
#10291=AXIS2_PLACEMENT_3D('',#13799,#11098,#11099);
#10292=AXIS2_PLACEMENT_3D('',#13802,#11102,#11103);
#10293=AXIS2_PLACEMENT_3D('',#13805,#11106,#11107);
#10294=AXIS2_PLACEMENT_3D('',#13814,#11112,#11113);
#10295=AXIS2_PLACEMENT_3D('',#13836,#11125,#11126);
#10296=AXIS2_PLACEMENT_3D('',#13851,#11135,#11136);
#10297=AXIS2_PLACEMENT_3D('',#13861,#11142,#11143);
#10298=AXIS2_PLACEMENT_3D('',#13871,#11149,#11150);
#10299=AXIS2_PLACEMENT_3D('',#13882,#11156,#11157);
#10300=AXIS2_PLACEMENT_3D('',#13893,#11163,#11164);
#10301=AXIS2_PLACEMENT_3D('',#13900,#11169,#11170);
#10302=AXIS2_PLACEMENT_3D('',#13907,#11175,#11176);
#10303=AXIS2_PLACEMENT_3D('',#13920,#11183,#11184);
#10304=AXIS2_PLACEMENT_3D('',#13930,#11190,#11191);
#10305=AXIS2_PLACEMENT_3D('',#13935,#11195,#11196);
#10306=AXIS2_PLACEMENT_3D('',#13940,#11200,#11201);
#10307=AXIS2_PLACEMENT_3D('',#13951,#11207,#11208);
#10308=AXIS2_PLACEMENT_3D('',#13956,#11212,#11213);
#10309=AXIS2_PLACEMENT_3D('',#13961,#11217,#11218);
#10310=AXIS2_PLACEMENT_3D('',#13972,#11224,#11225);
#10311=AXIS2_PLACEMENT_3D('',#13975,#11228,#11229);
#10312=AXIS2_PLACEMENT_3D('',#13978,#11232,#11233);
#10313=AXIS2_PLACEMENT_3D('',#13981,#11236,#11237);
#10314=AXIS2_PLACEMENT_3D('',#13990,#11242,#11243);
#10315=AXIS2_PLACEMENT_3D('',#14012,#11255,#11256);
#10316=AXIS2_PLACEMENT_3D('',#14027,#11265,#11266);
#10317=AXIS2_PLACEMENT_3D('',#14037,#11272,#11273);
#10318=AXIS2_PLACEMENT_3D('',#14047,#11279,#11280);
#10319=AXIS2_PLACEMENT_3D('',#14058,#11286,#11287);
#10320=AXIS2_PLACEMENT_3D('',#14069,#11293,#11294);
#10321=AXIS2_PLACEMENT_3D('',#14076,#11299,#11300);
#10322=AXIS2_PLACEMENT_3D('',#14083,#11305,#11306);
#10323=AXIS2_PLACEMENT_3D('',#14096,#11313,#11314);
#10324=AXIS2_PLACEMENT_3D('',#14106,#11320,#11321);
#10325=AXIS2_PLACEMENT_3D('',#14111,#11325,#11326);
#10326=AXIS2_PLACEMENT_3D('',#14116,#11330,#11331);
#10327=AXIS2_PLACEMENT_3D('',#14127,#11337,#11338);
#10328=AXIS2_PLACEMENT_3D('',#14132,#11342,#11343);
#10329=AXIS2_PLACEMENT_3D('',#14137,#11347,#11348);
#10330=AXIS2_PLACEMENT_3D('',#14148,#11354,#11355);
#10331=AXIS2_PLACEMENT_3D('',#14151,#11358,#11359);
#10332=AXIS2_PLACEMENT_3D('',#14154,#11362,#11363);
#10333=AXIS2_PLACEMENT_3D('',#14157,#11366,#11367);
#10334=AXIS2_PLACEMENT_3D('',#14166,#11372,#11373);
#10335=AXIS2_PLACEMENT_3D('',#14188,#11385,#11386);
#10336=AXIS2_PLACEMENT_3D('',#14203,#11395,#11396);
#10337=AXIS2_PLACEMENT_3D('',#14213,#11402,#11403);
#10338=AXIS2_PLACEMENT_3D('',#14223,#11409,#11410);
#10339=AXIS2_PLACEMENT_3D('',#14234,#11416,#11417);
#10340=AXIS2_PLACEMENT_3D('',#14245,#11423,#11424);
#10341=AXIS2_PLACEMENT_3D('',#14252,#11429,#11430);
#10342=AXIS2_PLACEMENT_3D('',#14259,#11435,#11436);
#10343=AXIS2_PLACEMENT_3D('',#14272,#11443,#11444);
#10344=AXIS2_PLACEMENT_3D('',#14282,#11450,#11451);
#10345=AXIS2_PLACEMENT_3D('',#14287,#11455,#11456);
#10346=AXIS2_PLACEMENT_3D('',#14292,#11460,#11461);
#10347=AXIS2_PLACEMENT_3D('',#14303,#11467,#11468);
#10348=AXIS2_PLACEMENT_3D('',#14308,#11472,#11473);
#10349=AXIS2_PLACEMENT_3D('',#14313,#11477,#11478);
#10350=AXIS2_PLACEMENT_3D('',#14324,#11484,#11485);
#10351=AXIS2_PLACEMENT_3D('',#14327,#11488,#11489);
#10352=AXIS2_PLACEMENT_3D('',#14330,#11492,#11493);
#10353=AXIS2_PLACEMENT_3D('',#14333,#11496,#11497);
#10354=AXIS2_PLACEMENT_3D('',#14342,#11502,#11503);
#10355=AXIS2_PLACEMENT_3D('',#14364,#11515,#11516);
#10356=AXIS2_PLACEMENT_3D('',#14379,#11525,#11526);
#10357=AXIS2_PLACEMENT_3D('',#14389,#11532,#11533);
#10358=AXIS2_PLACEMENT_3D('',#14399,#11539,#11540);
#10359=AXIS2_PLACEMENT_3D('',#14410,#11546,#11547);
#10360=AXIS2_PLACEMENT_3D('',#14421,#11553,#11554);
#10361=AXIS2_PLACEMENT_3D('',#14428,#11559,#11560);
#10362=AXIS2_PLACEMENT_3D('',#14435,#11565,#11566);
#10363=AXIS2_PLACEMENT_3D('',#14448,#11573,#11574);
#10364=AXIS2_PLACEMENT_3D('',#14458,#11580,#11581);
#10365=AXIS2_PLACEMENT_3D('',#14463,#11585,#11586);
#10366=AXIS2_PLACEMENT_3D('',#14468,#11590,#11591);
#10367=AXIS2_PLACEMENT_3D('',#14479,#11597,#11598);
#10368=AXIS2_PLACEMENT_3D('',#14484,#11602,#11603);
#10369=AXIS2_PLACEMENT_3D('',#14489,#11607,#11608);
#10370=AXIS2_PLACEMENT_3D('',#14500,#11614,#11615);
#10371=AXIS2_PLACEMENT_3D('',#14503,#11618,#11619);
#10372=AXIS2_PLACEMENT_3D('',#14506,#11622,#11623);
#10373=AXIS2_PLACEMENT_3D('',#14515,#11628,#11629);
#10374=AXIS2_PLACEMENT_3D('',#14531,#11639,#11640);
#10375=AXIS2_PLACEMENT_3D('',#14542,#11646,#11647);
#10376=AXIS2_PLACEMENT_3D('',#14553,#11653,#11654);
#10377=AXIS2_PLACEMENT_3D('',#14556,#11657,#11658);
#10378=AXIS2_PLACEMENT_3D('',#14565,#11663,#11664);
#10379=AXIS2_PLACEMENT_3D('',#14587,#11676,#11677);
#10380=AXIS2_PLACEMENT_3D('',#14602,#11686,#11687);
#10381=AXIS2_PLACEMENT_3D('',#14612,#11693,#11694);
#10382=AXIS2_PLACEMENT_3D('',#14622,#11700,#11701);
#10383=AXIS2_PLACEMENT_3D('',#14630,#11706,#11707);
#10384=AXIS2_PLACEMENT_3D('',#14640,#11713,#11714);
#10385=AXIS2_PLACEMENT_3D('',#14646,#11718,#11719);
#10386=AXIS2_PLACEMENT_3D('',#14654,#11724,#11725);
#10387=AXIS2_PLACEMENT_3D('',#14657,#11728,#11729);
#10388=AXIS2_PLACEMENT_3D('',#14660,#11732,#11733);
#10389=AXIS2_PLACEMENT_3D('',#14666,#11737,#11738);
#10390=AXIS2_PLACEMENT_3D('',#14669,#11741,#11742);
#10391=AXIS2_PLACEMENT_3D('',#14685,#11752,#11753);
#10392=AXIS2_PLACEMENT_3D('',#14688,#11756,#11757);
#10393=AXIS2_PLACEMENT_3D('',#14690,#11759,#11760);
#10394=AXIS2_PLACEMENT_3D('',#14692,#11762,#11763);
#10395=AXIS2_PLACEMENT_3D('',#14693,#11764,#11765);
#10396=AXIS2_PLACEMENT_3D('',#14697,#11768,#11769);
#10397=AXIS2_PLACEMENT_3D('',#14701,#11772,#11773);
#10398=AXIS2_PLACEMENT_3D('',#14703,#11775,#11776);
#10399=AXIS2_PLACEMENT_3D('',#15076,#11981,#11982);
#10400=AXIS2_PLACEMENT_3D('',#15082,#11986,#11987);
#10401=AXIS2_PLACEMENT_3D('',#15084,#11989,#11990);
#10402=AXIS2_PLACEMENT_3D('',#15085,#11991,#11992);
#10403=AXIS2_PLACEMENT_3D('',#15086,#11993,#11994);
#10404=AXIS2_PLACEMENT_3D('',#15091,#11998,#11999);
#10405=AXIS2_PLACEMENT_3D('',#15096,#12003,#12004);
#10406=AXIS2_PLACEMENT_3D('',#15107,#12012,#12013);
#10407=AXIS2_PLACEMENT_3D('',#15118,#12021,#12022);
#10408=AXIS2_PLACEMENT_3D('',#15119,#12023,#12024);
#10409=AXIS2_PLACEMENT_3D('',#15120,#12025,#12026);
#10410=AXIS2_PLACEMENT_3D('',#15121,#12027,#12028);
#10411=AXIS2_PLACEMENT_3D('',#15122,#12029,#12030);
#10412=AXIS2_PLACEMENT_3D('',#15125,#12033,#12034);
#10413=AXIS2_PLACEMENT_3D('',#15129,#12037,#12038);
#10414=AXIS2_PLACEMENT_3D('',#15131,#12040,#12041);
#10415=AXIS2_PLACEMENT_3D('',#15136,#12045,#12046);
#10416=AXIS2_PLACEMENT_3D('',#15138,#12048,#12049);
#10417=AXIS2_PLACEMENT_3D('',#15140,#12051,#12052);
#10418=AXIS2_PLACEMENT_3D('',#15144,#12055,#12056);
#10419=AXIS2_PLACEMENT_3D('',#15147,#12059,#12060);
#10420=AXIS2_PLACEMENT_3D('',#15149,#12062,#12063);
#10421=AXIS2_PLACEMENT_3D('',#15152,#12066,#12067);
#10422=AXIS2_PLACEMENT_3D('',#15153,#12068,#12069);
#10423=AXIS2_PLACEMENT_3D('',#15155,#12071,#12072);
#10424=AXIS2_PLACEMENT_3D('',#15156,#12073,#12074);
#10425=AXIS2_PLACEMENT_3D('',#15157,#12075,#12076);
#10426=AXIS2_PLACEMENT_3D('',#15158,#12077,#12078);
#10427=AXIS2_PLACEMENT_3D('',#15159,#12079,#12080);
#10428=AXIS2_PLACEMENT_3D('',#15165,#12084,#12085);
#10429=AXIS2_PLACEMENT_3D('',#15169,#12088,#12089);
#10430=AXIS2_PLACEMENT_3D('',#15173,#12092,#12093);
#10431=AXIS2_PLACEMENT_3D('',#15175,#12095,#12096);
#10432=AXIS2_PLACEMENT_3D('',#15176,#12097,#12098);
#10433=AXIS2_PLACEMENT_3D('',#15182,#12102,#12103);
#10434=AXIS2_PLACEMENT_3D('',#15186,#12106,#12107);
#10435=AXIS2_PLACEMENT_3D('',#15190,#12110,#12111);
#10436=AXIS2_PLACEMENT_3D('',#15192,#12113,#12114);
#10437=AXIS2_PLACEMENT_3D('',#15193,#12115,#12116);
#10438=AXIS2_PLACEMENT_3D('',#15195,#12118,#12119);
#10439=AXIS2_PLACEMENT_3D('',#15196,#12120,#12121);
#10440=AXIS2_PLACEMENT_3D('',#15197,#12122,#12123);
#10441=AXIS2_PLACEMENT_3D('',#15199,#12125,#12126);
#10442=AXIS2_PLACEMENT_3D('',#15201,#12128,#12129);
#10443=AXIS2_PLACEMENT_3D('',#15202,#12130,#12131);
#10444=AXIS2_PLACEMENT_3D('',#15203,#12132,#12133);
#10445=AXIS2_PLACEMENT_3D('',#15204,#12134,#12135);
#10446=AXIS2_PLACEMENT_3D('',#15206,#12137,#12138);
#10447=AXIS2_PLACEMENT_3D('',#15208,#12140,#12141);
#10448=AXIS2_PLACEMENT_3D('',#15209,#12142,#12143);
#10449=AXIS2_PLACEMENT_3D('',#15211,#12145,#12146);
#10450=AXIS2_PLACEMENT_3D('',#15214,#12149,#12150);
#10451=AXIS2_PLACEMENT_3D('',#15215,#12151,#12152);
#10452=AXIS2_PLACEMENT_3D('',#15216,#12153,#12154);
#10453=AXIS2_PLACEMENT_3D('',#15221,#12158,#12159);
#10454=AXIS2_PLACEMENT_3D('',#15226,#12163,#12164);
#10455=AXIS2_PLACEMENT_3D('',#15232,#12170,#12171);
#10456=AXIS2_PLACEMENT_3D('',#15238,#12177,#12178);
#10457=AXIS2_PLACEMENT_3D('',#15239,#12179,#12180);
#10458=AXIS2_PLACEMENT_3D('',#15240,#12181,#12182);
#10459=AXIS2_PLACEMENT_3D('',#15241,#12183,#12184);
#10460=AXIS2_PLACEMENT_3D('',#15242,#12185,#12186);
#10461=AXIS2_PLACEMENT_3D('',#15245,#12189,#12190);
#10462=AXIS2_PLACEMENT_3D('',#15247,#12192,#12193);
#10463=AXIS2_PLACEMENT_3D('',#15248,#12194,#12195);
#10464=AXIS2_PLACEMENT_3D('',#15251,#12198,#12199);
#10465=AXIS2_PLACEMENT_3D('',#15253,#12201,#12202);
#10466=AXIS2_PLACEMENT_3D('',#15254,#12203,#12204);
#10467=AXIS2_PLACEMENT_3D('',#15256,#12206,#12207);
#10468=AXIS2_PLACEMENT_3D('',#15258,#12209,#12210);
#10469=AXIS2_PLACEMENT_3D('',#15260,#12212,#12213);
#10470=AXIS2_PLACEMENT_3D('',#15263,#12216,#12217);
#10471=AXIS2_PLACEMENT_3D('',#15264,#12218,#12219);
#10472=AXIS2_PLACEMENT_3D('',#15266,#12221,#12222);
#10473=AXIS2_PLACEMENT_3D('',#15267,#12223,#12224);
#10474=AXIS2_PLACEMENT_3D('',#15268,#12225,#12226);
#10475=AXIS2_PLACEMENT_3D('',#15269,#12227,#12228);
#10476=AXIS2_PLACEMENT_3D('',#15270,#12229,#12230);
#10477=AXIS2_PLACEMENT_3D('',#15276,#12234,#12235);
#10478=AXIS2_PLACEMENT_3D('',#15280,#12238,#12239);
#10479=AXIS2_PLACEMENT_3D('',#15284,#12242,#12243);
#10480=AXIS2_PLACEMENT_3D('',#15286,#12245,#12246);
#10481=AXIS2_PLACEMENT_3D('',#15287,#12247,#12248);
#10482=AXIS2_PLACEMENT_3D('',#15293,#12252,#12253);
#10483=AXIS2_PLACEMENT_3D('',#15297,#12256,#12257);
#10484=AXIS2_PLACEMENT_3D('',#15301,#12260,#12261);
#10485=AXIS2_PLACEMENT_3D('',#15303,#12263,#12264);
#10486=AXIS2_PLACEMENT_3D('',#15304,#12265,#12266);
#10487=AXIS2_PLACEMENT_3D('',#15305,#12267,#12268);
#10488=AXIS2_PLACEMENT_3D('',#15306,#12269,#12270);
#10489=AXIS2_PLACEMENT_3D('',#15307,#12271,#12272);
#10490=AXIS2_PLACEMENT_3D('',#15308,#12273,#12274);
#10491=AXIS2_PLACEMENT_3D('',#15309,#12275,#12276);
#10492=AXIS2_PLACEMENT_3D('',#15310,#12277,#12278);
#10493=AXIS2_PLACEMENT_3D('',#15311,#12279,#12280);
#10494=AXIS2_PLACEMENT_3D('',#15312,#12281,#12282);
#10495=AXIS2_PLACEMENT_3D('',#15317,#12286,#12287);
#10496=AXIS2_PLACEMENT_3D('',#15322,#12291,#12292);
#10497=AXIS2_PLACEMENT_3D('',#15328,#12298,#12299);
#10498=AXIS2_PLACEMENT_3D('',#15334,#12305,#12306);
#10499=AXIS2_PLACEMENT_3D('',#15335,#12307,#12308);
#10500=AXIS2_PLACEMENT_3D('',#15336,#12309,#12310);
#10501=AXIS2_PLACEMENT_3D('',#15337,#12311,#12312);
#10502=AXIS2_PLACEMENT_3D('',#15338,#12313,#12314);
#10503=AXIS2_PLACEMENT_3D('',#15341,#12317,#12318);
#10504=AXIS2_PLACEMENT_3D('',#15343,#12320,#12321);
#10505=AXIS2_PLACEMENT_3D('',#15344,#12322,#12323);
#10506=AXIS2_PLACEMENT_3D('',#15347,#12326,#12327);
#10507=AXIS2_PLACEMENT_3D('',#15349,#12329,#12330);
#10508=AXIS2_PLACEMENT_3D('',#15350,#12331,#12332);
#10509=AXIS2_PLACEMENT_3D('',#15352,#12334,#12335);
#10510=AXIS2_PLACEMENT_3D('',#15354,#12337,#12338);
#10511=AXIS2_PLACEMENT_3D('',#15356,#12340,#12341);
#10512=AXIS2_PLACEMENT_3D('',#15359,#12344,#12345);
#10513=AXIS2_PLACEMENT_3D('',#15360,#12346,#12347);
#10514=AXIS2_PLACEMENT_3D('',#15362,#12349,#12350);
#10515=AXIS2_PLACEMENT_3D('',#15363,#12351,#12352);
#10516=AXIS2_PLACEMENT_3D('',#15364,#12353,#12354);
#10517=AXIS2_PLACEMENT_3D('',#15365,#12355,#12356);
#10518=AXIS2_PLACEMENT_3D('',#15366,#12357,#12358);
#10519=AXIS2_PLACEMENT_3D('',#15372,#12362,#12363);
#10520=AXIS2_PLACEMENT_3D('',#15376,#12366,#12367);
#10521=AXIS2_PLACEMENT_3D('',#15380,#12370,#12371);
#10522=AXIS2_PLACEMENT_3D('',#15382,#12373,#12374);
#10523=AXIS2_PLACEMENT_3D('',#15383,#12375,#12376);
#10524=AXIS2_PLACEMENT_3D('',#15389,#12380,#12381);
#10525=AXIS2_PLACEMENT_3D('',#15393,#12384,#12385);
#10526=AXIS2_PLACEMENT_3D('',#15397,#12388,#12389);
#10527=AXIS2_PLACEMENT_3D('',#15399,#12391,#12392);
#10528=AXIS2_PLACEMENT_3D('',#15400,#12393,#12394);
#10529=AXIS2_PLACEMENT_3D('',#15401,#12395,#12396);
#10530=AXIS2_PLACEMENT_3D('',#15402,#12397,#12398);
#10531=AXIS2_PLACEMENT_3D('',#15403,#12399,#12400);
#10532=AXIS2_PLACEMENT_3D('',#15404,#12401,#12402);
#10533=AXIS2_PLACEMENT_3D('',#15405,#12403,#12404);
#10534=AXIS2_PLACEMENT_3D('',#15406,#12405,#12406);
#10535=AXIS2_PLACEMENT_3D('',#15407,#12407,#12408);
#10536=AXIS2_PLACEMENT_3D('',#15408,#12409,#12410);
#10537=AXIS2_PLACEMENT_3D('',#15413,#12414,#12415);
#10538=AXIS2_PLACEMENT_3D('',#15418,#12419,#12420);
#10539=AXIS2_PLACEMENT_3D('',#15424,#12426,#12427);
#10540=AXIS2_PLACEMENT_3D('',#15430,#12433,#12434);
#10541=AXIS2_PLACEMENT_3D('',#15431,#12435,#12436);
#10542=AXIS2_PLACEMENT_3D('',#15432,#12437,#12438);
#10543=AXIS2_PLACEMENT_3D('',#15433,#12439,#12440);
#10544=AXIS2_PLACEMENT_3D('',#15434,#12441,#12442);
#10545=AXIS2_PLACEMENT_3D('',#15437,#12445,#12446);
#10546=AXIS2_PLACEMENT_3D('',#15439,#12448,#12449);
#10547=AXIS2_PLACEMENT_3D('',#15440,#12450,#12451);
#10548=AXIS2_PLACEMENT_3D('',#15443,#12454,#12455);
#10549=AXIS2_PLACEMENT_3D('',#15445,#12457,#12458);
#10550=AXIS2_PLACEMENT_3D('',#15446,#12459,#12460);
#10551=AXIS2_PLACEMENT_3D('',#15448,#12462,#12463);
#10552=AXIS2_PLACEMENT_3D('',#15450,#12465,#12466);
#10553=AXIS2_PLACEMENT_3D('',#15452,#12468,#12469);
#10554=AXIS2_PLACEMENT_3D('',#15455,#12472,#12473);
#10555=AXIS2_PLACEMENT_3D('',#15456,#12474,#12475);
#10556=AXIS2_PLACEMENT_3D('',#15458,#12477,#12478);
#10557=AXIS2_PLACEMENT_3D('',#15459,#12479,#12480);
#10558=AXIS2_PLACEMENT_3D('',#15460,#12481,#12482);
#10559=AXIS2_PLACEMENT_3D('',#15461,#12483,#12484);
#10560=AXIS2_PLACEMENT_3D('',#15462,#12485,#12486);
#10561=AXIS2_PLACEMENT_3D('',#15468,#12490,#12491);
#10562=AXIS2_PLACEMENT_3D('',#15472,#12494,#12495);
#10563=AXIS2_PLACEMENT_3D('',#15476,#12498,#12499);
#10564=AXIS2_PLACEMENT_3D('',#15478,#12501,#12502);
#10565=AXIS2_PLACEMENT_3D('',#15479,#12503,#12504);
#10566=AXIS2_PLACEMENT_3D('',#15485,#12508,#12509);
#10567=AXIS2_PLACEMENT_3D('',#15489,#12512,#12513);
#10568=AXIS2_PLACEMENT_3D('',#15493,#12516,#12517);
#10569=AXIS2_PLACEMENT_3D('',#15495,#12519,#12520);
#10570=AXIS2_PLACEMENT_3D('',#15496,#12521,#12522);
#10571=AXIS2_PLACEMENT_3D('',#15497,#12523,#12524);
#10572=AXIS2_PLACEMENT_3D('',#15498,#12525,#12526);
#10573=AXIS2_PLACEMENT_3D('',#15499,#12527,#12528);
#10574=AXIS2_PLACEMENT_3D('',#15500,#12529,#12530);
#10575=AXIS2_PLACEMENT_3D('',#15501,#12531,#12532);
#10576=AXIS2_PLACEMENT_3D('',#15502,#12533,#12534);
#10577=AXIS2_PLACEMENT_3D('',#15503,#12535,#12536);
#10578=AXIS2_PLACEMENT_3D('',#15504,#12537,#12538);
#10579=AXIS2_PLACEMENT_3D('',#15509,#12542,#12543);
#10580=AXIS2_PLACEMENT_3D('',#15514,#12547,#12548);
#10581=AXIS2_PLACEMENT_3D('',#15520,#12554,#12555);
#10582=AXIS2_PLACEMENT_3D('',#15526,#12561,#12562);
#10583=AXIS2_PLACEMENT_3D('',#15527,#12563,#12564);
#10584=AXIS2_PLACEMENT_3D('',#15528,#12565,#12566);
#10585=AXIS2_PLACEMENT_3D('',#15529,#12567,#12568);
#10586=AXIS2_PLACEMENT_3D('',#15530,#12569,#12570);
#10587=AXIS2_PLACEMENT_3D('',#15533,#12573,#12574);
#10588=AXIS2_PLACEMENT_3D('',#15535,#12576,#12577);
#10589=AXIS2_PLACEMENT_3D('',#15536,#12578,#12579);
#10590=AXIS2_PLACEMENT_3D('',#15539,#12582,#12583);
#10591=AXIS2_PLACEMENT_3D('',#15541,#12585,#12586);
#10592=AXIS2_PLACEMENT_3D('',#15542,#12587,#12588);
#10593=AXIS2_PLACEMENT_3D('',#15544,#12590,#12591);
#10594=AXIS2_PLACEMENT_3D('',#15546,#12593,#12594);
#10595=AXIS2_PLACEMENT_3D('',#15548,#12596,#12597);
#10596=AXIS2_PLACEMENT_3D('',#15551,#12600,#12601);
#10597=AXIS2_PLACEMENT_3D('',#15552,#12602,#12603);
#10598=AXIS2_PLACEMENT_3D('',#15554,#12605,#12606);
#10599=AXIS2_PLACEMENT_3D('',#15555,#12607,#12608);
#10600=AXIS2_PLACEMENT_3D('',#15556,#12609,#12610);
#10601=AXIS2_PLACEMENT_3D('',#15557,#12611,#12612);
#10602=AXIS2_PLACEMENT_3D('',#15558,#12613,#12614);
#10603=AXIS2_PLACEMENT_3D('',#15564,#12618,#12619);
#10604=AXIS2_PLACEMENT_3D('',#15568,#12622,#12623);
#10605=AXIS2_PLACEMENT_3D('',#15572,#12626,#12627);
#10606=AXIS2_PLACEMENT_3D('',#15574,#12629,#12630);
#10607=AXIS2_PLACEMENT_3D('',#15575,#12631,#12632);
#10608=AXIS2_PLACEMENT_3D('',#15581,#12636,#12637);
#10609=AXIS2_PLACEMENT_3D('',#15585,#12640,#12641);
#10610=AXIS2_PLACEMENT_3D('',#15589,#12644,#12645);
#10611=AXIS2_PLACEMENT_3D('',#15591,#12647,#12648);
#10612=AXIS2_PLACEMENT_3D('',#15592,#12649,#12650);
#10613=AXIS2_PLACEMENT_3D('',#15593,#12651,#12652);
#10614=AXIS2_PLACEMENT_3D('',#15594,#12653,#12654);
#10615=AXIS2_PLACEMENT_3D('',#15595,#12655,#12656);
#10616=AXIS2_PLACEMENT_3D('',#15596,#12657,#12658);
#10617=AXIS2_PLACEMENT_3D('',#15597,#12659,#12660);
#10618=AXIS2_PLACEMENT_3D('',#15598,#12661,#12662);
#10619=AXIS2_PLACEMENT_3D('',#15599,#12663,#12664);
#10620=AXIS2_PLACEMENT_3D('',#15600,#12665,#12666);
#10621=AXIS2_PLACEMENT_3D('',#15605,#12670,#12671);
#10622=AXIS2_PLACEMENT_3D('',#15610,#12675,#12676);
#10623=AXIS2_PLACEMENT_3D('',#15616,#12682,#12683);
#10624=AXIS2_PLACEMENT_3D('',#15622,#12689,#12690);
#10625=AXIS2_PLACEMENT_3D('',#15623,#12691,#12692);
#10626=AXIS2_PLACEMENT_3D('',#15624,#12693,#12694);
#10627=AXIS2_PLACEMENT_3D('',#15625,#12695,#12696);
#10628=AXIS2_PLACEMENT_3D('',#15626,#12697,#12698);
#10629=AXIS2_PLACEMENT_3D('',#15629,#12701,#12702);
#10630=AXIS2_PLACEMENT_3D('',#15631,#12704,#12705);
#10631=AXIS2_PLACEMENT_3D('',#15632,#12706,#12707);
#10632=AXIS2_PLACEMENT_3D('',#15635,#12710,#12711);
#10633=AXIS2_PLACEMENT_3D('',#15637,#12713,#12714);
#10634=AXIS2_PLACEMENT_3D('',#15638,#12715,#12716);
#10635=AXIS2_PLACEMENT_3D('',#15640,#12718,#12719);
#10636=AXIS2_PLACEMENT_3D('',#15642,#12721,#12722);
#10637=AXIS2_PLACEMENT_3D('',#15644,#12724,#12725);
#10638=AXIS2_PLACEMENT_3D('',#15647,#12728,#12729);
#10639=AXIS2_PLACEMENT_3D('',#15648,#12730,#12731);
#10640=AXIS2_PLACEMENT_3D('',#15650,#12733,#12734);
#10641=AXIS2_PLACEMENT_3D('',#15651,#12735,#12736);
#10642=AXIS2_PLACEMENT_3D('',#15652,#12737,#12738);
#10643=AXIS2_PLACEMENT_3D('',#15653,#12739,#12740);
#10644=AXIS2_PLACEMENT_3D('',#15654,#12741,#12742);
#10645=AXIS2_PLACEMENT_3D('',#15660,#12746,#12747);
#10646=AXIS2_PLACEMENT_3D('',#15664,#12750,#12751);
#10647=AXIS2_PLACEMENT_3D('',#15668,#12754,#12755);
#10648=AXIS2_PLACEMENT_3D('',#15670,#12757,#12758);
#10649=AXIS2_PLACEMENT_3D('',#15671,#12759,#12760);
#10650=AXIS2_PLACEMENT_3D('',#15677,#12764,#12765);
#10651=AXIS2_PLACEMENT_3D('',#15681,#12768,#12769);
#10652=AXIS2_PLACEMENT_3D('',#15685,#12772,#12773);
#10653=AXIS2_PLACEMENT_3D('',#15687,#12775,#12776);
#10654=AXIS2_PLACEMENT_3D('',#15688,#12777,#12778);
#10655=AXIS2_PLACEMENT_3D('',#15689,#12779,#12780);
#10656=AXIS2_PLACEMENT_3D('',#15690,#12781,#12782);
#10657=AXIS2_PLACEMENT_3D('',#15691,#12783,#12784);
#10658=AXIS2_PLACEMENT_3D('',#15692,#12785,#12786);
#10659=AXIS2_PLACEMENT_3D('',#15693,#12787,#12788);
#10660=AXIS2_PLACEMENT_3D('',#15694,#12789,#12790);
#10661=AXIS2_PLACEMENT_3D('',#15695,#12791,#12792);
#10662=AXIS2_PLACEMENT_3D('',#15696,#12793,#12794);
#10663=AXIS2_PLACEMENT_3D('',#15697,#12795,#12796);
#10664=AXIS2_PLACEMENT_3D('',#15701,#12798,#12799);
#10665=AXIS2_PLACEMENT_3D('',#15705,#12801,#12802);
#10666=AXIS2_PLACEMENT_3D('',#15711,#12805,#12806);
#10667=AXIS2_PLACEMENT_3D('',#15715,#12808,#12809);
#10668=AXIS2_PLACEMENT_3D('',#15719,#12811,#12812);
#10669=AXIS2_PLACEMENT_3D('',#15725,#12815,#12816);
#10670=AXIS2_PLACEMENT_3D('',#15729,#12818,#12819);
#10671=AXIS2_PLACEMENT_3D('',#15733,#12821,#12822);
#10672=AXIS2_PLACEMENT_3D('',#15737,#12824,#12825);
#10673=AXIS2_PLACEMENT_3D('',#15743,#12828,#12829);
#10674=AXIS2_PLACEMENT_3D('',#15747,#12831,#12832);
#10675=AXIS2_PLACEMENT_3D('',#15751,#12834,#12835);
#10676=AXIS2_PLACEMENT_3D('',#15755,#12837,#12838);
#10677=AXIS2_PLACEMENT_3D('',#15759,#12840,#12841);
#10678=AXIS2_PLACEMENT_3D('',#15769,#12846,#12847);
#10679=AXIS2_PLACEMENT_3D('',#15773,#12849,#12850);
#10680=AXIS2_PLACEMENT_3D('',#15777,#12852,#12853);
#10681=AXIS2_PLACEMENT_3D('',#15779,#12854,#12855);
#10682=AXIS2_PLACEMENT_3D('',#15781,#12856,#12857);
#10683=AXIS2_PLACEMENT_3D('',#15784,#12859,#12860);
#10684=AXIS2_PLACEMENT_3D('',#15790,#12864,#12865);
#10685=AXIS2_PLACEMENT_3D('',#15794,#12867,#12868);
#10686=AXIS2_PLACEMENT_3D('',#15797,#12870,#12871);
#10687=AXIS2_PLACEMENT_3D('',#15799,#12872,#12873);
#10688=AXIS2_PLACEMENT_3D('',#15801,#12874,#12875);
#10689=AXIS2_PLACEMENT_3D('',#15805,#12877,#12878);
#10690=AXIS2_PLACEMENT_3D('',#15809,#12880,#12881);
#10691=AXIS2_PLACEMENT_3D('',#15819,#12886,#12887);
#10692=AXIS2_PLACEMENT_3D('',#15823,#12889,#12890);
#10693=AXIS2_PLACEMENT_3D('',#15827,#12892,#12893);
#10694=AXIS2_PLACEMENT_3D('',#15831,#12895,#12896);
#10695=AXIS2_PLACEMENT_3D('',#15835,#12898,#12899);
#10696=AXIS2_PLACEMENT_3D('',#15841,#12902,#12903);
#10697=AXIS2_PLACEMENT_3D('',#15845,#12905,#12906);
#10698=AXIS2_PLACEMENT_3D('',#15849,#12908,#12909);
#10699=AXIS2_PLACEMENT_3D('',#15853,#12911,#12912);
#10700=AXIS2_PLACEMENT_3D('',#15859,#12915,#12916);
#10701=AXIS2_PLACEMENT_3D('',#15863,#12918,#12919);
#10702=AXIS2_PLACEMENT_3D('',#15867,#12921,#12922);
#10703=AXIS2_PLACEMENT_3D('',#15873,#12925,#12926);
#10704=AXIS2_PLACEMENT_3D('',#15874,#12927,#12928);
#10705=AXIS2_PLACEMENT_3D('',#15877,#12931,#12932);
#10706=AXIS2_PLACEMENT_3D('',#15879,#12934,#12935);
#10707=AXIS2_PLACEMENT_3D('',#15882,#12938,#12939);
#10708=AXIS2_PLACEMENT_3D('',#15885,#12942,#12943);
#10709=AXIS2_PLACEMENT_3D('',#15888,#12946,#12947);
#10710=AXIS2_PLACEMENT_3D('',#15891,#12950,#12951);
#10711=AXIS2_PLACEMENT_3D('',#15899,#12955,#12956);
#10712=AXIS2_PLACEMENT_3D('',#15901,#12957,#12958);
#10713=AXIS2_PLACEMENT_3D('',#15903,#12959,#12960);
#10714=AXIS2_PLACEMENT_3D('',#15905,#12962,#12963);
#10715=AXIS2_PLACEMENT_3D('',#15907,#12964,#12965);
#10716=AXIS2_PLACEMENT_3D('',#15909,#12966,#12967);
#10717=AXIS2_PLACEMENT_3D('',#15910,#12968,#12969);
#10718=AXIS2_PLACEMENT_3D('',#15913,#12972,#12973);
#10719=AXIS2_PLACEMENT_3D('',#15916,#12976,#12977);
#10720=AXIS2_PLACEMENT_3D('',#15917,#12978,#12979);
#10721=AXIS2_PLACEMENT_3D('',#15918,#12980,#12981);
#10722=AXIS2_PLACEMENT_3D('',#15919,#12982,#12983);
#10723=AXIS2_PLACEMENT_3D('',#15921,#12985,#12986);
#10724=AXIS2_PLACEMENT_3D('',#15923,#12988,#12989);
#10725=AXIS2_PLACEMENT_3D('',#15924,#12990,#12991);
#10726=AXIS2_PLACEMENT_3D('',#15927,#12994,#12995);
#10727=AXIS2_PLACEMENT_3D('',#15930,#12998,#12999);
#10728=AXIS2_PLACEMENT_3D('',#15932,#13001,#13002);
#10729=AXIS2_PLACEMENT_3D('',#15934,#13004,#13005);
#10730=AXIS2_PLACEMENT_3D('',#15936,#13007,#13008);
#10731=AXIS2_PLACEMENT_3D('',#15938,#13010,#13011);
#10732=AXIS2_PLACEMENT_3D('',#15940,#13013,#13014);
#10733=AXIS2_PLACEMENT_3D('',#15942,#13016,#13017);
#10734=AXIS2_PLACEMENT_3D('',#15945,#13020,#13021);
#10735=AXIS2_PLACEMENT_3D('',#15947,#13023,#13024);
#10736=AXIS2_PLACEMENT_3D('',#15948,#13025,#13026);
#10737=AXIS2_PLACEMENT_3D('',#15951,#13029,#13030);
#10738=AXIS2_PLACEMENT_3D('',#15953,#13032,#13033);
#10739=AXIS2_PLACEMENT_3D('',#15955,#13035,#13036);
#10740=AXIS2_PLACEMENT_3D('',#15957,#13038,#13039);
#10741=AXIS2_PLACEMENT_3D('',#15959,#13041,#13042);
#10742=AXIS2_PLACEMENT_3D('',#15961,#13044,#13045);
#10743=AXIS2_PLACEMENT_3D('',#15963,#13047,#13048);
#10744=AXIS2_PLACEMENT_3D('',#15964,#13049,#13050);
#10745=AXIS2_PLACEMENT_3D('',#15965,#13051,#13052);
#10746=AXIS2_PLACEMENT_3D('',#15966,#13053,#13054);
#10747=AXIS2_PLACEMENT_3D('',#15976,#13060,#13061);
#10748=AXIS2_PLACEMENT_3D('',#15986,#13067,#13068);
#10749=AXIS2_PLACEMENT_3D('',#15989,#13070,#13071);
#10750=AXIS2_PLACEMENT_3D('',#15990,#13072,#13073);
#10751=AXIS2_PLACEMENT_3D('',#15991,#13074,#13075);
#10752=AXIS2_PLACEMENT_3D('',#15994,#13077,#13078);
#10753=AXIS2_PLACEMENT_3D('',#15997,#13080,#13081);
#10754=AXIS2_PLACEMENT_3D('',#15998,#13082,#13083);
#10755=AXIS2_PLACEMENT_3D('',#15999,#13084,#13085);
#10756=AXIS2_PLACEMENT_3D('',#16002,#13087,#13088);
#10757=AXIS2_PLACEMENT_3D('',#16003,#13089,#13090);
#10758=AXIS2_PLACEMENT_3D('',#16004,#13091,#13092);
#10759=AXIS2_PLACEMENT_3D('',#16005,#13093,#13094);
#10760=AXIS2_PLACEMENT_3D('',#16006,#13095,#13096);
#10761=AXIS2_PLACEMENT_3D('',#16008,#13098,#13099);
#10762=AXIS2_PLACEMENT_3D('',#16011,#13102,#13103);
#10763=AXIS2_PLACEMENT_3D('',#16012,#13104,#13105);
#10764=AXIS2_PLACEMENT_3D('',#16013,#13106,#13107);
#10765=AXIS2_PLACEMENT_3D('',#16014,#13108,#13109);
#10766=AXIS2_PLACEMENT_3D('',#16015,#13110,#13111);
#10767=AXIS2_PLACEMENT_3D('',#16016,#13112,#13113);
#10768=AXIS2_PLACEMENT_3D('',#16017,#13114,#13115);
#10769=AXIS2_PLACEMENT_3D('',#16018,#13116,#13117);
#10770=AXIS2_PLACEMENT_3D('',#16019,#13118,#13119);
#10771=AXIS2_PLACEMENT_3D('',#16028,#13124,#13125);
#10772=AXIS2_PLACEMENT_3D('',#16037,#13130,#13131);
#10773=AXIS2_PLACEMENT_3D('',#16041,#13133,#13134);
#10774=AXIS2_PLACEMENT_3D('',#16045,#13136,#13137);
#10775=AXIS2_PLACEMENT_3D('',#16049,#13139,#13140);
#10776=AXIS2_PLACEMENT_3D('',#16055,#13144,#13145);
#10777=AXIS2_PLACEMENT_3D('',#16059,#13147,#13148);
#10778=AXIS2_PLACEMENT_3D('',#16063,#13150,#13151);
#10779=AXIS2_PLACEMENT_3D('',#16071,#13155,#13156);
#10780=AXIS2_PLACEMENT_3D('',#16075,#13158,#13159);
#10781=AXIS2_PLACEMENT_3D('',#16081,#13162,#13163);
#10782=AXIS2_PLACEMENT_3D('',#16085,#13165,#13166);
#10783=AXIS2_PLACEMENT_3D('',#16089,#13168,#13169);
#10784=AXIS2_PLACEMENT_3D('',#16095,#13172,#13173);
#10785=AXIS2_PLACEMENT_3D('',#16099,#13175,#13176);
#10786=AXIS2_PLACEMENT_3D('',#16103,#13178,#13179);
#10787=AXIS2_PLACEMENT_3D('',#16107,#13181,#13182);
#10788=AXIS2_PLACEMENT_3D('',#16113,#13185,#13186);
#10789=AXIS2_PLACEMENT_3D('',#16117,#13188,#13189);
#10790=AXIS2_PLACEMENT_3D('',#16121,#13191,#13192);
#10791=AXIS2_PLACEMENT_3D('',#16125,#13194,#13195);
#10792=AXIS2_PLACEMENT_3D('',#16126,#13196,#13197);
#10793=AXIS2_PLACEMENT_3D('',#16132,#13201,#13202);
#10794=AXIS2_PLACEMENT_3D('',#16138,#13206,#13207);
#10795=AXIS2_PLACEMENT_3D('',#16142,#13209,#13210);
#10796=AXIS2_PLACEMENT_3D('',#16146,#13212,#13213);
#10797=AXIS2_PLACEMENT_3D('',#16150,#13215,#13216);
#10798=AXIS2_PLACEMENT_3D('',#16154,#13218,#13219);
#10799=AXIS2_PLACEMENT_3D('',#16155,#13220,#13221);
#10800=AXIS2_PLACEMENT_3D('',#16161,#13224,#13225);
#10801=AXIS2_PLACEMENT_3D('',#16165,#13227,#13228);
#10802=AXIS2_PLACEMENT_3D('',#16169,#13230,#13231);
#10803=AXIS2_PLACEMENT_3D('',#16173,#13233,#13234);
#10804=AXIS2_PLACEMENT_3D('',#16179,#13237,#13238);
#10805=AXIS2_PLACEMENT_3D('',#16183,#13240,#13241);
#10806=AXIS2_PLACEMENT_3D('',#16187,#13243,#13244);
#10807=AXIS2_PLACEMENT_3D('',#16193,#13247,#13248);
#10808=AXIS2_PLACEMENT_3D('',#16197,#13250,#13251);
#10809=AXIS2_PLACEMENT_3D('',#16202,#13254,#13255);
#10810=AXIS2_PLACEMENT_3D('',#16206,#13257,#13258);
#10811=AXIS2_PLACEMENT_3D('',#16210,#13260,#13261);
#10812=AXIS2_PLACEMENT_3D('',#16216,#13265,#13266);
#10813=AXIS2_PLACEMENT_3D('',#16220,#13268,#13269);
#10814=AXIS2_PLACEMENT_3D('',#16221,#13270,#13271);
#10815=AXIS2_PLACEMENT_3D('',#16223,#13273,#13274);
#10816=AXIS2_PLACEMENT_3D('',#16226,#13277,#13278);
#10817=AXIS2_PLACEMENT_3D('',#16229,#13281,#13282);
#10818=AXIS2_PLACEMENT_3D('',#16232,#13285,#13286);
#10819=AXIS2_PLACEMENT_3D('',#16235,#13289,#13290);
#10820=AXIS2_PLACEMENT_3D('',#16238,#13293,#13294);
#10821=AXIS2_PLACEMENT_3D('',#16241,#13297,#13298);
#10822=AXIS2_PLACEMENT_3D('',#16244,#13301,#13302);
#10823=AXIS2_PLACEMENT_3D('',#16246,#13304,#13305);
#10824=AXIS2_PLACEMENT_3D('',#16247,#13306,#13307);
#10825=AXIS2_PLACEMENT_3D('',#16248,#13308,#13309);
#10826=AXIS2_PLACEMENT_3D('',#16251,#13312,#13313);
#10827=AXIS2_PLACEMENT_3D('',#16254,#13316,#13317);
#10828=AXIS2_PLACEMENT_3D('',#16256,#13319,#13320);
#10829=AXIS2_PLACEMENT_3D('',#16258,#13322,#13323);
#10830=AXIS2_PLACEMENT_3D('',#16260,#13325,#13326);
#10831=AXIS2_PLACEMENT_3D('',#16262,#13328,#13329);
#10832=AXIS2_PLACEMENT_3D('',#16264,#13331,#13332);
#10833=AXIS2_PLACEMENT_3D('',#16266,#13334,#13335);
#10834=AXIS2_PLACEMENT_3D('',#16269,#13338,#13339);
#10835=AXIS2_PLACEMENT_3D('',#16271,#13341,#13342);
#10836=AXIS2_PLACEMENT_3D('',#16272,#13343,#13344);
#10837=AXIS2_PLACEMENT_3D('',#16275,#13347,#13348);
#10838=AXIS2_PLACEMENT_3D('',#16277,#13350,#13351);
#10839=AXIS2_PLACEMENT_3D('',#16279,#13353,#13354);
#10840=AXIS2_PLACEMENT_3D('',#16281,#13356,#13357);
#10841=AXIS2_PLACEMENT_3D('',#16283,#13359,#13360);
#10842=AXIS2_PLACEMENT_3D('',#16285,#13362,#13363);
#10843=AXIS2_PLACEMENT_3D('',#16287,#13365,#13366);
#10844=AXIS2_PLACEMENT_3D('',#16288,#13367,#13368);
#10845=AXIS2_PLACEMENT_3D('',#16289,#13369,#13370);
#10846=AXIS2_PLACEMENT_3D('',#16290,#13371,#13372);
#10847=AXIS2_PLACEMENT_3D('',#16291,#13373,#13374);
#10848=AXIS2_PLACEMENT_3D('',#16292,#13375,#13376);
#10849=AXIS2_PLACEMENT_3D('',#16293,#13377,#13378);
#10850=AXIS2_PLACEMENT_3D('',#16294,#13379,#13380);
#10851=AXIS2_PLACEMENT_3D('',#16295,#13381,#13382);
#10852=AXIS2_PLACEMENT_3D('',#16296,#13383,#13384);
#10853=AXIS2_PLACEMENT_3D('',#16297,#13385,#13386);
#10854=AXIS2_PLACEMENT_3D('',#16298,#13387,#13388);
#10855=AXIS2_PLACEMENT_3D('',#16311,#13395,#13396);
#10856=AXIS2_PLACEMENT_3D('',#16324,#13403,#13404);
#10857=AXIS2_PLACEMENT_3D('',#16325,#13405,#13406);
#10858=AXIS2_PLACEMENT_3D('',#16329,#13408,#13409);
#10859=AXIS2_PLACEMENT_3D('',#16330,#13410,#13411);
#10860=AXIS2_PLACEMENT_3D('',#16331,#13412,#13413);
#10861=AXIS2_PLACEMENT_3D('',#16335,#13415,#13416);
#10862=AXIS2_PLACEMENT_3D('',#16336,#13417,#13418);
#10863=AXIS2_PLACEMENT_3D('',#16337,#13419,#13420);
#10864=AXIS2_PLACEMENT_3D('',#16341,#13422,#13423);
#10865=AXIS2_PLACEMENT_3D('',#16342,#13424,#13425);
#10866=AXIS2_PLACEMENT_3D('',#16343,#13426,#13427);
#10867=AXIS2_PLACEMENT_3D('',#16347,#13429,#13430);
#10868=AXIS2_PLACEMENT_3D('',#16348,#13431,#13432);
#10869=AXIS2_PLACEMENT_3D('',#16349,#13433,#13434);
#10870=AXIS2_PLACEMENT_3D('',#16350,#13435,#13436);
#10871=AXIS2_PLACEMENT_3D('',#16351,#13437,#13438);
#10872=AXIS2_PLACEMENT_3D('',#16352,#13439,#13440);
#10873=AXIS2_PLACEMENT_3D('',#16353,#13441,#13442);
#10874=AXIS2_PLACEMENT_3D('',#16354,#13443,#13444);
#10875=AXIS2_PLACEMENT_3D('',#16356,#13446,#13447);
#10876=AXIS2_PLACEMENT_3D('',#16358,#13449,#13450);
#10877=AXIS2_PLACEMENT_3D('',#16361,#13453,#13454);
#10878=AXIS2_PLACEMENT_3D('',#16362,#13455,#13456);
#10879=AXIS2_PLACEMENT_3D('',#16363,#13457,#13458);
#10880=AXIS2_PLACEMENT_3D('',#16364,#13459,#13460);
#10881=AXIS2_PLACEMENT_3D('',#16365,#13461,#13462);
#10882=AXIS2_PLACEMENT_3D('',#16366,#13463,#13464);
#10883=AXIS2_PLACEMENT_3D('',#16367,#13465,#13466);
#10884=AXIS2_PLACEMENT_3D('',#16368,#13467,#13468);
#10885=AXIS2_PLACEMENT_3D('',#16369,#13469,#13470);
#10886=AXIS2_PLACEMENT_3D('',#16370,#13471,#13472);
#10887=AXIS2_PLACEMENT_3D('',#16371,#13473,#13474);
#10888=AXIS2_PLACEMENT_3D('',#16372,#13475,#13476);
#10889=DIRECTION('',(0.,0.,1.));
#10890=DIRECTION('',(1.,0.,0.));
#10891=DIRECTION('',(0.,0.,1.));
#10892=DIRECTION('',(1.,0.,0.));
#10893=DIRECTION('',(-1.,5.50007443239317E-17,0.));
#10894=DIRECTION('',(1.,0.,0.));
#10895=DIRECTION('',(-1.,5.50007443239317E-17,0.));
#10896=DIRECTION('',(1.,0.,0.));
#10897=DIRECTION('',(-1.,5.50007443239317E-17,0.));
#10898=DIRECTION('',(1.,0.,0.));
#10899=DIRECTION('',(-1.,5.50007443239317E-17,0.));
#10900=DIRECTION('',(1.,0.,0.));
#10901=DIRECTION('',(-1.,5.50007443239317E-17,0.));
#10902=DIRECTION('',(1.,0.,0.));
#10903=DIRECTION('',(-1.,5.50007443239317E-17,0.));
#10904=DIRECTION('',(1.,0.,0.));
#10905=DIRECTION('',(-1.,5.50007443239317E-17,0.));
#10906=DIRECTION('',(1.,0.,0.));
#10907=DIRECTION('',(-1.,5.50007443239317E-17,0.));
#10908=DIRECTION('',(1.,0.,0.));
#10909=DIRECTION('',(-1.,5.50007443239317E-17,0.));
#10910=DIRECTION('',(1.,0.,0.));
#10911=DIRECTION('',(-1.,5.50007443239317E-17,0.));
#10912=DIRECTION('',(1.,0.,0.));
#10913=DIRECTION('',(-1.,5.50007443239317E-17,0.));
#10914=DIRECTION('',(1.,0.,0.));
#10915=DIRECTION('',(-1.,5.50007443239317E-17,0.));
#10916=DIRECTION('',(1.,0.,0.));
#10917=DIRECTION('',(-1.,5.50007443239317E-17,0.));
#10918=DIRECTION('',(-1.15648231731787E-15,-1.,0.));
#10919=DIRECTION('',(1.,-5.50007443239317E-17,0.));
#10920=DIRECTION('',(-1.,0.,0.));
#10921=DIRECTION('',(1.,-5.50007443239317E-17,0.));
#10922=DIRECTION('',(-1.,0.,0.));
#10923=DIRECTION('',(1.,-5.50007443239317E-17,0.));
#10924=DIRECTION('',(-1.,0.,0.));
#10925=DIRECTION('',(1.,-5.50007443239317E-17,0.));
#10926=DIRECTION('',(-1.,0.,0.));
#10927=DIRECTION('',(1.,-5.50007443239317E-17,0.));
#10928=DIRECTION('',(-1.,0.,0.));
#10929=DIRECTION('',(1.,-5.50007443239317E-17,0.));
#10930=DIRECTION('',(-1.,0.,0.));
#10931=DIRECTION('',(1.,-5.50007443239317E-17,0.));
#10932=DIRECTION('',(-1.,0.,0.));
#10933=DIRECTION('',(1.,-5.50007443239317E-17,0.));
#10934=DIRECTION('',(-1.,0.,0.));
#10935=DIRECTION('',(1.,-5.50007443239317E-17,0.));
#10936=DIRECTION('',(-1.,0.,0.));
#10937=DIRECTION('',(1.,-5.50007443239317E-17,0.));
#10938=DIRECTION('',(-1.,0.,0.));
#10939=DIRECTION('',(1.,-5.50007443239317E-17,0.));
#10940=DIRECTION('',(-1.,0.,0.));
#10941=DIRECTION('',(1.,-5.50007443239317E-17,0.));
#10942=DIRECTION('',(-1.,0.,0.));
#10943=DIRECTION('',(1.,-5.50007443239317E-17,0.));
#10944=DIRECTION('',(1.,0.,0.));
#10945=DIRECTION('',(0.,-1.,0.));
#10946=DIRECTION('',(-1.,5.03110056837821E-17,0.));
#10947=DIRECTION('',(0.,1.,0.));
#10948=DIRECTION('',(1.,5.03110056837821E-17,0.));
#10949=DIRECTION('',(0.,-1.,0.));
#10950=DIRECTION('',(-1.,0.,0.));
#10951=DIRECTION('',(0.,0.,1.));
#10952=DIRECTION('',(1.,0.,0.));
#10953=DIRECTION('',(0.,1.,0.));
#10954=DIRECTION('',(1.,0.,0.));
#10955=DIRECTION('',(0.,1.,0.));
#10956=DIRECTION('',(-1.,-1.22464679914739E-16,0.));
#10957=DIRECTION('',(1.,0.,4.04768811061239E-15));
#10958=DIRECTION('',(4.04768811061239E-15,0.,-1.));
#10959=DIRECTION('',(-3.62036230681879E-15,0.447213595499959,0.894427190999915));
#10960=DIRECTION('',(0.,-1.,0.));
#10961=DIRECTION('',(4.04768811061239E-15,-2.2262585887481E-31,-1.));
#10962=DIRECTION('',(0.,0.,1.));
#10963=DIRECTION('',(1.7347234759768E-15,1.,0.));
#10964=DIRECTION('',(0.,0.,1.));
#10965=DIRECTION('',(0.,1.,0.));
#10966=DIRECTION('',(0.,0.,1.));
#10967=DIRECTION('',(0.,1.,0.));
#10968=DIRECTION('',(4.04768811061239E-15,-7.31418707178283E-31,-1.));
#10969=DIRECTION('',(0.,1.,0.));
#10970=DIRECTION('',(-1.,0.,0.));
#10971=DIRECTION('',(0.,0.,1.));
#10972=DIRECTION('',(0.,0.,1.));
#10973=DIRECTION('',(0.,1.,0.));
#10974=DIRECTION('',(0.,-0.447213595499959,-0.894427190999915));
#10975=DIRECTION('',(0.,-1.,0.));
#10976=DIRECTION('',(0.,0.,1.));
#10977=DIRECTION('',(0.,-1.,0.));
#10978=DIRECTION('',(0.,0.,1.));
#10979=DIRECTION('',(0.,1.,0.));
#10980=DIRECTION('',(0.,0.,1.));
#10981=DIRECTION('',(0.,-1.,0.));
#10982=DIRECTION('',(0.,0.,1.));
#10983=DIRECTION('',(1.,0.,0.));
#10984=DIRECTION('',(0.,0.,-1.));
#10985=DIRECTION('',(0.,0.,-1.));
#10986=DIRECTION('',(0.,-1.,0.));
#10987=DIRECTION('',(0.,0.,-1.));
#10988=DIRECTION('',(0.,0.,1.));
#10989=DIRECTION('',(0.,1.,0.));
#10990=DIRECTION('',(-1.,0.,0.));
#10991=DIRECTION('',(0.,0.,1.));
#10992=DIRECTION('',(0.,0.,1.));
#10993=DIRECTION('',(0.,1.,0.));
#10994=DIRECTION('',(0.,0.,1.));
#10995=DIRECTION('',(0.,-1.,0.));
#10996=DIRECTION('',(0.,0.,1.));
#10997=DIRECTION('',(0.,0.,-1.));
#10998=DIRECTION('',(-1.,0.,0.));
#10999=DIRECTION('',(-1.,0.,0.));
#11000=DIRECTION('',(0.,1.,0.));
#11001=DIRECTION('',(1.,-5.50007443239317E-17,0.));
#11002=DIRECTION('',(0.,-1.,0.));
#11003=DIRECTION('',(-1.,0.,0.));
#11004=DIRECTION('',(0.,0.,-1.));
#11005=DIRECTION('',(-1.,0.,0.));
#11006=DIRECTION('',(1.,-5.50007443239317E-17,0.));
#11007=DIRECTION('',(0.,-1.,0.));
#11008=DIRECTION('',(-1.,0.,0.));
#11009=DIRECTION('',(-1.,0.,0.));
#11010=DIRECTION('',(0.,1.,0.));
#11011=DIRECTION('',(-5.50007443239317E-17,-1.,0.));
#11012=DIRECTION('',(1.,-5.50007443239317E-17,0.));
#11013=DIRECTION('',(-0.707106781186548,3.88913992817596E-17,0.707106781186548));
#11014=DIRECTION('',(0.,0.,-1.));
#11015=DIRECTION('',(0.,0.,1.));
#11016=DIRECTION('',(-0.707106781186548,3.88913992817596E-17,-0.707106781186548));
#11017=DIRECTION('',(-5.50007443239317E-17,-1.,0.));
#11018=DIRECTION('',(1.,-5.50007443239317E-17,0.));
#11019=DIRECTION('',(0.,0.,1.));
#11020=DIRECTION('',(-0.707106781186548,3.88913992817596E-17,-0.707106781186548));
#11021=DIRECTION('',(-0.707106781186549,3.88913992817597E-17,0.707106781186546));
#11022=DIRECTION('',(4.04768811061239E-15,-2.2262585887481E-31,-1.));
#11023=DIRECTION('',(0.,0.,1.));
#11024=DIRECTION('',(1.,0.,0.));
#11025=DIRECTION('',(0.,1.,0.));
#11026=DIRECTION('',(-1.,0.,0.));
#11027=DIRECTION('',(-1.,0.,0.));
#11028=DIRECTION('',(0.,-1.,0.));
#11029=DIRECTION('',(-1.,0.,0.));
#11030=DIRECTION('',(-1.,0.,0.));
#11031=DIRECTION('',(0.,0.,1.));
#11032=DIRECTION('',(1.,0.,0.));
#11033=DIRECTION('',(-1.,0.,0.));
#11034=DIRECTION('',(0.,-1.,0.));
#11035=DIRECTION('',(-1.,0.,0.));
#11036=DIRECTION('',(-1.,0.,0.));
#11037=DIRECTION('',(1.,-1.80700362080917E-16,3.61400724161834E-16));
#11038=DIRECTION('',(0.,0.894427190999915,0.447213595499959));
#11039=DIRECTION('',(0.,-0.447213595499959,0.894427190999915));
#11040=DIRECTION('',(0.,-0.447213595499959,0.894427190999915));
#11041=DIRECTION('',(0.666666666666666,0.333333333333334,-0.666666666666666));
#11042=DIRECTION('',(0.,-0.447213595499959,0.894427190999915));
#11043=DIRECTION('',(0.,0.894427190999915,0.447213595499959));
#11044=DIRECTION('',(0.,-0.447213595499959,0.894427190999915));
#11045=DIRECTION('',(0.666666666666666,-0.333333333333334,0.666666666666666));
#11046=DIRECTION('',(0.,0.447213595499959,-0.894427190999915));
#11047=DIRECTION('',(0.,0.447213595499959,-0.894427190999915));
#11048=DIRECTION('',(0.,0.,-1.));
#11049=DIRECTION('',(-1.,0.,0.));
#11050=DIRECTION('',(-1.,5.50007443239317E-17,0.));
#11051=DIRECTION('',(0.,1.,0.));
#11052=DIRECTION('',(1.,0.,0.));
#11053=DIRECTION('',(-1.,0.,0.));
#11054=DIRECTION('',(0.,-1.,0.));
#11055=DIRECTION('',(5.50007443239317E-17,1.,0.));
#11056=DIRECTION('',(-1.,5.50007443239317E-17,0.));
#11057=DIRECTION('',(0.707106781186548,-3.88913992817596E-17,-0.707106781186548));
#11058=DIRECTION('',(0.707106781186548,-3.88913992817596E-17,0.707106781186548));
#11059=DIRECTION('',(0.,0.,1.));
#11060=DIRECTION('',(0.,-0.894427190999915,0.447213595499959));
#11061=DIRECTION('',(0.,-0.447213595499959,-0.894427190999915));
#11062=DIRECTION('',(0.,0.447213595499959,0.894427190999915));
#11063=DIRECTION('',(0.,-0.447213595499959,-0.894427190999915));
#11064=DIRECTION('',(-0.666666666666666,-0.333333333333334,-0.666666666666666));
#11065=DIRECTION('',(0.,0.,-1.));
#11066=DIRECTION('',(-1.,0.,0.));
#11067=DIRECTION('',(1.,-5.50007443239317E-17,0.));
#11068=DIRECTION('',(0.,-1.,0.));
#11069=DIRECTION('',(-1.,0.,0.));
#11070=DIRECTION('',(-1.,0.,0.));
#11071=DIRECTION('',(0.,1.,0.));
#11072=DIRECTION('',(-5.50007443239317E-17,-1.,0.));
#11073=DIRECTION('',(1.,-5.50007443239317E-17,0.));
#11074=DIRECTION('',(0.,0.,1.));
#11075=DIRECTION('',(-0.707106781186548,3.88913992817596E-17,-0.707106781186548));
#11076=DIRECTION('',(0.,0.,1.));
#11077=DIRECTION('',(0.,0.,1.));
#11078=DIRECTION('',(1.,0.,0.));
#11079=DIRECTION('',(-1.,0.,0.));
#11080=DIRECTION('',(-1.,0.,0.));
#11081=DIRECTION('',(0.,1.,0.));
#11082=DIRECTION('',(-1.,0.,0.));
#11083=DIRECTION('',(0.,0.894427190999915,0.447213595499959));
#11084=DIRECTION('',(0.,-0.447213595499959,0.894427190999915));
#11085=DIRECTION('',(0.,-0.447213595499959,0.894427190999915));
#11086=DIRECTION('',(0.,0.447213595499959,-0.894427190999915));
#11087=DIRECTION('',(0.,0.,-1.));
#11088=DIRECTION('',(-1.,0.,0.));
#11089=DIRECTION('',(-1.,0.,0.));
#11090=DIRECTION('',(0.,-1.,0.));
#11091=DIRECTION('',(-1.,5.50007443239317E-17,0.));
#11092=DIRECTION('',(0.,1.,0.));
#11093=DIRECTION('',(-1.,0.,0.));
#11094=DIRECTION('',(5.50007443239317E-17,1.,0.));
#11095=DIRECTION('',(-1.,5.50007443239317E-17,0.));
#11096=DIRECTION('',(0.707106781186548,-3.88913992817596E-17,0.707106781186548));
#11097=DIRECTION('',(0.707106781186549,-3.88913992817597E-17,-0.707106781186546));
#11098=DIRECTION('',(0.,-0.894427190999915,0.447213595499959));
#11099=DIRECTION('',(0.,-0.447213595499959,-0.894427190999915));
#11100=DIRECTION('',(-0.666666666666668,0.333333333333334,0.666666666666665));
#11101=DIRECTION('',(-7.75791922889772E-16,-0.447213595499959,-0.894427190999915));
#11102=DIRECTION('',(0.,0.,1.));
#11103=DIRECTION('',(1.,0.,0.));
#11104=DIRECTION('',(-1.,0.,0.));
#11105=DIRECTION('',(1.,0.,0.));
#11106=DIRECTION('',(0.,0.,1.));
#11107=DIRECTION('',(1.,0.,0.));
#11108=DIRECTION('',(0.,1.,0.));
#11109=DIRECTION('',(1.,0.,0.));
#11110=DIRECTION('',(0.,1.,0.));
#11111=DIRECTION('',(-1.,-1.22464679914739E-16,0.));
#11112=DIRECTION('',(1.,0.,4.04768811061239E-15));
#11113=DIRECTION('',(4.04768811061239E-15,0.,-1.));
#11114=DIRECTION('',(-3.62036230681879E-15,0.447213595499959,0.894427190999915));
#11115=DIRECTION('',(0.,-1.,0.));
#11116=DIRECTION('',(4.04768811061239E-15,-2.2262585887481E-31,-1.));
#11117=DIRECTION('',(0.,0.,1.));
#11118=DIRECTION('',(1.7347234759768E-15,1.,0.));
#11119=DIRECTION('',(0.,0.,1.));
#11120=DIRECTION('',(0.,1.,0.));
#11121=DIRECTION('',(0.,0.,1.));
#11122=DIRECTION('',(0.,1.,0.));
#11123=DIRECTION('',(4.04768811061239E-15,-7.31418707178283E-31,-1.));
#11124=DIRECTION('',(0.,1.,0.));
#11125=DIRECTION('',(-1.,0.,0.));
#11126=DIRECTION('',(0.,0.,1.));
#11127=DIRECTION('',(0.,1.,0.));
#11128=DIRECTION('',(0.,0.,1.));
#11129=DIRECTION('',(0.,-1.,0.));
#11130=DIRECTION('',(0.,0.,1.));
#11131=DIRECTION('',(0.,1.,0.));
#11132=DIRECTION('',(0.,0.,1.));
#11133=DIRECTION('',(0.,-1.,0.));
#11134=DIRECTION('',(0.,0.,1.));
#11135=DIRECTION('',(1.,0.,0.));
#11136=DIRECTION('',(0.,0.,-1.));
#11137=DIRECTION('',(0.,0.,-1.));
#11138=DIRECTION('',(0.,-1.,0.));
#11139=DIRECTION('',(0.,0.,-1.));
#11140=DIRECTION('',(0.,0.,1.));
#11141=DIRECTION('',(0.,1.,0.));
#11142=DIRECTION('',(-1.,0.,0.));
#11143=DIRECTION('',(0.,0.,1.));
#11144=DIRECTION('',(0.,0.,1.));
#11145=DIRECTION('',(0.,1.,0.));
#11146=DIRECTION('',(0.,0.,1.));
#11147=DIRECTION('',(0.,-1.,0.));
#11148=DIRECTION('',(0.,0.,1.));
#11149=DIRECTION('',(0.,0.,-1.));
#11150=DIRECTION('',(-1.,0.,0.));
#11151=DIRECTION('',(-1.,0.,0.));
#11152=DIRECTION('',(0.,1.,0.));
#11153=DIRECTION('',(1.,-5.50007443239317E-17,0.));
#11154=DIRECTION('',(0.,-1.,0.));
#11155=DIRECTION('',(-1.,0.,0.));
#11156=DIRECTION('',(0.,0.,-1.));
#11157=DIRECTION('',(-1.,0.,0.));
#11158=DIRECTION('',(1.,-5.50007443239317E-17,0.));
#11159=DIRECTION('',(0.,-1.,0.));
#11160=DIRECTION('',(-1.,0.,0.));
#11161=DIRECTION('',(-1.,0.,0.));
#11162=DIRECTION('',(0.,1.,0.));
#11163=DIRECTION('',(-5.50007443239317E-17,-1.,0.));
#11164=DIRECTION('',(1.,-5.50007443239317E-17,0.));
#11165=DIRECTION('',(-0.707106781186548,3.88913992817596E-17,0.707106781186548));
#11166=DIRECTION('',(0.,0.,-1.));
#11167=DIRECTION('',(0.,0.,1.));
#11168=DIRECTION('',(-0.707106781186548,3.88913992817596E-17,-0.707106781186548));
#11169=DIRECTION('',(-5.50007443239317E-17,-1.,0.));
#11170=DIRECTION('',(1.,-5.50007443239317E-17,0.));
#11171=DIRECTION('',(0.,0.,1.));
#11172=DIRECTION('',(-0.707106781186548,3.88913992817596E-17,-0.707106781186548));
#11173=DIRECTION('',(-0.707106781186549,3.88913992817597E-17,0.707106781186546));
#11174=DIRECTION('',(4.04768811061239E-15,-2.2262585887481E-31,-1.));
#11175=DIRECTION('',(0.,0.,1.));
#11176=DIRECTION('',(1.,0.,0.));
#11177=DIRECTION('',(0.,1.,0.));
#11178=DIRECTION('',(-1.,0.,0.));
#11179=DIRECTION('',(-1.,0.,0.));
#11180=DIRECTION('',(0.,-1.,0.));
#11181=DIRECTION('',(-1.,0.,0.));
#11182=DIRECTION('',(-1.,0.,0.));
#11183=DIRECTION('',(0.,0.,1.));
#11184=DIRECTION('',(1.,0.,0.));
#11185=DIRECTION('',(-1.,0.,0.));
#11186=DIRECTION('',(0.,-1.,0.));
#11187=DIRECTION('',(-1.,0.,0.));
#11188=DIRECTION('',(-1.,0.,0.));
#11189=DIRECTION('',(1.,-1.80700362080917E-16,3.61400724161834E-16));
#11190=DIRECTION('',(0.,0.894427190999915,0.447213595499959));
#11191=DIRECTION('',(0.,-0.447213595499959,0.894427190999915));
#11192=DIRECTION('',(0.,-0.447213595499959,0.894427190999915));
#11193=DIRECTION('',(0.666666666666666,0.333333333333334,-0.666666666666666));
#11194=DIRECTION('',(0.,-0.447213595499959,0.894427190999915));
#11195=DIRECTION('',(0.,0.894427190999915,0.447213595499959));
#11196=DIRECTION('',(0.,-0.447213595499959,0.894427190999915));
#11197=DIRECTION('',(0.666666666666666,-0.333333333333334,0.666666666666666));
#11198=DIRECTION('',(0.,0.447213595499959,-0.894427190999915));
#11199=DIRECTION('',(0.,0.447213595499959,-0.894427190999915));
#11200=DIRECTION('',(0.,0.,-1.));
#11201=DIRECTION('',(-1.,0.,0.));
#11202=DIRECTION('',(-1.,5.50007443239317E-17,0.));
#11203=DIRECTION('',(0.,1.,0.));
#11204=DIRECTION('',(1.,0.,0.));
#11205=DIRECTION('',(-1.,0.,0.));
#11206=DIRECTION('',(0.,-1.,0.));
#11207=DIRECTION('',(5.50007443239317E-17,1.,0.));
#11208=DIRECTION('',(-1.,5.50007443239317E-17,0.));
#11209=DIRECTION('',(0.707106781186548,-3.88913992817596E-17,-0.707106781186548));
#11210=DIRECTION('',(0.707106781186548,-3.88913992817596E-17,0.707106781186548));
#11211=DIRECTION('',(0.,0.,1.));
#11212=DIRECTION('',(0.,-0.894427190999915,0.447213595499959));
#11213=DIRECTION('',(0.,-0.447213595499959,-0.894427190999915));
#11214=DIRECTION('',(0.,0.447213595499959,0.894427190999915));
#11215=DIRECTION('',(0.,-0.447213595499959,-0.894427190999915));
#11216=DIRECTION('',(-0.666666666666666,-0.333333333333334,-0.666666666666666));
#11217=DIRECTION('',(0.,0.,-1.));
#11218=DIRECTION('',(-1.,0.,0.));
#11219=DIRECTION('',(-1.,0.,0.));
#11220=DIRECTION('',(0.,-1.,0.));
#11221=DIRECTION('',(-1.,5.50007443239317E-17,0.));
#11222=DIRECTION('',(0.,1.,0.));
#11223=DIRECTION('',(-1.,0.,0.));
#11224=DIRECTION('',(5.50007443239317E-17,1.,0.));
#11225=DIRECTION('',(-1.,5.50007443239317E-17,0.));
#11226=DIRECTION('',(0.707106781186548,-3.88913992817596E-17,0.707106781186548));
#11227=DIRECTION('',(0.707106781186549,-3.88913992817597E-17,-0.707106781186546));
#11228=DIRECTION('',(0.,-0.894427190999915,0.447213595499959));
#11229=DIRECTION('',(0.,-0.447213595499959,-0.894427190999915));
#11230=DIRECTION('',(-0.666666666666668,0.333333333333334,0.666666666666665));
#11231=DIRECTION('',(-7.75791922889772E-16,-0.447213595499959,-0.894427190999915));
#11232=DIRECTION('',(0.,0.,1.));
#11233=DIRECTION('',(1.,0.,0.));
#11234=DIRECTION('',(-1.,0.,0.));
#11235=DIRECTION('',(1.,0.,0.));
#11236=DIRECTION('',(0.,0.,1.));
#11237=DIRECTION('',(1.,0.,0.));
#11238=DIRECTION('',(0.,1.,0.));
#11239=DIRECTION('',(1.,0.,0.));
#11240=DIRECTION('',(0.,1.,0.));
#11241=DIRECTION('',(-1.,-1.22464679914739E-16,0.));
#11242=DIRECTION('',(1.,0.,4.04768811061239E-15));
#11243=DIRECTION('',(4.04768811061239E-15,0.,-1.));
#11244=DIRECTION('',(-3.62036230681879E-15,0.447213595499959,0.894427190999915));
#11245=DIRECTION('',(0.,-1.,0.));
#11246=DIRECTION('',(4.04768811061239E-15,-2.2262585887481E-31,-1.));
#11247=DIRECTION('',(0.,0.,1.));
#11248=DIRECTION('',(1.7347234759768E-15,1.,0.));
#11249=DIRECTION('',(0.,0.,1.));
#11250=DIRECTION('',(0.,1.,0.));
#11251=DIRECTION('',(0.,0.,1.));
#11252=DIRECTION('',(0.,1.,0.));
#11253=DIRECTION('',(4.04768811061239E-15,-7.31418707178283E-31,-1.));
#11254=DIRECTION('',(0.,1.,0.));
#11255=DIRECTION('',(-1.,0.,0.));
#11256=DIRECTION('',(0.,0.,1.));
#11257=DIRECTION('',(0.,1.,0.));
#11258=DIRECTION('',(0.,0.,1.));
#11259=DIRECTION('',(0.,-1.,0.));
#11260=DIRECTION('',(0.,0.,1.));
#11261=DIRECTION('',(0.,1.,0.));
#11262=DIRECTION('',(0.,0.,1.));
#11263=DIRECTION('',(0.,-1.,0.));
#11264=DIRECTION('',(0.,0.,1.));
#11265=DIRECTION('',(1.,0.,0.));
#11266=DIRECTION('',(0.,0.,-1.));
#11267=DIRECTION('',(0.,0.,-1.));
#11268=DIRECTION('',(0.,-1.,0.));
#11269=DIRECTION('',(0.,0.,-1.));
#11270=DIRECTION('',(0.,0.,1.));
#11271=DIRECTION('',(0.,1.,0.));
#11272=DIRECTION('',(-1.,0.,0.));
#11273=DIRECTION('',(0.,0.,1.));
#11274=DIRECTION('',(0.,0.,1.));
#11275=DIRECTION('',(0.,1.,0.));
#11276=DIRECTION('',(0.,0.,1.));
#11277=DIRECTION('',(0.,-1.,0.));
#11278=DIRECTION('',(0.,0.,1.));
#11279=DIRECTION('',(0.,0.,-1.));
#11280=DIRECTION('',(-1.,0.,0.));
#11281=DIRECTION('',(-1.,0.,0.));
#11282=DIRECTION('',(0.,1.,0.));
#11283=DIRECTION('',(1.,-5.50007443239317E-17,0.));
#11284=DIRECTION('',(0.,-1.,0.));
#11285=DIRECTION('',(-1.,0.,0.));
#11286=DIRECTION('',(0.,0.,-1.));
#11287=DIRECTION('',(-1.,0.,0.));
#11288=DIRECTION('',(1.,-5.50007443239317E-17,0.));
#11289=DIRECTION('',(0.,-1.,0.));
#11290=DIRECTION('',(-1.,0.,0.));
#11291=DIRECTION('',(-1.,0.,0.));
#11292=DIRECTION('',(0.,1.,0.));
#11293=DIRECTION('',(-5.50007443239317E-17,-1.,0.));
#11294=DIRECTION('',(1.,-5.50007443239317E-17,0.));
#11295=DIRECTION('',(-0.707106781186548,3.88913992817596E-17,0.707106781186548));
#11296=DIRECTION('',(0.,0.,-1.));
#11297=DIRECTION('',(0.,0.,1.));
#11298=DIRECTION('',(-0.707106781186548,3.88913992817596E-17,-0.707106781186548));
#11299=DIRECTION('',(-5.50007443239317E-17,-1.,0.));
#11300=DIRECTION('',(1.,-5.50007443239317E-17,0.));
#11301=DIRECTION('',(0.,0.,1.));
#11302=DIRECTION('',(-0.707106781186548,3.88913992817596E-17,-0.707106781186548));
#11303=DIRECTION('',(-0.707106781186549,3.88913992817597E-17,0.707106781186546));
#11304=DIRECTION('',(4.04768811061239E-15,-2.2262585887481E-31,-1.));
#11305=DIRECTION('',(0.,0.,1.));
#11306=DIRECTION('',(1.,0.,0.));
#11307=DIRECTION('',(0.,1.,0.));
#11308=DIRECTION('',(-1.,0.,0.));
#11309=DIRECTION('',(-1.,0.,0.));
#11310=DIRECTION('',(0.,-1.,0.));
#11311=DIRECTION('',(-1.,0.,0.));
#11312=DIRECTION('',(-1.,0.,0.));
#11313=DIRECTION('',(0.,0.,1.));
#11314=DIRECTION('',(1.,0.,0.));
#11315=DIRECTION('',(-1.,0.,0.));
#11316=DIRECTION('',(0.,-1.,0.));
#11317=DIRECTION('',(-1.,0.,0.));
#11318=DIRECTION('',(-1.,0.,0.));
#11319=DIRECTION('',(1.,-1.80700362080917E-16,3.61400724161834E-16));
#11320=DIRECTION('',(0.,0.894427190999915,0.447213595499959));
#11321=DIRECTION('',(0.,-0.447213595499959,0.894427190999915));
#11322=DIRECTION('',(0.,-0.447213595499959,0.894427190999915));
#11323=DIRECTION('',(0.666666666666666,0.333333333333334,-0.666666666666666));
#11324=DIRECTION('',(0.,-0.447213595499959,0.894427190999915));
#11325=DIRECTION('',(0.,0.894427190999915,0.447213595499959));
#11326=DIRECTION('',(0.,-0.447213595499959,0.894427190999915));
#11327=DIRECTION('',(0.666666666666666,-0.333333333333334,0.666666666666666));
#11328=DIRECTION('',(0.,0.447213595499959,-0.894427190999915));
#11329=DIRECTION('',(0.,0.447213595499959,-0.894427190999915));
#11330=DIRECTION('',(0.,0.,-1.));
#11331=DIRECTION('',(-1.,0.,0.));
#11332=DIRECTION('',(-1.,5.50007443239317E-17,0.));
#11333=DIRECTION('',(0.,1.,0.));
#11334=DIRECTION('',(1.,0.,0.));
#11335=DIRECTION('',(-1.,0.,0.));
#11336=DIRECTION('',(0.,-1.,0.));
#11337=DIRECTION('',(5.50007443239317E-17,1.,0.));
#11338=DIRECTION('',(-1.,5.50007443239317E-17,0.));
#11339=DIRECTION('',(0.707106781186548,-3.88913992817596E-17,-0.707106781186548));
#11340=DIRECTION('',(0.707106781186548,-3.88913992817596E-17,0.707106781186548));
#11341=DIRECTION('',(0.,0.,1.));
#11342=DIRECTION('',(0.,-0.894427190999915,0.447213595499959));
#11343=DIRECTION('',(0.,-0.447213595499959,-0.894427190999915));
#11344=DIRECTION('',(0.,0.447213595499959,0.894427190999915));
#11345=DIRECTION('',(0.,-0.447213595499959,-0.894427190999915));
#11346=DIRECTION('',(-0.666666666666666,-0.333333333333334,-0.666666666666666));
#11347=DIRECTION('',(0.,0.,-1.));
#11348=DIRECTION('',(-1.,0.,0.));
#11349=DIRECTION('',(-1.,0.,0.));
#11350=DIRECTION('',(0.,-1.,0.));
#11351=DIRECTION('',(-1.,5.50007443239317E-17,0.));
#11352=DIRECTION('',(0.,1.,0.));
#11353=DIRECTION('',(-1.,0.,0.));
#11354=DIRECTION('',(5.50007443239317E-17,1.,0.));
#11355=DIRECTION('',(-1.,5.50007443239317E-17,0.));
#11356=DIRECTION('',(0.707106781186548,-3.88913992817596E-17,0.707106781186548));
#11357=DIRECTION('',(0.707106781186549,-3.88913992817597E-17,-0.707106781186546));
#11358=DIRECTION('',(0.,-0.894427190999915,0.447213595499959));
#11359=DIRECTION('',(0.,-0.447213595499959,-0.894427190999915));
#11360=DIRECTION('',(-0.666666666666668,0.333333333333334,0.666666666666666));
#11361=DIRECTION('',(-7.75791922889772E-16,-0.447213595499959,-0.894427190999915));
#11362=DIRECTION('',(0.,0.,1.));
#11363=DIRECTION('',(1.,0.,0.));
#11364=DIRECTION('',(-1.,0.,0.));
#11365=DIRECTION('',(1.,0.,0.));
#11366=DIRECTION('',(0.,0.,1.));
#11367=DIRECTION('',(1.,0.,0.));
#11368=DIRECTION('',(0.,1.,0.));
#11369=DIRECTION('',(1.,0.,0.));
#11370=DIRECTION('',(0.,1.,0.));
#11371=DIRECTION('',(-1.,-1.22464679914739E-16,0.));
#11372=DIRECTION('',(1.,0.,4.04768811061239E-15));
#11373=DIRECTION('',(4.04768811061239E-15,0.,-1.));
#11374=DIRECTION('',(-3.62036230681879E-15,0.447213595499959,0.894427190999915));
#11375=DIRECTION('',(0.,-1.,0.));
#11376=DIRECTION('',(4.04768811061239E-15,-2.2262585887481E-31,-1.));
#11377=DIRECTION('',(0.,0.,1.));
#11378=DIRECTION('',(1.7347234759768E-15,1.,0.));
#11379=DIRECTION('',(0.,0.,1.));
#11380=DIRECTION('',(0.,1.,0.));
#11381=DIRECTION('',(0.,0.,1.));
#11382=DIRECTION('',(0.,1.,0.));
#11383=DIRECTION('',(4.04768811061239E-15,-7.31418707178283E-31,-1.));
#11384=DIRECTION('',(0.,1.,0.));
#11385=DIRECTION('',(-1.,0.,0.));
#11386=DIRECTION('',(0.,0.,1.));
#11387=DIRECTION('',(0.,1.,0.));
#11388=DIRECTION('',(0.,0.,1.));
#11389=DIRECTION('',(0.,-1.,0.));
#11390=DIRECTION('',(0.,0.,1.));
#11391=DIRECTION('',(0.,1.,0.));
#11392=DIRECTION('',(0.,0.,1.));
#11393=DIRECTION('',(0.,-1.,0.));
#11394=DIRECTION('',(0.,0.,1.));
#11395=DIRECTION('',(1.,0.,0.));
#11396=DIRECTION('',(0.,0.,-1.));
#11397=DIRECTION('',(0.,0.,-1.));
#11398=DIRECTION('',(0.,-1.,0.));
#11399=DIRECTION('',(0.,0.,-1.));
#11400=DIRECTION('',(0.,0.,1.));
#11401=DIRECTION('',(0.,1.,0.));
#11402=DIRECTION('',(-1.,0.,0.));
#11403=DIRECTION('',(0.,0.,1.));
#11404=DIRECTION('',(0.,0.,1.));
#11405=DIRECTION('',(0.,1.,0.));
#11406=DIRECTION('',(0.,0.,1.));
#11407=DIRECTION('',(0.,-1.,0.));
#11408=DIRECTION('',(0.,0.,1.));
#11409=DIRECTION('',(0.,0.,-1.));
#11410=DIRECTION('',(-1.,0.,0.));
#11411=DIRECTION('',(-1.,0.,0.));
#11412=DIRECTION('',(0.,1.,0.));
#11413=DIRECTION('',(1.,-5.50007443239317E-17,0.));
#11414=DIRECTION('',(0.,-1.,0.));
#11415=DIRECTION('',(-1.,0.,0.));
#11416=DIRECTION('',(0.,0.,-1.));
#11417=DIRECTION('',(-1.,0.,0.));
#11418=DIRECTION('',(1.,-5.50007443239317E-17,0.));
#11419=DIRECTION('',(0.,-1.,0.));
#11420=DIRECTION('',(-1.,0.,0.));
#11421=DIRECTION('',(-1.,0.,0.));
#11422=DIRECTION('',(0.,1.,0.));
#11423=DIRECTION('',(-5.50007443239317E-17,-1.,0.));
#11424=DIRECTION('',(1.,-5.50007443239317E-17,0.));
#11425=DIRECTION('',(-0.707106781186548,3.88913992817596E-17,0.707106781186548));
#11426=DIRECTION('',(0.,0.,-1.));
#11427=DIRECTION('',(0.,0.,1.));
#11428=DIRECTION('',(-0.70710678118655,3.88913992817597E-17,-0.707106781186546));
#11429=DIRECTION('',(-5.50007443239317E-17,-1.,0.));
#11430=DIRECTION('',(1.,-5.50007443239317E-17,0.));
#11431=DIRECTION('',(0.,0.,1.));
#11432=DIRECTION('',(-0.707106781186548,3.88913992817596E-17,-0.707106781186548));
#11433=DIRECTION('',(-0.707106781186551,3.88913992817598E-17,0.707106781186544));
#11434=DIRECTION('',(4.04768811061239E-15,-2.2262585887481E-31,-1.));
#11435=DIRECTION('',(0.,0.,1.));
#11436=DIRECTION('',(1.,0.,0.));
#11437=DIRECTION('',(0.,1.,0.));
#11438=DIRECTION('',(-1.,0.,0.));
#11439=DIRECTION('',(-1.,0.,0.));
#11440=DIRECTION('',(0.,-1.,0.));
#11441=DIRECTION('',(-1.,0.,0.));
#11442=DIRECTION('',(-1.,0.,0.));
#11443=DIRECTION('',(0.,0.,1.));
#11444=DIRECTION('',(1.,0.,0.));
#11445=DIRECTION('',(-1.,0.,0.));
#11446=DIRECTION('',(0.,-1.,0.));
#11447=DIRECTION('',(-1.,0.,0.));
#11448=DIRECTION('',(-1.,0.,0.));
#11449=DIRECTION('',(1.,-1.80700362080917E-16,3.61400724161834E-16));
#11450=DIRECTION('',(0.,0.894427190999915,0.447213595499959));
#11451=DIRECTION('',(0.,-0.447213595499959,0.894427190999915));
#11452=DIRECTION('',(0.,-0.447213595499959,0.894427190999915));
#11453=DIRECTION('',(0.666666666666666,0.333333333333334,-0.666666666666666));
#11454=DIRECTION('',(0.,-0.447213595499959,0.894427190999915));
#11455=DIRECTION('',(0.,0.894427190999915,0.447213595499959));
#11456=DIRECTION('',(0.,-0.447213595499959,0.894427190999915));
#11457=DIRECTION('',(0.666666666666666,-0.333333333333334,0.666666666666666));
#11458=DIRECTION('',(0.,0.447213595499959,-0.894427190999915));
#11459=DIRECTION('',(0.,0.447213595499959,-0.894427190999915));
#11460=DIRECTION('',(0.,0.,-1.));
#11461=DIRECTION('',(-1.,0.,0.));
#11462=DIRECTION('',(-1.,5.50007443239317E-17,0.));
#11463=DIRECTION('',(0.,1.,0.));
#11464=DIRECTION('',(1.,0.,0.));
#11465=DIRECTION('',(-1.,0.,0.));
#11466=DIRECTION('',(0.,-1.,0.));
#11467=DIRECTION('',(5.50007443239317E-17,1.,0.));
#11468=DIRECTION('',(-1.,5.50007443239317E-17,0.));
#11469=DIRECTION('',(0.707106781186548,-3.88913992817596E-17,-0.707106781186548));
#11470=DIRECTION('',(0.70710678118655,-3.88913992817597E-17,0.707106781186546));
#11471=DIRECTION('',(0.,0.,1.));
#11472=DIRECTION('',(0.,-0.894427190999915,0.447213595499959));
#11473=DIRECTION('',(0.,-0.447213595499959,-0.894427190999915));
#11474=DIRECTION('',(0.,0.447213595499959,0.894427190999915));
#11475=DIRECTION('',(0.,-0.447213595499959,-0.894427190999915));
#11476=DIRECTION('',(-0.666666666666669,-0.333333333333333,-0.666666666666665));
#11477=DIRECTION('',(0.,0.,-1.));
#11478=DIRECTION('',(-1.,0.,0.));
#11479=DIRECTION('',(-1.,0.,0.));
#11480=DIRECTION('',(0.,-1.,0.));
#11481=DIRECTION('',(-1.,5.50007443239317E-17,0.));
#11482=DIRECTION('',(0.,1.,0.));
#11483=DIRECTION('',(-1.,0.,0.));
#11484=DIRECTION('',(5.50007443239317E-17,1.,0.));
#11485=DIRECTION('',(-1.,5.50007443239317E-17,0.));
#11486=DIRECTION('',(0.707106781186548,-3.88913992817596E-17,0.707106781186548));
#11487=DIRECTION('',(0.707106781186551,-3.88913992817598E-17,-0.707106781186544));
#11488=DIRECTION('',(0.,-0.894427190999915,0.447213595499959));
#11489=DIRECTION('',(0.,-0.447213595499959,-0.894427190999915));
#11490=DIRECTION('',(-0.66666666666667,0.333333333333333,0.666666666666664));
#11491=DIRECTION('',(-7.75791922889772E-16,-0.447213595499959,-0.894427190999915));
#11492=DIRECTION('',(0.,0.,1.));
#11493=DIRECTION('',(1.,0.,0.));
#11494=DIRECTION('',(-1.,0.,0.));
#11495=DIRECTION('',(1.,0.,0.));
#11496=DIRECTION('',(0.,0.,1.));
#11497=DIRECTION('',(1.,0.,0.));
#11498=DIRECTION('',(0.,1.,0.));
#11499=DIRECTION('',(1.,0.,0.));
#11500=DIRECTION('',(0.,1.,0.));
#11501=DIRECTION('',(-1.,-1.22464679914739E-16,0.));
#11502=DIRECTION('',(1.,0.,4.04768811061239E-15));
#11503=DIRECTION('',(4.04768811061239E-15,0.,-1.));
#11504=DIRECTION('',(-3.62036230681879E-15,0.447213595499959,0.894427190999915));
#11505=DIRECTION('',(0.,-1.,0.));
#11506=DIRECTION('',(4.04768811061239E-15,-2.2262585887481E-31,-1.));
#11507=DIRECTION('',(0.,0.,1.));
#11508=DIRECTION('',(1.7347234759768E-15,1.,0.));
#11509=DIRECTION('',(0.,0.,1.));
#11510=DIRECTION('',(0.,1.,0.));
#11511=DIRECTION('',(0.,0.,1.));
#11512=DIRECTION('',(0.,1.,0.));
#11513=DIRECTION('',(4.04768811061239E-15,-7.31418707178283E-31,-1.));
#11514=DIRECTION('',(0.,1.,0.));
#11515=DIRECTION('',(-1.,0.,0.));
#11516=DIRECTION('',(0.,0.,1.));
#11517=DIRECTION('',(0.,1.,0.));
#11518=DIRECTION('',(0.,0.,1.));
#11519=DIRECTION('',(0.,-1.,0.));
#11520=DIRECTION('',(0.,0.,1.));
#11521=DIRECTION('',(0.,1.,0.));
#11522=DIRECTION('',(0.,0.,1.));
#11523=DIRECTION('',(0.,-1.,0.));
#11524=DIRECTION('',(0.,0.,1.));
#11525=DIRECTION('',(1.,0.,0.));
#11526=DIRECTION('',(0.,0.,-1.));
#11527=DIRECTION('',(0.,0.,-1.));
#11528=DIRECTION('',(0.,-1.,0.));
#11529=DIRECTION('',(0.,0.,-1.));
#11530=DIRECTION('',(0.,0.,1.));
#11531=DIRECTION('',(0.,1.,0.));
#11532=DIRECTION('',(-1.,0.,0.));
#11533=DIRECTION('',(0.,0.,1.));
#11534=DIRECTION('',(0.,0.,1.));
#11535=DIRECTION('',(0.,1.,0.));
#11536=DIRECTION('',(0.,0.,1.));
#11537=DIRECTION('',(0.,-1.,0.));
#11538=DIRECTION('',(0.,0.,1.));
#11539=DIRECTION('',(0.,0.,-1.));
#11540=DIRECTION('',(-1.,0.,0.));
#11541=DIRECTION('',(-1.,0.,0.));
#11542=DIRECTION('',(0.,1.,0.));
#11543=DIRECTION('',(1.,-5.50007443239317E-17,0.));
#11544=DIRECTION('',(0.,-1.,0.));
#11545=DIRECTION('',(1.,0.,0.));
#11546=DIRECTION('',(0.,0.,-1.));
#11547=DIRECTION('',(-1.,0.,0.));
#11548=DIRECTION('',(1.,-5.50007443239317E-17,0.));
#11549=DIRECTION('',(0.,-1.,0.));
#11550=DIRECTION('',(-1.,0.,0.));
#11551=DIRECTION('',(-1.,0.,0.));
#11552=DIRECTION('',(0.,1.,0.));
#11553=DIRECTION('',(-5.50007443239317E-17,-1.,0.));
#11554=DIRECTION('',(1.,-5.50007443239317E-17,0.));
#11555=DIRECTION('',(-0.70710678118655,3.88913992817597E-17,0.707106781186546));
#11556=DIRECTION('',(0.,0.,-1.));
#11557=DIRECTION('',(0.,0.,1.));
#11558=DIRECTION('',(-0.70710678118655,3.88913992817597E-17,-0.707106781186546));
#11559=DIRECTION('',(-5.50007443239317E-17,-1.,0.));
#11560=DIRECTION('',(1.,-5.50007443239317E-17,0.));
#11561=DIRECTION('',(0.,0.,1.));
#11562=DIRECTION('',(-0.707106781186545,3.88913992817595E-17,-0.70710678118655));
#11563=DIRECTION('',(-0.707106781186552,3.88913992817599E-17,0.707106781186543));
#11564=DIRECTION('',(4.04768811061239E-15,-2.2262585887481E-31,-1.));
#11565=DIRECTION('',(0.,0.,1.));
#11566=DIRECTION('',(1.,0.,0.));
#11567=DIRECTION('',(0.,1.,0.));
#11568=DIRECTION('',(-1.,0.,0.));
#11569=DIRECTION('',(-1.,0.,0.));
#11570=DIRECTION('',(0.,1.,0.));
#11571=DIRECTION('',(-1.,0.,0.));
#11572=DIRECTION('',(-1.,0.,0.));
#11573=DIRECTION('',(0.,0.,1.));
#11574=DIRECTION('',(1.,0.,0.));
#11575=DIRECTION('',(-1.,0.,0.));
#11576=DIRECTION('',(0.,-1.,0.));
#11577=DIRECTION('',(-1.,0.,0.));
#11578=DIRECTION('',(-1.,0.,0.));
#11579=DIRECTION('',(1.,-1.80700362080917E-16,3.61400724161834E-16));
#11580=DIRECTION('',(0.,0.894427190999915,0.447213595499959));
#11581=DIRECTION('',(0.,-0.447213595499959,0.894427190999915));
#11582=DIRECTION('',(0.,-0.447213595499959,0.894427190999915));
#11583=DIRECTION('',(0.666666666666669,0.333333333333333,-0.666666666666665));
#11584=DIRECTION('',(0.,0.447213595499959,-0.894427190999915));
#11585=DIRECTION('',(0.,0.894427190999915,0.447213595499959));
#11586=DIRECTION('',(0.,-0.447213595499959,0.894427190999915));
#11587=DIRECTION('',(0.666666666666664,-0.333333333333335,0.666666666666668));
#11588=DIRECTION('',(0.,0.447213595499959,-0.894427190999915));
#11589=DIRECTION('',(0.,0.447213595499959,-0.894427190999915));
#11590=DIRECTION('',(0.,0.,-1.));
#11591=DIRECTION('',(-1.,0.,0.));
#11592=DIRECTION('',(-1.,5.50007443239317E-17,0.));
#11593=DIRECTION('',(0.,1.,0.));
#11594=DIRECTION('',(1.,0.,0.));
#11595=DIRECTION('',(-1.,0.,0.));
#11596=DIRECTION('',(0.,-1.,0.));
#11597=DIRECTION('',(5.50007443239317E-17,1.,0.));
#11598=DIRECTION('',(-1.,5.50007443239317E-17,0.));
#11599=DIRECTION('',(0.70710678118655,-3.88913992817597E-17,-0.707106781186546));
#11600=DIRECTION('',(0.70710678118655,-3.88913992817597E-17,0.707106781186546));
#11601=DIRECTION('',(0.,0.,1.));
#11602=DIRECTION('',(0.,-0.894427190999915,0.447213595499959));
#11603=DIRECTION('',(0.,-0.447213595499959,-0.894427190999915));
#11604=DIRECTION('',(0.,0.447213595499959,0.894427190999915));
#11605=DIRECTION('',(0.,0.447213595499959,0.894427190999915));
#11606=DIRECTION('',(-0.666666666666669,-0.333333333333333,-0.666666666666665));
#11607=DIRECTION('',(0.,0.,-1.));
#11608=DIRECTION('',(-1.,0.,0.));
#11609=DIRECTION('',(-1.,0.,0.));
#11610=DIRECTION('',(0.,-1.,0.));
#11611=DIRECTION('',(-1.,5.50007443239317E-17,0.));
#11612=DIRECTION('',(0.,1.,0.));
#11613=DIRECTION('',(-1.,0.,0.));
#11614=DIRECTION('',(5.50007443239317E-17,1.,0.));
#11615=DIRECTION('',(-1.,5.50007443239317E-17,0.));
#11616=DIRECTION('',(0.707106781186545,-3.88913992817595E-17,0.70710678118655));
#11617=DIRECTION('',(0.707106781186552,-3.88913992817599E-17,-0.707106781186543));
#11618=DIRECTION('',(0.,-0.894427190999915,0.447213595499959));
#11619=DIRECTION('',(0.,-0.447213595499959,-0.894427190999915));
#11620=DIRECTION('',(-0.666666666666671,0.333333333333332,0.666666666666663));
#11621=DIRECTION('',(-7.75791922889772E-16,-0.447213595499959,-0.894427190999915));
#11622=DIRECTION('',(0.,0.,-1.));
#11623=DIRECTION('',(-1.,0.,0.));
#11624=DIRECTION('',(-1.,0.,0.));
#11625=DIRECTION('',(0.,-1.,0.));
#11626=DIRECTION('',(-1.,5.50007443239317E-17,0.));
#11627=DIRECTION('',(0.,1.,0.));
#11628=DIRECTION('',(1.,0.,0.));
#11629=DIRECTION('',(0.,0.,-1.));
#11630=DIRECTION('',(0.,0.447213595499959,0.894427190999915));
#11631=DIRECTION('',(0.,0.,1.));
#11632=DIRECTION('',(0.,0.,-1.));
#11633=DIRECTION('',(0.,-1.,0.));
#11634=DIRECTION('',(0.,0.,-1.));
#11635=DIRECTION('',(0.,-1.,0.));
#11636=DIRECTION('',(0.,0.,-1.));
#11637=DIRECTION('',(0.,-1.,0.));
#11638=DIRECTION('',(0.,0.,-1.));
#11639=DIRECTION('',(0.,0.,-1.));
#11640=DIRECTION('',(-1.,0.,0.));
#11641=DIRECTION('',(-1.,0.,0.));
#11642=DIRECTION('',(-1.15648231731787E-15,-1.,0.));
#11643=DIRECTION('',(-1.,5.50007443239317E-17,0.));
#11644=DIRECTION('',(0.,1.,0.));
#11645=DIRECTION('',(-1.,0.,0.));
#11646=DIRECTION('',(0.,0.,-1.));
#11647=DIRECTION('',(-1.,0.,0.));
#11648=DIRECTION('',(-1.,0.,0.));
#11649=DIRECTION('',(-1.,0.,0.));
#11650=DIRECTION('',(0.,-1.,0.));
#11651=DIRECTION('',(-1.,5.50007443239317E-17,0.));
#11652=DIRECTION('',(0.,1.,0.));
#11653=DIRECTION('',(0.,0.,1.));
#11654=DIRECTION('',(1.,0.,0.));
#11655=DIRECTION('',(-1.,0.,0.));
#11656=DIRECTION('',(1.,0.,0.));
#11657=DIRECTION('',(0.,0.,1.));
#11658=DIRECTION('',(1.,0.,0.));
#11659=DIRECTION('',(0.,1.,0.));
#11660=DIRECTION('',(1.,0.,0.));
#11661=DIRECTION('',(0.,1.,0.));
#11662=DIRECTION('',(-1.,-1.22464679914739E-16,0.));
#11663=DIRECTION('',(1.,0.,4.04768811061239E-15));
#11664=DIRECTION('',(4.04768811061239E-15,0.,-1.));
#11665=DIRECTION('',(0.,-1.,0.));
#11666=DIRECTION('',(3.62036230681879E-15,-0.447213595499959,-0.894427190999915));
#11667=DIRECTION('',(0.,-1.,0.));
#11668=DIRECTION('',(4.04768811061239E-15,-2.2262585887481E-31,-1.));
#11669=DIRECTION('',(0.,0.,1.));
#11670=DIRECTION('',(1.7347234759768E-15,1.,0.));
#11671=DIRECTION('',(0.,0.,1.));
#11672=DIRECTION('',(0.,1.,0.));
#11673=DIRECTION('',(0.,0.,1.));
#11674=DIRECTION('',(0.,1.,0.));
#11675=DIRECTION('',(4.04768811061239E-15,-7.31418707178283E-31,-1.));
#11676=DIRECTION('',(-1.,0.,0.));
#11677=DIRECTION('',(0.,0.,1.));
#11678=DIRECTION('',(0.,1.,0.));
#11679=DIRECTION('',(0.,0.,1.));
#11680=DIRECTION('',(0.,-1.,0.));
#11681=DIRECTION('',(0.,0.,1.));
#11682=DIRECTION('',(0.,1.,0.));
#11683=DIRECTION('',(0.,0.,1.));
#11684=DIRECTION('',(0.,-1.,0.));
#11685=DIRECTION('',(0.,0.,1.));
#11686=DIRECTION('',(1.,0.,0.));
#11687=DIRECTION('',(0.,0.,-1.));
#11688=DIRECTION('',(0.,0.,-1.));
#11689=DIRECTION('',(0.,-1.,0.));
#11690=DIRECTION('',(0.,0.,-1.));
#11691=DIRECTION('',(0.,0.,1.));
#11692=DIRECTION('',(0.,1.,0.));
#11693=DIRECTION('',(-1.,0.,0.));
#11694=DIRECTION('',(0.,0.,1.));
#11695=DIRECTION('',(0.,0.,1.));
#11696=DIRECTION('',(0.,1.,0.));
#11697=DIRECTION('',(0.,0.,1.));
#11698=DIRECTION('',(0.,-1.,0.));
#11699=DIRECTION('',(0.,0.,1.));
#11700=DIRECTION('',(-5.50007443239317E-17,-1.,0.));
#11701=DIRECTION('',(1.,-5.50007443239317E-17,0.));
#11702=DIRECTION('',(1.,-5.50007443239317E-17,0.));
#11703=DIRECTION('',(-0.70710678118655,3.88913992817597E-17,0.707106781186546));
#11704=DIRECTION('',(0.,0.,-1.));
#11705=DIRECTION('',(0.,0.,1.));
#11706=DIRECTION('',(-5.50007443239317E-17,-1.,0.));
#11707=DIRECTION('',(1.,-5.50007443239317E-17,0.));
#11708=DIRECTION('',(0.,0.,1.));
#11709=DIRECTION('',(-0.707106781186545,3.88913992817595E-17,-0.70710678118655));
#11710=DIRECTION('',(1.,-5.50007443239317E-17,0.));
#11711=DIRECTION('',(-0.707106781186553,3.88913992817599E-17,0.707106781186542));
#11712=DIRECTION('',(4.04768811061239E-15,-2.2262585887481E-31,-1.));
#11713=DIRECTION('',(0.,0.,-1.));
#11714=DIRECTION('',(-1.,0.,0.));
#11715=DIRECTION('',(-1.,0.,0.));
#11716=DIRECTION('',(0.,1.,0.));
#11717=DIRECTION('',(-1.15648231731787E-15,-1.,0.));
#11718=DIRECTION('',(0.,0.,-1.));
#11719=DIRECTION('',(-1.,0.,0.));
#11720=DIRECTION('',(-1.,0.,0.));
#11721=DIRECTION('',(1.,0.,0.));
#11722=DIRECTION('',(0.,1.,0.));
#11723=DIRECTION('',(0.,-1.,0.));
#11724=DIRECTION('',(5.50007443239317E-17,1.,0.));
#11725=DIRECTION('',(-1.,5.50007443239317E-17,0.));
#11726=DIRECTION('',(0.70710678118655,-3.88913992817597E-17,-0.707106781186546));
#11727=DIRECTION('',(0.,0.,1.));
#11728=DIRECTION('',(5.50007443239317E-17,1.,0.));
#11729=DIRECTION('',(-1.,5.50007443239317E-17,0.));
#11730=DIRECTION('',(0.707106781186545,-3.88913992817595E-17,0.70710678118655));
#11731=DIRECTION('',(0.707106781186553,-3.88913992817599E-17,-0.707106781186542));
#11732=DIRECTION('',(1.,0.,0.));
#11733=DIRECTION('',(0.,0.,-1.));
#11734=DIRECTION('',(0.,0.,-1.));
#11735=DIRECTION('',(0.,-1.,0.));
#11736=DIRECTION('',(0.,0.,-1.));
#11737=DIRECTION('',(0.,0.,1.));
#11738=DIRECTION('',(1.,0.,0.));
#11739=DIRECTION('',(-1.,0.,0.));
#11740=DIRECTION('',(1.,0.,0.));
#11741=DIRECTION('',(0.,0.,1.));
#11742=DIRECTION('',(1.,0.,0.));
#11743=DIRECTION('',(-1.,0.,0.));
#11744=DIRECTION('',(-1.,5.50007443239317E-17,0.));
#11745=DIRECTION('',(0.,1.,0.));
#11746=DIRECTION('',(1.,5.50007443239317E-17,0.));
#11747=DIRECTION('',(1.,0.,0.));
#11748=DIRECTION('',(0.,-1.,0.));
#11749=DIRECTION('',(1.,5.03110056837821E-17,0.));
#11750=DIRECTION('',(0.,1.,0.));
#11751=DIRECTION('',(-1.,5.03110056837821E-17,0.));
#11752=DIRECTION('',(1.,0.,0.));
#11753=DIRECTION('',(0.,0.,-1.));
#11754=DIRECTION('',(0.,0.,-1.));
#11755=DIRECTION('',(0.,0.,-1.));
#11756=DIRECTION('',(-5.03110056837821E-17,1.,0.));
#11757=DIRECTION('',(-1.,-5.03110056837821E-17,0.));
#11758=DIRECTION('',(0.,0.,-1.));
#11759=DIRECTION('',(-1.,0.,0.));
#11760=DIRECTION('',(0.,0.,1.));
#11761=DIRECTION('',(0.,0.,-1.));
#11762=DIRECTION('',(-5.03110056837821E-17,-1.,0.));
#11763=DIRECTION('',(1.,-5.03110056837821E-17,0.));
#11764=DIRECTION('',(-5.50007443239317E-17,1.,0.));
#11765=DIRECTION('',(-1.,-5.50007443239317E-17,0.));
#11766=DIRECTION('',(0.,0.,-1.));
#11767=DIRECTION('',(1.,5.50007443239317E-17,0.));
#11768=DIRECTION('',(-1.,0.,0.));
#11769=DIRECTION('',(0.,0.,1.));
#11770=DIRECTION('',(0.,0.,-1.));
#11771=DIRECTION('',(0.,1.,0.));
#11772=DIRECTION('',(-5.50007443239317E-17,-1.,0.));
#11773=DIRECTION('',(1.,-5.50007443239317E-17,0.));
#11774=DIRECTION('',(-1.,5.50007443239317E-17,0.));
#11775=DIRECTION('',(0.,0.,1.));
#11776=DIRECTION('',(1.,0.,0.));
#11777=DIRECTION('',(0.,-1.,0.));
#11778=DIRECTION('',(-1.,2.4394548880924E-15,0.));
#11779=DIRECTION('',(0.,1.,0.));
#11780=DIRECTION('',(1.,1.62630325872826E-15,0.));
#11781=DIRECTION('',(0.,-1.,0.));
#11782=DIRECTION('',(-1.,-1.80700362080917E-16,0.));
#11783=DIRECTION('',(0.,1.,0.));
#11784=DIRECTION('',(1.,2.07805416393055E-15,0.));
#11785=DIRECTION('',(-1.,0.,0.));
#11786=DIRECTION('',(1.,0.,0.));
#11787=DIRECTION('',(0.,-1.,0.));
#11788=DIRECTION('',(-1.,0.,0.));
#11789=DIRECTION('',(0.,1.,0.));
#11790=DIRECTION('',(1.,0.,0.));
#11791=DIRECTION('',(1.,-1.80700362080917E-16,0.));
#11792=DIRECTION('',(1.,0.,0.));
#11793=DIRECTION('',(1.,-1.80700362080917E-16,0.));
#11794=DIRECTION('',(0.,-1.,0.));
#11795=DIRECTION('',(-1.,0.,0.));
#11796=DIRECTION('',(0.,-1.,0.));
#11797=DIRECTION('',(-1.,0.,0.));
#11798=DIRECTION('',(0.,1.,0.));
#11799=DIRECTION('',(-1.,0.,0.));
#11800=DIRECTION('',(0.,1.,0.));
#11801=DIRECTION('',(1.,0.,0.));
#11802=DIRECTION('',(1.,0.,0.));
#11803=DIRECTION('',(1.,0.,0.));
#11804=DIRECTION('',(-1.7347234759768E-15,-1.,0.));
#11805=DIRECTION('',(-1.,0.,0.));
#11806=DIRECTION('',(0.,-1.,0.));
#11807=DIRECTION('',(-1.,-1.22464679914739E-16,0.));
#11808=DIRECTION('',(0.,1.,0.));
#11809=DIRECTION('',(-1.,0.,0.));
#11810=DIRECTION('',(0.,1.,0.));
#11811=DIRECTION('',(0.,-1.,0.));
#11812=DIRECTION('',(-1.,2.4394548880924E-15,0.));
#11813=DIRECTION('',(0.,1.,0.));
#11814=DIRECTION('',(1.,1.62630325872826E-15,0.));
#11815=DIRECTION('',(0.,-1.,0.));
#11816=DIRECTION('',(-1.,-1.80700362080917E-16,0.));
#11817=DIRECTION('',(0.,1.,0.));
#11818=DIRECTION('',(1.,2.07805416393055E-15,0.));
#11819=DIRECTION('',(-1.,0.,0.));
#11820=DIRECTION('',(1.,0.,0.));
#11821=DIRECTION('',(0.,-1.,0.));
#11822=DIRECTION('',(-1.,0.,0.));
#11823=DIRECTION('',(0.,1.,0.));
#11824=DIRECTION('',(1.,0.,0.));
#11825=DIRECTION('',(1.,-1.80700362080917E-16,0.));
#11826=DIRECTION('',(1.,0.,0.));
#11827=DIRECTION('',(1.,-1.80700362080917E-16,0.));
#11828=DIRECTION('',(0.,-1.,0.));
#11829=DIRECTION('',(-1.,0.,0.));
#11830=DIRECTION('',(0.,-1.,0.));
#11831=DIRECTION('',(-1.,0.,0.));
#11832=DIRECTION('',(0.,1.,0.));
#11833=DIRECTION('',(-1.,0.,0.));
#11834=DIRECTION('',(0.,1.,0.));
#11835=DIRECTION('',(1.,0.,0.));
#11836=DIRECTION('',(1.,0.,0.));
#11837=DIRECTION('',(1.,0.,0.));
#11838=DIRECTION('',(-1.7347234759768E-15,-1.,0.));
#11839=DIRECTION('',(-1.,0.,0.));
#11840=DIRECTION('',(0.,-1.,0.));
#11841=DIRECTION('',(-1.,-1.22464679914739E-16,0.));
#11842=DIRECTION('',(0.,1.,0.));
#11843=DIRECTION('',(-1.,0.,0.));
#11844=DIRECTION('',(0.,1.,0.));
#11845=DIRECTION('',(0.,-1.,0.));
#11846=DIRECTION('',(-1.,2.4394548880924E-15,0.));
#11847=DIRECTION('',(0.,1.,0.));
#11848=DIRECTION('',(1.,1.62630325872826E-15,0.));
#11849=DIRECTION('',(0.,-1.,0.));
#11850=DIRECTION('',(-1.,-1.80700362080917E-16,0.));
#11851=DIRECTION('',(0.,1.,0.));
#11852=DIRECTION('',(1.,2.07805416393055E-15,0.));
#11853=DIRECTION('',(-1.,0.,0.));
#11854=DIRECTION('',(1.,0.,0.));
#11855=DIRECTION('',(0.,-1.,0.));
#11856=DIRECTION('',(-1.,0.,0.));
#11857=DIRECTION('',(0.,1.,0.));
#11858=DIRECTION('',(1.,0.,0.));
#11859=DIRECTION('',(1.,-1.80700362080917E-16,0.));
#11860=DIRECTION('',(1.,0.,0.));
#11861=DIRECTION('',(1.,-1.80700362080917E-16,0.));
#11862=DIRECTION('',(0.,-1.,0.));
#11863=DIRECTION('',(-1.,0.,0.));
#11864=DIRECTION('',(0.,-1.,0.));
#11865=DIRECTION('',(-1.,0.,0.));
#11866=DIRECTION('',(0.,1.,0.));
#11867=DIRECTION('',(-1.,0.,0.));
#11868=DIRECTION('',(0.,1.,0.));
#11869=DIRECTION('',(1.,0.,0.));
#11870=DIRECTION('',(1.,0.,0.));
#11871=DIRECTION('',(1.,0.,0.));
#11872=DIRECTION('',(-1.7347234759768E-15,-1.,0.));
#11873=DIRECTION('',(-1.,0.,0.));
#11874=DIRECTION('',(0.,-1.,0.));
#11875=DIRECTION('',(-1.,-1.22464679914739E-16,0.));
#11876=DIRECTION('',(0.,1.,0.));
#11877=DIRECTION('',(-1.,0.,0.));
#11878=DIRECTION('',(0.,1.,0.));
#11879=DIRECTION('',(0.,-1.,0.));
#11880=DIRECTION('',(-1.,2.4394548880924E-15,0.));
#11881=DIRECTION('',(0.,1.,0.));
#11882=DIRECTION('',(1.,1.62630325872826E-15,0.));
#11883=DIRECTION('',(0.,-1.,0.));
#11884=DIRECTION('',(-1.,-1.80700362080917E-16,0.));
#11885=DIRECTION('',(0.,1.,0.));
#11886=DIRECTION('',(1.,2.07805416393055E-15,0.));
#11887=DIRECTION('',(-1.,0.,0.));
#11888=DIRECTION('',(1.,0.,0.));
#11889=DIRECTION('',(0.,-1.,0.));
#11890=DIRECTION('',(-1.,0.,0.));
#11891=DIRECTION('',(0.,1.,0.));
#11892=DIRECTION('',(1.,0.,0.));
#11893=DIRECTION('',(1.,-1.80700362080917E-16,0.));
#11894=DIRECTION('',(1.,0.,0.));
#11895=DIRECTION('',(1.,-1.80700362080917E-16,0.));
#11896=DIRECTION('',(0.,-1.,0.));
#11897=DIRECTION('',(-1.,0.,0.));
#11898=DIRECTION('',(0.,-1.,0.));
#11899=DIRECTION('',(-1.,0.,0.));
#11900=DIRECTION('',(0.,1.,0.));
#11901=DIRECTION('',(-1.,0.,0.));
#11902=DIRECTION('',(0.,1.,0.));
#11903=DIRECTION('',(1.,0.,0.));
#11904=DIRECTION('',(1.,0.,0.));
#11905=DIRECTION('',(1.,0.,0.));
#11906=DIRECTION('',(-1.7347234759768E-15,-1.,0.));
#11907=DIRECTION('',(-1.,0.,0.));
#11908=DIRECTION('',(0.,-1.,0.));
#11909=DIRECTION('',(-1.,-1.22464679914739E-16,0.));
#11910=DIRECTION('',(0.,1.,0.));
#11911=DIRECTION('',(-1.,0.,0.));
#11912=DIRECTION('',(0.,1.,0.));
#11913=DIRECTION('',(0.,-1.,0.));
#11914=DIRECTION('',(-1.,2.4394548880924E-15,0.));
#11915=DIRECTION('',(0.,1.,0.));
#11916=DIRECTION('',(1.,1.62630325872826E-15,0.));
#11917=DIRECTION('',(0.,-1.,0.));
#11918=DIRECTION('',(-1.,-1.80700362080917E-16,0.));
#11919=DIRECTION('',(0.,1.,0.));
#11920=DIRECTION('',(1.,2.07805416393055E-15,0.));
#11921=DIRECTION('',(-1.,0.,0.));
#11922=DIRECTION('',(1.,0.,0.));
#11923=DIRECTION('',(0.,-1.,0.));
#11924=DIRECTION('',(-1.,0.,0.));
#11925=DIRECTION('',(0.,1.,0.));
#11926=DIRECTION('',(1.,0.,0.));
#11927=DIRECTION('',(1.,-1.80700362080917E-16,0.));
#11928=DIRECTION('',(1.,0.,0.));
#11929=DIRECTION('',(1.,-1.80700362080917E-16,0.));
#11930=DIRECTION('',(0.,-1.,0.));
#11931=DIRECTION('',(-1.,0.,0.));
#11932=DIRECTION('',(0.,-1.,0.));
#11933=DIRECTION('',(-1.,0.,0.));
#11934=DIRECTION('',(0.,1.,0.));
#11935=DIRECTION('',(-1.,0.,0.));
#11936=DIRECTION('',(0.,1.,0.));
#11937=DIRECTION('',(1.,0.,0.));
#11938=DIRECTION('',(1.,0.,0.));
#11939=DIRECTION('',(1.,0.,0.));
#11940=DIRECTION('',(-1.7347234759768E-15,-1.,0.));
#11941=DIRECTION('',(-1.,0.,0.));
#11942=DIRECTION('',(0.,-1.,0.));
#11943=DIRECTION('',(-1.,-1.22464679914739E-16,0.));
#11944=DIRECTION('',(0.,1.,0.));
#11945=DIRECTION('',(-1.,0.,0.));
#11946=DIRECTION('',(0.,1.,0.));
#11947=DIRECTION('',(0.,-1.,0.));
#11948=DIRECTION('',(-1.,2.4394548880924E-15,0.));
#11949=DIRECTION('',(0.,1.,0.));
#11950=DIRECTION('',(1.,1.62630325872826E-15,0.));
#11951=DIRECTION('',(0.,-1.,0.));
#11952=DIRECTION('',(-1.,-1.80700362080917E-16,0.));
#11953=DIRECTION('',(0.,1.,0.));
#11954=DIRECTION('',(1.,2.07805416393055E-15,0.));
#11955=DIRECTION('',(-1.,0.,0.));
#11956=DIRECTION('',(1.,0.,0.));
#11957=DIRECTION('',(0.,-1.,0.));
#11958=DIRECTION('',(-1.,0.,0.));
#11959=DIRECTION('',(0.,1.,0.));
#11960=DIRECTION('',(1.,0.,0.));
#11961=DIRECTION('',(1.,-1.80700362080917E-16,0.));
#11962=DIRECTION('',(1.,0.,0.));
#11963=DIRECTION('',(1.,-1.80700362080917E-16,0.));
#11964=DIRECTION('',(0.,-1.,0.));
#11965=DIRECTION('',(-1.,0.,0.));
#11966=DIRECTION('',(0.,-1.,0.));
#11967=DIRECTION('',(-1.,0.,0.));
#11968=DIRECTION('',(0.,1.,0.));
#11969=DIRECTION('',(-1.,0.,0.));
#11970=DIRECTION('',(0.,1.,0.));
#11971=DIRECTION('',(1.,0.,0.));
#11972=DIRECTION('',(1.,0.,0.));
#11973=DIRECTION('',(1.,0.,0.));
#11974=DIRECTION('',(-1.7347234759768E-15,-1.,0.));
#11975=DIRECTION('',(-1.,0.,0.));
#11976=DIRECTION('',(0.,-1.,0.));
#11977=DIRECTION('',(-1.,-1.22464679914739E-16,0.));
#11978=DIRECTION('',(0.,1.,0.));
#11979=DIRECTION('',(-1.,0.,0.));
#11980=DIRECTION('',(0.,1.,0.));
#11981=DIRECTION('',(-1.,1.15648231731787E-15,0.));
#11982=DIRECTION('',(-1.15648231731787E-15,-1.,0.));
#11983=DIRECTION('',(5.1719461525985E-16,0.447213595499959,0.894427190999915));
#11984=DIRECTION('',(1.15648231731787E-15,1.,0.));
#11985=DIRECTION('',(5.1719461525985E-16,0.447213595499959,-0.894427190999915));
#11986=DIRECTION('',(5.50007443239317E-17,1.,0.));
#11987=DIRECTION('',(-1.,5.50007443239317E-17,0.));
#11988=DIRECTION('',(0.707106781186548,-3.88913992817596E-17,0.707106781186548));
#11989=DIRECTION('',(0.,1.,0.));
#11990=DIRECTION('',(0.,0.,1.));
#11991=DIRECTION('',(0.,-1.,0.));
#11992=DIRECTION('',(0.,0.,-1.));
#11993=DIRECTION('',(1.,0.,4.04768811061239E-15));
#11994=DIRECTION('',(4.04768811061239E-15,0.,-1.));
#11995=DIRECTION('',(0.,-1.,0.));
#11996=DIRECTION('',(-4.04768811061239E-15,0.,1.));
#11997=DIRECTION('',(0.,0.,1.));
#11998=DIRECTION('',(-1.,0.,0.));
#11999=DIRECTION('',(0.,0.,1.));
#12000=DIRECTION('',(0.,0.,-1.));
#12001=DIRECTION('',(0.,1.,0.));
#12002=DIRECTION('',(0.,0.,1.));
#12003=DIRECTION('',(1.,0.,0.));
#12004=DIRECTION('',(0.,0.,-1.));
#12005=DIRECTION('',(0.,-0.447213595499959,0.894427190999915));
#12006=DIRECTION('',(0.,-1.,0.));
#12007=DIRECTION('',(0.,0.,1.));
#12008=DIRECTION('',(0.,0.,1.));
#12009=DIRECTION('',(0.,0.,1.));
#12010=DIRECTION('',(0.,0.,1.));
#12011=DIRECTION('',(0.,-1.,0.));
#12012=DIRECTION('',(-1.,0.,0.));
#12013=DIRECTION('',(0.,0.,1.));
#12014=DIRECTION('',(0.,0.,-1.));
#12015=DIRECTION('',(0.,1.,0.));
#12016=DIRECTION('',(0.,0.447213595499959,-0.894427190999915));
#12017=DIRECTION('',(0.,1.,0.));
#12018=DIRECTION('',(0.,0.,1.));
#12019=DIRECTION('',(0.,0.,1.));
#12020=DIRECTION('',(0.,0.,1.));
#12021=DIRECTION('',(0.,-1.,0.));
#12022=DIRECTION('',(0.,0.,-1.));
#12023=DIRECTION('',(0.,1.,0.));
#12024=DIRECTION('',(0.,0.,1.));
#12025=DIRECTION('',(0.,-1.,0.));
#12026=DIRECTION('',(0.,0.,-1.));
#12027=DIRECTION('',(-1.22464679914739E-16,1.,0.));
#12028=DIRECTION('',(-1.,-1.22464679914739E-16,0.));
#12029=DIRECTION('',(0.,-1.,0.));
#12030=DIRECTION('',(0.,0.,-1.));
#12031=DIRECTION('',(-0.70710678118655,0.,0.707106781186546));
#12032=DIRECTION('',(0.,0.,1.));
#12033=DIRECTION('',(1.,0.,0.));
#12034=DIRECTION('',(0.,0.,-1.));
#12035=DIRECTION('',(0.,0.,1.));
#12036=DIRECTION('',(0.,-0.447213595499959,-0.894427190999915));
#12037=DIRECTION('',(0.,1.,0.));
#12038=DIRECTION('',(0.,0.,1.));
#12039=DIRECTION('',(-1.,0.,0.));
#12040=DIRECTION('',(-1.,1.7347234759768E-15,0.));
#12041=DIRECTION('',(-1.7347234759768E-15,-1.,0.));
#12042=DIRECTION('',(0.,0.,1.));
#12043=DIRECTION('',(7.75791922889772E-16,0.447213595499959,0.894427190999915));
#12044=DIRECTION('',(0.,0.,1.));
#12045=DIRECTION('',(0.,-1.,0.));
#12046=DIRECTION('',(0.,0.,-1.));
#12047=DIRECTION('',(-0.707106781186545,0.,-0.70710678118655));
#12048=DIRECTION('',(0.,1.,0.));
#12049=DIRECTION('',(0.,0.,1.));
#12050=DIRECTION('',(-1.,0.,0.));
#12051=DIRECTION('',(-1.80700362080917E-16,-1.,0.));
#12052=DIRECTION('',(1.,-1.80700362080917E-16,0.));
#12053=DIRECTION('',(0.,0.,1.));
#12054=DIRECTION('',(-1.,0.,0.));
#12055=DIRECTION('',(1.,0.,0.));
#12056=DIRECTION('',(0.,0.,-1.));
#12057=DIRECTION('',(0.,0.,1.));
#12058=DIRECTION('',(0.,-0.447213595499959,0.894427190999915));
#12059=DIRECTION('',(0.,1.,0.));
#12060=DIRECTION('',(0.,0.,1.));
#12061=DIRECTION('',(0.707106781186553,0.,-0.707106781186542));
#12062=DIRECTION('',(-1.,0.,0.));
#12063=DIRECTION('',(0.,0.,1.));
#12064=DIRECTION('',(0.,0.,1.));
#12065=DIRECTION('',(0.,0.,1.));
#12066=DIRECTION('',(-1.80700362080917E-16,-1.,0.));
#12067=DIRECTION('',(1.,-1.80700362080917E-16,0.));
#12068=DIRECTION('',(0.,1.,0.));
#12069=DIRECTION('',(0.,0.,1.));
#12070=DIRECTION('',(0.70710678118655,0.,0.707106781186546));
#12071=DIRECTION('',(0.,-1.,0.));
#12072=DIRECTION('',(0.,0.,-1.));
#12073=DIRECTION('',(0.,1.,0.));
#12074=DIRECTION('',(0.,0.,1.));
#12075=DIRECTION('',(0.,-1.,0.));
#12076=DIRECTION('',(0.,0.,-1.));
#12077=DIRECTION('',(0.,1.,0.));
#12078=DIRECTION('',(0.,0.,1.));
#12079=DIRECTION('',(-1.,0.,0.));
#12080=DIRECTION('',(0.,0.,1.));
#12081=DIRECTION('',(0.,0.,1.));
#12082=DIRECTION('',(0.,-1.,0.));
#12083=DIRECTION('',(0.,0.,1.));
#12084=DIRECTION('',(2.07805416393055E-15,-1.,0.));
#12085=DIRECTION('',(1.,2.07805416393055E-15,0.));
#12086=DIRECTION('',(0.,0.,1.));
#12087=DIRECTION('',(1.,2.07805416393055E-15,0.));
#12088=DIRECTION('',(1.,0.,0.));
#12089=DIRECTION('',(0.,0.,-1.));
#12090=DIRECTION('',(0.,0.,1.));
#12091=DIRECTION('',(0.,1.,0.));
#12092=DIRECTION('',(-1.80700362080917E-16,1.,0.));
#12093=DIRECTION('',(-1.,-1.80700362080917E-16,0.));
#12094=DIRECTION('',(-1.,-1.80700362080917E-16,0.));
#12095=DIRECTION('',(0.,0.,1.));
#12096=DIRECTION('',(1.,0.,0.));
#12097=DIRECTION('',(-1.,0.,0.));
#12098=DIRECTION('',(0.,0.,1.));
#12099=DIRECTION('',(0.,0.,1.));
#12100=DIRECTION('',(0.,-1.,0.));
#12101=DIRECTION('',(0.,0.,1.));
#12102=DIRECTION('',(1.62630325872826E-15,-1.,0.));
#12103=DIRECTION('',(1.,1.62630325872826E-15,0.));
#12104=DIRECTION('',(0.,0.,1.));
#12105=DIRECTION('',(1.,1.62630325872826E-15,0.));
#12106=DIRECTION('',(1.,0.,0.));
#12107=DIRECTION('',(0.,0.,-1.));
#12108=DIRECTION('',(0.,0.,1.));
#12109=DIRECTION('',(0.,1.,0.));
#12110=DIRECTION('',(2.4394548880924E-15,1.,0.));
#12111=DIRECTION('',(-1.,2.4394548880924E-15,0.));
#12112=DIRECTION('',(-1.,2.4394548880924E-15,0.));
#12113=DIRECTION('',(0.,0.,1.));
#12114=DIRECTION('',(1.,0.,0.));
#12115=DIRECTION('',(-0.707106781186546,0.,-0.70710678118655));
#12116=DIRECTION('',(-0.70710678118655,0.,0.707106781186546));
#12117=DIRECTION('',(0.666666666666669,0.333333333333333,-0.666666666666665));
#12118=DIRECTION('',(-0.707106781186546,0.,-0.70710678118655));
#12119=DIRECTION('',(-0.70710678118655,0.,0.707106781186546));
#12120=DIRECTION('',(0.70710678118655,0.,-0.707106781186545));
#12121=DIRECTION('',(-0.707106781186545,0.,-0.70710678118655));
#12122=DIRECTION('',(0.70710678118655,0.,-0.707106781186545));
#12123=DIRECTION('',(-0.707106781186545,0.,-0.70710678118655));
#12124=DIRECTION('',(0.666666666666664,-0.333333333333335,0.666666666666668));
#12125=DIRECTION('',(-0.707106781186542,0.,-0.707106781186553));
#12126=DIRECTION('',(-0.707106781186553,0.,0.707106781186542));
#12127=DIRECTION('',(-0.666666666666672,0.333333333333332,0.666666666666662));
#12128=DIRECTION('',(0.707106781186546,0.,-0.70710678118655));
#12129=DIRECTION('',(-0.70710678118655,0.,-0.707106781186546));
#12130=DIRECTION('',(-0.707106781186542,0.,-0.707106781186553));
#12131=DIRECTION('',(-0.707106781186553,0.,0.707106781186542));
#12132=DIRECTION('',(0.707106781186546,0.,-0.70710678118655));
#12133=DIRECTION('',(-0.70710678118655,0.,-0.707106781186546));
#12134=DIRECTION('',(0.,-0.894427190999915,0.447213595499959));
#12135=DIRECTION('',(0.,-0.447213595499959,-0.894427190999915));
#12136=DIRECTION('',(-1.,0.,0.));
#12137=DIRECTION('',(0.,0.,1.));
#12138=DIRECTION('',(1.,0.,0.));
#12139=DIRECTION('',(-1.,0.,0.));
#12140=DIRECTION('',(0.,0.894427190999915,0.447213595499959));
#12141=DIRECTION('',(0.,-0.447213595499959,0.894427190999915));
#12142=DIRECTION('',(0.,-0.894427190999915,0.447213595499959));
#12143=DIRECTION('',(0.,-0.447213595499959,-0.894427190999915));
#12144=DIRECTION('',(-0.666666666666666,-0.333333333333334,-0.666666666666666));
#12145=DIRECTION('',(0.,0.,1.));
#12146=DIRECTION('',(1.,0.,0.));
#12147=DIRECTION('',(-1.,0.,0.));
#12148=DIRECTION('',(-1.,0.,0.));
#12149=DIRECTION('',(0.,0.894427190999915,0.447213595499959));
#12150=DIRECTION('',(0.,-0.447213595499959,0.894427190999915));
#12151=DIRECTION('',(0.,-0.894427190999915,0.447213595499959));
#12152=DIRECTION('',(0.,-0.447213595499959,-0.894427190999915));
#12153=DIRECTION('',(1.,0.,4.04768811061239E-15));
#12154=DIRECTION('',(4.04768811061239E-15,0.,-1.));
#12155=DIRECTION('',(0.,-1.,0.));
#12156=DIRECTION('',(-4.04768811061239E-15,0.,1.));
#12157=DIRECTION('',(0.,0.,1.));
#12158=DIRECTION('',(-1.,0.,0.));
#12159=DIRECTION('',(0.,0.,1.));
#12160=DIRECTION('',(0.,0.,-1.));
#12161=DIRECTION('',(0.,1.,0.));
#12162=DIRECTION('',(0.,0.,1.));
#12163=DIRECTION('',(1.,0.,0.));
#12164=DIRECTION('',(0.,0.,-1.));
#12165=DIRECTION('',(0.,-1.,0.));
#12166=DIRECTION('',(0.,0.,1.));
#12167=DIRECTION('',(0.,0.,1.));
#12168=DIRECTION('',(0.,0.,1.));
#12169=DIRECTION('',(0.,0.,1.));
#12170=DIRECTION('',(-1.,0.,0.));
#12171=DIRECTION('',(0.,0.,1.));
#12172=DIRECTION('',(0.,1.,0.));
#12173=DIRECTION('',(0.,0.,1.));
#12174=DIRECTION('',(0.,0.,1.));
#12175=DIRECTION('',(0.,0.,1.));
#12176=DIRECTION('',(0.,0.,-1.));
#12177=DIRECTION('',(0.,-1.,0.));
#12178=DIRECTION('',(0.,0.,-1.));
#12179=DIRECTION('',(0.,1.,0.));
#12180=DIRECTION('',(0.,0.,1.));
#12181=DIRECTION('',(0.,-1.,0.));
#12182=DIRECTION('',(0.,0.,-1.));
#12183=DIRECTION('',(-1.22464679914739E-16,1.,0.));
#12184=DIRECTION('',(-1.,-1.22464679914739E-16,0.));
#12185=DIRECTION('',(0.,-1.,0.));
#12186=DIRECTION('',(0.,0.,-1.));
#12187=DIRECTION('',(-0.70710678118655,0.,0.707106781186546));
#12188=DIRECTION('',(0.,0.,1.));
#12189=DIRECTION('',(1.,0.,0.));
#12190=DIRECTION('',(0.,0.,-1.));
#12191=DIRECTION('',(0.,0.,1.));
#12192=DIRECTION('',(0.,1.,0.));
#12193=DIRECTION('',(0.,0.,1.));
#12194=DIRECTION('',(-1.,1.7347234759768E-15,0.));
#12195=DIRECTION('',(-1.7347234759768E-15,-1.,0.));
#12196=DIRECTION('',(0.,0.,1.));
#12197=DIRECTION('',(0.,0.,1.));
#12198=DIRECTION('',(0.,-1.,0.));
#12199=DIRECTION('',(0.,0.,-1.));
#12200=DIRECTION('',(-0.707106781186545,0.,-0.70710678118655));
#12201=DIRECTION('',(0.,1.,0.));
#12202=DIRECTION('',(0.,0.,1.));
#12203=DIRECTION('',(-1.80700362080917E-16,-1.,0.));
#12204=DIRECTION('',(1.,-1.80700362080917E-16,0.));
#12205=DIRECTION('',(0.,0.,1.));
#12206=DIRECTION('',(1.,0.,0.));
#12207=DIRECTION('',(0.,0.,-1.));
#12208=DIRECTION('',(0.,0.,1.));
#12209=DIRECTION('',(0.,1.,0.));
#12210=DIRECTION('',(0.,0.,1.));
#12211=DIRECTION('',(0.707106781186552,0.,-0.707106781186543));
#12212=DIRECTION('',(-1.,0.,0.));
#12213=DIRECTION('',(0.,0.,1.));
#12214=DIRECTION('',(0.,0.,1.));
#12215=DIRECTION('',(0.,0.,1.));
#12216=DIRECTION('',(-1.80700362080917E-16,-1.,0.));
#12217=DIRECTION('',(1.,-1.80700362080917E-16,0.));
#12218=DIRECTION('',(0.,1.,0.));
#12219=DIRECTION('',(0.,0.,1.));
#12220=DIRECTION('',(0.70710678118655,0.,0.707106781186546));
#12221=DIRECTION('',(0.,-1.,0.));
#12222=DIRECTION('',(0.,0.,-1.));
#12223=DIRECTION('',(0.,1.,0.));
#12224=DIRECTION('',(0.,0.,1.));
#12225=DIRECTION('',(0.,-1.,0.));
#12226=DIRECTION('',(0.,0.,-1.));
#12227=DIRECTION('',(0.,1.,0.));
#12228=DIRECTION('',(0.,0.,1.));
#12229=DIRECTION('',(-1.,0.,0.));
#12230=DIRECTION('',(0.,0.,1.));
#12231=DIRECTION('',(0.,0.,1.));
#12232=DIRECTION('',(0.,-1.,0.));
#12233=DIRECTION('',(0.,0.,1.));
#12234=DIRECTION('',(2.07805416393055E-15,-1.,0.));
#12235=DIRECTION('',(1.,2.07805416393055E-15,0.));
#12236=DIRECTION('',(0.,0.,1.));
#12237=DIRECTION('',(1.,2.07805416393055E-15,0.));
#12238=DIRECTION('',(1.,0.,0.));
#12239=DIRECTION('',(0.,0.,-1.));
#12240=DIRECTION('',(0.,0.,1.));
#12241=DIRECTION('',(0.,1.,0.));
#12242=DIRECTION('',(-1.80700362080917E-16,1.,0.));
#12243=DIRECTION('',(-1.,-1.80700362080917E-16,0.));
#12244=DIRECTION('',(-1.,-1.80700362080917E-16,0.));
#12245=DIRECTION('',(0.,0.,1.));
#12246=DIRECTION('',(1.,0.,0.));
#12247=DIRECTION('',(-1.,0.,0.));
#12248=DIRECTION('',(0.,0.,1.));
#12249=DIRECTION('',(0.,0.,1.));
#12250=DIRECTION('',(0.,-1.,0.));
#12251=DIRECTION('',(0.,0.,1.));
#12252=DIRECTION('',(1.62630325872826E-15,-1.,0.));
#12253=DIRECTION('',(1.,1.62630325872826E-15,0.));
#12254=DIRECTION('',(0.,0.,1.));
#12255=DIRECTION('',(1.,1.62630325872826E-15,0.));
#12256=DIRECTION('',(1.,0.,0.));
#12257=DIRECTION('',(0.,0.,-1.));
#12258=DIRECTION('',(0.,0.,1.));
#12259=DIRECTION('',(0.,1.,0.));
#12260=DIRECTION('',(2.4394548880924E-15,1.,0.));
#12261=DIRECTION('',(-1.,2.4394548880924E-15,0.));
#12262=DIRECTION('',(-1.,2.4394548880924E-15,0.));
#12263=DIRECTION('',(0.,0.,1.));
#12264=DIRECTION('',(1.,0.,0.));
#12265=DIRECTION('',(-0.707106781186546,0.,-0.70710678118655));
#12266=DIRECTION('',(-0.70710678118655,0.,0.707106781186546));
#12267=DIRECTION('',(-0.707106781186546,0.,-0.70710678118655));
#12268=DIRECTION('',(-0.70710678118655,0.,0.707106781186546));
#12269=DIRECTION('',(0.70710678118655,0.,-0.707106781186545));
#12270=DIRECTION('',(-0.707106781186545,0.,-0.70710678118655));
#12271=DIRECTION('',(0.70710678118655,0.,-0.707106781186545));
#12272=DIRECTION('',(-0.707106781186545,0.,-0.70710678118655));
#12273=DIRECTION('',(-0.707106781186543,0.,-0.707106781186552));
#12274=DIRECTION('',(-0.707106781186552,0.,0.707106781186543));
#12275=DIRECTION('',(0.707106781186546,0.,-0.70710678118655));
#12276=DIRECTION('',(-0.70710678118655,0.,-0.707106781186546));
#12277=DIRECTION('',(-0.707106781186543,0.,-0.707106781186552));
#12278=DIRECTION('',(-0.707106781186552,0.,0.707106781186543));
#12279=DIRECTION('',(0.707106781186546,0.,-0.70710678118655));
#12280=DIRECTION('',(-0.70710678118655,0.,-0.707106781186546));
#12281=DIRECTION('',(1.,0.,4.04768811061239E-15));
#12282=DIRECTION('',(4.04768811061239E-15,0.,-1.));
#12283=DIRECTION('',(0.,-1.,0.));
#12284=DIRECTION('',(-4.04768811061239E-15,0.,1.));
#12285=DIRECTION('',(0.,0.,1.));
#12286=DIRECTION('',(-1.,0.,0.));
#12287=DIRECTION('',(0.,0.,1.));
#12288=DIRECTION('',(0.,0.,-1.));
#12289=DIRECTION('',(0.,1.,0.));
#12290=DIRECTION('',(0.,0.,1.));
#12291=DIRECTION('',(1.,0.,0.));
#12292=DIRECTION('',(0.,0.,-1.));
#12293=DIRECTION('',(0.,-1.,0.));
#12294=DIRECTION('',(0.,0.,1.));
#12295=DIRECTION('',(0.,0.,1.));
#12296=DIRECTION('',(0.,0.,1.));
#12297=DIRECTION('',(0.,0.,1.));
#12298=DIRECTION('',(-1.,0.,0.));
#12299=DIRECTION('',(0.,0.,1.));
#12300=DIRECTION('',(0.,1.,0.));
#12301=DIRECTION('',(0.,0.,1.));
#12302=DIRECTION('',(0.,0.,1.));
#12303=DIRECTION('',(0.,0.,1.));
#12304=DIRECTION('',(0.,0.,-1.));
#12305=DIRECTION('',(0.,-1.,0.));
#12306=DIRECTION('',(0.,0.,-1.));
#12307=DIRECTION('',(0.,1.,0.));
#12308=DIRECTION('',(0.,0.,1.));
#12309=DIRECTION('',(0.,-1.,0.));
#12310=DIRECTION('',(0.,0.,-1.));
#12311=DIRECTION('',(-1.22464679914739E-16,1.,0.));
#12312=DIRECTION('',(-1.,-1.22464679914739E-16,0.));
#12313=DIRECTION('',(0.,-1.,0.));
#12314=DIRECTION('',(0.,0.,-1.));
#12315=DIRECTION('',(-0.707106781186548,0.,0.707106781186548));
#12316=DIRECTION('',(0.,0.,1.));
#12317=DIRECTION('',(1.,0.,0.));
#12318=DIRECTION('',(0.,0.,-1.));
#12319=DIRECTION('',(0.,0.,1.));
#12320=DIRECTION('',(0.,1.,0.));
#12321=DIRECTION('',(0.,0.,1.));
#12322=DIRECTION('',(-1.,1.7347234759768E-15,0.));
#12323=DIRECTION('',(-1.7347234759768E-15,-1.,0.));
#12324=DIRECTION('',(0.,0.,1.));
#12325=DIRECTION('',(0.,0.,1.));
#12326=DIRECTION('',(0.,-1.,0.));
#12327=DIRECTION('',(0.,0.,-1.));
#12328=DIRECTION('',(-0.707106781186548,0.,-0.707106781186548));
#12329=DIRECTION('',(0.,1.,0.));
#12330=DIRECTION('',(0.,0.,1.));
#12331=DIRECTION('',(-1.80700362080917E-16,-1.,0.));
#12332=DIRECTION('',(1.,-1.80700362080917E-16,0.));
#12333=DIRECTION('',(0.,0.,1.));
#12334=DIRECTION('',(1.,0.,0.));
#12335=DIRECTION('',(0.,0.,-1.));
#12336=DIRECTION('',(0.,0.,1.));
#12337=DIRECTION('',(0.,1.,0.));
#12338=DIRECTION('',(0.,0.,1.));
#12339=DIRECTION('',(0.707106781186551,0.,-0.707106781186544));
#12340=DIRECTION('',(-1.,0.,0.));
#12341=DIRECTION('',(0.,0.,1.));
#12342=DIRECTION('',(0.,0.,1.));
#12343=DIRECTION('',(0.,0.,1.));
#12344=DIRECTION('',(-1.80700362080917E-16,-1.,0.));
#12345=DIRECTION('',(1.,-1.80700362080917E-16,0.));
#12346=DIRECTION('',(0.,1.,0.));
#12347=DIRECTION('',(0.,0.,1.));
#12348=DIRECTION('',(0.707106781186548,0.,0.707106781186548));
#12349=DIRECTION('',(0.,-1.,0.));
#12350=DIRECTION('',(0.,0.,-1.));
#12351=DIRECTION('',(0.,1.,0.));
#12352=DIRECTION('',(0.,0.,1.));
#12353=DIRECTION('',(0.,-1.,0.));
#12354=DIRECTION('',(0.,0.,-1.));
#12355=DIRECTION('',(0.,1.,0.));
#12356=DIRECTION('',(0.,0.,1.));
#12357=DIRECTION('',(-1.,0.,0.));
#12358=DIRECTION('',(0.,0.,1.));
#12359=DIRECTION('',(0.,0.,1.));
#12360=DIRECTION('',(0.,-1.,0.));
#12361=DIRECTION('',(0.,0.,1.));
#12362=DIRECTION('',(2.07805416393055E-15,-1.,0.));
#12363=DIRECTION('',(1.,2.07805416393055E-15,0.));
#12364=DIRECTION('',(0.,0.,1.));
#12365=DIRECTION('',(1.,2.07805416393055E-15,0.));
#12366=DIRECTION('',(1.,0.,0.));
#12367=DIRECTION('',(0.,0.,-1.));
#12368=DIRECTION('',(0.,0.,1.));
#12369=DIRECTION('',(0.,1.,0.));
#12370=DIRECTION('',(-1.80700362080917E-16,1.,0.));
#12371=DIRECTION('',(-1.,-1.80700362080917E-16,0.));
#12372=DIRECTION('',(-1.,-1.80700362080917E-16,0.));
#12373=DIRECTION('',(0.,0.,1.));
#12374=DIRECTION('',(1.,0.,0.));
#12375=DIRECTION('',(-1.,0.,0.));
#12376=DIRECTION('',(0.,0.,1.));
#12377=DIRECTION('',(0.,0.,1.));
#12378=DIRECTION('',(0.,-1.,0.));
#12379=DIRECTION('',(0.,0.,1.));
#12380=DIRECTION('',(1.62630325872826E-15,-1.,0.));
#12381=DIRECTION('',(1.,1.62630325872826E-15,0.));
#12382=DIRECTION('',(0.,0.,1.));
#12383=DIRECTION('',(1.,1.62630325872826E-15,0.));
#12384=DIRECTION('',(1.,0.,0.));
#12385=DIRECTION('',(0.,0.,-1.));
#12386=DIRECTION('',(0.,0.,1.));
#12387=DIRECTION('',(0.,1.,0.));
#12388=DIRECTION('',(2.4394548880924E-15,1.,0.));
#12389=DIRECTION('',(-1.,2.4394548880924E-15,0.));
#12390=DIRECTION('',(-1.,2.4394548880924E-15,0.));
#12391=DIRECTION('',(0.,0.,1.));
#12392=DIRECTION('',(1.,0.,0.));
#12393=DIRECTION('',(-0.707106781186547,0.,-0.707106781186547));
#12394=DIRECTION('',(-0.707106781186548,0.,0.707106781186548));
#12395=DIRECTION('',(-0.707106781186547,0.,-0.707106781186547));
#12396=DIRECTION('',(-0.707106781186548,0.,0.707106781186548));
#12397=DIRECTION('',(0.707106781186547,0.,-0.707106781186547));
#12398=DIRECTION('',(-0.707106781186548,0.,-0.707106781186548));
#12399=DIRECTION('',(0.707106781186547,0.,-0.707106781186547));
#12400=DIRECTION('',(-0.707106781186548,0.,-0.707106781186548));
#12401=DIRECTION('',(-0.707106781186544,0.,-0.707106781186551));
#12402=DIRECTION('',(-0.707106781186551,0.,0.707106781186544));
#12403=DIRECTION('',(0.707106781186547,0.,-0.707106781186547));
#12404=DIRECTION('',(-0.707106781186548,0.,-0.707106781186548));
#12405=DIRECTION('',(-0.707106781186544,0.,-0.707106781186551));
#12406=DIRECTION('',(-0.707106781186551,0.,0.707106781186544));
#12407=DIRECTION('',(0.707106781186547,0.,-0.707106781186547));
#12408=DIRECTION('',(-0.707106781186548,0.,-0.707106781186548));
#12409=DIRECTION('',(1.,0.,4.04768811061239E-15));
#12410=DIRECTION('',(4.04768811061239E-15,0.,-1.));
#12411=DIRECTION('',(0.,-1.,0.));
#12412=DIRECTION('',(-4.04768811061239E-15,0.,1.));
#12413=DIRECTION('',(0.,0.,1.));
#12414=DIRECTION('',(-1.,0.,0.));
#12415=DIRECTION('',(0.,0.,1.));
#12416=DIRECTION('',(0.,0.,-1.));
#12417=DIRECTION('',(0.,1.,0.));
#12418=DIRECTION('',(0.,0.,1.));
#12419=DIRECTION('',(1.,0.,0.));
#12420=DIRECTION('',(0.,0.,-1.));
#12421=DIRECTION('',(0.,-1.,0.));
#12422=DIRECTION('',(0.,0.,1.));
#12423=DIRECTION('',(0.,0.,1.));
#12424=DIRECTION('',(0.,0.,1.));
#12425=DIRECTION('',(0.,0.,1.));
#12426=DIRECTION('',(-1.,0.,0.));
#12427=DIRECTION('',(0.,0.,1.));
#12428=DIRECTION('',(0.,1.,0.));
#12429=DIRECTION('',(0.,0.,1.));
#12430=DIRECTION('',(0.,0.,1.));
#12431=DIRECTION('',(0.,0.,1.));
#12432=DIRECTION('',(0.,0.,-1.));
#12433=DIRECTION('',(0.,-1.,0.));
#12434=DIRECTION('',(0.,0.,-1.));
#12435=DIRECTION('',(0.,1.,0.));
#12436=DIRECTION('',(0.,0.,1.));
#12437=DIRECTION('',(0.,-1.,0.));
#12438=DIRECTION('',(0.,0.,-1.));
#12439=DIRECTION('',(-1.22464679914739E-16,1.,0.));
#12440=DIRECTION('',(-1.,-1.22464679914739E-16,0.));
#12441=DIRECTION('',(0.,-1.,0.));
#12442=DIRECTION('',(0.,0.,-1.));
#12443=DIRECTION('',(-0.707106781186548,0.,0.707106781186548));
#12444=DIRECTION('',(0.,0.,1.));
#12445=DIRECTION('',(1.,0.,0.));
#12446=DIRECTION('',(0.,0.,-1.));
#12447=DIRECTION('',(0.,0.,1.));
#12448=DIRECTION('',(0.,1.,0.));
#12449=DIRECTION('',(0.,0.,1.));
#12450=DIRECTION('',(-1.,1.7347234759768E-15,0.));
#12451=DIRECTION('',(-1.7347234759768E-15,-1.,0.));
#12452=DIRECTION('',(0.,0.,1.));
#12453=DIRECTION('',(0.,0.,1.));
#12454=DIRECTION('',(0.,-1.,0.));
#12455=DIRECTION('',(0.,0.,-1.));
#12456=DIRECTION('',(-0.707106781186548,0.,-0.707106781186548));
#12457=DIRECTION('',(0.,1.,0.));
#12458=DIRECTION('',(0.,0.,1.));
#12459=DIRECTION('',(-1.80700362080917E-16,-1.,0.));
#12460=DIRECTION('',(1.,-1.80700362080917E-16,0.));
#12461=DIRECTION('',(0.,0.,1.));
#12462=DIRECTION('',(1.,0.,0.));
#12463=DIRECTION('',(0.,0.,-1.));
#12464=DIRECTION('',(0.,0.,1.));
#12465=DIRECTION('',(0.,1.,0.));
#12466=DIRECTION('',(0.,0.,1.));
#12467=DIRECTION('',(0.707106781186549,0.,-0.707106781186546));
#12468=DIRECTION('',(-1.,0.,0.));
#12469=DIRECTION('',(0.,0.,1.));
#12470=DIRECTION('',(0.,0.,1.));
#12471=DIRECTION('',(0.,0.,1.));
#12472=DIRECTION('',(-1.80700362080917E-16,-1.,0.));
#12473=DIRECTION('',(1.,-1.80700362080917E-16,0.));
#12474=DIRECTION('',(0.,1.,0.));
#12475=DIRECTION('',(0.,0.,1.));
#12476=DIRECTION('',(0.707106781186548,0.,0.707106781186548));
#12477=DIRECTION('',(0.,-1.,0.));
#12478=DIRECTION('',(0.,0.,-1.));
#12479=DIRECTION('',(0.,1.,0.));
#12480=DIRECTION('',(0.,0.,1.));
#12481=DIRECTION('',(0.,-1.,0.));
#12482=DIRECTION('',(0.,0.,-1.));
#12483=DIRECTION('',(0.,1.,0.));
#12484=DIRECTION('',(0.,0.,1.));
#12485=DIRECTION('',(-1.,0.,0.));
#12486=DIRECTION('',(0.,0.,1.));
#12487=DIRECTION('',(0.,0.,1.));
#12488=DIRECTION('',(0.,-1.,0.));
#12489=DIRECTION('',(0.,0.,1.));
#12490=DIRECTION('',(2.07805416393055E-15,-1.,0.));
#12491=DIRECTION('',(1.,2.07805416393055E-15,0.));
#12492=DIRECTION('',(0.,0.,1.));
#12493=DIRECTION('',(1.,2.07805416393055E-15,0.));
#12494=DIRECTION('',(1.,0.,0.));
#12495=DIRECTION('',(0.,0.,-1.));
#12496=DIRECTION('',(0.,0.,1.));
#12497=DIRECTION('',(0.,1.,0.));
#12498=DIRECTION('',(-1.80700362080917E-16,1.,0.));
#12499=DIRECTION('',(-1.,-1.80700362080917E-16,0.));
#12500=DIRECTION('',(-1.,-1.80700362080917E-16,0.));
#12501=DIRECTION('',(0.,0.,1.));
#12502=DIRECTION('',(1.,0.,0.));
#12503=DIRECTION('',(-1.,0.,0.));
#12504=DIRECTION('',(0.,0.,1.));
#12505=DIRECTION('',(0.,0.,1.));
#12506=DIRECTION('',(0.,-1.,0.));
#12507=DIRECTION('',(0.,0.,1.));
#12508=DIRECTION('',(1.62630325872826E-15,-1.,0.));
#12509=DIRECTION('',(1.,1.62630325872826E-15,0.));
#12510=DIRECTION('',(0.,0.,1.));
#12511=DIRECTION('',(1.,1.62630325872826E-15,0.));
#12512=DIRECTION('',(1.,0.,0.));
#12513=DIRECTION('',(0.,0.,-1.));
#12514=DIRECTION('',(0.,0.,1.));
#12515=DIRECTION('',(0.,1.,0.));
#12516=DIRECTION('',(2.4394548880924E-15,1.,0.));
#12517=DIRECTION('',(-1.,2.4394548880924E-15,0.));
#12518=DIRECTION('',(-1.,2.4394548880924E-15,0.));
#12519=DIRECTION('',(0.,0.,1.));
#12520=DIRECTION('',(1.,0.,0.));
#12521=DIRECTION('',(-0.707106781186547,0.,-0.707106781186547));
#12522=DIRECTION('',(-0.707106781186548,0.,0.707106781186548));
#12523=DIRECTION('',(-0.707106781186547,0.,-0.707106781186547));
#12524=DIRECTION('',(-0.707106781186548,0.,0.707106781186548));
#12525=DIRECTION('',(0.707106781186547,0.,-0.707106781186547));
#12526=DIRECTION('',(-0.707106781186548,0.,-0.707106781186548));
#12527=DIRECTION('',(0.707106781186547,0.,-0.707106781186547));
#12528=DIRECTION('',(-0.707106781186548,0.,-0.707106781186548));
#12529=DIRECTION('',(-0.707106781186546,0.,-0.707106781186549));
#12530=DIRECTION('',(-0.707106781186549,0.,0.707106781186546));
#12531=DIRECTION('',(0.707106781186547,0.,-0.707106781186547));
#12532=DIRECTION('',(-0.707106781186548,0.,-0.707106781186548));
#12533=DIRECTION('',(-0.707106781186546,0.,-0.707106781186549));
#12534=DIRECTION('',(-0.707106781186549,0.,0.707106781186546));
#12535=DIRECTION('',(0.707106781186547,0.,-0.707106781186547));
#12536=DIRECTION('',(-0.707106781186548,0.,-0.707106781186548));
#12537=DIRECTION('',(1.,0.,4.04768811061239E-15));
#12538=DIRECTION('',(4.04768811061239E-15,0.,-1.));
#12539=DIRECTION('',(0.,-1.,0.));
#12540=DIRECTION('',(-4.04768811061239E-15,0.,1.));
#12541=DIRECTION('',(0.,0.,1.));
#12542=DIRECTION('',(-1.,0.,0.));
#12543=DIRECTION('',(0.,0.,1.));
#12544=DIRECTION('',(0.,0.,-1.));
#12545=DIRECTION('',(0.,1.,0.));
#12546=DIRECTION('',(0.,0.,1.));
#12547=DIRECTION('',(1.,0.,0.));
#12548=DIRECTION('',(0.,0.,-1.));
#12549=DIRECTION('',(0.,-1.,0.));
#12550=DIRECTION('',(0.,0.,1.));
#12551=DIRECTION('',(0.,0.,1.));
#12552=DIRECTION('',(0.,0.,1.));
#12553=DIRECTION('',(0.,0.,1.));
#12554=DIRECTION('',(-1.,0.,0.));
#12555=DIRECTION('',(0.,0.,1.));
#12556=DIRECTION('',(0.,1.,0.));
#12557=DIRECTION('',(0.,0.,1.));
#12558=DIRECTION('',(0.,0.,1.));
#12559=DIRECTION('',(0.,0.,1.));
#12560=DIRECTION('',(0.,0.,-1.));
#12561=DIRECTION('',(0.,-1.,0.));
#12562=DIRECTION('',(0.,0.,-1.));
#12563=DIRECTION('',(0.,1.,0.));
#12564=DIRECTION('',(0.,0.,1.));
#12565=DIRECTION('',(0.,-1.,0.));
#12566=DIRECTION('',(0.,0.,-1.));
#12567=DIRECTION('',(-1.22464679914739E-16,1.,0.));
#12568=DIRECTION('',(-1.,-1.22464679914739E-16,0.));
#12569=DIRECTION('',(0.,-1.,0.));
#12570=DIRECTION('',(0.,0.,-1.));
#12571=DIRECTION('',(-0.707106781186548,0.,0.707106781186548));
#12572=DIRECTION('',(0.,0.,1.));
#12573=DIRECTION('',(1.,0.,0.));
#12574=DIRECTION('',(0.,0.,-1.));
#12575=DIRECTION('',(0.,0.,1.));
#12576=DIRECTION('',(0.,1.,0.));
#12577=DIRECTION('',(0.,0.,1.));
#12578=DIRECTION('',(-1.,1.7347234759768E-15,0.));
#12579=DIRECTION('',(-1.7347234759768E-15,-1.,0.));
#12580=DIRECTION('',(0.,0.,1.));
#12581=DIRECTION('',(0.,0.,1.));
#12582=DIRECTION('',(0.,-1.,0.));
#12583=DIRECTION('',(0.,0.,-1.));
#12584=DIRECTION('',(-0.707106781186548,0.,-0.707106781186548));
#12585=DIRECTION('',(0.,1.,0.));
#12586=DIRECTION('',(0.,0.,1.));
#12587=DIRECTION('',(-1.80700362080917E-16,-1.,0.));
#12588=DIRECTION('',(1.,-1.80700362080917E-16,0.));
#12589=DIRECTION('',(0.,0.,1.));
#12590=DIRECTION('',(1.,0.,0.));
#12591=DIRECTION('',(0.,0.,-1.));
#12592=DIRECTION('',(0.,0.,1.));
#12593=DIRECTION('',(0.,1.,0.));
#12594=DIRECTION('',(0.,0.,1.));
#12595=DIRECTION('',(0.707106781186549,0.,-0.707106781186546));
#12596=DIRECTION('',(-1.,0.,0.));
#12597=DIRECTION('',(0.,0.,1.));
#12598=DIRECTION('',(0.,0.,1.));
#12599=DIRECTION('',(0.,0.,1.));
#12600=DIRECTION('',(-1.80700362080917E-16,-1.,0.));
#12601=DIRECTION('',(1.,-1.80700362080917E-16,0.));
#12602=DIRECTION('',(0.,1.,0.));
#12603=DIRECTION('',(0.,0.,1.));
#12604=DIRECTION('',(0.707106781186548,0.,0.707106781186548));
#12605=DIRECTION('',(0.,-1.,0.));
#12606=DIRECTION('',(0.,0.,-1.));
#12607=DIRECTION('',(0.,1.,0.));
#12608=DIRECTION('',(0.,0.,1.));
#12609=DIRECTION('',(0.,-1.,0.));
#12610=DIRECTION('',(0.,0.,-1.));
#12611=DIRECTION('',(0.,1.,0.));
#12612=DIRECTION('',(0.,0.,1.));
#12613=DIRECTION('',(-1.,0.,0.));
#12614=DIRECTION('',(0.,0.,1.));
#12615=DIRECTION('',(0.,0.,1.));
#12616=DIRECTION('',(0.,-1.,0.));
#12617=DIRECTION('',(0.,0.,1.));
#12618=DIRECTION('',(2.07805416393055E-15,-1.,0.));
#12619=DIRECTION('',(1.,2.07805416393055E-15,0.));
#12620=DIRECTION('',(0.,0.,1.));
#12621=DIRECTION('',(1.,2.07805416393055E-15,0.));
#12622=DIRECTION('',(1.,0.,0.));
#12623=DIRECTION('',(0.,0.,-1.));
#12624=DIRECTION('',(0.,0.,1.));
#12625=DIRECTION('',(0.,1.,0.));
#12626=DIRECTION('',(-1.80700362080917E-16,1.,0.));
#12627=DIRECTION('',(-1.,-1.80700362080917E-16,0.));
#12628=DIRECTION('',(-1.,-1.80700362080917E-16,0.));
#12629=DIRECTION('',(0.,0.,1.));
#12630=DIRECTION('',(1.,0.,0.));
#12631=DIRECTION('',(-1.,0.,0.));
#12632=DIRECTION('',(0.,0.,1.));
#12633=DIRECTION('',(0.,0.,1.));
#12634=DIRECTION('',(0.,-1.,0.));
#12635=DIRECTION('',(0.,0.,1.));
#12636=DIRECTION('',(1.62630325872826E-15,-1.,0.));
#12637=DIRECTION('',(1.,1.62630325872826E-15,0.));
#12638=DIRECTION('',(0.,0.,1.));
#12639=DIRECTION('',(1.,1.62630325872826E-15,0.));
#12640=DIRECTION('',(1.,0.,0.));
#12641=DIRECTION('',(0.,0.,-1.));
#12642=DIRECTION('',(0.,0.,1.));
#12643=DIRECTION('',(0.,1.,0.));
#12644=DIRECTION('',(2.4394548880924E-15,1.,0.));
#12645=DIRECTION('',(-1.,2.4394548880924E-15,0.));
#12646=DIRECTION('',(-1.,2.4394548880924E-15,0.));
#12647=DIRECTION('',(0.,0.,1.));
#12648=DIRECTION('',(1.,0.,0.));
#12649=DIRECTION('',(-0.707106781186547,0.,-0.707106781186547));
#12650=DIRECTION('',(-0.707106781186548,0.,0.707106781186548));
#12651=DIRECTION('',(-0.707106781186547,0.,-0.707106781186547));
#12652=DIRECTION('',(-0.707106781186548,0.,0.707106781186548));
#12653=DIRECTION('',(0.707106781186547,0.,-0.707106781186547));
#12654=DIRECTION('',(-0.707106781186548,0.,-0.707106781186548));
#12655=DIRECTION('',(0.707106781186547,0.,-0.707106781186547));
#12656=DIRECTION('',(-0.707106781186548,0.,-0.707106781186548));
#12657=DIRECTION('',(-0.707106781186546,0.,-0.707106781186549));
#12658=DIRECTION('',(-0.707106781186549,0.,0.707106781186546));
#12659=DIRECTION('',(0.707106781186547,0.,-0.707106781186547));
#12660=DIRECTION('',(-0.707106781186548,0.,-0.707106781186548));
#12661=DIRECTION('',(-0.707106781186546,0.,-0.707106781186549));
#12662=DIRECTION('',(-0.707106781186549,0.,0.707106781186546));
#12663=DIRECTION('',(0.707106781186547,0.,-0.707106781186547));
#12664=DIRECTION('',(-0.707106781186548,0.,-0.707106781186548));
#12665=DIRECTION('',(1.,0.,4.04768811061239E-15));
#12666=DIRECTION('',(4.04768811061239E-15,0.,-1.));
#12667=DIRECTION('',(0.,-1.,0.));
#12668=DIRECTION('',(-4.04768811061239E-15,0.,1.));
#12669=DIRECTION('',(0.,0.,1.));
#12670=DIRECTION('',(-1.,0.,0.));
#12671=DIRECTION('',(0.,0.,1.));
#12672=DIRECTION('',(0.,0.,-1.));
#12673=DIRECTION('',(0.,1.,0.));
#12674=DIRECTION('',(0.,0.,1.));
#12675=DIRECTION('',(1.,0.,0.));
#12676=DIRECTION('',(0.,0.,-1.));
#12677=DIRECTION('',(0.,-1.,0.));
#12678=DIRECTION('',(0.,0.,1.));
#12679=DIRECTION('',(0.,0.,1.));
#12680=DIRECTION('',(0.,0.,1.));
#12681=DIRECTION('',(0.,0.,1.));
#12682=DIRECTION('',(-1.,0.,0.));
#12683=DIRECTION('',(0.,0.,1.));
#12684=DIRECTION('',(0.,1.,0.));
#12685=DIRECTION('',(0.,0.,1.));
#12686=DIRECTION('',(0.,0.,1.));
#12687=DIRECTION('',(0.,0.,1.));
#12688=DIRECTION('',(0.,0.,-1.));
#12689=DIRECTION('',(0.,-1.,0.));
#12690=DIRECTION('',(0.,0.,-1.));
#12691=DIRECTION('',(0.,1.,0.));
#12692=DIRECTION('',(0.,0.,1.));
#12693=DIRECTION('',(0.,-1.,0.));
#12694=DIRECTION('',(0.,0.,-1.));
#12695=DIRECTION('',(-1.22464679914739E-16,1.,0.));
#12696=DIRECTION('',(-1.,-1.22464679914739E-16,0.));
#12697=DIRECTION('',(0.,-1.,0.));
#12698=DIRECTION('',(0.,0.,-1.));
#12699=DIRECTION('',(-0.707106781186548,0.,0.707106781186548));
#12700=DIRECTION('',(0.,0.,1.));
#12701=DIRECTION('',(1.,0.,0.));
#12702=DIRECTION('',(0.,0.,-1.));
#12703=DIRECTION('',(0.,0.,1.));
#12704=DIRECTION('',(0.,1.,0.));
#12705=DIRECTION('',(0.,0.,1.));
#12706=DIRECTION('',(-1.,1.7347234759768E-15,0.));
#12707=DIRECTION('',(-1.7347234759768E-15,-1.,0.));
#12708=DIRECTION('',(0.,0.,1.));
#12709=DIRECTION('',(0.,0.,1.));
#12710=DIRECTION('',(0.,-1.,0.));
#12711=DIRECTION('',(0.,0.,-1.));
#12712=DIRECTION('',(-0.707106781186548,0.,-0.707106781186548));
#12713=DIRECTION('',(0.,1.,0.));
#12714=DIRECTION('',(0.,0.,1.));
#12715=DIRECTION('',(-1.80700362080917E-16,-1.,0.));
#12716=DIRECTION('',(1.,-1.80700362080917E-16,0.));
#12717=DIRECTION('',(0.,0.,1.));
#12718=DIRECTION('',(1.,0.,0.));
#12719=DIRECTION('',(0.,0.,-1.));
#12720=DIRECTION('',(0.,0.,1.));
#12721=DIRECTION('',(0.,1.,0.));
#12722=DIRECTION('',(0.,0.,1.));
#12723=DIRECTION('',(0.707106781186549,0.,-0.707106781186546));
#12724=DIRECTION('',(-1.,0.,0.));
#12725=DIRECTION('',(0.,0.,1.));
#12726=DIRECTION('',(0.,0.,1.));
#12727=DIRECTION('',(0.,0.,1.));
#12728=DIRECTION('',(-1.80700362080917E-16,-1.,0.));
#12729=DIRECTION('',(1.,-1.80700362080917E-16,0.));
#12730=DIRECTION('',(0.,1.,0.));
#12731=DIRECTION('',(0.,0.,1.));
#12732=DIRECTION('',(0.707106781186548,0.,0.707106781186548));
#12733=DIRECTION('',(0.,-1.,0.));
#12734=DIRECTION('',(0.,0.,-1.));
#12735=DIRECTION('',(0.,1.,0.));
#12736=DIRECTION('',(0.,0.,1.));
#12737=DIRECTION('',(0.,-1.,0.));
#12738=DIRECTION('',(0.,0.,-1.));
#12739=DIRECTION('',(0.,1.,0.));
#12740=DIRECTION('',(0.,0.,1.));
#12741=DIRECTION('',(-1.,0.,0.));
#12742=DIRECTION('',(0.,0.,1.));
#12743=DIRECTION('',(0.,0.,1.));
#12744=DIRECTION('',(0.,-1.,0.));
#12745=DIRECTION('',(0.,0.,1.));
#12746=DIRECTION('',(2.07805416393055E-15,-1.,0.));
#12747=DIRECTION('',(1.,2.07805416393055E-15,0.));
#12748=DIRECTION('',(0.,0.,1.));
#12749=DIRECTION('',(1.,2.07805416393055E-15,0.));
#12750=DIRECTION('',(1.,0.,0.));
#12751=DIRECTION('',(0.,0.,-1.));
#12752=DIRECTION('',(0.,0.,1.));
#12753=DIRECTION('',(0.,1.,0.));
#12754=DIRECTION('',(-1.80700362080917E-16,1.,0.));
#12755=DIRECTION('',(-1.,-1.80700362080917E-16,0.));
#12756=DIRECTION('',(-1.,-1.80700362080917E-16,0.));
#12757=DIRECTION('',(0.,0.,1.));
#12758=DIRECTION('',(1.,0.,0.));
#12759=DIRECTION('',(-1.,0.,0.));
#12760=DIRECTION('',(0.,0.,1.));
#12761=DIRECTION('',(0.,0.,1.));
#12762=DIRECTION('',(0.,-1.,0.));
#12763=DIRECTION('',(0.,0.,1.));
#12764=DIRECTION('',(1.62630325872826E-15,-1.,0.));
#12765=DIRECTION('',(1.,1.62630325872826E-15,0.));
#12766=DIRECTION('',(0.,0.,1.));
#12767=DIRECTION('',(1.,1.62630325872826E-15,0.));
#12768=DIRECTION('',(1.,0.,0.));
#12769=DIRECTION('',(0.,0.,-1.));
#12770=DIRECTION('',(0.,0.,1.));
#12771=DIRECTION('',(0.,1.,0.));
#12772=DIRECTION('',(2.4394548880924E-15,1.,0.));
#12773=DIRECTION('',(-1.,2.4394548880924E-15,0.));
#12774=DIRECTION('',(-1.,2.4394548880924E-15,0.));
#12775=DIRECTION('',(0.,0.,1.));
#12776=DIRECTION('',(1.,0.,0.));
#12777=DIRECTION('',(-0.707106781186547,0.,-0.707106781186547));
#12778=DIRECTION('',(-0.707106781186548,0.,0.707106781186548));
#12779=DIRECTION('',(-0.707106781186547,0.,-0.707106781186547));
#12780=DIRECTION('',(-0.707106781186548,0.,0.707106781186548));
#12781=DIRECTION('',(0.707106781186547,0.,-0.707106781186547));
#12782=DIRECTION('',(-0.707106781186548,0.,-0.707106781186548));
#12783=DIRECTION('',(0.707106781186547,0.,-0.707106781186547));
#12784=DIRECTION('',(-0.707106781186548,0.,-0.707106781186548));
#12785=DIRECTION('',(-0.707106781186546,0.,-0.707106781186549));
#12786=DIRECTION('',(-0.707106781186549,0.,0.707106781186546));
#12787=DIRECTION('',(0.707106781186547,0.,-0.707106781186547));
#12788=DIRECTION('',(-0.707106781186548,0.,-0.707106781186548));
#12789=DIRECTION('',(-0.707106781186546,0.,-0.707106781186549));
#12790=DIRECTION('',(-0.707106781186549,0.,0.707106781186546));
#12791=DIRECTION('',(0.707106781186547,0.,-0.707106781186547));
#12792=DIRECTION('',(-0.707106781186548,0.,-0.707106781186548));
#12793=DIRECTION('',(0.,0.,1.));
#12794=DIRECTION('',(1.,0.,0.));
#12795=DIRECTION('',(1.,-6.12303176911189E-17,0.));
#12796=DIRECTION('',(6.12303176911189E-17,1.,0.));
#12797=DIRECTION('',(-6.12303176911189E-17,-1.,-2.89120579329468E-16));
#12798=DIRECTION('',(1.,-6.12303176911189E-17,0.));
#12799=DIRECTION('',(6.12303176911189E-17,1.,0.));
#12800=DIRECTION('',(-1.49987634917841E-17,-0.24495648654718,-0.969534073510808));
#12801=DIRECTION('',(1.,-6.12303176911189E-17,0.));
#12802=DIRECTION('',(6.12303176911189E-17,1.,0.));
#12803=DIRECTION('',(1.77029449233837E-32,2.89120579329468E-16,-1.));
#12804=DIRECTION('',(2.50269539639899E-17,0.408734674385331,-0.912653256146669));
#12805=DIRECTION('',(1.,-6.12303176911189E-17,0.));
#12806=DIRECTION('',(6.12303176911189E-17,1.,0.));
#12807=DIRECTION('',(-6.12303176911189E-17,-1.,0.));
#12808=DIRECTION('',(1.,-6.12303176911189E-17,0.));
#12809=DIRECTION('',(6.12303176911189E-17,1.,0.));
#12810=DIRECTION('',(6.12303176911189E-17,1.,2.47778122771285E-16));
#12811=DIRECTION('',(1.,-6.12303176911189E-17,0.));
#12812=DIRECTION('',(6.12303176911189E-17,1.,0.));
#12813=DIRECTION('',(-2.04556612022016E-18,-0.0334077332497143,0.999441805889225));
#12814=DIRECTION('',(-4.18257713982789E-17,-0.683089243620656,-0.730334913070545));
#12815=DIRECTION('',(1.,-6.12303176911189E-17,0.));
#12816=DIRECTION('',(6.12303176911189E-17,1.,0.));
#12817=DIRECTION('',(2.04556612022016E-18,0.0334077332497143,-0.999441805889225));
#12818=DIRECTION('',(1.,-6.12303176911189E-17,0.));
#12819=DIRECTION('',(6.12303176911189E-17,1.,0.));
#12820=DIRECTION('',(-6.12303176911189E-17,-1.,0.));
#12821=DIRECTION('',(1.,-6.12303176911189E-17,0.));
#12822=DIRECTION('',(6.12303176911189E-17,1.,0.));
#12823=DIRECTION('',(2.04556612022014E-18,0.033407733249714,0.999441805889225));
#12824=DIRECTION('',(1.,-6.12303176911189E-17,0.));
#12825=DIRECTION('',(6.12303176911189E-17,1.,0.));
#12826=DIRECTION('',(-4.18257713982788E-17,-0.683089243620654,0.730334913070546));
#12827=DIRECTION('',(2.04556612022015E-18,0.0334077332497142,0.999441805889225));
#12828=DIRECTION('',(1.,-6.12303176911189E-17,0.));
#12829=DIRECTION('',(6.12303176911189E-17,1.,0.));
#12830=DIRECTION('',(2.65544173850755E-32,4.33680868994202E-16,-1.));
#12831=DIRECTION('',(1.,-6.12303176911189E-17,0.));
#12832=DIRECTION('',(6.12303176911189E-17,1.,0.));
#12833=DIRECTION('',(6.12303176911189E-17,1.,2.22400445638052E-16));
#12834=DIRECTION('',(1.,-6.12303176911189E-17,0.));
#12835=DIRECTION('',(6.12303176911189E-17,1.,0.));
#12836=DIRECTION('',(-6.12303176911189E-17,-1.,0.));
#12837=DIRECTION('',(1.,-6.12303176911189E-17,0.));
#12838=DIRECTION('',(6.12303176911189E-17,1.,0.));
#12839=DIRECTION('',(-4.32963728535968E-17,-0.707106781186548,0.707106781186548));
#12840=DIRECTION('',(1.,-6.12303176911189E-17,0.));
#12841=DIRECTION('',(6.12303176911189E-17,1.,0.));
#12842=DIRECTION('',(-6.12303176911189E-17,-1.,0.));
#12843=DIRECTION('',(0.,-1.15648231731787E-15,1.));
#12844=DIRECTION('',(0.,-1.,0.));
#12845=DIRECTION('',(3.71390452938118E-32,6.0654666992196E-16,-1.));
#12846=DIRECTION('',(1.,-6.12303176911189E-17,0.));
#12847=DIRECTION('',(6.12303176911189E-17,1.,0.));
#12848=DIRECTION('',(6.12303176911189E-17,1.,0.));
#12849=DIRECTION('',(1.,-6.12303176911189E-17,0.));
#12850=DIRECTION('',(6.12303176911189E-17,1.,0.));
#12851=DIRECTION('',(-2.65544173850755E-33,-4.33680868994202E-17,1.));
#12852=DIRECTION('',(1.,-6.12303176911189E-17,0.));
#12853=DIRECTION('',(6.12303176911189E-17,1.,0.));
#12854=DIRECTION('',(1.,-6.12303176911189E-17,0.));
#12855=DIRECTION('',(6.12303176911189E-17,1.,0.));
#12856=DIRECTION('',(1.,-6.12303176911189E-17,0.));
#12857=DIRECTION('',(6.12303176911189E-17,1.,0.));
#12858=DIRECTION('',(-2.65544173850755E-33,-4.33680868994202E-17,1.));
#12859=DIRECTION('',(0.,2.89120579329468E-16,-1.));
#12860=DIRECTION('',(0.,1.,2.89120579329468E-16));
#12861=DIRECTION('',(-6.12303176911189E-17,-1.,-2.89120579329468E-16));
#12862=DIRECTION('',(-1.,0.,0.));
#12863=DIRECTION('',(-1.,0.,0.));
#12864=DIRECTION('',(1.,-6.12303176911189E-17,0.));
#12865=DIRECTION('',(6.12303176911189E-17,1.,0.));
#12866=DIRECTION('',(1.49987634917841E-17,0.24495648654718,0.969534073510808));
#12867=DIRECTION('',(1.,-6.12303176911189E-17,0.));
#12868=DIRECTION('',(6.12303176911189E-17,1.,0.));
#12869=DIRECTION('',(-2.65544173850755E-33,-4.33680868994202E-17,1.));
#12870=DIRECTION('',(1.,-6.12303176911189E-17,0.));
#12871=DIRECTION('',(6.12303176911189E-17,1.,0.));
#12872=DIRECTION('',(1.,-6.12303176911189E-17,0.));
#12873=DIRECTION('',(6.12303176911189E-17,1.,0.));
#12874=DIRECTION('',(1.,-6.12303176911189E-17,0.));
#12875=DIRECTION('',(6.12303176911189E-17,1.,0.));
#12876=DIRECTION('',(-2.65544173850755E-33,-4.33680868994202E-17,1.));
#12877=DIRECTION('',(1.,-6.12303176911189E-17,0.));
#12878=DIRECTION('',(6.12303176911189E-17,1.,0.));
#12879=DIRECTION('',(6.12303176911189E-17,1.,0.));
#12880=DIRECTION('',(1.,-6.12303176911189E-17,0.));
#12881=DIRECTION('',(6.12303176911189E-17,1.,0.));
#12882=DIRECTION('',(3.71390452938118E-32,6.0654666992196E-16,-1.));
#12883=DIRECTION('',(0.,-1.,0.));
#12884=DIRECTION('',(1.45205648100737E-16,1.15648231731787E-15,-1.));
#12885=DIRECTION('',(-6.12303176911189E-17,-1.,0.));
#12886=DIRECTION('',(1.,-6.12303176911189E-17,0.));
#12887=DIRECTION('',(6.12303176911189E-17,1.,0.));
#12888=DIRECTION('',(-4.32963728535968E-17,-0.707106781186548,0.707106781186548));
#12889=DIRECTION('',(1.,-6.12303176911189E-17,0.));
#12890=DIRECTION('',(6.12303176911189E-17,1.,0.));
#12891=DIRECTION('',(-6.12303176911189E-17,-1.,0.));
#12892=DIRECTION('',(1.,-6.12303176911189E-17,0.));
#12893=DIRECTION('',(6.12303176911189E-17,1.,0.));
#12894=DIRECTION('',(6.12303176911189E-17,1.,2.22400445638052E-16));
#12895=DIRECTION('',(1.,-6.12303176911189E-17,0.));
#12896=DIRECTION('',(6.12303176911189E-17,1.,0.));
#12897=DIRECTION('',(2.65544173850755E-32,4.33680868994202E-16,-1.));
#12898=DIRECTION('',(1.,-6.12303176911189E-17,0.));
#12899=DIRECTION('',(6.12303176911189E-17,1.,0.));
#12900=DIRECTION('',(-2.04556612022015E-18,-0.0334077332497142,-0.999441805889225));
#12901=DIRECTION('',(4.18257713982788E-17,0.683089243620654,-0.730334913070546));
#12902=DIRECTION('',(1.,-6.12303176911189E-17,0.));
#12903=DIRECTION('',(6.12303176911189E-17,1.,0.));
#12904=DIRECTION('',(-2.04556612022014E-18,-0.033407733249714,-0.999441805889225));
#12905=DIRECTION('',(1.,-6.12303176911189E-17,0.));
#12906=DIRECTION('',(6.12303176911189E-17,1.,0.));
#12907=DIRECTION('',(6.12303176911189E-17,1.,0.));
#12908=DIRECTION('',(1.,-6.12303176911189E-17,0.));
#12909=DIRECTION('',(6.12303176911189E-17,1.,0.));
#12910=DIRECTION('',(-2.04556612022016E-18,-0.0334077332497143,0.999441805889225));
#12911=DIRECTION('',(1.,-6.12303176911189E-17,0.));
#12912=DIRECTION('',(6.12303176911189E-17,1.,0.));
#12913=DIRECTION('',(4.18257713982789E-17,0.683089243620656,0.730334913070545));
#12914=DIRECTION('',(2.04556612022016E-18,0.0334077332497143,-0.999441805889225));
#12915=DIRECTION('',(1.,-6.12303176911189E-17,0.));
#12916=DIRECTION('',(6.12303176911189E-17,1.,0.));
#12917=DIRECTION('',(-6.12303176911189E-17,-1.,-2.47778122771285E-16));
#12918=DIRECTION('',(1.,-6.12303176911189E-17,0.));
#12919=DIRECTION('',(6.12303176911189E-17,1.,0.));
#12920=DIRECTION('',(6.12303176911189E-17,1.,0.));
#12921=DIRECTION('',(1.,-6.12303176911189E-17,0.));
#12922=DIRECTION('',(6.12303176911189E-17,1.,0.));
#12923=DIRECTION('',(-2.50269539639899E-17,-0.408734674385331,0.912653256146669));
#12924=DIRECTION('',(-1.77029449233837E-32,-2.89120579329468E-16,1.));
#12925=DIRECTION('',(1.,-6.12303176911189E-17,0.));
#12926=DIRECTION('',(6.12303176911189E-17,1.,0.));
#12927=DIRECTION('',(0.,1.,4.33680868994202E-16));
#12928=DIRECTION('',(0.,-4.33680868994202E-16,1.));
#12929=DIRECTION('',(-1.,0.,0.));
#12930=DIRECTION('',(-1.,0.,0.));
#12931=DIRECTION('',(0.,-1.,-4.33680868994202E-17));
#12932=DIRECTION('',(0.,4.33680868994202E-17,-1.));
#12933=DIRECTION('',(-1.,0.,0.));
#12934=DIRECTION('',(0.,-1.,-4.33680868994202E-17));
#12935=DIRECTION('',(0.,4.33680868994202E-17,-1.));
#12936=DIRECTION('',(-1.,0.,0.));
#12937=DIRECTION('',(-1.,0.,0.));
#12938=DIRECTION('',(0.,-2.22400445638052E-16,1.));
#12939=DIRECTION('',(0.,-1.,-2.22400445638052E-16));
#12940=DIRECTION('',(-1.,0.,0.));
#12941=DIRECTION('',(-1.,0.,0.));
#12942=DIRECTION('',(0.,0.,-1.));
#12943=DIRECTION('',(-1.,0.,0.));
#12944=DIRECTION('',(-1.,0.,0.));
#12945=DIRECTION('',(-1.,0.,0.));
#12946=DIRECTION('',(0.,-0.707106781186547,-0.707106781186547));
#12947=DIRECTION('',(0.,0.707106781186548,-0.707106781186548));
#12948=DIRECTION('',(-1.,0.,0.));
#12949=DIRECTION('',(-1.,0.,0.));
#12950=DIRECTION('',(0.,0.,-1.));
#12951=DIRECTION('',(-1.,0.,0.));
#12952=DIRECTION('',(9.93004243722076E-15,-1.,0.));
#12953=DIRECTION('',(1.,1.73472347597681E-15,0.));
#12954=DIRECTION('',(9.93004243722076E-15,-1.,0.));
#12955=DIRECTION('',(0.,0.,1.));
#12956=DIRECTION('',(-0.753424657534228,0.657534246575364,0.));
#12957=DIRECTION('',(0.,0.,-1.));
#12958=DIRECTION('',(0.753424657534228,0.657534246575363,0.));
#12959=DIRECTION('',(0.,0.,1.));
#12960=DIRECTION('',(-1.,0.,0.));
#12961=DIRECTION('',(-1.,0.,0.));
#12962=DIRECTION('',(0.,0.,1.));
#12963=DIRECTION('',(-1.,0.,0.));
#12964=DIRECTION('',(0.,0.,-1.));
#12965=DIRECTION('',(0.753424657534229,0.657534246575363,0.));
#12966=DIRECTION('',(0.,0.,1.));
#12967=DIRECTION('',(-0.753424657534228,0.657534246575364,0.));
#12968=DIRECTION('',(0.,1.,6.0654666992196E-16));
#12969=DIRECTION('',(0.,-6.0654666992196E-16,1.));
#12970=DIRECTION('',(-1.,0.,0.));
#12971=DIRECTION('',(1.,-1.00308851270169E-30,8.67361737988404E-16));
#12972=DIRECTION('',(0.,0.,1.));
#12973=DIRECTION('',(1.,0.,0.));
#12974=DIRECTION('',(-1.,0.,0.));
#12975=DIRECTION('',(-1.,0.,0.));
#12976=DIRECTION('',(1.,0.,0.));
#12977=DIRECTION('',(0.,0.,-1.));
#12978=DIRECTION('',(-1.,0.,0.));
#12979=DIRECTION('',(0.,0.,1.));
#12980=DIRECTION('',(-1.,0.,0.));
#12981=DIRECTION('',(0.,0.,1.));
#12982=DIRECTION('',(-1.,0.,0.));
#12983=DIRECTION('',(0.,0.,1.));
#12984=DIRECTION('',(-1.,0.,0.));
#12985=DIRECTION('',(-1.,0.,0.));
#12986=DIRECTION('',(0.,0.,1.));
#12987=DIRECTION('',(-1.,0.,0.));
#12988=DIRECTION('',(-1.,0.,0.));
#12989=DIRECTION('',(0.,0.,1.));
#12990=DIRECTION('',(0.,0.999441805889225,-0.0334077332497142));
#12991=DIRECTION('',(0.,0.0334077332497142,0.999441805889225));
#12992=DIRECTION('',(-1.,0.,0.));
#12993=DIRECTION('',(-1.,0.,0.));
#12994=DIRECTION('',(-1.,0.,0.));
#12995=DIRECTION('',(0.,0.,1.));
#12996=DIRECTION('',(-1.,0.,0.));
#12997=DIRECTION('',(-1.,0.,0.));
#12998=DIRECTION('',(0.,0.,1.));
#12999=DIRECTION('',(1.,0.,0.));
#13000=DIRECTION('',(-1.,0.,0.));
#13001=DIRECTION('',(-1.,0.,0.));
#13002=DIRECTION('',(0.,0.,1.));
#13003=DIRECTION('',(-1.,0.,0.));
#13004=DIRECTION('',(0.,-0.912653256146669,-0.408734674385331));
#13005=DIRECTION('',(0.,0.408734674385331,-0.912653256146669));
#13006=DIRECTION('',(-1.,0.,0.));
#13007=DIRECTION('',(0.,-1.,-2.89120579329468E-16));
#13008=DIRECTION('',(0.,2.89120579329468E-16,-1.));
#13009=DIRECTION('',(-1.,0.,0.));
#13010=DIRECTION('',(-1.,0.,0.));
#13011=DIRECTION('',(0.,0.,1.));
#13012=DIRECTION('',(-1.,0.,0.));
#13013=DIRECTION('',(0.,-0.969534073510808,0.24495648654718));
#13014=DIRECTION('',(0.,-0.24495648654718,-0.969534073510808));
#13015=DIRECTION('',(-1.,0.,0.));
#13016=DIRECTION('',(0.,0.999441805889225,0.0334077332497143));
#13017=DIRECTION('',(0.,-0.0334077332497143,0.999441805889225));
#13018=DIRECTION('',(-1.,0.,0.));
#13019=DIRECTION('',(-1.,0.,0.));
#13020=DIRECTION('',(-1.,0.,0.));
#13021=DIRECTION('',(0.,0.,1.));
#13022=DIRECTION('',(-1.,0.,0.));
#13023=DIRECTION('',(0.,2.47778122771285E-16,-1.));
#13024=DIRECTION('',(0.,1.,2.47778122771285E-16));
#13025=DIRECTION('',(0.,0.999441805889225,-0.033407733249714));
#13026=DIRECTION('',(0.,0.033407733249714,0.999441805889225));
#13027=DIRECTION('',(-1.,0.,0.));
#13028=DIRECTION('',(-1.,0.,0.));
#13029=DIRECTION('',(-1.,0.,0.));
#13030=DIRECTION('',(0.,0.,1.));
#13031=DIRECTION('',(-1.,0.,0.));
#13032=DIRECTION('',(0.,0.,1.));
#13033=DIRECTION('',(1.,0.,0.));
#13034=DIRECTION('',(-1.,0.,0.));
#13035=DIRECTION('',(-1.,0.,0.));
#13036=DIRECTION('',(0.,0.,1.));
#13037=DIRECTION('',(-1.,0.,0.));
#13038=DIRECTION('',(0.,-0.999441805889225,-0.0334077332497143));
#13039=DIRECTION('',(0.,0.0334077332497143,-0.999441805889225));
#13040=DIRECTION('',(-1.,0.,0.));
#13041=DIRECTION('',(0.,0.730334913070546,0.683089243620654));
#13042=DIRECTION('',(0.,-0.683089243620654,0.730334913070546));
#13043=DIRECTION('',(-1.,0.,0.));
#13044=DIRECTION('',(0.,-0.730334913070545,0.683089243620656));
#13045=DIRECTION('',(0.,-0.683089243620656,-0.730334913070545));
#13046=DIRECTION('',(-1.,0.,0.));
#13047=DIRECTION('',(-1.,0.,0.));
#13048=DIRECTION('',(0.,0.,1.));
#13049=DIRECTION('',(-1.,0.,0.));
#13050=DIRECTION('',(0.,0.,1.));
#13051=DIRECTION('',(-1.,0.,0.));
#13052=DIRECTION('',(0.,0.,1.));
#13053=DIRECTION('',(1.,9.93004243722077E-15,1.45205648100749E-16));
#13054=DIRECTION('',(-9.93004243722077E-15,1.,0.));
#13055=DIRECTION('',(1.45205648100737E-16,1.15648231731787E-15,-1.));
#13056=DIRECTION('',(-8.94663790360736E-15,0.894427190999916,0.447213595499959));
#13057=DIRECTION('',(1.45205648100737E-16,1.15648231731787E-15,-1.));
#13058=DIRECTION('',(9.93004243722076E-15,-1.,0.));
#13059=DIRECTION('',(8.8167620236593E-15,-0.894427190999916,0.447213595499957));
#13060=DIRECTION('',(-1.,-9.93004243722077E-15,-1.14839184888619E-29));
#13061=DIRECTION('',(9.93004243722077E-15,-1.,0.));
#13062=DIRECTION('',(8.88169996363333E-15,-0.894427190999916,-0.447213595499959));
#13063=DIRECTION('',(0.,-1.15648231731787E-15,1.));
#13064=DIRECTION('',(-8.88169996363333E-15,0.894427190999916,-0.447213595499957));
#13065=DIRECTION('',(9.93004243722076E-15,-1.,0.));
#13066=DIRECTION('',(0.,-1.15648231731787E-15,1.));
#13067=DIRECTION('',(0.,0.,1.));
#13068=DIRECTION('',(1.,0.,0.));
#13069=DIRECTION('',(8.6982824488767E-16,7.75844607447202E-16,-1.));
#13070=DIRECTION('',(0.,0.,1.));
#13071=DIRECTION('',(-0.753424657534227,0.657534246575364,0.));
#13072=DIRECTION('',(0.,0.,1.));
#13073=DIRECTION('',(1.,0.,0.));
#13074=DIRECTION('',(0.,0.,1.));
#13075=DIRECTION('',(-0.753424657534227,0.657534246575365,0.));
#13076=DIRECTION('',(-7.60426729195336E-16,-8.71322293869607E-16,1.));
#13077=DIRECTION('',(0.,0.,-1.));
#13078=DIRECTION('',(-1.,0.,0.));
#13079=DIRECTION('',(-6.51025213503003E-16,9.66799980292013E-16,-1.));
#13080=DIRECTION('',(0.,0.,-1.));
#13081=DIRECTION('',(0.753424657534227,0.657534246575365,0.));
#13082=DIRECTION('',(0.,0.,-1.));
#13083=DIRECTION('',(-1.,0.,0.));
#13084=DIRECTION('',(0.,0.,-1.));
#13085=DIRECTION('',(0.753424657534228,0.657534246575364,0.));
#13086=DIRECTION('',(7.60426729195336E-16,-8.71322293869607E-16,1.));
#13087=DIRECTION('',(0.,0.,1.));
#13088=DIRECTION('',(1.,0.,0.));
#13089=DIRECTION('',(0.,0.,1.));
#13090=DIRECTION('',(-1.,1.18276600634785E-15,0.));
#13091=DIRECTION('',(0.,0.,1.));
#13092=DIRECTION('',(1.,0.,0.));
#13093=DIRECTION('',(0.,0.,1.));
#13094=DIRECTION('',(-1.,1.79454152687262E-15,0.));
#13095=DIRECTION('',(-8.67361737988404E-16,0.,1.));
#13096=DIRECTION('',(1.,0.,8.67361737988404E-16));
#13097=DIRECTION('',(-1.,-1.73472347597681E-15,-8.67361737988404E-16));
#13098=DIRECTION('',(1.73472347597681E-15,-1.,-1.54886024640786E-15));
#13099=DIRECTION('',(1.,1.73472347597681E-15,0.));
#13100=DIRECTION('',(-1.,-1.73472347597681E-15,0.));
#13101=DIRECTION('',(1.,1.73472347597681E-15,8.67361737988404E-16));
#13102=DIRECTION('',(-1.,0.,0.));
#13103=DIRECTION('',(0.,0.,1.));
#13104=DIRECTION('',(1.,0.,0.));
#13105=DIRECTION('',(0.,0.,-1.));
#13106=DIRECTION('',(-1.,0.,0.));
#13107=DIRECTION('',(0.,0.,1.));
#13108=DIRECTION('',(1.,0.,0.));
#13109=DIRECTION('',(0.,0.,-1.));
#13110=DIRECTION('',(7.75791922889774E-16,-0.447213595499959,0.894427190999916));
#13111=DIRECTION('',(-1.,-1.73472347597681E-15,0.));
#13112=DIRECTION('',(1.55158384577955E-15,-0.447213595499957,-0.894427190999916));
#13113=DIRECTION('',(1.,1.73472347597681E-15,8.67361737988404E-16));
#13114=DIRECTION('',(-3.9079915947054E-16,3.53883589099269E-16,1.));
#13115=DIRECTION('',(-1.,6.64835702834471E-16,-3.90799159470541E-16));
#13116=DIRECTION('',(-3.9079915947054E-16,3.53883589099269E-16,1.));
#13117=DIRECTION('',(-1.,6.64835702834471E-16,-3.90799159470541E-16));
#13118=DIRECTION('',(0.,-1.,0.));
#13119=DIRECTION('',(0.,0.,-1.));
#13120=DIRECTION('',(-1.,0.,4.33680868994199E-16));
#13121=DIRECTION('',(0.,0.,1.));
#13122=DIRECTION('',(-1.,0.,0.));
#13123=DIRECTION('',(0.,0.,1.));
#13124=DIRECTION('',(0.,-1.,0.));
#13125=DIRECTION('',(0.,0.,-1.));
#13126=DIRECTION('',(1.,0.,0.));
#13127=DIRECTION('',(0.,0.,1.));
#13128=DIRECTION('',(-1.,0.,0.));
#13129=DIRECTION('',(0.,0.,1.));
#13130=DIRECTION('',(1.,-6.12303176911189E-17,0.));
#13131=DIRECTION('',(6.12303176911189E-17,1.,0.));
#13132=DIRECTION('',(-4.32963728535968E-17,-0.707106781186548,-0.707106781186547));
#13133=DIRECTION('',(1.,-6.12303176911189E-17,0.));
#13134=DIRECTION('',(6.12303176911189E-17,1.,0.));
#13135=DIRECTION('',(0.,0.,-1.));
#13136=DIRECTION('',(1.,-6.12303176911189E-17,0.));
#13137=DIRECTION('',(6.12303176911189E-17,1.,0.));
#13138=DIRECTION('',(6.12303176911189E-17,1.,0.));
#13139=DIRECTION('',(1.,-6.12303176911189E-17,0.));
#13140=DIRECTION('',(6.12303176911189E-17,1.,0.));
#13141=DIRECTION('',(0.,1.,0.));
#13142=DIRECTION('',(0.,0.,-1.));
#13143=DIRECTION('',(0.,1.,0.));
#13144=DIRECTION('',(1.,-6.12303176911189E-17,0.));
#13145=DIRECTION('',(6.12303176911189E-17,1.,0.));
#13146=DIRECTION('',(-6.12303176911189E-17,-1.,-5.78241158658936E-16));
#13147=DIRECTION('',(1.,-6.12303176911189E-17,0.));
#13148=DIRECTION('',(6.12303176911189E-17,1.,0.));
#13149=DIRECTION('',(7.17686956353391E-33,1.17211045674109E-16,-1.));
#13150=DIRECTION('',(1.,-6.12303176911189E-17,0.));
#13151=DIRECTION('',(6.12303176911189E-17,1.,0.));
#13152=DIRECTION('',(-6.12303176911189E-17,-1.,0.));
#13153=DIRECTION('',(0.,0.,1.));
#13154=DIRECTION('',(-6.12303176911189E-17,-1.,0.));
#13155=DIRECTION('',(1.,-6.12303176911189E-17,0.));
#13156=DIRECTION('',(6.12303176911189E-17,1.,0.));
#13157=DIRECTION('',(-1.49987634917841E-17,-0.24495648654718,-0.969534073510808));
#13158=DIRECTION('',(1.,-6.12303176911189E-17,0.));
#13159=DIRECTION('',(6.12303176911189E-17,1.,0.));
#13160=DIRECTION('',(1.77029449233836E-32,2.89120579329468E-16,-1.));
#13161=DIRECTION('',(2.50269539639899E-17,0.408734674385331,-0.912653256146669));
#13162=DIRECTION('',(1.,-6.12303176911189E-17,0.));
#13163=DIRECTION('',(6.12303176911189E-17,1.,0.));
#13164=DIRECTION('',(-6.12303176911189E-17,-1.,0.));
#13165=DIRECTION('',(1.,-6.12303176911189E-17,0.));
#13166=DIRECTION('',(6.12303176911189E-17,1.,0.));
#13167=DIRECTION('',(6.12303176911189E-17,1.,2.47778122771285E-16));
#13168=DIRECTION('',(1.,-6.12303176911189E-17,0.));
#13169=DIRECTION('',(6.12303176911189E-17,1.,0.));
#13170=DIRECTION('',(-2.04556612022016E-18,-0.0334077332497143,0.999441805889225));
#13171=DIRECTION('',(-4.18257713982789E-17,-0.683089243620656,-0.730334913070545));
#13172=DIRECTION('',(1.,-6.12303176911189E-17,0.));
#13173=DIRECTION('',(6.12303176911189E-17,1.,0.));
#13174=DIRECTION('',(2.04556612022016E-18,0.0334077332497143,-0.999441805889225));
#13175=DIRECTION('',(1.,-6.12303176911189E-17,0.));
#13176=DIRECTION('',(6.12303176911189E-17,1.,0.));
#13177=DIRECTION('',(-6.12303176911189E-17,-1.,0.));
#13178=DIRECTION('',(1.,-6.12303176911189E-17,0.));
#13179=DIRECTION('',(6.12303176911189E-17,1.,0.));
#13180=DIRECTION('',(2.04556612022014E-18,0.033407733249714,0.999441805889225));
#13181=DIRECTION('',(1.,-6.12303176911189E-17,0.));
#13182=DIRECTION('',(6.12303176911189E-17,1.,0.));
#13183=DIRECTION('',(-4.18257713982788E-17,-0.683089243620654,0.730334913070546));
#13184=DIRECTION('',(2.04556612022015E-18,0.0334077332497142,0.999441805889225));
#13185=DIRECTION('',(1.,-6.12303176911189E-17,0.));
#13186=DIRECTION('',(6.12303176911189E-17,1.,0.));
#13187=DIRECTION('',(0.,0.,-1.));
#13188=DIRECTION('',(1.,-6.12303176911189E-17,0.));
#13189=DIRECTION('',(6.12303176911189E-17,1.,0.));
#13190=DIRECTION('',(6.12303176911189E-17,1.,0.));
#13191=DIRECTION('',(1.,-6.12303176911189E-17,0.));
#13192=DIRECTION('',(6.12303176911189E-17,1.,0.));
#13193=DIRECTION('',(0.,0.,-1.));
#13194=DIRECTION('',(1.,-6.12303176911189E-17,0.));
#13195=DIRECTION('',(6.12303176911189E-17,1.,0.));
#13196=DIRECTION('',(0.,0.,-1.));
#13197=DIRECTION('',(-1.,0.,0.));
#13198=DIRECTION('',(-6.12303176911189E-17,-1.,0.));
#13199=DIRECTION('',(-1.,0.,0.));
#13200=DIRECTION('',(-1.,0.,0.));
#13201=DIRECTION('',(0.,1.,0.));
#13202=DIRECTION('',(0.,0.,1.));
#13203=DIRECTION('',(-1.,0.,0.));
#13204=DIRECTION('',(0.,0.,-1.));
#13205=DIRECTION('',(-1.,0.,0.));
#13206=DIRECTION('',(1.,-6.12303176911189E-17,0.));
#13207=DIRECTION('',(6.12303176911189E-17,1.,0.));
#13208=DIRECTION('',(0.,0.,-1.));
#13209=DIRECTION('',(1.,-6.12303176911189E-17,0.));
#13210=DIRECTION('',(6.12303176911189E-17,1.,0.));
#13211=DIRECTION('',(-4.32963728535968E-17,-0.707106781186548,-0.707106781186547));
#13212=DIRECTION('',(1.,-6.12303176911189E-17,0.));
#13213=DIRECTION('',(6.12303176911189E-17,1.,0.));
#13214=DIRECTION('',(0.,0.,-1.));
#13215=DIRECTION('',(1.,-6.12303176911189E-17,0.));
#13216=DIRECTION('',(6.12303176911189E-17,1.,0.));
#13217=DIRECTION('',(6.12303176911189E-17,1.,0.));
#13218=DIRECTION('',(1.,-6.12303176911189E-17,0.));
#13219=DIRECTION('',(6.12303176911189E-17,1.,0.));
#13220=DIRECTION('',(1.,-6.12303176911189E-17,0.));
#13221=DIRECTION('',(6.12303176911189E-17,1.,0.));
#13222=DIRECTION('',(-2.04556612022015E-18,-0.0334077332497142,-0.999441805889225));
#13223=DIRECTION('',(4.18257713982788E-17,0.683089243620654,-0.730334913070546));
#13224=DIRECTION('',(1.,-6.12303176911189E-17,0.));
#13225=DIRECTION('',(6.12303176911189E-17,1.,0.));
#13226=DIRECTION('',(-2.04556612022014E-18,-0.033407733249714,-0.999441805889225));
#13227=DIRECTION('',(1.,-6.12303176911189E-17,0.));
#13228=DIRECTION('',(6.12303176911189E-17,1.,0.));
#13229=DIRECTION('',(6.12303176911189E-17,1.,0.));
#13230=DIRECTION('',(1.,-6.12303176911189E-17,0.));
#13231=DIRECTION('',(6.12303176911189E-17,1.,0.));
#13232=DIRECTION('',(-2.04556612022016E-18,-0.0334077332497143,0.999441805889225));
#13233=DIRECTION('',(1.,-6.12303176911189E-17,0.));
#13234=DIRECTION('',(6.12303176911189E-17,1.,0.));
#13235=DIRECTION('',(4.18257713982789E-17,0.683089243620656,0.730334913070545));
#13236=DIRECTION('',(2.04556612022016E-18,0.0334077332497143,-0.999441805889225));
#13237=DIRECTION('',(1.,-6.12303176911189E-17,0.));
#13238=DIRECTION('',(6.12303176911189E-17,1.,0.));
#13239=DIRECTION('',(-6.12303176911189E-17,-1.,-2.47778122771285E-16));
#13240=DIRECTION('',(1.,-6.12303176911189E-17,0.));
#13241=DIRECTION('',(6.12303176911189E-17,1.,0.));
#13242=DIRECTION('',(6.12303176911189E-17,1.,0.));
#13243=DIRECTION('',(1.,-6.12303176911189E-17,0.));
#13244=DIRECTION('',(6.12303176911189E-17,1.,0.));
#13245=DIRECTION('',(-2.50269539639899E-17,-0.408734674385331,0.912653256146669));
#13246=DIRECTION('',(-1.77029449233836E-32,-2.89120579329468E-16,1.));
#13247=DIRECTION('',(1.,-6.12303176911189E-17,0.));
#13248=DIRECTION('',(6.12303176911189E-17,1.,0.));
#13249=DIRECTION('',(1.49987634917841E-17,0.24495648654718,0.969534073510808));
#13250=DIRECTION('',(1.,-6.12303176911189E-17,0.));
#13251=DIRECTION('',(6.12303176911189E-17,1.,0.));
#13252=DIRECTION('',(0.,0.,1.));
#13253=DIRECTION('',(-6.12303176911189E-17,-1.,0.));
#13254=DIRECTION('',(1.,-6.12303176911189E-17,0.));
#13255=DIRECTION('',(6.12303176911189E-17,1.,0.));
#13256=DIRECTION('',(7.17686956353391E-33,1.17211045674109E-16,-1.));
#13257=DIRECTION('',(1.,-6.12303176911189E-17,0.));
#13258=DIRECTION('',(6.12303176911189E-17,1.,0.));
#13259=DIRECTION('',(-6.12303176911189E-17,-1.,-5.78241158658936E-16));
#13260=DIRECTION('',(1.,-6.12303176911189E-17,0.));
#13261=DIRECTION('',(6.12303176911189E-17,1.,0.));
#13262=DIRECTION('',(0.,1.,0.));
#13263=DIRECTION('',(4.84018827002457E-17,0.,1.));
#13264=DIRECTION('',(0.,1.,0.));
#13265=DIRECTION('',(1.,-6.12303176911189E-17,0.));
#13266=DIRECTION('',(6.12303176911189E-17,1.,0.));
#13267=DIRECTION('',(6.12303176911189E-17,1.,0.));
#13268=DIRECTION('',(1.,-6.12303176911189E-17,0.));
#13269=DIRECTION('',(6.12303176911189E-17,1.,0.));
#13270=DIRECTION('',(0.,-1.,0.));
#13271=DIRECTION('',(0.,0.,-1.));
#13272=DIRECTION('',(-1.,0.,0.));
#13273=DIRECTION('',(0.,0.,1.));
#13274=DIRECTION('',(1.,0.,0.));
#13275=DIRECTION('',(-1.,0.,0.));
#13276=DIRECTION('',(-1.,0.,0.));
#13277=DIRECTION('',(0.,1.,0.));
#13278=DIRECTION('',(0.,0.,1.));
#13279=DIRECTION('',(-1.,0.,0.));
#13280=DIRECTION('',(-1.,0.,0.));
#13281=DIRECTION('',(0.,0.707106781186547,-0.707106781186548));
#13282=DIRECTION('',(0.,0.707106781186548,0.707106781186547));
#13283=DIRECTION('',(-1.,0.,0.));
#13284=DIRECTION('',(-1.,0.,0.));
#13285=DIRECTION('',(0.,1.,0.));
#13286=DIRECTION('',(0.,0.,1.));
#13287=DIRECTION('',(-1.,0.,0.));
#13288=DIRECTION('',(-1.,0.,0.));
#13289=DIRECTION('',(0.,0.,1.));
#13290=DIRECTION('',(1.,0.,0.));
#13291=DIRECTION('',(-1.,0.,0.));
#13292=DIRECTION('',(-1.,0.,0.));
#13293=DIRECTION('',(0.,5.78241158658936E-16,-1.));
#13294=DIRECTION('',(0.,1.,5.78241158658936E-16));
#13295=DIRECTION('',(-1.,0.,0.));
#13296=DIRECTION('',(-1.,0.,0.));
#13297=DIRECTION('',(0.,1.,1.17211045674109E-16));
#13298=DIRECTION('',(0.,-1.17211045674109E-16,1.));
#13299=DIRECTION('',(-1.,0.,0.));
#13300=DIRECTION('',(-1.,0.,0.));
#13301=DIRECTION('',(0.,0.,-1.));
#13302=DIRECTION('',(-1.,0.,0.));
#13303=DIRECTION('',(-1.,0.,0.));
#13304=DIRECTION('',(1.,0.,0.));
#13305=DIRECTION('',(0.,0.,-1.));
#13306=DIRECTION('',(-1.,0.,0.));
#13307=DIRECTION('',(0.,0.,1.));
#13308=DIRECTION('',(0.,0.999441805889225,-0.0334077332497142));
#13309=DIRECTION('',(0.,0.0334077332497142,0.999441805889225));
#13310=DIRECTION('',(-1.,0.,0.));
#13311=DIRECTION('',(-1.,0.,0.));
#13312=DIRECTION('',(-1.,0.,0.));
#13313=DIRECTION('',(0.,0.,1.));
#13314=DIRECTION('',(-1.,0.,0.));
#13315=DIRECTION('',(-1.,0.,0.));
#13316=DIRECTION('',(0.,0.,1.));
#13317=DIRECTION('',(1.,0.,0.));
#13318=DIRECTION('',(-1.,0.,0.));
#13319=DIRECTION('',(-1.,0.,0.));
#13320=DIRECTION('',(0.,0.,1.));
#13321=DIRECTION('',(-1.,0.,0.));
#13322=DIRECTION('',(0.,-0.912653256146669,-0.408734674385331));
#13323=DIRECTION('',(0.,0.408734674385331,-0.912653256146669));
#13324=DIRECTION('',(-1.,0.,0.));
#13325=DIRECTION('',(0.,-1.,-2.89120579329468E-16));
#13326=DIRECTION('',(0.,2.89120579329468E-16,-1.));
#13327=DIRECTION('',(-1.,0.,0.));
#13328=DIRECTION('',(-1.,0.,0.));
#13329=DIRECTION('',(0.,0.,1.));
#13330=DIRECTION('',(-1.,0.,0.));
#13331=DIRECTION('',(0.,-0.969534073510808,0.24495648654718));
#13332=DIRECTION('',(0.,-0.24495648654718,-0.969534073510808));
#13333=DIRECTION('',(-1.,0.,0.));
#13334=DIRECTION('',(0.,0.999441805889225,0.0334077332497143));
#13335=DIRECTION('',(0.,-0.0334077332497143,0.999441805889225));
#13336=DIRECTION('',(-1.,0.,0.));
#13337=DIRECTION('',(-1.,0.,0.));
#13338=DIRECTION('',(-1.,0.,0.));
#13339=DIRECTION('',(0.,0.,1.));
#13340=DIRECTION('',(-1.,0.,0.));
#13341=DIRECTION('',(0.,2.47778122771285E-16,-1.));
#13342=DIRECTION('',(0.,1.,2.47778122771285E-16));
#13343=DIRECTION('',(0.,0.999441805889225,-0.033407733249714));
#13344=DIRECTION('',(0.,0.033407733249714,0.999441805889225));
#13345=DIRECTION('',(-1.,0.,0.));
#13346=DIRECTION('',(-1.,0.,0.));
#13347=DIRECTION('',(-1.,0.,0.));
#13348=DIRECTION('',(0.,0.,1.));
#13349=DIRECTION('',(-1.,0.,0.));
#13350=DIRECTION('',(0.,0.,1.));
#13351=DIRECTION('',(1.,0.,0.));
#13352=DIRECTION('',(-1.,0.,0.));
#13353=DIRECTION('',(-1.,0.,0.));
#13354=DIRECTION('',(0.,0.,1.));
#13355=DIRECTION('',(-1.,0.,0.));
#13356=DIRECTION('',(0.,-0.999441805889225,-0.0334077332497143));
#13357=DIRECTION('',(0.,0.0334077332497143,-0.999441805889225));
#13358=DIRECTION('',(-1.,0.,0.));
#13359=DIRECTION('',(0.,0.730334913070546,0.683089243620654));
#13360=DIRECTION('',(0.,-0.683089243620654,0.730334913070546));
#13361=DIRECTION('',(-1.,0.,0.));
#13362=DIRECTION('',(0.,-0.730334913070545,0.683089243620656));
#13363=DIRECTION('',(0.,-0.683089243620656,-0.730334913070545));
#13364=DIRECTION('',(-1.,0.,0.));
#13365=DIRECTION('',(-1.,0.,0.));
#13366=DIRECTION('',(0.,0.,1.));
#13367=DIRECTION('',(-1.,0.,0.));
#13368=DIRECTION('',(0.,0.,1.));
#13369=DIRECTION('',(-1.,0.,0.));
#13370=DIRECTION('',(0.,0.,1.));
#13371=DIRECTION('',(1.,0.,0.));
#13372=DIRECTION('',(0.,0.,-1.));
#13373=DIRECTION('',(1.,0.,0.));
#13374=DIRECTION('',(0.,0.,-1.));
#13375=DIRECTION('',(1.,0.,0.));
#13376=DIRECTION('',(0.,0.,-1.));
#13377=DIRECTION('',(-1.,0.,0.));
#13378=DIRECTION('',(0.,0.,1.));
#13379=DIRECTION('',(-1.,0.,0.));
#13380=DIRECTION('',(0.,0.,1.));
#13381=DIRECTION('',(-1.,0.,0.));
#13382=DIRECTION('',(0.,0.,1.));
#13383=DIRECTION('',(-1.,0.,0.));
#13384=DIRECTION('',(0.,0.,1.));
#13385=DIRECTION('',(-1.,0.,0.));
#13386=DIRECTION('',(0.,0.,1.));
#13387=DIRECTION('',(-1.,8.67361737988404E-16,0.));
#13388=DIRECTION('',(-8.67361737988404E-16,-1.,0.));
#13389=DIRECTION('',(8.67361737988404E-16,1.,0.));
#13390=DIRECTION('',(7.75791922889773E-16,0.894427190999916,0.447213595499958));
#13391=DIRECTION('',(0.,0.,-1.));
#13392=DIRECTION('',(-7.75791922889773E-16,-0.894427190999916,0.447213595499958));
#13393=DIRECTION('',(8.67361737988404E-16,1.,0.));
#13394=DIRECTION('',(0.,0.,-1.));
#13395=DIRECTION('',(1.,-8.67361737988404E-16,-4.84018827002457E-17));
#13396=DIRECTION('',(8.67361737988404E-16,1.,0.));
#13397=DIRECTION('',(4.84018827002457E-17,0.,1.));
#13398=DIRECTION('',(-7.97437902881117E-16,-0.894427190999916,-0.447213595499958));
#13399=DIRECTION('',(8.67361737988404E-16,1.,0.));
#13400=DIRECTION('',(4.84018827002457E-17,0.,1.));
#13401=DIRECTION('',(8.67361737988404E-16,1.,0.));
#13402=DIRECTION('',(7.54145942898429E-16,0.894427190999916,-0.447213595499958));
#13403=DIRECTION('',(0.,0.,-1.));
#13404=DIRECTION('',(-1.,0.,0.));
#13405=DIRECTION('',(0.,0.,-1.));
#13406=DIRECTION('',(-0.753424657534247,-0.657534246575342,0.));
#13407=DIRECTION('',(0.,0.,-1.));
#13408=DIRECTION('',(0.,0.,-1.));
#13409=DIRECTION('',(-0.753424657534247,-0.657534246575342,0.));
#13410=DIRECTION('',(0.,0.,-1.));
#13411=DIRECTION('',(-1.,0.,0.));
#13412=DIRECTION('',(0.,0.,-1.));
#13413=DIRECTION('',(-0.753424657534247,-0.657534246575342,0.));
#13414=DIRECTION('',(3.64671718974454E-17,3.18258954741342E-17,1.));
#13415=DIRECTION('',(0.,0.,-1.));
#13416=DIRECTION('',(-0.753424657534247,-0.657534246575342,0.));
#13417=DIRECTION('',(0.,0.,1.));
#13418=DIRECTION('',(1.,0.,0.));
#13419=DIRECTION('',(0.,0.,1.));
#13420=DIRECTION('',(0.753424657534246,-0.657534246575343,0.));
#13421=DIRECTION('',(0.,0.,-1.));
#13422=DIRECTION('',(0.,0.,1.));
#13423=DIRECTION('',(0.753424657534246,-0.657534246575343,0.));
#13424=DIRECTION('',(0.,0.,1.));
#13425=DIRECTION('',(1.,0.,0.));
#13426=DIRECTION('',(0.,0.,1.));
#13427=DIRECTION('',(0.753424657534247,-0.657534246575342,0.));
#13428=DIRECTION('',(3.64671718974454E-17,-3.18258954741342E-17,1.));
#13429=DIRECTION('',(0.,0.,1.));
#13430=DIRECTION('',(0.753424657534247,-0.657534246575342,0.));
#13431=DIRECTION('',(0.,0.,-1.));
#13432=DIRECTION('',(-1.,0.,0.));
#13433=DIRECTION('',(0.,0.,-1.));
#13434=DIRECTION('',(-1.,1.79454152687256E-15,0.));
#13435=DIRECTION('',(0.,0.,-1.));
#13436=DIRECTION('',(-1.,1.79454152687256E-15,0.));
#13437=DIRECTION('',(0.,0.,-1.));
#13438=DIRECTION('',(-1.,0.,0.));
#13439=DIRECTION('',(0.,0.,-1.));
#13440=DIRECTION('',(-1.,1.18276600634782E-15,0.));
#13441=DIRECTION('',(0.,0.,-1.));
#13442=DIRECTION('',(-1.,1.18276600634782E-15,0.));
#13443=DIRECTION('',(0.,0.,-1.));
#13444=DIRECTION('',(-1.,0.,0.));
#13445=DIRECTION('',(-1.,0.,0.));
#13446=DIRECTION('',(4.33680868994199E-16,0.,1.));
#13447=DIRECTION('',(1.,0.,-4.33680868994199E-16));
#13448=DIRECTION('',(1.,0.,-4.33680868994199E-16));
#13449=DIRECTION('',(0.,1.,0.));
#13450=DIRECTION('',(0.,0.,1.));
#13451=DIRECTION('',(-1.,0.,4.33680868994199E-16));
#13452=DIRECTION('',(1.,0.,0.));
#13453=DIRECTION('',(-3.87895961444884E-16,0.447213595499958,-0.894427190999916));
#13454=DIRECTION('',(-1.,0.,4.33680868994199E-16));
#13455=DIRECTION('',(0.,0.447213595499958,0.894427190999916));
#13456=DIRECTION('',(1.,0.,0.));
#13457=DIRECTION('',(1.54585032412647E-15,-8.58680591857059E-16,1.));
#13458=DIRECTION('',(1.,6.12303176911192E-17,-1.54585032412647E-15));
#13459=DIRECTION('',(-3.9079915947054E-16,3.53883589099269E-16,1.));
#13460=DIRECTION('',(-1.,6.64835702834471E-16,-3.90799159470541E-16));
#13461=DIRECTION('',(1.54585032412647E-15,-8.58680591857059E-16,1.));
#13462=DIRECTION('',(1.,6.12303176911192E-17,-1.54585032412647E-15));
#13463=DIRECTION('',(-3.9079915947054E-16,3.53883589099269E-16,1.));
#13464=DIRECTION('',(-1.,6.64835702834471E-16,-3.90799159470541E-16));
#13465=DIRECTION('',(1.54585032412647E-15,-8.58680591857059E-16,1.));
#13466=DIRECTION('',(1.,6.12303176911192E-17,-1.54585032412647E-15));
#13467=DIRECTION('',(1.54585032412647E-15,-8.58680591857059E-16,1.));
#13468=DIRECTION('',(1.,6.12303176911192E-17,-1.54585032412647E-15));
#13469=DIRECTION('',(1.54585032412647E-15,-8.58680591857059E-16,1.));
#13470=DIRECTION('',(1.,6.12303176911192E-17,-1.54585032412647E-15));
#13471=DIRECTION('',(-3.9079915947054E-16,3.53883589099269E-16,1.));
#13472=DIRECTION('',(-1.,6.64835702834471E-16,-3.90799159470541E-16));
#13473=DIRECTION('',(-3.9079915947054E-16,3.53883589099269E-16,1.));
#13474=DIRECTION('',(-1.,6.64835702834471E-16,-3.90799159470541E-16));
#13475=DIRECTION('',(1.54585032412647E-15,-8.58680591857059E-16,1.));
#13476=DIRECTION('',(1.,6.12303176911192E-17,-1.54585032412647E-15));
#13477=CARTESIAN_POINT('',(0.,0.,0.));
#13478=CARTESIAN_POINT('',(-8.61999999999999,-2.5,0.));
#13479=CARTESIAN_POINT('',(7.88500000000001,-1.5,0.));
#13480=CARTESIAN_POINT('',(-7.11,-1.5,0.));
#13481=CARTESIAN_POINT('',(-7.88500000000001,-1.5,0.));
#13482=CARTESIAN_POINT('',(-8.61999999999999,-1.5,0.));
#13483=CARTESIAN_POINT('',(-6.86,-1.5,0.));
#13484=CARTESIAN_POINT('',(7.88500000000001,-1.5,0.));
#13485=CARTESIAN_POINT('',(-5.84,-1.5,0.));
#13486=CARTESIAN_POINT('',(-8.61999999999999,-1.50000000000001,0.));
#13487=CARTESIAN_POINT('',(-5.59,-1.50000000000001,0.));
#13488=CARTESIAN_POINT('',(7.88500000000001,-1.5,0.));
#13489=CARTESIAN_POINT('',(-4.57,-1.5,0.));
#13490=CARTESIAN_POINT('',(-8.61999999999999,-1.5,0.));
#13491=CARTESIAN_POINT('',(-4.32,-1.5,0.));
#13492=CARTESIAN_POINT('',(7.88500000000001,-1.5,0.));
#13493=CARTESIAN_POINT('',(-3.3,-1.5,0.));
#13494=CARTESIAN_POINT('',(-8.61999999999999,-1.50000000000001,0.));
#13495=CARTESIAN_POINT('',(-3.05,-1.50000000000001,0.));
#13496=CARTESIAN_POINT('',(7.88500000000001,-1.5,0.));
#13497=CARTESIAN_POINT('',(-2.03,-1.5,0.));
#13498=CARTESIAN_POINT('',(-8.61999999999999,-1.5,0.));
#13499=CARTESIAN_POINT('',(-1.78,-1.5,0.));
#13500=CARTESIAN_POINT('',(7.88500000000001,-1.5,0.));
#13501=CARTESIAN_POINT('',(-0.759999999999995,-1.5,0.));
#13502=CARTESIAN_POINT('',(-8.61999999999999,-1.50000000000001,0.));
#13503=CARTESIAN_POINT('',(-0.509999999999997,-1.50000000000001,0.));
#13504=CARTESIAN_POINT('',(7.88500000000001,-1.5,0.));
#13505=CARTESIAN_POINT('',(0.509999999999999,-1.5,0.));
#13506=CARTESIAN_POINT('',(-8.61999999999999,-1.5,0.));
#13507=CARTESIAN_POINT('',(0.760000000000003,-1.5,0.));
#13508=CARTESIAN_POINT('',(7.88500000000001,-1.5,0.));
#13509=CARTESIAN_POINT('',(1.78,-1.5,0.));
#13510=CARTESIAN_POINT('',(-8.61999999999999,-1.50000000000001,0.));
#13511=CARTESIAN_POINT('',(2.03,-1.50000000000001,0.));
#13512=CARTESIAN_POINT('',(7.88500000000001,-1.5,0.));
#13513=CARTESIAN_POINT('',(3.05,-1.5,0.));
#13514=CARTESIAN_POINT('',(-8.61999999999999,-1.5,0.));
#13515=CARTESIAN_POINT('',(3.3,-1.5,0.));
#13516=CARTESIAN_POINT('',(7.88500000000001,-1.5,0.));
#13517=CARTESIAN_POINT('',(4.32,-1.5,0.));
#13518=CARTESIAN_POINT('',(-8.61999999999999,-1.50000000000001,0.));
#13519=CARTESIAN_POINT('',(4.57,-1.50000000000001,0.));
#13520=CARTESIAN_POINT('',(7.88500000000001,-1.5,0.));
#13521=CARTESIAN_POINT('',(5.59,-1.5,0.));
#13522=CARTESIAN_POINT('',(-8.61999999999999,-1.5,0.));
#13523=CARTESIAN_POINT('',(5.84,-1.5,0.));
#13524=CARTESIAN_POINT('',(7.88500000000001,-1.5,0.));
#13525=CARTESIAN_POINT('',(6.86,-1.5,0.));
#13526=CARTESIAN_POINT('',(-8.61999999999999,-1.50000000000001,0.));
#13527=CARTESIAN_POINT('',(7.11,-1.50000000000001,0.));
#13528=CARTESIAN_POINT('',(7.88500000000001,-1.5,0.));
#13529=CARTESIAN_POINT('',(7.885,-1.5,0.));
#13530=CARTESIAN_POINT('',(7.88500000000001,1.5,0.));
#13531=CARTESIAN_POINT('',(7.88500000000001,1.5,0.));
#13532=CARTESIAN_POINT('',(-7.88500000000001,1.5,0.));
#13533=CARTESIAN_POINT('',(7.11,1.5,0.));
#13534=CARTESIAN_POINT('',(-8.61999999999999,1.5,0.));
#13535=CARTESIAN_POINT('',(6.86,1.5,0.));
#13536=CARTESIAN_POINT('',(-7.88500000000001,1.5,0.));
#13537=CARTESIAN_POINT('',(5.84,1.5,6.07153216591882E-14));
#13538=CARTESIAN_POINT('',(-8.61999999999999,1.5,0.));
#13539=CARTESIAN_POINT('',(5.59,1.5,0.));
#13540=CARTESIAN_POINT('',(-7.88500000000001,1.5,0.));
#13541=CARTESIAN_POINT('',(4.57,1.5,0.));
#13542=CARTESIAN_POINT('',(-8.61999999999999,1.5,0.));
#13543=CARTESIAN_POINT('',(4.32,1.5,0.));
#13544=CARTESIAN_POINT('',(-7.88500000000001,1.5,0.));
#13545=CARTESIAN_POINT('',(3.3,1.5,6.07153216591882E-14));
#13546=CARTESIAN_POINT('',(-8.61999999999999,1.5,0.));
#13547=CARTESIAN_POINT('',(3.05,1.5,0.));
#13548=CARTESIAN_POINT('',(-7.88500000000001,1.5,0.));
#13549=CARTESIAN_POINT('',(2.03,1.5,0.));
#13550=CARTESIAN_POINT('',(-8.61999999999999,1.5,0.));
#13551=CARTESIAN_POINT('',(1.78,1.5,0.));
#13552=CARTESIAN_POINT('',(-7.88500000000001,1.5,0.));
#13553=CARTESIAN_POINT('',(0.760000000000004,1.5,6.07153216591882E-14));
#13554=CARTESIAN_POINT('',(-8.61999999999999,1.5,0.));
#13555=CARTESIAN_POINT('',(0.509999999999999,1.5,0.));
#13556=CARTESIAN_POINT('',(-7.88500000000001,1.5,0.));
#13557=CARTESIAN_POINT('',(-0.509999999999997,1.5,0.));
#13558=CARTESIAN_POINT('',(-8.61999999999999,1.5,0.));
#13559=CARTESIAN_POINT('',(-0.759999999999995,1.5,0.));
#13560=CARTESIAN_POINT('',(-7.88500000000001,1.5,0.));
#13561=CARTESIAN_POINT('',(-1.78,1.5,6.07153216591882E-14));
#13562=CARTESIAN_POINT('',(-8.61999999999999,1.5,0.));
#13563=CARTESIAN_POINT('',(-2.03,1.5,0.));
#13564=CARTESIAN_POINT('',(-7.88500000000001,1.5,0.));
#13565=CARTESIAN_POINT('',(-3.05,1.5,0.));
#13566=CARTESIAN_POINT('',(-8.61999999999999,1.5,0.));
#13567=CARTESIAN_POINT('',(-3.3,1.5,0.));
#13568=CARTESIAN_POINT('',(-7.88500000000001,1.5,0.));
#13569=CARTESIAN_POINT('',(-4.32,1.5,6.07153216591882E-14));
#13570=CARTESIAN_POINT('',(-8.61999999999999,1.5,0.));
#13571=CARTESIAN_POINT('',(-4.57,1.5,0.));
#13572=CARTESIAN_POINT('',(-7.88500000000001,1.5,0.));
#13573=CARTESIAN_POINT('',(-5.59,1.5,0.));
#13574=CARTESIAN_POINT('',(-8.61999999999999,1.5,0.));
#13575=CARTESIAN_POINT('',(-5.84,1.5,0.));
#13576=CARTESIAN_POINT('',(-7.88500000000001,1.5,0.));
#13577=CARTESIAN_POINT('',(-6.86,1.5,6.07153216591882E-14));
#13578=CARTESIAN_POINT('',(-8.61999999999999,1.5,0.));
#13579=CARTESIAN_POINT('',(-7.11,1.5,0.));
#13580=CARTESIAN_POINT('',(-7.88500000000001,1.5,0.));
#13581=CARTESIAN_POINT('',(-7.88500000000001,1.5,0.));
#13582=CARTESIAN_POINT('',(-8.62,1.5,0.));
#13583=CARTESIAN_POINT('',(-8.61999999999999,1.5,0.));
#13584=CARTESIAN_POINT('',(-8.61999999999999,2.5,0.));
#13585=CARTESIAN_POINT('',(-8.62,2.5,0.));
#13586=CARTESIAN_POINT('',(8.62000000000001,2.5,0.));
#13587=CARTESIAN_POINT('',(8.62000000000001,2.5,0.));
#13588=CARTESIAN_POINT('',(8.62000000000001,-2.5,0.));
#13589=CARTESIAN_POINT('',(8.62000000000001,-2.5,0.));
#13590=CARTESIAN_POINT('',(-8.62,-2.5,0.));
#13591=CARTESIAN_POINT('',(-8.62,-2.5,0.));
#13592=CARTESIAN_POINT('',(-8.61999999999999,2.5,0.));
#13593=CARTESIAN_POINT('',(-8.62,-1.5,0.));
#13594=CARTESIAN_POINT('',(-7.88500000000001,-1.5,0.));
#13595=CARTESIAN_POINT('',(-8.61999999999999,-2.5,0.));
#13596=CARTESIAN_POINT('',(-5.84,-18.6337757848484,0.));
#13597=CARTESIAN_POINT('',(-5.84,-1.79374037547994E-15,0.));
#13598=CARTESIAN_POINT('',(-5.84,0.999999999999997,0.));
#13599=CARTESIAN_POINT('',(-8.61999999999999,0.999999999999997,0.));
#13600=CARTESIAN_POINT('',(-5.59,0.999999999999997,0.));
#13601=CARTESIAN_POINT('',(-5.59,-18.6337757848484,0.));
#13602=CARTESIAN_POINT('',(-5.59,-1.73472347597681E-15,0.));
#13603=CARTESIAN_POINT('',(-8.61999999999999,-2.16840434497101E-15,0.));
#13604=CARTESIAN_POINT('',(-6.86,-18.6337757848484,6.12580816417645E-14));
#13605=CARTESIAN_POINT('',(-6.85999999999999,-1.00000000000004,-1.50000000000008));
#13606=CARTESIAN_POINT('',(-6.85999999999999,-0.925000000000001,-1.35));
#13607=CARTESIAN_POINT('',(-6.86,-0.5,-0.5));
#13608=CARTESIAN_POINT('',(-6.85999999999999,-1.5,-1.35));
#13609=CARTESIAN_POINT('',(-6.85999999999999,-1.5,-1.35));
#13610=CARTESIAN_POINT('',(-6.85999999999999,-1.5,-1.50000000000006));
#13611=CARTESIAN_POINT('',(-6.86,-1.5,-15.1337757848484));
#13612=CARTESIAN_POINT('',(-6.86,-1.5,3.5));
#13613=CARTESIAN_POINT('',(-6.86,-1.5,3.5));
#13614=CARTESIAN_POINT('',(-6.86,-0.999999999999999,3.5));
#13615=CARTESIAN_POINT('',(-6.86,-0.999999999999999,-15.1337757848484));
#13616=CARTESIAN_POINT('',(-6.86,-0.999999999999999,0.));
#13617=CARTESIAN_POINT('',(-6.86,-18.6337757848484,6.12580816417645E-14));
#13618=CARTESIAN_POINT('',(-6.86,-1.30104260698261E-15,6.07153216591882E-14));
#13619=CARTESIAN_POINT('',(-6.86,-1.30104260698261E-15,-15.1337757848484));
#13620=CARTESIAN_POINT('',(-6.86,-1.30104260698261E-15,3.5));
#13621=CARTESIAN_POINT('',(-6.86,-1.30104260698261E-15,3.5));
#13622=CARTESIAN_POINT('',(-6.86000000000001,0.499999999999999,3.5));
#13623=CARTESIAN_POINT('',(-6.86,0.5,6.12580816417644E-14));
#13624=CARTESIAN_POINT('',(-6.86,0.5,-0.5));
#13625=CARTESIAN_POINT('',(-6.86,-0.5,-0.5));
#13626=CARTESIAN_POINT('',(-7.11,-18.6337757848484,-1.5));
#13627=CARTESIAN_POINT('',(-7.11,-1.5,-1.5));
#13628=CARTESIAN_POINT('',(-7.11,-1.5,-1.35));
#13629=CARTESIAN_POINT('',(-7.11,-1.00000000000001,-1.35));
#13630=CARTESIAN_POINT('',(-7.11,-0.925000000000001,-1.35));
#13631=CARTESIAN_POINT('',(-7.11,-1.,-1.5));
#13632=CARTESIAN_POINT('',(-7.11,-0.5,-0.5));
#13633=CARTESIAN_POINT('',(-7.11,-0.5,-0.5));
#13634=CARTESIAN_POINT('',(-7.11,0.5,-0.5));
#13635=CARTESIAN_POINT('',(-7.11,0.5,-1.5));
#13636=CARTESIAN_POINT('',(-7.11,0.499999999999999,3.5));
#13637=CARTESIAN_POINT('',(-7.11,1.5,3.5));
#13638=CARTESIAN_POINT('',(-7.11,-1.30104260698261E-15,3.5));
#13639=CARTESIAN_POINT('',(-7.11,-1.30104260698261E-15,-15.1337757848484));
#13640=CARTESIAN_POINT('',(-7.11,0.,0.));
#13641=CARTESIAN_POINT('',(-7.11,-18.6337757848484,0.));
#13642=CARTESIAN_POINT('',(-7.11,-0.999999999999999,0.));
#13643=CARTESIAN_POINT('',(-7.11,-0.999999999999999,-15.1337757848484));
#13644=CARTESIAN_POINT('',(-7.11,-0.999999999999999,3.5));
#13645=CARTESIAN_POINT('',(-7.11,-0.999999999999999,3.5));
#13646=CARTESIAN_POINT('',(-7.11,-1.5,3.5));
#13647=CARTESIAN_POINT('',(-7.11,-1.5,-15.1337757848484));
#13648=CARTESIAN_POINT('',(-5.59,-18.6337757848484,0.));
#13649=CARTESIAN_POINT('',(-5.59,-1.00000000000003,0.));
#13650=CARTESIAN_POINT('',(-5.59,-1.00000000000003,3.5));
#13651=CARTESIAN_POINT('',(-5.59,-1.00000000000003,-1.35));
#13652=CARTESIAN_POINT('',(-5.59,-1.5,-1.35));
#13653=CARTESIAN_POINT('',(-5.59,-1.5,-1.35));
#13654=CARTESIAN_POINT('',(-5.59,-1.5,-1.5));
#13655=CARTESIAN_POINT('',(-5.59,-1.50000000000001,-15.1337757848484));
#13656=CARTESIAN_POINT('',(-5.59,-1.50000000000001,3.5));
#13657=CARTESIAN_POINT('',(-5.59,-1.50000000000001,3.5));
#13658=CARTESIAN_POINT('',(-5.84,-18.6337757848484,-1.5));
#13659=CARTESIAN_POINT('',(-5.84,-1.5,-1.5));
#13660=CARTESIAN_POINT('',(-5.84,-1.5,-1.35));
#13661=CARTESIAN_POINT('',(-5.84,-1.00000000000003,-1.35));
#13662=CARTESIAN_POINT('',(-5.84,-1.00000000000003,-1.35));
#13663=CARTESIAN_POINT('',(-5.84,-1.00000000000003,-1.5));
#13664=CARTESIAN_POINT('',(-5.84,-1.00000000000003,3.5));
#13665=CARTESIAN_POINT('',(-5.84,-1.79374037547994E-15,3.5));
#13666=CARTESIAN_POINT('',(-5.84,-1.50000000000001,3.5));
#13667=CARTESIAN_POINT('',(-5.84,-1.50000000000001,-15.1337757848484));
#13668=CARTESIAN_POINT('',(-7.88500000000001,1.5,-1.5));
#13669=CARTESIAN_POINT('',(18.6337757848483,1.,-1.5));
#13670=CARTESIAN_POINT('',(-4.745,1.,-1.5));
#13671=CARTESIAN_POINT('',(-5.44,1.,-1.5));
#13672=CARTESIAN_POINT('',(-5.44,1.5,-1.5));
#13673=CARTESIAN_POINT('',(-5.44,1.5,-1.5));
#13674=CARTESIAN_POINT('',(-7.88500000000001,1.5,-1.5));
#13675=CARTESIAN_POINT('',(-4.72,1.5,-1.5));
#13676=CARTESIAN_POINT('',(-4.72,1.,-1.5));
#13677=CARTESIAN_POINT('',(-4.72,1.,-1.5));
#13678=CARTESIAN_POINT('',(18.6337757848483,1.,-1.5));
#13679=CARTESIAN_POINT('',(-7.88500000000001,1.5,-1.5));
#13680=CARTESIAN_POINT('',(-7.88500000000001,1.5,-1.5));
#13681=CARTESIAN_POINT('',(-6.70999999999999,1.5,-1.5));
#13682=CARTESIAN_POINT('',(-5.99,1.5,-1.5));
#13683=CARTESIAN_POINT('',(-5.99,1.00000000000001,-1.5));
#13684=CARTESIAN_POINT('',(-5.98999999999999,1.,-1.5));
#13685=CARTESIAN_POINT('',(18.6337757848483,1.,-1.5));
#13686=CARTESIAN_POINT('',(-6.685,1.,-1.5));
#13687=CARTESIAN_POINT('',(18.6337757848483,1.,-1.5));
#13688=CARTESIAN_POINT('',(-6.70999999999999,1.,-1.5));
#13689=CARTESIAN_POINT('',(-6.70999999999999,1.5,-1.5));
#13690=CARTESIAN_POINT('',(-7.88500000000001,1.5,-1.5));
#13691=CARTESIAN_POINT('',(-5.59,1.5,-1.35));
#13692=CARTESIAN_POINT('',(-5.59,1.5,-1.35));
#13693=CARTESIAN_POINT('',(-5.59,1.5,-1.5));
#13694=CARTESIAN_POINT('',(-4.57,1.5,-1.5));
#13695=CARTESIAN_POINT('',(-4.57,1.5,-1.35));
#13696=CARTESIAN_POINT('',(-4.72,1.5,-1.5));
#13697=CARTESIAN_POINT('',(-7.88500000000001,1.5,-1.5));
#13698=CARTESIAN_POINT('',(-5.84,1.5,-1.5));
#13699=CARTESIAN_POINT('',(-5.84,1.5,-1.35));
#13700=CARTESIAN_POINT('',(-5.99,1.5,-1.5));
#13701=CARTESIAN_POINT('',(-6.85999999999999,1.5,-1.35));
#13702=CARTESIAN_POINT('',(-6.85999999999999,1.5,-1.35));
#13703=CARTESIAN_POINT('',(-6.85999999999999,1.5,-1.5));
#13704=CARTESIAN_POINT('',(18.6337757848483,-0.5,-0.5));
#13705=CARTESIAN_POINT('',(-5.59,-0.5,-0.5));
#13706=CARTESIAN_POINT('',(-5.59,-0.500000000000028,-0.5));
#13707=CARTESIAN_POINT('',(-5.59,0.5,-0.5));
#13708=CARTESIAN_POINT('',(18.6337757848483,0.5,-0.5));
#13709=CARTESIAN_POINT('',(-4.745,0.5,-0.5));
#13710=CARTESIAN_POINT('',(18.6337757848483,0.5,-0.5));
#13711=CARTESIAN_POINT('',(-4.57,0.5,-0.5));
#13712=CARTESIAN_POINT('',(-4.57,-0.5,-0.5));
#13713=CARTESIAN_POINT('',(-4.57,-0.5,-0.5));
#13714=CARTESIAN_POINT('',(18.6337757848483,-0.5,-0.5));
#13715=CARTESIAN_POINT('',(-5.415,-0.500000000000029,-0.500000000000058));
#13716=CARTESIAN_POINT('',(18.6337757848483,-0.500000000000029,-0.500000000000058));
#13717=CARTESIAN_POINT('',(18.6337757848483,-0.5,-0.5));
#13718=CARTESIAN_POINT('',(18.6337757848483,0.5,-0.5));
#13719=CARTESIAN_POINT('',(-5.84,0.5,-0.5));
#13720=CARTESIAN_POINT('',(-6.685,0.5,-0.5));
#13721=CARTESIAN_POINT('',(-5.84,-0.5,-0.5));
#13722=CARTESIAN_POINT('',(-5.84,-0.500000000000028,-0.5));
#13723=CARTESIAN_POINT('',(18.6337757848483,-0.5,-0.5));
#13724=CARTESIAN_POINT('',(-6.015,-0.500000000000029,-0.500000000000058));
#13725=CARTESIAN_POINT('',(18.6337757848483,-0.5,-0.5));
#13726=CARTESIAN_POINT('',(18.6337757848483,0.499999999999995,-0.499999999999989));
#13727=CARTESIAN_POINT('',(18.6337757848483,0.5,-0.5));
#13728=CARTESIAN_POINT('',(-5.59,0.5,-0.5));
#13729=CARTESIAN_POINT('',(-5.59,0.925000000000001,-1.35));
#13730=CARTESIAN_POINT('',(-9.9363946188552,-1.2481973094276,2.9963946188552));
#13731=CARTESIAN_POINT('',(-4.745,0.5,-0.5));
#13732=CARTESIAN_POINT('',(18.6337757848483,0.5,-0.5));
#13733=CARTESIAN_POINT('',(-6.10111111111111,1.05555555555556,-1.61111111111111));
#13734=CARTESIAN_POINT('',(-5.84,0.925000000000001,-1.35));
#13735=CARTESIAN_POINT('',(-5.84,0.5,-0.5));
#13736=CARTESIAN_POINT('',(-6.685,0.5,-0.5));
#13737=CARTESIAN_POINT('',(-7.88500000000001,1.5,-1.5));
#13738=CARTESIAN_POINT('',(7.88500000000001,-1.5,-1.5));
#13739=CARTESIAN_POINT('',(-4.72,-1.5,-1.5));
#13740=CARTESIAN_POINT('',(-5.44,-1.5,-1.5));
#13741=CARTESIAN_POINT('',(-5.44,-1.00000000000003,-1.5));
#13742=CARTESIAN_POINT('',(-5.43999999999999,-1.00000000000003,-1.50000000000006));
#13743=CARTESIAN_POINT('',(18.6337757848483,-1.00000000000003,-1.50000000000006));
#13744=CARTESIAN_POINT('',(-5.415,-1.,-1.5));
#13745=CARTESIAN_POINT('',(18.6337757848483,-1.,-1.5));
#13746=CARTESIAN_POINT('',(-4.72,-1.,-1.5));
#13747=CARTESIAN_POINT('',(-4.72,-1.5,-1.5));
#13748=CARTESIAN_POINT('',(7.88500000000001,-1.5,-1.5));
#13749=CARTESIAN_POINT('',(-5.44,-1.5,-1.5));
#13750=CARTESIAN_POINT('',(-4.57,-1.5,-1.35));
#13751=CARTESIAN_POINT('',(-4.57,-1.5,-1.35));
#13752=CARTESIAN_POINT('',(-4.57,-1.5,-1.5));
#13753=CARTESIAN_POINT('',(18.6337757848483,-1.,-1.5));
#13754=CARTESIAN_POINT('',(-5.415,-1.,-1.5));
#13755=CARTESIAN_POINT('',(-4.57,-1.,-1.5));
#13756=CARTESIAN_POINT('',(-4.57,-0.925000000000001,-1.35));
#13757=CARTESIAN_POINT('',(-8.50528350774409,-2.89264175387205,-5.28528350774409));
#13758=CARTESIAN_POINT('',(-7.88500000000001,1.5,-1.5));
#13759=CARTESIAN_POINT('',(-7.88500000000001,1.5,-1.5));
#13760=CARTESIAN_POINT('',(-7.88500000000001,1.5,-1.5));
#13761=CARTESIAN_POINT('',(-7.26,1.5,-1.5));
#13762=CARTESIAN_POINT('',(-7.26,1.,-1.5));
#13763=CARTESIAN_POINT('',(-7.26,1.,-1.5));
#13764=CARTESIAN_POINT('',(18.6337757848483,1.,-1.5));
#13765=CARTESIAN_POINT('',(-7.285,1.,-1.5));
#13766=CARTESIAN_POINT('',(18.6337757848483,1.,-1.5));
#13767=CARTESIAN_POINT('',(-7.88500000000001,1.,-1.5));
#13768=CARTESIAN_POINT('',(-7.88500000000001,-1.5,-1.5));
#13769=CARTESIAN_POINT('',(-7.88500000000001,1.5,-1.5));
#13770=CARTESIAN_POINT('',(-7.11,1.5,-1.5));
#13771=CARTESIAN_POINT('',(-7.11,1.5,-1.35));
#13772=CARTESIAN_POINT('',(-7.26,1.5,-1.5));
#13773=CARTESIAN_POINT('',(-7.88500000000001,1.5,-1.5));
#13774=CARTESIAN_POINT('',(18.6337757848483,-0.5,-0.5));
#13775=CARTESIAN_POINT('',(18.6337757848483,0.5,-0.5));
#13776=CARTESIAN_POINT('',(-7.285,0.5,-0.5));
#13777=CARTESIAN_POINT('',(18.6337757848483,-0.5,-0.5));
#13778=CARTESIAN_POINT('',(-7.88500000000001,-0.5,-0.5));
#13779=CARTESIAN_POINT('',(-7.88500000000001,2.,-0.5));
#13780=CARTESIAN_POINT('',(-7.88500000000001,0.5,-0.5));
#13781=CARTESIAN_POINT('',(18.6337757848483,0.5,-0.5));
#13782=CARTESIAN_POINT('',(18.6337757848483,0.5,-0.5));
#13783=CARTESIAN_POINT('',(-7.285,0.5,-0.5));
#13784=CARTESIAN_POINT('',(-7.88500000000001,-0.800000000000002,2.1));
#13785=CARTESIAN_POINT('',(-7.88500000000001,1.5,-1.5));
#13786=CARTESIAN_POINT('',(18.6337757848483,-1.,-1.5));
#13787=CARTESIAN_POINT('',(-5.98999999999999,-1.,-1.5));
#13788=CARTESIAN_POINT('',(-6.015,-1.,-1.5));
#13789=CARTESIAN_POINT('',(-5.99,-1.5,-1.5));
#13790=CARTESIAN_POINT('',(-5.99,-1.5,-1.5));
#13791=CARTESIAN_POINT('',(7.88500000000001,-1.5,-1.5));
#13792=CARTESIAN_POINT('',(-6.70999999999999,-1.5,-1.5));
#13793=CARTESIAN_POINT('',(-6.70999999999999,-1.,-1.5));
#13794=CARTESIAN_POINT('',(-6.70999999999999,-1.,-1.5));
#13795=CARTESIAN_POINT('',(18.6337757848483,-1.,-1.5));
#13796=CARTESIAN_POINT('',(7.88500000000001,-1.5,-1.5));
#13797=CARTESIAN_POINT('',(-5.84,-1.5,-1.35));
#13798=CARTESIAN_POINT('',(-6.70999999999999,-1.5,-1.5));
#13799=CARTESIAN_POINT('',(18.6337757848483,-1.,-1.5));
#13800=CARTESIAN_POINT('',(-7.26555555555555,-0.722222222222223,-0.944444444444445));
#13801=CARTESIAN_POINT('',(-6.015,-0.999999999999993,-1.49999999999998));
#13802=CARTESIAN_POINT('',(-8.61999999999999,-2.5,0.));
#13803=CARTESIAN_POINT('',(-8.61999999999999,-0.999999999999999,0.));
#13804=CARTESIAN_POINT('',(-8.61999999999999,-1.30104260698261E-15,0.));
#13805=CARTESIAN_POINT('',(-8.61999999999999,-2.5,0.));
#13806=CARTESIAN_POINT('',(-3.3,-18.6337757848484,0.));
#13807=CARTESIAN_POINT('',(-3.3,-1.79374037547994E-15,0.));
#13808=CARTESIAN_POINT('',(-3.3,0.999999999999997,0.));
#13809=CARTESIAN_POINT('',(-8.61999999999999,0.999999999999997,0.));
#13810=CARTESIAN_POINT('',(-3.05,0.999999999999997,0.));
#13811=CARTESIAN_POINT('',(-3.05,-18.6337757848484,0.));
#13812=CARTESIAN_POINT('',(-3.05,-1.73472347597681E-15,0.));
#13813=CARTESIAN_POINT('',(-8.61999999999999,-2.60208521396521E-15,0.));
#13814=CARTESIAN_POINT('',(-4.32,-18.6337757848484,6.12580816417645E-14));
#13815=CARTESIAN_POINT('',(-4.31999999999999,-1.00000000000004,-1.50000000000007));
#13816=CARTESIAN_POINT('',(-4.31999999999999,-0.925000000000001,-1.35));
#13817=CARTESIAN_POINT('',(-4.32,-0.5,-0.500000000000001));
#13818=CARTESIAN_POINT('',(-4.31999999999999,-1.5,-1.35));
#13819=CARTESIAN_POINT('',(-4.31999999999999,-1.5,-1.35));
#13820=CARTESIAN_POINT('',(-4.31999999999999,-1.5,-1.50000000000005));
#13821=CARTESIAN_POINT('',(-4.32,-1.5,-15.1337757848484));
#13822=CARTESIAN_POINT('',(-4.32,-1.5,3.5));
#13823=CARTESIAN_POINT('',(-4.32,-1.5,3.5));
#13824=CARTESIAN_POINT('',(-4.32,-0.999999999999999,3.5));
#13825=CARTESIAN_POINT('',(-4.32,-0.999999999999999,-15.1337757848484));
#13826=CARTESIAN_POINT('',(-4.32,-0.999999999999999,0.));
#13827=CARTESIAN_POINT('',(-4.32,-18.6337757848484,6.12580816417645E-14));
#13828=CARTESIAN_POINT('',(-4.32,-1.30104260698261E-15,6.07153216591882E-14));
#13829=CARTESIAN_POINT('',(-4.32,-1.30104260698261E-15,-15.1337757848484));
#13830=CARTESIAN_POINT('',(-4.32,-1.30104260698261E-15,3.5));
#13831=CARTESIAN_POINT('',(-4.32,-1.30104260698261E-15,3.5));
#13832=CARTESIAN_POINT('',(-4.32000000000001,0.499999999999999,3.5));
#13833=CARTESIAN_POINT('',(-4.32,0.5,6.12580816417644E-14));
#13834=CARTESIAN_POINT('',(-4.32,0.5,-0.500000000000001));
#13835=CARTESIAN_POINT('',(-4.31999999999999,-0.5,-0.5));
#13836=CARTESIAN_POINT('',(-4.57,-18.6337757848484,-1.5));
#13837=CARTESIAN_POINT('',(-4.57,-1.00000000000001,-1.35));
#13838=CARTESIAN_POINT('',(-4.57,0.5,-1.5));
#13839=CARTESIAN_POINT('',(-4.57,0.499999999999999,3.5));
#13840=CARTESIAN_POINT('',(-4.57,1.5,3.5));
#13841=CARTESIAN_POINT('',(-4.57,-1.30104260698261E-15,3.5));
#13842=CARTESIAN_POINT('',(-4.57,-1.30104260698261E-15,-15.1337757848484));
#13843=CARTESIAN_POINT('',(-4.57,0.,0.));
#13844=CARTESIAN_POINT('',(-4.57,-18.6337757848484,0.));
#13845=CARTESIAN_POINT('',(-4.57,-0.999999999999999,0.));
#13846=CARTESIAN_POINT('',(-4.57,-0.999999999999999,-15.1337757848484));
#13847=CARTESIAN_POINT('',(-4.57,-0.999999999999999,3.5));
#13848=CARTESIAN_POINT('',(-4.57,-0.999999999999999,3.5));
#13849=CARTESIAN_POINT('',(-4.57,-1.5,3.5));
#13850=CARTESIAN_POINT('',(-4.57,-1.5,-15.1337757848484));
#13851=CARTESIAN_POINT('',(-3.05,-18.6337757848484,0.));
#13852=CARTESIAN_POINT('',(-3.05,-1.00000000000003,0.));
#13853=CARTESIAN_POINT('',(-3.05,-1.00000000000003,3.5));
#13854=CARTESIAN_POINT('',(-3.05,-1.00000000000003,-1.35));
#13855=CARTESIAN_POINT('',(-3.05,-1.5,-1.35));
#13856=CARTESIAN_POINT('',(-3.05,-1.5,-1.35));
#13857=CARTESIAN_POINT('',(-3.05,-1.5,-1.5));
#13858=CARTESIAN_POINT('',(-3.05,-1.50000000000001,-15.1337757848484));
#13859=CARTESIAN_POINT('',(-3.05,-1.50000000000001,3.5));
#13860=CARTESIAN_POINT('',(-3.05,-1.50000000000001,3.5));
#13861=CARTESIAN_POINT('',(-3.3,-18.6337757848484,-1.5));
#13862=CARTESIAN_POINT('',(-3.3,-1.5,-1.5));
#13863=CARTESIAN_POINT('',(-3.3,-1.5,-1.35));
#13864=CARTESIAN_POINT('',(-3.3,-1.00000000000003,-1.35));
#13865=CARTESIAN_POINT('',(-3.3,-1.00000000000003,-1.35));
#13866=CARTESIAN_POINT('',(-3.3,-1.00000000000003,-1.5));
#13867=CARTESIAN_POINT('',(-3.3,-1.00000000000003,3.5));
#13868=CARTESIAN_POINT('',(-3.3,-1.79374037547994E-15,3.5));
#13869=CARTESIAN_POINT('',(-3.3,-1.50000000000001,3.5));
#13870=CARTESIAN_POINT('',(-3.3,-1.50000000000001,-15.1337757848484));
#13871=CARTESIAN_POINT('',(-7.88500000000001,1.5,-1.5));
#13872=CARTESIAN_POINT('',(18.6337757848483,1.,-1.5));
#13873=CARTESIAN_POINT('',(-2.205,1.,-1.5));
#13874=CARTESIAN_POINT('',(-2.9,1.,-1.5));
#13875=CARTESIAN_POINT('',(-2.9,1.5,-1.5));
#13876=CARTESIAN_POINT('',(-2.9,1.5,-1.5));
#13877=CARTESIAN_POINT('',(-7.88500000000001,1.5,-1.5));
#13878=CARTESIAN_POINT('',(-2.18,1.5,-1.5));
#13879=CARTESIAN_POINT('',(-2.18,1.,-1.5));
#13880=CARTESIAN_POINT('',(-2.18,1.,-1.5));
#13881=CARTESIAN_POINT('',(18.6337757848483,1.,-1.5));
#13882=CARTESIAN_POINT('',(-7.88500000000001,1.5,-1.5));
#13883=CARTESIAN_POINT('',(-7.88500000000001,1.5,-1.5));
#13884=CARTESIAN_POINT('',(-4.16999999999999,1.5,-1.5));
#13885=CARTESIAN_POINT('',(-3.45,1.5,-1.5));
#13886=CARTESIAN_POINT('',(-3.45,1.00000000000001,-1.5));
#13887=CARTESIAN_POINT('',(-3.44999999999999,1.,-1.5));
#13888=CARTESIAN_POINT('',(18.6337757848483,1.,-1.5));
#13889=CARTESIAN_POINT('',(-4.145,1.,-1.5));
#13890=CARTESIAN_POINT('',(18.6337757848483,1.,-1.5));
#13891=CARTESIAN_POINT('',(-4.16999999999999,1.,-1.5));
#13892=CARTESIAN_POINT('',(-4.16999999999999,1.5,-1.5));
#13893=CARTESIAN_POINT('',(-7.88500000000001,1.5,-1.5));
#13894=CARTESIAN_POINT('',(-3.05,1.5,-1.35));
#13895=CARTESIAN_POINT('',(-3.05,1.5,-1.35));
#13896=CARTESIAN_POINT('',(-3.05,1.5,-1.5));
#13897=CARTESIAN_POINT('',(-2.03,1.5,-1.5));
#13898=CARTESIAN_POINT('',(-2.03,1.5,-1.35));
#13899=CARTESIAN_POINT('',(-2.18,1.5,-1.5));
#13900=CARTESIAN_POINT('',(-7.88500000000001,1.5,-1.5));
#13901=CARTESIAN_POINT('',(-3.3,1.5,-1.5));
#13902=CARTESIAN_POINT('',(-3.3,1.5,-1.35));
#13903=CARTESIAN_POINT('',(-3.45,1.5,-1.5));
#13904=CARTESIAN_POINT('',(-4.31999999999999,1.5,-1.35));
#13905=CARTESIAN_POINT('',(-4.31999999999999,1.5,-1.35));
#13906=CARTESIAN_POINT('',(-4.31999999999999,1.5,-1.49999999999999));
#13907=CARTESIAN_POINT('',(18.6337757848483,-0.5,-0.5));
#13908=CARTESIAN_POINT('',(-3.05,-0.5,-0.5));
#13909=CARTESIAN_POINT('',(-3.05,-0.500000000000028,-0.5));
#13910=CARTESIAN_POINT('',(-3.05,0.5,-0.5));
#13911=CARTESIAN_POINT('',(18.6337757848483,0.5,-0.5));
#13912=CARTESIAN_POINT('',(-2.205,0.5,-0.5));
#13913=CARTESIAN_POINT('',(18.6337757848483,0.5,-0.5));
#13914=CARTESIAN_POINT('',(-2.03,0.5,-0.5));
#13915=CARTESIAN_POINT('',(-2.03,-0.5,-0.5));
#13916=CARTESIAN_POINT('',(-2.03,-0.5,-0.5));
#13917=CARTESIAN_POINT('',(18.6337757848483,-0.5,-0.5));
#13918=CARTESIAN_POINT('',(-2.875,-0.500000000000029,-0.500000000000058));
#13919=CARTESIAN_POINT('',(18.6337757848483,-0.500000000000029,-0.500000000000058));
#13920=CARTESIAN_POINT('',(18.6337757848483,-0.5,-0.5));
#13921=CARTESIAN_POINT('',(18.6337757848483,0.5,-0.5));
#13922=CARTESIAN_POINT('',(-3.3,0.5,-0.5));
#13923=CARTESIAN_POINT('',(-4.145,0.5,-0.5));
#13924=CARTESIAN_POINT('',(-3.3,-0.5,-0.5));
#13925=CARTESIAN_POINT('',(-3.3,-0.500000000000028,-0.5));
#13926=CARTESIAN_POINT('',(18.6337757848483,-0.5,-0.5));
#13927=CARTESIAN_POINT('',(-3.475,-0.500000000000029,-0.500000000000058));
#13928=CARTESIAN_POINT('',(18.6337757848483,-0.5,-0.5));
#13929=CARTESIAN_POINT('',(18.6337757848483,0.499999999999995,-0.49999999999999));
#13930=CARTESIAN_POINT('',(18.6337757848483,0.5,-0.5));
#13931=CARTESIAN_POINT('',(-3.05,0.5,-0.5));
#13932=CARTESIAN_POINT('',(-3.05,0.925000000000001,-1.35));
#13933=CARTESIAN_POINT('',(-7.3963946188552,-1.2481973094276,2.9963946188552));
#13934=CARTESIAN_POINT('',(-2.205,0.5,-0.5));
#13935=CARTESIAN_POINT('',(18.6337757848483,0.5,-0.5));
#13936=CARTESIAN_POINT('',(-3.56111111111111,1.05555555555556,-1.61111111111111));
#13937=CARTESIAN_POINT('',(-3.3,0.925000000000001,-1.35));
#13938=CARTESIAN_POINT('',(-3.3,0.5,-0.5));
#13939=CARTESIAN_POINT('',(-4.145,0.5,-0.5));
#13940=CARTESIAN_POINT('',(-7.88500000000001,1.5,-1.5));
#13941=CARTESIAN_POINT('',(7.88500000000001,-1.5,-1.5));
#13942=CARTESIAN_POINT('',(-2.18,-1.5,-1.5));
#13943=CARTESIAN_POINT('',(-2.9,-1.5,-1.5));
#13944=CARTESIAN_POINT('',(-2.9,-1.00000000000003,-1.5));
#13945=CARTESIAN_POINT('',(-2.89999999999999,-1.00000000000003,-1.50000000000006));
#13946=CARTESIAN_POINT('',(18.6337757848483,-1.00000000000003,-1.50000000000006));
#13947=CARTESIAN_POINT('',(-2.875,-1.,-1.5));
#13948=CARTESIAN_POINT('',(18.6337757848483,-1.,-1.5));
#13949=CARTESIAN_POINT('',(-2.18,-1.,-1.5));
#13950=CARTESIAN_POINT('',(-2.18,-1.5,-1.5));
#13951=CARTESIAN_POINT('',(7.88500000000001,-1.5,-1.5));
#13952=CARTESIAN_POINT('',(-2.9,-1.5,-1.5));
#13953=CARTESIAN_POINT('',(-2.03,-1.5,-1.35));
#13954=CARTESIAN_POINT('',(-2.03,-1.5,-1.35));
#13955=CARTESIAN_POINT('',(-2.03,-1.5,-1.5));
#13956=CARTESIAN_POINT('',(18.6337757848483,-1.,-1.5));
#13957=CARTESIAN_POINT('',(-2.875,-1.,-1.5));
#13958=CARTESIAN_POINT('',(-2.03,-1.,-1.5));
#13959=CARTESIAN_POINT('',(-2.03,-0.925000000000001,-1.35));
#13960=CARTESIAN_POINT('',(-5.96528350774409,-2.89264175387205,-5.28528350774409));
#13961=CARTESIAN_POINT('',(-7.88500000000001,1.5,-1.5));
#13962=CARTESIAN_POINT('',(18.6337757848483,-1.,-1.5));
#13963=CARTESIAN_POINT('',(-3.44999999999999,-1.,-1.5));
#13964=CARTESIAN_POINT('',(-3.475,-1.,-1.5));
#13965=CARTESIAN_POINT('',(-3.45,-1.5,-1.5));
#13966=CARTESIAN_POINT('',(-3.45,-1.5,-1.5));
#13967=CARTESIAN_POINT('',(7.88500000000001,-1.5,-1.5));
#13968=CARTESIAN_POINT('',(-4.16999999999999,-1.5,-1.5));
#13969=CARTESIAN_POINT('',(-4.16999999999999,-1.,-1.5));
#13970=CARTESIAN_POINT('',(-4.16999999999999,-1.,-1.5));
#13971=CARTESIAN_POINT('',(18.6337757848483,-1.,-1.5));
#13972=CARTESIAN_POINT('',(7.88500000000001,-1.5,-1.5));
#13973=CARTESIAN_POINT('',(-3.3,-1.5,-1.35));
#13974=CARTESIAN_POINT('',(-4.16999999999999,-1.5,-1.5));
#13975=CARTESIAN_POINT('',(18.6337757848483,-1.,-1.5));
#13976=CARTESIAN_POINT('',(-4.72555555555555,-0.722222222222223,-0.944444444444445));
#13977=CARTESIAN_POINT('',(-3.475,-0.999999999999994,-1.49999999999998));
#13978=CARTESIAN_POINT('',(-8.61999999999999,-2.5,0.));
#13979=CARTESIAN_POINT('',(-8.61999999999999,-0.999999999999999,0.));
#13980=CARTESIAN_POINT('',(-8.61999999999999,-1.30104260698261E-15,0.));
#13981=CARTESIAN_POINT('',(-8.61999999999999,-2.5,0.));
#13982=CARTESIAN_POINT('',(-0.759999999999995,-18.6337757848484,0.));
#13983=CARTESIAN_POINT('',(-0.759999999999995,-1.79374037547994E-15,0.));
#13984=CARTESIAN_POINT('',(-0.759999999999995,0.999999999999997,0.));
#13985=CARTESIAN_POINT('',(-8.61999999999999,0.999999999999997,0.));
#13986=CARTESIAN_POINT('',(-0.509999999999997,0.999999999999997,0.));
#13987=CARTESIAN_POINT('',(-0.509999999999997,-18.6337757848484,0.));
#13988=CARTESIAN_POINT('',(-0.509999999999997,-1.73472347597681E-15,0.));
#13989=CARTESIAN_POINT('',(-8.61999999999999,-2.60208521396521E-15,0.));
#13990=CARTESIAN_POINT('',(-1.78,-18.6337757848484,6.12580816417645E-14));
#13991=CARTESIAN_POINT('',(-1.77999999999999,-1.00000000000003,-1.50000000000007));
#13992=CARTESIAN_POINT('',(-1.77999999999999,-0.925000000000001,-1.35));
#13993=CARTESIAN_POINT('',(-1.77999999999999,-0.5,-0.5));
#13994=CARTESIAN_POINT('',(-1.77999999999999,-1.5,-1.35));
#13995=CARTESIAN_POINT('',(-1.77999999999999,-1.5,-1.35));
#13996=CARTESIAN_POINT('',(-1.77999999999999,-1.5,-1.50000000000004));
#13997=CARTESIAN_POINT('',(-1.78,-1.5,-15.1337757848484));
#13998=CARTESIAN_POINT('',(-1.78,-1.5,3.5));
#13999=CARTESIAN_POINT('',(-1.78,-1.5,3.5));
#14000=CARTESIAN_POINT('',(-1.78,-0.999999999999999,3.5));
#14001=CARTESIAN_POINT('',(-1.78,-0.999999999999999,-15.1337757848484));
#14002=CARTESIAN_POINT('',(-1.78,-0.999999999999999,0.));
#14003=CARTESIAN_POINT('',(-1.78,-18.6337757848484,6.12580816417645E-14));
#14004=CARTESIAN_POINT('',(-1.78,-1.30104260698261E-15,6.07153216591882E-14));
#14005=CARTESIAN_POINT('',(-1.78,-1.30104260698261E-15,-15.1337757848484));
#14006=CARTESIAN_POINT('',(-1.78,-1.30104260698261E-15,3.5));
#14007=CARTESIAN_POINT('',(-1.78,-1.30104260698261E-15,3.5));
#14008=CARTESIAN_POINT('',(-1.78000000000001,0.499999999999999,3.5));
#14009=CARTESIAN_POINT('',(-1.78,0.5,6.12580816417644E-14));
#14010=CARTESIAN_POINT('',(-1.77999999999999,0.5,-0.5));
#14011=CARTESIAN_POINT('',(-1.77999999999999,-0.5,-0.5));
#14012=CARTESIAN_POINT('',(-2.03,-18.6337757848484,-1.5));
#14013=CARTESIAN_POINT('',(-2.03,-1.00000000000001,-1.35));
#14014=CARTESIAN_POINT('',(-2.03,0.5,-1.5));
#14015=CARTESIAN_POINT('',(-2.03,0.499999999999999,3.5));
#14016=CARTESIAN_POINT('',(-2.03,1.5,3.5));
#14017=CARTESIAN_POINT('',(-2.03,-1.30104260698261E-15,3.5));
#14018=CARTESIAN_POINT('',(-2.03,-1.30104260698261E-15,-15.1337757848484));
#14019=CARTESIAN_POINT('',(-2.03,0.,0.));
#14020=CARTESIAN_POINT('',(-2.03,-18.6337757848484,0.));
#14021=CARTESIAN_POINT('',(-2.03,-0.999999999999999,0.));
#14022=CARTESIAN_POINT('',(-2.03,-0.999999999999999,-15.1337757848484));
#14023=CARTESIAN_POINT('',(-2.03,-0.999999999999999,3.5));
#14024=CARTESIAN_POINT('',(-2.03,-0.999999999999999,3.5));
#14025=CARTESIAN_POINT('',(-2.03,-1.5,3.5));
#14026=CARTESIAN_POINT('',(-2.03,-1.5,-15.1337757848484));
#14027=CARTESIAN_POINT('',(-0.509999999999997,-18.6337757848484,0.));
#14028=CARTESIAN_POINT('',(-0.509999999999997,-1.00000000000003,0.));
#14029=CARTESIAN_POINT('',(-0.509999999999997,-1.00000000000003,3.5));
#14030=CARTESIAN_POINT('',(-0.509999999999997,-1.00000000000003,-1.35));
#14031=CARTESIAN_POINT('',(-0.509999999999997,-1.5,-1.35));
#14032=CARTESIAN_POINT('',(-0.509999999999997,-1.5,-1.35));
#14033=CARTESIAN_POINT('',(-0.509999999999997,-1.5,-1.5));
#14034=CARTESIAN_POINT('',(-0.509999999999997,-1.50000000000001,-15.1337757848484));
#14035=CARTESIAN_POINT('',(-0.509999999999997,-1.50000000000001,3.5));
#14036=CARTESIAN_POINT('',(-0.509999999999997,-1.50000000000001,3.5));
#14037=CARTESIAN_POINT('',(-0.759999999999995,-18.6337757848484,-1.5));
#14038=CARTESIAN_POINT('',(-0.759999999999995,-1.5,-1.5));
#14039=CARTESIAN_POINT('',(-0.759999999999995,-1.5,-1.35));
#14040=CARTESIAN_POINT('',(-0.759999999999995,-1.00000000000003,-1.35));
#14041=CARTESIAN_POINT('',(-0.759999999999995,-1.00000000000003,-1.35));
#14042=CARTESIAN_POINT('',(-0.759999999999995,-1.00000000000003,-1.5));
#14043=CARTESIAN_POINT('',(-0.759999999999995,-1.00000000000003,3.5));
#14044=CARTESIAN_POINT('',(-0.759999999999995,-1.79374037547994E-15,3.5));
#14045=CARTESIAN_POINT('',(-0.759999999999995,-1.50000000000001,3.5));
#14046=CARTESIAN_POINT('',(-0.759999999999995,-1.50000000000001,-15.1337757848484));
#14047=CARTESIAN_POINT('',(-7.88500000000001,1.5,-1.5));
#14048=CARTESIAN_POINT('',(18.6337757848483,1.,-1.5));
#14049=CARTESIAN_POINT('',(0.335000000000001,1.,-1.5));
#14050=CARTESIAN_POINT('',(-0.359999999999996,1.,-1.5));
#14051=CARTESIAN_POINT('',(-0.359999999999997,1.5,-1.5));
#14052=CARTESIAN_POINT('',(-0.359999999999997,1.5,-1.5));
#14053=CARTESIAN_POINT('',(-7.88500000000001,1.5,-1.5));
#14054=CARTESIAN_POINT('',(0.359999999999999,1.5,-1.5));
#14055=CARTESIAN_POINT('',(0.359999999999999,1.,-1.5));
#14056=CARTESIAN_POINT('',(0.359999999999999,1.,-1.5));
#14057=CARTESIAN_POINT('',(18.6337757848483,1.,-1.5));
#14058=CARTESIAN_POINT('',(-7.88500000000001,1.5,-1.5));
#14059=CARTESIAN_POINT('',(-7.88500000000001,1.5,-1.5));
#14060=CARTESIAN_POINT('',(-1.62999999999999,1.5,-1.5));
#14061=CARTESIAN_POINT('',(-0.909999999999995,1.5,-1.5));
#14062=CARTESIAN_POINT('',(-0.909999999999995,1.00000000000001,-1.5));
#14063=CARTESIAN_POINT('',(-0.909999999999994,1.,-1.5));
#14064=CARTESIAN_POINT('',(18.6337757848483,1.,-1.5));
#14065=CARTESIAN_POINT('',(-1.605,1.,-1.5));
#14066=CARTESIAN_POINT('',(18.6337757848483,1.,-1.5));
#14067=CARTESIAN_POINT('',(-1.62999999999999,1.,-1.5));
#14068=CARTESIAN_POINT('',(-1.62999999999999,1.5,-1.5));
#14069=CARTESIAN_POINT('',(-7.88500000000001,1.5,-1.5));
#14070=CARTESIAN_POINT('',(-0.509999999999996,1.5,-1.35));
#14071=CARTESIAN_POINT('',(-0.509999999999997,1.5,-1.35));
#14072=CARTESIAN_POINT('',(-0.509999999999997,1.5,-1.5));
#14073=CARTESIAN_POINT('',(0.509999999999998,1.5,-1.5));
#14074=CARTESIAN_POINT('',(0.509999999999998,1.5,-1.35));
#14075=CARTESIAN_POINT('',(0.359999999999999,1.5,-1.5));
#14076=CARTESIAN_POINT('',(-7.88500000000001,1.5,-1.5));
#14077=CARTESIAN_POINT('',(-0.759999999999995,1.5,-1.5));
#14078=CARTESIAN_POINT('',(-0.759999999999995,1.5,-1.35));
#14079=CARTESIAN_POINT('',(-0.909999999999995,1.5,-1.5));
#14080=CARTESIAN_POINT('',(-1.77999999999999,1.5,-1.35));
#14081=CARTESIAN_POINT('',(-1.77999999999999,1.5,-1.35));
#14082=CARTESIAN_POINT('',(-1.77999999999999,1.5,-1.49999999999998));
#14083=CARTESIAN_POINT('',(18.6337757848483,-0.5,-0.5));
#14084=CARTESIAN_POINT('',(-0.509999999999997,-0.5,-0.5));
#14085=CARTESIAN_POINT('',(-0.509999999999997,-0.500000000000028,-0.5));
#14086=CARTESIAN_POINT('',(-0.509999999999997,0.5,-0.5));
#14087=CARTESIAN_POINT('',(18.6337757848483,0.5,-0.5));
#14088=CARTESIAN_POINT('',(0.335000000000002,0.5,-0.5));
#14089=CARTESIAN_POINT('',(18.6337757848483,0.5,-0.5));
#14090=CARTESIAN_POINT('',(0.509999999999999,0.5,-0.5));
#14091=CARTESIAN_POINT('',(0.51,-0.5,-0.5));
#14092=CARTESIAN_POINT('',(0.51,-0.5,-0.5));
#14093=CARTESIAN_POINT('',(18.6337757848483,-0.5,-0.5));
#14094=CARTESIAN_POINT('',(-0.334999999999996,-0.500000000000029,-0.500000000000058));
#14095=CARTESIAN_POINT('',(18.6337757848483,-0.500000000000029,-0.500000000000058));
#14096=CARTESIAN_POINT('',(18.6337757848483,-0.5,-0.5));
#14097=CARTESIAN_POINT('',(18.6337757848483,0.5,-0.5));
#14098=CARTESIAN_POINT('',(-0.759999999999997,0.5,-0.5));
#14099=CARTESIAN_POINT('',(-1.605,0.5,-0.5));
#14100=CARTESIAN_POINT('',(-0.759999999999997,-0.5,-0.5));
#14101=CARTESIAN_POINT('',(-0.759999999999995,-0.500000000000028,-0.5));
#14102=CARTESIAN_POINT('',(18.6337757848483,-0.5,-0.5));
#14103=CARTESIAN_POINT('',(-0.934999999999996,-0.500000000000029,-0.500000000000058));
#14104=CARTESIAN_POINT('',(18.6337757848483,-0.5,-0.5));
#14105=CARTESIAN_POINT('',(18.6337757848483,0.499999999999995,-0.499999999999991));
#14106=CARTESIAN_POINT('',(18.6337757848483,0.5,-0.5));
#14107=CARTESIAN_POINT('',(-0.509999999999997,0.5,-0.5));
#14108=CARTESIAN_POINT('',(-0.509999999999997,0.925000000000001,-1.35));
#14109=CARTESIAN_POINT('',(-4.8563946188552,-1.2481973094276,2.9963946188552));
#14110=CARTESIAN_POINT('',(0.335000000000002,0.5,-0.5));
#14111=CARTESIAN_POINT('',(18.6337757848483,0.5,-0.5));
#14112=CARTESIAN_POINT('',(-1.02111111111111,1.05555555555556,-1.61111111111111));
#14113=CARTESIAN_POINT('',(-0.759999999999997,0.925000000000001,-1.35));
#14114=CARTESIAN_POINT('',(-0.759999999999997,0.5,-0.5));
#14115=CARTESIAN_POINT('',(-1.605,0.5,-0.5));
#14116=CARTESIAN_POINT('',(-7.88500000000001,1.5,-1.5));
#14117=CARTESIAN_POINT('',(7.88500000000001,-1.5,-1.5));
#14118=CARTESIAN_POINT('',(0.359999999999999,-1.5,-1.5));
#14119=CARTESIAN_POINT('',(-0.359999999999997,-1.5,-1.5));
#14120=CARTESIAN_POINT('',(-0.359999999999997,-1.00000000000003,-1.5));
#14121=CARTESIAN_POINT('',(-0.359999999999989,-1.00000000000003,-1.50000000000006));
#14122=CARTESIAN_POINT('',(18.6337757848483,-1.00000000000003,-1.50000000000006));
#14123=CARTESIAN_POINT('',(-0.334999999999995,-1.,-1.5));
#14124=CARTESIAN_POINT('',(18.6337757848483,-1.,-1.5));
#14125=CARTESIAN_POINT('',(0.359999999999999,-1.,-1.5));
#14126=CARTESIAN_POINT('',(0.359999999999999,-1.5,-1.5));
#14127=CARTESIAN_POINT('',(7.88500000000001,-1.5,-1.5));
#14128=CARTESIAN_POINT('',(-0.359999999999997,-1.5,-1.5));
#14129=CARTESIAN_POINT('',(0.51,-1.5,-1.35));
#14130=CARTESIAN_POINT('',(0.509999999999999,-1.5,-1.35));
#14131=CARTESIAN_POINT('',(0.509999999999999,-1.5,-1.5));
#14132=CARTESIAN_POINT('',(18.6337757848483,-1.,-1.5));
#14133=CARTESIAN_POINT('',(-0.334999999999995,-1.,-1.5));
#14134=CARTESIAN_POINT('',(0.51,-1.,-1.5));
#14135=CARTESIAN_POINT('',(0.51,-0.925000000000001,-1.35));
#14136=CARTESIAN_POINT('',(-3.42528350774409,-2.89264175387205,-5.28528350774409));
#14137=CARTESIAN_POINT('',(-7.88500000000001,1.5,-1.5));
#14138=CARTESIAN_POINT('',(18.6337757848483,-1.,-1.5));
#14139=CARTESIAN_POINT('',(-0.909999999999994,-1.,-1.5));
#14140=CARTESIAN_POINT('',(-0.934999999999995,-1.,-1.5));
#14141=CARTESIAN_POINT('',(-0.909999999999995,-1.5,-1.5));
#14142=CARTESIAN_POINT('',(-0.909999999999996,-1.5,-1.5));
#14143=CARTESIAN_POINT('',(7.88500000000001,-1.5,-1.5));
#14144=CARTESIAN_POINT('',(-1.62999999999999,-1.5,-1.5));
#14145=CARTESIAN_POINT('',(-1.62999999999999,-1.,-1.5));
#14146=CARTESIAN_POINT('',(-1.62999999999999,-1.,-1.5));
#14147=CARTESIAN_POINT('',(18.6337757848483,-1.,-1.5));
#14148=CARTESIAN_POINT('',(7.88500000000001,-1.5,-1.5));
#14149=CARTESIAN_POINT('',(-0.759999999999995,-1.5,-1.35));
#14150=CARTESIAN_POINT('',(-1.62999999999999,-1.5,-1.5));
#14151=CARTESIAN_POINT('',(18.6337757848483,-1.,-1.5));
#14152=CARTESIAN_POINT('',(-2.18555555555555,-0.722222222222223,-0.944444444444444));
#14153=CARTESIAN_POINT('',(-0.934999999999995,-0.999999999999995,-1.49999999999999));
#14154=CARTESIAN_POINT('',(-8.61999999999999,-2.5,0.));
#14155=CARTESIAN_POINT('',(-8.61999999999999,-0.999999999999999,0.));
#14156=CARTESIAN_POINT('',(-8.61999999999999,-1.30104260698261E-15,0.));
#14157=CARTESIAN_POINT('',(-8.61999999999999,-2.5,0.));
#14158=CARTESIAN_POINT('',(1.78,-18.6337757848484,0.));
#14159=CARTESIAN_POINT('',(1.78,-1.79374037547994E-15,0.));
#14160=CARTESIAN_POINT('',(1.78,0.999999999999997,0.));
#14161=CARTESIAN_POINT('',(-8.61999999999999,0.999999999999997,0.));
#14162=CARTESIAN_POINT('',(2.03,0.999999999999997,0.));
#14163=CARTESIAN_POINT('',(2.03,-18.6337757848484,0.));
#14164=CARTESIAN_POINT('',(2.03,-1.73472347597681E-15,0.));
#14165=CARTESIAN_POINT('',(-8.61999999999999,-3.03576608295941E-15,0.));
#14166=CARTESIAN_POINT('',(0.760000000000004,-18.6337757848484,6.12580816417645E-14));
#14167=CARTESIAN_POINT('',(0.760000000000011,-1.00000000000003,-1.50000000000006));
#14168=CARTESIAN_POINT('',(0.76000000000001,-0.925000000000001,-1.35));
#14169=CARTESIAN_POINT('',(0.760000000000007,-0.5,-0.500000000000001));
#14170=CARTESIAN_POINT('',(0.760000000000009,-1.5,-1.35));
#14171=CARTESIAN_POINT('',(0.760000000000009,-1.5,-1.35));
#14172=CARTESIAN_POINT('',(0.76000000000001,-1.5,-1.50000000000003));
#14173=CARTESIAN_POINT('',(0.760000000000003,-1.5,-15.1337757848484));
#14174=CARTESIAN_POINT('',(0.760000000000003,-1.5,3.5));
#14175=CARTESIAN_POINT('',(0.760000000000003,-1.5,3.5));
#14176=CARTESIAN_POINT('',(0.760000000000004,-0.999999999999999,3.5));
#14177=CARTESIAN_POINT('',(0.760000000000004,-0.999999999999999,-15.1337757848484));
#14178=CARTESIAN_POINT('',(0.760000000000004,-0.999999999999999,0.));
#14179=CARTESIAN_POINT('',(0.760000000000004,-18.6337757848484,6.12580816417645E-14));
#14180=CARTESIAN_POINT('',(0.760000000000004,-1.30104260698261E-15,6.07153216591882E-14));
#14181=CARTESIAN_POINT('',(0.760000000000004,-1.30104260698261E-15,-15.1337757848484));
#14182=CARTESIAN_POINT('',(0.760000000000004,-1.30104260698261E-15,3.5));
#14183=CARTESIAN_POINT('',(0.760000000000004,-1.30104260698261E-15,3.5));
#14184=CARTESIAN_POINT('',(0.75999999999999,0.499999999999999,3.5));
#14185=CARTESIAN_POINT('',(0.760000000000004,0.5,6.12580816417644E-14));
#14186=CARTESIAN_POINT('',(0.760000000000006,0.5,-0.500000000000001));
#14187=CARTESIAN_POINT('',(0.760000000000007,-0.5,-0.5));
#14188=CARTESIAN_POINT('',(0.509999999999999,-18.6337757848484,-1.5));
#14189=CARTESIAN_POINT('',(0.509999999999999,-1.00000000000001,-1.35));
#14190=CARTESIAN_POINT('',(0.509999999999999,0.5,-1.5));
#14191=CARTESIAN_POINT('',(0.509999999999999,0.499999999999999,3.5));
#14192=CARTESIAN_POINT('',(0.509999999999999,1.5,3.5));
#14193=CARTESIAN_POINT('',(0.509999999999999,-1.30104260698261E-15,3.5));
#14194=CARTESIAN_POINT('',(0.509999999999999,-1.30104260698261E-15,-15.1337757848484));
#14195=CARTESIAN_POINT('',(0.509999999999999,0.,0.));
#14196=CARTESIAN_POINT('',(0.509999999999999,-18.6337757848484,0.));
#14197=CARTESIAN_POINT('',(0.509999999999999,-0.999999999999999,0.));
#14198=CARTESIAN_POINT('',(0.509999999999999,-0.999999999999999,-15.1337757848484));
#14199=CARTESIAN_POINT('',(0.509999999999998,-0.999999999999999,3.5));
#14200=CARTESIAN_POINT('',(0.509999999999999,-0.999999999999999,3.5));
#14201=CARTESIAN_POINT('',(0.509999999999999,-1.5,3.5));
#14202=CARTESIAN_POINT('',(0.509999999999999,-1.5,-15.1337757848484));
#14203=CARTESIAN_POINT('',(2.03,-18.6337757848484,0.));
#14204=CARTESIAN_POINT('',(2.03,-1.00000000000003,0.));
#14205=CARTESIAN_POINT('',(2.03,-1.00000000000003,3.5));
#14206=CARTESIAN_POINT('',(2.03,-1.00000000000003,-1.35));
#14207=CARTESIAN_POINT('',(2.03,-1.5,-1.35));
#14208=CARTESIAN_POINT('',(2.03,-1.5,-1.35));
#14209=CARTESIAN_POINT('',(2.03,-1.5,-1.5));
#14210=CARTESIAN_POINT('',(2.03,-1.50000000000001,-15.1337757848484));
#14211=CARTESIAN_POINT('',(2.03,-1.50000000000001,3.5));
#14212=CARTESIAN_POINT('',(2.03,-1.50000000000001,3.5));
#14213=CARTESIAN_POINT('',(1.78,-18.6337757848484,-1.5));
#14214=CARTESIAN_POINT('',(1.78,-1.5,-1.5));
#14215=CARTESIAN_POINT('',(1.78,-1.5,-1.35));
#14216=CARTESIAN_POINT('',(1.78,-1.00000000000003,-1.35));
#14217=CARTESIAN_POINT('',(1.78,-1.00000000000003,-1.35));
#14218=CARTESIAN_POINT('',(1.78,-1.00000000000003,-1.5));
#14219=CARTESIAN_POINT('',(1.78,-1.00000000000003,3.5));
#14220=CARTESIAN_POINT('',(1.78,-1.79374037547994E-15,3.5));
#14221=CARTESIAN_POINT('',(1.78,-1.50000000000001,3.5));
#14222=CARTESIAN_POINT('',(1.78,-1.50000000000001,-15.1337757848484));
#14223=CARTESIAN_POINT('',(-7.88500000000001,1.5,-1.5));
#14224=CARTESIAN_POINT('',(18.6337757848483,1.,-1.5));
#14225=CARTESIAN_POINT('',(2.875,1.,-1.5));
#14226=CARTESIAN_POINT('',(2.18,1.,-1.5));
#14227=CARTESIAN_POINT('',(2.18,1.5,-1.5));
#14228=CARTESIAN_POINT('',(2.18,1.5,-1.5));
#14229=CARTESIAN_POINT('',(-7.88500000000001,1.5,-1.5));
#14230=CARTESIAN_POINT('',(2.9,1.5,-1.5));
#14231=CARTESIAN_POINT('',(2.9,1.,-1.5));
#14232=CARTESIAN_POINT('',(2.9,1.,-1.5));
#14233=CARTESIAN_POINT('',(18.6337757848483,1.,-1.5));
#14234=CARTESIAN_POINT('',(-7.88500000000001,1.5,-1.5));
#14235=CARTESIAN_POINT('',(-7.88500000000001,1.5,-1.5));
#14236=CARTESIAN_POINT('',(0.91000000000001,1.5,-1.5));
#14237=CARTESIAN_POINT('',(1.63,1.5,-1.5));
#14238=CARTESIAN_POINT('',(1.63,1.00000000000001,-1.5));
#14239=CARTESIAN_POINT('',(1.63000000000001,1.,-1.5));
#14240=CARTESIAN_POINT('',(18.6337757848483,1.,-1.5));
#14241=CARTESIAN_POINT('',(0.935000000000001,1.,-1.5));
#14242=CARTESIAN_POINT('',(18.6337757848483,1.,-1.5));
#14243=CARTESIAN_POINT('',(0.910000000000015,1.,-1.5));
#14244=CARTESIAN_POINT('',(0.91000000000001,1.5,-1.5));
#14245=CARTESIAN_POINT('',(-7.88500000000001,1.5,-1.5));
#14246=CARTESIAN_POINT('',(2.03,1.5,-1.35));
#14247=CARTESIAN_POINT('',(2.03,1.5,-1.35));
#14248=CARTESIAN_POINT('',(2.03,1.5,-1.5));
#14249=CARTESIAN_POINT('',(3.05,1.5,-1.5));
#14250=CARTESIAN_POINT('',(3.05,1.5,-1.35));
#14251=CARTESIAN_POINT('',(2.9,1.5,-1.5));
#14252=CARTESIAN_POINT('',(-7.88500000000001,1.5,-1.5));
#14253=CARTESIAN_POINT('',(1.78000000000001,1.5,-1.5));
#14254=CARTESIAN_POINT('',(1.78000000000001,1.5,-1.35));
#14255=CARTESIAN_POINT('',(1.63,1.5,-1.5));
#14256=CARTESIAN_POINT('',(0.76000000000001,1.5,-1.35));
#14257=CARTESIAN_POINT('',(0.76000000000001,1.5,-1.35));
#14258=CARTESIAN_POINT('',(0.760000000000011,1.5,-1.49999999999997));
#14259=CARTESIAN_POINT('',(18.6337757848483,-0.5,-0.5));
#14260=CARTESIAN_POINT('',(2.03,-0.5,-0.5));
#14261=CARTESIAN_POINT('',(2.03,-0.500000000000028,-0.5));
#14262=CARTESIAN_POINT('',(2.03,0.5,-0.5));
#14263=CARTESIAN_POINT('',(18.6337757848483,0.5,-0.5));
#14264=CARTESIAN_POINT('',(2.875,0.5,-0.5));
#14265=CARTESIAN_POINT('',(18.6337757848483,0.5,-0.5));
#14266=CARTESIAN_POINT('',(3.05,0.5,-0.5));
#14267=CARTESIAN_POINT('',(3.05,-0.5,-0.5));
#14268=CARTESIAN_POINT('',(3.05,-0.5,-0.5));
#14269=CARTESIAN_POINT('',(18.6337757848483,-0.5,-0.5));
#14270=CARTESIAN_POINT('',(2.205,-0.500000000000029,-0.500000000000058));
#14271=CARTESIAN_POINT('',(18.6337757848483,-0.500000000000029,-0.500000000000058));
#14272=CARTESIAN_POINT('',(18.6337757848483,-0.5,-0.5));
#14273=CARTESIAN_POINT('',(18.6337757848483,0.5,-0.5));
#14274=CARTESIAN_POINT('',(1.78,0.5,-0.5));
#14275=CARTESIAN_POINT('',(0.935000000000002,0.5,-0.5));
#14276=CARTESIAN_POINT('',(1.78,-0.5,-0.5));
#14277=CARTESIAN_POINT('',(1.78,-0.500000000000028,-0.5));
#14278=CARTESIAN_POINT('',(18.6337757848483,-0.5,-0.5));
#14279=CARTESIAN_POINT('',(1.605,-0.500000000000029,-0.500000000000058));
#14280=CARTESIAN_POINT('',(18.6337757848483,-0.5,-0.5));
#14281=CARTESIAN_POINT('',(18.6337757848483,0.499999999999996,-0.499999999999992));
#14282=CARTESIAN_POINT('',(18.6337757848483,0.5,-0.5));
#14283=CARTESIAN_POINT('',(2.03,0.5,-0.5));
#14284=CARTESIAN_POINT('',(2.03,0.925000000000001,-1.35));
#14285=CARTESIAN_POINT('',(-2.3163946188552,-1.2481973094276,2.9963946188552));
#14286=CARTESIAN_POINT('',(2.875,0.5,-0.5));
#14287=CARTESIAN_POINT('',(18.6337757848483,0.5,-0.5));
#14288=CARTESIAN_POINT('',(1.51888888888889,1.05555555555556,-1.61111111111111));
#14289=CARTESIAN_POINT('',(1.78,0.925000000000001,-1.35));
#14290=CARTESIAN_POINT('',(1.78,0.5,-0.5));
#14291=CARTESIAN_POINT('',(0.935000000000002,0.5,-0.5));
#14292=CARTESIAN_POINT('',(-7.88500000000001,1.5,-1.5));
#14293=CARTESIAN_POINT('',(7.88500000000001,-1.5,-1.5));
#14294=CARTESIAN_POINT('',(2.9,-1.5,-1.5));
#14295=CARTESIAN_POINT('',(2.18,-1.5,-1.5));
#14296=CARTESIAN_POINT('',(2.18,-1.00000000000003,-1.5));
#14297=CARTESIAN_POINT('',(2.18000000000001,-1.00000000000003,-1.50000000000006));
#14298=CARTESIAN_POINT('',(18.6337757848483,-1.00000000000003,-1.50000000000006));
#14299=CARTESIAN_POINT('',(2.20500000000001,-1.,-1.5));
#14300=CARTESIAN_POINT('',(18.6337757848483,-1.,-1.5));
#14301=CARTESIAN_POINT('',(2.9,-1.,-1.5));
#14302=CARTESIAN_POINT('',(2.9,-1.5,-1.5));
#14303=CARTESIAN_POINT('',(7.88500000000001,-1.5,-1.5));
#14304=CARTESIAN_POINT('',(2.18,-1.5,-1.5));
#14305=CARTESIAN_POINT('',(3.05,-1.5,-1.35));
#14306=CARTESIAN_POINT('',(3.05,-1.5,-1.35));
#14307=CARTESIAN_POINT('',(3.05,-1.5,-1.5));
#14308=CARTESIAN_POINT('',(18.6337757848483,-1.,-1.5));
#14309=CARTESIAN_POINT('',(2.20500000000001,-1.,-1.5));
#14310=CARTESIAN_POINT('',(3.05,-1.,-1.5));
#14311=CARTESIAN_POINT('',(3.05,-0.925000000000001,-1.35));
#14312=CARTESIAN_POINT('',(-0.885283507744087,-2.89264175387204,-5.28528350774406));
#14313=CARTESIAN_POINT('',(-7.88500000000001,1.5,-1.5));
#14314=CARTESIAN_POINT('',(18.6337757848483,-1.,-1.5));
#14315=CARTESIAN_POINT('',(1.63000000000001,-1.,-1.5));
#14316=CARTESIAN_POINT('',(1.60500000000001,-1.,-1.5));
#14317=CARTESIAN_POINT('',(1.63,-1.5,-1.5));
#14318=CARTESIAN_POINT('',(1.63,-1.5,-1.5));
#14319=CARTESIAN_POINT('',(7.88500000000001,-1.5,-1.5));
#14320=CARTESIAN_POINT('',(0.91000000000001,-1.5,-1.5));
#14321=CARTESIAN_POINT('',(0.91000000000001,-1.,-1.5));
#14322=CARTESIAN_POINT('',(0.910000000000008,-1.,-1.5));
#14323=CARTESIAN_POINT('',(18.6337757848483,-1.,-1.5));
#14324=CARTESIAN_POINT('',(7.88500000000001,-1.5,-1.5));
#14325=CARTESIAN_POINT('',(1.78000000000001,-1.5,-1.35));
#14326=CARTESIAN_POINT('',(0.91000000000001,-1.5,-1.5));
#14327=CARTESIAN_POINT('',(18.6337757848483,-1.,-1.5));
#14328=CARTESIAN_POINT('',(0.354444444444452,-0.722222222222224,-0.944444444444447));
#14329=CARTESIAN_POINT('',(1.60500000000001,-0.999999999999995,-1.49999999999999));
#14330=CARTESIAN_POINT('',(-8.61999999999999,-2.5,0.));
#14331=CARTESIAN_POINT('',(-8.61999999999999,-0.999999999999999,0.));
#14332=CARTESIAN_POINT('',(-8.61999999999999,-1.30104260698261E-15,0.));
#14333=CARTESIAN_POINT('',(-8.61999999999999,-2.5,0.));
#14334=CARTESIAN_POINT('',(4.32,-18.6337757848483,0.));
#14335=CARTESIAN_POINT('',(4.32,-1.79374037547994E-15,0.));
#14336=CARTESIAN_POINT('',(4.32,0.999999999999997,0.));
#14337=CARTESIAN_POINT('',(-8.61999999999999,0.999999999999997,0.));
#14338=CARTESIAN_POINT('',(4.57,0.999999999999997,0.));
#14339=CARTESIAN_POINT('',(4.57,-18.6337757848483,0.));
#14340=CARTESIAN_POINT('',(4.57,-1.73472347597681E-15,0.));
#14341=CARTESIAN_POINT('',(-8.61999999999999,-3.46944695195361E-15,0.));
#14342=CARTESIAN_POINT('',(3.3,-18.6337757848483,6.12580816417645E-14));
#14343=CARTESIAN_POINT('',(3.30000000000001,-1.00000000000003,-1.50000000000005));
#14344=CARTESIAN_POINT('',(3.30000000000001,-0.925000000000001,-1.35));
#14345=CARTESIAN_POINT('',(3.30000000000001,-0.5,-0.5));
#14346=CARTESIAN_POINT('',(3.30000000000001,-1.5,-1.35));
#14347=CARTESIAN_POINT('',(3.30000000000001,-1.5,-1.35));
#14348=CARTESIAN_POINT('',(3.30000000000001,-1.5,-1.50000000000002));
#14349=CARTESIAN_POINT('',(3.3,-1.5,-15.1337757848484));
#14350=CARTESIAN_POINT('',(3.3,-1.5,3.5));
#14351=CARTESIAN_POINT('',(3.3,-1.5,3.5));
#14352=CARTESIAN_POINT('',(3.3,-0.999999999999999,3.5));
#14353=CARTESIAN_POINT('',(3.3,-0.999999999999999,-15.1337757848484));
#14354=CARTESIAN_POINT('',(3.3,-0.999999999999999,0.));
#14355=CARTESIAN_POINT('',(3.3,-18.6337757848483,6.12580816417645E-14));
#14356=CARTESIAN_POINT('',(3.3,-1.30104260698261E-15,6.07153216591882E-14));
#14357=CARTESIAN_POINT('',(3.3,-1.30104260698261E-15,-15.1337757848483));
#14358=CARTESIAN_POINT('',(3.3,-1.30104260698261E-15,3.5));
#14359=CARTESIAN_POINT('',(3.3,-1.30104260698261E-15,3.5));
#14360=CARTESIAN_POINT('',(3.29999999999999,0.499999999999999,3.5));
#14361=CARTESIAN_POINT('',(3.3,0.5,6.12580816417644E-14));
#14362=CARTESIAN_POINT('',(3.30000000000001,0.5,-0.5));
#14363=CARTESIAN_POINT('',(3.30000000000001,-0.5,-0.5));
#14364=CARTESIAN_POINT('',(3.05,-18.6337757848483,-1.5));
#14365=CARTESIAN_POINT('',(3.05,-1.00000000000001,-1.35));
#14366=CARTESIAN_POINT('',(3.05,0.5,-1.5));
#14367=CARTESIAN_POINT('',(3.05,0.499999999999999,3.5));
#14368=CARTESIAN_POINT('',(3.05,1.5,3.5));
#14369=CARTESIAN_POINT('',(3.05,-1.30104260698261E-15,3.5));
#14370=CARTESIAN_POINT('',(3.05,-1.30104260698261E-15,-15.1337757848483));
#14371=CARTESIAN_POINT('',(3.05,0.,0.));
#14372=CARTESIAN_POINT('',(3.05,-18.6337757848483,0.));
#14373=CARTESIAN_POINT('',(3.05,-0.999999999999999,0.));
#14374=CARTESIAN_POINT('',(3.05,-0.999999999999999,-15.1337757848484));
#14375=CARTESIAN_POINT('',(3.05,-0.999999999999999,3.5));
#14376=CARTESIAN_POINT('',(3.05,-0.999999999999999,3.5));
#14377=CARTESIAN_POINT('',(3.05,-1.5,3.5));
#14378=CARTESIAN_POINT('',(3.05,-1.5,-15.1337757848484));
#14379=CARTESIAN_POINT('',(4.57,-18.6337757848483,0.));
#14380=CARTESIAN_POINT('',(4.57,-1.00000000000003,0.));
#14381=CARTESIAN_POINT('',(4.57,-1.00000000000003,3.5));
#14382=CARTESIAN_POINT('',(4.57,-1.00000000000003,-1.35));
#14383=CARTESIAN_POINT('',(4.57,-1.5,-1.35));
#14384=CARTESIAN_POINT('',(4.57,-1.5,-1.35));
#14385=CARTESIAN_POINT('',(4.57,-1.5,-1.5));
#14386=CARTESIAN_POINT('',(4.57,-1.50000000000001,-15.1337757848483));
#14387=CARTESIAN_POINT('',(4.57,-1.50000000000001,3.5));
#14388=CARTESIAN_POINT('',(4.57,-1.50000000000001,3.5));
#14389=CARTESIAN_POINT('',(4.32,-18.6337757848483,-1.5));
#14390=CARTESIAN_POINT('',(4.32,-1.5,-1.5));
#14391=CARTESIAN_POINT('',(4.32,-1.5,-1.35));
#14392=CARTESIAN_POINT('',(4.32,-1.00000000000003,-1.35));
#14393=CARTESIAN_POINT('',(4.32,-1.00000000000003,-1.35));
#14394=CARTESIAN_POINT('',(4.32,-1.00000000000003,-1.5));
#14395=CARTESIAN_POINT('',(4.32,-1.00000000000003,3.5));
#14396=CARTESIAN_POINT('',(4.32,-1.79374037547994E-15,3.5));
#14397=CARTESIAN_POINT('',(4.32,-1.50000000000001,3.5));
#14398=CARTESIAN_POINT('',(4.32,-1.50000000000001,-15.1337757848483));
#14399=CARTESIAN_POINT('',(-7.88500000000001,1.5,-1.5));
#14400=CARTESIAN_POINT('',(18.6337757848483,1.,-1.5));
#14401=CARTESIAN_POINT('',(5.415,1.,-1.5));
#14402=CARTESIAN_POINT('',(4.72,1.,-1.5));
#14403=CARTESIAN_POINT('',(4.72,1.5,-1.5));
#14404=CARTESIAN_POINT('',(4.72,1.5,-1.5));
#14405=CARTESIAN_POINT('',(-7.88500000000001,1.5,-1.5));
#14406=CARTESIAN_POINT('',(5.44,1.5,-1.5));
#14407=CARTESIAN_POINT('',(5.44,1.,-1.5));
#14408=CARTESIAN_POINT('',(5.44,1.,-1.5));
#14409=CARTESIAN_POINT('',(-7.88500000000001,1.,-1.5));
#14410=CARTESIAN_POINT('',(-7.88500000000001,1.5,-1.5));
#14411=CARTESIAN_POINT('',(-7.88500000000001,1.5,-1.5));
#14412=CARTESIAN_POINT('',(3.45000000000001,1.5,-1.5));
#14413=CARTESIAN_POINT('',(4.17000000000001,1.5,-1.5));
#14414=CARTESIAN_POINT('',(4.17000000000001,1.00000000000001,-1.5));
#14415=CARTESIAN_POINT('',(4.17000000000001,1.,-1.5));
#14416=CARTESIAN_POINT('',(18.6337757848483,1.,-1.5));
#14417=CARTESIAN_POINT('',(3.475,1.,-1.5));
#14418=CARTESIAN_POINT('',(18.6337757848483,1.,-1.5));
#14419=CARTESIAN_POINT('',(3.45000000000001,1.,-1.5));
#14420=CARTESIAN_POINT('',(3.45000000000001,1.5,-1.5));
#14421=CARTESIAN_POINT('',(-7.88500000000001,1.5,-1.5));
#14422=CARTESIAN_POINT('',(4.57,1.5,-1.35));
#14423=CARTESIAN_POINT('',(4.57,1.5,-1.35));
#14424=CARTESIAN_POINT('',(4.57,1.5,-1.5));
#14425=CARTESIAN_POINT('',(5.59,1.5,-1.5));
#14426=CARTESIAN_POINT('',(5.59,1.5,-1.35));
#14427=CARTESIAN_POINT('',(5.59,1.5,-1.35));
#14428=CARTESIAN_POINT('',(-7.88500000000001,1.5,-1.5));
#14429=CARTESIAN_POINT('',(4.32,1.5,-1.5));
#14430=CARTESIAN_POINT('',(4.32,1.5,-1.35));
#14431=CARTESIAN_POINT('',(4.17000000000001,1.5,-1.5));
#14432=CARTESIAN_POINT('',(3.30000000000001,1.5,-1.35));
#14433=CARTESIAN_POINT('',(3.30000000000001,1.5,-1.35));
#14434=CARTESIAN_POINT('',(3.30000000000001,1.5,-1.49999999999995));
#14435=CARTESIAN_POINT('',(18.6337757848483,-0.5,-0.5));
#14436=CARTESIAN_POINT('',(4.57,-0.5,-0.5));
#14437=CARTESIAN_POINT('',(4.57,-0.500000000000028,-0.5));
#14438=CARTESIAN_POINT('',(4.57,0.5,-0.5));
#14439=CARTESIAN_POINT('',(18.6337757848483,0.5,-0.5));
#14440=CARTESIAN_POINT('',(5.415,0.5,-0.5));
#14441=CARTESIAN_POINT('',(18.6337757848483,0.5,-0.5));
#14442=CARTESIAN_POINT('',(5.59,0.5,-0.5));
#14443=CARTESIAN_POINT('',(5.59,-18.6337757848483,-0.5));
#14444=CARTESIAN_POINT('',(5.59,-0.499999999999997,-0.5));
#14445=CARTESIAN_POINT('',(18.6337757848483,-0.5,-0.5));
#14446=CARTESIAN_POINT('',(4.745,-0.500000000000029,-0.500000000000058));
#14447=CARTESIAN_POINT('',(18.6337757848483,-0.500000000000029,-0.500000000000058));
#14448=CARTESIAN_POINT('',(18.6337757848483,-0.5,-0.5));
#14449=CARTESIAN_POINT('',(18.6337757848483,0.5,-0.5));
#14450=CARTESIAN_POINT('',(4.32,0.5,-0.5));
#14451=CARTESIAN_POINT('',(3.475,0.5,-0.5));
#14452=CARTESIAN_POINT('',(4.32,-0.5,-0.5));
#14453=CARTESIAN_POINT('',(4.32,-0.500000000000028,-0.5));
#14454=CARTESIAN_POINT('',(18.6337757848483,-0.5,-0.5));
#14455=CARTESIAN_POINT('',(4.145,-0.500000000000029,-0.500000000000058));
#14456=CARTESIAN_POINT('',(18.6337757848483,-0.5,-0.5));
#14457=CARTESIAN_POINT('',(18.6337757848483,0.499999999999996,-0.499999999999993));
#14458=CARTESIAN_POINT('',(18.6337757848483,0.5,-0.5));
#14459=CARTESIAN_POINT('',(4.57,0.5,-0.5));
#14460=CARTESIAN_POINT('',(4.57,0.925000000000001,-1.35));
#14461=CARTESIAN_POINT('',(0.223605381144803,-1.24819730942759,2.99639461885517));
#14462=CARTESIAN_POINT('',(5.415,6.45351031393934,-12.4070206278787));
#14463=CARTESIAN_POINT('',(18.6337757848483,0.5,-0.5));
#14464=CARTESIAN_POINT('',(4.05888888888889,1.05555555555556,-1.61111111111111));
#14465=CARTESIAN_POINT('',(4.32,0.925000000000001,-1.35));
#14466=CARTESIAN_POINT('',(4.32,0.5,-0.5));
#14467=CARTESIAN_POINT('',(3.475,0.5,-0.5));
#14468=CARTESIAN_POINT('',(-7.88500000000001,1.5,-1.5));
#14469=CARTESIAN_POINT('',(7.88500000000001,-1.5,-1.5));
#14470=CARTESIAN_POINT('',(5.44,-1.5,-1.5));
#14471=CARTESIAN_POINT('',(4.72,-1.5,-1.5));
#14472=CARTESIAN_POINT('',(4.72,-1.00000000000003,-1.5));
#14473=CARTESIAN_POINT('',(4.72000000000001,-1.00000000000003,-1.50000000000006));
#14474=CARTESIAN_POINT('',(18.6337757848483,-1.00000000000003,-1.50000000000006));
#14475=CARTESIAN_POINT('',(4.745,-1.,-1.5));
#14476=CARTESIAN_POINT('',(18.6337757848483,-1.,-1.5));
#14477=CARTESIAN_POINT('',(5.44,-1.,-1.5));
#14478=CARTESIAN_POINT('',(5.44,-1.5,-1.5));
#14479=CARTESIAN_POINT('',(7.88500000000001,-1.5,-1.5));
#14480=CARTESIAN_POINT('',(4.72,-1.5,-1.5));
#14481=CARTESIAN_POINT('',(5.59,-1.5,-1.35));
#14482=CARTESIAN_POINT('',(5.59,-1.5,-1.35));
#14483=CARTESIAN_POINT('',(5.59,-1.5,-1.5));
#14484=CARTESIAN_POINT('',(18.6337757848483,-1.,-1.5));
#14485=CARTESIAN_POINT('',(4.745,-1.,-1.5));
#14486=CARTESIAN_POINT('',(5.59,-4.52675515696968,-8.55351031393934));
#14487=CARTESIAN_POINT('',(5.59,-0.925000000000001,-1.35));
#14488=CARTESIAN_POINT('',(1.65471649225591,-2.89264175387204,-5.28528350774406));
#14489=CARTESIAN_POINT('',(-7.88500000000001,1.5,-1.5));
#14490=CARTESIAN_POINT('',(18.6337757848483,-1.,-1.5));
#14491=CARTESIAN_POINT('',(4.17000000000001,-1.,-1.5));
#14492=CARTESIAN_POINT('',(4.145,-1.,-1.5));
#14493=CARTESIAN_POINT('',(4.17000000000001,-1.5,-1.5));
#14494=CARTESIAN_POINT('',(4.17000000000001,-1.5,-1.5));
#14495=CARTESIAN_POINT('',(7.88500000000001,-1.5,-1.5));
#14496=CARTESIAN_POINT('',(3.45000000000001,-1.5,-1.5));
#14497=CARTESIAN_POINT('',(3.45000000000001,-1.,-1.5));
#14498=CARTESIAN_POINT('',(3.45000000000001,-1.,-1.5));
#14499=CARTESIAN_POINT('',(18.6337757848483,-1.,-1.5));
#14500=CARTESIAN_POINT('',(7.88500000000001,-1.5,-1.5));
#14501=CARTESIAN_POINT('',(4.32000000000001,-1.5,-1.35));
#14502=CARTESIAN_POINT('',(3.45000000000001,-1.5,-1.5));
#14503=CARTESIAN_POINT('',(18.6337757848483,-1.,-1.5));
#14504=CARTESIAN_POINT('',(2.89444444444445,-0.722222222222225,-0.944444444444449));
#14505=CARTESIAN_POINT('',(4.145,-0.999999999999996,-1.49999999999999));
#14506=CARTESIAN_POINT('',(-7.88500000000001,1.5,-1.5));
#14507=CARTESIAN_POINT('',(18.6337757848483,-1.,-1.5));
#14508=CARTESIAN_POINT('',(-7.26,-1.,-1.5));
#14509=CARTESIAN_POINT('',(-7.88500000000001,-1.,-1.5));
#14510=CARTESIAN_POINT('',(-7.26,-1.5,-1.5));
#14511=CARTESIAN_POINT('',(-7.26,-1.5,-1.5));
#14512=CARTESIAN_POINT('',(7.88500000000001,-1.5,-1.5));
#14513=CARTESIAN_POINT('',(-7.88500000000001,-1.5,-1.5));
#14514=CARTESIAN_POINT('',(-7.88500000000001,-1.5,-1.5));
#14515=CARTESIAN_POINT('',(-7.88500000000001,2.,3.5));
#14516=CARTESIAN_POINT('',(-7.88500000000001,1.60000000000001,3.7));
#14517=CARTESIAN_POINT('',(-7.88500000000001,-1.5,-1.5));
#14518=CARTESIAN_POINT('',(-7.88500000000001,-1.5,18.6337757848483));
#14519=CARTESIAN_POINT('',(-7.88500000000001,-1.5,1.6));
#14520=CARTESIAN_POINT('',(-7.88500000000001,2.,1.6));
#14521=CARTESIAN_POINT('',(-7.88500000000001,-2.,1.6));
#14522=CARTESIAN_POINT('',(-7.88500000000001,-2.,3.5));
#14523=CARTESIAN_POINT('',(-7.88500000000001,-2.,3.5));
#14524=CARTESIAN_POINT('',(-7.88500000000001,2.,3.5));
#14525=CARTESIAN_POINT('',(-7.88500000000001,2.,3.5));
#14526=CARTESIAN_POINT('',(-7.88500000000001,2.,3.5));
#14527=CARTESIAN_POINT('',(-7.88500000000001,2.,1.6));
#14528=CARTESIAN_POINT('',(-7.88500000000001,2.,1.6));
#14529=CARTESIAN_POINT('',(-7.88500000000001,1.5,1.6));
#14530=CARTESIAN_POINT('',(-7.88500000000001,1.5,18.6337757848483));
#14531=CARTESIAN_POINT('',(-7.88500000000001,1.5,-1.5));
#14532=CARTESIAN_POINT('',(18.6337757848483,-1.,-1.5));
#14533=CARTESIAN_POINT('',(7.88500000000001,-1.,-1.5));
#14534=CARTESIAN_POINT('',(7.285,-1.,-1.5));
#14535=CARTESIAN_POINT('',(7.88500000000001,1.5,-1.5));
#14536=CARTESIAN_POINT('',(7.88500000000001,-1.5,-1.5));
#14537=CARTESIAN_POINT('',(7.88500000000001,-1.5,-1.5));
#14538=CARTESIAN_POINT('',(7.26,-1.5,-1.5));
#14539=CARTESIAN_POINT('',(7.26,-1.00000000000003,-1.5));
#14540=CARTESIAN_POINT('',(7.26,-1.00000000000003,-1.5));
#14541=CARTESIAN_POINT('',(-7.88500000000001,-1.00000000000003,-1.5));
#14542=CARTESIAN_POINT('',(-7.88500000000001,1.5,-1.5));
#14543=CARTESIAN_POINT('',(18.6337757848483,-1.,-1.5));
#14544=CARTESIAN_POINT('',(6.685,-1.,-1.5));
#14545=CARTESIAN_POINT('',(5.99000000000001,-1.,-1.5));
#14546=CARTESIAN_POINT('',(-7.88500000000001,-1.00000000000003,-1.5));
#14547=CARTESIAN_POINT('',(6.71000000000001,-1.00000000000003,-1.5));
#14548=CARTESIAN_POINT('',(6.71000000000001,-1.5,-1.5));
#14549=CARTESIAN_POINT('',(6.71000000000001,-1.5,-1.5));
#14550=CARTESIAN_POINT('',(7.88500000000001,-1.5,-1.5));
#14551=CARTESIAN_POINT('',(5.99000000000001,-1.5,-1.5));
#14552=CARTESIAN_POINT('',(5.99000000000001,0.5,-1.5));
#14553=CARTESIAN_POINT('',(-8.61999999999999,-2.5,0.));
#14554=CARTESIAN_POINT('',(-8.61999999999999,-0.999999999999999,0.));
#14555=CARTESIAN_POINT('',(-8.61999999999999,-1.30104260698261E-15,0.));
#14556=CARTESIAN_POINT('',(-8.61999999999999,-2.5,0.));
#14557=CARTESIAN_POINT('',(6.86,-18.6337757848483,0.));
#14558=CARTESIAN_POINT('',(6.86,-1.79374037547994E-15,0.));
#14559=CARTESIAN_POINT('',(6.86,0.999999999999997,0.));
#14560=CARTESIAN_POINT('',(-8.61999999999999,0.999999999999997,0.));
#14561=CARTESIAN_POINT('',(7.11,0.999999999999997,0.));
#14562=CARTESIAN_POINT('',(7.11,-18.6337757848483,0.));
#14563=CARTESIAN_POINT('',(7.11,-1.73472347597681E-15,0.));
#14564=CARTESIAN_POINT('',(-8.61999999999999,-3.46944695195361E-15,0.));
#14565=CARTESIAN_POINT('',(5.84,-18.6337757848483,6.12580816417645E-14));
#14566=CARTESIAN_POINT('',(5.84000000000001,-18.6337757848483,-0.5));
#14567=CARTESIAN_POINT('',(5.83999999999999,0.5,-0.5));
#14568=CARTESIAN_POINT('',(5.84000000000001,-0.5,-0.5));
#14569=CARTESIAN_POINT('',(5.84000000000003,-3.92675515696966,-7.3535103139393));
#14570=CARTESIAN_POINT('',(5.84000000000001,-0.925000000000001,-1.35));
#14571=CARTESIAN_POINT('',(5.84000000000001,-1.5,-1.35));
#14572=CARTESIAN_POINT('',(5.84000000000001,-1.5,-1.35));
#14573=CARTESIAN_POINT('',(5.84000000000001,-1.5,-1.50000000000001));
#14574=CARTESIAN_POINT('',(5.84,-1.5,-15.1337757848483));
#14575=CARTESIAN_POINT('',(5.84,-1.5,3.5));
#14576=CARTESIAN_POINT('',(5.84,-1.5,3.5));
#14577=CARTESIAN_POINT('',(5.84,-0.999999999999999,3.5));
#14578=CARTESIAN_POINT('',(5.84,-0.999999999999999,-15.1337757848483));
#14579=CARTESIAN_POINT('',(5.84,-0.999999999999999,0.));
#14580=CARTESIAN_POINT('',(5.84,-18.6337757848483,6.12580816417645E-14));
#14581=CARTESIAN_POINT('',(5.84,-1.30104260698261E-15,6.07153216591882E-14));
#14582=CARTESIAN_POINT('',(5.84,-1.30104260698261E-15,-15.1337757848483));
#14583=CARTESIAN_POINT('',(5.84,-1.30104260698261E-15,3.5));
#14584=CARTESIAN_POINT('',(5.84,-1.30104260698261E-15,3.5));
#14585=CARTESIAN_POINT('',(5.83999999999999,0.499999999999999,3.5));
#14586=CARTESIAN_POINT('',(5.84,0.5,6.12580816417644E-14));
#14587=CARTESIAN_POINT('',(5.59,-18.6337757848483,-1.5));
#14588=CARTESIAN_POINT('',(5.59,0.5,-1.35));
#14589=CARTESIAN_POINT('',(5.59,0.5,-1.5));
#14590=CARTESIAN_POINT('',(5.59,0.499999999999999,3.5));
#14591=CARTESIAN_POINT('',(5.59,1.5,3.5));
#14592=CARTESIAN_POINT('',(5.59,-1.30104260698261E-15,3.5));
#14593=CARTESIAN_POINT('',(5.59,-1.30104260698261E-15,-15.1337757848483));
#14594=CARTESIAN_POINT('',(5.59,0.,0.));
#14595=CARTESIAN_POINT('',(5.59,-18.6337757848483,0.));
#14596=CARTESIAN_POINT('',(5.59,-0.999999999999999,0.));
#14597=CARTESIAN_POINT('',(5.59,-0.999999999999999,-15.1337757848483));
#14598=CARTESIAN_POINT('',(5.59,-0.999999999999999,3.5));
#14599=CARTESIAN_POINT('',(5.59,-0.999999999999999,3.5));
#14600=CARTESIAN_POINT('',(5.59,-1.5,3.5));
#14601=CARTESIAN_POINT('',(5.59,-1.5,-15.1337757848483));
#14602=CARTESIAN_POINT('',(7.11,-18.6337757848483,0.));
#14603=CARTESIAN_POINT('',(7.11,-1.00000000000003,0.));
#14604=CARTESIAN_POINT('',(7.11,-1.00000000000003,3.5));
#14605=CARTESIAN_POINT('',(7.11,-1.00000000000003,-1.35));
#14606=CARTESIAN_POINT('',(7.11,-1.5,-1.35));
#14607=CARTESIAN_POINT('',(7.11,-1.5,-1.35));
#14608=CARTESIAN_POINT('',(7.11,-1.5,-1.5));
#14609=CARTESIAN_POINT('',(7.11,-1.50000000000001,-15.1337757848483));
#14610=CARTESIAN_POINT('',(7.11,-1.50000000000001,3.5));
#14611=CARTESIAN_POINT('',(7.11,-1.50000000000001,3.5));
#14612=CARTESIAN_POINT('',(6.86,-18.6337757848483,-1.5));
#14613=CARTESIAN_POINT('',(6.86,-1.5,-1.5));
#14614=CARTESIAN_POINT('',(6.86,-1.5,-1.35));
#14615=CARTESIAN_POINT('',(6.86,-1.00000000000003,-1.35));
#14616=CARTESIAN_POINT('',(6.86,-1.00000000000003,-1.35));
#14617=CARTESIAN_POINT('',(6.86,-1.00000000000003,-1.5));
#14618=CARTESIAN_POINT('',(6.86,-1.00000000000003,3.5));
#14619=CARTESIAN_POINT('',(6.86,-1.79374037547994E-15,3.5));
#14620=CARTESIAN_POINT('',(6.86,-1.50000000000001,3.5));
#14621=CARTESIAN_POINT('',(6.86,-1.50000000000001,-15.1337757848483));
#14622=CARTESIAN_POINT('',(-7.88500000000001,1.5,-1.5));
#14623=CARTESIAN_POINT('',(-7.88500000000001,1.5,-1.5));
#14624=CARTESIAN_POINT('',(7.26,1.5,-1.5));
#14625=CARTESIAN_POINT('',(7.88500000000001,1.5,-1.5));
#14626=CARTESIAN_POINT('',(7.26,1.5,-1.5));
#14627=CARTESIAN_POINT('',(7.11,1.5,-1.35));
#14628=CARTESIAN_POINT('',(7.11,1.5,-1.5));
#14629=CARTESIAN_POINT('',(7.88500000000001,1.5,-1.5));
#14630=CARTESIAN_POINT('',(-7.88500000000001,1.5,-1.5));
#14631=CARTESIAN_POINT('',(6.86,1.5,-1.5));
#14632=CARTESIAN_POINT('',(6.86,1.5,-1.35));
#14633=CARTESIAN_POINT('',(6.86000000000001,1.5,-1.35));
#14634=CARTESIAN_POINT('',(6.71000000000001,1.5,-1.5));
#14635=CARTESIAN_POINT('',(-7.88500000000001,1.5,-1.5));
#14636=CARTESIAN_POINT('',(5.99000000000001,1.5,-1.5));
#14637=CARTESIAN_POINT('',(5.84000000000001,1.5,-1.35));
#14638=CARTESIAN_POINT('',(5.84000000000001,1.5,-1.35));
#14639=CARTESIAN_POINT('',(5.84000000000001,1.5,-1.49999999999994));
#14640=CARTESIAN_POINT('',(-7.88500000000001,1.5,-1.5));
#14641=CARTESIAN_POINT('',(18.6337757848483,1.,-1.5));
#14642=CARTESIAN_POINT('',(7.88500000000001,1.,-1.5));
#14643=CARTESIAN_POINT('',(7.26,1.,-1.5));
#14644=CARTESIAN_POINT('',(7.26,1.5,-1.5));
#14645=CARTESIAN_POINT('',(7.88500000000001,1.5,-1.5));
#14646=CARTESIAN_POINT('',(-7.88500000000001,1.5,-1.5));
#14647=CARTESIAN_POINT('',(18.6337757848483,1.,-1.5));
#14648=CARTESIAN_POINT('',(6.71000000000001,1.,-1.5));
#14649=CARTESIAN_POINT('',(6.015,1.,-1.5));
#14650=CARTESIAN_POINT('',(-7.88500000000001,1.,-1.5));
#14651=CARTESIAN_POINT('',(5.99000000000001,1.,-1.5));
#14652=CARTESIAN_POINT('',(5.99000000000001,1.5,-1.5));
#14653=CARTESIAN_POINT('',(6.71000000000001,-0.500000000000028,-1.5));
#14654=CARTESIAN_POINT('',(7.88500000000001,-1.5,-1.5));
#14655=CARTESIAN_POINT('',(7.26,-1.5,-1.5));
#14656=CARTESIAN_POINT('',(7.88500000000001,-1.5,-1.5));
#14657=CARTESIAN_POINT('',(7.88500000000001,-1.5,-1.5));
#14658=CARTESIAN_POINT('',(6.86000000000001,-1.5,-1.35));
#14659=CARTESIAN_POINT('',(5.84000000000001,-1.5,-1.35));
#14660=CARTESIAN_POINT('',(-8.61999999999999,2.5,1.6));
#14661=CARTESIAN_POINT('',(-8.62,1.5,18.6337757848483));
#14662=CARTESIAN_POINT('',(-8.62,1.5,1.6));
#14663=CARTESIAN_POINT('',(-8.61999999999999,2.5,1.6));
#14664=CARTESIAN_POINT('',(-8.62,2.5,1.6));
#14665=CARTESIAN_POINT('',(-8.62,2.5,1.6));
#14666=CARTESIAN_POINT('',(-8.61999999999999,-2.5,0.));
#14667=CARTESIAN_POINT('',(-8.61999999999999,-0.999999999999999,0.));
#14668=CARTESIAN_POINT('',(-8.61999999999999,-1.30104260698261E-15,0.));
#14669=CARTESIAN_POINT('',(-8.61999999999999,-2.5,1.6));
#14670=CARTESIAN_POINT('',(-8.61999999999999,1.5,1.6));
#14671=CARTESIAN_POINT('',(7.88500000000001,2.,1.6));
#14672=CARTESIAN_POINT('',(7.88500000000001,2.,1.6));
#14673=CARTESIAN_POINT('',(7.88500000000001,-2.,1.6));
#14674=CARTESIAN_POINT('',(7.88500000000001,-2.,1.6));
#14675=CARTESIAN_POINT('',(-7.88500000000001,-2.,1.6));
#14676=CARTESIAN_POINT('',(-8.61999999999999,-1.5,1.6));
#14677=CARTESIAN_POINT('',(-8.62,-1.5,1.6));
#14678=CARTESIAN_POINT('',(-8.61999999999999,2.5,1.6));
#14679=CARTESIAN_POINT('',(-8.62,-2.5,1.6));
#14680=CARTESIAN_POINT('',(-8.62,-2.5,1.6));
#14681=CARTESIAN_POINT('',(8.62000000000001,-2.5,1.6));
#14682=CARTESIAN_POINT('',(8.62000000000001,-2.5,1.6));
#14683=CARTESIAN_POINT('',(8.62000000000001,2.5,1.6));
#14684=CARTESIAN_POINT('',(8.62000000000001,2.5,1.6));
#14685=CARTESIAN_POINT('',(-8.61999999999999,2.5,1.6));
#14686=CARTESIAN_POINT('',(-8.62,-1.5,18.6337757848483));
#14687=CARTESIAN_POINT('',(-8.62,-2.5,1.6));
#14688=CARTESIAN_POINT('',(-8.62,-2.5,1.6));
#14689=CARTESIAN_POINT('',(8.62000000000001,-2.5,1.6));
#14690=CARTESIAN_POINT('',(8.62000000000001,-2.5,1.6));
#14691=CARTESIAN_POINT('',(8.62000000000001,2.5,1.6));
#14692=CARTESIAN_POINT('',(8.62000000000001,2.5,1.6));
#14693=CARTESIAN_POINT('',(-7.88500000000001,-2.,3.5));
#14694=CARTESIAN_POINT('',(7.88500000000001,-2.,3.5));
#14695=CARTESIAN_POINT('',(7.88500000000001,-2.,3.5));
#14696=CARTESIAN_POINT('',(-7.88500000000001,-2.,3.5));
#14697=CARTESIAN_POINT('',(7.88500000000001,-2.,3.5));
#14698=CARTESIAN_POINT('',(7.88500000000001,2.,3.5));
#14699=CARTESIAN_POINT('',(7.88500000000001,2.,3.5));
#14700=CARTESIAN_POINT('',(7.88500000000001,-2.,3.5));
#14701=CARTESIAN_POINT('',(7.88500000000001,2.,3.5));
#14702=CARTESIAN_POINT('',(7.88500000000001,2.,3.5));
#14703=CARTESIAN_POINT('',(-7.88500000000001,-2.,3.5));
#14704=CARTESIAN_POINT('',(-7.285,-0.374999999999996,3.5));
#14705=CARTESIAN_POINT('',(-7.285,-0.374999999999996,3.5));
#14706=CARTESIAN_POINT('',(-7.285,-0.625000000000004,3.5));
#14707=CARTESIAN_POINT('',(-6.685,-0.374999999999997,3.5));
#14708=CARTESIAN_POINT('',(-6.685,-0.374999999999997,3.5));
#14709=CARTESIAN_POINT('',(-6.685,-0.625000000000002,3.5));
#14710=CARTESIAN_POINT('',(-6.685,-0.625000000000003,3.5));
#14711=CARTESIAN_POINT('',(-7.285,-0.625000000000004,3.5));
#14712=CARTESIAN_POINT('',(-6.015,0.625000000000005,3.5));
#14713=CARTESIAN_POINT('',(-6.015,0.625000000000005,3.5));
#14714=CARTESIAN_POINT('',(-6.015,0.374999999999999,3.5));
#14715=CARTESIAN_POINT('',(-5.415,0.625000000000005,3.5));
#14716=CARTESIAN_POINT('',(-5.415,0.625000000000005,3.5));
#14717=CARTESIAN_POINT('',(-5.415,0.375000000000001,3.5));
#14718=CARTESIAN_POINT('',(-5.415,0.375,3.5));
#14719=CARTESIAN_POINT('',(-6.015,0.374999999999999,3.5));
#14720=CARTESIAN_POINT('',(-6.86,-0.999999999999999,3.5));
#14721=CARTESIAN_POINT('',(-7.11,-1.5,3.5));
#14722=CARTESIAN_POINT('',(-5.84,1.5,3.5));
#14723=CARTESIAN_POINT('',(-5.84,1.5,3.5));
#14724=CARTESIAN_POINT('',(-5.84,0.999999999999997,3.5));
#14725=CARTESIAN_POINT('',(-5.59,1.5,3.5));
#14726=CARTESIAN_POINT('',(-5.59,1.5,3.5));
#14727=CARTESIAN_POINT('',(-5.59,0.999999999999997,3.5));
#14728=CARTESIAN_POINT('',(-5.59,0.999999999999997,3.5));
#14729=CARTESIAN_POINT('',(-5.84,0.999999999999997,3.5));
#14730=CARTESIAN_POINT('',(-7.285,0.499999999999999,3.5));
#14731=CARTESIAN_POINT('',(-6.685,0.499999999999999,3.5));
#14732=CARTESIAN_POINT('',(-7.11,-1.30104260698261E-15,3.5));
#14733=CARTESIAN_POINT('',(-7.285,0.499999999999999,3.5));
#14734=CARTESIAN_POINT('',(-7.285,0.499999999999999,3.5));
#14735=CARTESIAN_POINT('',(-7.285,1.,3.5));
#14736=CARTESIAN_POINT('',(-7.285,1.,3.5));
#14737=CARTESIAN_POINT('',(-6.685,1.,3.5));
#14738=CARTESIAN_POINT('',(-7.11,1.,3.5));
#14739=CARTESIAN_POINT('',(-7.11,1.5,3.5));
#14740=CARTESIAN_POINT('',(-7.11,1.5,3.5));
#14741=CARTESIAN_POINT('',(-6.86,1.5,3.5));
#14742=CARTESIAN_POINT('',(-6.86,1.5,3.5));
#14743=CARTESIAN_POINT('',(-6.86,-1.30104260698261E-15,3.5));
#14744=CARTESIAN_POINT('',(-6.86000000000001,1.,3.5));
#14745=CARTESIAN_POINT('',(-6.685,1.,3.5));
#14746=CARTESIAN_POINT('',(-6.685,1.,3.5));
#14747=CARTESIAN_POINT('',(-6.685,0.499999999999999,3.5));
#14748=CARTESIAN_POINT('',(-6.015,-1.00000000000003,3.5));
#14749=CARTESIAN_POINT('',(-5.415,-1.00000000000003,3.5));
#14750=CARTESIAN_POINT('',(-5.84,-1.50000000000001,3.5));
#14751=CARTESIAN_POINT('',(-6.015,-1.00000000000003,3.5));
#14752=CARTESIAN_POINT('',(-6.015,-1.00000000000003,3.5));
#14753=CARTESIAN_POINT('',(-6.015,-0.500000000000029,3.5));
#14754=CARTESIAN_POINT('',(-6.015,-0.500000000000029,3.5));
#14755=CARTESIAN_POINT('',(-5.415,-0.500000000000029,3.5));
#14756=CARTESIAN_POINT('',(-5.84,-0.500000000000029,3.5));
#14757=CARTESIAN_POINT('',(-5.84,-1.79374037547994E-15,3.5));
#14758=CARTESIAN_POINT('',(-5.84,-1.91796407454537E-15,3.5));
#14759=CARTESIAN_POINT('',(-5.59,-1.76312420550125E-15,3.5));
#14760=CARTESIAN_POINT('',(-5.59,-1.73472347597681E-15,3.5));
#14761=CARTESIAN_POINT('',(-5.59,-1.50000000000001,3.5));
#14762=CARTESIAN_POINT('',(-5.59,-0.500000000000029,3.5));
#14763=CARTESIAN_POINT('',(-5.415,-0.500000000000029,3.5));
#14764=CARTESIAN_POINT('',(-5.415,-0.500000000000029,3.5));
#14765=CARTESIAN_POINT('',(-5.415,-1.00000000000003,3.5));
#14766=CARTESIAN_POINT('',(-4.745,-0.374999999999996,3.5));
#14767=CARTESIAN_POINT('',(-4.745,-0.374999999999996,3.5));
#14768=CARTESIAN_POINT('',(-4.745,-0.625000000000004,3.5));
#14769=CARTESIAN_POINT('',(-4.145,-0.374999999999997,3.5));
#14770=CARTESIAN_POINT('',(-4.145,-0.374999999999997,3.5));
#14771=CARTESIAN_POINT('',(-4.145,-0.625000000000002,3.5));
#14772=CARTESIAN_POINT('',(-4.145,-0.625000000000003,3.5));
#14773=CARTESIAN_POINT('',(-4.745,-0.625000000000004,3.5));
#14774=CARTESIAN_POINT('',(-3.475,0.625000000000005,3.5));
#14775=CARTESIAN_POINT('',(-3.475,0.625000000000005,3.5));
#14776=CARTESIAN_POINT('',(-3.475,0.374999999999999,3.5));
#14777=CARTESIAN_POINT('',(-2.875,0.625000000000005,3.5));
#14778=CARTESIAN_POINT('',(-2.875,0.625000000000005,3.5));
#14779=CARTESIAN_POINT('',(-2.875,0.375000000000001,3.5));
#14780=CARTESIAN_POINT('',(-2.875,0.375,3.5));
#14781=CARTESIAN_POINT('',(-3.475,0.374999999999999,3.5));
#14782=CARTESIAN_POINT('',(-4.32,-0.999999999999999,3.5));
#14783=CARTESIAN_POINT('',(-4.57,-1.5,3.5));
#14784=CARTESIAN_POINT('',(-3.3,1.5,3.5));
#14785=CARTESIAN_POINT('',(-3.3,1.5,3.5));
#14786=CARTESIAN_POINT('',(-3.3,0.999999999999997,3.5));
#14787=CARTESIAN_POINT('',(-3.05,1.5,3.5));
#14788=CARTESIAN_POINT('',(-3.05,1.5,3.5));
#14789=CARTESIAN_POINT('',(-3.05,0.999999999999997,3.5));
#14790=CARTESIAN_POINT('',(-3.05,0.999999999999997,3.5));
#14791=CARTESIAN_POINT('',(-3.3,0.999999999999997,3.5));
#14792=CARTESIAN_POINT('',(-4.745,0.499999999999999,3.5));
#14793=CARTESIAN_POINT('',(-4.145,0.499999999999999,3.5));
#14794=CARTESIAN_POINT('',(-4.57,-1.30104260698261E-15,3.5));
#14795=CARTESIAN_POINT('',(-4.745,0.499999999999999,3.5));
#14796=CARTESIAN_POINT('',(-4.745,0.499999999999999,3.5));
#14797=CARTESIAN_POINT('',(-4.745,1.,3.5));
#14798=CARTESIAN_POINT('',(-4.745,1.,3.5));
#14799=CARTESIAN_POINT('',(-4.145,1.,3.5));
#14800=CARTESIAN_POINT('',(-4.57,1.,3.5));
#14801=CARTESIAN_POINT('',(-4.57,1.5,3.5));
#14802=CARTESIAN_POINT('',(-4.57,1.5,3.5));
#14803=CARTESIAN_POINT('',(-4.32,1.5,3.5));
#14804=CARTESIAN_POINT('',(-4.32,1.5,3.5));
#14805=CARTESIAN_POINT('',(-4.32,-1.30104260698261E-15,3.5));
#14806=CARTESIAN_POINT('',(-4.32000000000001,1.,3.5));
#14807=CARTESIAN_POINT('',(-4.145,1.,3.5));
#14808=CARTESIAN_POINT('',(-4.145,1.,3.5));
#14809=CARTESIAN_POINT('',(-4.145,0.499999999999999,3.5));
#14810=CARTESIAN_POINT('',(-3.475,-1.00000000000003,3.5));
#14811=CARTESIAN_POINT('',(-2.875,-1.00000000000003,3.5));
#14812=CARTESIAN_POINT('',(-3.3,-1.50000000000001,3.5));
#14813=CARTESIAN_POINT('',(-3.475,-1.00000000000003,3.5));
#14814=CARTESIAN_POINT('',(-3.475,-1.00000000000003,3.5));
#14815=CARTESIAN_POINT('',(-3.475,-0.500000000000029,3.5));
#14816=CARTESIAN_POINT('',(-3.475,-0.500000000000029,3.5));
#14817=CARTESIAN_POINT('',(-2.875,-0.500000000000029,3.5));
#14818=CARTESIAN_POINT('',(-3.3,-0.500000000000029,3.5));
#14819=CARTESIAN_POINT('',(-3.3,-1.79374037547994E-15,3.5));
#14820=CARTESIAN_POINT('',(-3.3,-1.60690378756193E-15,3.5));
#14821=CARTESIAN_POINT('',(-3.05,-1.76312420550125E-15,3.5));
#14822=CARTESIAN_POINT('',(-3.05,-1.73472347597681E-15,3.5));
#14823=CARTESIAN_POINT('',(-3.05,-1.50000000000001,3.5));
#14824=CARTESIAN_POINT('',(-3.05,-0.500000000000029,3.5));
#14825=CARTESIAN_POINT('',(-2.875,-0.500000000000029,3.5));
#14826=CARTESIAN_POINT('',(-2.875,-0.500000000000029,3.5));
#14827=CARTESIAN_POINT('',(-2.875,-1.00000000000003,3.5));
#14828=CARTESIAN_POINT('',(-2.205,-0.374999999999996,3.5));
#14829=CARTESIAN_POINT('',(-2.205,-0.374999999999996,3.5));
#14830=CARTESIAN_POINT('',(-2.205,-0.625000000000004,3.5));
#14831=CARTESIAN_POINT('',(-1.605,-0.374999999999997,3.5));
#14832=CARTESIAN_POINT('',(-1.605,-0.374999999999997,3.5));
#14833=CARTESIAN_POINT('',(-1.605,-0.625000000000002,3.5));
#14834=CARTESIAN_POINT('',(-1.605,-0.625000000000003,3.5));
#14835=CARTESIAN_POINT('',(-2.205,-0.625000000000004,3.5));
#14836=CARTESIAN_POINT('',(-0.934999999999999,0.625000000000005,3.5));
#14837=CARTESIAN_POINT('',(-0.934999999999999,0.625000000000005,3.5));
#14838=CARTESIAN_POINT('',(-0.934999999999999,0.374999999999999,3.5));
#14839=CARTESIAN_POINT('',(-0.334999999999999,0.625000000000005,3.5));
#14840=CARTESIAN_POINT('',(-0.334999999999999,0.625000000000005,3.5));
#14841=CARTESIAN_POINT('',(-0.334999999999999,0.375000000000001,3.5));
#14842=CARTESIAN_POINT('',(-0.334999999999999,0.375,3.5));
#14843=CARTESIAN_POINT('',(-0.934999999999999,0.374999999999999,3.5));
#14844=CARTESIAN_POINT('',(-1.78,-0.999999999999999,3.5));
#14845=CARTESIAN_POINT('',(-2.03,-1.5,3.5));
#14846=CARTESIAN_POINT('',(-0.759999999999995,1.5,3.5));
#14847=CARTESIAN_POINT('',(-0.759999999999995,1.5,3.5));
#14848=CARTESIAN_POINT('',(-0.759999999999995,0.999999999999997,3.5));
#14849=CARTESIAN_POINT('',(-0.509999999999997,1.5,3.5));
#14850=CARTESIAN_POINT('',(-0.509999999999997,1.5,3.5));
#14851=CARTESIAN_POINT('',(-0.509999999999997,0.999999999999997,3.5));
#14852=CARTESIAN_POINT('',(-0.509999999999997,0.999999999999997,3.5));
#14853=CARTESIAN_POINT('',(-0.759999999999995,0.999999999999997,3.5));
#14854=CARTESIAN_POINT('',(-2.205,0.499999999999999,3.5));
#14855=CARTESIAN_POINT('',(-1.605,0.499999999999999,3.5));
#14856=CARTESIAN_POINT('',(-2.03,-1.30104260698261E-15,3.5));
#14857=CARTESIAN_POINT('',(-2.205,0.499999999999999,3.5));
#14858=CARTESIAN_POINT('',(-2.205,0.499999999999999,3.5));
#14859=CARTESIAN_POINT('',(-2.205,1.,3.5));
#14860=CARTESIAN_POINT('',(-2.205,1.,3.5));
#14861=CARTESIAN_POINT('',(-1.605,1.,3.5));
#14862=CARTESIAN_POINT('',(-2.03,1.,3.5));
#14863=CARTESIAN_POINT('',(-2.03,1.5,3.5));
#14864=CARTESIAN_POINT('',(-2.03,1.5,3.5));
#14865=CARTESIAN_POINT('',(-1.78,1.5,3.5));
#14866=CARTESIAN_POINT('',(-1.78,1.5,3.5));
#14867=CARTESIAN_POINT('',(-1.78,-1.30104260698261E-15,3.5));
#14868=CARTESIAN_POINT('',(-1.78000000000001,1.,3.5));
#14869=CARTESIAN_POINT('',(-1.605,1.,3.5));
#14870=CARTESIAN_POINT('',(-1.605,1.,3.5));
#14871=CARTESIAN_POINT('',(-1.605,0.499999999999999,3.5));
#14872=CARTESIAN_POINT('',(-0.934999999999996,-1.00000000000003,3.5));
#14873=CARTESIAN_POINT('',(-0.334999999999996,-1.00000000000003,3.5));
#14874=CARTESIAN_POINT('',(-0.759999999999995,-1.50000000000001,3.5));
#14875=CARTESIAN_POINT('',(-0.934999999999996,-1.00000000000003,3.5));
#14876=CARTESIAN_POINT('',(-0.934999999999996,-1.00000000000003,3.5));
#14877=CARTESIAN_POINT('',(-0.934999999999995,-0.500000000000029,3.5));
#14878=CARTESIAN_POINT('',(-0.934999999999996,-0.500000000000029,3.5));
#14879=CARTESIAN_POINT('',(-0.334999999999997,-0.500000000000029,3.5));
#14880=CARTESIAN_POINT('',(-0.759999999999995,-0.500000000000029,3.5));
#14881=CARTESIAN_POINT('',(-0.759999999999995,-1.79374037547994E-15,3.5));
#14882=CARTESIAN_POINT('',(-0.759999999999995,-1.72952436957269E-15,3.5));
#14883=CARTESIAN_POINT('',(-0.509999999999997,-1.76312420550125E-15,3.5));
#14884=CARTESIAN_POINT('',(-0.509999999999997,-1.73472347597681E-15,3.5));
#14885=CARTESIAN_POINT('',(-0.509999999999997,-1.50000000000001,3.5));
#14886=CARTESIAN_POINT('',(-0.509999999999997,-0.500000000000029,3.5));
#14887=CARTESIAN_POINT('',(-0.334999999999997,-0.500000000000029,3.5));
#14888=CARTESIAN_POINT('',(-0.334999999999996,-0.500000000000029,3.5));
#14889=CARTESIAN_POINT('',(-0.334999999999996,-1.00000000000003,3.5));
#14890=CARTESIAN_POINT('',(0.335000000000002,-0.374999999999996,3.5));
#14891=CARTESIAN_POINT('',(0.335000000000002,-0.374999999999996,3.5));
#14892=CARTESIAN_POINT('',(0.335000000000002,-0.625000000000004,3.5));
#14893=CARTESIAN_POINT('',(0.934999999999999,-0.374999999999997,3.5));
#14894=CARTESIAN_POINT('',(0.935,-0.374999999999997,3.5));
#14895=CARTESIAN_POINT('',(0.934999999999999,-0.625000000000002,3.5));
#14896=CARTESIAN_POINT('',(0.934999999999999,-0.625000000000003,3.5));
#14897=CARTESIAN_POINT('',(0.335000000000002,-0.625000000000004,3.5));
#14898=CARTESIAN_POINT('',(1.605,0.625000000000005,3.5));
#14899=CARTESIAN_POINT('',(1.605,0.625000000000005,3.5));
#14900=CARTESIAN_POINT('',(1.605,0.374999999999999,3.5));
#14901=CARTESIAN_POINT('',(2.205,0.625000000000005,3.5));
#14902=CARTESIAN_POINT('',(2.205,0.625000000000005,3.5));
#14903=CARTESIAN_POINT('',(2.205,0.375000000000001,3.5));
#14904=CARTESIAN_POINT('',(2.205,0.375,3.5));
#14905=CARTESIAN_POINT('',(1.605,0.374999999999999,3.5));
#14906=CARTESIAN_POINT('',(0.760000000000004,-0.999999999999999,3.5));
#14907=CARTESIAN_POINT('',(0.509999999999999,-1.5,3.5));
#14908=CARTESIAN_POINT('',(1.78,1.5,3.5));
#14909=CARTESIAN_POINT('',(1.78,1.5,3.5));
#14910=CARTESIAN_POINT('',(1.78,0.999999999999997,3.5));
#14911=CARTESIAN_POINT('',(2.03,1.5,3.5));
#14912=CARTESIAN_POINT('',(2.03,1.5,3.5));
#14913=CARTESIAN_POINT('',(2.03,0.999999999999997,3.5));
#14914=CARTESIAN_POINT('',(2.03,0.999999999999997,3.5));
#14915=CARTESIAN_POINT('',(1.78,0.999999999999997,3.5));
#14916=CARTESIAN_POINT('',(0.335000000000001,0.499999999999999,3.5));
#14917=CARTESIAN_POINT('',(0.935000000000001,0.499999999999999,3.5));
#14918=CARTESIAN_POINT('',(0.509999999999999,-1.30104260698261E-15,3.5));
#14919=CARTESIAN_POINT('',(0.335000000000001,0.499999999999999,3.5));
#14920=CARTESIAN_POINT('',(0.335000000000001,0.499999999999999,3.5));
#14921=CARTESIAN_POINT('',(0.335000000000001,1.,3.5));
#14922=CARTESIAN_POINT('',(0.335000000000001,1.,3.5));
#14923=CARTESIAN_POINT('',(0.935000000000001,1.,3.5));
#14924=CARTESIAN_POINT('',(0.509999999999999,1.,3.5));
#14925=CARTESIAN_POINT('',(0.509999999999999,1.5,3.5));
#14926=CARTESIAN_POINT('',(0.509999999999998,1.5,3.5));
#14927=CARTESIAN_POINT('',(0.760000000000004,1.5,3.5));
#14928=CARTESIAN_POINT('',(0.760000000000004,1.5,3.5));
#14929=CARTESIAN_POINT('',(0.760000000000004,-1.30104260698261E-15,3.5));
#14930=CARTESIAN_POINT('',(0.75999999999999,1.,3.5));
#14931=CARTESIAN_POINT('',(0.935000000000001,1.,3.5));
#14932=CARTESIAN_POINT('',(0.935000000000001,1.,3.5));
#14933=CARTESIAN_POINT('',(0.935000000000001,0.499999999999999,3.5));
#14934=CARTESIAN_POINT('',(1.605,-1.00000000000003,3.5));
#14935=CARTESIAN_POINT('',(2.205,-1.00000000000003,3.5));
#14936=CARTESIAN_POINT('',(1.78,-1.50000000000001,3.5));
#14937=CARTESIAN_POINT('',(1.605,-1.00000000000003,3.5));
#14938=CARTESIAN_POINT('',(1.605,-1.00000000000003,3.5));
#14939=CARTESIAN_POINT('',(1.605,-0.500000000000029,3.5));
#14940=CARTESIAN_POINT('',(1.605,-0.500000000000029,3.5));
#14941=CARTESIAN_POINT('',(2.205,-0.500000000000029,3.5));
#14942=CARTESIAN_POINT('',(1.78,-0.500000000000029,3.5));
#14943=CARTESIAN_POINT('',(1.78,-1.79374037547994E-15,3.5));
#14944=CARTESIAN_POINT('',(1.78,-1.85214495158346E-15,3.5));
#14945=CARTESIAN_POINT('',(2.03,-1.76312420550125E-15,3.5));
#14946=CARTESIAN_POINT('',(2.03,-1.73472347597681E-15,3.5));
#14947=CARTESIAN_POINT('',(2.03,-1.50000000000001,3.5));
#14948=CARTESIAN_POINT('',(2.03,-0.500000000000029,3.5));
#14949=CARTESIAN_POINT('',(2.205,-0.500000000000029,3.5));
#14950=CARTESIAN_POINT('',(2.205,-0.500000000000029,3.5));
#14951=CARTESIAN_POINT('',(2.205,-1.00000000000003,3.5));
#14952=CARTESIAN_POINT('',(2.875,-0.374999999999996,3.5));
#14953=CARTESIAN_POINT('',(2.875,-0.374999999999996,3.5));
#14954=CARTESIAN_POINT('',(2.875,-0.625000000000004,3.5));
#14955=CARTESIAN_POINT('',(3.475,-0.374999999999997,3.5));
#14956=CARTESIAN_POINT('',(3.475,-0.374999999999997,3.5));
#14957=CARTESIAN_POINT('',(3.475,-0.625000000000002,3.5));
#14958=CARTESIAN_POINT('',(3.475,-0.625000000000003,3.5));
#14959=CARTESIAN_POINT('',(2.875,-0.625000000000004,3.5));
#14960=CARTESIAN_POINT('',(4.145,0.625000000000005,3.5));
#14961=CARTESIAN_POINT('',(4.145,0.625000000000005,3.5));
#14962=CARTESIAN_POINT('',(4.145,0.374999999999999,3.5));
#14963=CARTESIAN_POINT('',(4.745,0.625000000000005,3.5));
#14964=CARTESIAN_POINT('',(4.745,0.625000000000005,3.5));
#14965=CARTESIAN_POINT('',(4.745,0.375000000000001,3.5));
#14966=CARTESIAN_POINT('',(4.745,0.375,3.5));
#14967=CARTESIAN_POINT('',(4.145,0.374999999999999,3.5));
#14968=CARTESIAN_POINT('',(3.3,-0.999999999999999,3.5));
#14969=CARTESIAN_POINT('',(3.05,-1.5,3.5));
#14970=CARTESIAN_POINT('',(4.32,1.5,3.5));
#14971=CARTESIAN_POINT('',(4.32,1.5,3.5));
#14972=CARTESIAN_POINT('',(4.32,0.999999999999997,3.5));
#14973=CARTESIAN_POINT('',(4.57,1.5,3.5));
#14974=CARTESIAN_POINT('',(4.57,1.5,3.5));
#14975=CARTESIAN_POINT('',(4.57,0.999999999999997,3.5));
#14976=CARTESIAN_POINT('',(4.57,0.999999999999997,3.5));
#14977=CARTESIAN_POINT('',(4.32,0.999999999999997,3.5));
#14978=CARTESIAN_POINT('',(2.875,0.499999999999999,3.5));
#14979=CARTESIAN_POINT('',(3.475,0.499999999999999,3.5));
#14980=CARTESIAN_POINT('',(3.05,-1.30104260698261E-15,3.5));
#14981=CARTESIAN_POINT('',(2.875,0.499999999999999,3.5));
#14982=CARTESIAN_POINT('',(2.875,0.499999999999999,3.5));
#14983=CARTESIAN_POINT('',(2.875,1.,3.5));
#14984=CARTESIAN_POINT('',(2.875,1.,3.5));
#14985=CARTESIAN_POINT('',(3.475,1.,3.5));
#14986=CARTESIAN_POINT('',(3.05,1.,3.5));
#14987=CARTESIAN_POINT('',(3.05,1.5,3.5));
#14988=CARTESIAN_POINT('',(3.05,1.5,3.5));
#14989=CARTESIAN_POINT('',(3.3,1.5,3.5));
#14990=CARTESIAN_POINT('',(3.3,1.5,3.5));
#14991=CARTESIAN_POINT('',(3.3,-1.30104260698261E-15,3.5));
#14992=CARTESIAN_POINT('',(3.29999999999999,1.,3.5));
#14993=CARTESIAN_POINT('',(3.475,1.,3.5));
#14994=CARTESIAN_POINT('',(3.475,1.,3.5));
#14995=CARTESIAN_POINT('',(3.475,0.499999999999999,3.5));
#14996=CARTESIAN_POINT('',(4.145,-1.00000000000003,3.5));
#14997=CARTESIAN_POINT('',(4.745,-1.00000000000003,3.5));
#14998=CARTESIAN_POINT('',(4.32,-1.50000000000001,3.5));
#14999=CARTESIAN_POINT('',(4.145,-1.00000000000003,3.5));
#15000=CARTESIAN_POINT('',(4.145,-1.00000000000003,3.5));
#15001=CARTESIAN_POINT('',(4.145,-0.500000000000029,3.5));
#15002=CARTESIAN_POINT('',(4.145,-0.500000000000029,3.5));
#15003=CARTESIAN_POINT('',(4.745,-0.500000000000029,3.5));
#15004=CARTESIAN_POINT('',(4.32,-0.500000000000029,3.5));
#15005=CARTESIAN_POINT('',(4.32,-1.79374037547994E-15,3.5));
#15006=CARTESIAN_POINT('',(4.32,-1.97476553359423E-15,3.5));
#15007=CARTESIAN_POINT('',(4.57,-1.76312420550125E-15,3.5));
#15008=CARTESIAN_POINT('',(4.57,-1.73472347597681E-15,3.5));
#15009=CARTESIAN_POINT('',(4.57,-1.50000000000001,3.5));
#15010=CARTESIAN_POINT('',(4.57,-0.500000000000029,3.5));
#15011=CARTESIAN_POINT('',(4.745,-0.500000000000029,3.5));
#15012=CARTESIAN_POINT('',(4.745,-0.500000000000029,3.5));
#15013=CARTESIAN_POINT('',(4.745,-1.00000000000003,3.5));
#15014=CARTESIAN_POINT('',(5.415,-0.374999999999996,3.5));
#15015=CARTESIAN_POINT('',(5.415,-0.374999999999996,3.5));
#15016=CARTESIAN_POINT('',(5.415,-0.625000000000004,3.5));
#15017=CARTESIAN_POINT('',(6.015,-0.374999999999997,3.5));
#15018=CARTESIAN_POINT('',(6.015,-0.374999999999997,3.5));
#15019=CARTESIAN_POINT('',(6.015,-0.625000000000002,3.5));
#15020=CARTESIAN_POINT('',(6.015,-0.625000000000003,3.5));
#15021=CARTESIAN_POINT('',(5.415,-0.625000000000004,3.5));
#15022=CARTESIAN_POINT('',(6.685,0.625000000000005,3.5));
#15023=CARTESIAN_POINT('',(6.685,0.625000000000005,3.5));
#15024=CARTESIAN_POINT('',(6.685,0.374999999999999,3.5));
#15025=CARTESIAN_POINT('',(7.285,0.625000000000005,3.5));
#15026=CARTESIAN_POINT('',(7.285,0.625000000000005,3.5));
#15027=CARTESIAN_POINT('',(7.285,0.375000000000001,3.5));
#15028=CARTESIAN_POINT('',(7.285,0.375,3.5));
#15029=CARTESIAN_POINT('',(6.685,0.374999999999999,3.5));
#15030=CARTESIAN_POINT('',(5.84,-0.999999999999999,3.5));
#15031=CARTESIAN_POINT('',(5.59,-1.5,3.5));
#15032=CARTESIAN_POINT('',(6.86,1.5,3.5));
#15033=CARTESIAN_POINT('',(6.86,1.5,3.5));
#15034=CARTESIAN_POINT('',(6.86,0.999999999999997,3.5));
#15035=CARTESIAN_POINT('',(7.11,1.5,3.5));
#15036=CARTESIAN_POINT('',(7.11,1.5,3.5));
#15037=CARTESIAN_POINT('',(7.11,0.999999999999997,3.5));
#15038=CARTESIAN_POINT('',(7.11,0.999999999999997,3.5));
#15039=CARTESIAN_POINT('',(6.86,0.999999999999997,3.5));
#15040=CARTESIAN_POINT('',(5.415,0.499999999999999,3.5));
#15041=CARTESIAN_POINT('',(6.015,0.499999999999999,3.5));
#15042=CARTESIAN_POINT('',(5.59,-1.30104260698261E-15,3.5));
#15043=CARTESIAN_POINT('',(5.415,0.499999999999999,3.5));
#15044=CARTESIAN_POINT('',(5.415,0.499999999999999,3.5));
#15045=CARTESIAN_POINT('',(5.415,1.,3.5));
#15046=CARTESIAN_POINT('',(5.415,1.,3.5));
#15047=CARTESIAN_POINT('',(6.015,1.,3.5));
#15048=CARTESIAN_POINT('',(5.59,1.,3.5));
#15049=CARTESIAN_POINT('',(5.59,1.5,3.5));
#15050=CARTESIAN_POINT('',(5.59,1.5,3.5));
#15051=CARTESIAN_POINT('',(5.84,1.5,3.5));
#15052=CARTESIAN_POINT('',(5.84,1.5,3.5));
#15053=CARTESIAN_POINT('',(5.84,-1.30104260698261E-15,3.5));
#15054=CARTESIAN_POINT('',(5.83999999999999,1.,3.5));
#15055=CARTESIAN_POINT('',(6.015,1.,3.5));
#15056=CARTESIAN_POINT('',(6.015,1.,3.5));
#15057=CARTESIAN_POINT('',(6.015,0.499999999999999,3.5));
#15058=CARTESIAN_POINT('',(6.685,-1.00000000000003,3.5));
#15059=CARTESIAN_POINT('',(7.285,-1.00000000000003,3.5));
#15060=CARTESIAN_POINT('',(6.86,-1.50000000000001,3.5));
#15061=CARTESIAN_POINT('',(6.685,-1.00000000000003,3.5));
#15062=CARTESIAN_POINT('',(6.685,-1.00000000000003,3.5));
#15063=CARTESIAN_POINT('',(6.685,-0.500000000000029,3.5));
#15064=CARTESIAN_POINT('',(6.685,-0.500000000000029,3.5));
#15065=CARTESIAN_POINT('',(7.285,-0.500000000000029,3.5));
#15066=CARTESIAN_POINT('',(6.86,-0.500000000000029,3.5));
#15067=CARTESIAN_POINT('',(6.86,-1.79374037547994E-15,3.5));
#15068=CARTESIAN_POINT('',(6.86,-1.66370524661079E-15,3.5));
#15069=CARTESIAN_POINT('',(7.11,-1.76312420550125E-15,3.5));
#15070=CARTESIAN_POINT('',(7.11,-1.73472347597681E-15,3.5));
#15071=CARTESIAN_POINT('',(7.11,-1.50000000000001,3.5));
#15072=CARTESIAN_POINT('',(7.11,-0.500000000000029,3.5));
#15073=CARTESIAN_POINT('',(7.285,-0.500000000000029,3.5));
#15074=CARTESIAN_POINT('',(7.285,-0.500000000000029,3.5));
#15075=CARTESIAN_POINT('',(7.285,-1.00000000000003,3.5));
#15076=CARTESIAN_POINT('',(7.88500000000001,1.5,-1.5));
#15077=CARTESIAN_POINT('',(7.88500000000001,-0.499999999999999,-0.499999999999998));
#15078=CARTESIAN_POINT('',(7.88500000000001,-0.5,-0.5));
#15079=CARTESIAN_POINT('',(7.88500000000001,1.5,-0.5));
#15080=CARTESIAN_POINT('',(7.88500000000001,0.5,-0.5));
#15081=CARTESIAN_POINT('',(7.88500000000001,1.1,-1.7));
#15082=CARTESIAN_POINT('',(7.88500000000001,-1.5,-1.5));
#15083=CARTESIAN_POINT('',(-7.11,-1.5,-1.35));
#15084=CARTESIAN_POINT('',(-8.62,1.5,18.6337757848483));
#15085=CARTESIAN_POINT('',(-7.88500000000001,-1.5,18.6337757848483));
#15086=CARTESIAN_POINT('',(5.84,-18.6337757848483,6.12580816417645E-14));
#15087=CARTESIAN_POINT('',(5.84000000000001,1.,-1.35));
#15088=CARTESIAN_POINT('',(5.84000000000001,1.,-1.35));
#15089=CARTESIAN_POINT('',(5.84,1.,6.12580816417645E-14));
#15090=CARTESIAN_POINT('',(5.84,1.5,-15.1337757848483));
#15091=CARTESIAN_POINT('',(5.59,-18.6337757848483,-1.5));
#15092=CARTESIAN_POINT('',(5.59,1.,-1.5));
#15093=CARTESIAN_POINT('',(5.59,1.,-1.35));
#15094=CARTESIAN_POINT('',(5.59,1.5,-1.35));
#15095=CARTESIAN_POINT('',(5.59,1.5,-15.1337757848483));
#15096=CARTESIAN_POINT('',(7.11,-18.6337757848483,0.));
#15097=CARTESIAN_POINT('',(7.11,-3.52675515696968,7.55351031393935));
#15098=CARTESIAN_POINT('',(7.11,0.925000000000001,-1.35));
#15099=CARTESIAN_POINT('',(7.11,0.5,-0.5));
#15100=CARTESIAN_POINT('',(7.11,-18.6337757848483,-0.5));
#15101=CARTESIAN_POINT('',(7.11,-0.5,-0.5));
#15102=CARTESIAN_POINT('',(7.11,-0.500000000000028,0.));
#15103=CARTESIAN_POINT('',(7.11,-1.73472347597681E-15,-15.1337757848483));
#15104=CARTESIAN_POINT('',(7.11,0.999999999999997,-15.1337757848483));
#15105=CARTESIAN_POINT('',(7.11,1.5,-15.1337757848483));
#15106=CARTESIAN_POINT('',(7.11,-0.500000000000028,-1.35));
#15107=CARTESIAN_POINT('',(6.86,-18.6337757848483,-1.5));
#15108=CARTESIAN_POINT('',(6.86,-0.500000000000028,-1.5));
#15109=CARTESIAN_POINT('',(6.86,-0.5,-0.5));
#15110=CARTESIAN_POINT('',(6.86,-18.6337757848483,-0.5));
#15111=CARTESIAN_POINT('',(6.86,0.5,-0.5));
#15112=CARTESIAN_POINT('',(6.86,-2.92675515696968,6.35351031393935));
#15113=CARTESIAN_POINT('',(6.86,0.925000000000005,-1.35));
#15114=CARTESIAN_POINT('',(6.86,1.5,-1.35));
#15115=CARTESIAN_POINT('',(6.86,1.5,-15.1337757848483));
#15116=CARTESIAN_POINT('',(6.86,0.999999999999997,-15.1337757848483));
#15117=CARTESIAN_POINT('',(6.86,-1.79374037547994E-15,-15.1337757848483));
#15118=CARTESIAN_POINT('',(5.59,-1.30104260698261E-15,-15.1337757848483));
#15119=CARTESIAN_POINT('',(5.84,1.5,-15.1337757848483));
#15120=CARTESIAN_POINT('',(6.86,-1.50000000000001,-15.1337757848483));
#15121=CARTESIAN_POINT('',(7.11,-1.76312420550125E-15,-15.1337757848483));
#15122=CARTESIAN_POINT('',(6.685,-1.00000000000003,-15.1337757848483));
#15123=CARTESIAN_POINT('',(7.26,-1.00000000000003,-1.5));
#15124=CARTESIAN_POINT('',(7.285,-1.00000000000003,-15.1337757848483));
#15125=CARTESIAN_POINT('',(7.285,-1.00000000000003,-15.1337757848483));
#15126=CARTESIAN_POINT('',(7.285,-0.500000000000029,-15.1337757848483));
#15127=CARTESIAN_POINT('',(7.285,-0.5,-0.5));
#15128=CARTESIAN_POINT('',(7.285,-6.45351031393935,-12.4070206278787));
#15129=CARTESIAN_POINT('',(7.285,-0.500000000000029,-15.1337757848483));
#15130=CARTESIAN_POINT('',(18.6337757848483,-0.5,-0.5));
#15131=CARTESIAN_POINT('',(6.685,-0.500000000000029,-15.1337757848483));
#15132=CARTESIAN_POINT('',(6.685,-1.00000000000003,-15.1337757848483));
#15133=CARTESIAN_POINT('',(6.685,-6.35351031393935,-12.2070206278787));
#15134=CARTESIAN_POINT('',(6.685,-0.5,-0.5));
#15135=CARTESIAN_POINT('',(6.685,-0.500000000000029,-15.1337757848483));
#15136=CARTESIAN_POINT('',(6.685,-1.00000000000003,-15.1337757848483));
#15137=CARTESIAN_POINT('',(6.86,-1.00000000000003,-1.35));
#15138=CARTESIAN_POINT('',(7.285,-0.500000000000029,-15.1337757848483));
#15139=CARTESIAN_POINT('',(18.6337757848483,-0.5,-0.5));
#15140=CARTESIAN_POINT('',(5.415,0.499999999999999,-15.1337757848483));
#15141=CARTESIAN_POINT('',(6.015,0.499999999999999,-15.1337757848483));
#15142=CARTESIAN_POINT('',(6.015,0.5,-0.5));
#15143=CARTESIAN_POINT('',(18.6337757848483,0.5,-0.5));
#15144=CARTESIAN_POINT('',(6.015,0.499999999999999,-15.1337757848483));
#15145=CARTESIAN_POINT('',(6.015,1.,-15.1337757848483));
#15146=CARTESIAN_POINT('',(6.015,6.35351031393934,-12.2070206278786));
#15147=CARTESIAN_POINT('',(6.015,1.,-15.1337757848483));
#15148=CARTESIAN_POINT('',(5.84000000000001,1.,-1.35));
#15149=CARTESIAN_POINT('',(5.415,1.,-15.1337757848483));
#15150=CARTESIAN_POINT('',(5.415,0.499999999999999,-15.1337757848483));
#15151=CARTESIAN_POINT('',(5.415,1.,-15.1337757848483));
#15152=CARTESIAN_POINT('',(5.415,0.499999999999999,-15.1337757848483));
#15153=CARTESIAN_POINT('',(6.015,1.,-15.1337757848483));
#15154=CARTESIAN_POINT('',(5.59,1.,-1.35));
#15155=CARTESIAN_POINT('',(6.86,0.999999999999997,-15.1337757848483));
#15156=CARTESIAN_POINT('',(7.11,1.5,-15.1337757848483));
#15157=CARTESIAN_POINT('',(5.59,-1.5,-15.1337757848483));
#15158=CARTESIAN_POINT('',(5.84,-0.999999999999999,-15.1337757848483));
#15159=CARTESIAN_POINT('',(6.685,0.625000000000005,3.25));
#15160=CARTESIAN_POINT('',(6.685,0.374999999999999,3.25));
#15161=CARTESIAN_POINT('',(6.685,0.374999999999999,3.25));
#15162=CARTESIAN_POINT('',(6.685,0.625000000000005,3.25));
#15163=CARTESIAN_POINT('',(6.685,0.625000000000005,3.25));
#15164=CARTESIAN_POINT('',(6.685,0.625000000000005,3.25));
#15165=CARTESIAN_POINT('',(6.685,0.374999999999999,3.25));
#15166=CARTESIAN_POINT('',(7.285,0.375,3.25));
#15167=CARTESIAN_POINT('',(7.285,0.375,3.25));
#15168=CARTESIAN_POINT('',(6.685,0.374999999999999,3.25));
#15169=CARTESIAN_POINT('',(7.285,0.375000000000001,3.25));
#15170=CARTESIAN_POINT('',(7.285,0.625000000000005,3.25));
#15171=CARTESIAN_POINT('',(7.285,0.625000000000005,3.25));
#15172=CARTESIAN_POINT('',(7.285,0.375000000000001,3.25));
#15173=CARTESIAN_POINT('',(7.285,0.625000000000005,3.25));
#15174=CARTESIAN_POINT('',(7.285,0.625000000000005,3.25));
#15175=CARTESIAN_POINT('',(6.685,0.374999999999999,3.25));
#15176=CARTESIAN_POINT('',(5.415,-0.374999999999996,3.25));
#15177=CARTESIAN_POINT('',(5.415,-0.625000000000004,3.25));
#15178=CARTESIAN_POINT('',(5.415,-0.625000000000004,3.25));
#15179=CARTESIAN_POINT('',(5.415,-0.374999999999996,3.25));
#15180=CARTESIAN_POINT('',(5.415,-0.374999999999996,3.25));
#15181=CARTESIAN_POINT('',(5.415,-0.374999999999996,3.25));
#15182=CARTESIAN_POINT('',(5.415,-0.625000000000004,3.25));
#15183=CARTESIAN_POINT('',(6.015,-0.625000000000003,3.25));
#15184=CARTESIAN_POINT('',(6.015,-0.625000000000003,3.25));
#15185=CARTESIAN_POINT('',(5.415,-0.625000000000004,3.25));
#15186=CARTESIAN_POINT('',(6.015,-0.625000000000002,3.25));
#15187=CARTESIAN_POINT('',(6.015,-0.374999999999998,3.25));
#15188=CARTESIAN_POINT('',(6.015,-0.374999999999998,3.25));
#15189=CARTESIAN_POINT('',(6.015,-0.625000000000002,3.25));
#15190=CARTESIAN_POINT('',(6.015,-0.374999999999997,3.25));
#15191=CARTESIAN_POINT('',(6.015,-0.374999999999997,3.25));
#15192=CARTESIAN_POINT('',(5.415,-0.625000000000004,3.25));
#15193=CARTESIAN_POINT('',(7.26,1.5,-1.5));
#15194=CARTESIAN_POINT('',(7.37111111111112,1.05555555555556,-1.61111111111111));
#15195=CARTESIAN_POINT('',(7.26,1.5,-1.5));
#15196=CARTESIAN_POINT('',(6.86,-18.6337757848483,-1.35));
#15197=CARTESIAN_POINT('',(6.86,-18.6337757848483,-1.35));
#15198=CARTESIAN_POINT('',(11.2063946188552,-1.24819730942761,2.99639461885522));
#15199=CARTESIAN_POINT('',(5.84000000000001,-18.6337757848483,-1.35));
#15200=CARTESIAN_POINT('',(9.7752835077441,-2.89264175387202,-5.28528350774403));
#15201=CARTESIAN_POINT('',(5.59,-18.6337757848483,-1.35));
#15202=CARTESIAN_POINT('',(5.84000000000001,-18.6337757848483,-1.35));
#15203=CARTESIAN_POINT('',(5.59,-18.6337757848483,-1.35));
#15204=CARTESIAN_POINT('',(18.6337757848483,-1.,-1.5));
#15205=CARTESIAN_POINT('',(18.6337757848483,-0.5,-0.5));
#15206=CARTESIAN_POINT('',(18.6337757848483,-0.5,-0.5));
#15207=CARTESIAN_POINT('',(18.6337757848483,0.5,-0.5));
#15208=CARTESIAN_POINT('',(18.6337757848483,0.5,-0.5));
#15209=CARTESIAN_POINT('',(18.6337757848483,-1.,-1.5));
#15210=CARTESIAN_POINT('',(-11.0452835077441,-2.89264175387205,-5.28528350774409));
#15211=CARTESIAN_POINT('',(18.6337757848483,-0.5,-0.5));
#15212=CARTESIAN_POINT('',(18.6337757848483,-0.5,-0.5));
#15213=CARTESIAN_POINT('',(18.6337757848483,0.5,-0.5));
#15214=CARTESIAN_POINT('',(18.6337757848483,0.5,-0.5));
#15215=CARTESIAN_POINT('',(18.6337757848483,-1.,-1.5));
#15216=CARTESIAN_POINT('',(3.3,-18.6337757848483,6.12580816417645E-14));
#15217=CARTESIAN_POINT('',(3.30000000000001,1.,-1.35));
#15218=CARTESIAN_POINT('',(3.30000000000001,1.,-1.35));
#15219=CARTESIAN_POINT('',(3.3,1.,6.12580816417645E-14));
#15220=CARTESIAN_POINT('',(3.3,1.5,-15.1337757848483));
#15221=CARTESIAN_POINT('',(3.05,-18.6337757848483,-1.5));
#15222=CARTESIAN_POINT('',(3.05,1.,-1.5));
#15223=CARTESIAN_POINT('',(3.05,1.,-1.35));
#15224=CARTESIAN_POINT('',(3.05,1.5,-1.35));
#15225=CARTESIAN_POINT('',(3.05,1.5,-15.1337757848483));
#15226=CARTESIAN_POINT('',(4.57,-18.6337757848483,0.));
#15227=CARTESIAN_POINT('',(4.57,1.,-1.35));
#15228=CARTESIAN_POINT('',(4.57,-0.500000000000028,0.));
#15229=CARTESIAN_POINT('',(4.57,-1.73472347597681E-15,-15.1337757848483));
#15230=CARTESIAN_POINT('',(4.57,0.999999999999997,-15.1337757848484));
#15231=CARTESIAN_POINT('',(4.57,1.5,-15.1337757848484));
#15232=CARTESIAN_POINT('',(4.32,-18.6337757848483,-1.5));
#15233=CARTESIAN_POINT('',(4.32,1.5,-1.35));
#15234=CARTESIAN_POINT('',(4.32,1.5,-15.1337757848484));
#15235=CARTESIAN_POINT('',(4.32,0.999999999999997,-15.1337757848484));
#15236=CARTESIAN_POINT('',(4.32,-1.79374037547994E-15,-15.1337757848483));
#15237=CARTESIAN_POINT('',(4.32,-0.500000000000028,-1.5));
#15238=CARTESIAN_POINT('',(3.05,-1.30104260698261E-15,-15.1337757848483));
#15239=CARTESIAN_POINT('',(3.3,1.5,-15.1337757848483));
#15240=CARTESIAN_POINT('',(4.32,-1.50000000000001,-15.1337757848483));
#15241=CARTESIAN_POINT('',(4.57,-1.76312420550125E-15,-15.1337757848483));
#15242=CARTESIAN_POINT('',(4.145,-1.00000000000003,-15.1337757848483));
#15243=CARTESIAN_POINT('',(4.72,-1.00000000000003,-1.5));
#15244=CARTESIAN_POINT('',(4.745,-1.00000000000003,-15.1337757848483));
#15245=CARTESIAN_POINT('',(4.745,-1.00000000000003,-15.1337757848483));
#15246=CARTESIAN_POINT('',(4.745,-0.500000000000029,-15.1337757848483));
#15247=CARTESIAN_POINT('',(4.745,-0.500000000000029,-15.1337757848483));
#15248=CARTESIAN_POINT('',(4.145,-0.500000000000029,-15.1337757848483));
#15249=CARTESIAN_POINT('',(4.145,-0.500000000000029,-15.1337757848483));
#15250=CARTESIAN_POINT('',(4.145,-1.00000000000003,-15.1337757848483));
#15251=CARTESIAN_POINT('',(4.145,-1.00000000000003,-15.1337757848483));
#15252=CARTESIAN_POINT('',(4.32,-1.00000000000003,-1.35));
#15253=CARTESIAN_POINT('',(4.745,-0.500000000000029,-15.1337757848483));
#15254=CARTESIAN_POINT('',(2.875,0.499999999999999,-15.1337757848484));
#15255=CARTESIAN_POINT('',(3.475,0.499999999999999,-15.1337757848484));
#15256=CARTESIAN_POINT('',(3.475,0.499999999999999,-15.1337757848484));
#15257=CARTESIAN_POINT('',(3.475,1.,-15.1337757848484));
#15258=CARTESIAN_POINT('',(3.475,1.,-15.1337757848484));
#15259=CARTESIAN_POINT('',(3.30000000000001,1.,-1.35));
#15260=CARTESIAN_POINT('',(2.875,1.,-15.1337757848484));
#15261=CARTESIAN_POINT('',(2.875,1.,-15.1337757848484));
#15262=CARTESIAN_POINT('',(2.875,0.499999999999999,-15.1337757848484));
#15263=CARTESIAN_POINT('',(2.875,0.499999999999999,-15.1337757848484));
#15264=CARTESIAN_POINT('',(3.475,1.,-15.1337757848484));
#15265=CARTESIAN_POINT('',(2.9,1.,-1.5));
#15266=CARTESIAN_POINT('',(4.32,0.999999999999997,-15.1337757848484));
#15267=CARTESIAN_POINT('',(4.57,1.5,-15.1337757848484));
#15268=CARTESIAN_POINT('',(3.05,-1.5,-15.1337757848484));
#15269=CARTESIAN_POINT('',(3.3,-0.999999999999999,-15.1337757848484));
#15270=CARTESIAN_POINT('',(4.145,0.625000000000005,3.25));
#15271=CARTESIAN_POINT('',(4.145,0.374999999999999,3.25));
#15272=CARTESIAN_POINT('',(4.145,0.374999999999999,3.25));
#15273=CARTESIAN_POINT('',(4.145,0.625000000000005,3.25));
#15274=CARTESIAN_POINT('',(4.145,0.625000000000005,3.25));
#15275=CARTESIAN_POINT('',(4.145,0.625000000000005,3.25));
#15276=CARTESIAN_POINT('',(4.145,0.374999999999999,3.25));
#15277=CARTESIAN_POINT('',(4.745,0.375,3.25));
#15278=CARTESIAN_POINT('',(4.745,0.375,3.25));
#15279=CARTESIAN_POINT('',(4.145,0.374999999999999,3.25));
#15280=CARTESIAN_POINT('',(4.745,0.375000000000001,3.25));
#15281=CARTESIAN_POINT('',(4.745,0.625000000000005,3.25));
#15282=CARTESIAN_POINT('',(4.745,0.625000000000005,3.25));
#15283=CARTESIAN_POINT('',(4.745,0.375000000000001,3.25));
#15284=CARTESIAN_POINT('',(4.745,0.625000000000005,3.25));
#15285=CARTESIAN_POINT('',(4.745,0.625000000000005,3.25));
#15286=CARTESIAN_POINT('',(4.145,0.374999999999999,3.25));
#15287=CARTESIAN_POINT('',(2.875,-0.374999999999996,3.25));
#15288=CARTESIAN_POINT('',(2.875,-0.625000000000004,3.25));
#15289=CARTESIAN_POINT('',(2.875,-0.625000000000004,3.25));
#15290=CARTESIAN_POINT('',(2.875,-0.374999999999996,3.25));
#15291=CARTESIAN_POINT('',(2.875,-0.374999999999996,3.25));
#15292=CARTESIAN_POINT('',(2.875,-0.374999999999996,3.25));
#15293=CARTESIAN_POINT('',(2.875,-0.625000000000004,3.25));
#15294=CARTESIAN_POINT('',(3.475,-0.625000000000003,3.25));
#15295=CARTESIAN_POINT('',(3.475,-0.625000000000003,3.25));
#15296=CARTESIAN_POINT('',(2.875,-0.625000000000004,3.25));
#15297=CARTESIAN_POINT('',(3.475,-0.625000000000002,3.25));
#15298=CARTESIAN_POINT('',(3.475,-0.374999999999998,3.25));
#15299=CARTESIAN_POINT('',(3.475,-0.374999999999998,3.25));
#15300=CARTESIAN_POINT('',(3.475,-0.625000000000002,3.25));
#15301=CARTESIAN_POINT('',(3.475,-0.374999999999997,3.25));
#15302=CARTESIAN_POINT('',(3.475,-0.374999999999997,3.25));
#15303=CARTESIAN_POINT('',(2.875,-0.625000000000004,3.25));
#15304=CARTESIAN_POINT('',(4.57,-18.6337757848483,-1.35));
#15305=CARTESIAN_POINT('',(4.72,1.5,-1.5));
#15306=CARTESIAN_POINT('',(4.32,-18.6337757848483,-1.35));
#15307=CARTESIAN_POINT('',(4.17000000000001,1.5,-1.5));
#15308=CARTESIAN_POINT('',(3.45000000000001,1.5,-1.5));
#15309=CARTESIAN_POINT('',(3.05,-18.6337757848483,-1.35));
#15310=CARTESIAN_POINT('',(3.30000000000001,-18.6337757848483,-1.35));
#15311=CARTESIAN_POINT('',(2.9,1.5,-1.5));
#15312=CARTESIAN_POINT('',(0.760000000000004,-18.6337757848484,6.12580816417645E-14));
#15313=CARTESIAN_POINT('',(0.760000000000009,1.,-1.35));
#15314=CARTESIAN_POINT('',(0.760000000000009,1.,-1.35));
#15315=CARTESIAN_POINT('',(0.760000000000004,1.,6.12580816417645E-14));
#15316=CARTESIAN_POINT('',(0.760000000000004,1.5,-15.1337757848484));
#15317=CARTESIAN_POINT('',(0.509999999999999,-18.6337757848484,-1.5));
#15318=CARTESIAN_POINT('',(0.509999999999999,1.,-1.5));
#15319=CARTESIAN_POINT('',(0.509999999999999,1.,-1.35));
#15320=CARTESIAN_POINT('',(0.509999999999999,1.5,-1.35));
#15321=CARTESIAN_POINT('',(0.509999999999999,1.5,-15.1337757848484));
#15322=CARTESIAN_POINT('',(2.03,-18.6337757848484,0.));
#15323=CARTESIAN_POINT('',(2.03,1.,-1.35));
#15324=CARTESIAN_POINT('',(2.03,-0.500000000000028,0.));
#15325=CARTESIAN_POINT('',(2.03,-1.73472347597681E-15,-15.1337757848484));
#15326=CARTESIAN_POINT('',(2.03,0.999999999999997,-15.1337757848484));
#15327=CARTESIAN_POINT('',(2.03,1.5,-15.1337757848484));
#15328=CARTESIAN_POINT('',(1.78,-18.6337757848484,-1.5));
#15329=CARTESIAN_POINT('',(1.78,1.5,-1.35));
#15330=CARTESIAN_POINT('',(1.78,1.5,-15.1337757848484));
#15331=CARTESIAN_POINT('',(1.78,0.999999999999997,-15.1337757848484));
#15332=CARTESIAN_POINT('',(1.78,-1.79374037547994E-15,-15.1337757848484));
#15333=CARTESIAN_POINT('',(1.78,-0.500000000000028,-1.5));
#15334=CARTESIAN_POINT('',(0.509999999999999,-1.30104260698261E-15,-15.1337757848484));
#15335=CARTESIAN_POINT('',(0.760000000000004,1.5,-15.1337757848484));
#15336=CARTESIAN_POINT('',(1.78,-1.50000000000001,-15.1337757848484));
#15337=CARTESIAN_POINT('',(2.03,-1.76312420550125E-15,-15.1337757848484));
#15338=CARTESIAN_POINT('',(1.605,-1.00000000000003,-15.1337757848484));
#15339=CARTESIAN_POINT('',(2.18,-1.00000000000003,-1.5));
#15340=CARTESIAN_POINT('',(2.205,-1.00000000000003,-15.1337757848484));
#15341=CARTESIAN_POINT('',(2.205,-1.00000000000003,-15.1337757848484));
#15342=CARTESIAN_POINT('',(2.205,-0.500000000000029,-15.1337757848484));
#15343=CARTESIAN_POINT('',(2.205,-0.500000000000029,-15.1337757848484));
#15344=CARTESIAN_POINT('',(1.605,-0.500000000000029,-15.1337757848484));
#15345=CARTESIAN_POINT('',(1.605,-0.500000000000029,-15.1337757848484));
#15346=CARTESIAN_POINT('',(1.605,-1.00000000000003,-15.1337757848484));
#15347=CARTESIAN_POINT('',(1.605,-1.00000000000003,-15.1337757848484));
#15348=CARTESIAN_POINT('',(1.78,-1.00000000000003,-1.35));
#15349=CARTESIAN_POINT('',(2.205,-0.500000000000029,-15.1337757848484));
#15350=CARTESIAN_POINT('',(0.335000000000001,0.499999999999999,-15.1337757848484));
#15351=CARTESIAN_POINT('',(0.935000000000001,0.499999999999999,-15.1337757848484));
#15352=CARTESIAN_POINT('',(0.935000000000001,0.499999999999999,-15.1337757848484));
#15353=CARTESIAN_POINT('',(0.935000000000001,1.,-15.1337757848484));
#15354=CARTESIAN_POINT('',(0.935000000000001,1.,-15.1337757848484));
#15355=CARTESIAN_POINT('',(0.760000000000009,1.,-1.35));
#15356=CARTESIAN_POINT('',(0.335000000000001,1.,-15.1337757848484));
#15357=CARTESIAN_POINT('',(0.335000000000001,1.,-15.1337757848484));
#15358=CARTESIAN_POINT('',(0.335000000000001,0.499999999999999,-15.1337757848484));
#15359=CARTESIAN_POINT('',(0.335000000000001,0.499999999999999,-15.1337757848484));
#15360=CARTESIAN_POINT('',(0.935000000000001,1.,-15.1337757848484));
#15361=CARTESIAN_POINT('',(0.359999999999999,1.,-1.5));
#15362=CARTESIAN_POINT('',(1.78,0.999999999999997,-15.1337757848484));
#15363=CARTESIAN_POINT('',(2.03,1.5,-15.1337757848484));
#15364=CARTESIAN_POINT('',(0.509999999999999,-1.5,-15.1337757848484));
#15365=CARTESIAN_POINT('',(0.760000000000004,-0.999999999999999,-15.1337757848484));
#15366=CARTESIAN_POINT('',(1.605,0.625000000000005,3.25));
#15367=CARTESIAN_POINT('',(1.605,0.374999999999999,3.25));
#15368=CARTESIAN_POINT('',(1.605,0.374999999999999,3.25));
#15369=CARTESIAN_POINT('',(1.605,0.625000000000005,3.25));
#15370=CARTESIAN_POINT('',(1.605,0.625000000000005,3.25));
#15371=CARTESIAN_POINT('',(1.605,0.625000000000005,3.25));
#15372=CARTESIAN_POINT('',(1.605,0.374999999999999,3.25));
#15373=CARTESIAN_POINT('',(2.205,0.375,3.25));
#15374=CARTESIAN_POINT('',(2.205,0.375,3.25));
#15375=CARTESIAN_POINT('',(1.605,0.374999999999999,3.25));
#15376=CARTESIAN_POINT('',(2.205,0.375000000000001,3.25));
#15377=CARTESIAN_POINT('',(2.205,0.625000000000005,3.25));
#15378=CARTESIAN_POINT('',(2.205,0.625000000000005,3.25));
#15379=CARTESIAN_POINT('',(2.205,0.375000000000001,3.25));
#15380=CARTESIAN_POINT('',(2.205,0.625000000000005,3.25));
#15381=CARTESIAN_POINT('',(2.205,0.625000000000005,3.25));
#15382=CARTESIAN_POINT('',(1.605,0.374999999999999,3.25));
#15383=CARTESIAN_POINT('',(0.335000000000002,-0.374999999999996,3.25));
#15384=CARTESIAN_POINT('',(0.335000000000002,-0.625000000000004,3.25));
#15385=CARTESIAN_POINT('',(0.335000000000002,-0.625000000000004,3.25));
#15386=CARTESIAN_POINT('',(0.335000000000002,-0.374999999999996,3.25));
#15387=CARTESIAN_POINT('',(0.335000000000002,-0.374999999999996,3.25));
#15388=CARTESIAN_POINT('',(0.335000000000002,-0.374999999999996,3.25));
#15389=CARTESIAN_POINT('',(0.335000000000002,-0.625000000000004,3.25));
#15390=CARTESIAN_POINT('',(0.934999999999999,-0.625000000000003,3.25));
#15391=CARTESIAN_POINT('',(0.934999999999999,-0.625000000000003,3.25));
#15392=CARTESIAN_POINT('',(0.335000000000002,-0.625000000000004,3.25));
#15393=CARTESIAN_POINT('',(0.934999999999999,-0.625000000000002,3.25));
#15394=CARTESIAN_POINT('',(0.934999999999999,-0.374999999999998,3.25));
#15395=CARTESIAN_POINT('',(0.934999999999999,-0.374999999999998,3.25));
#15396=CARTESIAN_POINT('',(0.934999999999999,-0.625000000000002,3.25));
#15397=CARTESIAN_POINT('',(0.934999999999999,-0.374999999999997,3.25));
#15398=CARTESIAN_POINT('',(0.934999999999999,-0.374999999999997,3.25));
#15399=CARTESIAN_POINT('',(0.335000000000002,-0.625000000000004,3.25));
#15400=CARTESIAN_POINT('',(2.03,-18.6337757848484,-1.35));
#15401=CARTESIAN_POINT('',(2.18,1.5,-1.5));
#15402=CARTESIAN_POINT('',(1.78,-18.6337757848484,-1.35));
#15403=CARTESIAN_POINT('',(1.63,1.5,-1.5));
#15404=CARTESIAN_POINT('',(0.91000000000001,1.5,-1.5));
#15405=CARTESIAN_POINT('',(0.509999999999999,-18.6337757848484,-1.35));
#15406=CARTESIAN_POINT('',(0.760000000000009,-18.6337757848484,-1.35));
#15407=CARTESIAN_POINT('',(0.359999999999999,1.5,-1.5));
#15408=CARTESIAN_POINT('',(-1.78,-18.6337757848484,6.12580816417645E-14));
#15409=CARTESIAN_POINT('',(-1.77999999999999,1.,-1.35));
#15410=CARTESIAN_POINT('',(-1.77999999999999,1.,-1.35));
#15411=CARTESIAN_POINT('',(-1.78,1.,6.12580816417645E-14));
#15412=CARTESIAN_POINT('',(-1.78,1.5,-15.1337757848484));
#15413=CARTESIAN_POINT('',(-2.03,-18.6337757848484,-1.5));
#15414=CARTESIAN_POINT('',(-2.03,1.,-1.5));
#15415=CARTESIAN_POINT('',(-2.03,1.,-1.35));
#15416=CARTESIAN_POINT('',(-2.03,1.5,-1.35));
#15417=CARTESIAN_POINT('',(-2.03,1.5,-15.1337757848484));
#15418=CARTESIAN_POINT('',(-0.509999999999997,-18.6337757848484,0.));
#15419=CARTESIAN_POINT('',(-0.509999999999997,1.,-1.35));
#15420=CARTESIAN_POINT('',(-0.509999999999997,-0.500000000000028,0.));
#15421=CARTESIAN_POINT('',(-0.509999999999997,-1.73472347597681E-15,-15.1337757848484));
#15422=CARTESIAN_POINT('',(-0.509999999999997,0.999999999999997,-15.1337757848484));
#15423=CARTESIAN_POINT('',(-0.509999999999997,1.5,-15.1337757848484));
#15424=CARTESIAN_POINT('',(-0.759999999999995,-18.6337757848484,-1.5));
#15425=CARTESIAN_POINT('',(-0.759999999999995,1.5,-1.35));
#15426=CARTESIAN_POINT('',(-0.759999999999995,1.5,-15.1337757848484));
#15427=CARTESIAN_POINT('',(-0.759999999999995,0.999999999999997,-15.1337757848484));
#15428=CARTESIAN_POINT('',(-0.759999999999995,-1.79374037547994E-15,-15.1337757848484));
#15429=CARTESIAN_POINT('',(-0.759999999999995,-0.500000000000028,-1.5));
#15430=CARTESIAN_POINT('',(-2.03,-1.30104260698261E-15,-15.1337757848484));
#15431=CARTESIAN_POINT('',(-1.78,1.5,-15.1337757848484));
#15432=CARTESIAN_POINT('',(-0.759999999999995,-1.50000000000001,-15.1337757848484));
#15433=CARTESIAN_POINT('',(-0.509999999999997,-1.76312420550125E-15,-15.1337757848484));
#15434=CARTESIAN_POINT('',(-0.934999999999996,-1.00000000000003,-15.1337757848484));
#15435=CARTESIAN_POINT('',(-0.359999999999997,-1.00000000000003,-1.5));
#15436=CARTESIAN_POINT('',(-0.334999999999996,-1.00000000000003,-15.1337757848484));
#15437=CARTESIAN_POINT('',(-0.334999999999996,-1.00000000000003,-15.1337757848484));
#15438=CARTESIAN_POINT('',(-0.334999999999996,-0.500000000000029,-15.1337757848484));
#15439=CARTESIAN_POINT('',(-0.334999999999997,-0.500000000000029,-15.1337757848484));
#15440=CARTESIAN_POINT('',(-0.934999999999995,-0.500000000000029,-15.1337757848484));
#15441=CARTESIAN_POINT('',(-0.934999999999996,-0.500000000000029,-15.1337757848484));
#15442=CARTESIAN_POINT('',(-0.934999999999996,-1.00000000000003,-15.1337757848484));
#15443=CARTESIAN_POINT('',(-0.934999999999996,-1.00000000000003,-15.1337757848484));
#15444=CARTESIAN_POINT('',(-0.759999999999995,-1.00000000000003,-1.35));
#15445=CARTESIAN_POINT('',(-0.334999999999997,-0.500000000000029,-15.1337757848484));
#15446=CARTESIAN_POINT('',(-2.205,0.499999999999999,-15.1337757848484));
#15447=CARTESIAN_POINT('',(-1.605,0.499999999999999,-15.1337757848484));
#15448=CARTESIAN_POINT('',(-1.605,0.499999999999999,-15.1337757848484));
#15449=CARTESIAN_POINT('',(-1.605,1.,-15.1337757848484));
#15450=CARTESIAN_POINT('',(-1.605,1.,-15.1337757848484));
#15451=CARTESIAN_POINT('',(-1.77999999999999,1.,-1.35));
#15452=CARTESIAN_POINT('',(-2.205,1.,-15.1337757848484));
#15453=CARTESIAN_POINT('',(-2.205,1.,-15.1337757848484));
#15454=CARTESIAN_POINT('',(-2.205,0.499999999999999,-15.1337757848484));
#15455=CARTESIAN_POINT('',(-2.205,0.499999999999999,-15.1337757848484));
#15456=CARTESIAN_POINT('',(-1.605,1.,-15.1337757848484));
#15457=CARTESIAN_POINT('',(-2.18,1.,-1.5));
#15458=CARTESIAN_POINT('',(-0.759999999999995,0.999999999999997,-15.1337757848484));
#15459=CARTESIAN_POINT('',(-0.509999999999997,1.5,-15.1337757848484));
#15460=CARTESIAN_POINT('',(-2.03,-1.5,-15.1337757848484));
#15461=CARTESIAN_POINT('',(-1.78,-0.999999999999999,-15.1337757848484));
#15462=CARTESIAN_POINT('',(-0.934999999999999,0.625000000000005,3.25));
#15463=CARTESIAN_POINT('',(-0.934999999999999,0.374999999999999,3.25));
#15464=CARTESIAN_POINT('',(-0.934999999999999,0.374999999999999,3.25));
#15465=CARTESIAN_POINT('',(-0.934999999999999,0.625000000000005,3.25));
#15466=CARTESIAN_POINT('',(-0.934999999999999,0.625000000000005,3.25));
#15467=CARTESIAN_POINT('',(-0.934999999999999,0.625000000000005,3.25));
#15468=CARTESIAN_POINT('',(-0.934999999999999,0.374999999999999,3.25));
#15469=CARTESIAN_POINT('',(-0.334999999999999,0.375,3.25));
#15470=CARTESIAN_POINT('',(-0.334999999999999,0.375,3.25));
#15471=CARTESIAN_POINT('',(-0.934999999999999,0.374999999999999,3.25));
#15472=CARTESIAN_POINT('',(-0.334999999999999,0.375000000000001,3.25));
#15473=CARTESIAN_POINT('',(-0.334999999999999,0.625000000000005,3.25));
#15474=CARTESIAN_POINT('',(-0.334999999999999,0.625000000000005,3.25));
#15475=CARTESIAN_POINT('',(-0.334999999999999,0.375000000000001,3.25));
#15476=CARTESIAN_POINT('',(-0.334999999999999,0.625000000000005,3.25));
#15477=CARTESIAN_POINT('',(-0.334999999999999,0.625000000000005,3.25));
#15478=CARTESIAN_POINT('',(-0.934999999999999,0.374999999999999,3.25));
#15479=CARTESIAN_POINT('',(-2.205,-0.374999999999996,3.25));
#15480=CARTESIAN_POINT('',(-2.205,-0.625000000000004,3.25));
#15481=CARTESIAN_POINT('',(-2.205,-0.625000000000004,3.25));
#15482=CARTESIAN_POINT('',(-2.205,-0.374999999999996,3.25));
#15483=CARTESIAN_POINT('',(-2.205,-0.374999999999996,3.25));
#15484=CARTESIAN_POINT('',(-2.205,-0.374999999999996,3.25));
#15485=CARTESIAN_POINT('',(-2.205,-0.625000000000004,3.25));
#15486=CARTESIAN_POINT('',(-1.605,-0.625000000000003,3.25));
#15487=CARTESIAN_POINT('',(-1.605,-0.625000000000003,3.25));
#15488=CARTESIAN_POINT('',(-2.205,-0.625000000000004,3.25));
#15489=CARTESIAN_POINT('',(-1.605,-0.625000000000002,3.25));
#15490=CARTESIAN_POINT('',(-1.605,-0.374999999999998,3.25));
#15491=CARTESIAN_POINT('',(-1.605,-0.374999999999998,3.25));
#15492=CARTESIAN_POINT('',(-1.605,-0.625000000000002,3.25));
#15493=CARTESIAN_POINT('',(-1.605,-0.374999999999997,3.25));
#15494=CARTESIAN_POINT('',(-1.605,-0.374999999999997,3.25));
#15495=CARTESIAN_POINT('',(-2.205,-0.625000000000004,3.25));
#15496=CARTESIAN_POINT('',(-0.509999999999997,-18.6337757848484,-1.35));
#15497=CARTESIAN_POINT('',(-0.359999999999997,1.5,-1.5));
#15498=CARTESIAN_POINT('',(-0.759999999999995,-18.6337757848484,-1.35));
#15499=CARTESIAN_POINT('',(-0.909999999999995,1.5,-1.5));
#15500=CARTESIAN_POINT('',(-1.62999999999999,1.5,-1.5));
#15501=CARTESIAN_POINT('',(-2.03,-18.6337757848484,-1.35));
#15502=CARTESIAN_POINT('',(-1.77999999999999,-18.6337757848484,-1.35));
#15503=CARTESIAN_POINT('',(-2.18,1.5,-1.5));
#15504=CARTESIAN_POINT('',(-4.32,-18.6337757848484,6.12580816417645E-14));
#15505=CARTESIAN_POINT('',(-4.31999999999999,1.,-1.35));
#15506=CARTESIAN_POINT('',(-4.31999999999999,1.,-1.35));
#15507=CARTESIAN_POINT('',(-4.32,1.,6.12580816417645E-14));
#15508=CARTESIAN_POINT('',(-4.32,1.5,-15.1337757848484));
#15509=CARTESIAN_POINT('',(-4.57,-18.6337757848484,-1.5));
#15510=CARTESIAN_POINT('',(-4.57,1.,-1.5));
#15511=CARTESIAN_POINT('',(-4.57,1.,-1.35));
#15512=CARTESIAN_POINT('',(-4.57,1.5,-1.35));
#15513=CARTESIAN_POINT('',(-4.57,1.5,-15.1337757848484));
#15514=CARTESIAN_POINT('',(-3.05,-18.6337757848484,0.));
#15515=CARTESIAN_POINT('',(-3.05,1.,-1.35));
#15516=CARTESIAN_POINT('',(-3.05,-0.500000000000028,0.));
#15517=CARTESIAN_POINT('',(-3.05,-1.73472347597681E-15,-15.1337757848484));
#15518=CARTESIAN_POINT('',(-3.05,0.999999999999997,-15.1337757848484));
#15519=CARTESIAN_POINT('',(-3.05,1.5,-15.1337757848484));
#15520=CARTESIAN_POINT('',(-3.3,-18.6337757848484,-1.5));
#15521=CARTESIAN_POINT('',(-3.3,1.5,-1.35));
#15522=CARTESIAN_POINT('',(-3.3,1.5,-15.1337757848484));
#15523=CARTESIAN_POINT('',(-3.3,0.999999999999997,-15.1337757848484));
#15524=CARTESIAN_POINT('',(-3.3,-1.79374037547994E-15,-15.1337757848484));
#15525=CARTESIAN_POINT('',(-3.3,-0.500000000000028,-1.5));
#15526=CARTESIAN_POINT('',(-4.57,-1.30104260698261E-15,-15.1337757848484));
#15527=CARTESIAN_POINT('',(-4.32,1.5,-15.1337757848484));
#15528=CARTESIAN_POINT('',(-3.3,-1.50000000000001,-15.1337757848484));
#15529=CARTESIAN_POINT('',(-3.05,-1.76312420550125E-15,-15.1337757848484));
#15530=CARTESIAN_POINT('',(-3.475,-1.00000000000003,-15.1337757848484));
#15531=CARTESIAN_POINT('',(-2.9,-1.00000000000003,-1.5));
#15532=CARTESIAN_POINT('',(-2.875,-1.00000000000003,-15.1337757848484));
#15533=CARTESIAN_POINT('',(-2.875,-1.00000000000003,-15.1337757848484));
#15534=CARTESIAN_POINT('',(-2.875,-0.500000000000029,-15.1337757848484));
#15535=CARTESIAN_POINT('',(-2.875,-0.500000000000029,-15.1337757848484));
#15536=CARTESIAN_POINT('',(-3.475,-0.500000000000029,-15.1337757848484));
#15537=CARTESIAN_POINT('',(-3.475,-0.500000000000029,-15.1337757848484));
#15538=CARTESIAN_POINT('',(-3.475,-1.00000000000003,-15.1337757848484));
#15539=CARTESIAN_POINT('',(-3.475,-1.00000000000003,-15.1337757848484));
#15540=CARTESIAN_POINT('',(-3.3,-1.00000000000003,-1.35));
#15541=CARTESIAN_POINT('',(-2.875,-0.500000000000029,-15.1337757848484));
#15542=CARTESIAN_POINT('',(-4.745,0.499999999999999,-15.1337757848484));
#15543=CARTESIAN_POINT('',(-4.145,0.499999999999999,-15.1337757848484));
#15544=CARTESIAN_POINT('',(-4.145,0.499999999999999,-15.1337757848484));
#15545=CARTESIAN_POINT('',(-4.145,1.,-15.1337757848484));
#15546=CARTESIAN_POINT('',(-4.145,1.,-15.1337757848484));
#15547=CARTESIAN_POINT('',(-4.31999999999999,1.,-1.35));
#15548=CARTESIAN_POINT('',(-4.745,1.,-15.1337757848484));
#15549=CARTESIAN_POINT('',(-4.745,1.,-15.1337757848484));
#15550=CARTESIAN_POINT('',(-4.745,0.499999999999999,-15.1337757848484));
#15551=CARTESIAN_POINT('',(-4.745,0.499999999999999,-15.1337757848484));
#15552=CARTESIAN_POINT('',(-4.145,1.,-15.1337757848484));
#15553=CARTESIAN_POINT('',(-4.72,1.,-1.5));
#15554=CARTESIAN_POINT('',(-3.3,0.999999999999997,-15.1337757848484));
#15555=CARTESIAN_POINT('',(-3.05,1.5,-15.1337757848484));
#15556=CARTESIAN_POINT('',(-4.57,-1.5,-15.1337757848484));
#15557=CARTESIAN_POINT('',(-4.32,-0.999999999999999,-15.1337757848484));
#15558=CARTESIAN_POINT('',(-3.475,0.625000000000005,3.25));
#15559=CARTESIAN_POINT('',(-3.475,0.374999999999999,3.25));
#15560=CARTESIAN_POINT('',(-3.475,0.374999999999999,3.25));
#15561=CARTESIAN_POINT('',(-3.475,0.625000000000005,3.25));
#15562=CARTESIAN_POINT('',(-3.475,0.625000000000005,3.25));
#15563=CARTESIAN_POINT('',(-3.475,0.625000000000005,3.25));
#15564=CARTESIAN_POINT('',(-3.475,0.374999999999999,3.25));
#15565=CARTESIAN_POINT('',(-2.875,0.375,3.25));
#15566=CARTESIAN_POINT('',(-2.875,0.375,3.25));
#15567=CARTESIAN_POINT('',(-3.475,0.374999999999999,3.25));
#15568=CARTESIAN_POINT('',(-2.875,0.375000000000001,3.25));
#15569=CARTESIAN_POINT('',(-2.875,0.625000000000005,3.25));
#15570=CARTESIAN_POINT('',(-2.875,0.625000000000005,3.25));
#15571=CARTESIAN_POINT('',(-2.875,0.375000000000001,3.25));
#15572=CARTESIAN_POINT('',(-2.875,0.625000000000005,3.25));
#15573=CARTESIAN_POINT('',(-2.875,0.625000000000005,3.25));
#15574=CARTESIAN_POINT('',(-3.475,0.374999999999999,3.25));
#15575=CARTESIAN_POINT('',(-4.745,-0.374999999999996,3.25));
#15576=CARTESIAN_POINT('',(-4.745,-0.625000000000004,3.25));
#15577=CARTESIAN_POINT('',(-4.745,-0.625000000000004,3.25));
#15578=CARTESIAN_POINT('',(-4.745,-0.374999999999996,3.25));
#15579=CARTESIAN_POINT('',(-4.745,-0.374999999999996,3.25));
#15580=CARTESIAN_POINT('',(-4.745,-0.374999999999996,3.25));
#15581=CARTESIAN_POINT('',(-4.745,-0.625000000000004,3.25));
#15582=CARTESIAN_POINT('',(-4.145,-0.625000000000003,3.25));
#15583=CARTESIAN_POINT('',(-4.145,-0.625000000000003,3.25));
#15584=CARTESIAN_POINT('',(-4.745,-0.625000000000004,3.25));
#15585=CARTESIAN_POINT('',(-4.145,-0.625000000000002,3.25));
#15586=CARTESIAN_POINT('',(-4.145,-0.374999999999998,3.25));
#15587=CARTESIAN_POINT('',(-4.145,-0.374999999999998,3.25));
#15588=CARTESIAN_POINT('',(-4.145,-0.625000000000002,3.25));
#15589=CARTESIAN_POINT('',(-4.145,-0.374999999999997,3.25));
#15590=CARTESIAN_POINT('',(-4.145,-0.374999999999997,3.25));
#15591=CARTESIAN_POINT('',(-4.745,-0.625000000000004,3.25));
#15592=CARTESIAN_POINT('',(-3.05,-18.6337757848484,-1.35));
#15593=CARTESIAN_POINT('',(-2.9,1.5,-1.5));
#15594=CARTESIAN_POINT('',(-3.3,-18.6337757848484,-1.35));
#15595=CARTESIAN_POINT('',(-3.45,1.5,-1.5));
#15596=CARTESIAN_POINT('',(-4.16999999999999,1.5,-1.5));
#15597=CARTESIAN_POINT('',(-4.57,-18.6337757848484,-1.35));
#15598=CARTESIAN_POINT('',(-4.31999999999999,-18.6337757848484,-1.35));
#15599=CARTESIAN_POINT('',(-4.72,1.5,-1.5));
#15600=CARTESIAN_POINT('',(-6.86,-18.6337757848484,6.12580816417645E-14));
#15601=CARTESIAN_POINT('',(-6.85999999999999,1.,-1.35));
#15602=CARTESIAN_POINT('',(-6.85999999999999,1.,-1.35));
#15603=CARTESIAN_POINT('',(-6.86,1.,6.12580816417645E-14));
#15604=CARTESIAN_POINT('',(-6.86,1.5,-15.1337757848484));
#15605=CARTESIAN_POINT('',(-7.11,-18.6337757848484,-1.5));
#15606=CARTESIAN_POINT('',(-7.11,1.,-1.5));
#15607=CARTESIAN_POINT('',(-7.11,1.,-1.35));
#15608=CARTESIAN_POINT('',(-7.11,1.5,-1.35));
#15609=CARTESIAN_POINT('',(-7.11,1.5,-15.1337757848484));
#15610=CARTESIAN_POINT('',(-5.59,-18.6337757848484,0.));
#15611=CARTESIAN_POINT('',(-5.59,1.,-1.35));
#15612=CARTESIAN_POINT('',(-5.59,-0.500000000000028,0.));
#15613=CARTESIAN_POINT('',(-5.59,-1.73472347597681E-15,-15.1337757848484));
#15614=CARTESIAN_POINT('',(-5.59,0.999999999999997,-15.1337757848484));
#15615=CARTESIAN_POINT('',(-5.59,1.5,-15.1337757848484));
#15616=CARTESIAN_POINT('',(-5.84,-18.6337757848484,-1.5));
#15617=CARTESIAN_POINT('',(-5.84,1.5,-1.35));
#15618=CARTESIAN_POINT('',(-5.84,1.5,-15.1337757848484));
#15619=CARTESIAN_POINT('',(-5.84,0.999999999999997,-15.1337757848484));
#15620=CARTESIAN_POINT('',(-5.84,-1.79374037547994E-15,-15.1337757848484));
#15621=CARTESIAN_POINT('',(-5.84,-0.500000000000028,-1.5));
#15622=CARTESIAN_POINT('',(-7.11,-1.30104260698261E-15,-15.1337757848484));
#15623=CARTESIAN_POINT('',(-6.86,1.5,-15.1337757848484));
#15624=CARTESIAN_POINT('',(-5.84,-1.50000000000001,-15.1337757848484));
#15625=CARTESIAN_POINT('',(-5.59,-1.76312420550125E-15,-15.1337757848484));
#15626=CARTESIAN_POINT('',(-6.015,-1.00000000000003,-15.1337757848484));
#15627=CARTESIAN_POINT('',(-5.44,-1.00000000000003,-1.5));
#15628=CARTESIAN_POINT('',(-5.415,-1.00000000000003,-15.1337757848484));
#15629=CARTESIAN_POINT('',(-5.415,-1.00000000000003,-15.1337757848484));
#15630=CARTESIAN_POINT('',(-5.415,-0.500000000000029,-15.1337757848484));
#15631=CARTESIAN_POINT('',(-5.415,-0.500000000000029,-15.1337757848484));
#15632=CARTESIAN_POINT('',(-6.015,-0.500000000000029,-15.1337757848484));
#15633=CARTESIAN_POINT('',(-6.015,-0.500000000000029,-15.1337757848484));
#15634=CARTESIAN_POINT('',(-6.015,-1.00000000000003,-15.1337757848484));
#15635=CARTESIAN_POINT('',(-6.015,-1.00000000000003,-15.1337757848484));
#15636=CARTESIAN_POINT('',(-5.84,-1.00000000000003,-1.35));
#15637=CARTESIAN_POINT('',(-5.415,-0.500000000000029,-15.1337757848484));
#15638=CARTESIAN_POINT('',(-7.285,0.499999999999999,-15.1337757848484));
#15639=CARTESIAN_POINT('',(-6.685,0.499999999999999,-15.1337757848484));
#15640=CARTESIAN_POINT('',(-6.685,0.499999999999999,-15.1337757848484));
#15641=CARTESIAN_POINT('',(-6.685,1.,-15.1337757848484));
#15642=CARTESIAN_POINT('',(-6.685,1.,-15.1337757848484));
#15643=CARTESIAN_POINT('',(-6.85999999999999,1.,-1.35));
#15644=CARTESIAN_POINT('',(-7.285,1.,-15.1337757848484));
#15645=CARTESIAN_POINT('',(-7.285,1.,-15.1337757848484));
#15646=CARTESIAN_POINT('',(-7.285,0.499999999999999,-15.1337757848484));
#15647=CARTESIAN_POINT('',(-7.285,0.499999999999999,-15.1337757848484));
#15648=CARTESIAN_POINT('',(-6.685,1.,-15.1337757848484));
#15649=CARTESIAN_POINT('',(-7.26,1.,-1.5));
#15650=CARTESIAN_POINT('',(-5.84,0.999999999999997,-15.1337757848484));
#15651=CARTESIAN_POINT('',(-5.59,1.5,-15.1337757848484));
#15652=CARTESIAN_POINT('',(-7.11,-1.5,-15.1337757848484));
#15653=CARTESIAN_POINT('',(-6.86,-0.999999999999999,-15.1337757848484));
#15654=CARTESIAN_POINT('',(-6.015,0.625000000000005,3.25));
#15655=CARTESIAN_POINT('',(-6.015,0.374999999999999,3.25));
#15656=CARTESIAN_POINT('',(-6.015,0.374999999999999,3.25));
#15657=CARTESIAN_POINT('',(-6.015,0.625000000000005,3.25));
#15658=CARTESIAN_POINT('',(-6.015,0.625000000000005,3.25));
#15659=CARTESIAN_POINT('',(-6.015,0.625000000000005,3.25));
#15660=CARTESIAN_POINT('',(-6.015,0.374999999999999,3.25));
#15661=CARTESIAN_POINT('',(-5.415,0.375,3.25));
#15662=CARTESIAN_POINT('',(-5.415,0.375,3.25));
#15663=CARTESIAN_POINT('',(-6.015,0.374999999999999,3.25));
#15664=CARTESIAN_POINT('',(-5.415,0.375000000000001,3.25));
#15665=CARTESIAN_POINT('',(-5.415,0.625000000000005,3.25));
#15666=CARTESIAN_POINT('',(-5.415,0.625000000000005,3.25));
#15667=CARTESIAN_POINT('',(-5.415,0.375000000000001,3.25));
#15668=CARTESIAN_POINT('',(-5.415,0.625000000000005,3.25));
#15669=CARTESIAN_POINT('',(-5.415,0.625000000000005,3.25));
#15670=CARTESIAN_POINT('',(-6.015,0.374999999999999,3.25));
#15671=CARTESIAN_POINT('',(-7.285,-0.374999999999996,3.25));
#15672=CARTESIAN_POINT('',(-7.285,-0.625000000000004,3.25));
#15673=CARTESIAN_POINT('',(-7.285,-0.625000000000004,3.25));
#15674=CARTESIAN_POINT('',(-7.285,-0.374999999999996,3.25));
#15675=CARTESIAN_POINT('',(-7.285,-0.374999999999996,3.25));
#15676=CARTESIAN_POINT('',(-7.285,-0.374999999999996,3.25));
#15677=CARTESIAN_POINT('',(-7.285,-0.625000000000004,3.25));
#15678=CARTESIAN_POINT('',(-6.685,-0.625000000000003,3.25));
#15679=CARTESIAN_POINT('',(-6.685,-0.625000000000003,3.25));
#15680=CARTESIAN_POINT('',(-7.285,-0.625000000000004,3.25));
#15681=CARTESIAN_POINT('',(-6.685,-0.625000000000002,3.25));
#15682=CARTESIAN_POINT('',(-6.685,-0.374999999999998,3.25));
#15683=CARTESIAN_POINT('',(-6.685,-0.374999999999998,3.25));
#15684=CARTESIAN_POINT('',(-6.685,-0.625000000000002,3.25));
#15685=CARTESIAN_POINT('',(-6.685,-0.374999999999997,3.25));
#15686=CARTESIAN_POINT('',(-6.685,-0.374999999999997,3.25));
#15687=CARTESIAN_POINT('',(-7.285,-0.625000000000004,3.25));
#15688=CARTESIAN_POINT('',(-5.59,-18.6337757848484,-1.35));
#15689=CARTESIAN_POINT('',(-5.44,1.5,-1.5));
#15690=CARTESIAN_POINT('',(-5.84,-18.6337757848484,-1.35));
#15691=CARTESIAN_POINT('',(-5.99,1.5,-1.5));
#15692=CARTESIAN_POINT('',(-6.70999999999999,1.5,-1.5));
#15693=CARTESIAN_POINT('',(-7.11,-18.6337757848484,-1.35));
#15694=CARTESIAN_POINT('',(-6.85999999999999,-18.6337757848484,-1.35));
#15695=CARTESIAN_POINT('',(-7.26,1.5,-1.5));
#15696=CARTESIAN_POINT('',(0.,0.,0.));
#15697=CARTESIAN_POINT('',(0.125,1.5,2.5));
#15698=CARTESIAN_POINT('',(0.125,1.5,2.5));
#15699=CARTESIAN_POINT('',(0.125,1.5,2.5));
#15700=CARTESIAN_POINT('',(0.125,1.34734618076891,2.5));
#15701=CARTESIAN_POINT('',(0.125,1.34734618076891,2.375));
#15702=CARTESIAN_POINT('',(0.125,1.22615442158006,2.4056195608184));
#15703=CARTESIAN_POINT('',(0.125,1.26500092007538,2.55937341505875));
#15704=CARTESIAN_POINT('',(0.125000000000002,0.792383518377702,0.688760878363205));
#15705=CARTESIAN_POINT('',(0.125,0.55,0.75));
#15706=CARTESIAN_POINT('',(0.125000000000002,0.55,0.5));
#15707=CARTESIAN_POINT('',(0.125,0.55,2.5));
#15708=CARTESIAN_POINT('',(0.125000000000002,0.550000000000001,-0.25));
#15709=CARTESIAN_POINT('',(0.125,-0.317130004221369,1.68619252647264));
#15710=CARTESIAN_POINT('',(0.125000000000002,0.728163314036667,-0.647816331403666));
#15711=CARTESIAN_POINT('',(0.125,0.5,-0.75));
#15712=CARTESIAN_POINT('',(0.125000000000002,0.5,-1.));
#15713=CARTESIAN_POINT('',(0.125,1.5,-1.));
#15714=CARTESIAN_POINT('',(0.125000000000002,-1.125,-1.));
#15715=CARTESIAN_POINT('',(0.125,-1.125,-0.875));
#15716=CARTESIAN_POINT('',(0.125000000000002,-1.125,-0.749999999999999));
#15717=CARTESIAN_POINT('',(0.125,1.5,-0.749999999999999));
#15718=CARTESIAN_POINT('',(0.125000000000002,-0.249860451472307,-0.749999999999999));
#15719=CARTESIAN_POINT('',(0.125,-0.249860451472307,-0.499999999999999));
#15720=CARTESIAN_POINT('',(0.125000000000002,-7.45119217151747E-16,-0.491648066687571));
#15721=CARTESIAN_POINT('',(0.125,-0.0982142773745854,2.44657746360038));
#15722=CARTESIAN_POINT('',(0.125000000000004,-0.1,2.5));
#15723=CARTESIAN_POINT('',(0.125,0.646577463600385,3.29821427737459));
#15724=CARTESIAN_POINT('',(0.125,-0.415677421801091,2.16248884086152));
#15725=CARTESIAN_POINT('',(0.125,-0.233093693533455,1.99171652995636));
#15726=CARTESIAN_POINT('',(0.125,-0.482954145005761,1.98336459664393));
#15727=CARTESIAN_POINT('',(0.125,-0.497990999730276,2.4332143703005));
#15728=CARTESIAN_POINT('',(0.125000000000002,-0.413593959012059,-0.0916480666875708));
#15729=CARTESIAN_POINT('',(0.125,-0.663454410484365,-0.0999999999999994));
#15730=CARTESIAN_POINT('',(0.125000000000002,-0.663454410484365,-0.35));
#15731=CARTESIAN_POINT('',(0.125,1.5,-0.35));
#15732=CARTESIAN_POINT('',(0.125000000000002,-0.836545589515635,-0.349999999999999));
#15733=CARTESIAN_POINT('',(0.125,-0.836545589515635,-0.0999999999999994));
#15734=CARTESIAN_POINT('',(0.125000000000002,-1.08640604098794,-0.091648066687571));
#15735=CARTESIAN_POINT('',(0.125,-0.996986655385747,2.58346525392442));
#15736=CARTESIAN_POINT('',(0.125,-1.01704585499424,1.98336459664393));
#15737=CARTESIAN_POINT('',(0.125,-1.26690630646655,1.99171652995636));
#15738=CARTESIAN_POINT('',(0.125,-1.08432257819891,2.16248884086152));
#15739=CARTESIAN_POINT('',(0.125,-0.0468283472243095,1.05323662225856));
#15740=CARTESIAN_POINT('',(0.125000000000004,-1.4,2.5));
#15741=CARTESIAN_POINT('',(0.125,-1.39676337774144,2.5968283472243));
#15742=CARTESIAN_POINT('',(0.125,-1.49986045147231,-0.487473265856734));
#15743=CARTESIAN_POINT('',(0.125,-1.25,-0.495825199169161));
#15744=CARTESIAN_POINT('',(0.125,-1.5,-0.495825199169161));
#15745=CARTESIAN_POINT('',(0.125,-1.5,2.5));
#15746=CARTESIAN_POINT('',(0.125,-1.5,-1.25));
#15747=CARTESIAN_POINT('',(0.125,-1.25,-1.25));
#15748=CARTESIAN_POINT('',(0.125,-1.25,-1.5));
#15749=CARTESIAN_POINT('',(0.125,-1.5,-1.5));
#15750=CARTESIAN_POINT('',(0.125,0.325,-1.5));
#15751=CARTESIAN_POINT('',(0.125,0.325,-1.625));
#15752=CARTESIAN_POINT('',(0.125,0.325,-1.75));
#15753=CARTESIAN_POINT('',(0.125,0.45,-1.75));
#15754=CARTESIAN_POINT('',(0.125,-1.80786796564403,-1.75));
#15755=CARTESIAN_POINT('',(0.125,-1.80786796564403,-1.6));
#15756=CARTESIAN_POINT('',(0.125,-1.91393398282202,-1.70606601717798));
#15757=CARTESIAN_POINT('',(0.125,-1.87,-1.75));
#15758=CARTESIAN_POINT('',(0.125,-2.50606601717798,-1.11393398282202));
#15759=CARTESIAN_POINT('',(0.125,-2.61213203435596,-1.22));
#15760=CARTESIAN_POINT('',(0.125,-2.61213203435596,-1.07));
#15761=CARTESIAN_POINT('',(0.125,-2.55,-1.07));
#15762=CARTESIAN_POINT('',(0.125,-4.05,-1.07));
#15763=CARTESIAN_POINT('',(0.125,-4.05,-1.63));
#15764=CARTESIAN_POINT('',(0.125,-4.05,-1.63));
#15765=CARTESIAN_POINT('',(0.125,-3.3,-1.63));
#15766=CARTESIAN_POINT('',(0.125,-3.3,-1.63));
#15767=CARTESIAN_POINT('',(0.125,-3.3,-1.07));
#15768=CARTESIAN_POINT('',(0.125,-3.3,-2.35));
#15769=CARTESIAN_POINT('',(0.125,-3.15,-2.35));
#15770=CARTESIAN_POINT('',(0.125,-3.15,-2.5));
#15771=CARTESIAN_POINT('',(0.125,-3.3,-2.5));
#15772=CARTESIAN_POINT('',(0.125,1.25,-2.5));
#15773=CARTESIAN_POINT('',(0.125,1.25,-2.25));
#15774=CARTESIAN_POINT('',(0.125,1.5,-2.25));
#15775=CARTESIAN_POINT('',(0.125,1.5,-2.5));
#15776=CARTESIAN_POINT('',(0.125,1.5,-1.125));
#15777=CARTESIAN_POINT('',(0.125,1.375,-1.125));
#15778=CARTESIAN_POINT('',(0.125000000000002,1.375,-1.));
#15779=CARTESIAN_POINT('',(0.125,1.375,-0.875));
#15780=CARTESIAN_POINT('',(0.125000000000002,1.375,-0.75));
#15781=CARTESIAN_POINT('',(0.125,1.375,-0.625000000000002));
#15782=CARTESIAN_POINT('',(0.125000000000002,1.5,-0.625000000000002));
#15783=CARTESIAN_POINT('',(0.125,1.5,-2.5));
#15784=CARTESIAN_POINT('',(0.125,1.5,2.5));
#15785=CARTESIAN_POINT('',(-0.125,1.5,2.5));
#15786=CARTESIAN_POINT('',(-0.125,1.5,2.5));
#15787=CARTESIAN_POINT('',(-0.125,1.34734618076891,2.5));
#15788=CARTESIAN_POINT('',(0.125,1.34734618076891,2.5));
#15789=CARTESIAN_POINT('',(0.125,1.5,2.5));
#15790=CARTESIAN_POINT('',(-0.125,1.5,2.5));
#15791=CARTESIAN_POINT('',(-0.125,1.26500092007538,2.55937341505875));
#15792=CARTESIAN_POINT('',(-0.125000000000002,0.792383518377702,0.688760878363205));
#15793=CARTESIAN_POINT('',(-0.125,1.22615442158006,2.4056195608184));
#15794=CARTESIAN_POINT('',(-0.125,1.34734618076891,2.375));
#15795=CARTESIAN_POINT('',(-0.125,1.5,-2.5));
#15796=CARTESIAN_POINT('',(-0.125000000000002,1.5,-0.625000000000002));
#15797=CARTESIAN_POINT('',(-0.125,1.375,-0.625000000000002));
#15798=CARTESIAN_POINT('',(-0.125000000000002,1.375,-0.75));
#15799=CARTESIAN_POINT('',(-0.125,1.375,-0.875));
#15800=CARTESIAN_POINT('',(-0.125000000000002,1.375,-1.));
#15801=CARTESIAN_POINT('',(-0.125,1.375,-1.125));
#15802=CARTESIAN_POINT('',(-0.125000000000002,1.5,-1.125));
#15803=CARTESIAN_POINT('',(-0.125,1.5,-2.5));
#15804=CARTESIAN_POINT('',(-0.125,1.5,-2.25));
#15805=CARTESIAN_POINT('',(-0.125,1.25,-2.25));
#15806=CARTESIAN_POINT('',(-0.125,1.25,-2.5));
#15807=CARTESIAN_POINT('',(-0.125,-3.3,-2.5));
#15808=CARTESIAN_POINT('',(-0.125,-3.15,-2.5));
#15809=CARTESIAN_POINT('',(-0.125,-3.15,-2.35));
#15810=CARTESIAN_POINT('',(-0.125,-3.3,-2.35));
#15811=CARTESIAN_POINT('',(-0.125,-3.3,-1.07));
#15812=CARTESIAN_POINT('',(-0.125,-3.3,-1.63));
#15813=CARTESIAN_POINT('',(-0.125,-3.3,-1.63));
#15814=CARTESIAN_POINT('',(-0.125,-4.05,-1.63));
#15815=CARTESIAN_POINT('',(-0.125,-4.05,-1.07));
#15816=CARTESIAN_POINT('',(-0.125,-4.05,-1.07));
#15817=CARTESIAN_POINT('',(-0.125,-2.55,-1.07));
#15818=CARTESIAN_POINT('',(-0.125,-2.61213203435596,-1.07));
#15819=CARTESIAN_POINT('',(-0.125,-2.61213203435596,-1.22));
#15820=CARTESIAN_POINT('',(-0.125,-2.50606601717798,-1.11393398282202));
#15821=CARTESIAN_POINT('',(-0.125,-1.87,-1.75));
#15822=CARTESIAN_POINT('',(-0.125,-1.91393398282202,-1.70606601717798));
#15823=CARTESIAN_POINT('',(-0.125,-1.80786796564403,-1.6));
#15824=CARTESIAN_POINT('',(-0.125,-1.80786796564403,-1.75));
#15825=CARTESIAN_POINT('',(-0.125,0.45,-1.75));
#15826=CARTESIAN_POINT('',(-0.125,0.325,-1.75));
#15827=CARTESIAN_POINT('',(-0.125,0.325,-1.625));
#15828=CARTESIAN_POINT('',(-0.125,0.325,-1.5));
#15829=CARTESIAN_POINT('',(-0.125,-1.5,-1.5));
#15830=CARTESIAN_POINT('',(-0.125,-1.25,-1.5));
#15831=CARTESIAN_POINT('',(-0.125,-1.25,-1.25));
#15832=CARTESIAN_POINT('',(-0.125,-1.5,-1.25));
#15833=CARTESIAN_POINT('',(-0.125,-1.5,2.5));
#15834=CARTESIAN_POINT('',(-0.125,-1.5,-0.495825199169161));
#15835=CARTESIAN_POINT('',(-0.125,-1.25,-0.495825199169161));
#15836=CARTESIAN_POINT('',(-0.125,-1.49986045147231,-0.487473265856734));
#15837=CARTESIAN_POINT('',(-0.125,-1.39676337774144,2.5968283472243));
#15838=CARTESIAN_POINT('',(-0.125000000000004,-1.4,2.5));
#15839=CARTESIAN_POINT('',(-0.125,-0.0468283472243095,1.05323662225856));
#15840=CARTESIAN_POINT('',(-0.125,-1.08432257819891,2.16248884086152));
#15841=CARTESIAN_POINT('',(-0.125,-1.26690630646655,1.99171652995636));
#15842=CARTESIAN_POINT('',(-0.125,-1.01704585499424,1.98336459664393));
#15843=CARTESIAN_POINT('',(-0.125,-0.996986655385747,2.58346525392442));
#15844=CARTESIAN_POINT('',(-0.125000000000002,-1.08640604098794,-0.091648066687571));
#15845=CARTESIAN_POINT('',(-0.125,-0.836545589515635,-0.0999999999999994));
#15846=CARTESIAN_POINT('',(-0.125000000000002,-0.836545589515635,-0.349999999999999));
#15847=CARTESIAN_POINT('',(-0.125,1.5,-0.35));
#15848=CARTESIAN_POINT('',(-0.125000000000002,-0.663454410484365,-0.35));
#15849=CARTESIAN_POINT('',(-0.125,-0.663454410484365,-0.0999999999999994));
#15850=CARTESIAN_POINT('',(-0.125000000000002,-0.413593959012059,-0.0916480666875708));
#15851=CARTESIAN_POINT('',(-0.125,-0.497990999730276,2.4332143703005));
#15852=CARTESIAN_POINT('',(-0.125,-0.482954145005761,1.98336459664393));
#15853=CARTESIAN_POINT('',(-0.125,-0.233093693533455,1.99171652995636));
#15854=CARTESIAN_POINT('',(-0.125,-0.415677421801091,2.16248884086152));
#15855=CARTESIAN_POINT('',(-0.125,0.646577463600385,3.29821427737459));
#15856=CARTESIAN_POINT('',(-0.125000000000004,-0.1,2.5));
#15857=CARTESIAN_POINT('',(-0.125,-0.0982142773745854,2.44657746360038));
#15858=CARTESIAN_POINT('',(-0.125000000000002,-7.45119217151747E-16,-0.491648066687571));
#15859=CARTESIAN_POINT('',(-0.125,-0.249860451472307,-0.499999999999999));
#15860=CARTESIAN_POINT('',(-0.125000000000002,-0.249860451472307,-0.749999999999999));
#15861=CARTESIAN_POINT('',(-0.125,1.5,-0.749999999999999));
#15862=CARTESIAN_POINT('',(-0.125000000000002,-1.125,-0.749999999999999));
#15863=CARTESIAN_POINT('',(-0.125,-1.125,-0.875));
#15864=CARTESIAN_POINT('',(-0.125000000000002,-1.125,-1.));
#15865=CARTESIAN_POINT('',(-0.125,1.5,-1.));
#15866=CARTESIAN_POINT('',(-0.125000000000002,0.5,-1.));
#15867=CARTESIAN_POINT('',(-0.125,0.5,-0.75));
#15868=CARTESIAN_POINT('',(-0.125000000000002,0.728163314036667,-0.647816331403666));
#15869=CARTESIAN_POINT('',(-0.125,-0.317130004221369,1.68619252647264));
#15870=CARTESIAN_POINT('',(-0.125000000000002,0.550000000000001,-0.25));
#15871=CARTESIAN_POINT('',(-0.125,0.55,2.5));
#15872=CARTESIAN_POINT('',(-0.125000000000002,0.55,0.5));
#15873=CARTESIAN_POINT('',(-0.125,0.55,0.75));
#15874=CARTESIAN_POINT('',(0.125,-1.5,2.5));
#15875=CARTESIAN_POINT('',(0.125,-1.5,-0.495825199169161));
#15876=CARTESIAN_POINT('',(0.125,-1.5,-1.25));
#15877=CARTESIAN_POINT('',(0.125,1.5,-2.5));
#15878=CARTESIAN_POINT('',(6.93559658573075,1.5,-0.625000000000002));
#15879=CARTESIAN_POINT('',(0.125,1.5,-2.5));
#15880=CARTESIAN_POINT('',(6.93559658573075,1.5,-1.125));
#15881=CARTESIAN_POINT('',(0.125,1.5,-2.25));
#15882=CARTESIAN_POINT('',(0.125,-1.5,-1.5));
#15883=CARTESIAN_POINT('',(0.125,0.325,-1.5));
#15884=CARTESIAN_POINT('',(0.125,-1.25,-1.5));
#15885=CARTESIAN_POINT('',(0.125,0.45,-1.75));
#15886=CARTESIAN_POINT('',(0.125,-1.80786796564403,-1.75));
#15887=CARTESIAN_POINT('',(-0.125,0.325,-1.75));
#15888=CARTESIAN_POINT('',(0.125,-1.87,-1.75));
#15889=CARTESIAN_POINT('',(0.125,-2.50606601717798,-1.11393398282202));
#15890=CARTESIAN_POINT('',(-0.125,-1.91393398282202,-1.70606601717798));
#15891=CARTESIAN_POINT('',(0.125,-2.55,-1.07));
#15892=CARTESIAN_POINT('',(-0.125000000000042,-5.65,-1.07));
#15893=CARTESIAN_POINT('',(-0.12500000000001,-5.65,-1.07));
#15894=CARTESIAN_POINT('',(-0.125000000000039,-6.,-1.07));
#15895=CARTESIAN_POINT('',(0.124999999999964,-6.,-1.07));
#15896=CARTESIAN_POINT('',(0.124999999999961,-6.,-1.07));
#15897=CARTESIAN_POINT('',(0.124999999999958,-5.65,-1.07));
#15898=CARTESIAN_POINT('',(0.124999999999991,-5.65,-1.07));
#15899=CARTESIAN_POINT('',(0.608333333333307,-5.65,-1.07));
#15900=CARTESIAN_POINT('',(0.244178082191775,-5.33219178082192,-1.07));
#15901=CARTESIAN_POINT('',(-0.308333333333309,-4.85,-1.07));
#15902=CARTESIAN_POINT('',(0.244178082191776,-4.36780821917808,-1.07));
#15903=CARTESIAN_POINT('',(0.608333333333307,-4.05,-1.07));
#15904=CARTESIAN_POINT('',(0.125,-2.61213203435596,-1.07));
#15905=CARTESIAN_POINT('',(0.608333333333307,-4.05,-1.07));
#15906=CARTESIAN_POINT('',(0.0558219178082195,-4.53219178082192,-1.07));
#15907=CARTESIAN_POINT('',(-0.308333333333309,-4.85,-1.07));
#15908=CARTESIAN_POINT('',(0.0558219178082185,-5.16780821917808,-1.07));
#15909=CARTESIAN_POINT('',(0.608333333333307,-5.65,-1.07));
#15910=CARTESIAN_POINT('',(0.125,-3.3,-1.07));
#15911=CARTESIAN_POINT('',(0.125,-3.3,-2.35));
#15912=CARTESIAN_POINT('',(-0.125,-3.3,-1.63));
#15913=CARTESIAN_POINT('',(0.125,-3.3,-2.5));
#15914=CARTESIAN_POINT('',(0.125,-3.15,-2.5));
#15915=CARTESIAN_POINT('',(0.125,1.25,-2.5));
#15916=CARTESIAN_POINT('',(0.125,0.325,-1.625));
#15917=CARTESIAN_POINT('',(0.125,-1.25,-1.25));
#15918=CARTESIAN_POINT('',(0.125,1.25,-2.25));
#15919=CARTESIAN_POINT('',(6.93559658573075,1.375,-1.125));
#15920=CARTESIAN_POINT('',(6.93559658573075,1.375,-1.));
#15921=CARTESIAN_POINT('',(6.93559658573075,1.375,-0.875));
#15922=CARTESIAN_POINT('',(6.93559658573075,1.375,-0.75));
#15923=CARTESIAN_POINT('',(6.93559658573075,1.375,-0.625000000000002));
#15924=CARTESIAN_POINT('',(6.93559658573075,-1.4,2.5));
#15925=CARTESIAN_POINT('',(6.93559658573075,-1.49986045147231,-0.487473265856733));
#15926=CARTESIAN_POINT('',(6.93559658573075,-1.4,2.5));
#15927=CARTESIAN_POINT('',(6.93559658573075,-1.125,-0.875));
#15928=CARTESIAN_POINT('',(6.93559658573075,-1.125,-1.));
#15929=CARTESIAN_POINT('',(6.93559658573075,-1.125,-0.749999999999999));
#15930=CARTESIAN_POINT('',(6.93559658573075,-1.125,-1.));
#15931=CARTESIAN_POINT('',(6.93559658573075,0.5,-1.));
#15932=CARTESIAN_POINT('',(6.93559658573075,0.5,-0.75));
#15933=CARTESIAN_POINT('',(6.93559658573075,0.728163314036667,-0.647816331403666));
#15934=CARTESIAN_POINT('',(6.93559658573075,0.550000000000001,-0.25));
#15935=CARTESIAN_POINT('',(6.93559658573075,0.550000000000001,-0.25));
#15936=CARTESIAN_POINT('',(6.93559658573075,0.55,0.5));
#15937=CARTESIAN_POINT('',(6.93559658573075,0.55,0.5));
#15938=CARTESIAN_POINT('',(6.93559658573075,0.55,0.75));
#15939=CARTESIAN_POINT('',(6.93559658573075,0.792383518377702,0.688760878363205));
#15940=CARTESIAN_POINT('',(6.93559658573075,1.25,2.5));
#15941=CARTESIAN_POINT('',(-0.125000000000002,1.22615442158006,2.4056195608184));
#15942=CARTESIAN_POINT('',(6.93559658573075,-7.45119217151747E-16,-0.491648066687571));
#15943=CARTESIAN_POINT('',(6.93559658573075,-7.45119217151747E-16,-0.491648066687571));
#15944=CARTESIAN_POINT('',(6.93559658573075,-0.0999999999999999,2.5));
#15945=CARTESIAN_POINT('',(6.93559658573075,-0.249860451472307,-0.499999999999999));
#15946=CARTESIAN_POINT('',(6.93559658573075,-0.249860451472307,-0.749999999999999));
#15947=CARTESIAN_POINT('',(6.93559658573075,-1.125,-0.749999999999999));
#15948=CARTESIAN_POINT('',(6.93559658573075,-1.0135863709442,2.08686018434442));
#15949=CARTESIAN_POINT('',(6.93559658573075,-1.01704585499424,1.98336459664393));
#15950=CARTESIAN_POINT('',(6.93559658573075,-1.08640604098794,-0.091648066687571));
#15951=CARTESIAN_POINT('',(6.93559658573075,-0.836545589515635,-0.0999999999999994));
#15952=CARTESIAN_POINT('',(6.93559658573075,-0.836545589515635,-0.349999999999999));
#15953=CARTESIAN_POINT('',(6.93559658573075,-0.836545589515635,-0.35));
#15954=CARTESIAN_POINT('',(6.93559658573075,-0.663454410484365,-0.35));
#15955=CARTESIAN_POINT('',(6.93559658573075,-0.663454410484365,-0.0999999999999994));
#15956=CARTESIAN_POINT('',(6.93559658573075,-0.413593959012059,-0.0916480666875708));
#15957=CARTESIAN_POINT('',(6.93559658573075,-0.486413629055804,2.08686018434442));
#15958=CARTESIAN_POINT('',(6.93559658573075,-0.482954145005761,1.98336459664393));
#15959=CARTESIAN_POINT('',(6.93559658573075,-1.4,2.5));
#15960=CARTESIAN_POINT('',(6.93559658573075,-1.08432257819891,2.16248884086152));
#15961=CARTESIAN_POINT('',(6.93559658573075,-0.1,2.5));
#15962=CARTESIAN_POINT('',(6.93559658573075,-0.415677421801091,2.16248884086152));
#15963=CARTESIAN_POINT('',(6.93559658573075,-0.233093693533455,1.99171652995636));
#15964=CARTESIAN_POINT('',(0.125,-1.25,-0.495825199169161));
#15965=CARTESIAN_POINT('',(6.93559658573075,-1.26690630646655,1.99171652995636));
#15966=CARTESIAN_POINT('',(-0.125000000000042,-5.65,-1.07));
#15967=CARTESIAN_POINT('',(-0.125000000000035,-6.4,-1.07));
#15968=CARTESIAN_POINT('',(-0.125000000000035,-6.4,-1.43));
#15969=CARTESIAN_POINT('',(-0.125000000000035,-6.4,-1.27));
#15970=CARTESIAN_POINT('',(-0.125000000000039,-6.,-1.07));
#15971=CARTESIAN_POINT('',(-0.125000000000038,-5.65,-1.07));
#15972=CARTESIAN_POINT('',(-0.12500000000001,-5.65,-1.63));
#15973=CARTESIAN_POINT('',(-0.125000000000042,-5.65,-1.63));
#15974=CARTESIAN_POINT('',(-0.125000000000039,-6.,-1.63));
#15975=CARTESIAN_POINT('',(-0.125000000000039,-6.,-1.63));
#15976=CARTESIAN_POINT('',(0.124999999999958,-5.65,-1.63));
#15977=CARTESIAN_POINT('',(0.124999999999961,-6.,-1.07));
#15978=CARTESIAN_POINT('',(0.124999999999965,-6.4,-1.27));
#15979=CARTESIAN_POINT('',(0.124999999999965,-6.4,-1.63));
#15980=CARTESIAN_POINT('',(0.124999999999965,-6.4,-1.43));
#15981=CARTESIAN_POINT('',(0.124999999999961,-6.,-1.63));
#15982=CARTESIAN_POINT('',(0.124999999999961,-6.,-1.63));
#15983=CARTESIAN_POINT('',(0.124999999999958,-5.65,-1.63));
#15984=CARTESIAN_POINT('',(0.12499999999999,-5.65,-1.63));
#15985=CARTESIAN_POINT('',(0.124999999999962,-5.65,-1.63));
#15986=CARTESIAN_POINT('',(0.608333333333307,-5.65,0.));
#15987=CARTESIAN_POINT('',(0.055821917808218,-5.16780821917808,-1.07));
#15988=CARTESIAN_POINT('',(0.0558219178082193,-5.16780821917808,-1.63));
#15989=CARTESIAN_POINT('',(0.608333333333307,-5.65,-1.63));
#15990=CARTESIAN_POINT('',(0.608333333333307,-5.65,0.));
#15991=CARTESIAN_POINT('',(0.608333333333307,-5.65,-1.63));
#15992=CARTESIAN_POINT('',(0.244178082191776,-5.33219178082192,-1.63));
#15993=CARTESIAN_POINT('',(0.244178082191776,-5.33219178082192,-1.63));
#15994=CARTESIAN_POINT('',(-0.308333333333309,-4.85,0.));
#15995=CARTESIAN_POINT('',(0.0558219178082189,-4.53219178082192,-1.07));
#15996=CARTESIAN_POINT('',(0.0558219178082182,-4.53219178082192,-1.63));
#15997=CARTESIAN_POINT('',(-0.308333333333309,-4.85,-1.63));
#15998=CARTESIAN_POINT('',(-0.308333333333309,-4.85,0.));
#15999=CARTESIAN_POINT('',(-0.308333333333309,-4.85,-1.63));
#16000=CARTESIAN_POINT('',(0.244178082191775,-4.36780821917808,-1.63));
#16001=CARTESIAN_POINT('',(0.244178082191776,-4.36780821917808,-1.63));
#16002=CARTESIAN_POINT('',(0.608333333333307,-4.05,0.));
#16003=CARTESIAN_POINT('',(0.608333333333307,-4.05,-1.63));
#16004=CARTESIAN_POINT('',(0.608333333333307,-4.05,0.));
#16005=CARTESIAN_POINT('',(0.608333333333307,-4.05,-1.63));
#16006=CARTESIAN_POINT('',(-0.125,-3.3,-1.63));
#16007=CARTESIAN_POINT('',(-0.125000000000035,-6.,-1.63));
#16008=CARTESIAN_POINT('',(-3.48496429155944E-14,-6.4,-1.35));
#16009=CARTESIAN_POINT('',(-0.125000000000035,-6.4,-1.27));
#16010=CARTESIAN_POINT('',(0.124999999999965,-6.4,-1.43));
#16011=CARTESIAN_POINT('',(0.125,-3.15,-2.35));
#16012=CARTESIAN_POINT('',(0.125,-1.80786796564403,-1.6));
#16013=CARTESIAN_POINT('',(0.125,-2.61213203435596,-1.22));
#16014=CARTESIAN_POINT('',(6.93559658573075,1.34734618076891,2.375));
#16015=CARTESIAN_POINT('',(0.125000000000006,-6.,-1.07));
#16016=CARTESIAN_POINT('',(-0.124999999999995,-6.,-1.63));
#16017=CARTESIAN_POINT('',(-4.44500000000001,1.95156391047391E-15,0.999999999999999));
#16018=CARTESIAN_POINT('',(-1.90500000000001,1.95156391047391E-15,0.999999999999999));
#16019=CARTESIAN_POINT('',(0.125,3.3,-2.5));
#16020=CARTESIAN_POINT('',(0.125000000000002,3.3,0.910000000000001));
#16021=CARTESIAN_POINT('',(-0.125,3.3,0.910000000000001));
#16022=CARTESIAN_POINT('',(0.125,3.3,0.910000000000001));
#16023=CARTESIAN_POINT('',(0.125,3.3,-2.5));
#16024=CARTESIAN_POINT('',(0.125,3.3,-2.375));
#16025=CARTESIAN_POINT('',(0.125,3.3,-2.375));
#16026=CARTESIAN_POINT('',(-0.125,3.3,-2.375));
#16027=CARTESIAN_POINT('',(-0.125,3.3,-2.5));
#16028=CARTESIAN_POINT('',(0.125,3.3,-2.5));
#16029=CARTESIAN_POINT('',(-0.125,3.3,1.47));
#16030=CARTESIAN_POINT('',(0.125000000000002,3.3,1.47));
#16031=CARTESIAN_POINT('',(-0.125,3.3,1.47));
#16032=CARTESIAN_POINT('',(-0.125,3.3,-2.5));
#16033=CARTESIAN_POINT('',(-0.125,3.3,2.075));
#16034=CARTESIAN_POINT('',(0.125,3.3,2.075));
#16035=CARTESIAN_POINT('',(0.125,3.3,2.075));
#16036=CARTESIAN_POINT('',(0.125,3.3,-2.5));
#16037=CARTESIAN_POINT('',(0.125,1.5,2.5));
#16038=CARTESIAN_POINT('',(0.125,-0.5,-1.75));
#16039=CARTESIAN_POINT('',(0.125,-0.536611652351681,-1.78661165235168));
#16040=CARTESIAN_POINT('',(0.125,-0.963388347648319,-2.21338834764832));
#16041=CARTESIAN_POINT('',(0.125,-0.875,-2.30177669529664));
#16042=CARTESIAN_POINT('',(0.125,-1.,-2.30177669529664));
#16043=CARTESIAN_POINT('',(0.125,-1.,-2.25));
#16044=CARTESIAN_POINT('',(0.125,-1.,-2.375));
#16045=CARTESIAN_POINT('',(0.125,-0.875,-2.375));
#16046=CARTESIAN_POINT('',(0.125,-0.875,-2.5));
#16047=CARTESIAN_POINT('',(0.125,-1.,-2.5));
#16048=CARTESIAN_POINT('',(0.125,3.175,-2.5));
#16049=CARTESIAN_POINT('',(0.125,3.175,-2.375));
#16050=CARTESIAN_POINT('',(0.125000000000002,3.3,0.910000000000001));
#16051=CARTESIAN_POINT('',(0.125000000000002,4.05,0.910000000000001));
#16052=CARTESIAN_POINT('',(0.125000000000002,4.05,1.47));
#16053=CARTESIAN_POINT('',(0.125000000000002,4.05,1.47));
#16054=CARTESIAN_POINT('',(0.125000000000002,3.3,1.47));
#16055=CARTESIAN_POINT('',(0.125,3.175,2.075));
#16056=CARTESIAN_POINT('',(0.125,3.175,2.2));
#16057=CARTESIAN_POINT('',(0.125,3.3,2.2));
#16058=CARTESIAN_POINT('',(0.125,2.675,2.2));
#16059=CARTESIAN_POINT('',(0.125,2.675,2.075));
#16060=CARTESIAN_POINT('',(0.125,2.55,2.075));
#16061=CARTESIAN_POINT('',(0.125,2.55,2.2));
#16062=CARTESIAN_POINT('',(0.125,2.55,-1.375));
#16063=CARTESIAN_POINT('',(0.125,2.425,-1.375));
#16064=CARTESIAN_POINT('',(0.125,2.425,-1.5));
#16065=CARTESIAN_POINT('',(0.125,1.5,-1.5));
#16066=CARTESIAN_POINT('',(0.125,1.5,-1.5));
#16067=CARTESIAN_POINT('',(0.125,1.5,-1.5));
#16068=CARTESIAN_POINT('',(0.125,1.5,2.5));
#16069=CARTESIAN_POINT('',(0.125,1.5,2.5));
#16070=CARTESIAN_POINT('',(0.125,1.34734618076891,2.5));
#16071=CARTESIAN_POINT('',(0.125,1.34734618076891,2.375));
#16072=CARTESIAN_POINT('',(0.125,1.22615442158006,2.4056195608184));
#16073=CARTESIAN_POINT('',(0.125,1.26500092007538,2.55937341505875));
#16074=CARTESIAN_POINT('',(0.125,0.792383518377702,0.688760878363205));
#16075=CARTESIAN_POINT('',(0.125,0.55,0.75));
#16076=CARTESIAN_POINT('',(0.125,0.55,0.5));
#16077=CARTESIAN_POINT('',(0.125,0.55,2.5));
#16078=CARTESIAN_POINT('',(0.125,0.550000000000001,-0.25));
#16079=CARTESIAN_POINT('',(0.125,-0.317130004221368,1.68619252647264));
#16080=CARTESIAN_POINT('',(0.125,0.728163314036667,-0.647816331403666));
#16081=CARTESIAN_POINT('',(0.125,0.5,-0.75));
#16082=CARTESIAN_POINT('',(0.125,0.5,-1.));
#16083=CARTESIAN_POINT('',(0.125,1.5,-1.));
#16084=CARTESIAN_POINT('',(0.125,-1.125,-1.));
#16085=CARTESIAN_POINT('',(0.125,-1.125,-0.875));
#16086=CARTESIAN_POINT('',(0.125,-1.125,-0.749999999999999));
#16087=CARTESIAN_POINT('',(0.125,1.5,-0.749999999999999));
#16088=CARTESIAN_POINT('',(0.125,-0.249860451472307,-0.749999999999999));
#16089=CARTESIAN_POINT('',(0.125,-0.249860451472307,-0.499999999999999));
#16090=CARTESIAN_POINT('',(0.125,-7.45119217151747E-16,-0.491648066687571));
#16091=CARTESIAN_POINT('',(0.125,-0.0982142773745854,2.44657746360038));
#16092=CARTESIAN_POINT('',(0.125,-0.1,2.5));
#16093=CARTESIAN_POINT('',(0.125,0.646577463600384,3.29821427737458));
#16094=CARTESIAN_POINT('',(0.125,-0.415677421801091,2.16248884086152));
#16095=CARTESIAN_POINT('',(0.125,-0.233093693533455,1.99171652995636));
#16096=CARTESIAN_POINT('',(0.125,-0.482954145005761,1.98336459664393));
#16097=CARTESIAN_POINT('',(0.125,-0.497990999730276,2.4332143703005));
#16098=CARTESIAN_POINT('',(0.125,-0.413593959012059,-0.0916480666875708));
#16099=CARTESIAN_POINT('',(0.125,-0.663454410484365,-0.0999999999999994));
#16100=CARTESIAN_POINT('',(0.125,-0.663454410484365,-0.35));
#16101=CARTESIAN_POINT('',(0.125,1.5,-0.35));
#16102=CARTESIAN_POINT('',(0.125,-0.836545589515635,-0.349999999999999));
#16103=CARTESIAN_POINT('',(0.125,-0.836545589515635,-0.0999999999999994));
#16104=CARTESIAN_POINT('',(0.125,-1.08640604098794,-0.091648066687571));
#16105=CARTESIAN_POINT('',(0.125,-0.996986655385747,2.58346525392442));
#16106=CARTESIAN_POINT('',(0.125,-1.01704585499424,1.98336459664393));
#16107=CARTESIAN_POINT('',(0.125,-1.26690630646655,1.99171652995636));
#16108=CARTESIAN_POINT('',(0.125,-1.08432257819891,2.16248884086152));
#16109=CARTESIAN_POINT('',(0.125,-0.0468283472243099,1.05323662225856));
#16110=CARTESIAN_POINT('',(0.125,-1.4,2.5));
#16111=CARTESIAN_POINT('',(0.125,-1.39676337774144,2.5968283472243));
#16112=CARTESIAN_POINT('',(0.125,-1.49986045147231,-0.48747326585672));
#16113=CARTESIAN_POINT('',(0.125,-1.25,-0.495825199169148));
#16114=CARTESIAN_POINT('',(0.125,-1.5,-0.495825199169148));
#16115=CARTESIAN_POINT('',(0.125,-1.5,2.5));
#16116=CARTESIAN_POINT('',(0.125,-1.5,-1.25));
#16117=CARTESIAN_POINT('',(0.125,-1.25,-1.25));
#16118=CARTESIAN_POINT('',(0.125,-1.25,-1.5));
#16119=CARTESIAN_POINT('',(0.125,-1.5,-1.5));
#16120=CARTESIAN_POINT('',(0.125,-0.625,-1.5));
#16121=CARTESIAN_POINT('',(0.125,-0.625,-1.625));
#16122=CARTESIAN_POINT('',(0.125,-0.5,-1.625));
#16123=CARTESIAN_POINT('',(0.125,-0.5,-1.5));
#16124=CARTESIAN_POINT('',(0.125,-0.5,-1.69822330470336));
#16125=CARTESIAN_POINT('',(0.125,-0.625,-1.69822330470336));
#16126=CARTESIAN_POINT('',(0.125,1.5,2.5));
#16127=CARTESIAN_POINT('',(-0.125,1.5,2.5));
#16128=CARTESIAN_POINT('',(-0.125,1.5,2.5));
#16129=CARTESIAN_POINT('',(-0.125,1.34734618076891,2.5));
#16130=CARTESIAN_POINT('',(0.125,1.34734618076891,2.5));
#16131=CARTESIAN_POINT('',(0.125,1.5,2.5));
#16132=CARTESIAN_POINT('',(0.125,-1.5,2.5));
#16133=CARTESIAN_POINT('',(0.125,-1.5,-0.495825199169148));
#16134=CARTESIAN_POINT('',(-0.125,-1.5,-0.495825199169148));
#16135=CARTESIAN_POINT('',(-0.125,-1.5,2.5));
#16136=CARTESIAN_POINT('',(-0.125,-1.5,-1.25));
#16137=CARTESIAN_POINT('',(0.125,-1.5,-1.25));
#16138=CARTESIAN_POINT('',(-0.125,1.5,2.5));
#16139=CARTESIAN_POINT('',(-0.125,-1.,-2.25));
#16140=CARTESIAN_POINT('',(-0.125,-1.,-2.30177669529664));
#16141=CARTESIAN_POINT('',(-0.125,-1.,-2.375));
#16142=CARTESIAN_POINT('',(-0.125,-0.875,-2.30177669529664));
#16143=CARTESIAN_POINT('',(-0.125,-0.963388347648319,-2.21338834764832));
#16144=CARTESIAN_POINT('',(-0.125,-0.5,-1.75));
#16145=CARTESIAN_POINT('',(-0.125,-0.536611652351681,-1.78661165235168));
#16146=CARTESIAN_POINT('',(-0.125,-0.625,-1.69822330470336));
#16147=CARTESIAN_POINT('',(-0.125,-0.5,-1.69822330470336));
#16148=CARTESIAN_POINT('',(-0.125,-0.5,-1.5));
#16149=CARTESIAN_POINT('',(-0.125,-0.5,-1.625));
#16150=CARTESIAN_POINT('',(-0.125,-0.625,-1.625));
#16151=CARTESIAN_POINT('',(-0.125,-0.625,-1.5));
#16152=CARTESIAN_POINT('',(-0.125,-1.5,-1.5));
#16153=CARTESIAN_POINT('',(-0.125,-1.25,-1.5));
#16154=CARTESIAN_POINT('',(-0.125,-1.25,-1.25));
#16155=CARTESIAN_POINT('',(-0.125,-1.25,-0.495825199169148));
#16156=CARTESIAN_POINT('',(-0.125,-1.49986045147231,-0.48747326585672));
#16157=CARTESIAN_POINT('',(-0.125,-1.39676337774144,2.5968283472243));
#16158=CARTESIAN_POINT('',(-0.125,-1.4,2.5));
#16159=CARTESIAN_POINT('',(-0.125,-0.0468283472243099,1.05323662225856));
#16160=CARTESIAN_POINT('',(-0.125,-1.08432257819891,2.16248884086152));
#16161=CARTESIAN_POINT('',(-0.125,-1.26690630646655,1.99171652995636));
#16162=CARTESIAN_POINT('',(-0.125,-1.01704585499424,1.98336459664393));
#16163=CARTESIAN_POINT('',(-0.125,-0.996986655385747,2.58346525392442));
#16164=CARTESIAN_POINT('',(-0.125,-1.08640604098794,-0.091648066687571));
#16165=CARTESIAN_POINT('',(-0.125,-0.836545589515635,-0.0999999999999994));
#16166=CARTESIAN_POINT('',(-0.125,-0.836545589515635,-0.349999999999999));
#16167=CARTESIAN_POINT('',(-0.125,1.5,-0.35));
#16168=CARTESIAN_POINT('',(-0.125,-0.663454410484365,-0.35));
#16169=CARTESIAN_POINT('',(-0.125,-0.663454410484365,-0.0999999999999994));
#16170=CARTESIAN_POINT('',(-0.125,-0.413593959012059,-0.0916480666875708));
#16171=CARTESIAN_POINT('',(-0.125,-0.497990999730276,2.4332143703005));
#16172=CARTESIAN_POINT('',(-0.125,-0.482954145005761,1.98336459664393));
#16173=CARTESIAN_POINT('',(-0.125,-0.233093693533455,1.99171652995636));
#16174=CARTESIAN_POINT('',(-0.125,-0.415677421801091,2.16248884086152));
#16175=CARTESIAN_POINT('',(-0.125,0.646577463600384,3.29821427737458));
#16176=CARTESIAN_POINT('',(-0.125,-0.1,2.5));
#16177=CARTESIAN_POINT('',(-0.125,-0.0982142773745854,2.44657746360038));
#16178=CARTESIAN_POINT('',(-0.125,-7.45119217151747E-16,-0.491648066687571));
#16179=CARTESIAN_POINT('',(-0.125,-0.249860451472307,-0.499999999999999));
#16180=CARTESIAN_POINT('',(-0.125,-0.249860451472307,-0.749999999999999));
#16181=CARTESIAN_POINT('',(-0.125,1.5,-0.749999999999999));
#16182=CARTESIAN_POINT('',(-0.125,-1.125,-0.749999999999999));
#16183=CARTESIAN_POINT('',(-0.125,-1.125,-0.875));
#16184=CARTESIAN_POINT('',(-0.125,-1.125,-1.));
#16185=CARTESIAN_POINT('',(-0.125,1.5,-1.));
#16186=CARTESIAN_POINT('',(-0.125,0.5,-1.));
#16187=CARTESIAN_POINT('',(-0.125,0.5,-0.75));
#16188=CARTESIAN_POINT('',(-0.125,0.728163314036667,-0.647816331403666));
#16189=CARTESIAN_POINT('',(-0.125,-0.317130004221368,1.68619252647264));
#16190=CARTESIAN_POINT('',(-0.125,0.550000000000001,-0.25));
#16191=CARTESIAN_POINT('',(-0.125,0.55,2.5));
#16192=CARTESIAN_POINT('',(-0.125,0.55,0.5));
#16193=CARTESIAN_POINT('',(-0.125,0.55,0.75));
#16194=CARTESIAN_POINT('',(-0.125,0.792383518377702,0.688760878363205));
#16195=CARTESIAN_POINT('',(-0.125,1.26500092007538,2.55937341505875));
#16196=CARTESIAN_POINT('',(-0.125,1.22615442158006,2.4056195608184));
#16197=CARTESIAN_POINT('',(-0.125,1.34734618076891,2.375));
#16198=CARTESIAN_POINT('',(-0.125,1.5,-1.5));
#16199=CARTESIAN_POINT('',(-0.125,1.5,-1.5));
#16200=CARTESIAN_POINT('',(-0.125,1.5,-1.5));
#16201=CARTESIAN_POINT('',(-0.125,2.425,-1.5));
#16202=CARTESIAN_POINT('',(-0.125,2.425,-1.375));
#16203=CARTESIAN_POINT('',(-0.125,2.55,-1.375));
#16204=CARTESIAN_POINT('',(-0.125,2.55,2.2));
#16205=CARTESIAN_POINT('',(-0.125,2.55,2.075));
#16206=CARTESIAN_POINT('',(-0.125,2.675,2.075));
#16207=CARTESIAN_POINT('',(-0.125,2.675,2.2));
#16208=CARTESIAN_POINT('',(-0.125,3.3,2.2));
#16209=CARTESIAN_POINT('',(-0.125,3.175,2.2));
#16210=CARTESIAN_POINT('',(-0.125,3.175,2.075));
#16211=CARTESIAN_POINT('',(-0.125,3.3,1.47));
#16212=CARTESIAN_POINT('',(-0.125,4.05,1.47));
#16213=CARTESIAN_POINT('',(-0.125,4.05,0.910000000000001));
#16214=CARTESIAN_POINT('',(-0.125,4.05,0.910000000000001));
#16215=CARTESIAN_POINT('',(-0.125,3.3,0.910000000000001));
#16216=CARTESIAN_POINT('',(-0.125,3.175,-2.375));
#16217=CARTESIAN_POINT('',(-0.125,3.175,-2.5));
#16218=CARTESIAN_POINT('',(-0.125,-1.,-2.5));
#16219=CARTESIAN_POINT('',(-0.125,-0.875,-2.5));
#16220=CARTESIAN_POINT('',(-0.125,-0.875,-2.375));
#16221=CARTESIAN_POINT('',(0.125,1.5,-1.5));
#16222=CARTESIAN_POINT('',(0.125,1.5,-1.5));
#16223=CARTESIAN_POINT('',(0.125,-1.5,-1.5));
#16224=CARTESIAN_POINT('',(0.125,-1.25,-1.5));
#16225=CARTESIAN_POINT('',(0.125,-0.625,-1.5));
#16226=CARTESIAN_POINT('',(0.125,-0.5,-1.5));
#16227=CARTESIAN_POINT('',(0.125,-0.5,-1.69822330470336));
#16228=CARTESIAN_POINT('',(-0.125,-0.5,-1.625));
#16229=CARTESIAN_POINT('',(0.125,-0.5,-1.75));
#16230=CARTESIAN_POINT('',(0.125,-0.963388347648319,-2.21338834764832));
#16231=CARTESIAN_POINT('',(-0.125,-0.536611652351681,-1.78661165235168));
#16232=CARTESIAN_POINT('',(0.125,-1.,-2.25));
#16233=CARTESIAN_POINT('',(0.125,-1.,-2.30177669529664));
#16234=CARTESIAN_POINT('',(0.125,-1.,-2.375));
#16235=CARTESIAN_POINT('',(0.125,-1.,-2.5));
#16236=CARTESIAN_POINT('',(0.125,-0.875,-2.5));
#16237=CARTESIAN_POINT('',(0.125,3.175,-2.5));
#16238=CARTESIAN_POINT('',(0.125,3.3,2.2));
#16239=CARTESIAN_POINT('',(0.125,2.675,2.2));
#16240=CARTESIAN_POINT('',(0.125,3.175,2.2));
#16241=CARTESIAN_POINT('',(0.125,2.55,2.2));
#16242=CARTESIAN_POINT('',(0.125,2.55,2.075));
#16243=CARTESIAN_POINT('',(0.125,2.55,-1.375));
#16244=CARTESIAN_POINT('',(0.125,1.5,-1.5));
#16245=CARTESIAN_POINT('',(-0.125,2.425,-1.5));
#16246=CARTESIAN_POINT('',(0.125,-0.625,-1.625));
#16247=CARTESIAN_POINT('',(0.125,-1.25,-1.25));
#16248=CARTESIAN_POINT('',(6.93559658573075,-1.4,2.5));
#16249=CARTESIAN_POINT('',(6.93559658573075,-1.49986045147231,-0.48747326585672));
#16250=CARTESIAN_POINT('',(6.93559658573075,-1.4,2.5));
#16251=CARTESIAN_POINT('',(6.93559658573075,-1.125,-0.875));
#16252=CARTESIAN_POINT('',(6.93559658573075,-1.125,-1.));
#16253=CARTESIAN_POINT('',(6.93559658573075,-1.125,-0.749999999999999));
#16254=CARTESIAN_POINT('',(6.93559658573075,-1.125,-1.));
#16255=CARTESIAN_POINT('',(6.93559658573075,0.5,-1.));
#16256=CARTESIAN_POINT('',(6.93559658573075,0.5,-0.75));
#16257=CARTESIAN_POINT('',(6.93559658573075,0.728163314036667,-0.647816331403666));
#16258=CARTESIAN_POINT('',(6.93559658573075,0.550000000000001,-0.25));
#16259=CARTESIAN_POINT('',(6.93559658573075,0.550000000000001,-0.25));
#16260=CARTESIAN_POINT('',(6.93559658573075,0.55,0.5));
#16261=CARTESIAN_POINT('',(6.93559658573075,0.55,0.5));
#16262=CARTESIAN_POINT('',(6.93559658573075,0.55,0.75));
#16263=CARTESIAN_POINT('',(6.93559658573075,0.792383518377702,0.688760878363205));
#16264=CARTESIAN_POINT('',(6.93559658573075,1.25,2.5));
#16265=CARTESIAN_POINT('',(-0.125,1.22615442158006,2.4056195608184));
#16266=CARTESIAN_POINT('',(6.93559658573075,-7.45119217151747E-16,-0.491648066687571));
#16267=CARTESIAN_POINT('',(6.93559658573075,-7.45119217151747E-16,-0.491648066687571));
#16268=CARTESIAN_POINT('',(6.93559658573075,-0.0999999999999999,2.5));
#16269=CARTESIAN_POINT('',(6.93559658573075,-0.249860451472307,-0.499999999999999));
#16270=CARTESIAN_POINT('',(6.93559658573075,-0.249860451472307,-0.749999999999999));
#16271=CARTESIAN_POINT('',(6.93559658573075,-1.125,-0.749999999999999));
#16272=CARTESIAN_POINT('',(6.93559658573075,-1.0135863709442,2.08686018434442));
#16273=CARTESIAN_POINT('',(6.93559658573075,-1.01704585499424,1.98336459664393));
#16274=CARTESIAN_POINT('',(6.93559658573075,-1.08640604098794,-0.091648066687571));
#16275=CARTESIAN_POINT('',(6.93559658573075,-0.836545589515635,-0.0999999999999994));
#16276=CARTESIAN_POINT('',(6.93559658573075,-0.836545589515635,-0.349999999999999));
#16277=CARTESIAN_POINT('',(6.93559658573075,-0.836545589515635,-0.35));
#16278=CARTESIAN_POINT('',(6.93559658573075,-0.663454410484365,-0.35));
#16279=CARTESIAN_POINT('',(6.93559658573075,-0.663454410484365,-0.0999999999999994));
#16280=CARTESIAN_POINT('',(6.93559658573075,-0.413593959012059,-0.0916480666875708));
#16281=CARTESIAN_POINT('',(6.93559658573075,-0.486413629055804,2.08686018434442));
#16282=CARTESIAN_POINT('',(6.93559658573075,-0.482954145005761,1.98336459664393));
#16283=CARTESIAN_POINT('',(6.93559658573075,-1.4,2.5));
#16284=CARTESIAN_POINT('',(6.93559658573075,-1.08432257819891,2.16248884086152));
#16285=CARTESIAN_POINT('',(6.93559658573075,-0.1,2.5));
#16286=CARTESIAN_POINT('',(6.93559658573075,-0.415677421801091,2.16248884086152));
#16287=CARTESIAN_POINT('',(6.93559658573075,-0.233093693533455,1.99171652995636));
#16288=CARTESIAN_POINT('',(0.125,-1.25,-0.495825199169148));
#16289=CARTESIAN_POINT('',(6.93559658573075,-1.26690630646655,1.99171652995636));
#16290=CARTESIAN_POINT('',(0.125,-0.625,-1.69822330470336));
#16291=CARTESIAN_POINT('',(0.125,2.425,-1.375));
#16292=CARTESIAN_POINT('',(6.93559658573075,1.34734618076891,2.375));
#16293=CARTESIAN_POINT('',(0.125,3.175,2.075));
#16294=CARTESIAN_POINT('',(0.125,2.675,2.075));
#16295=CARTESIAN_POINT('',(0.125,3.175,-2.375));
#16296=CARTESIAN_POINT('',(0.125,-0.875,-2.375));
#16297=CARTESIAN_POINT('',(0.125,-0.875,-2.30177669529664));
#16298=CARTESIAN_POINT('',(0.124999999999998,5.65,1.47));
#16299=CARTESIAN_POINT('',(0.124999999999998,5.65,0.910000000000001));
#16300=CARTESIAN_POINT('',(0.125000000000002,5.65,0.910000000000001));
#16301=CARTESIAN_POINT('',(0.124999999999999,6.,0.910000000000001));
#16302=CARTESIAN_POINT('',(0.124999999999999,6.,0.910000000000001));
#16303=CARTESIAN_POINT('',(0.124999999999999,6.4,1.11));
#16304=CARTESIAN_POINT('',(0.124999999999999,6.4,1.47));
#16305=CARTESIAN_POINT('',(0.124999999999999,6.4,1.27));
#16306=CARTESIAN_POINT('',(0.124999999999999,6.,1.47));
#16307=CARTESIAN_POINT('',(0.124999999999999,6.,1.47));
#16308=CARTESIAN_POINT('',(0.124999999999998,5.65,1.47));
#16309=CARTESIAN_POINT('',(0.125000000000002,5.65,1.47));
#16310=CARTESIAN_POINT('',(0.125000000000002,5.65,1.47));
#16311=CARTESIAN_POINT('',(-0.125000000000003,5.65,0.910000000000001));
#16312=CARTESIAN_POINT('',(-0.125000000000003,6.4,0.910000000000001));
#16313=CARTESIAN_POINT('',(-0.125000000000003,6.4,1.27));
#16314=CARTESIAN_POINT('',(-0.125000000000003,6.4,1.11));
#16315=CARTESIAN_POINT('',(-0.125000000000003,6.,0.910000000000001));
#16316=CARTESIAN_POINT('',(-0.125000000000003,6.,0.910000000000001));
#16317=CARTESIAN_POINT('',(-0.125000000000003,5.65,0.910000000000001));
#16318=CARTESIAN_POINT('',(-0.125,5.65,0.910000000000001));
#16319=CARTESIAN_POINT('',(-0.124999999999999,5.65,0.910000000000001));
#16320=CARTESIAN_POINT('',(-0.125,5.65,1.47));
#16321=CARTESIAN_POINT('',(-0.125000000000003,5.65,1.47));
#16322=CARTESIAN_POINT('',(-0.125000000000003,6.,1.47));
#16323=CARTESIAN_POINT('',(-0.125000000000003,6.,1.47));
#16324=CARTESIAN_POINT('',(0.608333333333335,5.65,0.));
#16325=CARTESIAN_POINT('',(0.608333333333335,5.65,1.47));
#16326=CARTESIAN_POINT('',(0.244178082191783,5.33219178082192,1.47));
#16327=CARTESIAN_POINT('',(0.244178082191782,5.33219178082192,1.47));
#16328=CARTESIAN_POINT('',(0.244178082191783,5.33219178082192,0.910000000000001));
#16329=CARTESIAN_POINT('',(0.608333333333335,5.65,0.910000000000001));
#16330=CARTESIAN_POINT('',(0.608333333333335,5.65,0.));
#16331=CARTESIAN_POINT('',(0.608333333333335,5.65,0.910000000000001));
#16332=CARTESIAN_POINT('',(0.0558219178082199,5.16780821917808,0.910000000000001));
#16333=CARTESIAN_POINT('',(0.0558219178082198,5.16780821917808,0.910000000000001));
#16334=CARTESIAN_POINT('',(0.0558219178082199,5.16780821917808,1.47));
#16335=CARTESIAN_POINT('',(0.608333333333335,5.65,1.47));
#16336=CARTESIAN_POINT('',(-0.308333333333332,4.85,0.));
#16337=CARTESIAN_POINT('',(-0.308333333333332,4.85,1.47));
#16338=CARTESIAN_POINT('',(0.244178082191783,4.36780821917808,1.47));
#16339=CARTESIAN_POINT('',(0.244178082191783,4.36780821917808,1.47));
#16340=CARTESIAN_POINT('',(0.244178082191783,4.36780821917808,0.910000000000001));
#16341=CARTESIAN_POINT('',(-0.308333333333332,4.85,0.910000000000001));
#16342=CARTESIAN_POINT('',(-0.308333333333332,4.85,0.));
#16343=CARTESIAN_POINT('',(-0.308333333333332,4.85,0.910000000000001));
#16344=CARTESIAN_POINT('',(0.0558219178082209,4.53219178082192,0.910000000000001));
#16345=CARTESIAN_POINT('',(0.0558219178082202,4.53219178082192,0.910000000000001));
#16346=CARTESIAN_POINT('',(0.0558219178082209,4.53219178082192,1.47));
#16347=CARTESIAN_POINT('',(-0.308333333333332,4.85,1.47));
#16348=CARTESIAN_POINT('',(0.608333333333335,4.05,0.));
#16349=CARTESIAN_POINT('',(0.608333333333335,4.05,1.47));
#16350=CARTESIAN_POINT('',(0.608333333333335,4.05,0.910000000000001));
#16351=CARTESIAN_POINT('',(0.608333333333335,4.05,0.));
#16352=CARTESIAN_POINT('',(0.608333333333335,4.05,0.910000000000001));
#16353=CARTESIAN_POINT('',(0.608333333333335,4.05,1.47));
#16354=CARTESIAN_POINT('',(-0.125,3.3,1.47));
#16355=CARTESIAN_POINT('',(-0.125000000000003,6.,1.47));
#16356=CARTESIAN_POINT('',(0.125000000000002,3.3,0.910000000000001));
#16357=CARTESIAN_POINT('',(0.124999999999999,6.,0.910000000000001));
#16358=CARTESIAN_POINT('',(-1.78817402564693E-15,6.4,1.19));
#16359=CARTESIAN_POINT('',(-0.125000000000002,6.4,1.11));
#16360=CARTESIAN_POINT('',(0.124999999999999,6.4,1.27));
#16361=CARTESIAN_POINT('',(0.125000000000002,6.,0.910000000000001));
#16362=CARTESIAN_POINT('',(-0.125,6.,1.47));
#16363=CARTESIAN_POINT('',(1.90500000000001,-1.30104260698261E-15,0.999999999999994));
#16364=CARTESIAN_POINT('',(5.71499999999999,1.95156391047391E-15,0.999999999999999));
#16365=CARTESIAN_POINT('',(-0.634999999999992,-1.30104260698261E-15,0.999999999999994));
#16366=CARTESIAN_POINT('',(3.17499999999999,1.95156391047391E-15,0.999999999999999));
#16367=CARTESIAN_POINT('',(-3.17499999999999,-1.30104260698261E-15,0.999999999999994));
#16368=CARTESIAN_POINT('',(4.44500000000001,-1.30104260698261E-15,0.999999999999994));
#16369=CARTESIAN_POINT('',(6.98500000000001,-1.30104260698261E-15,0.999999999999994));
#16370=CARTESIAN_POINT('',(-6.98500000000001,1.95156391047391E-15,0.999999999999999));
#16371=CARTESIAN_POINT('',(0.634999999999994,1.95156391047391E-15,0.999999999999999));
#16372=CARTESIAN_POINT('',(-5.71499999999999,-1.30104260698261E-15,0.999999999999994));
#16373=MECHANICAL_DESIGN_GEOMETRIC_PRESENTATION_REPRESENTATION('',(#10233,
#10234,#10235),#16374);
#16374=(
GEOMETRIC_REPRESENTATION_CONTEXT(3)
GLOBAL_UNCERTAINTY_ASSIGNED_CONTEXT((#16378))
GLOBAL_UNIT_ASSIGNED_CONTEXT((#16384,#16383,#16382))
REPRESENTATION_CONTEXT('69036817xx72','TOP_LEVEL_ASSEMBLY_PART')
);
#16375=(
GEOMETRIC_REPRESENTATION_CONTEXT(3)
GLOBAL_UNCERTAINTY_ASSIGNED_CONTEXT((#16379))
GLOBAL_UNIT_ASSIGNED_CONTEXT((#16384,#16383,#16382))
REPRESENTATION_CONTEXT('690368171272','COMPONENT_PART')
);
#16376=(
GEOMETRIC_REPRESENTATION_CONTEXT(3)
GLOBAL_UNCERTAINTY_ASSIGNED_CONTEXT((#16380))
GLOBAL_UNIT_ASSIGNED_CONTEXT((#16384,#16383,#16382))
REPRESENTATION_CONTEXT('Pin','COMPONENT_PART')
);
#16377=(
GEOMETRIC_REPRESENTATION_CONTEXT(3)
GLOBAL_UNCERTAINTY_ASSIGNED_CONTEXT((#16381))
GLOBAL_UNIT_ASSIGNED_CONTEXT((#16384,#16383,#16382))
REPRESENTATION_CONTEXT('Pin_2','COMPONENT_PART')
);
#16378=UNCERTAINTY_MEASURE_WITH_UNIT(LENGTH_MEASURE(0.005),#16384,
'DISTANCE_ACCURACY_VALUE','Maximum Tolerance applied to model');
#16379=UNCERTAINTY_MEASURE_WITH_UNIT(LENGTH_MEASURE(0.005),#16384,
'DISTANCE_ACCURACY_VALUE','Maximum Tolerance applied to model');
#16380=UNCERTAINTY_MEASURE_WITH_UNIT(LENGTH_MEASURE(0.005),#16384,
'DISTANCE_ACCURACY_VALUE','Maximum Tolerance applied to model');
#16381=UNCERTAINTY_MEASURE_WITH_UNIT(LENGTH_MEASURE(0.005),#16384,
'DISTANCE_ACCURACY_VALUE','Maximum Tolerance applied to model');
#16382=(
NAMED_UNIT(*)
SI_UNIT($,.STERADIAN.)
SOLID_ANGLE_UNIT()
);
#16383=(
NAMED_UNIT(*)
PLANE_ANGLE_UNIT()
SI_UNIT($,.RADIAN.)
);
#16384=(
LENGTH_UNIT()
NAMED_UNIT(*)
SI_UNIT(.MILLI.,.METRE.)
);
#16385=PRODUCT_DEFINITION_SHAPE('','',#16402);
#16386=PRODUCT_DEFINITION_SHAPE('','',#16403);
#16387=PRODUCT_DEFINITION_SHAPE(' ','NAUO PRDDFN',#181);
#16388=PRODUCT_DEFINITION_SHAPE('','',#16404);
#16389=PRODUCT_DEFINITION_SHAPE(' ','NAUO PRDDFN',#182);
#16390=PRODUCT_DEFINITION_SHAPE(' ','NAUO PRDDFN',#183);
#16391=PRODUCT_DEFINITION_SHAPE('','',#16405);
#16392=PRODUCT_DEFINITION_SHAPE(' ','NAUO PRDDFN',#184);
#16393=PRODUCT_DEFINITION_SHAPE(' ','NAUO PRDDFN',#185);
#16394=PRODUCT_DEFINITION_SHAPE(' ','NAUO PRDDFN',#186);
#16395=PRODUCT_DEFINITION_SHAPE(' ','NAUO PRDDFN',#187);
#16396=PRODUCT_DEFINITION_SHAPE(' ','NAUO PRDDFN',#188);
#16397=PRODUCT_DEFINITION_SHAPE(' ','NAUO PRDDFN',#189);
#16398=PRODUCT_DEFINITION_SHAPE(' ','NAUO PRDDFN',#190);
#16399=PRODUCT_DEFINITION_SHAPE(' ','NAUO PRDDFN',#191);
#16400=PRODUCT_DEFINITION_SHAPE(' ','NAUO PRDDFN',#192);
#16401=PRODUCT_DEFINITION_SHAPE(' ','NAUO PRDDFN',#193);
#16402=PRODUCT_DEFINITION('','',#16410,#16406);
#16403=PRODUCT_DEFINITION('','',#16411,#16407);
#16404=PRODUCT_DEFINITION('','',#16412,#16408);
#16405=PRODUCT_DEFINITION('','',#16413,#16409);
#16406=PRODUCT_DEFINITION_CONTEXT('',#16431,'design');
#16407=PRODUCT_DEFINITION_CONTEXT('',#16431,'design');
#16408=PRODUCT_DEFINITION_CONTEXT('',#16431,'design');
#16409=PRODUCT_DEFINITION_CONTEXT('',#16431,'design');
#16410=PRODUCT_DEFINITION_FORMATION_WITH_SPECIFIED_SOURCE('','',#16418,
 .NOT_KNOWN.);
#16411=PRODUCT_DEFINITION_FORMATION_WITH_SPECIFIED_SOURCE('','',#16419,
 .NOT_KNOWN.);
#16412=PRODUCT_DEFINITION_FORMATION_WITH_SPECIFIED_SOURCE('','',#16420,
 .NOT_KNOWN.);
#16413=PRODUCT_DEFINITION_FORMATION_WITH_SPECIFIED_SOURCE('','',#16421,
 .NOT_KNOWN.);
#16414=PRODUCT_RELATED_PRODUCT_CATEGORY('','',(#16418));
#16415=PRODUCT_RELATED_PRODUCT_CATEGORY('','',(#16419));
#16416=PRODUCT_RELATED_PRODUCT_CATEGORY('','',(#16420));
#16417=PRODUCT_RELATED_PRODUCT_CATEGORY('','',(#16421));
#16418=PRODUCT('69036817xx72','69036817xx72','69036817xx72',(#16426));
#16419=PRODUCT('690368171272','690368171272','690368171272',(#16427));
#16420=PRODUCT('Pin','Pin','Pin',(#16428));
#16421=PRODUCT('Pin_2','Pin_2','Pin_2',(#16429));
#16422=PRODUCT_CATEGORY('','');
#16423=PRODUCT_CATEGORY('','');
#16424=PRODUCT_CATEGORY('','');
#16425=PRODUCT_CATEGORY('','');
#16426=PRODUCT_CONTEXT('',#16431,'mechanical');
#16427=PRODUCT_CONTEXT('',#16431,'mechanical');
#16428=PRODUCT_CONTEXT('',#16431,'mechanical');
#16429=PRODUCT_CONTEXT('',#16431,'mechanical');
#16430=APPLICATION_PROTOCOL_DEFINITION('international standard',
'automotive_design',2010,#16431);
#16431=APPLICATION_CONTEXT(
'core data for automotive mechanical design processes');
ENDSEC;
END-ISO-10303-21;
