ISO-10303-21;
HEADER;
FILE_DESCRIPTION(('CATIA V5 STEP Exchange'),'2;1');

FILE_NAME('C:\\Users\\coren\\Documents\\GitHub\\lib-elec\\3D\\Connectors\\690357281276 (rev1).stp','2026-04-29T00:35:00+00:00',('none'),('none'),'CATIA Version 5 Release 17 (IN-10)','CATIA V5 STEP AP214','none');

FILE_SCHEMA(('AUTOMOTIVE_DESIGN { 1 0 10303 214 1 1 1 1 }'));

ENDSEC;
/* file written by CATIA V5R17 */
DATA;
#5=PRODUCT('69035728xx76','69035728xx76','69035728xx76',(#2)) ;
#25=PRODUCT('690357281276','690357281276','690357281276',(#2)) ;
#5855=PRODUCT('Pin','Pin','Pin',(#2)) ;
#2=PRODUCT_CONTEXT(' ',#1,'mechanical') ;
#1=APPLICATION_CONTEXT('automotive design') ;
#13=PRODUCT_DEFINITION('69035728xx76',' ',#6,#3) ;
#27=PRODUCT_DEFINITION('690357281276',' ',#26,#3) ;
#5857=PRODUCT_DEFINITION('Pin',' ',#5856,#3) ;
#3=PRODUCT_DEFINITION_CONTEXT('part definition',#1,' ') ;
#16=PRODUCT_DEFINITION_SHAPE(' ',' ',#13) ;
#28=PRODUCT_DEFINITION_SHAPE(' ',' ',#27) ;
#5839=PRODUCT_DEFINITION_SHAPE(' ',' ',#5838) ;
#5858=PRODUCT_DEFINITION_SHAPE(' ',' ',#5857) ;
#7036=PRODUCT_DEFINITION_SHAPE(' ',' ',#7035) ;
#7051=PRODUCT_DEFINITION_SHAPE(' ',' ',#7050) ;
#7064=PRODUCT_DEFINITION_SHAPE(' ',' ',#7063) ;
#7077=PRODUCT_DEFINITION_SHAPE(' ',' ',#7076) ;
#7090=PRODUCT_DEFINITION_SHAPE(' ',' ',#7089) ;
#7103=PRODUCT_DEFINITION_SHAPE(' ',' ',#7102) ;
#7116=PRODUCT_DEFINITION_SHAPE(' ',' ',#7115) ;
#7129=PRODUCT_DEFINITION_SHAPE(' ',' ',#7128) ;
#7142=PRODUCT_DEFINITION_SHAPE(' ',' ',#7141) ;
#7155=PRODUCT_DEFINITION_SHAPE(' ',' ',#7154) ;
#7168=PRODUCT_DEFINITION_SHAPE(' ',' ',#7167) ;
#7181=PRODUCT_DEFINITION_SHAPE(' ',' ',#7180) ;
#7193=MECHANICAL_DESIGN_GEOMETRIC_PRESENTATION_REPRESENTATION(' ',(#37,#5867),#22) ;
#15=SHAPE_REPRESENTATION(' ',(#5843,#7040,#7055,#7068,#7081,#7094,#7107,#7120,#7133,#7146,#7159,#7172,#7185),#22) ;
#23=SHAPE_REPRESENTATION(' ',(#5844),#5852) ;
#5853=SHAPE_REPRESENTATION(' ',(#7041,#7056,#7069,#7082,#7095,#7108,#7121,#7134,#7147,#7160,#7173,#7186),#7049) ;
#5842=ITEM_DEFINED_TRANSFORMATION(' ',' ',#5844,#5843) ;
#7039=ITEM_DEFINED_TRANSFORMATION(' ',' ',#7041,#7040) ;
#7054=ITEM_DEFINED_TRANSFORMATION(' ',' ',#7056,#7055) ;
#7067=ITEM_DEFINED_TRANSFORMATION(' ',' ',#7069,#7068) ;
#7080=ITEM_DEFINED_TRANSFORMATION(' ',' ',#7082,#7081) ;
#7093=ITEM_DEFINED_TRANSFORMATION(' ',' ',#7095,#7094) ;
#7106=ITEM_DEFINED_TRANSFORMATION(' ',' ',#7108,#7107) ;
#7119=ITEM_DEFINED_TRANSFORMATION(' ',' ',#7121,#7120) ;
#7132=ITEM_DEFINED_TRANSFORMATION(' ',' ',#7134,#7133) ;
#7145=ITEM_DEFINED_TRANSFORMATION(' ',' ',#7147,#7146) ;
#7158=ITEM_DEFINED_TRANSFORMATION(' ',' ',#7160,#7159) ;
#7171=ITEM_DEFINED_TRANSFORMATION(' ',' ',#7173,#7172) ;
#7184=ITEM_DEFINED_TRANSFORMATION(' ',' ',#7186,#7185) ;
#42=AXIS2_PLACEMENT_3D('Plane Axis2P3D',#39,#40,#41) ;
#82=AXIS2_PLACEMENT_3D('Plane Axis2P3D',#79,#80,#81) ;
#121=AXIS2_PLACEMENT_3D('Plane Axis2P3D',#118,#119,#120) ;
#145=AXIS2_PLACEMENT_3D('Plane Axis2P3D',#142,#143,#144) ;
#769=AXIS2_PLACEMENT_3D('Plane Axis2P3D',#766,#767,#768) ;
#818=AXIS2_PLACEMENT_3D('Plane Axis2P3D',#815,#816,#817) ;
#842=AXIS2_PLACEMENT_3D('Plane Axis2P3D',#839,#840,#841) ;
#884=AXIS2_PLACEMENT_3D('Plane Axis2P3D',#881,#882,#883) ;
#949=AXIS2_PLACEMENT_3D('Cylinder Axis2P3D',#946,#947,#948) ;
#960=AXIS2_PLACEMENT_3D('Circle Axis2P3D',#958,#959,$) ;
#973=AXIS2_PLACEMENT_3D('Plane Axis2P3D',#970,#971,#972) ;
#1022=AXIS2_PLACEMENT_3D('Cylinder Axis2P3D',#1019,#1020,#1021) ;
#1039=AXIS2_PLACEMENT_3D('Plane Axis2P3D',#1036,#1037,#1038) ;
#1070=AXIS2_PLACEMENT_3D('Plane Axis2P3D',#1067,#1068,#1069) ;
#1126=AXIS2_PLACEMENT_3D('Plane Axis2P3D',#1123,#1124,#1125) ;
#1150=AXIS2_PLACEMENT_3D('Plane Axis2P3D',#1147,#1148,#1149) ;
#1174=AXIS2_PLACEMENT_3D('Plane Axis2P3D',#1171,#1172,#1173) ;
#1230=AXIS2_PLACEMENT_3D('Plane Axis2P3D',#1227,#1228,#1229) ;
#1247=AXIS2_PLACEMENT_3D('Plane Axis2P3D',#1244,#1245,#1246) ;
#1278=AXIS2_PLACEMENT_3D('Plane Axis2P3D',#1275,#1276,#1277) ;
#1302=AXIS2_PLACEMENT_3D('Plane Axis2P3D',#1299,#1300,#1301) ;
#1358=AXIS2_PLACEMENT_3D('Plane Axis2P3D',#1355,#1356,#1357) ;
#1382=AXIS2_PLACEMENT_3D('Plane Axis2P3D',#1379,#1380,#1381) ;
#1406=AXIS2_PLACEMENT_3D('Plane Axis2P3D',#1403,#1404,#1405) ;
#1455=AXIS2_PLACEMENT_3D('Plane Axis2P3D',#1452,#1453,#1454) ;
#1486=AXIS2_PLACEMENT_3D('Plane Axis2P3D',#1483,#1484,#1485) ;
#1542=AXIS2_PLACEMENT_3D('Plane Axis2P3D',#1539,#1540,#1541) ;
#1566=AXIS2_PLACEMENT_3D('Plane Axis2P3D',#1563,#1564,#1565) ;
#1590=AXIS2_PLACEMENT_3D('Plane Axis2P3D',#1587,#1588,#1589) ;
#1646=AXIS2_PLACEMENT_3D('Plane Axis2P3D',#1643,#1644,#1645) ;
#1663=AXIS2_PLACEMENT_3D('Plane Axis2P3D',#1660,#1661,#1662) ;
#1694=AXIS2_PLACEMENT_3D('Plane Axis2P3D',#1691,#1692,#1693) ;
#1718=AXIS2_PLACEMENT_3D('Plane Axis2P3D',#1715,#1716,#1717) ;
#1774=AXIS2_PLACEMENT_3D('Plane Axis2P3D',#1771,#1772,#1773) ;
#1798=AXIS2_PLACEMENT_3D('Plane Axis2P3D',#1795,#1796,#1797) ;
#1822=AXIS2_PLACEMENT_3D('Plane Axis2P3D',#1819,#1820,#1821) ;
#1871=AXIS2_PLACEMENT_3D('Plane Axis2P3D',#1868,#1869,#1870) ;
#1902=AXIS2_PLACEMENT_3D('Plane Axis2P3D',#1899,#1900,#1901) ;
#1958=AXIS2_PLACEMENT_3D('Plane Axis2P3D',#1955,#1956,#1957) ;
#1982=AXIS2_PLACEMENT_3D('Plane Axis2P3D',#1979,#1980,#1981) ;
#2006=AXIS2_PLACEMENT_3D('Plane Axis2P3D',#2003,#2004,#2005) ;
#2062=AXIS2_PLACEMENT_3D('Plane Axis2P3D',#2059,#2060,#2061) ;
#2079=AXIS2_PLACEMENT_3D('Plane Axis2P3D',#2076,#2077,#2078) ;
#2110=AXIS2_PLACEMENT_3D('Plane Axis2P3D',#2107,#2108,#2109) ;
#2134=AXIS2_PLACEMENT_3D('Plane Axis2P3D',#2131,#2132,#2133) ;
#2190=AXIS2_PLACEMENT_3D('Plane Axis2P3D',#2187,#2188,#2189) ;
#2214=AXIS2_PLACEMENT_3D('Plane Axis2P3D',#2211,#2212,#2213) ;
#2238=AXIS2_PLACEMENT_3D('Plane Axis2P3D',#2235,#2236,#2237) ;
#2287=AXIS2_PLACEMENT_3D('Plane Axis2P3D',#2284,#2285,#2286) ;
#2318=AXIS2_PLACEMENT_3D('Plane Axis2P3D',#2315,#2316,#2317) ;
#2374=AXIS2_PLACEMENT_3D('Plane Axis2P3D',#2371,#2372,#2373) ;
#2398=AXIS2_PLACEMENT_3D('Plane Axis2P3D',#2395,#2396,#2397) ;
#2422=AXIS2_PLACEMENT_3D('Plane Axis2P3D',#2419,#2420,#2421) ;
#2478=AXIS2_PLACEMENT_3D('Plane Axis2P3D',#2475,#2476,#2477) ;
#2495=AXIS2_PLACEMENT_3D('Plane Axis2P3D',#2492,#2493,#2494) ;
#2526=AXIS2_PLACEMENT_3D('Plane Axis2P3D',#2523,#2524,#2525) ;
#2550=AXIS2_PLACEMENT_3D('Plane Axis2P3D',#2547,#2548,#2549) ;
#2606=AXIS2_PLACEMENT_3D('Plane Axis2P3D',#2603,#2604,#2605) ;
#2630=AXIS2_PLACEMENT_3D('Plane Axis2P3D',#2627,#2628,#2629) ;
#2654=AXIS2_PLACEMENT_3D('Plane Axis2P3D',#2651,#2652,#2653) ;
#2703=AXIS2_PLACEMENT_3D('Plane Axis2P3D',#2700,#2701,#2702) ;
#2734=AXIS2_PLACEMENT_3D('Plane Axis2P3D',#2731,#2732,#2733) ;
#2790=AXIS2_PLACEMENT_3D('Plane Axis2P3D',#2787,#2788,#2789) ;
#2814=AXIS2_PLACEMENT_3D('Plane Axis2P3D',#2811,#2812,#2813) ;
#2838=AXIS2_PLACEMENT_3D('Plane Axis2P3D',#2835,#2836,#2837) ;
#2894=AXIS2_PLACEMENT_3D('Plane Axis2P3D',#2891,#2892,#2893) ;
#2911=AXIS2_PLACEMENT_3D('Plane Axis2P3D',#2908,#2909,#2910) ;
#2942=AXIS2_PLACEMENT_3D('Plane Axis2P3D',#2939,#2940,#2941) ;
#2966=AXIS2_PLACEMENT_3D('Plane Axis2P3D',#2963,#2964,#2965) ;
#3022=AXIS2_PLACEMENT_3D('Plane Axis2P3D',#3019,#3020,#3021) ;
#3046=AXIS2_PLACEMENT_3D('Plane Axis2P3D',#3043,#3044,#3045) ;
#3070=AXIS2_PLACEMENT_3D('Plane Axis2P3D',#3067,#3068,#3069) ;
#3119=AXIS2_PLACEMENT_3D('Plane Axis2P3D',#3116,#3117,#3118) ;
#3150=AXIS2_PLACEMENT_3D('Plane Axis2P3D',#3147,#3148,#3149) ;
#3206=AXIS2_PLACEMENT_3D('Plane Axis2P3D',#3203,#3204,#3205) ;
#3230=AXIS2_PLACEMENT_3D('Plane Axis2P3D',#3227,#3228,#3229) ;
#3254=AXIS2_PLACEMENT_3D('Plane Axis2P3D',#3251,#3252,#3253) ;
#3310=AXIS2_PLACEMENT_3D('Plane Axis2P3D',#3307,#3308,#3309) ;
#3327=AXIS2_PLACEMENT_3D('Plane Axis2P3D',#3324,#3325,#3326) ;
#3351=AXIS2_PLACEMENT_3D('Plane Axis2P3D',#3348,#3349,#3350) ;
#3368=AXIS2_PLACEMENT_3D('Plane Axis2P3D',#3365,#3366,#3367) ;
#3659=AXIS2_PLACEMENT_3D('Plane Axis2P3D',#3656,#3657,#3658) ;
#3677=AXIS2_PLACEMENT_3D('Plane Axis2P3D',#3674,#3675,#3676) ;
#3689=AXIS2_PLACEMENT_3D('Plane Axis2P3D',#3686,#3687,#3688) ;
#3706=AXIS2_PLACEMENT_3D('Plane Axis2P3D',#3703,#3704,#3705) ;
#3723=AXIS2_PLACEMENT_3D('Plane Axis2P3D',#3720,#3721,#3722) ;
#3769=AXIS2_PLACEMENT_3D('Plane Axis2P3D',#3766,#3767,#3768) ;
#3787=AXIS2_PLACEMENT_3D('Plane Axis2P3D',#3784,#3785,#3786) ;
#3804=AXIS2_PLACEMENT_3D('Plane Axis2P3D',#3801,#3802,#3803) ;
#3817=AXIS2_PLACEMENT_3D('Plane Axis2P3D',#3814,#3815,#3816) ;
#3829=AXIS2_PLACEMENT_3D('Plane Axis2P3D',#3826,#3827,#3828) ;
#3847=AXIS2_PLACEMENT_3D('Plane Axis2P3D',#3844,#3845,#3846) ;
#3864=AXIS2_PLACEMENT_3D('Plane Axis2P3D',#3861,#3862,#3863) ;
#3877=AXIS2_PLACEMENT_3D('Plane Axis2P3D',#3874,#3875,#3876) ;
#3889=AXIS2_PLACEMENT_3D('Plane Axis2P3D',#3886,#3887,#3888) ;
#3907=AXIS2_PLACEMENT_3D('Plane Axis2P3D',#3904,#3905,#3906) ;
#3924=AXIS2_PLACEMENT_3D('Plane Axis2P3D',#3921,#3922,#3923) ;
#3937=AXIS2_PLACEMENT_3D('Plane Axis2P3D',#3934,#3935,#3936) ;
#3949=AXIS2_PLACEMENT_3D('Plane Axis2P3D',#3946,#3947,#3948) ;
#3967=AXIS2_PLACEMENT_3D('Plane Axis2P3D',#3964,#3965,#3966) ;
#3984=AXIS2_PLACEMENT_3D('Plane Axis2P3D',#3981,#3982,#3983) ;
#3997=AXIS2_PLACEMENT_3D('Plane Axis2P3D',#3994,#3995,#3996) ;
#4009=AXIS2_PLACEMENT_3D('Plane Axis2P3D',#4006,#4007,#4008) ;
#4027=AXIS2_PLACEMENT_3D('Plane Axis2P3D',#4024,#4025,#4026) ;
#4044=AXIS2_PLACEMENT_3D('Plane Axis2P3D',#4041,#4042,#4043) ;
#4057=AXIS2_PLACEMENT_3D('Plane Axis2P3D',#4054,#4055,#4056) ;
#4069=AXIS2_PLACEMENT_3D('Plane Axis2P3D',#4066,#4067,#4068) ;
#4087=AXIS2_PLACEMENT_3D('Plane Axis2P3D',#4084,#4085,#4086) ;
#4104=AXIS2_PLACEMENT_3D('Plane Axis2P3D',#4101,#4102,#4103) ;
#4117=AXIS2_PLACEMENT_3D('Plane Axis2P3D',#4114,#4115,#4116) ;
#4129=AXIS2_PLACEMENT_3D('Plane Axis2P3D',#4126,#4127,#4128) ;
#4147=AXIS2_PLACEMENT_3D('Plane Axis2P3D',#4144,#4145,#4146) ;
#4164=AXIS2_PLACEMENT_3D('Plane Axis2P3D',#4161,#4162,#4163) ;
#4177=AXIS2_PLACEMENT_3D('Plane Axis2P3D',#4174,#4175,#4176) ;
#4189=AXIS2_PLACEMENT_3D('Plane Axis2P3D',#4186,#4187,#4188) ;
#4207=AXIS2_PLACEMENT_3D('Plane Axis2P3D',#4204,#4205,#4206) ;
#4224=AXIS2_PLACEMENT_3D('Plane Axis2P3D',#4221,#4222,#4223) ;
#4237=AXIS2_PLACEMENT_3D('Plane Axis2P3D',#4234,#4235,#4236) ;
#4249=AXIS2_PLACEMENT_3D('Plane Axis2P3D',#4246,#4247,#4248) ;
#4267=AXIS2_PLACEMENT_3D('Plane Axis2P3D',#4264,#4265,#4266) ;
#4284=AXIS2_PLACEMENT_3D('Plane Axis2P3D',#4281,#4282,#4283) ;
#4297=AXIS2_PLACEMENT_3D('Plane Axis2P3D',#4294,#4295,#4296) ;
#4309=AXIS2_PLACEMENT_3D('Plane Axis2P3D',#4306,#4307,#4308) ;
#4327=AXIS2_PLACEMENT_3D('Plane Axis2P3D',#4324,#4325,#4326) ;
#4344=AXIS2_PLACEMENT_3D('Plane Axis2P3D',#4341,#4342,#4343) ;
#4357=AXIS2_PLACEMENT_3D('Plane Axis2P3D',#4354,#4355,#4356) ;
#4369=AXIS2_PLACEMENT_3D('Plane Axis2P3D',#4366,#4367,#4368) ;
#4387=AXIS2_PLACEMENT_3D('Plane Axis2P3D',#4384,#4385,#4386) ;
#4404=AXIS2_PLACEMENT_3D('Plane Axis2P3D',#4401,#4402,#4403) ;
#4417=AXIS2_PLACEMENT_3D('Plane Axis2P3D',#4414,#4415,#4416) ;
#4429=AXIS2_PLACEMENT_3D('Plane Axis2P3D',#4426,#4427,#4428) ;
#4508=AXIS2_PLACEMENT_3D('Plane Axis2P3D',#4505,#4506,#4507) ;
#4532=AXIS2_PLACEMENT_3D('Plane Axis2P3D',#4529,#4530,#4531) ;
#4580=AXIS2_PLACEMENT_3D('Plane Axis2P3D',#4577,#4578,#4579) ;
#4700=AXIS2_PLACEMENT_3D('Plane Axis2P3D',#4697,#4698,#4699) ;
#4748=AXIS2_PLACEMENT_3D('Plane Axis2P3D',#4745,#4746,#4747) ;
#4772=AXIS2_PLACEMENT_3D('Plane Axis2P3D',#4769,#4770,#4771) ;
#4835=AXIS2_PLACEMENT_3D('Plane Axis2P3D',#4832,#4833,#4834) ;
#4859=AXIS2_PLACEMENT_3D('Plane Axis2P3D',#4856,#4857,#4858) ;
#4907=AXIS2_PLACEMENT_3D('Plane Axis2P3D',#4904,#4905,#4906) ;
#5018=AXIS2_PLACEMENT_3D('Plane Axis2P3D',#5015,#5016,#5017) ;
#5066=AXIS2_PLACEMENT_3D('Plane Axis2P3D',#5063,#5064,#5065) ;
#5083=AXIS2_PLACEMENT_3D('Plane Axis2P3D',#5080,#5081,#5082) ;
#5095=AXIS2_PLACEMENT_3D('Plane Axis2P3D',#5092,#5093,#5094) ;
#5107=AXIS2_PLACEMENT_3D('Plane Axis2P3D',#5104,#5105,#5106) ;
#5140=AXIS2_PLACEMENT_3D('Plane Axis2P3D',#5137,#5138,#5139) ;
#5157=AXIS2_PLACEMENT_3D('Plane Axis2P3D',#5154,#5155,#5156) ;
#5181=AXIS2_PLACEMENT_3D('Plane Axis2P3D',#5178,#5179,#5180) ;
#5207=AXIS2_PLACEMENT_3D('Plane Axis2P3D',#5204,#5205,#5206) ;
#5231=AXIS2_PLACEMENT_3D('Plane Axis2P3D',#5228,#5229,#5230) ;
#5255=AXIS2_PLACEMENT_3D('Plane Axis2P3D',#5252,#5253,#5254) ;
#5272=AXIS2_PLACEMENT_3D('Plane Axis2P3D',#5269,#5270,#5271) ;
#5319=AXIS2_PLACEMENT_3D('Plane Axis2P3D',#5316,#5317,#5318) ;
#5336=AXIS2_PLACEMENT_3D('Plane Axis2P3D',#5333,#5334,#5335) ;
#5350=AXIS2_PLACEMENT_3D('Plane Axis2P3D',#5347,#5348,#5349) ;
#5367=AXIS2_PLACEMENT_3D('Plane Axis2P3D',#5364,#5365,#5366) ;
#5398=AXIS2_PLACEMENT_3D('Plane Axis2P3D',#5395,#5396,#5397) ;
#5422=AXIS2_PLACEMENT_3D('Plane Axis2P3D',#5419,#5420,#5421) ;
#5446=AXIS2_PLACEMENT_3D('Plane Axis2P3D',#5443,#5444,#5445) ;
#5463=AXIS2_PLACEMENT_3D('Plane Axis2P3D',#5460,#5461,#5462) ;
#5480=AXIS2_PLACEMENT_3D('Plane Axis2P3D',#5477,#5478,#5479) ;
#5497=AXIS2_PLACEMENT_3D('Plane Axis2P3D',#5494,#5495,#5496) ;
#5511=AXIS2_PLACEMENT_3D('Plane Axis2P3D',#5508,#5509,#5510) ;
#5535=AXIS2_PLACEMENT_3D('Plane Axis2P3D',#5532,#5533,#5534) ;
#5561=AXIS2_PLACEMENT_3D('Plane Axis2P3D',#5558,#5559,#5560) ;
#5585=AXIS2_PLACEMENT_3D('Plane Axis2P3D',#5582,#5583,#5584) ;
#5609=AXIS2_PLACEMENT_3D('Plane Axis2P3D',#5606,#5607,#5608) ;
#5626=AXIS2_PLACEMENT_3D('Plane Axis2P3D',#5623,#5624,#5625) ;
#5640=AXIS2_PLACEMENT_3D('Plane Axis2P3D',#5637,#5638,#5639) ;
#5673=AXIS2_PLACEMENT_3D('Plane Axis2P3D',#5670,#5671,#5672) ;
#5690=AXIS2_PLACEMENT_3D('Plane Axis2P3D',#5687,#5688,#5689) ;
#5721=AXIS2_PLACEMENT_3D('Plane Axis2P3D',#5718,#5719,#5720) ;
#5745=AXIS2_PLACEMENT_3D('Plane Axis2P3D',#5742,#5743,#5744) ;
#5769=AXIS2_PLACEMENT_3D('Plane Axis2P3D',#5766,#5767,#5768) ;
#5786=AXIS2_PLACEMENT_3D('Plane Axis2P3D',#5783,#5784,#5785) ;
#5803=AXIS2_PLACEMENT_3D('Plane Axis2P3D',#5800,#5801,#5802) ;
#5815=AXIS2_PLACEMENT_3D('Plane Axis2P3D',#5812,#5813,#5814) ;
#5827=AXIS2_PLACEMENT_3D('Plane Axis2P3D',#5824,#5825,#5826) ;
#5843=AXIS2_PLACEMENT_3D(' ',#5846,#5850,#5849) ;
#5844=AXIS2_PLACEMENT_3D(' ',#5845,#5848,#5847) ;
#5872=AXIS2_PLACEMENT_3D('Plane Axis2P3D',#5869,#5870,#5871) ;
#5912=AXIS2_PLACEMENT_3D('Plane Axis2P3D',#5909,#5910,#5911) ;
#6125=AXIS2_PLACEMENT_3D('Plane Axis2P3D',#6122,#6123,#6124) ;
#6228=AXIS2_PLACEMENT_3D('Plane Axis2P3D',#6225,#6226,#6227) ;
#6441=AXIS2_PLACEMENT_3D('Cylinder Axis2P3D',#6438,#6439,#6440) ;
#6458=AXIS2_PLACEMENT_3D('Plane Axis2P3D',#6455,#6456,#6457) ;
#6480=AXIS2_PLACEMENT_3D('Cylinder Axis2P3D',#6477,#6478,#6479) ;
#6497=AXIS2_PLACEMENT_3D('Plane Axis2P3D',#6494,#6495,#6496) ;
#6514=AXIS2_PLACEMENT_3D('Cylinder Axis2P3D',#6511,#6512,#6513) ;
#6531=AXIS2_PLACEMENT_3D('Plane Axis2P3D',#6528,#6529,#6530) ;
#6548=AXIS2_PLACEMENT_3D('Cylinder Axis2P3D',#6545,#6546,#6547) ;
#6552=AXIS2_PLACEMENT_3D('Circle Axis2P3D',#6550,#6551,$) ;
#6572=AXIS2_PLACEMENT_3D('Plane Axis2P3D',#6569,#6570,#6571) ;
#6589=AXIS2_PLACEMENT_3D('Cylinder Axis2P3D',#6586,#6587,#6588) ;
#6606=AXIS2_PLACEMENT_3D('Plane Axis2P3D',#6603,#6604,#6605) ;
#6623=AXIS2_PLACEMENT_3D('Plane Axis2P3D',#6620,#6621,#6622) ;
#6640=AXIS2_PLACEMENT_3D('Cylinder Axis2P3D',#6637,#6638,#6639) ;
#6657=AXIS2_PLACEMENT_3D('Plane Axis2P3D',#6654,#6655,#6656) ;
#6674=AXIS2_PLACEMENT_3D('Plane Axis2P3D',#6671,#6672,#6673) ;
#6691=AXIS2_PLACEMENT_3D('Plane Axis2P3D',#6688,#6689,#6690) ;
#6708=AXIS2_PLACEMENT_3D('Plane Axis2P3D',#6705,#6706,#6707) ;
#6725=AXIS2_PLACEMENT_3D('Plane Axis2P3D',#6722,#6723,#6724) ;
#6742=AXIS2_PLACEMENT_3D('Cylinder Axis2P3D',#6739,#6740,#6741) ;
#6759=AXIS2_PLACEMENT_3D('Plane Axis2P3D',#6756,#6757,#6758) ;
#6771=AXIS2_PLACEMENT_3D('Plane Axis2P3D',#6768,#6769,#6770) ;
#6828=AXIS2_PLACEMENT_3D('Cylinder Axis2P3D',#6825,#6826,#6827) ;
#6854=AXIS2_PLACEMENT_3D('Plane Axis2P3D',#6851,#6852,#6853) ;
#6895=AXIS2_PLACEMENT_3D('Cylinder Axis2P3D',#6892,#6893,#6894) ;
#6899=AXIS2_PLACEMENT_3D('Circle Axis2P3D',#6897,#6898,$) ;
#6919=AXIS2_PLACEMENT_3D('Plane Axis2P3D',#6916,#6917,#6918) ;
#6943=AXIS2_PLACEMENT_3D('Cylinder Axis2P3D',#6940,#6941,#6942) ;
#6947=AXIS2_PLACEMENT_3D('Circle Axis2P3D',#6945,#6946,$) ;
#6960=AXIS2_PLACEMENT_3D('Plane Axis2P3D',#6957,#6958,#6959) ;
#6984=AXIS2_PLACEMENT_3D('Cylinder Axis2P3D',#6981,#6982,#6983) ;
#6988=AXIS2_PLACEMENT_3D('Circle Axis2P3D',#6986,#6987,$) ;
#7001=AXIS2_PLACEMENT_3D('Plane Axis2P3D',#6998,#6999,#7000) ;
#7024=AXIS2_PLACEMENT_3D('Cylinder Axis2P3D',#7021,#7022,#7023) ;
#7040=AXIS2_PLACEMENT_3D(' ',#7043,#7047,#7046) ;
#7041=AXIS2_PLACEMENT_3D(' ',#7042,#7045,#7044) ;
#7055=AXIS2_PLACEMENT_3D(' ',#7058,#7062,#7061) ;
#7056=AXIS2_PLACEMENT_3D(' ',#7057,#7060,#7059) ;
#7068=AXIS2_PLACEMENT_3D(' ',#7071,#7075,#7074) ;
#7069=AXIS2_PLACEMENT_3D(' ',#7070,#7073,#7072) ;
#7081=AXIS2_PLACEMENT_3D(' ',#7084,#7088,#7087) ;
#7082=AXIS2_PLACEMENT_3D(' ',#7083,#7086,#7085) ;
#7094=AXIS2_PLACEMENT_3D(' ',#7097,#7101,#7100) ;
#7095=AXIS2_PLACEMENT_3D(' ',#7096,#7099,#7098) ;
#7107=AXIS2_PLACEMENT_3D(' ',#7110,#7114,#7113) ;
#7108=AXIS2_PLACEMENT_3D(' ',#7109,#7112,#7111) ;
#7120=AXIS2_PLACEMENT_3D(' ',#7123,#7127,#7126) ;
#7121=AXIS2_PLACEMENT_3D(' ',#7122,#7125,#7124) ;
#7133=AXIS2_PLACEMENT_3D(' ',#7136,#7140,#7139) ;
#7134=AXIS2_PLACEMENT_3D(' ',#7135,#7138,#7137) ;
#7146=AXIS2_PLACEMENT_3D(' ',#7149,#7153,#7152) ;
#7147=AXIS2_PLACEMENT_3D(' ',#7148,#7151,#7150) ;
#7159=AXIS2_PLACEMENT_3D(' ',#7162,#7166,#7165) ;
#7160=AXIS2_PLACEMENT_3D(' ',#7161,#7164,#7163) ;
#7172=AXIS2_PLACEMENT_3D(' ',#7175,#7179,#7178) ;
#7173=AXIS2_PLACEMENT_3D(' ',#7174,#7177,#7176) ;
#7185=AXIS2_PLACEMENT_3D(' ',#7188,#7192,#7191) ;
#7186=AXIS2_PLACEMENT_3D(' ',#7187,#7190,#7189) ;
#39=CARTESIAN_POINT('Axis2P3D Location',(5.265,-0.55,-17.5808946888)) ;
#44=CARTESIAN_POINT('Line Origine',(5.265,-0.8,0.99999999936)) ;
#48=CARTESIAN_POINT('Vertex',(5.265,-0.649999999627,0.99999999936)) ;
#50=CARTESIAN_POINT('Vertex',(5.265,-0.950000000373,0.99999999936)) ;
#53=CARTESIAN_POINT('Line Origine',(5.265,-0.649999999627,1.34999999992)) ;
#57=CARTESIAN_POINT('Vertex',(5.265,-0.649999999627,1.70000000048)) ;
#60=CARTESIAN_POINT('Line Origine',(5.265,-0.8,1.70000000048)) ;
#64=CARTESIAN_POINT('Vertex',(5.265,-0.950000000373,1.70000000048)) ;
#67=CARTESIAN_POINT('Line Origine',(5.265,-0.950000000373,1.34999999992)) ;
#79=CARTESIAN_POINT('Axis2P3D Location',(4.715,-0.55,1.)) ;
#84=CARTESIAN_POINT('Line Origine',(4.99000000037,-0.950000000373,1.)) ;
#88=CARTESIAN_POINT('Vertex',(4.71499999925,-0.95,0.99999999936)) ;
#91=CARTESIAN_POINT('Line Origine',(4.715,-0.750000000186,1.)) ;
#95=CARTESIAN_POINT('Vertex',(4.71500000075,-0.55,0.99999999936)) ;
#98=CARTESIAN_POINT('Line Origine',(5.04000000019,-0.55,1.)) ;
#102=CARTESIAN_POINT('Vertex',(5.36499999934,-0.550000000658,0.99999999936)) ;
#105=CARTESIAN_POINT('Line Origine',(5.31500000056,-0.599999999814,1.)) ;
#118=CARTESIAN_POINT('Axis2P3D Location',(5.265,-0.65,-17.5808946888)) ;
#123=CARTESIAN_POINT('Line Origine',(5.36499999934,-0.550000000658,1.34999999992)) ;
#127=CARTESIAN_POINT('Vertex',(5.36499999934,-0.550000000658,1.70000000048)) ;
#130=CARTESIAN_POINT('Line Origine',(5.31499999967,-0.600000000329,1.70000000048)) ;
#142=CARTESIAN_POINT('Axis2P3D Location',(-8.035,-2.1,1.7)) ;
#147=CARTESIAN_POINT('Line Origine',(-8.035,-3.72529118664E-010,1.7)) ;
#151=CARTESIAN_POINT('Vertex',(-8.035,2.00000000037,1.70000000006)) ;
#153=CARTESIAN_POINT('Vertex',(-8.035,-2.,1.7)) ;
#156=CARTESIAN_POINT('Line Origine',(1.49000811689E-010,-2.00000000037,1.7)) ;
#160=CARTESIAN_POINT('Vertex',(8.035,-2.00000000037,1.70000000006)) ;
#163=CARTESIAN_POINT('Line Origine',(8.0350000003,-3.72529118664E-010,1.7)) ;
#167=CARTESIAN_POINT('Vertex',(8.0350000003,2.,1.7)) ;
#170=CARTESIAN_POINT('Line Origine',(1.49000811689E-010,1.99999999963,1.7)) ;
#181=CARTESIAN_POINT('Line Origine',(-6.16500000082,0.800000000373,1.7)) ;
#185=CARTESIAN_POINT('Vertex',(-6.165,0.95,1.69999999994)) ;
#187=CARTESIAN_POINT('Vertex',(-6.165,0.649999999255,1.69999999994)) ;
#190=CARTESIAN_POINT('Line Origine',(-5.71500000063,0.950000000745,1.7)) ;
#194=CARTESIAN_POINT('Vertex',(-5.265,0.950000000373,1.69999999994)) ;
#197=CARTESIAN_POINT('Line Origine',(-5.26500000045,0.800000000373,1.7)) ;
#201=CARTESIAN_POINT('Vertex',(-5.265,0.649999999627,1.69999999994)) ;
#204=CARTESIAN_POINT('Line Origine',(-5.31500000026,0.600000000186,1.7)) ;
#208=CARTESIAN_POINT('Vertex',(-5.36499999934,0.550000000658,1.69999999994)) ;
#211=CARTESIAN_POINT('Line Origine',(-5.7149999997,0.550000000373,1.7)) ;
#215=CARTESIAN_POINT('Vertex',(-6.065,0.55,1.69999999994)) ;
#218=CARTESIAN_POINT('Line Origine',(-6.11500000007,0.600000000186,1.7)) ;
#231=CARTESIAN_POINT('Line Origine',(-7.43500000037,-0.800000000186,1.7)) ;
#235=CARTESIAN_POINT('Vertex',(-7.435,-0.649999999627,1.69999999994)) ;
#237=CARTESIAN_POINT('Vertex',(-7.435,-0.950000000373,1.69999999994)) ;
#240=CARTESIAN_POINT('Line Origine',(-7.38500000056,-0.6,1.7)) ;
#244=CARTESIAN_POINT('Vertex',(-7.33500000066,-0.550000000658,1.69999999994)) ;
#247=CARTESIAN_POINT('Line Origine',(-6.98500000019,-0.549999999255,1.7)) ;
#251=CARTESIAN_POINT('Vertex',(-6.635,-0.55,1.69999999994)) ;
#254=CARTESIAN_POINT('Line Origine',(-6.58499999981,-0.6,1.7)) ;
#258=CARTESIAN_POINT('Vertex',(-6.535,-0.649999999255,1.69999999994)) ;
#261=CARTESIAN_POINT('Line Origine',(-6.535,-0.800000000186,1.7)) ;
#265=CARTESIAN_POINT('Vertex',(-6.535,-0.95,1.69999999994)) ;
#268=CARTESIAN_POINT('Line Origine',(-6.98500000019,-0.949999999627,1.7)) ;
#281=CARTESIAN_POINT('Line Origine',(-3.62499999985,0.800000000373,1.7)) ;
#285=CARTESIAN_POINT('Vertex',(-3.625,0.95,1.70000000048)) ;
#287=CARTESIAN_POINT('Vertex',(-3.625,0.649999999255,1.70000000048)) ;
#290=CARTESIAN_POINT('Line Origine',(-3.17499999966,0.950000000745,1.7)) ;
#294=CARTESIAN_POINT('Vertex',(-2.725,0.950000000373,1.70000000048)) ;
#297=CARTESIAN_POINT('Line Origine',(-2.72499999948,0.800000000373,1.7)) ;
#301=CARTESIAN_POINT('Vertex',(-2.725,0.649999999627,1.70000000048)) ;
#304=CARTESIAN_POINT('Line Origine',(-2.77499999929,0.600000000186,1.7)) ;
#308=CARTESIAN_POINT('Vertex',(-2.82499999934,0.550000000658,1.70000000048)) ;
#311=CARTESIAN_POINT('Line Origine',(-3.17499999966,0.550000000373,1.7)) ;
#315=CARTESIAN_POINT('Vertex',(-3.525,0.55,1.70000000048)) ;
#318=CARTESIAN_POINT('Line Origine',(-3.57500000004,0.600000000186,1.7)) ;
#331=CARTESIAN_POINT('Line Origine',(-4.8949999994,-0.800000000186,1.7)) ;
#335=CARTESIAN_POINT('Vertex',(-4.895,-0.649999999627,1.70000000048)) ;
#337=CARTESIAN_POINT('Vertex',(-4.895,-0.950000000373,1.70000000048)) ;
#340=CARTESIAN_POINT('Line Origine',(-4.84499999959,-0.6,1.7)) ;
#344=CARTESIAN_POINT('Vertex',(-4.79500000066,-0.550000000658,1.70000000048)) ;
#347=CARTESIAN_POINT('Line Origine',(-4.44500000015,-0.549999999255,1.7)) ;
#351=CARTESIAN_POINT('Vertex',(-4.095,-0.55,1.70000000048)) ;
#354=CARTESIAN_POINT('Line Origine',(-4.04500000071,-0.6,1.7)) ;
#358=CARTESIAN_POINT('Vertex',(-3.995,-0.649999999255,1.70000000048)) ;
#361=CARTESIAN_POINT('Line Origine',(-3.99500000089,-0.800000000186,1.7)) ;
#365=CARTESIAN_POINT('Vertex',(-3.995,-0.95,1.70000000048)) ;
#368=CARTESIAN_POINT('Line Origine',(-4.44500000015,-0.949999999627,1.7)) ;
#381=CARTESIAN_POINT('Line Origine',(-1.08500000075,0.800000000373,1.7)) ;
#385=CARTESIAN_POINT('Vertex',(-1.085,0.95,1.70000000048)) ;
#387=CARTESIAN_POINT('Vertex',(-1.085,0.649999999255,1.70000000048)) ;
#390=CARTESIAN_POINT('Line Origine',(-0.635000000559,0.950000000745,1.7)) ;
#394=CARTESIAN_POINT('Vertex',(-0.185,0.950000000373,1.70000000048)) ;
#397=CARTESIAN_POINT('Line Origine',(-0.185000000373,0.800000000373,1.7)) ;
#401=CARTESIAN_POINT('Vertex',(-0.185,0.649999999627,1.70000000048)) ;
#404=CARTESIAN_POINT('Line Origine',(-0.235000000186,0.600000000186,1.7)) ;
#408=CARTESIAN_POINT('Vertex',(-0.284999999342,0.550000000658,1.70000000048)) ;
#411=CARTESIAN_POINT('Line Origine',(-0.634999999627,0.550000000373,1.7)) ;
#415=CARTESIAN_POINT('Vertex',(-0.985,0.55,1.70000000048)) ;
#418=CARTESIAN_POINT('Line Origine',(-1.035,0.600000000186,1.7)) ;
#431=CARTESIAN_POINT('Line Origine',(-2.3550000003,-0.800000000186,1.7)) ;
#435=CARTESIAN_POINT('Vertex',(-2.355,-0.649999999627,1.70000000048)) ;
#437=CARTESIAN_POINT('Vertex',(-2.355,-0.950000000373,1.70000000048)) ;
#440=CARTESIAN_POINT('Line Origine',(-2.30500000048,-0.6,1.7)) ;
#444=CARTESIAN_POINT('Vertex',(-2.25500000066,-0.550000000658,1.70000000048)) ;
#447=CARTESIAN_POINT('Line Origine',(-1.90500000011,-0.549999999255,1.7)) ;
#451=CARTESIAN_POINT('Vertex',(-1.555,-0.55,1.70000000048)) ;
#454=CARTESIAN_POINT('Line Origine',(-1.50499999974,-0.6,1.7)) ;
#458=CARTESIAN_POINT('Vertex',(-1.455,-0.649999999255,1.70000000048)) ;
#461=CARTESIAN_POINT('Line Origine',(-1.45499999993,-0.800000000186,1.7)) ;
#465=CARTESIAN_POINT('Vertex',(-1.455,-0.95,1.70000000048)) ;
#468=CARTESIAN_POINT('Line Origine',(-1.90500000011,-0.949999999627,1.7)) ;
#481=CARTESIAN_POINT('Line Origine',(1.45500000022,0.800000000373,1.7)) ;
#485=CARTESIAN_POINT('Vertex',(1.455,0.95,1.70000000048)) ;
#487=CARTESIAN_POINT('Vertex',(1.455,0.649999999255,1.70000000048)) ;
#490=CARTESIAN_POINT('Line Origine',(1.90500000041,0.950000000745,1.7)) ;
#494=CARTESIAN_POINT('Vertex',(2.355,0.950000000373,1.70000000048)) ;
#497=CARTESIAN_POINT('Line Origine',(2.3550000006,0.800000000373,1.7)) ;
#501=CARTESIAN_POINT('Vertex',(2.355,0.649999999627,1.70000000048)) ;
#504=CARTESIAN_POINT('Line Origine',(2.30499999985,0.600000000186,1.7)) ;
#508=CARTESIAN_POINT('Vertex',(2.25500000066,0.550000000658,1.70000000048)) ;
#511=CARTESIAN_POINT('Line Origine',(1.90499999948,0.550000000373,1.7)) ;
#515=CARTESIAN_POINT('Vertex',(1.555,0.55,1.70000000048)) ;
#518=CARTESIAN_POINT('Line Origine',(1.50500000004,0.600000000186,1.7)) ;
#531=CARTESIAN_POINT('Line Origine',(0.185000000671,-0.800000000186,1.7)) ;
#535=CARTESIAN_POINT('Vertex',(0.185,-0.649999999627,1.70000000048)) ;
#537=CARTESIAN_POINT('Vertex',(0.185,-0.950000000373,1.70000000048)) ;
#540=CARTESIAN_POINT('Line Origine',(0.235000000484,-0.6,1.7)) ;
#544=CARTESIAN_POINT('Vertex',(0.284999999342,-0.550000000658,1.70000000048)) ;
#547=CARTESIAN_POINT('Line Origine',(0.634999999925,-0.549999999255,1.7)) ;
#551=CARTESIAN_POINT('Vertex',(0.985,-0.55,1.70000000048)) ;
#554=CARTESIAN_POINT('Line Origine',(1.03499999937,-0.6,1.7)) ;
#558=CARTESIAN_POINT('Vertex',(1.085,-0.649999999255,1.70000000048)) ;
#561=CARTESIAN_POINT('Line Origine',(1.08499999918,-0.800000000186,1.7)) ;
#565=CARTESIAN_POINT('Vertex',(1.085,-0.95,1.70000000048)) ;
#568=CARTESIAN_POINT('Line Origine',(0.634999999925,-0.949999999627,1.7)) ;
#581=CARTESIAN_POINT('Line Origine',(3.99499999933,0.800000000373,1.7)) ;
#585=CARTESIAN_POINT('Vertex',(3.995,0.95,1.70000000048)) ;
#587=CARTESIAN_POINT('Vertex',(3.995,0.649999999255,1.70000000048)) ;
#590=CARTESIAN_POINT('Line Origine',(4.44499999952,0.950000000745,1.7)) ;
#594=CARTESIAN_POINT('Vertex',(4.895,0.950000000373,1.70000000048)) ;
#597=CARTESIAN_POINT('Line Origine',(4.8949999997,0.800000000373,1.7)) ;
#601=CARTESIAN_POINT('Vertex',(4.895,0.649999999627,1.70000000048)) ;
#604=CARTESIAN_POINT('Line Origine',(4.84499999989,0.600000000186,1.7)) ;
#608=CARTESIAN_POINT('Vertex',(4.79500000066,0.550000000658,1.70000000048)) ;
#611=CARTESIAN_POINT('Line Origine',(4.44500000045,0.550000000373,1.7)) ;
#615=CARTESIAN_POINT('Vertex',(4.095,0.55,1.70000000048)) ;
#618=CARTESIAN_POINT('Line Origine',(4.04500000007,0.600000000186,1.7)) ;
#631=CARTESIAN_POINT('Line Origine',(2.72499999978,-0.800000000186,1.7)) ;
#635=CARTESIAN_POINT('Vertex',(2.725,-0.649999999627,1.70000000048)) ;
#637=CARTESIAN_POINT('Vertex',(2.725,-0.950000000373,1.70000000048)) ;
#640=CARTESIAN_POINT('Line Origine',(2.77499999959,-0.6,1.7)) ;
#644=CARTESIAN_POINT('Vertex',(2.82499999934,-0.550000000658,1.70000000048)) ;
#647=CARTESIAN_POINT('Line Origine',(3.17499999996,-0.549999999255,1.7)) ;
#651=CARTESIAN_POINT('Vertex',(3.525,-0.55,1.70000000048)) ;
#654=CARTESIAN_POINT('Line Origine',(3.57500000034,-0.6,1.7)) ;
#658=CARTESIAN_POINT('Vertex',(3.625,-0.649999999255,1.70000000048)) ;
#661=CARTESIAN_POINT('Line Origine',(3.62500000015,-0.800000000186,1.7)) ;
#665=CARTESIAN_POINT('Vertex',(3.625,-0.95,1.70000000048)) ;
#668=CARTESIAN_POINT('Line Origine',(3.17499999996,-0.949999999627,1.7)) ;
#681=CARTESIAN_POINT('Line Origine',(6.5350000003,0.800000000373,1.7)) ;
#685=CARTESIAN_POINT('Vertex',(6.535,0.95,1.70000000048)) ;
#687=CARTESIAN_POINT('Vertex',(6.535,0.649999999255,1.70000000048)) ;
#690=CARTESIAN_POINT('Line Origine',(6.98500000048,0.950000000745,1.7)) ;
#694=CARTESIAN_POINT('Vertex',(7.435,0.950000000373,1.70000000048)) ;
#697=CARTESIAN_POINT('Line Origine',(7.43500000067,0.800000000373,1.7)) ;
#701=CARTESIAN_POINT('Vertex',(7.435,0.649999999627,1.70000000048)) ;
#704=CARTESIAN_POINT('Line Origine',(7.38499999993,0.600000000186,1.7)) ;
#708=CARTESIAN_POINT('Vertex',(7.33500000066,0.550000000658,1.70000000048)) ;
#711=CARTESIAN_POINT('Line Origine',(6.98499999955,0.550000000373,1.7)) ;
#715=CARTESIAN_POINT('Vertex',(6.635,0.55,1.70000000048)) ;
#718=CARTESIAN_POINT('Line Origine',(6.58500000011,0.600000000186,1.7)) ;
#731=CARTESIAN_POINT('Line Origine',(5.715,-0.549999999255,1.7)) ;
#735=CARTESIAN_POINT('Vertex',(6.065,-0.55,1.70000000048)) ;
#738=CARTESIAN_POINT('Line Origine',(6.11499999944,-0.6,1.7)) ;
#742=CARTESIAN_POINT('Vertex',(6.165,-0.649999999255,1.70000000048)) ;
#745=CARTESIAN_POINT('Line Origine',(6.16499999925,-0.800000000186,1.7)) ;
#749=CARTESIAN_POINT('Vertex',(6.165,-0.95,1.70000000048)) ;
#752=CARTESIAN_POINT('Line Origine',(5.715,-0.949999999627,1.7)) ;
#766=CARTESIAN_POINT('Axis2P3D Location',(5.265,-0.95,-17.5808946888)) ;
#771=CARTESIAN_POINT('Line Origine',(5.71499999925,-0.95,0.399999999732)) ;
#775=CARTESIAN_POINT('Vertex',(6.7149999997,-0.94999999932,0.4)) ;
#777=CARTESIAN_POINT('Vertex',(4.7149999997,-0.94999999932,0.4)) ;
#780=CARTESIAN_POINT('Line Origine',(4.71499999925,-0.95,0.699999999546)) ;
#785=CARTESIAN_POINT('Line Origine',(6.16500000037,-0.95,1.34999999992)) ;
#789=CARTESIAN_POINT('Vertex',(6.165,-0.95,0.99999999936)) ;
#792=CARTESIAN_POINT('Line Origine',(6.43999999981,-0.95,0.99999999936)) ;
#796=CARTESIAN_POINT('Vertex',(6.71499999925,-0.95,0.99999999936)) ;
#799=CARTESIAN_POINT('Line Origine',(6.71499999925,-0.95,0.699999999546)) ;
#815=CARTESIAN_POINT('Axis2P3D Location',(4.715,-0.95,1.)) ;
#820=CARTESIAN_POINT('Line Origine',(4.715,-0.749999999814,0.400000000373)) ;
#824=CARTESIAN_POINT('Vertex',(4.7149999997,-0.55000000081,0.4)) ;
#827=CARTESIAN_POINT('Line Origine',(4.715,-0.549999999627,0.700000000186)) ;
#839=CARTESIAN_POINT('Axis2P3D Location',(6.165,-0.55,-17.5808946888)) ;
#844=CARTESIAN_POINT('Line Origine',(5.71500000075,-0.55,0.399999999732)) ;
#848=CARTESIAN_POINT('Vertex',(6.7149999997,-0.55000000081,0.4)) ;
#851=CARTESIAN_POINT('Line Origine',(6.71500000075,-0.55,0.699999999546)) ;
#855=CARTESIAN_POINT('Vertex',(6.71500000075,-0.55,0.99999999936)) ;
#858=CARTESIAN_POINT('Line Origine',(6.39000000056,-0.55,0.99999999936)) ;
#862=CARTESIAN_POINT('Vertex',(6.065,-0.55,0.99999999936)) ;
#865=CARTESIAN_POINT('Line Origine',(6.06500000037,-0.55,1.34999999992)) ;
#881=CARTESIAN_POINT('Axis2P3D Location',(-8.035,2.1,20.0361091838)) ;
#886=CARTESIAN_POINT('Line Origine',(-8.035,-2.09999999925,2.70000000006)) ;
#890=CARTESIAN_POINT('Vertex',(-8.03500000037,-2.09999999963,3.6)) ;
#892=CARTESIAN_POINT('Vertex',(-8.035,-2.09999999925,1.79999999969)) ;
#896=CARTESIAN_POINT('Control Point',(-8.035,-2.09999999925,1.79999999969)) ;
#897=CARTESIAN_POINT('Control Point',(-8.035,-2.09999999925,1.78753605026)) ;
#898=CARTESIAN_POINT('Control Point',(-8.035,-2.09805812397,1.77507278738)) ;
#899=CARTESIAN_POINT('Control Point',(-8.035,-2.09398334354,1.7625305302)) ;
#900=CARTESIAN_POINT('Control Point',(-8.035,-2.0824723053,1.74007951416)) ;
#901=CARTESIAN_POINT('Control Point',(-8.035,-2.06467884082,1.7221963425)) ;
#902=CARTESIAN_POINT('Control Point',(-8.035,-2.05401012112,1.71444453765)) ;
#903=CARTESIAN_POINT('Control Point',(-8.035,-2.03709376773,1.7058790909)) ;
#904=CARTESIAN_POINT('Control Point',(-8.035,-2.018823186,1.70148654986)) ;
#905=CARTESIAN_POINT('Control Point',(-8.035,-2.01254076399,1.70049145756)) ;
#906=CARTESIAN_POINT('Control Point',(-8.035,-2.00627029493,1.70000000006)) ;
#907=CARTESIAN_POINT('Control Point',(-8.035,-1.99999999963,1.70000000006)) ;
#910=CARTESIAN_POINT('Control Point',(-8.035,2.00000000037,1.70000000006)) ;
#911=CARTESIAN_POINT('Control Point',(-8.035,2.0124639498,1.70000000006)) ;
#912=CARTESIAN_POINT('Control Point',(-8.035,2.02492721268,1.70194187535)) ;
#913=CARTESIAN_POINT('Control Point',(-8.035,2.03746946987,1.70601665578)) ;
#914=CARTESIAN_POINT('Control Point',(-8.035,2.05992048604,1.71752769409)) ;
#915=CARTESIAN_POINT('Control Point',(-8.035,2.07780365778,1.73532115871)) ;
#916=CARTESIAN_POINT('Control Point',(-8.035,2.08555546228,1.7459898798)) ;
#917=CARTESIAN_POINT('Control Point',(-8.035,2.09412090904,1.76290623314)) ;
#918=CARTESIAN_POINT('Control Point',(-8.035,2.09851345012,1.78117681482)) ;
#919=CARTESIAN_POINT('Control Point',(-8.035,2.09950854253,1.7874592357)) ;
#920=CARTESIAN_POINT('Control Point',(-8.035,2.1,1.79372970457)) ;
#921=CARTESIAN_POINT('Control Point',(-8.035,2.1,1.79999999969)) ;
#922=CARTESIAN_POINT('Vertex',(-8.035,2.1,1.8)) ;
#925=CARTESIAN_POINT('Line Origine',(-8.035,2.1,2.70000000006)) ;
#929=CARTESIAN_POINT('Vertex',(-8.03500000037,2.09999999963,3.6)) ;
#932=CARTESIAN_POINT('Line Origine',(-8.035,3.72529118664E-010,3.60000000044)) ;
#946=CARTESIAN_POINT('Axis2P3D Location',(-8.035,-2.,1.8)) ;
#951=CARTESIAN_POINT('Line Origine',(-8.03500000015,-2.1,1.8)) ;
#955=CARTESIAN_POINT('Vertex',(8.0350000003,-2.1,1.79999999969)) ;
#958=CARTESIAN_POINT('Axis2P3D Location',(8.0350000003,-2.,1.8)) ;
#970=CARTESIAN_POINT('Axis2P3D Location',(8.035,-2.1,20.0361091838)) ;
#975=CARTESIAN_POINT('Line Origine',(8.035,-2.1,2.70000000006)) ;
#979=CARTESIAN_POINT('Vertex',(8.03499999993,-2.09999999963,3.6)) ;
#982=CARTESIAN_POINT('Line Origine',(8.035,-3.72529118664E-010,3.60000000044)) ;
#986=CARTESIAN_POINT('Vertex',(8.03499999993,2.09999999963,3.6)) ;
#989=CARTESIAN_POINT('Line Origine',(8.035,2.09999999925,2.70000000006)) ;
#993=CARTESIAN_POINT('Vertex',(8.035,2.09999999925,1.79999999969)) ;
#997=CARTESIAN_POINT('Control Point',(8.035,2.09999999925,1.79999999969)) ;
#998=CARTESIAN_POINT('Control Point',(8.035,2.09999999925,1.78753605026)) ;
#999=CARTESIAN_POINT('Control Point',(8.035,2.09805812397,1.77507278738)) ;
#1000=CARTESIAN_POINT('Control Point',(8.035,2.09398334354,1.7625305302)) ;
#1001=CARTESIAN_POINT('Control Point',(8.035,2.0824723053,1.74007951416)) ;
#1002=CARTESIAN_POINT('Control Point',(8.035,2.06467884082,1.7221963425)) ;
#1003=CARTESIAN_POINT('Control Point',(8.035,2.05401012112,1.71444453765)) ;
#1004=CARTESIAN_POINT('Control Point',(8.035,2.03709376773,1.7058790909)) ;
#1005=CARTESIAN_POINT('Control Point',(8.035,2.018823186,1.70148654986)) ;
#1006=CARTESIAN_POINT('Control Point',(8.035,2.01254076399,1.70049145756)) ;
#1007=CARTESIAN_POINT('Control Point',(8.035,2.00627029493,1.70000000006)) ;
#1008=CARTESIAN_POINT('Control Point',(8.035,1.99999999963,1.70000000006)) ;
#1019=CARTESIAN_POINT('Axis2P3D Location',(-8.035,2.,1.8)) ;
#1024=CARTESIAN_POINT('Line Origine',(-8.03500000015,2.1,1.8)) ;
#1036=CARTESIAN_POINT('Axis2P3D Location',(-6.165,0.95,-16.6361091838)) ;
#1041=CARTESIAN_POINT('Line Origine',(-6.165,0.799999999627,1.00000000068)) ;
#1045=CARTESIAN_POINT('Vertex',(-6.165,0.95,1.00000000068)) ;
#1047=CARTESIAN_POINT('Vertex',(-6.165,0.649999999255,1.00000000068)) ;
#1050=CARTESIAN_POINT('Line Origine',(-6.165,0.95,1.35000000031)) ;
#1055=CARTESIAN_POINT('Line Origine',(-6.165,0.649999999255,1.35000000031)) ;
#1067=CARTESIAN_POINT('Axis2P3D Location',(-5.265,0.95,-16.6361091838)) ;
#1072=CARTESIAN_POINT('Line Origine',(-5.71499999925,0.95,0.39999999919)) ;
#1076=CARTESIAN_POINT('Vertex',(-6.715,0.94999999919,0.4)) ;
#1078=CARTESIAN_POINT('Vertex',(-4.715,0.94999999919,0.4)) ;
#1081=CARTESIAN_POINT('Line Origine',(-4.71499999925,0.95,0.699999999935)) ;
#1085=CARTESIAN_POINT('Vertex',(-4.71499999925,0.95,1.00000000068)) ;
#1088=CARTESIAN_POINT('Line Origine',(-4.98999999963,0.95,1.00000000068)) ;
#1092=CARTESIAN_POINT('Vertex',(-5.265,0.950000000373,1.00000000068)) ;
#1095=CARTESIAN_POINT('Line Origine',(-5.265,0.95,1.35000000031)) ;
#1100=CARTESIAN_POINT('Line Origine',(-6.43999999981,0.95,1.00000000068)) ;
#1104=CARTESIAN_POINT('Vertex',(-6.71499999925,0.95,1.00000000068)) ;
#1107=CARTESIAN_POINT('Line Origine',(-6.71499999925,0.95,0.699999999935)) ;
#1123=CARTESIAN_POINT('Axis2P3D Location',(-5.265,0.55,-16.6361091838)) ;
#1128=CARTESIAN_POINT('Line Origine',(-5.265,0.8,1.00000000068)) ;
#1132=CARTESIAN_POINT('Vertex',(-5.265,0.649999999627,1.00000000068)) ;
#1135=CARTESIAN_POINT('Line Origine',(-5.265,0.649999999627,1.35000000031)) ;
#1147=CARTESIAN_POINT('Axis2P3D Location',(-5.265,0.65,-16.6361091838)) ;
#1152=CARTESIAN_POINT('Line Origine',(-5.31499999967,0.600000000329,1.00000000068)) ;
#1156=CARTESIAN_POINT('Vertex',(-5.36499999934,0.550000000658,1.00000000068)) ;
#1159=CARTESIAN_POINT('Line Origine',(-5.36499999934,0.550000000658,1.35000000031)) ;
#1171=CARTESIAN_POINT('Axis2P3D Location',(-6.165,0.55,-16.6361091838)) ;
#1176=CARTESIAN_POINT('Line Origine',(-5.71500000075,0.55,0.39999999919)) ;
#1180=CARTESIAN_POINT('Vertex',(-4.715,0.55000000068,0.4)) ;
#1182=CARTESIAN_POINT('Vertex',(-6.715,0.55000000068,0.4)) ;
#1185=CARTESIAN_POINT('Line Origine',(-6.71500000075,0.55,0.699999999935)) ;
#1189=CARTESIAN_POINT('Vertex',(-6.71500000075,0.55,1.00000000068)) ;
#1192=CARTESIAN_POINT('Line Origine',(-6.39000000056,0.55,1.00000000068)) ;
#1196=CARTESIAN_POINT('Vertex',(-6.065,0.55,1.00000000068)) ;
#1199=CARTESIAN_POINT('Line Origine',(-6.06500000037,0.55,1.35000000031)) ;
#1204=CARTESIAN_POINT('Line Origine',(-5.04,0.55,1.00000000068)) ;
#1208=CARTESIAN_POINT('Vertex',(-4.71500000075,0.55,1.00000000068)) ;
#1211=CARTESIAN_POINT('Line Origine',(-4.71500000075,0.55,0.699999999935)) ;
#1227=CARTESIAN_POINT('Axis2P3D Location',(-6.065,0.55,-16.6361091838)) ;
#1232=CARTESIAN_POINT('Line Origine',(-6.11499999967,0.599999999671,1.00000000068)) ;
#1244=CARTESIAN_POINT('Axis2P3D Location',(-7.435,-0.55,-16.6361091838)) ;
#1249=CARTESIAN_POINT('Line Origine',(-7.435,-0.8,1.00000000068)) ;
#1253=CARTESIAN_POINT('Vertex',(-7.435,-0.649999999627,1.00000000068)) ;
#1255=CARTESIAN_POINT('Vertex',(-7.435,-0.950000000373,1.00000000068)) ;
#1258=CARTESIAN_POINT('Line Origine',(-7.435,-0.649999999627,1.35000000031)) ;
#1263=CARTESIAN_POINT('Line Origine',(-7.435,-0.950000000373,1.35000000031)) ;
#1275=CARTESIAN_POINT('Axis2P3D Location',(-7.435,-0.65,-16.6361091838)) ;
#1280=CARTESIAN_POINT('Line Origine',(-7.38500000033,-0.600000000329,1.00000000068)) ;
#1284=CARTESIAN_POINT('Vertex',(-7.33500000066,-0.550000000658,1.00000000068)) ;
#1287=CARTESIAN_POINT('Line Origine',(-7.33500000066,-0.550000000658,1.35000000031)) ;
#1299=CARTESIAN_POINT('Axis2P3D Location',(-6.535,-0.55,-16.6361091838)) ;
#1304=CARTESIAN_POINT('Line Origine',(-6.98499999925,-0.55,0.39999999919)) ;
#1308=CARTESIAN_POINT('Vertex',(-7.98499999955,-0.55000000081,0.4)) ;
#1310=CARTESIAN_POINT('Vertex',(-5.98499999955,-0.55000000081,0.4)) ;
#1313=CARTESIAN_POINT('Line Origine',(-5.98499999925,-0.55,0.699999999935)) ;
#1317=CARTESIAN_POINT('Vertex',(-5.98499999925,-0.55,1.00000000068)) ;
#1320=CARTESIAN_POINT('Line Origine',(-6.30999999944,-0.55,1.00000000068)) ;
#1324=CARTESIAN_POINT('Vertex',(-6.635,-0.55,1.00000000068)) ;
#1327=CARTESIAN_POINT('Line Origine',(-6.63499999963,-0.55,1.35000000031)) ;
#1332=CARTESIAN_POINT('Line Origine',(-7.66,-0.55,1.00000000068)) ;
#1336=CARTESIAN_POINT('Vertex',(-7.98499999925,-0.55,1.00000000068)) ;
#1339=CARTESIAN_POINT('Line Origine',(-7.98499999925,-0.55,0.699999999935)) ;
#1355=CARTESIAN_POINT('Axis2P3D Location',(-6.635,-0.55,-16.6361091838)) ;
#1360=CARTESIAN_POINT('Line Origine',(-6.58500000033,-0.599999999671,1.00000000068)) ;
#1364=CARTESIAN_POINT('Vertex',(-6.535,-0.649999999255,1.00000000068)) ;
#1367=CARTESIAN_POINT('Line Origine',(-6.53500000066,-0.649999999342,1.35000000031)) ;
#1379=CARTESIAN_POINT('Axis2P3D Location',(-6.535,-0.95,-16.6361091838)) ;
#1384=CARTESIAN_POINT('Line Origine',(-6.535,-0.799999999627,1.00000000068)) ;
#1388=CARTESIAN_POINT('Vertex',(-6.535,-0.95,1.00000000068)) ;
#1391=CARTESIAN_POINT('Line Origine',(-6.535,-0.95,1.35000000031)) ;
#1403=CARTESIAN_POINT('Axis2P3D Location',(-7.435,-0.95,-16.6361091838)) ;
#1408=CARTESIAN_POINT('Line Origine',(-6.98500000075,-0.95,0.39999999919)) ;
#1412=CARTESIAN_POINT('Vertex',(-5.98499999955,-0.94999999932,0.4)) ;
#1414=CARTESIAN_POINT('Vertex',(-7.98499999955,-0.94999999932,0.4)) ;
#1417=CARTESIAN_POINT('Line Origine',(-7.98500000075,-0.95,0.699999999935)) ;
#1421=CARTESIAN_POINT('Vertex',(-7.98500000075,-0.95,1.00000000068)) ;
#1424=CARTESIAN_POINT('Line Origine',(-7.71000000037,-0.95,1.00000000068)) ;
#1429=CARTESIAN_POINT('Line Origine',(-6.26000000019,-0.95,1.00000000068)) ;
#1433=CARTESIAN_POINT('Vertex',(-5.98500000075,-0.95,1.00000000068)) ;
#1436=CARTESIAN_POINT('Line Origine',(-5.98500000075,-0.95,0.699999999935)) ;
#1452=CARTESIAN_POINT('Axis2P3D Location',(-3.625,0.95,-17.5808946888)) ;
#1457=CARTESIAN_POINT('Line Origine',(-3.625,0.799999999627,0.99999999936)) ;
#1461=CARTESIAN_POINT('Vertex',(-3.625,0.95,0.99999999936)) ;
#1463=CARTESIAN_POINT('Vertex',(-3.625,0.649999999255,0.99999999936)) ;
#1466=CARTESIAN_POINT('Line Origine',(-3.625,0.95,1.34999999992)) ;
#1471=CARTESIAN_POINT('Line Origine',(-3.625,0.649999999255,1.34999999992)) ;
#1483=CARTESIAN_POINT('Axis2P3D Location',(-2.725,0.95,-17.5808946888)) ;
#1488=CARTESIAN_POINT('Line Origine',(-3.17499999925,0.95,0.399999999732)) ;
#1492=CARTESIAN_POINT('Vertex',(-4.17500000089,0.94999999919,0.4)) ;
#1494=CARTESIAN_POINT('Vertex',(-2.17500000089,0.94999999919,0.4)) ;
#1497=CARTESIAN_POINT('Line Origine',(-2.17499999925,0.95,0.699999999546)) ;
#1501=CARTESIAN_POINT('Vertex',(-2.17499999925,0.95,0.99999999936)) ;
#1504=CARTESIAN_POINT('Line Origine',(-2.44999999963,0.95,0.99999999936)) ;
#1508=CARTESIAN_POINT('Vertex',(-2.725,0.950000000373,0.99999999936)) ;
#1511=CARTESIAN_POINT('Line Origine',(-2.725,0.95,1.34999999992)) ;
#1516=CARTESIAN_POINT('Line Origine',(-3.89999999981,0.95,0.99999999936)) ;
#1520=CARTESIAN_POINT('Vertex',(-4.17499999925,0.95,0.99999999936)) ;
#1523=CARTESIAN_POINT('Line Origine',(-4.17499999925,0.95,0.699999999546)) ;
#1539=CARTESIAN_POINT('Axis2P3D Location',(-2.725,0.55,-17.5808946888)) ;
#1544=CARTESIAN_POINT('Line Origine',(-2.725,0.8,0.99999999936)) ;
#1548=CARTESIAN_POINT('Vertex',(-2.725,0.649999999627,0.99999999936)) ;
#1551=CARTESIAN_POINT('Line Origine',(-2.725,0.649999999627,1.34999999992)) ;
#1563=CARTESIAN_POINT('Axis2P3D Location',(-2.725,0.65,-17.5808946888)) ;
#1568=CARTESIAN_POINT('Line Origine',(-2.77499999967,0.600000000329,0.99999999936)) ;
#1572=CARTESIAN_POINT('Vertex',(-2.82499999934,0.550000000658,0.99999999936)) ;
#1575=CARTESIAN_POINT('Line Origine',(-2.82499999934,0.550000000658,1.34999999992)) ;
#1587=CARTESIAN_POINT('Axis2P3D Location',(-3.625,0.55,-17.5808946888)) ;
#1592=CARTESIAN_POINT('Line Origine',(-3.17500000075,0.55,0.399999999732)) ;
#1596=CARTESIAN_POINT('Vertex',(-2.17500000089,0.55000000068,0.4)) ;
#1598=CARTESIAN_POINT('Vertex',(-4.17500000089,0.55000000068,0.4)) ;
#1601=CARTESIAN_POINT('Line Origine',(-4.17500000075,0.55,0.699999999546)) ;
#1605=CARTESIAN_POINT('Vertex',(-4.17500000075,0.55,0.99999999936)) ;
#1608=CARTESIAN_POINT('Line Origine',(-3.85000000056,0.55,0.99999999936)) ;
#1612=CARTESIAN_POINT('Vertex',(-3.525,0.55,0.99999999936)) ;
#1615=CARTESIAN_POINT('Line Origine',(-3.52500000037,0.55,1.34999999992)) ;
#1620=CARTESIAN_POINT('Line Origine',(-2.5,0.55,0.99999999936)) ;
#1624=CARTESIAN_POINT('Vertex',(-2.17500000075,0.55,0.99999999936)) ;
#1627=CARTESIAN_POINT('Line Origine',(-2.17500000075,0.55,0.699999999546)) ;
#1643=CARTESIAN_POINT('Axis2P3D Location',(-3.525,0.55,-17.5808946888)) ;
#1648=CARTESIAN_POINT('Line Origine',(-3.57499999967,0.599999999671,0.99999999936)) ;
#1660=CARTESIAN_POINT('Axis2P3D Location',(-4.895,-0.55,-17.5808946888)) ;
#1665=CARTESIAN_POINT('Line Origine',(-4.895,-0.8,0.99999999936)) ;
#1669=CARTESIAN_POINT('Vertex',(-4.895,-0.649999999627,0.99999999936)) ;
#1671=CARTESIAN_POINT('Vertex',(-4.895,-0.950000000373,0.99999999936)) ;
#1674=CARTESIAN_POINT('Line Origine',(-4.895,-0.649999999627,1.34999999992)) ;
#1679=CARTESIAN_POINT('Line Origine',(-4.895,-0.950000000373,1.34999999992)) ;
#1691=CARTESIAN_POINT('Axis2P3D Location',(-4.895,-0.65,-17.5808946888)) ;
#1696=CARTESIAN_POINT('Line Origine',(-4.84500000033,-0.600000000329,0.99999999936)) ;
#1700=CARTESIAN_POINT('Vertex',(-4.79500000066,-0.550000000658,0.99999999936)) ;
#1703=CARTESIAN_POINT('Line Origine',(-4.79500000066,-0.550000000658,1.34999999992)) ;
#1715=CARTESIAN_POINT('Axis2P3D Location',(-3.995,-0.55,-17.5808946888)) ;
#1720=CARTESIAN_POINT('Line Origine',(-4.44499999925,-0.55,0.399999999732)) ;
#1724=CARTESIAN_POINT('Vertex',(-5.44500000045,-0.55000000081,0.4)) ;
#1726=CARTESIAN_POINT('Vertex',(-3.44500000045,-0.55000000081,0.4)) ;
#1729=CARTESIAN_POINT('Line Origine',(-3.44499999925,-0.55,0.699999999546)) ;
#1733=CARTESIAN_POINT('Vertex',(-3.44499999925,-0.55,0.99999999936)) ;
#1736=CARTESIAN_POINT('Line Origine',(-3.76999999944,-0.55,0.99999999936)) ;
#1740=CARTESIAN_POINT('Vertex',(-4.095,-0.55,0.99999999936)) ;
#1743=CARTESIAN_POINT('Line Origine',(-4.09499999963,-0.55,1.34999999992)) ;
#1748=CARTESIAN_POINT('Line Origine',(-5.12,-0.55,0.99999999936)) ;
#1752=CARTESIAN_POINT('Vertex',(-5.44499999925,-0.55,0.99999999936)) ;
#1755=CARTESIAN_POINT('Line Origine',(-5.44499999925,-0.55,0.699999999546)) ;
#1771=CARTESIAN_POINT('Axis2P3D Location',(-4.095,-0.55,-17.5808946888)) ;
#1776=CARTESIAN_POINT('Line Origine',(-4.04500000033,-0.599999999671,0.99999999936)) ;
#1780=CARTESIAN_POINT('Vertex',(-3.995,-0.649999999255,0.99999999936)) ;
#1783=CARTESIAN_POINT('Line Origine',(-3.99500000066,-0.649999999342,1.34999999992)) ;
#1795=CARTESIAN_POINT('Axis2P3D Location',(-3.995,-0.95,-17.5808946888)) ;
#1800=CARTESIAN_POINT('Line Origine',(-3.995,-0.799999999627,0.99999999936)) ;
#1804=CARTESIAN_POINT('Vertex',(-3.995,-0.95,0.99999999936)) ;
#1807=CARTESIAN_POINT('Line Origine',(-3.995,-0.95,1.34999999992)) ;
#1819=CARTESIAN_POINT('Axis2P3D Location',(-4.895,-0.95,-17.5808946888)) ;
#1824=CARTESIAN_POINT('Line Origine',(-4.44500000075,-0.95,0.399999999732)) ;
#1828=CARTESIAN_POINT('Vertex',(-3.44500000045,-0.94999999932,0.4)) ;
#1830=CARTESIAN_POINT('Vertex',(-5.44500000045,-0.94999999932,0.4)) ;
#1833=CARTESIAN_POINT('Line Origine',(-5.44500000075,-0.95,0.699999999546)) ;
#1837=CARTESIAN_POINT('Vertex',(-5.44500000075,-0.95,0.99999999936)) ;
#1840=CARTESIAN_POINT('Line Origine',(-5.17000000037,-0.95,0.99999999936)) ;
#1845=CARTESIAN_POINT('Line Origine',(-3.72000000019,-0.95,0.99999999936)) ;
#1849=CARTESIAN_POINT('Vertex',(-3.44500000075,-0.95,0.99999999936)) ;
#1852=CARTESIAN_POINT('Line Origine',(-3.44500000075,-0.95,0.699999999546)) ;
#1868=CARTESIAN_POINT('Axis2P3D Location',(-1.085,0.95,-17.5808946888)) ;
#1873=CARTESIAN_POINT('Line Origine',(-1.085,0.799999999627,0.99999999936)) ;
#1877=CARTESIAN_POINT('Vertex',(-1.085,0.95,0.99999999936)) ;
#1879=CARTESIAN_POINT('Vertex',(-1.085,0.649999999255,0.99999999936)) ;
#1882=CARTESIAN_POINT('Line Origine',(-1.085,0.95,1.34999999992)) ;
#1887=CARTESIAN_POINT('Line Origine',(-1.085,0.649999999255,1.34999999992)) ;
#1899=CARTESIAN_POINT('Axis2P3D Location',(-0.185,0.95,-17.5808946888)) ;
#1904=CARTESIAN_POINT('Line Origine',(-0.634999999255,0.95,0.399999999732)) ;
#1908=CARTESIAN_POINT('Vertex',(-1.63499999993,0.94999999919,0.4)) ;
#1910=CARTESIAN_POINT('Vertex',(0.365000000075,0.94999999919,0.4)) ;
#1913=CARTESIAN_POINT('Line Origine',(0.365000000745,0.95,0.699999999546)) ;
#1917=CARTESIAN_POINT('Vertex',(0.365000000745,0.95,0.99999999936)) ;
#1920=CARTESIAN_POINT('Line Origine',(0.0900000003725,0.95,0.99999999936)) ;
#1924=CARTESIAN_POINT('Vertex',(-0.185,0.950000000373,0.99999999936)) ;
#1927=CARTESIAN_POINT('Line Origine',(-0.185,0.95,1.34999999992)) ;
#1932=CARTESIAN_POINT('Line Origine',(-1.35999999981,0.95,0.99999999936)) ;
#1936=CARTESIAN_POINT('Vertex',(-1.63499999925,0.95,0.99999999936)) ;
#1939=CARTESIAN_POINT('Line Origine',(-1.63499999925,0.95,0.699999999546)) ;
#1955=CARTESIAN_POINT('Axis2P3D Location',(-0.185,0.55,-17.5808946888)) ;
#1960=CARTESIAN_POINT('Line Origine',(-0.185,0.8,0.99999999936)) ;
#1964=CARTESIAN_POINT('Vertex',(-0.185,0.649999999627,0.99999999936)) ;
#1967=CARTESIAN_POINT('Line Origine',(-0.185,0.649999999627,1.34999999992)) ;
#1979=CARTESIAN_POINT('Axis2P3D Location',(-0.185,0.65,-17.5808946888)) ;
#1984=CARTESIAN_POINT('Line Origine',(-0.234999999671,0.600000000329,0.99999999936)) ;
#1988=CARTESIAN_POINT('Vertex',(-0.284999999342,0.550000000658,0.99999999936)) ;
#1991=CARTESIAN_POINT('Line Origine',(-0.284999999342,0.550000000658,1.34999999992)) ;
#2003=CARTESIAN_POINT('Axis2P3D Location',(-1.085,0.55,-17.5808946888)) ;
#2008=CARTESIAN_POINT('Line Origine',(-0.635000000745,0.55,0.399999999732)) ;
#2012=CARTESIAN_POINT('Vertex',(0.365000000075,0.55000000068,0.4)) ;
#2014=CARTESIAN_POINT('Vertex',(-1.63499999993,0.55000000068,0.4)) ;
#2017=CARTESIAN_POINT('Line Origine',(-1.63500000075,0.55,0.699999999546)) ;
#2021=CARTESIAN_POINT('Vertex',(-1.63500000075,0.55,0.99999999936)) ;
#2024=CARTESIAN_POINT('Line Origine',(-1.31000000056,0.55,0.99999999936)) ;
#2028=CARTESIAN_POINT('Vertex',(-0.985,0.55,0.99999999936)) ;
#2031=CARTESIAN_POINT('Line Origine',(-0.985000000373,0.55,1.34999999992)) ;
#2036=CARTESIAN_POINT('Line Origine',(0.04,0.55,0.99999999936)) ;
#2040=CARTESIAN_POINT('Vertex',(0.364999999255,0.55,0.99999999936)) ;
#2043=CARTESIAN_POINT('Line Origine',(0.364999999255,0.55,0.699999999546)) ;
#2059=CARTESIAN_POINT('Axis2P3D Location',(-0.985,0.55,-17.5808946888)) ;
#2064=CARTESIAN_POINT('Line Origine',(-1.03499999967,0.599999999671,0.99999999936)) ;
#2076=CARTESIAN_POINT('Axis2P3D Location',(-2.355,-0.55,-17.5808946888)) ;
#2081=CARTESIAN_POINT('Line Origine',(-2.355,-0.8,0.99999999936)) ;
#2085=CARTESIAN_POINT('Vertex',(-2.355,-0.649999999627,0.99999999936)) ;
#2087=CARTESIAN_POINT('Vertex',(-2.355,-0.950000000373,0.99999999936)) ;
#2090=CARTESIAN_POINT('Line Origine',(-2.355,-0.649999999627,1.34999999992)) ;
#2095=CARTESIAN_POINT('Line Origine',(-2.355,-0.950000000373,1.34999999992)) ;
#2107=CARTESIAN_POINT('Axis2P3D Location',(-2.355,-0.65,-17.5808946888)) ;
#2112=CARTESIAN_POINT('Line Origine',(-2.30500000033,-0.600000000329,0.99999999936)) ;
#2116=CARTESIAN_POINT('Vertex',(-2.25500000066,-0.550000000658,0.99999999936)) ;
#2119=CARTESIAN_POINT('Line Origine',(-2.25500000066,-0.550000000658,1.34999999992)) ;
#2131=CARTESIAN_POINT('Axis2P3D Location',(-1.455,-0.55,-17.5808946888)) ;
#2136=CARTESIAN_POINT('Line Origine',(-1.90499999925,-0.55,0.399999999732)) ;
#2140=CARTESIAN_POINT('Vertex',(-2.90499999948,-0.55000000081,0.4)) ;
#2142=CARTESIAN_POINT('Vertex',(-0.904999999478,-0.55000000081,0.4)) ;
#2145=CARTESIAN_POINT('Line Origine',(-0.904999999255,-0.55,0.699999999546)) ;
#2149=CARTESIAN_POINT('Vertex',(-0.904999999255,-0.55,0.99999999936)) ;
#2152=CARTESIAN_POINT('Line Origine',(-1.22999999944,-0.55,0.99999999936)) ;
#2156=CARTESIAN_POINT('Vertex',(-1.555,-0.55,0.99999999936)) ;
#2159=CARTESIAN_POINT('Line Origine',(-1.55499999963,-0.55,1.34999999992)) ;
#2164=CARTESIAN_POINT('Line Origine',(-2.58,-0.55,0.99999999936)) ;
#2168=CARTESIAN_POINT('Vertex',(-2.90499999925,-0.55,0.99999999936)) ;
#2171=CARTESIAN_POINT('Line Origine',(-2.90499999925,-0.55,0.699999999546)) ;
#2187=CARTESIAN_POINT('Axis2P3D Location',(-1.555,-0.55,-17.5808946888)) ;
#2192=CARTESIAN_POINT('Line Origine',(-1.50500000033,-0.599999999671,0.99999999936)) ;
#2196=CARTESIAN_POINT('Vertex',(-1.455,-0.649999999255,0.99999999936)) ;
#2199=CARTESIAN_POINT('Line Origine',(-1.45500000066,-0.649999999342,1.34999999992)) ;
#2211=CARTESIAN_POINT('Axis2P3D Location',(-1.455,-0.95,-17.5808946888)) ;
#2216=CARTESIAN_POINT('Line Origine',(-1.455,-0.799999999627,0.99999999936)) ;
#2220=CARTESIAN_POINT('Vertex',(-1.455,-0.95,0.99999999936)) ;
#2223=CARTESIAN_POINT('Line Origine',(-1.455,-0.95,1.34999999992)) ;
#2235=CARTESIAN_POINT('Axis2P3D Location',(-2.355,-0.95,-17.5808946888)) ;
#2240=CARTESIAN_POINT('Line Origine',(-1.90500000075,-0.95,0.399999999732)) ;
#2244=CARTESIAN_POINT('Vertex',(-0.904999999478,-0.94999999932,0.4)) ;
#2246=CARTESIAN_POINT('Vertex',(-2.90499999948,-0.94999999932,0.4)) ;
#2249=CARTESIAN_POINT('Line Origine',(-2.90500000075,-0.95,0.699999999546)) ;
#2253=CARTESIAN_POINT('Vertex',(-2.90500000075,-0.95,0.99999999936)) ;
#2256=CARTESIAN_POINT('Line Origine',(-2.63000000037,-0.95,0.99999999936)) ;
#2261=CARTESIAN_POINT('Line Origine',(-1.18000000019,-0.95,0.99999999936)) ;
#2265=CARTESIAN_POINT('Vertex',(-0.905000000745,-0.95,0.99999999936)) ;
#2268=CARTESIAN_POINT('Line Origine',(-0.905000000745,-0.95,0.699999999546)) ;
#2284=CARTESIAN_POINT('Axis2P3D Location',(1.455,0.95,-17.5808946888)) ;
#2289=CARTESIAN_POINT('Line Origine',(1.455,0.799999999627,0.99999999936)) ;
#2293=CARTESIAN_POINT('Vertex',(1.455,0.95,0.99999999936)) ;
#2295=CARTESIAN_POINT('Vertex',(1.455,0.649999999255,0.99999999936)) ;
#2298=CARTESIAN_POINT('Line Origine',(1.455,0.95,1.34999999992)) ;
#2303=CARTESIAN_POINT('Line Origine',(1.455,0.649999999255,1.34999999992)) ;
#2315=CARTESIAN_POINT('Axis2P3D Location',(2.355,0.95,-17.5808946888)) ;
#2320=CARTESIAN_POINT('Line Origine',(1.90500000075,0.95,0.399999999732)) ;
#2324=CARTESIAN_POINT('Vertex',(0.90499999918,0.94999999919,0.4)) ;
#2326=CARTESIAN_POINT('Vertex',(2.90499999918,0.94999999919,0.4)) ;
#2329=CARTESIAN_POINT('Line Origine',(2.90500000075,0.95,0.699999999546)) ;
#2333=CARTESIAN_POINT('Vertex',(2.90500000075,0.95,0.99999999936)) ;
#2336=CARTESIAN_POINT('Line Origine',(2.63000000037,0.95,0.99999999936)) ;
#2340=CARTESIAN_POINT('Vertex',(2.355,0.950000000373,0.99999999936)) ;
#2343=CARTESIAN_POINT('Line Origine',(2.355,0.95,1.34999999992)) ;
#2348=CARTESIAN_POINT('Line Origine',(1.18000000019,0.95,0.99999999936)) ;
#2352=CARTESIAN_POINT('Vertex',(0.905000000745,0.95,0.99999999936)) ;
#2355=CARTESIAN_POINT('Line Origine',(0.905000000745,0.95,0.699999999546)) ;
#2371=CARTESIAN_POINT('Axis2P3D Location',(2.355,0.55,-17.5808946888)) ;
#2376=CARTESIAN_POINT('Line Origine',(2.355,0.8,0.99999999936)) ;
#2380=CARTESIAN_POINT('Vertex',(2.355,0.649999999627,0.99999999936)) ;
#2383=CARTESIAN_POINT('Line Origine',(2.355,0.649999999627,1.34999999992)) ;
#2395=CARTESIAN_POINT('Axis2P3D Location',(2.355,0.65,-17.5808946888)) ;
#2400=CARTESIAN_POINT('Line Origine',(2.30500000033,0.600000000329,0.99999999936)) ;
#2404=CARTESIAN_POINT('Vertex',(2.25500000066,0.550000000658,0.99999999936)) ;
#2407=CARTESIAN_POINT('Line Origine',(2.25500000066,0.550000000658,1.34999999992)) ;
#2419=CARTESIAN_POINT('Axis2P3D Location',(1.455,0.55,-17.5808946888)) ;
#2424=CARTESIAN_POINT('Line Origine',(1.90499999925,0.55,0.399999999732)) ;
#2428=CARTESIAN_POINT('Vertex',(2.90499999918,0.55000000068,0.4)) ;
#2430=CARTESIAN_POINT('Vertex',(0.90499999918,0.55000000068,0.4)) ;
#2433=CARTESIAN_POINT('Line Origine',(0.904999999255,0.55,0.699999999546)) ;
#2437=CARTESIAN_POINT('Vertex',(0.904999999255,0.55,0.99999999936)) ;
#2440=CARTESIAN_POINT('Line Origine',(1.22999999944,0.55,0.99999999936)) ;
#2444=CARTESIAN_POINT('Vertex',(1.555,0.55,0.99999999936)) ;
#2447=CARTESIAN_POINT('Line Origine',(1.55499999963,0.55,1.34999999992)) ;
#2452=CARTESIAN_POINT('Line Origine',(2.58,0.55,0.99999999936)) ;
#2456=CARTESIAN_POINT('Vertex',(2.90499999925,0.55,0.99999999936)) ;
#2459=CARTESIAN_POINT('Line Origine',(2.90499999925,0.55,0.699999999546)) ;
#2475=CARTESIAN_POINT('Axis2P3D Location',(1.555,0.55,-17.5808946888)) ;
#2480=CARTESIAN_POINT('Line Origine',(1.50500000033,0.599999999671,0.99999999936)) ;
#2492=CARTESIAN_POINT('Axis2P3D Location',(0.185,-0.55,-17.5808946888)) ;
#2497=CARTESIAN_POINT('Line Origine',(0.185,-0.8,0.99999999936)) ;
#2501=CARTESIAN_POINT('Vertex',(0.185,-0.649999999627,0.99999999936)) ;
#2503=CARTESIAN_POINT('Vertex',(0.185,-0.950000000373,0.99999999936)) ;
#2506=CARTESIAN_POINT('Line Origine',(0.185,-0.649999999627,1.34999999992)) ;
#2511=CARTESIAN_POINT('Line Origine',(0.185,-0.950000000373,1.34999999992)) ;
#2523=CARTESIAN_POINT('Axis2P3D Location',(0.185,-0.65,-17.5808946888)) ;
#2528=CARTESIAN_POINT('Line Origine',(0.234999999671,-0.600000000329,0.99999999936)) ;
#2532=CARTESIAN_POINT('Vertex',(0.284999999342,-0.550000000658,0.99999999936)) ;
#2535=CARTESIAN_POINT('Line Origine',(0.284999999342,-0.550000000658,1.34999999992)) ;
#2547=CARTESIAN_POINT('Axis2P3D Location',(1.085,-0.55,-17.5808946888)) ;
#2552=CARTESIAN_POINT('Line Origine',(0.635000000745,-0.55,0.399999999732)) ;
#2556=CARTESIAN_POINT('Vertex',(-0.365000000373,-0.55000000081,0.4)) ;
#2558=CARTESIAN_POINT('Vertex',(1.63499999963,-0.55000000081,0.4)) ;
#2561=CARTESIAN_POINT('Line Origine',(1.63500000075,-0.55,0.699999999546)) ;
#2565=CARTESIAN_POINT('Vertex',(1.63500000075,-0.55,0.99999999936)) ;
#2568=CARTESIAN_POINT('Line Origine',(1.31000000056,-0.55,0.99999999936)) ;
#2572=CARTESIAN_POINT('Vertex',(0.985,-0.55,0.99999999936)) ;
#2575=CARTESIAN_POINT('Line Origine',(0.985000000373,-0.55,1.34999999992)) ;
#2580=CARTESIAN_POINT('Line Origine',(-0.04,-0.55,0.99999999936)) ;
#2584=CARTESIAN_POINT('Vertex',(-0.364999999255,-0.55,0.99999999936)) ;
#2587=CARTESIAN_POINT('Line Origine',(-0.364999999255,-0.55,0.699999999546)) ;
#2603=CARTESIAN_POINT('Axis2P3D Location',(0.985,-0.55,-17.5808946888)) ;
#2608=CARTESIAN_POINT('Line Origine',(1.03499999967,-0.599999999671,0.99999999936)) ;
#2612=CARTESIAN_POINT('Vertex',(1.085,-0.649999999255,0.99999999936)) ;
#2615=CARTESIAN_POINT('Line Origine',(1.08499999934,-0.649999999342,1.34999999992)) ;
#2627=CARTESIAN_POINT('Axis2P3D Location',(1.085,-0.95,-17.5808946888)) ;
#2632=CARTESIAN_POINT('Line Origine',(1.085,-0.799999999627,0.99999999936)) ;
#2636=CARTESIAN_POINT('Vertex',(1.085,-0.95,0.99999999936)) ;
#2639=CARTESIAN_POINT('Line Origine',(1.085,-0.95,1.34999999992)) ;
#2651=CARTESIAN_POINT('Axis2P3D Location',(0.185,-0.95,-17.5808946888)) ;
#2656=CARTESIAN_POINT('Line Origine',(0.634999999255,-0.95,0.399999999732)) ;
#2660=CARTESIAN_POINT('Vertex',(1.63499999963,-0.94999999932,0.4)) ;
#2662=CARTESIAN_POINT('Vertex',(-0.365000000373,-0.94999999932,0.4)) ;
#2665=CARTESIAN_POINT('Line Origine',(-0.365000000745,-0.95,0.699999999546)) ;
#2669=CARTESIAN_POINT('Vertex',(-0.365000000745,-0.95,0.99999999936)) ;
#2672=CARTESIAN_POINT('Line Origine',(-0.0900000003725,-0.95,0.99999999936)) ;
#2677=CARTESIAN_POINT('Line Origine',(1.35999999981,-0.95,0.99999999936)) ;
#2681=CARTESIAN_POINT('Vertex',(1.63499999925,-0.95,0.99999999936)) ;
#2684=CARTESIAN_POINT('Line Origine',(1.63499999925,-0.95,0.699999999546)) ;
#2700=CARTESIAN_POINT('Axis2P3D Location',(3.995,0.95,-17.5808946888)) ;
#2705=CARTESIAN_POINT('Line Origine',(3.995,0.799999999627,0.99999999936)) ;
#2709=CARTESIAN_POINT('Vertex',(3.995,0.95,0.99999999936)) ;
#2711=CARTESIAN_POINT('Vertex',(3.995,0.649999999255,0.99999999936)) ;
#2714=CARTESIAN_POINT('Line Origine',(3.995,0.95,1.34999999992)) ;
#2719=CARTESIAN_POINT('Line Origine',(3.995,0.649999999255,1.34999999992)) ;
#2731=CARTESIAN_POINT('Axis2P3D Location',(4.895,0.95,-17.5808946888)) ;
#2736=CARTESIAN_POINT('Line Origine',(4.44500000075,0.95,0.399999999732)) ;
#2740=CARTESIAN_POINT('Vertex',(3.44500000015,0.94999999919,0.4)) ;
#2742=CARTESIAN_POINT('Vertex',(5.44500000015,0.94999999919,0.4)) ;
#2745=CARTESIAN_POINT('Line Origine',(5.44500000075,0.95,0.699999999546)) ;
#2749=CARTESIAN_POINT('Vertex',(5.44500000075,0.95,0.99999999936)) ;
#2752=CARTESIAN_POINT('Line Origine',(5.17000000037,0.95,0.99999999936)) ;
#2756=CARTESIAN_POINT('Vertex',(4.895,0.950000000373,0.99999999936)) ;
#2759=CARTESIAN_POINT('Line Origine',(4.895,0.95,1.34999999992)) ;
#2764=CARTESIAN_POINT('Line Origine',(3.72000000019,0.95,0.99999999936)) ;
#2768=CARTESIAN_POINT('Vertex',(3.44500000075,0.95,0.99999999936)) ;
#2771=CARTESIAN_POINT('Line Origine',(3.44500000075,0.95,0.699999999546)) ;
#2787=CARTESIAN_POINT('Axis2P3D Location',(4.895,0.55,-17.5808946888)) ;
#2792=CARTESIAN_POINT('Line Origine',(4.895,0.8,0.99999999936)) ;
#2796=CARTESIAN_POINT('Vertex',(4.895,0.649999999627,0.99999999936)) ;
#2799=CARTESIAN_POINT('Line Origine',(4.895,0.649999999627,1.34999999992)) ;
#2811=CARTESIAN_POINT('Axis2P3D Location',(4.895,0.65,-17.5808946888)) ;
#2816=CARTESIAN_POINT('Line Origine',(4.84500000033,0.600000000329,0.99999999936)) ;
#2820=CARTESIAN_POINT('Vertex',(4.79500000066,0.550000000658,0.99999999936)) ;
#2823=CARTESIAN_POINT('Line Origine',(4.79500000066,0.550000000658,1.34999999992)) ;
#2835=CARTESIAN_POINT('Axis2P3D Location',(3.995,0.55,-17.5808946888)) ;
#2840=CARTESIAN_POINT('Line Origine',(4.44499999925,0.55,0.399999999732)) ;
#2844=CARTESIAN_POINT('Vertex',(5.44500000015,0.55000000068,0.4)) ;
#2846=CARTESIAN_POINT('Vertex',(3.44500000015,0.55000000068,0.4)) ;
#2849=CARTESIAN_POINT('Line Origine',(3.44499999925,0.55,0.699999999546)) ;
#2853=CARTESIAN_POINT('Vertex',(3.44499999925,0.55,0.99999999936)) ;
#2856=CARTESIAN_POINT('Line Origine',(3.76999999944,0.55,0.99999999936)) ;
#2860=CARTESIAN_POINT('Vertex',(4.095,0.55,0.99999999936)) ;
#2863=CARTESIAN_POINT('Line Origine',(4.09499999963,0.55,1.34999999992)) ;
#2868=CARTESIAN_POINT('Line Origine',(5.12,0.55,0.99999999936)) ;
#2872=CARTESIAN_POINT('Vertex',(5.44499999925,0.55,0.99999999936)) ;
#2875=CARTESIAN_POINT('Line Origine',(5.44499999925,0.55,0.699999999546)) ;
#2891=CARTESIAN_POINT('Axis2P3D Location',(4.095,0.55,-17.5808946888)) ;
#2896=CARTESIAN_POINT('Line Origine',(4.04500000033,0.599999999671,0.99999999936)) ;
#2908=CARTESIAN_POINT('Axis2P3D Location',(2.725,-0.55,-17.5808946888)) ;
#2913=CARTESIAN_POINT('Line Origine',(2.725,-0.8,0.99999999936)) ;
#2917=CARTESIAN_POINT('Vertex',(2.725,-0.649999999627,0.99999999936)) ;
#2919=CARTESIAN_POINT('Vertex',(2.725,-0.950000000373,0.99999999936)) ;
#2922=CARTESIAN_POINT('Line Origine',(2.725,-0.649999999627,1.34999999992)) ;
#2927=CARTESIAN_POINT('Line Origine',(2.725,-0.950000000373,1.34999999992)) ;
#2939=CARTESIAN_POINT('Axis2P3D Location',(2.725,-0.65,-17.5808946888)) ;
#2944=CARTESIAN_POINT('Line Origine',(2.77499999967,-0.600000000329,0.99999999936)) ;
#2948=CARTESIAN_POINT('Vertex',(2.82499999934,-0.550000000658,0.99999999936)) ;
#2951=CARTESIAN_POINT('Line Origine',(2.82499999934,-0.550000000658,1.34999999992)) ;
#2963=CARTESIAN_POINT('Axis2P3D Location',(3.625,-0.55,-17.5808946888)) ;
#2968=CARTESIAN_POINT('Line Origine',(3.17500000075,-0.55,0.399999999732)) ;
#2972=CARTESIAN_POINT('Vertex',(2.1750000006,-0.55000000081,0.4)) ;
#2974=CARTESIAN_POINT('Vertex',(4.1750000006,-0.55000000081,0.4)) ;
#2977=CARTESIAN_POINT('Line Origine',(4.17500000075,-0.55,0.699999999546)) ;
#2981=CARTESIAN_POINT('Vertex',(4.17500000075,-0.55,0.99999999936)) ;
#2984=CARTESIAN_POINT('Line Origine',(3.85000000056,-0.55,0.99999999936)) ;
#2988=CARTESIAN_POINT('Vertex',(3.525,-0.55,0.99999999936)) ;
#2991=CARTESIAN_POINT('Line Origine',(3.52500000037,-0.55,1.34999999992)) ;
#2996=CARTESIAN_POINT('Line Origine',(2.5,-0.55,0.99999999936)) ;
#3000=CARTESIAN_POINT('Vertex',(2.17500000075,-0.55,0.99999999936)) ;
#3003=CARTESIAN_POINT('Line Origine',(2.17500000075,-0.55,0.699999999546)) ;
#3019=CARTESIAN_POINT('Axis2P3D Location',(3.525,-0.55,-17.5808946888)) ;
#3024=CARTESIAN_POINT('Line Origine',(3.57499999967,-0.599999999671,0.99999999936)) ;
#3028=CARTESIAN_POINT('Vertex',(3.625,-0.649999999255,0.99999999936)) ;
#3031=CARTESIAN_POINT('Line Origine',(3.62499999934,-0.649999999342,1.34999999992)) ;
#3043=CARTESIAN_POINT('Axis2P3D Location',(3.625,-0.95,-17.5808946888)) ;
#3048=CARTESIAN_POINT('Line Origine',(3.625,-0.799999999627,0.99999999936)) ;
#3052=CARTESIAN_POINT('Vertex',(3.625,-0.95,0.99999999936)) ;
#3055=CARTESIAN_POINT('Line Origine',(3.625,-0.95,1.34999999992)) ;
#3067=CARTESIAN_POINT('Axis2P3D Location',(2.725,-0.95,-17.5808946888)) ;
#3072=CARTESIAN_POINT('Line Origine',(3.17499999925,-0.95,0.399999999732)) ;
#3076=CARTESIAN_POINT('Vertex',(4.1750000006,-0.94999999932,0.4)) ;
#3078=CARTESIAN_POINT('Vertex',(2.1750000006,-0.94999999932,0.4)) ;
#3081=CARTESIAN_POINT('Line Origine',(2.17499999925,-0.95,0.699999999546)) ;
#3085=CARTESIAN_POINT('Vertex',(2.17499999925,-0.95,0.99999999936)) ;
#3088=CARTESIAN_POINT('Line Origine',(2.44999999963,-0.95,0.99999999936)) ;
#3093=CARTESIAN_POINT('Line Origine',(3.89999999981,-0.95,0.99999999936)) ;
#3097=CARTESIAN_POINT('Vertex',(4.17499999925,-0.95,0.99999999936)) ;
#3100=CARTESIAN_POINT('Line Origine',(4.17499999925,-0.95,0.699999999546)) ;
#3116=CARTESIAN_POINT('Axis2P3D Location',(6.535,0.95,-17.5808946888)) ;
#3121=CARTESIAN_POINT('Line Origine',(6.535,0.799999999627,0.99999999936)) ;
#3125=CARTESIAN_POINT('Vertex',(6.535,0.95,0.99999999936)) ;
#3127=CARTESIAN_POINT('Vertex',(6.535,0.649999999255,0.99999999936)) ;
#3130=CARTESIAN_POINT('Line Origine',(6.535,0.95,1.34999999992)) ;
#3135=CARTESIAN_POINT('Line Origine',(6.535,0.649999999255,1.34999999992)) ;
#3147=CARTESIAN_POINT('Axis2P3D Location',(7.435,0.95,-17.5808946888)) ;
#3152=CARTESIAN_POINT('Line Origine',(6.98500000075,0.95,0.399999999732)) ;
#3156=CARTESIAN_POINT('Vertex',(5.98499999925,0.94999999919,0.4)) ;
#3158=CARTESIAN_POINT('Vertex',(7.98499999925,0.94999999919,0.4)) ;
#3161=CARTESIAN_POINT('Line Origine',(7.98500000075,0.95,0.699999999546)) ;
#3165=CARTESIAN_POINT('Vertex',(7.98500000075,0.95,0.99999999936)) ;
#3168=CARTESIAN_POINT('Line Origine',(7.71000000037,0.95,0.99999999936)) ;
#3172=CARTESIAN_POINT('Vertex',(7.435,0.950000000373,0.99999999936)) ;
#3175=CARTESIAN_POINT('Line Origine',(7.435,0.95,1.34999999992)) ;
#3180=CARTESIAN_POINT('Line Origine',(6.26000000019,0.95,0.99999999936)) ;
#3184=CARTESIAN_POINT('Vertex',(5.98500000075,0.95,0.99999999936)) ;
#3187=CARTESIAN_POINT('Line Origine',(5.98500000075,0.95,0.699999999546)) ;
#3203=CARTESIAN_POINT('Axis2P3D Location',(7.435,0.55,-17.5808946888)) ;
#3208=CARTESIAN_POINT('Line Origine',(7.435,0.8,0.99999999936)) ;
#3212=CARTESIAN_POINT('Vertex',(7.435,0.649999999627,0.99999999936)) ;
#3215=CARTESIAN_POINT('Line Origine',(7.435,0.649999999627,1.34999999992)) ;
#3227=CARTESIAN_POINT('Axis2P3D Location',(7.435,0.65,-17.5808946888)) ;
#3232=CARTESIAN_POINT('Line Origine',(7.38500000033,0.600000000329,0.99999999936)) ;
#3236=CARTESIAN_POINT('Vertex',(7.33500000066,0.550000000658,0.99999999936)) ;
#3239=CARTESIAN_POINT('Line Origine',(7.33500000066,0.550000000658,1.34999999992)) ;
#3251=CARTESIAN_POINT('Axis2P3D Location',(6.535,0.55,-17.5808946888)) ;
#3256=CARTESIAN_POINT('Line Origine',(6.98499999925,0.55,0.399999999732)) ;
#3260=CARTESIAN_POINT('Vertex',(7.98499999925,0.55000000068,0.4)) ;
#3262=CARTESIAN_POINT('Vertex',(5.98499999925,0.55000000068,0.4)) ;
#3265=CARTESIAN_POINT('Line Origine',(5.98499999925,0.55,0.699999999546)) ;
#3269=CARTESIAN_POINT('Vertex',(5.98499999925,0.55,0.99999999936)) ;
#3272=CARTESIAN_POINT('Line Origine',(6.30999999944,0.55,0.99999999936)) ;
#3276=CARTESIAN_POINT('Vertex',(6.635,0.55,0.99999999936)) ;
#3279=CARTESIAN_POINT('Line Origine',(6.63499999963,0.55,1.34999999992)) ;
#3284=CARTESIAN_POINT('Line Origine',(7.66,0.55,0.99999999936)) ;
#3288=CARTESIAN_POINT('Vertex',(7.98499999925,0.55,0.99999999936)) ;
#3291=CARTESIAN_POINT('Line Origine',(7.98499999925,0.55,0.699999999546)) ;
#3307=CARTESIAN_POINT('Axis2P3D Location',(6.635,0.55,-17.5808946888)) ;
#3312=CARTESIAN_POINT('Line Origine',(6.58500000033,0.599999999671,0.99999999936)) ;
#3324=CARTESIAN_POINT('Axis2P3D Location',(6.065,-0.55,-17.5808946888)) ;
#3329=CARTESIAN_POINT('Line Origine',(6.11499999967,-0.599999999671,0.99999999936)) ;
#3333=CARTESIAN_POINT('Vertex',(6.165,-0.649999999255,0.99999999936)) ;
#3336=CARTESIAN_POINT('Line Origine',(6.16499999934,-0.649999999342,1.34999999992)) ;
#3348=CARTESIAN_POINT('Axis2P3D Location',(6.165,-0.95,-17.5808946888)) ;
#3353=CARTESIAN_POINT('Line Origine',(6.165,-0.799999999627,0.99999999936)) ;
#3365=CARTESIAN_POINT('Axis2P3D Location',(8.035,-18.3361091838,0.4)) ;
#3370=CARTESIAN_POINT('Line Origine',(-1.49000811689E-010,-2.42500000081,0.4)) ;
#3374=CARTESIAN_POINT('Vertex',(-8.0350000003,-2.42500000081,0.4)) ;
#3376=CARTESIAN_POINT('Vertex',(8.035,-2.42500000081,0.4)) ;
#3379=CARTESIAN_POINT('Line Origine',(-8.0350000003,-1.63750000025,0.4)) ;
#3383=CARTESIAN_POINT('Vertex',(-8.0350000003,-0.849999999692,0.4)) ;
#3386=CARTESIAN_POINT('Line Origine',(-8.33500000011,-0.849999999692,0.4)) ;
#3390=CARTESIAN_POINT('Vertex',(-8.635,-0.849999999627,0.400000000745)) ;
#3393=CARTESIAN_POINT('Line Origine',(-8.63499999993,-6.4904526198E-011,0.4)) ;
#3397=CARTESIAN_POINT('Vertex',(-8.635,0.849999999627,0.400000000745)) ;
#3400=CARTESIAN_POINT('Line Origine',(-8.33500000011,0.849999999563,0.4)) ;
#3404=CARTESIAN_POINT('Vertex',(-8.0350000003,0.849999999563,0.4)) ;
#3407=CARTESIAN_POINT('Line Origine',(-8.0350000003,1.63750000012,0.4)) ;
#3411=CARTESIAN_POINT('Vertex',(-8.0350000003,2.42500000068,0.4)) ;
#3414=CARTESIAN_POINT('Line Origine',(-1.49000811689E-010,2.42500000068,0.4)) ;
#3418=CARTESIAN_POINT('Vertex',(8.035,2.42500000068,0.4)) ;
#3421=CARTESIAN_POINT('Line Origine',(8.035,1.63750000012,0.4)) ;
#3425=CARTESIAN_POINT('Vertex',(8.035,0.849999999563,0.4)) ;
#3428=CARTESIAN_POINT('Line Origine',(8.33499999981,0.849999999563,0.4)) ;
#3432=CARTESIAN_POINT('Vertex',(8.635,0.849999999627,0.400000000745)) ;
#3435=CARTESIAN_POINT('Line Origine',(8.63499999963,-6.4904526198E-011,0.4)) ;
#3439=CARTESIAN_POINT('Vertex',(8.635,-0.849999999627,0.400000000745)) ;
#3442=CARTESIAN_POINT('Line Origine',(8.33499999981,-0.849999999692,0.4)) ;
#3446=CARTESIAN_POINT('Vertex',(8.035,-0.849999999692,0.4)) ;
#3449=CARTESIAN_POINT('Line Origine',(8.035,-1.63750000025,0.4)) ;
#3468=CARTESIAN_POINT('Line Origine',(-4.715,0.749999999935,0.4)) ;
#3473=CARTESIAN_POINT('Line Origine',(-6.715,0.749999999935,0.4)) ;
#3484=CARTESIAN_POINT('Line Origine',(-5.98499999955,-0.750000000065,0.4)) ;
#3489=CARTESIAN_POINT('Line Origine',(-7.98499999955,-0.750000000065,0.4)) ;
#3500=CARTESIAN_POINT('Line Origine',(-2.17500000089,0.749999999935,0.4)) ;
#3505=CARTESIAN_POINT('Line Origine',(-4.17500000089,0.749999999935,0.4)) ;
#3516=CARTESIAN_POINT('Line Origine',(-3.44500000045,-0.750000000065,0.4)) ;
#3521=CARTESIAN_POINT('Line Origine',(-5.44500000045,-0.750000000065,0.4)) ;
#3532=CARTESIAN_POINT('Line Origine',(0.365000000075,0.749999999935,0.4)) ;
#3537=CARTESIAN_POINT('Line Origine',(-1.63499999993,0.749999999935,0.4)) ;
#3548=CARTESIAN_POINT('Line Origine',(-0.904999999478,-0.750000000065,0.4)) ;
#3553=CARTESIAN_POINT('Line Origine',(-2.90499999948,-0.750000000065,0.4)) ;
#3564=CARTESIAN_POINT('Line Origine',(2.90499999918,0.749999999935,0.4)) ;
#3569=CARTESIAN_POINT('Line Origine',(0.90499999918,0.749999999935,0.4)) ;
#3580=CARTESIAN_POINT('Line Origine',(1.63499999963,-0.750000000065,0.4)) ;
#3585=CARTESIAN_POINT('Line Origine',(-0.365000000373,-0.750000000065,0.4)) ;
#3596=CARTESIAN_POINT('Line Origine',(5.44500000015,0.749999999935,0.4)) ;
#3601=CARTESIAN_POINT('Line Origine',(3.44500000015,0.749999999935,0.4)) ;
#3612=CARTESIAN_POINT('Line Origine',(4.1750000006,-0.750000000065,0.4)) ;
#3617=CARTESIAN_POINT('Line Origine',(2.1750000006,-0.750000000065,0.4)) ;
#3628=CARTESIAN_POINT('Line Origine',(7.98499999925,0.749999999935,0.4)) ;
#3633=CARTESIAN_POINT('Line Origine',(5.98499999925,0.749999999935,0.4)) ;
#3644=CARTESIAN_POINT('Line Origine',(6.7149999997,-0.750000000065,0.4)) ;
#3656=CARTESIAN_POINT('Axis2P3D Location',(4.715,-0.55,1.)) ;
#3661=CARTESIAN_POINT('Line Origine',(6.715,-0.750000000186,1.)) ;
#3674=CARTESIAN_POINT('Axis2P3D Location',(6.715,-0.55,1.)) ;
#3686=CARTESIAN_POINT('Axis2P3D Location',(-8.035,-2.1,20.0361091838)) ;
#3691=CARTESIAN_POINT('Line Origine',(1.49000811689E-010,-2.1,3.60000000044)) ;
#3703=CARTESIAN_POINT('Axis2P3D Location',(8.035,2.1,20.0361091838)) ;
#3708=CARTESIAN_POINT('Line Origine',(-1.49000811689E-010,2.1,3.60000000044)) ;
#3720=CARTESIAN_POINT('Axis2P3D Location',(-8.635,-2.5,3.6)) ;
#3725=CARTESIAN_POINT('Line Origine',(-8.635,0.,3.6)) ;
#3729=CARTESIAN_POINT('Vertex',(-8.635,2.5,3.6)) ;
#3731=CARTESIAN_POINT('Vertex',(-8.635,-2.5,3.6)) ;
#3734=CARTESIAN_POINT('Line Origine',(-2.23517204745E-010,-2.5,3.6)) ;
#3738=CARTESIAN_POINT('Vertex',(8.635,-2.5,3.6)) ;
#3741=CARTESIAN_POINT('Line Origine',(8.63499999955,0.,3.6)) ;
#3745=CARTESIAN_POINT('Vertex',(8.635,2.5,3.6)) ;
#3748=CARTESIAN_POINT('Line Origine',(-2.23517204745E-010,2.5,3.6)) ;
#3766=CARTESIAN_POINT('Axis2P3D Location',(-6.715,0.95,1.)) ;
#3771=CARTESIAN_POINT('Line Origine',(-6.715,0.749999999814,1.)) ;
#3784=CARTESIAN_POINT('Axis2P3D Location',(-4.715,0.95,1.)) ;
#3789=CARTESIAN_POINT('Line Origine',(-4.715,0.749999999814,1.)) ;
#3801=CARTESIAN_POINT('Axis2P3D Location',(-6.715,0.95,1.)) ;
#3814=CARTESIAN_POINT('Axis2P3D Location',(-6.715,0.55,1.)) ;
#3826=CARTESIAN_POINT('Axis2P3D Location',(-7.985,-0.55,1.)) ;
#3831=CARTESIAN_POINT('Line Origine',(-7.985,-0.750000000186,1.)) ;
#3844=CARTESIAN_POINT('Axis2P3D Location',(-5.985,-0.55,1.)) ;
#3849=CARTESIAN_POINT('Line Origine',(-5.985,-0.750000000186,1.)) ;
#3861=CARTESIAN_POINT('Axis2P3D Location',(-7.985,-0.55,1.)) ;
#3874=CARTESIAN_POINT('Axis2P3D Location',(-7.985,-0.95,1.)) ;
#3886=CARTESIAN_POINT('Axis2P3D Location',(-4.175,0.95,1.)) ;
#3891=CARTESIAN_POINT('Line Origine',(-4.175,0.749999999814,1.)) ;
#3904=CARTESIAN_POINT('Axis2P3D Location',(-2.175,0.95,1.)) ;
#3909=CARTESIAN_POINT('Line Origine',(-2.175,0.749999999814,1.)) ;
#3921=CARTESIAN_POINT('Axis2P3D Location',(-4.175,0.95,1.)) ;
#3934=CARTESIAN_POINT('Axis2P3D Location',(-4.175,0.55,1.)) ;
#3946=CARTESIAN_POINT('Axis2P3D Location',(-5.445,-0.55,1.)) ;
#3951=CARTESIAN_POINT('Line Origine',(-5.445,-0.750000000186,1.)) ;
#3964=CARTESIAN_POINT('Axis2P3D Location',(-3.445,-0.55,1.)) ;
#3969=CARTESIAN_POINT('Line Origine',(-3.445,-0.750000000186,1.)) ;
#3981=CARTESIAN_POINT('Axis2P3D Location',(-5.445,-0.55,1.)) ;
#3994=CARTESIAN_POINT('Axis2P3D Location',(-5.445,-0.95,1.)) ;
#4006=CARTESIAN_POINT('Axis2P3D Location',(-1.635,0.95,1.)) ;
#4011=CARTESIAN_POINT('Line Origine',(-1.635,0.749999999814,1.)) ;
#4024=CARTESIAN_POINT('Axis2P3D Location',(0.365,0.95,1.)) ;
#4029=CARTESIAN_POINT('Line Origine',(0.365,0.749999999814,1.)) ;
#4041=CARTESIAN_POINT('Axis2P3D Location',(-1.635,0.95,1.)) ;
#4054=CARTESIAN_POINT('Axis2P3D Location',(-1.635,0.55,1.)) ;
#4066=CARTESIAN_POINT('Axis2P3D Location',(-2.905,-0.55,1.)) ;
#4071=CARTESIAN_POINT('Line Origine',(-2.905,-0.750000000186,1.)) ;
#4084=CARTESIAN_POINT('Axis2P3D Location',(-0.905,-0.55,1.)) ;
#4089=CARTESIAN_POINT('Line Origine',(-0.905,-0.750000000186,1.)) ;
#4101=CARTESIAN_POINT('Axis2P3D Location',(-2.905,-0.55,1.)) ;
#4114=CARTESIAN_POINT('Axis2P3D Location',(-2.905,-0.95,1.)) ;
#4126=CARTESIAN_POINT('Axis2P3D Location',(0.905,0.95,1.)) ;
#4131=CARTESIAN_POINT('Line Origine',(0.905,0.749999999814,1.)) ;
#4144=CARTESIAN_POINT('Axis2P3D Location',(2.905,0.95,1.)) ;
#4149=CARTESIAN_POINT('Line Origine',(2.905,0.749999999814,1.)) ;
#4161=CARTESIAN_POINT('Axis2P3D Location',(0.905,0.95,1.)) ;
#4174=CARTESIAN_POINT('Axis2P3D Location',(0.905,0.55,1.)) ;
#4186=CARTESIAN_POINT('Axis2P3D Location',(-0.365,-0.55,1.)) ;
#4191=CARTESIAN_POINT('Line Origine',(-0.365,-0.750000000186,1.)) ;
#4204=CARTESIAN_POINT('Axis2P3D Location',(1.635,-0.55,1.)) ;
#4209=CARTESIAN_POINT('Line Origine',(1.635,-0.750000000186,1.)) ;
#4221=CARTESIAN_POINT('Axis2P3D Location',(-0.365,-0.55,1.)) ;
#4234=CARTESIAN_POINT('Axis2P3D Location',(-0.365,-0.95,1.)) ;
#4246=CARTESIAN_POINT('Axis2P3D Location',(3.445,0.95,1.)) ;
#4251=CARTESIAN_POINT('Line Origine',(3.445,0.749999999814,1.)) ;
#4264=CARTESIAN_POINT('Axis2P3D Location',(5.445,0.95,1.)) ;
#4269=CARTESIAN_POINT('Line Origine',(5.445,0.749999999814,1.)) ;
#4281=CARTESIAN_POINT('Axis2P3D Location',(3.445,0.95,1.)) ;
#4294=CARTESIAN_POINT('Axis2P3D Location',(3.445,0.55,1.)) ;
#4306=CARTESIAN_POINT('Axis2P3D Location',(2.175,-0.55,1.)) ;
#4311=CARTESIAN_POINT('Line Origine',(2.175,-0.750000000186,1.)) ;
#4324=CARTESIAN_POINT('Axis2P3D Location',(4.175,-0.55,1.)) ;
#4329=CARTESIAN_POINT('Line Origine',(4.175,-0.750000000186,1.)) ;
#4341=CARTESIAN_POINT('Axis2P3D Location',(2.175,-0.55,1.)) ;
#4354=CARTESIAN_POINT('Axis2P3D Location',(2.175,-0.95,1.)) ;
#4366=CARTESIAN_POINT('Axis2P3D Location',(5.985,0.95,1.)) ;
#4371=CARTESIAN_POINT('Line Origine',(5.985,0.749999999814,1.)) ;
#4384=CARTESIAN_POINT('Axis2P3D Location',(7.985,0.95,1.)) ;
#4389=CARTESIAN_POINT('Line Origine',(7.985,0.749999999814,1.)) ;
#4401=CARTESIAN_POINT('Axis2P3D Location',(5.985,0.95,1.)) ;
#4414=CARTESIAN_POINT('Axis2P3D Location',(5.985,0.55,1.)) ;
#4426=CARTESIAN_POINT('Axis2P3D Location',(18.3361091838,-2.5,1.6)) ;
#4431=CARTESIAN_POINT('Line Origine',(8.03500000021,-2.41249999999,0.199999999801)) ;
#4435=CARTESIAN_POINT('Vertex',(8.03499999993,-2.40000000037,0.)) ;
#4438=CARTESIAN_POINT('Line Origine',(8.18499999966,-2.39999999995,-7.58091367459E-010)) ;
#4442=CARTESIAN_POINT('Vertex',(8.33500000067,-2.40000000037,0.)) ;
#4445=CARTESIAN_POINT('Line Origine',(8.48499999947,-2.40937499996,0.149999999429)) ;
#4449=CARTESIAN_POINT('Vertex',(8.635,-2.41874999925,0.299999999255)) ;
#4452=CARTESIAN_POINT('Line Origine',(8.63499999984,-2.45937499999,0.949999999808)) ;
#4456=CARTESIAN_POINT('Vertex',(8.635,-2.5,1.6)) ;
#4459=CARTESIAN_POINT('Line Origine',(6.48991971275E-011,-2.5,1.6)) ;
#4463=CARTESIAN_POINT('Vertex',(-8.635,-2.5,1.6)) ;
#4466=CARTESIAN_POINT('Line Origine',(-8.63499999971,-2.45937499999,0.949999999808)) ;
#4470=CARTESIAN_POINT('Vertex',(-8.635,-2.41874999925,0.299999999255)) ;
#4473=CARTESIAN_POINT('Line Origine',(-8.48500000027,-2.40937499996,0.149999999429)) ;
#4477=CARTESIAN_POINT('Vertex',(-8.33500000066,-2.40000000037,6.56178611447E-010)) ;
#4480=CARTESIAN_POINT('Line Origine',(-8.18500000046,-2.39999999995,-7.58091367459E-010)) ;
#4484=CARTESIAN_POINT('Vertex',(-8.03500000037,-2.40000000037,0.)) ;
#4487=CARTESIAN_POINT('Line Origine',(-8.03500000008,-2.41249999999,0.199999999801)) ;
#4505=CARTESIAN_POINT('Axis2P3D Location',(-8.035,-18.3361091838,0.4)) ;
#4510=CARTESIAN_POINT('Line Origine',(-8.035,-1.62500000006,-3.72530006842E-010)) ;
#4514=CARTESIAN_POINT('Vertex',(-8.03500000037,-0.849999999627,0.)) ;
#4517=CARTESIAN_POINT('Line Origine',(-8.035,-0.849999999692,0.199999999814)) ;
#4529=CARTESIAN_POINT('Axis2P3D Location',(-18.3361091838,-0.85,0.4)) ;
#4534=CARTESIAN_POINT('Line Origine',(-8.33500000003,-0.85,-3.72532005244E-010)) ;
#4538=CARTESIAN_POINT('Vertex',(-8.635,-0.849999999627,0.)) ;
#4541=CARTESIAN_POINT('Line Origine',(-8.88499999984,-0.85,0.249999999627)) ;
#4545=CARTESIAN_POINT('Vertex',(-9.13499999984,-0.85,0.499999999627)) ;
#4548=CARTESIAN_POINT('Line Origine',(-9.13499999984,-0.85,0.549999999441)) ;
#4552=CARTESIAN_POINT('Vertex',(-9.13499999984,-0.85,0.599999999255)) ;
#4555=CARTESIAN_POINT('Line Origine',(-8.88499999984,-0.85,0.599999999255)) ;
#4559=CARTESIAN_POINT('Vertex',(-8.635,-0.849999999627,0.6)) ;
#4562=CARTESIAN_POINT('Line Origine',(-8.63499999984,-0.85,0.499999999627)) ;
#4577=CARTESIAN_POINT('Axis2P3D Location',(-8.635,2.5,3.6)) ;
#4582=CARTESIAN_POINT('Line Origine',(-8.635,1.34999999963,0.449999999627)) ;
#4586=CARTESIAN_POINT('Vertex',(-8.635,1.34999999963,0.299999999255)) ;
#4588=CARTESIAN_POINT('Vertex',(-8.635,1.34999999963,0.6)) ;
#4591=CARTESIAN_POINT('Line Origine',(-8.635,1.09999999963,0.6)) ;
#4595=CARTESIAN_POINT('Vertex',(-8.635,0.849999999627,0.6)) ;
#4598=CARTESIAN_POINT('Line Origine',(-8.635,0.849999999627,0.500000000373)) ;
#4603=CARTESIAN_POINT('Line Origine',(-8.635,-1.09999999963,0.6)) ;
#4607=CARTESIAN_POINT('Vertex',(-8.635,-1.34999999963,0.6)) ;
#4610=CARTESIAN_POINT('Line Origine',(-8.635,-1.34999999963,0.449999999627)) ;
#4614=CARTESIAN_POINT('Vertex',(-8.635,-1.34999999963,0.299999999255)) ;
#4617=CARTESIAN_POINT('Line Origine',(-8.635,-1.88437499944,0.299999999255)) ;
#4622=CARTESIAN_POINT('Line Origine',(-8.635,-2.5,2.6)) ;
#4627=CARTESIAN_POINT('Line Origine',(-8.635,2.5,2.6)) ;
#4631=CARTESIAN_POINT('Vertex',(-8.635,2.5,1.6)) ;
#4634=CARTESIAN_POINT('Line Origine',(-8.635,2.45937499963,0.949999999627)) ;
#4638=CARTESIAN_POINT('Vertex',(-8.635,2.41874999925,0.299999999255)) ;
#4641=CARTESIAN_POINT('Line Origine',(-8.635,1.88437499944,0.299999999255)) ;
#4662=CARTESIAN_POINT('Line Origine',(-8.635,-0.525000000373,2.05000000019)) ;
#4666=CARTESIAN_POINT('Vertex',(-8.635,-0.499999999255,2.5)) ;
#4668=CARTESIAN_POINT('Vertex',(-8.635,-0.55,1.6)) ;
#4671=CARTESIAN_POINT('Line Origine',(-8.635,0.,1.6)) ;
#4675=CARTESIAN_POINT('Vertex',(-8.635,0.549999999627,1.6)) ;
#4678=CARTESIAN_POINT('Line Origine',(-8.635,0.525000000373,2.05000000019)) ;
#4682=CARTESIAN_POINT('Vertex',(-8.635,0.500000000745,2.5)) ;
#4685=CARTESIAN_POINT('Line Origine',(-8.635,0.,2.50000000037)) ;
#4697=CARTESIAN_POINT('Axis2P3D Location',(-18.3361091838,0.85,3.12284933783E-016)) ;
#4702=CARTESIAN_POINT('Line Origine',(-8.88499999984,0.85,0.599999999627)) ;
#4706=CARTESIAN_POINT('Vertex',(-9.13499999984,0.85,0.599999999627)) ;
#4709=CARTESIAN_POINT('Line Origine',(-9.13499999984,0.85,0.549999999814)) ;
#4713=CARTESIAN_POINT('Vertex',(-9.13499999984,0.85,0.5)) ;
#4716=CARTESIAN_POINT('Line Origine',(-8.88499999984,0.85,0.25)) ;
#4720=CARTESIAN_POINT('Vertex',(-8.635,0.849999999627,0.)) ;
#4723=CARTESIAN_POINT('Line Origine',(-8.33500000003,0.85,3.12284933783E-016)) ;
#4727=CARTESIAN_POINT('Vertex',(-8.03500000037,0.849999999627,0.)) ;
#4730=CARTESIAN_POINT('Line Origine',(-8.03500000021,0.85,0.200000000186)) ;
#4745=CARTESIAN_POINT('Axis2P3D Location',(-8.035,-18.3361091838,0.4)) ;
#4750=CARTESIAN_POINT('Line Origine',(-8.035,2.41250000049,0.199999999814)) ;
#4754=CARTESIAN_POINT('Vertex',(-8.03500000037,2.40000000037,0.)) ;
#4757=CARTESIAN_POINT('Line Origine',(-8.035,1.62499999994,-3.72530006842E-010)) ;
#4769=CARTESIAN_POINT('Axis2P3D Location',(18.3361091838,2.5,1.6)) ;
#4774=CARTESIAN_POINT('Line Origine',(-8.18500000046,2.39999999995,-7.58091367459E-010)) ;
#4778=CARTESIAN_POINT('Vertex',(-8.33500000066,2.40000000037,6.56178611447E-010)) ;
#4781=CARTESIAN_POINT('Line Origine',(-8.48500000027,2.40937499996,0.149999999429)) ;
#4786=CARTESIAN_POINT('Line Origine',(6.48991971275E-011,2.5,1.6)) ;
#4790=CARTESIAN_POINT('Vertex',(8.635,2.5,1.6)) ;
#4793=CARTESIAN_POINT('Line Origine',(8.63499999984,2.45937499999,0.949999999808)) ;
#4797=CARTESIAN_POINT('Vertex',(8.635,2.41874999925,0.299999999255)) ;
#4800=CARTESIAN_POINT('Line Origine',(8.48499999947,2.40937499996,0.149999999429)) ;
#4804=CARTESIAN_POINT('Vertex',(8.33500000067,2.40000000037,0.)) ;
#4807=CARTESIAN_POINT('Line Origine',(8.18499999966,2.39999999995,-7.58091367459E-010)) ;
#4811=CARTESIAN_POINT('Vertex',(8.03499999993,2.40000000037,0.)) ;
#4814=CARTESIAN_POINT('Line Origine',(8.03500000021,2.41249999999,0.199999999801)) ;
#4832=CARTESIAN_POINT('Axis2P3D Location',(8.035,-18.3361091838,0.)) ;
#4837=CARTESIAN_POINT('Line Origine',(8.035,1.62499999994,0.)) ;
#4841=CARTESIAN_POINT('Vertex',(8.03499999993,0.849999999627,0.)) ;
#4844=CARTESIAN_POINT('Line Origine',(8.035,0.849999999563,0.200000000186)) ;
#4856=CARTESIAN_POINT('Axis2P3D Location',(18.3361091838,0.85,3.12284933783E-016)) ;
#4861=CARTESIAN_POINT('Line Origine',(8.33500000003,0.85,3.12284933783E-016)) ;
#4865=CARTESIAN_POINT('Vertex',(8.63499999955,0.849999999627,0.)) ;
#4868=CARTESIAN_POINT('Line Origine',(8.88499999984,0.85,0.25)) ;
#4872=CARTESIAN_POINT('Vertex',(9.13499999984,0.85,0.5)) ;
#4875=CARTESIAN_POINT('Line Origine',(9.13499999984,0.85,0.549999999814)) ;
#4879=CARTESIAN_POINT('Vertex',(9.13499999984,0.85,0.599999999627)) ;
#4882=CARTESIAN_POINT('Line Origine',(8.88499999984,0.85,0.599999999627)) ;
#4886=CARTESIAN_POINT('Vertex',(8.635,0.849999999627,0.6)) ;
#4889=CARTESIAN_POINT('Line Origine',(8.63499999984,0.85,0.5)) ;
#4904=CARTESIAN_POINT('Axis2P3D Location',(8.635,-2.5,3.6)) ;
#4909=CARTESIAN_POINT('Line Origine',(8.635,1.09999999963,0.6)) ;
#4913=CARTESIAN_POINT('Vertex',(8.635,1.34999999963,0.6)) ;
#4916=CARTESIAN_POINT('Line Origine',(8.635,1.34999999963,0.449999999627)) ;
#4920=CARTESIAN_POINT('Vertex',(8.635,1.34999999963,0.299999999255)) ;
#4923=CARTESIAN_POINT('Line Origine',(8.635,1.88437499944,0.299999999255)) ;
#4928=CARTESIAN_POINT('Line Origine',(8.635,2.5,2.6)) ;
#4933=CARTESIAN_POINT('Line Origine',(8.635,-2.5,2.6)) ;
#4938=CARTESIAN_POINT('Line Origine',(8.635,-1.88437499944,0.299999999255)) ;
#4942=CARTESIAN_POINT('Vertex',(8.635,-1.34999999963,0.299999999255)) ;
#4945=CARTESIAN_POINT('Line Origine',(8.635,-1.34999999963,0.449999999627)) ;
#4949=CARTESIAN_POINT('Vertex',(8.635,-1.34999999963,0.6)) ;
#4952=CARTESIAN_POINT('Line Origine',(8.635,-1.09999999963,0.6)) ;
#4956=CARTESIAN_POINT('Vertex',(8.635,-0.849999999627,0.6)) ;
#4959=CARTESIAN_POINT('Line Origine',(8.635,-0.849999999627,0.500000000373)) ;
#4980=CARTESIAN_POINT('Line Origine',(8.635,0.,1.6)) ;
#4984=CARTESIAN_POINT('Vertex',(8.635,-0.55,1.6)) ;
#4986=CARTESIAN_POINT('Vertex',(8.635,0.549999999627,1.6)) ;
#4989=CARTESIAN_POINT('Line Origine',(8.635,-0.525000000373,2.05000000019)) ;
#4993=CARTESIAN_POINT('Vertex',(8.635,-0.499999999255,2.5)) ;
#4996=CARTESIAN_POINT('Line Origine',(8.635,0.,2.50000000037)) ;
#5000=CARTESIAN_POINT('Vertex',(8.635,0.500000000745,2.5)) ;
#5003=CARTESIAN_POINT('Line Origine',(8.635,0.525000000373,2.05000000019)) ;
#5015=CARTESIAN_POINT('Axis2P3D Location',(18.3361091838,-0.85,0.4)) ;
#5020=CARTESIAN_POINT('Line Origine',(8.88499999984,-0.85,0.599999999255)) ;
#5024=CARTESIAN_POINT('Vertex',(9.13499999984,-0.85,0.599999999255)) ;
#5027=CARTESIAN_POINT('Line Origine',(9.13499999984,-0.85,0.549999999441)) ;
#5031=CARTESIAN_POINT('Vertex',(9.13499999984,-0.85,0.499999999627)) ;
#5034=CARTESIAN_POINT('Line Origine',(8.88499999984,-0.85,0.249999999627)) ;
#5038=CARTESIAN_POINT('Vertex',(8.63499999955,-0.849999999627,0.)) ;
#5041=CARTESIAN_POINT('Line Origine',(8.33500000003,-0.85,-3.72532005244E-010)) ;
#5045=CARTESIAN_POINT('Vertex',(8.03499999993,-0.849999999627,0.)) ;
#5048=CARTESIAN_POINT('Line Origine',(8.03500000021,-0.85,0.199999999814)) ;
#5063=CARTESIAN_POINT('Axis2P3D Location',(8.035,-18.3361091838,0.)) ;
#5068=CARTESIAN_POINT('Line Origine',(8.035,-1.62500000006,0.)) ;
#5080=CARTESIAN_POINT('Axis2P3D Location',(-8.635,-2.5,3.6)) ;
#5092=CARTESIAN_POINT('Axis2P3D Location',(8.635,2.5,3.6)) ;
#5104=CARTESIAN_POINT('Axis2P3D Location',(-8.635,-2.5,0.)) ;
#5109=CARTESIAN_POINT('Line Origine',(8.63499999955,-1.09999999963,0.)) ;
#5113=CARTESIAN_POINT('Vertex',(8.63499999955,-1.34999999963,0.)) ;
#5116=CARTESIAN_POINT('Line Origine',(8.48500000011,-1.34999999963,0.)) ;
#5120=CARTESIAN_POINT('Vertex',(8.33500000067,-1.34999999963,0.)) ;
#5123=CARTESIAN_POINT('Line Origine',(8.33500000067,-1.875,0.)) ;
#5137=CARTESIAN_POINT('Axis2P3D Location',(8.635,-2.5,0.3)) ;
#5142=CARTESIAN_POINT('Line Origine',(8.48500000033,-1.34999999963,0.150000000328)) ;
#5154=CARTESIAN_POINT('Axis2P3D Location',(-8.635,2.5,0.3)) ;
#5159=CARTESIAN_POINT('Line Origine',(-8.48500000033,-1.34999999963,0.150000000328)) ;
#5163=CARTESIAN_POINT('Vertex',(-8.33500000066,-1.34999999963,6.56178611447E-010)) ;
#5166=CARTESIAN_POINT('Line Origine',(-8.33500000066,-1.875,6.56178611447E-010)) ;
#5178=CARTESIAN_POINT('Axis2P3D Location',(-8.635,-2.5,0.)) ;
#5183=CARTESIAN_POINT('Line Origine',(-8.48499999963,-1.34999999963,0.)) ;
#5187=CARTESIAN_POINT('Vertex',(-8.635,-1.34999999963,0.)) ;
#5190=CARTESIAN_POINT('Line Origine',(-8.635,-1.09999999963,0.)) ;
#5204=CARTESIAN_POINT('Axis2P3D Location',(-8.635,-1.35,-5.87366526944E-014)) ;
#5209=CARTESIAN_POINT('Line Origine',(-8.88499999967,-1.35,0.249999999673)) ;
#5213=CARTESIAN_POINT('Vertex',(-9.13499999935,-1.35,0.499999999345)) ;
#5216=CARTESIAN_POINT('Line Origine',(-9.13499999935,-1.1,0.499999999345)) ;
#5228=CARTESIAN_POINT('Axis2P3D Location',(-9.135,-1.35,0.5)) ;
#5233=CARTESIAN_POINT('Line Origine',(-9.135,-1.35,0.549999999814)) ;
#5237=CARTESIAN_POINT('Vertex',(-9.135,-1.35,0.599999999627)) ;
#5240=CARTESIAN_POINT('Line Origine',(-9.135,-1.1,0.599999999627)) ;
#5252=CARTESIAN_POINT('Axis2P3D Location',(-9.135,-1.35,0.6)) ;
#5257=CARTESIAN_POINT('Line Origine',(-8.885,-1.35,0.6)) ;
#5269=CARTESIAN_POINT('Axis2P3D Location',(-8.635,1.35,-5.87637577487E-014)) ;
#5274=CARTESIAN_POINT('Line Origine',(-8.48499999963,1.35,-5.87637577487E-014)) ;
#5278=CARTESIAN_POINT('Vertex',(-8.635,1.34999999963,0.)) ;
#5280=CARTESIAN_POINT('Vertex',(-8.33500000066,1.34999999963,6.56178611447E-010)) ;
#5283=CARTESIAN_POINT('Line Origine',(-8.885,1.35,0.25)) ;
#5287=CARTESIAN_POINT('Vertex',(-9.135,1.35,0.500000000372)) ;
#5290=CARTESIAN_POINT('Line Origine',(-9.135,1.35,0.549999999814)) ;
#5294=CARTESIAN_POINT('Vertex',(-9.135,1.35,0.6)) ;
#5297=CARTESIAN_POINT('Line Origine',(-8.885,1.35,0.599999999627)) ;
#5302=CARTESIAN_POINT('Line Origine',(-8.48499999963,1.35,0.150000000372)) ;
#5316=CARTESIAN_POINT('Axis2P3D Location',(-8.635,1.35,0.6)) ;
#5321=CARTESIAN_POINT('Line Origine',(-9.135,1.1,0.6)) ;
#5333=CARTESIAN_POINT('Axis2P3D Location',(-8.335,-1.35,2.07805077263E-042)) ;
#5347=CARTESIAN_POINT('Axis2P3D Location',(-8.635,2.5,0.3)) ;
#5352=CARTESIAN_POINT('Line Origine',(-8.33500000066,1.875,6.56178611447E-010)) ;
#5364=CARTESIAN_POINT('Axis2P3D Location',(-27.9158946888,-0.5,2.5)) ;
#5369=CARTESIAN_POINT('Line Origine',(-8.88499999952,-0.5,2.5)) ;
#5373=CARTESIAN_POINT('Vertex',(-9.135,-0.499999999255,2.49999999963)) ;
#5376=CARTESIAN_POINT('Line Origine',(-9.13499999952,-0.502777777787,2.44999999983)) ;
#5380=CARTESIAN_POINT('Vertex',(-9.13499999959,-0.505555556342,2.39999999934)) ;
#5383=CARTESIAN_POINT('Line Origine',(-8.88499999952,-0.527777777767,2.00000000019)) ;
#5395=CARTESIAN_POINT('Axis2P3D Location',(-8.635,-0.55,1.6)) ;
#5400=CARTESIAN_POINT('Line Origine',(-9.13499999959,-1.86264559332E-010,2.39999999934)) ;
#5404=CARTESIAN_POINT('Vertex',(-9.13499999959,0.505555555969,2.39999999934)) ;
#5407=CARTESIAN_POINT('Line Origine',(-8.88499999979,0.527777777798,1.99999999967)) ;
#5419=CARTESIAN_POINT('Axis2P3D Location',(-27.9158946888,0.5,2.5)) ;
#5424=CARTESIAN_POINT('Line Origine',(-9.13499999952,0.502777777787,2.44999999983)) ;
#5428=CARTESIAN_POINT('Vertex',(-9.135,0.500000000745,2.49999999963)) ;
#5431=CARTESIAN_POINT('Line Origine',(-8.88499999952,0.5,2.5)) ;
#5443=CARTESIAN_POINT('Axis2P3D Location',(-9.135,-0.55,2.5)) ;
#5448=CARTESIAN_POINT('Line Origine',(-9.135,7.45058015283E-010,2.5)) ;
#5460=CARTESIAN_POINT('Axis2P3D Location',(-9.135,1.35,0.6)) ;
#5465=CARTESIAN_POINT('Line Origine',(-9.135,1.1,0.500000000372)) ;
#5477=CARTESIAN_POINT('Axis2P3D Location',(-9.135,1.35,0.5)) ;
#5482=CARTESIAN_POINT('Line Origine',(-8.63500000065,1.1,6.54528486965E-010)) ;
#5494=CARTESIAN_POINT('Axis2P3D Location',(-8.635,-2.5,0.)) ;
#5508=CARTESIAN_POINT('Axis2P3D Location',(8.635,-2.5,0.3)) ;
#5513=CARTESIAN_POINT('Line Origine',(8.48500000033,1.34999999963,0.150000000328)) ;
#5517=CARTESIAN_POINT('Vertex',(8.33500000067,1.34999999963,0.)) ;
#5520=CARTESIAN_POINT('Line Origine',(8.33500000066,1.875,6.56177612246E-010)) ;
#5532=CARTESIAN_POINT('Axis2P3D Location',(-8.635,-2.5,0.)) ;
#5537=CARTESIAN_POINT('Line Origine',(8.48500000011,1.34999999963,0.)) ;
#5541=CARTESIAN_POINT('Vertex',(8.63499999955,1.34999999963,0.)) ;
#5544=CARTESIAN_POINT('Line Origine',(8.63499999955,1.09999999963,0.)) ;
#5558=CARTESIAN_POINT('Axis2P3D Location',(9.135,1.35,0.5)) ;
#5563=CARTESIAN_POINT('Line Origine',(8.88500000033,1.35,0.250000000327)) ;
#5567=CARTESIAN_POINT('Vertex',(9.135,1.35,0.500000000372)) ;
#5570=CARTESIAN_POINT('Line Origine',(9.135,1.1,0.5)) ;
#5582=CARTESIAN_POINT('Axis2P3D Location',(9.135,1.35,0.6)) ;
#5587=CARTESIAN_POINT('Line Origine',(9.135,1.35,0.550000000186)) ;
#5591=CARTESIAN_POINT('Vertex',(9.135,1.35,0.6)) ;
#5594=CARTESIAN_POINT('Line Origine',(9.135,1.1,0.6)) ;
#5606=CARTESIAN_POINT('Axis2P3D Location',(8.635,1.35,0.6)) ;
#5611=CARTESIAN_POINT('Line Origine',(8.885,1.35,0.6)) ;
#5623=CARTESIAN_POINT('Axis2P3D Location',(8.635,1.35,-5.87095476401E-014)) ;
#5637=CARTESIAN_POINT('Axis2P3D Location',(8.335,-1.35,4.15610154526E-042)) ;
#5642=CARTESIAN_POINT('Line Origine',(8.88500000075,-1.35,0.25)) ;
#5646=CARTESIAN_POINT('Vertex',(9.13499999935,-1.35,0.499999999345)) ;
#5649=CARTESIAN_POINT('Line Origine',(9.13500000075,-1.35,0.549999999814)) ;
#5653=CARTESIAN_POINT('Vertex',(9.135,-1.35,0.599999999627)) ;
#5656=CARTESIAN_POINT('Line Origine',(8.88500000075,-1.35,0.599999999627)) ;
#5670=CARTESIAN_POINT('Axis2P3D Location',(9.135,-1.35,0.6)) ;
#5675=CARTESIAN_POINT('Line Origine',(9.135,-1.1,0.6)) ;
#5687=CARTESIAN_POINT('Axis2P3D Location',(8.635,-0.55,1.6)) ;
#5692=CARTESIAN_POINT('Line Origine',(8.88499999979,-0.527777778171,1.99999999967)) ;
#5696=CARTESIAN_POINT('Vertex',(9.13499999959,-0.505555556342,2.39999999934)) ;
#5699=CARTESIAN_POINT('Line Origine',(8.88499999979,0.527777777798,1.99999999967)) ;
#5703=CARTESIAN_POINT('Vertex',(9.13499999959,0.505555555969,2.39999999934)) ;
#5706=CARTESIAN_POINT('Line Origine',(9.13499999959,-1.86264559332E-010,2.39999999934)) ;
#5718=CARTESIAN_POINT('Axis2P3D Location',(27.9158946888,-0.55,1.6)) ;
#5723=CARTESIAN_POINT('Line Origine',(9.13499999952,-0.502777777775,2.45000000006)) ;
#5727=CARTESIAN_POINT('Vertex',(9.135,-0.499999999255,2.49999999963)) ;
#5730=CARTESIAN_POINT('Line Origine',(8.88499999952,-0.500000000039,2.49999999929)) ;
#5742=CARTESIAN_POINT('Axis2P3D Location',(9.135,-0.55,2.5)) ;
#5747=CARTESIAN_POINT('Line Origine',(9.135,7.45058015283E-010,2.5)) ;
#5751=CARTESIAN_POINT('Vertex',(9.135,0.500000000745,2.49999999963)) ;
#5754=CARTESIAN_POINT('Line Origine',(8.885,0.500000000745,2.5)) ;
#5766=CARTESIAN_POINT('Axis2P3D Location',(27.9158946888,0.55,1.6)) ;
#5771=CARTESIAN_POINT('Line Origine',(9.13499999952,0.502777777775,2.45000000006)) ;
#5783=CARTESIAN_POINT('Axis2P3D Location',(9.135,-1.35,0.5)) ;
#5788=CARTESIAN_POINT('Line Origine',(9.135,-1.1,0.5)) ;
#5800=CARTESIAN_POINT('Axis2P3D Location',(8.635,-1.35,-5.87366526944E-014)) ;
#5812=CARTESIAN_POINT('Axis2P3D Location',(-9.135,-0.55,2.4)) ;
#5824=CARTESIAN_POINT('Axis2P3D Location',(9.135,-0.55,2.4)) ;
#5845=CARTESIAN_POINT('NONE',(0.,0.,0.)) ;
#5846=CARTESIAN_POINT('NONE',(0.,0.,0.)) ;
#5869=CARTESIAN_POINT('Axis2P3D Location',(-1.,-0.2,0.)) ;
#5874=CARTESIAN_POINT('Line Origine',(-0.575000000186,0.200000000373,7.80712334114E-017)) ;
#5878=CARTESIAN_POINT('Vertex',(-0.900000000373,0.200000000373,1.83697019188E-017)) ;
#5880=CARTESIAN_POINT('Vertex',(-0.25,0.200000000373,1.37772764904E-016)) ;
#5883=CARTESIAN_POINT('Line Origine',(-0.25,1.86264503821E-010,1.37772764904E-016)) ;
#5887=CARTESIAN_POINT('Vertex',(-0.25,-0.2,1.37772764904E-016)) ;
#5890=CARTESIAN_POINT('Line Origine',(-0.575000000186,-0.2,7.80712334114E-017)) ;
#5894=CARTESIAN_POINT('Vertex',(-0.900000000373,-0.2,1.83697019188E-017)) ;
#5897=CARTESIAN_POINT('Line Origine',(-0.900000000373,1.86264503821E-010,1.83697019188E-017)) ;
#5909=CARTESIAN_POINT('Axis2P3D Location',(-1.,0.2,0.)) ;
#5914=CARTESIAN_POINT('Line Origine',(0.674999999814,0.2,0.599999999627)) ;
#5918=CARTESIAN_POINT('Vertex',(0.900000000373,0.200000000373,0.6)) ;
#5920=CARTESIAN_POINT('Vertex',(0.449999999255,0.200000000373,0.6)) ;
#5924=CARTESIAN_POINT('Control Point',(1.,0.2,0.5)) ;
#5925=CARTESIAN_POINT('Control Point',(1.,0.2,0.512463949432)) ;
#5926=CARTESIAN_POINT('Control Point',(0.998058124719,0.2,0.524927212308)) ;
#5927=CARTESIAN_POINT('Control Point',(0.993983344281,0.2,0.537469469495)) ;
#5928=CARTESIAN_POINT('Control Point',(0.982472305978,0.2,0.559920485664)) ;
#5929=CARTESIAN_POINT('Control Point',(0.964678841353,0.2,0.577803657408)) ;
#5930=CARTESIAN_POINT('Control Point',(0.954010120267,0.2,0.585555461905)) ;
#5931=CARTESIAN_POINT('Control Point',(0.937093766922,0.2,0.594120908669)) ;
#5932=CARTESIAN_POINT('Control Point',(0.918823185243,0.2,0.598513449747)) ;
#5933=CARTESIAN_POINT('Control Point',(0.91254076437,0.2,0.599508542157)) ;
#5934=CARTESIAN_POINT('Control Point',(0.906270295493,0.2,0.599999999627)) ;
#5935=CARTESIAN_POINT('Control Point',(0.900000000373,0.2,0.599999999627)) ;
#5936=CARTESIAN_POINT('Vertex',(1.,0.200000000373,0.5)) ;
#5939=CARTESIAN_POINT('Line Origine',(1.,0.2,0.299999999814)) ;
#5943=CARTESIAN_POINT('Vertex',(1.,0.200000000373,0.0999999996275)) ;
#5947=CARTESIAN_POINT('Control Point',(0.900000000373,0.2,-3.46944695195E-018)) ;
#5948=CARTESIAN_POINT('Control Point',(0.912463949805,0.2,-1.73472347598E-018)) ;
#5949=CARTESIAN_POINT('Control Point',(0.92492721268,0.2,0.00194187528128)) ;
#5950=CARTESIAN_POINT('Control Point',(0.937469469868,0.2,0.00601665571933)) ;
#5951=CARTESIAN_POINT('Control Point',(0.959920486037,0.2,0.017527694022)) ;
#5952=CARTESIAN_POINT('Control Point',(0.977803657781,0.2,0.0353211586465)) ;
#5953=CARTESIAN_POINT('Control Point',(0.985555462278,0.2,0.0459898797327)) ;
#5954=CARTESIAN_POINT('Control Point',(0.994120909041,0.2,0.0629062330778)) ;
#5955=CARTESIAN_POINT('Control Point',(0.998513450119,0.2,0.0811768147566)) ;
#5956=CARTESIAN_POINT('Control Point',(0.99950854253,0.2,0.0874592356303)) ;
#5957=CARTESIAN_POINT('Control Point',(1.,0.2,0.0937297045071)) ;
#5958=CARTESIAN_POINT('Control Point',(1.,0.2,0.0999999996275)) ;
#5959=CARTESIAN_POINT('Vertex',(0.900000000373,0.200000000373,3.49024337825E-016)) ;
#5962=CARTESIAN_POINT('Line Origine',(0.575000000186,0.2,0.)) ;
#5966=CARTESIAN_POINT('Vertex',(0.25,0.200000000373,2.2962127484E-016)) ;
#5969=CARTESIAN_POINT('Line Origine',(9.99200722163E-016,0.2,0.)) ;
#5975=CARTESIAN_POINT('Control Point',(-1.,0.2,0.0999999996275)) ;
#5976=CARTESIAN_POINT('Control Point',(-1.,0.2,0.0875360501953)) ;
#5977=CARTESIAN_POINT('Control Point',(-0.998058124719,0.2,0.0750727873197)) ;
#5978=CARTESIAN_POINT('Control Point',(-0.993983344281,0.2,0.0625305301321)) ;
#5979=CARTESIAN_POINT('Control Point',(-0.982472305978,0.2,0.0400795139633)) ;
#5980=CARTESIAN_POINT('Control Point',(-0.964678841353,0.2,0.0221963422191)) ;
#5981=CARTESIAN_POINT('Control Point',(-0.954010120267,0.2,0.0144445377223)) ;
#5982=CARTESIAN_POINT('Control Point',(-0.937093766922,0.2,0.00587909095876)) ;
#5983=CARTESIAN_POINT('Control Point',(-0.918823185243,0.2,0.00148654988079)) ;
#5984=CARTESIAN_POINT('Control Point',(-0.91254076437,0.2,0.000491457470253)) ;
#5985=CARTESIAN_POINT('Control Point',(-0.906270295493,0.2,0.)) ;
#5986=CARTESIAN_POINT('Control Point',(-0.900000000373,0.2,6.50521303491E-019)) ;
#5987=CARTESIAN_POINT('Vertex',(-1.,0.200000000373,0.1)) ;
#5990=CARTESIAN_POINT('Line Origine',(-1.,0.2,0.299999999814)) ;
#5994=CARTESIAN_POINT('Vertex',(-1.,0.200000000373,0.500000000373)) ;
#5998=CARTESIAN_POINT('Control Point',(-0.900000000373,0.2,0.599999999627)) ;
#5999=CARTESIAN_POINT('Control Point',(-0.912463949805,0.2,0.599999999627)) ;
#6000=CARTESIAN_POINT('Control Point',(-0.92492721268,0.2,0.598058124346)) ;
#6001=CARTESIAN_POINT('Control Point',(-0.937469469868,0.2,0.593983343908)) ;
#6002=CARTESIAN_POINT('Control Point',(-0.959920485902,0.2,0.582472305674)) ;
#6003=CARTESIAN_POINT('Control Point',(-0.977803657567,0.2,0.564678841194)) ;
#6004=CARTESIAN_POINT('Control Point',(-0.985555462414,0.2,0.554010121488)) ;
#6005=CARTESIAN_POINT('Control Point',(-0.99412090916,0.2,0.537093768101)) ;
#6006=CARTESIAN_POINT('Control Point',(-0.998513450205,0.2,0.518823186375)) ;
#6007=CARTESIAN_POINT('Control Point',(-0.999508542501,0.2,0.512540764364)) ;
#6008=CARTESIAN_POINT('Control Point',(-1.,0.2,0.506270295304)) ;
#6009=CARTESIAN_POINT('Control Point',(-1.,0.2,0.5)) ;
#6010=CARTESIAN_POINT('Vertex',(-0.900000000373,0.200000000373,0.6)) ;
#6013=CARTESIAN_POINT('Line Origine',(-0.674999999814,0.2,0.599999999627)) ;
#6017=CARTESIAN_POINT('Vertex',(-0.449999999255,0.200000000373,0.6)) ;
#6020=CARTESIAN_POINT('Line Origine',(-0.449999999255,0.2,0.950000000186)) ;
#6024=CARTESIAN_POINT('Vertex',(-0.45,0.200000000373,1.3)) ;
#6028=CARTESIAN_POINT('Control Point',(-0.449999999255,0.2,1.30000000075)) ;
#6029=CARTESIAN_POINT('Control Point',(-0.437536049823,0.2,1.30000000075)) ;
#6030=CARTESIAN_POINT('Control Point',(-0.425072786947,0.2,1.30194187603)) ;
#6031=CARTESIAN_POINT('Control Point',(-0.41253052976,0.2,1.30601665646)) ;
#6032=CARTESIAN_POINT('Control Point',(-0.390079513725,0.2,1.3175276947)) ;
#6033=CARTESIAN_POINT('Control Point',(-0.372196342061,0.2,1.33532115918)) ;
#6034=CARTESIAN_POINT('Control Point',(-0.364444537213,0.2,1.34598987888)) ;
#6035=CARTESIAN_POINT('Control Point',(-0.355879090467,0.2,1.36290623227)) ;
#6036=CARTESIAN_POINT('Control Point',(-0.351486549422,0.2,1.381176814)) ;
#6037=CARTESIAN_POINT('Control Point',(-0.350491457127,0.2,1.38745923601)) ;
#6038=CARTESIAN_POINT('Control Point',(-0.349999999627,0.2,1.39372970507)) ;
#6039=CARTESIAN_POINT('Control Point',(-0.349999999627,0.2,1.40000000037)) ;
#6040=CARTESIAN_POINT('Vertex',(-0.349999999627,0.2,1.40000000037)) ;
#6043=CARTESIAN_POINT('Line Origine',(-0.349999999627,0.2,2.20000000019)) ;
#6047=CARTESIAN_POINT('Vertex',(-0.349999999627,0.2,3.)) ;
#6050=CARTESIAN_POINT('Line Origine',(-0.25,0.2,3.09999999963)) ;
#6054=CARTESIAN_POINT('Vertex',(-0.150000000373,0.2,3.19999999925)) ;
#6057=CARTESIAN_POINT('Line Origine',(9.99200722163E-016,0.2,3.19999999925)) ;
#6061=CARTESIAN_POINT('Vertex',(0.150000000373,0.2,3.19999999925)) ;
#6064=CARTESIAN_POINT('Line Origine',(0.25,0.2,3.09999999963)) ;
#6068=CARTESIAN_POINT('Vertex',(0.349999999627,0.2,3.)) ;
#6071=CARTESIAN_POINT('Line Origine',(0.349999999627,0.2,2.20000000019)) ;
#6075=CARTESIAN_POINT('Vertex',(0.35,0.200000000373,1.4)) ;
#6079=CARTESIAN_POINT('Control Point',(0.349999999627,0.2,1.40000000037)) ;
#6080=CARTESIAN_POINT('Control Point',(0.349999999627,0.2,1.38753605076)) ;
#6081=CARTESIAN_POINT('Control Point',(0.351941874963,0.2,1.37507278771)) ;
#6082=CARTESIAN_POINT('Control Point',(0.356016655185,0.2,1.36253052933)) ;
#6083=CARTESIAN_POINT('Control Point',(0.367527693474,0.2,1.34007951307)) ;
#6084=CARTESIAN_POINT('Control Point',(0.385321158119,0.2,1.32219634126)) ;
#6085=CARTESIAN_POINT('Control Point',(0.395989879556,0.2,1.31444453837)) ;
#6086=CARTESIAN_POINT('Control Point',(0.412906232811,0.2,1.30587909168)) ;
#6087=CARTESIAN_POINT('Control Point',(0.431176814384,0.2,1.30148655063)) ;
#6088=CARTESIAN_POINT('Control Point',(0.437459235258,0.2,1.30049145822)) ;
#6089=CARTESIAN_POINT('Control Point',(0.443729704135,0.2,1.30000000075)) ;
#6090=CARTESIAN_POINT('Control Point',(0.449999999255,0.2,1.30000000075)) ;
#6091=CARTESIAN_POINT('Vertex',(0.449999999255,0.2,1.30000000075)) ;
#6094=CARTESIAN_POINT('Line Origine',(0.449999999255,0.2,0.950000000186)) ;
#6122=CARTESIAN_POINT('Axis2P3D Location',(-0.25,-2.5,-1.)) ;
#6127=CARTESIAN_POINT('Line Origine',(-0.25,-1.625,-1.40000000037)) ;
#6131=CARTESIAN_POINT('Vertex',(-0.25,-2.25,-1.4)) ;
#6133=CARTESIAN_POINT('Vertex',(-0.25,-1.,-1.4)) ;
#6136=CARTESIAN_POINT('Line Origine',(-0.25,-2.25,-1.20000000019)) ;
#6140=CARTESIAN_POINT('Vertex',(-0.25,-2.25,-1.)) ;
#6143=CARTESIAN_POINT('Line Origine',(-0.25,-1.625,-1.)) ;
#6147=CARTESIAN_POINT('Vertex',(-0.25,-1.,-1.)) ;
#6151=CARTESIAN_POINT('Control Point',(-0.25,-1.,-1.)) ;
#6152=CARTESIAN_POINT('Control Point',(-0.25,-0.977887422857,-1.)) ;
#6153=CARTESIAN_POINT('Control Point',(-0.25,-0.955775385951,-0.996943962139)) ;
#6154=CARTESIAN_POINT('Control Point',(-0.25,-0.933546596901,-0.9905958597)) ;
#6155=CARTESIAN_POINT('Control Point',(-0.25,-0.899511715034,-0.97543571123)) ;
#6156=CARTESIAN_POINT('Control Point',(-0.25,-0.869974070662,-0.953047127881)) ;
#6157=CARTESIAN_POINT('Control Point',(-0.25,-0.858847704134,-0.942850353093)) ;
#6158=CARTESIAN_POINT('Control Point',(-0.25,-0.848876598836,-0.931835465238)) ;
#6159=CARTESIAN_POINT('Control Point',(-0.25,-0.839999999851,-0.919999999925)) ;
#6160=CARTESIAN_POINT('Vertex',(-0.25,-0.84,-0.92)) ;
#6163=CARTESIAN_POINT('Line Origine',(-0.25,-0.540000000037,-0.519999999553)) ;
#6167=CARTESIAN_POINT('Vertex',(-0.25,-0.24,-0.12)) ;
#6171=CARTESIAN_POINT('Control Point',(-0.25,-0.240000000224,-0.11999999918)) ;
#6172=CARTESIAN_POINT('Control Point',(-0.25,-0.227712581452,-0.103616774152)) ;
#6173=CARTESIAN_POINT('Control Point',(-0.25,-0.217522394269,-0.0856612046403)) ;
#6174=CARTESIAN_POINT('Control Point',(-0.25,-0.209510434284,-0.0659524069833)) ;
#6175=CARTESIAN_POINT('Control Point',(-0.25,-0.202968727061,-0.0409594568474)) ;
#6176=CARTESIAN_POINT('Control Point',(-0.25,-0.200497258783,-0.0154404860676)) ;
#6177=CARTESIAN_POINT('Control Point',(-0.25,-0.200165522466,-0.0102924952899)) ;
#6178=CARTESIAN_POINT('Control Point',(-0.25,-0.199999999255,-0.00514623301464)) ;
#6179=CARTESIAN_POINT('Control Point',(-0.25,-0.199999999255,0.)) ;
#6182=CARTESIAN_POINT('Control Point',(-0.25,0.0800000000745,-0.359999999404)) ;
#6183=CARTESIAN_POINT('Control Point',(-0.25,0.117065193532,-0.310579741461)) ;
#6184=CARTESIAN_POINT('Control Point',(-0.25,0.14776978848,-0.256389620237)) ;
#6185=CARTESIAN_POINT('Control Point',(-0.25,0.171295893289,-0.198516028314)) ;
#6186=CARTESIAN_POINT('Control Point',(-0.25,0.191061168607,-0.12321543008)) ;
#6187=CARTESIAN_POINT('Control Point',(-0.25,0.19850823193,-0.0463214017047)) ;
#6188=CARTESIAN_POINT('Control Point',(-0.25,0.199503429604,-0.0308774276722)) ;
#6189=CARTESIAN_POINT('Control Point',(-0.25,0.199999999255,-0.0154386992058)) ;
#6190=CARTESIAN_POINT('Control Point',(-0.25,0.199999999255,0.)) ;
#6191=CARTESIAN_POINT('Vertex',(-0.25,0.08,-0.36)) ;
#6194=CARTESIAN_POINT('Line Origine',(-0.25,-0.219999999739,-0.759999999776)) ;
#6198=CARTESIAN_POINT('Vertex',(-0.25,-0.52,-1.16)) ;
#6202=CARTESIAN_POINT('Control Point',(-0.25,-1.,-1.40000000037)) ;
#6203=CARTESIAN_POINT('Control Point',(-0.25,-0.933235882157,-1.40000000037)) ;
#6204=CARTESIAN_POINT('Control Point',(-0.25,-0.866472311517,-1.39071365158)) ;
#6205=CARTESIAN_POINT('Control Point',(-0.25,-0.801425475036,-1.37213696902)) ;
#6206=CARTESIAN_POINT('Control Point',(-0.25,-0.698877013819,-1.32656617236)) ;
#6207=CARTESIAN_POINT('Control Point',(-0.25,-0.609921803172,-1.25914112666)) ;
#6208=CARTESIAN_POINT('Control Point',(-0.25,-0.576542822292,-1.22855067271)) ;
#6209=CARTESIAN_POINT('Control Point',(-0.25,-0.546629796514,-1.1955063961)) ;
#6210=CARTESIAN_POINT('Control Point',(-0.25,-0.519999999553,-1.16000000015)) ;
#6225=CARTESIAN_POINT('Axis2P3D Location',(-1.,-0.2,0.)) ;
#6230=CARTESIAN_POINT('Line Origine',(1.,-0.2,0.299999999814)) ;
#6234=CARTESIAN_POINT('Vertex',(1.,-0.2,0.0999999996275)) ;
#6236=CARTESIAN_POINT('Vertex',(1.,-0.2,0.5)) ;
#6240=CARTESIAN_POINT('Control Point',(1.,-0.2,0.5)) ;
#6241=CARTESIAN_POINT('Control Point',(1.,-0.2,0.512463949432)) ;
#6242=CARTESIAN_POINT('Control Point',(0.998058124719,-0.2,0.524927212308)) ;
#6243=CARTESIAN_POINT('Control Point',(0.993983344281,-0.2,0.537469469495)) ;
#6244=CARTESIAN_POINT('Control Point',(0.982472305978,-0.2,0.559920485664)) ;
#6245=CARTESIAN_POINT('Control Point',(0.964678841353,-0.2,0.577803657408)) ;
#6246=CARTESIAN_POINT('Control Point',(0.954010120267,-0.2,0.585555461905)) ;
#6247=CARTESIAN_POINT('Control Point',(0.937093766922,-0.2,0.594120908669)) ;
#6248=CARTESIAN_POINT('Control Point',(0.918823185243,-0.2,0.598513449747)) ;
#6249=CARTESIAN_POINT('Control Point',(0.91254076437,-0.2,0.599508542157)) ;
#6250=CARTESIAN_POINT('Control Point',(0.906270295493,-0.2,0.599999999627)) ;
#6251=CARTESIAN_POINT('Control Point',(0.900000000373,-0.2,0.599999999627)) ;
#6252=CARTESIAN_POINT('Vertex',(0.900000000373,-0.2,0.6)) ;
#6255=CARTESIAN_POINT('Line Origine',(0.674999999814,-0.2,0.599999999627)) ;
#6259=CARTESIAN_POINT('Vertex',(0.449999999255,-0.2,0.6)) ;
#6262=CARTESIAN_POINT('Line Origine',(0.449999999255,-0.2,0.950000000186)) ;
#6266=CARTESIAN_POINT('Vertex',(0.449999999255,-0.2,1.30000000075)) ;
#6270=CARTESIAN_POINT('Control Point',(0.349999999627,-0.2,1.40000000037)) ;
#6271=CARTESIAN_POINT('Control Point',(0.349999999627,-0.2,1.38753605076)) ;
#6272=CARTESIAN_POINT('Control Point',(0.351941874963,-0.2,1.37507278771)) ;
#6273=CARTESIAN_POINT('Control Point',(0.356016655185,-0.2,1.36253052933)) ;
#6274=CARTESIAN_POINT('Control Point',(0.367527693474,-0.2,1.34007951307)) ;
#6275=CARTESIAN_POINT('Control Point',(0.385321158119,-0.2,1.32219634126)) ;
#6276=CARTESIAN_POINT('Control Point',(0.395989879556,-0.2,1.31444453837)) ;
#6277=CARTESIAN_POINT('Control Point',(0.412906232811,-0.2,1.30587909168)) ;
#6278=CARTESIAN_POINT('Control Point',(0.431176814384,-0.2,1.30148655063)) ;
#6279=CARTESIAN_POINT('Control Point',(0.437459235258,-0.2,1.30049145822)) ;
#6280=CARTESIAN_POINT('Control Point',(0.443729704135,-0.2,1.30000000075)) ;
#6281=CARTESIAN_POINT('Control Point',(0.449999999255,-0.2,1.30000000075)) ;
#6282=CARTESIAN_POINT('Vertex',(0.35,-0.2,1.4)) ;
#6285=CARTESIAN_POINT('Line Origine',(0.349999999627,-0.2,2.20000000019)) ;
#6289=CARTESIAN_POINT('Vertex',(0.349999999627,-0.2,3.)) ;
#6292=CARTESIAN_POINT('Line Origine',(0.25,-0.2,3.09999999963)) ;
#6296=CARTESIAN_POINT('Vertex',(0.150000000373,-0.2,3.19999999925)) ;
#6299=CARTESIAN_POINT('Line Origine',(9.99200722163E-016,-0.2,3.19999999925)) ;
#6303=CARTESIAN_POINT('Vertex',(-0.150000000373,-0.2,3.19999999925)) ;
#6306=CARTESIAN_POINT('Line Origine',(-0.25,-0.2,3.09999999963)) ;
#6310=CARTESIAN_POINT('Vertex',(-0.349999999627,-0.2,3.)) ;
#6313=CARTESIAN_POINT('Line Origine',(-0.349999999627,-0.2,2.20000000019)) ;
#6317=CARTESIAN_POINT('Vertex',(-0.349999999627,-0.2,1.40000000037)) ;
#6321=CARTESIAN_POINT('Control Point',(-0.449999999255,-0.2,1.30000000075)) ;
#6322=CARTESIAN_POINT('Control Point',(-0.437536049823,-0.2,1.30000000075)) ;
#6323=CARTESIAN_POINT('Control Point',(-0.425072786947,-0.2,1.30194187603)) ;
#6324=CARTESIAN_POINT('Control Point',(-0.41253052976,-0.2,1.30601665646)) ;
#6325=CARTESIAN_POINT('Control Point',(-0.390079513725,-0.2,1.3175276947)) ;
#6326=CARTESIAN_POINT('Control Point',(-0.372196342061,-0.2,1.33532115918)) ;
#6327=CARTESIAN_POINT('Control Point',(-0.364444537213,-0.2,1.34598987888)) ;
#6328=CARTESIAN_POINT('Control Point',(-0.355879090467,-0.2,1.36290623227)) ;
#6329=CARTESIAN_POINT('Control Point',(-0.351486549422,-0.2,1.381176814)) ;
#6330=CARTESIAN_POINT('Control Point',(-0.350491457127,-0.2,1.38745923601)) ;
#6331=CARTESIAN_POINT('Control Point',(-0.349999999627,-0.2,1.39372970507)) ;
#6332=CARTESIAN_POINT('Control Point',(-0.349999999627,-0.2,1.40000000037)) ;
#6333=CARTESIAN_POINT('Vertex',(-0.45,-0.2,1.3)) ;
#6336=CARTESIAN_POINT('Line Origine',(-0.449999999255,-0.2,0.950000000186)) ;
#6340=CARTESIAN_POINT('Vertex',(-0.449999999255,-0.2,0.6)) ;
#6343=CARTESIAN_POINT('Line Origine',(-0.674999999814,-0.2,0.599999999627)) ;
#6347=CARTESIAN_POINT('Vertex',(-0.900000000373,-0.2,0.6)) ;
#6351=CARTESIAN_POINT('Control Point',(-0.900000000373,-0.2,0.599999999627)) ;
#6352=CARTESIAN_POINT('Control Point',(-0.912463949805,-0.2,0.599999999627)) ;
#6353=CARTESIAN_POINT('Control Point',(-0.92492721268,-0.2,0.598058124346)) ;
#6354=CARTESIAN_POINT('Control Point',(-0.937469469868,-0.2,0.593983343908)) ;
#6355=CARTESIAN_POINT('Control Point',(-0.959920485902,-0.2,0.582472305674)) ;
#6356=CARTESIAN_POINT('Control Point',(-0.977803657567,-0.2,0.564678841194)) ;
#6357=CARTESIAN_POINT('Control Point',(-0.985555462414,-0.2,0.554010121488)) ;
#6358=CARTESIAN_POINT('Control Point',(-0.99412090916,-0.2,0.537093768101)) ;
#6359=CARTESIAN_POINT('Control Point',(-0.998513450205,-0.2,0.518823186375)) ;
#6360=CARTESIAN_POINT('Control Point',(-0.999508542501,-0.2,0.512540764364)) ;
#6361=CARTESIAN_POINT('Control Point',(-1.,-0.2,0.506270295304)) ;
#6362=CARTESIAN_POINT('Control Point',(-1.,-0.2,0.5)) ;
#6363=CARTESIAN_POINT('Vertex',(-1.,-0.2,0.500000000373)) ;
#6366=CARTESIAN_POINT('Line Origine',(-1.,-0.2,0.299999999814)) ;
#6370=CARTESIAN_POINT('Vertex',(-1.,-0.2,0.1)) ;
#6374=CARTESIAN_POINT('Control Point',(-1.,-0.2,0.0999999996275)) ;
#6375=CARTESIAN_POINT('Control Point',(-1.,-0.2,0.0875360501953)) ;
#6376=CARTESIAN_POINT('Control Point',(-0.998058124719,-0.2,0.0750727873197)) ;
#6377=CARTESIAN_POINT('Control Point',(-0.993983344281,-0.2,0.0625305301321)) ;
#6378=CARTESIAN_POINT('Control Point',(-0.982472305978,-0.2,0.0400795139633)) ;
#6379=CARTESIAN_POINT('Control Point',(-0.964678841353,-0.2,0.0221963422191)) ;
#6380=CARTESIAN_POINT('Control Point',(-0.954010120267,-0.2,0.0144445377223)) ;
#6381=CARTESIAN_POINT('Control Point',(-0.937093766922,-0.2,0.00587909095876)) ;
#6382=CARTESIAN_POINT('Control Point',(-0.918823185243,-0.2,0.00148654988079)) ;
#6383=CARTESIAN_POINT('Control Point',(-0.91254076437,-0.2,0.000491457470253)) ;
#6384=CARTESIAN_POINT('Control Point',(-0.906270295493,-0.2,0.)) ;
#6385=CARTESIAN_POINT('Control Point',(-0.900000000373,-0.2,6.50521303491E-019)) ;
#6387=CARTESIAN_POINT('Line Origine',(9.99200722163E-016,-0.2,0.)) ;
#6391=CARTESIAN_POINT('Vertex',(0.25,-0.2,2.2962127484E-016)) ;
#6394=CARTESIAN_POINT('Line Origine',(0.575000000186,-0.2,0.)) ;
#6398=CARTESIAN_POINT('Vertex',(0.900000000373,-0.2,3.49024337825E-016)) ;
#6402=CARTESIAN_POINT('Control Point',(0.900000000373,-0.2,-3.46944695195E-018)) ;
#6403=CARTESIAN_POINT('Control Point',(0.912463949805,-0.2,-1.73472347598E-018)) ;
#6404=CARTESIAN_POINT('Control Point',(0.92492721268,-0.2,0.00194187528128)) ;
#6405=CARTESIAN_POINT('Control Point',(0.937469469868,-0.2,0.00601665571933)) ;
#6406=CARTESIAN_POINT('Control Point',(0.959920486037,-0.2,0.017527694022)) ;
#6407=CARTESIAN_POINT('Control Point',(0.977803657781,-0.2,0.0353211586465)) ;
#6408=CARTESIAN_POINT('Control Point',(0.985555462278,-0.2,0.0459898797327)) ;
#6409=CARTESIAN_POINT('Control Point',(0.994120909041,-0.2,0.0629062330778)) ;
#6410=CARTESIAN_POINT('Control Point',(0.998513450119,-0.2,0.0811768147566)) ;
#6411=CARTESIAN_POINT('Control Point',(0.99950854253,-0.2,0.0874592356303)) ;
#6412=CARTESIAN_POINT('Control Point',(1.,-0.2,0.0937297045071)) ;
#6413=CARTESIAN_POINT('Control Point',(1.,-0.2,0.0999999996275)) ;
#6438=CARTESIAN_POINT('Axis2P3D Location',(-0.9,-0.2,0.1)) ;
#6443=CARTESIAN_POINT('Line Origine',(-1.,-0.199999999255,0.1)) ;
#6455=CARTESIAN_POINT('Axis2P3D Location',(1.,-0.2,0.6)) ;
#6460=CARTESIAN_POINT('Line Origine',(0.900000000373,1.86264503821E-010,0.6)) ;
#6465=CARTESIAN_POINT('Line Origine',(0.449999999255,1.86264503821E-010,0.6)) ;
#6477=CARTESIAN_POINT('Axis2P3D Location',(0.9,-0.2,0.5)) ;
#6482=CARTESIAN_POINT('Line Origine',(1.,-0.199999999255,0.5)) ;
#6494=CARTESIAN_POINT('Axis2P3D Location',(1.,-0.2,3.67394039744E-016)) ;
#6499=CARTESIAN_POINT('Line Origine',(1.,1.86264503821E-010,0.0999999996275)) ;
#6511=CARTESIAN_POINT('Axis2P3D Location',(0.9,-0.2,0.1)) ;
#6516=CARTESIAN_POINT('Line Origine',(0.9,-0.199999999255,0.)) ;
#6528=CARTESIAN_POINT('Axis2P3D Location',(-1.,-0.2,0.)) ;
#6533=CARTESIAN_POINT('Line Origine',(0.25,1.86264503821E-010,2.2962127484E-016)) ;
#6545=CARTESIAN_POINT('Axis2P3D Location',(-2.44921270764E-017,-0.4,8.81783797404E-015)) ;
#6550=CARTESIAN_POINT('Axis2P3D Location',(0.25,-0.4,8.81783797404E-015)) ;
#6554=CARTESIAN_POINT('Vertex',(0.25,0.08,-0.36)) ;
#6557=CARTESIAN_POINT('Line Origine',(0.,0.08,-0.36)) ;
#6569=CARTESIAN_POINT('Axis2P3D Location',(-1.,-0.2,0.6)) ;
#6574=CARTESIAN_POINT('Line Origine',(-1.,1.86264503821E-010,0.500000000373)) ;
#6586=CARTESIAN_POINT('Axis2P3D Location',(-0.9,-0.2,0.5)) ;
#6591=CARTESIAN_POINT('Line Origine',(-0.9,-0.199999999255,0.6)) ;
#6603=CARTESIAN_POINT('Axis2P3D Location',(1.,-0.2,0.6)) ;
#6608=CARTESIAN_POINT('Line Origine',(-0.449999999255,1.86264503821E-010,0.6)) ;
#6620=CARTESIAN_POINT('Axis2P3D Location',(-0.45,-0.2,1.3)) ;
#6625=CARTESIAN_POINT('Line Origine',(-0.45,1.86264503821E-010,1.3)) ;
#6637=CARTESIAN_POINT('Axis2P3D Location',(-0.45,-0.2,1.4)) ;
#6642=CARTESIAN_POINT('Line Origine',(-0.35,-0.199999999255,1.4)) ;
#6654=CARTESIAN_POINT('Axis2P3D Location',(-0.35,-0.2,3.2)) ;
#6659=CARTESIAN_POINT('Line Origine',(-0.35,1.86264503821E-010,3.00000000075)) ;
#6671=CARTESIAN_POINT('Axis2P3D Location',(-0.35,-0.2,3.)) ;
#6676=CARTESIAN_POINT('Line Origine',(-0.149999999998,1.86264503821E-010,3.2)) ;
#6688=CARTESIAN_POINT('Axis2P3D Location',(0.35,-0.2,3.2)) ;
#6693=CARTESIAN_POINT('Line Origine',(0.150000000745,1.86264503821E-010,3.2)) ;
#6705=CARTESIAN_POINT('Axis2P3D Location',(0.15,-0.2,3.2)) ;
#6710=CARTESIAN_POINT('Line Origine',(0.350000000002,1.86264503821E-010,3.)) ;
#6722=CARTESIAN_POINT('Axis2P3D Location',(0.35,-0.2,1.3)) ;
#6727=CARTESIAN_POINT('Line Origine',(0.35,1.86264503821E-010,1.39999999963)) ;
#6739=CARTESIAN_POINT('Axis2P3D Location',(0.45,-0.2,1.4)) ;
#6744=CARTESIAN_POINT('Line Origine',(0.45,-0.199999999255,1.3)) ;
#6756=CARTESIAN_POINT('Axis2P3D Location',(0.45,-0.2,0.6)) ;
#6768=CARTESIAN_POINT('Axis2P3D Location',(-0.25,-2.5,-1.4)) ;
#6774=CARTESIAN_POINT('Control Point',(0.25,-2.25,-1.4)) ;
#6775=CARTESIAN_POINT('Control Point',(0.25,-2.28179210602,-1.4)) ;
#6776=CARTESIAN_POINT('Control Point',(0.244946310042,-2.31358349734,-1.4)) ;
#6777=CARTESIAN_POINT('Control Point',(0.234320421385,-2.34558073859,-1.4)) ;
#6778=CARTESIAN_POINT('Control Point',(0.204381198564,-2.40258017602,-1.4)) ;
#6779=CARTESIAN_POINT('Control Point',(0.15824503579,-2.44748433915,-1.4)) ;
#6780=CARTESIAN_POINT('Control Point',(0.13058865247,-2.46676794448,-1.4)) ;
#6781=CARTESIAN_POINT('Control Point',(0.0884785980937,-2.48689508721,-1.4)) ;
#6782=CARTESIAN_POINT('Control Point',(0.0433503989898,-2.49683711246,-1.4)) ;
#6783=CARTESIAN_POINT('Control Point',(0.029026766682,-2.49890140301,-1.4)) ;
#6784=CARTESIAN_POINT('Control Point',(0.0145235311775,-2.49992850051,-1.4)) ;
#6785=CARTESIAN_POINT('Control Point',(4.90079352655E-008,-2.49991964297,-1.4)) ;
#6786=CARTESIAN_POINT('Vertex',(0.25,-2.25,-1.4)) ;
#6788=CARTESIAN_POINT('Vertex',(-4.96178347974E-016,-2.5,-1.4)) ;
#6792=CARTESIAN_POINT('Control Point',(4.90079352655E-008,-2.49991964297,-1.4)) ;
#6793=CARTESIAN_POINT('Control Point',(-0.0177630750042,-2.49990880964,-1.4)) ;
#6794=CARTESIAN_POINT('Control Point',(-0.0355564856276,-2.49834831035,-1.4)) ;
#6795=CARTESIAN_POINT('Control Point',(-0.0530886311175,-2.4952404101,-1.4)) ;
#6796=CARTESIAN_POINT('Control Point',(-0.100822866382,-2.48224385052,-1.4)) ;
#6797=CARTESIAN_POINT('Control Point',(-0.144356421579,-2.45785278438,-1.4)) ;
#6798=CARTESIAN_POINT('Control Point',(-0.170705966275,-2.43681865814,-1.4)) ;
#6799=CARTESIAN_POINT('Control Point',(-0.211689020784,-2.39139868281,-1.4)) ;
#6800=CARTESIAN_POINT('Control Point',(-0.237369072445,-2.33603312589,-1.4)) ;
#6801=CARTESIAN_POINT('Control Point',(-0.24590314276,-2.30724990982,-1.4)) ;
#6802=CARTESIAN_POINT('Control Point',(-0.25,-2.27862466522,-1.4)) ;
#6803=CARTESIAN_POINT('Control Point',(-0.25,-2.25,-1.4)) ;
#6805=CARTESIAN_POINT('Line Origine',(-9.99200722163E-016,-1.,-1.4)) ;
#6809=CARTESIAN_POINT('Vertex',(0.25,-1.,-1.4)) ;
#6812=CARTESIAN_POINT('Line Origine',(0.25,-1.625,-1.4)) ;
#6825=CARTESIAN_POINT('Axis2P3D Location',(-5.2679350682E-016,-2.25,-1.4)) ;
#6830=CARTESIAN_POINT('Line Origine',(-4.96178347974E-016,-2.5,-1.40000000037)) ;
#6834=CARTESIAN_POINT('Vertex',(-4.90079362092E-008,-2.49991964297,-1.)) ;
#6838=CARTESIAN_POINT('Control Point',(-0.25,-2.25,-0.999999999627)) ;
#6839=CARTESIAN_POINT('Control Point',(-0.25,-2.34817477042,-0.999999999721)) ;
#6840=CARTESIAN_POINT('Control Point',(-0.197607709716,-2.44760770972,-0.999999999814)) ;
#6841=CARTESIAN_POINT('Control Point',(-0.0981747704247,-2.5,-0.999999999907)) ;
#6842=CARTESIAN_POINT('Control Point',(-4.4408920985E-016,-2.5,-1.)) ;
#6851=CARTESIAN_POINT('Axis2P3D Location',(0.25,-2.5,-1.)) ;
#6857=CARTESIAN_POINT('Control Point',(-4.90079362647E-008,-2.49991964297,-1.)) ;
#6858=CARTESIAN_POINT('Control Point',(0.0177630750042,-2.49990880964,-1.)) ;
#6859=CARTESIAN_POINT('Control Point',(0.0355564856276,-2.49834831035,-1.)) ;
#6860=CARTESIAN_POINT('Control Point',(0.0530886311175,-2.4952404101,-1.)) ;
#6861=CARTESIAN_POINT('Control Point',(0.100822866382,-2.48224385052,-1.)) ;
#6862=CARTESIAN_POINT('Control Point',(0.144356421579,-2.45785278438,-1.)) ;
#6863=CARTESIAN_POINT('Control Point',(0.170705966275,-2.43681865814,-1.)) ;
#6864=CARTESIAN_POINT('Control Point',(0.211689020784,-2.39139868281,-1.)) ;
#6865=CARTESIAN_POINT('Control Point',(0.237369072445,-2.33603312589,-1.)) ;
#6866=CARTESIAN_POINT('Control Point',(0.24590314276,-2.30724990982,-1.)) ;
#6867=CARTESIAN_POINT('Control Point',(0.25,-2.27862466522,-1.)) ;
#6868=CARTESIAN_POINT('Control Point',(0.25,-2.25,-1.)) ;
#6869=CARTESIAN_POINT('Vertex',(0.25,-2.25,-0.999999999627)) ;
#6872=CARTESIAN_POINT('Line Origine',(0.25,-1.625,-1.)) ;
#6876=CARTESIAN_POINT('Vertex',(0.25,-1.,-1.)) ;
#6879=CARTESIAN_POINT('Line Origine',(-9.99200722163E-016,-1.,-1.)) ;
#6892=CARTESIAN_POINT('Axis2P3D Location',(-6.12303176911E-017,-1.,-0.8)) ;
#6897=CARTESIAN_POINT('Axis2P3D Location',(0.25,-1.,-0.8)) ;
#6901=CARTESIAN_POINT('Vertex',(0.25,-0.84,-0.92)) ;
#6904=CARTESIAN_POINT('Line Origine',(0.,-0.84,-0.92)) ;
#6916=CARTESIAN_POINT('Axis2P3D Location',(0.25,-0.84,-0.92)) ;
#6921=CARTESIAN_POINT('Line Origine',(0.25,-0.54,-0.52)) ;
#6925=CARTESIAN_POINT('Vertex',(0.25,-0.24,-0.12)) ;
#6928=CARTESIAN_POINT('Line Origine',(0.,-0.24,-0.12)) ;
#6940=CARTESIAN_POINT('Axis2P3D Location',(-2.44921270764E-017,-0.4,8.81783797404E-015)) ;
#6945=CARTESIAN_POINT('Axis2P3D Location',(0.25,-0.4,8.81783797404E-015)) ;
#6957=CARTESIAN_POINT('Axis2P3D Location',(-0.25,-0.52,-1.16)) ;
#6962=CARTESIAN_POINT('Line Origine',(0.25,-0.22,-0.76)) ;
#6966=CARTESIAN_POINT('Vertex',(0.25,-0.52,-1.16)) ;
#6969=CARTESIAN_POINT('Line Origine',(0.,-0.52,-1.16)) ;
#6981=CARTESIAN_POINT('Axis2P3D Location',(-6.12303176911E-017,-1.,-0.8)) ;
#6986=CARTESIAN_POINT('Axis2P3D Location',(0.25,-1.,-0.8)) ;
#6998=CARTESIAN_POINT('Axis2P3D Location',(0.25,-2.5,-1.4)) ;
#7003=CARTESIAN_POINT('Line Origine',(0.25,-2.25,-1.19999999981)) ;
#7021=CARTESIAN_POINT('Axis2P3D Location',(-5.2679350682E-016,-2.25,-1.4)) ;
#7042=CARTESIAN_POINT('NONE',(0.,0.,0.)) ;
#7043=CARTESIAN_POINT('NONE',(-6.985,-0.75,0.4)) ;
#7057=CARTESIAN_POINT('NONE',(0.,0.,0.)) ;
#7058=CARTESIAN_POINT('NONE',(-5.715,0.75,0.4)) ;
#7070=CARTESIAN_POINT('NONE',(0.,0.,0.)) ;
#7071=CARTESIAN_POINT('NONE',(-3.175,0.75,0.4)) ;
#7083=CARTESIAN_POINT('NONE',(0.,0.,0.)) ;
#7084=CARTESIAN_POINT('NONE',(-4.445,-0.75,0.4)) ;
#7096=CARTESIAN_POINT('NONE',(0.,0.,0.)) ;
#7097=CARTESIAN_POINT('NONE',(-0.635,0.75,0.4)) ;
#7109=CARTESIAN_POINT('NONE',(0.,0.,0.)) ;
#7110=CARTESIAN_POINT('NONE',(-1.905,-0.75,0.4)) ;
#7122=CARTESIAN_POINT('NONE',(0.,0.,0.)) ;
#7123=CARTESIAN_POINT('NONE',(1.905,0.75,0.4)) ;
#7135=CARTESIAN_POINT('NONE',(0.,0.,0.)) ;
#7136=CARTESIAN_POINT('NONE',(0.635,-0.75,0.4)) ;
#7148=CARTESIAN_POINT('NONE',(0.,0.,0.)) ;
#7149=CARTESIAN_POINT('NONE',(4.445,0.75,0.4)) ;
#7161=CARTESIAN_POINT('NONE',(0.,0.,0.)) ;
#7162=CARTESIAN_POINT('NONE',(3.175,-0.75,0.4)) ;
#7174=CARTESIAN_POINT('NONE',(0.,0.,0.)) ;
#7175=CARTESIAN_POINT('NONE',(6.985,0.75,0.4)) ;
#7187=CARTESIAN_POINT('NONE',(0.,0.,0.)) ;
#7188=CARTESIAN_POINT('NONE',(5.715,-0.75,0.4)) ;
#40=DIRECTION('Axis2P3D Direction',(-1.,0.,0.)) ;
#41=DIRECTION('Axis2P3D XDirection',(0.,0.,1.)) ;
#45=DIRECTION('Vector Direction',(0.,-1.,0.)) ;
#54=DIRECTION('Vector Direction',(0.,0.,1.)) ;
#61=DIRECTION('Vector Direction',(0.,-1.,0.)) ;
#68=DIRECTION('Vector Direction',(0.,0.,1.)) ;
#80=DIRECTION('Axis2P3D Direction',(0.,0.,-1.)) ;
#81=DIRECTION('Axis2P3D XDirection',(-1.,0.,0.)) ;
#85=DIRECTION('Vector Direction',(-1.,0.,0.)) ;
#92=DIRECTION('Vector Direction',(0.,1.,0.)) ;
#99=DIRECTION('Vector Direction',(1.,0.,0.)) ;
#106=DIRECTION('Vector Direction',(0.707106781187,0.707106781187,0.)) ;
#119=DIRECTION('Axis2P3D Direction',(0.707106781187,-0.707106781187,0.)) ;
#120=DIRECTION('Axis2P3D XDirection',(0.707106781187,0.707106781187,0.)) ;
#124=DIRECTION('Vector Direction',(0.,0.,-1.)) ;
#131=DIRECTION('Vector Direction',(-0.707106781187,-0.707106781187,0.)) ;
#143=DIRECTION('Axis2P3D Direction',(0.,0.,1.)) ;
#144=DIRECTION('Axis2P3D XDirection',(1.,0.,0.)) ;
#148=DIRECTION('Vector Direction',(0.,-1.,0.)) ;
#157=DIRECTION('Vector Direction',(1.,0.,0.)) ;
#164=DIRECTION('Vector Direction',(0.,1.,0.)) ;
#171=DIRECTION('Vector Direction',(-1.,0.,0.)) ;
#182=DIRECTION('Vector Direction',(0.,-1.,0.)) ;
#191=DIRECTION('Vector Direction',(-1.,0.,0.)) ;
#198=DIRECTION('Vector Direction',(0.,1.,0.)) ;
#205=DIRECTION('Vector Direction',(0.707106781187,0.707106781187,0.)) ;
#212=DIRECTION('Vector Direction',(1.,0.,0.)) ;
#219=DIRECTION('Vector Direction',(0.707106787772,-0.707106774601,0.)) ;
#232=DIRECTION('Vector Direction',(0.,-1.,0.)) ;
#241=DIRECTION('Vector Direction',(-0.707106774601,-0.707106787772,0.)) ;
#248=DIRECTION('Vector Direction',(-1.,0.,0.)) ;
#255=DIRECTION('Vector Direction',(-0.707106774601,0.707106787772,0.)) ;
#262=DIRECTION('Vector Direction',(0.,1.,0.)) ;
#269=DIRECTION('Vector Direction',(1.,0.,0.)) ;
#282=DIRECTION('Vector Direction',(0.,-1.,0.)) ;
#291=DIRECTION('Vector Direction',(-1.,0.,0.)) ;
#298=DIRECTION('Vector Direction',(0.,1.,0.)) ;
#305=DIRECTION('Vector Direction',(0.707106781187,0.707106781187,0.)) ;
#312=DIRECTION('Vector Direction',(1.,0.,0.)) ;
#319=DIRECTION('Vector Direction',(0.707106781187,-0.707106781187,0.)) ;
#332=DIRECTION('Vector Direction',(0.,-1.,0.)) ;
#341=DIRECTION('Vector Direction',(-0.707106774601,-0.707106787772,0.)) ;
#348=DIRECTION('Vector Direction',(-1.,0.,0.)) ;
#355=DIRECTION('Vector Direction',(-0.707106774601,0.707106787772,0.)) ;
#362=DIRECTION('Vector Direction',(0.,1.,0.)) ;
#369=DIRECTION('Vector Direction',(1.,0.,0.)) ;
#382=DIRECTION('Vector Direction',(0.,-1.,0.)) ;
#391=DIRECTION('Vector Direction',(-1.,0.,0.)) ;
#398=DIRECTION('Vector Direction',(0.,1.,0.)) ;
#405=DIRECTION('Vector Direction',(0.707106781187,0.707106781187,0.)) ;
#412=DIRECTION('Vector Direction',(1.,0.,0.)) ;
#419=DIRECTION('Vector Direction',(0.707106787772,-0.707106774601,0.)) ;
#432=DIRECTION('Vector Direction',(0.,-1.,0.)) ;
#441=DIRECTION('Vector Direction',(-0.707106774601,-0.707106787772,0.)) ;
#448=DIRECTION('Vector Direction',(-1.,0.,0.)) ;
#455=DIRECTION('Vector Direction',(-0.707106774601,0.707106787772,0.)) ;
#462=DIRECTION('Vector Direction',(0.,1.,0.)) ;
#469=DIRECTION('Vector Direction',(1.,0.,0.)) ;
#482=DIRECTION('Vector Direction',(0.,-1.,0.)) ;
#491=DIRECTION('Vector Direction',(-1.,0.,0.)) ;
#498=DIRECTION('Vector Direction',(0.,1.,0.)) ;
#505=DIRECTION('Vector Direction',(0.707106787772,0.707106774601,0.)) ;
#512=DIRECTION('Vector Direction',(1.,0.,0.)) ;
#519=DIRECTION('Vector Direction',(0.707106781187,-0.707106781187,0.)) ;
#532=DIRECTION('Vector Direction',(0.,-1.,0.)) ;
#541=DIRECTION('Vector Direction',(-0.707106774601,-0.707106787772,0.)) ;
#548=DIRECTION('Vector Direction',(-1.,0.,0.)) ;
#555=DIRECTION('Vector Direction',(-0.707106774601,0.707106787772,0.)) ;
#562=DIRECTION('Vector Direction',(0.,1.,0.)) ;
#569=DIRECTION('Vector Direction',(1.,0.,0.)) ;
#582=DIRECTION('Vector Direction',(0.,-1.,0.)) ;
#591=DIRECTION('Vector Direction',(-1.,0.,0.)) ;
#598=DIRECTION('Vector Direction',(0.,1.,0.)) ;
#605=DIRECTION('Vector Direction',(0.707106781187,0.707106781187,0.)) ;
#612=DIRECTION('Vector Direction',(1.,0.,0.)) ;
#619=DIRECTION('Vector Direction',(0.707106787772,-0.707106774601,0.)) ;
#632=DIRECTION('Vector Direction',(0.,-1.,0.)) ;
#641=DIRECTION('Vector Direction',(-0.707106774601,-0.707106787772,0.)) ;
#648=DIRECTION('Vector Direction',(-1.,0.,0.)) ;
#655=DIRECTION('Vector Direction',(-0.707106774601,0.707106787772,0.)) ;
#662=DIRECTION('Vector Direction',(0.,1.,0.)) ;
#669=DIRECTION('Vector Direction',(1.,0.,0.)) ;
#682=DIRECTION('Vector Direction',(0.,-1.,0.)) ;
#691=DIRECTION('Vector Direction',(-1.,0.,0.)) ;
#698=DIRECTION('Vector Direction',(0.,1.,0.)) ;
#705=DIRECTION('Vector Direction',(0.707106787772,0.707106774601,0.)) ;
#712=DIRECTION('Vector Direction',(1.,0.,0.)) ;
#719=DIRECTION('Vector Direction',(0.707106781187,-0.707106781187,0.)) ;
#732=DIRECTION('Vector Direction',(-1.,0.,0.)) ;
#739=DIRECTION('Vector Direction',(-0.707106774601,0.707106787772,0.)) ;
#746=DIRECTION('Vector Direction',(0.,1.,0.)) ;
#753=DIRECTION('Vector Direction',(1.,0.,0.)) ;
#767=DIRECTION('Axis2P3D Direction',(0.,-1.,0.)) ;
#768=DIRECTION('Axis2P3D XDirection',(0.,0.,-1.)) ;
#772=DIRECTION('Vector Direction',(-1.,0.,0.)) ;
#781=DIRECTION('Vector Direction',(0.,0.,-1.)) ;
#786=DIRECTION('Vector Direction',(0.,0.,1.)) ;
#793=DIRECTION('Vector Direction',(-1.,0.,0.)) ;
#800=DIRECTION('Vector Direction',(0.,0.,-1.)) ;
#816=DIRECTION('Axis2P3D Direction',(-1.,0.,0.)) ;
#817=DIRECTION('Axis2P3D XDirection',(0.,0.,1.)) ;
#821=DIRECTION('Vector Direction',(0.,1.,0.)) ;
#828=DIRECTION('Vector Direction',(0.,0.,-1.)) ;
#840=DIRECTION('Axis2P3D Direction',(0.,1.,0.)) ;
#841=DIRECTION('Axis2P3D XDirection',(0.,0.,1.)) ;
#845=DIRECTION('Vector Direction',(1.,0.,0.)) ;
#852=DIRECTION('Vector Direction',(0.,0.,-1.)) ;
#859=DIRECTION('Vector Direction',(1.,0.,0.)) ;
#866=DIRECTION('Vector Direction',(0.,0.,1.)) ;
#882=DIRECTION('Axis2P3D Direction',(1.,0.,0.)) ;
#883=DIRECTION('Axis2P3D XDirection',(0.,0.,-1.)) ;
#887=DIRECTION('Vector Direction',(0.,0.,-1.)) ;
#926=DIRECTION('Vector Direction',(0.,0.,-1.)) ;
#933=DIRECTION('Vector Direction',(0.,1.,0.)) ;
#947=DIRECTION('Axis2P3D Direction',(-1.,5.39739724946E-017,0.)) ;
#948=DIRECTION('Axis2P3D XDirection',(5.39739724946E-017,1.,1.22460635382E-016)) ;
#952=DIRECTION('Vector Direction',(-1.,5.39739808403E-017,0.)) ;
#959=DIRECTION('Axis2P3D Direction',(-1.,5.39739724946E-017,0.)) ;
#971=DIRECTION('Axis2P3D Direction',(-1.,8.26058798084E-016,0.)) ;
#972=DIRECTION('Axis2P3D XDirection',(-8.26058798084E-016,-1.,0.)) ;
#976=DIRECTION('Vector Direction',(0.,0.,-1.)) ;
#983=DIRECTION('Vector Direction',(-8.45884209388E-016,-1.,0.)) ;
#990=DIRECTION('Vector Direction',(0.,0.,-1.)) ;
#1020=DIRECTION('Axis2P3D Direction',(1.,-5.39739724946E-017,0.)) ;
#1021=DIRECTION('Axis2P3D XDirection',(-5.39739724946E-017,-1.,1.22460635382E-016)) ;
#1025=DIRECTION('Vector Direction',(1.,-5.39739808403E-017,0.)) ;
#1037=DIRECTION('Axis2P3D Direction',(-1.,0.,0.)) ;
#1038=DIRECTION('Axis2P3D XDirection',(0.,0.,1.)) ;
#1042=DIRECTION('Vector Direction',(0.,-1.,0.)) ;
#1051=DIRECTION('Vector Direction',(0.,0.,1.)) ;
#1056=DIRECTION('Vector Direction',(0.,0.,-1.)) ;
#1068=DIRECTION('Axis2P3D Direction',(0.,1.,0.)) ;
#1069=DIRECTION('Axis2P3D XDirection',(0.,0.,1.)) ;
#1073=DIRECTION('Vector Direction',(1.,0.,0.)) ;
#1082=DIRECTION('Vector Direction',(0.,0.,-1.)) ;
#1089=DIRECTION('Vector Direction',(1.,0.,0.)) ;
#1096=DIRECTION('Vector Direction',(0.,0.,1.)) ;
#1101=DIRECTION('Vector Direction',(1.,0.,0.)) ;
#1108=DIRECTION('Vector Direction',(0.,0.,-1.)) ;
#1124=DIRECTION('Axis2P3D Direction',(1.,0.,0.)) ;
#1125=DIRECTION('Axis2P3D XDirection',(0.,0.,-1.)) ;
#1129=DIRECTION('Vector Direction',(0.,1.,0.)) ;
#1136=DIRECTION('Vector Direction',(0.,0.,1.)) ;
#1148=DIRECTION('Axis2P3D Direction',(-0.707106781187,0.707106781187,0.)) ;
#1149=DIRECTION('Axis2P3D XDirection',(-0.707106781187,-0.707106781187,0.)) ;
#1153=DIRECTION('Vector Direction',(-0.707106781187,-0.707106781187,0.)) ;
#1160=DIRECTION('Vector Direction',(0.,0.,-1.)) ;
#1172=DIRECTION('Axis2P3D Direction',(0.,-1.,0.)) ;
#1173=DIRECTION('Axis2P3D XDirection',(0.,0.,-1.)) ;
#1177=DIRECTION('Vector Direction',(-1.,0.,0.)) ;
#1186=DIRECTION('Vector Direction',(0.,0.,-1.)) ;
#1193=DIRECTION('Vector Direction',(-1.,0.,0.)) ;
#1200=DIRECTION('Vector Direction',(0.,0.,1.)) ;
#1205=DIRECTION('Vector Direction',(-1.,0.,0.)) ;
#1212=DIRECTION('Vector Direction',(0.,0.,-1.)) ;
#1228=DIRECTION('Axis2P3D Direction',(0.707106781187,0.707106781187,0.)) ;
#1229=DIRECTION('Axis2P3D XDirection',(-0.707106781187,0.707106781187,0.)) ;
#1233=DIRECTION('Vector Direction',(-0.707106781187,0.707106781187,0.)) ;
#1245=DIRECTION('Axis2P3D Direction',(-1.,0.,0.)) ;
#1246=DIRECTION('Axis2P3D XDirection',(0.,0.,1.)) ;
#1250=DIRECTION('Vector Direction',(0.,-1.,0.)) ;
#1259=DIRECTION('Vector Direction',(0.,0.,1.)) ;
#1264=DIRECTION('Vector Direction',(0.,0.,1.)) ;
#1276=DIRECTION('Axis2P3D Direction',(0.707106781187,-0.707106781187,0.)) ;
#1277=DIRECTION('Axis2P3D XDirection',(0.707106781187,0.707106781187,0.)) ;
#1281=DIRECTION('Vector Direction',(0.707106781187,0.707106781187,0.)) ;
#1288=DIRECTION('Vector Direction',(0.,0.,-1.)) ;
#1300=DIRECTION('Axis2P3D Direction',(0.,1.,0.)) ;
#1301=DIRECTION('Axis2P3D XDirection',(0.,0.,1.)) ;
#1305=DIRECTION('Vector Direction',(1.,0.,0.)) ;
#1314=DIRECTION('Vector Direction',(0.,0.,-1.)) ;
#1321=DIRECTION('Vector Direction',(1.,0.,0.)) ;
#1328=DIRECTION('Vector Direction',(0.,0.,1.)) ;
#1333=DIRECTION('Vector Direction',(1.,0.,0.)) ;
#1340=DIRECTION('Vector Direction',(0.,0.,-1.)) ;
#1356=DIRECTION('Axis2P3D Direction',(-0.707106781187,-0.707106781187,0.)) ;
#1357=DIRECTION('Axis2P3D XDirection',(0.707106781187,-0.707106781187,0.)) ;
#1361=DIRECTION('Vector Direction',(0.707106781187,-0.707106781187,0.)) ;
#1368=DIRECTION('Vector Direction',(0.,0.,-1.)) ;
#1380=DIRECTION('Axis2P3D Direction',(1.,0.,0.)) ;
#1381=DIRECTION('Axis2P3D XDirection',(0.,0.,-1.)) ;
#1385=DIRECTION('Vector Direction',(0.,1.,0.)) ;
#1392=DIRECTION('Vector Direction',(0.,0.,1.)) ;
#1404=DIRECTION('Axis2P3D Direction',(0.,-1.,0.)) ;
#1405=DIRECTION('Axis2P3D XDirection',(0.,0.,-1.)) ;
#1409=DIRECTION('Vector Direction',(-1.,0.,0.)) ;
#1418=DIRECTION('Vector Direction',(0.,0.,-1.)) ;
#1425=DIRECTION('Vector Direction',(-1.,0.,0.)) ;
#1430=DIRECTION('Vector Direction',(-1.,0.,0.)) ;
#1437=DIRECTION('Vector Direction',(0.,0.,-1.)) ;
#1453=DIRECTION('Axis2P3D Direction',(-1.,0.,0.)) ;
#1454=DIRECTION('Axis2P3D XDirection',(0.,0.,1.)) ;
#1458=DIRECTION('Vector Direction',(0.,-1.,0.)) ;
#1467=DIRECTION('Vector Direction',(0.,0.,1.)) ;
#1472=DIRECTION('Vector Direction',(0.,0.,-1.)) ;
#1484=DIRECTION('Axis2P3D Direction',(0.,1.,0.)) ;
#1485=DIRECTION('Axis2P3D XDirection',(0.,0.,1.)) ;
#1489=DIRECTION('Vector Direction',(1.,0.,0.)) ;
#1498=DIRECTION('Vector Direction',(0.,0.,-1.)) ;
#1505=DIRECTION('Vector Direction',(1.,0.,0.)) ;
#1512=DIRECTION('Vector Direction',(0.,0.,1.)) ;
#1517=DIRECTION('Vector Direction',(1.,0.,0.)) ;
#1524=DIRECTION('Vector Direction',(0.,0.,-1.)) ;
#1540=DIRECTION('Axis2P3D Direction',(1.,0.,0.)) ;
#1541=DIRECTION('Axis2P3D XDirection',(0.,0.,-1.)) ;
#1545=DIRECTION('Vector Direction',(0.,1.,0.)) ;
#1552=DIRECTION('Vector Direction',(0.,0.,1.)) ;
#1564=DIRECTION('Axis2P3D Direction',(-0.707106781187,0.707106781187,0.)) ;
#1565=DIRECTION('Axis2P3D XDirection',(-0.707106781187,-0.707106781187,0.)) ;
#1569=DIRECTION('Vector Direction',(-0.707106781187,-0.707106781187,0.)) ;
#1576=DIRECTION('Vector Direction',(0.,0.,-1.)) ;
#1588=DIRECTION('Axis2P3D Direction',(0.,-1.,0.)) ;
#1589=DIRECTION('Axis2P3D XDirection',(0.,0.,-1.)) ;
#1593=DIRECTION('Vector Direction',(-1.,0.,0.)) ;
#1602=DIRECTION('Vector Direction',(0.,0.,-1.)) ;
#1609=DIRECTION('Vector Direction',(-1.,0.,0.)) ;
#1616=DIRECTION('Vector Direction',(0.,0.,1.)) ;
#1621=DIRECTION('Vector Direction',(-1.,0.,0.)) ;
#1628=DIRECTION('Vector Direction',(0.,0.,-1.)) ;
#1644=DIRECTION('Axis2P3D Direction',(0.707106781187,0.707106781187,0.)) ;
#1645=DIRECTION('Axis2P3D XDirection',(-0.707106781187,0.707106781187,0.)) ;
#1649=DIRECTION('Vector Direction',(-0.707106781187,0.707106781187,0.)) ;
#1661=DIRECTION('Axis2P3D Direction',(-1.,0.,0.)) ;
#1662=DIRECTION('Axis2P3D XDirection',(0.,0.,1.)) ;
#1666=DIRECTION('Vector Direction',(0.,-1.,0.)) ;
#1675=DIRECTION('Vector Direction',(0.,0.,1.)) ;
#1680=DIRECTION('Vector Direction',(0.,0.,1.)) ;
#1692=DIRECTION('Axis2P3D Direction',(0.707106781187,-0.707106781187,0.)) ;
#1693=DIRECTION('Axis2P3D XDirection',(0.707106781187,0.707106781187,0.)) ;
#1697=DIRECTION('Vector Direction',(0.707106781187,0.707106781187,0.)) ;
#1704=DIRECTION('Vector Direction',(0.,0.,-1.)) ;
#1716=DIRECTION('Axis2P3D Direction',(0.,1.,0.)) ;
#1717=DIRECTION('Axis2P3D XDirection',(0.,0.,1.)) ;
#1721=DIRECTION('Vector Direction',(1.,0.,0.)) ;
#1730=DIRECTION('Vector Direction',(0.,0.,-1.)) ;
#1737=DIRECTION('Vector Direction',(1.,0.,0.)) ;
#1744=DIRECTION('Vector Direction',(0.,0.,1.)) ;
#1749=DIRECTION('Vector Direction',(1.,0.,0.)) ;
#1756=DIRECTION('Vector Direction',(0.,0.,-1.)) ;
#1772=DIRECTION('Axis2P3D Direction',(-0.707106781187,-0.707106781187,0.)) ;
#1773=DIRECTION('Axis2P3D XDirection',(0.707106781187,-0.707106781187,0.)) ;
#1777=DIRECTION('Vector Direction',(0.707106781187,-0.707106781187,0.)) ;
#1784=DIRECTION('Vector Direction',(0.,0.,-1.)) ;
#1796=DIRECTION('Axis2P3D Direction',(1.,0.,0.)) ;
#1797=DIRECTION('Axis2P3D XDirection',(0.,0.,-1.)) ;
#1801=DIRECTION('Vector Direction',(0.,1.,0.)) ;
#1808=DIRECTION('Vector Direction',(0.,0.,1.)) ;
#1820=DIRECTION('Axis2P3D Direction',(0.,-1.,0.)) ;
#1821=DIRECTION('Axis2P3D XDirection',(0.,0.,-1.)) ;
#1825=DIRECTION('Vector Direction',(-1.,0.,0.)) ;
#1834=DIRECTION('Vector Direction',(0.,0.,-1.)) ;
#1841=DIRECTION('Vector Direction',(-1.,0.,0.)) ;
#1846=DIRECTION('Vector Direction',(-1.,0.,0.)) ;
#1853=DIRECTION('Vector Direction',(0.,0.,-1.)) ;
#1869=DIRECTION('Axis2P3D Direction',(-1.,0.,0.)) ;
#1870=DIRECTION('Axis2P3D XDirection',(0.,0.,1.)) ;
#1874=DIRECTION('Vector Direction',(0.,-1.,0.)) ;
#1883=DIRECTION('Vector Direction',(0.,0.,1.)) ;
#1888=DIRECTION('Vector Direction',(0.,0.,-1.)) ;
#1900=DIRECTION('Axis2P3D Direction',(0.,1.,0.)) ;
#1901=DIRECTION('Axis2P3D XDirection',(0.,0.,1.)) ;
#1905=DIRECTION('Vector Direction',(1.,0.,0.)) ;
#1914=DIRECTION('Vector Direction',(0.,0.,-1.)) ;
#1921=DIRECTION('Vector Direction',(1.,0.,0.)) ;
#1928=DIRECTION('Vector Direction',(0.,0.,1.)) ;
#1933=DIRECTION('Vector Direction',(1.,0.,0.)) ;
#1940=DIRECTION('Vector Direction',(0.,0.,-1.)) ;
#1956=DIRECTION('Axis2P3D Direction',(1.,0.,0.)) ;
#1957=DIRECTION('Axis2P3D XDirection',(0.,0.,-1.)) ;
#1961=DIRECTION('Vector Direction',(0.,1.,0.)) ;
#1968=DIRECTION('Vector Direction',(0.,0.,1.)) ;
#1980=DIRECTION('Axis2P3D Direction',(-0.707106781187,0.707106781187,0.)) ;
#1981=DIRECTION('Axis2P3D XDirection',(-0.707106781187,-0.707106781187,0.)) ;
#1985=DIRECTION('Vector Direction',(-0.707106781187,-0.707106781187,0.)) ;
#1992=DIRECTION('Vector Direction',(0.,0.,-1.)) ;
#2004=DIRECTION('Axis2P3D Direction',(0.,-1.,0.)) ;
#2005=DIRECTION('Axis2P3D XDirection',(0.,0.,-1.)) ;
#2009=DIRECTION('Vector Direction',(-1.,0.,0.)) ;
#2018=DIRECTION('Vector Direction',(0.,0.,-1.)) ;
#2025=DIRECTION('Vector Direction',(-1.,0.,0.)) ;
#2032=DIRECTION('Vector Direction',(0.,0.,1.)) ;
#2037=DIRECTION('Vector Direction',(-1.,0.,0.)) ;
#2044=DIRECTION('Vector Direction',(0.,0.,-1.)) ;
#2060=DIRECTION('Axis2P3D Direction',(0.707106781187,0.707106781187,0.)) ;
#2061=DIRECTION('Axis2P3D XDirection',(-0.707106781187,0.707106781187,0.)) ;
#2065=DIRECTION('Vector Direction',(-0.707106781187,0.707106781187,0.)) ;
#2077=DIRECTION('Axis2P3D Direction',(-1.,0.,0.)) ;
#2078=DIRECTION('Axis2P3D XDirection',(0.,0.,1.)) ;
#2082=DIRECTION('Vector Direction',(0.,-1.,0.)) ;
#2091=DIRECTION('Vector Direction',(0.,0.,1.)) ;
#2096=DIRECTION('Vector Direction',(0.,0.,1.)) ;
#2108=DIRECTION('Axis2P3D Direction',(0.707106781187,-0.707106781187,0.)) ;
#2109=DIRECTION('Axis2P3D XDirection',(0.707106781187,0.707106781187,0.)) ;
#2113=DIRECTION('Vector Direction',(0.707106781187,0.707106781187,0.)) ;
#2120=DIRECTION('Vector Direction',(0.,0.,-1.)) ;
#2132=DIRECTION('Axis2P3D Direction',(0.,1.,0.)) ;
#2133=DIRECTION('Axis2P3D XDirection',(0.,0.,1.)) ;
#2137=DIRECTION('Vector Direction',(1.,0.,0.)) ;
#2146=DIRECTION('Vector Direction',(0.,0.,-1.)) ;
#2153=DIRECTION('Vector Direction',(1.,0.,0.)) ;
#2160=DIRECTION('Vector Direction',(0.,0.,1.)) ;
#2165=DIRECTION('Vector Direction',(1.,0.,0.)) ;
#2172=DIRECTION('Vector Direction',(0.,0.,-1.)) ;
#2188=DIRECTION('Axis2P3D Direction',(-0.707106781187,-0.707106781187,0.)) ;
#2189=DIRECTION('Axis2P3D XDirection',(0.707106781187,-0.707106781187,0.)) ;
#2193=DIRECTION('Vector Direction',(0.707106781187,-0.707106781187,0.)) ;
#2200=DIRECTION('Vector Direction',(0.,0.,-1.)) ;
#2212=DIRECTION('Axis2P3D Direction',(1.,0.,0.)) ;
#2213=DIRECTION('Axis2P3D XDirection',(0.,0.,-1.)) ;
#2217=DIRECTION('Vector Direction',(0.,1.,0.)) ;
#2224=DIRECTION('Vector Direction',(0.,0.,1.)) ;
#2236=DIRECTION('Axis2P3D Direction',(0.,-1.,0.)) ;
#2237=DIRECTION('Axis2P3D XDirection',(0.,0.,-1.)) ;
#2241=DIRECTION('Vector Direction',(-1.,0.,0.)) ;
#2250=DIRECTION('Vector Direction',(0.,0.,-1.)) ;
#2257=DIRECTION('Vector Direction',(-1.,0.,0.)) ;
#2262=DIRECTION('Vector Direction',(-1.,0.,0.)) ;
#2269=DIRECTION('Vector Direction',(0.,0.,-1.)) ;
#2285=DIRECTION('Axis2P3D Direction',(-1.,0.,0.)) ;
#2286=DIRECTION('Axis2P3D XDirection',(0.,0.,1.)) ;
#2290=DIRECTION('Vector Direction',(0.,-1.,0.)) ;
#2299=DIRECTION('Vector Direction',(0.,0.,1.)) ;
#2304=DIRECTION('Vector Direction',(0.,0.,-1.)) ;
#2316=DIRECTION('Axis2P3D Direction',(0.,1.,0.)) ;
#2317=DIRECTION('Axis2P3D XDirection',(0.,0.,1.)) ;
#2321=DIRECTION('Vector Direction',(1.,0.,0.)) ;
#2330=DIRECTION('Vector Direction',(0.,0.,-1.)) ;
#2337=DIRECTION('Vector Direction',(1.,0.,0.)) ;
#2344=DIRECTION('Vector Direction',(0.,0.,1.)) ;
#2349=DIRECTION('Vector Direction',(1.,0.,0.)) ;
#2356=DIRECTION('Vector Direction',(0.,0.,-1.)) ;
#2372=DIRECTION('Axis2P3D Direction',(1.,0.,0.)) ;
#2373=DIRECTION('Axis2P3D XDirection',(0.,0.,-1.)) ;
#2377=DIRECTION('Vector Direction',(0.,1.,0.)) ;
#2384=DIRECTION('Vector Direction',(0.,0.,1.)) ;
#2396=DIRECTION('Axis2P3D Direction',(-0.707106781187,0.707106781187,0.)) ;
#2397=DIRECTION('Axis2P3D XDirection',(-0.707106781187,-0.707106781187,0.)) ;
#2401=DIRECTION('Vector Direction',(-0.707106781187,-0.707106781187,0.)) ;
#2408=DIRECTION('Vector Direction',(0.,0.,-1.)) ;
#2420=DIRECTION('Axis2P3D Direction',(0.,-1.,0.)) ;
#2421=DIRECTION('Axis2P3D XDirection',(0.,0.,-1.)) ;
#2425=DIRECTION('Vector Direction',(-1.,0.,0.)) ;
#2434=DIRECTION('Vector Direction',(0.,0.,-1.)) ;
#2441=DIRECTION('Vector Direction',(-1.,0.,0.)) ;
#2448=DIRECTION('Vector Direction',(0.,0.,1.)) ;
#2453=DIRECTION('Vector Direction',(-1.,0.,0.)) ;
#2460=DIRECTION('Vector Direction',(0.,0.,-1.)) ;
#2476=DIRECTION('Axis2P3D Direction',(0.707106781187,0.707106781187,0.)) ;
#2477=DIRECTION('Axis2P3D XDirection',(-0.707106781187,0.707106781187,0.)) ;
#2481=DIRECTION('Vector Direction',(-0.707106781187,0.707106781187,0.)) ;
#2493=DIRECTION('Axis2P3D Direction',(-1.,0.,0.)) ;
#2494=DIRECTION('Axis2P3D XDirection',(0.,0.,1.)) ;
#2498=DIRECTION('Vector Direction',(0.,-1.,0.)) ;
#2507=DIRECTION('Vector Direction',(0.,0.,1.)) ;
#2512=DIRECTION('Vector Direction',(0.,0.,1.)) ;
#2524=DIRECTION('Axis2P3D Direction',(0.707106781187,-0.707106781187,0.)) ;
#2525=DIRECTION('Axis2P3D XDirection',(0.707106781187,0.707106781187,0.)) ;
#2529=DIRECTION('Vector Direction',(0.707106781187,0.707106781187,0.)) ;
#2536=DIRECTION('Vector Direction',(0.,0.,-1.)) ;
#2548=DIRECTION('Axis2P3D Direction',(0.,1.,0.)) ;
#2549=DIRECTION('Axis2P3D XDirection',(0.,0.,1.)) ;
#2553=DIRECTION('Vector Direction',(1.,0.,0.)) ;
#2562=DIRECTION('Vector Direction',(0.,0.,-1.)) ;
#2569=DIRECTION('Vector Direction',(1.,0.,0.)) ;
#2576=DIRECTION('Vector Direction',(0.,0.,1.)) ;
#2581=DIRECTION('Vector Direction',(1.,0.,0.)) ;
#2588=DIRECTION('Vector Direction',(0.,0.,-1.)) ;
#2604=DIRECTION('Axis2P3D Direction',(-0.707106781187,-0.707106781187,0.)) ;
#2605=DIRECTION('Axis2P3D XDirection',(0.707106781187,-0.707106781187,0.)) ;
#2609=DIRECTION('Vector Direction',(0.707106781187,-0.707106781187,0.)) ;
#2616=DIRECTION('Vector Direction',(0.,0.,-1.)) ;
#2628=DIRECTION('Axis2P3D Direction',(1.,0.,0.)) ;
#2629=DIRECTION('Axis2P3D XDirection',(0.,0.,-1.)) ;
#2633=DIRECTION('Vector Direction',(0.,1.,0.)) ;
#2640=DIRECTION('Vector Direction',(0.,0.,1.)) ;
#2652=DIRECTION('Axis2P3D Direction',(0.,-1.,0.)) ;
#2653=DIRECTION('Axis2P3D XDirection',(0.,0.,-1.)) ;
#2657=DIRECTION('Vector Direction',(-1.,0.,0.)) ;
#2666=DIRECTION('Vector Direction',(0.,0.,-1.)) ;
#2673=DIRECTION('Vector Direction',(-1.,0.,0.)) ;
#2678=DIRECTION('Vector Direction',(-1.,0.,0.)) ;
#2685=DIRECTION('Vector Direction',(0.,0.,-1.)) ;
#2701=DIRECTION('Axis2P3D Direction',(-1.,0.,0.)) ;
#2702=DIRECTION('Axis2P3D XDirection',(0.,0.,1.)) ;
#2706=DIRECTION('Vector Direction',(0.,-1.,0.)) ;
#2715=DIRECTION('Vector Direction',(0.,0.,1.)) ;
#2720=DIRECTION('Vector Direction',(0.,0.,-1.)) ;
#2732=DIRECTION('Axis2P3D Direction',(0.,1.,0.)) ;
#2733=DIRECTION('Axis2P3D XDirection',(0.,0.,1.)) ;
#2737=DIRECTION('Vector Direction',(1.,0.,0.)) ;
#2746=DIRECTION('Vector Direction',(0.,0.,-1.)) ;
#2753=DIRECTION('Vector Direction',(1.,0.,0.)) ;
#2760=DIRECTION('Vector Direction',(0.,0.,1.)) ;
#2765=DIRECTION('Vector Direction',(1.,0.,0.)) ;
#2772=DIRECTION('Vector Direction',(0.,0.,-1.)) ;
#2788=DIRECTION('Axis2P3D Direction',(1.,0.,0.)) ;
#2789=DIRECTION('Axis2P3D XDirection',(0.,0.,-1.)) ;
#2793=DIRECTION('Vector Direction',(0.,1.,0.)) ;
#2800=DIRECTION('Vector Direction',(0.,0.,1.)) ;
#2812=DIRECTION('Axis2P3D Direction',(-0.707106781187,0.707106781187,0.)) ;
#2813=DIRECTION('Axis2P3D XDirection',(-0.707106781187,-0.707106781187,0.)) ;
#2817=DIRECTION('Vector Direction',(-0.707106781187,-0.707106781187,0.)) ;
#2824=DIRECTION('Vector Direction',(0.,0.,-1.)) ;
#2836=DIRECTION('Axis2P3D Direction',(0.,-1.,0.)) ;
#2837=DIRECTION('Axis2P3D XDirection',(0.,0.,-1.)) ;
#2841=DIRECTION('Vector Direction',(-1.,0.,0.)) ;
#2850=DIRECTION('Vector Direction',(0.,0.,-1.)) ;
#2857=DIRECTION('Vector Direction',(-1.,0.,0.)) ;
#2864=DIRECTION('Vector Direction',(0.,0.,1.)) ;
#2869=DIRECTION('Vector Direction',(-1.,0.,0.)) ;
#2876=DIRECTION('Vector Direction',(0.,0.,-1.)) ;
#2892=DIRECTION('Axis2P3D Direction',(0.707106781187,0.707106781187,0.)) ;
#2893=DIRECTION('Axis2P3D XDirection',(-0.707106781187,0.707106781187,0.)) ;
#2897=DIRECTION('Vector Direction',(-0.707106781187,0.707106781187,0.)) ;
#2909=DIRECTION('Axis2P3D Direction',(-1.,0.,0.)) ;
#2910=DIRECTION('Axis2P3D XDirection',(0.,0.,1.)) ;
#2914=DIRECTION('Vector Direction',(0.,-1.,0.)) ;
#2923=DIRECTION('Vector Direction',(0.,0.,1.)) ;
#2928=DIRECTION('Vector Direction',(0.,0.,1.)) ;
#2940=DIRECTION('Axis2P3D Direction',(0.707106781187,-0.707106781187,0.)) ;
#2941=DIRECTION('Axis2P3D XDirection',(0.707106781187,0.707106781187,0.)) ;
#2945=DIRECTION('Vector Direction',(0.707106781187,0.707106781187,0.)) ;
#2952=DIRECTION('Vector Direction',(0.,0.,-1.)) ;
#2964=DIRECTION('Axis2P3D Direction',(0.,1.,0.)) ;
#2965=DIRECTION('Axis2P3D XDirection',(0.,0.,1.)) ;
#2969=DIRECTION('Vector Direction',(1.,0.,0.)) ;
#2978=DIRECTION('Vector Direction',(0.,0.,-1.)) ;
#2985=DIRECTION('Vector Direction',(1.,0.,0.)) ;
#2992=DIRECTION('Vector Direction',(0.,0.,1.)) ;
#2997=DIRECTION('Vector Direction',(1.,0.,0.)) ;
#3004=DIRECTION('Vector Direction',(0.,0.,-1.)) ;
#3020=DIRECTION('Axis2P3D Direction',(-0.707106781187,-0.707106781187,0.)) ;
#3021=DIRECTION('Axis2P3D XDirection',(0.707106781187,-0.707106781187,0.)) ;
#3025=DIRECTION('Vector Direction',(0.707106781187,-0.707106781187,0.)) ;
#3032=DIRECTION('Vector Direction',(0.,0.,-1.)) ;
#3044=DIRECTION('Axis2P3D Direction',(1.,0.,0.)) ;
#3045=DIRECTION('Axis2P3D XDirection',(0.,0.,-1.)) ;
#3049=DIRECTION('Vector Direction',(0.,1.,0.)) ;
#3056=DIRECTION('Vector Direction',(0.,0.,1.)) ;
#3068=DIRECTION('Axis2P3D Direction',(0.,-1.,0.)) ;
#3069=DIRECTION('Axis2P3D XDirection',(0.,0.,-1.)) ;
#3073=DIRECTION('Vector Direction',(-1.,0.,0.)) ;
#3082=DIRECTION('Vector Direction',(0.,0.,-1.)) ;
#3089=DIRECTION('Vector Direction',(-1.,0.,0.)) ;
#3094=DIRECTION('Vector Direction',(-1.,0.,0.)) ;
#3101=DIRECTION('Vector Direction',(0.,0.,-1.)) ;
#3117=DIRECTION('Axis2P3D Direction',(-1.,0.,0.)) ;
#3118=DIRECTION('Axis2P3D XDirection',(0.,0.,1.)) ;
#3122=DIRECTION('Vector Direction',(0.,-1.,0.)) ;
#3131=DIRECTION('Vector Direction',(0.,0.,1.)) ;
#3136=DIRECTION('Vector Direction',(0.,0.,-1.)) ;
#3148=DIRECTION('Axis2P3D Direction',(0.,1.,0.)) ;
#3149=DIRECTION('Axis2P3D XDirection',(0.,0.,1.)) ;
#3153=DIRECTION('Vector Direction',(1.,0.,0.)) ;
#3162=DIRECTION('Vector Direction',(0.,0.,-1.)) ;
#3169=DIRECTION('Vector Direction',(1.,0.,0.)) ;
#3176=DIRECTION('Vector Direction',(0.,0.,1.)) ;
#3181=DIRECTION('Vector Direction',(1.,0.,0.)) ;
#3188=DIRECTION('Vector Direction',(0.,0.,-1.)) ;
#3204=DIRECTION('Axis2P3D Direction',(1.,0.,0.)) ;
#3205=DIRECTION('Axis2P3D XDirection',(0.,0.,-1.)) ;
#3209=DIRECTION('Vector Direction',(0.,1.,0.)) ;
#3216=DIRECTION('Vector Direction',(0.,0.,1.)) ;
#3228=DIRECTION('Axis2P3D Direction',(-0.707106781187,0.707106781187,0.)) ;
#3229=DIRECTION('Axis2P3D XDirection',(-0.707106781187,-0.707106781187,0.)) ;
#3233=DIRECTION('Vector Direction',(-0.707106781187,-0.707106781187,0.)) ;
#3240=DIRECTION('Vector Direction',(0.,0.,-1.)) ;
#3252=DIRECTION('Axis2P3D Direction',(0.,-1.,0.)) ;
#3253=DIRECTION('Axis2P3D XDirection',(0.,0.,-1.)) ;
#3257=DIRECTION('Vector Direction',(-1.,0.,0.)) ;
#3266=DIRECTION('Vector Direction',(0.,0.,-1.)) ;
#3273=DIRECTION('Vector Direction',(-1.,0.,0.)) ;
#3280=DIRECTION('Vector Direction',(0.,0.,1.)) ;
#3285=DIRECTION('Vector Direction',(-1.,0.,0.)) ;
#3292=DIRECTION('Vector Direction',(0.,0.,-1.)) ;
#3308=DIRECTION('Axis2P3D Direction',(0.707106781187,0.707106781187,0.)) ;
#3309=DIRECTION('Axis2P3D XDirection',(-0.707106781187,0.707106781187,0.)) ;
#3313=DIRECTION('Vector Direction',(-0.707106781187,0.707106781187,0.)) ;
#3325=DIRECTION('Axis2P3D Direction',(-0.707106781187,-0.707106781187,0.)) ;
#3326=DIRECTION('Axis2P3D XDirection',(0.707106781187,-0.707106781187,0.)) ;
#3330=DIRECTION('Vector Direction',(0.707106781187,-0.707106781187,0.)) ;
#3337=DIRECTION('Vector Direction',(0.,0.,-1.)) ;
#3349=DIRECTION('Axis2P3D Direction',(1.,0.,0.)) ;
#3350=DIRECTION('Axis2P3D XDirection',(0.,0.,-1.)) ;
#3354=DIRECTION('Vector Direction',(0.,1.,0.)) ;
#3366=DIRECTION('Axis2P3D Direction',(0.,0.,-1.)) ;
#3367=DIRECTION('Axis2P3D XDirection',(-1.,0.,0.)) ;
#3371=DIRECTION('Vector Direction',(1.,0.,0.)) ;
#3380=DIRECTION('Vector Direction',(0.,1.,0.)) ;
#3387=DIRECTION('Vector Direction',(1.,0.,0.)) ;
#3394=DIRECTION('Vector Direction',(0.,-1.,0.)) ;
#3401=DIRECTION('Vector Direction',(1.,0.,0.)) ;
#3408=DIRECTION('Vector Direction',(0.,1.,0.)) ;
#3415=DIRECTION('Vector Direction',(1.,0.,0.)) ;
#3422=DIRECTION('Vector Direction',(0.,1.,0.)) ;
#3429=DIRECTION('Vector Direction',(-1.,0.,0.)) ;
#3436=DIRECTION('Vector Direction',(0.,-1.,0.)) ;
#3443=DIRECTION('Vector Direction',(-1.,0.,0.)) ;
#3450=DIRECTION('Vector Direction',(0.,1.,0.)) ;
#3469=DIRECTION('Vector Direction',(0.,-1.,0.)) ;
#3474=DIRECTION('Vector Direction',(0.,1.,0.)) ;
#3485=DIRECTION('Vector Direction',(0.,-1.,0.)) ;
#3490=DIRECTION('Vector Direction',(0.,1.,0.)) ;
#3501=DIRECTION('Vector Direction',(0.,-1.,0.)) ;
#3506=DIRECTION('Vector Direction',(0.,1.,0.)) ;
#3517=DIRECTION('Vector Direction',(0.,-1.,0.)) ;
#3522=DIRECTION('Vector Direction',(0.,1.,0.)) ;
#3533=DIRECTION('Vector Direction',(0.,-1.,0.)) ;
#3538=DIRECTION('Vector Direction',(0.,1.,0.)) ;
#3549=DIRECTION('Vector Direction',(0.,-1.,0.)) ;
#3554=DIRECTION('Vector Direction',(0.,1.,0.)) ;
#3565=DIRECTION('Vector Direction',(0.,-1.,0.)) ;
#3570=DIRECTION('Vector Direction',(0.,1.,0.)) ;
#3581=DIRECTION('Vector Direction',(0.,-1.,0.)) ;
#3586=DIRECTION('Vector Direction',(0.,1.,0.)) ;
#3597=DIRECTION('Vector Direction',(0.,-1.,0.)) ;
#3602=DIRECTION('Vector Direction',(0.,1.,0.)) ;
#3613=DIRECTION('Vector Direction',(0.,-1.,0.)) ;
#3618=DIRECTION('Vector Direction',(0.,1.,0.)) ;
#3629=DIRECTION('Vector Direction',(0.,-1.,0.)) ;
#3634=DIRECTION('Vector Direction',(0.,1.,0.)) ;
#3645=DIRECTION('Vector Direction',(0.,-1.,0.)) ;
#3657=DIRECTION('Axis2P3D Direction',(0.,0.,-1.)) ;
#3658=DIRECTION('Axis2P3D XDirection',(-1.,0.,0.)) ;
#3662=DIRECTION('Vector Direction',(0.,-1.,0.)) ;
#3675=DIRECTION('Axis2P3D Direction',(1.,0.,0.)) ;
#3676=DIRECTION('Axis2P3D XDirection',(0.,0.,-1.)) ;
#3687=DIRECTION('Axis2P3D Direction',(5.39739724946E-017,1.,0.)) ;
#3688=DIRECTION('Axis2P3D XDirection',(-1.,5.39739724946E-017,0.)) ;
#3692=DIRECTION('Vector Direction',(-1.,5.52693478335E-017,0.)) ;
#3704=DIRECTION('Axis2P3D Direction',(-5.39739724946E-017,-1.,0.)) ;
#3705=DIRECTION('Axis2P3D XDirection',(1.,-5.39739724946E-017,0.)) ;
#3709=DIRECTION('Vector Direction',(1.,-5.52693478335E-017,0.)) ;
#3721=DIRECTION('Axis2P3D Direction',(0.,0.,1.)) ;
#3722=DIRECTION('Axis2P3D XDirection',(1.,0.,0.)) ;
#3726=DIRECTION('Vector Direction',(0.,-1.,0.)) ;
#3735=DIRECTION('Vector Direction',(1.,0.,0.)) ;
#3742=DIRECTION('Vector Direction',(0.,1.,0.)) ;
#3749=DIRECTION('Vector Direction',(-1.,0.,0.)) ;
#3767=DIRECTION('Axis2P3D Direction',(0.,0.,-1.)) ;
#3768=DIRECTION('Axis2P3D XDirection',(-1.,0.,0.)) ;
#3772=DIRECTION('Vector Direction',(0.,1.,0.)) ;
#3785=DIRECTION('Axis2P3D Direction',(1.,0.,0.)) ;
#3786=DIRECTION('Axis2P3D XDirection',(0.,0.,-1.)) ;
#3790=DIRECTION('Vector Direction',(0.,-1.,0.)) ;
#3802=DIRECTION('Axis2P3D Direction',(0.,0.,-1.)) ;
#3803=DIRECTION('Axis2P3D XDirection',(-1.,0.,0.)) ;
#3815=DIRECTION('Axis2P3D Direction',(-1.,0.,0.)) ;
#3816=DIRECTION('Axis2P3D XDirection',(0.,0.,1.)) ;
#3827=DIRECTION('Axis2P3D Direction',(0.,0.,-1.)) ;
#3828=DIRECTION('Axis2P3D XDirection',(-1.,0.,0.)) ;
#3832=DIRECTION('Vector Direction',(0.,1.,0.)) ;
#3845=DIRECTION('Axis2P3D Direction',(1.,0.,0.)) ;
#3846=DIRECTION('Axis2P3D XDirection',(0.,0.,-1.)) ;
#3850=DIRECTION('Vector Direction',(0.,-1.,0.)) ;
#3862=DIRECTION('Axis2P3D Direction',(0.,0.,-1.)) ;
#3863=DIRECTION('Axis2P3D XDirection',(-1.,0.,0.)) ;
#3875=DIRECTION('Axis2P3D Direction',(-1.,0.,0.)) ;
#3876=DIRECTION('Axis2P3D XDirection',(0.,0.,1.)) ;
#3887=DIRECTION('Axis2P3D Direction',(0.,0.,-1.)) ;
#3888=DIRECTION('Axis2P3D XDirection',(-1.,0.,0.)) ;
#3892=DIRECTION('Vector Direction',(0.,1.,0.)) ;
#3905=DIRECTION('Axis2P3D Direction',(1.,0.,0.)) ;
#3906=DIRECTION('Axis2P3D XDirection',(0.,0.,-1.)) ;
#3910=DIRECTION('Vector Direction',(0.,-1.,0.)) ;
#3922=DIRECTION('Axis2P3D Direction',(0.,0.,-1.)) ;
#3923=DIRECTION('Axis2P3D XDirection',(-1.,0.,0.)) ;
#3935=DIRECTION('Axis2P3D Direction',(-1.,0.,0.)) ;
#3936=DIRECTION('Axis2P3D XDirection',(0.,0.,1.)) ;
#3947=DIRECTION('Axis2P3D Direction',(0.,0.,-1.)) ;
#3948=DIRECTION('Axis2P3D XDirection',(-1.,0.,0.)) ;
#3952=DIRECTION('Vector Direction',(0.,1.,0.)) ;
#3965=DIRECTION('Axis2P3D Direction',(1.,0.,0.)) ;
#3966=DIRECTION('Axis2P3D XDirection',(0.,0.,-1.)) ;
#3970=DIRECTION('Vector Direction',(0.,-1.,0.)) ;
#3982=DIRECTION('Axis2P3D Direction',(0.,0.,-1.)) ;
#3983=DIRECTION('Axis2P3D XDirection',(-1.,0.,0.)) ;
#3995=DIRECTION('Axis2P3D Direction',(-1.,0.,0.)) ;
#3996=DIRECTION('Axis2P3D XDirection',(0.,0.,1.)) ;
#4007=DIRECTION('Axis2P3D Direction',(0.,0.,-1.)) ;
#4008=DIRECTION('Axis2P3D XDirection',(-1.,0.,0.)) ;
#4012=DIRECTION('Vector Direction',(0.,1.,0.)) ;
#4025=DIRECTION('Axis2P3D Direction',(1.,0.,0.)) ;
#4026=DIRECTION('Axis2P3D XDirection',(0.,0.,-1.)) ;
#4030=DIRECTION('Vector Direction',(0.,-1.,0.)) ;
#4042=DIRECTION('Axis2P3D Direction',(0.,0.,-1.)) ;
#4043=DIRECTION('Axis2P3D XDirection',(-1.,0.,0.)) ;
#4055=DIRECTION('Axis2P3D Direction',(-1.,0.,0.)) ;
#4056=DIRECTION('Axis2P3D XDirection',(0.,0.,1.)) ;
#4067=DIRECTION('Axis2P3D Direction',(0.,0.,-1.)) ;
#4068=DIRECTION('Axis2P3D XDirection',(-1.,0.,0.)) ;
#4072=DIRECTION('Vector Direction',(0.,1.,0.)) ;
#4085=DIRECTION('Axis2P3D Direction',(1.,0.,0.)) ;
#4086=DIRECTION('Axis2P3D XDirection',(0.,0.,-1.)) ;
#4090=DIRECTION('Vector Direction',(0.,-1.,0.)) ;
#4102=DIRECTION('Axis2P3D Direction',(0.,0.,-1.)) ;
#4103=DIRECTION('Axis2P3D XDirection',(-1.,0.,0.)) ;
#4115=DIRECTION('Axis2P3D Direction',(-1.,0.,0.)) ;
#4116=DIRECTION('Axis2P3D XDirection',(0.,0.,1.)) ;
#4127=DIRECTION('Axis2P3D Direction',(0.,0.,-1.)) ;
#4128=DIRECTION('Axis2P3D XDirection',(-1.,0.,0.)) ;
#4132=DIRECTION('Vector Direction',(0.,1.,0.)) ;
#4145=DIRECTION('Axis2P3D Direction',(1.,0.,0.)) ;
#4146=DIRECTION('Axis2P3D XDirection',(0.,0.,-1.)) ;
#4150=DIRECTION('Vector Direction',(0.,-1.,0.)) ;
#4162=DIRECTION('Axis2P3D Direction',(0.,0.,-1.)) ;
#4163=DIRECTION('Axis2P3D XDirection',(-1.,0.,0.)) ;
#4175=DIRECTION('Axis2P3D Direction',(-1.,0.,0.)) ;
#4176=DIRECTION('Axis2P3D XDirection',(0.,0.,1.)) ;
#4187=DIRECTION('Axis2P3D Direction',(0.,0.,-1.)) ;
#4188=DIRECTION('Axis2P3D XDirection',(-1.,0.,0.)) ;
#4192=DIRECTION('Vector Direction',(0.,1.,0.)) ;
#4205=DIRECTION('Axis2P3D Direction',(1.,0.,0.)) ;
#4206=DIRECTION('Axis2P3D XDirection',(0.,0.,-1.)) ;
#4210=DIRECTION('Vector Direction',(0.,-1.,0.)) ;
#4222=DIRECTION('Axis2P3D Direction',(0.,0.,-1.)) ;
#4223=DIRECTION('Axis2P3D XDirection',(-1.,0.,0.)) ;
#4235=DIRECTION('Axis2P3D Direction',(-1.,0.,0.)) ;
#4236=DIRECTION('Axis2P3D XDirection',(0.,0.,1.)) ;
#4247=DIRECTION('Axis2P3D Direction',(0.,0.,-1.)) ;
#4248=DIRECTION('Axis2P3D XDirection',(-1.,0.,0.)) ;
#4252=DIRECTION('Vector Direction',(0.,1.,0.)) ;
#4265=DIRECTION('Axis2P3D Direction',(1.,0.,0.)) ;
#4266=DIRECTION('Axis2P3D XDirection',(0.,0.,-1.)) ;
#4270=DIRECTION('Vector Direction',(0.,-1.,0.)) ;
#4282=DIRECTION('Axis2P3D Direction',(0.,0.,-1.)) ;
#4283=DIRECTION('Axis2P3D XDirection',(-1.,0.,0.)) ;
#4295=DIRECTION('Axis2P3D Direction',(-1.,0.,0.)) ;
#4296=DIRECTION('Axis2P3D XDirection',(0.,0.,1.)) ;
#4307=DIRECTION('Axis2P3D Direction',(0.,0.,-1.)) ;
#4308=DIRECTION('Axis2P3D XDirection',(-1.,0.,0.)) ;
#4312=DIRECTION('Vector Direction',(0.,1.,0.)) ;
#4325=DIRECTION('Axis2P3D Direction',(1.,0.,0.)) ;
#4326=DIRECTION('Axis2P3D XDirection',(0.,0.,-1.)) ;
#4330=DIRECTION('Vector Direction',(0.,-1.,0.)) ;
#4342=DIRECTION('Axis2P3D Direction',(0.,0.,-1.)) ;
#4343=DIRECTION('Axis2P3D XDirection',(-1.,0.,0.)) ;
#4355=DIRECTION('Axis2P3D Direction',(-1.,0.,0.)) ;
#4356=DIRECTION('Axis2P3D XDirection',(0.,0.,1.)) ;
#4367=DIRECTION('Axis2P3D Direction',(0.,0.,-1.)) ;
#4368=DIRECTION('Axis2P3D XDirection',(-1.,0.,0.)) ;
#4372=DIRECTION('Vector Direction',(0.,1.,0.)) ;
#4385=DIRECTION('Axis2P3D Direction',(1.,0.,0.)) ;
#4386=DIRECTION('Axis2P3D XDirection',(0.,0.,-1.)) ;
#4390=DIRECTION('Vector Direction',(0.,-1.,0.)) ;
#4402=DIRECTION('Axis2P3D Direction',(0.,0.,-1.)) ;
#4403=DIRECTION('Axis2P3D XDirection',(-1.,0.,0.)) ;
#4415=DIRECTION('Axis2P3D Direction',(-1.,0.,0.)) ;
#4416=DIRECTION('Axis2P3D XDirection',(0.,0.,1.)) ;
#4427=DIRECTION('Axis2P3D Direction',(0.,0.998052578483,0.0623782861552)) ;
#4428=DIRECTION('Axis2P3D XDirection',(0.,-0.0623782861552,0.998052578483)) ;
#4432=DIRECTION('Vector Direction',(0.,0.0623782861552,-0.998052578483)) ;
#4439=DIRECTION('Vector Direction',(-1.,0.,0.)) ;
#4446=DIRECTION('Vector Direction',(-0.706417257538,0.0441510785416,-0.706417256666)) ;
#4453=DIRECTION('Vector Direction',(0.,0.0623782861552,-0.998052578483)) ;
#4460=DIRECTION('Vector Direction',(-1.,0.,0.)) ;
#4467=DIRECTION('Vector Direction',(0.,0.0623782861552,-0.998052578483)) ;
#4474=DIRECTION('Vector Direction',(0.706417255341,0.0441510786784,-0.706417258855)) ;
#4481=DIRECTION('Vector Direction',(1.,0.,0.)) ;
#4488=DIRECTION('Vector Direction',(0.,0.0623782861552,-0.998052578483)) ;
#4506=DIRECTION('Axis2P3D Direction',(1.,0.,0.)) ;
#4507=DIRECTION('Axis2P3D XDirection',(0.,0.,-1.)) ;
#4511=DIRECTION('Vector Direction',(0.,1.,0.)) ;
#4518=DIRECTION('Vector Direction',(0.,0.,-1.)) ;
#4530=DIRECTION('Axis2P3D Direction',(0.,-1.,0.)) ;
#4531=DIRECTION('Axis2P3D XDirection',(0.,0.,-1.)) ;
#4535=DIRECTION('Vector Direction',(1.,0.,0.)) ;
#4542=DIRECTION('Vector Direction',(-0.707106781187,0.,0.707106781187)) ;
#4549=DIRECTION('Vector Direction',(0.,0.,1.)) ;
#4556=DIRECTION('Vector Direction',(1.,0.,0.)) ;
#4563=DIRECTION('Vector Direction',(0.,0.,-1.)) ;
#4578=DIRECTION('Axis2P3D Direction',(1.,0.,0.)) ;
#4579=DIRECTION('Axis2P3D XDirection',(0.,0.,-1.)) ;
#4583=DIRECTION('Vector Direction',(0.,0.,1.)) ;
#4592=DIRECTION('Vector Direction',(0.,-1.,0.)) ;
#4599=DIRECTION('Vector Direction',(0.,0.,1.)) ;
#4604=DIRECTION('Vector Direction',(0.,1.,0.)) ;
#4611=DIRECTION('Vector Direction',(0.,0.,-1.)) ;
#4618=DIRECTION('Vector Direction',(0.,-1.,0.)) ;
#4623=DIRECTION('Vector Direction',(0.,0.,-1.)) ;
#4628=DIRECTION('Vector Direction',(0.,0.,-1.)) ;
#4635=DIRECTION('Vector Direction',(0.,-0.0623782866893,-0.99805257845)) ;
#4642=DIRECTION('Vector Direction',(0.,-1.,0.)) ;
#4663=DIRECTION('Vector Direction',(0.,-0.0554700204237,-0.998460353161)) ;
#4672=DIRECTION('Vector Direction',(0.,1.,0.)) ;
#4679=DIRECTION('Vector Direction',(0.,0.0554700204237,-0.998460353161)) ;
#4686=DIRECTION('Vector Direction',(0.,1.,0.)) ;
#4698=DIRECTION('Axis2P3D Direction',(0.,1.,5.42101086243E-016)) ;
#4699=DIRECTION('Axis2P3D XDirection',(0.,-5.42101086243E-016,1.)) ;
#4703=DIRECTION('Vector Direction',(-1.,0.,0.)) ;
#4710=DIRECTION('Vector Direction',(0.,1.11022302876E-015,-1.)) ;
#4717=DIRECTION('Vector Direction',(0.707106781187,3.14018491737E-016,-0.707106781187)) ;
#4724=DIRECTION('Vector Direction',(1.,0.,0.)) ;
#4731=DIRECTION('Vector Direction',(0.,-5.55111511796E-016,1.)) ;
#4746=DIRECTION('Axis2P3D Direction',(1.,0.,0.)) ;
#4747=DIRECTION('Axis2P3D XDirection',(0.,0.,-1.)) ;
#4751=DIRECTION('Vector Direction',(0.,-0.0623782870232,-0.998052578429)) ;
#4758=DIRECTION('Vector Direction',(0.,1.,0.)) ;
#4770=DIRECTION('Axis2P3D Direction',(0.,0.998052578483,-0.0623782861552)) ;
#4771=DIRECTION('Axis2P3D XDirection',(0.,0.0623782861552,0.998052578483)) ;
#4775=DIRECTION('Vector Direction',(1.,0.,0.)) ;
#4782=DIRECTION('Vector Direction',(0.706417255341,-0.0441510786784,-0.706417258855)) ;
#4787=DIRECTION('Vector Direction',(-1.,0.,0.)) ;
#4794=DIRECTION('Vector Direction',(0.,-0.0623782861552,-0.998052578483)) ;
#4801=DIRECTION('Vector Direction',(-0.706417257538,-0.0441510785416,-0.706417256666)) ;
#4808=DIRECTION('Vector Direction',(-1.,0.,0.)) ;
#4815=DIRECTION('Vector Direction',(0.,-0.0623782861552,-0.998052578483)) ;
#4833=DIRECTION('Axis2P3D Direction',(-1.,0.,0.)) ;
#4834=DIRECTION('Axis2P3D XDirection',(0.,0.,1.)) ;
#4838=DIRECTION('Vector Direction',(0.,-1.,0.)) ;
#4845=DIRECTION('Vector Direction',(0.,0.,1.)) ;
#4857=DIRECTION('Axis2P3D Direction',(0.,-1.,-5.42101086243E-016)) ;
#4858=DIRECTION('Axis2P3D XDirection',(0.,5.42101086243E-016,-1.)) ;
#4862=DIRECTION('Vector Direction',(-1.,0.,0.)) ;
#4869=DIRECTION('Vector Direction',(-0.707106781187,3.14018491737E-016,-0.707106781187)) ;
#4876=DIRECTION('Vector Direction',(0.,1.11022302876E-015,-1.)) ;
#4883=DIRECTION('Vector Direction',(1.,0.,0.)) ;
#4890=DIRECTION('Vector Direction',(0.,-5.55111514381E-016,1.)) ;
#4905=DIRECTION('Axis2P3D Direction',(-1.,0.,0.)) ;
#4906=DIRECTION('Axis2P3D XDirection',(0.,0.,1.)) ;
#4910=DIRECTION('Vector Direction',(0.,-1.,0.)) ;
#4917=DIRECTION('Vector Direction',(0.,0.,1.)) ;
#4924=DIRECTION('Vector Direction',(0.,1.,0.)) ;
#4929=DIRECTION('Vector Direction',(0.,0.,-1.)) ;
#4934=DIRECTION('Vector Direction',(0.,0.,-1.)) ;
#4939=DIRECTION('Vector Direction',(0.,1.,0.)) ;
#4946=DIRECTION('Vector Direction',(0.,0.,-1.)) ;
#4953=DIRECTION('Vector Direction',(0.,1.,0.)) ;
#4960=DIRECTION('Vector Direction',(0.,0.,-1.)) ;
#4981=DIRECTION('Vector Direction',(0.,1.,0.)) ;
#4990=DIRECTION('Vector Direction',(0.,0.0554700204237,0.998460353161)) ;
#4997=DIRECTION('Vector Direction',(0.,1.,0.)) ;
#5004=DIRECTION('Vector Direction',(0.,-0.0554700204237,0.998460353161)) ;
#5016=DIRECTION('Axis2P3D Direction',(0.,1.,0.)) ;
#5017=DIRECTION('Axis2P3D XDirection',(0.,0.,1.)) ;
#5021=DIRECTION('Vector Direction',(-1.,0.,0.)) ;
#5028=DIRECTION('Vector Direction',(0.,0.,1.)) ;
#5035=DIRECTION('Vector Direction',(0.707106781187,0.,0.707106781187)) ;
#5042=DIRECTION('Vector Direction',(-1.,0.,0.)) ;
#5049=DIRECTION('Vector Direction',(0.,0.,-1.)) ;
#5064=DIRECTION('Axis2P3D Direction',(-1.,0.,0.)) ;
#5065=DIRECTION('Axis2P3D XDirection',(0.,0.,1.)) ;
#5069=DIRECTION('Vector Direction',(0.,-1.,0.)) ;
#5081=DIRECTION('Axis2P3D Direction',(-5.02236096114E-017,1.,0.)) ;
#5082=DIRECTION('Axis2P3D XDirection',(-1.,-5.02236096114E-017,0.)) ;
#5093=DIRECTION('Axis2P3D Direction',(-5.02236096114E-017,-1.,0.)) ;
#5094=DIRECTION('Axis2P3D XDirection',(1.,-5.02236096114E-017,0.)) ;
#5105=DIRECTION('Axis2P3D Direction',(0.,0.,1.)) ;
#5106=DIRECTION('Axis2P3D XDirection',(1.,0.,0.)) ;
#5110=DIRECTION('Vector Direction',(0.,1.,0.)) ;
#5117=DIRECTION('Vector Direction',(1.,0.,0.)) ;
#5124=DIRECTION('Vector Direction',(0.,-1.,0.)) ;
#5138=DIRECTION('Axis2P3D Direction',(-0.707106781187,0.,0.707106781187)) ;
#5139=DIRECTION('Axis2P3D XDirection',(0.707106781187,0.,0.707106781187)) ;
#5143=DIRECTION('Vector Direction',(-0.707106781187,0.,-0.707106781187)) ;
#5155=DIRECTION('Axis2P3D Direction',(0.707106781187,0.,0.707106781187)) ;
#5156=DIRECTION('Axis2P3D XDirection',(0.707106781187,0.,-0.707106781187)) ;
#5160=DIRECTION('Vector Direction',(0.707106781187,0.,-0.707106781187)) ;
#5167=DIRECTION('Vector Direction',(0.,1.,0.)) ;
#5179=DIRECTION('Axis2P3D Direction',(0.,0.,1.)) ;
#5180=DIRECTION('Axis2P3D XDirection',(1.,0.,0.)) ;
#5184=DIRECTION('Vector Direction',(-1.,0.,0.)) ;
#5191=DIRECTION('Vector Direction',(0.,1.,0.)) ;
#5205=DIRECTION('Axis2P3D Direction',(-0.707106781187,0.,-0.707106781187)) ;
#5206=DIRECTION('Axis2P3D XDirection',(-0.707106781187,0.,0.707106781187)) ;
#5210=DIRECTION('Vector Direction',(-0.707106781187,0.,0.707106781187)) ;
#5217=DIRECTION('Vector Direction',(0.,1.,0.)) ;
#5229=DIRECTION('Axis2P3D Direction',(-1.,0.,0.)) ;
#5230=DIRECTION('Axis2P3D XDirection',(0.,0.,1.)) ;
#5234=DIRECTION('Vector Direction',(0.,0.,1.)) ;
#5241=DIRECTION('Vector Direction',(0.,1.,0.)) ;
#5253=DIRECTION('Axis2P3D Direction',(-3.36102673471E-015,0.,1.)) ;
#5254=DIRECTION('Axis2P3D XDirection',(1.,0.,3.36102673471E-015)) ;
#5258=DIRECTION('Vector Direction',(1.,0.,3.33066907388E-015)) ;
#5270=DIRECTION('Axis2P3D Direction',(0.,-1.,0.)) ;
#5271=DIRECTION('Axis2P3D XDirection',(0.,0.,-1.)) ;
#5275=DIRECTION('Vector Direction',(1.,0.,0.)) ;
#5284=DIRECTION('Vector Direction',(0.707106781187,0.,-0.707106781187)) ;
#5291=DIRECTION('Vector Direction',(0.,0.,-1.)) ;
#5298=DIRECTION('Vector Direction',(-1.,0.,0.)) ;
#5303=DIRECTION('Vector Direction',(-0.707106781187,0.,0.707106781187)) ;
#5317=DIRECTION('Axis2P3D Direction',(-3.36102673471E-015,0.,1.)) ;
#5318=DIRECTION('Axis2P3D XDirection',(1.,0.,3.36102673471E-015)) ;
#5322=DIRECTION('Vector Direction',(0.,-1.,0.)) ;
#5334=DIRECTION('Axis2P3D Direction',(0.,1.,0.)) ;
#5335=DIRECTION('Axis2P3D XDirection',(0.,0.,1.)) ;
#5348=DIRECTION('Axis2P3D Direction',(0.707106781187,0.,0.707106781187)) ;
#5349=DIRECTION('Axis2P3D XDirection',(0.707106781187,0.,-0.707106781187)) ;
#5353=DIRECTION('Vector Direction',(0.,1.,0.)) ;
#5365=DIRECTION('Axis2P3D Direction',(0.,-0.998460353205,0.0554700196225)) ;
#5366=DIRECTION('Axis2P3D XDirection',(0.,-0.0554700196225,-0.998460353205)) ;
#5370=DIRECTION('Vector Direction',(1.,0.,0.)) ;
#5377=DIRECTION('Vector Direction',(0.,0.0554700196225,0.998460353205)) ;
#5384=DIRECTION('Vector Direction',(-0.529411765202,0.0470588235122,0.84705882322)) ;
#5396=DIRECTION('Axis2P3D Direction',(-0.847998304005,0.,-0.529998940003)) ;
#5397=DIRECTION('Axis2P3D XDirection',(-0.529998940003,0.,0.847998304005)) ;
#5401=DIRECTION('Vector Direction',(0.,1.,0.)) ;
#5408=DIRECTION('Vector Direction',(-0.529411764726,-0.0470588227371,0.847058823561)) ;
#5420=DIRECTION('Axis2P3D Direction',(0.,-0.998460353205,-0.0554700196225)) ;
#5421=DIRECTION('Axis2P3D XDirection',(0.,0.0554700196225,-0.998460353205)) ;
#5425=DIRECTION('Vector Direction',(0.,-0.0554700196225,0.998460353205)) ;
#5432=DIRECTION('Vector Direction',(1.,0.,0.)) ;
#5444=DIRECTION('Axis2P3D Direction',(0.,0.,1.)) ;
#5445=DIRECTION('Axis2P3D XDirection',(1.,0.,0.)) ;
#5449=DIRECTION('Vector Direction',(0.,1.,0.)) ;
#5461=DIRECTION('Axis2P3D Direction',(-1.,0.,0.)) ;
#5462=DIRECTION('Axis2P3D XDirection',(0.,0.,1.)) ;
#5466=DIRECTION('Vector Direction',(0.,-1.,0.)) ;
#5478=DIRECTION('Axis2P3D Direction',(-0.707106781187,0.,-0.707106781187)) ;
#5479=DIRECTION('Axis2P3D XDirection',(-0.707106781187,0.,0.707106781187)) ;
#5483=DIRECTION('Vector Direction',(0.,-1.,0.)) ;
#5495=DIRECTION('Axis2P3D Direction',(0.,0.,1.)) ;
#5496=DIRECTION('Axis2P3D XDirection',(1.,0.,0.)) ;
#5509=DIRECTION('Axis2P3D Direction',(-0.707106781187,0.,0.707106781187)) ;
#5510=DIRECTION('Axis2P3D XDirection',(0.707106781187,0.,0.707106781187)) ;
#5514=DIRECTION('Vector Direction',(0.707106781187,0.,0.707106781187)) ;
#5521=DIRECTION('Vector Direction',(0.,-1.,0.)) ;
#5533=DIRECTION('Axis2P3D Direction',(0.,0.,1.)) ;
#5534=DIRECTION('Axis2P3D XDirection',(1.,0.,0.)) ;
#5538=DIRECTION('Vector Direction',(-1.,0.,0.)) ;
#5545=DIRECTION('Vector Direction',(0.,-1.,0.)) ;
#5559=DIRECTION('Axis2P3D Direction',(-0.707106781187,0.,0.707106781187)) ;
#5560=DIRECTION('Axis2P3D XDirection',(0.707106781187,0.,0.707106781187)) ;
#5564=DIRECTION('Vector Direction',(-0.707106781187,0.,-0.707106781187)) ;
#5571=DIRECTION('Vector Direction',(0.,-1.,0.)) ;
#5583=DIRECTION('Axis2P3D Direction',(-1.,0.,0.)) ;
#5584=DIRECTION('Axis2P3D XDirection',(0.,0.,1.)) ;
#5588=DIRECTION('Vector Direction',(0.,0.,-1.)) ;
#5595=DIRECTION('Vector Direction',(0.,-1.,0.)) ;
#5607=DIRECTION('Axis2P3D Direction',(-3.36102673471E-015,0.,-1.)) ;
#5608=DIRECTION('Axis2P3D XDirection',(-1.,0.,3.36102673471E-015)) ;
#5612=DIRECTION('Vector Direction',(1.,0.,-3.33066907388E-015)) ;
#5624=DIRECTION('Axis2P3D Direction',(0.,1.,0.)) ;
#5625=DIRECTION('Axis2P3D XDirection',(0.,0.,1.)) ;
#5638=DIRECTION('Axis2P3D Direction',(0.,-1.,0.)) ;
#5639=DIRECTION('Axis2P3D XDirection',(0.,0.,-1.)) ;
#5643=DIRECTION('Vector Direction',(0.707106781187,0.,0.707106781187)) ;
#5650=DIRECTION('Vector Direction',(0.,0.,1.)) ;
#5657=DIRECTION('Vector Direction',(-1.,0.,0.)) ;
#5671=DIRECTION('Axis2P3D Direction',(-3.36102673471E-015,0.,-1.)) ;
#5672=DIRECTION('Axis2P3D XDirection',(-1.,0.,3.36102673471E-015)) ;
#5676=DIRECTION('Vector Direction',(0.,1.,0.)) ;
#5688=DIRECTION('Axis2P3D Direction',(-0.847998304005,0.,0.529998940003)) ;
#5689=DIRECTION('Axis2P3D XDirection',(0.529998940003,0.,0.847998304005)) ;
#5693=DIRECTION('Vector Direction',(0.529411764726,0.0470588227371,0.847058823561)) ;
#5700=DIRECTION('Vector Direction',(0.529411764726,-0.0470588227371,0.847058823561)) ;
#5707=DIRECTION('Vector Direction',(0.,1.,0.)) ;
#5719=DIRECTION('Axis2P3D Direction',(0.,-0.998460353205,0.0554700196225)) ;
#5720=DIRECTION('Axis2P3D XDirection',(0.,-0.0554700196225,-0.998460353205)) ;
#5724=DIRECTION('Vector Direction',(0.,0.0554700196225,0.998460353205)) ;
#5731=DIRECTION('Vector Direction',(-1.,0.,0.)) ;
#5743=DIRECTION('Axis2P3D Direction',(0.,0.,-1.)) ;
#5744=DIRECTION('Axis2P3D XDirection',(-1.,0.,0.)) ;
#5748=DIRECTION('Vector Direction',(0.,1.,0.)) ;
#5755=DIRECTION('Vector Direction',(-1.,0.,0.)) ;
#5767=DIRECTION('Axis2P3D Direction',(0.,-0.998460353205,-0.0554700196225)) ;
#5768=DIRECTION('Axis2P3D XDirection',(0.,0.0554700196225,-0.998460353205)) ;
#5772=DIRECTION('Vector Direction',(0.,-0.0554700196225,0.998460353205)) ;
#5784=DIRECTION('Axis2P3D Direction',(-1.,0.,0.)) ;
#5785=DIRECTION('Axis2P3D XDirection',(0.,0.,1.)) ;
#5789=DIRECTION('Vector Direction',(0.,1.,0.)) ;
#5801=DIRECTION('Axis2P3D Direction',(-0.707106781187,0.,0.707106781187)) ;
#5802=DIRECTION('Axis2P3D XDirection',(0.707106781187,0.,0.707106781187)) ;
#5813=DIRECTION('Axis2P3D Direction',(-1.,0.,0.)) ;
#5814=DIRECTION('Axis2P3D XDirection',(0.,0.,1.)) ;
#5825=DIRECTION('Axis2P3D Direction',(-1.,0.,0.)) ;
#5826=DIRECTION('Axis2P3D XDirection',(0.,0.,1.)) ;
#5847=DIRECTION('NONE',(1.,0.,0.)) ;
#5848=DIRECTION('NONE',(0.,0.,1.)) ;
#5849=DIRECTION('NONE',(1.,0.,0.)) ;
#5850=DIRECTION('NONE',(0.,0.,1.)) ;
#5870=DIRECTION('Axis2P3D Direction',(-1.83697019872E-016,0.,1.)) ;
#5871=DIRECTION('Axis2P3D XDirection',(1.,0.,1.83697019872E-016)) ;
#5875=DIRECTION('Vector Direction',(1.,0.,1.83697019872E-016)) ;
#5884=DIRECTION('Vector Direction',(0.,1.,0.)) ;
#5891=DIRECTION('Vector Direction',(1.,0.,1.83697019872E-016)) ;
#5898=DIRECTION('Vector Direction',(0.,1.,0.)) ;
#5910=DIRECTION('Axis2P3D Direction',(0.,-1.,0.)) ;
#5911=DIRECTION('Axis2P3D XDirection',(0.,0.,-1.)) ;
#5915=DIRECTION('Vector Direction',(-1.,0.,0.)) ;
#5940=DIRECTION('Vector Direction',(0.,0.,1.)) ;
#5963=DIRECTION('Vector Direction',(1.,0.,0.)) ;
#5970=DIRECTION('Vector Direction',(1.,0.,0.)) ;
#5991=DIRECTION('Vector Direction',(0.,0.,-1.)) ;
#6014=DIRECTION('Vector Direction',(-1.,0.,0.)) ;
#6021=DIRECTION('Vector Direction',(0.,0.,-1.)) ;
#6044=DIRECTION('Vector Direction',(0.,0.,-1.)) ;
#6051=DIRECTION('Vector Direction',(-0.707106781187,0.,-0.707106781187)) ;
#6058=DIRECTION('Vector Direction',(-1.,0.,0.)) ;
#6065=DIRECTION('Vector Direction',(-0.707106781187,0.,0.707106781187)) ;
#6072=DIRECTION('Vector Direction',(0.,0.,1.)) ;
#6095=DIRECTION('Vector Direction',(0.,0.,1.)) ;
#6123=DIRECTION('Axis2P3D Direction',(-1.,6.12303176911E-017,-2.0982022543E-016)) ;
#6124=DIRECTION('Axis2P3D XDirection',(-2.0982022543E-016,0.,1.)) ;
#6128=DIRECTION('Vector Direction',(4.4408920985E-017,1.,0.)) ;
#6137=DIRECTION('Vector Direction',(-2.77555755898E-016,0.,1.)) ;
#6144=DIRECTION('Vector Direction',(8.881784197E-017,1.,0.)) ;
#6164=DIRECTION('Vector Direction',(-1.66533453632E-016,0.599999999404,0.800000000447)) ;
#6195=DIRECTION('Vector Direction',(-1.66533453632E-016,0.599999999404,0.800000000447)) ;
#6226=DIRECTION('Axis2P3D Direction',(0.,-1.,0.)) ;
#6227=DIRECTION('Axis2P3D XDirection',(0.,0.,-1.)) ;
#6231=DIRECTION('Vector Direction',(0.,0.,1.)) ;
#6256=DIRECTION('Vector Direction',(-1.,0.,0.)) ;
#6263=DIRECTION('Vector Direction',(0.,0.,1.)) ;
#6286=DIRECTION('Vector Direction',(0.,0.,1.)) ;
#6293=DIRECTION('Vector Direction',(0.707106781187,0.,-0.707106781187)) ;
#6300=DIRECTION('Vector Direction',(-1.,0.,0.)) ;
#6307=DIRECTION('Vector Direction',(0.707106781187,0.,0.707106781187)) ;
#6314=DIRECTION('Vector Direction',(0.,0.,-1.)) ;
#6337=DIRECTION('Vector Direction',(0.,0.,-1.)) ;
#6344=DIRECTION('Vector Direction',(-1.,0.,0.)) ;
#6367=DIRECTION('Vector Direction',(0.,0.,-1.)) ;
#6388=DIRECTION('Vector Direction',(-1.,0.,0.)) ;
#6395=DIRECTION('Vector Direction',(1.,0.,0.)) ;
#6439=DIRECTION('Axis2P3D Direction',(0.,1.,0.)) ;
#6440=DIRECTION('Axis2P3D XDirection',(1.22460635382E-016,0.,-1.)) ;
#6444=DIRECTION('Vector Direction',(0.,1.,0.)) ;
#6456=DIRECTION('Axis2P3D Direction',(0.,0.,-1.)) ;
#6457=DIRECTION('Axis2P3D XDirection',(-1.,0.,0.)) ;
#6461=DIRECTION('Vector Direction',(0.,1.,0.)) ;
#6466=DIRECTION('Vector Direction',(0.,1.,0.)) ;
#6478=DIRECTION('Axis2P3D Direction',(0.,1.,0.)) ;
#6479=DIRECTION('Axis2P3D XDirection',(0.,0.,1.)) ;
#6483=DIRECTION('Vector Direction',(0.,1.,0.)) ;
#6495=DIRECTION('Axis2P3D Direction',(-1.,0.,7.22801448324E-016)) ;
#6496=DIRECTION('Axis2P3D XDirection',(7.22801448324E-016,0.,1.)) ;
#6500=DIRECTION('Vector Direction',(0.,1.,0.)) ;
#6512=DIRECTION('Axis2P3D Direction',(0.,1.,0.)) ;
#6513=DIRECTION('Axis2P3D XDirection',(0.,0.,1.)) ;
#6517=DIRECTION('Vector Direction',(0.,1.,0.)) ;
#6529=DIRECTION('Axis2P3D Direction',(-1.83697019872E-016,0.,1.)) ;
#6530=DIRECTION('Axis2P3D XDirection',(1.,0.,1.83697019872E-016)) ;
#6534=DIRECTION('Vector Direction',(0.,-1.,0.)) ;
#6546=DIRECTION('Axis2P3D Direction',(1.,-6.12303176911E-017,0.)) ;
#6547=DIRECTION('Axis2P3D XDirection',(-6.12303176911E-017,-1.,1.22460635382E-016)) ;
#6551=DIRECTION('Axis2P3D Direction',(1.,-6.12303176911E-017,0.)) ;
#6558=DIRECTION('Vector Direction',(1.,-6.12303152625E-017,0.)) ;
#6570=DIRECTION('Axis2P3D Direction',(1.,0.,1.44560289665E-015)) ;
#6571=DIRECTION('Axis2P3D XDirection',(1.44560289665E-015,0.,-1.)) ;
#6575=DIRECTION('Vector Direction',(0.,1.,0.)) ;
#6587=DIRECTION('Axis2P3D Direction',(0.,1.,0.)) ;
#6588=DIRECTION('Axis2P3D XDirection',(1.22460635382E-016,0.,-1.)) ;
#6592=DIRECTION('Vector Direction',(0.,1.,0.)) ;
#6604=DIRECTION('Axis2P3D Direction',(0.,0.,-1.)) ;
#6605=DIRECTION('Axis2P3D XDirection',(-1.,0.,0.)) ;
#6609=DIRECTION('Vector Direction',(0.,1.,0.)) ;
#6621=DIRECTION('Axis2P3D Direction',(1.,0.,7.74430123204E-017)) ;
#6622=DIRECTION('Axis2P3D XDirection',(7.74430123204E-017,0.,-1.)) ;
#6626=DIRECTION('Vector Direction',(0.,1.,0.)) ;
#6638=DIRECTION('Axis2P3D Direction',(0.,-1.,0.)) ;
#6639=DIRECTION('Axis2P3D XDirection',(0.,0.,-1.)) ;
#6643=DIRECTION('Vector Direction',(0.,-1.,0.)) ;
#6655=DIRECTION('Axis2P3D Direction',(1.,0.,1.14126544472E-016)) ;
#6656=DIRECTION('Axis2P3D XDirection',(1.14126544472E-016,0.,-1.)) ;
#6660=DIRECTION('Vector Direction',(0.,1.,0.)) ;
#6672=DIRECTION('Axis2P3D Direction',(0.707106781187,0.,-0.707106781187)) ;
#6673=DIRECTION('Axis2P3D XDirection',(-0.707106781187,0.,-0.707106781187)) ;
#6677=DIRECTION('Vector Direction',(0.,-1.,0.)) ;
#6689=DIRECTION('Axis2P3D Direction',(0.,0.,-1.)) ;
#6690=DIRECTION('Axis2P3D XDirection',(-1.,0.,0.)) ;
#6694=DIRECTION('Vector Direction',(0.,1.,0.)) ;
#6706=DIRECTION('Axis2P3D Direction',(-0.707106781187,0.,-0.707106781187)) ;
#6707=DIRECTION('Axis2P3D XDirection',(-0.707106781187,0.,0.707106781187)) ;
#6711=DIRECTION('Vector Direction',(0.,-1.,0.)) ;
#6723=DIRECTION('Axis2P3D Direction',(-1.,0.,6.84759266833E-016)) ;
#6724=DIRECTION('Axis2P3D XDirection',(6.84759266833E-016,0.,1.)) ;
#6728=DIRECTION('Vector Direction',(0.,1.,0.)) ;
#6740=DIRECTION('Axis2P3D Direction',(0.,-1.,0.)) ;
#6741=DIRECTION('Axis2P3D XDirection',(1.22460635382E-016,0.,1.)) ;
#6745=DIRECTION('Vector Direction',(0.,-1.,0.)) ;
#6757=DIRECTION('Axis2P3D Direction',(-1.,0.,8.51873135524E-016)) ;
#6758=DIRECTION('Axis2P3D XDirection',(8.51873135524E-016,0.,1.)) ;
#6769=DIRECTION('Axis2P3D Direction',(-6.12303176911E-017,4.33680868994E-016,-1.)) ;
#6770=DIRECTION('Axis2P3D XDirection',(0.,1.,4.33680868994E-016)) ;
#6806=DIRECTION('Vector Direction',(1.,0.,0.)) ;
#6813=DIRECTION('Vector Direction',(0.,1.,5.3290705182E-016)) ;
#6826=DIRECTION('Axis2P3D Direction',(-6.12303176911E-017,5.56141504376E-016,-1.)) ;
#6827=DIRECTION('Axis2P3D XDirection',(1.22460635382E-016,-1.,-5.56141504376E-016)) ;
#6831=DIRECTION('Vector Direction',(-6.12303176911E-017,5.56141488417E-016,-1.)) ;
#6852=DIRECTION('Axis2P3D Direction',(6.12303176911E-017,-4.33680868994E-016,1.)) ;
#6853=DIRECTION('Axis2P3D XDirection',(0.,-1.,-4.33680868994E-016)) ;
#6873=DIRECTION('Vector Direction',(0.,1.,4.4408920985E-016)) ;
#6880=DIRECTION('Vector Direction',(-1.,0.,0.)) ;
#6893=DIRECTION('Axis2P3D Direction',(1.,-6.12303176911E-017,0.)) ;
#6894=DIRECTION('Axis2P3D XDirection',(-6.12303176911E-017,-1.,1.22460635382E-016)) ;
#6898=DIRECTION('Axis2P3D Direction',(1.,-6.12303176911E-017,0.)) ;
#6905=DIRECTION('Vector Direction',(1.,-6.12303208136E-017,0.)) ;
#6917=DIRECTION('Axis2P3D Direction',(1.22460635382E-017,-0.8,0.6)) ;
#6918=DIRECTION('Axis2P3D XDirection',(0.,-0.6,-0.8)) ;
#6922=DIRECTION('Vector Direction',(0.,0.6,0.8)) ;
#6929=DIRECTION('Vector Direction',(-1.,0.,0.)) ;
#6941=DIRECTION('Axis2P3D Direction',(1.,-6.12303176911E-017,0.)) ;
#6942=DIRECTION('Axis2P3D XDirection',(-6.12303176911E-017,-1.,1.22460635382E-016)) ;
#6946=DIRECTION('Axis2P3D Direction',(1.,-6.12303176911E-017,0.)) ;
#6958=DIRECTION('Axis2P3D Direction',(-1.22460635382E-017,0.8,-0.6)) ;
#6959=DIRECTION('Axis2P3D XDirection',(0.,0.6,0.8)) ;
#6963=DIRECTION('Vector Direction',(0.,0.6,0.8)) ;
#6970=DIRECTION('Vector Direction',(1.,0.,0.)) ;
#6982=DIRECTION('Axis2P3D Direction',(1.,-6.12303176911E-017,0.)) ;
#6983=DIRECTION('Axis2P3D XDirection',(-6.12303176911E-017,-1.,1.22460635382E-016)) ;
#6987=DIRECTION('Axis2P3D Direction',(1.,-6.12303176911E-017,0.)) ;
#6999=DIRECTION('Axis2P3D Direction',(1.,-6.12303176911E-017,-6.12303176911E-017)) ;
#7000=DIRECTION('Axis2P3D XDirection',(-6.12303176911E-017,0.,-1.)) ;
#7004=DIRECTION('Vector Direction',(0.,0.,-1.)) ;
#7022=DIRECTION('Axis2P3D Direction',(-6.12303176911E-017,5.56141504376E-016,-1.)) ;
#7023=DIRECTION('Axis2P3D XDirection',(0.,1.,5.56141504376E-016)) ;
#7044=DIRECTION('NONE',(1.,0.,0.)) ;
#7045=DIRECTION('NONE',(0.,0.,1.)) ;
#7046=DIRECTION('NONE',(1.,-1.57772181044E-030,3.46944695195E-016)) ;
#7047=DIRECTION('NONE',(-3.46944695195E-016,-1.17373598748E-016,1.)) ;
#7059=DIRECTION('NONE',(1.,0.,0.)) ;
#7060=DIRECTION('NONE',(0.,0.,1.)) ;
#7061=DIRECTION('NONE',(-1.,-3.35639001825E-016,9.43689570931E-016)) ;
#7062=DIRECTION('NONE',(9.43689570931E-016,-6.19926640324E-017,1.)) ;
#7072=DIRECTION('NONE',(1.,0.,0.)) ;
#7073=DIRECTION('NONE',(0.,0.,1.)) ;
#7074=DIRECTION('NONE',(-1.,-3.35639001825E-016,9.43689570931E-016)) ;
#7075=DIRECTION('NONE',(9.43689570931E-016,-6.19926640324E-017,1.)) ;
#7085=DIRECTION('NONE',(1.,0.,0.)) ;
#7086=DIRECTION('NONE',(0.,0.,1.)) ;
#7087=DIRECTION('NONE',(1.,-1.57772181044E-030,3.46944695195E-016)) ;
#7088=DIRECTION('NONE',(-3.46944695195E-016,-1.17373598748E-016,1.)) ;
#7098=DIRECTION('NONE',(1.,0.,0.)) ;
#7099=DIRECTION('NONE',(0.,0.,1.)) ;
#7100=DIRECTION('NONE',(-1.,-3.35639001825E-016,9.43689570931E-016)) ;
#7101=DIRECTION('NONE',(9.43689570931E-016,-6.19926640324E-017,1.)) ;
#7111=DIRECTION('NONE',(1.,0.,0.)) ;
#7112=DIRECTION('NONE',(0.,0.,1.)) ;
#7113=DIRECTION('NONE',(1.,-1.57772181044E-030,3.46944695195E-016)) ;
#7114=DIRECTION('NONE',(-3.46944695195E-016,-1.17373598748E-016,1.)) ;
#7124=DIRECTION('NONE',(1.,0.,0.)) ;
#7125=DIRECTION('NONE',(0.,0.,1.)) ;
#7126=DIRECTION('NONE',(-1.,-3.35639001825E-016,9.43689570931E-016)) ;
#7127=DIRECTION('NONE',(9.43689570931E-016,-6.19926640324E-017,1.)) ;
#7137=DIRECTION('NONE',(1.,0.,0.)) ;
#7138=DIRECTION('NONE',(0.,0.,1.)) ;
#7139=DIRECTION('NONE',(1.,-1.57772181044E-030,3.46944695195E-016)) ;
#7140=DIRECTION('NONE',(-3.46944695195E-016,-1.17373598748E-016,1.)) ;
#7150=DIRECTION('NONE',(1.,0.,0.)) ;
#7151=DIRECTION('NONE',(0.,0.,1.)) ;
#7152=DIRECTION('NONE',(-1.,-3.35639001825E-016,9.43689570931E-016)) ;
#7153=DIRECTION('NONE',(9.43689570931E-016,-6.19926640324E-017,1.)) ;
#7163=DIRECTION('NONE',(1.,0.,0.)) ;
#7164=DIRECTION('NONE',(0.,0.,1.)) ;
#7165=DIRECTION('NONE',(1.,-1.57772181044E-030,3.46944695195E-016)) ;
#7166=DIRECTION('NONE',(-3.46944695195E-016,-1.17373598748E-016,1.)) ;
#7176=DIRECTION('NONE',(1.,0.,0.)) ;
#7177=DIRECTION('NONE',(0.,0.,1.)) ;
#7178=DIRECTION('NONE',(-1.,-3.35639001825E-016,9.43689570931E-016)) ;
#7179=DIRECTION('NONE',(9.43689570931E-016,-6.19926640324E-017,1.)) ;
#7189=DIRECTION('NONE',(1.,0.,0.)) ;
#7190=DIRECTION('NONE',(0.,0.,1.)) ;
#7191=DIRECTION('NONE',(1.,-1.57772181044E-030,3.46944695195E-016)) ;
#7192=DIRECTION('NONE',(-3.46944695195E-016,-1.17373598748E-016,1.)) ;
#8=PRODUCT_RELATED_PRODUCT_CATEGORY('part',$,(#25,#5855)) ;
#11=PRODUCT_RELATED_PRODUCT_CATEGORY('part',$,(#5)) ;
#7=PRODUCT_CATEGORY('part','specification') ;
#10=PRODUCT_CATEGORY('part','specification') ;
#37=STYLED_ITEM(' ',(#36),#29) ;
#5867=STYLED_ITEM(' ',(#5866),#5859) ;
#36=PRESENTATION_STYLE_ASSIGNMENT((#35)) ;
#5866=PRESENTATION_STYLE_ASSIGNMENT((#5865)) ;
#35=SURFACE_STYLE_USAGE(.BOTH.,#34) ;
#5865=SURFACE_STYLE_USAGE(.BOTH.,#5864) ;
#34=SURFACE_SIDE_STYLE(' ',(#33)) ;
#5864=SURFACE_SIDE_STYLE(' ',(#5863)) ;
#33=SURFACE_STYLE_FILL_AREA(#32) ;
#5863=SURFACE_STYLE_FILL_AREA(#5862) ;
#32=FILL_AREA_STYLE(' ',(#31)) ;
#5862=FILL_AREA_STYLE(' ',(#5861)) ;
#31=FILL_AREA_STYLE_COLOUR(' ',#30) ;
#5861=FILL_AREA_STYLE_COLOUR(' ',#5860) ;
#46=VECTOR('Line Direction',#45,1.) ;
#55=VECTOR('Line Direction',#54,1.) ;
#62=VECTOR('Line Direction',#61,1.) ;
#69=VECTOR('Line Direction',#68,1.) ;
#86=VECTOR('Line Direction',#85,1.) ;
#93=VECTOR('Line Direction',#92,1.) ;
#100=VECTOR('Line Direction',#99,1.) ;
#107=VECTOR('Line Direction',#106,1.) ;
#125=VECTOR('Line Direction',#124,1.) ;
#132=VECTOR('Line Direction',#131,1.) ;
#149=VECTOR('Line Direction',#148,1.) ;
#158=VECTOR('Line Direction',#157,1.) ;
#165=VECTOR('Line Direction',#164,1.) ;
#172=VECTOR('Line Direction',#171,1.) ;
#183=VECTOR('Line Direction',#182,1.) ;
#192=VECTOR('Line Direction',#191,1.) ;
#199=VECTOR('Line Direction',#198,1.) ;
#206=VECTOR('Line Direction',#205,1.) ;
#213=VECTOR('Line Direction',#212,1.) ;
#220=VECTOR('Line Direction',#219,1.) ;
#233=VECTOR('Line Direction',#232,1.) ;
#242=VECTOR('Line Direction',#241,1.) ;
#249=VECTOR('Line Direction',#248,1.) ;
#256=VECTOR('Line Direction',#255,1.) ;
#263=VECTOR('Line Direction',#262,1.) ;
#270=VECTOR('Line Direction',#269,1.) ;
#283=VECTOR('Line Direction',#282,1.) ;
#292=VECTOR('Line Direction',#291,1.) ;
#299=VECTOR('Line Direction',#298,1.) ;
#306=VECTOR('Line Direction',#305,1.) ;
#313=VECTOR('Line Direction',#312,1.) ;
#320=VECTOR('Line Direction',#319,1.) ;
#333=VECTOR('Line Direction',#332,1.) ;
#342=VECTOR('Line Direction',#341,1.) ;
#349=VECTOR('Line Direction',#348,1.) ;
#356=VECTOR('Line Direction',#355,1.) ;
#363=VECTOR('Line Direction',#362,1.) ;
#370=VECTOR('Line Direction',#369,1.) ;
#383=VECTOR('Line Direction',#382,1.) ;
#392=VECTOR('Line Direction',#391,1.) ;
#399=VECTOR('Line Direction',#398,1.) ;
#406=VECTOR('Line Direction',#405,1.) ;
#413=VECTOR('Line Direction',#412,1.) ;
#420=VECTOR('Line Direction',#419,1.) ;
#433=VECTOR('Line Direction',#432,1.) ;
#442=VECTOR('Line Direction',#441,1.) ;
#449=VECTOR('Line Direction',#448,1.) ;
#456=VECTOR('Line Direction',#455,1.) ;
#463=VECTOR('Line Direction',#462,1.) ;
#470=VECTOR('Line Direction',#469,1.) ;
#483=VECTOR('Line Direction',#482,1.) ;
#492=VECTOR('Line Direction',#491,1.) ;
#499=VECTOR('Line Direction',#498,1.) ;
#506=VECTOR('Line Direction',#505,1.) ;
#513=VECTOR('Line Direction',#512,1.) ;
#520=VECTOR('Line Direction',#519,1.) ;
#533=VECTOR('Line Direction',#532,1.) ;
#542=VECTOR('Line Direction',#541,1.) ;
#549=VECTOR('Line Direction',#548,1.) ;
#556=VECTOR('Line Direction',#555,1.) ;
#563=VECTOR('Line Direction',#562,1.) ;
#570=VECTOR('Line Direction',#569,1.) ;
#583=VECTOR('Line Direction',#582,1.) ;
#592=VECTOR('Line Direction',#591,1.) ;
#599=VECTOR('Line Direction',#598,1.) ;
#606=VECTOR('Line Direction',#605,1.) ;
#613=VECTOR('Line Direction',#612,1.) ;
#620=VECTOR('Line Direction',#619,1.) ;
#633=VECTOR('Line Direction',#632,1.) ;
#642=VECTOR('Line Direction',#641,1.) ;
#649=VECTOR('Line Direction',#648,1.) ;
#656=VECTOR('Line Direction',#655,1.) ;
#663=VECTOR('Line Direction',#662,1.) ;
#670=VECTOR('Line Direction',#669,1.) ;
#683=VECTOR('Line Direction',#682,1.) ;
#692=VECTOR('Line Direction',#691,1.) ;
#699=VECTOR('Line Direction',#698,1.) ;
#706=VECTOR('Line Direction',#705,1.) ;
#713=VECTOR('Line Direction',#712,1.) ;
#720=VECTOR('Line Direction',#719,1.) ;
#733=VECTOR('Line Direction',#732,1.) ;
#740=VECTOR('Line Direction',#739,1.) ;
#747=VECTOR('Line Direction',#746,1.) ;
#754=VECTOR('Line Direction',#753,1.) ;
#773=VECTOR('Line Direction',#772,1.) ;
#782=VECTOR('Line Direction',#781,1.) ;
#787=VECTOR('Line Direction',#786,1.) ;
#794=VECTOR('Line Direction',#793,1.) ;
#801=VECTOR('Line Direction',#800,1.) ;
#822=VECTOR('Line Direction',#821,1.) ;
#829=VECTOR('Line Direction',#828,1.) ;
#846=VECTOR('Line Direction',#845,1.) ;
#853=VECTOR('Line Direction',#852,1.) ;
#860=VECTOR('Line Direction',#859,1.) ;
#867=VECTOR('Line Direction',#866,1.) ;
#888=VECTOR('Line Direction',#887,1.) ;
#927=VECTOR('Line Direction',#926,1.) ;
#934=VECTOR('Line Direction',#933,1.) ;
#953=VECTOR('Line Direction',#952,1.) ;
#977=VECTOR('Line Direction',#976,1.) ;
#984=VECTOR('Line Direction',#983,1.) ;
#991=VECTOR('Line Direction',#990,1.) ;
#1026=VECTOR('Line Direction',#1025,1.) ;
#1043=VECTOR('Line Direction',#1042,1.) ;
#1052=VECTOR('Line Direction',#1051,1.) ;
#1057=VECTOR('Line Direction',#1056,1.) ;
#1074=VECTOR('Line Direction',#1073,1.) ;
#1083=VECTOR('Line Direction',#1082,1.) ;
#1090=VECTOR('Line Direction',#1089,1.) ;
#1097=VECTOR('Line Direction',#1096,1.) ;
#1102=VECTOR('Line Direction',#1101,1.) ;
#1109=VECTOR('Line Direction',#1108,1.) ;
#1130=VECTOR('Line Direction',#1129,1.) ;
#1137=VECTOR('Line Direction',#1136,1.) ;
#1154=VECTOR('Line Direction',#1153,1.) ;
#1161=VECTOR('Line Direction',#1160,1.) ;
#1178=VECTOR('Line Direction',#1177,1.) ;
#1187=VECTOR('Line Direction',#1186,1.) ;
#1194=VECTOR('Line Direction',#1193,1.) ;
#1201=VECTOR('Line Direction',#1200,1.) ;
#1206=VECTOR('Line Direction',#1205,1.) ;
#1213=VECTOR('Line Direction',#1212,1.) ;
#1234=VECTOR('Line Direction',#1233,1.) ;
#1251=VECTOR('Line Direction',#1250,1.) ;
#1260=VECTOR('Line Direction',#1259,1.) ;
#1265=VECTOR('Line Direction',#1264,1.) ;
#1282=VECTOR('Line Direction',#1281,1.) ;
#1289=VECTOR('Line Direction',#1288,1.) ;
#1306=VECTOR('Line Direction',#1305,1.) ;
#1315=VECTOR('Line Direction',#1314,1.) ;
#1322=VECTOR('Line Direction',#1321,1.) ;
#1329=VECTOR('Line Direction',#1328,1.) ;
#1334=VECTOR('Line Direction',#1333,1.) ;
#1341=VECTOR('Line Direction',#1340,1.) ;
#1362=VECTOR('Line Direction',#1361,1.) ;
#1369=VECTOR('Line Direction',#1368,1.) ;
#1386=VECTOR('Line Direction',#1385,1.) ;
#1393=VECTOR('Line Direction',#1392,1.) ;
#1410=VECTOR('Line Direction',#1409,1.) ;
#1419=VECTOR('Line Direction',#1418,1.) ;
#1426=VECTOR('Line Direction',#1425,1.) ;
#1431=VECTOR('Line Direction',#1430,1.) ;
#1438=VECTOR('Line Direction',#1437,1.) ;
#1459=VECTOR('Line Direction',#1458,1.) ;
#1468=VECTOR('Line Direction',#1467,1.) ;
#1473=VECTOR('Line Direction',#1472,1.) ;
#1490=VECTOR('Line Direction',#1489,1.) ;
#1499=VECTOR('Line Direction',#1498,1.) ;
#1506=VECTOR('Line Direction',#1505,1.) ;
#1513=VECTOR('Line Direction',#1512,1.) ;
#1518=VECTOR('Line Direction',#1517,1.) ;
#1525=VECTOR('Line Direction',#1524,1.) ;
#1546=VECTOR('Line Direction',#1545,1.) ;
#1553=VECTOR('Line Direction',#1552,1.) ;
#1570=VECTOR('Line Direction',#1569,1.) ;
#1577=VECTOR('Line Direction',#1576,1.) ;
#1594=VECTOR('Line Direction',#1593,1.) ;
#1603=VECTOR('Line Direction',#1602,1.) ;
#1610=VECTOR('Line Direction',#1609,1.) ;
#1617=VECTOR('Line Direction',#1616,1.) ;
#1622=VECTOR('Line Direction',#1621,1.) ;
#1629=VECTOR('Line Direction',#1628,1.) ;
#1650=VECTOR('Line Direction',#1649,1.) ;
#1667=VECTOR('Line Direction',#1666,1.) ;
#1676=VECTOR('Line Direction',#1675,1.) ;
#1681=VECTOR('Line Direction',#1680,1.) ;
#1698=VECTOR('Line Direction',#1697,1.) ;
#1705=VECTOR('Line Direction',#1704,1.) ;
#1722=VECTOR('Line Direction',#1721,1.) ;
#1731=VECTOR('Line Direction',#1730,1.) ;
#1738=VECTOR('Line Direction',#1737,1.) ;
#1745=VECTOR('Line Direction',#1744,1.) ;
#1750=VECTOR('Line Direction',#1749,1.) ;
#1757=VECTOR('Line Direction',#1756,1.) ;
#1778=VECTOR('Line Direction',#1777,1.) ;
#1785=VECTOR('Line Direction',#1784,1.) ;
#1802=VECTOR('Line Direction',#1801,1.) ;
#1809=VECTOR('Line Direction',#1808,1.) ;
#1826=VECTOR('Line Direction',#1825,1.) ;
#1835=VECTOR('Line Direction',#1834,1.) ;
#1842=VECTOR('Line Direction',#1841,1.) ;
#1847=VECTOR('Line Direction',#1846,1.) ;
#1854=VECTOR('Line Direction',#1853,1.) ;
#1875=VECTOR('Line Direction',#1874,1.) ;
#1884=VECTOR('Line Direction',#1883,1.) ;
#1889=VECTOR('Line Direction',#1888,1.) ;
#1906=VECTOR('Line Direction',#1905,1.) ;
#1915=VECTOR('Line Direction',#1914,1.) ;
#1922=VECTOR('Line Direction',#1921,1.) ;
#1929=VECTOR('Line Direction',#1928,1.) ;
#1934=VECTOR('Line Direction',#1933,1.) ;
#1941=VECTOR('Line Direction',#1940,1.) ;
#1962=VECTOR('Line Direction',#1961,1.) ;
#1969=VECTOR('Line Direction',#1968,1.) ;
#1986=VECTOR('Line Direction',#1985,1.) ;
#1993=VECTOR('Line Direction',#1992,1.) ;
#2010=VECTOR('Line Direction',#2009,1.) ;
#2019=VECTOR('Line Direction',#2018,1.) ;
#2026=VECTOR('Line Direction',#2025,1.) ;
#2033=VECTOR('Line Direction',#2032,1.) ;
#2038=VECTOR('Line Direction',#2037,1.) ;
#2045=VECTOR('Line Direction',#2044,1.) ;
#2066=VECTOR('Line Direction',#2065,1.) ;
#2083=VECTOR('Line Direction',#2082,1.) ;
#2092=VECTOR('Line Direction',#2091,1.) ;
#2097=VECTOR('Line Direction',#2096,1.) ;
#2114=VECTOR('Line Direction',#2113,1.) ;
#2121=VECTOR('Line Direction',#2120,1.) ;
#2138=VECTOR('Line Direction',#2137,1.) ;
#2147=VECTOR('Line Direction',#2146,1.) ;
#2154=VECTOR('Line Direction',#2153,1.) ;
#2161=VECTOR('Line Direction',#2160,1.) ;
#2166=VECTOR('Line Direction',#2165,1.) ;
#2173=VECTOR('Line Direction',#2172,1.) ;
#2194=VECTOR('Line Direction',#2193,1.) ;
#2201=VECTOR('Line Direction',#2200,1.) ;
#2218=VECTOR('Line Direction',#2217,1.) ;
#2225=VECTOR('Line Direction',#2224,1.) ;
#2242=VECTOR('Line Direction',#2241,1.) ;
#2251=VECTOR('Line Direction',#2250,1.) ;
#2258=VECTOR('Line Direction',#2257,1.) ;
#2263=VECTOR('Line Direction',#2262,1.) ;
#2270=VECTOR('Line Direction',#2269,1.) ;
#2291=VECTOR('Line Direction',#2290,1.) ;
#2300=VECTOR('Line Direction',#2299,1.) ;
#2305=VECTOR('Line Direction',#2304,1.) ;
#2322=VECTOR('Line Direction',#2321,1.) ;
#2331=VECTOR('Line Direction',#2330,1.) ;
#2338=VECTOR('Line Direction',#2337,1.) ;
#2345=VECTOR('Line Direction',#2344,1.) ;
#2350=VECTOR('Line Direction',#2349,1.) ;
#2357=VECTOR('Line Direction',#2356,1.) ;
#2378=VECTOR('Line Direction',#2377,1.) ;
#2385=VECTOR('Line Direction',#2384,1.) ;
#2402=VECTOR('Line Direction',#2401,1.) ;
#2409=VECTOR('Line Direction',#2408,1.) ;
#2426=VECTOR('Line Direction',#2425,1.) ;
#2435=VECTOR('Line Direction',#2434,1.) ;
#2442=VECTOR('Line Direction',#2441,1.) ;
#2449=VECTOR('Line Direction',#2448,1.) ;
#2454=VECTOR('Line Direction',#2453,1.) ;
#2461=VECTOR('Line Direction',#2460,1.) ;
#2482=VECTOR('Line Direction',#2481,1.) ;
#2499=VECTOR('Line Direction',#2498,1.) ;
#2508=VECTOR('Line Direction',#2507,1.) ;
#2513=VECTOR('Line Direction',#2512,1.) ;
#2530=VECTOR('Line Direction',#2529,1.) ;
#2537=VECTOR('Line Direction',#2536,1.) ;
#2554=VECTOR('Line Direction',#2553,1.) ;
#2563=VECTOR('Line Direction',#2562,1.) ;
#2570=VECTOR('Line Direction',#2569,1.) ;
#2577=VECTOR('Line Direction',#2576,1.) ;
#2582=VECTOR('Line Direction',#2581,1.) ;
#2589=VECTOR('Line Direction',#2588,1.) ;
#2610=VECTOR('Line Direction',#2609,1.) ;
#2617=VECTOR('Line Direction',#2616,1.) ;
#2634=VECTOR('Line Direction',#2633,1.) ;
#2641=VECTOR('Line Direction',#2640,1.) ;
#2658=VECTOR('Line Direction',#2657,1.) ;
#2667=VECTOR('Line Direction',#2666,1.) ;
#2674=VECTOR('Line Direction',#2673,1.) ;
#2679=VECTOR('Line Direction',#2678,1.) ;
#2686=VECTOR('Line Direction',#2685,1.) ;
#2707=VECTOR('Line Direction',#2706,1.) ;
#2716=VECTOR('Line Direction',#2715,1.) ;
#2721=VECTOR('Line Direction',#2720,1.) ;
#2738=VECTOR('Line Direction',#2737,1.) ;
#2747=VECTOR('Line Direction',#2746,1.) ;
#2754=VECTOR('Line Direction',#2753,1.) ;
#2761=VECTOR('Line Direction',#2760,1.) ;
#2766=VECTOR('Line Direction',#2765,1.) ;
#2773=VECTOR('Line Direction',#2772,1.) ;
#2794=VECTOR('Line Direction',#2793,1.) ;
#2801=VECTOR('Line Direction',#2800,1.) ;
#2818=VECTOR('Line Direction',#2817,1.) ;
#2825=VECTOR('Line Direction',#2824,1.) ;
#2842=VECTOR('Line Direction',#2841,1.) ;
#2851=VECTOR('Line Direction',#2850,1.) ;
#2858=VECTOR('Line Direction',#2857,1.) ;
#2865=VECTOR('Line Direction',#2864,1.) ;
#2870=VECTOR('Line Direction',#2869,1.) ;
#2877=VECTOR('Line Direction',#2876,1.) ;
#2898=VECTOR('Line Direction',#2897,1.) ;
#2915=VECTOR('Line Direction',#2914,1.) ;
#2924=VECTOR('Line Direction',#2923,1.) ;
#2929=VECTOR('Line Direction',#2928,1.) ;
#2946=VECTOR('Line Direction',#2945,1.) ;
#2953=VECTOR('Line Direction',#2952,1.) ;
#2970=VECTOR('Line Direction',#2969,1.) ;
#2979=VECTOR('Line Direction',#2978,1.) ;
#2986=VECTOR('Line Direction',#2985,1.) ;
#2993=VECTOR('Line Direction',#2992,1.) ;
#2998=VECTOR('Line Direction',#2997,1.) ;
#3005=VECTOR('Line Direction',#3004,1.) ;
#3026=VECTOR('Line Direction',#3025,1.) ;
#3033=VECTOR('Line Direction',#3032,1.) ;
#3050=VECTOR('Line Direction',#3049,1.) ;
#3057=VECTOR('Line Direction',#3056,1.) ;
#3074=VECTOR('Line Direction',#3073,1.) ;
#3083=VECTOR('Line Direction',#3082,1.) ;
#3090=VECTOR('Line Direction',#3089,1.) ;
#3095=VECTOR('Line Direction',#3094,1.) ;
#3102=VECTOR('Line Direction',#3101,1.) ;
#3123=VECTOR('Line Direction',#3122,1.) ;
#3132=VECTOR('Line Direction',#3131,1.) ;
#3137=VECTOR('Line Direction',#3136,1.) ;
#3154=VECTOR('Line Direction',#3153,1.) ;
#3163=VECTOR('Line Direction',#3162,1.) ;
#3170=VECTOR('Line Direction',#3169,1.) ;
#3177=VECTOR('Line Direction',#3176,1.) ;
#3182=VECTOR('Line Direction',#3181,1.) ;
#3189=VECTOR('Line Direction',#3188,1.) ;
#3210=VECTOR('Line Direction',#3209,1.) ;
#3217=VECTOR('Line Direction',#3216,1.) ;
#3234=VECTOR('Line Direction',#3233,1.) ;
#3241=VECTOR('Line Direction',#3240,1.) ;
#3258=VECTOR('Line Direction',#3257,1.) ;
#3267=VECTOR('Line Direction',#3266,1.) ;
#3274=VECTOR('Line Direction',#3273,1.) ;
#3281=VECTOR('Line Direction',#3280,1.) ;
#3286=VECTOR('Line Direction',#3285,1.) ;
#3293=VECTOR('Line Direction',#3292,1.) ;
#3314=VECTOR('Line Direction',#3313,1.) ;
#3331=VECTOR('Line Direction',#3330,1.) ;
#3338=VECTOR('Line Direction',#3337,1.) ;
#3355=VECTOR('Line Direction',#3354,1.) ;
#3372=VECTOR('Line Direction',#3371,1.) ;
#3381=VECTOR('Line Direction',#3380,1.) ;
#3388=VECTOR('Line Direction',#3387,1.) ;
#3395=VECTOR('Line Direction',#3394,1.) ;
#3402=VECTOR('Line Direction',#3401,1.) ;
#3409=VECTOR('Line Direction',#3408,1.) ;
#3416=VECTOR('Line Direction',#3415,1.) ;
#3423=VECTOR('Line Direction',#3422,1.) ;
#3430=VECTOR('Line Direction',#3429,1.) ;
#3437=VECTOR('Line Direction',#3436,1.) ;
#3444=VECTOR('Line Direction',#3443,1.) ;
#3451=VECTOR('Line Direction',#3450,1.) ;
#3470=VECTOR('Line Direction',#3469,1.) ;
#3475=VECTOR('Line Direction',#3474,1.) ;
#3486=VECTOR('Line Direction',#3485,1.) ;
#3491=VECTOR('Line Direction',#3490,1.) ;
#3502=VECTOR('Line Direction',#3501,1.) ;
#3507=VECTOR('Line Direction',#3506,1.) ;
#3518=VECTOR('Line Direction',#3517,1.) ;
#3523=VECTOR('Line Direction',#3522,1.) ;
#3534=VECTOR('Line Direction',#3533,1.) ;
#3539=VECTOR('Line Direction',#3538,1.) ;
#3550=VECTOR('Line Direction',#3549,1.) ;
#3555=VECTOR('Line Direction',#3554,1.) ;
#3566=VECTOR('Line Direction',#3565,1.) ;
#3571=VECTOR('Line Direction',#3570,1.) ;
#3582=VECTOR('Line Direction',#3581,1.) ;
#3587=VECTOR('Line Direction',#3586,1.) ;
#3598=VECTOR('Line Direction',#3597,1.) ;
#3603=VECTOR('Line Direction',#3602,1.) ;
#3614=VECTOR('Line Direction',#3613,1.) ;
#3619=VECTOR('Line Direction',#3618,1.) ;
#3630=VECTOR('Line Direction',#3629,1.) ;
#3635=VECTOR('Line Direction',#3634,1.) ;
#3646=VECTOR('Line Direction',#3645,1.) ;
#3663=VECTOR('Line Direction',#3662,1.) ;
#3693=VECTOR('Line Direction',#3692,1.) ;
#3710=VECTOR('Line Direction',#3709,1.) ;
#3727=VECTOR('Line Direction',#3726,1.) ;
#3736=VECTOR('Line Direction',#3735,1.) ;
#3743=VECTOR('Line Direction',#3742,1.) ;
#3750=VECTOR('Line Direction',#3749,1.) ;
#3773=VECTOR('Line Direction',#3772,1.) ;
#3791=VECTOR('Line Direction',#3790,1.) ;
#3833=VECTOR('Line Direction',#3832,1.) ;
#3851=VECTOR('Line Direction',#3850,1.) ;
#3893=VECTOR('Line Direction',#3892,1.) ;
#3911=VECTOR('Line Direction',#3910,1.) ;
#3953=VECTOR('Line Direction',#3952,1.) ;
#3971=VECTOR('Line Direction',#3970,1.) ;
#4013=VECTOR('Line Direction',#4012,1.) ;
#4031=VECTOR('Line Direction',#4030,1.) ;
#4073=VECTOR('Line Direction',#4072,1.) ;
#4091=VECTOR('Line Direction',#4090,1.) ;
#4133=VECTOR('Line Direction',#4132,1.) ;
#4151=VECTOR('Line Direction',#4150,1.) ;
#4193=VECTOR('Line Direction',#4192,1.) ;
#4211=VECTOR('Line Direction',#4210,1.) ;
#4253=VECTOR('Line Direction',#4252,1.) ;
#4271=VECTOR('Line Direction',#4270,1.) ;
#4313=VECTOR('Line Direction',#4312,1.) ;
#4331=VECTOR('Line Direction',#4330,1.) ;
#4373=VECTOR('Line Direction',#4372,1.) ;
#4391=VECTOR('Line Direction',#4390,1.) ;
#4433=VECTOR('Line Direction',#4432,1.) ;
#4440=VECTOR('Line Direction',#4439,1.) ;
#4447=VECTOR('Line Direction',#4446,1.) ;
#4454=VECTOR('Line Direction',#4453,1.) ;
#4461=VECTOR('Line Direction',#4460,1.) ;
#4468=VECTOR('Line Direction',#4467,1.) ;
#4475=VECTOR('Line Direction',#4474,1.) ;
#4482=VECTOR('Line Direction',#4481,1.) ;
#4489=VECTOR('Line Direction',#4488,1.) ;
#4512=VECTOR('Line Direction',#4511,1.) ;
#4519=VECTOR('Line Direction',#4518,1.) ;
#4536=VECTOR('Line Direction',#4535,1.) ;
#4543=VECTOR('Line Direction',#4542,1.) ;
#4550=VECTOR('Line Direction',#4549,1.) ;
#4557=VECTOR('Line Direction',#4556,1.) ;
#4564=VECTOR('Line Direction',#4563,1.) ;
#4584=VECTOR('Line Direction',#4583,1.) ;
#4593=VECTOR('Line Direction',#4592,1.) ;
#4600=VECTOR('Line Direction',#4599,1.) ;
#4605=VECTOR('Line Direction',#4604,1.) ;
#4612=VECTOR('Line Direction',#4611,1.) ;
#4619=VECTOR('Line Direction',#4618,1.) ;
#4624=VECTOR('Line Direction',#4623,1.) ;
#4629=VECTOR('Line Direction',#4628,1.) ;
#4636=VECTOR('Line Direction',#4635,1.) ;
#4643=VECTOR('Line Direction',#4642,1.) ;
#4664=VECTOR('Line Direction',#4663,1.) ;
#4673=VECTOR('Line Direction',#4672,1.) ;
#4680=VECTOR('Line Direction',#4679,1.) ;
#4687=VECTOR('Line Direction',#4686,1.) ;
#4704=VECTOR('Line Direction',#4703,1.) ;
#4711=VECTOR('Line Direction',#4710,1.) ;
#4718=VECTOR('Line Direction',#4717,1.) ;
#4725=VECTOR('Line Direction',#4724,1.) ;
#4732=VECTOR('Line Direction',#4731,1.) ;
#4752=VECTOR('Line Direction',#4751,1.) ;
#4759=VECTOR('Line Direction',#4758,1.) ;
#4776=VECTOR('Line Direction',#4775,1.) ;
#4783=VECTOR('Line Direction',#4782,1.) ;
#4788=VECTOR('Line Direction',#4787,1.) ;
#4795=VECTOR('Line Direction',#4794,1.) ;
#4802=VECTOR('Line Direction',#4801,1.) ;
#4809=VECTOR('Line Direction',#4808,1.) ;
#4816=VECTOR('Line Direction',#4815,1.) ;
#4839=VECTOR('Line Direction',#4838,1.) ;
#4846=VECTOR('Line Direction',#4845,1.) ;
#4863=VECTOR('Line Direction',#4862,1.) ;
#4870=VECTOR('Line Direction',#4869,1.) ;
#4877=VECTOR('Line Direction',#4876,1.) ;
#4884=VECTOR('Line Direction',#4883,1.) ;
#4891=VECTOR('Line Direction',#4890,1.) ;
#4911=VECTOR('Line Direction',#4910,1.) ;
#4918=VECTOR('Line Direction',#4917,1.) ;
#4925=VECTOR('Line Direction',#4924,1.) ;
#4930=VECTOR('Line Direction',#4929,1.) ;
#4935=VECTOR('Line Direction',#4934,1.) ;
#4940=VECTOR('Line Direction',#4939,1.) ;
#4947=VECTOR('Line Direction',#4946,1.) ;
#4954=VECTOR('Line Direction',#4953,1.) ;
#4961=VECTOR('Line Direction',#4960,1.) ;
#4982=VECTOR('Line Direction',#4981,1.) ;
#4991=VECTOR('Line Direction',#4990,1.) ;
#4998=VECTOR('Line Direction',#4997,1.) ;
#5005=VECTOR('Line Direction',#5004,1.) ;
#5022=VECTOR('Line Direction',#5021,1.) ;
#5029=VECTOR('Line Direction',#5028,1.) ;
#5036=VECTOR('Line Direction',#5035,1.) ;
#5043=VECTOR('Line Direction',#5042,1.) ;
#5050=VECTOR('Line Direction',#5049,1.) ;
#5070=VECTOR('Line Direction',#5069,1.) ;
#5111=VECTOR('Line Direction',#5110,1.) ;
#5118=VECTOR('Line Direction',#5117,1.) ;
#5125=VECTOR('Line Direction',#5124,1.) ;
#5144=VECTOR('Line Direction',#5143,1.) ;
#5161=VECTOR('Line Direction',#5160,1.) ;
#5168=VECTOR('Line Direction',#5167,1.) ;
#5185=VECTOR('Line Direction',#5184,1.) ;
#5192=VECTOR('Line Direction',#5191,1.) ;
#5211=VECTOR('Line Direction',#5210,1.) ;
#5218=VECTOR('Line Direction',#5217,1.) ;
#5235=VECTOR('Line Direction',#5234,1.) ;
#5242=VECTOR('Line Direction',#5241,1.) ;
#5259=VECTOR('Line Direction',#5258,1.) ;
#5276=VECTOR('Line Direction',#5275,1.) ;
#5285=VECTOR('Line Direction',#5284,1.) ;
#5292=VECTOR('Line Direction',#5291,1.) ;
#5299=VECTOR('Line Direction',#5298,1.) ;
#5304=VECTOR('Line Direction',#5303,1.) ;
#5323=VECTOR('Line Direction',#5322,1.) ;
#5354=VECTOR('Line Direction',#5353,1.) ;
#5371=VECTOR('Line Direction',#5370,1.) ;
#5378=VECTOR('Line Direction',#5377,1.) ;
#5385=VECTOR('Line Direction',#5384,1.) ;
#5402=VECTOR('Line Direction',#5401,1.) ;
#5409=VECTOR('Line Direction',#5408,1.) ;
#5426=VECTOR('Line Direction',#5425,1.) ;
#5433=VECTOR('Line Direction',#5432,1.) ;
#5450=VECTOR('Line Direction',#5449,1.) ;
#5467=VECTOR('Line Direction',#5466,1.) ;
#5484=VECTOR('Line Direction',#5483,1.) ;
#5515=VECTOR('Line Direction',#5514,1.) ;
#5522=VECTOR('Line Direction',#5521,1.) ;
#5539=VECTOR('Line Direction',#5538,1.) ;
#5546=VECTOR('Line Direction',#5545,1.) ;
#5565=VECTOR('Line Direction',#5564,1.) ;
#5572=VECTOR('Line Direction',#5571,1.) ;
#5589=VECTOR('Line Direction',#5588,1.) ;
#5596=VECTOR('Line Direction',#5595,1.) ;
#5613=VECTOR('Line Direction',#5612,1.) ;
#5644=VECTOR('Line Direction',#5643,1.) ;
#5651=VECTOR('Line Direction',#5650,1.) ;
#5658=VECTOR('Line Direction',#5657,1.) ;
#5677=VECTOR('Line Direction',#5676,1.) ;
#5694=VECTOR('Line Direction',#5693,1.) ;
#5701=VECTOR('Line Direction',#5700,1.) ;
#5708=VECTOR('Line Direction',#5707,1.) ;
#5725=VECTOR('Line Direction',#5724,1.) ;
#5732=VECTOR('Line Direction',#5731,1.) ;
#5749=VECTOR('Line Direction',#5748,1.) ;
#5756=VECTOR('Line Direction',#5755,1.) ;
#5773=VECTOR('Line Direction',#5772,1.) ;
#5790=VECTOR('Line Direction',#5789,1.) ;
#5876=VECTOR('Line Direction',#5875,1.) ;
#5885=VECTOR('Line Direction',#5884,1.) ;
#5892=VECTOR('Line Direction',#5891,1.) ;
#5899=VECTOR('Line Direction',#5898,1.) ;
#5916=VECTOR('Line Direction',#5915,1.) ;
#5941=VECTOR('Line Direction',#5940,1.) ;
#5964=VECTOR('Line Direction',#5963,1.) ;
#5971=VECTOR('Line Direction',#5970,1.) ;
#5992=VECTOR('Line Direction',#5991,1.) ;
#6015=VECTOR('Line Direction',#6014,1.) ;
#6022=VECTOR('Line Direction',#6021,1.) ;
#6045=VECTOR('Line Direction',#6044,1.) ;
#6052=VECTOR('Line Direction',#6051,1.) ;
#6059=VECTOR('Line Direction',#6058,1.) ;
#6066=VECTOR('Line Direction',#6065,1.) ;
#6073=VECTOR('Line Direction',#6072,1.) ;
#6096=VECTOR('Line Direction',#6095,1.) ;
#6129=VECTOR('Line Direction',#6128,1.) ;
#6138=VECTOR('Line Direction',#6137,1.) ;
#6145=VECTOR('Line Direction',#6144,1.) ;
#6165=VECTOR('Line Direction',#6164,1.) ;
#6196=VECTOR('Line Direction',#6195,1.) ;
#6232=VECTOR('Line Direction',#6231,1.) ;
#6257=VECTOR('Line Direction',#6256,1.) ;
#6264=VECTOR('Line Direction',#6263,1.) ;
#6287=VECTOR('Line Direction',#6286,1.) ;
#6294=VECTOR('Line Direction',#6293,1.) ;
#6301=VECTOR('Line Direction',#6300,1.) ;
#6308=VECTOR('Line Direction',#6307,1.) ;
#6315=VECTOR('Line Direction',#6314,1.) ;
#6338=VECTOR('Line Direction',#6337,1.) ;
#6345=VECTOR('Line Direction',#6344,1.) ;
#6368=VECTOR('Line Direction',#6367,1.) ;
#6389=VECTOR('Line Direction',#6388,1.) ;
#6396=VECTOR('Line Direction',#6395,1.) ;
#6445=VECTOR('Line Direction',#6444,1.) ;
#6462=VECTOR('Line Direction',#6461,1.) ;
#6467=VECTOR('Line Direction',#6466,1.) ;
#6484=VECTOR('Line Direction',#6483,1.) ;
#6501=VECTOR('Line Direction',#6500,1.) ;
#6518=VECTOR('Line Direction',#6517,1.) ;
#6535=VECTOR('Line Direction',#6534,1.) ;
#6559=VECTOR('Line Direction',#6558,1.) ;
#6576=VECTOR('Line Direction',#6575,1.) ;
#6593=VECTOR('Line Direction',#6592,1.) ;
#6610=VECTOR('Line Direction',#6609,1.) ;
#6627=VECTOR('Line Direction',#6626,1.) ;
#6644=VECTOR('Line Direction',#6643,1.) ;
#6661=VECTOR('Line Direction',#6660,1.) ;
#6678=VECTOR('Line Direction',#6677,1.) ;
#6695=VECTOR('Line Direction',#6694,1.) ;
#6712=VECTOR('Line Direction',#6711,1.) ;
#6729=VECTOR('Line Direction',#6728,1.) ;
#6746=VECTOR('Line Direction',#6745,1.) ;
#6807=VECTOR('Line Direction',#6806,1.) ;
#6814=VECTOR('Line Direction',#6813,1.) ;
#6832=VECTOR('Line Direction',#6831,1.) ;
#6874=VECTOR('Line Direction',#6873,1.) ;
#6881=VECTOR('Line Direction',#6880,1.) ;
#6906=VECTOR('Line Direction',#6905,1.) ;
#6923=VECTOR('Line Direction',#6922,1.) ;
#6930=VECTOR('Line Direction',#6929,1.) ;
#6964=VECTOR('Line Direction',#6963,1.) ;
#6971=VECTOR('Line Direction',#6970,1.) ;
#7005=VECTOR('Line Direction',#7004,1.) ;
#21=UNCERTAINTY_MEASURE_WITH_UNIT(LENGTH_MEASURE(0.005),#17,'distance_accuracy_value','CONFUSED CURVE UNCERTAINTY') ;
#5851=UNCERTAINTY_MEASURE_WITH_UNIT(LENGTH_MEASURE(0.005),#17,'distance_accuracy_value','CONFUSED CURVE UNCERTAINTY') ;
#7048=UNCERTAINTY_MEASURE_WITH_UNIT(LENGTH_MEASURE(0.005),#17,'distance_accuracy_value','CONFUSED CURVE UNCERTAINTY') ;
#5840=CONTEXT_DEPENDENT_SHAPE_REPRESENTATION(#5841,#5839) ;
#7037=CONTEXT_DEPENDENT_SHAPE_REPRESENTATION(#7038,#7036) ;
#7052=CONTEXT_DEPENDENT_SHAPE_REPRESENTATION(#7053,#7051) ;
#7065=CONTEXT_DEPENDENT_SHAPE_REPRESENTATION(#7066,#7064) ;
#7078=CONTEXT_DEPENDENT_SHAPE_REPRESENTATION(#7079,#7077) ;
#7091=CONTEXT_DEPENDENT_SHAPE_REPRESENTATION(#7092,#7090) ;
#7104=CONTEXT_DEPENDENT_SHAPE_REPRESENTATION(#7105,#7103) ;
#7117=CONTEXT_DEPENDENT_SHAPE_REPRESENTATION(#7118,#7116) ;
#7130=CONTEXT_DEPENDENT_SHAPE_REPRESENTATION(#7131,#7129) ;
#7143=CONTEXT_DEPENDENT_SHAPE_REPRESENTATION(#7144,#7142) ;
#7156=CONTEXT_DEPENDENT_SHAPE_REPRESENTATION(#7157,#7155) ;
#7169=CONTEXT_DEPENDENT_SHAPE_REPRESENTATION(#7170,#7168) ;
#7182=CONTEXT_DEPENDENT_SHAPE_REPRESENTATION(#7183,#7181) ;
#5837=SHAPE_REPRESENTATION_RELATIONSHIP(' ',' ',#23,#5836) ;
#7034=SHAPE_REPRESENTATION_RELATIONSHIP(' ',' ',#5853,#7033) ;
#73=ORIENTED_EDGE('',*,*,#52,.F.) ;
#74=ORIENTED_EDGE('',*,*,#59,.T.) ;
#75=ORIENTED_EDGE('',*,*,#66,.T.) ;
#76=ORIENTED_EDGE('',*,*,#71,.F.) ;
#111=ORIENTED_EDGE('',*,*,#52,.T.) ;
#112=ORIENTED_EDGE('',*,*,#90,.T.) ;
#113=ORIENTED_EDGE('',*,*,#97,.T.) ;
#114=ORIENTED_EDGE('',*,*,#104,.T.) ;
#115=ORIENTED_EDGE('',*,*,#109,.T.) ;
#136=ORIENTED_EDGE('',*,*,#109,.F.) ;
#137=ORIENTED_EDGE('',*,*,#129,.F.) ;
#138=ORIENTED_EDGE('',*,*,#134,.F.) ;
#139=ORIENTED_EDGE('',*,*,#59,.F.) ;
#176=ORIENTED_EDGE('',*,*,#155,.T.) ;
#177=ORIENTED_EDGE('',*,*,#162,.T.) ;
#178=ORIENTED_EDGE('',*,*,#169,.T.) ;
#179=ORIENTED_EDGE('',*,*,#174,.T.) ;
#224=ORIENTED_EDGE('',*,*,#189,.F.) ;
#225=ORIENTED_EDGE('',*,*,#196,.F.) ;
#226=ORIENTED_EDGE('',*,*,#203,.F.) ;
#227=ORIENTED_EDGE('',*,*,#210,.T.) ;
#228=ORIENTED_EDGE('',*,*,#217,.F.) ;
#229=ORIENTED_EDGE('',*,*,#222,.T.) ;
#274=ORIENTED_EDGE('',*,*,#239,.F.) ;
#275=ORIENTED_EDGE('',*,*,#246,.T.) ;
#276=ORIENTED_EDGE('',*,*,#253,.F.) ;
#277=ORIENTED_EDGE('',*,*,#260,.T.) ;
#278=ORIENTED_EDGE('',*,*,#267,.F.) ;
#279=ORIENTED_EDGE('',*,*,#272,.F.) ;
#324=ORIENTED_EDGE('',*,*,#289,.F.) ;
#325=ORIENTED_EDGE('',*,*,#296,.F.) ;
#326=ORIENTED_EDGE('',*,*,#303,.F.) ;
#327=ORIENTED_EDGE('',*,*,#310,.T.) ;
#328=ORIENTED_EDGE('',*,*,#317,.F.) ;
#329=ORIENTED_EDGE('',*,*,#322,.T.) ;
#374=ORIENTED_EDGE('',*,*,#339,.F.) ;
#375=ORIENTED_EDGE('',*,*,#346,.T.) ;
#376=ORIENTED_EDGE('',*,*,#353,.F.) ;
#377=ORIENTED_EDGE('',*,*,#360,.T.) ;
#378=ORIENTED_EDGE('',*,*,#367,.F.) ;
#379=ORIENTED_EDGE('',*,*,#372,.F.) ;
#424=ORIENTED_EDGE('',*,*,#389,.F.) ;
#425=ORIENTED_EDGE('',*,*,#396,.F.) ;
#426=ORIENTED_EDGE('',*,*,#403,.F.) ;
#427=ORIENTED_EDGE('',*,*,#410,.T.) ;
#428=ORIENTED_EDGE('',*,*,#417,.F.) ;
#429=ORIENTED_EDGE('',*,*,#422,.T.) ;
#474=ORIENTED_EDGE('',*,*,#439,.F.) ;
#475=ORIENTED_EDGE('',*,*,#446,.T.) ;
#476=ORIENTED_EDGE('',*,*,#453,.F.) ;
#477=ORIENTED_EDGE('',*,*,#460,.T.) ;
#478=ORIENTED_EDGE('',*,*,#467,.F.) ;
#479=ORIENTED_EDGE('',*,*,#472,.F.) ;
#524=ORIENTED_EDGE('',*,*,#489,.F.) ;
#525=ORIENTED_EDGE('',*,*,#496,.F.) ;
#526=ORIENTED_EDGE('',*,*,#503,.F.) ;
#527=ORIENTED_EDGE('',*,*,#510,.T.) ;
#528=ORIENTED_EDGE('',*,*,#517,.F.) ;
#529=ORIENTED_EDGE('',*,*,#522,.T.) ;
#574=ORIENTED_EDGE('',*,*,#539,.F.) ;
#575=ORIENTED_EDGE('',*,*,#546,.T.) ;
#576=ORIENTED_EDGE('',*,*,#553,.F.) ;
#577=ORIENTED_EDGE('',*,*,#560,.T.) ;
#578=ORIENTED_EDGE('',*,*,#567,.F.) ;
#579=ORIENTED_EDGE('',*,*,#572,.F.) ;
#624=ORIENTED_EDGE('',*,*,#589,.F.) ;
#625=ORIENTED_EDGE('',*,*,#596,.F.) ;
#626=ORIENTED_EDGE('',*,*,#603,.F.) ;
#627=ORIENTED_EDGE('',*,*,#610,.T.) ;
#628=ORIENTED_EDGE('',*,*,#617,.F.) ;
#629=ORIENTED_EDGE('',*,*,#622,.T.) ;
#674=ORIENTED_EDGE('',*,*,#639,.F.) ;
#675=ORIENTED_EDGE('',*,*,#646,.T.) ;
#676=ORIENTED_EDGE('',*,*,#653,.F.) ;
#677=ORIENTED_EDGE('',*,*,#660,.T.) ;
#678=ORIENTED_EDGE('',*,*,#667,.F.) ;
#679=ORIENTED_EDGE('',*,*,#672,.F.) ;
#724=ORIENTED_EDGE('',*,*,#689,.F.) ;
#725=ORIENTED_EDGE('',*,*,#696,.F.) ;
#726=ORIENTED_EDGE('',*,*,#703,.F.) ;
#727=ORIENTED_EDGE('',*,*,#710,.T.) ;
#728=ORIENTED_EDGE('',*,*,#717,.F.) ;
#729=ORIENTED_EDGE('',*,*,#722,.T.) ;
#758=ORIENTED_EDGE('',*,*,#66,.F.) ;
#759=ORIENTED_EDGE('',*,*,#134,.T.) ;
#760=ORIENTED_EDGE('',*,*,#737,.F.) ;
#761=ORIENTED_EDGE('',*,*,#744,.T.) ;
#762=ORIENTED_EDGE('',*,*,#751,.F.) ;
#763=ORIENTED_EDGE('',*,*,#756,.F.) ;
#805=ORIENTED_EDGE('',*,*,#779,.T.) ;
#806=ORIENTED_EDGE('',*,*,#784,.F.) ;
#807=ORIENTED_EDGE('',*,*,#90,.F.) ;
#808=ORIENTED_EDGE('',*,*,#71,.T.) ;
#809=ORIENTED_EDGE('',*,*,#756,.T.) ;
#810=ORIENTED_EDGE('',*,*,#791,.F.) ;
#811=ORIENTED_EDGE('',*,*,#798,.F.) ;
#812=ORIENTED_EDGE('',*,*,#803,.T.) ;
#833=ORIENTED_EDGE('',*,*,#826,.T.) ;
#834=ORIENTED_EDGE('',*,*,#831,.F.) ;
#835=ORIENTED_EDGE('',*,*,#97,.F.) ;
#836=ORIENTED_EDGE('',*,*,#784,.T.) ;
#871=ORIENTED_EDGE('',*,*,#850,.T.) ;
#872=ORIENTED_EDGE('',*,*,#857,.F.) ;
#873=ORIENTED_EDGE('',*,*,#864,.F.) ;
#874=ORIENTED_EDGE('',*,*,#869,.T.) ;
#875=ORIENTED_EDGE('',*,*,#737,.T.) ;
#876=ORIENTED_EDGE('',*,*,#129,.T.) ;
#877=ORIENTED_EDGE('',*,*,#104,.F.) ;
#878=ORIENTED_EDGE('',*,*,#831,.T.) ;
#938=ORIENTED_EDGE('',*,*,#894,.T.) ;
#939=ORIENTED_EDGE('',*,*,#908,.T.) ;
#940=ORIENTED_EDGE('',*,*,#155,.F.) ;
#941=ORIENTED_EDGE('',*,*,#924,.T.) ;
#942=ORIENTED_EDGE('',*,*,#931,.F.) ;
#943=ORIENTED_EDGE('',*,*,#936,.F.) ;
#964=ORIENTED_EDGE('',*,*,#908,.F.) ;
#965=ORIENTED_EDGE('',*,*,#957,.F.) ;
#966=ORIENTED_EDGE('',*,*,#962,.F.) ;
#967=ORIENTED_EDGE('',*,*,#162,.F.) ;
#1011=ORIENTED_EDGE('',*,*,#169,.F.) ;
#1012=ORIENTED_EDGE('',*,*,#962,.T.) ;
#1013=ORIENTED_EDGE('',*,*,#981,.F.) ;
#1014=ORIENTED_EDGE('',*,*,#988,.F.) ;
#1015=ORIENTED_EDGE('',*,*,#995,.T.) ;
#1016=ORIENTED_EDGE('',*,*,#1009,.T.) ;
#1030=ORIENTED_EDGE('',*,*,#1009,.F.) ;
#1031=ORIENTED_EDGE('',*,*,#1028,.F.) ;
#1032=ORIENTED_EDGE('',*,*,#924,.F.) ;
#1033=ORIENTED_EDGE('',*,*,#174,.F.) ;
#1061=ORIENTED_EDGE('',*,*,#1049,.F.) ;
#1062=ORIENTED_EDGE('',*,*,#1054,.T.) ;
#1063=ORIENTED_EDGE('',*,*,#189,.T.) ;
#1064=ORIENTED_EDGE('',*,*,#1059,.T.) ;
#1113=ORIENTED_EDGE('',*,*,#1080,.T.) ;
#1114=ORIENTED_EDGE('',*,*,#1087,.F.) ;
#1115=ORIENTED_EDGE('',*,*,#1094,.F.) ;
#1116=ORIENTED_EDGE('',*,*,#1099,.T.) ;
#1117=ORIENTED_EDGE('',*,*,#196,.T.) ;
#1118=ORIENTED_EDGE('',*,*,#1054,.F.) ;
#1119=ORIENTED_EDGE('',*,*,#1106,.F.) ;
#1120=ORIENTED_EDGE('',*,*,#1111,.T.) ;
#1141=ORIENTED_EDGE('',*,*,#1134,.F.) ;
#1142=ORIENTED_EDGE('',*,*,#1139,.T.) ;
#1143=ORIENTED_EDGE('',*,*,#203,.T.) ;
#1144=ORIENTED_EDGE('',*,*,#1099,.F.) ;
#1165=ORIENTED_EDGE('',*,*,#1158,.F.) ;
#1166=ORIENTED_EDGE('',*,*,#1163,.F.) ;
#1167=ORIENTED_EDGE('',*,*,#210,.F.) ;
#1168=ORIENTED_EDGE('',*,*,#1139,.F.) ;
#1217=ORIENTED_EDGE('',*,*,#1184,.T.) ;
#1218=ORIENTED_EDGE('',*,*,#1191,.F.) ;
#1219=ORIENTED_EDGE('',*,*,#1198,.F.) ;
#1220=ORIENTED_EDGE('',*,*,#1203,.T.) ;
#1221=ORIENTED_EDGE('',*,*,#217,.T.) ;
#1222=ORIENTED_EDGE('',*,*,#1163,.T.) ;
#1223=ORIENTED_EDGE('',*,*,#1210,.F.) ;
#1224=ORIENTED_EDGE('',*,*,#1215,.T.) ;
#1238=ORIENTED_EDGE('',*,*,#1236,.F.) ;
#1239=ORIENTED_EDGE('',*,*,#1059,.F.) ;
#1240=ORIENTED_EDGE('',*,*,#222,.F.) ;
#1241=ORIENTED_EDGE('',*,*,#1203,.F.) ;
#1269=ORIENTED_EDGE('',*,*,#1257,.F.) ;
#1270=ORIENTED_EDGE('',*,*,#1262,.T.) ;
#1271=ORIENTED_EDGE('',*,*,#239,.T.) ;
#1272=ORIENTED_EDGE('',*,*,#1267,.F.) ;
#1293=ORIENTED_EDGE('',*,*,#1286,.F.) ;
#1294=ORIENTED_EDGE('',*,*,#1291,.F.) ;
#1295=ORIENTED_EDGE('',*,*,#246,.F.) ;
#1296=ORIENTED_EDGE('',*,*,#1262,.F.) ;
#1345=ORIENTED_EDGE('',*,*,#1312,.T.) ;
#1346=ORIENTED_EDGE('',*,*,#1319,.F.) ;
#1347=ORIENTED_EDGE('',*,*,#1326,.F.) ;
#1348=ORIENTED_EDGE('',*,*,#1331,.T.) ;
#1349=ORIENTED_EDGE('',*,*,#253,.T.) ;
#1350=ORIENTED_EDGE('',*,*,#1291,.T.) ;
#1351=ORIENTED_EDGE('',*,*,#1338,.F.) ;
#1352=ORIENTED_EDGE('',*,*,#1343,.T.) ;
#1373=ORIENTED_EDGE('',*,*,#1366,.F.) ;
#1374=ORIENTED_EDGE('',*,*,#1371,.F.) ;
#1375=ORIENTED_EDGE('',*,*,#260,.F.) ;
#1376=ORIENTED_EDGE('',*,*,#1331,.F.) ;
#1397=ORIENTED_EDGE('',*,*,#1390,.F.) ;
#1398=ORIENTED_EDGE('',*,*,#1395,.T.) ;
#1399=ORIENTED_EDGE('',*,*,#267,.T.) ;
#1400=ORIENTED_EDGE('',*,*,#1371,.T.) ;
#1442=ORIENTED_EDGE('',*,*,#1416,.T.) ;
#1443=ORIENTED_EDGE('',*,*,#1423,.F.) ;
#1444=ORIENTED_EDGE('',*,*,#1428,.F.) ;
#1445=ORIENTED_EDGE('',*,*,#1267,.T.) ;
#1446=ORIENTED_EDGE('',*,*,#272,.T.) ;
#1447=ORIENTED_EDGE('',*,*,#1395,.F.) ;
#1448=ORIENTED_EDGE('',*,*,#1435,.F.) ;
#1449=ORIENTED_EDGE('',*,*,#1440,.T.) ;
#1477=ORIENTED_EDGE('',*,*,#1465,.F.) ;
#1478=ORIENTED_EDGE('',*,*,#1470,.T.) ;
#1479=ORIENTED_EDGE('',*,*,#289,.T.) ;
#1480=ORIENTED_EDGE('',*,*,#1475,.T.) ;
#1529=ORIENTED_EDGE('',*,*,#1496,.T.) ;
#1530=ORIENTED_EDGE('',*,*,#1503,.F.) ;
#1531=ORIENTED_EDGE('',*,*,#1510,.F.) ;
#1532=ORIENTED_EDGE('',*,*,#1515,.T.) ;
#1533=ORIENTED_EDGE('',*,*,#296,.T.) ;
#1534=ORIENTED_EDGE('',*,*,#1470,.F.) ;
#1535=ORIENTED_EDGE('',*,*,#1522,.F.) ;
#1536=ORIENTED_EDGE('',*,*,#1527,.T.) ;
#1557=ORIENTED_EDGE('',*,*,#1550,.F.) ;
#1558=ORIENTED_EDGE('',*,*,#1555,.T.) ;
#1559=ORIENTED_EDGE('',*,*,#303,.T.) ;
#1560=ORIENTED_EDGE('',*,*,#1515,.F.) ;
#1581=ORIENTED_EDGE('',*,*,#1574,.F.) ;
#1582=ORIENTED_EDGE('',*,*,#1579,.F.) ;
#1583=ORIENTED_EDGE('',*,*,#310,.F.) ;
#1584=ORIENTED_EDGE('',*,*,#1555,.F.) ;
#1633=ORIENTED_EDGE('',*,*,#1600,.T.) ;
#1634=ORIENTED_EDGE('',*,*,#1607,.F.) ;
#1635=ORIENTED_EDGE('',*,*,#1614,.F.) ;
#1636=ORIENTED_EDGE('',*,*,#1619,.T.) ;
#1637=ORIENTED_EDGE('',*,*,#317,.T.) ;
#1638=ORIENTED_EDGE('',*,*,#1579,.T.) ;
#1639=ORIENTED_EDGE('',*,*,#1626,.F.) ;
#1640=ORIENTED_EDGE('',*,*,#1631,.T.) ;
#1654=ORIENTED_EDGE('',*,*,#1652,.F.) ;
#1655=ORIENTED_EDGE('',*,*,#1475,.F.) ;
#1656=ORIENTED_EDGE('',*,*,#322,.F.) ;
#1657=ORIENTED_EDGE('',*,*,#1619,.F.) ;
#1685=ORIENTED_EDGE('',*,*,#1673,.F.) ;
#1686=ORIENTED_EDGE('',*,*,#1678,.T.) ;
#1687=ORIENTED_EDGE('',*,*,#339,.T.) ;
#1688=ORIENTED_EDGE('',*,*,#1683,.F.) ;
#1709=ORIENTED_EDGE('',*,*,#1702,.F.) ;
#1710=ORIENTED_EDGE('',*,*,#1707,.F.) ;
#1711=ORIENTED_EDGE('',*,*,#346,.F.) ;
#1712=ORIENTED_EDGE('',*,*,#1678,.F.) ;
#1761=ORIENTED_EDGE('',*,*,#1728,.T.) ;
#1762=ORIENTED_EDGE('',*,*,#1735,.F.) ;
#1763=ORIENTED_EDGE('',*,*,#1742,.F.) ;
#1764=ORIENTED_EDGE('',*,*,#1747,.T.) ;
#1765=ORIENTED_EDGE('',*,*,#353,.T.) ;
#1766=ORIENTED_EDGE('',*,*,#1707,.T.) ;
#1767=ORIENTED_EDGE('',*,*,#1754,.F.) ;
#1768=ORIENTED_EDGE('',*,*,#1759,.T.) ;
#1789=ORIENTED_EDGE('',*,*,#1782,.F.) ;
#1790=ORIENTED_EDGE('',*,*,#1787,.F.) ;
#1791=ORIENTED_EDGE('',*,*,#360,.F.) ;
#1792=ORIENTED_EDGE('',*,*,#1747,.F.) ;
#1813=ORIENTED_EDGE('',*,*,#1806,.F.) ;
#1814=ORIENTED_EDGE('',*,*,#1811,.T.) ;
#1815=ORIENTED_EDGE('',*,*,#367,.T.) ;
#1816=ORIENTED_EDGE('',*,*,#1787,.T.) ;
#1858=ORIENTED_EDGE('',*,*,#1832,.T.) ;
#1859=ORIENTED_EDGE('',*,*,#1839,.F.) ;
#1860=ORIENTED_EDGE('',*,*,#1844,.F.) ;
#1861=ORIENTED_EDGE('',*,*,#1683,.T.) ;
#1862=ORIENTED_EDGE('',*,*,#372,.T.) ;
#1863=ORIENTED_EDGE('',*,*,#1811,.F.) ;
#1864=ORIENTED_EDGE('',*,*,#1851,.F.) ;
#1865=ORIENTED_EDGE('',*,*,#1856,.T.) ;
#1893=ORIENTED_EDGE('',*,*,#1881,.F.) ;
#1894=ORIENTED_EDGE('',*,*,#1886,.T.) ;
#1895=ORIENTED_EDGE('',*,*,#389,.T.) ;
#1896=ORIENTED_EDGE('',*,*,#1891,.T.) ;
#1945=ORIENTED_EDGE('',*,*,#1912,.T.) ;
#1946=ORIENTED_EDGE('',*,*,#1919,.F.) ;
#1947=ORIENTED_EDGE('',*,*,#1926,.F.) ;
#1948=ORIENTED_EDGE('',*,*,#1931,.T.) ;
#1949=ORIENTED_EDGE('',*,*,#396,.T.) ;
#1950=ORIENTED_EDGE('',*,*,#1886,.F.) ;
#1951=ORIENTED_EDGE('',*,*,#1938,.F.) ;
#1952=ORIENTED_EDGE('',*,*,#1943,.T.) ;
#1973=ORIENTED_EDGE('',*,*,#1966,.F.) ;
#1974=ORIENTED_EDGE('',*,*,#1971,.T.) ;
#1975=ORIENTED_EDGE('',*,*,#403,.T.) ;
#1976=ORIENTED_EDGE('',*,*,#1931,.F.) ;
#1997=ORIENTED_EDGE('',*,*,#1990,.F.) ;
#1998=ORIENTED_EDGE('',*,*,#1995,.F.) ;
#1999=ORIENTED_EDGE('',*,*,#410,.F.) ;
#2000=ORIENTED_EDGE('',*,*,#1971,.F.) ;
#2049=ORIENTED_EDGE('',*,*,#2016,.T.) ;
#2050=ORIENTED_EDGE('',*,*,#2023,.F.) ;
#2051=ORIENTED_EDGE('',*,*,#2030,.F.) ;
#2052=ORIENTED_EDGE('',*,*,#2035,.T.) ;
#2053=ORIENTED_EDGE('',*,*,#417,.T.) ;
#2054=ORIENTED_EDGE('',*,*,#1995,.T.) ;
#2055=ORIENTED_EDGE('',*,*,#2042,.F.) ;
#2056=ORIENTED_EDGE('',*,*,#2047,.T.) ;
#2070=ORIENTED_EDGE('',*,*,#2068,.F.) ;
#2071=ORIENTED_EDGE('',*,*,#1891,.F.) ;
#2072=ORIENTED_EDGE('',*,*,#422,.F.) ;
#2073=ORIENTED_EDGE('',*,*,#2035,.F.) ;
#2101=ORIENTED_EDGE('',*,*,#2089,.F.) ;
#2102=ORIENTED_EDGE('',*,*,#2094,.T.) ;
#2103=ORIENTED_EDGE('',*,*,#439,.T.) ;
#2104=ORIENTED_EDGE('',*,*,#2099,.F.) ;
#2125=ORIENTED_EDGE('',*,*,#2118,.F.) ;
#2126=ORIENTED_EDGE('',*,*,#2123,.F.) ;
#2127=ORIENTED_EDGE('',*,*,#446,.F.) ;
#2128=ORIENTED_EDGE('',*,*,#2094,.F.) ;
#2177=ORIENTED_EDGE('',*,*,#2144,.T.) ;
#2178=ORIENTED_EDGE('',*,*,#2151,.F.) ;
#2179=ORIENTED_EDGE('',*,*,#2158,.F.) ;
#2180=ORIENTED_EDGE('',*,*,#2163,.T.) ;
#2181=ORIENTED_EDGE('',*,*,#453,.T.) ;
#2182=ORIENTED_EDGE('',*,*,#2123,.T.) ;
#2183=ORIENTED_EDGE('',*,*,#2170,.F.) ;
#2184=ORIENTED_EDGE('',*,*,#2175,.T.) ;
#2205=ORIENTED_EDGE('',*,*,#2198,.F.) ;
#2206=ORIENTED_EDGE('',*,*,#2203,.F.) ;
#2207=ORIENTED_EDGE('',*,*,#460,.F.) ;
#2208=ORIENTED_EDGE('',*,*,#2163,.F.) ;
#2229=ORIENTED_EDGE('',*,*,#2222,.F.) ;
#2230=ORIENTED_EDGE('',*,*,#2227,.T.) ;
#2231=ORIENTED_EDGE('',*,*,#467,.T.) ;
#2232=ORIENTED_EDGE('',*,*,#2203,.T.) ;
#2274=ORIENTED_EDGE('',*,*,#2248,.T.) ;
#2275=ORIENTED_EDGE('',*,*,#2255,.F.) ;
#2276=ORIENTED_EDGE('',*,*,#2260,.F.) ;
#2277=ORIENTED_EDGE('',*,*,#2099,.T.) ;
#2278=ORIENTED_EDGE('',*,*,#472,.T.) ;
#2279=ORIENTED_EDGE('',*,*,#2227,.F.) ;
#2280=ORIENTED_EDGE('',*,*,#2267,.F.) ;
#2281=ORIENTED_EDGE('',*,*,#2272,.T.) ;
#2309=ORIENTED_EDGE('',*,*,#2297,.F.) ;
#2310=ORIENTED_EDGE('',*,*,#2302,.T.) ;
#2311=ORIENTED_EDGE('',*,*,#489,.T.) ;
#2312=ORIENTED_EDGE('',*,*,#2307,.T.) ;
#2361=ORIENTED_EDGE('',*,*,#2328,.T.) ;
#2362=ORIENTED_EDGE('',*,*,#2335,.F.) ;
#2363=ORIENTED_EDGE('',*,*,#2342,.F.) ;
#2364=ORIENTED_EDGE('',*,*,#2347,.T.) ;
#2365=ORIENTED_EDGE('',*,*,#496,.T.) ;
#2366=ORIENTED_EDGE('',*,*,#2302,.F.) ;
#2367=ORIENTED_EDGE('',*,*,#2354,.F.) ;
#2368=ORIENTED_EDGE('',*,*,#2359,.T.) ;
#2389=ORIENTED_EDGE('',*,*,#2382,.F.) ;
#2390=ORIENTED_EDGE('',*,*,#2387,.T.) ;
#2391=ORIENTED_EDGE('',*,*,#503,.T.) ;
#2392=ORIENTED_EDGE('',*,*,#2347,.F.) ;
#2413=ORIENTED_EDGE('',*,*,#2406,.F.) ;
#2414=ORIENTED_EDGE('',*,*,#2411,.F.) ;
#2415=ORIENTED_EDGE('',*,*,#510,.F.) ;
#2416=ORIENTED_EDGE('',*,*,#2387,.F.) ;
#2465=ORIENTED_EDGE('',*,*,#2432,.T.) ;
#2466=ORIENTED_EDGE('',*,*,#2439,.F.) ;
#2467=ORIENTED_EDGE('',*,*,#2446,.F.) ;
#2468=ORIENTED_EDGE('',*,*,#2451,.T.) ;
#2469=ORIENTED_EDGE('',*,*,#517,.T.) ;
#2470=ORIENTED_EDGE('',*,*,#2411,.T.) ;
#2471=ORIENTED_EDGE('',*,*,#2458,.F.) ;
#2472=ORIENTED_EDGE('',*,*,#2463,.T.) ;
#2486=ORIENTED_EDGE('',*,*,#2484,.F.) ;
#2487=ORIENTED_EDGE('',*,*,#2307,.F.) ;
#2488=ORIENTED_EDGE('',*,*,#522,.F.) ;
#2489=ORIENTED_EDGE('',*,*,#2451,.F.) ;
#2517=ORIENTED_EDGE('',*,*,#2505,.F.) ;
#2518=ORIENTED_EDGE('',*,*,#2510,.T.) ;
#2519=ORIENTED_EDGE('',*,*,#539,.T.) ;
#2520=ORIENTED_EDGE('',*,*,#2515,.F.) ;
#2541=ORIENTED_EDGE('',*,*,#2534,.F.) ;
#2542=ORIENTED_EDGE('',*,*,#2539,.F.) ;
#2543=ORIENTED_EDGE('',*,*,#546,.F.) ;
#2544=ORIENTED_EDGE('',*,*,#2510,.F.) ;
#2593=ORIENTED_EDGE('',*,*,#2560,.T.) ;
#2594=ORIENTED_EDGE('',*,*,#2567,.F.) ;
#2595=ORIENTED_EDGE('',*,*,#2574,.F.) ;
#2596=ORIENTED_EDGE('',*,*,#2579,.T.) ;
#2597=ORIENTED_EDGE('',*,*,#553,.T.) ;
#2598=ORIENTED_EDGE('',*,*,#2539,.T.) ;
#2599=ORIENTED_EDGE('',*,*,#2586,.F.) ;
#2600=ORIENTED_EDGE('',*,*,#2591,.T.) ;
#2621=ORIENTED_EDGE('',*,*,#2614,.F.) ;
#2622=ORIENTED_EDGE('',*,*,#2619,.F.) ;
#2623=ORIENTED_EDGE('',*,*,#560,.F.) ;
#2624=ORIENTED_EDGE('',*,*,#2579,.F.) ;
#2645=ORIENTED_EDGE('',*,*,#2638,.F.) ;
#2646=ORIENTED_EDGE('',*,*,#2643,.T.) ;
#2647=ORIENTED_EDGE('',*,*,#567,.T.) ;
#2648=ORIENTED_EDGE('',*,*,#2619,.T.) ;
#2690=ORIENTED_EDGE('',*,*,#2664,.T.) ;
#2691=ORIENTED_EDGE('',*,*,#2671,.F.) ;
#2692=ORIENTED_EDGE('',*,*,#2676,.F.) ;
#2693=ORIENTED_EDGE('',*,*,#2515,.T.) ;
#2694=ORIENTED_EDGE('',*,*,#572,.T.) ;
#2695=ORIENTED_EDGE('',*,*,#2643,.F.) ;
#2696=ORIENTED_EDGE('',*,*,#2683,.F.) ;
#2697=ORIENTED_EDGE('',*,*,#2688,.T.) ;
#2725=ORIENTED_EDGE('',*,*,#2713,.F.) ;
#2726=ORIENTED_EDGE('',*,*,#2718,.T.) ;
#2727=ORIENTED_EDGE('',*,*,#589,.T.) ;
#2728=ORIENTED_EDGE('',*,*,#2723,.T.) ;
#2777=ORIENTED_EDGE('',*,*,#2744,.T.) ;
#2778=ORIENTED_EDGE('',*,*,#2751,.F.) ;
#2779=ORIENTED_EDGE('',*,*,#2758,.F.) ;
#2780=ORIENTED_EDGE('',*,*,#2763,.T.) ;
#2781=ORIENTED_EDGE('',*,*,#596,.T.) ;
#2782=ORIENTED_EDGE('',*,*,#2718,.F.) ;
#2783=ORIENTED_EDGE('',*,*,#2770,.F.) ;
#2784=ORIENTED_EDGE('',*,*,#2775,.T.) ;
#2805=ORIENTED_EDGE('',*,*,#2798,.F.) ;
#2806=ORIENTED_EDGE('',*,*,#2803,.T.) ;
#2807=ORIENTED_EDGE('',*,*,#603,.T.) ;
#2808=ORIENTED_EDGE('',*,*,#2763,.F.) ;
#2829=ORIENTED_EDGE('',*,*,#2822,.F.) ;
#2830=ORIENTED_EDGE('',*,*,#2827,.F.) ;
#2831=ORIENTED_EDGE('',*,*,#610,.F.) ;
#2832=ORIENTED_EDGE('',*,*,#2803,.F.) ;
#2881=ORIENTED_EDGE('',*,*,#2848,.T.) ;
#2882=ORIENTED_EDGE('',*,*,#2855,.F.) ;
#2883=ORIENTED_EDGE('',*,*,#2862,.F.) ;
#2884=ORIENTED_EDGE('',*,*,#2867,.T.) ;
#2885=ORIENTED_EDGE('',*,*,#617,.T.) ;
#2886=ORIENTED_EDGE('',*,*,#2827,.T.) ;
#2887=ORIENTED_EDGE('',*,*,#2874,.F.) ;
#2888=ORIENTED_EDGE('',*,*,#2879,.T.) ;
#2902=ORIENTED_EDGE('',*,*,#2900,.F.) ;
#2903=ORIENTED_EDGE('',*,*,#2723,.F.) ;
#2904=ORIENTED_EDGE('',*,*,#622,.F.) ;
#2905=ORIENTED_EDGE('',*,*,#2867,.F.) ;
#2933=ORIENTED_EDGE('',*,*,#2921,.F.) ;
#2934=ORIENTED_EDGE('',*,*,#2926,.T.) ;
#2935=ORIENTED_EDGE('',*,*,#639,.T.) ;
#2936=ORIENTED_EDGE('',*,*,#2931,.F.) ;
#2957=ORIENTED_EDGE('',*,*,#2950,.F.) ;
#2958=ORIENTED_EDGE('',*,*,#2955,.F.) ;
#2959=ORIENTED_EDGE('',*,*,#646,.F.) ;
#2960=ORIENTED_EDGE('',*,*,#2926,.F.) ;
#3009=ORIENTED_EDGE('',*,*,#2976,.T.) ;
#3010=ORIENTED_EDGE('',*,*,#2983,.F.) ;
#3011=ORIENTED_EDGE('',*,*,#2990,.F.) ;
#3012=ORIENTED_EDGE('',*,*,#2995,.T.) ;
#3013=ORIENTED_EDGE('',*,*,#653,.T.) ;
#3014=ORIENTED_EDGE('',*,*,#2955,.T.) ;
#3015=ORIENTED_EDGE('',*,*,#3002,.F.) ;
#3016=ORIENTED_EDGE('',*,*,#3007,.T.) ;
#3037=ORIENTED_EDGE('',*,*,#3030,.F.) ;
#3038=ORIENTED_EDGE('',*,*,#3035,.F.) ;
#3039=ORIENTED_EDGE('',*,*,#660,.F.) ;
#3040=ORIENTED_EDGE('',*,*,#2995,.F.) ;
#3061=ORIENTED_EDGE('',*,*,#3054,.F.) ;
#3062=ORIENTED_EDGE('',*,*,#3059,.T.) ;
#3063=ORIENTED_EDGE('',*,*,#667,.T.) ;
#3064=ORIENTED_EDGE('',*,*,#3035,.T.) ;
#3106=ORIENTED_EDGE('',*,*,#3080,.T.) ;
#3107=ORIENTED_EDGE('',*,*,#3087,.F.) ;
#3108=ORIENTED_EDGE('',*,*,#3092,.F.) ;
#3109=ORIENTED_EDGE('',*,*,#2931,.T.) ;
#3110=ORIENTED_EDGE('',*,*,#672,.T.) ;
#3111=ORIENTED_EDGE('',*,*,#3059,.F.) ;
#3112=ORIENTED_EDGE('',*,*,#3099,.F.) ;
#3113=ORIENTED_EDGE('',*,*,#3104,.T.) ;
#3141=ORIENTED_EDGE('',*,*,#3129,.F.) ;
#3142=ORIENTED_EDGE('',*,*,#3134,.T.) ;
#3143=ORIENTED_EDGE('',*,*,#689,.T.) ;
#3144=ORIENTED_EDGE('',*,*,#3139,.T.) ;
#3193=ORIENTED_EDGE('',*,*,#3160,.T.) ;
#3194=ORIENTED_EDGE('',*,*,#3167,.F.) ;
#3195=ORIENTED_EDGE('',*,*,#3174,.F.) ;
#3196=ORIENTED_EDGE('',*,*,#3179,.T.) ;
#3197=ORIENTED_EDGE('',*,*,#696,.T.) ;
#3198=ORIENTED_EDGE('',*,*,#3134,.F.) ;
#3199=ORIENTED_EDGE('',*,*,#3186,.F.) ;
#3200=ORIENTED_EDGE('',*,*,#3191,.T.) ;
#3221=ORIENTED_EDGE('',*,*,#3214,.F.) ;
#3222=ORIENTED_EDGE('',*,*,#3219,.T.) ;
#3223=ORIENTED_EDGE('',*,*,#703,.T.) ;
#3224=ORIENTED_EDGE('',*,*,#3179,.F.) ;
#3245=ORIENTED_EDGE('',*,*,#3238,.F.) ;
#3246=ORIENTED_EDGE('',*,*,#3243,.F.) ;
#3247=ORIENTED_EDGE('',*,*,#710,.F.) ;
#3248=ORIENTED_EDGE('',*,*,#3219,.F.) ;
#3297=ORIENTED_EDGE('',*,*,#3264,.T.) ;
#3298=ORIENTED_EDGE('',*,*,#3271,.F.) ;
#3299=ORIENTED_EDGE('',*,*,#3278,.F.) ;
#3300=ORIENTED_EDGE('',*,*,#3283,.T.) ;
#3301=ORIENTED_EDGE('',*,*,#717,.T.) ;
#3302=ORIENTED_EDGE('',*,*,#3243,.T.) ;
#3303=ORIENTED_EDGE('',*,*,#3290,.F.) ;
#3304=ORIENTED_EDGE('',*,*,#3295,.T.) ;
#3318=ORIENTED_EDGE('',*,*,#3316,.F.) ;
#3319=ORIENTED_EDGE('',*,*,#3139,.F.) ;
#3320=ORIENTED_EDGE('',*,*,#722,.F.) ;
#3321=ORIENTED_EDGE('',*,*,#3283,.F.) ;
#3342=ORIENTED_EDGE('',*,*,#3335,.F.) ;
#3343=ORIENTED_EDGE('',*,*,#3340,.F.) ;
#3344=ORIENTED_EDGE('',*,*,#744,.F.) ;
#3345=ORIENTED_EDGE('',*,*,#869,.F.) ;
#3359=ORIENTED_EDGE('',*,*,#3357,.F.) ;
#3360=ORIENTED_EDGE('',*,*,#791,.T.) ;
#3361=ORIENTED_EDGE('',*,*,#751,.T.) ;
#3362=ORIENTED_EDGE('',*,*,#3340,.T.) ;
#3455=ORIENTED_EDGE('',*,*,#3378,.F.) ;
#3456=ORIENTED_EDGE('',*,*,#3385,.T.) ;
#3457=ORIENTED_EDGE('',*,*,#3392,.F.) ;
#3458=ORIENTED_EDGE('',*,*,#3399,.F.) ;
#3459=ORIENTED_EDGE('',*,*,#3406,.T.) ;
#3460=ORIENTED_EDGE('',*,*,#3413,.T.) ;
#3461=ORIENTED_EDGE('',*,*,#3420,.T.) ;
#3462=ORIENTED_EDGE('',*,*,#3427,.F.) ;
#3463=ORIENTED_EDGE('',*,*,#3434,.F.) ;
#3464=ORIENTED_EDGE('',*,*,#3441,.T.) ;
#3465=ORIENTED_EDGE('',*,*,#3448,.T.) ;
#3466=ORIENTED_EDGE('',*,*,#3453,.F.) ;
#3479=ORIENTED_EDGE('',*,*,#3472,.F.) ;
#3480=ORIENTED_EDGE('',*,*,#1080,.F.) ;
#3481=ORIENTED_EDGE('',*,*,#3477,.F.) ;
#3482=ORIENTED_EDGE('',*,*,#1184,.F.) ;
#3495=ORIENTED_EDGE('',*,*,#3488,.F.) ;
#3496=ORIENTED_EDGE('',*,*,#1312,.F.) ;
#3497=ORIENTED_EDGE('',*,*,#3493,.F.) ;
#3498=ORIENTED_EDGE('',*,*,#1416,.F.) ;
#3511=ORIENTED_EDGE('',*,*,#3504,.F.) ;
#3512=ORIENTED_EDGE('',*,*,#1496,.F.) ;
#3513=ORIENTED_EDGE('',*,*,#3509,.F.) ;
#3514=ORIENTED_EDGE('',*,*,#1600,.F.) ;
#3527=ORIENTED_EDGE('',*,*,#3520,.F.) ;
#3528=ORIENTED_EDGE('',*,*,#1728,.F.) ;
#3529=ORIENTED_EDGE('',*,*,#3525,.F.) ;
#3530=ORIENTED_EDGE('',*,*,#1832,.F.) ;
#3543=ORIENTED_EDGE('',*,*,#3536,.F.) ;
#3544=ORIENTED_EDGE('',*,*,#1912,.F.) ;
#3545=ORIENTED_EDGE('',*,*,#3541,.F.) ;
#3546=ORIENTED_EDGE('',*,*,#2016,.F.) ;
#3559=ORIENTED_EDGE('',*,*,#3552,.F.) ;
#3560=ORIENTED_EDGE('',*,*,#2144,.F.) ;
#3561=ORIENTED_EDGE('',*,*,#3557,.F.) ;
#3562=ORIENTED_EDGE('',*,*,#2248,.F.) ;
#3575=ORIENTED_EDGE('',*,*,#3568,.F.) ;
#3576=ORIENTED_EDGE('',*,*,#2328,.F.) ;
#3577=ORIENTED_EDGE('',*,*,#3573,.F.) ;
#3578=ORIENTED_EDGE('',*,*,#2432,.F.) ;
#3591=ORIENTED_EDGE('',*,*,#3584,.F.) ;
#3592=ORIENTED_EDGE('',*,*,#2560,.F.) ;
#3593=ORIENTED_EDGE('',*,*,#3589,.F.) ;
#3594=ORIENTED_EDGE('',*,*,#2664,.F.) ;
#3607=ORIENTED_EDGE('',*,*,#3600,.F.) ;
#3608=ORIENTED_EDGE('',*,*,#2744,.F.) ;
#3609=ORIENTED_EDGE('',*,*,#3605,.F.) ;
#3610=ORIENTED_EDGE('',*,*,#2848,.F.) ;
#3623=ORIENTED_EDGE('',*,*,#3616,.F.) ;
#3624=ORIENTED_EDGE('',*,*,#2976,.F.) ;
#3625=ORIENTED_EDGE('',*,*,#3621,.F.) ;
#3626=ORIENTED_EDGE('',*,*,#3080,.F.) ;
#3639=ORIENTED_EDGE('',*,*,#3632,.F.) ;
#3640=ORIENTED_EDGE('',*,*,#3160,.F.) ;
#3641=ORIENTED_EDGE('',*,*,#3637,.F.) ;
#3642=ORIENTED_EDGE('',*,*,#3264,.F.) ;
#3650=ORIENTED_EDGE('',*,*,#3648,.F.) ;
#3651=ORIENTED_EDGE('',*,*,#850,.F.) ;
#3652=ORIENTED_EDGE('',*,*,#826,.F.) ;
#3653=ORIENTED_EDGE('',*,*,#779,.F.) ;
#3667=ORIENTED_EDGE('',*,*,#3357,.T.) ;
#3668=ORIENTED_EDGE('',*,*,#3335,.T.) ;
#3669=ORIENTED_EDGE('',*,*,#864,.T.) ;
#3670=ORIENTED_EDGE('',*,*,#3665,.T.) ;
#3671=ORIENTED_EDGE('',*,*,#798,.T.) ;
#3680=ORIENTED_EDGE('',*,*,#3648,.T.) ;
#3681=ORIENTED_EDGE('',*,*,#803,.F.) ;
#3682=ORIENTED_EDGE('',*,*,#3665,.F.) ;
#3683=ORIENTED_EDGE('',*,*,#857,.T.) ;
#3697=ORIENTED_EDGE('',*,*,#981,.T.) ;
#3698=ORIENTED_EDGE('',*,*,#957,.T.) ;
#3699=ORIENTED_EDGE('',*,*,#894,.F.) ;
#3700=ORIENTED_EDGE('',*,*,#3695,.F.) ;
#3714=ORIENTED_EDGE('',*,*,#931,.T.) ;
#3715=ORIENTED_EDGE('',*,*,#1028,.T.) ;
#3716=ORIENTED_EDGE('',*,*,#995,.F.) ;
#3717=ORIENTED_EDGE('',*,*,#3712,.F.) ;
#3754=ORIENTED_EDGE('',*,*,#3733,.T.) ;
#3755=ORIENTED_EDGE('',*,*,#3740,.T.) ;
#3756=ORIENTED_EDGE('',*,*,#3747,.T.) ;
#3757=ORIENTED_EDGE('',*,*,#3752,.T.) ;
#3760=ORIENTED_EDGE('',*,*,#3695,.T.) ;
#3761=ORIENTED_EDGE('',*,*,#936,.T.) ;
#3762=ORIENTED_EDGE('',*,*,#3712,.T.) ;
#3763=ORIENTED_EDGE('',*,*,#988,.T.) ;
#3777=ORIENTED_EDGE('',*,*,#1049,.T.) ;
#3778=ORIENTED_EDGE('',*,*,#1236,.T.) ;
#3779=ORIENTED_EDGE('',*,*,#1198,.T.) ;
#3780=ORIENTED_EDGE('',*,*,#3775,.T.) ;
#3781=ORIENTED_EDGE('',*,*,#1106,.T.) ;
#3795=ORIENTED_EDGE('',*,*,#3472,.T.) ;
#3796=ORIENTED_EDGE('',*,*,#1215,.F.) ;
#3797=ORIENTED_EDGE('',*,*,#3793,.F.) ;
#3798=ORIENTED_EDGE('',*,*,#1087,.T.) ;
#3807=ORIENTED_EDGE('',*,*,#1134,.T.) ;
#3808=ORIENTED_EDGE('',*,*,#1094,.T.) ;
#3809=ORIENTED_EDGE('',*,*,#3793,.T.) ;
#3810=ORIENTED_EDGE('',*,*,#1210,.T.) ;
#3811=ORIENTED_EDGE('',*,*,#1158,.T.) ;
#3820=ORIENTED_EDGE('',*,*,#3477,.T.) ;
#3821=ORIENTED_EDGE('',*,*,#1111,.F.) ;
#3822=ORIENTED_EDGE('',*,*,#3775,.F.) ;
#3823=ORIENTED_EDGE('',*,*,#1191,.T.) ;
#3837=ORIENTED_EDGE('',*,*,#1257,.T.) ;
#3838=ORIENTED_EDGE('',*,*,#1428,.T.) ;
#3839=ORIENTED_EDGE('',*,*,#3835,.T.) ;
#3840=ORIENTED_EDGE('',*,*,#1338,.T.) ;
#3841=ORIENTED_EDGE('',*,*,#1286,.T.) ;
#3855=ORIENTED_EDGE('',*,*,#3488,.T.) ;
#3856=ORIENTED_EDGE('',*,*,#1440,.F.) ;
#3857=ORIENTED_EDGE('',*,*,#3853,.F.) ;
#3858=ORIENTED_EDGE('',*,*,#1319,.T.) ;
#3867=ORIENTED_EDGE('',*,*,#1390,.T.) ;
#3868=ORIENTED_EDGE('',*,*,#1366,.T.) ;
#3869=ORIENTED_EDGE('',*,*,#1326,.T.) ;
#3870=ORIENTED_EDGE('',*,*,#3853,.T.) ;
#3871=ORIENTED_EDGE('',*,*,#1435,.T.) ;
#3880=ORIENTED_EDGE('',*,*,#3493,.T.) ;
#3881=ORIENTED_EDGE('',*,*,#1343,.F.) ;
#3882=ORIENTED_EDGE('',*,*,#3835,.F.) ;
#3883=ORIENTED_EDGE('',*,*,#1423,.T.) ;
#3897=ORIENTED_EDGE('',*,*,#1465,.T.) ;
#3898=ORIENTED_EDGE('',*,*,#1652,.T.) ;
#3899=ORIENTED_EDGE('',*,*,#1614,.T.) ;
#3900=ORIENTED_EDGE('',*,*,#3895,.T.) ;
#3901=ORIENTED_EDGE('',*,*,#1522,.T.) ;
#3915=ORIENTED_EDGE('',*,*,#3504,.T.) ;
#3916=ORIENTED_EDGE('',*,*,#1631,.F.) ;
#3917=ORIENTED_EDGE('',*,*,#3913,.F.) ;
#3918=ORIENTED_EDGE('',*,*,#1503,.T.) ;
#3927=ORIENTED_EDGE('',*,*,#1550,.T.) ;
#3928=ORIENTED_EDGE('',*,*,#1510,.T.) ;
#3929=ORIENTED_EDGE('',*,*,#3913,.T.) ;
#3930=ORIENTED_EDGE('',*,*,#1626,.T.) ;
#3931=ORIENTED_EDGE('',*,*,#1574,.T.) ;
#3940=ORIENTED_EDGE('',*,*,#3509,.T.) ;
#3941=ORIENTED_EDGE('',*,*,#1527,.F.) ;
#3942=ORIENTED_EDGE('',*,*,#3895,.F.) ;
#3943=ORIENTED_EDGE('',*,*,#1607,.T.) ;
#3957=ORIENTED_EDGE('',*,*,#1673,.T.) ;
#3958=ORIENTED_EDGE('',*,*,#1844,.T.) ;
#3959=ORIENTED_EDGE('',*,*,#3955,.T.) ;
#3960=ORIENTED_EDGE('',*,*,#1754,.T.) ;
#3961=ORIENTED_EDGE('',*,*,#1702,.T.) ;
#3975=ORIENTED_EDGE('',*,*,#3520,.T.) ;
#3976=ORIENTED_EDGE('',*,*,#1856,.F.) ;
#3977=ORIENTED_EDGE('',*,*,#3973,.F.) ;
#3978=ORIENTED_EDGE('',*,*,#1735,.T.) ;
#3987=ORIENTED_EDGE('',*,*,#1806,.T.) ;
#3988=ORIENTED_EDGE('',*,*,#1782,.T.) ;
#3989=ORIENTED_EDGE('',*,*,#1742,.T.) ;
#3990=ORIENTED_EDGE('',*,*,#3973,.T.) ;
#3991=ORIENTED_EDGE('',*,*,#1851,.T.) ;
#4000=ORIENTED_EDGE('',*,*,#3525,.T.) ;
#4001=ORIENTED_EDGE('',*,*,#1759,.F.) ;
#4002=ORIENTED_EDGE('',*,*,#3955,.F.) ;
#4003=ORIENTED_EDGE('',*,*,#1839,.T.) ;
#4017=ORIENTED_EDGE('',*,*,#1881,.T.) ;
#4018=ORIENTED_EDGE('',*,*,#2068,.T.) ;
#4019=ORIENTED_EDGE('',*,*,#2030,.T.) ;
#4020=ORIENTED_EDGE('',*,*,#4015,.T.) ;
#4021=ORIENTED_EDGE('',*,*,#1938,.T.) ;
#4035=ORIENTED_EDGE('',*,*,#3536,.T.) ;
#4036=ORIENTED_EDGE('',*,*,#2047,.F.) ;
#4037=ORIENTED_EDGE('',*,*,#4033,.F.) ;
#4038=ORIENTED_EDGE('',*,*,#1919,.T.) ;
#4047=ORIENTED_EDGE('',*,*,#1966,.T.) ;
#4048=ORIENTED_EDGE('',*,*,#1926,.T.) ;
#4049=ORIENTED_EDGE('',*,*,#4033,.T.) ;
#4050=ORIENTED_EDGE('',*,*,#2042,.T.) ;
#4051=ORIENTED_EDGE('',*,*,#1990,.T.) ;
#4060=ORIENTED_EDGE('',*,*,#3541,.T.) ;
#4061=ORIENTED_EDGE('',*,*,#1943,.F.) ;
#4062=ORIENTED_EDGE('',*,*,#4015,.F.) ;
#4063=ORIENTED_EDGE('',*,*,#2023,.T.) ;
#4077=ORIENTED_EDGE('',*,*,#2089,.T.) ;
#4078=ORIENTED_EDGE('',*,*,#2260,.T.) ;
#4079=ORIENTED_EDGE('',*,*,#4075,.T.) ;
#4080=ORIENTED_EDGE('',*,*,#2170,.T.) ;
#4081=ORIENTED_EDGE('',*,*,#2118,.T.) ;
#4095=ORIENTED_EDGE('',*,*,#3552,.T.) ;
#4096=ORIENTED_EDGE('',*,*,#2272,.F.) ;
#4097=ORIENTED_EDGE('',*,*,#4093,.F.) ;
#4098=ORIENTED_EDGE('',*,*,#2151,.T.) ;
#4107=ORIENTED_EDGE('',*,*,#2222,.T.) ;
#4108=ORIENTED_EDGE('',*,*,#2198,.T.) ;
#4109=ORIENTED_EDGE('',*,*,#2158,.T.) ;
#4110=ORIENTED_EDGE('',*,*,#4093,.T.) ;
#4111=ORIENTED_EDGE('',*,*,#2267,.T.) ;
#4120=ORIENTED_EDGE('',*,*,#3557,.T.) ;
#4121=ORIENTED_EDGE('',*,*,#2175,.F.) ;
#4122=ORIENTED_EDGE('',*,*,#4075,.F.) ;
#4123=ORIENTED_EDGE('',*,*,#2255,.T.) ;
#4137=ORIENTED_EDGE('',*,*,#2297,.T.) ;
#4138=ORIENTED_EDGE('',*,*,#2484,.T.) ;
#4139=ORIENTED_EDGE('',*,*,#2446,.T.) ;
#4140=ORIENTED_EDGE('',*,*,#4135,.T.) ;
#4141=ORIENTED_EDGE('',*,*,#2354,.T.) ;
#4155=ORIENTED_EDGE('',*,*,#3568,.T.) ;
#4156=ORIENTED_EDGE('',*,*,#2463,.F.) ;
#4157=ORIENTED_EDGE('',*,*,#4153,.F.) ;
#4158=ORIENTED_EDGE('',*,*,#2335,.T.) ;
#4167=ORIENTED_EDGE('',*,*,#2382,.T.) ;
#4168=ORIENTED_EDGE('',*,*,#2342,.T.) ;
#4169=ORIENTED_EDGE('',*,*,#4153,.T.) ;
#4170=ORIENTED_EDGE('',*,*,#2458,.T.) ;
#4171=ORIENTED_EDGE('',*,*,#2406,.T.) ;
#4180=ORIENTED_EDGE('',*,*,#3573,.T.) ;
#4181=ORIENTED_EDGE('',*,*,#2359,.F.) ;
#4182=ORIENTED_EDGE('',*,*,#4135,.F.) ;
#4183=ORIENTED_EDGE('',*,*,#2439,.T.) ;
#4197=ORIENTED_EDGE('',*,*,#2505,.T.) ;
#4198=ORIENTED_EDGE('',*,*,#2676,.T.) ;
#4199=ORIENTED_EDGE('',*,*,#4195,.T.) ;
#4200=ORIENTED_EDGE('',*,*,#2586,.T.) ;
#4201=ORIENTED_EDGE('',*,*,#2534,.T.) ;
#4215=ORIENTED_EDGE('',*,*,#3584,.T.) ;
#4216=ORIENTED_EDGE('',*,*,#2688,.F.) ;
#4217=ORIENTED_EDGE('',*,*,#4213,.F.) ;
#4218=ORIENTED_EDGE('',*,*,#2567,.T.) ;
#4227=ORIENTED_EDGE('',*,*,#2638,.T.) ;
#4228=ORIENTED_EDGE('',*,*,#2614,.T.) ;
#4229=ORIENTED_EDGE('',*,*,#2574,.T.) ;
#4230=ORIENTED_EDGE('',*,*,#4213,.T.) ;
#4231=ORIENTED_EDGE('',*,*,#2683,.T.) ;
#4240=ORIENTED_EDGE('',*,*,#3589,.T.) ;
#4241=ORIENTED_EDGE('',*,*,#2591,.F.) ;
#4242=ORIENTED_EDGE('',*,*,#4195,.F.) ;
#4243=ORIENTED_EDGE('',*,*,#2671,.T.) ;
#4257=ORIENTED_EDGE('',*,*,#2713,.T.) ;
#4258=ORIENTED_EDGE('',*,*,#2900,.T.) ;
#4259=ORIENTED_EDGE('',*,*,#2862,.T.) ;
#4260=ORIENTED_EDGE('',*,*,#4255,.T.) ;
#4261=ORIENTED_EDGE('',*,*,#2770,.T.) ;
#4275=ORIENTED_EDGE('',*,*,#3600,.T.) ;
#4276=ORIENTED_EDGE('',*,*,#2879,.F.) ;
#4277=ORIENTED_EDGE('',*,*,#4273,.F.) ;
#4278=ORIENTED_EDGE('',*,*,#2751,.T.) ;
#4287=ORIENTED_EDGE('',*,*,#2798,.T.) ;
#4288=ORIENTED_EDGE('',*,*,#2758,.T.) ;
#4289=ORIENTED_EDGE('',*,*,#4273,.T.) ;
#4290=ORIENTED_EDGE('',*,*,#2874,.T.) ;
#4291=ORIENTED_EDGE('',*,*,#2822,.T.) ;
#4300=ORIENTED_EDGE('',*,*,#3605,.T.) ;
#4301=ORIENTED_EDGE('',*,*,#2775,.F.) ;
#4302=ORIENTED_EDGE('',*,*,#4255,.F.) ;
#4303=ORIENTED_EDGE('',*,*,#2855,.T.) ;
#4317=ORIENTED_EDGE('',*,*,#2921,.T.) ;
#4318=ORIENTED_EDGE('',*,*,#3092,.T.) ;
#4319=ORIENTED_EDGE('',*,*,#4315,.T.) ;
#4320=ORIENTED_EDGE('',*,*,#3002,.T.) ;
#4321=ORIENTED_EDGE('',*,*,#2950,.T.) ;
#4335=ORIENTED_EDGE('',*,*,#3616,.T.) ;
#4336=ORIENTED_EDGE('',*,*,#3104,.F.) ;
#4337=ORIENTED_EDGE('',*,*,#4333,.F.) ;
#4338=ORIENTED_EDGE('',*,*,#2983,.T.) ;
#4347=ORIENTED_EDGE('',*,*,#3054,.T.) ;
#4348=ORIENTED_EDGE('',*,*,#3030,.T.) ;
#4349=ORIENTED_EDGE('',*,*,#2990,.T.) ;
#4350=ORIENTED_EDGE('',*,*,#4333,.T.) ;
#4351=ORIENTED_EDGE('',*,*,#3099,.T.) ;
#4360=ORIENTED_EDGE('',*,*,#3621,.T.) ;
#4361=ORIENTED_EDGE('',*,*,#3007,.F.) ;
#4362=ORIENTED_EDGE('',*,*,#4315,.F.) ;
#4363=ORIENTED_EDGE('',*,*,#3087,.T.) ;
#4377=ORIENTED_EDGE('',*,*,#3129,.T.) ;
#4378=ORIENTED_EDGE('',*,*,#3316,.T.) ;
#4379=ORIENTED_EDGE('',*,*,#3278,.T.) ;
#4380=ORIENTED_EDGE('',*,*,#4375,.T.) ;
#4381=ORIENTED_EDGE('',*,*,#3186,.T.) ;
#4395=ORIENTED_EDGE('',*,*,#3632,.T.) ;
#4396=ORIENTED_EDGE('',*,*,#3295,.F.) ;
#4397=ORIENTED_EDGE('',*,*,#4393,.F.) ;
#4398=ORIENTED_EDGE('',*,*,#3167,.T.) ;
#4407=ORIENTED_EDGE('',*,*,#3214,.T.) ;
#4408=ORIENTED_EDGE('',*,*,#3174,.T.) ;
#4409=ORIENTED_EDGE('',*,*,#4393,.T.) ;
#4410=ORIENTED_EDGE('',*,*,#3290,.T.) ;
#4411=ORIENTED_EDGE('',*,*,#3238,.T.) ;
#4420=ORIENTED_EDGE('',*,*,#3637,.T.) ;
#4421=ORIENTED_EDGE('',*,*,#3191,.F.) ;
#4422=ORIENTED_EDGE('',*,*,#4375,.F.) ;
#4423=ORIENTED_EDGE('',*,*,#3271,.T.) ;
#4493=ORIENTED_EDGE('',*,*,#3378,.T.) ;
#4494=ORIENTED_EDGE('',*,*,#4437,.T.) ;
#4495=ORIENTED_EDGE('',*,*,#4444,.F.) ;
#4496=ORIENTED_EDGE('',*,*,#4451,.T.) ;
#4497=ORIENTED_EDGE('',*,*,#4458,.F.) ;
#4498=ORIENTED_EDGE('',*,*,#4465,.T.) ;
#4499=ORIENTED_EDGE('',*,*,#4472,.T.) ;
#4500=ORIENTED_EDGE('',*,*,#4479,.F.) ;
#4501=ORIENTED_EDGE('',*,*,#4486,.T.) ;
#4502=ORIENTED_EDGE('',*,*,#4491,.F.) ;
#4523=ORIENTED_EDGE('',*,*,#3385,.F.) ;
#4524=ORIENTED_EDGE('',*,*,#4491,.T.) ;
#4525=ORIENTED_EDGE('',*,*,#4516,.T.) ;
#4526=ORIENTED_EDGE('',*,*,#4521,.F.) ;
#4568=ORIENTED_EDGE('',*,*,#4540,.F.) ;
#4569=ORIENTED_EDGE('',*,*,#4547,.T.) ;
#4570=ORIENTED_EDGE('',*,*,#4554,.T.) ;
#4571=ORIENTED_EDGE('',*,*,#4561,.T.) ;
#4572=ORIENTED_EDGE('',*,*,#4566,.T.) ;
#4573=ORIENTED_EDGE('',*,*,#3392,.T.) ;
#4574=ORIENTED_EDGE('',*,*,#4521,.T.) ;
#4647=ORIENTED_EDGE('',*,*,#4590,.T.) ;
#4648=ORIENTED_EDGE('',*,*,#4597,.T.) ;
#4649=ORIENTED_EDGE('',*,*,#4602,.F.) ;
#4650=ORIENTED_EDGE('',*,*,#3399,.T.) ;
#4651=ORIENTED_EDGE('',*,*,#4566,.F.) ;
#4652=ORIENTED_EDGE('',*,*,#4609,.F.) ;
#4653=ORIENTED_EDGE('',*,*,#4616,.T.) ;
#4654=ORIENTED_EDGE('',*,*,#4621,.T.) ;
#4655=ORIENTED_EDGE('',*,*,#4472,.F.) ;
#4656=ORIENTED_EDGE('',*,*,#4626,.F.) ;
#4657=ORIENTED_EDGE('',*,*,#3733,.F.) ;
#4658=ORIENTED_EDGE('',*,*,#4633,.T.) ;
#4659=ORIENTED_EDGE('',*,*,#4640,.T.) ;
#4660=ORIENTED_EDGE('',*,*,#4645,.T.) ;
#4691=ORIENTED_EDGE('',*,*,#4670,.T.) ;
#4692=ORIENTED_EDGE('',*,*,#4677,.T.) ;
#4693=ORIENTED_EDGE('',*,*,#4684,.F.) ;
#4694=ORIENTED_EDGE('',*,*,#4689,.F.) ;
#4736=ORIENTED_EDGE('',*,*,#3406,.F.) ;
#4737=ORIENTED_EDGE('',*,*,#4602,.T.) ;
#4738=ORIENTED_EDGE('',*,*,#4708,.T.) ;
#4739=ORIENTED_EDGE('',*,*,#4715,.T.) ;
#4740=ORIENTED_EDGE('',*,*,#4722,.T.) ;
#4741=ORIENTED_EDGE('',*,*,#4729,.T.) ;
#4742=ORIENTED_EDGE('',*,*,#4734,.T.) ;
#4763=ORIENTED_EDGE('',*,*,#4756,.F.) ;
#4764=ORIENTED_EDGE('',*,*,#3413,.F.) ;
#4765=ORIENTED_EDGE('',*,*,#4734,.F.) ;
#4766=ORIENTED_EDGE('',*,*,#4761,.T.) ;
#4820=ORIENTED_EDGE('',*,*,#3420,.F.) ;
#4821=ORIENTED_EDGE('',*,*,#4756,.T.) ;
#4822=ORIENTED_EDGE('',*,*,#4780,.F.) ;
#4823=ORIENTED_EDGE('',*,*,#4785,.T.) ;
#4824=ORIENTED_EDGE('',*,*,#4640,.F.) ;
#4825=ORIENTED_EDGE('',*,*,#4792,.F.) ;
#4826=ORIENTED_EDGE('',*,*,#4799,.T.) ;
#4827=ORIENTED_EDGE('',*,*,#4806,.F.) ;
#4828=ORIENTED_EDGE('',*,*,#4813,.T.) ;
#4829=ORIENTED_EDGE('',*,*,#4818,.F.) ;
#4850=ORIENTED_EDGE('',*,*,#3427,.T.) ;
#4851=ORIENTED_EDGE('',*,*,#4818,.T.) ;
#4852=ORIENTED_EDGE('',*,*,#4843,.T.) ;
#4853=ORIENTED_EDGE('',*,*,#4848,.T.) ;
#4895=ORIENTED_EDGE('',*,*,#4867,.F.) ;
#4896=ORIENTED_EDGE('',*,*,#4874,.F.) ;
#4897=ORIENTED_EDGE('',*,*,#4881,.F.) ;
#4898=ORIENTED_EDGE('',*,*,#4888,.F.) ;
#4899=ORIENTED_EDGE('',*,*,#4893,.F.) ;
#4900=ORIENTED_EDGE('',*,*,#3434,.T.) ;
#4901=ORIENTED_EDGE('',*,*,#4848,.F.) ;
#4965=ORIENTED_EDGE('',*,*,#4915,.F.) ;
#4966=ORIENTED_EDGE('',*,*,#4922,.F.) ;
#4967=ORIENTED_EDGE('',*,*,#4927,.T.) ;
#4968=ORIENTED_EDGE('',*,*,#4799,.F.) ;
#4969=ORIENTED_EDGE('',*,*,#4932,.F.) ;
#4970=ORIENTED_EDGE('',*,*,#3747,.F.) ;
#4971=ORIENTED_EDGE('',*,*,#4937,.T.) ;
#4972=ORIENTED_EDGE('',*,*,#4458,.T.) ;
#4973=ORIENTED_EDGE('',*,*,#4944,.T.) ;
#4974=ORIENTED_EDGE('',*,*,#4951,.F.) ;
#4975=ORIENTED_EDGE('',*,*,#4958,.T.) ;
#4976=ORIENTED_EDGE('',*,*,#4963,.T.) ;
#4977=ORIENTED_EDGE('',*,*,#3441,.F.) ;
#4978=ORIENTED_EDGE('',*,*,#4893,.T.) ;
#5009=ORIENTED_EDGE('',*,*,#4988,.F.) ;
#5010=ORIENTED_EDGE('',*,*,#4995,.T.) ;
#5011=ORIENTED_EDGE('',*,*,#5002,.T.) ;
#5012=ORIENTED_EDGE('',*,*,#5007,.F.) ;
#5054=ORIENTED_EDGE('',*,*,#3448,.F.) ;
#5055=ORIENTED_EDGE('',*,*,#4963,.F.) ;
#5056=ORIENTED_EDGE('',*,*,#5026,.F.) ;
#5057=ORIENTED_EDGE('',*,*,#5033,.F.) ;
#5058=ORIENTED_EDGE('',*,*,#5040,.F.) ;
#5059=ORIENTED_EDGE('',*,*,#5047,.T.) ;
#5060=ORIENTED_EDGE('',*,*,#5052,.F.) ;
#5074=ORIENTED_EDGE('',*,*,#4437,.F.) ;
#5075=ORIENTED_EDGE('',*,*,#3453,.T.) ;
#5076=ORIENTED_EDGE('',*,*,#5052,.T.) ;
#5077=ORIENTED_EDGE('',*,*,#5072,.T.) ;
#5086=ORIENTED_EDGE('',*,*,#4626,.T.) ;
#5087=ORIENTED_EDGE('',*,*,#4465,.F.) ;
#5088=ORIENTED_EDGE('',*,*,#4937,.F.) ;
#5089=ORIENTED_EDGE('',*,*,#3740,.F.) ;
#5098=ORIENTED_EDGE('',*,*,#4792,.T.) ;
#5099=ORIENTED_EDGE('',*,*,#4633,.F.) ;
#5100=ORIENTED_EDGE('',*,*,#3752,.F.) ;
#5101=ORIENTED_EDGE('',*,*,#4932,.T.) ;
#5129=ORIENTED_EDGE('',*,*,#5047,.F.) ;
#5130=ORIENTED_EDGE('',*,*,#5115,.F.) ;
#5131=ORIENTED_EDGE('',*,*,#5122,.F.) ;
#5132=ORIENTED_EDGE('',*,*,#5127,.T.) ;
#5133=ORIENTED_EDGE('',*,*,#4444,.T.) ;
#5134=ORIENTED_EDGE('',*,*,#5072,.F.) ;
#5148=ORIENTED_EDGE('',*,*,#5146,.F.) ;
#5149=ORIENTED_EDGE('',*,*,#4944,.F.) ;
#5150=ORIENTED_EDGE('',*,*,#4451,.F.) ;
#5151=ORIENTED_EDGE('',*,*,#5127,.F.) ;
#5172=ORIENTED_EDGE('',*,*,#4621,.F.) ;
#5173=ORIENTED_EDGE('',*,*,#5165,.T.) ;
#5174=ORIENTED_EDGE('',*,*,#5170,.F.) ;
#5175=ORIENTED_EDGE('',*,*,#4479,.T.) ;
#5196=ORIENTED_EDGE('',*,*,#4486,.F.) ;
#5197=ORIENTED_EDGE('',*,*,#5170,.T.) ;
#5198=ORIENTED_EDGE('',*,*,#5189,.T.) ;
#5199=ORIENTED_EDGE('',*,*,#5194,.T.) ;
#5200=ORIENTED_EDGE('',*,*,#4540,.T.) ;
#5201=ORIENTED_EDGE('',*,*,#4516,.F.) ;
#5222=ORIENTED_EDGE('',*,*,#4547,.F.) ;
#5223=ORIENTED_EDGE('',*,*,#5194,.F.) ;
#5224=ORIENTED_EDGE('',*,*,#5215,.T.) ;
#5225=ORIENTED_EDGE('',*,*,#5220,.T.) ;
#5246=ORIENTED_EDGE('',*,*,#4554,.F.) ;
#5247=ORIENTED_EDGE('',*,*,#5220,.F.) ;
#5248=ORIENTED_EDGE('',*,*,#5239,.T.) ;
#5249=ORIENTED_EDGE('',*,*,#5244,.T.) ;
#5263=ORIENTED_EDGE('',*,*,#4561,.F.) ;
#5264=ORIENTED_EDGE('',*,*,#5244,.F.) ;
#5265=ORIENTED_EDGE('',*,*,#5261,.T.) ;
#5266=ORIENTED_EDGE('',*,*,#4609,.T.) ;
#5308=ORIENTED_EDGE('',*,*,#5282,.F.) ;
#5309=ORIENTED_EDGE('',*,*,#5289,.F.) ;
#5310=ORIENTED_EDGE('',*,*,#5296,.F.) ;
#5311=ORIENTED_EDGE('',*,*,#5301,.F.) ;
#5312=ORIENTED_EDGE('',*,*,#4590,.F.) ;
#5313=ORIENTED_EDGE('',*,*,#5306,.F.) ;
#5327=ORIENTED_EDGE('',*,*,#4708,.F.) ;
#5328=ORIENTED_EDGE('',*,*,#4597,.F.) ;
#5329=ORIENTED_EDGE('',*,*,#5301,.T.) ;
#5330=ORIENTED_EDGE('',*,*,#5325,.T.) ;
#5339=ORIENTED_EDGE('',*,*,#5165,.F.) ;
#5340=ORIENTED_EDGE('',*,*,#4616,.F.) ;
#5341=ORIENTED_EDGE('',*,*,#5261,.F.) ;
#5342=ORIENTED_EDGE('',*,*,#5239,.F.) ;
#5343=ORIENTED_EDGE('',*,*,#5215,.F.) ;
#5344=ORIENTED_EDGE('',*,*,#5189,.F.) ;
#5358=ORIENTED_EDGE('',*,*,#5356,.F.) ;
#5359=ORIENTED_EDGE('',*,*,#5306,.T.) ;
#5360=ORIENTED_EDGE('',*,*,#4645,.F.) ;
#5361=ORIENTED_EDGE('',*,*,#4785,.F.) ;
#5389=ORIENTED_EDGE('',*,*,#4670,.F.) ;
#5390=ORIENTED_EDGE('',*,*,#5375,.F.) ;
#5391=ORIENTED_EDGE('',*,*,#5382,.F.) ;
#5392=ORIENTED_EDGE('',*,*,#5387,.F.) ;
#5413=ORIENTED_EDGE('',*,*,#4677,.F.) ;
#5414=ORIENTED_EDGE('',*,*,#5387,.T.) ;
#5415=ORIENTED_EDGE('',*,*,#5406,.T.) ;
#5416=ORIENTED_EDGE('',*,*,#5411,.F.) ;
#5437=ORIENTED_EDGE('',*,*,#5411,.T.) ;
#5438=ORIENTED_EDGE('',*,*,#5430,.T.) ;
#5439=ORIENTED_EDGE('',*,*,#5435,.T.) ;
#5440=ORIENTED_EDGE('',*,*,#4684,.T.) ;
#5454=ORIENTED_EDGE('',*,*,#5452,.F.) ;
#5455=ORIENTED_EDGE('',*,*,#5375,.T.) ;
#5456=ORIENTED_EDGE('',*,*,#4689,.T.) ;
#5457=ORIENTED_EDGE('',*,*,#5435,.F.) ;
#5471=ORIENTED_EDGE('',*,*,#4715,.F.) ;
#5472=ORIENTED_EDGE('',*,*,#5325,.F.) ;
#5473=ORIENTED_EDGE('',*,*,#5296,.T.) ;
#5474=ORIENTED_EDGE('',*,*,#5469,.T.) ;
#5488=ORIENTED_EDGE('',*,*,#4722,.F.) ;
#5489=ORIENTED_EDGE('',*,*,#5469,.F.) ;
#5490=ORIENTED_EDGE('',*,*,#5289,.T.) ;
#5491=ORIENTED_EDGE('',*,*,#5486,.T.) ;
#5500=ORIENTED_EDGE('',*,*,#4729,.F.) ;
#5501=ORIENTED_EDGE('',*,*,#5486,.F.) ;
#5502=ORIENTED_EDGE('',*,*,#5282,.T.) ;
#5503=ORIENTED_EDGE('',*,*,#5356,.T.) ;
#5504=ORIENTED_EDGE('',*,*,#4780,.T.) ;
#5505=ORIENTED_EDGE('',*,*,#4761,.F.) ;
#5526=ORIENTED_EDGE('',*,*,#5519,.F.) ;
#5527=ORIENTED_EDGE('',*,*,#5524,.F.) ;
#5528=ORIENTED_EDGE('',*,*,#4806,.T.) ;
#5529=ORIENTED_EDGE('',*,*,#4927,.F.) ;
#5550=ORIENTED_EDGE('',*,*,#4813,.F.) ;
#5551=ORIENTED_EDGE('',*,*,#5524,.T.) ;
#5552=ORIENTED_EDGE('',*,*,#5543,.F.) ;
#5553=ORIENTED_EDGE('',*,*,#5548,.T.) ;
#5554=ORIENTED_EDGE('',*,*,#4867,.T.) ;
#5555=ORIENTED_EDGE('',*,*,#4843,.F.) ;
#5576=ORIENTED_EDGE('',*,*,#4874,.T.) ;
#5577=ORIENTED_EDGE('',*,*,#5548,.F.) ;
#5578=ORIENTED_EDGE('',*,*,#5569,.F.) ;
#5579=ORIENTED_EDGE('',*,*,#5574,.T.) ;
#5600=ORIENTED_EDGE('',*,*,#4881,.T.) ;
#5601=ORIENTED_EDGE('',*,*,#5574,.F.) ;
#5602=ORIENTED_EDGE('',*,*,#5593,.F.) ;
#5603=ORIENTED_EDGE('',*,*,#5598,.T.) ;
#5617=ORIENTED_EDGE('',*,*,#4888,.T.) ;
#5618=ORIENTED_EDGE('',*,*,#5598,.F.) ;
#5619=ORIENTED_EDGE('',*,*,#5615,.F.) ;
#5620=ORIENTED_EDGE('',*,*,#4915,.T.) ;
#5629=ORIENTED_EDGE('',*,*,#5543,.T.) ;
#5630=ORIENTED_EDGE('',*,*,#5519,.T.) ;
#5631=ORIENTED_EDGE('',*,*,#4922,.T.) ;
#5632=ORIENTED_EDGE('',*,*,#5615,.T.) ;
#5633=ORIENTED_EDGE('',*,*,#5593,.T.) ;
#5634=ORIENTED_EDGE('',*,*,#5569,.T.) ;
#5662=ORIENTED_EDGE('',*,*,#5146,.T.) ;
#5663=ORIENTED_EDGE('',*,*,#5122,.T.) ;
#5664=ORIENTED_EDGE('',*,*,#5648,.T.) ;
#5665=ORIENTED_EDGE('',*,*,#5655,.T.) ;
#5666=ORIENTED_EDGE('',*,*,#5660,.T.) ;
#5667=ORIENTED_EDGE('',*,*,#4951,.T.) ;
#5681=ORIENTED_EDGE('',*,*,#5026,.T.) ;
#5682=ORIENTED_EDGE('',*,*,#4958,.F.) ;
#5683=ORIENTED_EDGE('',*,*,#5660,.F.) ;
#5684=ORIENTED_EDGE('',*,*,#5679,.T.) ;
#5712=ORIENTED_EDGE('',*,*,#5698,.F.) ;
#5713=ORIENTED_EDGE('',*,*,#4988,.T.) ;
#5714=ORIENTED_EDGE('',*,*,#5705,.T.) ;
#5715=ORIENTED_EDGE('',*,*,#5710,.F.) ;
#5736=ORIENTED_EDGE('',*,*,#5698,.T.) ;
#5737=ORIENTED_EDGE('',*,*,#5729,.T.) ;
#5738=ORIENTED_EDGE('',*,*,#5734,.T.) ;
#5739=ORIENTED_EDGE('',*,*,#4995,.F.) ;
#5760=ORIENTED_EDGE('',*,*,#5734,.F.) ;
#5761=ORIENTED_EDGE('',*,*,#5753,.T.) ;
#5762=ORIENTED_EDGE('',*,*,#5758,.T.) ;
#5763=ORIENTED_EDGE('',*,*,#5002,.F.) ;
#5777=ORIENTED_EDGE('',*,*,#5007,.T.) ;
#5778=ORIENTED_EDGE('',*,*,#5758,.F.) ;
#5779=ORIENTED_EDGE('',*,*,#5775,.F.) ;
#5780=ORIENTED_EDGE('',*,*,#5705,.F.) ;
#5794=ORIENTED_EDGE('',*,*,#5033,.T.) ;
#5795=ORIENTED_EDGE('',*,*,#5679,.F.) ;
#5796=ORIENTED_EDGE('',*,*,#5655,.F.) ;
#5797=ORIENTED_EDGE('',*,*,#5792,.T.) ;
#5806=ORIENTED_EDGE('',*,*,#5040,.T.) ;
#5807=ORIENTED_EDGE('',*,*,#5792,.F.) ;
#5808=ORIENTED_EDGE('',*,*,#5648,.F.) ;
#5809=ORIENTED_EDGE('',*,*,#5115,.T.) ;
#5818=ORIENTED_EDGE('',*,*,#5406,.F.) ;
#5819=ORIENTED_EDGE('',*,*,#5382,.T.) ;
#5820=ORIENTED_EDGE('',*,*,#5452,.T.) ;
#5821=ORIENTED_EDGE('',*,*,#5430,.F.) ;
#5830=ORIENTED_EDGE('',*,*,#5729,.F.) ;
#5831=ORIENTED_EDGE('',*,*,#5710,.T.) ;
#5832=ORIENTED_EDGE('',*,*,#5775,.T.) ;
#5833=ORIENTED_EDGE('',*,*,#5753,.F.) ;
#5903=ORIENTED_EDGE('',*,*,#5882,.T.) ;
#5904=ORIENTED_EDGE('',*,*,#5889,.T.) ;
#5905=ORIENTED_EDGE('',*,*,#5896,.F.) ;
#5906=ORIENTED_EDGE('',*,*,#5901,.T.) ;
#6100=ORIENTED_EDGE('',*,*,#5922,.F.) ;
#6101=ORIENTED_EDGE('',*,*,#5938,.T.) ;
#6102=ORIENTED_EDGE('',*,*,#5945,.F.) ;
#6103=ORIENTED_EDGE('',*,*,#5961,.T.) ;
#6104=ORIENTED_EDGE('',*,*,#5968,.F.) ;
#6105=ORIENTED_EDGE('',*,*,#5973,.T.) ;
#6106=ORIENTED_EDGE('',*,*,#5882,.F.) ;
#6107=ORIENTED_EDGE('',*,*,#5989,.T.) ;
#6108=ORIENTED_EDGE('',*,*,#5996,.F.) ;
#6109=ORIENTED_EDGE('',*,*,#6012,.T.) ;
#6110=ORIENTED_EDGE('',*,*,#6019,.F.) ;
#6111=ORIENTED_EDGE('',*,*,#6026,.F.) ;
#6112=ORIENTED_EDGE('',*,*,#6042,.T.) ;
#6113=ORIENTED_EDGE('',*,*,#6049,.F.) ;
#6114=ORIENTED_EDGE('',*,*,#6056,.T.) ;
#6115=ORIENTED_EDGE('',*,*,#6063,.F.) ;
#6116=ORIENTED_EDGE('',*,*,#6070,.T.) ;
#6117=ORIENTED_EDGE('',*,*,#6077,.F.) ;
#6118=ORIENTED_EDGE('',*,*,#6093,.T.) ;
#6119=ORIENTED_EDGE('',*,*,#6098,.F.) ;
#6213=ORIENTED_EDGE('',*,*,#6135,.F.) ;
#6214=ORIENTED_EDGE('',*,*,#6142,.T.) ;
#6215=ORIENTED_EDGE('',*,*,#6149,.T.) ;
#6216=ORIENTED_EDGE('',*,*,#6162,.T.) ;
#6217=ORIENTED_EDGE('',*,*,#6169,.T.) ;
#6218=ORIENTED_EDGE('',*,*,#6180,.T.) ;
#6219=ORIENTED_EDGE('',*,*,#5889,.F.) ;
#6220=ORIENTED_EDGE('',*,*,#6193,.F.) ;
#6221=ORIENTED_EDGE('',*,*,#6200,.F.) ;
#6222=ORIENTED_EDGE('',*,*,#6211,.F.) ;
#6416=ORIENTED_EDGE('',*,*,#6238,.T.) ;
#6417=ORIENTED_EDGE('',*,*,#6254,.T.) ;
#6418=ORIENTED_EDGE('',*,*,#6261,.T.) ;
#6419=ORIENTED_EDGE('',*,*,#6268,.T.) ;
#6420=ORIENTED_EDGE('',*,*,#6284,.T.) ;
#6421=ORIENTED_EDGE('',*,*,#6291,.T.) ;
#6422=ORIENTED_EDGE('',*,*,#6298,.T.) ;
#6423=ORIENTED_EDGE('',*,*,#6305,.T.) ;
#6424=ORIENTED_EDGE('',*,*,#6312,.T.) ;
#6425=ORIENTED_EDGE('',*,*,#6319,.T.) ;
#6426=ORIENTED_EDGE('',*,*,#6335,.T.) ;
#6427=ORIENTED_EDGE('',*,*,#6342,.T.) ;
#6428=ORIENTED_EDGE('',*,*,#6349,.T.) ;
#6429=ORIENTED_EDGE('',*,*,#6365,.T.) ;
#6430=ORIENTED_EDGE('',*,*,#6372,.T.) ;
#6431=ORIENTED_EDGE('',*,*,#6386,.T.) ;
#6432=ORIENTED_EDGE('',*,*,#5896,.T.) ;
#6433=ORIENTED_EDGE('',*,*,#6393,.T.) ;
#6434=ORIENTED_EDGE('',*,*,#6400,.T.) ;
#6435=ORIENTED_EDGE('',*,*,#6414,.T.) ;
#6449=ORIENTED_EDGE('',*,*,#6386,.F.) ;
#6450=ORIENTED_EDGE('',*,*,#6447,.F.) ;
#6451=ORIENTED_EDGE('',*,*,#5989,.F.) ;
#6452=ORIENTED_EDGE('',*,*,#5901,.F.) ;
#6471=ORIENTED_EDGE('',*,*,#6261,.F.) ;
#6472=ORIENTED_EDGE('',*,*,#6464,.T.) ;
#6473=ORIENTED_EDGE('',*,*,#5922,.T.) ;
#6474=ORIENTED_EDGE('',*,*,#6469,.F.) ;
#6488=ORIENTED_EDGE('',*,*,#6254,.F.) ;
#6489=ORIENTED_EDGE('',*,*,#6486,.F.) ;
#6490=ORIENTED_EDGE('',*,*,#5938,.F.) ;
#6491=ORIENTED_EDGE('',*,*,#6464,.F.) ;
#6505=ORIENTED_EDGE('',*,*,#5945,.T.) ;
#6506=ORIENTED_EDGE('',*,*,#6486,.T.) ;
#6507=ORIENTED_EDGE('',*,*,#6238,.F.) ;
#6508=ORIENTED_EDGE('',*,*,#6503,.T.) ;
#6522=ORIENTED_EDGE('',*,*,#6414,.F.) ;
#6523=ORIENTED_EDGE('',*,*,#6520,.F.) ;
#6524=ORIENTED_EDGE('',*,*,#5961,.F.) ;
#6525=ORIENTED_EDGE('',*,*,#6503,.F.) ;
#6539=ORIENTED_EDGE('',*,*,#6400,.F.) ;
#6540=ORIENTED_EDGE('',*,*,#6537,.T.) ;
#6541=ORIENTED_EDGE('',*,*,#5968,.T.) ;
#6542=ORIENTED_EDGE('',*,*,#6520,.T.) ;
#6563=ORIENTED_EDGE('',*,*,#5973,.F.) ;
#6564=ORIENTED_EDGE('',*,*,#6556,.F.) ;
#6565=ORIENTED_EDGE('',*,*,#6561,.T.) ;
#6566=ORIENTED_EDGE('',*,*,#6193,.T.) ;
#6580=ORIENTED_EDGE('',*,*,#6372,.F.) ;
#6581=ORIENTED_EDGE('',*,*,#6578,.T.) ;
#6582=ORIENTED_EDGE('',*,*,#5996,.T.) ;
#6583=ORIENTED_EDGE('',*,*,#6447,.T.) ;
#6597=ORIENTED_EDGE('',*,*,#6365,.F.) ;
#6598=ORIENTED_EDGE('',*,*,#6595,.F.) ;
#6599=ORIENTED_EDGE('',*,*,#6012,.F.) ;
#6600=ORIENTED_EDGE('',*,*,#6578,.F.) ;
#6614=ORIENTED_EDGE('',*,*,#6019,.T.) ;
#6615=ORIENTED_EDGE('',*,*,#6595,.T.) ;
#6616=ORIENTED_EDGE('',*,*,#6349,.F.) ;
#6617=ORIENTED_EDGE('',*,*,#6612,.T.) ;
#6631=ORIENTED_EDGE('',*,*,#6026,.T.) ;
#6632=ORIENTED_EDGE('',*,*,#6612,.F.) ;
#6633=ORIENTED_EDGE('',*,*,#6342,.F.) ;
#6634=ORIENTED_EDGE('',*,*,#6629,.T.) ;
#6648=ORIENTED_EDGE('',*,*,#6335,.F.) ;
#6649=ORIENTED_EDGE('',*,*,#6646,.F.) ;
#6650=ORIENTED_EDGE('',*,*,#6042,.F.) ;
#6651=ORIENTED_EDGE('',*,*,#6629,.F.) ;
#6665=ORIENTED_EDGE('',*,*,#6049,.T.) ;
#6666=ORIENTED_EDGE('',*,*,#6646,.T.) ;
#6667=ORIENTED_EDGE('',*,*,#6319,.F.) ;
#6668=ORIENTED_EDGE('',*,*,#6663,.T.) ;
#6682=ORIENTED_EDGE('',*,*,#6312,.F.) ;
#6683=ORIENTED_EDGE('',*,*,#6680,.F.) ;
#6684=ORIENTED_EDGE('',*,*,#6056,.F.) ;
#6685=ORIENTED_EDGE('',*,*,#6663,.F.) ;
#6699=ORIENTED_EDGE('',*,*,#6063,.T.) ;
#6700=ORIENTED_EDGE('',*,*,#6680,.T.) ;
#6701=ORIENTED_EDGE('',*,*,#6305,.F.) ;
#6702=ORIENTED_EDGE('',*,*,#6697,.T.) ;
#6716=ORIENTED_EDGE('',*,*,#6298,.F.) ;
#6717=ORIENTED_EDGE('',*,*,#6714,.F.) ;
#6718=ORIENTED_EDGE('',*,*,#6070,.F.) ;
#6719=ORIENTED_EDGE('',*,*,#6697,.F.) ;
#6733=ORIENTED_EDGE('',*,*,#6291,.F.) ;
#6734=ORIENTED_EDGE('',*,*,#6731,.T.) ;
#6735=ORIENTED_EDGE('',*,*,#6077,.T.) ;
#6736=ORIENTED_EDGE('',*,*,#6714,.T.) ;
#6750=ORIENTED_EDGE('',*,*,#6284,.F.) ;
#6751=ORIENTED_EDGE('',*,*,#6748,.T.) ;
#6752=ORIENTED_EDGE('',*,*,#6093,.F.) ;
#6753=ORIENTED_EDGE('',*,*,#6731,.F.) ;
#6762=ORIENTED_EDGE('',*,*,#6098,.T.) ;
#6763=ORIENTED_EDGE('',*,*,#6748,.F.) ;
#6764=ORIENTED_EDGE('',*,*,#6268,.F.) ;
#6765=ORIENTED_EDGE('',*,*,#6469,.T.) ;
#6818=ORIENTED_EDGE('',*,*,#6790,.T.) ;
#6819=ORIENTED_EDGE('',*,*,#6804,.T.) ;
#6820=ORIENTED_EDGE('',*,*,#6135,.T.) ;
#6821=ORIENTED_EDGE('',*,*,#6811,.F.) ;
#6822=ORIENTED_EDGE('',*,*,#6816,.F.) ;
#6845=ORIENTED_EDGE('',*,*,#6836,.F.) ;
#6846=ORIENTED_EDGE('',*,*,#6843,.F.) ;
#6847=ORIENTED_EDGE('',*,*,#6142,.F.) ;
#6848=ORIENTED_EDGE('',*,*,#6804,.F.) ;
#6885=ORIENTED_EDGE('',*,*,#6149,.F.) ;
#6886=ORIENTED_EDGE('',*,*,#6843,.T.) ;
#6887=ORIENTED_EDGE('',*,*,#6871,.T.) ;
#6888=ORIENTED_EDGE('',*,*,#6878,.T.) ;
#6889=ORIENTED_EDGE('',*,*,#6883,.F.) ;
#6910=ORIENTED_EDGE('',*,*,#6903,.T.) ;
#6911=ORIENTED_EDGE('',*,*,#6908,.F.) ;
#6912=ORIENTED_EDGE('',*,*,#6162,.F.) ;
#6913=ORIENTED_EDGE('',*,*,#6883,.T.) ;
#6934=ORIENTED_EDGE('',*,*,#6927,.T.) ;
#6935=ORIENTED_EDGE('',*,*,#6932,.F.) ;
#6936=ORIENTED_EDGE('',*,*,#6169,.F.) ;
#6937=ORIENTED_EDGE('',*,*,#6908,.T.) ;
#6951=ORIENTED_EDGE('',*,*,#6949,.T.) ;
#6952=ORIENTED_EDGE('',*,*,#6393,.F.) ;
#6953=ORIENTED_EDGE('',*,*,#6180,.F.) ;
#6954=ORIENTED_EDGE('',*,*,#6932,.T.) ;
#6975=ORIENTED_EDGE('',*,*,#6561,.F.) ;
#6976=ORIENTED_EDGE('',*,*,#6968,.F.) ;
#6977=ORIENTED_EDGE('',*,*,#6973,.T.) ;
#6978=ORIENTED_EDGE('',*,*,#6200,.T.) ;
#6992=ORIENTED_EDGE('',*,*,#6973,.F.) ;
#6993=ORIENTED_EDGE('',*,*,#6990,.F.) ;
#6994=ORIENTED_EDGE('',*,*,#6811,.T.) ;
#6995=ORIENTED_EDGE('',*,*,#6211,.T.) ;
#7009=ORIENTED_EDGE('',*,*,#6878,.F.) ;
#7010=ORIENTED_EDGE('',*,*,#7007,.T.) ;
#7011=ORIENTED_EDGE('',*,*,#6816,.T.) ;
#7012=ORIENTED_EDGE('',*,*,#6990,.T.) ;
#7013=ORIENTED_EDGE('',*,*,#6968,.T.) ;
#7014=ORIENTED_EDGE('',*,*,#6556,.T.) ;
#7015=ORIENTED_EDGE('',*,*,#6537,.F.) ;
#7016=ORIENTED_EDGE('',*,*,#6949,.F.) ;
#7017=ORIENTED_EDGE('',*,*,#6927,.F.) ;
#7018=ORIENTED_EDGE('',*,*,#6903,.F.) ;
#7027=ORIENTED_EDGE('',*,*,#6836,.T.) ;
#7028=ORIENTED_EDGE('',*,*,#6790,.F.) ;
#7029=ORIENTED_EDGE('',*,*,#7007,.F.) ;
#7030=ORIENTED_EDGE('',*,*,#6871,.F.) ;
#230=FACE_BOUND('',#223,.T.) ;
#280=FACE_BOUND('',#273,.T.) ;
#330=FACE_BOUND('',#323,.T.) ;
#380=FACE_BOUND('',#373,.T.) ;
#430=FACE_BOUND('',#423,.T.) ;
#480=FACE_BOUND('',#473,.T.) ;
#530=FACE_BOUND('',#523,.T.) ;
#580=FACE_BOUND('',#573,.T.) ;
#630=FACE_BOUND('',#623,.T.) ;
#680=FACE_BOUND('',#673,.T.) ;
#730=FACE_BOUND('',#723,.T.) ;
#764=FACE_BOUND('',#757,.T.) ;
#3483=FACE_BOUND('',#3478,.T.) ;
#3499=FACE_BOUND('',#3494,.T.) ;
#3515=FACE_BOUND('',#3510,.T.) ;
#3531=FACE_BOUND('',#3526,.T.) ;
#3547=FACE_BOUND('',#3542,.T.) ;
#3563=FACE_BOUND('',#3558,.T.) ;
#3579=FACE_BOUND('',#3574,.T.) ;
#3595=FACE_BOUND('',#3590,.T.) ;
#3611=FACE_BOUND('',#3606,.T.) ;
#3627=FACE_BOUND('',#3622,.T.) ;
#3643=FACE_BOUND('',#3638,.T.) ;
#3654=FACE_BOUND('',#3649,.T.) ;
#3764=FACE_BOUND('',#3759,.T.) ;
#4695=FACE_BOUND('',#4690,.T.) ;
#5013=FACE_BOUND('',#5008,.T.) ;
#38=CLOSED_SHELL('Closed Shell',(#78,#117,#141,#765,#814,#838,#880,#945,#969,#1018,#1035,#1066,#1122,#1146,#1170,#1226,#1243,#1274,#1298,#1354,#1378,#1402,#1451,#1482,#1538,#1562,#1586,#1642,#1659,#1690,#1714,#1770,#1794,#1818,#1867,#1898,#1954,#1978,#2002,#2058,#2075,#2106,#2130,#2186,#2210,#2234,#2283,#2314,#2370,#2394,#2418,#2474,#2491,#2522,#2546,#2602,#2626,#2650,#2699,#2730,#2786,#2810,#2834,#2890,#2907,#2938,#2962,#3018,#3042,#3066,#3115,#3146,#3202,#3226,#3250,#3306,#3323,#3347,#3364,#3655,#3673,#3685,#3702,#3719,#3765,#3783,#3800,#3813,#3825,#3843,#3860,#3873,#3885,#3903,#3920,#3933,#3945,#3963,#3980,#3993,#4005,#4023,#4040,#4053,#4065,#4083,#4100,#4113,#4125,#4143,#4160,#4173,#4185,#4203,#4220,#4233,#4245,#4263,#4280,#4293,#4305,#4323,#4340,#4353,#4365,#4383,#4400,#4413,#4425,#4504,#4528,#4576,#4696,#4744,#4768,#4831,#4855,#4903,#5014,#5062,#5079,#5091,#5103,#5136,#5153,#5177,#5203,#5227,#5251,#5268,#5315,#5332,#5346,#5363,#5394,#5418,#5442,#5459,#5476,#5493,#5507,#5531,#5557,#5581,#5605,#5622,#5636,#5669,#5686,#5717,#5741,#5765,#5782,#5799,#5811,#5823,#5835)) ;
#5868=CLOSED_SHELL('Closed Shell',(#5908,#6121,#6224,#6437,#6454,#6476,#6493,#6510,#6527,#6544,#6568,#6585,#6602,#6619,#6636,#6653,#6670,#6687,#6704,#6721,#6738,#6755,#6767,#6824,#6850,#6891,#6915,#6939,#6956,#6980,#6997,#7020,#7032)) ;
#5836=ADVANCED_BREP_SHAPE_REPRESENTATION('NONE',(#29),#22) ;
#7033=ADVANCED_BREP_SHAPE_REPRESENTATION('NONE',(#5859),#22) ;
#78=ADVANCED_FACE('',(#77),#43,.F.) ;
#117=ADVANCED_FACE('',(#116),#83,.T.) ;
#141=ADVANCED_FACE('',(#140),#122,.T.) ;
#765=ADVANCED_FACE('',(#180,#230,#280,#330,#380,#430,#480,#530,#580,#630,#680,#730,#764),#146,.T.) ;
#814=ADVANCED_FACE('',(#813),#770,.F.) ;
#838=ADVANCED_FACE('',(#837),#819,.F.) ;
#880=ADVANCED_FACE('',(#879),#843,.F.) ;
#945=ADVANCED_FACE('',(#944),#885,.T.) ;
#969=ADVANCED_FACE('',(#968),#950,.F.) ;
#1018=ADVANCED_FACE('',(#1017),#974,.T.) ;
#1035=ADVANCED_FACE('',(#1034),#1023,.F.) ;
#1066=ADVANCED_FACE('',(#1065),#1040,.F.) ;
#1122=ADVANCED_FACE('',(#1121),#1071,.F.) ;
#1146=ADVANCED_FACE('',(#1145),#1127,.F.) ;
#1170=ADVANCED_FACE('',(#1169),#1151,.T.) ;
#1226=ADVANCED_FACE('',(#1225),#1175,.F.) ;
#1243=ADVANCED_FACE('',(#1242),#1231,.T.) ;
#1274=ADVANCED_FACE('',(#1273),#1248,.F.) ;
#1298=ADVANCED_FACE('',(#1297),#1279,.T.) ;
#1354=ADVANCED_FACE('',(#1353),#1303,.F.) ;
#1378=ADVANCED_FACE('',(#1377),#1359,.T.) ;
#1402=ADVANCED_FACE('',(#1401),#1383,.F.) ;
#1451=ADVANCED_FACE('',(#1450),#1407,.F.) ;
#1482=ADVANCED_FACE('',(#1481),#1456,.F.) ;
#1538=ADVANCED_FACE('',(#1537),#1487,.F.) ;
#1562=ADVANCED_FACE('',(#1561),#1543,.F.) ;
#1586=ADVANCED_FACE('',(#1585),#1567,.T.) ;
#1642=ADVANCED_FACE('',(#1641),#1591,.F.) ;
#1659=ADVANCED_FACE('',(#1658),#1647,.T.) ;
#1690=ADVANCED_FACE('',(#1689),#1664,.F.) ;
#1714=ADVANCED_FACE('',(#1713),#1695,.T.) ;
#1770=ADVANCED_FACE('',(#1769),#1719,.F.) ;
#1794=ADVANCED_FACE('',(#1793),#1775,.T.) ;
#1818=ADVANCED_FACE('',(#1817),#1799,.F.) ;
#1867=ADVANCED_FACE('',(#1866),#1823,.F.) ;
#1898=ADVANCED_FACE('',(#1897),#1872,.F.) ;
#1954=ADVANCED_FACE('',(#1953),#1903,.F.) ;
#1978=ADVANCED_FACE('',(#1977),#1959,.F.) ;
#2002=ADVANCED_FACE('',(#2001),#1983,.T.) ;
#2058=ADVANCED_FACE('',(#2057),#2007,.F.) ;
#2075=ADVANCED_FACE('',(#2074),#2063,.T.) ;
#2106=ADVANCED_FACE('',(#2105),#2080,.F.) ;
#2130=ADVANCED_FACE('',(#2129),#2111,.T.) ;
#2186=ADVANCED_FACE('',(#2185),#2135,.F.) ;
#2210=ADVANCED_FACE('',(#2209),#2191,.T.) ;
#2234=ADVANCED_FACE('',(#2233),#2215,.F.) ;
#2283=ADVANCED_FACE('',(#2282),#2239,.F.) ;
#2314=ADVANCED_FACE('',(#2313),#2288,.F.) ;
#2370=ADVANCED_FACE('',(#2369),#2319,.F.) ;
#2394=ADVANCED_FACE('',(#2393),#2375,.F.) ;
#2418=ADVANCED_FACE('',(#2417),#2399,.T.) ;
#2474=ADVANCED_FACE('',(#2473),#2423,.F.) ;
#2491=ADVANCED_FACE('',(#2490),#2479,.T.) ;
#2522=ADVANCED_FACE('',(#2521),#2496,.F.) ;
#2546=ADVANCED_FACE('',(#2545),#2527,.T.) ;
#2602=ADVANCED_FACE('',(#2601),#2551,.F.) ;
#2626=ADVANCED_FACE('',(#2625),#2607,.T.) ;
#2650=ADVANCED_FACE('',(#2649),#2631,.F.) ;
#2699=ADVANCED_FACE('',(#2698),#2655,.F.) ;
#2730=ADVANCED_FACE('',(#2729),#2704,.F.) ;
#2786=ADVANCED_FACE('',(#2785),#2735,.F.) ;
#2810=ADVANCED_FACE('',(#2809),#2791,.F.) ;
#2834=ADVANCED_FACE('',(#2833),#2815,.T.) ;
#2890=ADVANCED_FACE('',(#2889),#2839,.F.) ;
#2907=ADVANCED_FACE('',(#2906),#2895,.T.) ;
#2938=ADVANCED_FACE('',(#2937),#2912,.F.) ;
#2962=ADVANCED_FACE('',(#2961),#2943,.T.) ;
#3018=ADVANCED_FACE('',(#3017),#2967,.F.) ;
#3042=ADVANCED_FACE('',(#3041),#3023,.T.) ;
#3066=ADVANCED_FACE('',(#3065),#3047,.F.) ;
#3115=ADVANCED_FACE('',(#3114),#3071,.F.) ;
#3146=ADVANCED_FACE('',(#3145),#3120,.F.) ;
#3202=ADVANCED_FACE('',(#3201),#3151,.F.) ;
#3226=ADVANCED_FACE('',(#3225),#3207,.F.) ;
#3250=ADVANCED_FACE('',(#3249),#3231,.T.) ;
#3306=ADVANCED_FACE('',(#3305),#3255,.F.) ;
#3323=ADVANCED_FACE('',(#3322),#3311,.T.) ;
#3347=ADVANCED_FACE('',(#3346),#3328,.T.) ;
#3364=ADVANCED_FACE('',(#3363),#3352,.F.) ;
#3655=ADVANCED_FACE('',(#3467,#3483,#3499,#3515,#3531,#3547,#3563,#3579,#3595,#3611,#3627,#3643,#3654),#3369,.T.) ;
#3673=ADVANCED_FACE('',(#3672),#3660,.T.) ;
#3685=ADVANCED_FACE('',(#3684),#3678,.F.) ;
#3702=ADVANCED_FACE('',(#3701),#3690,.T.) ;
#3719=ADVANCED_FACE('',(#3718),#3707,.T.) ;
#3765=ADVANCED_FACE('',(#3758,#3764),#3724,.T.) ;
#3783=ADVANCED_FACE('',(#3782),#3770,.T.) ;
#3800=ADVANCED_FACE('',(#3799),#3788,.F.) ;
#3813=ADVANCED_FACE('',(#3812),#3805,.T.) ;
#3825=ADVANCED_FACE('',(#3824),#3818,.F.) ;
#3843=ADVANCED_FACE('',(#3842),#3830,.T.) ;
#3860=ADVANCED_FACE('',(#3859),#3848,.F.) ;
#3873=ADVANCED_FACE('',(#3872),#3865,.T.) ;
#3885=ADVANCED_FACE('',(#3884),#3878,.F.) ;
#3903=ADVANCED_FACE('',(#3902),#3890,.T.) ;
#3920=ADVANCED_FACE('',(#3919),#3908,.F.) ;
#3933=ADVANCED_FACE('',(#3932),#3925,.T.) ;
#3945=ADVANCED_FACE('',(#3944),#3938,.F.) ;
#3963=ADVANCED_FACE('',(#3962),#3950,.T.) ;
#3980=ADVANCED_FACE('',(#3979),#3968,.F.) ;
#3993=ADVANCED_FACE('',(#3992),#3985,.T.) ;
#4005=ADVANCED_FACE('',(#4004),#3998,.F.) ;
#4023=ADVANCED_FACE('',(#4022),#4010,.T.) ;
#4040=ADVANCED_FACE('',(#4039),#4028,.F.) ;
#4053=ADVANCED_FACE('',(#4052),#4045,.T.) ;
#4065=ADVANCED_FACE('',(#4064),#4058,.F.) ;
#4083=ADVANCED_FACE('',(#4082),#4070,.T.) ;
#4100=ADVANCED_FACE('',(#4099),#4088,.F.) ;
#4113=ADVANCED_FACE('',(#4112),#4105,.T.) ;
#4125=ADVANCED_FACE('',(#4124),#4118,.F.) ;
#4143=ADVANCED_FACE('',(#4142),#4130,.T.) ;
#4160=ADVANCED_FACE('',(#4159),#4148,.F.) ;
#4173=ADVANCED_FACE('',(#4172),#4165,.T.) ;
#4185=ADVANCED_FACE('',(#4184),#4178,.F.) ;
#4203=ADVANCED_FACE('',(#4202),#4190,.T.) ;
#4220=ADVANCED_FACE('',(#4219),#4208,.F.) ;
#4233=ADVANCED_FACE('',(#4232),#4225,.T.) ;
#4245=ADVANCED_FACE('',(#4244),#4238,.F.) ;
#4263=ADVANCED_FACE('',(#4262),#4250,.T.) ;
#4280=ADVANCED_FACE('',(#4279),#4268,.F.) ;
#4293=ADVANCED_FACE('',(#4292),#4285,.T.) ;
#4305=ADVANCED_FACE('',(#4304),#4298,.F.) ;
#4323=ADVANCED_FACE('',(#4322),#4310,.T.) ;
#4340=ADVANCED_FACE('',(#4339),#4328,.F.) ;
#4353=ADVANCED_FACE('',(#4352),#4345,.T.) ;
#4365=ADVANCED_FACE('',(#4364),#4358,.F.) ;
#4383=ADVANCED_FACE('',(#4382),#4370,.T.) ;
#4400=ADVANCED_FACE('',(#4399),#4388,.F.) ;
#4413=ADVANCED_FACE('',(#4412),#4405,.T.) ;
#4425=ADVANCED_FACE('',(#4424),#4418,.F.) ;
#4504=ADVANCED_FACE('',(#4503),#4430,.F.) ;
#4528=ADVANCED_FACE('',(#4527),#4509,.T.) ;
#4576=ADVANCED_FACE('',(#4575),#4533,.F.) ;
#4696=ADVANCED_FACE('',(#4661,#4695),#4581,.F.) ;
#4744=ADVANCED_FACE('',(#4743),#4701,.F.) ;
#4768=ADVANCED_FACE('',(#4767),#4749,.T.) ;
#4831=ADVANCED_FACE('',(#4830),#4773,.T.) ;
#4855=ADVANCED_FACE('',(#4854),#4836,.T.) ;
#4903=ADVANCED_FACE('',(#4902),#4860,.T.) ;
#5014=ADVANCED_FACE('',(#4979,#5013),#4908,.F.) ;
#5062=ADVANCED_FACE('',(#5061),#5019,.T.) ;
#5079=ADVANCED_FACE('',(#5078),#5067,.T.) ;
#5091=ADVANCED_FACE('',(#5090),#5084,.F.) ;
#5103=ADVANCED_FACE('',(#5102),#5096,.F.) ;
#5136=ADVANCED_FACE('',(#5135),#5108,.F.) ;
#5153=ADVANCED_FACE('',(#5152),#5141,.F.) ;
#5177=ADVANCED_FACE('',(#5176),#5158,.F.) ;
#5203=ADVANCED_FACE('',(#5202),#5182,.F.) ;
#5227=ADVANCED_FACE('',(#5226),#5208,.T.) ;
#5251=ADVANCED_FACE('',(#5250),#5232,.T.) ;
#5268=ADVANCED_FACE('',(#5267),#5256,.T.) ;
#5315=ADVANCED_FACE('',(#5314),#5273,.F.) ;
#5332=ADVANCED_FACE('',(#5331),#5320,.T.) ;
#5346=ADVANCED_FACE('',(#5345),#5337,.F.) ;
#5363=ADVANCED_FACE('',(#5362),#5351,.F.) ;
#5394=ADVANCED_FACE('',(#5393),#5368,.T.) ;
#5418=ADVANCED_FACE('',(#5417),#5399,.T.) ;
#5442=ADVANCED_FACE('',(#5441),#5423,.F.) ;
#5459=ADVANCED_FACE('',(#5458),#5447,.T.) ;
#5476=ADVANCED_FACE('',(#5475),#5464,.T.) ;
#5493=ADVANCED_FACE('',(#5492),#5481,.T.) ;
#5507=ADVANCED_FACE('',(#5506),#5498,.F.) ;
#5531=ADVANCED_FACE('',(#5530),#5512,.F.) ;
#5557=ADVANCED_FACE('',(#5556),#5536,.F.) ;
#5581=ADVANCED_FACE('',(#5580),#5562,.F.) ;
#5605=ADVANCED_FACE('',(#5604),#5586,.F.) ;
#5622=ADVANCED_FACE('',(#5621),#5610,.F.) ;
#5636=ADVANCED_FACE('',(#5635),#5627,.T.) ;
#5669=ADVANCED_FACE('',(#5668),#5641,.T.) ;
#5686=ADVANCED_FACE('',(#5685),#5674,.F.) ;
#5717=ADVANCED_FACE('',(#5716),#5691,.F.) ;
#5741=ADVANCED_FACE('',(#5740),#5722,.T.) ;
#5765=ADVANCED_FACE('',(#5764),#5746,.F.) ;
#5782=ADVANCED_FACE('',(#5781),#5770,.F.) ;
#5799=ADVANCED_FACE('',(#5798),#5787,.F.) ;
#5811=ADVANCED_FACE('',(#5810),#5804,.F.) ;
#5823=ADVANCED_FACE('',(#5822),#5816,.T.) ;
#5835=ADVANCED_FACE('',(#5834),#5828,.F.) ;
#5908=ADVANCED_FACE('',(#5907),#5873,.F.) ;
#6121=ADVANCED_FACE('',(#6120),#5913,.F.) ;
#6224=ADVANCED_FACE('',(#6223),#6126,.T.) ;
#6437=ADVANCED_FACE('',(#6436),#6229,.T.) ;
#6454=ADVANCED_FACE('',(#6453),#6442,.T.) ;
#6476=ADVANCED_FACE('',(#6475),#6459,.F.) ;
#6493=ADVANCED_FACE('',(#6492),#6481,.T.) ;
#6510=ADVANCED_FACE('',(#6509),#6498,.F.) ;
#6527=ADVANCED_FACE('',(#6526),#6515,.T.) ;
#6544=ADVANCED_FACE('',(#6543),#6532,.F.) ;
#6568=ADVANCED_FACE('',(#6567),#6549,.T.) ;
#6585=ADVANCED_FACE('',(#6584),#6573,.F.) ;
#6602=ADVANCED_FACE('',(#6601),#6590,.T.) ;
#6619=ADVANCED_FACE('',(#6618),#6607,.F.) ;
#6636=ADVANCED_FACE('',(#6635),#6624,.F.) ;
#6653=ADVANCED_FACE('',(#6652),#6641,.F.) ;
#6670=ADVANCED_FACE('',(#6669),#6658,.F.) ;
#6687=ADVANCED_FACE('',(#6686),#6675,.F.) ;
#6704=ADVANCED_FACE('',(#6703),#6692,.F.) ;
#6721=ADVANCED_FACE('',(#6720),#6709,.F.) ;
#6738=ADVANCED_FACE('',(#6737),#6726,.F.) ;
#6755=ADVANCED_FACE('',(#6754),#6743,.F.) ;
#6767=ADVANCED_FACE('',(#6766),#6760,.F.) ;
#6824=ADVANCED_FACE('',(#6823),#6772,.T.) ;
#6850=ADVANCED_FACE('',(#6849),#6829,.T.) ;
#6891=ADVANCED_FACE('',(#6890),#6855,.T.) ;
#6915=ADVANCED_FACE('',(#6914),#6896,.F.) ;
#6939=ADVANCED_FACE('',(#6938),#6920,.T.) ;
#6956=ADVANCED_FACE('',(#6955),#6944,.F.) ;
#6980=ADVANCED_FACE('',(#6979),#6961,.T.) ;
#6997=ADVANCED_FACE('',(#6996),#6985,.T.) ;
#7020=ADVANCED_FACE('',(#7019),#7002,.T.) ;
#7032=ADVANCED_FACE('',(#7031),#7025,.T.) ;
#4=APPLICATION_PROTOCOL_DEFINITION('international standard','automotive_design',2001,#1) ;
#895=B_SPLINE_CURVE_WITH_KNOTS('',5,(#896,#897,#898,#899,#900,#901,#902,#903,#904,#905,#906,#907),.UNSPECIFIED.,.F.,.U.,(6,3,3,6),(0.,0.0881334316387,0.176266863612,0.220604546907),.UNSPECIFIED.) ;
#909=B_SPLINE_CURVE_WITH_KNOTS('',5,(#910,#911,#912,#913,#914,#915,#916,#917,#918,#919,#920,#921),.UNSPECIFIED.,.F.,.U.,(6,3,3,6),(0.,0.0881334316387,0.176266864669,0.220604546666),.UNSPECIFIED.) ;
#996=B_SPLINE_CURVE_WITH_KNOTS('',5,(#997,#998,#999,#1000,#1001,#1002,#1003,#1004,#1005,#1006,#1007,#1008),.UNSPECIFIED.,.F.,.U.,(6,3,3,6),(0.,0.0881334316387,0.176266863612,0.220604546907),.UNSPECIFIED.) ;
#5923=B_SPLINE_CURVE_WITH_KNOTS('',5,(#5924,#5925,#5926,#5927,#5928,#5929,#5930,#5931,#5932,#5933,#5934,#5935),.UNSPECIFIED.,.F.,.U.,(6,3,3,6),(0.,0.0881334316387,0.176266864669,0.220604546666),.UNSPECIFIED.) ;
#5946=B_SPLINE_CURVE_WITH_KNOTS('',5,(#5947,#5948,#5949,#5950,#5951,#5952,#5953,#5954,#5955,#5956,#5957,#5958),.UNSPECIFIED.,.F.,.U.,(6,3,3,6),(0.,0.0881334316387,0.176266864669,0.220604546666),.UNSPECIFIED.) ;
#5974=B_SPLINE_CURVE_WITH_KNOTS('',5,(#5975,#5976,#5977,#5978,#5979,#5980,#5981,#5982,#5983,#5984,#5985,#5986),.UNSPECIFIED.,.F.,.U.,(6,3,3,6),(0.,0.0881334316387,0.176266864669,0.220604546666),.UNSPECIFIED.) ;
#5997=B_SPLINE_CURVE_WITH_KNOTS('',5,(#5998,#5999,#6000,#6001,#6002,#6003,#6004,#6005,#6006,#6007,#6008,#6009),.UNSPECIFIED.,.F.,.U.,(6,3,3,6),(0.,0.0881334316387,0.176266863612,0.220604546907),.UNSPECIFIED.) ;
#6027=B_SPLINE_CURVE_WITH_KNOTS('',5,(#6028,#6029,#6030,#6031,#6032,#6033,#6034,#6035,#6036,#6037,#6038,#6039),.UNSPECIFIED.,.F.,.U.,(6,3,3,6),(0.,0.0881334316387,0.176266863612,0.220604546907),.UNSPECIFIED.) ;
#6078=B_SPLINE_CURVE_WITH_KNOTS('',5,(#6079,#6080,#6081,#6082,#6083,#6084,#6085,#6086,#6087,#6088,#6089,#6090),.UNSPECIFIED.,.F.,.U.,(6,3,3,6),(0.,0.088133432881,0.176266865143,0.22060454714),.UNSPECIFIED.) ;
#6150=B_SPLINE_CURVE_WITH_KNOTS('',5,(#6151,#6152,#6153,#6154,#6155,#6156,#6157,#6158,#6159),.UNSPECIFIED.,.F.,.U.,(6,3,6),(0.,0.15635953247,0.260971254735),.UNSPECIFIED.) ;
#6170=B_SPLINE_CURVE_WITH_KNOTS('',5,(#6171,#6172,#6173,#6174,#6175,#6176,#6177,#6178,#6179),.UNSPECIFIED.,.F.,.U.,(6,3,6),(0.,0.14480861894,0.181197981562),.UNSPECIFIED.) ;
#6181=B_SPLINE_CURVE_WITH_KNOTS('',5,(#6182,#6183,#6184,#6185,#6186,#6187,#6188,#6189,#6190),.UNSPECIFIED.,.F.,.U.,(6,3,6),(0.,0.436817493996,0.545985583007),.UNSPECIFIED.) ;
#6201=B_SPLINE_CURVE_WITH_KNOTS('',5,(#6202,#6203,#6204,#6205,#6206,#6207,#6208,#6209,#6210),.UNSPECIFIED.,.F.,.U.,(6,3,6),(0.,0.47209360467,0.785928771545),.UNSPECIFIED.) ;
#6239=B_SPLINE_CURVE_WITH_KNOTS('',5,(#6240,#6241,#6242,#6243,#6244,#6245,#6246,#6247,#6248,#6249,#6250,#6251),.UNSPECIFIED.,.F.,.U.,(6,3,3,6),(0.,0.0881334316387,0.176266864669,0.220604546666),.UNSPECIFIED.) ;
#6269=B_SPLINE_CURVE_WITH_KNOTS('',5,(#6270,#6271,#6272,#6273,#6274,#6275,#6276,#6277,#6278,#6279,#6280,#6281),.UNSPECIFIED.,.F.,.U.,(6,3,3,6),(0.,0.088133432881,0.176266865143,0.22060454714),.UNSPECIFIED.) ;
#6320=B_SPLINE_CURVE_WITH_KNOTS('',5,(#6321,#6322,#6323,#6324,#6325,#6326,#6327,#6328,#6329,#6330,#6331,#6332),.UNSPECIFIED.,.F.,.U.,(6,3,3,6),(0.,0.0881334316387,0.176266863612,0.220604546907),.UNSPECIFIED.) ;
#6350=B_SPLINE_CURVE_WITH_KNOTS('',5,(#6351,#6352,#6353,#6354,#6355,#6356,#6357,#6358,#6359,#6360,#6361,#6362),.UNSPECIFIED.,.F.,.U.,(6,3,3,6),(0.,0.0881334316387,0.176266863612,0.220604546907),.UNSPECIFIED.) ;
#6373=B_SPLINE_CURVE_WITH_KNOTS('',5,(#6374,#6375,#6376,#6377,#6378,#6379,#6380,#6381,#6382,#6383,#6384,#6385),.UNSPECIFIED.,.F.,.U.,(6,3,3,6),(0.,0.0881334316387,0.176266864669,0.220604546666),.UNSPECIFIED.) ;
#6401=B_SPLINE_CURVE_WITH_KNOTS('',5,(#6402,#6403,#6404,#6405,#6406,#6407,#6408,#6409,#6410,#6411,#6412,#6413),.UNSPECIFIED.,.F.,.U.,(6,3,3,6),(0.,0.0881334316387,0.176266864669,0.220604546666),.UNSPECIFIED.) ;
#6773=B_SPLINE_CURVE_WITH_KNOTS('',5,(#6774,#6775,#6776,#6777,#6778,#6779,#6780,#6781,#6782,#6783,#6784,#6785),.UNSPECIFIED.,.F.,.U.,(6,3,3,6),(0.,0.224804137542,0.449608275355,0.550731908102),.UNSPECIFIED.) ;
#6791=B_SPLINE_CURVE_WITH_KNOTS('',5,(#6792,#6793,#6794,#6795,#6796,#6797,#6798,#6799,#6800,#6801,#6802,#6803),.UNSPECIFIED.,.F.,.U.,(6,3,3,6),(0.550731908102,0.674412414475,0.899216552279,1.10162350113),.UNSPECIFIED.) ;
#6837=B_SPLINE_CURVE_WITH_KNOTS('',4,(#6838,#6839,#6840,#6841,#6842),.UNSPECIFIED.,.F.,.U.,(5,5),(-0.196349540849,0.196349540849),.UNSPECIFIED.) ;
#6856=B_SPLINE_CURVE_WITH_KNOTS('',5,(#6857,#6858,#6859,#6860,#6861,#6862,#6863,#6864,#6865,#6866,#6867,#6868),.UNSPECIFIED.,.F.,.U.,(6,3,3,6),(0.550731908102,0.674412414475,0.899216552279,1.10162350113),.UNSPECIFIED.) ;
#29=MANIFOLD_SOLID_BREP('MANIFOLD_SOLID_BREP #4851',#38) ;
#5859=MANIFOLD_SOLID_BREP('MANIFOLD_SOLID_BREP #4852',#5868) ;
#961=CIRCLE('generated circle',#960,0.1) ;
#6553=CIRCLE('generated circle',#6552,0.6) ;
#6900=CIRCLE('generated circle',#6899,0.2) ;
#6948=CIRCLE('generated circle',#6947,0.2) ;
#6989=CIRCLE('generated circle',#6988,0.6) ;
#30=COLOUR_RGB('Colour',0.698039215686,0.117647058824,0.117647058824) ;
#5860=COLOUR_RGB('Colour',0.749019607843,0.749019607843,0.749019607843) ;
#950=CYLINDRICAL_SURFACE('generated cylinder',#949,0.1) ;
#1023=CYLINDRICAL_SURFACE('generated cylinder',#1022,0.1) ;
#6442=CYLINDRICAL_SURFACE('generated cylinder',#6441,0.1) ;
#6481=CYLINDRICAL_SURFACE('generated cylinder',#6480,0.1) ;
#6515=CYLINDRICAL_SURFACE('generated cylinder',#6514,0.1) ;
#6549=CYLINDRICAL_SURFACE('generated cylinder',#6548,0.6) ;
#6590=CYLINDRICAL_SURFACE('generated cylinder',#6589,0.1) ;
#6641=CYLINDRICAL_SURFACE('generated cylinder',#6640,0.1) ;
#6743=CYLINDRICAL_SURFACE('generated cylinder',#6742,0.1) ;
#6829=CYLINDRICAL_SURFACE('generated cylinder',#6828,0.25) ;
#6896=CYLINDRICAL_SURFACE('generated cylinder',#6895,0.2) ;
#6944=CYLINDRICAL_SURFACE('generated cylinder',#6943,0.2) ;
#6985=CYLINDRICAL_SURFACE('generated cylinder',#6984,0.6) ;
#7025=CYLINDRICAL_SURFACE('generated cylinder',#7024,0.25) ;
#52=EDGE_CURVE('',#49,#51,#47,.T.) ;
#59=EDGE_CURVE('',#49,#58,#56,.T.) ;
#66=EDGE_CURVE('',#58,#65,#63,.T.) ;
#71=EDGE_CURVE('',#51,#65,#70,.T.) ;
#90=EDGE_CURVE('',#51,#89,#87,.T.) ;
#97=EDGE_CURVE('',#89,#96,#94,.T.) ;
#104=EDGE_CURVE('',#96,#103,#101,.T.) ;
#109=EDGE_CURVE('',#103,#49,#108,.F.) ;
#129=EDGE_CURVE('',#128,#103,#126,.T.) ;
#134=EDGE_CURVE('',#58,#128,#133,.F.) ;
#155=EDGE_CURVE('',#152,#154,#150,.T.) ;
#162=EDGE_CURVE('',#154,#161,#159,.T.) ;
#169=EDGE_CURVE('',#161,#168,#166,.T.) ;
#174=EDGE_CURVE('',#168,#152,#173,.T.) ;
#189=EDGE_CURVE('',#186,#188,#184,.T.) ;
#196=EDGE_CURVE('',#195,#186,#193,.T.) ;
#203=EDGE_CURVE('',#202,#195,#200,.T.) ;
#210=EDGE_CURVE('',#202,#209,#207,.F.) ;
#217=EDGE_CURVE('',#216,#209,#214,.T.) ;
#222=EDGE_CURVE('',#216,#188,#221,.F.) ;
#239=EDGE_CURVE('',#236,#238,#234,.T.) ;
#246=EDGE_CURVE('',#236,#245,#243,.F.) ;
#253=EDGE_CURVE('',#252,#245,#250,.T.) ;
#260=EDGE_CURVE('',#252,#259,#257,.F.) ;
#267=EDGE_CURVE('',#266,#259,#264,.T.) ;
#272=EDGE_CURVE('',#238,#266,#271,.T.) ;
#289=EDGE_CURVE('',#286,#288,#284,.T.) ;
#296=EDGE_CURVE('',#295,#286,#293,.T.) ;
#303=EDGE_CURVE('',#302,#295,#300,.T.) ;
#310=EDGE_CURVE('',#302,#309,#307,.F.) ;
#317=EDGE_CURVE('',#316,#309,#314,.T.) ;
#322=EDGE_CURVE('',#316,#288,#321,.F.) ;
#339=EDGE_CURVE('',#336,#338,#334,.T.) ;
#346=EDGE_CURVE('',#336,#345,#343,.F.) ;
#353=EDGE_CURVE('',#352,#345,#350,.T.) ;
#360=EDGE_CURVE('',#352,#359,#357,.F.) ;
#367=EDGE_CURVE('',#366,#359,#364,.T.) ;
#372=EDGE_CURVE('',#338,#366,#371,.T.) ;
#389=EDGE_CURVE('',#386,#388,#384,.T.) ;
#396=EDGE_CURVE('',#395,#386,#393,.T.) ;
#403=EDGE_CURVE('',#402,#395,#400,.T.) ;
#410=EDGE_CURVE('',#402,#409,#407,.F.) ;
#417=EDGE_CURVE('',#416,#409,#414,.T.) ;
#422=EDGE_CURVE('',#416,#388,#421,.F.) ;
#439=EDGE_CURVE('',#436,#438,#434,.T.) ;
#446=EDGE_CURVE('',#436,#445,#443,.F.) ;
#453=EDGE_CURVE('',#452,#445,#450,.T.) ;
#460=EDGE_CURVE('',#452,#459,#457,.F.) ;
#467=EDGE_CURVE('',#466,#459,#464,.T.) ;
#472=EDGE_CURVE('',#438,#466,#471,.T.) ;
#489=EDGE_CURVE('',#486,#488,#484,.T.) ;
#496=EDGE_CURVE('',#495,#486,#493,.T.) ;
#503=EDGE_CURVE('',#502,#495,#500,.T.) ;
#510=EDGE_CURVE('',#502,#509,#507,.F.) ;
#517=EDGE_CURVE('',#516,#509,#514,.T.) ;
#522=EDGE_CURVE('',#516,#488,#521,.F.) ;
#539=EDGE_CURVE('',#536,#538,#534,.T.) ;
#546=EDGE_CURVE('',#536,#545,#543,.F.) ;
#553=EDGE_CURVE('',#552,#545,#550,.T.) ;
#560=EDGE_CURVE('',#552,#559,#557,.F.) ;
#567=EDGE_CURVE('',#566,#559,#564,.T.) ;
#572=EDGE_CURVE('',#538,#566,#571,.T.) ;
#589=EDGE_CURVE('',#586,#588,#584,.T.) ;
#596=EDGE_CURVE('',#595,#586,#593,.T.) ;
#603=EDGE_CURVE('',#602,#595,#600,.T.) ;
#610=EDGE_CURVE('',#602,#609,#607,.F.) ;
#617=EDGE_CURVE('',#616,#609,#614,.T.) ;
#622=EDGE_CURVE('',#616,#588,#621,.F.) ;
#639=EDGE_CURVE('',#636,#638,#634,.T.) ;
#646=EDGE_CURVE('',#636,#645,#643,.F.) ;
#653=EDGE_CURVE('',#652,#645,#650,.T.) ;
#660=EDGE_CURVE('',#652,#659,#657,.F.) ;
#667=EDGE_CURVE('',#666,#659,#664,.T.) ;
#672=EDGE_CURVE('',#638,#666,#671,.T.) ;
#689=EDGE_CURVE('',#686,#688,#684,.T.) ;
#696=EDGE_CURVE('',#695,#686,#693,.T.) ;
#703=EDGE_CURVE('',#702,#695,#700,.T.) ;
#710=EDGE_CURVE('',#702,#709,#707,.F.) ;
#717=EDGE_CURVE('',#716,#709,#714,.T.) ;
#722=EDGE_CURVE('',#716,#688,#721,.F.) ;
#737=EDGE_CURVE('',#736,#128,#734,.T.) ;
#744=EDGE_CURVE('',#736,#743,#741,.F.) ;
#751=EDGE_CURVE('',#750,#743,#748,.T.) ;
#756=EDGE_CURVE('',#65,#750,#755,.T.) ;
#779=EDGE_CURVE('',#776,#778,#774,.T.) ;
#784=EDGE_CURVE('',#89,#778,#783,.T.) ;
#791=EDGE_CURVE('',#790,#750,#788,.T.) ;
#798=EDGE_CURVE('',#797,#790,#795,.T.) ;
#803=EDGE_CURVE('',#797,#776,#802,.T.) ;
#826=EDGE_CURVE('',#778,#825,#823,.T.) ;
#831=EDGE_CURVE('',#96,#825,#830,.T.) ;
#850=EDGE_CURVE('',#825,#849,#847,.T.) ;
#857=EDGE_CURVE('',#856,#849,#854,.T.) ;
#864=EDGE_CURVE('',#863,#856,#861,.T.) ;
#869=EDGE_CURVE('',#863,#736,#868,.T.) ;
#894=EDGE_CURVE('',#891,#893,#889,.T.) ;
#908=EDGE_CURVE('',#893,#154,#895,.T.) ;
#924=EDGE_CURVE('',#152,#923,#909,.T.) ;
#931=EDGE_CURVE('',#930,#923,#928,.T.) ;
#936=EDGE_CURVE('',#891,#930,#935,.T.) ;
#957=EDGE_CURVE('',#956,#893,#954,.T.) ;
#962=EDGE_CURVE('',#161,#956,#961,.T.) ;
#981=EDGE_CURVE('',#980,#956,#978,.T.) ;
#988=EDGE_CURVE('',#987,#980,#985,.T.) ;
#995=EDGE_CURVE('',#987,#994,#992,.T.) ;
#1009=EDGE_CURVE('',#994,#168,#996,.T.) ;
#1028=EDGE_CURVE('',#923,#994,#1027,.T.) ;
#1049=EDGE_CURVE('',#1046,#1048,#1044,.T.) ;
#1054=EDGE_CURVE('',#1046,#186,#1053,.T.) ;
#1059=EDGE_CURVE('',#188,#1048,#1058,.T.) ;
#1080=EDGE_CURVE('',#1077,#1079,#1075,.T.) ;
#1087=EDGE_CURVE('',#1086,#1079,#1084,.T.) ;
#1094=EDGE_CURVE('',#1093,#1086,#1091,.T.) ;
#1099=EDGE_CURVE('',#1093,#195,#1098,.T.) ;
#1106=EDGE_CURVE('',#1105,#1046,#1103,.T.) ;
#1111=EDGE_CURVE('',#1105,#1077,#1110,.T.) ;
#1134=EDGE_CURVE('',#1133,#1093,#1131,.T.) ;
#1139=EDGE_CURVE('',#1133,#202,#1138,.T.) ;
#1158=EDGE_CURVE('',#1157,#1133,#1155,.F.) ;
#1163=EDGE_CURVE('',#209,#1157,#1162,.T.) ;
#1184=EDGE_CURVE('',#1181,#1183,#1179,.T.) ;
#1191=EDGE_CURVE('',#1190,#1183,#1188,.T.) ;
#1198=EDGE_CURVE('',#1197,#1190,#1195,.T.) ;
#1203=EDGE_CURVE('',#1197,#216,#1202,.T.) ;
#1210=EDGE_CURVE('',#1209,#1157,#1207,.T.) ;
#1215=EDGE_CURVE('',#1209,#1181,#1214,.T.) ;
#1236=EDGE_CURVE('',#1048,#1197,#1235,.F.) ;
#1257=EDGE_CURVE('',#1254,#1256,#1252,.T.) ;
#1262=EDGE_CURVE('',#1254,#236,#1261,.T.) ;
#1267=EDGE_CURVE('',#1256,#238,#1266,.T.) ;
#1286=EDGE_CURVE('',#1285,#1254,#1283,.F.) ;
#1291=EDGE_CURVE('',#245,#1285,#1290,.T.) ;
#1312=EDGE_CURVE('',#1309,#1311,#1307,.T.) ;
#1319=EDGE_CURVE('',#1318,#1311,#1316,.T.) ;
#1326=EDGE_CURVE('',#1325,#1318,#1323,.T.) ;
#1331=EDGE_CURVE('',#1325,#252,#1330,.T.) ;
#1338=EDGE_CURVE('',#1337,#1285,#1335,.T.) ;
#1343=EDGE_CURVE('',#1337,#1309,#1342,.T.) ;
#1366=EDGE_CURVE('',#1365,#1325,#1363,.F.) ;
#1371=EDGE_CURVE('',#259,#1365,#1370,.T.) ;
#1390=EDGE_CURVE('',#1389,#1365,#1387,.T.) ;
#1395=EDGE_CURVE('',#1389,#266,#1394,.T.) ;
#1416=EDGE_CURVE('',#1413,#1415,#1411,.T.) ;
#1423=EDGE_CURVE('',#1422,#1415,#1420,.T.) ;
#1428=EDGE_CURVE('',#1256,#1422,#1427,.T.) ;
#1435=EDGE_CURVE('',#1434,#1389,#1432,.T.) ;
#1440=EDGE_CURVE('',#1434,#1413,#1439,.T.) ;
#1465=EDGE_CURVE('',#1462,#1464,#1460,.T.) ;
#1470=EDGE_CURVE('',#1462,#286,#1469,.T.) ;
#1475=EDGE_CURVE('',#288,#1464,#1474,.T.) ;
#1496=EDGE_CURVE('',#1493,#1495,#1491,.T.) ;
#1503=EDGE_CURVE('',#1502,#1495,#1500,.T.) ;
#1510=EDGE_CURVE('',#1509,#1502,#1507,.T.) ;
#1515=EDGE_CURVE('',#1509,#295,#1514,.T.) ;
#1522=EDGE_CURVE('',#1521,#1462,#1519,.T.) ;
#1527=EDGE_CURVE('',#1521,#1493,#1526,.T.) ;
#1550=EDGE_CURVE('',#1549,#1509,#1547,.T.) ;
#1555=EDGE_CURVE('',#1549,#302,#1554,.T.) ;
#1574=EDGE_CURVE('',#1573,#1549,#1571,.F.) ;
#1579=EDGE_CURVE('',#309,#1573,#1578,.T.) ;
#1600=EDGE_CURVE('',#1597,#1599,#1595,.T.) ;
#1607=EDGE_CURVE('',#1606,#1599,#1604,.T.) ;
#1614=EDGE_CURVE('',#1613,#1606,#1611,.T.) ;
#1619=EDGE_CURVE('',#1613,#316,#1618,.T.) ;
#1626=EDGE_CURVE('',#1625,#1573,#1623,.T.) ;
#1631=EDGE_CURVE('',#1625,#1597,#1630,.T.) ;
#1652=EDGE_CURVE('',#1464,#1613,#1651,.F.) ;
#1673=EDGE_CURVE('',#1670,#1672,#1668,.T.) ;
#1678=EDGE_CURVE('',#1670,#336,#1677,.T.) ;
#1683=EDGE_CURVE('',#1672,#338,#1682,.T.) ;
#1702=EDGE_CURVE('',#1701,#1670,#1699,.F.) ;
#1707=EDGE_CURVE('',#345,#1701,#1706,.T.) ;
#1728=EDGE_CURVE('',#1725,#1727,#1723,.T.) ;
#1735=EDGE_CURVE('',#1734,#1727,#1732,.T.) ;
#1742=EDGE_CURVE('',#1741,#1734,#1739,.T.) ;
#1747=EDGE_CURVE('',#1741,#352,#1746,.T.) ;
#1754=EDGE_CURVE('',#1753,#1701,#1751,.T.) ;
#1759=EDGE_CURVE('',#1753,#1725,#1758,.T.) ;
#1782=EDGE_CURVE('',#1781,#1741,#1779,.F.) ;
#1787=EDGE_CURVE('',#359,#1781,#1786,.T.) ;
#1806=EDGE_CURVE('',#1805,#1781,#1803,.T.) ;
#1811=EDGE_CURVE('',#1805,#366,#1810,.T.) ;
#1832=EDGE_CURVE('',#1829,#1831,#1827,.T.) ;
#1839=EDGE_CURVE('',#1838,#1831,#1836,.T.) ;
#1844=EDGE_CURVE('',#1672,#1838,#1843,.T.) ;
#1851=EDGE_CURVE('',#1850,#1805,#1848,.T.) ;
#1856=EDGE_CURVE('',#1850,#1829,#1855,.T.) ;
#1881=EDGE_CURVE('',#1878,#1880,#1876,.T.) ;
#1886=EDGE_CURVE('',#1878,#386,#1885,.T.) ;
#1891=EDGE_CURVE('',#388,#1880,#1890,.T.) ;
#1912=EDGE_CURVE('',#1909,#1911,#1907,.T.) ;
#1919=EDGE_CURVE('',#1918,#1911,#1916,.T.) ;
#1926=EDGE_CURVE('',#1925,#1918,#1923,.T.) ;
#1931=EDGE_CURVE('',#1925,#395,#1930,.T.) ;
#1938=EDGE_CURVE('',#1937,#1878,#1935,.T.) ;
#1943=EDGE_CURVE('',#1937,#1909,#1942,.T.) ;
#1966=EDGE_CURVE('',#1965,#1925,#1963,.T.) ;
#1971=EDGE_CURVE('',#1965,#402,#1970,.T.) ;
#1990=EDGE_CURVE('',#1989,#1965,#1987,.F.) ;
#1995=EDGE_CURVE('',#409,#1989,#1994,.T.) ;
#2016=EDGE_CURVE('',#2013,#2015,#2011,.T.) ;
#2023=EDGE_CURVE('',#2022,#2015,#2020,.T.) ;
#2030=EDGE_CURVE('',#2029,#2022,#2027,.T.) ;
#2035=EDGE_CURVE('',#2029,#416,#2034,.T.) ;
#2042=EDGE_CURVE('',#2041,#1989,#2039,.T.) ;
#2047=EDGE_CURVE('',#2041,#2013,#2046,.T.) ;
#2068=EDGE_CURVE('',#1880,#2029,#2067,.F.) ;
#2089=EDGE_CURVE('',#2086,#2088,#2084,.T.) ;
#2094=EDGE_CURVE('',#2086,#436,#2093,.T.) ;
#2099=EDGE_CURVE('',#2088,#438,#2098,.T.) ;
#2118=EDGE_CURVE('',#2117,#2086,#2115,.F.) ;
#2123=EDGE_CURVE('',#445,#2117,#2122,.T.) ;
#2144=EDGE_CURVE('',#2141,#2143,#2139,.T.) ;
#2151=EDGE_CURVE('',#2150,#2143,#2148,.T.) ;
#2158=EDGE_CURVE('',#2157,#2150,#2155,.T.) ;
#2163=EDGE_CURVE('',#2157,#452,#2162,.T.) ;
#2170=EDGE_CURVE('',#2169,#2117,#2167,.T.) ;
#2175=EDGE_CURVE('',#2169,#2141,#2174,.T.) ;
#2198=EDGE_CURVE('',#2197,#2157,#2195,.F.) ;
#2203=EDGE_CURVE('',#459,#2197,#2202,.T.) ;
#2222=EDGE_CURVE('',#2221,#2197,#2219,.T.) ;
#2227=EDGE_CURVE('',#2221,#466,#2226,.T.) ;
#2248=EDGE_CURVE('',#2245,#2247,#2243,.T.) ;
#2255=EDGE_CURVE('',#2254,#2247,#2252,.T.) ;
#2260=EDGE_CURVE('',#2088,#2254,#2259,.T.) ;
#2267=EDGE_CURVE('',#2266,#2221,#2264,.T.) ;
#2272=EDGE_CURVE('',#2266,#2245,#2271,.T.) ;
#2297=EDGE_CURVE('',#2294,#2296,#2292,.T.) ;
#2302=EDGE_CURVE('',#2294,#486,#2301,.T.) ;
#2307=EDGE_CURVE('',#488,#2296,#2306,.T.) ;
#2328=EDGE_CURVE('',#2325,#2327,#2323,.T.) ;
#2335=EDGE_CURVE('',#2334,#2327,#2332,.T.) ;
#2342=EDGE_CURVE('',#2341,#2334,#2339,.T.) ;
#2347=EDGE_CURVE('',#2341,#495,#2346,.T.) ;
#2354=EDGE_CURVE('',#2353,#2294,#2351,.T.) ;
#2359=EDGE_CURVE('',#2353,#2325,#2358,.T.) ;
#2382=EDGE_CURVE('',#2381,#2341,#2379,.T.) ;
#2387=EDGE_CURVE('',#2381,#502,#2386,.T.) ;
#2406=EDGE_CURVE('',#2405,#2381,#2403,.F.) ;
#2411=EDGE_CURVE('',#509,#2405,#2410,.T.) ;
#2432=EDGE_CURVE('',#2429,#2431,#2427,.T.) ;
#2439=EDGE_CURVE('',#2438,#2431,#2436,.T.) ;
#2446=EDGE_CURVE('',#2445,#2438,#2443,.T.) ;
#2451=EDGE_CURVE('',#2445,#516,#2450,.T.) ;
#2458=EDGE_CURVE('',#2457,#2405,#2455,.T.) ;
#2463=EDGE_CURVE('',#2457,#2429,#2462,.T.) ;
#2484=EDGE_CURVE('',#2296,#2445,#2483,.F.) ;
#2505=EDGE_CURVE('',#2502,#2504,#2500,.T.) ;
#2510=EDGE_CURVE('',#2502,#536,#2509,.T.) ;
#2515=EDGE_CURVE('',#2504,#538,#2514,.T.) ;
#2534=EDGE_CURVE('',#2533,#2502,#2531,.F.) ;
#2539=EDGE_CURVE('',#545,#2533,#2538,.T.) ;
#2560=EDGE_CURVE('',#2557,#2559,#2555,.T.) ;
#2567=EDGE_CURVE('',#2566,#2559,#2564,.T.) ;
#2574=EDGE_CURVE('',#2573,#2566,#2571,.T.) ;
#2579=EDGE_CURVE('',#2573,#552,#2578,.T.) ;
#2586=EDGE_CURVE('',#2585,#2533,#2583,.T.) ;
#2591=EDGE_CURVE('',#2585,#2557,#2590,.T.) ;
#2614=EDGE_CURVE('',#2613,#2573,#2611,.F.) ;
#2619=EDGE_CURVE('',#559,#2613,#2618,.T.) ;
#2638=EDGE_CURVE('',#2637,#2613,#2635,.T.) ;
#2643=EDGE_CURVE('',#2637,#566,#2642,.T.) ;
#2664=EDGE_CURVE('',#2661,#2663,#2659,.T.) ;
#2671=EDGE_CURVE('',#2670,#2663,#2668,.T.) ;
#2676=EDGE_CURVE('',#2504,#2670,#2675,.T.) ;
#2683=EDGE_CURVE('',#2682,#2637,#2680,.T.) ;
#2688=EDGE_CURVE('',#2682,#2661,#2687,.T.) ;
#2713=EDGE_CURVE('',#2710,#2712,#2708,.T.) ;
#2718=EDGE_CURVE('',#2710,#586,#2717,.T.) ;
#2723=EDGE_CURVE('',#588,#2712,#2722,.T.) ;
#2744=EDGE_CURVE('',#2741,#2743,#2739,.T.) ;
#2751=EDGE_CURVE('',#2750,#2743,#2748,.T.) ;
#2758=EDGE_CURVE('',#2757,#2750,#2755,.T.) ;
#2763=EDGE_CURVE('',#2757,#595,#2762,.T.) ;
#2770=EDGE_CURVE('',#2769,#2710,#2767,.T.) ;
#2775=EDGE_CURVE('',#2769,#2741,#2774,.T.) ;
#2798=EDGE_CURVE('',#2797,#2757,#2795,.T.) ;
#2803=EDGE_CURVE('',#2797,#602,#2802,.T.) ;
#2822=EDGE_CURVE('',#2821,#2797,#2819,.F.) ;
#2827=EDGE_CURVE('',#609,#2821,#2826,.T.) ;
#2848=EDGE_CURVE('',#2845,#2847,#2843,.T.) ;
#2855=EDGE_CURVE('',#2854,#2847,#2852,.T.) ;
#2862=EDGE_CURVE('',#2861,#2854,#2859,.T.) ;
#2867=EDGE_CURVE('',#2861,#616,#2866,.T.) ;
#2874=EDGE_CURVE('',#2873,#2821,#2871,.T.) ;
#2879=EDGE_CURVE('',#2873,#2845,#2878,.T.) ;
#2900=EDGE_CURVE('',#2712,#2861,#2899,.F.) ;
#2921=EDGE_CURVE('',#2918,#2920,#2916,.T.) ;
#2926=EDGE_CURVE('',#2918,#636,#2925,.T.) ;
#2931=EDGE_CURVE('',#2920,#638,#2930,.T.) ;
#2950=EDGE_CURVE('',#2949,#2918,#2947,.F.) ;
#2955=EDGE_CURVE('',#645,#2949,#2954,.T.) ;
#2976=EDGE_CURVE('',#2973,#2975,#2971,.T.) ;
#2983=EDGE_CURVE('',#2982,#2975,#2980,.T.) ;
#2990=EDGE_CURVE('',#2989,#2982,#2987,.T.) ;
#2995=EDGE_CURVE('',#2989,#652,#2994,.T.) ;
#3002=EDGE_CURVE('',#3001,#2949,#2999,.T.) ;
#3007=EDGE_CURVE('',#3001,#2973,#3006,.T.) ;
#3030=EDGE_CURVE('',#3029,#2989,#3027,.F.) ;
#3035=EDGE_CURVE('',#659,#3029,#3034,.T.) ;
#3054=EDGE_CURVE('',#3053,#3029,#3051,.T.) ;
#3059=EDGE_CURVE('',#3053,#666,#3058,.T.) ;
#3080=EDGE_CURVE('',#3077,#3079,#3075,.T.) ;
#3087=EDGE_CURVE('',#3086,#3079,#3084,.T.) ;
#3092=EDGE_CURVE('',#2920,#3086,#3091,.T.) ;
#3099=EDGE_CURVE('',#3098,#3053,#3096,.T.) ;
#3104=EDGE_CURVE('',#3098,#3077,#3103,.T.) ;
#3129=EDGE_CURVE('',#3126,#3128,#3124,.T.) ;
#3134=EDGE_CURVE('',#3126,#686,#3133,.T.) ;
#3139=EDGE_CURVE('',#688,#3128,#3138,.T.) ;
#3160=EDGE_CURVE('',#3157,#3159,#3155,.T.) ;
#3167=EDGE_CURVE('',#3166,#3159,#3164,.T.) ;
#3174=EDGE_CURVE('',#3173,#3166,#3171,.T.) ;
#3179=EDGE_CURVE('',#3173,#695,#3178,.T.) ;
#3186=EDGE_CURVE('',#3185,#3126,#3183,.T.) ;
#3191=EDGE_CURVE('',#3185,#3157,#3190,.T.) ;
#3214=EDGE_CURVE('',#3213,#3173,#3211,.T.) ;
#3219=EDGE_CURVE('',#3213,#702,#3218,.T.) ;
#3238=EDGE_CURVE('',#3237,#3213,#3235,.F.) ;
#3243=EDGE_CURVE('',#709,#3237,#3242,.T.) ;
#3264=EDGE_CURVE('',#3261,#3263,#3259,.T.) ;
#3271=EDGE_CURVE('',#3270,#3263,#3268,.T.) ;
#3278=EDGE_CURVE('',#3277,#3270,#3275,.T.) ;
#3283=EDGE_CURVE('',#3277,#716,#3282,.T.) ;
#3290=EDGE_CURVE('',#3289,#3237,#3287,.T.) ;
#3295=EDGE_CURVE('',#3289,#3261,#3294,.T.) ;
#3316=EDGE_CURVE('',#3128,#3277,#3315,.F.) ;
#3335=EDGE_CURVE('',#3334,#863,#3332,.F.) ;
#3340=EDGE_CURVE('',#743,#3334,#3339,.T.) ;
#3357=EDGE_CURVE('',#790,#3334,#3356,.T.) ;
#3378=EDGE_CURVE('',#3375,#3377,#3373,.T.) ;
#3385=EDGE_CURVE('',#3375,#3384,#3382,.T.) ;
#3392=EDGE_CURVE('',#3391,#3384,#3389,.T.) ;
#3399=EDGE_CURVE('',#3398,#3391,#3396,.T.) ;
#3406=EDGE_CURVE('',#3398,#3405,#3403,.T.) ;
#3413=EDGE_CURVE('',#3405,#3412,#3410,.T.) ;
#3420=EDGE_CURVE('',#3412,#3419,#3417,.T.) ;
#3427=EDGE_CURVE('',#3426,#3419,#3424,.T.) ;
#3434=EDGE_CURVE('',#3433,#3426,#3431,.T.) ;
#3441=EDGE_CURVE('',#3433,#3440,#3438,.T.) ;
#3448=EDGE_CURVE('',#3440,#3447,#3445,.T.) ;
#3453=EDGE_CURVE('',#3377,#3447,#3452,.T.) ;
#3472=EDGE_CURVE('',#1079,#1181,#3471,.T.) ;
#3477=EDGE_CURVE('',#1183,#1077,#3476,.T.) ;
#3488=EDGE_CURVE('',#1311,#1413,#3487,.T.) ;
#3493=EDGE_CURVE('',#1415,#1309,#3492,.T.) ;
#3504=EDGE_CURVE('',#1495,#1597,#3503,.T.) ;
#3509=EDGE_CURVE('',#1599,#1493,#3508,.T.) ;
#3520=EDGE_CURVE('',#1727,#1829,#3519,.T.) ;
#3525=EDGE_CURVE('',#1831,#1725,#3524,.T.) ;
#3536=EDGE_CURVE('',#1911,#2013,#3535,.T.) ;
#3541=EDGE_CURVE('',#2015,#1909,#3540,.T.) ;
#3552=EDGE_CURVE('',#2143,#2245,#3551,.T.) ;
#3557=EDGE_CURVE('',#2247,#2141,#3556,.T.) ;
#3568=EDGE_CURVE('',#2327,#2429,#3567,.T.) ;
#3573=EDGE_CURVE('',#2431,#2325,#3572,.T.) ;
#3584=EDGE_CURVE('',#2559,#2661,#3583,.T.) ;
#3589=EDGE_CURVE('',#2663,#2557,#3588,.T.) ;
#3600=EDGE_CURVE('',#2743,#2845,#3599,.T.) ;
#3605=EDGE_CURVE('',#2847,#2741,#3604,.T.) ;
#3616=EDGE_CURVE('',#2975,#3077,#3615,.T.) ;
#3621=EDGE_CURVE('',#3079,#2973,#3620,.T.) ;
#3632=EDGE_CURVE('',#3159,#3261,#3631,.T.) ;
#3637=EDGE_CURVE('',#3263,#3157,#3636,.T.) ;
#3648=EDGE_CURVE('',#849,#776,#3647,.T.) ;
#3665=EDGE_CURVE('',#856,#797,#3664,.T.) ;
#3695=EDGE_CURVE('',#980,#891,#3694,.T.) ;
#3712=EDGE_CURVE('',#930,#987,#3711,.T.) ;
#3733=EDGE_CURVE('',#3730,#3732,#3728,.T.) ;
#3740=EDGE_CURVE('',#3732,#3739,#3737,.T.) ;
#3747=EDGE_CURVE('',#3739,#3746,#3744,.T.) ;
#3752=EDGE_CURVE('',#3746,#3730,#3751,.T.) ;
#3775=EDGE_CURVE('',#1190,#1105,#3774,.T.) ;
#3793=EDGE_CURVE('',#1086,#1209,#3792,.T.) ;
#3835=EDGE_CURVE('',#1422,#1337,#3834,.T.) ;
#3853=EDGE_CURVE('',#1318,#1434,#3852,.T.) ;
#3895=EDGE_CURVE('',#1606,#1521,#3894,.T.) ;
#3913=EDGE_CURVE('',#1502,#1625,#3912,.T.) ;
#3955=EDGE_CURVE('',#1838,#1753,#3954,.T.) ;
#3973=EDGE_CURVE('',#1734,#1850,#3972,.T.) ;
#4015=EDGE_CURVE('',#2022,#1937,#4014,.T.) ;
#4033=EDGE_CURVE('',#1918,#2041,#4032,.T.) ;
#4075=EDGE_CURVE('',#2254,#2169,#4074,.T.) ;
#4093=EDGE_CURVE('',#2150,#2266,#4092,.T.) ;
#4135=EDGE_CURVE('',#2438,#2353,#4134,.T.) ;
#4153=EDGE_CURVE('',#2334,#2457,#4152,.T.) ;
#4195=EDGE_CURVE('',#2670,#2585,#4194,.T.) ;
#4213=EDGE_CURVE('',#2566,#2682,#4212,.T.) ;
#4255=EDGE_CURVE('',#2854,#2769,#4254,.T.) ;
#4273=EDGE_CURVE('',#2750,#2873,#4272,.T.) ;
#4315=EDGE_CURVE('',#3086,#3001,#4314,.T.) ;
#4333=EDGE_CURVE('',#2982,#3098,#4332,.T.) ;
#4375=EDGE_CURVE('',#3270,#3185,#4374,.T.) ;
#4393=EDGE_CURVE('',#3166,#3289,#4392,.T.) ;
#4437=EDGE_CURVE('',#3377,#4436,#4434,.T.) ;
#4444=EDGE_CURVE('',#4443,#4436,#4441,.T.) ;
#4451=EDGE_CURVE('',#4443,#4450,#4448,.F.) ;
#4458=EDGE_CURVE('',#4457,#4450,#4455,.T.) ;
#4465=EDGE_CURVE('',#4457,#4464,#4462,.T.) ;
#4472=EDGE_CURVE('',#4464,#4471,#4469,.T.) ;
#4479=EDGE_CURVE('',#4478,#4471,#4476,.F.) ;
#4486=EDGE_CURVE('',#4478,#4485,#4483,.T.) ;
#4491=EDGE_CURVE('',#3375,#4485,#4490,.T.) ;
#4516=EDGE_CURVE('',#4485,#4515,#4513,.T.) ;
#4521=EDGE_CURVE('',#3384,#4515,#4520,.T.) ;
#4540=EDGE_CURVE('',#4539,#4515,#4537,.T.) ;
#4547=EDGE_CURVE('',#4539,#4546,#4544,.T.) ;
#4554=EDGE_CURVE('',#4546,#4553,#4551,.T.) ;
#4561=EDGE_CURVE('',#4553,#4560,#4558,.T.) ;
#4566=EDGE_CURVE('',#4560,#3391,#4565,.T.) ;
#4590=EDGE_CURVE('',#4587,#4589,#4585,.T.) ;
#4597=EDGE_CURVE('',#4589,#4596,#4594,.T.) ;
#4602=EDGE_CURVE('',#3398,#4596,#4601,.T.) ;
#4609=EDGE_CURVE('',#4608,#4560,#4606,.T.) ;
#4616=EDGE_CURVE('',#4608,#4615,#4613,.T.) ;
#4621=EDGE_CURVE('',#4615,#4471,#4620,.T.) ;
#4626=EDGE_CURVE('',#3732,#4464,#4625,.T.) ;
#4633=EDGE_CURVE('',#3730,#4632,#4630,.T.) ;
#4640=EDGE_CURVE('',#4632,#4639,#4637,.T.) ;
#4645=EDGE_CURVE('',#4639,#4587,#4644,.T.) ;
#4670=EDGE_CURVE('',#4667,#4669,#4665,.T.) ;
#4677=EDGE_CURVE('',#4669,#4676,#4674,.T.) ;
#4684=EDGE_CURVE('',#4683,#4676,#4681,.T.) ;
#4689=EDGE_CURVE('',#4667,#4683,#4688,.T.) ;
#4708=EDGE_CURVE('',#4596,#4707,#4705,.T.) ;
#4715=EDGE_CURVE('',#4707,#4714,#4712,.T.) ;
#4722=EDGE_CURVE('',#4714,#4721,#4719,.T.) ;
#4729=EDGE_CURVE('',#4721,#4728,#4726,.T.) ;
#4734=EDGE_CURVE('',#4728,#3405,#4733,.T.) ;
#4756=EDGE_CURVE('',#3412,#4755,#4753,.T.) ;
#4761=EDGE_CURVE('',#4728,#4755,#4760,.T.) ;
#4780=EDGE_CURVE('',#4779,#4755,#4777,.T.) ;
#4785=EDGE_CURVE('',#4779,#4639,#4784,.F.) ;
#4792=EDGE_CURVE('',#4791,#4632,#4789,.T.) ;
#4799=EDGE_CURVE('',#4791,#4798,#4796,.T.) ;
#4806=EDGE_CURVE('',#4805,#4798,#4803,.F.) ;
#4813=EDGE_CURVE('',#4805,#4812,#4810,.T.) ;
#4818=EDGE_CURVE('',#3419,#4812,#4817,.T.) ;
#4843=EDGE_CURVE('',#4812,#4842,#4840,.T.) ;
#4848=EDGE_CURVE('',#4842,#3426,#4847,.T.) ;
#4867=EDGE_CURVE('',#4866,#4842,#4864,.T.) ;
#4874=EDGE_CURVE('',#4873,#4866,#4871,.T.) ;
#4881=EDGE_CURVE('',#4880,#4873,#4878,.T.) ;
#4888=EDGE_CURVE('',#4887,#4880,#4885,.T.) ;
#4893=EDGE_CURVE('',#3433,#4887,#4892,.T.) ;
#4915=EDGE_CURVE('',#4914,#4887,#4912,.T.) ;
#4922=EDGE_CURVE('',#4921,#4914,#4919,.T.) ;
#4927=EDGE_CURVE('',#4921,#4798,#4926,.T.) ;
#4932=EDGE_CURVE('',#3746,#4791,#4931,.T.) ;
#4937=EDGE_CURVE('',#3739,#4457,#4936,.T.) ;
#4944=EDGE_CURVE('',#4450,#4943,#4941,.T.) ;
#4951=EDGE_CURVE('',#4950,#4943,#4948,.T.) ;
#4958=EDGE_CURVE('',#4950,#4957,#4955,.T.) ;
#4963=EDGE_CURVE('',#4957,#3440,#4962,.T.) ;
#4988=EDGE_CURVE('',#4985,#4987,#4983,.T.) ;
#4995=EDGE_CURVE('',#4985,#4994,#4992,.T.) ;
#5002=EDGE_CURVE('',#4994,#5001,#4999,.T.) ;
#5007=EDGE_CURVE('',#4987,#5001,#5006,.T.) ;
#5026=EDGE_CURVE('',#5025,#4957,#5023,.T.) ;
#5033=EDGE_CURVE('',#5032,#5025,#5030,.T.) ;
#5040=EDGE_CURVE('',#5039,#5032,#5037,.T.) ;
#5047=EDGE_CURVE('',#5039,#5046,#5044,.T.) ;
#5052=EDGE_CURVE('',#3447,#5046,#5051,.T.) ;
#5072=EDGE_CURVE('',#5046,#4436,#5071,.T.) ;
#5115=EDGE_CURVE('',#5114,#5039,#5112,.T.) ;
#5122=EDGE_CURVE('',#5121,#5114,#5119,.T.) ;
#5127=EDGE_CURVE('',#5121,#4443,#5126,.T.) ;
#5146=EDGE_CURVE('',#4943,#5121,#5145,.T.) ;
#5165=EDGE_CURVE('',#4615,#5164,#5162,.T.) ;
#5170=EDGE_CURVE('',#4478,#5164,#5169,.T.) ;
#5189=EDGE_CURVE('',#5164,#5188,#5186,.T.) ;
#5194=EDGE_CURVE('',#5188,#4539,#5193,.T.) ;
#5215=EDGE_CURVE('',#5188,#5214,#5212,.T.) ;
#5220=EDGE_CURVE('',#5214,#4546,#5219,.T.) ;
#5239=EDGE_CURVE('',#5214,#5238,#5236,.T.) ;
#5244=EDGE_CURVE('',#5238,#4553,#5243,.T.) ;
#5261=EDGE_CURVE('',#5238,#4608,#5260,.T.) ;
#5282=EDGE_CURVE('',#5279,#5281,#5277,.T.) ;
#5289=EDGE_CURVE('',#5288,#5279,#5286,.T.) ;
#5296=EDGE_CURVE('',#5295,#5288,#5293,.T.) ;
#5301=EDGE_CURVE('',#4589,#5295,#5300,.T.) ;
#5306=EDGE_CURVE('',#5281,#4587,#5305,.T.) ;
#5325=EDGE_CURVE('',#5295,#4707,#5324,.T.) ;
#5356=EDGE_CURVE('',#5281,#4779,#5355,.T.) ;
#5375=EDGE_CURVE('',#5374,#4667,#5372,.T.) ;
#5382=EDGE_CURVE('',#5381,#5374,#5379,.T.) ;
#5387=EDGE_CURVE('',#4669,#5381,#5386,.T.) ;
#5406=EDGE_CURVE('',#5381,#5405,#5403,.T.) ;
#5411=EDGE_CURVE('',#4676,#5405,#5410,.T.) ;
#5430=EDGE_CURVE('',#5405,#5429,#5427,.T.) ;
#5435=EDGE_CURVE('',#5429,#4683,#5434,.T.) ;
#5452=EDGE_CURVE('',#5374,#5429,#5451,.T.) ;
#5469=EDGE_CURVE('',#5288,#4714,#5468,.T.) ;
#5486=EDGE_CURVE('',#5279,#4721,#5485,.T.) ;
#5519=EDGE_CURVE('',#5518,#4921,#5516,.T.) ;
#5524=EDGE_CURVE('',#4805,#5518,#5523,.T.) ;
#5543=EDGE_CURVE('',#5542,#5518,#5540,.T.) ;
#5548=EDGE_CURVE('',#5542,#4866,#5547,.T.) ;
#5569=EDGE_CURVE('',#5568,#5542,#5566,.T.) ;
#5574=EDGE_CURVE('',#5568,#4873,#5573,.T.) ;
#5593=EDGE_CURVE('',#5592,#5568,#5590,.T.) ;
#5598=EDGE_CURVE('',#5592,#4880,#5597,.T.) ;
#5615=EDGE_CURVE('',#4914,#5592,#5614,.T.) ;
#5648=EDGE_CURVE('',#5114,#5647,#5645,.T.) ;
#5655=EDGE_CURVE('',#5647,#5654,#5652,.T.) ;
#5660=EDGE_CURVE('',#5654,#4950,#5659,.T.) ;
#5679=EDGE_CURVE('',#5654,#5025,#5678,.T.) ;
#5698=EDGE_CURVE('',#4985,#5697,#5695,.T.) ;
#5705=EDGE_CURVE('',#4987,#5704,#5702,.T.) ;
#5710=EDGE_CURVE('',#5697,#5704,#5709,.T.) ;
#5729=EDGE_CURVE('',#5697,#5728,#5726,.T.) ;
#5734=EDGE_CURVE('',#5728,#4994,#5733,.T.) ;
#5753=EDGE_CURVE('',#5728,#5752,#5750,.T.) ;
#5758=EDGE_CURVE('',#5752,#5001,#5757,.T.) ;
#5775=EDGE_CURVE('',#5704,#5752,#5774,.T.) ;
#5792=EDGE_CURVE('',#5647,#5032,#5791,.T.) ;
#5882=EDGE_CURVE('',#5879,#5881,#5877,.T.) ;
#5889=EDGE_CURVE('',#5881,#5888,#5886,.F.) ;
#5896=EDGE_CURVE('',#5895,#5888,#5893,.T.) ;
#5901=EDGE_CURVE('',#5895,#5879,#5900,.T.) ;
#5922=EDGE_CURVE('',#5919,#5921,#5917,.T.) ;
#5938=EDGE_CURVE('',#5919,#5937,#5923,.F.) ;
#5945=EDGE_CURVE('',#5944,#5937,#5942,.T.) ;
#5961=EDGE_CURVE('',#5944,#5960,#5946,.F.) ;
#5968=EDGE_CURVE('',#5967,#5960,#5965,.T.) ;
#5973=EDGE_CURVE('',#5967,#5881,#5972,.F.) ;
#5989=EDGE_CURVE('',#5879,#5988,#5974,.F.) ;
#5996=EDGE_CURVE('',#5995,#5988,#5993,.T.) ;
#6012=EDGE_CURVE('',#5995,#6011,#5997,.F.) ;
#6019=EDGE_CURVE('',#6018,#6011,#6016,.T.) ;
#6026=EDGE_CURVE('',#6025,#6018,#6023,.T.) ;
#6042=EDGE_CURVE('',#6025,#6041,#6027,.T.) ;
#6049=EDGE_CURVE('',#6048,#6041,#6046,.T.) ;
#6056=EDGE_CURVE('',#6048,#6055,#6053,.F.) ;
#6063=EDGE_CURVE('',#6062,#6055,#6060,.T.) ;
#6070=EDGE_CURVE('',#6062,#6069,#6067,.F.) ;
#6077=EDGE_CURVE('',#6076,#6069,#6074,.T.) ;
#6093=EDGE_CURVE('',#6076,#6092,#6078,.T.) ;
#6098=EDGE_CURVE('',#5921,#6092,#6097,.T.) ;
#6135=EDGE_CURVE('',#6132,#6134,#6130,.T.) ;
#6142=EDGE_CURVE('',#6132,#6141,#6139,.T.) ;
#6149=EDGE_CURVE('',#6141,#6148,#6146,.T.) ;
#6162=EDGE_CURVE('',#6148,#6161,#6150,.T.) ;
#6169=EDGE_CURVE('',#6161,#6168,#6166,.T.) ;
#6180=EDGE_CURVE('',#6168,#5888,#6170,.T.) ;
#6193=EDGE_CURVE('',#6192,#5881,#6181,.T.) ;
#6200=EDGE_CURVE('',#6199,#6192,#6197,.T.) ;
#6211=EDGE_CURVE('',#6134,#6199,#6201,.T.) ;
#6238=EDGE_CURVE('',#6235,#6237,#6233,.T.) ;
#6254=EDGE_CURVE('',#6237,#6253,#6239,.T.) ;
#6261=EDGE_CURVE('',#6253,#6260,#6258,.T.) ;
#6268=EDGE_CURVE('',#6260,#6267,#6265,.T.) ;
#6284=EDGE_CURVE('',#6267,#6283,#6269,.F.) ;
#6291=EDGE_CURVE('',#6283,#6290,#6288,.T.) ;
#6298=EDGE_CURVE('',#6290,#6297,#6295,.F.) ;
#6305=EDGE_CURVE('',#6297,#6304,#6302,.T.) ;
#6312=EDGE_CURVE('',#6304,#6311,#6309,.F.) ;
#6319=EDGE_CURVE('',#6311,#6318,#6316,.T.) ;
#6335=EDGE_CURVE('',#6318,#6334,#6320,.F.) ;
#6342=EDGE_CURVE('',#6334,#6341,#6339,.T.) ;
#6349=EDGE_CURVE('',#6341,#6348,#6346,.T.) ;
#6365=EDGE_CURVE('',#6348,#6364,#6350,.T.) ;
#6372=EDGE_CURVE('',#6364,#6371,#6369,.T.) ;
#6386=EDGE_CURVE('',#6371,#5895,#6373,.T.) ;
#6393=EDGE_CURVE('',#5888,#6392,#6390,.F.) ;
#6400=EDGE_CURVE('',#6392,#6399,#6397,.T.) ;
#6414=EDGE_CURVE('',#6399,#6235,#6401,.T.) ;
#6447=EDGE_CURVE('',#5988,#6371,#6446,.F.) ;
#6464=EDGE_CURVE('',#6253,#5919,#6463,.T.) ;
#6469=EDGE_CURVE('',#6260,#5921,#6468,.T.) ;
#6486=EDGE_CURVE('',#5937,#6237,#6485,.F.) ;
#6503=EDGE_CURVE('',#6235,#5944,#6502,.T.) ;
#6520=EDGE_CURVE('',#5960,#6399,#6519,.F.) ;
#6537=EDGE_CURVE('',#6392,#5967,#6536,.F.) ;
#6556=EDGE_CURVE('',#6555,#5967,#6553,.T.) ;
#6561=EDGE_CURVE('',#6555,#6192,#6560,.F.) ;
#6578=EDGE_CURVE('',#6364,#5995,#6577,.T.) ;
#6595=EDGE_CURVE('',#6011,#6348,#6594,.F.) ;
#6612=EDGE_CURVE('',#6341,#6018,#6611,.T.) ;
#6629=EDGE_CURVE('',#6334,#6025,#6628,.T.) ;
#6646=EDGE_CURVE('',#6041,#6318,#6645,.T.) ;
#6663=EDGE_CURVE('',#6311,#6048,#6662,.T.) ;
#6680=EDGE_CURVE('',#6055,#6304,#6679,.T.) ;
#6697=EDGE_CURVE('',#6297,#6062,#6696,.T.) ;
#6714=EDGE_CURVE('',#6069,#6290,#6713,.T.) ;
#6731=EDGE_CURVE('',#6283,#6076,#6730,.T.) ;
#6748=EDGE_CURVE('',#6267,#6092,#6747,.F.) ;
#6790=EDGE_CURVE('',#6787,#6789,#6773,.T.) ;
#6804=EDGE_CURVE('',#6789,#6132,#6791,.T.) ;
#6811=EDGE_CURVE('',#6810,#6134,#6808,.F.) ;
#6816=EDGE_CURVE('',#6787,#6810,#6815,.T.) ;
#6836=EDGE_CURVE('',#6835,#6789,#6833,.T.) ;
#6843=EDGE_CURVE('',#6141,#6835,#6837,.T.) ;
#6871=EDGE_CURVE('',#6835,#6870,#6856,.T.) ;
#6878=EDGE_CURVE('',#6870,#6877,#6875,.T.) ;
#6883=EDGE_CURVE('',#6148,#6877,#6882,.F.) ;
#6903=EDGE_CURVE('',#6877,#6902,#6900,.T.) ;
#6908=EDGE_CURVE('',#6161,#6902,#6907,.T.) ;
#6927=EDGE_CURVE('',#6902,#6926,#6924,.T.) ;
#6932=EDGE_CURVE('',#6168,#6926,#6931,.F.) ;
#6949=EDGE_CURVE('',#6926,#6392,#6948,.T.) ;
#6968=EDGE_CURVE('',#6967,#6555,#6965,.T.) ;
#6973=EDGE_CURVE('',#6967,#6199,#6972,.F.) ;
#6990=EDGE_CURVE('',#6810,#6967,#6989,.T.) ;
#7007=EDGE_CURVE('',#6870,#6787,#7006,.T.) ;
#72=EDGE_LOOP('',(#73,#74,#75,#76)) ;
#110=EDGE_LOOP('',(#111,#112,#113,#114,#115)) ;
#135=EDGE_LOOP('',(#136,#137,#138,#139)) ;
#175=EDGE_LOOP('',(#176,#177,#178,#179)) ;
#223=EDGE_LOOP('',(#224,#225,#226,#227,#228,#229)) ;
#273=EDGE_LOOP('',(#274,#275,#276,#277,#278,#279)) ;
#323=EDGE_LOOP('',(#324,#325,#326,#327,#328,#329)) ;
#373=EDGE_LOOP('',(#374,#375,#376,#377,#378,#379)) ;
#423=EDGE_LOOP('',(#424,#425,#426,#427,#428,#429)) ;
#473=EDGE_LOOP('',(#474,#475,#476,#477,#478,#479)) ;
#523=EDGE_LOOP('',(#524,#525,#526,#527,#528,#529)) ;
#573=EDGE_LOOP('',(#574,#575,#576,#577,#578,#579)) ;
#623=EDGE_LOOP('',(#624,#625,#626,#627,#628,#629)) ;
#673=EDGE_LOOP('',(#674,#675,#676,#677,#678,#679)) ;
#723=EDGE_LOOP('',(#724,#725,#726,#727,#728,#729)) ;
#757=EDGE_LOOP('',(#758,#759,#760,#761,#762,#763)) ;
#804=EDGE_LOOP('',(#805,#806,#807,#808,#809,#810,#811,#812)) ;
#832=EDGE_LOOP('',(#833,#834,#835,#836)) ;
#870=EDGE_LOOP('',(#871,#872,#873,#874,#875,#876,#877,#878)) ;
#937=EDGE_LOOP('',(#938,#939,#940,#941,#942,#943)) ;
#963=EDGE_LOOP('',(#964,#965,#966,#967)) ;
#1010=EDGE_LOOP('',(#1011,#1012,#1013,#1014,#1015,#1016)) ;
#1029=EDGE_LOOP('',(#1030,#1031,#1032,#1033)) ;
#1060=EDGE_LOOP('',(#1061,#1062,#1063,#1064)) ;
#1112=EDGE_LOOP('',(#1113,#1114,#1115,#1116,#1117,#1118,#1119,#1120)) ;
#1140=EDGE_LOOP('',(#1141,#1142,#1143,#1144)) ;
#1164=EDGE_LOOP('',(#1165,#1166,#1167,#1168)) ;
#1216=EDGE_LOOP('',(#1217,#1218,#1219,#1220,#1221,#1222,#1223,#1224)) ;
#1237=EDGE_LOOP('',(#1238,#1239,#1240,#1241)) ;
#1268=EDGE_LOOP('',(#1269,#1270,#1271,#1272)) ;
#1292=EDGE_LOOP('',(#1293,#1294,#1295,#1296)) ;
#1344=EDGE_LOOP('',(#1345,#1346,#1347,#1348,#1349,#1350,#1351,#1352)) ;
#1372=EDGE_LOOP('',(#1373,#1374,#1375,#1376)) ;
#1396=EDGE_LOOP('',(#1397,#1398,#1399,#1400)) ;
#1441=EDGE_LOOP('',(#1442,#1443,#1444,#1445,#1446,#1447,#1448,#1449)) ;
#1476=EDGE_LOOP('',(#1477,#1478,#1479,#1480)) ;
#1528=EDGE_LOOP('',(#1529,#1530,#1531,#1532,#1533,#1534,#1535,#1536)) ;
#1556=EDGE_LOOP('',(#1557,#1558,#1559,#1560)) ;
#1580=EDGE_LOOP('',(#1581,#1582,#1583,#1584)) ;
#1632=EDGE_LOOP('',(#1633,#1634,#1635,#1636,#1637,#1638,#1639,#1640)) ;
#1653=EDGE_LOOP('',(#1654,#1655,#1656,#1657)) ;
#1684=EDGE_LOOP('',(#1685,#1686,#1687,#1688)) ;
#1708=EDGE_LOOP('',(#1709,#1710,#1711,#1712)) ;
#1760=EDGE_LOOP('',(#1761,#1762,#1763,#1764,#1765,#1766,#1767,#1768)) ;
#1788=EDGE_LOOP('',(#1789,#1790,#1791,#1792)) ;
#1812=EDGE_LOOP('',(#1813,#1814,#1815,#1816)) ;
#1857=EDGE_LOOP('',(#1858,#1859,#1860,#1861,#1862,#1863,#1864,#1865)) ;
#1892=EDGE_LOOP('',(#1893,#1894,#1895,#1896)) ;
#1944=EDGE_LOOP('',(#1945,#1946,#1947,#1948,#1949,#1950,#1951,#1952)) ;
#1972=EDGE_LOOP('',(#1973,#1974,#1975,#1976)) ;
#1996=EDGE_LOOP('',(#1997,#1998,#1999,#2000)) ;
#2048=EDGE_LOOP('',(#2049,#2050,#2051,#2052,#2053,#2054,#2055,#2056)) ;
#2069=EDGE_LOOP('',(#2070,#2071,#2072,#2073)) ;
#2100=EDGE_LOOP('',(#2101,#2102,#2103,#2104)) ;
#2124=EDGE_LOOP('',(#2125,#2126,#2127,#2128)) ;
#2176=EDGE_LOOP('',(#2177,#2178,#2179,#2180,#2181,#2182,#2183,#2184)) ;
#2204=EDGE_LOOP('',(#2205,#2206,#2207,#2208)) ;
#2228=EDGE_LOOP('',(#2229,#2230,#2231,#2232)) ;
#2273=EDGE_LOOP('',(#2274,#2275,#2276,#2277,#2278,#2279,#2280,#2281)) ;
#2308=EDGE_LOOP('',(#2309,#2310,#2311,#2312)) ;
#2360=EDGE_LOOP('',(#2361,#2362,#2363,#2364,#2365,#2366,#2367,#2368)) ;
#2388=EDGE_LOOP('',(#2389,#2390,#2391,#2392)) ;
#2412=EDGE_LOOP('',(#2413,#2414,#2415,#2416)) ;
#2464=EDGE_LOOP('',(#2465,#2466,#2467,#2468,#2469,#2470,#2471,#2472)) ;
#2485=EDGE_LOOP('',(#2486,#2487,#2488,#2489)) ;
#2516=EDGE_LOOP('',(#2517,#2518,#2519,#2520)) ;
#2540=EDGE_LOOP('',(#2541,#2542,#2543,#2544)) ;
#2592=EDGE_LOOP('',(#2593,#2594,#2595,#2596,#2597,#2598,#2599,#2600)) ;
#2620=EDGE_LOOP('',(#2621,#2622,#2623,#2624)) ;
#2644=EDGE_LOOP('',(#2645,#2646,#2647,#2648)) ;
#2689=EDGE_LOOP('',(#2690,#2691,#2692,#2693,#2694,#2695,#2696,#2697)) ;
#2724=EDGE_LOOP('',(#2725,#2726,#2727,#2728)) ;
#2776=EDGE_LOOP('',(#2777,#2778,#2779,#2780,#2781,#2782,#2783,#2784)) ;
#2804=EDGE_LOOP('',(#2805,#2806,#2807,#2808)) ;
#2828=EDGE_LOOP('',(#2829,#2830,#2831,#2832)) ;
#2880=EDGE_LOOP('',(#2881,#2882,#2883,#2884,#2885,#2886,#2887,#2888)) ;
#2901=EDGE_LOOP('',(#2902,#2903,#2904,#2905)) ;
#2932=EDGE_LOOP('',(#2933,#2934,#2935,#2936)) ;
#2956=EDGE_LOOP('',(#2957,#2958,#2959,#2960)) ;
#3008=EDGE_LOOP('',(#3009,#3010,#3011,#3012,#3013,#3014,#3015,#3016)) ;
#3036=EDGE_LOOP('',(#3037,#3038,#3039,#3040)) ;
#3060=EDGE_LOOP('',(#3061,#3062,#3063,#3064)) ;
#3105=EDGE_LOOP('',(#3106,#3107,#3108,#3109,#3110,#3111,#3112,#3113)) ;
#3140=EDGE_LOOP('',(#3141,#3142,#3143,#3144)) ;
#3192=EDGE_LOOP('',(#3193,#3194,#3195,#3196,#3197,#3198,#3199,#3200)) ;
#3220=EDGE_LOOP('',(#3221,#3222,#3223,#3224)) ;
#3244=EDGE_LOOP('',(#3245,#3246,#3247,#3248)) ;
#3296=EDGE_LOOP('',(#3297,#3298,#3299,#3300,#3301,#3302,#3303,#3304)) ;
#3317=EDGE_LOOP('',(#3318,#3319,#3320,#3321)) ;
#3341=EDGE_LOOP('',(#3342,#3343,#3344,#3345)) ;
#3358=EDGE_LOOP('',(#3359,#3360,#3361,#3362)) ;
#3454=EDGE_LOOP('',(#3455,#3456,#3457,#3458,#3459,#3460,#3461,#3462,#3463,#3464,#3465,#3466)) ;
#3478=EDGE_LOOP('',(#3479,#3480,#3481,#3482)) ;
#3494=EDGE_LOOP('',(#3495,#3496,#3497,#3498)) ;
#3510=EDGE_LOOP('',(#3511,#3512,#3513,#3514)) ;
#3526=EDGE_LOOP('',(#3527,#3528,#3529,#3530)) ;
#3542=EDGE_LOOP('',(#3543,#3544,#3545,#3546)) ;
#3558=EDGE_LOOP('',(#3559,#3560,#3561,#3562)) ;
#3574=EDGE_LOOP('',(#3575,#3576,#3577,#3578)) ;
#3590=EDGE_LOOP('',(#3591,#3592,#3593,#3594)) ;
#3606=EDGE_LOOP('',(#3607,#3608,#3609,#3610)) ;
#3622=EDGE_LOOP('',(#3623,#3624,#3625,#3626)) ;
#3638=EDGE_LOOP('',(#3639,#3640,#3641,#3642)) ;
#3649=EDGE_LOOP('',(#3650,#3651,#3652,#3653)) ;
#3666=EDGE_LOOP('',(#3667,#3668,#3669,#3670,#3671)) ;
#3679=EDGE_LOOP('',(#3680,#3681,#3682,#3683)) ;
#3696=EDGE_LOOP('',(#3697,#3698,#3699,#3700)) ;
#3713=EDGE_LOOP('',(#3714,#3715,#3716,#3717)) ;
#3753=EDGE_LOOP('',(#3754,#3755,#3756,#3757)) ;
#3759=EDGE_LOOP('',(#3760,#3761,#3762,#3763)) ;
#3776=EDGE_LOOP('',(#3777,#3778,#3779,#3780,#3781)) ;
#3794=EDGE_LOOP('',(#3795,#3796,#3797,#3798)) ;
#3806=EDGE_LOOP('',(#3807,#3808,#3809,#3810,#3811)) ;
#3819=EDGE_LOOP('',(#3820,#3821,#3822,#3823)) ;
#3836=EDGE_LOOP('',(#3837,#3838,#3839,#3840,#3841)) ;
#3854=EDGE_LOOP('',(#3855,#3856,#3857,#3858)) ;
#3866=EDGE_LOOP('',(#3867,#3868,#3869,#3870,#3871)) ;
#3879=EDGE_LOOP('',(#3880,#3881,#3882,#3883)) ;
#3896=EDGE_LOOP('',(#3897,#3898,#3899,#3900,#3901)) ;
#3914=EDGE_LOOP('',(#3915,#3916,#3917,#3918)) ;
#3926=EDGE_LOOP('',(#3927,#3928,#3929,#3930,#3931)) ;
#3939=EDGE_LOOP('',(#3940,#3941,#3942,#3943)) ;
#3956=EDGE_LOOP('',(#3957,#3958,#3959,#3960,#3961)) ;
#3974=EDGE_LOOP('',(#3975,#3976,#3977,#3978)) ;
#3986=EDGE_LOOP('',(#3987,#3988,#3989,#3990,#3991)) ;
#3999=EDGE_LOOP('',(#4000,#4001,#4002,#4003)) ;
#4016=EDGE_LOOP('',(#4017,#4018,#4019,#4020,#4021)) ;
#4034=EDGE_LOOP('',(#4035,#4036,#4037,#4038)) ;
#4046=EDGE_LOOP('',(#4047,#4048,#4049,#4050,#4051)) ;
#4059=EDGE_LOOP('',(#4060,#4061,#4062,#4063)) ;
#4076=EDGE_LOOP('',(#4077,#4078,#4079,#4080,#4081)) ;
#4094=EDGE_LOOP('',(#4095,#4096,#4097,#4098)) ;
#4106=EDGE_LOOP('',(#4107,#4108,#4109,#4110,#4111)) ;
#4119=EDGE_LOOP('',(#4120,#4121,#4122,#4123)) ;
#4136=EDGE_LOOP('',(#4137,#4138,#4139,#4140,#4141)) ;
#4154=EDGE_LOOP('',(#4155,#4156,#4157,#4158)) ;
#4166=EDGE_LOOP('',(#4167,#4168,#4169,#4170,#4171)) ;
#4179=EDGE_LOOP('',(#4180,#4181,#4182,#4183)) ;
#4196=EDGE_LOOP('',(#4197,#4198,#4199,#4200,#4201)) ;
#4214=EDGE_LOOP('',(#4215,#4216,#4217,#4218)) ;
#4226=EDGE_LOOP('',(#4227,#4228,#4229,#4230,#4231)) ;
#4239=EDGE_LOOP('',(#4240,#4241,#4242,#4243)) ;
#4256=EDGE_LOOP('',(#4257,#4258,#4259,#4260,#4261)) ;
#4274=EDGE_LOOP('',(#4275,#4276,#4277,#4278)) ;
#4286=EDGE_LOOP('',(#4287,#4288,#4289,#4290,#4291)) ;
#4299=EDGE_LOOP('',(#4300,#4301,#4302,#4303)) ;
#4316=EDGE_LOOP('',(#4317,#4318,#4319,#4320,#4321)) ;
#4334=EDGE_LOOP('',(#4335,#4336,#4337,#4338)) ;
#4346=EDGE_LOOP('',(#4347,#4348,#4349,#4350,#4351)) ;
#4359=EDGE_LOOP('',(#4360,#4361,#4362,#4363)) ;
#4376=EDGE_LOOP('',(#4377,#4378,#4379,#4380,#4381)) ;
#4394=EDGE_LOOP('',(#4395,#4396,#4397,#4398)) ;
#4406=EDGE_LOOP('',(#4407,#4408,#4409,#4410,#4411)) ;
#4419=EDGE_LOOP('',(#4420,#4421,#4422,#4423)) ;
#4492=EDGE_LOOP('',(#4493,#4494,#4495,#4496,#4497,#4498,#4499,#4500,#4501,#4502)) ;
#4522=EDGE_LOOP('',(#4523,#4524,#4525,#4526)) ;
#4567=EDGE_LOOP('',(#4568,#4569,#4570,#4571,#4572,#4573,#4574)) ;
#4646=EDGE_LOOP('',(#4647,#4648,#4649,#4650,#4651,#4652,#4653,#4654,#4655,#4656,#4657,#4658,#4659,#4660)) ;
#4690=EDGE_LOOP('',(#4691,#4692,#4693,#4694)) ;
#4735=EDGE_LOOP('',(#4736,#4737,#4738,#4739,#4740,#4741,#4742)) ;
#4762=EDGE_LOOP('',(#4763,#4764,#4765,#4766)) ;
#4819=EDGE_LOOP('',(#4820,#4821,#4822,#4823,#4824,#4825,#4826,#4827,#4828,#4829)) ;
#4849=EDGE_LOOP('',(#4850,#4851,#4852,#4853)) ;
#4894=EDGE_LOOP('',(#4895,#4896,#4897,#4898,#4899,#4900,#4901)) ;
#4964=EDGE_LOOP('',(#4965,#4966,#4967,#4968,#4969,#4970,#4971,#4972,#4973,#4974,#4975,#4976,#4977,#4978)) ;
#5008=EDGE_LOOP('',(#5009,#5010,#5011,#5012)) ;
#5053=EDGE_LOOP('',(#5054,#5055,#5056,#5057,#5058,#5059,#5060)) ;
#5073=EDGE_LOOP('',(#5074,#5075,#5076,#5077)) ;
#5085=EDGE_LOOP('',(#5086,#5087,#5088,#5089)) ;
#5097=EDGE_LOOP('',(#5098,#5099,#5100,#5101)) ;
#5128=EDGE_LOOP('',(#5129,#5130,#5131,#5132,#5133,#5134)) ;
#5147=EDGE_LOOP('',(#5148,#5149,#5150,#5151)) ;
#5171=EDGE_LOOP('',(#5172,#5173,#5174,#5175)) ;
#5195=EDGE_LOOP('',(#5196,#5197,#5198,#5199,#5200,#5201)) ;
#5221=EDGE_LOOP('',(#5222,#5223,#5224,#5225)) ;
#5245=EDGE_LOOP('',(#5246,#5247,#5248,#5249)) ;
#5262=EDGE_LOOP('',(#5263,#5264,#5265,#5266)) ;
#5307=EDGE_LOOP('',(#5308,#5309,#5310,#5311,#5312,#5313)) ;
#5326=EDGE_LOOP('',(#5327,#5328,#5329,#5330)) ;
#5338=EDGE_LOOP('',(#5339,#5340,#5341,#5342,#5343,#5344)) ;
#5357=EDGE_LOOP('',(#5358,#5359,#5360,#5361)) ;
#5388=EDGE_LOOP('',(#5389,#5390,#5391,#5392)) ;
#5412=EDGE_LOOP('',(#5413,#5414,#5415,#5416)) ;
#5436=EDGE_LOOP('',(#5437,#5438,#5439,#5440)) ;
#5453=EDGE_LOOP('',(#5454,#5455,#5456,#5457)) ;
#5470=EDGE_LOOP('',(#5471,#5472,#5473,#5474)) ;
#5487=EDGE_LOOP('',(#5488,#5489,#5490,#5491)) ;
#5499=EDGE_LOOP('',(#5500,#5501,#5502,#5503,#5504,#5505)) ;
#5525=EDGE_LOOP('',(#5526,#5527,#5528,#5529)) ;
#5549=EDGE_LOOP('',(#5550,#5551,#5552,#5553,#5554,#5555)) ;
#5575=EDGE_LOOP('',(#5576,#5577,#5578,#5579)) ;
#5599=EDGE_LOOP('',(#5600,#5601,#5602,#5603)) ;
#5616=EDGE_LOOP('',(#5617,#5618,#5619,#5620)) ;
#5628=EDGE_LOOP('',(#5629,#5630,#5631,#5632,#5633,#5634)) ;
#5661=EDGE_LOOP('',(#5662,#5663,#5664,#5665,#5666,#5667)) ;
#5680=EDGE_LOOP('',(#5681,#5682,#5683,#5684)) ;
#5711=EDGE_LOOP('',(#5712,#5713,#5714,#5715)) ;
#5735=EDGE_LOOP('',(#5736,#5737,#5738,#5739)) ;
#5759=EDGE_LOOP('',(#5760,#5761,#5762,#5763)) ;
#5776=EDGE_LOOP('',(#5777,#5778,#5779,#5780)) ;
#5793=EDGE_LOOP('',(#5794,#5795,#5796,#5797)) ;
#5805=EDGE_LOOP('',(#5806,#5807,#5808,#5809)) ;
#5817=EDGE_LOOP('',(#5818,#5819,#5820,#5821)) ;
#5829=EDGE_LOOP('',(#5830,#5831,#5832,#5833)) ;
#5902=EDGE_LOOP('',(#5903,#5904,#5905,#5906)) ;
#6099=EDGE_LOOP('',(#6100,#6101,#6102,#6103,#6104,#6105,#6106,#6107,#6108,#6109,#6110,#6111,#6112,#6113,#6114,#6115,#6116,#6117,#6118,#6119)) ;
#6212=EDGE_LOOP('',(#6213,#6214,#6215,#6216,#6217,#6218,#6219,#6220,#6221,#6222)) ;
#6415=EDGE_LOOP('',(#6416,#6417,#6418,#6419,#6420,#6421,#6422,#6423,#6424,#6425,#6426,#6427,#6428,#6429,#6430,#6431,#6432,#6433,#6434,#6435)) ;
#6448=EDGE_LOOP('',(#6449,#6450,#6451,#6452)) ;
#6470=EDGE_LOOP('',(#6471,#6472,#6473,#6474)) ;
#6487=EDGE_LOOP('',(#6488,#6489,#6490,#6491)) ;
#6504=EDGE_LOOP('',(#6505,#6506,#6507,#6508)) ;
#6521=EDGE_LOOP('',(#6522,#6523,#6524,#6525)) ;
#6538=EDGE_LOOP('',(#6539,#6540,#6541,#6542)) ;
#6562=EDGE_LOOP('',(#6563,#6564,#6565,#6566)) ;
#6579=EDGE_LOOP('',(#6580,#6581,#6582,#6583)) ;
#6596=EDGE_LOOP('',(#6597,#6598,#6599,#6600)) ;
#6613=EDGE_LOOP('',(#6614,#6615,#6616,#6617)) ;
#6630=EDGE_LOOP('',(#6631,#6632,#6633,#6634)) ;
#6647=EDGE_LOOP('',(#6648,#6649,#6650,#6651)) ;
#6664=EDGE_LOOP('',(#6665,#6666,#6667,#6668)) ;
#6681=EDGE_LOOP('',(#6682,#6683,#6684,#6685)) ;
#6698=EDGE_LOOP('',(#6699,#6700,#6701,#6702)) ;
#6715=EDGE_LOOP('',(#6716,#6717,#6718,#6719)) ;
#6732=EDGE_LOOP('',(#6733,#6734,#6735,#6736)) ;
#6749=EDGE_LOOP('',(#6750,#6751,#6752,#6753)) ;
#6761=EDGE_LOOP('',(#6762,#6763,#6764,#6765)) ;
#6817=EDGE_LOOP('',(#6818,#6819,#6820,#6821,#6822)) ;
#6844=EDGE_LOOP('',(#6845,#6846,#6847,#6848)) ;
#6884=EDGE_LOOP('',(#6885,#6886,#6887,#6888,#6889)) ;
#6909=EDGE_LOOP('',(#6910,#6911,#6912,#6913)) ;
#6933=EDGE_LOOP('',(#6934,#6935,#6936,#6937)) ;
#6950=EDGE_LOOP('',(#6951,#6952,#6953,#6954)) ;
#6974=EDGE_LOOP('',(#6975,#6976,#6977,#6978)) ;
#6991=EDGE_LOOP('',(#6992,#6993,#6994,#6995)) ;
#7008=EDGE_LOOP('',(#7009,#7010,#7011,#7012,#7013,#7014,#7015,#7016,#7017,#7018)) ;
#7026=EDGE_LOOP('',(#7027,#7028,#7029,#7030)) ;
#77=FACE_OUTER_BOUND('',#72,.T.) ;
#116=FACE_OUTER_BOUND('',#110,.T.) ;
#140=FACE_OUTER_BOUND('',#135,.T.) ;
#180=FACE_OUTER_BOUND('',#175,.T.) ;
#813=FACE_OUTER_BOUND('',#804,.T.) ;
#837=FACE_OUTER_BOUND('',#832,.T.) ;
#879=FACE_OUTER_BOUND('',#870,.T.) ;
#944=FACE_OUTER_BOUND('',#937,.T.) ;
#968=FACE_OUTER_BOUND('',#963,.T.) ;
#1017=FACE_OUTER_BOUND('',#1010,.T.) ;
#1034=FACE_OUTER_BOUND('',#1029,.T.) ;
#1065=FACE_OUTER_BOUND('',#1060,.T.) ;
#1121=FACE_OUTER_BOUND('',#1112,.T.) ;
#1145=FACE_OUTER_BOUND('',#1140,.T.) ;
#1169=FACE_OUTER_BOUND('',#1164,.T.) ;
#1225=FACE_OUTER_BOUND('',#1216,.T.) ;
#1242=FACE_OUTER_BOUND('',#1237,.T.) ;
#1273=FACE_OUTER_BOUND('',#1268,.T.) ;
#1297=FACE_OUTER_BOUND('',#1292,.T.) ;
#1353=FACE_OUTER_BOUND('',#1344,.T.) ;
#1377=FACE_OUTER_BOUND('',#1372,.T.) ;
#1401=FACE_OUTER_BOUND('',#1396,.T.) ;
#1450=FACE_OUTER_BOUND('',#1441,.T.) ;
#1481=FACE_OUTER_BOUND('',#1476,.T.) ;
#1537=FACE_OUTER_BOUND('',#1528,.T.) ;
#1561=FACE_OUTER_BOUND('',#1556,.T.) ;
#1585=FACE_OUTER_BOUND('',#1580,.T.) ;
#1641=FACE_OUTER_BOUND('',#1632,.T.) ;
#1658=FACE_OUTER_BOUND('',#1653,.T.) ;
#1689=FACE_OUTER_BOUND('',#1684,.T.) ;
#1713=FACE_OUTER_BOUND('',#1708,.T.) ;
#1769=FACE_OUTER_BOUND('',#1760,.T.) ;
#1793=FACE_OUTER_BOUND('',#1788,.T.) ;
#1817=FACE_OUTER_BOUND('',#1812,.T.) ;
#1866=FACE_OUTER_BOUND('',#1857,.T.) ;
#1897=FACE_OUTER_BOUND('',#1892,.T.) ;
#1953=FACE_OUTER_BOUND('',#1944,.T.) ;
#1977=FACE_OUTER_BOUND('',#1972,.T.) ;
#2001=FACE_OUTER_BOUND('',#1996,.T.) ;
#2057=FACE_OUTER_BOUND('',#2048,.T.) ;
#2074=FACE_OUTER_BOUND('',#2069,.T.) ;
#2105=FACE_OUTER_BOUND('',#2100,.T.) ;
#2129=FACE_OUTER_BOUND('',#2124,.T.) ;
#2185=FACE_OUTER_BOUND('',#2176,.T.) ;
#2209=FACE_OUTER_BOUND('',#2204,.T.) ;
#2233=FACE_OUTER_BOUND('',#2228,.T.) ;
#2282=FACE_OUTER_BOUND('',#2273,.T.) ;
#2313=FACE_OUTER_BOUND('',#2308,.T.) ;
#2369=FACE_OUTER_BOUND('',#2360,.T.) ;
#2393=FACE_OUTER_BOUND('',#2388,.T.) ;
#2417=FACE_OUTER_BOUND('',#2412,.T.) ;
#2473=FACE_OUTER_BOUND('',#2464,.T.) ;
#2490=FACE_OUTER_BOUND('',#2485,.T.) ;
#2521=FACE_OUTER_BOUND('',#2516,.T.) ;
#2545=FACE_OUTER_BOUND('',#2540,.T.) ;
#2601=FACE_OUTER_BOUND('',#2592,.T.) ;
#2625=FACE_OUTER_BOUND('',#2620,.T.) ;
#2649=FACE_OUTER_BOUND('',#2644,.T.) ;
#2698=FACE_OUTER_BOUND('',#2689,.T.) ;
#2729=FACE_OUTER_BOUND('',#2724,.T.) ;
#2785=FACE_OUTER_BOUND('',#2776,.T.) ;
#2809=FACE_OUTER_BOUND('',#2804,.T.) ;
#2833=FACE_OUTER_BOUND('',#2828,.T.) ;
#2889=FACE_OUTER_BOUND('',#2880,.T.) ;
#2906=FACE_OUTER_BOUND('',#2901,.T.) ;
#2937=FACE_OUTER_BOUND('',#2932,.T.) ;
#2961=FACE_OUTER_BOUND('',#2956,.T.) ;
#3017=FACE_OUTER_BOUND('',#3008,.T.) ;
#3041=FACE_OUTER_BOUND('',#3036,.T.) ;
#3065=FACE_OUTER_BOUND('',#3060,.T.) ;
#3114=FACE_OUTER_BOUND('',#3105,.T.) ;
#3145=FACE_OUTER_BOUND('',#3140,.T.) ;
#3201=FACE_OUTER_BOUND('',#3192,.T.) ;
#3225=FACE_OUTER_BOUND('',#3220,.T.) ;
#3249=FACE_OUTER_BOUND('',#3244,.T.) ;
#3305=FACE_OUTER_BOUND('',#3296,.T.) ;
#3322=FACE_OUTER_BOUND('',#3317,.T.) ;
#3346=FACE_OUTER_BOUND('',#3341,.T.) ;
#3363=FACE_OUTER_BOUND('',#3358,.T.) ;
#3467=FACE_OUTER_BOUND('',#3454,.T.) ;
#3672=FACE_OUTER_BOUND('',#3666,.T.) ;
#3684=FACE_OUTER_BOUND('',#3679,.T.) ;
#3701=FACE_OUTER_BOUND('',#3696,.T.) ;
#3718=FACE_OUTER_BOUND('',#3713,.T.) ;
#3758=FACE_OUTER_BOUND('',#3753,.T.) ;
#3782=FACE_OUTER_BOUND('',#3776,.T.) ;
#3799=FACE_OUTER_BOUND('',#3794,.T.) ;
#3812=FACE_OUTER_BOUND('',#3806,.T.) ;
#3824=FACE_OUTER_BOUND('',#3819,.T.) ;
#3842=FACE_OUTER_BOUND('',#3836,.T.) ;
#3859=FACE_OUTER_BOUND('',#3854,.T.) ;
#3872=FACE_OUTER_BOUND('',#3866,.T.) ;
#3884=FACE_OUTER_BOUND('',#3879,.T.) ;
#3902=FACE_OUTER_BOUND('',#3896,.T.) ;
#3919=FACE_OUTER_BOUND('',#3914,.T.) ;
#3932=FACE_OUTER_BOUND('',#3926,.T.) ;
#3944=FACE_OUTER_BOUND('',#3939,.T.) ;
#3962=FACE_OUTER_BOUND('',#3956,.T.) ;
#3979=FACE_OUTER_BOUND('',#3974,.T.) ;
#3992=FACE_OUTER_BOUND('',#3986,.T.) ;
#4004=FACE_OUTER_BOUND('',#3999,.T.) ;
#4022=FACE_OUTER_BOUND('',#4016,.T.) ;
#4039=FACE_OUTER_BOUND('',#4034,.T.) ;
#4052=FACE_OUTER_BOUND('',#4046,.T.) ;
#4064=FACE_OUTER_BOUND('',#4059,.T.) ;
#4082=FACE_OUTER_BOUND('',#4076,.T.) ;
#4099=FACE_OUTER_BOUND('',#4094,.T.) ;
#4112=FACE_OUTER_BOUND('',#4106,.T.) ;
#4124=FACE_OUTER_BOUND('',#4119,.T.) ;
#4142=FACE_OUTER_BOUND('',#4136,.T.) ;
#4159=FACE_OUTER_BOUND('',#4154,.T.) ;
#4172=FACE_OUTER_BOUND('',#4166,.T.) ;
#4184=FACE_OUTER_BOUND('',#4179,.T.) ;
#4202=FACE_OUTER_BOUND('',#4196,.T.) ;
#4219=FACE_OUTER_BOUND('',#4214,.T.) ;
#4232=FACE_OUTER_BOUND('',#4226,.T.) ;
#4244=FACE_OUTER_BOUND('',#4239,.T.) ;
#4262=FACE_OUTER_BOUND('',#4256,.T.) ;
#4279=FACE_OUTER_BOUND('',#4274,.T.) ;
#4292=FACE_OUTER_BOUND('',#4286,.T.) ;
#4304=FACE_OUTER_BOUND('',#4299,.T.) ;
#4322=FACE_OUTER_BOUND('',#4316,.T.) ;
#4339=FACE_OUTER_BOUND('',#4334,.T.) ;
#4352=FACE_OUTER_BOUND('',#4346,.T.) ;
#4364=FACE_OUTER_BOUND('',#4359,.T.) ;
#4382=FACE_OUTER_BOUND('',#4376,.T.) ;
#4399=FACE_OUTER_BOUND('',#4394,.T.) ;
#4412=FACE_OUTER_BOUND('',#4406,.T.) ;
#4424=FACE_OUTER_BOUND('',#4419,.T.) ;
#4503=FACE_OUTER_BOUND('',#4492,.T.) ;
#4527=FACE_OUTER_BOUND('',#4522,.T.) ;
#4575=FACE_OUTER_BOUND('',#4567,.T.) ;
#4661=FACE_OUTER_BOUND('',#4646,.T.) ;
#4743=FACE_OUTER_BOUND('',#4735,.T.) ;
#4767=FACE_OUTER_BOUND('',#4762,.T.) ;
#4830=FACE_OUTER_BOUND('',#4819,.T.) ;
#4854=FACE_OUTER_BOUND('',#4849,.T.) ;
#4902=FACE_OUTER_BOUND('',#4894,.T.) ;
#4979=FACE_OUTER_BOUND('',#4964,.T.) ;
#5061=FACE_OUTER_BOUND('',#5053,.T.) ;
#5078=FACE_OUTER_BOUND('',#5073,.T.) ;
#5090=FACE_OUTER_BOUND('',#5085,.T.) ;
#5102=FACE_OUTER_BOUND('',#5097,.T.) ;
#5135=FACE_OUTER_BOUND('',#5128,.T.) ;
#5152=FACE_OUTER_BOUND('',#5147,.T.) ;
#5176=FACE_OUTER_BOUND('',#5171,.T.) ;
#5202=FACE_OUTER_BOUND('',#5195,.T.) ;
#5226=FACE_OUTER_BOUND('',#5221,.T.) ;
#5250=FACE_OUTER_BOUND('',#5245,.T.) ;
#5267=FACE_OUTER_BOUND('',#5262,.T.) ;
#5314=FACE_OUTER_BOUND('',#5307,.T.) ;
#5331=FACE_OUTER_BOUND('',#5326,.T.) ;
#5345=FACE_OUTER_BOUND('',#5338,.T.) ;
#5362=FACE_OUTER_BOUND('',#5357,.T.) ;
#5393=FACE_OUTER_BOUND('',#5388,.T.) ;
#5417=FACE_OUTER_BOUND('',#5412,.T.) ;
#5441=FACE_OUTER_BOUND('',#5436,.T.) ;
#5458=FACE_OUTER_BOUND('',#5453,.T.) ;
#5475=FACE_OUTER_BOUND('',#5470,.T.) ;
#5492=FACE_OUTER_BOUND('',#5487,.T.) ;
#5506=FACE_OUTER_BOUND('',#5499,.T.) ;
#5530=FACE_OUTER_BOUND('',#5525,.T.) ;
#5556=FACE_OUTER_BOUND('',#5549,.T.) ;
#5580=FACE_OUTER_BOUND('',#5575,.T.) ;
#5604=FACE_OUTER_BOUND('',#5599,.T.) ;
#5621=FACE_OUTER_BOUND('',#5616,.T.) ;
#5635=FACE_OUTER_BOUND('',#5628,.T.) ;
#5668=FACE_OUTER_BOUND('',#5661,.T.) ;
#5685=FACE_OUTER_BOUND('',#5680,.T.) ;
#5716=FACE_OUTER_BOUND('',#5711,.T.) ;
#5740=FACE_OUTER_BOUND('',#5735,.T.) ;
#5764=FACE_OUTER_BOUND('',#5759,.T.) ;
#5781=FACE_OUTER_BOUND('',#5776,.T.) ;
#5798=FACE_OUTER_BOUND('',#5793,.T.) ;
#5810=FACE_OUTER_BOUND('',#5805,.T.) ;
#5822=FACE_OUTER_BOUND('',#5817,.T.) ;
#5834=FACE_OUTER_BOUND('',#5829,.T.) ;
#5907=FACE_OUTER_BOUND('',#5902,.T.) ;
#6120=FACE_OUTER_BOUND('',#6099,.T.) ;
#6223=FACE_OUTER_BOUND('',#6212,.T.) ;
#6436=FACE_OUTER_BOUND('',#6415,.T.) ;
#6453=FACE_OUTER_BOUND('',#6448,.T.) ;
#6475=FACE_OUTER_BOUND('',#6470,.T.) ;
#6492=FACE_OUTER_BOUND('',#6487,.T.) ;
#6509=FACE_OUTER_BOUND('',#6504,.T.) ;
#6526=FACE_OUTER_BOUND('',#6521,.T.) ;
#6543=FACE_OUTER_BOUND('',#6538,.T.) ;
#6567=FACE_OUTER_BOUND('',#6562,.T.) ;
#6584=FACE_OUTER_BOUND('',#6579,.T.) ;
#6601=FACE_OUTER_BOUND('',#6596,.T.) ;
#6618=FACE_OUTER_BOUND('',#6613,.T.) ;
#6635=FACE_OUTER_BOUND('',#6630,.T.) ;
#6652=FACE_OUTER_BOUND('',#6647,.T.) ;
#6669=FACE_OUTER_BOUND('',#6664,.T.) ;
#6686=FACE_OUTER_BOUND('',#6681,.T.) ;
#6703=FACE_OUTER_BOUND('',#6698,.T.) ;
#6720=FACE_OUTER_BOUND('',#6715,.T.) ;
#6737=FACE_OUTER_BOUND('',#6732,.T.) ;
#6754=FACE_OUTER_BOUND('',#6749,.T.) ;
#6766=FACE_OUTER_BOUND('',#6761,.T.) ;
#6823=FACE_OUTER_BOUND('',#6817,.T.) ;
#6849=FACE_OUTER_BOUND('',#6844,.T.) ;
#6890=FACE_OUTER_BOUND('',#6884,.T.) ;
#6914=FACE_OUTER_BOUND('',#6909,.T.) ;
#6938=FACE_OUTER_BOUND('',#6933,.T.) ;
#6955=FACE_OUTER_BOUND('',#6950,.T.) ;
#6979=FACE_OUTER_BOUND('',#6974,.T.) ;
#6996=FACE_OUTER_BOUND('',#6991,.T.) ;
#7019=FACE_OUTER_BOUND('',#7008,.T.) ;
#7031=FACE_OUTER_BOUND('',#7026,.T.) ;
#47=LINE('Line',#44,#46) ;
#56=LINE('Line',#53,#55) ;
#63=LINE('Line',#60,#62) ;
#70=LINE('Line',#67,#69) ;
#87=LINE('Line',#84,#86) ;
#94=LINE('Line',#91,#93) ;
#101=LINE('Line',#98,#100) ;
#108=LINE('Line',#105,#107) ;
#126=LINE('Line',#123,#125) ;
#133=LINE('Line',#130,#132) ;
#150=LINE('Line',#147,#149) ;
#159=LINE('Line',#156,#158) ;
#166=LINE('Line',#163,#165) ;
#173=LINE('Line',#170,#172) ;
#184=LINE('Line',#181,#183) ;
#193=LINE('Line',#190,#192) ;
#200=LINE('Line',#197,#199) ;
#207=LINE('Line',#204,#206) ;
#214=LINE('Line',#211,#213) ;
#221=LINE('Line',#218,#220) ;
#234=LINE('Line',#231,#233) ;
#243=LINE('Line',#240,#242) ;
#250=LINE('Line',#247,#249) ;
#257=LINE('Line',#254,#256) ;
#264=LINE('Line',#261,#263) ;
#271=LINE('Line',#268,#270) ;
#284=LINE('Line',#281,#283) ;
#293=LINE('Line',#290,#292) ;
#300=LINE('Line',#297,#299) ;
#307=LINE('Line',#304,#306) ;
#314=LINE('Line',#311,#313) ;
#321=LINE('Line',#318,#320) ;
#334=LINE('Line',#331,#333) ;
#343=LINE('Line',#340,#342) ;
#350=LINE('Line',#347,#349) ;
#357=LINE('Line',#354,#356) ;
#364=LINE('Line',#361,#363) ;
#371=LINE('Line',#368,#370) ;
#384=LINE('Line',#381,#383) ;
#393=LINE('Line',#390,#392) ;
#400=LINE('Line',#397,#399) ;
#407=LINE('Line',#404,#406) ;
#414=LINE('Line',#411,#413) ;
#421=LINE('Line',#418,#420) ;
#434=LINE('Line',#431,#433) ;
#443=LINE('Line',#440,#442) ;
#450=LINE('Line',#447,#449) ;
#457=LINE('Line',#454,#456) ;
#464=LINE('Line',#461,#463) ;
#471=LINE('Line',#468,#470) ;
#484=LINE('Line',#481,#483) ;
#493=LINE('Line',#490,#492) ;
#500=LINE('Line',#497,#499) ;
#507=LINE('Line',#504,#506) ;
#514=LINE('Line',#511,#513) ;
#521=LINE('Line',#518,#520) ;
#534=LINE('Line',#531,#533) ;
#543=LINE('Line',#540,#542) ;
#550=LINE('Line',#547,#549) ;
#557=LINE('Line',#554,#556) ;
#564=LINE('Line',#561,#563) ;
#571=LINE('Line',#568,#570) ;
#584=LINE('Line',#581,#583) ;
#593=LINE('Line',#590,#592) ;
#600=LINE('Line',#597,#599) ;
#607=LINE('Line',#604,#606) ;
#614=LINE('Line',#611,#613) ;
#621=LINE('Line',#618,#620) ;
#634=LINE('Line',#631,#633) ;
#643=LINE('Line',#640,#642) ;
#650=LINE('Line',#647,#649) ;
#657=LINE('Line',#654,#656) ;
#664=LINE('Line',#661,#663) ;
#671=LINE('Line',#668,#670) ;
#684=LINE('Line',#681,#683) ;
#693=LINE('Line',#690,#692) ;
#700=LINE('Line',#697,#699) ;
#707=LINE('Line',#704,#706) ;
#714=LINE('Line',#711,#713) ;
#721=LINE('Line',#718,#720) ;
#734=LINE('Line',#731,#733) ;
#741=LINE('Line',#738,#740) ;
#748=LINE('Line',#745,#747) ;
#755=LINE('Line',#752,#754) ;
#774=LINE('Line',#771,#773) ;
#783=LINE('Line',#780,#782) ;
#788=LINE('Line',#785,#787) ;
#795=LINE('Line',#792,#794) ;
#802=LINE('Line',#799,#801) ;
#823=LINE('Line',#820,#822) ;
#830=LINE('Line',#827,#829) ;
#847=LINE('Line',#844,#846) ;
#854=LINE('Line',#851,#853) ;
#861=LINE('Line',#858,#860) ;
#868=LINE('Line',#865,#867) ;
#889=LINE('Line',#886,#888) ;
#928=LINE('Line',#925,#927) ;
#935=LINE('Line',#932,#934) ;
#954=LINE('Line',#951,#953) ;
#978=LINE('Line',#975,#977) ;
#985=LINE('Line',#982,#984) ;
#992=LINE('Line',#989,#991) ;
#1027=LINE('Line',#1024,#1026) ;
#1044=LINE('Line',#1041,#1043) ;
#1053=LINE('Line',#1050,#1052) ;
#1058=LINE('Line',#1055,#1057) ;
#1075=LINE('Line',#1072,#1074) ;
#1084=LINE('Line',#1081,#1083) ;
#1091=LINE('Line',#1088,#1090) ;
#1098=LINE('Line',#1095,#1097) ;
#1103=LINE('Line',#1100,#1102) ;
#1110=LINE('Line',#1107,#1109) ;
#1131=LINE('Line',#1128,#1130) ;
#1138=LINE('Line',#1135,#1137) ;
#1155=LINE('Line',#1152,#1154) ;
#1162=LINE('Line',#1159,#1161) ;
#1179=LINE('Line',#1176,#1178) ;
#1188=LINE('Line',#1185,#1187) ;
#1195=LINE('Line',#1192,#1194) ;
#1202=LINE('Line',#1199,#1201) ;
#1207=LINE('Line',#1204,#1206) ;
#1214=LINE('Line',#1211,#1213) ;
#1235=LINE('Line',#1232,#1234) ;
#1252=LINE('Line',#1249,#1251) ;
#1261=LINE('Line',#1258,#1260) ;
#1266=LINE('Line',#1263,#1265) ;
#1283=LINE('Line',#1280,#1282) ;
#1290=LINE('Line',#1287,#1289) ;
#1307=LINE('Line',#1304,#1306) ;
#1316=LINE('Line',#1313,#1315) ;
#1323=LINE('Line',#1320,#1322) ;
#1330=LINE('Line',#1327,#1329) ;
#1335=LINE('Line',#1332,#1334) ;
#1342=LINE('Line',#1339,#1341) ;
#1363=LINE('Line',#1360,#1362) ;
#1370=LINE('Line',#1367,#1369) ;
#1387=LINE('Line',#1384,#1386) ;
#1394=LINE('Line',#1391,#1393) ;
#1411=LINE('Line',#1408,#1410) ;
#1420=LINE('Line',#1417,#1419) ;
#1427=LINE('Line',#1424,#1426) ;
#1432=LINE('Line',#1429,#1431) ;
#1439=LINE('Line',#1436,#1438) ;
#1460=LINE('Line',#1457,#1459) ;
#1469=LINE('Line',#1466,#1468) ;
#1474=LINE('Line',#1471,#1473) ;
#1491=LINE('Line',#1488,#1490) ;
#1500=LINE('Line',#1497,#1499) ;
#1507=LINE('Line',#1504,#1506) ;
#1514=LINE('Line',#1511,#1513) ;
#1519=LINE('Line',#1516,#1518) ;
#1526=LINE('Line',#1523,#1525) ;
#1547=LINE('Line',#1544,#1546) ;
#1554=LINE('Line',#1551,#1553) ;
#1571=LINE('Line',#1568,#1570) ;
#1578=LINE('Line',#1575,#1577) ;
#1595=LINE('Line',#1592,#1594) ;
#1604=LINE('Line',#1601,#1603) ;
#1611=LINE('Line',#1608,#1610) ;
#1618=LINE('Line',#1615,#1617) ;
#1623=LINE('Line',#1620,#1622) ;
#1630=LINE('Line',#1627,#1629) ;
#1651=LINE('Line',#1648,#1650) ;
#1668=LINE('Line',#1665,#1667) ;
#1677=LINE('Line',#1674,#1676) ;
#1682=LINE('Line',#1679,#1681) ;
#1699=LINE('Line',#1696,#1698) ;
#1706=LINE('Line',#1703,#1705) ;
#1723=LINE('Line',#1720,#1722) ;
#1732=LINE('Line',#1729,#1731) ;
#1739=LINE('Line',#1736,#1738) ;
#1746=LINE('Line',#1743,#1745) ;
#1751=LINE('Line',#1748,#1750) ;
#1758=LINE('Line',#1755,#1757) ;
#1779=LINE('Line',#1776,#1778) ;
#1786=LINE('Line',#1783,#1785) ;
#1803=LINE('Line',#1800,#1802) ;
#1810=LINE('Line',#1807,#1809) ;
#1827=LINE('Line',#1824,#1826) ;
#1836=LINE('Line',#1833,#1835) ;
#1843=LINE('Line',#1840,#1842) ;
#1848=LINE('Line',#1845,#1847) ;
#1855=LINE('Line',#1852,#1854) ;
#1876=LINE('Line',#1873,#1875) ;
#1885=LINE('Line',#1882,#1884) ;
#1890=LINE('Line',#1887,#1889) ;
#1907=LINE('Line',#1904,#1906) ;
#1916=LINE('Line',#1913,#1915) ;
#1923=LINE('Line',#1920,#1922) ;
#1930=LINE('Line',#1927,#1929) ;
#1935=LINE('Line',#1932,#1934) ;
#1942=LINE('Line',#1939,#1941) ;
#1963=LINE('Line',#1960,#1962) ;
#1970=LINE('Line',#1967,#1969) ;
#1987=LINE('Line',#1984,#1986) ;
#1994=LINE('Line',#1991,#1993) ;
#2011=LINE('Line',#2008,#2010) ;
#2020=LINE('Line',#2017,#2019) ;
#2027=LINE('Line',#2024,#2026) ;
#2034=LINE('Line',#2031,#2033) ;
#2039=LINE('Line',#2036,#2038) ;
#2046=LINE('Line',#2043,#2045) ;
#2067=LINE('Line',#2064,#2066) ;
#2084=LINE('Line',#2081,#2083) ;
#2093=LINE('Line',#2090,#2092) ;
#2098=LINE('Line',#2095,#2097) ;
#2115=LINE('Line',#2112,#2114) ;
#2122=LINE('Line',#2119,#2121) ;
#2139=LINE('Line',#2136,#2138) ;
#2148=LINE('Line',#2145,#2147) ;
#2155=LINE('Line',#2152,#2154) ;
#2162=LINE('Line',#2159,#2161) ;
#2167=LINE('Line',#2164,#2166) ;
#2174=LINE('Line',#2171,#2173) ;
#2195=LINE('Line',#2192,#2194) ;
#2202=LINE('Line',#2199,#2201) ;
#2219=LINE('Line',#2216,#2218) ;
#2226=LINE('Line',#2223,#2225) ;
#2243=LINE('Line',#2240,#2242) ;
#2252=LINE('Line',#2249,#2251) ;
#2259=LINE('Line',#2256,#2258) ;
#2264=LINE('Line',#2261,#2263) ;
#2271=LINE('Line',#2268,#2270) ;
#2292=LINE('Line',#2289,#2291) ;
#2301=LINE('Line',#2298,#2300) ;
#2306=LINE('Line',#2303,#2305) ;
#2323=LINE('Line',#2320,#2322) ;
#2332=LINE('Line',#2329,#2331) ;
#2339=LINE('Line',#2336,#2338) ;
#2346=LINE('Line',#2343,#2345) ;
#2351=LINE('Line',#2348,#2350) ;
#2358=LINE('Line',#2355,#2357) ;
#2379=LINE('Line',#2376,#2378) ;
#2386=LINE('Line',#2383,#2385) ;
#2403=LINE('Line',#2400,#2402) ;
#2410=LINE('Line',#2407,#2409) ;
#2427=LINE('Line',#2424,#2426) ;
#2436=LINE('Line',#2433,#2435) ;
#2443=LINE('Line',#2440,#2442) ;
#2450=LINE('Line',#2447,#2449) ;
#2455=LINE('Line',#2452,#2454) ;
#2462=LINE('Line',#2459,#2461) ;
#2483=LINE('Line',#2480,#2482) ;
#2500=LINE('Line',#2497,#2499) ;
#2509=LINE('Line',#2506,#2508) ;
#2514=LINE('Line',#2511,#2513) ;
#2531=LINE('Line',#2528,#2530) ;
#2538=LINE('Line',#2535,#2537) ;
#2555=LINE('Line',#2552,#2554) ;
#2564=LINE('Line',#2561,#2563) ;
#2571=LINE('Line',#2568,#2570) ;
#2578=LINE('Line',#2575,#2577) ;
#2583=LINE('Line',#2580,#2582) ;
#2590=LINE('Line',#2587,#2589) ;
#2611=LINE('Line',#2608,#2610) ;
#2618=LINE('Line',#2615,#2617) ;
#2635=LINE('Line',#2632,#2634) ;
#2642=LINE('Line',#2639,#2641) ;
#2659=LINE('Line',#2656,#2658) ;
#2668=LINE('Line',#2665,#2667) ;
#2675=LINE('Line',#2672,#2674) ;
#2680=LINE('Line',#2677,#2679) ;
#2687=LINE('Line',#2684,#2686) ;
#2708=LINE('Line',#2705,#2707) ;
#2717=LINE('Line',#2714,#2716) ;
#2722=LINE('Line',#2719,#2721) ;
#2739=LINE('Line',#2736,#2738) ;
#2748=LINE('Line',#2745,#2747) ;
#2755=LINE('Line',#2752,#2754) ;
#2762=LINE('Line',#2759,#2761) ;
#2767=LINE('Line',#2764,#2766) ;
#2774=LINE('Line',#2771,#2773) ;
#2795=LINE('Line',#2792,#2794) ;
#2802=LINE('Line',#2799,#2801) ;
#2819=LINE('Line',#2816,#2818) ;
#2826=LINE('Line',#2823,#2825) ;
#2843=LINE('Line',#2840,#2842) ;
#2852=LINE('Line',#2849,#2851) ;
#2859=LINE('Line',#2856,#2858) ;
#2866=LINE('Line',#2863,#2865) ;
#2871=LINE('Line',#2868,#2870) ;
#2878=LINE('Line',#2875,#2877) ;
#2899=LINE('Line',#2896,#2898) ;
#2916=LINE('Line',#2913,#2915) ;
#2925=LINE('Line',#2922,#2924) ;
#2930=LINE('Line',#2927,#2929) ;
#2947=LINE('Line',#2944,#2946) ;
#2954=LINE('Line',#2951,#2953) ;
#2971=LINE('Line',#2968,#2970) ;
#2980=LINE('Line',#2977,#2979) ;
#2987=LINE('Line',#2984,#2986) ;
#2994=LINE('Line',#2991,#2993) ;
#2999=LINE('Line',#2996,#2998) ;
#3006=LINE('Line',#3003,#3005) ;
#3027=LINE('Line',#3024,#3026) ;
#3034=LINE('Line',#3031,#3033) ;
#3051=LINE('Line',#3048,#3050) ;
#3058=LINE('Line',#3055,#3057) ;
#3075=LINE('Line',#3072,#3074) ;
#3084=LINE('Line',#3081,#3083) ;
#3091=LINE('Line',#3088,#3090) ;
#3096=LINE('Line',#3093,#3095) ;
#3103=LINE('Line',#3100,#3102) ;
#3124=LINE('Line',#3121,#3123) ;
#3133=LINE('Line',#3130,#3132) ;
#3138=LINE('Line',#3135,#3137) ;
#3155=LINE('Line',#3152,#3154) ;
#3164=LINE('Line',#3161,#3163) ;
#3171=LINE('Line',#3168,#3170) ;
#3178=LINE('Line',#3175,#3177) ;
#3183=LINE('Line',#3180,#3182) ;
#3190=LINE('Line',#3187,#3189) ;
#3211=LINE('Line',#3208,#3210) ;
#3218=LINE('Line',#3215,#3217) ;
#3235=LINE('Line',#3232,#3234) ;
#3242=LINE('Line',#3239,#3241) ;
#3259=LINE('Line',#3256,#3258) ;
#3268=LINE('Line',#3265,#3267) ;
#3275=LINE('Line',#3272,#3274) ;
#3282=LINE('Line',#3279,#3281) ;
#3287=LINE('Line',#3284,#3286) ;
#3294=LINE('Line',#3291,#3293) ;
#3315=LINE('Line',#3312,#3314) ;
#3332=LINE('Line',#3329,#3331) ;
#3339=LINE('Line',#3336,#3338) ;
#3356=LINE('Line',#3353,#3355) ;
#3373=LINE('Line',#3370,#3372) ;
#3382=LINE('Line',#3379,#3381) ;
#3389=LINE('Line',#3386,#3388) ;
#3396=LINE('Line',#3393,#3395) ;
#3403=LINE('Line',#3400,#3402) ;
#3410=LINE('Line',#3407,#3409) ;
#3417=LINE('Line',#3414,#3416) ;
#3424=LINE('Line',#3421,#3423) ;
#3431=LINE('Line',#3428,#3430) ;
#3438=LINE('Line',#3435,#3437) ;
#3445=LINE('Line',#3442,#3444) ;
#3452=LINE('Line',#3449,#3451) ;
#3471=LINE('Line',#3468,#3470) ;
#3476=LINE('Line',#3473,#3475) ;
#3487=LINE('Line',#3484,#3486) ;
#3492=LINE('Line',#3489,#3491) ;
#3503=LINE('Line',#3500,#3502) ;
#3508=LINE('Line',#3505,#3507) ;
#3519=LINE('Line',#3516,#3518) ;
#3524=LINE('Line',#3521,#3523) ;
#3535=LINE('Line',#3532,#3534) ;
#3540=LINE('Line',#3537,#3539) ;
#3551=LINE('Line',#3548,#3550) ;
#3556=LINE('Line',#3553,#3555) ;
#3567=LINE('Line',#3564,#3566) ;
#3572=LINE('Line',#3569,#3571) ;
#3583=LINE('Line',#3580,#3582) ;
#3588=LINE('Line',#3585,#3587) ;
#3599=LINE('Line',#3596,#3598) ;
#3604=LINE('Line',#3601,#3603) ;
#3615=LINE('Line',#3612,#3614) ;
#3620=LINE('Line',#3617,#3619) ;
#3631=LINE('Line',#3628,#3630) ;
#3636=LINE('Line',#3633,#3635) ;
#3647=LINE('Line',#3644,#3646) ;
#3664=LINE('Line',#3661,#3663) ;
#3694=LINE('Line',#3691,#3693) ;
#3711=LINE('Line',#3708,#3710) ;
#3728=LINE('Line',#3725,#3727) ;
#3737=LINE('Line',#3734,#3736) ;
#3744=LINE('Line',#3741,#3743) ;
#3751=LINE('Line',#3748,#3750) ;
#3774=LINE('Line',#3771,#3773) ;
#3792=LINE('Line',#3789,#3791) ;
#3834=LINE('Line',#3831,#3833) ;
#3852=LINE('Line',#3849,#3851) ;
#3894=LINE('Line',#3891,#3893) ;
#3912=LINE('Line',#3909,#3911) ;
#3954=LINE('Line',#3951,#3953) ;
#3972=LINE('Line',#3969,#3971) ;
#4014=LINE('Line',#4011,#4013) ;
#4032=LINE('Line',#4029,#4031) ;
#4074=LINE('Line',#4071,#4073) ;
#4092=LINE('Line',#4089,#4091) ;
#4134=LINE('Line',#4131,#4133) ;
#4152=LINE('Line',#4149,#4151) ;
#4194=LINE('Line',#4191,#4193) ;
#4212=LINE('Line',#4209,#4211) ;
#4254=LINE('Line',#4251,#4253) ;
#4272=LINE('Line',#4269,#4271) ;
#4314=LINE('Line',#4311,#4313) ;
#4332=LINE('Line',#4329,#4331) ;
#4374=LINE('Line',#4371,#4373) ;
#4392=LINE('Line',#4389,#4391) ;
#4434=LINE('Line',#4431,#4433) ;
#4441=LINE('Line',#4438,#4440) ;
#4448=LINE('Line',#4445,#4447) ;
#4455=LINE('Line',#4452,#4454) ;
#4462=LINE('Line',#4459,#4461) ;
#4469=LINE('Line',#4466,#4468) ;
#4476=LINE('Line',#4473,#4475) ;
#4483=LINE('Line',#4480,#4482) ;
#4490=LINE('Line',#4487,#4489) ;
#4513=LINE('Line',#4510,#4512) ;
#4520=LINE('Line',#4517,#4519) ;
#4537=LINE('Line',#4534,#4536) ;
#4544=LINE('Line',#4541,#4543) ;
#4551=LINE('Line',#4548,#4550) ;
#4558=LINE('Line',#4555,#4557) ;
#4565=LINE('Line',#4562,#4564) ;
#4585=LINE('Line',#4582,#4584) ;
#4594=LINE('Line',#4591,#4593) ;
#4601=LINE('Line',#4598,#4600) ;
#4606=LINE('Line',#4603,#4605) ;
#4613=LINE('Line',#4610,#4612) ;
#4620=LINE('Line',#4617,#4619) ;
#4625=LINE('Line',#4622,#4624) ;
#4630=LINE('Line',#4627,#4629) ;
#4637=LINE('Line',#4634,#4636) ;
#4644=LINE('Line',#4641,#4643) ;
#4665=LINE('Line',#4662,#4664) ;
#4674=LINE('Line',#4671,#4673) ;
#4681=LINE('Line',#4678,#4680) ;
#4688=LINE('Line',#4685,#4687) ;
#4705=LINE('Line',#4702,#4704) ;
#4712=LINE('Line',#4709,#4711) ;
#4719=LINE('Line',#4716,#4718) ;
#4726=LINE('Line',#4723,#4725) ;
#4733=LINE('Line',#4730,#4732) ;
#4753=LINE('Line',#4750,#4752) ;
#4760=LINE('Line',#4757,#4759) ;
#4777=LINE('Line',#4774,#4776) ;
#4784=LINE('Line',#4781,#4783) ;
#4789=LINE('Line',#4786,#4788) ;
#4796=LINE('Line',#4793,#4795) ;
#4803=LINE('Line',#4800,#4802) ;
#4810=LINE('Line',#4807,#4809) ;
#4817=LINE('Line',#4814,#4816) ;
#4840=LINE('Line',#4837,#4839) ;
#4847=LINE('Line',#4844,#4846) ;
#4864=LINE('Line',#4861,#4863) ;
#4871=LINE('Line',#4868,#4870) ;
#4878=LINE('Line',#4875,#4877) ;
#4885=LINE('Line',#4882,#4884) ;
#4892=LINE('Line',#4889,#4891) ;
#4912=LINE('Line',#4909,#4911) ;
#4919=LINE('Line',#4916,#4918) ;
#4926=LINE('Line',#4923,#4925) ;
#4931=LINE('Line',#4928,#4930) ;
#4936=LINE('Line',#4933,#4935) ;
#4941=LINE('Line',#4938,#4940) ;
#4948=LINE('Line',#4945,#4947) ;
#4955=LINE('Line',#4952,#4954) ;
#4962=LINE('Line',#4959,#4961) ;
#4983=LINE('Line',#4980,#4982) ;
#4992=LINE('Line',#4989,#4991) ;
#4999=LINE('Line',#4996,#4998) ;
#5006=LINE('Line',#5003,#5005) ;
#5023=LINE('Line',#5020,#5022) ;
#5030=LINE('Line',#5027,#5029) ;
#5037=LINE('Line',#5034,#5036) ;
#5044=LINE('Line',#5041,#5043) ;
#5051=LINE('Line',#5048,#5050) ;
#5071=LINE('Line',#5068,#5070) ;
#5112=LINE('Line',#5109,#5111) ;
#5119=LINE('Line',#5116,#5118) ;
#5126=LINE('Line',#5123,#5125) ;
#5145=LINE('Line',#5142,#5144) ;
#5162=LINE('Line',#5159,#5161) ;
#5169=LINE('Line',#5166,#5168) ;
#5186=LINE('Line',#5183,#5185) ;
#5193=LINE('Line',#5190,#5192) ;
#5212=LINE('Line',#5209,#5211) ;
#5219=LINE('Line',#5216,#5218) ;
#5236=LINE('Line',#5233,#5235) ;
#5243=LINE('Line',#5240,#5242) ;
#5260=LINE('Line',#5257,#5259) ;
#5277=LINE('Line',#5274,#5276) ;
#5286=LINE('Line',#5283,#5285) ;
#5293=LINE('Line',#5290,#5292) ;
#5300=LINE('Line',#5297,#5299) ;
#5305=LINE('Line',#5302,#5304) ;
#5324=LINE('Line',#5321,#5323) ;
#5355=LINE('Line',#5352,#5354) ;
#5372=LINE('Line',#5369,#5371) ;
#5379=LINE('Line',#5376,#5378) ;
#5386=LINE('Line',#5383,#5385) ;
#5403=LINE('Line',#5400,#5402) ;
#5410=LINE('Line',#5407,#5409) ;
#5427=LINE('Line',#5424,#5426) ;
#5434=LINE('Line',#5431,#5433) ;
#5451=LINE('Line',#5448,#5450) ;
#5468=LINE('Line',#5465,#5467) ;
#5485=LINE('Line',#5482,#5484) ;
#5516=LINE('Line',#5513,#5515) ;
#5523=LINE('Line',#5520,#5522) ;
#5540=LINE('Line',#5537,#5539) ;
#5547=LINE('Line',#5544,#5546) ;
#5566=LINE('Line',#5563,#5565) ;
#5573=LINE('Line',#5570,#5572) ;
#5590=LINE('Line',#5587,#5589) ;
#5597=LINE('Line',#5594,#5596) ;
#5614=LINE('Line',#5611,#5613) ;
#5645=LINE('Line',#5642,#5644) ;
#5652=LINE('Line',#5649,#5651) ;
#5659=LINE('Line',#5656,#5658) ;
#5678=LINE('Line',#5675,#5677) ;
#5695=LINE('Line',#5692,#5694) ;
#5702=LINE('Line',#5699,#5701) ;
#5709=LINE('Line',#5706,#5708) ;
#5726=LINE('Line',#5723,#5725) ;
#5733=LINE('Line',#5730,#5732) ;
#5750=LINE('Line',#5747,#5749) ;
#5757=LINE('Line',#5754,#5756) ;
#5774=LINE('Line',#5771,#5773) ;
#5791=LINE('Line',#5788,#5790) ;
#5877=LINE('Line',#5874,#5876) ;
#5886=LINE('Line',#5883,#5885) ;
#5893=LINE('Line',#5890,#5892) ;
#5900=LINE('Line',#5897,#5899) ;
#5917=LINE('Line',#5914,#5916) ;
#5942=LINE('Line',#5939,#5941) ;
#5965=LINE('Line',#5962,#5964) ;
#5972=LINE('Line',#5969,#5971) ;
#5993=LINE('Line',#5990,#5992) ;
#6016=LINE('Line',#6013,#6015) ;
#6023=LINE('Line',#6020,#6022) ;
#6046=LINE('Line',#6043,#6045) ;
#6053=LINE('Line',#6050,#6052) ;
#6060=LINE('Line',#6057,#6059) ;
#6067=LINE('Line',#6064,#6066) ;
#6074=LINE('Line',#6071,#6073) ;
#6097=LINE('Line',#6094,#6096) ;
#6130=LINE('Line',#6127,#6129) ;
#6139=LINE('Line',#6136,#6138) ;
#6146=LINE('Line',#6143,#6145) ;
#6166=LINE('Line',#6163,#6165) ;
#6197=LINE('Line',#6194,#6196) ;
#6233=LINE('Line',#6230,#6232) ;
#6258=LINE('Line',#6255,#6257) ;
#6265=LINE('Line',#6262,#6264) ;
#6288=LINE('Line',#6285,#6287) ;
#6295=LINE('Line',#6292,#6294) ;
#6302=LINE('Line',#6299,#6301) ;
#6309=LINE('Line',#6306,#6308) ;
#6316=LINE('Line',#6313,#6315) ;
#6339=LINE('Line',#6336,#6338) ;
#6346=LINE('Line',#6343,#6345) ;
#6369=LINE('Line',#6366,#6368) ;
#6390=LINE('Line',#6387,#6389) ;
#6397=LINE('Line',#6394,#6396) ;
#6446=LINE('Line',#6443,#6445) ;
#6463=LINE('Line',#6460,#6462) ;
#6468=LINE('Line',#6465,#6467) ;
#6485=LINE('Line',#6482,#6484) ;
#6502=LINE('Line',#6499,#6501) ;
#6519=LINE('Line',#6516,#6518) ;
#6536=LINE('Line',#6533,#6535) ;
#6560=LINE('Line',#6557,#6559) ;
#6577=LINE('Line',#6574,#6576) ;
#6594=LINE('Line',#6591,#6593) ;
#6611=LINE('Line',#6608,#6610) ;
#6628=LINE('Line',#6625,#6627) ;
#6645=LINE('Line',#6642,#6644) ;
#6662=LINE('Line',#6659,#6661) ;
#6679=LINE('Line',#6676,#6678) ;
#6696=LINE('Line',#6693,#6695) ;
#6713=LINE('Line',#6710,#6712) ;
#6730=LINE('Line',#6727,#6729) ;
#6747=LINE('Line',#6744,#6746) ;
#6808=LINE('Line',#6805,#6807) ;
#6815=LINE('Line',#6812,#6814) ;
#6833=LINE('Line',#6830,#6832) ;
#6875=LINE('Line',#6872,#6874) ;
#6882=LINE('Line',#6879,#6881) ;
#6907=LINE('Line',#6904,#6906) ;
#6924=LINE('Line',#6921,#6923) ;
#6931=LINE('Line',#6928,#6930) ;
#6965=LINE('Line',#6962,#6964) ;
#6972=LINE('Line',#6969,#6971) ;
#7006=LINE('Line',#7003,#7005) ;
#5838=NEXT_ASSEMBLY_USAGE_OCCURRENCE('690357281276','690357281276','690357281276',#13,#27,' ') ;
#7035=NEXT_ASSEMBLY_USAGE_OCCURRENCE('Pin','Pin','Pin',#13,#5857,' ') ;
#7050=NEXT_ASSEMBLY_USAGE_OCCURRENCE('Pin','Pin','Pin',#13,#5857,' ') ;
#7063=NEXT_ASSEMBLY_USAGE_OCCURRENCE('Pin','Pin','Pin',#13,#5857,' ') ;
#7076=NEXT_ASSEMBLY_USAGE_OCCURRENCE('Pin','Pin','Pin',#13,#5857,' ') ;
#7089=NEXT_ASSEMBLY_USAGE_OCCURRENCE('Pin','Pin','Pin',#13,#5857,' ') ;
#7102=NEXT_ASSEMBLY_USAGE_OCCURRENCE('Pin','Pin','Pin',#13,#5857,' ') ;
#7115=NEXT_ASSEMBLY_USAGE_OCCURRENCE('Pin','Pin','Pin',#13,#5857,' ') ;
#7128=NEXT_ASSEMBLY_USAGE_OCCURRENCE('Pin','Pin','Pin',#13,#5857,' ') ;
#7141=NEXT_ASSEMBLY_USAGE_OCCURRENCE('Pin','Pin','Pin',#13,#5857,' ') ;
#7154=NEXT_ASSEMBLY_USAGE_OCCURRENCE('Pin','Pin','Pin',#13,#5857,' ') ;
#7167=NEXT_ASSEMBLY_USAGE_OCCURRENCE('Pin','Pin','Pin',#13,#5857,' ') ;
#7180=NEXT_ASSEMBLY_USAGE_OCCURRENCE('Pin','Pin','Pin',#13,#5857,' ') ;
#43=PLANE('Plane',#42) ;
#83=PLANE('Plane',#82) ;
#122=PLANE('Plane',#121) ;
#146=PLANE('Plane',#145) ;
#770=PLANE('Plane',#769) ;
#819=PLANE('Plane',#818) ;
#843=PLANE('Plane',#842) ;
#885=PLANE('Plane',#884) ;
#974=PLANE('Plane',#973) ;
#1040=PLANE('Plane',#1039) ;
#1071=PLANE('Plane',#1070) ;
#1127=PLANE('Plane',#1126) ;
#1151=PLANE('Plane',#1150) ;
#1175=PLANE('Plane',#1174) ;
#1231=PLANE('Plane',#1230) ;
#1248=PLANE('Plane',#1247) ;
#1279=PLANE('Plane',#1278) ;
#1303=PLANE('Plane',#1302) ;
#1359=PLANE('Plane',#1358) ;
#1383=PLANE('Plane',#1382) ;
#1407=PLANE('Plane',#1406) ;
#1456=PLANE('Plane',#1455) ;
#1487=PLANE('Plane',#1486) ;
#1543=PLANE('Plane',#1542) ;
#1567=PLANE('Plane',#1566) ;
#1591=PLANE('Plane',#1590) ;
#1647=PLANE('Plane',#1646) ;
#1664=PLANE('Plane',#1663) ;
#1695=PLANE('Plane',#1694) ;
#1719=PLANE('Plane',#1718) ;
#1775=PLANE('Plane',#1774) ;
#1799=PLANE('Plane',#1798) ;
#1823=PLANE('Plane',#1822) ;
#1872=PLANE('Plane',#1871) ;
#1903=PLANE('Plane',#1902) ;
#1959=PLANE('Plane',#1958) ;
#1983=PLANE('Plane',#1982) ;
#2007=PLANE('Plane',#2006) ;
#2063=PLANE('Plane',#2062) ;
#2080=PLANE('Plane',#2079) ;
#2111=PLANE('Plane',#2110) ;
#2135=PLANE('Plane',#2134) ;
#2191=PLANE('Plane',#2190) ;
#2215=PLANE('Plane',#2214) ;
#2239=PLANE('Plane',#2238) ;
#2288=PLANE('Plane',#2287) ;
#2319=PLANE('Plane',#2318) ;
#2375=PLANE('Plane',#2374) ;
#2399=PLANE('Plane',#2398) ;
#2423=PLANE('Plane',#2422) ;
#2479=PLANE('Plane',#2478) ;
#2496=PLANE('Plane',#2495) ;
#2527=PLANE('Plane',#2526) ;
#2551=PLANE('Plane',#2550) ;
#2607=PLANE('Plane',#2606) ;
#2631=PLANE('Plane',#2630) ;
#2655=PLANE('Plane',#2654) ;
#2704=PLANE('Plane',#2703) ;
#2735=PLANE('Plane',#2734) ;
#2791=PLANE('Plane',#2790) ;
#2815=PLANE('Plane',#2814) ;
#2839=PLANE('Plane',#2838) ;
#2895=PLANE('Plane',#2894) ;
#2912=PLANE('Plane',#2911) ;
#2943=PLANE('Plane',#2942) ;
#2967=PLANE('Plane',#2966) ;
#3023=PLANE('Plane',#3022) ;
#3047=PLANE('Plane',#3046) ;
#3071=PLANE('Plane',#3070) ;
#3120=PLANE('Plane',#3119) ;
#3151=PLANE('Plane',#3150) ;
#3207=PLANE('Plane',#3206) ;
#3231=PLANE('Plane',#3230) ;
#3255=PLANE('Plane',#3254) ;
#3311=PLANE('Plane',#3310) ;
#3328=PLANE('Plane',#3327) ;
#3352=PLANE('Plane',#3351) ;
#3369=PLANE('Plane',#3368) ;
#3660=PLANE('Plane',#3659) ;
#3678=PLANE('Plane',#3677) ;
#3690=PLANE('Plane',#3689) ;
#3707=PLANE('Plane',#3706) ;
#3724=PLANE('Plane',#3723) ;
#3770=PLANE('Plane',#3769) ;
#3788=PLANE('Plane',#3787) ;
#3805=PLANE('Plane',#3804) ;
#3818=PLANE('Plane',#3817) ;
#3830=PLANE('Plane',#3829) ;
#3848=PLANE('Plane',#3847) ;
#3865=PLANE('Plane',#3864) ;
#3878=PLANE('Plane',#3877) ;
#3890=PLANE('Plane',#3889) ;
#3908=PLANE('Plane',#3907) ;
#3925=PLANE('Plane',#3924) ;
#3938=PLANE('Plane',#3937) ;
#3950=PLANE('Plane',#3949) ;
#3968=PLANE('Plane',#3967) ;
#3985=PLANE('Plane',#3984) ;
#3998=PLANE('Plane',#3997) ;
#4010=PLANE('Plane',#4009) ;
#4028=PLANE('Plane',#4027) ;
#4045=PLANE('Plane',#4044) ;
#4058=PLANE('Plane',#4057) ;
#4070=PLANE('Plane',#4069) ;
#4088=PLANE('Plane',#4087) ;
#4105=PLANE('Plane',#4104) ;
#4118=PLANE('Plane',#4117) ;
#4130=PLANE('Plane',#4129) ;
#4148=PLANE('Plane',#4147) ;
#4165=PLANE('Plane',#4164) ;
#4178=PLANE('Plane',#4177) ;
#4190=PLANE('Plane',#4189) ;
#4208=PLANE('Plane',#4207) ;
#4225=PLANE('Plane',#4224) ;
#4238=PLANE('Plane',#4237) ;
#4250=PLANE('Plane',#4249) ;
#4268=PLANE('Plane',#4267) ;
#4285=PLANE('Plane',#4284) ;
#4298=PLANE('Plane',#4297) ;
#4310=PLANE('Plane',#4309) ;
#4328=PLANE('Plane',#4327) ;
#4345=PLANE('Plane',#4344) ;
#4358=PLANE('Plane',#4357) ;
#4370=PLANE('Plane',#4369) ;
#4388=PLANE('Plane',#4387) ;
#4405=PLANE('Plane',#4404) ;
#4418=PLANE('Plane',#4417) ;
#4430=PLANE('Plane',#4429) ;
#4509=PLANE('Plane',#4508) ;
#4533=PLANE('Plane',#4532) ;
#4581=PLANE('Plane',#4580) ;
#4701=PLANE('Plane',#4700) ;
#4749=PLANE('Plane',#4748) ;
#4773=PLANE('Plane',#4772) ;
#4836=PLANE('Plane',#4835) ;
#4860=PLANE('Plane',#4859) ;
#4908=PLANE('Plane',#4907) ;
#5019=PLANE('Plane',#5018) ;
#5067=PLANE('Plane',#5066) ;
#5084=PLANE('Plane',#5083) ;
#5096=PLANE('Plane',#5095) ;
#5108=PLANE('Plane',#5107) ;
#5141=PLANE('Plane',#5140) ;
#5158=PLANE('Plane',#5157) ;
#5182=PLANE('Plane',#5181) ;
#5208=PLANE('Plane',#5207) ;
#5232=PLANE('Plane',#5231) ;
#5256=PLANE('Plane',#5255) ;
#5273=PLANE('Plane',#5272) ;
#5320=PLANE('Plane',#5319) ;
#5337=PLANE('Plane',#5336) ;
#5351=PLANE('Plane',#5350) ;
#5368=PLANE('Plane',#5367) ;
#5399=PLANE('Plane',#5398) ;
#5423=PLANE('Plane',#5422) ;
#5447=PLANE('Plane',#5446) ;
#5464=PLANE('Plane',#5463) ;
#5481=PLANE('Plane',#5480) ;
#5498=PLANE('Plane',#5497) ;
#5512=PLANE('Plane',#5511) ;
#5536=PLANE('Plane',#5535) ;
#5562=PLANE('Plane',#5561) ;
#5586=PLANE('Plane',#5585) ;
#5610=PLANE('Plane',#5609) ;
#5627=PLANE('Plane',#5626) ;
#5641=PLANE('Plane',#5640) ;
#5674=PLANE('Plane',#5673) ;
#5691=PLANE('Plane',#5690) ;
#5722=PLANE('Plane',#5721) ;
#5746=PLANE('Plane',#5745) ;
#5770=PLANE('Plane',#5769) ;
#5787=PLANE('Plane',#5786) ;
#5804=PLANE('Plane',#5803) ;
#5816=PLANE('Plane',#5815) ;
#5828=PLANE('Plane',#5827) ;
#5873=PLANE('Plane',#5872) ;
#5913=PLANE('Plane',#5912) ;
#6126=PLANE('Plane',#6125) ;
#6229=PLANE('Plane',#6228) ;
#6459=PLANE('Plane',#6458) ;
#6498=PLANE('Plane',#6497) ;
#6532=PLANE('Plane',#6531) ;
#6573=PLANE('Plane',#6572) ;
#6607=PLANE('Plane',#6606) ;
#6624=PLANE('Plane',#6623) ;
#6658=PLANE('Plane',#6657) ;
#6675=PLANE('Plane',#6674) ;
#6692=PLANE('Plane',#6691) ;
#6709=PLANE('Plane',#6708) ;
#6726=PLANE('Plane',#6725) ;
#6760=PLANE('Plane',#6759) ;
#6772=PLANE('Plane',#6771) ;
#6855=PLANE('Plane',#6854) ;
#6920=PLANE('Plane',#6919) ;
#6961=PLANE('Plane',#6960) ;
#7002=PLANE('Plane',#7001) ;
#19=PLANE_ANGLE_MEASURE_WITH_UNIT(PLANE_ANGLE_MEASURE(0.0174532925199),#18) ;
#9=PRODUCT_CATEGORY_RELATIONSHIP(' ',' ',#7,#8) ;
#12=PRODUCT_CATEGORY_RELATIONSHIP(' ',' ',#10,#11) ;
#6=PRODUCT_DEFINITION_FORMATION_WITH_SPECIFIED_SOURCE('',' ',#5,.NOT_KNOWN.) ;
#26=PRODUCT_DEFINITION_FORMATION_WITH_SPECIFIED_SOURCE('',' ',#25,.NOT_KNOWN.) ;
#5856=PRODUCT_DEFINITION_FORMATION_WITH_SPECIFIED_SOURCE('',' ',#5855,.NOT_KNOWN.) ;
#14=SHAPE_DEFINITION_REPRESENTATION(#16,#15) ;
#24=SHAPE_DEFINITION_REPRESENTATION(#28,#23) ;
#5854=SHAPE_DEFINITION_REPRESENTATION(#5858,#5853) ;
#49=VERTEX_POINT('',#48) ;
#51=VERTEX_POINT('',#50) ;
#58=VERTEX_POINT('',#57) ;
#65=VERTEX_POINT('',#64) ;
#89=VERTEX_POINT('',#88) ;
#96=VERTEX_POINT('',#95) ;
#103=VERTEX_POINT('',#102) ;
#128=VERTEX_POINT('',#127) ;
#152=VERTEX_POINT('',#151) ;
#154=VERTEX_POINT('',#153) ;
#161=VERTEX_POINT('',#160) ;
#168=VERTEX_POINT('',#167) ;
#186=VERTEX_POINT('',#185) ;
#188=VERTEX_POINT('',#187) ;
#195=VERTEX_POINT('',#194) ;
#202=VERTEX_POINT('',#201) ;
#209=VERTEX_POINT('',#208) ;
#216=VERTEX_POINT('',#215) ;
#236=VERTEX_POINT('',#235) ;
#238=VERTEX_POINT('',#237) ;
#245=VERTEX_POINT('',#244) ;
#252=VERTEX_POINT('',#251) ;
#259=VERTEX_POINT('',#258) ;
#266=VERTEX_POINT('',#265) ;
#286=VERTEX_POINT('',#285) ;
#288=VERTEX_POINT('',#287) ;
#295=VERTEX_POINT('',#294) ;
#302=VERTEX_POINT('',#301) ;
#309=VERTEX_POINT('',#308) ;
#316=VERTEX_POINT('',#315) ;
#336=VERTEX_POINT('',#335) ;
#338=VERTEX_POINT('',#337) ;
#345=VERTEX_POINT('',#344) ;
#352=VERTEX_POINT('',#351) ;
#359=VERTEX_POINT('',#358) ;
#366=VERTEX_POINT('',#365) ;
#386=VERTEX_POINT('',#385) ;
#388=VERTEX_POINT('',#387) ;
#395=VERTEX_POINT('',#394) ;
#402=VERTEX_POINT('',#401) ;
#409=VERTEX_POINT('',#408) ;
#416=VERTEX_POINT('',#415) ;
#436=VERTEX_POINT('',#435) ;
#438=VERTEX_POINT('',#437) ;
#445=VERTEX_POINT('',#444) ;
#452=VERTEX_POINT('',#451) ;
#459=VERTEX_POINT('',#458) ;
#466=VERTEX_POINT('',#465) ;
#486=VERTEX_POINT('',#485) ;
#488=VERTEX_POINT('',#487) ;
#495=VERTEX_POINT('',#494) ;
#502=VERTEX_POINT('',#501) ;
#509=VERTEX_POINT('',#508) ;
#516=VERTEX_POINT('',#515) ;
#536=VERTEX_POINT('',#535) ;
#538=VERTEX_POINT('',#537) ;
#545=VERTEX_POINT('',#544) ;
#552=VERTEX_POINT('',#551) ;
#559=VERTEX_POINT('',#558) ;
#566=VERTEX_POINT('',#565) ;
#586=VERTEX_POINT('',#585) ;
#588=VERTEX_POINT('',#587) ;
#595=VERTEX_POINT('',#594) ;
#602=VERTEX_POINT('',#601) ;
#609=VERTEX_POINT('',#608) ;
#616=VERTEX_POINT('',#615) ;
#636=VERTEX_POINT('',#635) ;
#638=VERTEX_POINT('',#637) ;
#645=VERTEX_POINT('',#644) ;
#652=VERTEX_POINT('',#651) ;
#659=VERTEX_POINT('',#658) ;
#666=VERTEX_POINT('',#665) ;
#686=VERTEX_POINT('',#685) ;
#688=VERTEX_POINT('',#687) ;
#695=VERTEX_POINT('',#694) ;
#702=VERTEX_POINT('',#701) ;
#709=VERTEX_POINT('',#708) ;
#716=VERTEX_POINT('',#715) ;
#736=VERTEX_POINT('',#735) ;
#743=VERTEX_POINT('',#742) ;
#750=VERTEX_POINT('',#749) ;
#776=VERTEX_POINT('',#775) ;
#778=VERTEX_POINT('',#777) ;
#790=VERTEX_POINT('',#789) ;
#797=VERTEX_POINT('',#796) ;
#825=VERTEX_POINT('',#824) ;
#849=VERTEX_POINT('',#848) ;
#856=VERTEX_POINT('',#855) ;
#863=VERTEX_POINT('',#862) ;
#891=VERTEX_POINT('',#890) ;
#893=VERTEX_POINT('',#892) ;
#923=VERTEX_POINT('',#922) ;
#930=VERTEX_POINT('',#929) ;
#956=VERTEX_POINT('',#955) ;
#980=VERTEX_POINT('',#979) ;
#987=VERTEX_POINT('',#986) ;
#994=VERTEX_POINT('',#993) ;
#1046=VERTEX_POINT('',#1045) ;
#1048=VERTEX_POINT('',#1047) ;
#1077=VERTEX_POINT('',#1076) ;
#1079=VERTEX_POINT('',#1078) ;
#1086=VERTEX_POINT('',#1085) ;
#1093=VERTEX_POINT('',#1092) ;
#1105=VERTEX_POINT('',#1104) ;
#1133=VERTEX_POINT('',#1132) ;
#1157=VERTEX_POINT('',#1156) ;
#1181=VERTEX_POINT('',#1180) ;
#1183=VERTEX_POINT('',#1182) ;
#1190=VERTEX_POINT('',#1189) ;
#1197=VERTEX_POINT('',#1196) ;
#1209=VERTEX_POINT('',#1208) ;
#1254=VERTEX_POINT('',#1253) ;
#1256=VERTEX_POINT('',#1255) ;
#1285=VERTEX_POINT('',#1284) ;
#1309=VERTEX_POINT('',#1308) ;
#1311=VERTEX_POINT('',#1310) ;
#1318=VERTEX_POINT('',#1317) ;
#1325=VERTEX_POINT('',#1324) ;
#1337=VERTEX_POINT('',#1336) ;
#1365=VERTEX_POINT('',#1364) ;
#1389=VERTEX_POINT('',#1388) ;
#1413=VERTEX_POINT('',#1412) ;
#1415=VERTEX_POINT('',#1414) ;
#1422=VERTEX_POINT('',#1421) ;
#1434=VERTEX_POINT('',#1433) ;
#1462=VERTEX_POINT('',#1461) ;
#1464=VERTEX_POINT('',#1463) ;
#1493=VERTEX_POINT('',#1492) ;
#1495=VERTEX_POINT('',#1494) ;
#1502=VERTEX_POINT('',#1501) ;
#1509=VERTEX_POINT('',#1508) ;
#1521=VERTEX_POINT('',#1520) ;
#1549=VERTEX_POINT('',#1548) ;
#1573=VERTEX_POINT('',#1572) ;
#1597=VERTEX_POINT('',#1596) ;
#1599=VERTEX_POINT('',#1598) ;
#1606=VERTEX_POINT('',#1605) ;
#1613=VERTEX_POINT('',#1612) ;
#1625=VERTEX_POINT('',#1624) ;
#1670=VERTEX_POINT('',#1669) ;
#1672=VERTEX_POINT('',#1671) ;
#1701=VERTEX_POINT('',#1700) ;
#1725=VERTEX_POINT('',#1724) ;
#1727=VERTEX_POINT('',#1726) ;
#1734=VERTEX_POINT('',#1733) ;
#1741=VERTEX_POINT('',#1740) ;
#1753=VERTEX_POINT('',#1752) ;
#1781=VERTEX_POINT('',#1780) ;
#1805=VERTEX_POINT('',#1804) ;
#1829=VERTEX_POINT('',#1828) ;
#1831=VERTEX_POINT('',#1830) ;
#1838=VERTEX_POINT('',#1837) ;
#1850=VERTEX_POINT('',#1849) ;
#1878=VERTEX_POINT('',#1877) ;
#1880=VERTEX_POINT('',#1879) ;
#1909=VERTEX_POINT('',#1908) ;
#1911=VERTEX_POINT('',#1910) ;
#1918=VERTEX_POINT('',#1917) ;
#1925=VERTEX_POINT('',#1924) ;
#1937=VERTEX_POINT('',#1936) ;
#1965=VERTEX_POINT('',#1964) ;
#1989=VERTEX_POINT('',#1988) ;
#2013=VERTEX_POINT('',#2012) ;
#2015=VERTEX_POINT('',#2014) ;
#2022=VERTEX_POINT('',#2021) ;
#2029=VERTEX_POINT('',#2028) ;
#2041=VERTEX_POINT('',#2040) ;
#2086=VERTEX_POINT('',#2085) ;
#2088=VERTEX_POINT('',#2087) ;
#2117=VERTEX_POINT('',#2116) ;
#2141=VERTEX_POINT('',#2140) ;
#2143=VERTEX_POINT('',#2142) ;
#2150=VERTEX_POINT('',#2149) ;
#2157=VERTEX_POINT('',#2156) ;
#2169=VERTEX_POINT('',#2168) ;
#2197=VERTEX_POINT('',#2196) ;
#2221=VERTEX_POINT('',#2220) ;
#2245=VERTEX_POINT('',#2244) ;
#2247=VERTEX_POINT('',#2246) ;
#2254=VERTEX_POINT('',#2253) ;
#2266=VERTEX_POINT('',#2265) ;
#2294=VERTEX_POINT('',#2293) ;
#2296=VERTEX_POINT('',#2295) ;
#2325=VERTEX_POINT('',#2324) ;
#2327=VERTEX_POINT('',#2326) ;
#2334=VERTEX_POINT('',#2333) ;
#2341=VERTEX_POINT('',#2340) ;
#2353=VERTEX_POINT('',#2352) ;
#2381=VERTEX_POINT('',#2380) ;
#2405=VERTEX_POINT('',#2404) ;
#2429=VERTEX_POINT('',#2428) ;
#2431=VERTEX_POINT('',#2430) ;
#2438=VERTEX_POINT('',#2437) ;
#2445=VERTEX_POINT('',#2444) ;
#2457=VERTEX_POINT('',#2456) ;
#2502=VERTEX_POINT('',#2501) ;
#2504=VERTEX_POINT('',#2503) ;
#2533=VERTEX_POINT('',#2532) ;
#2557=VERTEX_POINT('',#2556) ;
#2559=VERTEX_POINT('',#2558) ;
#2566=VERTEX_POINT('',#2565) ;
#2573=VERTEX_POINT('',#2572) ;
#2585=VERTEX_POINT('',#2584) ;
#2613=VERTEX_POINT('',#2612) ;
#2637=VERTEX_POINT('',#2636) ;
#2661=VERTEX_POINT('',#2660) ;
#2663=VERTEX_POINT('',#2662) ;
#2670=VERTEX_POINT('',#2669) ;
#2682=VERTEX_POINT('',#2681) ;
#2710=VERTEX_POINT('',#2709) ;
#2712=VERTEX_POINT('',#2711) ;
#2741=VERTEX_POINT('',#2740) ;
#2743=VERTEX_POINT('',#2742) ;
#2750=VERTEX_POINT('',#2749) ;
#2757=VERTEX_POINT('',#2756) ;
#2769=VERTEX_POINT('',#2768) ;
#2797=VERTEX_POINT('',#2796) ;
#2821=VERTEX_POINT('',#2820) ;
#2845=VERTEX_POINT('',#2844) ;
#2847=VERTEX_POINT('',#2846) ;
#2854=VERTEX_POINT('',#2853) ;
#2861=VERTEX_POINT('',#2860) ;
#2873=VERTEX_POINT('',#2872) ;
#2918=VERTEX_POINT('',#2917) ;
#2920=VERTEX_POINT('',#2919) ;
#2949=VERTEX_POINT('',#2948) ;
#2973=VERTEX_POINT('',#2972) ;
#2975=VERTEX_POINT('',#2974) ;
#2982=VERTEX_POINT('',#2981) ;
#2989=VERTEX_POINT('',#2988) ;
#3001=VERTEX_POINT('',#3000) ;
#3029=VERTEX_POINT('',#3028) ;
#3053=VERTEX_POINT('',#3052) ;
#3077=VERTEX_POINT('',#3076) ;
#3079=VERTEX_POINT('',#3078) ;
#3086=VERTEX_POINT('',#3085) ;
#3098=VERTEX_POINT('',#3097) ;
#3126=VERTEX_POINT('',#3125) ;
#3128=VERTEX_POINT('',#3127) ;
#3157=VERTEX_POINT('',#3156) ;
#3159=VERTEX_POINT('',#3158) ;
#3166=VERTEX_POINT('',#3165) ;
#3173=VERTEX_POINT('',#3172) ;
#3185=VERTEX_POINT('',#3184) ;
#3213=VERTEX_POINT('',#3212) ;
#3237=VERTEX_POINT('',#3236) ;
#3261=VERTEX_POINT('',#3260) ;
#3263=VERTEX_POINT('',#3262) ;
#3270=VERTEX_POINT('',#3269) ;
#3277=VERTEX_POINT('',#3276) ;
#3289=VERTEX_POINT('',#3288) ;
#3334=VERTEX_POINT('',#3333) ;
#3375=VERTEX_POINT('',#3374) ;
#3377=VERTEX_POINT('',#3376) ;
#3384=VERTEX_POINT('',#3383) ;
#3391=VERTEX_POINT('',#3390) ;
#3398=VERTEX_POINT('',#3397) ;
#3405=VERTEX_POINT('',#3404) ;
#3412=VERTEX_POINT('',#3411) ;
#3419=VERTEX_POINT('',#3418) ;
#3426=VERTEX_POINT('',#3425) ;
#3433=VERTEX_POINT('',#3432) ;
#3440=VERTEX_POINT('',#3439) ;
#3447=VERTEX_POINT('',#3446) ;
#3730=VERTEX_POINT('',#3729) ;
#3732=VERTEX_POINT('',#3731) ;
#3739=VERTEX_POINT('',#3738) ;
#3746=VERTEX_POINT('',#3745) ;
#4436=VERTEX_POINT('',#4435) ;
#4443=VERTEX_POINT('',#4442) ;
#4450=VERTEX_POINT('',#4449) ;
#4457=VERTEX_POINT('',#4456) ;
#4464=VERTEX_POINT('',#4463) ;
#4471=VERTEX_POINT('',#4470) ;
#4478=VERTEX_POINT('',#4477) ;
#4485=VERTEX_POINT('',#4484) ;
#4515=VERTEX_POINT('',#4514) ;
#4539=VERTEX_POINT('',#4538) ;
#4546=VERTEX_POINT('',#4545) ;
#4553=VERTEX_POINT('',#4552) ;
#4560=VERTEX_POINT('',#4559) ;
#4587=VERTEX_POINT('',#4586) ;
#4589=VERTEX_POINT('',#4588) ;
#4596=VERTEX_POINT('',#4595) ;
#4608=VERTEX_POINT('',#4607) ;
#4615=VERTEX_POINT('',#4614) ;
#4632=VERTEX_POINT('',#4631) ;
#4639=VERTEX_POINT('',#4638) ;
#4667=VERTEX_POINT('',#4666) ;
#4669=VERTEX_POINT('',#4668) ;
#4676=VERTEX_POINT('',#4675) ;
#4683=VERTEX_POINT('',#4682) ;
#4707=VERTEX_POINT('',#4706) ;
#4714=VERTEX_POINT('',#4713) ;
#4721=VERTEX_POINT('',#4720) ;
#4728=VERTEX_POINT('',#4727) ;
#4755=VERTEX_POINT('',#4754) ;
#4779=VERTEX_POINT('',#4778) ;
#4791=VERTEX_POINT('',#4790) ;
#4798=VERTEX_POINT('',#4797) ;
#4805=VERTEX_POINT('',#4804) ;
#4812=VERTEX_POINT('',#4811) ;
#4842=VERTEX_POINT('',#4841) ;
#4866=VERTEX_POINT('',#4865) ;
#4873=VERTEX_POINT('',#4872) ;
#4880=VERTEX_POINT('',#4879) ;
#4887=VERTEX_POINT('',#4886) ;
#4914=VERTEX_POINT('',#4913) ;
#4921=VERTEX_POINT('',#4920) ;
#4943=VERTEX_POINT('',#4942) ;
#4950=VERTEX_POINT('',#4949) ;
#4957=VERTEX_POINT('',#4956) ;
#4985=VERTEX_POINT('',#4984) ;
#4987=VERTEX_POINT('',#4986) ;
#4994=VERTEX_POINT('',#4993) ;
#5001=VERTEX_POINT('',#5000) ;
#5025=VERTEX_POINT('',#5024) ;
#5032=VERTEX_POINT('',#5031) ;
#5039=VERTEX_POINT('',#5038) ;
#5046=VERTEX_POINT('',#5045) ;
#5114=VERTEX_POINT('',#5113) ;
#5121=VERTEX_POINT('',#5120) ;
#5164=VERTEX_POINT('',#5163) ;
#5188=VERTEX_POINT('',#5187) ;
#5214=VERTEX_POINT('',#5213) ;
#5238=VERTEX_POINT('',#5237) ;
#5279=VERTEX_POINT('',#5278) ;
#5281=VERTEX_POINT('',#5280) ;
#5288=VERTEX_POINT('',#5287) ;
#5295=VERTEX_POINT('',#5294) ;
#5374=VERTEX_POINT('',#5373) ;
#5381=VERTEX_POINT('',#5380) ;
#5405=VERTEX_POINT('',#5404) ;
#5429=VERTEX_POINT('',#5428) ;
#5518=VERTEX_POINT('',#5517) ;
#5542=VERTEX_POINT('',#5541) ;
#5568=VERTEX_POINT('',#5567) ;
#5592=VERTEX_POINT('',#5591) ;
#5647=VERTEX_POINT('',#5646) ;
#5654=VERTEX_POINT('',#5653) ;
#5697=VERTEX_POINT('',#5696) ;
#5704=VERTEX_POINT('',#5703) ;
#5728=VERTEX_POINT('',#5727) ;
#5752=VERTEX_POINT('',#5751) ;
#5879=VERTEX_POINT('',#5878) ;
#5881=VERTEX_POINT('',#5880) ;
#5888=VERTEX_POINT('',#5887) ;
#5895=VERTEX_POINT('',#5894) ;
#5919=VERTEX_POINT('',#5918) ;
#5921=VERTEX_POINT('',#5920) ;
#5937=VERTEX_POINT('',#5936) ;
#5944=VERTEX_POINT('',#5943) ;
#5960=VERTEX_POINT('',#5959) ;
#5967=VERTEX_POINT('',#5966) ;
#5988=VERTEX_POINT('',#5987) ;
#5995=VERTEX_POINT('',#5994) ;
#6011=VERTEX_POINT('',#6010) ;
#6018=VERTEX_POINT('',#6017) ;
#6025=VERTEX_POINT('',#6024) ;
#6041=VERTEX_POINT('',#6040) ;
#6048=VERTEX_POINT('',#6047) ;
#6055=VERTEX_POINT('',#6054) ;
#6062=VERTEX_POINT('',#6061) ;
#6069=VERTEX_POINT('',#6068) ;
#6076=VERTEX_POINT('',#6075) ;
#6092=VERTEX_POINT('',#6091) ;
#6132=VERTEX_POINT('',#6131) ;
#6134=VERTEX_POINT('',#6133) ;
#6141=VERTEX_POINT('',#6140) ;
#6148=VERTEX_POINT('',#6147) ;
#6161=VERTEX_POINT('',#6160) ;
#6168=VERTEX_POINT('',#6167) ;
#6192=VERTEX_POINT('',#6191) ;
#6199=VERTEX_POINT('',#6198) ;
#6235=VERTEX_POINT('',#6234) ;
#6237=VERTEX_POINT('',#6236) ;
#6253=VERTEX_POINT('',#6252) ;
#6260=VERTEX_POINT('',#6259) ;
#6267=VERTEX_POINT('',#6266) ;
#6283=VERTEX_POINT('',#6282) ;
#6290=VERTEX_POINT('',#6289) ;
#6297=VERTEX_POINT('',#6296) ;
#6304=VERTEX_POINT('',#6303) ;
#6311=VERTEX_POINT('',#6310) ;
#6318=VERTEX_POINT('',#6317) ;
#6334=VERTEX_POINT('',#6333) ;
#6341=VERTEX_POINT('',#6340) ;
#6348=VERTEX_POINT('',#6347) ;
#6364=VERTEX_POINT('',#6363) ;
#6371=VERTEX_POINT('',#6370) ;
#6392=VERTEX_POINT('',#6391) ;
#6399=VERTEX_POINT('',#6398) ;
#6555=VERTEX_POINT('',#6554) ;
#6787=VERTEX_POINT('',#6786) ;
#6789=VERTEX_POINT('',#6788) ;
#6810=VERTEX_POINT('',#6809) ;
#6835=VERTEX_POINT('',#6834) ;
#6870=VERTEX_POINT('',#6869) ;
#6877=VERTEX_POINT('',#6876) ;
#6902=VERTEX_POINT('',#6901) ;
#6926=VERTEX_POINT('',#6925) ;
#6967=VERTEX_POINT('',#6966) ;
#17=(LENGTH_UNIT()NAMED_UNIT(*)SI_UNIT(.MILLI.,.METRE.)) ;
#18=(NAMED_UNIT(*)PLANE_ANGLE_UNIT()SI_UNIT($,.RADIAN.)) ;
#20=(NAMED_UNIT(*)SI_UNIT($,.STERADIAN.)SOLID_ANGLE_UNIT()) ;
#22=(GEOMETRIC_REPRESENTATION_CONTEXT(3)GLOBAL_UNCERTAINTY_ASSIGNED_CONTEXT((#21))GLOBAL_UNIT_ASSIGNED_CONTEXT((#17,#18,#20))REPRESENTATION_CONTEXT(' ',' ')) ;
#5852=(GEOMETRIC_REPRESENTATION_CONTEXT(3)GLOBAL_UNCERTAINTY_ASSIGNED_CONTEXT((#5851))GLOBAL_UNIT_ASSIGNED_CONTEXT((#17,#18,#20))REPRESENTATION_CONTEXT(' ',' ')) ;
#7049=(GEOMETRIC_REPRESENTATION_CONTEXT(3)GLOBAL_UNCERTAINTY_ASSIGNED_CONTEXT((#7048))GLOBAL_UNIT_ASSIGNED_CONTEXT((#17,#18,#20))REPRESENTATION_CONTEXT(' ',' ')) ;
#5841=(REPRESENTATION_RELATIONSHIP(' ',' ',#23,#15)REPRESENTATION_RELATIONSHIP_WITH_TRANSFORMATION(#5842)SHAPE_REPRESENTATION_RELATIONSHIP()) ;
#7038=(REPRESENTATION_RELATIONSHIP(' ',' ',#5853,#15)REPRESENTATION_RELATIONSHIP_WITH_TRANSFORMATION(#7039)SHAPE_REPRESENTATION_RELATIONSHIP()) ;
#7053=(REPRESENTATION_RELATIONSHIP(' ',' ',#5853,#15)REPRESENTATION_RELATIONSHIP_WITH_TRANSFORMATION(#7054)SHAPE_REPRESENTATION_RELATIONSHIP()) ;
#7066=(REPRESENTATION_RELATIONSHIP(' ',' ',#5853,#15)REPRESENTATION_RELATIONSHIP_WITH_TRANSFORMATION(#7067)SHAPE_REPRESENTATION_RELATIONSHIP()) ;
#7079=(REPRESENTATION_RELATIONSHIP(' ',' ',#5853,#15)REPRESENTATION_RELATIONSHIP_WITH_TRANSFORMATION(#7080)SHAPE_REPRESENTATION_RELATIONSHIP()) ;
#7092=(REPRESENTATION_RELATIONSHIP(' ',' ',#5853,#15)REPRESENTATION_RELATIONSHIP_WITH_TRANSFORMATION(#7093)SHAPE_REPRESENTATION_RELATIONSHIP()) ;
#7105=(REPRESENTATION_RELATIONSHIP(' ',' ',#5853,#15)REPRESENTATION_RELATIONSHIP_WITH_TRANSFORMATION(#7106)SHAPE_REPRESENTATION_RELATIONSHIP()) ;
#7118=(REPRESENTATION_RELATIONSHIP(' ',' ',#5853,#15)REPRESENTATION_RELATIONSHIP_WITH_TRANSFORMATION(#7119)SHAPE_REPRESENTATION_RELATIONSHIP()) ;
#7131=(REPRESENTATION_RELATIONSHIP(' ',' ',#5853,#15)REPRESENTATION_RELATIONSHIP_WITH_TRANSFORMATION(#7132)SHAPE_REPRESENTATION_RELATIONSHIP()) ;
#7144=(REPRESENTATION_RELATIONSHIP(' ',' ',#5853,#15)REPRESENTATION_RELATIONSHIP_WITH_TRANSFORMATION(#7145)SHAPE_REPRESENTATION_RELATIONSHIP()) ;
#7157=(REPRESENTATION_RELATIONSHIP(' ',' ',#5853,#15)REPRESENTATION_RELATIONSHIP_WITH_TRANSFORMATION(#7158)SHAPE_REPRESENTATION_RELATIONSHIP()) ;
#7170=(REPRESENTATION_RELATIONSHIP(' ',' ',#5853,#15)REPRESENTATION_RELATIONSHIP_WITH_TRANSFORMATION(#7171)SHAPE_REPRESENTATION_RELATIONSHIP()) ;
#7183=(REPRESENTATION_RELATIONSHIP(' ',' ',#5853,#15)REPRESENTATION_RELATIONSHIP_WITH_TRANSFORMATION(#7184)SHAPE_REPRESENTATION_RELATIONSHIP()) ;
ENDSEC;
END-ISO-10303-21;
