ISO-10303-21;
HEADER;
FILE_DESCRIPTION (( 'STEP AP214' ),
    '1' );
FILE_NAME ('SM04B-PASS-TBT.STEP',
    '2025-08-19T20:52:45',
    ( '' ),
    ( '' ),
    'SwSTEP 2.0',
    'SolidWorks 2021',
    '' );
FILE_SCHEMA (( 'AUTOMOTIVE_DESIGN' ));
ENDSEC;

DATA;
#1 = AXIS2_PLACEMENT_3D ( 'NONE', #3951, #7131, #4006 ) ;
#2 = EDGE_CURVE ( 'NONE', #8597, #3984, #6955, .T. ) ;
#3 = CYLINDRICAL_SURFACE ( 'NONE', #2862, 0.09999999999999961697 ) ;
#4 = VECTOR ( 'NONE', #5423, 1000.000000000000000 ) ;
#5 = CARTESIAN_POINT ( 'NONE',  ( 6.000000000000000000, 5.499999999999998224, 2.800000000000000266 ) ) ;
#6 = LINE ( 'NONE', #8824, #9598 ) ;
#7 = DIRECTION ( 'NONE',  ( 1.000000000000000000, 0.000000000000000000, 0.000000000000000000 ) ) ;
#8 = VECTOR ( 'NONE', #6763, 1000.000000000000000 ) ;
#9 = CARTESIAN_POINT ( 'NONE',  ( -4.900000000000000355, 0.4000000000000050182, 4.898587196589475321E-17 ) ) ;
#10 = ORIENTED_EDGE ( 'NONE', *, *, #7124, .T. ) ;
#11 = FACE_OUTER_BOUND ( 'NONE', #3825, .T. ) ;
#12 = ORIENTED_EDGE ( 'NONE', *, *, #2110, .T. ) ;
#13 = EDGE_CURVE ( 'NONE', #6789, #8035, #1095, .T. ) ;
#14 = LINE ( 'NONE', #1558, #9453 ) ;
#15 = LINE ( 'NONE', #1707, #1530 ) ;
#16 = CARTESIAN_POINT ( 'NONE',  ( -3.200000000000000622, 4.800000000000000711, -3.049999999999999378 ) ) ;
#17 = DIRECTION ( 'NONE',  ( 0.000000000000000000, 0.000000000000000000, 1.000000000000000000 ) ) ;
#18 = CARTESIAN_POINT ( 'NONE',  ( -2.749999999999999112, 2.649999999999999911, -1.999999999999997335 ) ) ;
#19 = PLANE ( 'NONE',  #2483 ) ;
#20 = VECTOR ( 'NONE', #3160, 1000.000000000000000 ) ;
#21 = ORIENTED_EDGE ( 'NONE', *, *, #4735, .F. ) ;
#22 = FACE_OUTER_BOUND ( 'NONE', #8745, .T. ) ;
#23 = VECTOR ( 'NONE', #4298, 1000.000000000000000 ) ;
#24 = ORIENTED_EDGE ( 'NONE', *, *, #1645, .T. ) ;
#25 = ADVANCED_FACE ( 'NONE', ( #1144 ), #9615, .T. ) ;
#26 = EDGE_CURVE ( 'NONE', #495, #2908, #4416, .T. ) ;
#27 = EDGE_LOOP ( 'NONE', ( #1892, #1254, #5431, #7448 ) ) ;
#28 = DIRECTION ( 'NONE',  ( 0.000000000000000000, 0.000000000000000000, -1.000000000000000000 ) ) ;
#29 = AXIS2_PLACEMENT_3D ( 'NONE', #6713, #262, #6666 ) ;
#30 = CARTESIAN_POINT ( 'NONE',  ( -5.200000000000001066, 5.394289321881346133, 1.429289321881345387 ) ) ;
#31 = DIRECTION ( 'NONE',  ( 1.000000000000000000, 0.000000000000000000, -0.000000000000000000 ) ) ;
#32 = LINE ( 'NONE', #5598, #5750 ) ;
#33 = ORIENTED_EDGE ( 'NONE', *, *, #4683, .T. ) ;
#34 = LINE ( 'NONE', #849, #9469 ) ;
#35 = ORIENTED_EDGE ( 'NONE', *, *, #2457, .F. ) ;
#36 = ORIENTED_EDGE ( 'NONE', *, *, #1166, .F. ) ;
#37 = ORIENTED_EDGE ( 'NONE', *, *, #6082, .F. ) ;
#38 = ORIENTED_EDGE ( 'NONE', *, *, #1716, .T. ) ;
#39 = EDGE_CURVE ( 'NONE', #1057, #7350, #7225, .T. ) ;
#40 = LINE ( 'NONE', #8714, #1496 ) ;
#41 = CARTESIAN_POINT ( 'NONE',  ( -2.100000000000000533, 3.699999999999998845, 0.7999999999999994893 ) ) ;
#42 = ADVANCED_FACE ( 'NONE', ( #4892 ), #1649, .T. ) ;
#43 = CARTESIAN_POINT ( 'NONE',  ( -1.249999999999968248, 0.2000000000000000111, 2.399999999999972378 ) ) ;
#44 = VERTEX_POINT ( 'NONE', #6452 ) ;
#45 = CARTESIAN_POINT ( 'NONE',  ( 5.055000000000001492, 0.000000000000000000, -3.599999999999998312 ) ) ;
#46 = LINE ( 'NONE', #1586, #5923 ) ;
#47 = ORIENTED_EDGE ( 'NONE', *, *, #8028, .F. ) ;
#48 = DIRECTION ( 'NONE',  ( 0.000000000000000000, -1.000000000000000000, 0.000000000000000000 ) ) ;
#49 = DIRECTION ( 'NONE',  ( 0.000000000000000000, 1.000000000000000000, 0.000000000000000000 ) ) ;
#50 = CARTESIAN_POINT ( 'NONE',  ( -5.304999999999998828, 8.000000000000000000, -5.000000000000005329 ) ) ;
#51 = DIRECTION ( 'NONE',  ( -1.000000000000000000, -0.000000000000000000, -0.000000000000000000 ) ) ;
#52 = ADVANCED_FACE ( 'NONE', ( #4838 ), #4098, .F. ) ;
#53 = CARTESIAN_POINT ( 'NONE',  ( 6.000000000000000000, 0.7499999999999996669, -5.000000000000000000 ) ) ;
#54 = CARTESIAN_POINT ( 'NONE',  ( -5.305000000000000604, 0.4000000000000000222, 1.099999999999999867 ) ) ;
#55 = DIRECTION ( 'NONE',  ( 3.833233541708417349E-16, -0.7071067811865505703, -0.7071067811865444641 ) ) ;
#56 = CIRCLE ( 'NONE', #5874, 0.07500000000000041356 ) ;
#57 = ORIENTED_EDGE ( 'NONE', *, *, #3492, .T. ) ;
#58 = DIRECTION ( 'NONE',  ( 0.000000000000000000, -1.000000000000000000, -0.000000000000000000 ) ) ;
#59 = ORIENTED_EDGE ( 'NONE', *, *, #4594, .F. ) ;
#60 = DIRECTION ( 'NONE',  ( -1.000000000000000000, -0.000000000000000000, -0.000000000000000000 ) ) ;
#61 = VECTOR ( 'NONE', #4942, 1000.000000000000000 ) ;
#62 = CARTESIAN_POINT ( 'NONE',  ( -5.054999999999998828, 0.4000000000000000777, -4.749999999999992895 ) ) ;
#63 = VECTOR ( 'NONE', #1345, 1000.000000000000000 ) ;
#64 = CARTESIAN_POINT ( 'NONE',  ( -5.200000000000001066, 5.425000000000000711, 3.000000000000000444 ) ) ;
#65 = CARTESIAN_POINT ( 'NONE',  ( -4.004999999999999893, 5.500000000000000000, 2.249999999999999556 ) ) ;
#66 = CARTESIAN_POINT ( 'NONE',  ( -5.200000000000001954, 2.400000000000001243, -1.699999999999998179 ) ) ;
#67 = PLANE ( 'NONE',  #4591 ) ;
#68 = CARTESIAN_POINT ( 'NONE',  ( -4.350000000000001421, 2.350000000000000089, -4.500000000000000888 ) ) ;
#69 = VERTEX_POINT ( 'NONE', #6614 ) ;
#70 = DIRECTION ( 'NONE',  ( 1.000000000000000000, 0.000000000000000000, 0.000000000000000000 ) ) ;
#71 = VERTEX_POINT ( 'NONE', #9591 ) ;
#72 = ORIENTED_EDGE ( 'NONE', *, *, #3375, .F. ) ;
#73 = VECTOR ( 'NONE', #476, 1000.000000000000000 ) ;
#74 = DIRECTION ( 'NONE',  ( -0.000000000000000000, -0.000000000000000000, 1.000000000000000000 ) ) ;
#75 = ADVANCED_FACE ( 'NONE', ( #872 ), #3997, .F. ) ;
#76 = DIRECTION ( 'NONE',  ( 1.000000000000000000, -0.000000000000000000, -0.000000000000000000 ) ) ;
#77 = EDGE_CURVE ( 'NONE', #2045, #304, #3200, .T. ) ;
#78 = CARTESIAN_POINT ( 'NONE',  ( 4.800000000000000711, 2.400000000000001243, -1.699999999999999734 ) ) ;
#79 = ORIENTED_EDGE ( 'NONE', *, *, #26, .T. ) ;
#80 = DIRECTION ( 'NONE',  ( 0.000000000000000000, -0.3713906763541028888, 0.9284766908852596368 ) ) ;
#81 = ORIENTED_EDGE ( 'NONE', *, *, #6210, .F. ) ;
#82 = EDGE_LOOP ( 'NONE', ( #8610, #5039, #8024, #5755 ) ) ;
#83 = ORIENTED_EDGE ( 'NONE', *, *, #6726, .T. ) ;
#84 = ORIENTED_EDGE ( 'NONE', *, *, #6964, .F. ) ;
#85 = LINE ( 'NONE', #5608, #4156 ) ;
#86 = DIRECTION ( 'NONE',  ( 0.000000000000000000, 1.606225440719265874E-16, -1.000000000000000000 ) ) ;
#87 = SURFACE_SIDE_STYLE ('',( #4875 ) ) ;
#88 = ORIENTED_EDGE ( 'NONE', *, *, #1592, .F. ) ;
#89 = CARTESIAN_POINT ( 'NONE',  ( 5.200000000000001066, 3.400000000000000355, 1.999999999999999556 ) ) ;
#90 = CARTESIAN_POINT ( 'NONE',  ( -4.800000000000000711, 5.394289321881346133, 1.429289321881345387 ) ) ;
#91 = EDGE_LOOP ( 'NONE', ( #509, #7811, #5897, #10142 ) ) ;
#92 = VECTOR ( 'NONE', #5250, 1000.000000000000000 ) ;
#93 = LINE ( 'NONE', #7894, #6183 ) ;
#94 = EDGE_CURVE ( 'NONE', #3056, #1896, #2518, .T. ) ;
#95 = ADVANCED_FACE ( 'NONE', ( #9698 ), #2370, .T. ) ;
#96 = ADVANCED_FACE ( 'NONE', ( #926 ), #8827, .F. ) ;
#97 = ORIENTED_EDGE ( 'NONE', *, *, #3247, .T. ) ;
#98 = FACE_OUTER_BOUND ( 'NONE', #8731, .T. ) ;
#99 = VECTOR ( 'NONE', #3159, 1000.000000000000000 ) ;
#100 = DIRECTION ( 'NONE',  ( 1.000000000000000000, 0.000000000000000000, 0.000000000000000000 ) ) ;
#101 = DIRECTION ( 'NONE',  ( 0.000000000000000000, 0.000000000000000000, 1.000000000000000000 ) ) ;
#102 = EDGE_CURVE ( 'NONE', #5605, #1329, #5731, .T. ) ;
#103 = CARTESIAN_POINT ( 'NONE',  ( -4.200000000000000178, 1.999896230895141347, -5.000000000000000888 ) ) ;
#104 = LINE ( 'NONE', #6510, #10076 ) ;
#105 = CARTESIAN_POINT ( 'NONE',  ( 0.000000000000000000, 0.6000000000000000888, 0.000000000000000000 ) ) ;
#106 = ORIENTED_EDGE ( 'NONE', *, *, #674, .T. ) ;
#107 = CARTESIAN_POINT ( 'NONE',  ( 6.000000000000000000, 5.700000000000000178, 2.800000000000000266 ) ) ;
#108 = VERTEX_POINT ( 'NONE', #3300 ) ;
#109 = LINE ( 'NONE', #3153, #9667 ) ;
#110 = CONICAL_SURFACE ( 'NONE', #2913, 0.4000000000000001887, 0.7853981633974425058 ) ;
#111 = ADVANCED_FACE ( 'NONE', ( #8106 ), #4203, .F. ) ;
#112 = EDGE_CURVE ( 'NONE', #9249, #9699, #4151, .T. ) ;
#113 = ADVANCED_FACE ( 'NONE', ( #7383 ), #260, .F. ) ;
#114 = DIRECTION ( 'NONE',  ( -1.000000000000000000, -0.000000000000000000, -0.000000000000000000 ) ) ;
#115 = FACE_OUTER_BOUND ( 'NONE', #8947, .T. ) ;
#116 = AXIS2_PLACEMENT_3D ( 'NONE', #7265, #147, #8867 ) ;
#117 = DIRECTION ( 'NONE',  ( 1.000000000000000000, 2.464994706835728613E-32, -1.548860246407864322E-16 ) ) ;
#118 = DIRECTION ( 'NONE',  ( 1.000000000000000000, 0.000000000000000000, -0.000000000000000000 ) ) ;
#119 = DIRECTION ( 'NONE',  ( 0.000000000000000000, -1.000000000000000000, -3.097720492815727659E-16 ) ) ;
#120 = DIRECTION ( 'NONE',  ( -1.000000000000000000, -1.725496294785008770E-31, 1.084202172485504237E-15 ) ) ;
#121 = ORIENTED_EDGE ( 'NONE', *, *, #498, .F. ) ;
#122 = DIRECTION ( 'NONE',  ( 0.000000000000000000, -1.000000000000000000, -0.000000000000000000 ) ) ;
#123 = VERTEX_POINT ( 'NONE', #6402 ) ;
#124 = VECTOR ( 'NONE', #5464, 1000.000000000000000 ) ;
#125 = ORIENTED_EDGE ( 'NONE', *, *, #8961, .T. ) ;
#126 = EDGE_CURVE ( 'NONE', #5188, #8547, #9543, .T. ) ;
#127 = LINE ( 'NONE', #8321, #2950 ) ;
#128 = LINE ( 'NONE', #1571, #5151 ) ;
#129 = CIRCLE ( 'NONE', #5947, 0.2000000000000005107 ) ;
#130 = FACE_OUTER_BOUND ( 'NONE', #6866, .T. ) ;
#131 = VERTEX_POINT ( 'NONE', #309 ) ;
#132 = LINE ( 'NONE', #3273, #1328 ) ;
#133 = DIRECTION ( 'NONE',  ( -0.000000000000000000, -1.000000000000000000, -0.000000000000000000 ) ) ;
#134 = ORIENTED_EDGE ( 'NONE', *, *, #8901, .F. ) ;
#135 = ORIENTED_EDGE ( 'NONE', *, *, #2367, .F. ) ;
#136 = EDGE_CURVE ( 'NONE', #4400, #1715, #9181, .T. ) ;
#137 = ORIENTED_EDGE ( 'NONE', *, *, #8491, .T. ) ;
#138 = EDGE_CURVE ( 'NONE', #6484, #9470, #1279, .T. ) ;
#139 = VECTOR ( 'NONE', #4997, 1000.000000000000000 ) ;
#140 = VERTEX_POINT ( 'NONE', #8365 ) ;
#141 = DIRECTION ( 'NONE',  ( -0.000000000000000000, 1.000000000000000000, -0.000000000000000000 ) ) ;
#142 = CARTESIAN_POINT ( 'NONE',  ( -2.399999999999999911, 5.700000000000000178, 3.900000000000000355 ) ) ;
#143 = CARTESIAN_POINT ( 'NONE',  ( -6.000000000000000000, 0.2000000000000000111, 2.149999999999999911 ) ) ;
#144 = EDGE_LOOP ( 'NONE', ( #9857, #4772, #2767, #7666 ) ) ;
#145 = CARTESIAN_POINT ( 'NONE',  ( -5.054999999999998828, 0.000000000000000000, -5.000000000000000000 ) ) ;
#146 = EDGE_CURVE ( 'NONE', #7004, #7051, #9748, .T. ) ;
#147 = DIRECTION ( 'NONE',  ( 0.000000000000000000, 1.000000000000000000, 1.224646799147353454E-16 ) ) ;
#148 = VERTEX_POINT ( 'NONE', #2672 ) ;
#149 = LINE ( 'NONE', #6501, #9358 ) ;
#150 = EDGE_CURVE ( 'NONE', #6691, #4526, #9955, .T. ) ;
#151 = ORIENTED_EDGE ( 'NONE', *, *, #1904, .F. ) ;
#152 = DIRECTION ( 'NONE',  ( -1.000000000000000000, 0.000000000000000000, -0.000000000000000000 ) ) ;
#153 = VECTOR ( 'NONE', #2246, 1000.000000000000000 ) ;
#154 = PLANE ( 'NONE',  #1628 ) ;
#155 = DIRECTION ( 'NONE',  ( 0.000000000000000000, 1.000000000000000000, 0.000000000000000000 ) ) ;
#156 = EDGE_CURVE ( 'NONE', #6947, #4399, #4323, .T. ) ;
#157 = PRODUCT_DEFINITION_SHAPE ( 'NONE', 'NONE',  #2597 ) ;
#158 = FILL_AREA_STYLE_COLOUR ( '', #9113 ) ;
#159 = DIRECTION ( 'NONE',  ( -1.000000000000000000, 8.627481473925044946E-32, -5.421010862427521184E-16 ) ) ;
#160 = AXIS2_PLACEMENT_3D ( 'NONE', #895, #4067, #2787 ) ;
#161 = ORIENTED_EDGE ( 'NONE', *, *, #1734, .F. ) ;
#162 = LINE ( 'NONE', #776, #6678 ) ;
#163 = AXIS2_PLACEMENT_3D ( 'NONE', #7966, #2379, #4058 ) ;
#164 = EDGE_LOOP ( 'NONE', ( #3201, #6925, #5507, #4580 ) ) ;
#165 = CARTESIAN_POINT ( 'NONE',  ( 6.000000000000000000, 2.350000000000000089, -4.500000000000000888 ) ) ;
#166 = CARTESIAN_POINT ( 'NONE',  ( 6.000000000000000000, 0.2000000000000000111, 3.899999999999999911 ) ) ;
#167 = CARTESIAN_POINT ( 'NONE',  ( -2.850000000000000089, 5.700000000000000178, 3.900000000000000355 ) ) ;
#168 = CARTESIAN_POINT ( 'NONE',  ( -4.800000000000000711, 5.470710678118656745, 0.6028679656440332213 ) ) ;
#169 = EDGE_CURVE ( 'NONE', #9155, #4369, #9901, .T. ) ;
#170 = EDGE_CURVE ( 'NONE', #7670, #6482, #409, .T. ) ;
#171 = DIRECTION ( 'NONE',  ( -3.336006684570783101E-16, -0.000000000000000000, 1.000000000000000000 ) ) ;
#172 = CARTESIAN_POINT ( 'NONE',  ( -1.249999999999968248, 0.2000000000000000111, 5.000000000000000888 ) ) ;
#173 = DIRECTION ( 'NONE',  ( 0.5773502691896259531, 0.5773502691896256200, -0.5773502691896256200 ) ) ;
#174 = ORIENTED_EDGE ( 'NONE', *, *, #6905, .F. ) ;
#175 = CARTESIAN_POINT ( 'NONE',  ( -4.900000000000000355, 0.4000000000000000222, -1.700000000000000178 ) ) ;
#176 = ORIENTED_EDGE ( 'NONE', *, *, #2811, .F. ) ;
#177 = AXIS2_PLACEMENT_3D ( 'NONE', #6710, #9855, #6036 ) ;
#178 = EDGE_LOOP ( 'NONE', ( #1108, #7039, #3746, #7794, #6999, #4024, #12, #5698, #3908, #6991, #3110, #2312, #2563, #5479, #8890, #9873, #327, #7249, #6333, #9859 ) ) ;
#179 = CARTESIAN_POINT ( 'NONE',  ( 5.305000000000000604, 1.799999999999999600, 1.099999999999999867 ) ) ;
#180 = PLANE ( 'NONE',  #5806 ) ;
#181 = CARTESIAN_POINT ( 'NONE',  ( -3.569840214680611634, 0.3499999999999999778, -4.096429042955582744 ) ) ;
#182 = AXIS2_PLACEMENT_3D ( 'NONE', #8531, #4486, #2845 ) ;
#183 = DIRECTION ( 'NONE',  ( 1.000000000000000000, 0.000000000000000000, -0.000000000000000000 ) ) ;
#184 = ORIENTED_EDGE ( 'NONE', *, *, #3031, .T. ) ;
#185 =( LENGTH_UNIT ( ) NAMED_UNIT ( * ) SI_UNIT ( .MILLI., .METRE. ) );
#186 = AXIS2_PLACEMENT_3D ( 'NONE', #5303, #8459, #4615 ) ;
#187 = PLANE ( 'NONE',  #9141 ) ;
#188 = ORIENTED_EDGE ( 'NONE', *, *, #1904, .T. ) ;
#189 = EDGE_CURVE ( 'NONE', #5428, #3286, #8415, .T. ) ;
#190 = ORIENTED_EDGE ( 'NONE', *, *, #1769, .F. ) ;
#191 = VECTOR ( 'NONE', #7484, 999.9999999999998863 ) ;
#192 = VECTOR ( 'NONE', #6824, 1000.000000000000000 ) ;
#193 = ORIENTED_EDGE ( 'NONE', *, *, #621, .T. ) ;
#194 = VERTEX_POINT ( 'NONE', #1078 ) ;
#195 = LINE ( 'NONE', #3282, #1277 ) ;
#196 = DIRECTION ( 'NONE',  ( -1.000000000000000000, -0.000000000000000000, -0.000000000000000000 ) ) ;
#197 = FACE_OUTER_BOUND ( 'NONE', #3165, .T. ) ;
#198 = VERTEX_POINT ( 'NONE', #4468 ) ;
#199 = CARTESIAN_POINT ( 'NONE',  ( -3.140808929720138476, 2.649999999999999911, -2.300000000000000266 ) ) ;
#200 = AXIS2_PLACEMENT_3D ( 'NONE', #2626, #9751, #5834 ) ;
#201 = DIRECTION ( 'NONE',  ( -1.000000000000000000, 0.000000000000000000, -3.336006684570783101E-16 ) ) ;
#202 = EDGE_CURVE ( 'NONE', #3333, #3773, #517, .T. ) ;
#203 = ORIENTED_EDGE ( 'NONE', *, *, #2124, .T. ) ;
#204 = CARTESIAN_POINT ( 'NONE',  ( 6.000000000000000000, 5.700000000000000178, 2.800000000000000266 ) ) ;
#205 = ORIENTED_EDGE ( 'NONE', *, *, #1077, .F. ) ;
#206 = CARTESIAN_POINT ( 'NONE',  ( 3.250000000000001332, 2.649999999999999911, -2.300000000000000266 ) ) ;
#207 = DIRECTION ( 'NONE',  ( 0.000000000000000000, 1.000000000000000000, -6.829619984160656074E-16 ) ) ;
#208 = DIRECTION ( 'NONE',  ( 1.000000000000000000, -0.000000000000000000, -0.000000000000000000 ) ) ;
#209 = CARTESIAN_POINT ( 'NONE',  ( -4.800000000000000711, 5.394289321881345245, 0.8207106781186550570 ) ) ;
#210 = DIRECTION ( 'NONE',  ( -0.000000000000000000, -0.000000000000000000, -1.000000000000000000 ) ) ;
#211 = EDGE_CURVE ( 'NONE', #1094, #8888, #4419, .T. ) ;
#212 = EDGE_CURVE ( 'NONE', #7320, #1787, #6663, .T. ) ;
#213 = ORIENTED_EDGE ( 'NONE', *, *, #3938, .T. ) ;
#214 = LINE ( 'NONE', #5884, #6837 ) ;
#215 = ORIENTED_EDGE ( 'NONE', *, *, #1107, .T. ) ;
#216 = DIRECTION ( 'NONE',  ( 0.000000000000000000, 0.000000000000000000, -1.000000000000000000 ) ) ;
#217 = CARTESIAN_POINT ( 'NONE',  ( -6.000000000000000888, 4.050000000000000711, -3.000000000000000000 ) ) ;
#218 = DIRECTION ( 'NONE',  ( -1.000000000000000000, -0.000000000000000000, -0.000000000000000000 ) ) ;
#219 = PLANE ( 'NONE',  #1961 ) ;
#220 = CARTESIAN_POINT ( 'NONE',  ( -4.800000000000000711, 2.400000000000000355, 3.725000000000000089 ) ) ;
#221 = CARTESIAN_POINT ( 'NONE',  ( 3.252632489217786915, 0.9000000000000005773, -4.244345434564827713 ) ) ;
#222 = DIRECTION ( 'NONE',  ( 0.000000000000000000, 0.000000000000000000, 1.000000000000000000 ) ) ;
#223 = LINE ( 'NONE', #7395, #1337 ) ;
#224 = ORIENTED_EDGE ( 'NONE', *, *, #2896, .F. ) ;
#225 = CARTESIAN_POINT ( 'NONE',  ( 4.800000000000000711, 4.939999999999999503, 2.124999999999999556 ) ) ;
#226 = VECTOR ( 'NONE', #2049, 1000.000000000000000 ) ;
#227 = ADVANCED_FACE ( 'NONE', ( #1181 ), #5880, .F. ) ;
#228 = EDGE_LOOP ( 'NONE', ( #9930, #5446, #4866, #7203, #8850, #7683, #6730 ) ) ;
#229 = VECTOR ( 'NONE', #2462, 1000.000000000000000 ) ;
#230 = EDGE_CURVE ( 'NONE', #5033, #7728, #8257, .T. ) ;
#231 = ORIENTED_EDGE ( 'NONE', *, *, #4268, .F. ) ;
#232 = SURFACE_SIDE_STYLE ('',( #8127 ) ) ;
#233 = CARTESIAN_POINT ( 'NONE',  ( -3.537690618442706381, 0.8943454345648219617, -4.855654565435176373 ) ) ;
#234 = LINE ( 'NONE', #5125, #1303 ) ;
#235 = AXIS2_PLACEMENT_3D ( 'NONE', #8465, #5547, #9671 ) ;
#236 = LINE ( 'NONE', #1771, #1249 ) ;
#237 = EDGE_LOOP ( 'NONE', ( #5410, #8017, #5781, #564 ) ) ;
#238 = FILL_AREA_STYLE ('',( #7358 ) ) ;
#239 = LINE ( 'NONE', #6639, #3269 ) ;
#240 = ORIENTED_EDGE ( 'NONE', *, *, #2038, .T. ) ;
#241 = VERTEX_POINT ( 'NONE', #7539 ) ;
#242 = ADVANCED_FACE ( 'NONE', ( #2623 ), #4311, .T. ) ;
#243 = VECTOR ( 'NONE', #2336, 1000.000000000000000 ) ;
#244 = ORIENTED_EDGE ( 'NONE', *, *, #1922, .F. ) ;
#245 = ORIENTED_EDGE ( 'NONE', *, *, #6193, .T. ) ;
#246 = CARTESIAN_POINT ( 'NONE',  ( 3.579947964062490939, 0.8037242644408412184, -4.946275735559161113 ) ) ;
#247 = DIRECTION ( 'NONE',  ( -1.000000000000000000, -0.000000000000000000, -0.000000000000000000 ) ) ;
#248 = CARTESIAN_POINT ( 'NONE',  ( 5.305000000000000604, 2.350000000000000089, -4.500000000000000888 ) ) ;
#249 = CARTESIAN_POINT ( 'NONE',  ( 5.305000000000000604, 0.000000000000000000, 0.000000000000000000 ) ) ;
#250 = VERTEX_POINT ( 'NONE', #7489 ) ;
#251 = DIRECTION ( 'NONE',  ( 0.000000000000000000, -0.000000000000000000, 1.000000000000000000 ) ) ;
#252 = DIRECTION ( 'NONE',  ( -1.000000000000000000, -0.000000000000000000, 0.000000000000000000 ) ) ;
#253 = ORIENTED_EDGE ( 'NONE', *, *, #1964, .T. ) ;
#254 = DIRECTION ( 'NONE',  ( 0.000000000000000000, 0.000000000000000000, -1.000000000000000000 ) ) ;
#255 = ORIENTED_EDGE ( 'NONE', *, *, #826, .T. ) ;
#256 = LINE ( 'NONE', #1694, #6374 ) ;
#257 = LINE ( 'NONE', #4251, #7451 ) ;
#258 = LINE ( 'NONE', #6612, #10001 ) ;
#259 = DIRECTION ( 'NONE',  ( -1.000000000000000000, -0.000000000000000000, -0.000000000000000000 ) ) ;
#260 = PLANE ( 'NONE',  #5166 ) ;
#261 = ORIENTED_EDGE ( 'NONE', *, *, #4786, .F. ) ;
#262 = DIRECTION ( 'NONE',  ( 0.000000000000000000, 0.000000000000000000, 1.000000000000000000 ) ) ;
#263 = ORIENTED_EDGE ( 'NONE', *, *, #2374, .T. ) ;
#264 = CARTESIAN_POINT ( 'NONE',  ( 4.800000000000000711, 2.575000000000000178, 3.725000000000000089 ) ) ;
#265 = EDGE_CURVE ( 'NONE', #1094, #5314, #2723, .T. ) ;
#266 = VECTOR ( 'NONE', #8092, 1000.000000000000000 ) ;
#267 = ADVANCED_FACE ( 'NONE', ( #5832 ), #5982, .F. ) ;
#268 = CARTESIAN_POINT ( 'NONE',  ( 2.874717526849587035, 2.274717526849586502, -3.031080120897855945 ) ) ;
#269 = EDGE_CURVE ( 'NONE', #8597, #2878, #8978, .T. ) ;
#270 = CARTESIAN_POINT ( 'NONE',  ( 4.900000000000000355, 0.4000000000000000222, 1.099999999999999867 ) ) ;
#271 = PLANE ( 'NONE',  #8942 ) ;
#272 = LINE ( 'NONE', #8219, #7774 ) ;
#273 = DIRECTION ( 'NONE',  ( -0.000000000000000000, 0.7071067811865495711, 0.7071067811865455743 ) ) ;
#274 = CIRCLE ( 'NONE', #3910, 0.09999999999999982514 ) ;
#275 = DIRECTION ( 'NONE',  ( -1.000000000000000000, -0.000000000000000000, -0.000000000000000000 ) ) ;
#276 = LINE ( 'NONE', #8270, #6831 ) ;
#277 = VERTEX_POINT ( 'NONE', #1419 ) ;
#278 = CARTESIAN_POINT ( 'NONE',  ( 5.305000000000000604, 4.629138561470611535, -1.700000000000000178 ) ) ;
#279 = VERTEX_POINT ( 'NONE', #4564 ) ;
#280 = EDGE_LOOP ( 'NONE', ( #8436, #9571, #6580, #1258 ) ) ;
#281 = ADVANCED_FACE ( 'NONE', ( #8604 ), #6852, .F. ) ;
#282 = LINE ( 'NONE', #9825, #2291 ) ;
#283 = FACE_OUTER_BOUND ( 'NONE', #1693, .T. ) ;
#284 = ORIENTED_EDGE ( 'NONE', *, *, #5562, .T. ) ;
#285 = CARTESIAN_POINT ( 'NONE',  ( 3.026055542458624625, 0.3499999999999996447, -4.100000000000003197 ) ) ;
#286 = DIRECTION ( 'NONE',  ( -3.336006684570783101E-16, 0.000000000000000000, 1.000000000000000000 ) ) ;
#287 = ORIENTED_EDGE ( 'NONE', *, *, #4979, .F. ) ;
#288 = VECTOR ( 'NONE', #4576, 1000.000000000000000 ) ;
#289 = ORIENTED_EDGE ( 'NONE', *, *, #10252, .F. ) ;
#290 = VERTEX_POINT ( 'NONE', #3067 ) ;
#291 = EDGE_LOOP ( 'NONE', ( #3761, #1195, #9094, #2694 ) ) ;
#292 = AXIS2_PLACEMENT_3D ( 'NONE', #8065, #7286, #9814 ) ;
#293 = CARTESIAN_POINT ( 'NONE',  ( -5.304999999999998828, 2.750000000000000444, -3.600000000000000533 ) ) ;
#294 = PLANE ( 'NONE',  #3924 ) ;
#295 = LINE ( 'NONE', #1114, #5227 ) ;
#296 = LINE ( 'NONE', #1944, #9383 ) ;
#297 = ADVANCED_FACE ( 'NONE', ( #8455 ), #6073, .T. ) ;
#298 = ORIENTED_EDGE ( 'NONE', *, *, #5338, .F. ) ;
#299 = DIRECTION ( 'NONE',  ( -3.336006684570783101E-16, -0.000000000000000000, 1.000000000000000000 ) ) ;
#300 = ADVANCED_FACE ( 'NONE', ( #2096 ), #8659, .F. ) ;
#301 = DIRECTION ( 'NONE',  ( 0.000000000000000000, -0.000000000000000000, -1.000000000000000000 ) ) ;
#302 = EDGE_CURVE ( 'NONE', #6658, #3609, #3017, .T. ) ;
#303 = EDGE_LOOP ( 'NONE', ( #3797, #7637, #7206, #8403, #9837, #7108 ) ) ;
#304 = VERTEX_POINT ( 'NONE', #8506 ) ;
#305 = DIRECTION ( 'NONE',  ( -1.000000000000000000, -0.000000000000000000, -0.000000000000000000 ) ) ;
#306 = CARTESIAN_POINT ( 'NONE',  ( -3.249999999999968026, 0.2000000000000000111, 2.399999999999958167 ) ) ;
#307 = DIRECTION ( 'NONE',  ( 0.000000000000000000, -1.000000000000000000, -1.548860246407863829E-16 ) ) ;
#308 = FILL_AREA_STYLE_COLOUR ( '', #5953 ) ;
#309 = CARTESIAN_POINT ( 'NONE',  ( -5.007179676972450366, -2.972161292830653933E-16, 0.9134769367380000116 ) ) ;
#310 = ORIENTED_EDGE ( 'NONE', *, *, #5649, .F. ) ;
#311 = CARTESIAN_POINT ( 'NONE',  ( -0.9999999999999991118, 3.699999999999998845, -3.049999999999999378 ) ) ;
#312 = EDGE_LOOP ( 'NONE', ( #10199, #4117, #7462, #552 ) ) ;
#313 = CARTESIAN_POINT ( 'NONE',  ( 0.8499999999999979794, 4.550000000000002487, -3.200000000000000178 ) ) ;
#314 = VECTOR ( 'NONE', #8102, 1000.000000000000000 ) ;
#315 = CIRCLE ( 'NONE', #6139, 0.09999999999999961697 ) ;
#316 = CARTESIAN_POINT ( 'NONE',  ( 0.7500000000000318634, 0.2000000000000000111, 2.400000000000000355 ) ) ;
#317 = PLANE ( 'NONE',  #7156 ) ;
#318 = LINE ( 'NONE', #1966, #10100 ) ;
#319 = VECTOR ( 'NONE', #9520, 1000.000000000000000 ) ;
#320 = DIRECTION ( 'NONE',  ( 0.5773502691896266192, -0.5773502691896227335, 0.5773502691896280625 ) ) ;
#321 = LINE ( 'NONE', #8269, #7962 ) ;
#322 = FACE_OUTER_BOUND ( 'NONE', #4616, .T. ) ;
#323 = ADVANCED_FACE ( 'NONE', ( #9266 ), #502, .F. ) ;
#324 = ORIENTED_EDGE ( 'NONE', *, *, #6371, .T. ) ;
#325 = DIRECTION ( 'NONE',  ( 0.000000000000000000, -0.000000000000000000, -1.000000000000000000 ) ) ;
#326 = ORIENTED_EDGE ( 'NONE', *, *, #39, .T. ) ;
#327 = ORIENTED_EDGE ( 'NONE', *, *, #5232, .F. ) ;
#328 = ORIENTED_EDGE ( 'NONE', *, *, #3754, .T. ) ;
#329 = AXIS2_PLACEMENT_3D ( 'NONE', #8591, #5233, #9311 ) ;
#330 = CARTESIAN_POINT ( 'NONE',  ( 0.7500000000000318634, 0.6000000000000000888, 2.399999999999986144 ) ) ;
#331 = CARTESIAN_POINT ( 'NONE',  ( -3.764267565201867338, 0.1449747468305831455, -5.000000000000000000 ) ) ;
#332 = AXIS2_PLACEMENT_3D ( 'NONE', #3337, #5662, #7314 ) ;
#333 = LINE ( 'NONE', #4915, #4922 ) ;
#334 = EDGE_LOOP ( 'NONE', ( #7987, #4617, #6578, #125 ) ) ;
#335 = CARTESIAN_POINT ( 'NONE',  ( -5.007179676972450366, -2.972161292830653933E-16, 0.9134769367380000116 ) ) ;
#336 = CARTESIAN_POINT ( 'NONE',  ( 3.250000000000033307, 0.000000000000000000, 2.400000000000000355 ) ) ;
#337 = COLOUR_RGB ( '',0.7921568627450980005, 0.8196078431372548767, 0.9333333333333333481 ) ;
#338 = EDGE_CURVE ( 'NONE', #2275, #6379, #7739, .T. ) ;
#339 = ORIENTED_EDGE ( 'NONE', *, *, #5019, .T. ) ;
#340 = VECTOR ( 'NONE', #363, 1000.000000000000000 ) ;
#341 = ORIENTED_EDGE ( 'NONE', *, *, #4745, .T. ) ;
#342 = VECTOR ( 'NONE', #2989, 1000.000000000000000 ) ;
#343 = ORIENTED_EDGE ( 'NONE', *, *, #739, .T. ) ;
#344 = EDGE_CURVE ( 'NONE', #8381, #1804, #9993, .T. ) ;
#345 = VERTEX_POINT ( 'NONE', #2151 ) ;
#346 = MECHANICAL_DESIGN_GEOMETRIC_PRESENTATION_REPRESENTATION (  '', ( #4660 ), #3319 ) ;
#347 = LINE ( 'NONE', #9013, #8790 ) ;
#348 = DIRECTION ( 'NONE',  ( 0.000000000000000000, 0.000000000000000000, 1.000000000000000000 ) ) ;
#349 = CARTESIAN_POINT ( 'NONE',  ( 2.750000000000000888, 2.649999999999999911, -2.300000000000000266 ) ) ;
#350 =( NAMED_UNIT ( * ) PLANE_ANGLE_UNIT ( ) SI_UNIT ( $, .RADIAN. ) );
#351 = EDGE_LOOP ( 'NONE', ( #3413, #6006, #1988, #4920 ) ) ;
#352 = DIRECTION ( 'NONE',  ( 6.195440985631441512E-16, 1.000000000000000000, 0.000000000000000000 ) ) ;
#353 = DIRECTION ( 'NONE',  ( 0.000000000000000000, -1.000000000000000000, 0.000000000000000000 ) ) ;
#354 = ORIENTED_EDGE ( 'NONE', *, *, #903, .T. ) ;
#355 = VECTOR ( 'NONE', #8991, 1000.000000000000000 ) ;
#356 = ORIENTED_EDGE ( 'NONE', *, *, #9848, .T. ) ;
#357 = EDGE_CURVE ( 'NONE', #6849, #304, #1319, .T. ) ;
#358 = DIRECTION ( 'NONE',  ( 0.000000000000000000, -0.000000000000000000, 1.000000000000000000 ) ) ;
#359 = PLANE ( 'NONE',  #8654 ) ;
#360 = DIRECTION ( 'NONE',  ( 1.000000000000000000, -0.000000000000000000, -0.000000000000000000 ) ) ;
#361 = VECTOR ( 'NONE', #2419, 1000.000000000000000 ) ;
#362 = LINE ( 'NONE', #3517, #2934 ) ;
#363 = DIRECTION ( 'NONE',  ( 0.000000000000000000, 0.000000000000000000, 1.000000000000000000 ) ) ;
#364 = ORIENTED_EDGE ( 'NONE', *, *, #5422, .F. ) ;
#365 = CARTESIAN_POINT ( 'NONE',  ( -5.200000000000001066, 2.400000000000000355, 3.725000000000000089 ) ) ;
#366 = EDGE_LOOP ( 'NONE', ( #7357, #2132, #1686, #6057 ) ) ;
#367 = DIRECTION ( 'NONE',  ( -1.000000000000000000, -0.000000000000000000, -0.000000000000000000 ) ) ;
#368 = EDGE_CURVE ( 'NONE', #4369, #6551, #9377, .T. ) ;
#369 = FACE_OUTER_BOUND ( 'NONE', #1601, .T. ) ;
#370 = DIRECTION ( 'NONE',  ( -1.000000000000000000, -1.725496294785008989E-31, 1.084202172485504237E-15 ) ) ;
#371 = PLANE ( 'NONE',  #5482 ) ;
#372 = CARTESIAN_POINT ( 'NONE',  ( 4.800000000000000711, 2.400000000000000355, 3.700000000000000178 ) ) ;
#373 = DIRECTION ( 'NONE',  ( 1.000000000000000000, 0.000000000000000000, 0.000000000000000000 ) ) ;
#374 = CARTESIAN_POINT ( 'NONE',  ( 4.800000000000000711, 5.400000000000001243, 1.282157287525380829 ) ) ;
#375 = ORIENTED_EDGE ( 'NONE', *, *, #2289, .T. ) ;
#376 = CARTESIAN_POINT ( 'NONE',  ( 6.000000000000000000, 0.000000000000000000, -4.650000000000000355 ) ) ;
#377 = ORIENTED_EDGE ( 'NONE', *, *, #2468, .F. ) ;
#378 = ORIENTED_EDGE ( 'NONE', *, *, #10230, .F. ) ;
#379 = VECTOR ( 'NONE', #6208, 1000.000000000000000 ) ;
#380 = ORIENTED_EDGE ( 'NONE', *, *, #6082, .T. ) ;
#381 = CARTESIAN_POINT ( 'NONE',  ( -1.999999999999998224, 8.000000000000000000, -4.100000000000005862 ) ) ;
#382 = CARTESIAN_POINT ( 'NONE',  ( 4.200000000000000178, 4.800000000000000711, 0.7999999999999994893 ) ) ;
#383 = VERTEX_POINT ( 'NONE', #5450 ) ;
#384 = SURFACE_SIDE_STYLE ('',( #4340 ) ) ;
#385 = VECTOR ( 'NONE', #8110, 1000.000000000000000 ) ;
#386 = LINE ( 'NONE', #952, #3456 ) ;
#387 = ORIENTED_EDGE ( 'NONE', *, *, #9432, .T. ) ;
#388 = VECTOR ( 'NONE', #6620, 1000.000000000000000 ) ;
#389 = ORIENTED_EDGE ( 'NONE', *, *, #1521, .T. ) ;
#390 = EDGE_LOOP ( 'NONE', ( #8898, #449, #1729, #6105 ) ) ;
#391 = AXIS2_PLACEMENT_3D ( 'NONE', #1233, #9961, #6869 ) ;
#392 = ORIENTED_EDGE ( 'NONE', *, *, #5441, .T. ) ;
#393 = EDGE_CURVE ( 'NONE', #1764, #425, #4659, .T. ) ;
#394 = ADVANCED_FACE ( 'NONE', ( #558 ), #705, .F. ) ;
#395 = AXIS2_PLACEMENT_3D ( 'NONE', #3671, #6860, #10003 ) ;
#396 = CARTESIAN_POINT ( 'NONE',  ( 5.299999999999999822, 2.400000000000000355, 2.499999999999999112 ) ) ;
#397 = PLANE ( 'NONE',  #2927 ) ;
#398 = CARTESIAN_POINT ( 'NONE',  ( 0.7500000000000318634, 0.6000000000000000888, 2.399999999999986144 ) ) ;
#399 = LINE ( 'NONE', #6550, #9539 ) ;
#400 = ORIENTED_EDGE ( 'NONE', *, *, #5434, .F. ) ;
#401 = DIRECTION ( 'NONE',  ( 1.000000000000000000, -0.000000000000000000, -0.000000000000000000 ) ) ;
#402 = LINE ( 'NONE', #8299, #9960 ) ;
#403 = ORIENTED_EDGE ( 'NONE', *, *, #8887, .T. ) ;
#404 = VERTEX_POINT ( 'NONE', #6225 ) ;
#405 = CARTESIAN_POINT ( 'NONE',  ( -6.000000000000000000, 3.150000000000000799, -3.000000000000000000 ) ) ;
#406 = PLANE ( 'NONE',  #7113 ) ;
#407 = CARTESIAN_POINT ( 'NONE',  ( 4.800000000000000711, 5.394289321881344357, 0.6792893218813451650 ) ) ;
#408 = DIRECTION ( 'NONE',  ( 0.000000000000000000, -1.000000000000000000, 0.000000000000000000 ) ) ;
#409 = LINE ( 'NONE', #9077, #6657 ) ;
#410 = ORIENTED_EDGE ( 'NONE', *, *, #7681, .T. ) ;
#411 = CYLINDRICAL_SURFACE ( 'NONE', #1346, 0.1749999999999998224 ) ;
#412 = EDGE_CURVE ( 'NONE', #7207, #9078, #4476, .T. ) ;
#413 = EDGE_CURVE ( 'NONE', #9805, #7871, #6176, .T. ) ;
#414 = PLANE ( 'NONE',  #10170 ) ;
#415 = FACE_OUTER_BOUND ( 'NONE', #1627, .T. ) ;
#416 = DIRECTION ( 'NONE',  ( 0.000000000000000000, -1.000000000000000000, 0.000000000000000000 ) ) ;
#417 = CYLINDRICAL_SURFACE ( 'NONE', #5630, 0.4000000000000001887 ) ;
#418 = CARTESIAN_POINT ( 'NONE',  ( 5.200000000000001066, 2.400000000000001243, -1.699999999999999734 ) ) ;
#419 = DIRECTION ( 'NONE',  ( 0.000000000000000000, 0.7071067811865414665, -0.7071067811865535679 ) ) ;
#420 = CARTESIAN_POINT ( 'NONE',  ( -3.026055542458622405, 0.3499999999999996447, -4.100000000000004086 ) ) ;
#421 = EDGE_CURVE ( 'NONE', #10238, #2080, #483, .T. ) ;
#422 = LINE ( 'NONE', #5116, #355 ) ;
#423 = EDGE_CURVE ( 'NONE', #479, #8512, #6995, .T. ) ;
#424 = ADVANCED_FACE ( 'NONE', ( #2295 ), #9475, .T. ) ;
#425 = VERTEX_POINT ( 'NONE', #3120 ) ;
#426 = CARTESIAN_POINT ( 'NONE',  ( 4.349999999999999645, 0.7500000000000014433, -5.000000000000000000 ) ) ;
#427 = VECTOR ( 'NONE', #3184, 1000.000000000000000 ) ;
#428 = ORIENTED_EDGE ( 'NONE', *, *, #8503, .T. ) ;
#429 = ORIENTED_EDGE ( 'NONE', *, *, #7059, .F. ) ;
#430 = ORIENTED_EDGE ( 'NONE', *, *, #2786, .F. ) ;
#431 = CARTESIAN_POINT ( 'NONE',  ( 6.000000000000000000, 0.2000000000000000111, 3.899999999999999911 ) ) ;
#432 = AXIS2_PLACEMENT_3D ( 'NONE', #1006, #1879, #8080 ) ;
#433 = CARTESIAN_POINT ( 'NONE',  ( 6.000000000000000000, 5.064999999999999503, 2.250000000000000444 ) ) ;
#434 = FACE_OUTER_BOUND ( 'NONE', #9819, .T. ) ;
#435 = VERTEX_POINT ( 'NONE', #9521 ) ;
#436 = PLANE ( 'NONE',  #8311 ) ;
#437 = PLANE ( 'NONE',  #2611 ) ;
#438 = ORIENTED_EDGE ( 'NONE', *, *, #528, .T. ) ;
#439 = DIRECTION ( 'NONE',  ( -0.5773502691896267303, -0.5773502691896228445, 0.5773502691896276184 ) ) ;
#440 = ORIENTED_EDGE ( 'NONE', *, *, #5400, .T. ) ;
#441 = VECTOR ( 'NONE', #1513, 1000.000000000000000 ) ;
#442 = EDGE_CURVE ( 'NONE', #7841, #5545, #750, .T. ) ;
#443 = ORIENTED_EDGE ( 'NONE', *, *, #2995, .F. ) ;
#444 = ORIENTED_EDGE ( 'NONE', *, *, #8586, .T. ) ;
#445 = CARTESIAN_POINT ( 'NONE',  ( 4.349999999999999645, 1.999896230895142013, -5.000000000000000000 ) ) ;
#446 = PRESENTATION_STYLE_ASSIGNMENT (( #2095 ) ) ;
#447 = DIRECTION ( 'NONE',  ( -3.336006684570783101E-16, 0.000000000000000000, 1.000000000000000000 ) ) ;
#448 = AXIS2_PLACEMENT_3D ( 'NONE', #1333, #2979, #2930 ) ;
#449 = ORIENTED_EDGE ( 'NONE', *, *, #2308, .F. ) ;
#450 = LINE ( 'NONE', #6651, #1156 ) ;
#451 = LINE ( 'NONE', #9270, #1173 ) ;
#452 = EDGE_LOOP ( 'NONE', ( #3486, #9718, #4566, #10047 ) ) ;
#453 = EDGE_CURVE ( 'NONE', #551, #1529, #8117, .T. ) ;
#454 = EDGE_CURVE ( 'NONE', #435, #1843, #5597, .T. ) ;
#455 = VECTOR ( 'NONE', #8937, 1000.000000000000000 ) ;
#456 = ORIENTED_EDGE ( 'NONE', *, *, #7204, .T. ) ;
#457 = CARTESIAN_POINT ( 'NONE',  ( -4.350000000000001421, 2.350000000000000089, -4.500000000000000888 ) ) ;
#458 = LINE ( 'NONE', #5310, #4469 ) ;
#459 = DIRECTION ( 'NONE',  ( -0.5773502691896268413, -0.5773502691896252870, -0.5773502691896252870 ) ) ;
#460 = CARTESIAN_POINT ( 'NONE',  ( 4.800000000000000711, 5.425000000000000711, 3.000000000000000444 ) ) ;
#461 = CARTESIAN_POINT ( 'NONE',  ( 4.900000000000000355, 1.800000000000000044, -1.699999999999999734 ) ) ;
#462 = LINE ( 'NONE', #3622, #7761 ) ;
#463 = ORIENTED_EDGE ( 'NONE', *, *, #3162, .T. ) ;
#464 = CARTESIAN_POINT ( 'NONE',  ( -4.800000000000000711, 5.500000000000000888, 3.725000000000000533 ) ) ;
#465 = EDGE_CURVE ( 'NONE', #9030, #3921, #8286, .T. ) ;
#466 = DIRECTION ( 'NONE',  ( -1.000000000000000000, 0.000000000000000000, 0.000000000000000000 ) ) ;
#467 = PRODUCT_RELATED_PRODUCT_CATEGORY ( 'part', '', ( #496 ) ) ;
#468 = CARTESIAN_POINT ( 'NONE',  ( 6.000000000000000000, 5.699999999999999289, 2.250000000000000000 ) ) ;
#469 = VECTOR ( 'NONE', #4577, 1000.000000000000000 ) ;
#470 = CARTESIAN_POINT ( 'NONE',  ( -4.800000000000000711, 5.394289321881347021, 1.570710678118654391 ) ) ;
#471 = DIRECTION ( 'NONE',  ( -1.000000000000000000, 8.673617379884035472E-16, 0.000000000000000000 ) ) ;
#472 = CARTESIAN_POINT ( 'NONE',  ( -4.200000000000000178, 4.800000000000000711, 0.7999999999999994893 ) ) ;
#473 = CARTESIAN_POINT ( 'NONE',  ( -3.595844495589076484, 0.1349081991615650178, -4.814454873230663345 ) ) ;
#474 = CARTESIAN_POINT ( 'NONE',  ( 6.000000000000000000, 5.700000000000000178, -3.200000000000000178 ) ) ;
#475 = EDGE_LOOP ( 'NONE', ( #463, #1447, #8984, #7974, #8858, #8186, #3154, #6191 ) ) ;
#476 = DIRECTION ( 'NONE',  ( 0.000000000000000000, -1.000000000000000000, -0.000000000000000000 ) ) ;
#477 = ORIENTED_EDGE ( 'NONE', *, *, #8586, .F. ) ;
#478 = VECTOR ( 'NONE', #10091, 1000.000000000000000 ) ;
#479 = VERTEX_POINT ( 'NONE', #4123 ) ;
#480 = EDGE_CURVE ( 'NONE', #7636, #6131, #8750, .T. ) ;
#481 = DIRECTION ( 'NONE',  ( -1.000000000000000000, -0.000000000000000000, -0.000000000000000000 ) ) ;
#482 = EDGE_CURVE ( 'NONE', #3810, #2955, #2342, .T. ) ;
#483 = CIRCLE ( 'NONE', #4130, 0.4000000000000001887 ) ;
#484 = AXIS2_PLACEMENT_3D ( 'NONE', #8480, #5373, #1394 ) ;
#485 = PLANE ( 'NONE',  #2144 ) ;
#486 = PLANE ( 'NONE',  #8566 ) ;
#487 = ORIENTED_EDGE ( 'NONE', *, *, #8263, .T. ) ;
#488 = CARTESIAN_POINT ( 'NONE',  ( -5.200000000000001066, 2.575000000000000178, 3.725000000000000089 ) ) ;
#489 = AXIS2_PLACEMENT_3D ( 'NONE', #3712, #2047, #6896 ) ;
#490 = DIRECTION ( 'NONE',  ( 0.000000000000000000, -1.224646799147353454E-16, 1.000000000000000000 ) ) ;
#491 = ORIENTED_EDGE ( 'NONE', *, *, #4088, .T. ) ;
#492 = CARTESIAN_POINT ( 'NONE',  ( 5.799999999999999822, 3.400000000000000355, 1.999999999999999556 ) ) ;
#493 = ORIENTED_EDGE ( 'NONE', *, *, #3366, .T. ) ;
#494 = AXIS2_PLACEMENT_3D ( 'NONE', #1043, #8220, #3315 ) ;
#495 = VERTEX_POINT ( 'NONE', #10243 ) ;
#496 = PRODUCT ( 'SM04B-PASS-TBT', 'SM04B-PASS-TBT', '', ( #2621 ) ) ;
#497 = ORIENTED_EDGE ( 'NONE', *, *, #3384, .F. ) ;
#498 = EDGE_CURVE ( 'NONE', #1793, #6479, #3966, .T. ) ;
#499 = AXIS2_PLACEMENT_3D ( 'NONE', #10221, #924, #6295 ) ;
#500 = CARTESIAN_POINT ( 'NONE',  ( -4.800000000000000711, 5.394289321881344357, 0.6792893218813451650 ) ) ;
#501 = DIRECTION ( 'NONE',  ( 0.000000000000000000, 0.000000000000000000, 1.000000000000000000 ) ) ;
#502 = PLANE ( 'NONE',  #1139 ) ;
#503 = VECTOR ( 'NONE', #3451, 1000.000000000000000 ) ;
#504 = EDGE_CURVE ( 'NONE', #3552, #7327, #128, .T. ) ;
#505 = DIRECTION ( 'NONE',  ( 1.000000000000000000, -0.000000000000000000, -0.000000000000000000 ) ) ;
#506 = EDGE_LOOP ( 'NONE', ( #7689, #5976, #6951, #636 ) ) ;
#507 = DIRECTION ( 'NONE',  ( -0.7071067811865451302, -0.7071067811865500152, -1.125352966373122741E-16 ) ) ;
#508 = CARTESIAN_POINT ( 'NONE',  ( -0.7499999999999673594, 0.2000000000000000111, 3.899999999999999911 ) ) ;
#509 = ORIENTED_EDGE ( 'NONE', *, *, #5629, .T. ) ;
#510 = VECTOR ( 'NONE', #899, 1000.000000000000000 ) ;
#511 = ORIENTED_EDGE ( 'NONE', *, *, #9075, .T. ) ;
#512 = DIRECTION ( 'NONE',  ( -1.000000000000000000, -0.000000000000000000, -0.000000000000000000 ) ) ;
#513 = DIRECTION ( 'NONE',  ( -0.5773502691896307271, -0.5773502691896242878, 0.5773502691896221783 ) ) ;
#514 = LINE ( 'NONE', #6187, #8746 ) ;
#515 = CARTESIAN_POINT ( 'NONE',  ( 4.800000000000000711, 4.864999999999999325, 2.925000000000000266 ) ) ;
#516 = VECTOR ( 'NONE', #1632, 1000.000000000000000 ) ;
#517 = LINE ( 'NONE', #5155, #7815 ) ;
#518 = VECTOR ( 'NONE', #5793, 1000.000000000000000 ) ;
#519 = CARTESIAN_POINT ( 'NONE',  ( -0.6999999999999992895, 4.400000000000000355, 2.250000000000000000 ) ) ;
#520 = ORIENTED_EDGE ( 'NONE', *, *, #9599, .T. ) ;
#521 = CARTESIAN_POINT ( 'NONE',  ( 2.750000000000031974, 0.6000000000000000888, 5.000000000000000000 ) ) ;
#522 = DIRECTION ( 'NONE',  ( -1.000000000000000000, 0.000000000000000000, 0.000000000000000000 ) ) ;
#523 = PLANE ( 'NONE',  #5054 ) ;
#524 = VECTOR ( 'NONE', #7859, 1000.000000000000114 ) ;
#525 = DIRECTION ( 'NONE',  ( 0.000000000000000000, 0.000000000000000000, 1.000000000000000000 ) ) ;
#526 = DIRECTION ( 'NONE',  ( 0.5773502691896280625, -0.5773502691896280625, 0.5773502691896212902 ) ) ;
#527 = VECTOR ( 'NONE', #7305, 1000.000000000000000 ) ;
#528 = EDGE_CURVE ( 'NONE', #7408, #5279, #3329, .T. ) ;
#529 = EDGE_CURVE ( 'NONE', #6650, #8806, #4017, .T. ) ;
#530 = LINE ( 'NONE', #6821, #8123 ) ;
#531 = LINE ( 'NONE', #2843, #1442 ) ;
#532 = CARTESIAN_POINT ( 'NONE',  ( 3.026055542458625069, 8.000000000000000000, -4.350000000000003197 ) ) ;
#533 = DIRECTION ( 'NONE',  ( -1.000000000000000000, -0.000000000000000000, 0.000000000000000000 ) ) ;
#534 = VECTOR ( 'NONE', #10213, 1000.000000000000000 ) ;
#535 = VERTEX_POINT ( 'NONE', #8078 ) ;
#536 = LINE ( 'NONE', #1504, #6390 ) ;
#537 = VERTEX_POINT ( 'NONE', #896 ) ;
#538 = ORIENTED_EDGE ( 'NONE', *, *, #893, .F. ) ;
#539 = LINE ( 'NONE', #4493, #10153 ) ;
#540 =( NAMED_UNIT ( * ) SI_UNIT ( $, .STERADIAN. ) SOLID_ANGLE_UNIT ( ) );
#541 = LINE ( 'NONE', #2137, #8733 ) ;
#542 = EDGE_LOOP ( 'NONE', ( #6854, #904, #5447, #5517, #3692, #2179 ) ) ;
#543 = LINE ( 'NONE', #4499, #5010 ) ;
#544 = EDGE_CURVE ( 'NONE', #2285, #6482, #3168, .T. ) ;
#545 = PLANE ( 'NONE',  #8451 ) ;
#546 = VERTEX_POINT ( 'NONE', #3270 ) ;
#547 = FACE_OUTER_BOUND ( 'NONE', #6159, .T. ) ;
#548 = ADVANCED_FACE ( 'NONE', ( #9622 ), #8896, .T. ) ;
#549 = VERTEX_POINT ( 'NONE', #6535 ) ;
#550 = EDGE_CURVE ( 'NONE', #3752, #6079, #4069, .T. ) ;
#551 = VERTEX_POINT ( 'NONE', #4710 ) ;
#552 = ORIENTED_EDGE ( 'NONE', *, *, #4068, .F. ) ;
#553 = EDGE_CURVE ( 'NONE', #6227, #10248, #7879, .T. ) ;
#554 = VECTOR ( 'NONE', #4791, 1000.000000000000000 ) ;
#555 = DIRECTION ( 'NONE',  ( -1.000000000000000000, -0.000000000000000000, -0.000000000000000000 ) ) ;
#556 = FILL_AREA_STYLE ('',( #9888 ) ) ;
#557 = VECTOR ( 'NONE', #1093, 1000.000000000000000 ) ;
#558 = FACE_OUTER_BOUND ( 'NONE', #5732, .T. ) ;
#559 = ORIENTED_EDGE ( 'NONE', *, *, #3000, .T. ) ;
#560 = DIRECTION ( 'NONE',  ( 0.000000000000000000, 0.000000000000000000, 1.000000000000000000 ) ) ;
#561 = CARTESIAN_POINT ( 'NONE',  ( 5.305000000000000604, 4.629138561470611535, -1.700000000000000178 ) ) ;
#562 = ORIENTED_EDGE ( 'NONE', *, *, #4089, .F. ) ;
#563 = EDGE_CURVE ( 'NONE', #3882, #6467, #4638, .T. ) ;
#564 = ORIENTED_EDGE ( 'NONE', *, *, #6931, .F. ) ;
#565 = AXIS2_PLACEMENT_3D ( 'NONE', #349, #9841, #8292 ) ;
#566 = VECTOR ( 'NONE', #7270, 1000.000000000000000 ) ;
#567 = ORIENTED_EDGE ( 'NONE', *, *, #4735, .T. ) ;
#568 = CARTESIAN_POINT ( 'NONE',  ( -3.026055542458622849, 0.3499999999999996447, -4.350000000000004086 ) ) ;
#569 = FACE_OUTER_BOUND ( 'NONE', #8943, .T. ) ;
#570 = DIRECTION ( 'NONE',  ( 0.000000000000000000, -1.000000000000000000, 0.000000000000000000 ) ) ;
#571 = DIRECTION ( 'NONE',  ( 0.000000000000000000, 0.9396926207859095381, -0.3420201433256658263 ) ) ;
#572 = ORIENTED_EDGE ( 'NONE', *, *, #4461, .T. ) ;
#573 = CIRCLE ( 'NONE', #8857, 0.07499999999999998335 ) ;
#574 = LINE ( 'NONE', #3731, #7078 ) ;
#575 = ORIENTED_EDGE ( 'NONE', *, *, #653, .F. ) ;
#576 = CARTESIAN_POINT ( 'NONE',  ( -3.249999999999968026, 0.000000000000000000, 4.800000000000000711 ) ) ;
#577 = CARTESIAN_POINT ( 'NONE',  ( -0.7499999999999988898, 2.149999999999999467, -1.999999999999997335 ) ) ;
#579 = VECTOR ( 'NONE', #9917, 1000.000000000000000 ) ;
#578 = DIRECTION ( 'NONE',  ( 0.000000000000000000, -1.000000000000000000, -1.334402673828314227E-15 ) ) ;
#580 = LINE ( 'NONE', #8523, #5823 ) ;
#581 = CARTESIAN_POINT ( 'NONE',  ( -5.054999999999998828, 0.6500000000000021316, -5.000000000000000000 ) ) ;
#582 = LINE ( 'NONE', #5375, #9105 ) ;
#583 = DIRECTION ( 'NONE',  ( -0.000000000000000000, -1.000000000000000000, -0.000000000000000000 ) ) ;
#584 = CARTESIAN_POINT ( 'NONE',  ( -3.537690618442705492, 0.3500000000000003664, -4.855654565435176373 ) ) ;
#585 = CARTESIAN_POINT ( 'NONE',  ( 5.200000000000001066, 4.700000000000000178, 0.1000000000000000472 ) ) ;
#586 = ORIENTED_EDGE ( 'NONE', *, *, #1590, .F. ) ;
#587 = ORIENTED_EDGE ( 'NONE', *, *, #7646, .T. ) ;
#588 = EDGE_CURVE ( 'NONE', #546, #6479, #4858, .T. ) ;
#589 = EDGE_CURVE ( 'NONE', #4397, #3129, #2495, .T. ) ;
#590 = ORIENTED_EDGE ( 'NONE', *, *, #7467, .T. ) ;
#591 = SURFACE_STYLE_FILL_AREA ( #5337 ) ;
#592 = UNCERTAINTY_MEASURE_WITH_UNIT (LENGTH_MEASURE( 1.000000000000000082E-05 ), #658, 'distance_accuracy_value', 'NONE');
#593 = EDGE_CURVE ( 'NONE', #2707, #4819, #5489, .T. ) ;
#594 = PLANE ( 'NONE',  #4138 ) ;
#595 = CYLINDRICAL_SURFACE ( 'NONE', #9058, 0.07500000000000041356 ) ;
#596 = ORIENTED_EDGE ( 'NONE', *, *, #7832, .F. ) ;
#597 = LINE ( 'NONE', #3753, #6992 ) ;
#598 = DIRECTION ( 'NONE',  ( 0.000000000000000000, 0.000000000000000000, 1.000000000000000000 ) ) ;
#599 = ORIENTED_EDGE ( 'NONE', *, *, #1550, .T. ) ;
#600 = DIRECTION ( 'NONE',  ( 0.000000000000000000, -1.000000000000000000, 0.000000000000000000 ) ) ;
#601 = ORIENTED_EDGE ( 'NONE', *, *, #3898, .T. ) ;
#602 = EDGE_CURVE ( 'NONE', #6538, #5930, #6634, .T. ) ;
#603 = ORIENTED_EDGE ( 'NONE', *, *, #6743, .F. ) ;
#604 = VECTOR ( 'NONE', #6074, 1000.000000000000000 ) ;
#605 = ORIENTED_EDGE ( 'NONE', *, *, #2038, .F. ) ;
#606 = EDGE_CURVE ( 'NONE', #9078, #7563, #7355, .T. ) ;
#607 = FACE_OUTER_BOUND ( 'NONE', #6039, .T. ) ;
#608 = PLANE ( 'NONE',  #4768 ) ;
#609 = DIRECTION ( 'NONE',  ( -0.7071067811865439090, -0.7071067811865512365, 4.829270603727187097E-16 ) ) ;
#610 = CARTESIAN_POINT ( 'NONE',  ( -4.800000000000000711, 5.700000000000000178, 0.1000000000000002554 ) ) ;
#611 = ORIENTED_EDGE ( 'NONE', *, *, #1146, .F. ) ;
#612 = DIRECTION ( 'NONE',  ( -0.000000000000000000, -1.000000000000000000, -0.000000000000000000 ) ) ;
#613 = FACE_OUTER_BOUND ( 'NONE', #4438, .T. ) ;
#614 = EDGE_LOOP ( 'NONE', ( #800, #9491, #9373, #586, #596, #9426 ) ) ;
#615 = AXIS2_PLACEMENT_3D ( 'NONE', #2648, #1723, #8131 ) ;
#616 = VERTEX_POINT ( 'NONE', #3433 ) ;
#617 = EDGE_LOOP ( 'NONE', ( #6430, #7526, #5347, #6989 ) ) ;
#618 = EDGE_CURVE ( 'NONE', #4339, #4800, #234, .T. ) ;
#619 = LINE ( 'NONE', #10106, #5798 ) ;
#620 = DIRECTION ( 'NONE',  ( -1.000000000000000000, -0.000000000000000000, -0.000000000000000000 ) ) ;
#621 = EDGE_CURVE ( 'NONE', #4925, #6066, #8180, .T. ) ;
#622 = DIRECTION ( 'NONE',  ( 0.000000000000000000, 0.000000000000000000, 1.000000000000000000 ) ) ;
#623 = ORIENTED_EDGE ( 'NONE', *, *, #3350, .F. ) ;
#624 = DIRECTION ( 'NONE',  ( 1.000000000000000000, -0.000000000000000000, -0.000000000000000000 ) ) ;
#625 = VERTEX_POINT ( 'NONE', #1983 ) ;
#626 = CARTESIAN_POINT ( 'NONE',  ( -2.000000000000000000, 2.259191070279860103, -2.300000000000000266 ) ) ;
#627 = VECTOR ( 'NONE', #3445, 1000.000000000000000 ) ;
#628 = DIRECTION ( 'NONE',  ( 0.000000000000000000, 0.000000000000000000, 1.000000000000000000 ) ) ;
#629 = DIRECTION ( 'NONE',  ( 1.000000000000000000, -0.000000000000000000, -0.000000000000000000 ) ) ;
#630 = FACE_OUTER_BOUND ( 'NONE', #4437, .T. ) ;
#631 = VECTOR ( 'NONE', #8322, 1000.000000000000000 ) ;
#632 = DIRECTION ( 'NONE',  ( 0.000000000000000000, 1.000000000000000000, 0.000000000000000000 ) ) ;
#633 = DIRECTION ( 'NONE',  ( -0.4226182617407027164, 0.000000000000000000, 0.9063077870366484934 ) ) ;
#634 = EDGE_CURVE ( 'NONE', #7327, #703, #6685, .T. ) ;
#635 = LINE ( 'NONE', #3043, #192 ) ;
#636 = ORIENTED_EDGE ( 'NONE', *, *, #7544, .T. ) ;
#637 = ORIENTED_EDGE ( 'NONE', *, *, #10216, .T. ) ;
#638 = PRESENTATION_LAYER_ASSIGNMENT (  '', '', ( #787 ) ) ;
#639 = ORIENTED_EDGE ( 'NONE', *, *, #8448, .T. ) ;
#640 = CARTESIAN_POINT ( 'NONE',  ( 2.100000000000000089, 4.400000000000000355, 0.7999999999999994893 ) ) ;
#641 = DIRECTION ( 'NONE',  ( 0.000000000000000000, 0.000000000000000000, 1.000000000000000000 ) ) ;
#642 = EDGE_CURVE ( 'NONE', #9874, #4128, #282, .T. ) ;
#643 = CARTESIAN_POINT ( 'NONE',  ( -0.7000000000000000666, 4.400000000000000355, -3.199999999999999734 ) ) ;
#644 = VERTEX_POINT ( 'NONE', #1054 ) ;
#645 =( NAMED_UNIT ( * ) PLANE_ANGLE_UNIT ( ) SI_UNIT ( $, .RADIAN. ) );
#646 = EDGE_LOOP ( 'NONE', ( #2902, #289, #1736, #3863 ) ) ;
#647 = CARTESIAN_POINT ( 'NONE',  ( 5.305000000000000604, 4.050000000000000711, -3.200000000000000178 ) ) ;
#648 = ORIENTED_EDGE ( 'NONE', *, *, #9151, .T. ) ;
#649 = ORIENTED_EDGE ( 'NONE', *, *, #7709, .F. ) ;
#650 = AXIS2_PLACEMENT_3D ( 'NONE', #6322, #31, #9674 ) ;
#651 = ORIENTED_EDGE ( 'NONE', *, *, #4328, .T. ) ;
#652 = DIRECTION ( 'NONE',  ( -0.9063077870366488265, 0.000000000000000000, 0.4226182617407020503 ) ) ;
#653 = EDGE_CURVE ( 'NONE', #6658, #1626, #7511, .T. ) ;
#654 = VECTOR ( 'NONE', #8377, 1000.000000000000000 ) ;
#655 = DIRECTION ( 'NONE',  ( 0.000000000000000000, 0.000000000000000000, 1.000000000000000000 ) ) ;
#656 = EDGE_CURVE ( 'NONE', #4355, #7829, #9000, .T. ) ;
#657 = EDGE_LOOP ( 'NONE', ( #3665, #7625, #9369, #2256 ) ) ;
#658 =( LENGTH_UNIT ( ) NAMED_UNIT ( * ) SI_UNIT ( .MILLI., .METRE. ) );
#659 = VECTOR ( 'NONE', #9534, 1000.000000000000000 ) ;
#660 = ORIENTED_EDGE ( 'NONE', *, *, #9783, .F. ) ;
#661 = ADVANCED_FACE ( 'NONE', ( #2589 ), #4230, .F. ) ;
#662 = VERTEX_POINT ( 'NONE', #7561 ) ;
#663 = EDGE_CURVE ( 'NONE', #3163, #3426, #2799, .T. ) ;
#664 = VERTEX_POINT ( 'NONE', #9878 ) ;
#665 = AXIS2_PLACEMENT_3D ( 'NONE', #882, #1709, #10231 ) ;
#666 = FACE_OUTER_BOUND ( 'NONE', #4237, .T. ) ;
#667 = LINE ( 'NONE', #7588, #2578 ) ;
#668 = CARTESIAN_POINT ( 'NONE',  ( -5.200000000000001066, 5.394289321881344357, 0.6792893218813451650 ) ) ;
#669 = VERTEX_POINT ( 'NONE', #5801 ) ;
#670 = CARTESIAN_POINT ( 'NONE',  ( -4.200000000000000178, 2.750000000000000444, -3.600000000000000533 ) ) ;
#671 = AXIS2_PLACEMENT_3D ( 'NONE', #293, #5085, #9732 ) ;
#672 = VERTEX_POINT ( 'NONE', #5904 ) ;
#673 = LINE ( 'NONE', #9959, #5189 ) ;
#674 = EDGE_CURVE ( 'NONE', #4655, #7969, #2749, .T. ) ;
#675 = VECTOR ( 'NONE', #6899, 1000.000000000000000 ) ;
#676 = EDGE_CURVE ( 'NONE', #6227, #3757, #9101, .T. ) ;
#677 = EDGE_CURVE ( 'NONE', #3752, #4498, #1877, .T. ) ;
#678 = LINE ( 'NONE', #3839, #1208 ) ;
#679 = CARTESIAN_POINT ( 'NONE',  ( -5.200000000000001066, 5.500000000000001776, 0.5321572875253787194 ) ) ;
#680 = FACE_OUTER_BOUND ( 'NONE', #3341, .T. ) ;
#681 = DIRECTION ( 'NONE',  ( 0.000000000000000000, -1.591489427501657896E-16, 1.000000000000000000 ) ) ;
#682 = FACE_OUTER_BOUND ( 'NONE', #8146, .T. ) ;
#683 = VECTOR ( 'NONE', #709, 999.9999999999998863 ) ;
#684 = CARTESIAN_POINT ( 'NONE',  ( -5.200000000000001066, 5.400000000000000355, 0.5321572875253804957 ) ) ;
#685 = ORIENTED_EDGE ( 'NONE', *, *, #9215, .F. ) ;
#686 = LINE ( 'NONE', #5480, #8539 ) ;
#687 = VERTEX_POINT ( 'NONE', #5180 ) ;
#688 = VECTOR ( 'NONE', #3089, 1000.000000000000000 ) ;
#689 = ADVANCED_FACE ( 'NONE', ( #1099 ), #4278, .F. ) ;
#690 = VECTOR ( 'NONE', #6577, 1000.000000000000000 ) ;
#691 = DIRECTION ( 'NONE',  ( -1.000000000000000000, 0.000000000000000000, 0.000000000000000000 ) ) ;
#692 = ORIENTED_EDGE ( 'NONE', *, *, #6223, .F. ) ;
#693 = DIRECTION ( 'NONE',  ( 0.000000000000000000, -0.3713906763541028888, 0.9284766908852596368 ) ) ;
#694 = CARTESIAN_POINT ( 'NONE',  ( -4.800000000000000711, 2.400000000000000355, 1.999999999999999556 ) ) ;
#695 = VECTOR ( 'NONE', #9452, 1000.000000000000227 ) ;
#696 = CARTESIAN_POINT ( 'NONE',  ( -5.054999999999998828, -3.007001466925484586E-18, -4.999999999999994671 ) ) ;
#697 = ORIENTED_EDGE ( 'NONE', *, *, #9557, .F. ) ;
#698 = DIRECTION ( 'NONE',  ( -0.000000000000000000, -2.759533940951752967E-15, -1.000000000000000000 ) ) ;
#699 = ORIENTED_EDGE ( 'NONE', *, *, #9507, .T. ) ;
#700 = CARTESIAN_POINT ( 'NONE',  ( -2.776553117368809165, 2.526610073077114382, -3.223389926922864746 ) ) ;
#701 = VERTEX_POINT ( 'NONE', #4966 ) ;
#702 = EDGE_LOOP ( 'NONE', ( #3373, #8045, #3922, #8870 ) ) ;
#703 = VERTEX_POINT ( 'NONE', #8130 ) ;
#704 = DIRECTION ( 'NONE',  ( 0.000000000000000000, -1.000000000000000000, -0.000000000000000000 ) ) ;
#705 = PLANE ( 'NONE',  #8781 ) ;
#706 = FACE_OUTER_BOUND ( 'NONE', #3223, .T. ) ;
#707 = ORIENTED_EDGE ( 'NONE', *, *, #8644, .T. ) ;
#708 = SURFACE_STYLE_USAGE ( .BOTH. , #1526 ) ;
#709 = DIRECTION ( 'NONE',  ( 0.5773502691896291728, -0.5773502691896257311, 0.5773502691896225114 ) ) ;
#710 = ORIENTED_EDGE ( 'NONE', *, *, #3464, .F. ) ;
#711 = ORIENTED_EDGE ( 'NONE', *, *, #4953, .F. ) ;
#712 = EDGE_CURVE ( 'NONE', #4938, #6941, #4177, .T. ) ;
#713 = ADVANCED_FACE ( 'NONE', ( #7616 ), #485, .T. ) ;
#714 = VERTEX_POINT ( 'NONE', #6161 ) ;
#715 = CARTESIAN_POINT ( 'NONE',  ( 6.000000000000000000, 0.3499999999999999778, -5.000000000000000000 ) ) ;
#716 = CARTESIAN_POINT ( 'NONE',  ( -5.200000000000001066, 5.394289321881346133, 1.429289321881345387 ) ) ;
#717 = ORIENTED_EDGE ( 'NONE', *, *, #6133, .F. ) ;
#718 = CARTESIAN_POINT ( 'NONE',  ( -2.100000000000000089, 4.400000000000000355, -3.049999999999999378 ) ) ;
#719 = ORIENTED_EDGE ( 'NONE', *, *, #6845, .F. ) ;
#720 =( GEOMETRIC_REPRESENTATION_CONTEXT ( 3 ) GLOBAL_UNCERTAINTY_ASSIGNED_CONTEXT ( ( #1682 ) ) GLOBAL_UNIT_ASSIGNED_CONTEXT ( ( #9049, #9099, #7509 ) ) REPRESENTATION_CONTEXT ( 'NONE', 'WORKASPACE' ) );
#721 = CARTESIAN_POINT ( 'NONE',  ( 2.400000000000000355, 4.850000000000000533, 3.900000000000000355 ) ) ;
#722 = VECTOR ( 'NONE', #6718, 1000.000000000000114 ) ;
#723 = VECTOR ( 'NONE', #9799, 1000.000000000000000 ) ;
#724 = LINE ( 'NONE', #3145, #2520 ) ;
#725 = DIRECTION ( 'NONE',  ( 1.000000000000000000, 0.000000000000000000, 0.000000000000000000 ) ) ;
#726 = AXIS2_PLACEMENT_3D ( 'NONE', #2710, #7575, #447 ) ;
#727 = FACE_OUTER_BOUND ( 'NONE', #4408, .T. ) ;
#728 = ADVANCED_FACE ( 'NONE', ( #8439 ), #6930, .F. ) ;
#729 = AXIS2_PLACEMENT_3D ( 'NONE', #1765, #7244, #4755 ) ;
#730 = SURFACE_STYLE_USAGE ( .BOTH. , #7856 ) ;
#731 = FACE_OUTER_BOUND ( 'NONE', #9258, .T. ) ;
#732 = ADVANCED_FACE ( 'NONE', ( #9979 ), #4546, .F. ) ;
#733 = CARTESIAN_POINT ( 'NONE',  ( 1.125282473150414742, 2.274717526849586502, -3.031080120897855945 ) ) ;
#734 = ORIENTED_EDGE ( 'NONE', *, *, #9557, .T. ) ;
#735 = CARTESIAN_POINT ( 'NONE',  ( -5.200000000000001066, 5.500000000000001776, 1.717842712474617173 ) ) ;
#736 = EDGE_LOOP ( 'NONE', ( #1777, #4281, #5920, #10191, #4198 ) ) ;
#737 = VECTOR ( 'NONE', #6938, 1000.000000000000000 ) ;
#738 = DIRECTION ( 'NONE',  ( 0.000000000000000000, 1.000000000000000000, 2.168404344971008868E-16 ) ) ;
#739 = EDGE_CURVE ( 'NONE', #1210, #7105, #6212, .T. ) ;
#740 = EDGE_CURVE ( 'NONE', #1793, #1110, #3854, .T. ) ;
#741 = DIRECTION ( 'NONE',  ( 0.000000000000000000, 0.000000000000000000, -1.000000000000000000 ) ) ;
#742 = DIRECTION ( 'NONE',  ( 1.000000000000000000, 0.000000000000000000, 0.000000000000000000 ) ) ;
#743 = CARTESIAN_POINT ( 'NONE',  ( -0.6250000000000000000, 4.700000000000000178, -2.200000000000000622 ) ) ;
#744 = ORIENTED_EDGE ( 'NONE', *, *, #3047, .T. ) ;
#745 = CARTESIAN_POINT ( 'NONE',  ( -4.004999999999999893, 5.064999999999999503, 2.800000000000000266 ) ) ;
#746 = VERTEX_POINT ( 'NONE', #8538 ) ;
#747 = ORIENTED_EDGE ( 'NONE', *, *, #677, .T. ) ;
#748 = PLANE ( 'NONE',  #6218 ) ;
#749 = FACE_OUTER_BOUND ( 'NONE', #3095, .T. ) ;
#750 = LINE ( 'NONE', #3914, #2452 ) ;
#751 = CARTESIAN_POINT ( 'NONE',  ( -4.800000000000000711, 5.425000000000000711, 2.049999999999999822 ) ) ;
#752 = ORIENTED_EDGE ( 'NONE', *, *, #9247, .F. ) ;
#753 = DIRECTION ( 'NONE',  ( 0.000000000000000000, -1.414176746720223400E-16, 1.000000000000000000 ) ) ;
#754 = ORIENTED_EDGE ( 'NONE', *, *, #7800, .T. ) ;
#755 = ORIENTED_EDGE ( 'NONE', *, *, #6604, .T. ) ;
#756 = VECTOR ( 'NONE', #6375, 1000.000000000000000 ) ;
#757 = CLOSED_SHELL ( 'NONE', ( #3890, #9291, #3785, #6065, #2443, #6053, #5328, #8526, #3786, #8722 ) ) ;
#758 = ORIENTED_EDGE ( 'NONE', *, *, #5449, .T. ) ;
#759 = DIRECTION ( 'NONE',  ( 1.000000000000000000, -0.000000000000000000, -0.000000000000000000 ) ) ;
#760 = CARTESIAN_POINT ( 'NONE',  ( 4.800000000000000711, 2.400000000000001243, -1.699999999999999734 ) ) ;
#761 = FACE_OUTER_BOUND ( 'NONE', #3356, .T. ) ;
#762 = VERTEX_POINT ( 'NONE', #8386 ) ;
#763 = CARTESIAN_POINT ( 'NONE',  ( -3.731992759080819955, 0.02063809929937175658, -4.800661297672444761 ) ) ;
#764 = CARTESIAN_POINT ( 'NONE',  ( 2.100000000000000089, 4.400000000000000355, 0.7999999999999994893 ) ) ;
#765 = ADVANCED_FACE ( 'NONE', ( #6980 ), #594, .F. ) ;
#766 = VERTEX_POINT ( 'NONE', #10027 ) ;
#767 = LINE ( 'NONE', #1588, #9320 ) ;
#768 = AXIS2_PLACEMENT_3D ( 'NONE', #2638, #9762, #4420 ) ;
#769 = CARTESIAN_POINT ( 'NONE',  ( -5.007179676972450366, 0.000000000000000000, -1.513476936738000322 ) ) ;
#770 = DIRECTION ( 'NONE',  ( 0.000000000000000000, -0.8191520442889892450, 0.5735764363510498232 ) ) ;
#771 = DIRECTION ( 'NONE',  ( 0.000000000000000000, 0.000000000000000000, -1.000000000000000000 ) ) ;
#772 = CARTESIAN_POINT ( 'NONE',  ( 0.7500000000000318634, 0.000000000000000000, 5.000000000000000000 ) ) ;
#773 = CARTESIAN_POINT ( 'NONE',  ( -3.249999999999968026, 0.2000000000000000111, 2.400000000000000355 ) ) ;
#774 = EDGE_CURVE ( 'NONE', #9433, #1653, #6472, .T. ) ;
#775 = CIRCLE ( 'NONE', #5445, 0.3999999999999997446 ) ;
#776 = CARTESIAN_POINT ( 'NONE',  ( -3.249999999999968026, 0.6000000000000000888, 2.399999999999958167 ) ) ;
#777 = ORIENTED_EDGE ( 'NONE', *, *, #7545, .F. ) ;
#778 = CARTESIAN_POINT ( 'NONE',  ( 3.250000000000001332, 2.649999999999999911, 0.7999999999999994893 ) ) ;
#779 = ORIENTED_EDGE ( 'NONE', *, *, #9303, .T. ) ;
#780 = DIRECTION ( 'NONE',  ( 1.000000000000000000, 0.000000000000000000, 0.000000000000000000 ) ) ;
#781 = CARTESIAN_POINT ( 'NONE',  ( 1.999999999999998224, 0.000000000000000000, -4.100000000000005862 ) ) ;
#782 = LINE ( 'NONE', #8882, #9239 ) ;
#783 = FACE_OUTER_BOUND ( 'NONE', #5348, .T. ) ;
#784 = LINE ( 'NONE', #696, #5275 ) ;
#785 = DIRECTION ( 'NONE',  ( 0.000000000000000000, 1.000000000000000000, 0.000000000000000000 ) ) ;
#786 = ORIENTED_EDGE ( 'NONE', *, *, #2867, .F. ) ;
#787 = STYLED_ITEM ( 'NONE', ( #8056 ), #4923 ) ;
#788 = PLANE ( 'NONE',  #5729 ) ;
#789 = ORIENTED_EDGE ( 'NONE', *, *, #8479, .T. ) ;
#790 = EDGE_CURVE ( 'NONE', #1034, #5332, #9200, .T. ) ;
#791 = EDGE_CURVE ( 'NONE', #7874, #549, #2905, .T. ) ;
#792 = ORIENTED_EDGE ( 'NONE', *, *, #9519, .T. ) ;
#793 = CARTESIAN_POINT ( 'NONE',  ( 0.000000000000000000, 0.000000000000000000, 0.7999999999999994893 ) ) ;
#794 = FACE_OUTER_BOUND ( 'NONE', #1174, .T. ) ;
#795 = DIRECTION ( 'NONE',  ( 0.9063077870366489375, 0.000000000000000000, -0.4226182617407014397 ) ) ;
#796 = CARTESIAN_POINT ( 'NONE',  ( -4.800000000000000711, 5.470710678118654968, 1.647132034355962338 ) ) ;
#797 = VERTEX_POINT ( 'NONE', #9251 ) ;
#798 = CARTESIAN_POINT ( 'NONE',  ( 5.200000000000001066, 4.939999999999999503, 3.000000000000000888 ) ) ;
#799 = ORIENTED_EDGE ( 'NONE', *, *, #5457, .T. ) ;
#800 = ORIENTED_EDGE ( 'NONE', *, *, #4362, .F. ) ;
#801 = AXIS2_PLACEMENT_3D ( 'NONE', #5152, #6506, #207 ) ;
#802 = EDGE_CURVE ( 'NONE', #5188, #1400, #2136, .T. ) ;
#803 = ORIENTED_EDGE ( 'NONE', *, *, #2657, .T. ) ;
#804 = ORIENTED_EDGE ( 'NONE', *, *, #5800, .F. ) ;
#805 = VECTOR ( 'NONE', #4404, 1000.000000000000114 ) ;
#806 = LINE ( 'NONE', #8761, #516 ) ;
#807 = CARTESIAN_POINT ( 'NONE',  ( 4.800000000000000711, 5.400000000000000355, 0.9678427124746188381 ) ) ;
#808 = STYLED_ITEM ( 'NONE', ( #5388 ), #713 ) ;
#809 = LINE ( 'NONE', #910, #4912 ) ;
#810 = VERTEX_POINT ( 'NONE', #3750 ) ;
#811 = LINE ( 'NONE', #1784, #659 ) ;
#812 = FACE_OUTER_BOUND ( 'NONE', #7442, .T. ) ;
#813 = VERTEX_POINT ( 'NONE', #66 ) ;
#814 = LINE ( 'NONE', #8769, #534 ) ;
#815 = CARTESIAN_POINT ( 'NONE',  ( 5.305000000000000604, 4.629138561470611535, 1.099999999999999867 ) ) ;
#816 = PLANE ( 'NONE',  #5674 ) ;
#817 = CARTESIAN_POINT ( 'NONE',  ( 5.200000000000001066, 5.394289321881344357, 0.6792893218813451650 ) ) ;
#818 = CIRCLE ( 'NONE', #332, 0.2000000000000005107 ) ;
#819 = FACE_OUTER_BOUND ( 'NONE', #1436, .T. ) ;
#820 = DIRECTION ( 'NONE',  ( 1.278285608021614318E-16, -0.5646839155919901598, 0.8253072612498317806 ) ) ;
#821 = DIRECTION ( 'NONE',  ( 1.000000000000000000, -1.182766006347823306E-15, 0.000000000000000000 ) ) ;
#822 = VECTOR ( 'NONE', #4567, 1000.000000000000000 ) ;
#823 = LINE ( 'NONE', #4840, #524 ) ;
#824 = ORIENTED_EDGE ( 'NONE', *, *, #10032, .T. ) ;
#825 = LINE ( 'NONE', #3096, #8521 ) ;
#826 = EDGE_CURVE ( 'NONE', #5592, #6630, #4700, .T. ) ;
#827 = LINE ( 'NONE', #4003, #2162 ) ;
#828 = STYLED_ITEM ( 'NONE', ( #951 ), #1555 ) ;
#829 = ADVANCED_FACE ( 'NONE', ( #4793 ), #4111, .T. ) ;
#830 = FACE_OUTER_BOUND ( 'NONE', #10189, .T. ) ;
#831 = EDGE_CURVE ( 'NONE', #898, #8462, #4902, .T. ) ;
#832 = CARTESIAN_POINT ( 'NONE',  ( 4.350000000000003197, 2.350000000000000089, -3.599999999999999645 ) ) ;
#833 = DIRECTION ( 'NONE',  ( -1.000000000000000000, 0.000000000000000000, 1.591489427501657896E-16 ) ) ;
#834 = DIRECTION ( 'NONE',  ( 0.4975428121645275592, -0.4975428121645247281, -0.7105647754616253309 ) ) ;
#835 = VECTOR ( 'NONE', #7290, 1000.000000000000000 ) ;
#836 = VERTEX_POINT ( 'NONE', #832 ) ;
#837 = LINE ( 'NONE', #2536, #1712 ) ;
#838 = AXIS2_PLACEMENT_3D ( 'NONE', #8354, #4357, #301 ) ;
#839 = EDGE_LOOP ( 'NONE', ( #9633, #9003, #7720, #3171 ) ) ;
#840 = ORIENTED_EDGE ( 'NONE', *, *, #4163, .T. ) ;
#841 = DIRECTION ( 'NONE',  ( 1.000000000000000000, 0.000000000000000000, -0.000000000000000000 ) ) ;
#842 = AXIS2_PLACEMENT_3D ( 'NONE', #107, #6515, #1701 ) ;
#843 = CARTESIAN_POINT ( 'NONE',  ( 2.750000000000031974, 0.000000000000000000, 5.000000000000000000 ) ) ;
#844 = ADVANCED_FACE ( 'NONE', ( #783 ), #9608, .F. ) ;
#845 = DIRECTION ( 'NONE',  ( 0.000000000000000000, 0.000000000000000000, 1.000000000000000000 ) ) ;
#846 = DIRECTION ( 'NONE',  ( 0.000000000000000000, 0.000000000000000000, 1.000000000000000000 ) ) ;
#847 = EDGE_LOOP ( 'NONE', ( #1281, #7530, #8501, #5775 ) ) ;
#848 = ADVANCED_FACE ( 'NONE', ( #8740 ), #9460, .T. ) ;
#849 = CARTESIAN_POINT ( 'NONE',  ( -5.305000000000000604, 0.4000000000000000222, -1.700000000000000178 ) ) ;
#850 = ADVANCED_FACE ( 'NONE', ( #6257 ), #1659, .F. ) ;
#851 = ORIENTED_EDGE ( 'NONE', *, *, #6080, .T. ) ;
#852 = ORIENTED_EDGE ( 'NONE', *, *, #138, .F. ) ;
#853 = EDGE_CURVE ( 'NONE', #5201, #8547, #1803, .T. ) ;
#854 = ORIENTED_EDGE ( 'NONE', *, *, #4364, .T. ) ;
#855 = ORIENTED_EDGE ( 'NONE', *, *, #10185, .T. ) ;
#856 = CARTESIAN_POINT ( 'NONE',  ( -1.399999999999997691, 3.699999999999985523, -2.049999999999981171 ) ) ;
#857 = DIRECTION ( 'NONE',  ( -1.000000000000000000, 0.000000000000000000, 0.000000000000000000 ) ) ;
#858 = CARTESIAN_POINT ( 'NONE',  ( -5.200000000000001066, 5.300000000000000711, -1.499999999999999556 ) ) ;
#859 = ADVANCED_FACE ( 'NONE', ( #5538 ), #7181, .F. ) ;
#860 = ORIENTED_EDGE ( 'NONE', *, *, #2614, .T. ) ;
#861 = DIRECTION ( 'NONE',  ( 0.000000000000000000, 1.000000000000000000, 0.000000000000000000 ) ) ;
#862 = EDGE_CURVE ( 'NONE', #7649, #4287, #6463, .T. ) ;
#863 = DIRECTION ( 'NONE',  ( -0.000000000000000000, 0.000000000000000000, 1.000000000000000000 ) ) ;
#864 = ORIENTED_EDGE ( 'NONE', *, *, #2883, .T. ) ;
#865 = DIRECTION ( 'NONE',  ( 1.000000000000000000, 0.000000000000000000, -0.000000000000000000 ) ) ;
#866 = ORIENTED_EDGE ( 'NONE', *, *, #8886, .F. ) ;
#867 = DIRECTION ( 'NONE',  ( -3.336006684570783101E-16, 0.000000000000000000, 1.000000000000000000 ) ) ;
#868 = CARTESIAN_POINT ( 'NONE',  ( -5.304999999999998828, 8.000000000000000000, -4.750000000000000000 ) ) ;
#869 = LINE ( 'NONE', #2412, #9440 ) ;
#870 = AXIS2_PLACEMENT_3D ( 'NONE', #7449, #5902, #2646 ) ;
#871 = DIRECTION ( 'NONE',  ( -0.000000000000000000, -0.7071067811865475727, -0.7071067811865475727 ) ) ;
#872 = FACE_OUTER_BOUND ( 'NONE', #4603, .T. ) ;
#873 = VECTOR ( 'NONE', #5849, 1000.000000000000000 ) ;
#874 = ORIENTED_EDGE ( 'NONE', *, *, #7069, .F. ) ;
#875 = CARTESIAN_POINT ( 'NONE',  ( 1.140808929720140474, 2.149999999999999467, -2.300000000000000266 ) ) ;
#876 = ORIENTED_EDGE ( 'NONE', *, *, #7073, .F. ) ;
#877 = CARTESIAN_POINT ( 'NONE',  ( 5.200000000000001066, 4.939999999999999503, 2.124999999999999556 ) ) ;
#878 = CARTESIAN_POINT ( 'NONE',  ( 0.7500000000000006661, 2.649999999999999911, -1.999999999999997335 ) ) ;
#879 = AXIS2_PLACEMENT_3D ( 'NONE', #2364, #8627, #4832 ) ;
#880 = LINE ( 'NONE', #8735, #554 ) ;
#881 = DIRECTION ( 'NONE',  ( -0.7071067811865505703, -0.7071067811865444641, 0.000000000000000000 ) ) ;
#882 = CARTESIAN_POINT ( 'NONE',  ( 5.200000000000001066, 5.300000000000000711, -1.499999999999999556 ) ) ;
#883 = CARTESIAN_POINT ( 'NONE',  ( 2.100000000000000533, 3.699999999999998845, 0.7999999999999994893 ) ) ;
#884 = LINE ( 'NONE', #7238, #5181 ) ;
#885 = EDGE_CURVE ( 'NONE', #2345, #5314, #6310, .T. ) ;
#886 = AXIS2_PLACEMENT_3D ( 'NONE', #721, #48, #3885 ) ;
#887 = EDGE_CURVE ( 'NONE', #4968, #2325, #5488, .T. ) ;
#888 = ORIENTED_EDGE ( 'NONE', *, *, #2850, .F. ) ;
#889 = CARTESIAN_POINT ( 'NONE',  ( -5.200000000000001066, 4.939999999999999503, 2.049999999999999822 ) ) ;
#890 = ORIENTED_EDGE ( 'NONE', *, *, #1532, .T. ) ;
#891 = ORIENTED_EDGE ( 'NONE', *, *, #8028, .T. ) ;
#892 = DIRECTION ( 'NONE',  ( 0.000000000000000000, -1.000000000000000000, 0.000000000000000000 ) ) ;
#893 = EDGE_CURVE ( 'NONE', #3931, #5606, #6412, .T. ) ;
#894 = VECTOR ( 'NONE', #8223, 1000.000000000000000 ) ;
#895 = CARTESIAN_POINT ( 'NONE',  ( 5.200000000000001066, 5.425000000000000711, 3.075000000000000622 ) ) ;
#896 = CARTESIAN_POINT ( 'NONE',  ( -4.350000000000001421, 2.350000000000000089, -4.500000000000000888 ) ) ;
#897 = DIRECTION ( 'NONE',  ( 1.000000000000000000, -0.000000000000000000, -0.000000000000000000 ) ) ;
#898 = VERTEX_POINT ( 'NONE', #2428 ) ;
#899 = DIRECTION ( 'NONE',  ( -1.000000000000000000, -0.000000000000000000, -0.000000000000000000 ) ) ;
#900 = PLANE ( 'NONE',  #6005 ) ;
#901 = EDGE_CURVE ( 'NONE', #8457, #2548, #5636, .T. ) ;
#902 = ORIENTED_EDGE ( 'NONE', *, *, #3638, .F. ) ;
#903 = EDGE_CURVE ( 'NONE', #2181, #4601, #7298, .T. ) ;
#904 = ORIENTED_EDGE ( 'NONE', *, *, #4349, .T. ) ;
#905 = ADVANCED_FACE ( 'NONE', ( #8838 ), #8014, .F. ) ;
#906 = ORIENTED_EDGE ( 'NONE', *, *, #7257, .T. ) ;
#907 = ORIENTED_EDGE ( 'NONE', *, *, #3427, .F. ) ;
#908 = DIRECTION ( 'NONE',  ( 1.000000000000000000, -0.000000000000000000, -4.818676322157796389E-16 ) ) ;
#909 = LINE ( 'NONE', #4770, #3077 ) ;
#910 = CARTESIAN_POINT ( 'NONE',  ( -5.200000000000001066, 5.500000000000000888, 3.725000000000000533 ) ) ;
#911 = ORIENTED_EDGE ( 'NONE', *, *, #3215, .F. ) ;
#912 = DIRECTION ( 'NONE',  ( -0.000000000000000000, -0.000000000000000000, -1.000000000000000000 ) ) ;
#913 = DIRECTION ( 'NONE',  ( 1.000000000000000000, 0.000000000000000000, 0.000000000000000000 ) ) ;
#914 = ORIENTED_EDGE ( 'NONE', *, *, #550, .F. ) ;
#915 = CIRCLE ( 'NONE', #1578, 0.1749999999999993783 ) ;
#916 = CARTESIAN_POINT ( 'NONE',  ( 3.250000000000032419, 0.000000000000000000, 5.000000000000000000 ) ) ;
#917 = EDGE_CURVE ( 'NONE', #6266, #3705, #8066, .T. ) ;
#918 = ORIENTED_EDGE ( 'NONE', *, *, #8463, .F. ) ;
#919 = EDGE_CURVE ( 'NONE', #1119, #6252, #8643, .T. ) ;
#920 = DIRECTION ( 'NONE',  ( 0.000000000000000000, -0.7071067811865515695, 0.7071067811865434649 ) ) ;
#921 = EDGE_CURVE ( 'NONE', #9981, #5279, #9709, .T. ) ;
#922 = DIRECTION ( 'NONE',  ( -1.000000000000000000, 8.673617379884035472E-16, 0.000000000000000000 ) ) ;
#923 = CARTESIAN_POINT ( 'NONE',  ( -0.8499999999999957589, 2.749999999999992450, -3.200000000000000178 ) ) ;
#924 = DIRECTION ( 'NONE',  ( -0.000000000000000000, 0.000000000000000000, 1.000000000000000000 ) ) ;
#925 = SURFACE_SIDE_STYLE ('',( #1597 ) ) ;
#926 = FACE_OUTER_BOUND ( 'NONE', #3203, .T. ) ;
#927 = ORIENTED_EDGE ( 'NONE', *, *, #7050, .F. ) ;
#928 = CARTESIAN_POINT ( 'NONE',  ( 5.305000000000000604, 1.999896230895142013, -5.000000000000000000 ) ) ;
#929 = ORIENTED_EDGE ( 'NONE', *, *, #2665, .F. ) ;
#930 = LINE ( 'NONE', #7905, #1885 ) ;
#931 = CARTESIAN_POINT ( 'NONE',  ( -3.252632489217785139, 0.9000000000000005773, -4.244345434564828601 ) ) ;
#932 = CARTESIAN_POINT ( 'NONE',  ( 5.198393410906563261, 0.002138793081672327699, 0.9144742723311927168 ) ) ;
#933 = VECTOR ( 'NONE', #1227, 1000.000000000000000 ) ;
#934 = EDGE_CURVE ( 'NONE', #537, #10131, #7345, .T. ) ;
#935 = PLANE ( 'NONE',  #2266 ) ;
#936 = CARTESIAN_POINT ( 'NONE',  ( 5.305000000000000604, 0.4000000000000000222, -1.700000000000000178 ) ) ;
#937 = LINE ( 'NONE', #6811, #9224 ) ;
#938 = CARTESIAN_POINT ( 'NONE',  ( -6.000000000000000000, 2.750000000000001332, -3.200000000000000178 ) ) ;
#939 = VERTEX_POINT ( 'NONE', #9867 ) ;
#940 = LINE ( 'NONE', #4853, #3205 ) ;
#941 = ORIENTED_EDGE ( 'NONE', *, *, #6276, .T. ) ;
#942 = VECTOR ( 'NONE', #4429, 1000.000000000000000 ) ;
#943 = EDGE_LOOP ( 'NONE', ( #8284, #6119, #5001, #5503 ) ) ;
#944 = DIRECTION ( 'NONE',  ( -0.9396926207859095381, -0.000000000000000000, -0.3420201433256658263 ) ) ;
#945 = EDGE_CURVE ( 'NONE', #2898, #1830, #5894, .T. ) ;
#946 = CARTESIAN_POINT ( 'NONE',  ( -2.749999999999967581, 0.2000000000000000111, 2.400000000000000355 ) ) ;
#947 = CARTESIAN_POINT ( 'NONE',  ( -5.200000000000001066, 2.400000000000000355, 3.700000000000000178 ) ) ;
#948 = MECHANICAL_DESIGN_GEOMETRIC_PRESENTATION_REPRESENTATION (  '', ( #9248 ), #5787 ) ;
#949 = PLANE ( 'NONE',  #432 ) ;
#950 = VERTEX_POINT ( 'NONE', #5940 ) ;
#951 = PRESENTATION_STYLE_ASSIGNMENT (( #8803 ) ) ;
#952 = CARTESIAN_POINT ( 'NONE',  ( 4.200000000000000178, 4.800000000000000711, 0.7999999999999994893 ) ) ;
#953 = VERTEX_POINT ( 'NONE', #2737 ) ;
#954 = ORIENTED_EDGE ( 'NONE', *, *, #1620, .T. ) ;
#955 = VERTEX_POINT ( 'NONE', #9661 ) ;
#956 = VECTOR ( 'NONE', #9576, 1000.000000000000000 ) ;
#957 = ORIENTED_EDGE ( 'NONE', *, *, #77, .F. ) ;
#958 = EDGE_CURVE ( 'NONE', #953, #6232, #9040, .T. ) ;
#959 = EDGE_CURVE ( 'NONE', #2754, #198, #2580, .T. ) ;
#960 = DIRECTION ( 'NONE',  ( 0.000000000000000000, -0.7071067811865444641, 0.7071067811865505703 ) ) ;
#961 = CARTESIAN_POINT ( 'NONE',  ( 2.750000000000031974, 0.2000000000000000111, 2.400000000000000355 ) ) ;
#962 = CARTESIAN_POINT ( 'NONE',  ( -4.800000000000000711, 5.394289321881344357, 0.6792893218813451650 ) ) ;
#963 = ORIENTED_EDGE ( 'NONE', *, *, #7663, .T. ) ;
#964 = CARTESIAN_POINT ( 'NONE',  ( 5.200000000000001066, 5.425000000000000711, 1.974999999999999867 ) ) ;
#965 = FACE_OUTER_BOUND ( 'NONE', #1182, .T. ) ;
#966 = VERTEX_POINT ( 'NONE', #8323 ) ;
#967 = FACE_OUTER_BOUND ( 'NONE', #3131, .T. ) ;
#968 = EDGE_CURVE ( 'NONE', #6115, #3050, #1815, .T. ) ;
#969 = ORIENTED_EDGE ( 'NONE', *, *, #8527, .T. ) ;
#970 = LINE ( 'NONE', #1743, #229 ) ;
#971 = VECTOR ( 'NONE', #8703, 1000.000000000000000 ) ;
#972 = CARTESIAN_POINT ( 'NONE',  ( -5.200000000000001954, 3.400000000000000355, 2.000000000000000000 ) ) ;
#973 = PLANE ( 'NONE',  #9010 ) ;
#974 = AXIS2_PLACEMENT_3D ( 'NONE', #6872, #10117, #8525 ) ;
#975 =( NAMED_UNIT ( * ) PLANE_ANGLE_UNIT ( ) SI_UNIT ( $, .RADIAN. ) );
#976 = FILL_AREA_STYLE_COLOUR ( '', #4279 ) ;
#977 = DIRECTION ( 'NONE',  ( 0.000000000000000000, -0.000000000000000000, 1.000000000000000000 ) ) ;
#978 = ADVANCED_FACE ( 'NONE', ( #1190 ), #3368, .T. ) ;
#979 = ORIENTED_EDGE ( 'NONE', *, *, #4745, .F. ) ;
#980 = DIRECTION ( 'NONE',  ( 0.7071067811865512365, -0.7071067811865437980, -1.125352966373112633E-16 ) ) ;
#981 = EDGE_CURVE ( 'NONE', #9946, #6950, #9089, .T. ) ;
#982 = VECTOR ( 'NONE', #2186, 1000.000000000000000 ) ;
#983 = ORIENTED_EDGE ( 'NONE', *, *, #126, .F. ) ;
#984 = LINE ( 'NONE', #8783, #3529 ) ;
#985 = ADVANCED_FACE ( 'NONE', ( #5015 ), #8172, .F. ) ;
#986 = VECTOR ( 'NONE', #5574, 1000.000000000000000 ) ;
#987 = CARTESIAN_POINT ( 'NONE',  ( 6.000000000000000000, 0.6000000000000000888, 3.899999999999999911 ) ) ;
#988 = PLANE ( 'NONE',  #5702 ) ;
#989 = FACE_OUTER_BOUND ( 'NONE', #646, .T. ) ;
#990 = VECTOR ( 'NONE', #1636, 1000.000000000000000 ) ;
#991 = DIRECTION ( 'NONE',  ( -0.000000000000000000, 0.000000000000000000, -1.000000000000000000 ) ) ;
#992 = DIRECTION ( 'NONE',  ( -1.000000000000000000, -0.000000000000000000, -0.000000000000000000 ) ) ;
#993 = DIRECTION ( 'NONE',  ( -0.000000000000000000, 1.000000000000000000, 0.000000000000000000 ) ) ;
#994 = LINE ( 'NONE', #5169, #690 ) ;
#995 = EDGE_CURVE ( 'NONE', #5460, #1830, #321, .T. ) ;
#996 = EDGE_LOOP ( 'NONE', ( #7999, #8845, #3424, #438 ) ) ;
#997 = DIRECTION ( 'NONE',  ( 0.000000000000000000, -1.000000000000000000, 0.000000000000000000 ) ) ;
#998 = ORIENTED_EDGE ( 'NONE', *, *, #1952, .F. ) ;
#999 = EDGE_CURVE ( 'NONE', #4034, #5346, #6524, .T. ) ;
#1000 = ORIENTED_EDGE ( 'NONE', *, *, #2716, .T. ) ;
#1001 = CARTESIAN_POINT ( 'NONE',  ( -4.800000000000000711, 5.500000000000001776, 0.5321572875253787194 ) ) ;
#1002 = VECTOR ( 'NONE', #6806, 1000.000000000000000 ) ;
#1003 = CYLINDRICAL_SURFACE ( 'NONE', #160, 0.07500000000000041356 ) ;
#1004 = DIRECTION ( 'NONE',  ( 0.000000000000000000, 0.000000000000000000, 1.000000000000000000 ) ) ;
#1005 = AXIS2_PLACEMENT_3D ( 'NONE', #6062, #5440, #6259 ) ;
#1006 = CARTESIAN_POINT ( 'NONE',  ( 6.000000000000000000, 0.4000000000000000222, -3.600000000000000533 ) ) ;
#1007 = ORIENTED_EDGE ( 'NONE', *, *, #3901, .F. ) ;
#1008 = CIRCLE ( 'NONE', #186, 0.3500000000000001998 ) ;
#1009 = CARTESIAN_POINT ( 'NONE',  ( 4.800000000000000711, 2.400000000000001243, -1.699999999999999734 ) ) ;
#1010 = ORIENTED_EDGE ( 'NONE', *, *, #102, .T. ) ;
#1011 = ORIENTED_EDGE ( 'NONE', *, *, #3448, .F. ) ;
#1012 = AXIS2_PLACEMENT_3D ( 'NONE', #6566, #4153, #7336 ) ;
#1013 = EDGE_LOOP ( 'NONE', ( #2191, #3813, #4926, #8708 ) ) ;
#1014 = VERTEX_POINT ( 'NONE', #8116 ) ;
#1015 = VECTOR ( 'NONE', #4022, 1000.000000000000000 ) ;
#1016 = DIRECTION ( 'NONE',  ( -0.000000000000000000, -1.000000000000000000, -0.000000000000000000 ) ) ;
#1017 = DIRECTION ( 'NONE',  ( -1.051347561198064613E-15, -0.000000000000000000, -1.000000000000000000 ) ) ;
#1018 = CARTESIAN_POINT ( 'NONE',  ( -5.200000000000001066, 5.500000000000000000, 3.900000000000000799 ) ) ;
#1019 = EDGE_LOOP ( 'NONE', ( #1224, #5078, #2667, #4170 ) ) ;
#1020 = LINE ( 'NONE', #45, #7798 ) ;
#1021 = CARTESIAN_POINT ( 'NONE',  ( -3.252632489217784695, 0.000000000000000000, -4.244345434564828601 ) ) ;
#1022 = ORIENTED_EDGE ( 'NONE', *, *, #202, .F. ) ;
#1023 = LINE ( 'NONE', #492, #9512 ) ;
#1024 = ADVANCED_FACE ( 'NONE', ( #4165 ), #1914, .T. ) ;
#1025 = EDGE_CURVE ( 'NONE', #7493, #69, #7501, .T. ) ;
#1026 = ORIENTED_EDGE ( 'NONE', *, *, #8618, .T. ) ;
#1027 = LINE ( 'NONE', #7377, #9505 ) ;
#1028 = LINE ( 'NONE', #3462, #3108 ) ;
#1029 = DIRECTION ( 'NONE',  ( 1.000000000000000000, 0.000000000000000000, 0.000000000000000000 ) ) ;
#1030 = CARTESIAN_POINT ( 'NONE',  ( -0.7499999999999668043, 0.6000000000000000888, 2.400000000000000355 ) ) ;
#1031 = DIRECTION ( 'NONE',  ( -1.000000000000000000, 0.000000000000000000, -2.195253932998075344E-15 ) ) ;
#1032 = VERTEX_POINT ( 'NONE', #9815 ) ;
#1033 = LINE ( 'NONE', #8108, #2654 ) ;
#1034 = VERTEX_POINT ( 'NONE', #221 ) ;
#1035 = CARTESIAN_POINT ( 'NONE',  ( -3.249999999999999556, 2.149999999999999467, 0.7999999999999994893 ) ) ;
#1036 = EDGE_CURVE ( 'NONE', #3852, #9382, #5817, .T. ) ;
#1037 = ADVANCED_FACE ( 'NONE', ( #1867 ), #3479, .F. ) ;
#1038 = LINE ( 'NONE', #217, #7027 ) ;
#1039 = AXIS2_PLACEMENT_3D ( 'NONE', #8319, #9658, #370 ) ;
#1040 = LINE ( 'NONE', #8881, #7694 ) ;
#1041 = CARTESIAN_POINT ( 'NONE',  ( -1.000000000000000000, 4.400000000000000355, 0.7999999999999994893 ) ) ;
#1042 = LINE ( 'NONE', #6773, #631 ) ;
#1043 = CARTESIAN_POINT ( 'NONE',  ( 6.000000000000000000, 5.700000000000000178, 3.700000000000000178 ) ) ;
#1044 = LINE ( 'NONE', #9662, #3415 ) ;
#1045 = LINE ( 'NONE', #7553, #518 ) ;
#1046 = VERTEX_POINT ( 'NONE', #1138 ) ;
#1047 = CARTESIAN_POINT ( 'NONE',  ( 4.900000000000000355, 0.4000000000000000222, -1.700000000000000178 ) ) ;
#1048 = AXIS2_PLACEMENT_3D ( 'NONE', #6915, #2068, #9232 ) ;
#1049 = CARTESIAN_POINT ( 'NONE',  ( -5.200000000000001066, 4.939999999999999503, 2.124999999999999556 ) ) ;
#1050 = VECTOR ( 'NONE', #5571, 1000.000000000000000 ) ;
#1051 = ORIENTED_EDGE ( 'NONE', *, *, #6640, .F. ) ;
#1052 = ADVANCED_FACE ( 'NONE', ( #3741 ), #10071, .F. ) ;
#1053 = ADVANCED_FACE ( 'NONE', ( #2023 ), #5998, .F. ) ;
#1054 = CARTESIAN_POINT ( 'NONE',  ( 3.140808929720140252, 2.540808929720139275, -2.300000000000000266 ) ) ;
#1055 = AXIS2_PLACEMENT_3D ( 'NONE', #457, #7696, #3725 ) ;
#1056 = DIRECTION ( 'NONE',  ( -1.000000000000000000, 0.000000000000000000, 0.000000000000000000 ) ) ;
#1057 = VERTEX_POINT ( 'NONE', #4536 ) ;
#1058 = CARTESIAN_POINT ( 'NONE',  ( 3.537690618442709045, 0.1449747468305832843, -4.855654565435176373 ) ) ;
#1059 = CARTESIAN_POINT ( 'NONE',  ( 6.000000000000000000, 1.300000000000000266, 3.899999999999999911 ) ) ;
#1060 = ORIENTED_EDGE ( 'NONE', *, *, #831, .T. ) ;
#1061 = ORIENTED_EDGE ( 'NONE', *, *, #9371, .T. ) ;
#1062 = AXIS2_PLACEMENT_3D ( 'NONE', #4830, #1690, #8049 ) ;
#1063 = ORIENTED_EDGE ( 'NONE', *, *, #4764, .F. ) ;
#1064 = VERTEX_POINT ( 'NONE', #6823 ) ;
#1065 = DIRECTION ( 'NONE',  ( -1.000000000000000000, 0.000000000000000000, 0.000000000000000000 ) ) ;
#1066 = PLANE ( 'NONE',  #4264 ) ;
#1067 = LINE ( 'NONE', #2819, #6216 ) ;
#1068 = CARTESIAN_POINT ( 'NONE',  ( -4.004999999999999893, 4.400000000000000355, 2.249999999999999556 ) ) ;
#1069 = VERTEX_POINT ( 'NONE', #420 ) ;
#1070 = CARTESIAN_POINT ( 'NONE',  ( -0.7499999999999988898, 2.649999999999999911, -2.300000000000000266 ) ) ;
#1071 = CARTESIAN_POINT ( 'NONE',  ( 4.800000000000000711, 5.465000000000000746, 1.499999999999999334 ) ) ;
#1072 = EDGE_LOOP ( 'NONE', ( #2865, #429, #3335, #7507 ) ) ;
#1073 = ORIENTED_EDGE ( 'NONE', *, *, #1920, .T. ) ;
#1074 = CARTESIAN_POINT ( 'NONE',  ( 5.200000000000001066, 5.470710678118654968, 0.8971320343559638921 ) ) ;
#1075 = CARTESIAN_POINT ( 'NONE',  ( 2.750000000000000888, 2.149999999999999467, -1.999999999999997335 ) ) ;
#1076 = CARTESIAN_POINT ( 'NONE',  ( -5.200000000000001066, 5.325000000000001954, 3.899999999999999911 ) ) ;
#1077 = EDGE_CURVE ( 'NONE', #5332, #9059, #7716, .T. ) ;
#1078 = CARTESIAN_POINT ( 'NONE',  ( -5.304999999999998828, 0.4000000000000000222, -1.699999999999999067 ) ) ;
#1079 = ORIENTED_EDGE ( 'NONE', *, *, #2361, .F. ) ;
#1080 = CARTESIAN_POINT ( 'NONE',  ( -2.859191070279859748, 2.149999999999999467, -2.300000000000000266 ) ) ;
#1081 = ORIENTED_EDGE ( 'NONE', *, *, #5003, .T. ) ;
#1082 = CARTESIAN_POINT ( 'NONE',  ( -2.850000000000000089, 5.700000000000000178, 2.250000000000000444 ) ) ;
#1083 = AXIS2_PLACEMENT_3D ( 'NONE', #9487, #3927, #1685 ) ;
#1084 = CARTESIAN_POINT ( 'NONE',  ( -2.749999999999999112, 2.649999999999999911, 0.7999999999999994893 ) ) ;
#1085 = CARTESIAN_POINT ( 'NONE',  ( -5.200000000000001066, 5.470710678118656745, 1.352867965644033887 ) ) ;
#1086 = FACE_OUTER_BOUND ( 'NONE', #1128, .T. ) ;
#1087 = ADVANCED_FACE ( 'NONE', ( #3583 ), #1340, .T. ) ;
#1088 = FACE_OUTER_BOUND ( 'NONE', #7813, .T. ) ;
#1089 = CARTESIAN_POINT ( 'NONE',  ( -5.200000000000001066, 2.400000000000000355, 3.700000000000000178 ) ) ;
#1090 = AXIS2_PLACEMENT_3D ( 'NONE', #9252, #7618, #7562 ) ;
#1091 = CARTESIAN_POINT ( 'NONE',  ( 3.574328178301403813, 0.1737340227467787102, -4.829698322044850833 ) ) ;
#1092 = VERTEX_POINT ( 'NONE', #3140 ) ;
#1093 = DIRECTION ( 'NONE',  ( 0.000000000000000000, -1.000000000000000000, -9.856383386231857595E-17 ) ) ;
#1094 = VERTEX_POINT ( 'NONE', #5567 ) ;
#1095 = LINE ( 'NONE', #7445, #4299 ) ;
#1096 = ORIENTED_EDGE ( 'NONE', *, *, #6007, .F. ) ;
#1097 = AXIS2_PLACEMENT_3D ( 'NONE', #8518, #9182, #1435 ) ;
#1098 = SURFACE_STYLE_FILL_AREA ( #2747 ) ;
#1099 = FACE_OUTER_BOUND ( 'NONE', #4064, .T. ) ;
#1100 = CARTESIAN_POINT ( 'NONE',  ( 5.799999999999999822, 3.400000000000000355, 1.999999999999999556 ) ) ;
#1101 = ORIENTED_EDGE ( 'NONE', *, *, #4434, .T. ) ;
#1102 = LINE ( 'NONE', #5129, #1490 ) ;
#1103 = ADVANCED_FACE ( 'NONE', ( #8718 ), #7661, .F. ) ;
#1104 = CARTESIAN_POINT ( 'NONE',  ( -2.749999999999999112, 2.649999999999999911, 0.7999999999999994893 ) ) ;
#1105 = VERTEX_POINT ( 'NONE', #6876 ) ;
#1106 = VECTOR ( 'NONE', #3618, 999.9999999999998863 ) ;
#1107 = EDGE_CURVE ( 'NONE', #3705, #7884, #10020, .T. ) ;
#1108 = ORIENTED_EDGE ( 'NONE', *, *, #7582, .F. ) ;
#1109 = ORIENTED_EDGE ( 'NONE', *, *, #1952, .T. ) ;
#1110 = VERTEX_POINT ( 'NONE', #9296 ) ;
#1111 = VECTOR ( 'NONE', #7914, 1000.000000000000000 ) ;
#1112 = LINE ( 'NONE', #8860, #9284 ) ;
#1113 = CARTESIAN_POINT ( 'NONE',  ( -0.9999999999999991118, 3.699999999999998845, 0.7999999999999994893 ) ) ;
#1114 = CARTESIAN_POINT ( 'NONE',  ( -0.9999999999999991118, 3.699999999999998845, 0.7999999999999994893 ) ) ;
#1115 = DIRECTION ( 'NONE',  ( -0.000000000000000000, -1.000000000000000000, -0.000000000000000000 ) ) ;
#1116 = ORIENTED_EDGE ( 'NONE', *, *, #9902, .T. ) ;
#1117 = CARTESIAN_POINT ( 'NONE',  ( 3.250000000000032419, 0.2000000000000000111, 4.800000000000000711 ) ) ;
#1118 = CARTESIAN_POINT ( 'NONE',  ( 4.900000000000000355, 1.800000000000000044, -1.699999999999999734 ) ) ;
#1119 = VERTEX_POINT ( 'NONE', #4727 ) ;
#1120 = ADVANCED_FACE ( 'NONE', ( #9242 ), #2121, .F. ) ;
#1121 = STYLED_ITEM ( 'NONE', ( #7538 ), #4994 ) ;
#1122 = ORIENTED_EDGE ( 'NONE', *, *, #8992, .T. ) ;
#1123 = LINE ( 'NONE', #9695, #7866 ) ;
#1124 = CARTESIAN_POINT ( 'NONE',  ( 5.200000000000001066, 5.394289321881346133, 1.429289321881345387 ) ) ;
#1125 = CARTESIAN_POINT ( 'NONE',  ( -5.200000000000001066, 5.470710678118654968, 1.647132034355962338 ) ) ;
#1126 = CARTESIAN_POINT ( 'NONE',  ( -4.800000000000000711, 5.500000000000001776, 1.974999999999999423 ) ) ;
#1127 = CARTESIAN_POINT ( 'NONE',  ( 3.250000000000033307, 0.6000000000000000888, 2.400000000000000355 ) ) ;
#1128 = EDGE_LOOP ( 'NONE', ( #3391, #2740, #4656, #8996 ) ) ;
#1129 = LINE ( 'NONE', #5931, #6011 ) ;
#1130 = ORIENTED_EDGE ( 'NONE', *, *, #919, .T. ) ;
#1131 = LINE ( 'NONE', #9702, #3025 ) ;
#1132 = AXIS2_PLACEMENT_3D ( 'NONE', #2466, #8057, #5780 ) ;
#1133 = DIRECTION ( 'NONE',  ( -1.000000000000000000, 0.000000000000000000, 0.000000000000000000 ) ) ;
#1134 = CARTESIAN_POINT ( 'NONE',  ( 0.8591910702798614130, 2.540808929720139275, -2.300000000000000266 ) ) ;
#1135 = FACE_OUTER_BOUND ( 'NONE', #3030, .T. ) ;
#1136 = AXIS2_PLACEMENT_3D ( 'NONE', #7759, #3688, #3791 ) ;
#1137 = DIRECTION ( 'NONE',  ( -0.000000000000000000, -0.7071067811865535679, -0.7071067811865414665 ) ) ;
#1138 = CARTESIAN_POINT ( 'NONE',  ( 2.859191070279861524, 2.259191070279860103, -2.300000000000000266 ) ) ;
#1139 = AXIS2_PLACEMENT_3D ( 'NONE', #7836, #3817, #2871 ) ;
#1140 = CARTESIAN_POINT ( 'NONE',  ( 3.537690618442709489, 0.3500000000000003664, -4.855654565435176373 ) ) ;
#1141 = VERTEX_POINT ( 'NONE', #5518 ) ;
#1142 = LINE ( 'NONE', #7506, #9028 ) ;
#1143 = ORIENTED_EDGE ( 'NONE', *, *, #5509, .F. ) ;
#1144 = FACE_OUTER_BOUND ( 'NONE', #9337, .T. ) ;
#1145 = EDGE_CURVE ( 'NONE', #7008, #8945, #1538, .T. ) ;
#1146 = EDGE_CURVE ( 'NONE', #9244, #4339, #7212, .T. ) ;
#1147 = ORIENTED_EDGE ( 'NONE', *, *, #6317, .F. ) ;
#1148 = VECTOR ( 'NONE', #3105, 1000.000000000000000 ) ;
#1149 = PRESENTATION_STYLE_ASSIGNMENT (( #8999 ) ) ;
#1150 =( BOUNDED_CURVE ( )  B_SPLINE_CURVE ( 3, ( #3823, #6998, #3022, #1268 ),
 .UNSPECIFIED., .F., .T. ) 
 B_SPLINE_CURVE_WITH_KNOTS ( ( 4, 4 ),
 ( 4.712388980384689674, 6.283185307179586232 ),
 .UNSPECIFIED. ) 
 CURVE ( )  GEOMETRIC_REPRESENTATION_ITEM ( )  RATIONAL_B_SPLINE_CURVE ( ( 1.000000000000000000, 0.8047378541243649375, 0.8047378541243649375, 1.000000000000000000 ) ) 
 REPRESENTATION_ITEM ( '' )  );
#1151 = CARTESIAN_POINT ( 'NONE',  ( -0.9999999999999991118, 3.699999999999998845, 0.7999999999999994893 ) ) ;
#1152 = LINE ( 'NONE', #7356, #10048 ) ;
#1153 = ORIENTED_EDGE ( 'NONE', *, *, #1179, .T. ) ;
#1154 = CARTESIAN_POINT ( 'NONE',  ( 2.750000000000000888, 2.149999999999999467, -1.999999999999997335 ) ) ;
#1155 = LINE ( 'NONE', #2593, #7787 ) ;
#1156 = VECTOR ( 'NONE', #2712, 1000.000000000000000 ) ;
#1157 = ORIENTED_EDGE ( 'NONE', *, *, #529, .T. ) ;
#1158 = VERTEX_POINT ( 'NONE', #3287 ) ;
#1159 = ORIENTED_EDGE ( 'NONE', *, *, #4434, .F. ) ;
#1160 = ORIENTED_EDGE ( 'NONE', *, *, #7860, .F. ) ;
#1161 = EDGE_CURVE ( 'NONE', #8288, #7239, #6389, .T. ) ;
#1162 = VECTOR ( 'NONE', #4445, 1000.000000000000000 ) ;
#1163 = LINE ( 'NONE', #6021, #5975 ) ;
#1164 = EDGE_CURVE ( 'NONE', #6482, #5428, #811, .T. ) ;
#1165 = CARTESIAN_POINT ( 'NONE',  ( 6.000000000000000000, 0.7500000000000014433, -5.000000000000000000 ) ) ;
#1166 = EDGE_CURVE ( 'NONE', #7376, #5032, #1020, .T. ) ;
#1167 = DIRECTION ( 'NONE',  ( 0.000000000000000000, 0.000000000000000000, -1.000000000000000000 ) ) ;
#1168 = ORIENTED_EDGE ( 'NONE', *, *, #265, .F. ) ;
#1169 = LINE ( 'NONE', #4356, #7306 ) ;
#1170 = CARTESIAN_POINT ( 'NONE',  ( 5.200000000000001066, 5.325000000000001954, 3.899999999999999911 ) ) ;
#1171 = ORIENTED_EDGE ( 'NONE', *, *, #2323, .F. ) ;
#1172 = AXIS2_PLACEMENT_3D ( 'NONE', #5473, #5620, #1497 ) ;
#1173 = VECTOR ( 'NONE', #8557, 1000.000000000000000 ) ;
#1174 = EDGE_LOOP ( 'NONE', ( #8653, #5251, #3701, #3808, #9354 ) ) ;
#1175 = CARTESIAN_POINT ( 'NONE',  ( 5.200000000000001066, 5.500000000000000888, 0.9678427124746186161 ) ) ;
#1176 = ADVANCED_FACE ( 'NONE', ( #3985 ), #5820, .F. ) ;
#1177 = DIRECTION ( 'NONE',  ( -0.000000000000000000, -0.000000000000000000, -1.000000000000000000 ) ) ;
#1178 = PLANE ( 'NONE',  #7864 ) ;
#1179 = EDGE_CURVE ( 'NONE', #1119, #1835, #6496, .T. ) ;
#1180 = VECTOR ( 'NONE', #9394, 1000.000000000000114 ) ;
#1181 = FACE_OUTER_BOUND ( 'NONE', #4815, .T. ) ;
#1182 = EDGE_LOOP ( 'NONE', ( #7785, #9670, #9894, #7084 ) ) ;
#1183 = PLANE ( 'NONE',  #1012 ) ;
#1184 = DIRECTION ( 'NONE',  ( 1.000000000000000000, 0.000000000000000000, -0.000000000000000000 ) ) ;
#1185 = CARTESIAN_POINT ( 'NONE',  ( -5.200000000000001066, 4.939999999999999503, 2.049999999999999822 ) ) ;
#1186 = DIRECTION ( 'NONE',  ( -0.000000000000000000, -0.000000000000000000, -1.000000000000000000 ) ) ;
#1187 = CARTESIAN_POINT ( 'NONE',  ( 5.200000000000001066, 5.470710678118654968, 0.8971320343559638921 ) ) ;
#1188 = DIRECTION ( 'NONE',  ( -0.000000000000000000, 0.9284766908852596368, 0.3713906763541028888 ) ) ;
#1189 = PLANE ( 'NONE',  #4946 ) ;
#1190 = FACE_OUTER_BOUND ( 'NONE', #4332, .T. ) ;
#1191 = CARTESIAN_POINT ( 'NONE',  ( 3.676449485675078233, 0.03772148143099508799, -4.757349466942222271 ) ) ;
#1192 = ORIENTED_EDGE ( 'NONE', *, *, #6961, .F. ) ;
#1193 = LINE ( 'NONE', #1918, #7214 ) ;
#1194 = ORIENTED_EDGE ( 'NONE', *, *, #413, .F. ) ;
#1195 = ORIENTED_EDGE ( 'NONE', *, *, #368, .T. ) ;
#1196 = AXIS2_PLACEMENT_3D ( 'NONE', #6979, #7766, #5231 ) ;
#1197 = ORIENTED_EDGE ( 'NONE', *, *, #7743, .F. ) ;
#1198 = ADVANCED_FACE ( 'NONE', ( #8147 ), #9639, .F. ) ;
#1199 = DIRECTION ( 'NONE',  ( 0.000000000000000000, 0.000000000000000000, 1.000000000000000000 ) ) ;
#1200 = ADVANCED_FACE ( 'NONE', ( #6438 ), #7371, .F. ) ;
#1201 = VECTOR ( 'NONE', #8949, 1000.000000000000000 ) ;
#1202 = DIRECTION ( 'NONE',  ( 0.000000000000000000, 0.000000000000000000, -1.000000000000000000 ) ) ;
#1203 = VERTEX_POINT ( 'NONE', #2606 ) ;
#1204 = CARTESIAN_POINT ( 'NONE',  ( 4.599999999999997868, 5.700000000000000178, 3.499999999999997780 ) ) ;
#1205 = VECTOR ( 'NONE', #4488, 1000.000000000000000 ) ;
#1206 = DIRECTION ( 'NONE',  ( -0.000000000000000000, 3.372884145477666851E-15, 1.000000000000000000 ) ) ;
#1207 = VERTEX_POINT ( 'NONE', #7318 ) ;
#1208 = VECTOR ( 'NONE', #6348, 1000.000000000000000 ) ;
#1209 = CARTESIAN_POINT ( 'NONE',  ( 4.200000000000000178, 4.800000000000000711, 0.7999999999999994893 ) ) ;
#1210 = VERTEX_POINT ( 'NONE', #7161 ) ;
#1211 = EDGE_LOOP ( 'NONE', ( #3743, #4877, #2490, #7850 ) ) ;
#1212 = EDGE_LOOP ( 'NONE', ( #3639, #4013, #8955, #8285 ) ) ;
#1213 = VECTOR ( 'NONE', #3514, 1000.000000000000000 ) ;
#1214 = CARTESIAN_POINT ( 'NONE',  ( -5.054999999999998828, 0.6500000000000021316, -5.000000000000000000 ) ) ;
#1215 = SURFACE_STYLE_FILL_AREA ( #556 ) ;
#1216 = DIRECTION ( 'NONE',  ( 3.336006684570783101E-16, 0.000000000000000000, -1.000000000000000000 ) ) ;
#1217 = EDGE_CURVE ( 'NONE', #8599, #6527, #4878, .T. ) ;
#1218 = CARTESIAN_POINT ( 'NONE',  ( 5.305000000000000604, 2.750000000000000444, -3.600000000000000533 ) ) ;
#1219 = EDGE_LOOP ( 'NONE', ( #3468, #5047, #4868, #2887 ) ) ;
#1220 = CARTESIAN_POINT ( 'NONE',  ( 3.250000000000032419, 0.2000000000000000111, 5.000000000000000000 ) ) ;
#1221 = CARTESIAN_POINT ( 'NONE',  ( 0.7500000000000318634, -0.7241379310344807640, 4.710344827586208538 ) ) ;
#1222 = EDGE_LOOP ( 'NONE', ( #497, #134, #9593, #4762 ) ) ;
#1223 = VECTOR ( 'NONE', #3264, 1000.000000000000000 ) ;
#1224 = ORIENTED_EDGE ( 'NONE', *, *, #3950, .F. ) ;
#1225 = PLANE ( 'NONE',  #7375 ) ;
#1226 = CARTESIAN_POINT ( 'NONE',  ( 5.305000000000000604, 8.000000000000000000, -4.750000000000000000 ) ) ;
#1227 = DIRECTION ( 'NONE',  ( -1.000000000000000000, -0.000000000000000000, -0.000000000000000000 ) ) ;
#1228 =( LENGTH_UNIT ( ) NAMED_UNIT ( * ) SI_UNIT ( .MILLI., .METRE. ) );
#1229 = DIRECTION ( 'NONE',  ( 0.000000000000000000, 0.000000000000000000, 1.000000000000000000 ) ) ;
#1230 = DIRECTION ( 'NONE',  ( 1.000000000000000000, -0.000000000000000000, -0.000000000000000000 ) ) ;
#1231 = ORIENTED_EDGE ( 'NONE', *, *, #1589, .T. ) ;
#1232 = FACE_OUTER_BOUND ( 'NONE', #4172, .T. ) ;
#1233 = CARTESIAN_POINT ( 'NONE',  ( 6.000000000000000000, 4.950000000000002842, -3.200000000000000178 ) ) ;
#1234 = EDGE_CURVE ( 'NONE', #9211, #7320, #6316, .T. ) ;
#1235 = EDGE_CURVE ( 'NONE', #6066, #131, #6552, .T. ) ;
#1236 = LINE ( 'NONE', #4425, #3018 ) ;
#1237 = LINE ( 'NONE', #6871, #1484 ) ;
#1238 = LINE ( 'NONE', #2270, #1305 ) ;
#1239 = DIRECTION ( 'NONE',  ( 0.000000000000000000, 0.000000000000000000, -1.000000000000000000 ) ) ;
#1240 = PLANE ( 'NONE',  #9566 ) ;
#1241 = CARTESIAN_POINT ( 'NONE',  ( -3.614299982513893728, 0.2333497923556237807, -4.985401951580478830 ) ) ;
#1242 = CARTESIAN_POINT ( 'NONE',  ( 0.7000000000000000666, 5.700000000000000178, -3.199999999999999734 ) ) ;
#1243 = ORIENTED_EDGE ( 'NONE', *, *, #6858, .T. ) ;
#1244 = DIRECTION ( 'NONE',  ( -0.000000000000000000, 1.000000000000000000, -0.000000000000000000 ) ) ;
#1245 = AXIS2_PLACEMENT_3D ( 'NONE', #7929, #4071, #7248 ) ;
#1246 = VERTEX_POINT ( 'NONE', #2455 ) ;
#1247 = ORIENTED_EDGE ( 'NONE', *, *, #7424, .T. ) ;
#1248 = CARTESIAN_POINT ( 'NONE',  ( 3.250000000000032419, 0.2000000000000000111, 2.400000000000000355 ) ) ;
#1249 = VECTOR ( 'NONE', #6537, 1000.000000000000000 ) ;
#1250 = DIRECTION ( 'NONE',  ( 6.273081875717610616E-17, 0.000000000000000000, 1.000000000000000000 ) ) ;
#1251 = ORIENTED_EDGE ( 'NONE', *, *, #5133, .F. ) ;
#1252 = CARTESIAN_POINT ( 'NONE',  ( 4.800000000000000711, 5.425000000000000711, 2.049999999999999822 ) ) ;
#1253 = FACE_OUTER_BOUND ( 'NONE', #9008, .T. ) ;
#1254 = ORIENTED_EDGE ( 'NONE', *, *, #6153, .F. ) ;
#1255 = CARTESIAN_POINT ( 'NONE',  ( 4.205000000000002736, 5.700000000000000178, 3.000000000000002665 ) ) ;
#1256 = ORIENTED_EDGE ( 'NONE', *, *, #6755, .F. ) ;
#1257 = VECTOR ( 'NONE', #4470, 1000.000000000000000 ) ;
#1258 = ORIENTED_EDGE ( 'NONE', *, *, #8712, .F. ) ;
#1259 = EDGE_CURVE ( 'NONE', #5057, #9932, #6603, .T. ) ;
#1260 = VERTEX_POINT ( 'NONE', #8816 ) ;
#1261 = CARTESIAN_POINT ( 'NONE',  ( -0.8591910702798596366, 2.149999999999999467, -2.300000000000000266 ) ) ;
#1262 = CARTESIAN_POINT ( 'NONE',  ( -4.200000000000000178, 0.9000000000000004663, -4.849999999999997868 ) ) ;
#1263 = LINE ( 'NONE', #9789, #1380 ) ;
#1264 = VECTOR ( 'NONE', #4466, 1000.000000000000000 ) ;
#1265 = PRESENTATION_STYLE_ASSIGNMENT (( #8402 ) ) ;
#1266 = VERTEX_POINT ( 'NONE', #4084 ) ;
#1267 = LINE ( 'NONE', #5142, #5336 ) ;
#1268 = CARTESIAN_POINT ( 'NONE',  ( 5.055000000000000604, 1.999896230895142013, -5.000000000000000000 ) ) ;
#1269 = ORIENTED_EDGE ( 'NONE', *, *, #3875, .F. ) ;
#1270 = EDGE_CURVE ( 'NONE', #6527, #4369, #8968, .T. ) ;
#1271 = EDGE_CURVE ( 'NONE', #7360, #7320, #7993, .T. ) ;
#1272 = ORIENTED_EDGE ( 'NONE', *, *, #8315, .T. ) ;
#1273 = DIRECTION ( 'NONE',  ( 0.000000000000000000, -1.000000000000000000, 0.000000000000000000 ) ) ;
#1274 = DIRECTION ( 'NONE',  ( -0.000000000000000000, 1.000000000000000000, -0.000000000000000000 ) ) ;
#1275 = CARTESIAN_POINT ( 'NONE',  ( -5.200000000000001066, 5.394289321881344357, 0.6792893218813451650 ) ) ;
#1276 = EDGE_CURVE ( 'NONE', #1479, #4526, #2508, .T. ) ;
#1277 = VECTOR ( 'NONE', #6548, 1000.000000000000000 ) ;
#1278 = CARTESIAN_POINT ( 'NONE',  ( 6.000000000000000000, 0.2000000000000000111, 2.149999999999999911 ) ) ;
#1279 = LINE ( 'NONE', #4253, #2445 ) ;
#1280 = CARTESIAN_POINT ( 'NONE',  ( 0.7500000000000006661, 2.649999999999999911, -1.999999999999997335 ) ) ;
#1281 = ORIENTED_EDGE ( 'NONE', *, *, #8560, .F. ) ;
#1282 = MECHANICAL_DESIGN_GEOMETRIC_PRESENTATION_REPRESENTATION (  '', ( #8099 ), #8758 ) ;
#1283 = LINE ( 'NONE', #2114, #4843 ) ;
#1284 = CYLINDRICAL_SURFACE ( 'NONE', #3703, 0.3499999999999996447 ) ;
#1285 = FACE_OUTER_BOUND ( 'NONE', #91, .T. ) ;
#1286 = AXIS2_PLACEMENT_3D ( 'NONE', #10157, #7644, #3728 ) ;
#1287 = CARTESIAN_POINT ( 'NONE',  ( 1.250000000000032419, 0.2000000000000000111, 5.000000000000000888 ) ) ;
#1288 = DIRECTION ( 'NONE',  ( 0.000000000000000000, -1.000000000000000000, 0.000000000000000000 ) ) ;
#1289 = ADVANCED_FACE ( 'NONE', ( #5770 ), #1737, .F. ) ;
#1290 = DIRECTION ( 'NONE',  ( -0.000000000000000000, -0.000000000000000000, -1.000000000000000000 ) ) ;
#1291 = FACE_OUTER_BOUND ( 'NONE', #10235, .T. ) ;
#1292 = EDGE_CURVE ( 'NONE', #1315, #4152, #3477, .T. ) ;
#1293 = CARTESIAN_POINT ( 'NONE',  ( -3.827974591282616856, -1.084202172485504434E-16, -4.650000000000000355 ) ) ;
#1294 = CARTESIAN_POINT ( 'NONE',  ( 3.250000000000032863, 0.6000000000000000888, 3.899999999999999911 ) ) ;
#1295 = ORIENTED_EDGE ( 'NONE', *, *, #5045, .T. ) ;
#1296 = CARTESIAN_POINT ( 'NONE',  ( 4.900000000000000355, 0.4000000000000000222, -1.700000000000000178 ) ) ;
#1297 = ORIENTED_EDGE ( 'NONE', *, *, #10216, .F. ) ;
#1298 = VECTOR ( 'NONE', #3726, 1000.000000000000000 ) ;
#1299 = EDGE_CURVE ( 'NONE', #6650, #6163, #8198, .T. ) ;
#1300 = AXIS2_PLACEMENT_3D ( 'NONE', #5137, #3605, #6794 ) ;
#1301 = ORIENTED_EDGE ( 'NONE', *, *, #8992, .F. ) ;
#1302 = LINE ( 'NONE', #6255, #379 ) ;
#1303 = VECTOR ( 'NONE', #2697, 1000.000000000000000 ) ;
#1304 = EDGE_CURVE ( 'NONE', #7350, #10192, #4458, .T. ) ;
#1305 = VECTOR ( 'NONE', #7599, 1000.000000000000000 ) ;
#1306 = CARTESIAN_POINT ( 'NONE',  ( 3.185323107660497310, 0.9000000000000005773, -4.100000000000003197 ) ) ;
#1307 = FACE_OUTER_BOUND ( 'NONE', #6069, .T. ) ;
#1308 = EDGE_LOOP ( 'NONE', ( #1884, #3548, #907, #2714 ) ) ;
#1309 = VECTOR ( 'NONE', #4783, 1000.000000000000000 ) ;
#1310 = CARTESIAN_POINT ( 'NONE',  ( -1.249999999999968248, 0.2000000000000000111, 2.400000000000000355 ) ) ;
#1311 = ORIENTED_EDGE ( 'NONE', *, *, #6037, .F. ) ;
#1312 = CARTESIAN_POINT ( 'NONE',  ( 6.000000000000000000, 2.750000000000000444, -3.600000000000000533 ) ) ;
#1313 = ORIENTED_EDGE ( 'NONE', *, *, #3898, .F. ) ;
#1314 = VECTOR ( 'NONE', #7235, 1000.000000000000000 ) ;
#1315 = VERTEX_POINT ( 'NONE', #5252 ) ;
#1316 = ORIENTED_EDGE ( 'NONE', *, *, #338, .T. ) ;
#1317 = LINE ( 'NONE', #9061, #8625 ) ;
#1318 = DIRECTION ( 'NONE',  ( 1.000000000000000000, -0.000000000000000000, -0.000000000000000000 ) ) ;
#1319 = LINE ( 'NONE', #10145, #5321 ) ;
#1320 = STYLED_ITEM ( 'NONE', ( #10096 ), #1448 ) ;
#1321 = VECTOR ( 'NONE', #821, 1000.000000000000000 ) ;
#1322 = LINE ( 'NONE', #2820, #92 ) ;
#1323 = ORIENTED_EDGE ( 'NONE', *, *, #4802, .T. ) ;
#1324 = LINE ( 'NONE', #1471, #7477 ) ;
#1325 = CARTESIAN_POINT ( 'NONE',  ( 0.7000000000000000666, 4.400000000000000355, 2.250000000000000000 ) ) ;
#1326 = ORIENTED_EDGE ( 'NONE', *, *, #4349, .F. ) ;
#1327 = VERTEX_POINT ( 'NONE', #5040 ) ;
#1328 = VECTOR ( 'NONE', #9625, 1000.000000000000000 ) ;
#1329 = VERTEX_POINT ( 'NONE', #5918 ) ;
#1330 = VECTOR ( 'NONE', #780, 1000.000000000000000 ) ;
#1331 = DIRECTION ( 'NONE',  ( 0.000000000000000000, -1.000000000000000000, -0.000000000000000000 ) ) ;
#1332 = DIRECTION ( 'NONE',  ( -0.7071067811865444641, 0.7071067811865505703, 1.533293416683380794E-16 ) ) ;
#1333 = CARTESIAN_POINT ( 'NONE',  ( -0.6250000000000001110, 5.000000000000000000, -0.2500000000000002220 ) ) ;
#1334 = FACE_OUTER_BOUND ( 'NONE', #996, .T. ) ;
#1335 = ORIENTED_EDGE ( 'NONE', *, *, #1402, .T. ) ;
#1336 = ADVANCED_FACE ( 'NONE', ( #9067 ), #9844, .F. ) ;
#1337 = VECTOR ( 'NONE', #6774, 1000.000000000000000 ) ;
#1338 = LINE ( 'NONE', #3033, #1257 ) ;
#1339 = EDGE_CURVE ( 'NONE', #6000, #4599, #2798, .T. ) ;
#1340 =( BOUNDED_SURFACE ( )  B_SPLINE_SURFACE ( 3, 2, ( 
 ( #584, #8379, #9971 ),
 ( #9914, #9144, #5221 ),
 ( #9489, #1241, #4484 ),
 ( #3635, #2943, #4430 ),
 ( #473, #10262, #2844 ),
 ( #2357, #763, #6051 ),
 ( #9193, #8484, #2075 ),
 ( #5274, #7891, #1293 ) ),
 .UNSPECIFIED., .F., .F., .F. ) 
 B_SPLINE_SURFACE_WITH_KNOTS ( ( 4, 2, 2, 4 ),
 ( 3, 3 ),
 ( 6.283185307179586232, 6.675884388878310816, 7.068583470577034511, 7.853981633974482790 ),
 ( 0.000000000000000000, 1.000000000000000000 ),
 .UNSPECIFIED. ) 
 GEOMETRIC_REPRESENTATION_ITEM ( )  RATIONAL_B_SPLINE_SURFACE ( (
 ( 1.000000000000000000, 0.8433914458128864977, 1.000000000000000000),
 ( 1.000000000000000000, 0.8432077061362245329, 1.000000000000000000),
 ( 1.000000000000000000, 0.8527042424938023890, 1.000000000000000000),
 ( 1.000000000000000000, 0.8834834545263882122, 1.000000000000000000),
 ( 1.000000000000000000, 0.9045906601078542719, 1.000000000000000000),
 ( 1.000000000000000000, 0.9658666233190648098, 1.000000000000000000),
 ( 1.000000000000000000, 1.001620268760460508, 1.000000000000000000),
 ( 1.000000000000000000, 1.000000000000000000, 1.000000000000000000) ) ) 
 REPRESENTATION_ITEM ( '' )  SURFACE ( )  );
#1341 = ORIENTED_EDGE ( 'NONE', *, *, #3654, .T. ) ;
#1342 = DIRECTION ( 'NONE',  ( -5.102127870520020982E-16, -1.000000000000000000, 6.829619984160656074E-16 ) ) ;
#1343 = VECTOR ( 'NONE', #2205, 999.9999999999998863 ) ;
#1344 = CARTESIAN_POINT ( 'NONE',  ( 5.200000000000001066, 4.864999999999999325, 2.925000000000000266 ) ) ;
#1345 = DIRECTION ( 'NONE',  ( 1.000000000000000000, 0.000000000000000000, 0.000000000000000000 ) ) ;
#1346 = AXIS2_PLACEMENT_3D ( 'NONE', #3574, #5002, #3521 ) ;
#1347 = LINE ( 'NONE', #6816, #2825 ) ;
#1348 = CARTESIAN_POINT ( 'NONE',  ( 3.416666666666667851, 3.483333333333331616, -2.833333333333334814 ) ) ;
#1349 = CARTESIAN_POINT ( 'NONE',  ( -3.049999999999998934, 4.950000000000002842, -3.200000000000000178 ) ) ;
#1350 = DIRECTION ( 'NONE',  ( -1.000000000000000000, 0.000000000000000000, 0.000000000000000000 ) ) ;
#1351 = DIRECTION ( 'NONE',  ( 0.000000000000000000, 0.000000000000000000, -1.000000000000000000 ) ) ;
#1352 = DIRECTION ( 'NONE',  ( -1.000000000000000000, -0.000000000000000000, -0.000000000000000000 ) ) ;
#1353 = EDGE_CURVE ( 'NONE', #5033, #2183, #7474, .T. ) ;
#1354 = VERTEX_POINT ( 'NONE', #6798 ) ;
#1355 = EDGE_LOOP ( 'NONE', ( #8396, #1157, #840, #855 ) ) ;
#1356 = EDGE_CURVE ( 'NONE', #5346, #2138, #9892, .T. ) ;
#1357 = ORIENTED_EDGE ( 'NONE', *, *, #9280, .F. ) ;
#1358 = CARTESIAN_POINT ( 'NONE',  ( 5.200000000000001066, 5.500000000000001776, 1.282157287525380163 ) ) ;
#1359 = DIRECTION ( 'NONE',  ( -0.000000000000000000, -1.334402673828314029E-15, 1.000000000000000000 ) ) ;
#1360 = CARTESIAN_POINT ( 'NONE',  ( 1.000000000000000000, 4.400000000000000355, -3.049999999999999378 ) ) ;
#1361 = EDGE_LOOP ( 'NONE', ( #2537, #2984, #3770, #5558 ) ) ;
#1362 = CARTESIAN_POINT ( 'NONE',  ( 5.305000000000000604, 0.4000000000000000222, 1.099999999999999867 ) ) ;
#1363 = EDGE_LOOP ( 'NONE', ( #6020, #9285, #8359, #392 ) ) ;
#1364 = DIRECTION ( 'NONE',  ( 0.000000000000000000, 0.000000000000000000, -1.000000000000000000 ) ) ;
#1365 = ORIENTED_EDGE ( 'NONE', *, *, #3446, .F. ) ;
#1366 = EDGE_CURVE ( 'NONE', #7728, #6172, #2822, .T. ) ;
#1367 = EDGE_CURVE ( 'NONE', #9244, #6204, #8404, .T. ) ;
#1368 = ORIENTED_EDGE ( 'NONE', *, *, #3973, .F. ) ;
#1369 = ORIENTED_EDGE ( 'NONE', *, *, #8398, .T. ) ;
#1370 = DIRECTION ( 'NONE',  ( 0.000000000000000000, -2.759533940951752967E-15, -1.000000000000000000 ) ) ;
#1371 =( LENGTH_UNIT ( ) NAMED_UNIT ( * ) SI_UNIT ( .MILLI., .METRE. ) );
#1372 = VECTOR ( 'NONE', #5532, 1000.000000000000000 ) ;
#1373 = CARTESIAN_POINT ( 'NONE',  ( 6.000000000000000000, 0.2000000000000000111, 3.899999999999999911 ) ) ;
#1374 = CARTESIAN_POINT ( 'NONE',  ( 6.000000000000000000, 4.850000000000000533, 2.250000000000000444 ) ) ;
#1375 = ORIENTED_EDGE ( 'NONE', *, *, #10090, .T. ) ;
#1376 = LINE ( 'NONE', #6948, #675 ) ;
#1377 = CARTESIAN_POINT ( 'NONE',  ( 2.399999999999999911, 5.700000000000000178, 2.250000000000000000 ) ) ;
#1378 = VERTEX_POINT ( 'NONE', #2664 ) ;
#1379 = ORIENTED_EDGE ( 'NONE', *, *, #6153, .T. ) ;
#1380 = VECTOR ( 'NONE', #9015, 1000.000000000000000 ) ;
#1381 = ORIENTED_EDGE ( 'NONE', *, *, #10122, .T. ) ;
#1382 = DIRECTION ( 'NONE',  ( -0.000000000000000000, -0.000000000000000000, 1.000000000000000000 ) ) ;
#1383 = CARTESIAN_POINT ( 'NONE',  ( 3.250000000000001332, 2.649999999999999911, -1.999999999999997335 ) ) ;
#1384 = CARTESIAN_POINT ( 'NONE',  ( 5.200000000000001066, 2.575000000000000178, 3.899999999999999911 ) ) ;
#1385 = EDGE_LOOP ( 'NONE', ( #487, #5459, #1063 ) ) ;
#1386 = VECTOR ( 'NONE', #10139, 1000.000000000000000 ) ;
#1387 = PLANE ( 'NONE',  #8246 ) ;
#1388 = ORIENTED_EDGE ( 'NONE', *, *, #7381, .F. ) ;
#1389 = DIRECTION ( 'NONE',  ( 0.000000000000000000, 0.000000000000000000, 1.000000000000000000 ) ) ;
#1391 = VECTOR ( 'NONE', #8176, 1000.000000000000000 ) ;
#1390 = CARTESIAN_POINT ( 'NONE',  ( 4.200000000000000178, 0.9000000000000004663, 0.7999999999999994893 ) ) ;
#1392 = ADVANCED_FACE ( 'NONE', ( #4296 ), #2000, .F. ) ;
#1393 = LINE ( 'NONE', #10116, #342 ) ;
#1394 = DIRECTION ( 'NONE',  ( 1.000000000000000000, 0.000000000000000000, 0.000000000000000000 ) ) ;
#1395 = DIRECTION ( 'NONE',  ( 1.000000000000000000, 0.000000000000000000, 0.000000000000000000 ) ) ;
#1396 = PLANE ( 'NONE',  #6771 ) ;
#1397 = LINE ( 'NONE', #2897, #7324 ) ;
#1398 = EDGE_LOOP ( 'NONE', ( #1576, #6592, #10158, #4505 ) ) ;
#1399 = FACE_OUTER_BOUND ( 'NONE', #9273, .T. ) ;
#1400 = VERTEX_POINT ( 'NONE', #3509 ) ;
#1401 = VERTEX_POINT ( 'NONE', #2765 ) ;
#1402 = EDGE_CURVE ( 'NONE', #4125, #701, #450, .T. ) ;
#1403 = FACE_OUTER_BOUND ( 'NONE', #10127, .T. ) ;
#1404 = UNCERTAINTY_MEASURE_WITH_UNIT (LENGTH_MEASURE( 1.000000000000000082E-05 ), #4513, 'distance_accuracy_value', 'NONE');
#1405 = SURFACE_STYLE_USAGE ( .BOTH. , #9362 ) ;
#1406 = VECTOR ( 'NONE', #7938, 1000.000000000000000 ) ;
#1407 = CARTESIAN_POINT ( 'NONE',  ( 4.800000000000000711, 4.700000000000000178, 0.1000000000000000472 ) ) ;
#1408 = EDGE_LOOP ( 'NONE', ( #4411, #2338, #8177, #6617 ) ) ;
#1409 = DIRECTION ( 'NONE',  ( -2.224004456380521903E-16, 1.000000000000000000, 0.000000000000000000 ) ) ;
#1410 = ADVANCED_FACE ( 'NONE', ( #5870 ), #9997, .F. ) ;
#1411 = ORIENTED_EDGE ( 'NONE', *, *, #393, .F. ) ;
#1412 = CARTESIAN_POINT ( 'NONE',  ( 6.000000000000000888, 4.050000000000000711, -3.000000000000000000 ) ) ;
#1413 = VERTEX_POINT ( 'NONE', #6702 ) ;
#1414 = ORIENTED_EDGE ( 'NONE', *, *, #1025, .F. ) ;
#1415 = VECTOR ( 'NONE', #3106, 1000.000000000000000 ) ;
#1416 = EDGE_LOOP ( 'NONE', ( #5317, #72, #7556, #2091 ) ) ;
#1417 = DIRECTION ( 'NONE',  ( 0.000000000000000000, 0.000000000000000000, -1.000000000000000000 ) ) ;
#1418 = ADVANCED_FACE ( 'NONE', ( #7633 ), #5091, .F. ) ;
#1419 = CARTESIAN_POINT ( 'NONE',  ( -1.249999999999999334, 2.149999999999999467, -1.999999999999997335 ) ) ;
#1420 = DIRECTION ( 'NONE',  ( -1.000000000000000000, -0.000000000000000000, -0.000000000000000000 ) ) ;
#1421 = ORIENTED_EDGE ( 'NONE', *, *, #9649, .F. ) ;
#1422 = DIRECTION ( 'NONE',  ( 0.000000000000000000, -1.000000000000000000, 0.000000000000000000 ) ) ;
#1423 = EDGE_CURVE ( 'NONE', #9562, #1715, #1267, .T. ) ;
#1424 = CARTESIAN_POINT ( 'NONE',  ( 4.800000000000000711, 5.500000000000000888, 8.753191851259120031E-16 ) ) ;
#1425 = ORIENTED_EDGE ( 'NONE', *, *, #3078, .F. ) ;
#1426 = AXIS2_PLACEMENT_3D ( 'NONE', #4142, #5668, #2358 ) ;
#1427 = ORIENTED_EDGE ( 'NONE', *, *, #4744, .F. ) ;
#1428 = ORIENTED_EDGE ( 'NONE', *, *, #5432, .T. ) ;
#1429 = VECTOR ( 'NONE', #2009, 1000.000000000000227 ) ;
#1430 = CARTESIAN_POINT ( 'NONE',  ( -4.200000000000000178, 2.199999999999999734, 0.7999999999999994893 ) ) ;
#1431 = LINE ( 'NONE', #4622, #6608 ) ;
#1432 =( LENGTH_UNIT ( ) NAMED_UNIT ( * ) SI_UNIT ( .MILLI., .METRE. ) );
#1433 = ORIENTED_EDGE ( 'NONE', *, *, #8574, .T. ) ;
#1434 = EDGE_CURVE ( 'NONE', #1843, #2588, #1169, .T. ) ;
#1435 = DIRECTION ( 'NONE',  ( -1.000000000000000000, 0.000000000000000000, -0.000000000000000000 ) ) ;
#1436 = EDGE_LOOP ( 'NONE', ( #8236, #2521, #3014, #5657 ) ) ;
#1437 = DIRECTION ( 'NONE',  ( 0.000000000000000000, 0.000000000000000000, 1.000000000000000000 ) ) ;
#1438 = CIRCLE ( 'NONE', #5113, 0.09999999999999993616 ) ;
#1439 = DIRECTION ( 'NONE',  ( 0.000000000000000000, 0.000000000000000000, 1.000000000000000000 ) ) ;
#1440 = DIRECTION ( 'NONE',  ( -1.000000000000000000, 0.000000000000000000, -2.195253932998075344E-15 ) ) ;
#1441 = FACE_OUTER_BOUND ( 'NONE', #9246, .T. ) ;
#1442 = VECTOR ( 'NONE', #6920, 1000.000000000000000 ) ;
#1443 = DIRECTION ( 'NONE',  ( -3.336006684570782608E-16, -0.000000000000000000, 1.000000000000000000 ) ) ;
#1444 = DIRECTION ( 'NONE',  ( -1.000000000000000000, 0.000000000000000000, 0.000000000000000000 ) ) ;
#1445 = DIRECTION ( 'NONE',  ( -1.000000000000000000, 0.000000000000000000, 0.000000000000000000 ) ) ;
#1446 = AXIS2_PLACEMENT_3D ( 'NONE', #1683, #4873, #8041 ) ;
#1447 = ORIENTED_EDGE ( 'NONE', *, *, #6714, .T. ) ;
#1448 = MANIFOLD_SOLID_BREP ( 'Pin 1', #8277 ) ;
#1449 = ORIENTED_EDGE ( 'NONE', *, *, #2731, .F. ) ;
#1450 = PRESENTATION_LAYER_ASSIGNMENT (  '', '', ( #9248 ) ) ;
#1451 = ORIENTED_EDGE ( 'NONE', *, *, #3312, .F. ) ;
#1452 = LINE ( 'NONE', #2082, #5211 ) ;
#1453 = DIRECTION ( 'NONE',  ( 0.000000000000000000, 1.224646799147353454E-16, -1.000000000000000000 ) ) ;
#1454 = LINE ( 'NONE', #4648, #3073 ) ;
#1455 = EDGE_LOOP ( 'NONE', ( #6665, #4092, #6182, #5883 ) ) ;
#1456 = DIRECTION ( 'NONE',  ( 0.000000000000000000, 1.000000000000000000, 9.856383386231857595E-17 ) ) ;
#1457 = EDGE_CURVE ( 'NONE', #616, #425, #9171, .T. ) ;
#1458 = EDGE_CURVE ( 'NONE', #8213, #1801, #1376, .T. ) ;
#1459 = VERTEX_POINT ( 'NONE', #10045 ) ;
#1460 = DIRECTION ( 'NONE',  ( -1.000000000000000000, -0.000000000000000000, -0.000000000000000000 ) ) ;
#1461 = ORIENTED_EDGE ( 'NONE', *, *, #6354, .T. ) ;
#1462 = EDGE_LOOP ( 'NONE', ( #9109, #6595, #310, #4706 ) ) ;
#1463 = VECTOR ( 'NONE', #4336, 1000.000000000000000 ) ;
#1464 = ORIENTED_EDGE ( 'NONE', *, *, #4786, .T. ) ;
#1465 = VECTOR ( 'NONE', #2174, 1000.000000000000000 ) ;
#1466 = CARTESIAN_POINT ( 'NONE',  ( -4.000000000000000000, 0.000000000000000000, -2.300000000000000266 ) ) ;
#1467 = VECTOR ( 'NONE', #8128, 1000.000000000000114 ) ;
#1468 = DIRECTION ( 'NONE',  ( 0.000000000000000000, -0.000000000000000000, 1.000000000000000000 ) ) ;
#1469 = CARTESIAN_POINT ( 'NONE',  ( -2.100000000000000089, 4.400000000000000355, 0.7999999999999994893 ) ) ;
#1470 = ORIENTED_EDGE ( 'NONE', *, *, #3489, .T. ) ;
#1471 = CARTESIAN_POINT ( 'NONE',  ( 4.900000000000000355, 4.629138561470611535, -1.700000000000000178 ) ) ;
#1472 = PLANE ( 'NONE',  #5185 ) ;
#1473 = VECTOR ( 'NONE', #1970, 1000.000000000000000 ) ;
#1474 = ORIENTED_EDGE ( 'NONE', *, *, #6400, .T. ) ;
#1475 = VERTEX_POINT ( 'NONE', #7839 ) ;
#1476 = VECTOR ( 'NONE', #2173, 1000.000000000000000 ) ;
#1477 = ADVANCED_FACE ( 'NONE', ( #4665 ), #8509, .F. ) ;
#1478 = CIRCLE ( 'NONE', #1977, 0.07499999999999998335 ) ;
#1479 = VERTEX_POINT ( 'NONE', #2923 ) ;
#1480 = EDGE_CURVE ( 'NONE', #7360, #9516, #3979, .T. ) ;
#1481 = AXIS2_PLACEMENT_3D ( 'NONE', #6855, #3610, #8249 ) ;
#1482 = FACE_BOUND ( 'NONE', #237, .T. ) ;
#1483 = CARTESIAN_POINT ( 'NONE',  ( -5.200000000000001066, 5.465000000000001634, 0.7499999999999993339 ) ) ;
#1484 = VECTOR ( 'NONE', #2071, 1000.000000000000000 ) ;
#1485 = LINE ( 'NONE', #43, #956 ) ;
#1486 = ORIENTED_EDGE ( 'NONE', *, *, #7789, .F. ) ;
#1487 = PLANE ( 'NONE',  #1591 ) ;
#1488 = ORIENTED_EDGE ( 'NONE', *, *, #10234, .T. ) ;
#1489 = LINE ( 'NONE', #10161, #4214 ) ;
#1490 = VECTOR ( 'NONE', #4282, 1000.000000000000000 ) ;
#1491 = AXIS2_PLACEMENT_3D ( 'NONE', #1049, #5121, #8226 ) ;
#1492 = EDGE_CURVE ( 'NONE', #3984, #290, #3718, .T. ) ;
#1493 = EDGE_CURVE ( 'NONE', #3921, #9365, #8458, .T. ) ;
#1494 = DIRECTION ( 'NONE',  ( -2.195253932998075344E-15, 0.000000000000000000, 1.000000000000000000 ) ) ;
#1495 = EDGE_CURVE ( 'NONE', #10248, #2754, #5504, .T. ) ;
#1496 = VECTOR ( 'NONE', #5414, 1000.000000000000000 ) ;
#1497 = DIRECTION ( 'NONE',  ( -0.000000000000000000, 1.000000000000000000, 0.000000000000000000 ) ) ;
#1498 = CARTESIAN_POINT ( 'NONE',  ( 5.305000000000000604, 2.350000000000000089, -4.500000000000000888 ) ) ;
#1499 = AXIS2_PLACEMENT_3D ( 'NONE', #684, #2996, #8485 ) ;
#1500 = CARTESIAN_POINT ( 'NONE',  ( -6.000000000000000000, 3.150000000000000799, -3.200000000000000178 ) ) ;
#1501 = AXIS2_PLACEMENT_3D ( 'NONE', #10201, #5556, #6480 ) ;
#1502 = CARTESIAN_POINT ( 'NONE',  ( 6.000000000000000000, 5.064999999999999503, 2.250000000000000444 ) ) ;
#1503 = ORIENTED_EDGE ( 'NONE', *, *, #6659, .F. ) ;
#1504 = CARTESIAN_POINT ( 'NONE',  ( 5.200000000000001066, 5.500000000000001776, 1.717842712474617173 ) ) ;
#1505 = ORIENTED_EDGE ( 'NONE', *, *, #1339, .T. ) ;
#1506 = AXIS2_PLACEMENT_3D ( 'NONE', #4200, #8156, #8920 ) ;
#1507 = DIRECTION ( 'NONE',  ( 0.000000000000000000, 0.000000000000000000, -1.000000000000000000 ) ) ;
#1508 = VERTEX_POINT ( 'NONE', #7742 ) ;
#1509 =( NAMED_UNIT ( * ) PLANE_ANGLE_UNIT ( ) SI_UNIT ( $, .RADIAN. ) );
#1510 = ADVANCED_FACE ( 'NONE', ( #4515 ), #8607, .F. ) ;
#1511 = DIRECTION ( 'NONE',  ( -1.000000000000000000, 0.000000000000000000, 0.000000000000000000 ) ) ;
#1512 = VECTOR ( 'NONE', #9501, 1000.000000000000000 ) ;
#1513 = DIRECTION ( 'NONE',  ( 0.000000000000000000, -1.000000000000000000, 0.000000000000000000 ) ) ;
#1514 = LINE ( 'NONE', #5341, #8808 ) ;
#1515 = ORIENTED_EDGE ( 'NONE', *, *, #6715, .F. ) ;
#1516 = DIRECTION ( 'NONE',  ( 0.000000000000000000, 0.000000000000000000, 1.000000000000000000 ) ) ;
#1517 = ORIENTED_EDGE ( 'NONE', *, *, #5576, .F. ) ;
#1518 = ORIENTED_EDGE ( 'NONE', *, *, #9464, .T. ) ;
#1519 = PLANE ( 'NONE',  #8368 ) ;
#1520 = EDGE_CURVE ( 'NONE', #6551, #8599, #5356, .T. ) ;
#1521 = EDGE_CURVE ( 'NONE', #6602, #898, #1324, .T. ) ;
#1522 = PLANE ( 'NONE',  #5483 ) ;
#1523 = CARTESIAN_POINT ( 'NONE',  ( 5.055000000000000604, 0.6500000000000020206, -4.749999999999998224 ) ) ;
#1524 = CARTESIAN_POINT ( 'NONE',  ( 4.004999999999999893, 5.064999999999999503, 2.800000000000000266 ) ) ;
#1525 = VERTEX_POINT ( 'NONE', #7690 ) ;
#1526 = SURFACE_SIDE_STYLE ('',( #2874 ) ) ;
#1527 = LINE ( 'NONE', #6273, #7326 ) ;
#1528 = VERTEX_POINT ( 'NONE', #9327 ) ;
#1529 = VERTEX_POINT ( 'NONE', #2204 ) ;
#1530 = VECTOR ( 'NONE', #3207, 1000.000000000000000 ) ;
#1531 = ORIENTED_EDGE ( 'NONE', *, *, #10090, .F. ) ;
#1532 = EDGE_CURVE ( 'NONE', #2183, #6172, #5407, .T. ) ;
#1533 = CARTESIAN_POINT ( 'NONE',  ( -5.054999999999998828, -2.255251100194126728E-18, -4.650000000000000355 ) ) ;
#1534 = DIRECTION ( 'NONE',  ( 0.000000000000000000, -0.7071067811865565655, -0.7071067811865384689 ) ) ;
#1535 = MANIFOLD_SOLID_BREP ( 'Chamfer4', #3818 ) ;
#1536 = PLANE ( 'NONE',  #1083 ) ;
#1537 = ORIENTED_EDGE ( 'NONE', *, *, #5493, .T. ) ;
#1538 = LINE ( 'NONE', #3929, #6481 ) ;
#1539 = DIRECTION ( 'NONE',  ( 0.000000000000000000, 1.000000000000000000, 0.000000000000000000 ) ) ;
#1540 = ORIENTED_EDGE ( 'NONE', *, *, #8240, .F. ) ;
#1541 = CARTESIAN_POINT ( 'NONE',  ( -5.200000000000001066, 5.500000000000001776, 1.974999999999999423 ) ) ;
#1542 = CARTESIAN_POINT ( 'NONE',  ( -0.7499999999999668043, 0.000000000000000000, 2.900000000000001688 ) ) ;
#1543 = APPLICATION_CONTEXT ( 'automotive_design' ) ;
#1544 = DIRECTION ( 'NONE',  ( 1.000000000000000000, -0.000000000000000000, -5.560011140951304758E-17 ) ) ;
#1545 = CARTESIAN_POINT ( 'NONE',  ( 6.000000000000000000, 4.950000000000002842, -3.200000000000000178 ) ) ;
#1546 = VECTOR ( 'NONE', #3218, 1000.000000000000000 ) ;
#1547 = CARTESIAN_POINT ( 'NONE',  ( 1.250000000000001110, 2.649999999999999911, 0.7999999999999994893 ) ) ;
#1548 = DIRECTION ( 'NONE',  ( -1.000000000000000000, 0.000000000000000000, 0.000000000000000000 ) ) ;
#1549 = ADVANCED_FACE ( 'NONE', ( #2440 ), #4614, .F. ) ;
#1550 = EDGE_CURVE ( 'NONE', #5569, #4185, #2391, .T. ) ;
#1551 = CARTESIAN_POINT ( 'NONE',  ( -4.800000000000000711, 5.700000000000000178, 0.1000000000000002554 ) ) ;
#1552 = EDGE_CURVE ( 'NONE', #9834, #9729, #4181, .T. ) ;
#1553 = ORIENTED_EDGE ( 'NONE', *, *, #553, .F. ) ;
#1554 = LINE ( 'NONE', #4740, #4027 ) ;
#1555 = MANIFOLD_SOLID_BREP ( 'Mirror2', #4074 ) ;
#1556 = ORIENTED_EDGE ( 'NONE', *, *, #10220, .F. ) ;
#1557 = VECTOR ( 'NONE', #8071, 1000.000000000000000 ) ;
#1558 = CARTESIAN_POINT ( 'NONE',  ( -2.100000000000000089, 4.400000000000000355, 0.7999999999999994893 ) ) ;
#1559 = CARTESIAN_POINT ( 'NONE',  ( -0.7499999999999676925, 0.6000000000000000888, 5.000000000000000000 ) ) ;
#1560 = CARTESIAN_POINT ( 'NONE',  ( 4.800000000000000711, 2.400000000000000355, 1.999999999999999556 ) ) ;
#1561 = FACE_OUTER_BOUND ( 'NONE', #9057, .T. ) ;
#1562 = LINE ( 'NONE', #2482, #1662 ) ;
#1563 = EDGE_CURVE ( 'NONE', #6479, #966, #3172, .T. ) ;
#1564 = ORIENTED_EDGE ( 'NONE', *, *, #10184, .T. ) ;
#1565 = DIRECTION ( 'NONE',  ( 1.000000000000000000, 0.000000000000000000, 0.000000000000000000 ) ) ;
#1566 = ORIENTED_EDGE ( 'NONE', *, *, #10059, .F. ) ;
#1567 = EDGE_CURVE ( 'NONE', #10095, #5460, #9524, .T. ) ;
#1568 = ORIENTED_EDGE ( 'NONE', *, *, #4717, .F. ) ;
#1569 = SURFACE_SIDE_STYLE ('',( #3267 ) ) ;
#1570 = CARTESIAN_POINT ( 'NONE',  ( -4.350000000000001421, 0.7499999999999996669, -5.000000000000000000 ) ) ;
#1571 = CARTESIAN_POINT ( 'NONE',  ( -5.304999999999998828, 0.3999999999999996336, 1.399999999999999689 ) ) ;
#1572 = CARTESIAN_POINT ( 'NONE',  ( 4.005000000000001670, 4.400000000000000355, 3.700000000000000178 ) ) ;
#1573 = VERTEX_POINT ( 'NONE', #5756 ) ;
#1574 = PRESENTATION_STYLE_ASSIGNMENT (( #8706 ) ) ;
#1575 = LINE ( 'NONE', #6327, #7669 ) ;
#1576 = ORIENTED_EDGE ( 'NONE', *, *, #9033, .F. ) ;
#1577 = ORIENTED_EDGE ( 'NONE', *, *, #3654, .F. ) ;
#1578 = AXIS2_PLACEMENT_3D ( 'NONE', #9942, #9994, #3715 ) ;
#1579 = ORIENTED_EDGE ( 'NONE', *, *, #5245, .T. ) ;
#1580 = ORIENTED_EDGE ( 'NONE', *, *, #1980, .T. ) ;
#1581 = LINE ( 'NONE', #715, #8150 ) ;
#1582 = CARTESIAN_POINT ( 'NONE',  ( -1.249999999999999334, 2.149999999999999467, -2.300000000000000266 ) ) ;
#1583 = DIRECTION ( 'NONE',  ( -0.000000000000000000, 0.000000000000000000, -1.000000000000000000 ) ) ;
#1584 = ORIENTED_EDGE ( 'NONE', *, *, #4318, .T. ) ;
#1585 = DIRECTION ( 'NONE',  ( -1.000000000000000000, 0.000000000000000000, 0.000000000000000000 ) ) ;
#1586 = CARTESIAN_POINT ( 'NONE',  ( 3.250000000000033307, 0.6000000000000000888, 2.400000000000000355 ) ) ;
#1587 = ORIENTED_EDGE ( 'NONE', *, *, #8209, .T. ) ;
#1588 = CARTESIAN_POINT ( 'NONE',  ( -1.440243552318669407, 1.959756447681329394, -1.477310135807611502 ) ) ;
#1589 = EDGE_CURVE ( 'NONE', #8973, #5033, #8082, .T. ) ;
#1590 = EDGE_CURVE ( 'NONE', #3757, #5554, #132, .T. ) ;
#1591 = AXIS2_PLACEMENT_3D ( 'NONE', #3835, #10060, #10211 ) ;
#1592 = EDGE_CURVE ( 'NONE', #3050, #9849, #6539, .T. ) ;
#1593 = CARTESIAN_POINT ( 'NONE',  ( 4.800000000000000711, 2.400000000000000355, 1.999999999999999556 ) ) ;
#1594 = DIRECTION ( 'NONE',  ( 0.000000000000000000, 0.000000000000000000, -1.000000000000000000 ) ) ;
#1595 = CARTESIAN_POINT ( 'NONE',  ( 6.000000000000000000, 4.550000000000002487, -3.200000000000000178 ) ) ;
#1596 = DIRECTION ( 'NONE',  ( 0.000000000000000000, 0.000000000000000000, 1.000000000000000000 ) ) ;
#1597 = SURFACE_STYLE_FILL_AREA ( #5730 ) ;
#1598 = DIRECTION ( 'NONE',  ( 0.000000000000000000, -0.000000000000000000, 1.000000000000000000 ) ) ;
#1599 = VECTOR ( 'NONE', #247, 1000.000000000000000 ) ;
#1600 = DIRECTION ( 'NONE',  ( 0.000000000000000000, -1.224646799147353454E-16, 1.000000000000000000 ) ) ;
#1601 = EDGE_LOOP ( 'NONE', ( #8261, #8222, #7734, #3346 ) ) ;
#1602 = CARTESIAN_POINT ( 'NONE',  ( -4.800000000000000711, 5.425000000000000711, 3.075000000000000622 ) ) ;
#1603 = MANIFOLD_SOLID_BREP ( 'LPattern1[4]', #3135 ) ;
#1604 = EDGE_CURVE ( 'NONE', #9775, #5055, #7978, .T. ) ;
#1605 = DIRECTION ( 'NONE',  ( 1.000000000000000000, 0.000000000000000000, -0.000000000000000000 ) ) ;
#1606 = CARTESIAN_POINT ( 'NONE',  ( 3.250000000000001332, 2.149999999999999467, -1.999999999999997335 ) ) ;
#1607 = EDGE_CURVE ( 'NONE', #5809, #435, #5671, .T. ) ;
#1608 = EDGE_CURVE ( 'NONE', #131, #7996, #3598, .T. ) ;
#1609 = FACE_OUTER_BOUND ( 'NONE', #6936, .T. ) ;
#1610 = CARTESIAN_POINT ( 'NONE',  ( -0.6700000000000195799, 2.164999999999989821, 7.034999999999981490 ) ) ;
#1611 = LINE ( 'NONE', #7820, #3063 ) ;
#1612 = LINE ( 'NONE', #7081, #8318 ) ;
#1613 = EDGE_CURVE ( 'NONE', #495, #6789, #3457, .T. ) ;
#1614 = ORIENTED_EDGE ( 'NONE', *, *, #3887, .T. ) ;
#1615 = AXIS2_PLACEMENT_3D ( 'NONE', #6100, #7715, #1350 ) ;
#1616 = LINE ( 'NONE', #8889, #1557 ) ;
#1617 = ORIENTED_EDGE ( 'NONE', *, *, #8357, .T. ) ;
#1618 = VERTEX_POINT ( 'NONE', #1204 ) ;
#1619 = DIRECTION ( 'NONE',  ( -0.000000000000000000, -1.000000000000000000, -0.000000000000000000 ) ) ;
#1620 = EDGE_CURVE ( 'NONE', #9098, #5804, #3495, .T. ) ;
#1621 = DIRECTION ( 'NONE',  ( 0.000000000000000000, -1.000000000000000000, 0.000000000000000000 ) ) ;
#1622 = DIRECTION ( 'NONE',  ( -0.000000000000000000, -0.000000000000000000, 1.000000000000000000 ) ) ;
#1623 = FACE_OUTER_BOUND ( 'NONE', #5496, .T. ) ;
#1624 = ORIENTED_EDGE ( 'NONE', *, *, #2221, .T. ) ;
#1625 = CARTESIAN_POINT ( 'NONE',  ( -4.800000000000000711, 5.299999999999999822, -1.699999999999999734 ) ) ;
#1626 = VERTEX_POINT ( 'NONE', #4395 ) ;
#1627 = EDGE_LOOP ( 'NONE', ( #9133, #6231, #8757, #10245 ) ) ;
#1628 = AXIS2_PLACEMENT_3D ( 'NONE', #4148, #1953, #922 ) ;
#1629 = VERTEX_POINT ( 'NONE', #7406 ) ;
#1630 = ORIENTED_EDGE ( 'NONE', *, *, #8527, .F. ) ;
#1631 = AXIS2_PLACEMENT_3D ( 'NONE', #7779, #2436, #9621 ) ;
#1632 = DIRECTION ( 'NONE',  ( 0.000000000000000000, 1.000000000000000000, 0.000000000000000000 ) ) ;
#1633 = CARTESIAN_POINT ( 'NONE',  ( -4.350000000000001421, 1.999896230895142013, -5.000000000000000000 ) ) ;
#1634 = CARTESIAN_POINT ( 'NONE',  ( 4.200000000000000178, 0.9000000000000004663, -4.850000000000001421 ) ) ;
#1635 = ORIENTED_EDGE ( 'NONE', *, *, #2145, .T. ) ;
#1636 = DIRECTION ( 'NONE',  ( 0.000000000000000000, 0.000000000000000000, 1.000000000000000000 ) ) ;
#1637 = AXIS2_PLACEMENT_3D ( 'NONE', #2841, #6047, #9347 ) ;
#1638 = FACE_OUTER_BOUND ( 'NONE', #1713, .T. ) ;
#1639 = ORIENTED_EDGE ( 'NONE', *, *, #2092, .T. ) ;
#1640 = DIRECTION ( 'NONE',  ( -0.000000000000000000, -3.372884145477667245E-15, -1.000000000000000000 ) ) ;
#1641 = AXIS2_PLACEMENT_3D ( 'NONE', #2953, #2083, #3005 ) ;
#1642 = DIRECTION ( 'NONE',  ( 1.000000000000000000, 0.000000000000000000, 2.195253932998075344E-15 ) ) ;
#1643 = DIRECTION ( 'NONE',  ( -0.000000000000000000, 1.000000000000000000, -0.000000000000000000 ) ) ;
#1644 = DIRECTION ( 'NONE',  ( 1.000000000000000000, 0.000000000000000000, -0.000000000000000000 ) ) ;
#1645 = EDGE_CURVE ( 'NONE', #4907, #3082, #7564, .T. ) ;
#1646 = VECTOR ( 'NONE', #7415, 1000.000000000000000 ) ;
#1647 = ADVANCED_FACE ( 'NONE', ( #8337 ), #436, .F. ) ;
#1648 = SURFACE_STYLE_USAGE ( .BOTH. , #5623 ) ;
#1649 = PLANE ( 'NONE',  #7478 ) ;
#1650 = VERTEX_POINT ( 'NONE', #9829 ) ;
#1651 = VECTOR ( 'NONE', #210, 1000.000000000000000 ) ;
#1652 = LINE ( 'NONE', #4051, #5360 ) ;
#1653 = VERTEX_POINT ( 'NONE', #1252 ) ;
#1654 = LINE ( 'NONE', #9597, #1372 ) ;
#1655 = FACE_OUTER_BOUND ( 'NONE', #5340, .T. ) ;
#1656 = CARTESIAN_POINT ( 'NONE',  ( -6.000000000000000000, 2.400000000000000355, 1.800000000000000711 ) ) ;
#1657 = EDGE_CURVE ( 'NONE', #9098, #6679, #6589, .T. ) ;
#1658 = CARTESIAN_POINT ( 'NONE',  ( 0.6250000000000001110, 5.000000000000000000, -2.200000000000000178 ) ) ;
#1659 = PLANE ( 'NONE',  #2460 ) ;
#1660 = PLANE ( 'NONE',  #768 ) ;
#1661 = CARTESIAN_POINT ( 'NONE',  ( 5.200000000000001066, 5.394289321881346133, 1.429289321881345387 ) ) ;
#1662 = VECTOR ( 'NONE', #4749, 1000.000000000000000 ) ;
#1663 = ORIENTED_EDGE ( 'NONE', *, *, #6882, .T. ) ;
#1664 = CARTESIAN_POINT ( 'NONE',  ( 4.800000000000000711, 5.064999999999999503, 2.800000000000000266 ) ) ;
#1665 = VECTOR ( 'NONE', #9068, 1000.000000000000000 ) ;
#1666 = ORIENTED_EDGE ( 'NONE', *, *, #4318, .F. ) ;
#1667 = ORIENTED_EDGE ( 'NONE', *, *, #9482, .T. ) ;
#1668 = LINE ( 'NONE', #3963, #2528 ) ;
#1669 = VECTOR ( 'NONE', #6868, 1000.000000000000000 ) ;
#1670 = CARTESIAN_POINT ( 'NONE',  ( -6.000000000000000000, 0.2000000000000000111, 3.899999999999999911 ) ) ;
#1671 = DIRECTION ( 'NONE',  ( 1.000000000000000000, -0.000000000000000000, -0.000000000000000000 ) ) ;
#1672 = DIRECTION ( 'NONE',  ( -0.000000000000000000, 0.000000000000000000, -1.000000000000000000 ) ) ;
#1673 = ORIENTED_EDGE ( 'NONE', *, *, #7030, .F. ) ;
#1674 =( NAMED_UNIT ( * ) SI_UNIT ( $, .STERADIAN. ) SOLID_ANGLE_UNIT ( ) );
#1675 = CARTESIAN_POINT ( 'NONE',  ( 1.250000000000032419, 0.2000000000000000111, 2.400000000000000355 ) ) ;
#1676 = ORIENTED_EDGE ( 'NONE', *, *, #8295, .F. ) ;
#1677 = EDGE_CURVE ( 'NONE', #6302, #669, #1102, .T. ) ;
#1678 = ADVANCED_FACE ( 'NONE', ( #9724 ), #2701, .F. ) ;
#1679 = VERTEX_POINT ( 'NONE', #5805 ) ;
#1680 = ORIENTED_EDGE ( 'NONE', *, *, #7050, .T. ) ;
#1681 = ORIENTED_EDGE ( 'NONE', *, *, #9742, .T. ) ;
#1682 = UNCERTAINTY_MEASURE_WITH_UNIT (LENGTH_MEASURE( 1.000000000000000082E-05 ), #9049, 'distance_accuracy_value', 'NONE');
#1683 = CARTESIAN_POINT ( 'NONE',  ( -5.304999999999998828, 4.629138561470611535, 1.100000000000000755 ) ) ;
#1684 = DIRECTION ( 'NONE',  ( -0.7071067811865500152, -0.7071067811865451302, -1.533293416683368715E-16 ) ) ;
#1685 = DIRECTION ( 'NONE',  ( -0.000000000000000000, 0.000000000000000000, 1.000000000000000000 ) ) ;
#1686 = ORIENTED_EDGE ( 'NONE', *, *, #10030, .F. ) ;
#1687 = CARTESIAN_POINT ( 'NONE',  ( -5.200000000000001066, 4.864999999999999325, 2.925000000000000266 ) ) ;
#1688 = CARTESIAN_POINT ( 'NONE',  ( -0.7499999999999668043, 0.000000000000000000, 2.400000000000000355 ) ) ;
#1689 = VERTEX_POINT ( 'NONE', #285 ) ;
#1690 = DIRECTION ( 'NONE',  ( -1.000000000000000000, -0.000000000000000000, -0.000000000000000000 ) ) ;
#1691 = VECTOR ( 'NONE', #6834, 1000.000000000000000 ) ;
#1692 = EDGE_CURVE ( 'NONE', #1210, #9276, #3437, .T. ) ;
#1693 = EDGE_LOOP ( 'NONE', ( #8447, #1000, #6068, #6701 ) ) ;
#1694 = CARTESIAN_POINT ( 'NONE',  ( 0.9999999999999991118, 3.699999999999998845, 0.7999999999999994893 ) ) ;
#1695 = FACE_OUTER_BOUND ( 'NONE', #2254, .T. ) ;
#1696 = CARTESIAN_POINT ( 'NONE',  ( 5.200000000000001066, 5.500000000000001776, 0.5321572875253787194 ) ) ;
#1697 =( NAMED_UNIT ( * ) PLANE_ANGLE_UNIT ( ) SI_UNIT ( $, .RADIAN. ) );
#1698 = DIRECTION ( 'NONE',  ( -1.000000000000000000, 0.000000000000000000, 0.000000000000000000 ) ) ;
#1699 = VECTOR ( 'NONE', #7176, 1000.000000000000000 ) ;
#1700 = ORIENTED_EDGE ( 'NONE', *, *, #3403, .T. ) ;
#1701 = DIRECTION ( 'NONE',  ( 0.000000000000000000, -0.000000000000000000, -1.000000000000000000 ) ) ;
#1702 = ORIENTED_EDGE ( 'NONE', *, *, #1705, .T. ) ;
#1703 = PLANE ( 'NONE',  #7188 ) ;
#1704 = MANIFOLD_SOLID_BREP ( 'LPattern1[3]', #4917 ) ;
#1705 = EDGE_CURVE ( 'NONE', #950, #1973, #543, .T. ) ;
#1706 = DIRECTION ( 'NONE',  ( -0.000000000000000000, 0.9284766908852596368, 0.3713906763541028888 ) ) ;
#1707 = CARTESIAN_POINT ( 'NONE',  ( -5.200000000000001066, 5.394289321881347021, 1.570710678118654391 ) ) ;
#1708 = LINE ( 'NONE', #3949, #7268 ) ;
#1709 = DIRECTION ( 'NONE',  ( -1.000000000000000000, -0.000000000000000000, 0.000000000000000000 ) ) ;
#1710 = CARTESIAN_POINT ( 'NONE',  ( 0.7500000000000006661, 2.259191070279860103, -2.300000000000000266 ) ) ;
#1711 = CARTESIAN_POINT ( 'NONE',  ( 4.800000000000000711, 5.470710678118654968, 1.647132034355962338 ) ) ;
#1712 = VECTOR ( 'NONE', #4799, 1000.000000000000000 ) ;
#1713 = EDGE_LOOP ( 'NONE', ( #623, #2238, #4730, #4627 ) ) ;
#1714 = CARTESIAN_POINT ( 'NONE',  ( -6.000000000000000888, 4.050000000000000711, -3.000000000000000000 ) ) ;
#1715 = VERTEX_POINT ( 'NONE', #9054 ) ;
#1716 = EDGE_CURVE ( 'NONE', #6232, #3001, #2815, .T. ) ;
#1717 = EDGE_CURVE ( 'NONE', #1679, #2926, #3649, .T. ) ;
#1718 = ORIENTED_EDGE ( 'NONE', *, *, #6964, .T. ) ;
#1719 =( NAMED_UNIT ( * ) PLANE_ANGLE_UNIT ( ) SI_UNIT ( $, .RADIAN. ) );
#1720 = FACE_OUTER_BOUND ( 'NONE', #8600, .T. ) ;
#1721 = EDGE_CURVE ( 'NONE', #6704, #1629, #5491, .T. ) ;
#1722 = DIRECTION ( 'NONE',  ( 0.000000000000000000, 0.000000000000000000, 1.000000000000000000 ) ) ;
#1723 = DIRECTION ( 'NONE',  ( -1.000000000000000000, 0.000000000000000000, -3.336006684570783101E-16 ) ) ;
#1724 = EDGE_LOOP ( 'NONE', ( #3976, #6274, #4578, #5396 ) ) ;
#1725 = DIRECTION ( 'NONE',  ( 0.7071067811865442421, 8.761676666762078627E-16, 0.7071067811865509034 ) ) ;
#1726 = FACE_OUTER_BOUND ( 'NONE', #2146, .T. ) ;
#1727 = ORIENTED_EDGE ( 'NONE', *, *, #4979, .T. ) ;
#1728 = VERTEX_POINT ( 'NONE', #8647 ) ;
#1729 = ORIENTED_EDGE ( 'NONE', *, *, #1563, .F. ) ;
#1730 = ORIENTED_EDGE ( 'NONE', *, *, #2680, .F. ) ;
#1731 = EDGE_CURVE ( 'NONE', #1329, #5314, #1514, .T. ) ;
#1732 = CARTESIAN_POINT ( 'NONE',  ( 1.000000000000000000, 4.400000000000000355, 0.7999999999999994893 ) ) ;
#1733 = DIRECTION ( 'NONE',  ( 1.000000000000000000, 0.000000000000000000, -4.818676322157796389E-16 ) ) ;
#1734 = EDGE_CURVE ( 'NONE', #6379, #9644, #6840, .T. ) ;
#1735 = CARTESIAN_POINT ( 'NONE',  ( -2.250000000000004441, 4.550000000000002487, -3.200000000000000178 ) ) ;
#1736 = ORIENTED_EDGE ( 'NONE', *, *, #9048, .F. ) ;
#1737 = PLANE ( 'NONE',  #4322 ) ;
#1738 = LINE ( 'NONE', #6391, #8892 ) ;
#1739 = EDGE_LOOP ( 'NONE', ( #4931, #2703, #5042, #9792 ) ) ;
#1740 = VECTOR ( 'NONE', #1997, 1000.000000000000114 ) ;
#1741 = DIRECTION ( 'NONE',  ( 0.5773502691896268413, -0.5773502691896286176, 0.5773502691896219563 ) ) ;
#1742 = ORIENTED_EDGE ( 'NONE', *, *, #8918, .T. ) ;
#1743 = CARTESIAN_POINT ( 'NONE',  ( 5.200000000000001066, 5.299999999999999822, -1.699999999999999734 ) ) ;
#1744 = CARTESIAN_POINT ( 'NONE',  ( 5.733333333333334281, 4.566666666666663765, 1.866666666666666918 ) ) ;
#1745 = DIRECTION ( 'NONE',  ( 1.000000000000000000, -0.000000000000000000, -0.000000000000000000 ) ) ;
#1746 = EDGE_CURVE ( 'NONE', #4287, #1094, #2139, .T. ) ;
#1747 = DIRECTION ( 'NONE',  ( -0.000000000000000000, 1.000000000000000000, 0.000000000000000000 ) ) ;
#1748 = ORIENTED_EDGE ( 'NONE', *, *, #2323, .T. ) ;
#1749 = CYLINDRICAL_SURFACE ( 'NONE', #7001, 0.2000000000000005107 ) ;
#1750 = ORIENTED_EDGE ( 'NONE', *, *, #3443, .F. ) ;
#1751 = CARTESIAN_POINT ( 'NONE',  ( -5.304999999999998828, 2.174948115447571606, -4.750000000000000000 ) ) ;
#1752 = AXIS2_PLACEMENT_3D ( 'NONE', #7164, #8818, #2456 ) ;
#1753 = FACE_OUTER_BOUND ( 'NONE', #6471, .T. ) ;
#1754 = FACE_OUTER_BOUND ( 'NONE', #1462, .T. ) ;
#1755 = VECTOR ( 'NONE', #7641, 1000.000000000000000 ) ;
#1756 = DIRECTION ( 'NONE',  ( -1.000000000000000000, 0.000000000000000000, 0.000000000000000000 ) ) ;
#1757 = DIRECTION ( 'NONE',  ( 0.000000000000000000, 0.000000000000000000, 1.000000000000000000 ) ) ;
#1758 = DIRECTION ( 'NONE',  ( 0.000000000000000000, 0.000000000000000000, 1.000000000000000000 ) ) ;
#1759 = CARTESIAN_POINT ( 'NONE',  ( -5.305000000000000604, 4.050000000000000711, -3.000000000000000000 ) ) ;
#1760 = ORIENTED_EDGE ( 'NONE', *, *, #5306, .T. ) ;
#1761 = CARTESIAN_POINT ( 'NONE',  ( -5.200000000000001066, 5.425000000000000711, 2.049999999999999822 ) ) ;
#1762 = ORIENTED_EDGE ( 'NONE', *, *, #7528, .T. ) ;
#1763 = AXIS2_PLACEMENT_3D ( 'NONE', #1969, #5996, #1137 ) ;
#1764 = VERTEX_POINT ( 'NONE', #7034 ) ;
#1765 = CARTESIAN_POINT ( 'NONE',  ( -3.764267565201868670, 0.3499999999999996447, -4.750000000000000888 ) ) ;
#1766 = CARTESIAN_POINT ( 'NONE',  ( -3.249999999999999556, 2.149999999999999467, -2.300000000000000266 ) ) ;
#1767 = EDGE_CURVE ( 'NONE', #664, #1141, #9204, .T. ) ;
#1768 = CARTESIAN_POINT ( 'NONE',  ( 5.200000000000001066, 2.575000000000000178, 3.899999999999999911 ) ) ;
#1769 = EDGE_CURVE ( 'NONE', #2138, #2406, #597, .T. ) ;
#1770 = VECTOR ( 'NONE', #8159, 1000.000000000000000 ) ;
#1771 = CARTESIAN_POINT ( 'NONE',  ( -4.800000000000000711, 2.400000000000000355, 1.999999999999999556 ) ) ;
#1772 = ORIENTED_EDGE ( 'NONE', *, *, #5928, .T. ) ;
#1773 = DIRECTION ( 'NONE',  ( 0.000000000000000000, 0.000000000000000000, -1.000000000000000000 ) ) ;
#1774 = DIRECTION ( 'NONE',  ( -0.000000000000000000, -1.000000000000000000, -0.000000000000000000 ) ) ;
#1775 = ORIENTED_EDGE ( 'NONE', *, *, #7204, .F. ) ;
#1776 = ORIENTED_EDGE ( 'NONE', *, *, #7424, .F. ) ;
#1777 = ORIENTED_EDGE ( 'NONE', *, *, #790, .T. ) ;
#1778 = VECTOR ( 'NONE', #5364, 1000.000000000000000 ) ;
#1779 = VERTEX_POINT ( 'NONE', #3055 ) ;
#1780 = CARTESIAN_POINT ( 'NONE',  ( -4.800000000000000711, 5.500000000000001776, 1.717842712474617173 ) ) ;
#1781 = CARTESIAN_POINT ( 'NONE',  ( -3.200000000000000622, 4.800000000000000711, -3.049999999999999378 ) ) ;
#1782 = LINE ( 'NONE', #8294, #3570 ) ;
#1783 = ORIENTED_EDGE ( 'NONE', *, *, #791, .T. ) ;
#1784 = CARTESIAN_POINT ( 'NONE',  ( 0.7500000000000318634, 0.6000000000000000888, 2.400000000000000355 ) ) ;
#1785 = EDGE_CURVE ( 'NONE', #2649, #3710, #9982, .T. ) ;
#1786 = LINE ( 'NONE', #9845, #23 ) ;
#1787 = VERTEX_POINT ( 'NONE', #2956 ) ;
#1788 = CARTESIAN_POINT ( 'NONE',  ( -4.800000000000000711, 5.300000000000000711, -1.499999999999999556 ) ) ;
#1789 = VECTOR ( 'NONE', #6760, 1000.000000000000000 ) ;
#1790 = EDGE_CURVE ( 'NONE', #5279, #8500, #5289, .T. ) ;
#1791 = VECTOR ( 'NONE', #4233, 1000.000000000000000 ) ;
#1792 = AXIS2_PLACEMENT_3D ( 'NONE', #946, #1188, #4379 ) ;
#1793 = VERTEX_POINT ( 'NONE', #6215 ) ;
#1794 = LINE ( 'NONE', #1897, #3706 ) ;
#1795 = AXIS2_PLACEMENT_3D ( 'NONE', #7403, #5076, #6736 ) ;
#1796 = PLANE ( 'NONE',  #1506 ) ;
#1797 = CARTESIAN_POINT ( 'NONE',  ( 5.200000000000001066, 5.500000000000000888, 3.725000000000000533 ) ) ;
#1798 = VECTOR ( 'NONE', #8424, 1000.000000000000000 ) ;
#1799 =( NAMED_UNIT ( * ) PLANE_ANGLE_UNIT ( ) SI_UNIT ( $, .RADIAN. ) );
#1800 = DIRECTION ( 'NONE',  ( -0.000000000000000000, 1.000000000000000000, 0.000000000000000000 ) ) ;
#1801 = VERTEX_POINT ( 'NONE', #2858 ) ;
#1802 = CARTESIAN_POINT ( 'NONE',  ( -3.200000000000000622, 3.700000000000000178, 0.7999999999999994893 ) ) ;
#1803 = CIRCLE ( 'NONE', #8466, 0.07500000000000041356 ) ;
#1804 = VERTEX_POINT ( 'NONE', #9315 ) ;
#1805 = CARTESIAN_POINT ( 'NONE',  ( -2.749999999999999112, 2.149999999999999467, 0.7999999999999994893 ) ) ;
#1806 = ADVANCED_FACE ( 'NONE', ( #2236 ), #5391, .F. ) ;
#1807 = ADVANCED_FACE ( 'NONE', ( #7770 ), #3008, .T. ) ;
#1808 = AXIS2_PLACEMENT_3D ( 'NONE', #10228, #8734, #2376 ) ;
#1809 = STYLED_ITEM ( 'NONE', ( #3892 ), #4542 ) ;
#1810 = DIRECTION ( 'NONE',  ( -0.000000000000000000, 1.000000000000000000, -0.000000000000000000 ) ) ;
#1811 = PLANE ( 'NONE',  #8835 ) ;
#1812 = DIRECTION ( 'NONE',  ( 0.000000000000000000, 0.000000000000000000, 1.000000000000000000 ) ) ;
#1813 = VECTOR ( 'NONE', #6076, 1000.000000000000000 ) ;
#1814 = PLANE ( 'NONE',  #4618 ) ;
#1815 = LINE ( 'NONE', #6725, #6649 ) ;
#1816 = CARTESIAN_POINT ( 'NONE',  ( -0.7499999999999988898, 2.149999999999999467, 0.7999999999999994893 ) ) ;
#1817 = DIRECTION ( 'NONE',  ( 1.000000000000000000, 0.000000000000000000, -0.000000000000000000 ) ) ;
#1818 = ORIENTED_EDGE ( 'NONE', *, *, #2541, .T. ) ;
#1819 = DIRECTION ( 'NONE',  ( 0.000000000000000000, 0.000000000000000000, -1.000000000000000000 ) ) ;
#1820 = ORIENTED_EDGE ( 'NONE', *, *, #5746, .F. ) ;
#1821 = VECTOR ( 'NONE', #1773, 1000.000000000000000 ) ;
#1822 = ORIENTED_EDGE ( 'NONE', *, *, #454, .F. ) ;
#1823 = VECTOR ( 'NONE', #9862, 1000.000000000000000 ) ;
#1824 = EDGE_CURVE ( 'NONE', #7010, #8649, #3857, .T. ) ;
#1825 = CARTESIAN_POINT ( 'NONE',  ( -4.899999999999999467, 1.800000000000000044, -1.699999999999999067 ) ) ;
#1826 = VECTOR ( 'NONE', #6233, 1000.000000000000000 ) ;
#1827 = DIRECTION ( 'NONE',  ( -0.000000000000000000, -0.000000000000000000, -1.000000000000000000 ) ) ;
#1828 = VECTOR ( 'NONE', #3905, 1000.000000000000000 ) ;
#1829 = PLANE ( 'NONE',  #3407 ) ;
#1830 = VERTEX_POINT ( 'NONE', #1711 ) ;
#1831 = CARTESIAN_POINT ( 'NONE',  ( -4.800000000000002487, 2.400000000000001243, -1.699999999999998623 ) ) ;
#1832 = VECTOR ( 'NONE', #2924, 1000.000000000000000 ) ;
#1833 = DIRECTION ( 'NONE',  ( 0.000000000000000000, 2.168404344971008868E-16, -1.000000000000000000 ) ) ;
#1834 = ORIENTED_EDGE ( 'NONE', *, *, #8548, .F. ) ;
#1835 = VERTEX_POINT ( 'NONE', #9511 ) ;
#1836 = ORIENTED_EDGE ( 'NONE', *, *, #1982, .F. ) ;
#1837 = EDGE_CURVE ( 'NONE', #8418, #6792, #5742, .T. ) ;
#1838 = ORIENTED_EDGE ( 'NONE', *, *, #5280, .T. ) ;
#1839 = LINE ( 'NONE', #4927, #5660 ) ;
#1840 = LINE ( 'NONE', #9840, #8085 ) ;
#1841 = CARTESIAN_POINT ( 'NONE',  ( 3.250000000000032419, 0.6000000000000000888, 5.000000000000000000 ) ) ;
#1842 = LINE ( 'NONE', #1068, #8062 ) ;
#1843 = VERTEX_POINT ( 'NONE', #7917 ) ;
#1844 = DIRECTION ( 'NONE',  ( 0.6365239496641709183, -0.4355163866123237804, 0.6365239496641653671 ) ) ;
#1845 = FACE_OUTER_BOUND ( 'NONE', #506, .T. ) ;
#1846 = ORIENTED_EDGE ( 'NONE', *, *, #6659, .T. ) ;
#1847 = DIRECTION ( 'NONE',  ( 0.000000000000000000, -0.000000000000000000, -1.000000000000000000 ) ) ;
#1848 = ADVANCED_FACE ( 'NONE', ( #9463 ), #9556, .T. ) ;
#1849 = ORIENTED_EDGE ( 'NONE', *, *, #302, .F. ) ;
#1850 = CARTESIAN_POINT ( 'NONE',  ( -3.185323107660495534, 8.000000000000000000, -4.100000000000004086 ) ) ;
#1851 = FACE_OUTER_BOUND ( 'NONE', #2431, .T. ) ;
#1852 = CARTESIAN_POINT ( 'NONE',  ( -1.999999999999998224, 0.000000000000000000, -3.750000000000005329 ) ) ;
#1853 = CARTESIAN_POINT ( 'NONE',  ( 5.200000000000001066, 5.425000000000000711, 2.049999999999999822 ) ) ;
#1854 = CARTESIAN_POINT ( 'NONE',  ( -5.200000000000001066, 4.939999999999999503, 2.049999999999999822 ) ) ;
#1855 = EDGE_LOOP ( 'NONE', ( #2595, #3600, #2042, #637 ) ) ;
#1856 = FACE_OUTER_BOUND ( 'NONE', #10182, .T. ) ;
#1857 = ORIENTED_EDGE ( 'NONE', *, *, #9918, .T. ) ;
#1858 = FACE_OUTER_BOUND ( 'NONE', #1013, .T. ) ;
#1859 = DIRECTION ( 'NONE',  ( 0.000000000000000000, 0.000000000000000000, -1.000000000000000000 ) ) ;
#1860 = AXIS2_PLACEMENT_3D ( 'NONE', #5688, #7961, #3102 ) ;
#1861 = CARTESIAN_POINT ( 'NONE',  ( 3.200000000000000622, 4.800000000000001599, 0.7999999999999994893 ) ) ;
#1862 = VECTOR ( 'NONE', #3537, 1000.000000000000000 ) ;
#1863 = CARTESIAN_POINT ( 'NONE',  ( 3.250000000000001332, 2.149999999999999467, 0.7999999999999994893 ) ) ;
#1864 = DIRECTION ( 'NONE',  ( 0.000000000000000000, 0.000000000000000000, 1.000000000000000000 ) ) ;
#1865 = EDGE_CURVE ( 'NONE', #8782, #8821, #5588, .T. ) ;
#1866 = EDGE_CURVE ( 'NONE', #1260, #5625, #2334, .T. ) ;
#1867 = FACE_OUTER_BOUND ( 'NONE', #2469, .T. ) ;
#1868 = CARTESIAN_POINT ( 'NONE',  ( 3.772308208846843591, 0.1737340227467782938, -4.955825511739106126 ) ) ;
#1869 = ORIENTED_EDGE ( 'NONE', *, *, #8295, .T. ) ;
#1870 = LINE ( 'NONE', #4270, #7726 ) ;
#1871 = ORIENTED_EDGE ( 'NONE', *, *, #2242, .T. ) ;
#1872 = VECTOR ( 'NONE', #6767, 1000.000000000000000 ) ;
#1873 = ORIENTED_EDGE ( 'NONE', *, *, #8887, .F. ) ;
#1874 = VECTOR ( 'NONE', #305, 1000.000000000000000 ) ;
#1875 = EDGE_LOOP ( 'NONE', ( #929, #3959, #651, #3987 ) ) ;
#1876 = EDGE_CURVE ( 'NONE', #1064, #5745, #8885, .T. ) ;
#1877 = LINE ( 'NONE', #5026, #7119 ) ;
#1878 = VECTOR ( 'NONE', #2807, 1000.000000000000000 ) ;
#1879 = DIRECTION ( 'NONE',  ( 0.000000000000000000, -1.084202172485504434E-15, -1.000000000000000000 ) ) ;
#1880 = ORIENTED_EDGE ( 'NONE', *, *, #1520, .F. ) ;
#1881 = DIRECTION ( 'NONE',  ( 0.000000000000000000, 0.000000000000000000, -1.000000000000000000 ) ) ;
#1882 = LINE ( 'NONE', #336, #2949 ) ;
#1883 = EDGE_LOOP ( 'NONE', ( #2161, #660, #4679, #6803 ) ) ;
#1884 = ORIENTED_EDGE ( 'NONE', *, *, #995, .T. ) ;
#1885 = VECTOR ( 'NONE', #7282, 1000.000000000000000 ) ;
#1886 = ORIENTED_EDGE ( 'NONE', *, *, #9330, .T. ) ;
#1887 = ORIENTED_EDGE ( 'NONE', *, *, #4236, .T. ) ;
#1888 = FACE_OUTER_BOUND ( 'NONE', #9333, .T. ) ;
#1889 = CARTESIAN_POINT ( 'NONE',  ( 4.800000000000000711, 5.325000000000001954, 3.899999999999999911 ) ) ;
#1890 = FACE_OUTER_BOUND ( 'NONE', #7373, .T. ) ;
#1891 = CARTESIAN_POINT ( 'NONE',  ( -4.800000000000000711, 3.400000000000000355, 1.999999999999999556 ) ) ;
#1892 = ORIENTED_EDGE ( 'NONE', *, *, #8225, .F. ) ;
#1893 = DIRECTION ( 'NONE',  ( 1.000000000000000000, 0.000000000000000000, -0.000000000000000000 ) ) ;
#1894 = PLANE ( 'NONE',  #6175 ) ;
#1895 = EDGE_LOOP ( 'NONE', ( #5696, #3709, #4715, #9282, #4173, #7838, #8241 ) ) ;
#1896 = VERTEX_POINT ( 'NONE', #5694 ) ;
#1897 = CARTESIAN_POINT ( 'NONE',  ( 4.800000000000000711, 2.400000000000001243, -1.699999999999999734 ) ) ;
#1898 = CARTESIAN_POINT ( 'NONE',  ( 4.350000000000004086, 4.950000000000001954, -3.200000000000000178 ) ) ;
#1899 = DIRECTION ( 'NONE',  ( 0.000000000000000000, 0.000000000000000000, -1.000000000000000000 ) ) ;
#1900 = DIRECTION ( 'NONE',  ( 0.000000000000000000, 0.000000000000000000, 1.000000000000000000 ) ) ;
#1901 = PRESENTATION_LAYER_ASSIGNMENT (  '', '', ( #6413 ) ) ;
#1902 = LINE ( 'NONE', #1126, #7612 ) ;
#1903 = DIRECTION ( 'NONE',  ( 3.336006684570783101E-16, 0.000000000000000000, -1.000000000000000000 ) ) ;
#1904 = EDGE_CURVE ( 'NONE', #6996, #9244, #2430, .T. ) ;
#1905 = ADVANCED_FACE ( 'NONE', ( #6466 ), #5540, .F. ) ;
#1906 = ORIENTED_EDGE ( 'NONE', *, *, #1785, .F. ) ;
#1907 = DIRECTION ( 'NONE',  ( 0.000000000000000000, -1.000000000000000000, 0.000000000000000000 ) ) ;
#1908 = ORIENTED_EDGE ( 'NONE', *, *, #4977, .F. ) ;
#1909 = PLANE ( 'NONE',  #4386 ) ;
#1910 = CARTESIAN_POINT ( 'NONE',  ( 4.800000000000000711, 5.500000000000000888, 3.725000000000000533 ) ) ;
#1911 = DIRECTION ( 'NONE',  ( -1.000000000000000000, 0.000000000000000000, 0.000000000000000000 ) ) ;
#1912 = FACE_OUTER_BOUND ( 'NONE', #1398, .T. ) ;
#1913 = FACE_OUTER_BOUND ( 'NONE', #2394, .T. ) ;
#1914 = PLANE ( 'NONE',  #8948 ) ;
#1915 = VECTOR ( 'NONE', #6737, 1000.000000000000000 ) ;
#1916 = LINE ( 'NONE', #9090, #3491 ) ;
#1917 = ORIENTED_EDGE ( 'NONE', *, *, #4593, .F. ) ;
#1918 = CARTESIAN_POINT ( 'NONE',  ( -3.026055542458622405, 2.349999999999999645, -4.100000000000004086 ) ) ;
#1919 = ORIENTED_EDGE ( 'NONE', *, *, #8738, .F. ) ;
#1920 = EDGE_CURVE ( 'NONE', #2523, #9406, #8695, .T. ) ;
#1921 = EDGE_LOOP ( 'NONE', ( #5173, #5361, #4739, #3747, #33, #7348, #7610, #9795, #9184, #456, #7680, #9430, #1461, #2711, #8296, #1857 ) ) ;
#1922 = EDGE_CURVE ( 'NONE', #7310, #3873, #1562, .T. ) ;
#1923 = ORIENTED_EDGE ( 'NONE', *, *, #6976, .T. ) ;
#1924 = EDGE_CURVE ( 'NONE', #7907, #4945, #2533, .T. ) ;
#1925 = VECTOR ( 'NONE', #5983, 1000.000000000000000 ) ;
#1926 = DIRECTION ( 'NONE',  ( -1.000000000000000000, -0.000000000000000000, -0.000000000000000000 ) ) ;
#1927 = UNCERTAINTY_MEASURE_WITH_UNIT (LENGTH_MEASURE( 1.000000000000000082E-05 ), #1371, 'distance_accuracy_value', 'NONE');
#1928 = DIRECTION ( 'NONE',  ( -0.3236155771181821184, 0.3236155771181821184, -0.8891264907159901476 ) ) ;
#1929 = LINE ( 'NONE', #6478, #3749 ) ;
#1930 = ORIENTED_EDGE ( 'NONE', *, *, #901, .F. ) ;
#1931 = FILL_AREA_STYLE ('',( #9776 ) ) ;
#1932 = DIRECTION ( 'NONE',  ( 0.000000000000000000, 0.000000000000000000, 1.000000000000000000 ) ) ;
#1933 = EDGE_LOOP ( 'NONE', ( #2356, #326, #8107, #135 ) ) ;
#1934 = AXIS2_PLACEMENT_3D ( 'NONE', #2660, #1733, #4928 ) ;
#1935 = ORIENTED_EDGE ( 'NONE', *, *, #9298, .F. ) ;
#1936 = EDGE_CURVE ( 'NONE', #1158, #9158, #1612, .T. ) ;
#1937 = ADVANCED_FACE ( 'NONE', ( #7133 ), #19, .F. ) ;
#1938 = ORIENTED_EDGE ( 'NONE', *, *, #7998, .F. ) ;
#1939 = ORIENTED_EDGE ( 'NONE', *, *, #6923, .F. ) ;
#1940 = VECTOR ( 'NONE', #8737, 1000.000000000000000 ) ;
#1941 = DIRECTION ( 'NONE',  ( -1.000000000000000000, -0.000000000000000000, -0.000000000000000000 ) ) ;
#1942 = FACE_OUTER_BOUND ( 'NONE', #1875, .T. ) ;
#1943 = DIRECTION ( 'NONE',  ( 0.000000000000000000, 0.9063077870366496036, 0.4226182617406999964 ) ) ;
#1944 = CARTESIAN_POINT ( 'NONE',  ( -4.800000000000000711, 5.470710678118654968, 1.647132034355962338 ) ) ;
#1945 = VERTEX_POINT ( 'NONE', #4795 ) ;
#1946 = DIRECTION ( 'NONE',  ( -3.336006684570783101E-16, -0.000000000000000000, 1.000000000000000000 ) ) ;
#1947 = LINE ( 'NONE', #1221, #5843 ) ;
#1948 = EDGE_LOOP ( 'NONE', ( #754, #7036, #1295, #5533 ) ) ;
#1949 = VECTOR ( 'NONE', #5926, 1000.000000000000000 ) ;
#1950 = ORIENTED_EDGE ( 'NONE', *, *, #1146, .T. ) ;
#1951 = LINE ( 'NONE', #6804, #6557 ) ;
#1952 = EDGE_CURVE ( 'NONE', #537, #2751, #7968, .T. ) ;
#1953 = DIRECTION ( 'NONE',  ( 6.133173666733482747E-16, 0.7071067811865459074, 0.7071067811865491270 ) ) ;
#1954 = LINE ( 'NONE', #1797, #61 ) ;
#1955 = LINE ( 'NONE', #1030, #1770 ) ;
#1956 = DIRECTION ( 'NONE',  ( 1.000000000000000000, -0.000000000000000000, -0.000000000000000000 ) ) ;
#1957 = ORIENTED_EDGE ( 'NONE', *, *, #8993, .F. ) ;
#1958 = CARTESIAN_POINT ( 'NONE',  ( 2.850000000000000089, 4.850000000000000533, -3.200000000000000178 ) ) ;
#1959 = DIRECTION ( 'NONE',  ( -0.6336872742246412171, 0.4437126062796610815, 0.6336872742246404400 ) ) ;
#1960 = AXIS2_PLACEMENT_3D ( 'NONE', #8847, #76, #3221 ) ;
#1961 = AXIS2_PLACEMENT_3D ( 'NONE', #3687, #2220, #6243 ) ;
#1962 = ADVANCED_FACE ( 'NONE', ( #8016 ), #3318, .T. ) ;
#1963 = DIRECTION ( 'NONE',  ( -0.000000000000000000, 1.000000000000000000, -0.000000000000000000 ) ) ;
#1964 = EDGE_CURVE ( 'NONE', #7051, #404, #8840, .T. ) ;
#1965 = DIRECTION ( 'NONE',  ( 0.9659258262890690894, -0.2588190451025180194, -3.169619151431732277E-17 ) ) ;
#1966 = CARTESIAN_POINT ( 'NONE',  ( -0.6249999999999998890, 4.700000000000000178, -0.2500000000000001665 ) ) ;
#1967 = VECTOR ( 'NONE', #3328, 1000.000000000000000 ) ;
#1968 = CARTESIAN_POINT ( 'NONE',  ( 0.6250000000000001110, 5.000000000000000000, -2.200000000000000178 ) ) ;
#1969 = CARTESIAN_POINT ( 'NONE',  ( -5.200000000000001066, 5.470710678118654968, 0.8971320343559638921 ) ) ;
#1970 = DIRECTION ( 'NONE',  ( -1.000000000000000000, -0.000000000000000000, -0.000000000000000000 ) ) ;
#1971 = VECTOR ( 'NONE', #5168, 1000.000000000000000 ) ;
#1972 = CARTESIAN_POINT ( 'NONE',  ( 3.252632489217786915, 2.350000000000001421, -4.244345434564827713 ) ) ;
#1973 = VERTEX_POINT ( 'NONE', #1661 ) ;
#1974 = DIRECTION ( 'NONE',  ( -1.000000000000000000, 1.239088197126288302E-15, 0.000000000000000000 ) ) ;
#1975 = ORIENTED_EDGE ( 'NONE', *, *, #3101, .T. ) ;
#1976 = VERTEX_POINT ( 'NONE', #4851 ) ;
#1977 = AXIS2_PLACEMENT_3D ( 'NONE', #8727, #9650, #1596 ) ;
#1978 = ORIENTED_EDGE ( 'NONE', *, *, #6461, .F. ) ;
#1979 = AXIS2_PLACEMENT_3D ( 'NONE', #5970, #507, #9018 ) ;
#1980 = EDGE_CURVE ( 'NONE', #2821, #5856, #884, .T. ) ;
#1981 = CARTESIAN_POINT ( 'NONE',  ( 5.200000000000001066, 5.425000000000000711, 3.000000000000000444 ) ) ;
#1982 = EDGE_CURVE ( 'NONE', #8035, #1034, #2640, .T. ) ;
#1983 = CARTESIAN_POINT ( 'NONE',  ( 3.764267565201870891, 0.7500000000000014433, -5.000000000000000000 ) ) ;
#1984 = DIRECTION ( 'NONE',  ( 0.000000000000000000, 1.000000000000000000, 0.000000000000000000 ) ) ;
#1985 = VERTEX_POINT ( 'NONE', #8941 ) ;
#1986 = CARTESIAN_POINT ( 'NONE',  ( 3.827974591282619965, 0.000000000000000000, -4.650000000000000355 ) ) ;
#1987 = FACE_OUTER_BOUND ( 'NONE', #9749, .T. ) ;
#1988 = ORIENTED_EDGE ( 'NONE', *, *, #9494, .F. ) ;
#1989 = ORIENTED_EDGE ( 'NONE', *, *, #1746, .F. ) ;
#1990 = ORIENTED_EDGE ( 'NONE', *, *, #8901, .T. ) ;
#1991 = VECTOR ( 'NONE', #9387, 1000.000000000000000 ) ;
#1992 = EDGE_LOOP ( 'NONE', ( #914, #2852, #6002, #7254 ) ) ;
#1993 =( GEOMETRIC_REPRESENTATION_CONTEXT ( 3 ) GLOBAL_UNCERTAINTY_ASSIGNED_CONTEXT ( ( #3802 ) ) GLOBAL_UNIT_ASSIGNED_CONTEXT ( ( #185, #3969, #9478 ) ) REPRESENTATION_CONTEXT ( 'NONE', 'WORKASPACE' ) );
#1994 = DIRECTION ( 'NONE',  ( 0.000000000000000000, 0.000000000000000000, -1.000000000000000000 ) ) ;
#1995 = CARTESIAN_POINT ( 'NONE',  ( 6.000000000000000000, 0.3499999999999999778, -4.650000000000000355 ) ) ;
#1996 = FACE_OUTER_BOUND ( 'NONE', #6757, .T. ) ;
#1997 = DIRECTION ( 'NONE',  ( 0.4975428121645297797, 0.4975428121645240620, 0.7105647754616243317 ) ) ;
#1998 = EDGE_CURVE ( 'NONE', #5032, #8495, #994, .T. ) ;
#1999 = ORIENTED_EDGE ( 'NONE', *, *, #3312, .T. ) ;
#2000 = CYLINDRICAL_SURFACE ( 'NONE', #4820, 0.1000000000000018929 ) ;
#2001 = EDGE_CURVE ( 'NONE', #6630, #7829, #8221, .T. ) ;
#2002 = CARTESIAN_POINT ( 'NONE',  ( 3.250000000000032419, 0.6000000000000000888, 5.000000000000000000 ) ) ;
#2003 = ORIENTED_EDGE ( 'NONE', *, *, #10102, .F. ) ;
#2004 = VECTOR ( 'NONE', #1544, 1000.000000000000000 ) ;
#2005 = VECTOR ( 'NONE', #4382, 1000.000000000000000 ) ;
#2006 = EDGE_LOOP ( 'NONE', ( #2535, #1727, #4865, #8330, #6221, #639, #6903, #2977 ) ) ;
#2007 = CARTESIAN_POINT ( 'NONE',  ( 5.305000000000000604, 0.4000000000000010769, -4.896446609406726047 ) ) ;
#2008 = LINE ( 'NONE', #6084, #7947 ) ;
#2009 = DIRECTION ( 'NONE',  ( 0.5773502691896248429, -0.5773502691896295058, 0.5773502691896228445 ) ) ;
#2010 = VECTOR ( 'NONE', #9545, 1000.000000000000000 ) ;
#2011 = CARTESIAN_POINT ( 'NONE',  ( -5.242388108189161677, -0.8778098156693483478, -1.104147497287754520 ) ) ;
#2012 = DIRECTION ( 'NONE',  ( 0.000000000000000000, -1.548860246407863829E-16, 1.000000000000000000 ) ) ;
#2013 = DIRECTION ( 'NONE',  ( 0.000000000000000000, 0.000000000000000000, 1.000000000000000000 ) ) ;
#2014 = ORIENTED_EDGE ( 'NONE', *, *, #8852, .T. ) ;
#2015 = DIRECTION ( 'NONE',  ( -1.000000000000000000, 0.000000000000000000, -0.000000000000000000 ) ) ;
#2016 = CARTESIAN_POINT ( 'NONE',  ( 5.200000000000001066, 5.425000000000000711, 1.974999999999999867 ) ) ;
#2017 = EDGE_CURVE ( 'NONE', #1327, #2148, #223, .T. ) ;
#2018 = CARTESIAN_POINT ( 'NONE',  ( -0.9999999999999991118, 3.699999999999998845, -3.049999999999999378 ) ) ;
#2019 = FACE_OUTER_BOUND ( 'NONE', #3069, .T. ) ;
#2020 = DIRECTION ( 'NONE',  ( 0.000000000000000000, 0.7071067811865434649, 0.7071067811865515695 ) ) ;
#2021 = CARTESIAN_POINT ( 'NONE',  ( -3.579947964062490051, 0.8037242644408379988, -4.946275735559161113 ) ) ;
#2022 = DIRECTION ( 'NONE',  ( 0.000000000000000000, 0.000000000000000000, -1.000000000000000000 ) ) ;
#2023 = FACE_OUTER_BOUND ( 'NONE', #6751, .T. ) ;
#2024 = CARTESIAN_POINT ( 'NONE',  ( 3.605000070550467672, 0.2905905077850188811, -4.999999889257942698 ) ) ;
#2025 = EDGE_CURVE ( 'NONE', #5955, #6514, #9712, .T. ) ;
#2026 = EDGE_LOOP ( 'NONE', ( #6381, #4226, #9385, #3812 ) ) ;
#2027 = DIRECTION ( 'NONE',  ( 0.000000000000000000, -1.000000000000000000, 0.000000000000000000 ) ) ;
#2028 = ORIENTED_EDGE ( 'NONE', *, *, #1434, .F. ) ;
#2029 = VECTOR ( 'NONE', #4004, 1000.000000000000000 ) ;
#2030 = VERTEX_POINT ( 'NONE', #3586 ) ;
#2031 = LINE ( 'NONE', #3544, #1201 ) ;
#2032 = PRESENTATION_LAYER_ASSIGNMENT (  '', '', ( #5384 ) ) ;
#2033 = DIRECTION ( 'NONE',  ( 0.000000000000000000, 0.000000000000000000, -1.000000000000000000 ) ) ;
#2034 = VERTEX_POINT ( 'NONE', #9763 ) ;
#2035 = VECTOR ( 'NONE', #522, 1000.000000000000000 ) ;
#2036 = EDGE_CURVE ( 'NONE', #3441, #8599, #1045, .T. ) ;
#2037 = CARTESIAN_POINT ( 'NONE',  ( 4.800000000000000711, 5.500000000000001776, 1.974999999999999423 ) ) ;
#2038 = EDGE_CURVE ( 'NONE', #2241, #1092, #7833, .T. ) ;
#2039 = ORIENTED_EDGE ( 'NONE', *, *, #5203, .F. ) ;
#2040 = AXIS2_PLACEMENT_3D ( 'NONE', #7597, #3629, #5371 ) ;
#2041 = CARTESIAN_POINT ( 'NONE',  ( 3.333333333333326376, 3.633333333333338189, 0.1666666666666808405 ) ) ;
#2042 = ORIENTED_EDGE ( 'NONE', *, *, #1025, .T. ) ;
#2043 = ORIENTED_EDGE ( 'NONE', *, *, #7925, .F. ) ;
#2044 = VECTOR ( 'NONE', #5879, 1000.000000000000000 ) ;
#2045 = VERTEX_POINT ( 'NONE', #8174 ) ;
#2046 = AXIS2_PLACEMENT_3D ( 'NONE', #4065, #841, #4014 ) ;
#2047 = DIRECTION ( 'NONE',  ( -0.000000000000000000, 0.000000000000000000, -1.000000000000000000 ) ) ;
#2048 = CARTESIAN_POINT ( 'NONE',  ( 1.250000000000032419, 0.2000000000000000111, 2.400000000000000355 ) ) ;
#2049 = DIRECTION ( 'NONE',  ( 0.000000000000000000, -1.000000000000000000, 0.000000000000000000 ) ) ;
#2050 = FILL_AREA_STYLE_COLOUR ( '', #3053 ) ;
#2051 = ORIENTED_EDGE ( 'NONE', *, *, #2427, .T. ) ;
#2052 = FILL_AREA_STYLE ('',( #7527 ) ) ;
#2053 = CARTESIAN_POINT ( 'NONE',  ( 0.7500000000000006661, 2.649999999999999911, -2.300000000000000266 ) ) ;
#2054 = ORIENTED_EDGE ( 'NONE', *, *, #10052, .F. ) ;
#2055 = VECTOR ( 'NONE', #8205, 999.9999999999998863 ) ;
#2056 = VECTOR ( 'NONE', #8121, 1000.000000000000000 ) ;
#2057 = EDGE_CURVE ( 'NONE', #1266, #3852, #422, .T. ) ;
#2058 = ORIENTED_EDGE ( 'NONE', *, *, #7124, .F. ) ;
#2059 = EDGE_CURVE ( 'NONE', #9752, #1626, #276, .T. ) ;
#2060 = CARTESIAN_POINT ( 'NONE',  ( -0.6250000000000001110, 5.000000000000000000, -2.200000000000000178 ) ) ;
#2061 = LINE ( 'NONE', #5362, #2129 ) ;
#2062 = DIRECTION ( 'NONE',  ( -0.000000000000000000, 1.000000000000000000, -0.000000000000000000 ) ) ;
#2063 =( NAMED_UNIT ( * ) SI_UNIT ( $, .STERADIAN. ) SOLID_ANGLE_UNIT ( ) );
#2064 = CARTESIAN_POINT ( 'NONE',  ( -4.800000000000000711, 3.400000000000000355, 1.999999999999999556 ) ) ;
#2065 = DIRECTION ( 'NONE',  ( 1.000000000000000000, 0.000000000000000000, 0.000000000000000000 ) ) ;
#2066 = ORIENTED_EDGE ( 'NONE', *, *, #10053, .T. ) ;
#2067 = CARTESIAN_POINT ( 'NONE',  ( -1.670464110799120716, 0.000000000000000000, -0.02320384353127159446 ) ) ;
#2068 = DIRECTION ( 'NONE',  ( -1.000000000000000000, 0.000000000000000000, 1.463502621998718671E-15 ) ) ;
#2069 = ADVANCED_FACE ( 'NONE', ( #322 ), #4286, .T. ) ;
#2070 = LINE ( 'NONE', #5161, #2201 ) ;
#2071 = DIRECTION ( 'NONE',  ( 0.000000000000000000, -1.000000000000000000, 0.000000000000000000 ) ) ;
#2072 = FACE_OUTER_BOUND ( 'NONE', #7534, .T. ) ;
#2073 = PLANE ( 'NONE',  #3281 ) ;
#2074 = DIRECTION ( 'NONE',  ( -1.000000000000000000, 0.000000000000000000, 0.000000000000000000 ) ) ;
#2075 = CARTESIAN_POINT ( 'NONE',  ( -3.811249408101436309, -1.084202172485504434E-16, -4.741886475849479865 ) ) ;
#2076 = DIRECTION ( 'NONE',  ( 2.224004456380521903E-16, -1.000000000000000000, 0.000000000000000000 ) ) ;
#2077 = ORIENTED_EDGE ( 'NONE', *, *, #5266, .T. ) ;
#2078 = FACE_OUTER_BOUND ( 'NONE', #2513, .T. ) ;
#2079 = AXIS2_PLACEMENT_3D ( 'NONE', #3222, #3121, #7837 ) ;
#2080 = VERTEX_POINT ( 'NONE', #6727 ) ;
#2081 = ORIENTED_EDGE ( 'NONE', *, *, #5146, .T. ) ;
#2082 = CARTESIAN_POINT ( 'NONE',  ( 0.8591910702798614130, 2.649999999999999911, -2.300000000000000266 ) ) ;
#2083 = DIRECTION ( 'NONE',  ( 0.000000000000000000, -3.097720492815727659E-16, 1.000000000000000000 ) ) ;
#2084 = CARTESIAN_POINT ( 'NONE',  ( 2.750000000000031974, 1.300000000000000266, 3.899999999999999911 ) ) ;
#2085 = ORIENTED_EDGE ( 'NONE', *, *, #5045, .F. ) ;
#2086 = CARTESIAN_POINT ( 'NONE',  ( 2.750000000000000888, 2.649999999999999911, 0.7999999999999994893 ) ) ;
#2087 = ORIENTED_EDGE ( 'NONE', *, *, #2658, .T. ) ;
#2088 = CARTESIAN_POINT ( 'NONE',  ( 1.449999999999999512, 3.949999999999999734, -2.600000000000003197 ) ) ;
#2089 = ORIENTED_EDGE ( 'NONE', *, *, #1677, .T. ) ;
#2090 = ORIENTED_EDGE ( 'NONE', *, *, #6290, .T. ) ;
#2091 = ORIENTED_EDGE ( 'NONE', *, *, #945, .T. ) ;
#2092 = EDGE_CURVE ( 'NONE', #9536, #9932, #1916, .T. ) ;
#2093 = EDGE_CURVE ( 'NONE', #2758, #2034, #8119, .T. ) ;
#2094 = PLANE ( 'NONE',  #1300 ) ;
#2095 = SURFACE_STYLE_USAGE ( .BOTH. , #2870 ) ;
#2096 = FACE_OUTER_BOUND ( 'NONE', #7557, .T. ) ;
#2097 = VECTOR ( 'NONE', #8042, 1000.000000000000000 ) ;
#2098 = DIRECTION ( 'NONE',  ( 0.000000000000000000, -1.000000000000000000, 0.000000000000000000 ) ) ;
#2099 = ORIENTED_EDGE ( 'NONE', *, *, #1837, .T. ) ;
#2100 = CARTESIAN_POINT ( 'NONE',  ( -5.200000000000001066, 5.394289321881345245, 0.8207106781186550570 ) ) ;
#2101 = ORIENTED_EDGE ( 'NONE', *, *, #2057, .F. ) ;
#2102 = ORIENTED_EDGE ( 'NONE', *, *, #3623, .F. ) ;
#2103 = ORIENTED_EDGE ( 'NONE', *, *, #7615, .T. ) ;
#2104 = FACE_OUTER_BOUND ( 'NONE', #4753, .T. ) ;
#2105 = CARTESIAN_POINT ( 'NONE',  ( -0.6250000000000000000, 4.933076923076924025, -1.345384615384614957 ) ) ;
#2106 = CARTESIAN_POINT ( 'NONE',  ( -5.200000000000001066, 5.500000000000001776, 1.974999999999999423 ) ) ;
#2107 = EDGE_CURVE ( 'NONE', #766, #7969, #7717, .T. ) ;
#2108 =( NAMED_UNIT ( * ) PLANE_ANGLE_UNIT ( ) SI_UNIT ( $, .RADIAN. ) );
#2109 = ORIENTED_EDGE ( 'NONE', *, *, #3324, .T. ) ;
#2110 = EDGE_CURVE ( 'NONE', #746, #6172, #2944, .T. ) ;
#2111 = DIRECTION ( 'NONE',  ( 1.000000000000000000, -0.000000000000000000, -0.000000000000000000 ) ) ;
#2112 = VERTEX_POINT ( 'NONE', #9403 ) ;
#2113 = VECTOR ( 'NONE', #7902, 1000.000000000000000 ) ;
#2114 = CARTESIAN_POINT ( 'NONE',  ( -4.800000000000000711, 2.400000000000000355, 3.700000000000000178 ) ) ;
#2115 = FACE_OUTER_BOUND ( 'NONE', #9833, .T. ) ;
#2116 = CARTESIAN_POINT ( 'NONE',  ( 5.007179676972450366, -2.972161292830653933E-16, 0.9134769367380000116 ) ) ;
#2117 = CARTESIAN_POINT ( 'NONE',  ( -5.054999999999997939, 0.4000000000000000222, -3.599999999999993427 ) ) ;
#2118 = FACE_OUTER_BOUND ( 'NONE', #7881, .T. ) ;
#2119 = FACE_OUTER_BOUND ( 'NONE', #1933, .T. ) ;
#2120 = DIRECTION ( 'NONE',  ( 0.000000000000000000, 0.000000000000000000, 1.000000000000000000 ) ) ;
#2121 = PLANE ( 'NONE',  #9277 ) ;
#2122 = EDGE_CURVE ( 'NONE', #5643, #4800, #8430, .T. ) ;
#2123 = CARTESIAN_POINT ( 'NONE',  ( 6.000000000000000000, 0.3499999999999999778, -5.000000000000000000 ) ) ;
#2124 = EDGE_CURVE ( 'NONE', #7741, #703, #10123, .T. ) ;
#2125 = EDGE_CURVE ( 'NONE', #9158, #7004, #635, .T. ) ;
#2126 = ORIENTED_EDGE ( 'NONE', *, *, #3642, .T. ) ;
#2127 = CARTESIAN_POINT ( 'NONE',  ( 5.200000000000001066, 5.470710678118654968, 0.8971320343559638921 ) ) ;
#2128 = ORIENTED_EDGE ( 'NONE', *, *, #3230, .T. ) ;
#2129 = VECTOR ( 'NONE', #4365, 1000.000000000000000 ) ;
#2130 = VECTOR ( 'NONE', #6114, 1000.000000000000000 ) ;
#2131 = VECTOR ( 'NONE', #4351, 1000.000000000000000 ) ;
#2132 = ORIENTED_EDGE ( 'NONE', *, *, #1423, .F. ) ;
#2133 = DIRECTION ( 'NONE',  ( 0.000000000000000000, 1.000000000000000000, 0.000000000000000000 ) ) ;
#2134 = VECTOR ( 'NONE', #5651, 1000.000000000000000 ) ;
#2135 = VECTOR ( 'NONE', #6770, 1000.000000000000114 ) ;
#2136 = LINE ( 'NONE', #8492, #5487 ) ;
#2137 = CARTESIAN_POINT ( 'NONE',  ( -4.800000000000000711, 2.400000000000000355, 3.700000000000000178 ) ) ;
#2138 = VERTEX_POINT ( 'NONE', #7019 ) ;
#2139 = LINE ( 'NONE', #7823, #3659 ) ;
#2140 = PLANE ( 'NONE',  #9262 ) ;
#2141 = ORIENTED_EDGE ( 'NONE', *, *, #2729, .F. ) ;
#2142 = FACE_OUTER_BOUND ( 'NONE', #4559, .T. ) ;
#2143 = ORIENTED_EDGE ( 'NONE', *, *, #2107, .F. ) ;
#2144 = AXIS2_PLACEMENT_3D ( 'NONE', #694, #6836, #641 ) ;
#2145 = EDGE_CURVE ( 'NONE', #4819, #7360, #8380, .T. ) ;
#2146 = EDGE_LOOP ( 'NONE', ( #1577, #866, #7000, #1311 ) ) ;
#2147 = VECTOR ( 'NONE', #5991, 1000.000000000000000 ) ;
#2148 = VERTEX_POINT ( 'NONE', #1242 ) ;
#2149 = DIRECTION ( 'NONE',  ( 0.000000000000000000, -1.000000000000000000, 2.759533940951752967E-15 ) ) ;
#2150 = DIRECTION ( 'NONE',  ( 0.000000000000000000, 0.000000000000000000, 1.000000000000000000 ) ) ;
#2151 = CARTESIAN_POINT ( 'NONE',  ( 3.026055542458624625, 0.9000000000000005773, -4.100000000000003197 ) ) ;
#2152 = VECTOR ( 'NONE', #3123, 1000.000000000000114 ) ;
#2153 = CLOSED_SHELL ( 'NONE', ( #5249, #9920, #6728, #1120, #9856, #6782, #8026, #5536, #1807, #5544 ) ) ;
#2154 = CARTESIAN_POINT ( 'NONE',  ( 5.200000000000001066, 5.500000000000001776, 1.717842712474617173 ) ) ;
#2155 = ORIENTED_EDGE ( 'NONE', *, *, #4105, .F. ) ;
#2156 = CARTESIAN_POINT ( 'NONE',  ( -4.800000000000002487, 2.400000000000001243, -1.699999999999998623 ) ) ;
#2157 = ORIENTED_EDGE ( 'NONE', *, *, #2616, .F. ) ;
#2158 = ORIENTED_EDGE ( 'NONE', *, *, #2222, .T. ) ;
#2159 = ADVANCED_FACE ( 'NONE', ( #5378 ), #5331, .T. ) ;
#2160 = AXIS2_PLACEMENT_3D ( 'NONE', #488, #9156, #9004 ) ;
#2161 = ORIENTED_EDGE ( 'NONE', *, *, #6340, .T. ) ;
#2162 = VECTOR ( 'NONE', #4845, 1000.000000000000000 ) ;
#2163 = CARTESIAN_POINT ( 'NONE',  ( 1.000000000000000000, 4.400000000000000355, 0.7999999999999994893 ) ) ;
#2164 = LINE ( 'NONE', #6807, #1264 ) ;
#2165 = EDGE_LOOP ( 'NONE', ( #224, #3945, #4460, #1957 ) ) ;
#2166 = FACE_OUTER_BOUND ( 'NONE', #3185, .T. ) ;
#2167 = ORIENTED_EDGE ( 'NONE', *, *, #9297, .T. ) ;
#2168 = CARTESIAN_POINT ( 'NONE',  ( -4.366666666666669805, 5.933333333333334458, 3.266666666666668828 ) ) ;
#2169 = VECTOR ( 'NONE', #6029, 1000.000000000000000 ) ;
#2170 = EDGE_CURVE ( 'NONE', #7139, #9122, #6877, .T. ) ;
#2171 = DIRECTION ( 'NONE',  ( 0.000000000000000000, -0.7071067811865385799, 0.7071067811865565655 ) ) ;
#2172 = AXIS2_PLACEMENT_3D ( 'NONE', #521, #7650, #3682 ) ;
#2173 = DIRECTION ( 'NONE',  ( 1.000000000000000000, -0.000000000000000000, -0.000000000000000000 ) ) ;
#2174 = DIRECTION ( 'NONE',  ( -1.000000000000000000, 0.000000000000000000, 0.000000000000000000 ) ) ;
#2175 = DIRECTION ( 'NONE',  ( 0.4226182617407019948, 0.000000000000000000, 0.9063077870366487154 ) ) ;
#2176 = DIRECTION ( 'NONE',  ( -1.000000000000000000, 0.000000000000000000, 0.000000000000000000 ) ) ;
#2177 = DIRECTION ( 'NONE',  ( 0.000000000000000000, 0.000000000000000000, 1.000000000000000000 ) ) ;
#2178 = CARTESIAN_POINT ( 'NONE',  ( -6.000000000000000000, 2.750000000000001332, -3.200000000000000178 ) ) ;
#2179 = ORIENTED_EDGE ( 'NONE', *, *, #1166, .T. ) ;
#2180 = CARTESIAN_POINT ( 'NONE',  ( 4.200000000000000178, 0.9000000000000004663, 0.7999999999999994893 ) ) ;
#2181 = VERTEX_POINT ( 'NONE', #4588 ) ;
#2182 = EDGE_CURVE ( 'NONE', #5094, #2148, #9972, .T. ) ;
#2183 = VERTEX_POINT ( 'NONE', #1294 ) ;
#2184 = DIRECTION ( 'NONE',  ( -0.000000000000000000, -0.000000000000000000, -1.000000000000000000 ) ) ;
#2185 = ADVANCED_FACE ( 'NONE', ( #3637 ), #7762, .T. ) ;
#2186 = DIRECTION ( 'NONE',  ( -0.000000000000000000, -0.000000000000000000, 1.000000000000000000 ) ) ;
#2187 = CARTESIAN_POINT ( 'NONE',  ( -5.200000000000001954, 5.500000000000000888, -1.699999999999997735 ) ) ;
#2188 = ORIENTED_EDGE ( 'NONE', *, *, #8077, .T. ) ;
#2189 = CARTESIAN_POINT ( 'NONE',  ( 6.000000000000000000, 4.700000000000000178, 0.1000000000000000472 ) ) ;
#2190 = CARTESIAN_POINT ( 'NONE',  ( 0.6250000000000001110, 4.400000000000000355, -0.2500000000000002220 ) ) ;
#2191 = ORIENTED_EDGE ( 'NONE', *, *, #774, .T. ) ;
#2192 = DIRECTION ( 'NONE',  ( 0.000000000000000000, -1.000000000000000000, 0.000000000000000000 ) ) ;
#2193 = ORIENTED_EDGE ( 'NONE', *, *, #934, .F. ) ;
#2194 = VERTEX_POINT ( 'NONE', #7662 ) ;
#2195 = ORIENTED_EDGE ( 'NONE', *, *, #1998, .F. ) ;
#2196 = EDGE_CURVE ( 'NONE', #6467, #1069, #3742, .T. ) ;
#2197 = COLOUR_RGB ( '',0.7921568627450980005, 0.8196078431372548767, 0.9333333333333333481 ) ;
#2198 = DIRECTION ( 'NONE',  ( 0.000000000000000000, 1.000000000000000000, 0.000000000000000000 ) ) ;
#2199 =( GEOMETRIC_REPRESENTATION_CONTEXT ( 3 ) GLOBAL_UNCERTAINTY_ASSIGNED_CONTEXT ( ( #2854 ) ) GLOBAL_UNIT_ASSIGNED_CONTEXT ( ( #7665, #10074, #7021 ) ) REPRESENTATION_CONTEXT ( 'NONE', 'WORKASPACE' ) );
#2200 = DIRECTION ( 'NONE',  ( -0.000000000000000000, 1.000000000000000000, 1.591489427501658143E-16 ) ) ;
#2201 = VECTOR ( 'NONE', #7708, 1000.000000000000000 ) ;
#2202 = LINE ( 'NONE', #9216, #7230 ) ;
#2203 = ORIENTED_EDGE ( 'NONE', *, *, #1356, .T. ) ;
#2204 = CARTESIAN_POINT ( 'NONE',  ( -3.252632489217784695, 0.3499999999999996447, -4.244345434564828601 ) ) ;
#2205 = DIRECTION ( 'NONE',  ( -0.000000000000000000, 0.3713906763541029443, -0.9284766908852596368 ) ) ;
#2206 = ORIENTED_EDGE ( 'NONE', *, *, #7604, .F. ) ;
#2207 = ORIENTED_EDGE ( 'NONE', *, *, #3208, .F. ) ;
#2208 = VECTOR ( 'NONE', #3416, 1000.000000000000114 ) ;
#2209 = ORIENTED_EDGE ( 'NONE', *, *, #7002, .T. ) ;
#2210 = DIRECTION ( 'NONE',  ( 1.000000000000000000, -0.000000000000000000, -0.000000000000000000 ) ) ;
#2211 = LINE ( 'NONE', #2772, #3249 ) ;
#2212 = DIRECTION ( 'NONE',  ( -1.000000000000000000, 0.000000000000000000, 0.000000000000000000 ) ) ;
#2213 = VERTEX_POINT ( 'NONE', #3691 ) ;
#2214 = AXIS2_PLACEMENT_3D ( 'NONE', #1312, #1460, #10034 ) ;
#2215 = LINE ( 'NONE', #9229, #8736 ) ;
#2216 = EDGE_LOOP ( 'NONE', ( #7311, #410, #8709, #6558, #3181, #9904 ) ) ;
#2217 = DIRECTION ( 'NONE',  ( 1.000000000000000000, -0.000000000000000000, -0.000000000000000000 ) ) ;
#2218 = DIRECTION ( 'NONE',  ( -0.000000000000000000, 0.3713906763541029443, -0.9284766908852596368 ) ) ;
#2219 = DIRECTION ( 'NONE',  ( 0.000000000000000000, -1.000000000000000000, 0.000000000000000000 ) ) ;
#2220 = DIRECTION ( 'NONE',  ( -0.000000000000000000, 0.000000000000000000, -1.000000000000000000 ) ) ;
#2221 = EDGE_CURVE ( 'NONE', #6565, #2348, #3148, .T. ) ;
#2222 = EDGE_CURVE ( 'NONE', #1046, #7982, #1397, .T. ) ;
#2223 = CARTESIAN_POINT ( 'NONE',  ( 1.999999999999998224, 8.000000000000000000, -3.599999999999999645 ) ) ;
#2224 = FACE_OUTER_BOUND ( 'NONE', #9688, .T. ) ;
#2225 = CARTESIAN_POINT ( 'NONE',  ( -3.185323107660495534, 0.3499999999999996447, -4.100000000000004086 ) ) ;
#2226 = EDGE_LOOP ( 'NONE', ( #6499, #5973, #4011, #2257, #161, #5295, #1503, #1357 ) ) ;
#2227 = DIRECTION ( 'NONE',  ( 0.000000000000000000, 0.000000000000000000, 1.000000000000000000 ) ) ;
#2228 = ORIENTED_EDGE ( 'NONE', *, *, #4775, .T. ) ;
#2229 = ORIENTED_EDGE ( 'NONE', *, *, #1790, .F. ) ;
#2230 = CARTESIAN_POINT ( 'NONE',  ( 6.000000000000000000, 5.700000000000000178, 2.999999999999999112 ) ) ;
#2231 = UNCERTAINTY_MEASURE_WITH_UNIT (LENGTH_MEASURE( 1.000000000000000082E-05 ), #1228, 'distance_accuracy_value', 'NONE');
#2232 =( LENGTH_UNIT ( ) NAMED_UNIT ( * ) SI_UNIT ( .MILLI., .METRE. ) );
#2233 = AXIS2_PLACEMENT_3D ( 'NONE', #249, #3559, #5868 ) ;
#2234 = DIRECTION ( 'NONE',  ( -0.000000000000000000, -0.000000000000000000, -1.000000000000000000 ) ) ;
#2235 = ORIENTED_EDGE ( 'NONE', *, *, #9376, .T. ) ;
#2236 = FACE_OUTER_BOUND ( 'NONE', #2303, .T. ) ;
#2237 = EDGE_CURVE ( 'NONE', #148, #1475, #9299, .T. ) ;
#2238 = ORIENTED_EDGE ( 'NONE', *, *, #5195, .T. ) ;
#2239 = LINE ( 'NONE', #3111, #243 ) ;
#2240 = ADVANCED_FACE ( 'NONE', ( #3846 ), #6924, .F. ) ;
#2241 = VERTEX_POINT ( 'NONE', #5276 ) ;
#2242 = EDGE_CURVE ( 'NONE', #4767, #1459, #3669, .T. ) ;
#2243 = ORIENTED_EDGE ( 'NONE', *, *, #5368, .T. ) ;
#2244 = ORIENTED_EDGE ( 'NONE', *, *, #4229, .T. ) ;
#2245 = FACE_OUTER_BOUND ( 'NONE', #10058, .T. ) ;
#2246 = DIRECTION ( 'NONE',  ( 0.000000000000000000, -1.000000000000000000, 0.000000000000000000 ) ) ;
#2247 = DIRECTION ( 'NONE',  ( 0.000000000000000000, 0.000000000000000000, -1.000000000000000000 ) ) ;
#2248 = ORIENTED_EDGE ( 'NONE', *, *, #9680, .T. ) ;
#2249 = PLANE ( 'NONE',  #7988 ) ;
#2250 = VERTEX_POINT ( 'NONE', #585 ) ;
#2251 = VECTOR ( 'NONE', #5568, 1000.000000000000000 ) ;
#2252 = EDGE_CURVE ( 'NONE', #3810, #241, #10072, .T. ) ;
#2253 = ADVANCED_FACE ( 'NONE', ( #7227 ), #3303, .F. ) ;
#2254 = EDGE_LOOP ( 'NONE', ( #6091, #6741, #2690, #6609 ) ) ;
#2255 = EDGE_CURVE ( 'NONE', #2724, #3668, #5530, .T. ) ;
#2256 = ORIENTED_EDGE ( 'NONE', *, *, #6043, .T. ) ;
#2257 = ORIENTED_EDGE ( 'NONE', *, *, #6278, .F. ) ;
#2258 = VECTOR ( 'NONE', #86, 1000.000000000000000 ) ;
#2259 = DIRECTION ( 'NONE',  ( -1.000000000000000000, -0.000000000000000000, -0.000000000000000000 ) ) ;
#2260 = LINE ( 'NONE', #8616, #2097 ) ;
#2261 = PLANE ( 'NONE',  #5470 ) ;
#2262 = ORIENTED_EDGE ( 'NONE', *, *, #4905, .F. ) ;
#2263 = CARTESIAN_POINT ( 'NONE',  ( -3.249999999999999556, 2.149999999999999467, -1.999999999999997335 ) ) ;
#2264 = EDGE_LOOP ( 'NONE', ( #1153, #5969, #2051, #5958 ) ) ;
#2265 = CARTESIAN_POINT ( 'NONE',  ( -3.827974591282617300, 0.000000000000000000, -4.650000000000000355 ) ) ;
#2266 = AXIS2_PLACEMENT_3D ( 'NONE', #7129, #3157, #7344 ) ;
#2267 = ADVANCED_FACE ( 'NONE', ( #5626 ), #4101, .F. ) ;
#2268 = CARTESIAN_POINT ( 'NONE',  ( 1.999999999999998224, 8.000000000000000000, -4.100000000000005862 ) ) ;
#2269 = FACE_OUTER_BOUND ( 'NONE', #3483, .T. ) ;
#2270 = CARTESIAN_POINT ( 'NONE',  ( 2.850000000000000089, 5.700000000000000178, -3.200000000000000178 ) ) ;
#2271 = VECTOR ( 'NONE', #2176, 1000.000000000000000 ) ;
#2272 = FACE_OUTER_BOUND ( 'NONE', #9488, .T. ) ;
#2273 = CARTESIAN_POINT ( 'NONE',  ( 6.000000000000000000, 0.6000000000000000888, 3.899999999999999911 ) ) ;
#2274 = CARTESIAN_POINT ( 'NONE',  ( -2.100000000000000089, 4.400000000000000355, 0.7999999999999994893 ) ) ;
#2275 = VERTEX_POINT ( 'NONE', #7118 ) ;
#2276 = DIRECTION ( 'NONE',  ( 0.000000000000000000, -0.3713906763541028888, 0.9284766908852596368 ) ) ;
#2277 = ORIENTED_EDGE ( 'NONE', *, *, #1271, .F. ) ;
#2278 = EDGE_CURVE ( 'NONE', #3062, #4295, #10224, .T. ) ;
#2279 = EDGE_CURVE ( 'NONE', #1508, #6467, #2470, .T. ) ;
#2280 = VECTOR ( 'NONE', #4523, 1000.000000000000000 ) ;
#2281 = DIRECTION ( 'NONE',  ( -2.224004456380521903E-16, -1.000000000000000000, 0.000000000000000000 ) ) ;
#2282 = VERTEX_POINT ( 'NONE', #8685 ) ;
#2283 = DIRECTION ( 'NONE',  ( 1.000000000000000000, -0.000000000000000000, -0.000000000000000000 ) ) ;
#2284 = CARTESIAN_POINT ( 'NONE',  ( 1.250000000000001110, 2.649999999999999911, 0.7999999999999994893 ) ) ;
#2285 = VERTEX_POINT ( 'NONE', #4787 ) ;
#2286 = CARTESIAN_POINT ( 'NONE',  ( 0.7500000000000006661, 2.149999999999999467, -1.999999999999997335 ) ) ;
#2287 = ORIENTED_EDGE ( 'NONE', *, *, #3950, .T. ) ;
#2288 = EDGE_CURVE ( 'NONE', #8753, #6264, #2324, .T. ) ;
#2289 = EDGE_CURVE ( 'NONE', #2605, #7160, #7279, .T. ) ;
#2290 = ORIENTED_EDGE ( 'NONE', *, *, #7447, .F. ) ;
#2291 = VECTOR ( 'NONE', #9051, 1000.000000000000000 ) ;
#2292 = LINE ( 'NONE', #2879, #6883 ) ;
#2293 = DIRECTION ( 'NONE',  ( -1.051347561198064613E-15, 0.000000000000000000, -1.000000000000000000 ) ) ;
#2294 = VECTOR ( 'NONE', #1290, 1000.000000000000000 ) ;
#2295 = FACE_OUTER_BOUND ( 'NONE', #9936, .T. ) ;
#2296 = CARTESIAN_POINT ( 'NONE',  ( -5.200000000000001066, 5.400000000000001243, 1.282157287525380829 ) ) ;
#2297 = ORIENTED_EDGE ( 'NONE', *, *, #1876, .T. ) ;
#2298 = DIRECTION ( 'NONE',  ( 0.000000000000000000, 0.000000000000000000, 1.000000000000000000 ) ) ;
#2299 = PLANE ( 'NONE',  #9135 ) ;
#2300 = EDGE_LOOP ( 'NONE', ( #6220, #9381, #8711, #6846 ) ) ;
#2301 = VERTEX_POINT ( 'NONE', #4894 ) ;
#2302 = VECTOR ( 'NONE', #2219, 1000.000000000000000 ) ;
#2303 = EDGE_LOOP ( 'NONE', ( #4471, #8713, #1818, #5068 ) ) ;
#2304 = EDGE_CURVE ( 'NONE', #1835, #5394, #823, .T. ) ;
#2305 = EDGE_CURVE ( 'NONE', #4287, #3540, #3894, .T. ) ;
#2306 = LINE ( 'NONE', #4673, #6331 ) ;
#2307 = CARTESIAN_POINT ( 'NONE',  ( -3.657930176932540078, -3.281817506129264053E-16, -4.770469655267981501 ) ) ;
#2308 = EDGE_CURVE ( 'NONE', #966, #9176, #162, .T. ) ;
#2309 = FACE_OUTER_BOUND ( 'NONE', #8329, .T. ) ;
#2310 = EDGE_LOOP ( 'NONE', ( #9596, #8486, #3722, #10035 ) ) ;
#2311 = LINE ( 'NONE', #2509, #6994 ) ;
#2312 = ORIENTED_EDGE ( 'NONE', *, *, #2374, .F. ) ;
#2313 = CARTESIAN_POINT ( 'NONE',  ( 2.750000000000031974, 0.6000000000000000888, 3.899999999999999911 ) ) ;
#2314 = CARTESIAN_POINT ( 'NONE',  ( -5.200000000000001066, 4.939999999999999503, 3.000000000000000888 ) ) ;
#2315 = VECTOR ( 'NONE', #9574, 1000.000000000000000 ) ;
#2316 = CARTESIAN_POINT ( 'NONE',  ( 4.800000000000000711, 0.000000000000000000, 0.000000000000000000 ) ) ;
#2317 = DIRECTION ( 'NONE',  ( 0.000000000000000000, 0.7071067811865434649, 0.7071067811865515695 ) ) ;
#2318 = EDGE_CURVE ( 'NONE', #549, #3178, #3151, .T. ) ;
#2319 = VECTOR ( 'NONE', #5223, 1000.000000000000000 ) ;
#2320 = DIRECTION ( 'NONE',  ( 0.000000000000000000, -0.7071067811865535679, -0.7071067811865414665 ) ) ;
#2321 = DIRECTION ( 'NONE',  ( 0.000000000000000000, -0.000000000000000000, -1.000000000000000000 ) ) ;
#2322 = VECTOR ( 'NONE', #4761, 1000.000000000000000 ) ;
#2323 = EDGE_CURVE ( 'NONE', #4316, #955, #8829, .T. ) ;
#2324 = LINE ( 'NONE', #733, #2493 ) ;
#2325 = VERTEX_POINT ( 'NONE', #8780 ) ;
#2326 = FACE_OUTER_BOUND ( 'NONE', #4187, .T. ) ;
#2327 = ORIENTED_EDGE ( 'NONE', *, *, #442, .F. ) ;
#2328 = VECTOR ( 'NONE', #7594, 1000.000000000000000 ) ;
#2329 = FACE_OUTER_BOUND ( 'NONE', #3536, .T. ) ;
#2330 = CARTESIAN_POINT ( 'NONE',  ( -0.6250000000000000000, 4.700000000000000178, -0.9499999999999998446 ) ) ;
#2331 = DIRECTION ( 'NONE',  ( 0.000000000000000000, -1.591489427501657896E-16, 1.000000000000000000 ) ) ;
#2332 = DIRECTION ( 'NONE',  ( 0.000000000000000000, 0.000000000000000000, 1.000000000000000000 ) ) ;
#2333 = LINE ( 'NONE', #5539, #10214 ) ;
#2334 = LINE ( 'NONE', #9663, #4337 ) ;
#2335 = ORIENTED_EDGE ( 'NONE', *, *, #826, .F. ) ;
#2336 = DIRECTION ( 'NONE',  ( -0.000000000000000000, 1.000000000000000000, -0.000000000000000000 ) ) ;
#2337 = VERTEX_POINT ( 'NONE', #5577 ) ;
#2338 = ORIENTED_EDGE ( 'NONE', *, *, #6278, .T. ) ;
#2339 = SURFACE_STYLE_USAGE ( .BOTH. , #1569 ) ;
#2340 = LINE ( 'NONE', #8749, #9928 ) ;
#2341 = ADVANCED_FACE ( 'NONE', ( #5477 ), #8059, .T. ) ;
#2342 = LINE ( 'NONE', #2437, #9595 ) ;
#2343 = EDGE_CURVE ( 'NONE', #4667, #10136, #8730, .T. ) ;
#2344 = DIRECTION ( 'NONE',  ( 1.000000000000000000, 0.000000000000000000, -0.000000000000000000 ) ) ;
#2345 = VERTEX_POINT ( 'NONE', #3202 ) ;
#2346 = CARTESIAN_POINT ( 'NONE',  ( 5.305000000000000604, 8.000000000000000000, -3.200000000000000178 ) ) ;
#2347 = DIRECTION ( 'NONE',  ( -0.9063077870366488265, 0.000000000000000000, 0.4226182617407019393 ) ) ;
#2348 = VERTEX_POINT ( 'NONE', #6404 ) ;
#2349 = EDGE_CURVE ( 'NONE', #3909, #9644, #6298, .T. ) ;
#2350 = ORIENTED_EDGE ( 'NONE', *, *, #3862, .F. ) ;
#2351 = ORIENTED_EDGE ( 'NONE', *, *, #9977, .F. ) ;
#2352 = ORIENTED_EDGE ( 'NONE', *, *, #656, .T. ) ;
#2353 = CARTESIAN_POINT ( 'NONE',  ( 6.000000000000000000, 5.499999999999998224, 3.700000000000000178 ) ) ;
#2354 = LINE ( 'NONE', #760, #5774 ) ;
#2355 = CARTESIAN_POINT ( 'NONE',  ( -0.7499999999999676925, 0.000000000000000000, 5.000000000000000000 ) ) ;
#2356 = ORIENTED_EDGE ( 'NONE', *, *, #8738, .T. ) ;
#2357 = CARTESIAN_POINT ( 'NONE',  ( -3.676449485675074680, 0.03772148143099939704, -4.757349466942234706 ) ) ;
#2358 = DIRECTION ( 'NONE',  ( -0.000000000000000000, 0.000000000000000000, 1.000000000000000000 ) ) ;
#2359 = ORIENTED_EDGE ( 'NONE', *, *, #6483, .F. ) ;
#2360 = LINE ( 'NONE', #6393, #1180 ) ;
#2361 = EDGE_CURVE ( 'NONE', #9632, #7310, #1652, .T. ) ;
#2362 = VECTOR ( 'NONE', #2514, 1000.000000000000000 ) ;
#2363 = EDGE_CURVE ( 'NONE', #1401, #2548, #4209, .T. ) ;
#2364 = CARTESIAN_POINT ( 'NONE',  ( 0.000000000000000000, 0.6000000000000000888, 0.000000000000000000 ) ) ;
#2365 = LINE ( 'NONE', #8628, #2481 ) ;
#2366 = DIRECTION ( 'NONE',  ( 0.000000000000000000, -1.000000000000000000, 0.000000000000000000 ) ) ;
#2367 = EDGE_CURVE ( 'NONE', #2848, #4208, #3412, .T. ) ;
#2368 = LINE ( 'NONE', #772, #986 ) ;
#2369 = CARTESIAN_POINT ( 'NONE',  ( 0.000000000000000000, 0.6000000000000000888, 0.000000000000000000 ) ) ;
#2370 = CYLINDRICAL_SURFACE ( 'NONE', #6318, 0.3500000000000000333 ) ;
#2371 = DIRECTION ( 'NONE',  ( 0.000000000000000000, -0.5735764363510498232, -0.8191520442889891340 ) ) ;
#2372 = ORIENTED_EDGE ( 'NONE', *, *, #7410, .T. ) ;
#2373 = LINE ( 'NONE', #8878, #385 ) ;
#2374 = EDGE_CURVE ( 'NONE', #8717, #4146, #1129, .T. ) ;
#2375 = VECTOR ( 'NONE', #6219, 1000.000000000000000 ) ;
#2376 = DIRECTION ( 'NONE',  ( 0.000000000000000000, 0.000000000000000000, 1.000000000000000000 ) ) ;
#2377 = CARTESIAN_POINT ( 'NONE',  ( 4.800000000000000711, 5.500000000000000888, 0.9678427124746186161 ) ) ;
#2378 = CARTESIAN_POINT ( 'NONE',  ( -1.000000000000000000, 4.400000000000000355, -3.049999999999999378 ) ) ;
#2379 = DIRECTION ( 'NONE',  ( -1.000000000000000000, -0.000000000000000000, -0.000000000000000000 ) ) ;
#2380 = DIRECTION ( 'NONE',  ( -1.000000000000000000, -0.000000000000000000, -0.000000000000000000 ) ) ;
#2381 = DIRECTION ( 'NONE',  ( 0.000000000000000000, -1.414176746720223400E-16, 1.000000000000000000 ) ) ;
#2382 = ORIENTED_EDGE ( 'NONE', *, *, #8479, .F. ) ;
#2383 = CARTESIAN_POINT ( 'NONE',  ( 4.800000000000000711, 5.425000000000000711, 3.000000000000000444 ) ) ;
#2384 = ORIENTED_EDGE ( 'NONE', *, *, #2729, .T. ) ;
#2385 = ORIENTED_EDGE ( 'NONE', *, *, #211, .F. ) ;
#2386 = CARTESIAN_POINT ( 'NONE',  ( 5.200000000000001066, 4.939999999999999503, 2.049999999999999822 ) ) ;
#2387 = FACE_OUTER_BOUND ( 'NONE', #2420, .T. ) ;
#2388 = CARTESIAN_POINT ( 'NONE',  ( -5.054999999999998828, 0.6500000000000020206, -4.749999999999992895 ) ) ;
#2389 = DIRECTION ( 'NONE',  ( -1.000000000000000000, -0.000000000000000000, -0.000000000000000000 ) ) ;
#2390 = ORIENTED_EDGE ( 'NONE', *, *, #2850, .T. ) ;
#2391 = LINE ( 'NONE', #8899, #5000 ) ;
#2392 = LINE ( 'NONE', #8804, #2818 ) ;
#2393 = ORIENTED_EDGE ( 'NONE', *, *, #8111, .T. ) ;
#2394 = EDGE_LOOP ( 'NONE', ( #6419, #5141, #8668, #4300 ) ) ;
#2395 = EDGE_CURVE ( 'NONE', #435, #4613, #9080, .T. ) ;
#2396 = EDGE_LOOP ( 'NONE', ( #9314, #10251, #8303, #6631, #7684, #8137, #6189, #8388, #8331, #2297, #9206, #244, #2058, #3048, #2206, #6236, #8242, #10255, #10025, #7405, #8070, #6988, #3977, #3217, #5401, #5861, #2143, #8508, #9628, #7822, #1537, #5541, #8720, #3076, #4750, #5885, #6495, #9691, #255, #1247, #5942, #8088, #7541, #7664 ) ) ;
#2397 = ADVANCED_FACE ( 'NONE', ( #8926 ), #411, .T. ) ;
#2398 = ORIENTED_EDGE ( 'NONE', *, *, #6309, .F. ) ;
#2399 = PLANE ( 'NONE',  #9129 ) ;
#2400 = DIRECTION ( 'NONE',  ( 1.000000000000000000, 0.000000000000000000, 0.000000000000000000 ) ) ;
#2401 = AXIS2_PLACEMENT_3D ( 'NONE', #2496, #3493, #8897 ) ;
#2402 = CARTESIAN_POINT ( 'NONE',  ( 6.000000000000000000, 4.550000000000002487, -3.200000000000000178 ) ) ;
#2403 = EDGE_LOOP ( 'NONE', ( #7303, #824, #8200, #4421 ) ) ;
#2404 = DIRECTION ( 'NONE',  ( -1.000000000000000000, 0.000000000000000000, -3.336006684570783101E-16 ) ) ;
#2405 = DIRECTION ( 'NONE',  ( 1.000000000000000000, 0.000000000000000000, 0.000000000000000000 ) ) ;
#2406 = VERTEX_POINT ( 'NONE', #1958 ) ;
#2407 = DIRECTION ( 'NONE',  ( 1.000000000000000000, 1.725496294785008989E-31, -1.084202172485504237E-15 ) ) ;
#2408 = ADVANCED_FACE ( 'NONE', ( #9858 ), #8163, .F. ) ;
#2409 = VECTOR ( 'NONE', #6237, 1000.000000000000000 ) ;
#2410 = DIRECTION ( 'NONE',  ( 1.000000000000000000, 0.000000000000000000, -0.000000000000000000 ) ) ;
#2411 = DIRECTION ( 'NONE',  ( 3.336006684570783101E-16, 0.000000000000000000, -1.000000000000000000 ) ) ;
#2412 = CARTESIAN_POINT ( 'NONE',  ( 3.200000000000000622, 3.699999999999998845, 0.7999999999999994893 ) ) ;
#2413 = EDGE_CURVE ( 'NONE', #7934, #8005, #1033, .T. ) ;
#2414 = LINE ( 'NONE', #1547, #4807 ) ;
#2415 = LINE ( 'NONE', #1853, #3434 ) ;
#2416 = CARTESIAN_POINT ( 'NONE',  ( 5.200000000000001066, 5.500000000000001776, 3.075000000000001066 ) ) ;
#2417 = ORIENTED_EDGE ( 'NONE', *, *, #544, .F. ) ;
#2418 = VECTOR ( 'NONE', #2062, 1000.000000000000000 ) ;
#2419 = DIRECTION ( 'NONE',  ( -1.000000000000000000, -0.000000000000000000, -0.000000000000000000 ) ) ;
#2420 = EDGE_LOOP ( 'NONE', ( #3112, #328, #343, #6693 ) ) ;
#2421 = DIRECTION ( 'NONE',  ( -0.000000000000000000, 1.000000000000000000, -0.000000000000000000 ) ) ;
#2422 = DIRECTION ( 'NONE',  ( 0.000000000000000000, -0.3713906763541028888, 0.9284766908852596368 ) ) ;
#2423 = AXIS2_PLACEMENT_3D ( 'NONE', #9913, #3581, #2788 ) ;
#2424 = DIRECTION ( 'NONE',  ( 0.000000000000000000, -1.000000000000000000, -0.000000000000000000 ) ) ;
#2425 = CARTESIAN_POINT ( 'NONE',  ( 2.750000000000031974, 0.6000000000000000888, 2.400000000000000355 ) ) ;
#2426 = ADVANCED_FACE ( 'NONE', ( #5158 ), #2522, .F. ) ;
#2427 = EDGE_CURVE ( 'NONE', #8178, #8464, #3357, .T. ) ;
#2428 = CARTESIAN_POINT ( 'NONE',  ( 4.900000000000000355, 0.4000000000000000222, -1.700000000000000178 ) ) ;
#2429 = LINE ( 'NONE', #10135, #7074 ) ;
#2430 = LINE ( 'NONE', #1759, #6508 ) ;
#2431 = EDGE_LOOP ( 'NONE', ( #2652, #5359, #6181, #8406 ) ) ;
#2432 = PLANE ( 'NONE',  #9847 ) ;
#2433 = ORIENTED_EDGE ( 'NONE', *, *, #8796, .T. ) ;
#2434 = ORIENTED_EDGE ( 'NONE', *, *, #7682, .F. ) ;
#2435 = DIRECTION ( 'NONE',  ( 0.000000000000000000, 0.000000000000000000, -1.000000000000000000 ) ) ;
#2436 = DIRECTION ( 'NONE',  ( 1.000000000000000000, -0.000000000000000000, -0.000000000000000000 ) ) ;
#2437 = CARTESIAN_POINT ( 'NONE',  ( 6.000000000000000000, 2.350000000000000089, -4.500000000000000888 ) ) ;
#2438 = LINE ( 'NONE', #4663, #9389 ) ;
#2439 = ORIENTED_EDGE ( 'NONE', *, *, #7772, .F. ) ;
#2440 = FACE_OUTER_BOUND ( 'NONE', #6017, .T. ) ;
#2441 = DIRECTION ( 'NONE',  ( 1.000000000000000000, 0.000000000000000000, 0.000000000000000000 ) ) ;
#2442 = EDGE_LOOP ( 'NONE', ( #9147, #2764, #2974, #5210 ) ) ;
#2443 = ADVANCED_FACE ( 'NONE', ( #7385 ), #1183, .F. ) ;
#2444 = ORIENTED_EDGE ( 'NONE', *, *, #4571, .T. ) ;
#2445 = VECTOR ( 'NONE', #9130, 1000.000000000000000 ) ;
#2446 = VECTOR ( 'NONE', #51, 1000.000000000000000 ) ;
#2447 = EDGE_LOOP ( 'NONE', ( #5096, #6687, #6667, #6503 ) ) ;
#2448 = EDGE_LOOP ( 'NONE', ( #10239, #2584, #6717, #5263 ) ) ;
#2449 = AXIS2_PLACEMENT_3D ( 'NONE', #3633, #6099, #10173 ) ;
#2450 = PLANE ( 'NONE',  #6655 ) ;
#2451 = DIRECTION ( 'NONE',  ( 0.000000000000000000, 0.000000000000000000, -1.000000000000000000 ) ) ;
#2452 = VECTOR ( 'NONE', #4914, 1000.000000000000000 ) ;
#2453 = PRESENTATION_STYLE_ASSIGNMENT (( #6436 ) ) ;
#2454 = ORIENTED_EDGE ( 'NONE', *, *, #6841, .F. ) ;
#2455 = CARTESIAN_POINT ( 'NONE',  ( -5.200000000000001954, 5.500000000000000888, 0.1000000000000002276 ) ) ;
#2456 = DIRECTION ( 'NONE',  ( 0.000000000000000000, 0.000000000000000000, -1.000000000000000000 ) ) ;
#2457 = EDGE_CURVE ( 'NONE', #2080, #2668, #8212, .T. ) ;
#2458 = ORIENTED_EDGE ( 'NONE', *, *, #740, .T. ) ;
#2459 = CARTESIAN_POINT ( 'NONE',  ( 1.999999999999998224, 0.9000000000000005773, -4.100000000000005862 ) ) ;
#2460 = AXIS2_PLACEMENT_3D ( 'NONE', #8787, #1511, #17 ) ;
#2461 = ORIENTED_EDGE ( 'NONE', *, *, #677, .F. ) ;
#2462 = DIRECTION ( 'NONE',  ( -1.000000000000000000, -0.000000000000000000, -0.000000000000000000 ) ) ;
#2463 = PLANE ( 'NONE',  #3317 ) ;
#2464 = LINE ( 'NONE', #1545, #7461 ) ;
#2465 =( NAMED_UNIT ( * ) SI_UNIT ( $, .STERADIAN. ) SOLID_ANGLE_UNIT ( ) );
#2466 = CARTESIAN_POINT ( 'NONE',  ( -4.004999999999999893, 4.400000000000000355, 2.249999999999999556 ) ) ;
#2467 = ADVANCED_FACE ( 'NONE', ( #1856 ), #4314, .T. ) ;
#2468 = EDGE_CURVE ( 'NONE', #2878, #953, #8493, .T. ) ;
#2469 = EDGE_LOOP ( 'NONE', ( #6933, #10176, #2866, #8058 ) ) ;
#2470 = LINE ( 'NONE', #3094, #2010 ) ;
#2471 = VECTOR ( 'NONE', #5582, 1000.000000000000000 ) ;
#2472 = ORIENTED_EDGE ( 'NONE', *, *, #4089, .T. ) ;
#2473 = LINE ( 'NONE', #3306, #8843 ) ;
#2474 = EDGE_CURVE ( 'NONE', #2523, #5187, #214, .T. ) ;
#2475 = CARTESIAN_POINT ( 'NONE',  ( 1.433333333333343784, 6.833333333333350801, -5.483333333333321846 ) ) ;
#2476 = LINE ( 'NONE', #3900, #3520 ) ;
#2477 = VECTOR ( 'NONE', #5839, 1000.000000000000000 ) ;
#2478 = DIRECTION ( 'NONE',  ( -1.548860246407864322E-16, 0.000000000000000000, -1.000000000000000000 ) ) ;
#2479 = CARTESIAN_POINT ( 'NONE',  ( -4.800000000000000711, 5.500000000000000000, 0.000000000000000000 ) ) ;
#2480 = CARTESIAN_POINT ( 'NONE',  ( -5.197820323027551481, -2.972161292830653933E-16, 0.9134769367380000116 ) ) ;
#2481 = VECTOR ( 'NONE', #1643, 1000.000000000000000 ) ;
#2482 = CARTESIAN_POINT ( 'NONE',  ( -2.850000000000000089, 5.700000000000000178, -3.200000000000000178 ) ) ;
#2483 = AXIS2_PLACEMENT_3D ( 'NONE', #3107, #6363, #2381 ) ;
#2484 = ORIENTED_EDGE ( 'NONE', *, *, #9998, .T. ) ;
#2485 = DIRECTION ( 'NONE',  ( 0.000000000000000000, 0.000000000000000000, 1.000000000000000000 ) ) ;
#2486 = ADVANCED_FACE ( 'NONE', ( #5056 ), #4255, .F. ) ;
#2487 = VECTOR ( 'NONE', #5821, 1000.000000000000000 ) ;
#2488 = EDGE_LOOP ( 'NONE', ( #1822, #4444, #10140, #7825, #2101, #9784, #7308, #8637, #3513, #7519, #5224, #1147, #1566, #5355, #4651, #9009, #7700, #6939, #5863, #719, #4671, #8686, #9047, #9326, #10087, #7942, #5412 ) ) ;
#2489 = EDGE_CURVE ( 'NONE', #7829, #8855, #5733, .T. ) ;
#2490 = ORIENTED_EDGE ( 'NONE', *, *, #4551, .T. ) ;
#2491 = CARTESIAN_POINT ( 'NONE',  ( 6.000000000000000000, 0.000000000000000000, -3.749999999999996891 ) ) ;
#2492 = ADVANCED_FACE ( 'NONE', ( #9031 ), #1749, .T. ) ;
#2493 = VECTOR ( 'NONE', #8006, 1000.000000000000114 ) ;
#2494 = LINE ( 'NONE', #8027, #6297 ) ;
#2495 = LINE ( 'NONE', #8334, #5972 ) ;
#2496 = CARTESIAN_POINT ( 'NONE',  ( -6.000000000000000000, 2.750000000000000444, -3.600000000000000533 ) ) ;
#2497 = ORIENTED_EDGE ( 'NONE', *, *, #10030, .T. ) ;
#2498 = CARTESIAN_POINT ( 'NONE',  ( 0.7500000000000318634, 0.000000000000000000, 2.900000000000001688 ) ) ;
#2499 = ORIENTED_EDGE ( 'NONE', *, *, #8778, .T. ) ;
#2500 = VERTEX_POINT ( 'NONE', #7755 ) ;
#2501 = EDGE_CURVE ( 'NONE', #5606, #9664, #7332, .T. ) ;
#2502 = ORIENTED_EDGE ( 'NONE', *, *, #8778, .F. ) ;
#2503 = ORIENTED_EDGE ( 'NONE', *, *, #4194, .F. ) ;
#2504 = DIRECTION ( 'NONE',  ( 0.000000000000000000, 0.000000000000000000, -1.000000000000000000 ) ) ;
#2505 = CARTESIAN_POINT ( 'NONE',  ( -5.200000000000001066, 2.575000000000000178, 3.899999999999999911 ) ) ;
#2506 = DIRECTION ( 'NONE',  ( -1.000000000000000000, 0.000000000000000000, 0.000000000000000000 ) ) ;
#2507 = ORIENTED_EDGE ( 'NONE', *, *, #7510, .F. ) ;
#2508 = LINE ( 'NONE', #2556, #5164 ) ;
#2509 = CARTESIAN_POINT ( 'NONE',  ( -5.305000000000000604, 0.000000000000000000, -1.513476936738000322 ) ) ;
#2510 = ORIENTED_EDGE ( 'NONE', *, *, #5073, .F. ) ;
#2511 = PLANE ( 'NONE',  #6886 ) ;
#2512 = VECTOR ( 'NONE', #1186, 1000.000000000000000 ) ;
#2513 = EDGE_LOOP ( 'NONE', ( #8189, #7675, #2915, #6864 ) ) ;
#2514 = DIRECTION ( 'NONE',  ( 0.000000000000000000, 1.000000000000000000, 0.000000000000000000 ) ) ;
#2515 = CARTESIAN_POINT ( 'NONE',  ( 1.250000000000032419, 0.000000000000000000, 5.000000000000000000 ) ) ;
#2516 = DIRECTION ( 'NONE',  ( -0.000000000000000000, -0.7071067811865415775, 0.7071067811865535679 ) ) ;
#2517 = DIRECTION ( 'NONE',  ( 0.000000000000000000, -1.414176746720223153E-16, 1.000000000000000000 ) ) ;
#2518 = LINE ( 'NONE', #5681, #10086 ) ;
#2519 = AXIS2_PLACEMENT_3D ( 'NONE', #877, #8831, #4053 ) ;
#2520 = VECTOR ( 'NONE', #49, 1000.000000000000000 ) ;
#2521 = ORIENTED_EDGE ( 'NONE', *, *, #7470, .F. ) ;
#2522 = PLANE ( 'NONE',  #8325 ) ;
#2523 = VERTEX_POINT ( 'NONE', #3625 ) ;
#2524 = DIRECTION ( 'NONE',  ( -1.000000000000000000, -0.000000000000000000, 0.000000000000000000 ) ) ;
#2525 = ADVANCED_FACE ( 'NONE', ( #1232 ), #2837, .F. ) ;
#2526 = DIRECTION ( 'NONE',  ( 0.000000000000000000, 0.9396926207859095381, -0.3420201433256658263 ) ) ;
#2527 = EDGE_CURVE ( 'NONE', #6432, #1032, #673, .T. ) ;
#2528 = VECTOR ( 'NONE', #4805, 1000.000000000000000 ) ;
#2529 = DIRECTION ( 'NONE',  ( 0.000000000000000000, 0.000000000000000000, 1.000000000000000000 ) ) ;
#2530 = DIRECTION ( 'NONE',  ( 0.000000000000000000, -1.000000000000000000, -0.000000000000000000 ) ) ;
#2531 = CARTESIAN_POINT ( 'NONE',  ( -4.800000000000000711, 4.864999999999999325, 2.925000000000000266 ) ) ;
#2532 = FACE_OUTER_BOUND ( 'NONE', #8612, .T. ) ;
#2533 = LINE ( 'NONE', #743, #835 ) ;
#2534 = VECTOR ( 'NONE', #997, 1000.000000000000000 ) ;
#2535 = ORIENTED_EDGE ( 'NONE', *, *, #6569, .T. ) ;
#2536 = CARTESIAN_POINT ( 'NONE',  ( 5.200000000000001066, 4.700000000000000178, 0.1000000000000000056 ) ) ;
#2537 = ORIENTED_EDGE ( 'NONE', *, *, #2304, .T. ) ;
#2538 = EDGE_LOOP ( 'NONE', ( #88, #5704, #7052, #2439 ) ) ;
#2539 = DIRECTION ( 'NONE',  ( 0.000000000000000000, -1.000000000000000000, 0.000000000000000000 ) ) ;
#2540 = DIRECTION ( 'NONE',  ( 0.000000000000000000, -0.000000000000000000, -1.000000000000000000 ) ) ;
#2541 = EDGE_CURVE ( 'NONE', #6266, #7041, #5212, .T. ) ;
#2542 = CARTESIAN_POINT ( 'NONE',  ( 6.000000000000000000, 0.2000000000000000111, 2.149999999999999911 ) ) ;
#2543 = DIRECTION ( 'NONE',  ( 0.000000000000000000, 1.591489427501657896E-16, -1.000000000000000000 ) ) ;
#2544 = EDGE_LOOP ( 'NONE', ( #6383, #2228, #10112, #2997 ) ) ;
#2545 =( NAMED_UNIT ( * ) PLANE_ANGLE_UNIT ( ) SI_UNIT ( $, .RADIAN. ) );
#2546 = CARTESIAN_POINT ( 'NONE',  ( 6.000000000000000000, 5.699999999999999289, 2.250000000000000000 ) ) ;
#2547 = ORIENTED_EDGE ( 'NONE', *, *, #1657, .T. ) ;
#2548 = VERTEX_POINT ( 'NONE', #4472 ) ;
#2549 = ORIENTED_EDGE ( 'NONE', *, *, #8618, .F. ) ;
#2550 = ORIENTED_EDGE ( 'NONE', *, *, #853, .T. ) ;
#2551 = CARTESIAN_POINT ( 'NONE',  ( 0.6250000000000000000, 4.933076923076924025, -1.345384615384614957 ) ) ;
#2552 = CARTESIAN_POINT ( 'NONE',  ( 4.004999999999999893, 4.400000000000000355, 2.249999999999999112 ) ) ;
#2553 = PLANE ( 'NONE',  #5095 ) ;
#2554 = ADVANCED_FACE ( 'NONE', ( #6192 ), #5264, .T. ) ;
#2555 = EDGE_LOOP ( 'NONE', ( #4921, #5511, #5172, #8755 ) ) ;
#2556 = CARTESIAN_POINT ( 'NONE',  ( 4.200000000000000178, 0.9000000000000004663, -4.849999999999997868 ) ) ;
#2557 = EDGE_CURVE ( 'NONE', #672, #3551, #4581, .T. ) ;
#2558 = DIRECTION ( 'NONE',  ( -1.548860246407864322E-16, 1.591489427501657896E-16, -1.000000000000000000 ) ) ;
#2559 = ORIENTED_EDGE ( 'NONE', *, *, #3307, .T. ) ;
#2560 = AXIS2_PLACEMENT_3D ( 'NONE', #9791, #2662, #1167 ) ;
#2561 = CARTESIAN_POINT ( 'NONE',  ( -4.800000000000002487, 5.500000000000000000, -1.699999999999998179 ) ) ;
#2562 = ADVANCED_FACE ( 'NONE', ( #6813 ), #10011, .F. ) ;
#2563 = ORIENTED_EDGE ( 'NONE', *, *, #4450, .F. ) ;
#2564 = CARTESIAN_POINT ( 'NONE',  ( -4.800000000000000711, 5.470710678118656745, 1.352867965644033887 ) ) ;
#2565 = DIRECTION ( 'NONE',  ( 1.000000000000000000, -0.000000000000000000, -0.000000000000000000 ) ) ;
#2566 = LINE ( 'NONE', #1076, #5882 ) ;
#2567 = CARTESIAN_POINT ( 'NONE',  ( 5.305000000000000604, 0.4000000000000000222, 1.099999999999999867 ) ) ;
#2568 = DIRECTION ( 'NONE',  ( -1.000000000000000000, -0.000000000000000000, -0.000000000000000000 ) ) ;
#2569 = VERTEX_POINT ( 'NONE', #6142 ) ;
#2570 = CARTESIAN_POINT ( 'NONE',  ( 6.000000000000000000, 2.750000000000000444, -3.600000000000000533 ) ) ;
#2571 = ORIENTED_EDGE ( 'NONE', *, *, #6881, .T. ) ;
#2572 = DIRECTION ( 'NONE',  ( -1.000000000000000000, -0.000000000000000000, -0.000000000000000000 ) ) ;
#2573 = CIRCLE ( 'NONE', #3585, 0.5500000000000014877 ) ;
#2574 = EDGE_CURVE ( 'NONE', #4063, #7796, #4422, .T. ) ;
#2575 = FACE_OUTER_BOUND ( 'NONE', #3007, .T. ) ;
#2576 = LINE ( 'NONE', #7389, #1823 ) ;
#2577 = PLANE ( 'NONE',  #4289 ) ;
#2578 = VECTOR ( 'NONE', #459, 1000.000000000000000 ) ;
#2579 = DIRECTION ( 'NONE',  ( -1.000000000000000000, 0.000000000000000000, 0.000000000000000000 ) ) ;
#2580 = LINE ( 'NONE', #3534, #6805 ) ;
#2581 = CARTESIAN_POINT ( 'NONE',  ( 5.305000000000000604, 0.4000000000000000222, -1.700000000000000178 ) ) ;
#2582 = CARTESIAN_POINT ( 'NONE',  ( 1.999999999999998224, 8.000000000000000000, -3.599999999999999645 ) ) ;
#2583 = ADVANCED_FACE ( 'NONE', ( #9134 ), #3784, .F. ) ;
#2584 = ORIENTED_EDGE ( 'NONE', *, *, #4532, .F. ) ;
#2585 = CARTESIAN_POINT ( 'NONE',  ( -0.6249999999999998890, 4.700000000000000178, 3.029337753865624005E-17 ) ) ;
#2586 = ORIENTED_EDGE ( 'NONE', *, *, #8171, .F. ) ;
#2587 =( GEOMETRIC_REPRESENTATION_CONTEXT ( 3 ) GLOBAL_UNCERTAINTY_ASSIGNED_CONTEXT ( ( #1927 ) ) GLOBAL_UNIT_ASSIGNED_CONTEXT ( ( #1371, #9213, #6748 ) ) REPRESENTATION_CONTEXT ( 'NONE', 'WORKASPACE' ) );
#2588 = VERTEX_POINT ( 'NONE', #6960 ) ;
#2589 = FACE_OUTER_BOUND ( 'NONE', #3390, .T. ) ;
#2590 = CARTESIAN_POINT ( 'NONE',  ( -5.200000000000001066, 4.939999999999999503, 3.000000000000000888 ) ) ;
#2591 = ORIENTED_EDGE ( 'NONE', *, *, #3446, .T. ) ;
#2592 = CARTESIAN_POINT ( 'NONE',  ( 4.200000000000000178, 0.9000000000000004663, -4.850000000000001421 ) ) ;
#2593 = CARTESIAN_POINT ( 'NONE',  ( -0.6250000000000001110, 4.400000000000000355, -0.2500000000000002220 ) ) ;
#2594 = EDGE_CURVE ( 'NONE', #2707, #551, #6765, .T. ) ;
#2595 = ORIENTED_EDGE ( 'NONE', *, *, #357, .T. ) ;
#2596 = ORIENTED_EDGE ( 'NONE', *, *, #6743, .T. ) ;
#2597 = PRODUCT_DEFINITION ( 'UNKNOWN', '', #5813, #5285 ) ;
#2598 = EDGE_LOOP ( 'NONE', ( #2054, #245, #284, #2126 ) ) ;
#2599 = AXIS2_PLACEMENT_3D ( 'NONE', #5610, #4725, #10209 ) ;
#2600 = EDGE_LOOP ( 'NONE', ( #8164, #9107, #3484, #1256 ) ) ;
#2601 = CARTESIAN_POINT ( 'NONE',  ( 3.764267565201870891, 0.7500000000000014433, -5.000000000000000000 ) ) ;
#2602 = CARTESIAN_POINT ( 'NONE',  ( 5.200000000000001066, 5.500000000000001776, -1.499999999999998224 ) ) ;
#2603 = PLANE ( 'NONE',  #8366 ) ;
#2604 = CARTESIAN_POINT ( 'NONE',  ( -3.249999999999999556, 2.649999999999999911, -1.999999999999997335 ) ) ;
#2605 = VERTEX_POINT ( 'NONE', #9906 ) ;
#2606 = CARTESIAN_POINT ( 'NONE',  ( -5.305000000000001492, 0.4000000000000000777, -4.749999999999992895 ) ) ;
#2607 = LINE ( 'NONE', #7421, #2487 ) ;
#2608 = ORIENTED_EDGE ( 'NONE', *, *, #3781, .F. ) ;
#2609 = FACE_OUTER_BOUND ( 'NONE', #1019, .T. ) ;
#2610 = VECTOR ( 'NONE', #3348, 1000.000000000000000 ) ;
#2611 = AXIS2_PLACEMENT_3D ( 'NONE', #8339, #4396, #7565 ) ;
#2612 = EDGE_CURVE ( 'NONE', #9302, #2213, #2777, .T. ) ;
#2613 = AXIS2_PLACEMENT_3D ( 'NONE', #3167, #5549, #4657 ) ;
#2614 = EDGE_CURVE ( 'NONE', #4613, #2588, #1283, .T. ) ;
#2615 = VERTEX_POINT ( 'NONE', #6092 ) ;
#2616 = EDGE_CURVE ( 'NONE', #9249, #9484, #10113, .T. ) ;
#2617 = FACE_OUTER_BOUND ( 'NONE', #4447, .T. ) ;
#2618 = VECTOR ( 'NONE', #1453, 1000.000000000000000 ) ;
#2619 = FACE_OUTER_BOUND ( 'NONE', #366, .T. ) ;
#2620 = VECTOR ( 'NONE', #6399, 1000.000000000000000 ) ;
#2621 = PRODUCT_CONTEXT ( 'NONE', #1543, 'mechanical' ) ;
#2622 = SURFACE_SIDE_STYLE ('',( #3466 ) ) ;
#2623 = FACE_OUTER_BOUND ( 'NONE', #7517, .T. ) ;
#2624 = CONICAL_SURFACE ( 'NONE', #4481, 0.3999999999999997446, 0.7853981633974482790 ) ;
#2625 = ORIENTED_EDGE ( 'NONE', *, *, #2489, .T. ) ;
#2626 = CARTESIAN_POINT ( 'NONE',  ( -4.800000000000000711, 4.939999999999999503, 2.124999999999999556 ) ) ;
#2627 = VECTOR ( 'NONE', #3902, 1000.000000000000227 ) ;
#2628 = ORIENTED_EDGE ( 'NONE', *, *, #9085, .F. ) ;
#2629 = FACE_OUTER_BOUND ( 'NONE', #1948, .T. ) ;
#2630 = EDGE_CURVE ( 'NONE', #5314, #7649, #4527, .T. ) ;
#2631 = DIRECTION ( 'NONE',  ( -1.000000000000000000, -0.000000000000000000, -0.000000000000000000 ) ) ;
#2632 = LINE ( 'NONE', #8167, #3179 ) ;
#2633 = CARTESIAN_POINT ( 'NONE',  ( 6.000000000000000000, 2.750000000000000444, -3.600000000000000533 ) ) ;
#2634 =( GEOMETRIC_REPRESENTATION_CONTEXT ( 3 ) GLOBAL_UNCERTAINTY_ASSIGNED_CONTEXT ( ( #592 ) ) GLOBAL_UNIT_ASSIGNED_CONTEXT ( ( #658, #7047, #3070 ) ) REPRESENTATION_CONTEXT ( 'NONE', 'WORKASPACE' ) );
#2635 = AXIS2_PLACEMENT_3D ( 'NONE', #5927, #3620, #1229 ) ;
#2636 = DIRECTION ( 'NONE',  ( 0.000000000000000000, -1.000000000000000000, 0.000000000000000000 ) ) ;
#2637 = CARTESIAN_POINT ( 'NONE',  ( -6.000000000000000000, 2.259191070279860103, -2.300000000000000266 ) ) ;
#2638 = CARTESIAN_POINT ( 'NONE',  ( 5.305000000000000604, -2.972161292830653933E-16, 0.9134769367380000116 ) ) ;
#2639 = AXIS2_PLACEMENT_3D ( 'NONE', #6195, #3630, #5323 ) ;
#2640 = LINE ( 'NONE', #1972, #4677 ) ;
#2641 = EDGE_LOOP ( 'NONE', ( #5034, #5136, #2655, #2188 ) ) ;
#2642 = FACE_OUTER_BOUND ( 'NONE', #9046, .T. ) ;
#2643 = ORIENTED_EDGE ( 'NONE', *, *, #10252, .T. ) ;
#2644 = AXIS2_PLACEMENT_3D ( 'NONE', #9504, #3947, #7865 ) ;
#2645 = ORIENTED_EDGE ( 'NONE', *, *, #8397, .T. ) ;
#2646 = DIRECTION ( 'NONE',  ( 0.000000000000000000, 0.000000000000000000, -1.000000000000000000 ) ) ;
#2647 = VECTOR ( 'NONE', #3702, 1000.000000000000114 ) ;
#2648 = CARTESIAN_POINT ( 'NONE',  ( 3.250000000000033307, 0.000000000000000000, 2.400000000000000355 ) ) ;
#2649 = VERTEX_POINT ( 'NONE', #576 ) ;
#2650 = CARTESIAN_POINT ( 'NONE',  ( 3.657930176932543631, 3.601626010433479207E-17, -4.770469655267980613 ) ) ;
#2651 = DIRECTION ( 'NONE',  ( -1.000000000000000000, -0.000000000000000000, -0.000000000000000000 ) ) ;
#2652 = ORIENTED_EDGE ( 'NONE', *, *, #9995, .T. ) ;
#2653 = ORIENTED_EDGE ( 'NONE', *, *, #3191, .F. ) ;
#2654 = VECTOR ( 'NONE', #2725, 1000.000000000000000 ) ;
#2655 = ORIENTED_EDGE ( 'NONE', *, *, #8601, .T. ) ;
#2656 = VERTEX_POINT ( 'NONE', #6914 ) ;
#2657 = EDGE_CURVE ( 'NONE', #3589, #7649, #2985, .T. ) ;
#2658 = EDGE_CURVE ( 'NONE', #7100, #6591, #93, .T. ) ;
#2659 = FACE_OUTER_BOUND ( 'NONE', #7362, .T. ) ;
#2660 = CARTESIAN_POINT ( 'NONE',  ( 5.055000000000000604, 0.3499999999999999778, -4.650000000000000355 ) ) ;
#2661 = FACE_OUTER_BOUND ( 'NONE', #9221, .T. ) ;
#2662 = DIRECTION ( 'NONE',  ( 1.000000000000000000, -0.000000000000000000, 0.000000000000000000 ) ) ;
#2663 = ORIENTED_EDGE ( 'NONE', *, *, #4346, .T. ) ;
#2664 = CARTESIAN_POINT ( 'NONE',  ( 3.200000000000000622, 3.699999999999998845, -3.049999999999999378 ) ) ;
#2665 = EDGE_CURVE ( 'NONE', #9874, #3710, #3837, .T. ) ;
#2666 = CARTESIAN_POINT ( 'NONE',  ( -5.200000000000001954, 5.700000000000000178, 0.1000000000000002554 ) ) ;
#2667 = ORIENTED_EDGE ( 'NONE', *, *, #676, .T. ) ;
#2668 = VERTEX_POINT ( 'NONE', #5570 ) ;
#2669 = CARTESIAN_POINT ( 'NONE',  ( 3.252632489217786915, 0.3500000000000004774, -4.244345434564827713 ) ) ;
#2670 = CARTESIAN_POINT ( 'NONE',  ( -4.800000000000000711, 5.400000000000000355, 0.9678427124746188381 ) ) ;
#2671 = DIRECTION ( 'NONE',  ( 0.000000000000000000, 0.000000000000000000, 1.000000000000000000 ) ) ;
#2672 = CARTESIAN_POINT ( 'NONE',  ( -4.900000000000000355, 1.800000000000000044, -1.699999999999999734 ) ) ;
#2673 = EDGE_CURVE ( 'NONE', #3129, #4146, #8624, .T. ) ;
#2674 = ORIENTED_EDGE ( 'NONE', *, *, #885, .F. ) ;
#2675 = DIRECTION ( 'NONE',  ( 1.000000000000000000, 0.000000000000000000, 0.000000000000000000 ) ) ;
#2676 = EDGE_CURVE ( 'NONE', #9045, #701, #3189, .T. ) ;
#2677 = EDGE_CURVE ( 'NONE', #7982, #1210, #2360, .T. ) ;
#2678 = ORIENTED_EDGE ( 'NONE', *, *, #9374, .F. ) ;
#2679 = CARTESIAN_POINT ( 'NONE',  ( -2.749999999999967581, 0.2000000000000000111, 5.000000000000000888 ) ) ;
#2680 = EDGE_CURVE ( 'NONE', #5082, #277, #767, .T. ) ;
#2681 = CARTESIAN_POINT ( 'NONE',  ( 4.800000000000000711, 5.470710678118654968, 0.8971320343559638921 ) ) ;
#2682 = DIRECTION ( 'NONE',  ( 0.000000000000000000, 0.5646839155919902709, -0.8253072612498317806 ) ) ;
#2683 = CIRCLE ( 'NONE', #5385, 0.1749999999999998224 ) ;
#2684 = CARTESIAN_POINT ( 'NONE',  ( 5.200000000000001066, 4.864999999999999325, 2.125000000000000000 ) ) ;
#2685 = DIRECTION ( 'NONE',  ( 1.000000000000000000, 0.000000000000000000, 0.000000000000000000 ) ) ;
#2686 = DIRECTION ( 'NONE',  ( 0.000000000000000000, 0.000000000000000000, 1.000000000000000000 ) ) ;
#2687 = EDGE_CURVE ( 'NONE', #1014, #8544, #7217, .T. ) ;
#2688 = CARTESIAN_POINT ( 'NONE',  ( 3.811249408101440306, -1.626303258728256651E-16, -4.741886475849479865 ) ) ;
#2689 = EDGE_CURVE ( 'NONE', #3968, #766, #814, .T. ) ;
#2690 = ORIENTED_EDGE ( 'NONE', *, *, #10180, .F. ) ;
#2691 = DIRECTION ( 'NONE',  ( -1.000000000000000000, 0.000000000000000000, -0.000000000000000000 ) ) ;
#2692 = ORIENTED_EDGE ( 'NONE', *, *, #3339, .F. ) ;
#2693 = VECTOR ( 'NONE', #8307, 1000.000000000000000 ) ;
#2694 = ORIENTED_EDGE ( 'NONE', *, *, #9416, .F. ) ;
#2695 = VECTOR ( 'NONE', #5989, 1000.000000000000114 ) ;
#2696 = EDGE_LOOP ( 'NONE', ( #7746, #779, #375, #2507, #10150 ) ) ;
#2697 = DIRECTION ( 'NONE',  ( -1.000000000000000000, -0.000000000000000000, -0.000000000000000000 ) ) ;
#2698 = VECTOR ( 'NONE', #600, 1000.000000000000000 ) ;
#2699 = DIRECTION ( 'NONE',  ( -0.000000000000000000, -0.000000000000000000, -1.000000000000000000 ) ) ;
#2700 = ORIENTED_EDGE ( 'NONE', *, *, #4924, .T. ) ;
#2701 = PLANE ( 'NONE',  #8481 ) ;
#2702 = LINE ( 'NONE', #8083, #6294 ) ;
#2703 = ORIENTED_EDGE ( 'NONE', *, *, #1563, .T. ) ;
#2704 = ORIENTED_EDGE ( 'NONE', *, *, #7949, .T. ) ;
#2705 = AXIS2_PLACEMENT_3D ( 'NONE', #5381, #3046, #2998 ) ;
#2706 = EDGE_LOOP ( 'NONE', ( #1192, #649, #2039, #2776 ) ) ;
#2707 = VERTEX_POINT ( 'NONE', #2265 ) ;
#2708 = FACE_OUTER_BOUND ( 'NONE', #1855, .T. ) ;
#2709 = DIRECTION ( 'NONE',  ( -1.036248463534798517E-31, -1.000000000000000000, -9.856383386231857595E-17 ) ) ;
#2710 = CARTESIAN_POINT ( 'NONE',  ( 1.250000000000033307, 0.000000000000000000, 2.400000000000000355 ) ) ;
#2711 = ORIENTED_EDGE ( 'NONE', *, *, #8959, .T. ) ;
#2712 = DIRECTION ( 'NONE',  ( -0.000000000000000000, -1.000000000000000000, -0.000000000000000000 ) ) ;
#2713 = CARTESIAN_POINT ( 'NONE',  ( -5.304999999999998828, 2.350000000000000089, -4.500000000000000888 ) ) ;
#2714 = ORIENTED_EDGE ( 'NONE', *, *, #1567, .T. ) ;
#2715 = EDGE_CURVE ( 'NONE', #108, #345, #4038, .T. ) ;
#2716 = EDGE_CURVE ( 'NONE', #6679, #5094, #9443, .T. ) ;
#2717 = ORIENTED_EDGE ( 'NONE', *, *, #8669, .T. ) ;
#2718 = CARTESIAN_POINT ( 'NONE',  ( -6.000000000000000000, 1.300000000000000266, 3.699999999999999734 ) ) ;
#2719 = DIRECTION ( 'NONE',  ( 1.000000000000000000, -8.673617379884035472E-16, 0.000000000000000000 ) ) ;
#2720 = DIRECTION ( 'NONE',  ( 0.000000000000000000, 0.000000000000000000, -1.000000000000000000 ) ) ;
#2721 = AXIS2_PLACEMENT_3D ( 'NONE', #2355, #1583, #3234 ) ;
#2722 = FILL_AREA_STYLE_COLOUR ( '', #6123 ) ;
#2723 = LINE ( 'NONE', #2775, #340 ) ;
#2724 = VERTEX_POINT ( 'NONE', #3085 ) ;
#2725 = DIRECTION ( 'NONE',  ( -0.000000000000000000, -1.000000000000000000, -0.000000000000000000 ) ) ;
#2726 = ADVANCED_FACE ( 'NONE', ( #9581 ), #4883, .F. ) ;
#2727 = DIRECTION ( 'NONE',  ( 0.000000000000000000, 1.224646799147353454E-16, -1.000000000000000000 ) ) ;
#2728 = EDGE_CURVE ( 'NONE', #2743, #8973, #1489, .T. ) ;
#2729 = EDGE_CURVE ( 'NONE', #1413, #5561, #7943, .T. ) ;
#2730 = VECTOR ( 'NONE', #4794, 1000.000000000000000 ) ;
#2731 = EDGE_CURVE ( 'NONE', #7622, #4285, #6382, .T. ) ;
#2732 = DIRECTION ( 'NONE',  ( 0.000000000000000000, 0.000000000000000000, -1.000000000000000000 ) ) ;
#2733 = FACE_OUTER_BOUND ( 'NONE', #10154, .T. ) ;
#2734 = CARTESIAN_POINT ( 'NONE',  ( -4.800000000000000711, 5.400000000000001243, 1.282157287525380829 ) ) ;
#2735 = CARTESIAN_POINT ( 'NONE',  ( 4.350000000000003197, 2.750000000000001776, -3.200000000000000178 ) ) ;
#2736 = LINE ( 'NONE', #9970, #5122 ) ;
#2737 = CARTESIAN_POINT ( 'NONE',  ( -4.800000000000000711, 4.864999999999999325, 2.125000000000000000 ) ) ;
#2738 = VECTOR ( 'NONE', #1230, 1000.000000000000000 ) ;
#2739 = CARTESIAN_POINT ( 'NONE',  ( 3.827974591282621297, -1.084202172485504434E-16, -4.649999999999999467 ) ) ;
#2740 = ORIENTED_EDGE ( 'NONE', *, *, #6206, .T. ) ;
#2741 = LINE ( 'NONE', #5225, #873 ) ;
#2742 = ORIENTED_EDGE ( 'NONE', *, *, #7018, .T. ) ;
#2743 = VERTEX_POINT ( 'NONE', #2313 ) ;
#2744 = ORIENTED_EDGE ( 'NONE', *, *, #7984, .T. ) ;
#2745 = CIRCLE ( 'NONE', #6107, 0.1749999999999993783 ) ;
#2746 = ADVANCED_FACE ( 'NONE', ( #4680 ), #7851, .F. ) ;
#2747 = FILL_AREA_STYLE ('',( #5178 ) ) ;
#2748 = EDGE_CURVE ( 'NONE', #4893, #2112, #7721, .T. ) ;
#2749 = LINE ( 'NONE', #3380, #3115 ) ;
#2750 = PLANE ( 'NONE',  #7236 ) ;
#2751 = VERTEX_POINT ( 'NONE', #7061 ) ;
#2752 = CARTESIAN_POINT ( 'NONE',  ( -2.749999999999967581, 0.6000000000000000888, 5.000000000000000000 ) ) ;
#2753 = CARTESIAN_POINT ( 'NONE',  ( -5.305000000000000604, 0.4000000000000000222, -1.700000000000000178 ) ) ;
#2754 = VERTEX_POINT ( 'NONE', #6289 ) ;
#2755 = VECTOR ( 'NONE', #3041, 1000.000000000000000 ) ;
#2756 = ORIENTED_EDGE ( 'NONE', *, *, #9482, .F. ) ;
#2757 = ORIENTED_EDGE ( 'NONE', *, *, #1304, .F. ) ;
#2758 = VERTEX_POINT ( 'NONE', #5615 ) ;
#2759 = AXIS2_PLACEMENT_3D ( 'NONE', #10174, #3739, #10120 ) ;
#2760 = DIRECTION ( 'NONE',  ( 1.000000000000000000, -0.000000000000000000, -0.000000000000000000 ) ) ;
#2761 = CARTESIAN_POINT ( 'NONE',  ( -6.000000000000000000, 1.300000000000000266, 3.899999999999999911 ) ) ;
#2762 = ADVANCED_FACE ( 'NONE', ( #5522 ), #8677, .F. ) ;
#2763 = DIRECTION ( 'NONE',  ( -0.000000000000000000, -0.7071067811865495711, -0.7071067811865455743 ) ) ;
#2764 = ORIENTED_EDGE ( 'NONE', *, *, #9681, .T. ) ;
#2765 = CARTESIAN_POINT ( 'NONE',  ( 5.055000000000000604, 1.999896230895142013, -5.000000000000000000 ) ) ;
#2766 = CARTESIAN_POINT ( 'NONE',  ( -5.200000000000001066, 5.500000000000001776, 0.5321572875253787194 ) ) ;
#2767 = ORIENTED_EDGE ( 'NONE', *, *, #4259, .T. ) ;
#2768 =( GEOMETRIC_REPRESENTATION_CONTEXT ( 3 ) GLOBAL_UNCERTAINTY_ASSIGNED_CONTEXT ( ( #10133 ) ) GLOBAL_UNIT_ASSIGNED_CONTEXT ( ( #8309, #1799, #7333 ) ) REPRESENTATION_CONTEXT ( 'NONE', 'WORKASPACE' ) );
#2769 = ORIENTED_EDGE ( 'NONE', *, *, #9086, .F. ) ;
#2770 = CARTESIAN_POINT ( 'NONE',  ( -5.305000000000000604, 1.799999999999999600, 1.099999999999999867 ) ) ;
#2771 = DIRECTION ( 'NONE',  ( -0.000000000000000000, 0.5735764363510498232, 0.8191520442889891340 ) ) ;
#2772 = CARTESIAN_POINT ( 'NONE',  ( 6.000000000000000000, 0.2000000000000000111, 3.899999999999999911 ) ) ;
#2773 = EDGE_CURVE ( 'NONE', #9059, #6789, #6607, .T. ) ;
#2774 = CARTESIAN_POINT ( 'NONE',  ( 0.7000000000000000666, 4.400000000000000355, -3.199999999999999734 ) ) ;
#2775 = CARTESIAN_POINT ( 'NONE',  ( -4.004999999999999893, 5.500000000000000000, 2.249999999999999556 ) ) ;
#2776 = ORIENTED_EDGE ( 'NONE', *, *, #3642, .F. ) ;
#2777 = LINE ( 'NONE', #3733, #1669 ) ;
#2778 = CARTESIAN_POINT ( 'NONE',  ( -5.200000000000001066, 5.425000000000000711, 3.000000000000000444 ) ) ;
#2779 = VECTOR ( 'NONE', #8278, 1000.000000000000000 ) ;
#2780 = VECTOR ( 'NONE', #6293, 1000.000000000000000 ) ;
#2781 = DIRECTION ( 'NONE',  ( 1.000000000000000000, -0.000000000000000000, -0.000000000000000000 ) ) ;
#2782 = LINE ( 'NONE', #2117, #2147 ) ;
#2783 = LINE ( 'NONE', #1041, #5974 ) ;
#2784 = ADVANCED_FACE ( 'NONE', ( #7322 ), #2511, .F. ) ;
#2785 = VECTOR ( 'NONE', #632, 1000.000000000000000 ) ;
#2786 = EDGE_CURVE ( 'NONE', #6302, #7871, #3290, .T. ) ;
#2787 = DIRECTION ( 'NONE',  ( 0.000000000000000000, 0.000000000000000000, 1.000000000000000000 ) ) ;
#2788 = DIRECTION ( 'NONE',  ( 0.000000000000000000, 0.000000000000000000, 1.000000000000000000 ) ) ;
#2789 = CARTESIAN_POINT ( 'NONE',  ( 3.600258586953228424, 0.7601679930917942807, -4.989832006908207163 ) ) ;
#2790 = VECTOR ( 'NONE', #8938, 1000.000000000000114 ) ;
#2791 = CARTESIAN_POINT ( 'NONE',  ( 3.645601145016805322, 0.1378977443958027960, -4.936268968252665701 ) ) ;
#2792 = EDGE_CURVE ( 'NONE', #9470, #4639, #8201, .T. ) ;
#2793 = ORIENTED_EDGE ( 'NONE', *, *, #4261, .F. ) ;
#2794 = LINE ( 'NONE', #6001, #894 ) ;
#2795 = ORIENTED_EDGE ( 'NONE', *, *, #4620, .F. ) ;
#2796 = AXIS2_PLACEMENT_3D ( 'NONE', #4096, #2320, #7274 ) ;
#2797 = ORIENTED_EDGE ( 'NONE', *, *, #9123, .F. ) ;
#2798 = CIRCLE ( 'NONE', #9287, 0.2000000000000005107 ) ;
#2799 = LINE ( 'NONE', #7452, #8460 ) ;
#2800 = DIRECTION ( 'NONE',  ( 2.224004456380521903E-16, 1.000000000000000000, 0.000000000000000000 ) ) ;
#2801 = EDGE_LOOP ( 'NONE', ( #6567, #4814, #6088, #786, #5281 ) ) ;
#2802 = DIRECTION ( 'NONE',  ( -1.084202172485504237E-15, 1.591489427501658143E-16, -1.000000000000000000 ) ) ;
#2803 = EDGE_CURVE ( 'NONE', #4399, #8191, #9643, .T. ) ;
#2804 = CARTESIAN_POINT ( 'NONE',  ( 5.200000000000001066, 5.465000000000001634, 0.7499999999999993339 ) ) ;
#2805 = VECTOR ( 'NONE', #6377, 1000.000000000000000 ) ;
#2806 = VERTEX_POINT ( 'NONE', #5722 ) ;
#2807 = DIRECTION ( 'NONE',  ( -0.000000000000000000, -0.000000000000000000, 1.000000000000000000 ) ) ;
#2808 = CLOSED_SHELL ( 'NONE', ( #6304, #6448, #6431, #5267, #7218, #7450, #4016, #1418 ) ) ;
#2809 = EDGE_CURVE ( 'NONE', #3609, #9752, #4398, .T. ) ;
#2810 = ORIENTED_EDGE ( 'NONE', *, *, #790, .F. ) ;
#2811 = EDGE_CURVE ( 'NONE', #7100, #9302, #9692, .T. ) ;
#2812 = VERTEX_POINT ( 'NONE', #1209 ) ;
#2813 = VECTOR ( 'NONE', #9434, 1000.000000000000114 ) ;
#2814 = ORIENTED_EDGE ( 'NONE', *, *, #465, .T. ) ;
#2815 = CIRCLE ( 'NONE', #8648, 0.07500000000000041356 ) ;
#2816 = CARTESIAN_POINT ( 'NONE',  ( 5.200000000000001066, 5.500000000000001776, 1.282157287525380163 ) ) ;
#2817 = DIRECTION ( 'NONE',  ( -0.000000000000000000, 1.000000000000000000, 0.000000000000000000 ) ) ;
#2818 = VECTOR ( 'NONE', #5601, 1000.000000000000000 ) ;
#2819 = CARTESIAN_POINT ( 'NONE',  ( 1.250000000000001110, 2.149999999999999467, -1.999999999999997335 ) ) ;
#2820 = CARTESIAN_POINT ( 'NONE',  ( -0.7499999999999988898, 2.649999999999999911, -1.999999999999997335 ) ) ;
#2821 = VERTEX_POINT ( 'NONE', #2561 ) ;
#2822 = LINE ( 'NONE', #1220, #4990 ) ;
#2823 = DIRECTION ( 'NONE',  ( 0.000000000000000000, -1.591489427501657896E-16, 1.000000000000000000 ) ) ;
#2824 = ORIENTED_EDGE ( 'NONE', *, *, #6845, .T. ) ;
#2825 = VECTOR ( 'NONE', #2938, 1000.000000000000000 ) ;
#2826 = ADVANCED_FACE ( 'NONE', ( #4935 ), #4196, .F. ) ;
#2827 = AXIS2_PLACEMENT_3D ( 'NONE', #626, #4629, #10062 ) ;
#2828 = VECTOR ( 'NONE', #7515, 1000.000000000000000 ) ;
#2829 = ORIENTED_EDGE ( 'NONE', *, *, #2001, .T. ) ;
#2830 = CARTESIAN_POINT ( 'NONE',  ( -4.204999999999998295, 5.700000000000000178, 2.800000000000000266 ) ) ;
#2831 = LINE ( 'NONE', #2163, #1789 ) ;
#2832 = LINE ( 'NONE', #5205, #1106 ) ;
#2833 = DIRECTION ( 'NONE',  ( 1.000000000000000000, 0.000000000000000000, -0.000000000000000000 ) ) ;
#2834 = DIRECTION ( 'NONE',  ( -0.000000000000000000, -1.000000000000000000, -0.000000000000000000 ) ) ;
#2835 = CARTESIAN_POINT ( 'NONE',  ( 0.7000000000000000666, 4.400000000000000355, -3.199999999999999734 ) ) ;
#2836 = ORIENTED_EDGE ( 'NONE', *, *, #3004, .F. ) ;
#2837 = PLANE ( 'NONE',  #4001 ) ;
#2838 = DIRECTION ( 'NONE',  ( -1.000000000000000000, -0.000000000000000000, 0.000000000000000000 ) ) ;
#2839 = DIRECTION ( 'NONE',  ( 0.000000000000000000, 0.000000000000000000, -1.000000000000000000 ) ) ;
#2840 = CARTESIAN_POINT ( 'NONE',  ( -5.200000000000001066, 5.394289321881346133, 1.429289321881345387 ) ) ;
#2841 = CARTESIAN_POINT ( 'NONE',  ( 6.000000000000000000, 5.064999999999999503, 2.800000000000000266 ) ) ;
#2842 = LINE ( 'NONE', #4586, #3798 ) ;
#2843 = CARTESIAN_POINT ( 'NONE',  ( 5.305000000000000604, 0.4000000000000052403, -1.513476936738000322 ) ) ;
#2844 = CARTESIAN_POINT ( 'NONE',  ( -3.777030276597250324, 0.1349081991615664611, -4.929882945992150489 ) ) ;
#2845 = DIRECTION ( 'NONE',  ( 0.000000000000000000, -0.000000000000000000, -1.000000000000000000 ) ) ;
#2846 = ORIENTED_EDGE ( 'NONE', *, *, #2057, .T. ) ;
#2847 = PRESENTATION_STYLE_ASSIGNMENT (( #5429 ) ) ;
#2848 = VERTEX_POINT ( 'NONE', #6790 ) ;
#2849 = EDGE_CURVE ( 'NONE', #6000, #6484, #7567, .T. ) ;
#2850 = EDGE_CURVE ( 'NONE', #6848, #3773, #4562, .T. ) ;
#2851 = VECTOR ( 'NONE', #8785, 1000.000000000000114 ) ;
#2852 = ORIENTED_EDGE ( 'NONE', *, *, #5434, .T. ) ;
#2853 = DIRECTION ( 'NONE',  ( -1.000000000000000000, -0.000000000000000000, -0.000000000000000000 ) ) ;
#2854 = UNCERTAINTY_MEASURE_WITH_UNIT (LENGTH_MEASURE( 1.000000000000000082E-05 ), #7665, 'distance_accuracy_value', 'NONE');
#2855 = CARTESIAN_POINT ( 'NONE',  ( -0.4966738879314753219, 1.799999999999999600, 1.399999999999999689 ) ) ;
#2856 = LINE ( 'NONE', #1360, #6420 ) ;
#2857 = EDGE_LOOP ( 'NONE', ( #1326, #4854, #79, #5070 ) ) ;
#2858 = CARTESIAN_POINT ( 'NONE',  ( -2.749999999999966693, 0.6000000000000000888, 2.400000000000000355 ) ) ;
#2859 = AXIS2_PLACEMENT_3D ( 'NONE', #6648, #8965, #1943 ) ;
#2860 = FACE_OUTER_BOUND ( 'NONE', #3864, .T. ) ;
#2861 = ORIENTED_EDGE ( 'NONE', *, *, #9507, .F. ) ;
#2862 = AXIS2_PLACEMENT_3D ( 'NONE', #7852, #4630, #8771 ) ;
#2863 = CARTESIAN_POINT ( 'NONE',  ( 5.055000000000000604, 0.000000000000000000, -4.750000000000000000 ) ) ;
#2864 = ORIENTED_EDGE ( 'NONE', *, *, #2363, .T. ) ;
#2865 = ORIENTED_EDGE ( 'NONE', *, *, #9439, .F. ) ;
#2866 = ORIENTED_EDGE ( 'NONE', *, *, #454, .T. ) ;
#2867 = EDGE_CURVE ( 'NONE', #2250, #1141, #6844, .T. ) ;
#2868 = MECHANICAL_DESIGN_GEOMETRIC_PRESENTATION_REPRESENTATION (  '', ( #3877 ), #8848 ) ;
#2869 = CARTESIAN_POINT ( 'NONE',  ( 6.000000000000000000, 1.999896230895142013, -5.000000000000000000 ) ) ;
#2870 = SURFACE_SIDE_STYLE ('',( #1215 ) ) ;
#2871 = DIRECTION ( 'NONE',  ( 0.000000000000000000, 1.334402673828314227E-15, -1.000000000000000000 ) ) ;
#2872 = CARTESIAN_POINT ( 'NONE',  ( 4.800000000000000711, 5.394289321881347021, 1.570710678118654391 ) ) ;
#2873 = VERTEX_POINT ( 'NONE', #1255 ) ;
#2874 = SURFACE_STYLE_FILL_AREA ( #2052 ) ;
#2875 = DIRECTION ( 'NONE',  ( 0.000000000000000000, 0.7071067811865495711, 0.7071067811865455743 ) ) ;
#2876 = ORIENTED_EDGE ( 'NONE', *, *, #4164, .T. ) ;
#2877 = ORIENTED_EDGE ( 'NONE', *, *, #7983, .T. ) ;
#2878 = VERTEX_POINT ( 'NONE', #8869 ) ;
#2879 = CARTESIAN_POINT ( 'NONE',  ( -0.7499999999999988898, 2.149999999999999467, -1.999999999999997335 ) ) ;
#2880 = EDGE_CURVE ( 'NONE', #4134, #3494, #3601, .T. ) ;
#2881 = FACE_OUTER_BOUND ( 'NONE', #7020, .T. ) ;
#2882 = LINE ( 'NONE', #2106, #1755 ) ;
#2883 = EDGE_CURVE ( 'NONE', #8513, #7919, #1023, .T. ) ;
#2884 = CARTESIAN_POINT ( 'NONE',  ( 2.399999999999999911, 5.700000000000000178, -3.200000000000000178 ) ) ;
#2885 = ORIENTED_EDGE ( 'NONE', *, *, #6976, .F. ) ;
#2886 = PLANE ( 'NONE',  #3760 ) ;
#2887 = ORIENTED_EDGE ( 'NONE', *, *, #5245, .F. ) ;
#2888 = DIRECTION ( 'NONE',  ( 0.000000000000000000, -0.000000000000000000, -1.000000000000000000 ) ) ;
#2889 = DIRECTION ( 'NONE',  ( 0.000000000000000000, 0.000000000000000000, -1.000000000000000000 ) ) ;
#2890 = DIRECTION ( 'NONE',  ( -1.000000000000000000, -0.000000000000000000, -0.000000000000000000 ) ) ;
#2891 = CARTESIAN_POINT ( 'NONE',  ( 4.800000000000000711, 5.500000000000000888, -1.699999999999999289 ) ) ;
#2892 = PLANE ( 'NONE',  #974 ) ;
#2893 = FACE_OUTER_BOUND ( 'NONE', #7219, .T. ) ;
#2894 = LINE ( 'NONE', #4483, #4100 ) ;
#2895 = DIRECTION ( 'NONE',  ( -1.051347561198064613E-15, 0.000000000000000000, -1.000000000000000000 ) ) ;
#2896 = EDGE_CURVE ( 'NONE', #8073, #8464, #149, .T. ) ;
#2897 = CARTESIAN_POINT ( 'NONE',  ( 2.859191070279861524, 2.649999999999999911, -2.300000000000000266 ) ) ;
#2898 = VERTEX_POINT ( 'NONE', #9985 ) ;
#2899 = DIRECTION ( 'NONE',  ( -0.000000000000000000, 1.000000000000000000, -0.000000000000000000 ) ) ;
#2900 = PRESENTATION_LAYER_ASSIGNMENT (  '', '', ( #6909 ) ) ;
#2901 = ORIENTED_EDGE ( 'NONE', *, *, #3124, .F. ) ;
#2902 = ORIENTED_EDGE ( 'NONE', *, *, #6025, .F. ) ;
#2903 = LINE ( 'NONE', #781, #2029 ) ;
#2904 = VECTOR ( 'NONE', #5182, 1000.000000000000000 ) ;
#2905 = LINE ( 'NONE', #7672, #5656 ) ;
#2906 = ADVANCED_FACE ( 'NONE', ( #967 ), #7374, .T. ) ;
#2907 = LINE ( 'NONE', #5389, #2904 ) ;
#2908 = VERTEX_POINT ( 'NONE', #3401 ) ;
#2909 = CARTESIAN_POINT ( 'NONE',  ( -2.400000000000000355, 4.850000000000000533, -3.200000000000000178 ) ) ;
#2910 = EDGE_LOOP ( 'NONE', ( #3658, #9071, #9024, #5812, #3717, #3648 ) ) ;
#2911 = CARTESIAN_POINT ( 'NONE',  ( 5.200000000000001066, 2.575000000000000178, 3.725000000000000089 ) ) ;
#2912 = ORIENTED_EDGE ( 'NONE', *, *, #9275, .F. ) ;
#2913 = AXIS2_PLACEMENT_3D ( 'NONE', #10159, #7009, #4678 ) ;
#2914 = ORIENTED_EDGE ( 'NONE', *, *, #5146, .F. ) ;
#2915 = ORIENTED_EDGE ( 'NONE', *, *, #2093, .F. ) ;
#2916 = CARTESIAN_POINT ( 'NONE',  ( 5.305000000000000604, 1.800000000000000266, -3.200000000000000178 ) ) ;
#2917 = FACE_OUTER_BOUND ( 'NONE', #6554, .T. ) ;
#2918 = DIRECTION ( 'NONE',  ( 0.000000000000000000, 1.000000000000000000, 0.000000000000000000 ) ) ;
#2919 = ADVANCED_FACE ( 'NONE', ( #2609 ), #5824, .F. ) ;
#2920 = AXIS2_PLACEMENT_3D ( 'NONE', #3764, #2817, #3557 ) ;
#2921 = LINE ( 'NONE', #3608, #8879 ) ;
#2922 = ORIENTED_EDGE ( 'NONE', *, *, #4012, .F. ) ;
#2923 = CARTESIAN_POINT ( 'NONE',  ( -3.535053851276744208, 0.9000000000000005773, -4.849999999999997868 ) ) ;
#2924 = DIRECTION ( 'NONE',  ( -0.000000000000000000, -1.000000000000000000, -0.000000000000000000 ) ) ;
#2925 = ORIENTED_EDGE ( 'NONE', *, *, #968, .F. ) ;
#2926 = VERTEX_POINT ( 'NONE', #3758 ) ;
#2927 = AXIS2_PLACEMENT_3D ( 'NONE', #9708, #6523, #2579 ) ;
#2928 = ORIENTED_EDGE ( 'NONE', *, *, #3525, .F. ) ;
#2929 = CARTESIAN_POINT ( 'NONE',  ( -5.304999999999998828, 1.999896230895142013, -5.000000000000000000 ) ) ;
#2930 = DIRECTION ( 'NONE',  ( -1.000000000000000000, 0.000000000000000000, -0.000000000000000000 ) ) ;
#2931 = ORIENTED_EDGE ( 'NONE', *, *, #740, .F. ) ;
#2932 = LINE ( 'NONE', #4525, #5603 ) ;
#2933 = ORIENTED_EDGE ( 'NONE', *, *, #1716, .F. ) ;
#2934 = VECTOR ( 'NONE', #408, 1000.000000000000000 ) ;
#2935 = CARTESIAN_POINT ( 'NONE',  ( -0.7000000000000000666, 5.700000000000000178, -3.199999999999999734 ) ) ;
#2936 = EDGE_CURVE ( 'NONE', #7796, #9249, #9468, .T. ) ;
#2937 = CARTESIAN_POINT ( 'NONE',  ( -5.200000000000001066, 5.500000000000001776, 3.075000000000001066 ) ) ;
#2938 = DIRECTION ( 'NONE',  ( 1.000000000000000000, 0.000000000000000000, 0.000000000000000000 ) ) ;
#2939 = CARTESIAN_POINT ( 'NONE',  ( 3.250000000000001332, 2.149999999999999467, 0.7999999999999994893 ) ) ;
#2940 = VECTOR ( 'NONE', #1206, 1000.000000000000000 ) ;
#2941 = DIRECTION ( 'NONE',  ( -1.000000000000000000, -0.000000000000000000, -0.000000000000000000 ) ) ;
#2942 = CARTESIAN_POINT ( 'NONE',  ( 1.999999999999998224, 0.3499999999999996447, -4.100000000000005862 ) ) ;
#2943 = CARTESIAN_POINT ( 'NONE',  ( -3.645601145016800881, 0.1378977443958015192, -4.936268968252672806 ) ) ;
#2944 = LINE ( 'NONE', #6972, #2319 ) ;
#2945 = ORIENTED_EDGE ( 'NONE', *, *, #4029, .F. ) ;
#2946 = LINE ( 'NONE', #2180, #6729 ) ;
#2947 = ORIENTED_EDGE ( 'NONE', *, *, #6669, .T. ) ;
#2948 = EDGE_CURVE ( 'NONE', #6264, #2194, #4555, .T. ) ;
#2949 = VECTOR ( 'NONE', #286, 1000.000000000000000 ) ;
#2950 = VECTOR ( 'NONE', #5700, 1000.000000000000000 ) ;
#2951 = VERTEX_POINT ( 'NONE', #7732 ) ;
#2952 = UNCERTAINTY_MEASURE_WITH_UNIT (LENGTH_MEASURE( 1.000000000000000082E-05 ), #8496, 'distance_accuracy_value', 'NONE');
#2953 = CARTESIAN_POINT ( 'NONE',  ( -5.305000000000000604, 0.4000000000000000222, -1.700000000000000178 ) ) ;
#2954 = DIRECTION ( 'NONE',  ( 0.000000000000000000, 0.5646839155919902709, -0.8253072612498317806 ) ) ;
#2955 = VERTEX_POINT ( 'NONE', #3010 ) ;
#2956 = CARTESIAN_POINT ( 'NONE',  ( -5.054999999999998828, 1.999896230895142013, -5.000000000000000000 ) ) ;
#2957 = CARTESIAN_POINT ( 'NONE',  ( -2.749999999999999112, 2.649999999999999911, -1.999999999999997335 ) ) ;
#2958 = ORIENTED_EDGE ( 'NONE', *, *, #5312, .T. ) ;
#2959 = CARTESIAN_POINT ( 'NONE',  ( -2.749999999999999112, 2.149999999999999467, 0.7999999999999994893 ) ) ;
#2960 = VERTEX_POINT ( 'NONE', #2959 ) ;
#2961 = VECTOR ( 'NONE', #3186, 1000.000000000000000 ) ;
#2962 = ORIENTED_EDGE ( 'NONE', *, *, #9796, .T. ) ;
#2963 = ORIENTED_EDGE ( 'NONE', *, *, #453, .T. ) ;
#2964 = VECTOR ( 'NONE', #4290, 1000.000000000000000 ) ;
#2965 = DIRECTION ( 'NONE',  ( -1.000000000000000000, -2.224004456380521903E-16, 0.000000000000000000 ) ) ;
#2966 = DIRECTION ( 'NONE',  ( 0.000000000000000000, 0.000000000000000000, -1.000000000000000000 ) ) ;
#2967 = STYLED_ITEM ( 'NONE', ( #9677 ), #1535 ) ;
#2968 = AXIS2_PLACEMENT_3D ( 'NONE', #3518, #1956, #3572 ) ;
#2969 = FILL_AREA_STYLE ('',( #2050 ) ) ;
#2970 = ORIENTED_EDGE ( 'NONE', *, *, #9035, .T. ) ;
#2971 = CARTESIAN_POINT ( 'NONE',  ( -5.200000000000001066, 2.400000000000001243, -1.699999999999999734 ) ) ;
#2972 = CARTESIAN_POINT ( 'NONE',  ( -0.8499999999999970912, 3.850000000000001421, -3.200000000000000178 ) ) ;
#2973 = ORIENTED_EDGE ( 'NONE', *, *, #5691, .F. ) ;
#2974 = ORIENTED_EDGE ( 'NONE', *, *, #7875, .T. ) ;
#2975 = EDGE_CURVE ( 'NONE', #1573, #3441, #5443, .T. ) ;
#2976 = ADVANCED_FACE ( 'NONE', ( #8596 ), #5395, .F. ) ;
#2977 = ORIENTED_EDGE ( 'NONE', *, *, #3162, .F. ) ;
#2978 = CARTESIAN_POINT ( 'NONE',  ( -5.305000000000000604, 0.4000000000000000222, 1.099999999999999867 ) ) ;
#2979 = DIRECTION ( 'NONE',  ( 0.000000000000000000, 0.000000000000000000, -1.000000000000000000 ) ) ;
#2980 = FACE_OUTER_BOUND ( 'NONE', #1361, .T. ) ;
#2981 = ORIENTED_EDGE ( 'NONE', *, *, #9294, .F. ) ;
#2982 = AXIS2_PLACEMENT_3D ( 'NONE', #10233, #6312, #4957 ) ;
#2983 = CARTESIAN_POINT ( 'NONE',  ( -1.249999999999968248, 0.000000000000000000, 5.000000000000000000 ) ) ;
#2984 = ORIENTED_EDGE ( 'NONE', *, *, #7003, .F. ) ;
#2985 = LINE ( 'NONE', #2168, #9312 ) ;
#2986 = VECTOR ( 'NONE', #80, 999.9999999999998863 ) ;
#2987 = DIRECTION ( 'NONE',  ( -0.000000000000000000, -0.000000000000000000, -1.000000000000000000 ) ) ;
#2988 = VECTOR ( 'NONE', #3239, 1000.000000000000000 ) ;
#2989 = DIRECTION ( 'NONE',  ( 6.195440985631441512E-16, -1.000000000000000000, 0.000000000000000000 ) ) ;
#2990 = DIRECTION ( 'NONE',  ( -0.000000000000000000, -0.7071067811865444641, -0.7071067811865505703 ) ) ;
#2991 = EDGE_CURVE ( 'NONE', #8021, #3909, #6891, .T. ) ;
#2992 = DIRECTION ( 'NONE',  ( -0.000000000000000000, 1.000000000000000000, -0.000000000000000000 ) ) ;
#2993 = CYLINDRICAL_SURFACE ( 'NONE', #8602, 0.1749999999999993783 ) ;
#2994 = ADVANCED_FACE ( 'NONE', ( #2142 ), #5345, .F. ) ;
#2995 = EDGE_CURVE ( 'NONE', #5930, #6075, #10179, .T. ) ;
#2996 = DIRECTION ( 'NONE',  ( 1.000000000000000000, -0.000000000000000000, -0.000000000000000000 ) ) ;
#2997 = ORIENTED_EDGE ( 'NONE', *, *, #6518, .T. ) ;
#2998 = DIRECTION ( 'NONE',  ( 0.000000000000000000, 1.000000000000000000, 0.000000000000000000 ) ) ;
#2999 = EDGE_LOOP ( 'NONE', ( #954, #8620, #3553, #5462 ) ) ;
#3000 = EDGE_CURVE ( 'NONE', #6839, #8449, #2239, .T. ) ;
#3001 = VERTEX_POINT ( 'NONE', #6117 ) ;
#3002 = CARTESIAN_POINT ( 'NONE',  ( 4.800000000000000711, 5.500000000000001776, 3.075000000000001066 ) ) ;
#3003 = ADVANCED_FACE ( 'NONE', ( #10190 ), #8545, .T. ) ;
#3004 = EDGE_CURVE ( 'NONE', #2034, #1479, #6986, .T. ) ;
#3005 = DIRECTION ( 'NONE',  ( -0.000000000000000000, -1.000000000000000000, -3.097720492815727659E-16 ) ) ;
#3006 = CARTESIAN_POINT ( 'NONE',  ( 5.200000000000001066, 5.465000000000001634, 0.7499999999999993339 ) ) ;
#3007 = EDGE_LOOP ( 'NONE', ( #3508, #7049, #5614, #6594 ) ) ;
#3008 = PLANE ( 'NONE',  #1005 ) ;
#3009 = ORIENTED_EDGE ( 'NONE', *, *, #8549, .T. ) ;
#3010 = CARTESIAN_POINT ( 'NONE',  ( 4.350000000000002309, 2.350000000000000089, -4.500000000000000888 ) ) ;
#3011 = VECTOR ( 'NONE', #3156, 1000.000000000000000 ) ;
#3012 = ORIENTED_EDGE ( 'NONE', *, *, #9605, .F. ) ;
#3013 = ORIENTED_EDGE ( 'NONE', *, *, #2948, .F. ) ;
#3014 = ORIENTED_EDGE ( 'NONE', *, *, #1493, .F. ) ;
#3015 = LINE ( 'NONE', #843, #319 ) ;
#3016 = VECTOR ( 'NONE', #4640, 1000.000000000000000 ) ;
#3017 = LINE ( 'NONE', #5501, #10259 ) ;
#3018 = VECTOR ( 'NONE', #1963, 1000.000000000000000 ) ;
#3019 = CARTESIAN_POINT ( 'NONE',  ( -4.600000000000003197, 5.700000000000000178, -1.899999999999995248 ) ) ;
#3020 = ORIENTED_EDGE ( 'NONE', *, *, #8240, .T. ) ;
#3021 = SURFACE_STYLE_USAGE ( .BOTH. , #6997 ) ;
#3022 = CARTESIAN_POINT ( 'NONE',  ( 5.201446609406726651, 1.999896230895142457, -5.000000000000000000 ) ) ;
#3023 = ORIENTED_EDGE ( 'NONE', *, *, #8961, .F. ) ;
#3024 = ORIENTED_EDGE ( 'NONE', *, *, #8077, .F. ) ;
#3025 = VECTOR ( 'NONE', #8262, 1000.000000000000000 ) ;
#3026 = EDGE_LOOP ( 'NONE', ( #1375, #3762, #8914, #8096 ) ) ;
#3027 = DIRECTION ( 'NONE',  ( 0.000000000000000000, 0.2631174057921086828, 0.9647638212377321887 ) ) ;
#3028 = DIRECTION ( 'NONE',  ( -1.000000000000000000, 0.000000000000000000, -0.000000000000000000 ) ) ;
#3029 = PLANE ( 'NONE',  #6785 ) ;
#3030 = EDGE_LOOP ( 'NONE', ( #2372, #203, #5658, #3590 ) ) ;
#3031 = EDGE_CURVE ( 'NONE', #2926, #4387, #8650, .T. ) ;
#3032 = AXIS2_PLACEMENT_3D ( 'NONE', #4988, #8915, #8151 ) ;
#3033 = CARTESIAN_POINT ( 'NONE',  ( -5.200000000000001066, 5.500000000000001776, 0.5321572875253787194 ) ) ;
#3034 = ADVANCED_FACE ( 'NONE', ( #10237 ), #4503, .T. ) ;
#3035 = ORIENTED_EDGE ( 'NONE', *, *, #8171, .T. ) ;
#3036 = CARTESIAN_POINT ( 'NONE',  ( -2.749999999999967581, 0.000000000000000000, 2.900000000000001688 ) ) ;
#3037 = DIRECTION ( 'NONE',  ( -0.000000000000000000, -1.000000000000000000, -0.000000000000000000 ) ) ;
#3038 = CARTESIAN_POINT ( 'NONE',  ( -0.03333333333333226428, 7.966666666666686325, -6.216666666666649910 ) ) ;
#3039 = LINE ( 'NONE', #1348, #3628 ) ;
#3040 = LINE ( 'NONE', #7602, #9444 ) ;
#3041 = DIRECTION ( 'NONE',  ( -0.000000000000000000, -0.000000000000000000, -1.000000000000000000 ) ) ;
#3042 = ADVANCED_FACE ( 'NONE', ( #3907 ), #9318, .F. ) ;
#3043 = CARTESIAN_POINT ( 'NONE',  ( 0.6250000000000001110, 4.700000000000000178, -3.920676172323507251E-17 ) ) ;
#3044 = ADVANCED_FACE ( 'NONE', ( #547 ), #9368, .F. ) ;
#3045 = ORIENTED_EDGE ( 'NONE', *, *, #8413, .T. ) ;
#3046 = DIRECTION ( 'NONE',  ( 0.9396926207859095381, 0.000000000000000000, -0.3420201433256658263 ) ) ;
#3047 = EDGE_CURVE ( 'NONE', #7969, #6591, #7775, .T. ) ;
#3048 = ORIENTED_EDGE ( 'NONE', *, *, #8549, .F. ) ;
#3049 = CARTESIAN_POINT ( 'NONE',  ( 0.7500000000000318634, 0.000000000000000000, 5.000000000000000000 ) ) ;
#3050 = VERTEX_POINT ( 'NONE', #6261 ) ;
#3051 = LINE ( 'NONE', #4440, #4859 ) ;
#3052 = DIRECTION ( 'NONE',  ( 1.000000000000000000, 0.000000000000000000, -0.000000000000000000 ) ) ;
#3053 = COLOUR_RGB ( '',1.000000000000000000, 1.000000000000000000, 0.7529411764705882248 ) ;
#3054 = CARTESIAN_POINT ( 'NONE',  ( -4.200000000000000178, 4.800000000000000711, 0.7999999999999994893 ) ) ;
#3055 = CARTESIAN_POINT ( 'NONE',  ( 5.200000000000001066, 5.500000000000000888, 0.9678427124746186161 ) ) ;
#3056 = VERTEX_POINT ( 'NONE', #745 ) ;
#3057 = CARTESIAN_POINT ( 'NONE',  ( -4.800000000000000711, 2.400000000000000355, 3.700000000000000178 ) ) ;
#3058 = ORIENTED_EDGE ( 'NONE', *, *, #3887, .F. ) ;
#3059 = EDGE_CURVE ( 'NONE', #2250, #8288, #837, .T. ) ;
#3060 = EDGE_CURVE ( 'NONE', #9406, #1618, #6417, .T. ) ;
#3061 = ADVANCED_FACE ( 'NONE', ( #6528 ), #5591, .F. ) ;
#3062 = VERTEX_POINT ( 'NONE', #175 ) ;
#3063 = VECTOR ( 'NONE', #7967, 1000.000000000000000 ) ;
#3064 = FACE_OUTER_BOUND ( 'NONE', #9268, .T. ) ;
#3065 = ORIENTED_EDGE ( 'NONE', *, *, #7845, .F. ) ;
#3066 = DIRECTION ( 'NONE',  ( -1.000000000000000000, 0.000000000000000000, 0.000000000000000000 ) ) ;
#3067 = CARTESIAN_POINT ( 'NONE',  ( -5.200000000000001066, 4.864999999999999325, 2.925000000000000266 ) ) ;
#3068 = LINE ( 'NONE', #1469, #3903 ) ;
#3069 = EDGE_LOOP ( 'NONE', ( #4855, #2861, #5917, #7731 ) ) ;
#3070 =( NAMED_UNIT ( * ) SI_UNIT ( $, .STERADIAN. ) SOLID_ANGLE_UNIT ( ) );
#3071 = CARTESIAN_POINT ( 'NONE',  ( 1.250000000000032419, 0.6000000000000000888, 5.000000000000000000 ) ) ;
#3072 = ORIENTED_EDGE ( 'NONE', *, *, #3208, .T. ) ;
#3073 = VECTOR ( 'NONE', #8645, 1000.000000000000000 ) ;
#3074 = ORIENTED_EDGE ( 'NONE', *, *, #4106, .F. ) ;
#3075 = ORIENTED_EDGE ( 'NONE', *, *, #10066, .F. ) ;
#3076 = ORIENTED_EDGE ( 'NONE', *, *, #4722, .T. ) ;
#3077 = VECTOR ( 'NONE', #6283, 1000.000000000000000 ) ;
#3078 = EDGE_CURVE ( 'NONE', #4726, #9122, #573, .T. ) ;
#3079 = DIRECTION ( 'NONE',  ( 0.000000000000000000, -1.000000000000000000, -0.000000000000000000 ) ) ;
#3080 = DIRECTION ( 'NONE',  ( -0.000000000000000000, -0.000000000000000000, -1.000000000000000000 ) ) ;
#3081 = CARTESIAN_POINT ( 'NONE',  ( -4.600000000000001421, 5.700000000000000178, 2.800000000000000266 ) ) ;
#3082 = VERTEX_POINT ( 'NONE', #4171 ) ;
#3083 = LINE ( 'NONE', #519, #4082 ) ;
#3084 = ORIENTED_EDGE ( 'NONE', *, *, #2936, .F. ) ;
#3085 = CARTESIAN_POINT ( 'NONE',  ( -4.899999999999999467, 0.4000000000000000222, 1.100000000000000755 ) ) ;
#3086 = VECTOR ( 'NONE', #4743, 1000.000000000000000 ) ;
#3087 = CARTESIAN_POINT ( 'NONE',  ( 3.250000000000032419, 0.2000000000000000111, 2.400000000000000355 ) ) ;
#3088 = ADVANCED_FACE ( 'NONE', ( #22 ), #2432, .F. ) ;
#3089 = DIRECTION ( 'NONE',  ( 0.000000000000000000, -1.000000000000000000, 0.000000000000000000 ) ) ;
#3090 = FACE_OUTER_BOUND ( 'NONE', #9306, .T. ) ;
#3091 = VECTOR ( 'NONE', #583, 1000.000000000000000 ) ;
#3092 = PLANE ( 'NONE',  #499 ) ;
#3093 = PLANE ( 'NONE',  #3263 ) ;
#3094 = CARTESIAN_POINT ( 'NONE',  ( -1.999999999999998224, 8.000000000000000000, -4.100000000000005862 ) ) ;
#3095 = EDGE_LOOP ( 'NONE', ( #7554, #538, #8953, #493 ) ) ;
#3096 = CARTESIAN_POINT ( 'NONE',  ( 3.140808929720140252, 2.149999999999999467, -2.300000000000000266 ) ) ;
#3097 = ORIENTED_EDGE ( 'NONE', *, *, #9412, .F. ) ;
#3098 = VECTOR ( 'NONE', #9437, 1000.000000000000000 ) ;
#3099 = ADVANCED_FACE ( 'NONE', ( #4959 ), #788, .T. ) ;
#3100 = LINE ( 'NONE', #878, #4992 ) ;
#3101 = EDGE_CURVE ( 'NONE', #250, #5546, #9714, .T. ) ;
#3102 = DIRECTION ( 'NONE',  ( 0.000000000000000000, 0.000000000000000000, -1.000000000000000000 ) ) ;
#3103 = CARTESIAN_POINT ( 'NONE',  ( -5.305000000000000604, 0.4000000000000000222, -1.700000000000000178 ) ) ;
#3104 = EDGE_CURVE ( 'NONE', #250, #8597, #3958, .T. ) ;
#3105 = DIRECTION ( 'NONE',  ( -1.000000000000000000, 0.000000000000000000, 0.000000000000000000 ) ) ;
#3106 = DIRECTION ( 'NONE',  ( 0.000000000000000000, 1.000000000000000000, 0.000000000000000000 ) ) ;
#3107 = CARTESIAN_POINT ( 'NONE',  ( 0.4966738879314770427, 1.800000000000000266, -3.200000000000000178 ) ) ;
#3108 = VECTOR ( 'NONE', #2719, 1000.000000000000000 ) ;
#3109 = AXIS2_PLACEMENT_3D ( 'NONE', #2804, #3755, #7621 ) ;
#3110 = ORIENTED_EDGE ( 'NONE', *, *, #2673, .T. ) ;
#3111 = CARTESIAN_POINT ( 'NONE',  ( 5.200000000000001066, 5.425000000000000711, 3.000000000000000444 ) ) ;
#3112 = ORIENTED_EDGE ( 'NONE', *, *, #2880, .F. ) ;
#3113 = AXIS2_PLACEMENT_3D ( 'NONE', #10242, #652, #6993 ) ;
#3114 = VERTEX_POINT ( 'NONE', #7349 ) ;
#3115 = VECTOR ( 'NONE', #1827, 1000.000000000000000 ) ;
#3116 = LINE ( 'NONE', #2386, #5560 ) ;
#3117 = LINE ( 'NONE', #7835, #4978 ) ;
#3118 = EDGE_CURVE ( 'NONE', #123, #3295, #8842, .T. ) ;
#3119 = VECTOR ( 'NONE', #7, 1000.000000000000000 ) ;
#3120 = CARTESIAN_POINT ( 'NONE',  ( 2.750000000000031974, 0.000000000000000000, 2.900000000000001688 ) ) ;
#3121 = DIRECTION ( 'NONE',  ( -1.000000000000000000, -2.464994706835728613E-32, 1.548860246407864322E-16 ) ) ;
#3122 = ORIENTED_EDGE ( 'NONE', *, *, #9693, .T. ) ;
#3123 = DIRECTION ( 'NONE',  ( -0.7071067811865500152, 0.7071067811865451302, -4.829270603727144696E-16 ) ) ;
#3124 = EDGE_CURVE ( 'NONE', #7239, #9805, #9514, .T. ) ;
#3125 = CARTESIAN_POINT ( 'NONE',  ( -6.000000000000000000, 1.799999999999999600, 1.399999999999999689 ) ) ;
#3126 = VECTOR ( 'NONE', #2283, 1000.000000000000000 ) ;
#3127 = EDGE_CURVE ( 'NONE', #7361, #5201, #7135, .T. ) ;
#3128 = ORIENTED_EDGE ( 'NONE', *, *, #958, .F. ) ;
#3129 = VERTEX_POINT ( 'NONE', #7294 ) ;
#3130 = VECTOR ( 'NONE', #6967, 1000.000000000000000 ) ;
#3131 = EDGE_LOOP ( 'NONE', ( #8109, #10080, #7413, #6166 ) ) ;
#3132 = ORIENTED_EDGE ( 'NONE', *, *, #7959, .T. ) ;
#3133 = VECTOR ( 'NONE', #861, 1000.000000000000000 ) ;
#3134 = EDGE_CURVE ( 'NONE', #7040, #8178, #8698, .T. ) ;
#3135 = CLOSED_SHELL ( 'NONE', ( #8360, #3088, #3847, #7648, #6498, #3775, #7486, #7570 ) ) ;
#3136 = CARTESIAN_POINT ( 'NONE',  ( 5.200000000000001066, 2.400000000000000355, 3.700000000000000178 ) ) ;
#3137 = CARTESIAN_POINT ( 'NONE',  ( -1.249999999999968248, 0.000000000000000000, 2.900000000000001688 ) ) ;
#3138 = CARTESIAN_POINT ( 'NONE',  ( 3.250000000000033307, 0.6000000000000000888, 2.400000000000000355 ) ) ;
#3139 = EDGE_LOOP ( 'NONE', ( #5761, #6384, #1917, #7754 ) ) ;
#3140 = CARTESIAN_POINT ( 'NONE',  ( 4.800000000000000711, 5.470710678118656745, 1.352867965644033887 ) ) ;
#3141 = EDGE_CURVE ( 'NONE', #4703, #6996, #3321, .T. ) ;
#3142 = LINE ( 'NONE', #4085, #6427 ) ;
#3143 = EDGE_LOOP ( 'NONE', ( #3555, #5390, #8408, #3943, #10006, #5481 ) ) ;
#3144 = CARTESIAN_POINT ( 'NONE',  ( 2.399999999999999911, 5.700000000000000178, -3.200000000000000178 ) ) ;
#3145 = CARTESIAN_POINT ( 'NONE',  ( -4.800000000000000711, 5.064999999999999503, 2.800000000000000266 ) ) ;
#3146 = LINE ( 'NONE', #8052, #8316 ) ;
#3147 = LINE ( 'NONE', #923, #2620 ) ;
#3148 = CIRCLE ( 'NONE', #1499, 0.09999999999999993616 ) ;
#3149 = LINE ( 'NONE', #8825, #10267 ) ;
#3150 = DIRECTION ( 'NONE',  ( 0.000000000000000000, 0.000000000000000000, -1.000000000000000000 ) ) ;
#3151 = LINE ( 'NONE', #5683, #5847 ) ;
#3152 = ORIENTED_EDGE ( 'NONE', *, *, #7704, .T. ) ;
#3153 = CARTESIAN_POINT ( 'NONE',  ( 5.200000000000001066, 5.500000000000001776, 1.974999999999999423 ) ) ;
#3154 = ORIENTED_EDGE ( 'NONE', *, *, #5441, .F. ) ;
#3155 = CARTESIAN_POINT ( 'NONE',  ( 4.200000000000000178, 4.800000000000000711, -3.049999999999999378 ) ) ;
#3156 = DIRECTION ( 'NONE',  ( -0.000000000000000000, -0.000000000000000000, -1.000000000000000000 ) ) ;
#3157 = DIRECTION ( 'NONE',  ( 5.560011140951304758E-17, 0.000000000000000000, 1.000000000000000000 ) ) ;
#3158 = CARTESIAN_POINT ( 'NONE',  ( 4.800000000000000711, 5.425000000000000711, 3.075000000000000622 ) ) ;
#3159 = DIRECTION ( 'NONE',  ( 0.000000000000000000, 0.000000000000000000, -1.000000000000000000 ) ) ;
#3160 = DIRECTION ( 'NONE',  ( -0.000000000000000000, -1.000000000000000000, -0.000000000000000000 ) ) ;
#3161 = ADVANCED_FACE ( 'NONE', ( #5744 ), #4751, .T. ) ;
#3162 = EDGE_CURVE ( 'NONE', #9729, #3262, #1616, .T. ) ;
#3163 = VERTEX_POINT ( 'NONE', #3214 ) ;
#3164 = DIRECTION ( 'NONE',  ( 0.000000000000000000, -1.000000000000000000, 0.000000000000000000 ) ) ;
#3165 = EDGE_LOOP ( 'NONE', ( #7255, #7992, #4223, #9684 ) ) ;
#3166 = ORIENTED_EDGE ( 'NONE', *, *, #4538, .T. ) ;
#3167 = CARTESIAN_POINT ( 'NONE',  ( 1.999999999999998224, 8.000000000000000000, -4.100000000000005862 ) ) ;
#3168 = LINE ( 'NONE', #8800, #5144 ) ;
#3169 = VECTOR ( 'NONE', #6572, 1000.000000000000000 ) ;
#3170 = FACE_OUTER_BOUND ( 'NONE', #9393, .T. ) ;
#3171 = ORIENTED_EDGE ( 'NONE', *, *, #1532, .F. ) ;
#3172 = LINE ( 'NONE', #5705, #2805 ) ;
#3173 = DIRECTION ( 'NONE',  ( 1.000000000000000000, -0.000000000000000000, -0.000000000000000000 ) ) ;
#3174 = ORIENTED_EDGE ( 'NONE', *, *, #7925, .T. ) ;
#3175 = EDGE_CURVE ( 'NONE', #714, #9322, #940, .T. ) ;
#3176 = ORIENTED_EDGE ( 'NONE', *, *, #8474, .T. ) ;
#3177 = ADVANCED_FACE ( 'NONE', ( #4116 ), #9613, .F. ) ;
#3178 = VERTEX_POINT ( 'NONE', #426 ) ;
#3179 = VECTOR ( 'NONE', #7437, 1000.000000000000000 ) ;
#3180 = AXIS2_PLACEMENT_3D ( 'NONE', #5697, #2027, #325 ) ;
#3181 = ORIENTED_EDGE ( 'NONE', *, *, #8585, .T. ) ;
#3182 = DIRECTION ( 'NONE',  ( 0.000000000000000000, -0.000000000000000000, -1.000000000000000000 ) ) ;
#3183 = DIRECTION ( 'NONE',  ( 0.000000000000000000, 0.000000000000000000, 1.000000000000000000 ) ) ;
#3184 = DIRECTION ( 'NONE',  ( 0.000000000000000000, 0.000000000000000000, 1.000000000000000000 ) ) ;
#3185 = EDGE_LOOP ( 'NONE', ( #8132, #8342, #8248, #7702 ) ) ;
#3186 = DIRECTION ( 'NONE',  ( 0.000000000000000000, 1.000000000000000000, 0.000000000000000000 ) ) ;
#3187 = LINE ( 'NONE', #5720, #2251 ) ;
#3188 = ORIENTED_EDGE ( 'NONE', *, *, #6518, .F. ) ;
#3189 = LINE ( 'NONE', #9492, #10134 ) ;
#3190 = CIRCLE ( 'NONE', #4884, 0.2000000000000005107 ) ;
#3191 = EDGE_CURVE ( 'NONE', #7056, #7281, #6776, .T. ) ;
#3192 = ADVANCED_FACE ( 'NONE', ( #9870 ), #3482, .F. ) ;
#3193 = LINE ( 'NONE', #4940, #3355 ) ;
#3194 = ADVANCED_FACE ( 'NONE', ( #3588 ), #4384, .F. ) ;
#3195 = DIRECTION ( 'NONE',  ( 1.000000000000000000, -0.000000000000000000, 3.336006684570783101E-16 ) ) ;
#3196 = DIRECTION ( 'NONE',  ( -1.000000000000000000, -0.000000000000000000, -0.000000000000000000 ) ) ;
#3197 = AXIS2_PLACEMENT_3D ( 'NONE', #2863, #6067, #254 ) ;
#3198 = DIRECTION ( 'NONE',  ( 1.000000000000000000, -0.000000000000000000, -0.000000000000000000 ) ) ;
#3199 = CARTESIAN_POINT ( 'NONE',  ( 0.6250000000000000000, 4.700000000000000178, -2.200000000000000622 ) ) ;
#3200 = LINE ( 'NONE', #8160, #9451 ) ;
#3201 = ORIENTED_EDGE ( 'NONE', *, *, #4105, .T. ) ;
#3202 = CARTESIAN_POINT ( 'NONE',  ( -4.204999999999998295, 5.700000000000000178, 3.500000000000001332 ) ) ;
#3203 = EDGE_LOOP ( 'NONE', ( #7883, #8768, #430, #8289 ) ) ;
#3204 = CARTESIAN_POINT ( 'NONE',  ( 6.000000000000000000, 2.350000000000000089, -3.599999999999999645 ) ) ;
#3205 = VECTOR ( 'NONE', #4062, 1000.000000000000000 ) ;
#3206 = CARTESIAN_POINT ( 'NONE',  ( -1.249999999999968248, 0.000000000000000000, 4.800000000000000711 ) ) ;
#3207 = DIRECTION ( 'NONE',  ( 1.000000000000000000, -0.000000000000000000, -0.000000000000000000 ) ) ;
#3208 = EDGE_CURVE ( 'NONE', #3062, #148, #8328, .T. ) ;
#3209 = FACE_OUTER_BOUND ( 'NONE', #6132, .T. ) ;
#3210 = CARTESIAN_POINT ( 'NONE',  ( 1.250000000000032419, 0.6000000000000000888, 4.999999999999985789 ) ) ;
#3211 = DIRECTION ( 'NONE',  ( 1.591489427501657896E-16, 0.000000000000000000, 1.000000000000000000 ) ) ;
#3212 = CARTESIAN_POINT ( 'NONE',  ( 5.200000000000001066, 5.325000000000001954, 3.725000000000000533 ) ) ;
#3213 = ORIENTED_EDGE ( 'NONE', *, *, #995, .F. ) ;
#3214 = CARTESIAN_POINT ( 'NONE',  ( -1.140808929720138698, 2.540808929720139275, -2.300000000000000266 ) ) ;
#3215 = EDGE_CURVE ( 'NONE', #6070, #3882, #2794, .T. ) ;
#3216 = VERTEX_POINT ( 'NONE', #9043 ) ;
#3217 = ORIENTED_EDGE ( 'NONE', *, *, #2687, .F. ) ;
#3218 = DIRECTION ( 'NONE',  ( 0.000000000000000000, -1.000000000000000000, -9.856383386231857595E-17 ) ) ;
#3219 = EDGE_CURVE ( 'NONE', #5546, #2878, #7397, .T. ) ;
#3220 = LINE ( 'NONE', #2735, #4302 ) ;
#3221 = DIRECTION ( 'NONE',  ( 0.000000000000000000, 0.000000000000000000, 1.000000000000000000 ) ) ;
#3222 = CARTESIAN_POINT ( 'NONE',  ( -5.200000000000001066, 2.400000000000000355, 3.900000000000000355 ) ) ;
#3223 = EDGE_LOOP ( 'NONE', ( #603, #4676, #4713, #3275 ) ) ;
#3224 = CARTESIAN_POINT ( 'NONE',  ( 3.569840214680614299, 0.000000000000000000, -4.096429042955581856 ) ) ;
#3225 = ORIENTED_EDGE ( 'NONE', *, *, #8679, .T. ) ;
#3226 = ORIENTED_EDGE ( 'NONE', *, *, #4953, .T. ) ;
#3227 = AXIS2_PLACEMENT_3D ( 'NONE', #4124, #3435, #6587 ) ;
#3228 = ORIENTED_EDGE ( 'NONE', *, *, #5709, .T. ) ;
#3229 = ORIENTED_EDGE ( 'NONE', *, *, #5467, .F. ) ;
#3230 = EDGE_CURVE ( 'NONE', #1105, #5244, #5171, .T. ) ;
#3231 = DIRECTION ( 'NONE',  ( 0.2359856711608181723, -0.8807105146304250454, -0.4106820575897978109 ) ) ;
#3232 = CARTESIAN_POINT ( 'NONE',  ( 5.200000000000001066, 5.500000000000000888, 0.1000000000000002554 ) ) ;
#3233 = AXIS2_PLACEMENT_3D ( 'NONE', #5803, #4231, #2543 ) ;
#3234 = DIRECTION ( 'NONE',  ( -1.000000000000000000, 0.000000000000000000, 0.000000000000000000 ) ) ;
#3235 = VERTEX_POINT ( 'NONE', #1047 ) ;
#3236 = CARTESIAN_POINT ( 'NONE',  ( -5.305000000000000604, 3.150000000000000799, -3.000000000000000000 ) ) ;
#3237 = PLANE ( 'NONE',  #3920 ) ;
#3238 = ORIENTED_EDGE ( 'NONE', *, *, #7470, .T. ) ;
#3239 = DIRECTION ( 'NONE',  ( -1.000000000000000000, -0.000000000000000000, -0.000000000000000000 ) ) ;
#3240 = ADVANCED_FACE ( 'NONE', ( #2642 ), #4436, .F. ) ;
#3241 = CIRCLE ( 'NONE', #4929, 0.09999999999999961697 ) ;
#3242 = ORIENTED_EDGE ( 'NONE', *, *, #3175, .F. ) ;
#3243 = DIRECTION ( 'NONE',  ( -1.239088197126288302E-15, 1.000000000000000000, 0.000000000000000000 ) ) ;
#3244 = CARTESIAN_POINT ( 'NONE',  ( 2.400000000000000355, 4.850000000000000533, 2.250000000000000444 ) ) ;
#3245 = DIRECTION ( 'NONE',  ( -0.000000000000000000, -0.000000000000000000, -1.000000000000000000 ) ) ;
#3246 = DIRECTION ( 'NONE',  ( 0.000000000000000000, -1.000000000000000000, 0.000000000000000000 ) ) ;
#3247 = EDGE_CURVE ( 'NONE', #1069, #7422, #1193, .T. ) ;
#3248 = ORIENTED_EDGE ( 'NONE', *, *, #5075, .T. ) ;
#3249 = VECTOR ( 'NONE', #5981, 1000.000000000000000 ) ;
#3250 = DIRECTION ( 'NONE',  ( -1.000000000000000000, -0.000000000000000000, -0.000000000000000000 ) ) ;
#3251 = EDGE_CURVE ( 'NONE', #4664, #10238, #2741, .T. ) ;
#3252 = ORIENTED_EDGE ( 'NONE', *, *, #8209, .F. ) ;
#3253 = CARTESIAN_POINT ( 'NONE',  ( -4.800000000000000711, 5.500000000000001776, 1.974999999999999423 ) ) ;
#3254 = CARTESIAN_POINT ( 'NONE',  ( 5.200000000000001066, 5.500000000000001776, 0.5321572875253787194 ) ) ;
#3255 = VECTOR ( 'NONE', #5690, 1000.000000000000000 ) ;
#3256 = PLANE ( 'NONE',  #1039 ) ;
#3257 = DIRECTION ( 'NONE',  ( 0.000000000000000000, 0.000000000000000000, 1.000000000000000000 ) ) ;
#3258 = CARTESIAN_POINT ( 'NONE',  ( -5.200000000000001066, 5.470710678118654968, 1.647132034355962338 ) ) ;
#3259 = LINE ( 'NONE', #9711, #9552 ) ;
#3260 = DIRECTION ( 'NONE',  ( 0.000000000000000000, -1.000000000000000000, 0.000000000000000000 ) ) ;
#3261 = ADVANCED_FACE ( 'NONE', ( #4330 ), #5118, .F. ) ;
#3262 = VERTEX_POINT ( 'NONE', #8944 ) ;
#3263 = AXIS2_PLACEMENT_3D ( 'NONE', #7116, #871, #8728 ) ;
#3264 = DIRECTION ( 'NONE',  ( 1.000000000000000000, -0.000000000000000000, -0.000000000000000000 ) ) ;
#3265 = ORIENTED_EDGE ( 'NONE', *, *, #1480, .F. ) ;
#3266 = ORIENTED_EDGE ( 'NONE', *, *, #9151, .F. ) ;
#3267 = SURFACE_STYLE_FILL_AREA ( #6533 ) ;
#3268 = CARTESIAN_POINT ( 'NONE',  ( -5.305000000000000604, 1.800000000000000044, -1.699999999999999734 ) ) ;
#3269 = VECTOR ( 'NONE', #5030, 1000.000000000000000 ) ;
#3270 = CARTESIAN_POINT ( 'NONE',  ( -3.249999999999968026, 0.2000000000000000111, 3.899999999999999911 ) ) ;
#3271 = CARTESIAN_POINT ( 'NONE',  ( -6.000000000000000000, 5.700000000000000178, -3.200000000000000178 ) ) ;
#3272 = ORIENTED_EDGE ( 'NONE', *, *, #6408, .F. ) ;
#3273 = CARTESIAN_POINT ( 'NONE',  ( 4.004999999999999893, 5.064999999999999503, 2.250000000000002220 ) ) ;
#3274 = LINE ( 'NONE', #5655, #3838 ) ;
#3275 = ORIENTED_EDGE ( 'NONE', *, *, #9048, .T. ) ;
#3276 = EDGE_LOOP ( 'NONE', ( #3386, #2350, #6013, #205, #7432 ) ) ;
#3277 = VECTOR ( 'NONE', #2200, 1000.000000000000000 ) ;
#3278 = VECTOR ( 'NONE', #9813, 1000.000000000000000 ) ;
#3279 = ORIENTED_EDGE ( 'NONE', *, *, #5524, .T. ) ;
#3280 = ORIENTED_EDGE ( 'NONE', *, *, #1402, .F. ) ;
#3281 = AXIS2_PLACEMENT_3D ( 'NONE', #8482, #10069, #471 ) ;
#3282 = CARTESIAN_POINT ( 'NONE',  ( -4.800000000000002487, 2.400000000000001243, -1.699999999999998623 ) ) ;
#3283 = DIRECTION ( 'NONE',  ( -1.000000000000000000, -0.000000000000000000, -0.000000000000000000 ) ) ;
#3284 = AXIS2_PLACEMENT_3D ( 'NONE', #4192, #251, #8765 ) ;
#3285 =( LENGTH_UNIT ( ) NAMED_UNIT ( * ) SI_UNIT ( .MILLI., .METRE. ) );
#3286 = VERTEX_POINT ( 'NONE', #5943 ) ;
#3287 = CARTESIAN_POINT ( 'NONE',  ( 0.6250000000000001110, 5.000000000000000000, -0.9499999999999998446 ) ) ;
#3288 = DIRECTION ( 'NONE',  ( 1.000000000000000000, 0.000000000000000000, 0.000000000000000000 ) ) ;
#3289 = ORIENTED_EDGE ( 'NONE', *, *, #6170, .F. ) ;
#3290 = LINE ( 'NONE', #2041, #7380 ) ;
#3291 = ADVANCED_FACE ( 'NONE', ( #6827 ), #7443, .T. ) ;
#3292 = VECTOR ( 'NONE', #9499, 1000.000000000000000 ) ;
#3293 = EDGE_CURVE ( 'NONE', #5419, #6690, #1870, .T. ) ;
#3294 = AXIS2_PLACEMENT_3D ( 'NONE', #2971, #9269, #6179 ) ;
#3295 = VERTEX_POINT ( 'NONE', #5022 ) ;
#3296 = CARTESIAN_POINT ( 'NONE',  ( 4.200000000000000178, 0.9000000000000004663, -4.849999999999997868 ) ) ;
#3297 = CARTESIAN_POINT ( 'NONE',  ( 2.250000000000003553, 2.749999999999999112, -3.200000000000000178 ) ) ;
#3298 = CARTESIAN_POINT ( 'NONE',  ( 0.8499999999999957589, 2.750000000000007550, -3.200000000000000178 ) ) ;
#3299 = SURFACE_STYLE_FILL_AREA ( #8055 ) ;
#3300 = CARTESIAN_POINT ( 'NONE',  ( 1.999999999999998224, 0.9000000000000005773, -4.100000000000005862 ) ) ;
#3301 = PRESENTATION_LAYER_ASSIGNMENT (  '', '', ( #4660 ) ) ;
#3302 = ORIENTED_EDGE ( 'NONE', *, *, #7998, .T. ) ;
#3303 = PLANE ( 'NONE',  #842 ) ;
#3304 = VECTOR ( 'NONE', #3473, 1000.000000000000000 ) ;
#3305 = EDGE_LOOP ( 'NONE', ( #6859, #5721, #6120, #6217, #5758, #253, #9685 ) ) ;
#3306 = CARTESIAN_POINT ( 'NONE',  ( 4.800000000000000711, 2.400000000000000355, 3.700000000000000178 ) ) ;
#3307 = EDGE_CURVE ( 'NONE', #7293, #4387, #1142, .T. ) ;
#3308 = EDGE_CURVE ( 'NONE', #495, #8495, #4224, .T. ) ;
#3309 = DIRECTION ( 'NONE',  ( 0.000000000000000000, 0.000000000000000000, -1.000000000000000000 ) ) ;
#3310 = MECHANICAL_DESIGN_GEOMETRIC_PRESENTATION_REPRESENTATION (  '', ( #4333 ), #5993 ) ;
#3311 = DIRECTION ( 'NONE',  ( 1.000000000000000000, -0.000000000000000000, -0.000000000000000000 ) ) ;
#3312 = EDGE_CURVE ( 'NONE', #2301, #7198, #6731, .T. ) ;
#3313 = VECTOR ( 'NONE', #6949, 1000.000000000000000 ) ;
#3314 = CARTESIAN_POINT ( 'NONE',  ( 5.305000000000000604, 3.150000000000000799, -3.000000000000000000 ) ) ;
#3315 = DIRECTION ( 'NONE',  ( 0.000000000000000000, 1.000000000000000000, 9.856383386231857595E-17 ) ) ;
#3316 = CARTESIAN_POINT ( 'NONE',  ( -4.899999999999999467, 1.799999999999999600, 1.100000000000000311 ) ) ;
#3317 = AXIS2_PLACEMENT_3D ( 'NONE', #50, #100, #1594 ) ;
#3318 = CYLINDRICAL_SURFACE ( 'NONE', #9465, 0.1749999999999993783 ) ;
#3319 =( GEOMETRIC_REPRESENTATION_CONTEXT ( 3 ) GLOBAL_UNCERTAINTY_ASSIGNED_CONTEXT ( ( #2952 ) ) GLOBAL_UNIT_ASSIGNED_CONTEXT ( ( #8496, #645, #4650 ) ) REPRESENTATION_CONTEXT ( 'NONE', 'WORKASPACE' ) );
#3320 = ORIENTED_EDGE ( 'NONE', *, *, #1769, .T. ) ;
#3321 = LINE ( 'NONE', #1714, #9188 ) ;
#3322 = VERTEX_POINT ( 'NONE', #8433 ) ;
#3323 = ORIENTED_EDGE ( 'NONE', *, *, #2305, .T. ) ;
#3324 = EDGE_CURVE ( 'NONE', #6591, #1014, #7862, .T. ) ;
#3325 = DIRECTION ( 'NONE',  ( 0.000000000000000000, 1.000000000000000000, 0.000000000000000000 ) ) ;
#3326 = ADVANCED_FACE ( 'NONE', ( #5333 ), #9245, .T. ) ;
#3327 = VECTOR ( 'NONE', #9286, 1000.000000000000114 ) ;
#3328 = DIRECTION ( 'NONE',  ( -0.000000000000000000, -0.000000000000000000, 1.000000000000000000 ) ) ;
#3329 = LINE ( 'NONE', #2542, #5810 ) ;
#3330 = CARTESIAN_POINT ( 'NONE',  ( -4.600000000000001421, 5.700000000000000178, 2.800000000000000266 ) ) ;
#3331 = ORIENTED_EDGE ( 'NONE', *, *, #8767, .F. ) ;
#3332 = LINE ( 'NONE', #3550, #5023 ) ;
#3333 = VERTEX_POINT ( 'NONE', #8583 ) ;
#3334 = EDGE_LOOP ( 'NONE', ( #1663, #1630, #9723, #3035 ) ) ;
#3335 = ORIENTED_EDGE ( 'NONE', *, *, #10032, .F. ) ;
#3336 = EDGE_LOOP ( 'NONE', ( #9515, #6880, #7419, #9883, #6653, #9526, #3724, #5762, #979, #387, #7399, #1010 ) ) ;
#3337 = CARTESIAN_POINT ( 'NONE',  ( 0.7500000000000318634, 0.2000000000000000111, 4.800000000000000711 ) ) ;
#3338 = DIRECTION ( 'NONE',  ( 0.000000000000000000, 0.000000000000000000, -1.000000000000000000 ) ) ;
#3339 = EDGE_CURVE ( 'NONE', #4960, #3710, #686, .T. ) ;
#3340 = CARTESIAN_POINT ( 'NONE',  ( -4.004999999999999893, 5.500000000000000000, 3.700000000000000178 ) ) ;
#3341 = EDGE_LOOP ( 'NONE', ( #5025, #9973, #3961, #3065 ) ) ;
#3342 = DIRECTION ( 'NONE',  ( 0.000000000000000000, 0.000000000000000000, 1.000000000000000000 ) ) ;
#3343 = DIRECTION ( 'NONE',  ( -8.935605812279516428E-33, -1.000000000000000000, -2.168404344971009115E-16 ) ) ;
#3344 = EDGE_LOOP ( 'NONE', ( #3376, #1022, #8875, #2014 ) ) ;
#3345 = DIRECTION ( 'NONE',  ( 0.000000000000000000, 0.000000000000000000, -1.000000000000000000 ) ) ;
#3346 = ORIENTED_EDGE ( 'NONE', *, *, #8126, .F. ) ;
#3347 = CARTESIAN_POINT ( 'NONE',  ( -4.004999999999999893, 4.400000000000000355, 2.249999999999999556 ) ) ;
#3348 = DIRECTION ( 'NONE',  ( -1.000000000000000000, 0.000000000000000000, -1.312196275322849297E-16 ) ) ;
#3349 = CARTESIAN_POINT ( 'NONE',  ( 6.000000000000000000, 5.064999999999999503, 2.800000000000000266 ) ) ;
#3350 = EDGE_CURVE ( 'NONE', #6171, #6878, #8636, .T. ) ;
#3351 = EDGE_CURVE ( 'NONE', #7874, #6691, #2946, .T. ) ;
#3352 = APPLICATION_PROTOCOL_DEFINITION ( 'draft international standard', 'automotive_design', 1998, #4359 ) ;
#3353 = SURFACE_STYLE_USAGE ( .BOTH. , #5154 ) ;
#3354 = CARTESIAN_POINT ( 'NONE',  ( 3.764267565201871335, 0.1449747468305831455, -5.000000000000000000 ) ) ;
#3355 = VECTOR ( 'NONE', #9645, 1000.000000000000000 ) ;
#3356 = EDGE_LOOP ( 'NONE', ( #888, #4972, #3826, #9272 ) ) ;
#3357 = LINE ( 'NONE', #1080, #5519 ) ;
#3358 = ORIENTED_EDGE ( 'NONE', *, *, #7130, .T. ) ;
#3359 = LINE ( 'NONE', #6568, #1872 ) ;
#3360 = ADVANCED_FACE ( 'NONE', ( #2078 ), #9301, .T. ) ;
#3362 = VECTOR ( 'NONE', #3988, 1000.000000000000000 ) ;
#3361 = CARTESIAN_POINT ( 'NONE',  ( 3.026055542458625069, 0.9000000000000005773, -4.350000000000003197 ) ) ;
#3363 = VECTOR ( 'NONE', #5595, 1000.000000000000000 ) ;
#3364 = CARTESIAN_POINT ( 'NONE',  ( 1.250000000000001110, 2.649999999999999911, -1.999999999999997335 ) ) ;
#3365 = DIRECTION ( 'NONE',  ( -1.000000000000000000, -0.000000000000000000, -0.000000000000000000 ) ) ;
#3366 = EDGE_CURVE ( 'NONE', #5466, #9664, #6974, .T. ) ;
#3367 = PLANE ( 'NONE',  #8907 ) ;
#3368 = CYLINDRICAL_SURFACE ( 'NONE', #7128, 0.2000000000000005107 ) ;
#3369 = LINE ( 'NONE', #1710, #1925 ) ;
#3370 = DIRECTION ( 'NONE',  ( -0.000000000000000000, 1.000000000000000000, -0.000000000000000000 ) ) ;
#3371 = CIRCLE ( 'NONE', #8036, 0.2500000000000002220 ) ;
#3372 = VECTOR ( 'NONE', #9665, 1000.000000000000114 ) ;
#3373 = ORIENTED_EDGE ( 'NONE', *, *, #2731, .T. ) ;
#3374 = DIRECTION ( 'NONE',  ( 1.000000000000000000, 0.000000000000000000, 0.000000000000000000 ) ) ;
#3375 = EDGE_CURVE ( 'NONE', #5521, #8120, #536, .T. ) ;
#3376 = ORIENTED_EDGE ( 'NONE', *, *, #8416, .F. ) ;
#3377 = ORIENTED_EDGE ( 'NONE', *, *, #9423, .F. ) ;
#3378 = CARTESIAN_POINT ( 'NONE',  ( 4.350000000000003197, 2.750000000000001776, -3.200000000000000178 ) ) ;
#3379 = LINE ( 'NONE', #9087, #10092 ) ;
#3380 = CARTESIAN_POINT ( 'NONE',  ( 5.305000000000000604, 3.150000000000000799, -3.000000000000000000 ) ) ;
#3381 = PLANE ( 'NONE',  #3227 ) ;
#3382 = ORIENTED_EDGE ( 'NONE', *, *, #1920, .F. ) ;
#3383 = SURFACE_SIDE_STYLE ('',( #8851 ) ) ;
#3384 = EDGE_CURVE ( 'NONE', #10136, #4613, #2683, .T. ) ;
#3385 = CARTESIAN_POINT ( 'NONE',  ( 4.800000000000000711, 5.700000000000000178, 0.1000000000000002554 ) ) ;
#3386 = ORIENTED_EDGE ( 'NONE', *, *, #2318, .T. ) ;
#3387 = EDGE_CURVE ( 'NONE', #7479, #4693, #8533, .T. ) ;
#3388 = EDGE_CURVE ( 'NONE', #3235, #4400, #3896, .T. ) ;
#3389 = EDGE_LOOP ( 'NONE', ( #7935, #7577, #1427, #2962 ) ) ;
#3390 = EDGE_LOOP ( 'NONE', ( #3132, #864, #378, #6376 ) ) ;
#3391 = ORIENTED_EDGE ( 'NONE', *, *, #5950, .T. ) ;
#3392 = CARTESIAN_POINT ( 'NONE',  ( 5.305000000000000604, 1.799999999999999600, 1.099999999999999867 ) ) ;
#3393 = CARTESIAN_POINT ( 'NONE',  ( 4.200000000000000178, 2.750000000000000444, -3.600000000000000533 ) ) ;
#3394 = PLANE ( 'NONE',  #9673 ) ;
#3395 = DIRECTION ( 'NONE',  ( 0.000000000000000000, 0.000000000000000000, -1.000000000000000000 ) ) ;
#3396 = ORIENTED_EDGE ( 'NONE', *, *, #338, .F. ) ;
#3397 = DIRECTION ( 'NONE',  ( 1.000000000000000000, -0.000000000000000000, -0.000000000000000000 ) ) ;
#3398 = CARTESIAN_POINT ( 'NONE',  ( 5.200000000000001066, 2.400000000000001243, -1.699999999999999734 ) ) ;
#3399 = ORIENTED_EDGE ( 'NONE', *, *, #2059, .T. ) ;
#3400 = VECTOR ( 'NONE', #5818, 1000.000000000000000 ) ;
#3401 = CARTESIAN_POINT ( 'NONE',  ( 3.764267565201870891, 0.3499999999999999778, -5.000000000000000000 ) ) ;
#3402 = ADVANCED_FACE ( 'NONE', ( #1399 ), #10126, .T. ) ;
#3403 = EDGE_CURVE ( 'NONE', #7632, #6901, #984, .T. ) ;
#3404 = ADVANCED_FACE ( 'NONE', ( #2326 ), #9455, .F. ) ;
#3405 = ORIENTED_EDGE ( 'NONE', *, *, #10050, .F. ) ;
#3406 = CARTESIAN_POINT ( 'NONE',  ( -2.749999999999967581, 0.2000000000000000111, 2.400000000000000355 ) ) ;
#3407 = AXIS2_PLACEMENT_3D ( 'NONE', #3330, #4967, #5754 ) ;
#3408 = CARTESIAN_POINT ( 'NONE',  ( -5.054999999999998828, 1.999896230895142013, -5.000000000000000000 ) ) ;
#3409 = DIRECTION ( 'NONE',  ( 1.548860246407864076E-16, -1.548860246407864076E-16, 1.000000000000000000 ) ) ;
#3410 = DIRECTION ( 'NONE',  ( 0.000000000000000000, 0.000000000000000000, -1.000000000000000000 ) ) ;
#3411 = ORIENTED_EDGE ( 'NONE', *, *, #3754, .F. ) ;
#3412 = LINE ( 'NONE', #1802, #6519 ) ;
#3413 = ORIENTED_EDGE ( 'NONE', *, *, #4696, .F. ) ;
#3414 = CARTESIAN_POINT ( 'NONE',  ( 3.442212864629427660, 2.635535626171420454, -4.092212864629429347 ) ) ;
#3415 = VECTOR ( 'NONE', #222, 1000.000000000000000 ) ;
#3416 = DIRECTION ( 'NONE',  ( -0.3236155771181821184, -0.3236155771181821184, -0.8891264907159901476 ) ) ;
#3417 = CARTESIAN_POINT ( 'NONE',  ( -0.6250000000000001110, 5.000000000000000000, -1.099999999999998979 ) ) ;
#3418 = DIRECTION ( 'NONE',  ( 1.000000000000000000, 0.000000000000000000, -0.000000000000000000 ) ) ;
#3419 = AXIS2_PLACEMENT_3D ( 'NONE', #4240, #4081, #4291 ) ;
#3420 = LINE ( 'NONE', #6724, #4273 ) ;
#3421 = CARTESIAN_POINT ( 'NONE',  ( 3.500000000000008882, 5.100000000000009415, -4.449999999999993960 ) ) ;
#3422 = FACE_OUTER_BOUND ( 'NONE', #7463, .T. ) ;
#3423 = CARTESIAN_POINT ( 'NONE',  ( 3.545246162018124814, 0.2583875745976585980, -4.850301765501273010 ) ) ;
#3424 = ORIENTED_EDGE ( 'NONE', *, *, #6028, .F. ) ;
#3425 = CARTESIAN_POINT ( 'NONE',  ( 5.305000000000000604, 0.4000000000000000222, 1.099999999999999867 ) ) ;
#3426 = VERTEX_POINT ( 'NONE', #7957 ) ;
#3427 = EDGE_CURVE ( 'NONE', #10095, #2898, #3944, .T. ) ;
#3428 = EDGE_CURVE ( 'NONE', #6379, #2821, #930, .T. ) ;
#3429 = AXIS2_PLACEMENT_3D ( 'NONE', #9660, #2530, #991 ) ;
#3430 = ORIENTED_EDGE ( 'NONE', *, *, #8398, .F. ) ;
#3431 = FACE_OUTER_BOUND ( 'NONE', #9820, .T. ) ;
#3432 = EDGE_CURVE ( 'NONE', #3850, #1105, #2473, .T. ) ;
#3433 = CARTESIAN_POINT ( 'NONE',  ( 2.750000000000031974, 0.000000000000000000, 4.800000000000000711 ) ) ;
#3434 = VECTOR ( 'NONE', #259, 1000.000000000000000 ) ;
#3435 = DIRECTION ( 'NONE',  ( 0.000000000000000000, 0.4226182617407002740, 0.9063077870366496036 ) ) ;
#3436 = ORIENTED_EDGE ( 'NONE', *, *, #981, .T. ) ;
#3437 = LINE ( 'NONE', #1154, #6664 ) ;
#3438 = DIRECTION ( 'NONE',  ( 1.000000000000000000, 0.000000000000000000, 0.000000000000000000 ) ) ;
#3439 = VERTEX_POINT ( 'NONE', #10226 ) ;
#3440 = ORIENTED_EDGE ( 'NONE', *, *, #4032, .T. ) ;
#3441 = VERTEX_POINT ( 'NONE', #8061 ) ;
#3442 = VERTEX_POINT ( 'NONE', #1751 ) ;
#3443 = EDGE_CURVE ( 'NONE', #6356, #7337, #9005, .T. ) ;
#3444 = PLANE ( 'NONE',  #6977 ) ;
#3445 = DIRECTION ( 'NONE',  ( -1.000000000000000000, -0.000000000000000000, -0.000000000000000000 ) ) ;
#3446 = EDGE_CURVE ( 'NONE', #3624, #672, #56, .T. ) ;
#3447 = DIRECTION ( 'NONE',  ( 0.9659258262890690894, 0.2588190451025180194, 3.169619151431732277E-17 ) ) ;
#3448 = EDGE_CURVE ( 'NONE', #9454, #10075, #1654, .T. ) ;
#3449 = PLANE ( 'NONE',  #2560 ) ;
#3450 = EDGE_LOOP ( 'NONE', ( #84, #8087, #5659, #2756 ) ) ;
#3451 = DIRECTION ( 'NONE',  ( -1.000000000000000000, -0.000000000000000000, -0.000000000000000000 ) ) ;
#3452 = FACE_OUTER_BOUND ( 'NONE', #8635, .T. ) ;
#3453 = ORIENTED_EDGE ( 'NONE', *, *, #7510, .T. ) ;
#3454 = VECTOR ( 'NONE', #4575, 1000.000000000000000 ) ;
#3455 = ADVANCED_FACE ( 'NONE', ( #11 ), #1703, .F. ) ;
#3456 = VECTOR ( 'NONE', #9881, 1000.000000000000000 ) ;
#3457 =( BOUNDED_CURVE ( )  B_SPLINE_CURVE ( 3, ( #1986, #2650, #1058, #8281 ),
 .UNSPECIFIED., .F., .T. ) 
 B_SPLINE_CURVE_WITH_KNOTS ( ( 4, 4 ),
 ( 4.712388980384690562, 6.283185307179585344 ),
 .UNSPECIFIED. ) 
 CURVE ( )  GEOMETRIC_REPRESENTATION_ITEM ( )  RATIONAL_B_SPLINE_CURVE ( ( 1.000000000000000000, 0.8047378541243652705, 0.8047378541243652705, 1.000000000000000000 ) ) 
 REPRESENTATION_ITEM ( '' )  );
#3458 = VECTOR ( 'NONE', #141, 1000.000000000000000 ) ;
#3459 = EDGE_LOOP ( 'NONE', ( #7151, #3009, #9112, #2157 ) ) ;
#3460 = LINE ( 'NONE', #2718, #1213 ) ;
#3461 = MECHANICAL_DESIGN_GEOMETRIC_PRESENTATION_REPRESENTATION (  '', ( #808 ), #7460 ) ;
#3462 = CARTESIAN_POINT ( 'NONE',  ( 3.200000000000000622, 4.800000000000001599, 0.7999999999999994893 ) ) ;
#3463 = DIRECTION ( 'NONE',  ( -1.000000000000000000, 0.000000000000000000, 0.000000000000000000 ) ) ;
#3464 = EDGE_CURVE ( 'NONE', #6950, #1378, #2373, .T. ) ;
#3465 = VECTOR ( 'NONE', #5424, 1000.000000000000000 ) ;
#3466 = SURFACE_STYLE_FILL_AREA ( #9803 ) ;
#3467 = DIRECTION ( 'NONE',  ( -0.5773502691896240657, 0.5773502691896290617, 0.5773502691896240657 ) ) ;
#3468 = ORIENTED_EDGE ( 'NONE', *, *, #2680, .T. ) ;
#3469 = DIRECTION ( 'NONE',  ( 1.000000000000000000, 0.000000000000000000, 0.000000000000000000 ) ) ;
#3470 = AXIS2_PLACEMENT_3D ( 'NONE', #532, #3690, #2177 ) ;
#3471 = EDGE_LOOP ( 'NONE', ( #8124, #8844, #1923, #2203, #1433, #2547, #7921, #8551, #3242, #3861, #10061 ) ) ;
#3472 = LINE ( 'NONE', #1805, #5053 ) ;
#3473 = DIRECTION ( 'NONE',  ( 1.000000000000000000, -0.000000000000000000, -0.000000000000000000 ) ) ;
#3474 = AXIS2_PLACEMENT_3D ( 'NONE', #3136, #6697, #9634 ) ;
#3475 = CARTESIAN_POINT ( 'NONE',  ( -3.249999999999968026, 0.6000000000000000888, 2.400000000000000355 ) ) ;
#3476 = DIRECTION ( 'NONE',  ( 1.239088197126288302E-15, -1.000000000000000000, 0.000000000000000000 ) ) ;
#3477 = CIRCLE ( 'NONE', #8134, 0.07499999999999998335 ) ;
#3478 = CARTESIAN_POINT ( 'NONE',  ( -4.350000000000001421, 2.350000000000000089, -4.500000000000000888 ) ) ;
#3479 = PLANE ( 'NONE',  #6150 ) ;
#3480 = CARTESIAN_POINT ( 'NONE',  ( 3.794720210200576371, 0.03772148143099204876, -4.832696228261576188 ) ) ;
#3481 = VERTEX_POINT ( 'NONE', #4949 ) ;
#3482 = PLANE ( 'NONE',  #3866 ) ;
#3483 = EDGE_LOOP ( 'NONE', ( #6260, #59, #2769, #1011 ) ) ;
#3484 = ORIENTED_EDGE ( 'NONE', *, *, #7029, .T. ) ;
#3485 = PRESENTATION_LAYER_ASSIGNMENT (  '', '', ( #828 ) ) ;
#3486 = ORIENTED_EDGE ( 'NONE', *, *, #739, .F. ) ;
#3487 = DIRECTION ( 'NONE',  ( 0.000000000000000000, 1.414176746720223153E-16, -1.000000000000000000 ) ) ;
#3488 = UNCERTAINTY_MEASURE_WITH_UNIT (LENGTH_MEASURE( 1.000000000000000082E-05 ), #4126, 'distance_accuracy_value', 'NONE');
#3489 = EDGE_CURVE ( 'NONE', #644, #1032, #825, .T. ) ;
#3490 = CARTESIAN_POINT ( 'NONE',  ( -0.7499999999999676925, 0.000000000000000000, 4.800000000000000711 ) ) ;
#3491 = VECTOR ( 'NONE', #5999, 1000.000000000000000 ) ;
#3492 = EDGE_CURVE ( 'NONE', #1801, #4907, #1554, .T. ) ;
#3493 = DIRECTION ( 'NONE',  ( 1.000000000000000000, 0.000000000000000000, 0.000000000000000000 ) ) ;
#3494 = VERTEX_POINT ( 'NONE', #778 ) ;
#3495 = LINE ( 'NONE', #5184, #7312 ) ;
#3496 = VECTOR ( 'NONE', #7048, 1000.000000000000000 ) ;
#3497 = LINE ( 'NONE', #1104, #3790 ) ;
#3498 = ORIENTED_EDGE ( 'NONE', *, *, #9091, .F. ) ;
#3499 = ORIENTED_EDGE ( 'NONE', *, *, #663, .T. ) ;
#3500 = VECTOR ( 'NONE', #7705, 1000.000000000000000 ) ;
#3501 = ORIENTED_EDGE ( 'NONE', *, *, #6694, .F. ) ;
#3502 = ORIENTED_EDGE ( 'NONE', *, *, #3655, .T. ) ;
#3503 = DIRECTION ( 'NONE',  ( -1.000000000000000000, -0.000000000000000000, -0.000000000000000000 ) ) ;
#3504 = DIRECTION ( 'NONE',  ( 1.000000000000000000, -5.102127870520020982E-16, 0.000000000000000000 ) ) ;
#3505 = LINE ( 'NONE', #9167, #4204 ) ;
#3506 = EDGE_CURVE ( 'NONE', #1315, #9433, #109, .T. ) ;
#3507 = CARTESIAN_POINT ( 'NONE',  ( 2.750000000000031974, 0.6000000000000000888, 2.400000000000000355 ) ) ;
#3508 = ORIENTED_EDGE ( 'NONE', *, *, #10195, .F. ) ;
#3509 = CARTESIAN_POINT ( 'NONE',  ( 5.200000000000001066, 5.500000000000000888, 3.725000000000000533 ) ) ;
#3510 = DIRECTION ( 'NONE',  ( -9.637352644315598694E-16, 1.000000000000000000, -0.000000000000000000 ) ) ;
#3511 = ORIENTED_EDGE ( 'NONE', *, *, #8894, .F. ) ;
#3512 = EDGE_CURVE ( 'NONE', #4910, #4619, #5581, .T. ) ;
#3513 = ORIENTED_EDGE ( 'NONE', *, *, #1492, .F. ) ;
#3514 = DIRECTION ( 'NONE',  ( 0.000000000000000000, 0.000000000000000000, 1.000000000000000000 ) ) ;
#3515 = CARTESIAN_POINT ( 'NONE',  ( 4.800000000000000711, 2.575000000000000178, 3.899999999999999911 ) ) ;
#3516 = CARTESIAN_POINT ( 'NONE',  ( -4.004999999999999893, 5.064999999999999503, 2.249999999999999556 ) ) ;
#3517 = CARTESIAN_POINT ( 'NONE',  ( 3.026055542458624625, 3.469446951953614189E-15, -4.100000000000003197 ) ) ;
#3518 = CARTESIAN_POINT ( 'NONE',  ( -5.200000000000001066, 5.400000000000000355, 0.9678427124746188381 ) ) ;
#3519 = ORIENTED_EDGE ( 'NONE', *, *, #3756, .F. ) ;
#3520 = VECTOR ( 'NONE', #6522, 1000.000000000000000 ) ;
#3521 = DIRECTION ( 'NONE',  ( 0.000000000000000000, 0.000000000000000000, 1.000000000000000000 ) ) ;
#3522 = ORIENTED_EDGE ( 'NONE', *, *, #7752, .T. ) ;
#3523 = DIRECTION ( 'NONE',  ( -0.9659258262890690894, 0.2588190451025180194, 3.169619151431732277E-17 ) ) ;
#3524 = EDGE_CURVE ( 'NONE', #2080, #535, #8008, .T. ) ;
#3525 = EDGE_CURVE ( 'NONE', #3587, #4907, #6406, .T. ) ;
#3526 = CARTESIAN_POINT ( 'NONE',  ( -0.8747175268495853695, 2.274717526849586502, -3.031080120897855945 ) ) ;
#3527 = PRESENTATION_LAYER_ASSIGNMENT (  '', '', ( #5215 ) ) ;
#3528 = LINE ( 'NONE', #4375, #6329 ) ;
#3529 = VECTOR ( 'NONE', #2524, 1000.000000000000000 ) ;
#3530 = CARTESIAN_POINT ( 'NONE',  ( 6.000000000000000000, 3.850000000000001421, -3.200000000000000178 ) ) ;
#3531 = EDGE_CURVE ( 'NONE', #9822, #7139, #7024, .T. ) ;
#3532 = VECTOR ( 'NONE', #5421, 1000.000000000000000 ) ;
#3533 = DIRECTION ( 'NONE',  ( -1.000000000000000000, -0.000000000000000000, -0.000000000000000000 ) ) ;
#3534 = CARTESIAN_POINT ( 'NONE',  ( 4.599999999999999645, 5.700000000000000178, -3.200000000000000178 ) ) ;
#3535 = CARTESIAN_POINT ( 'NONE',  ( 3.765925738772064157, 0.2583875745976581539, -4.990890161018795013 ) ) ;
#3536 = EDGE_LOOP ( 'NONE', ( #4560, #6973, #7134, #10109 ) ) ;
#3537 = DIRECTION ( 'NONE',  ( 1.000000000000000000, 0.000000000000000000, -0.000000000000000000 ) ) ;
#3538 = ORIENTED_EDGE ( 'NONE', *, *, #9494, .T. ) ;
#3539 = VECTOR ( 'NONE', #4211, 1000.000000000000000 ) ;
#3540 = VERTEX_POINT ( 'NONE', #7229 ) ;
#3541 = AXIS2_PLACEMENT_3D ( 'NONE', #2060, #9421, #3567 ) ;
#3542 = VERTEX_POINT ( 'NONE', #3253 ) ;
#3543 = EDGE_CURVE ( 'NONE', #8830, #8048, #6456, .T. ) ;
#3544 = CARTESIAN_POINT ( 'NONE',  ( 5.200000000000001066, 5.394289321881345245, 0.8207106781186550570 ) ) ;
#3545 = DIRECTION ( 'NONE',  ( -0.5773502691896273964, -0.5773502691896282846, 0.5773502691896216232 ) ) ;
#3546 = VECTOR ( 'NONE', #4704, 1000.000000000000000 ) ;
#3547 = DIRECTION ( 'NONE',  ( 0.000000000000000000, 0.000000000000000000, -1.000000000000000000 ) ) ;
#3548 = ORIENTED_EDGE ( 'NONE', *, *, #945, .F. ) ;
#3549 = DIRECTION ( 'NONE',  ( -1.000000000000000000, 0.000000000000000000, 0.000000000000000000 ) ) ;
#3550 = CARTESIAN_POINT ( 'NONE',  ( 6.000000000000000000, 1.300000000000000266, 3.699999999999999734 ) ) ;
#3551 = VERTEX_POINT ( 'NONE', #5836 ) ;
#3552 = VERTEX_POINT ( 'NONE', #7435 ) ;
#3553 = ORIENTED_EDGE ( 'NONE', *, *, #2716, .F. ) ;
#3554 = ADVANCED_FACE ( 'NONE', ( #1858 ), #4257, .T. ) ;
#3555 = ORIENTED_EDGE ( 'NONE', *, *, #170, .F. ) ;
#3556 = DIRECTION ( 'NONE',  ( 0.000000000000000000, -0.000000000000000000, 1.000000000000000000 ) ) ;
#3557 = DIRECTION ( 'NONE',  ( 0.000000000000000000, 0.000000000000000000, 1.000000000000000000 ) ) ;
#3558 = FACE_OUTER_BOUND ( 'NONE', #1072, .T. ) ;
#3559 = DIRECTION ( 'NONE',  ( 1.000000000000000000, 0.000000000000000000, 0.000000000000000000 ) ) ;
#3560 = ORIENTED_EDGE ( 'NONE', *, *, #6443, .F. ) ;
#3561 = DIRECTION ( 'NONE',  ( 1.000000000000000000, -0.000000000000000000, -0.000000000000000000 ) ) ;
#3562 = DIRECTION ( 'NONE',  ( 1.000000000000000000, 0.000000000000000000, -1.463502621998718671E-15 ) ) ;
#3563 = VERTEX_POINT ( 'NONE', #9081 ) ;
#3564 = EDGE_CURVE ( 'NONE', #6066, #4938, #5886, .T. ) ;
#3565 = EDGE_CURVE ( 'NONE', #9196, #1260, #4039, .T. ) ;
#3566 = ORIENTED_EDGE ( 'NONE', *, *, #6133, .T. ) ;
#3567 = DIRECTION ( 'NONE',  ( 1.000000000000000000, 0.000000000000000000, -0.000000000000000000 ) ) ;
#3568 = PLANE ( 'NONE',  #9754 ) ;
#3569 = CARTESIAN_POINT ( 'NONE',  ( -3.026055542458622849, 0.9000000000000005773, -4.350000000000004086 ) ) ;
#3570 = VECTOR ( 'NONE', #4139, 1000.000000000000000 ) ;
#3571 = PRESENTATION_STYLE_ASSIGNMENT (( #5051 ) ) ;
#3572 = DIRECTION ( 'NONE',  ( 0.000000000000000000, 0.000000000000000000, 1.000000000000000000 ) ) ;
#3573 = VERTEX_POINT ( 'NONE', #9808 ) ;
#3574 = CARTESIAN_POINT ( 'NONE',  ( -5.200000000000001066, 2.575000000000000178, 3.725000000000000089 ) ) ;
#3575 = CARTESIAN_POINT ( 'NONE',  ( -5.305000000000000604, 1.799999999999999600, 1.099999999999999867 ) ) ;
#3576 = LINE ( 'NONE', #4478, #63 ) ;
#3577 = DIRECTION ( 'NONE',  ( 0.000000000000000000, -0.000000000000000000, -1.000000000000000000 ) ) ;
#3578 = CARTESIAN_POINT ( 'NONE',  ( -2.250000000000005329, 2.750000000000006217, -3.200000000000000178 ) ) ;
#3579 = ADVANCED_FACE ( 'NONE', ( #7543 ), #414, .F. ) ;
#3580 = FACE_OUTER_BOUND ( 'NONE', #2544, .T. ) ;
#3581 = DIRECTION ( 'NONE',  ( -1.000000000000000000, -0.000000000000000000, 0.000000000000000000 ) ) ;
#3582 = EDGE_CURVE ( 'NONE', #1525, #1475, #7494, .T. ) ;
#3583 = FACE_OUTER_BOUND ( 'NONE', #4102, .T. ) ;
#3584 = EDGE_CURVE ( 'NONE', #7010, #1158, #5987, .T. ) ;
#3585 = AXIS2_PLACEMENT_3D ( 'NONE', #670, #9392, #8622 ) ;
#3586 = CARTESIAN_POINT ( 'NONE',  ( 4.800000000000000711, 5.470710678118654968, 0.8971320343559638921 ) ) ;
#3587 = VERTEX_POINT ( 'NONE', #2679 ) ;
#3588 = FACE_OUTER_BOUND ( 'NONE', #4548, .T. ) ;
#3589 = VERTEX_POINT ( 'NONE', #8214 ) ;
#3590 = ORIENTED_EDGE ( 'NONE', *, *, #504, .F. ) ;
#3591 = ORIENTED_EDGE ( 'NONE', *, *, #5802, .F. ) ;
#3592 = CIRCLE ( 'NONE', #9402, 0.5500000000000014877 ) ;
#3593 = CARTESIAN_POINT ( 'NONE',  ( 5.305000000000000604, 0.4000000000000000222, -1.700000000000000178 ) ) ;
#3594 = ADVANCED_FACE ( 'NONE', ( #8985 ), #7338, .T. ) ;
#3595 = DIRECTION ( 'NONE',  ( -1.000000000000000000, 0.000000000000000000, 0.000000000000000000 ) ) ;
#3596 = CARTESIAN_POINT ( 'NONE',  ( 6.000000000000000000, 3.850000000000001421, -3.200000000000000178 ) ) ;
#3597 = ORIENTED_EDGE ( 'NONE', *, *, #7467, .F. ) ;
#3598 = LINE ( 'NONE', #335, #9947 ) ;
#3599 = CARTESIAN_POINT ( 'NONE',  ( 5.305000000000000604, 0.4000000000000000222, -1.700000000000000178 ) ) ;
#3600 = ORIENTED_EDGE ( 'NONE', *, *, #5929, .T. ) ;
#3601 = LINE ( 'NONE', #9931, #1878 ) ;
#3602 = VERTEX_POINT ( 'NONE', #1082 ) ;
#3603 = ORIENTED_EDGE ( 'NONE', *, *, #9309, .T. ) ;
#3604 = VERTEX_POINT ( 'NONE', #1035 ) ;
#3605 = DIRECTION ( 'NONE',  ( 1.000000000000000000, 6.195440985631441512E-16, -0.000000000000000000 ) ) ;
#3606 = DIRECTION ( 'NONE',  ( -1.000000000000000000, -0.000000000000000000, -0.000000000000000000 ) ) ;
#3607 = FACE_OUTER_BOUND ( 'NONE', #839, .T. ) ;
#3608 = CARTESIAN_POINT ( 'NONE',  ( 6.000000000000000000, 2.750000000000001332, -3.200000000000000178 ) ) ;
#3609 = VERTEX_POINT ( 'NONE', #313 ) ;
#3610 = DIRECTION ( 'NONE',  ( -0.000000000000000000, 0.9284766908852596368, 0.3713906763541028888 ) ) ;
#3611 = DIRECTION ( 'NONE',  ( 1.000000000000000000, 0.000000000000000000, 0.000000000000000000 ) ) ;
#3612 =( BOUNDED_CURVE ( )  B_SPLINE_CURVE ( 3, ( #9839, #9887, #7627, #1214 ),
 .UNSPECIFIED., .F., .F. ) 
 B_SPLINE_CURVE_WITH_KNOTS ( ( 4, 4 ),
 ( -1.332267629550187849E-14, 1.570796326794896780 ),
 .UNSPECIFIED. ) 
 CURVE ( )  GEOMETRIC_REPRESENTATION_ITEM ( )  RATIONAL_B_SPLINE_CURVE ( ( 1.000000000000000000, 0.8047378541243618288, 0.8047378541243618288, 1.000000000000000000 ) ) 
 REPRESENTATION_ITEM ( '' )  );
#3613 = ORIENTED_EDGE ( 'NONE', *, *, #3000, .F. ) ;
#3614 = VECTOR ( 'NONE', #9953, 1000.000000000000000 ) ;
#3615 = ORIENTED_EDGE ( 'NONE', *, *, #3350, .T. ) ;
#3616 = DIRECTION ( 'NONE',  ( 0.000000000000000000, -1.000000000000000000, 0.000000000000000000 ) ) ;
#3617 = CARTESIAN_POINT ( 'NONE',  ( 2.750000000000031974, 0.6000000000000000888, 2.400000000000000355 ) ) ;
#3618 = DIRECTION ( 'NONE',  ( 0.000000000000000000, -0.3713906763541028888, 0.9284766908852596368 ) ) ;
#3619 = LINE ( 'NONE', #6284, #3098 ) ;
#3620 = DIRECTION ( 'NONE',  ( 1.000000000000000000, 0.000000000000000000, -0.000000000000000000 ) ) ;
#3621 = EDGE_CURVE ( 'NONE', #6432, #7166, #3359, .T. ) ;
#3622 = CARTESIAN_POINT ( 'NONE',  ( -5.305000000000000604, 1.800000000000000044, -1.699999999999999734 ) ) ;
#3623 = EDGE_CURVE ( 'NONE', #7041, #7884, #1131, .T. ) ;
#3624 = VERTEX_POINT ( 'NONE', #4372 ) ;
#3625 = CARTESIAN_POINT ( 'NONE',  ( 4.005000000000001670, 5.499999999999998224, 3.700000000000000178 ) ) ;
#3626 = CARTESIAN_POINT ( 'NONE',  ( 6.000000000000000000, 0.3499999999999999778, -4.650000000000000355 ) ) ;
#3627 = VECTOR ( 'NONE', #3545, 1000.000000000000000 ) ;
#3628 = VECTOR ( 'NONE', #526, 1000.000000000000114 ) ;
#3629 = DIRECTION ( 'NONE',  ( 0.000000000000000000, 0.000000000000000000, 1.000000000000000000 ) ) ;
#3630 = DIRECTION ( 'NONE',  ( 1.000000000000000000, 0.000000000000000000, 1.239088197126292247E-15 ) ) ;
#3631 = PLANE ( 'NONE',  #1637 ) ;
#3632 = VECTOR ( 'NONE', #3843, 1000.000000000000000 ) ;
#3633 = CARTESIAN_POINT ( 'NONE',  ( -3.200000000000000622, 3.700000000000000178, 0.7999999999999994893 ) ) ;
#3634 = DIRECTION ( 'NONE',  ( 1.000000000000000000, 0.000000000000000000, -0.000000000000000000 ) ) ;
#3635 = CARTESIAN_POINT ( 'NONE',  ( -3.574328178301396708, 0.1737340227467795706, -4.829698322044846392 ) ) ;
#3636 = AXIS2_PLACEMENT_3D ( 'NONE', #9413, #4849, #7079 ) ;
#3637 = FACE_OUTER_BOUND ( 'NONE', #8662, .T. ) ;
#3638 = EDGE_CURVE ( 'NONE', #616, #5531, #3190, .T. ) ;
#3639 = ORIENTED_EDGE ( 'NONE', *, *, #2657, .F. ) ;
#3640 = DIRECTION ( 'NONE',  ( 0.000000000000000000, 1.591489427501657896E-16, -1.000000000000000000 ) ) ;
#3641 = EDGE_LOOP ( 'NONE', ( #10147, #3870, #6486, #2571 ) ) ;
#3642 = EDGE_CURVE ( 'NONE', #2960, #3604, #3472, .T. ) ;
#3643 = ORIENTED_EDGE ( 'NONE', *, *, #588, .T. ) ;
#3644 = VECTOR ( 'NONE', #352, 1000.000000000000000 ) ;
#3645 = VECTOR ( 'NONE', #3467, 1000.000000000000227 ) ;
#3646 = DIRECTION ( 'NONE',  ( 0.000000000000000000, 0.000000000000000000, 1.000000000000000000 ) ) ;
#3647 = PLANE ( 'NONE',  #9549 ) ;
#3648 = ORIENTED_EDGE ( 'NONE', *, *, #1592, .T. ) ;
#3649 = LINE ( 'NONE', #10188, #5840 ) ;
#3650 = DIRECTION ( 'NONE',  ( -1.000000000000000000, -0.000000000000000000, -0.000000000000000000 ) ) ;
#3651 = VERTEX_POINT ( 'NONE', #7387 ) ;
#3652 = DIRECTION ( 'NONE',  ( -0.3236155771181821184, 0.3236155771181821184, -0.8891264907159901476 ) ) ;
#3653 = EDGE_LOOP ( 'NONE', ( #9886, #3020, #10202, #9438 ) ) ;
#3654 = EDGE_CURVE ( 'NONE', #9743, #1976, #8165, .T. ) ;
#3655 = EDGE_CURVE ( 'NONE', #4693, #4063, #9753, .T. ) ;
#3656 = ORIENTED_EDGE ( 'NONE', *, *, #9963, .T. ) ;
#3657 = CIRCLE ( 'NONE', #8646, 0.2500000000000002220 ) ;
#3658 = ORIENTED_EDGE ( 'NONE', *, *, #4604, .F. ) ;
#3659 = VECTOR ( 'NONE', #7729, 1000.000000000000000 ) ;
#3660 = PLANE ( 'NONE',  #489 ) ;
#3661 = LINE ( 'NONE', #3103, #3933 ) ;
#3662 = VECTOR ( 'NONE', #3562, 1000.000000000000000 ) ;
#3663 = DIRECTION ( 'NONE',  ( -0.000000000000000000, 1.000000000000000000, 0.000000000000000000 ) ) ;
#3664 = CARTESIAN_POINT ( 'NONE',  ( -1.249999999999968248, 0.2000000000000000111, 2.399999999999972378 ) ) ;
#3665 = ORIENTED_EDGE ( 'NONE', *, *, #3078, .T. ) ;
#3666 = CARTESIAN_POINT ( 'NONE',  ( -5.200000000000001066, 5.300000000000000711, -1.499999999999999556 ) ) ;
#3667 = CARTESIAN_POINT ( 'NONE',  ( -1.249999999999999334, 2.649999999999999911, -2.300000000000000266 ) ) ;
#3668 = VERTEX_POINT ( 'NONE', #9034 ) ;
#3669 = CIRCLE ( 'NONE', #7163, 0.1000000000000018929 ) ;
#3670 = ORIENTED_EDGE ( 'NONE', *, *, #3524, .T. ) ;
#3671 = CARTESIAN_POINT ( 'NONE',  ( -2.859191070279859748, 0.000000000000000000, -2.300000000000000266 ) ) ;
#3672 = ADVANCED_FACE ( 'NONE', ( #2629 ), #1909, .F. ) ;
#3673 = CARTESIAN_POINT ( 'NONE',  ( -5.200000000000001066, 5.325000000000001954, 3.899999999999999911 ) ) ;
#3674 = CARTESIAN_POINT ( 'NONE',  ( -0.7000000000000000666, 5.700000000000000178, -3.199999999999999734 ) ) ;
#3675 = VECTOR ( 'NONE', #4731, 1000.000000000000000 ) ;
#3676 =( BOUNDED_CURVE ( )  B_SPLINE_CURVE ( 3, ( #8715, #2307, #8762, #7006 ),
 .UNSPECIFIED., .F., .F. ) 
 B_SPLINE_CURVE_WITH_KNOTS ( ( 4, 4 ),
 ( 4.712388980384688786, 6.283185307179585344 ),
 .UNSPECIFIED. ) 
 CURVE ( )  GEOMETRIC_REPRESENTATION_ITEM ( )  RATIONAL_B_SPLINE_CURVE ( ( 1.000000000000000000, 0.8047378541243648264, 0.8047378541243648264, 1.000000000000000000 ) ) 
 REPRESENTATION_ITEM ( '' )  );
#3677 = PLANE ( 'NONE',  #7617 ) ;
#3678 = DIRECTION ( 'NONE',  ( 1.000000000000000000, -0.000000000000000000, -0.000000000000000000 ) ) ;
#3679 = CARTESIAN_POINT ( 'NONE',  ( 4.800000000000000711, 5.064999999999999503, 2.250000000000000444 ) ) ;
#3680 = ORIENTED_EDGE ( 'NONE', *, *, #5232, .T. ) ;
#3681 = AXIS2_PLACEMENT_3D ( 'NONE', #5889, #9037, #525 ) ;
#3682 = DIRECTION ( 'NONE',  ( 0.000000000000000000, 0.000000000000000000, 1.000000000000000000 ) ) ;
#3683 = PLANE ( 'NONE',  #391 ) ;
#3684 = LINE ( 'NONE', #468, #4872 ) ;
#3685 = ADVANCED_FACE ( 'NONE', ( #7595 ), #5265, .T. ) ;
#3686 = LINE ( 'NONE', #2840, #4824 ) ;
#3687 = CARTESIAN_POINT ( 'NONE',  ( -2.000000000000000000, 0.000000000000000000, 0.7999999999999994893 ) ) ;
#3688 = DIRECTION ( 'NONE',  ( 0.7071067811865475727, 0.000000000000000000, 0.7071067811865475727 ) ) ;
#3689 = LINE ( 'NONE', #5273, #8435 ) ;
#3690 = DIRECTION ( 'NONE',  ( 0.000000000000000000, 1.000000000000000000, 0.000000000000000000 ) ) ;
#3691 = CARTESIAN_POINT ( 'NONE',  ( 6.000000000000000000, 3.150000000000000799, -3.000000000000000000 ) ) ;
#3692 = ORIENTED_EDGE ( 'NONE', *, *, #8936, .T. ) ;
#3693 = CARTESIAN_POINT ( 'NONE',  ( -4.800000000000000711, 4.700000000000000178, 0.1000000000000000472 ) ) ;
#3694 = ORIENTED_EDGE ( 'NONE', *, *, #5837, .F. ) ;
#3695 = AXIS2_PLACEMENT_3D ( 'NONE', #8642, #7232, #6410 ) ;
#3696 = ORIENTED_EDGE ( 'NONE', *, *, #5647, .T. ) ;
#3697 = ADVANCED_FACE ( 'NONE', ( #8420 ), #1284, .T. ) ;
#3698 = CARTESIAN_POINT ( 'NONE',  ( 5.799999999999999822, 2.400000000000000355, 1.999999999999999556 ) ) ;
#3699 = FILL_AREA_STYLE_COLOUR ( '', #9271 ) ;
#3700 = DIRECTION ( 'NONE',  ( 1.000000000000000000, -2.224004456380521903E-16, 0.000000000000000000 ) ) ;
#3701 = ORIENTED_EDGE ( 'NONE', *, *, #10124, .T. ) ;
#3702 = DIRECTION ( 'NONE',  ( -0.000000000000000000, 0.5646839155919902709, -0.8253072612498317806 ) ) ;
#3703 = AXIS2_PLACEMENT_3D ( 'NONE', #3626, #2838, #4528 ) ;
#3704 = PLANE ( 'NONE',  #5799 ) ;
#3705 = VERTEX_POINT ( 'NONE', #6093 ) ;
#3706 = VECTOR ( 'NONE', #5673, 1000.000000000000000 ) ;
#3707 = DIRECTION ( 'NONE',  ( 0.3131456130149768424, 0.6715429342378133049, 0.6715429342378209654 ) ) ;
#3708 = ORIENTED_EDGE ( 'NONE', *, *, #5193, .T. ) ;
#3709 = ORIENTED_EDGE ( 'NONE', *, *, #3215, .T. ) ;
#3710 = VERTEX_POINT ( 'NONE', #5320 ) ;
#3711 = AXIS2_PLACEMENT_3D ( 'NONE', #7679, #7038, #2192 ) ;
#3712 = CARTESIAN_POINT ( 'NONE',  ( -6.000000000000000000, 0.000000000000000000, 0.7999999999999994893 ) ) ;
#3713 = DIRECTION ( 'NONE',  ( 0.000000000000000000, 0.000000000000000000, -1.000000000000000000 ) ) ;
#3714 = DIRECTION ( 'NONE',  ( -0.7071067811865442421, 8.761676666762078627E-16, 0.7071067811865509034 ) ) ;
#3715 = DIRECTION ( 'NONE',  ( 0.000000000000000000, 0.000000000000000000, 1.000000000000000000 ) ) ;
#3716 = ADVANCED_FACE ( 'NONE', ( #4475 ), #6814, .T. ) ;
#3717 = ORIENTED_EDGE ( 'NONE', *, *, #968, .T. ) ;
#3718 = LINE ( 'NONE', #6228, #9778 ) ;
#3719 = ADVANCED_FACE ( 'NONE', ( #2115 ), #7707, .F. ) ;
#3720 = CARTESIAN_POINT ( 'NONE',  ( -5.200000000000001066, 5.470710678118654968, 1.647132034355962338 ) ) ;
#3721 = VERTEX_POINT ( 'NONE', #1344 ) ;
#3722 = ORIENTED_EDGE ( 'NONE', *, *, #3134, .F. ) ;
#3723 = VECTOR ( 'NONE', #1741, 1000.000000000000000 ) ;
#3724 = ORIENTED_EDGE ( 'NONE', *, *, #3230, .F. ) ;
#3725 = DIRECTION ( 'NONE',  ( 0.000000000000000000, 0.000000000000000000, -1.000000000000000000 ) ) ;
#3726 = DIRECTION ( 'NONE',  ( 0.7071067811865495711, 2.044391222244481496E-15, 0.7071067811865454633 ) ) ;
#3727 = LINE ( 'NONE', #5258, #4439 ) ;
#3728 = DIRECTION ( 'NONE',  ( -1.239088197126292050E-15, 0.000000000000000000, -1.000000000000000000 ) ) ;
#3729 = ORIENTED_EDGE ( 'NONE', *, *, #1924, .F. ) ;
#3730 = ADVANCED_FACE ( 'NONE', ( #10012 ), #3683, .F. ) ;
#3731 = CARTESIAN_POINT ( 'NONE',  ( -2.400000000000000355, 4.850000000000000533, 3.900000000000000355 ) ) ;
#3732 = ORIENTED_EDGE ( 'NONE', *, *, #3974, .T. ) ;
#3733 = CARTESIAN_POINT ( 'NONE',  ( 6.000000000000000888, 4.050000000000000711, -3.000000000000000000 ) ) ;
#3734 = CARTESIAN_POINT ( 'NONE',  ( 2.750000000000000888, 2.649999999999999911, -1.999999999999997335 ) ) ;
#3735 = FACE_OUTER_BOUND ( 'NONE', #2396, .T. ) ;
#3736 = CARTESIAN_POINT ( 'NONE',  ( 5.055000000000001492, 0.4000000000000000222, -3.599999999999998757 ) ) ;
#3737 = PLANE ( 'NONE',  #10088 ) ;
#3738 = CARTESIAN_POINT ( 'NONE',  ( 4.800000000000000711, 5.499999999999998224, 0.000000000000000000 ) ) ;
#3739 = DIRECTION ( 'NONE',  ( 0.000000000000000000, 0.000000000000000000, -1.000000000000000000 ) ) ;
#3740 = CLOSED_SHELL ( 'NONE', ( #2994, #4937, #5838, #2826, #2583, #5206, #5695, #3261, #985, #5634, #7483, #5724, #3719, #4131, #850, #8215, #5779, #9410, #2253, #5175, #2919, #4294, #7471, #8276, #3404, #2784, #8916, #5492, #281, #5088, #111, #7834, #9021, #10036, #7141, #7895, #3192, #9180, #3177, #7339, #2467, #9104, #4779, #7948, #7101, #9835, #8043, #689, #2408, #9864, #2906, #3594, #7667, #8546, #3360, #1103, #1052, #75, #5903, #6089, #3291, #4558, #9386, #4360, #1053, #2726, #2746, #4145, #9582, #9050, #6893, #5766, #661, #859, #4494, #713, #5307, #3402, #5455, #5578, #1647, #4658, #7606, #5664, #9620, #7258, #4623, #7818, #4963, #4846, #9809, #7340, #10064, #1410, #96, #6601, #2426, #8678, #3455, #5763, #297, #424, #8638, #95, #8863, #4906, #2069, #3697, #4533, #1087, #6780, #25, #3685, #1937, #1200, #7220, #765, #4184, #5413, #9648, #4688, #8210, #3194, #7911, #3990, #9108, #2976, #8832, #2562, #3833, #5379, #9747, #8689, #844, #2525, #42, #5736, #227, #7291, #3044, #7264, #728, #4867, #8112, #8179, #5579, #4844, #10152, #3886, #7245, #9771, #1905, #3240, #9168, #7963, #7201, #2267, #10089, #4474, #8326, #9903, #5862, #3061, #8345, #7192, #8054, #6766, #1678, #4636, #6244, #8431, #9234, #3042, #7149, #4919, #5222, #394, #5825, #1549, #7446, #7146, #267, #9023, #3730, #2240, #10166, #8170 ) ) ;
#3741 = FACE_OUTER_BOUND ( 'NONE', #614, .T. ) ;
#3742 = LINE ( 'NONE', #2225, #6004 ) ;
#3743 = ORIENTED_EDGE ( 'NONE', *, *, #3803, .F. ) ;
#3744 = CARTESIAN_POINT ( 'NONE',  ( -0.7000000000000000666, 4.400000000000000355, -3.199999999999999734 ) ) ;
#3745 = VECTOR ( 'NONE', #6700, 1000.000000000000000 ) ;
#3746 = ORIENTED_EDGE ( 'NONE', *, *, #8229, .T. ) ;
#3747 = ORIENTED_EDGE ( 'NONE', *, *, #8138, .T. ) ;
#3748 = CARTESIAN_POINT ( 'NONE',  ( 6.000000000000000000, 0.000000000000000000, -3.600000000000000089 ) ) ;
#3749 = VECTOR ( 'NONE', #6686, 1000.000000000000000 ) ;
#3750 = CARTESIAN_POINT ( 'NONE',  ( 2.100000000000000089, 4.400000000000000355, 0.7999999999999994893 ) ) ;
#3751 = CARTESIAN_POINT ( 'NONE',  ( -5.200000000000001066, 4.939999999999999503, 2.925000000000000711 ) ) ;
#3752 = VERTEX_POINT ( 'NONE', #577 ) ;
#3753 = CARTESIAN_POINT ( 'NONE',  ( 2.850000000000000089, 4.850000000000000533, 3.900000000000000355 ) ) ;
#3754 = EDGE_CURVE ( 'NONE', #4134, #1210, #9186, .T. ) ;
#3755 = DIRECTION ( 'NONE',  ( -1.000000000000000000, -0.000000000000000000, -0.000000000000000000 ) ) ;
#3756 = EDGE_CURVE ( 'NONE', #6742, #9981, #4292, .T. ) ;
#3757 = VERTEX_POINT ( 'NONE', #8401 ) ;
#3758 = CARTESIAN_POINT ( 'NONE',  ( -4.200000000000000178, 4.800000000000000711, -3.049999999999999378 ) ) ;
#3759 = ORIENTED_EDGE ( 'NONE', *, *, #9992, .T. ) ;
#3760 = AXIS2_PLACEMENT_3D ( 'NONE', #8417, #8719, #4036 ) ;
#3761 = ORIENTED_EDGE ( 'NONE', *, *, #169, .T. ) ;
#3762 = ORIENTED_EDGE ( 'NONE', *, *, #39, .F. ) ;
#3763 = DIRECTION ( 'NONE',  ( -1.000000000000000000, 0.000000000000000000, -0.000000000000000000 ) ) ;
#3764 = CARTESIAN_POINT ( 'NONE',  ( 3.026055542458625069, 0.000000000000000000, -4.350000000000003197 ) ) ;
#3765 = CARTESIAN_POINT ( 'NONE',  ( 0.8499999999999957589, 2.750000000000007550, -3.200000000000000178 ) ) ;
#3766 = VECTOR ( 'NONE', #857, 1000.000000000000000 ) ;
#3767 = CARTESIAN_POINT ( 'NONE',  ( -5.200000000000001066, 5.500000000000001776, 1.717842712474617173 ) ) ;
#3768 = ORIENTED_EDGE ( 'NONE', *, *, #1824, .F. ) ;
#3769 = CARTESIAN_POINT ( 'NONE',  ( 0.000000000000000000, 0.000000000000000000, -2.300000000000000266 ) ) ;
#3770 = ORIENTED_EDGE ( 'NONE', *, *, #3134, .T. ) ;
#3771 = ORIENTED_EDGE ( 'NONE', *, *, #4461, .F. ) ;
#3772 = EDGE_CURVE ( 'NONE', #2194, #7636, #1067, .T. ) ;
#3773 = VERTEX_POINT ( 'NONE', #8195 ) ;
#3774 = EDGE_CURVE ( 'NONE', #1835, #8178, #5967, .T. ) ;
#3775 = ADVANCED_FACE ( 'NONE', ( #1890 ), #2603, .F. ) ;
#3776 = EDGE_CURVE ( 'NONE', #8442, #1528, #9735, .T. ) ;
#3777 = CARTESIAN_POINT ( 'NONE',  ( 4.350000000000002309, 2.350000000000000089, -3.599999999999999645 ) ) ;
#3778 = DIRECTION ( 'NONE',  ( 0.000000000000000000, 0.000000000000000000, 1.000000000000000000 ) ) ;
#3779 = LINE ( 'NONE', #9336, #3946 ) ;
#3780 = ORIENTED_EDGE ( 'NONE', *, *, #212, .F. ) ;
#3781 = EDGE_CURVE ( 'NONE', #9302, #1014, #8350, .T. ) ;
#3782 = FACE_OUTER_BOUND ( 'NONE', #3139, .T. ) ;
#3783 = ORIENTED_EDGE ( 'NONE', *, *, #1217, .F. ) ;
#3784 = PLANE ( 'NONE',  #7994 ) ;
#3785 = ADVANCED_FACE ( 'NONE', ( #2661 ), #9116, .F. ) ;
#3786 = ADVANCED_FACE ( 'NONE', ( #3558 ), #7468, .F. ) ;
#3787 = DIRECTION ( 'NONE',  ( 0.000000000000000000, 1.334402673828314227E-15, -1.000000000000000000 ) ) ;
#3788 = CARTESIAN_POINT ( 'NONE',  ( 2.399999999999999911, 5.700000000000000178, -3.200000000000000178 ) ) ;
#3789 = LINE ( 'NONE', #6197, #1798 ) ;
#3790 = VECTOR ( 'NONE', #6689, 1000.000000000000000 ) ;
#3791 = DIRECTION ( 'NONE',  ( 0.000000000000000000, -1.000000000000000000, 0.000000000000000000 ) ) ;
#3792 = DIRECTION ( 'NONE',  ( 0.9063077870366482713, 0.000000000000000000, 0.4226182617407028830 ) ) ;
#3793 = CARTESIAN_POINT ( 'NONE',  ( -4.350000000000001421, 2.749999999999999112, -3.200000000000000178 ) ) ;
#3794 = VECTOR ( 'NONE', #7590, 1000.000000000000000 ) ;
#3795 = ORIENTED_EDGE ( 'NONE', *, *, #7899, .T. ) ;
#3796 = DIRECTION ( 'NONE',  ( 1.000000000000000000, -0.000000000000000000, -0.000000000000000000 ) ) ;
#3797 = ORIENTED_EDGE ( 'NONE', *, *, #5524, .F. ) ;
#3798 = VECTOR ( 'NONE', #2175, 1000.000000000000114 ) ;
#3799 = EDGE_LOOP ( 'NONE', ( #3174, #4140, #2510, #4625 ) ) ;
#3800 = DIRECTION ( 'NONE',  ( -0.000000000000000000, 0.9284766908852596368, 0.3713906763541028888 ) ) ;
#3801 = VECTOR ( 'NONE', #1622, 1000.000000000000000 ) ;
#3802 = UNCERTAINTY_MEASURE_WITH_UNIT (LENGTH_MEASURE( 1.000000000000000082E-05 ), #185, 'distance_accuracy_value', 'NONE');
#3803 = EDGE_CURVE ( 'NONE', #7040, #4210, #1263, .T. ) ;
#3804 = CARTESIAN_POINT ( 'NONE',  ( 2.750000000000000888, 2.649999999999999911, -2.300000000000000266 ) ) ;
#3805 = CARTESIAN_POINT ( 'NONE',  ( -2.100000000000000089, 4.400000000000000355, 0.7999999999999994893 ) ) ;
#3806 = ORIENTED_EDGE ( 'NONE', *, *, #7409, .F. ) ;
#3807 = VECTOR ( 'NONE', #8774, 1000.000000000000000 ) ;
#3808 = ORIENTED_EDGE ( 'NONE', *, *, #6512, .T. ) ;
#3809 = CARTESIAN_POINT ( 'NONE',  ( -4.004999999999999893, 4.400000000000000355, 2.249999999999999556 ) ) ;
#3810 = VERTEX_POINT ( 'NONE', #248 ) ;
#3811 = VECTOR ( 'NONE', #4827, 1000.000000000000000 ) ;
#3812 = ORIENTED_EDGE ( 'NONE', *, *, #8098, .T. ) ;
#3813 = ORIENTED_EDGE ( 'NONE', *, *, #5003, .F. ) ;
#3814 = ADVANCED_FACE ( 'NONE', ( #6023 ), #4241, .F. ) ;
#3815 = EDGE_CURVE ( 'NONE', #1046, #9276, #5087, .T. ) ;
#3816 = DIRECTION ( 'NONE',  ( -0.000000000000000000, 0.000000000000000000, -1.000000000000000000 ) ) ;
#3817 = DIRECTION ( 'NONE',  ( 0.000000000000000000, -1.000000000000000000, -1.334402673828314227E-15 ) ) ;
#3818 = CLOSED_SHELL ( 'NONE', ( #8079, #300, #3814, #9810, #6719, #7531, #2341, #7057, #3326, #8666 ) ) ;
#3819 = PLANE ( 'NONE',  #6583 ) ;
#3820 = ORIENTED_EDGE ( 'NONE', *, *, #8338, .F. ) ;
#3821 = DIRECTION ( 'NONE',  ( -1.000000000000000000, 0.000000000000000000, 4.818676322157799347E-16 ) ) ;
#3822 = AXIS2_PLACEMENT_3D ( 'NONE', #7436, #4157, #3309 ) ;
#3823 = CARTESIAN_POINT ( 'NONE',  ( 5.305000000000000604, 2.174948115447571606, -4.750000000000000000 ) ) ;
#3824 = ORIENTED_EDGE ( 'NONE', *, *, #2991, .T. ) ;
#3825 = EDGE_LOOP ( 'NONE', ( #5293, #2502, #10212, #4457 ) ) ;
#3826 = ORIENTED_EDGE ( 'NONE', *, *, #4002, .T. ) ;
#3827 = VECTOR ( 'NONE', #2732, 1000.000000000000000 ) ;
#3828 = EDGE_CURVE ( 'NONE', #7907, #8705, #3505, .T. ) ;
#3829 = FACE_OUTER_BOUND ( 'NONE', #6055, .T. ) ;
#3830 = LINE ( 'NONE', #9179, #2418 ) ;
#3831 = CYLINDRICAL_SURFACE ( 'NONE', #6288, 0.09999999999999961697 ) ;
#3832 = ORIENTED_EDGE ( 'NONE', *, *, #421, .F. ) ;
#3833 = ADVANCED_FACE ( 'NONE', ( #3607 ), #3394, .F. ) ;
#3834 = AXIS2_PLACEMENT_3D ( 'NONE', #8542, #4600, #698 ) ;
#3835 = CARTESIAN_POINT ( 'NONE',  ( 2.750000000000031974, 0.000000000000000000, 5.000000000000000000 ) ) ;
#3836 = ORIENTED_EDGE ( 'NONE', *, *, #2991, .F. ) ;
#3837 = LINE ( 'NONE', #3036, #2988 ) ;
#3838 = VECTOR ( 'NONE', #133, 1000.000000000000000 ) ;
#3839 = CARTESIAN_POINT ( 'NONE',  ( 6.000000000000000000, 5.700000000000000178, -3.200000000000000178 ) ) ;
#3840 = VECTOR ( 'NONE', #3250, 1000.000000000000000 ) ;
#3841 = FACE_OUTER_BOUND ( 'NONE', #657, .T. ) ;
#3842 = PLANE ( 'NONE',  #5640 ) ;
#3843 = DIRECTION ( 'NONE',  ( -0.000000000000000000, -1.000000000000000000, -0.000000000000000000 ) ) ;
#3844 = DIRECTION ( 'NONE',  ( 0.000000000000000000, -0.7071067811865475727, 0.7071067811865475727 ) ) ;
#3845 = EDGE_CURVE ( 'NONE', #4355, #9701, #295, .T. ) ;
#3846 = FACE_OUTER_BOUND ( 'NONE', #164, .T. ) ;
#3847 = ADVANCED_FACE ( 'NONE', ( #1996 ), #5816, .F. ) ;
#3848 = ORIENTED_EDGE ( 'NONE', *, *, #2237, .F. ) ;
#3849 = SURFACE_SIDE_STYLE ('',( #4590 ) ) ;
#3850 = VERTEX_POINT ( 'NONE', #5915 ) ;
#3851 = LINE ( 'NONE', #2475, #9781 ) ;
#3852 = VERTEX_POINT ( 'NONE', #9063 ) ;
#3853 = CARTESIAN_POINT ( 'NONE',  ( -3.026055542458622849, 8.000000000000000000, -4.350000000000004086 ) ) ;
#3854 = LINE ( 'NONE', #7767, #9110 ) ;
#3855 = DIRECTION ( 'NONE',  ( 6.195440985631445457E-16, 2.147858190661057557E-18, 1.000000000000000000 ) ) ;
#3856 = ORIENTED_EDGE ( 'NONE', *, *, #1235, .T. ) ;
#3857 = LINE ( 'NONE', #8594, #9956 ) ;
#3858 = ORIENTED_EDGE ( 'NONE', *, *, #4229, .F. ) ;
#3859 = CARTESIAN_POINT ( 'NONE',  ( 6.000000000000000000, 5.699999999999999289, 2.250000000000000000 ) ) ;
#3860 = VECTOR ( 'NONE', #3311, 1000.000000000000000 ) ;
#3861 = ORIENTED_EDGE ( 'NONE', *, *, #7832, .T. ) ;
#3862 = EDGE_CURVE ( 'NONE', #625, #3178, #5139, .T. ) ;
#3863 = ORIENTED_EDGE ( 'NONE', *, *, #10184, .F. ) ;
#3864 = EDGE_LOOP ( 'NONE', ( #7364, #5860, #1624, #4394 ) ) ;
#3865 = PLANE ( 'NONE',  #3960 ) ;
#3866 = AXIS2_PLACEMENT_3D ( 'NONE', #5898, #6680, #9818 ) ;
#3867 = CARTESIAN_POINT ( 'NONE',  ( -4.350000000000001421, 2.750000000000000444, -3.600000000000000533 ) ) ;
#3868 = VECTOR ( 'NONE', #7944, 1000.000000000000000 ) ;
#3869 = DIRECTION ( 'NONE',  ( -1.000000000000000000, 0.000000000000000000, 0.000000000000000000 ) ) ;
#3870 = ORIENTED_EDGE ( 'NONE', *, *, #7018, .F. ) ;
#3871 = FILL_AREA_STYLE ('',( #10148 ) ) ;
#3872 = CARTESIAN_POINT ( 'NONE',  ( -1.249999999999968248, -0.7241379310344807640, 4.710344827586208538 ) ) ;
#3873 = VERTEX_POINT ( 'NONE', #8873 ) ;
#3874 = ORIENTED_EDGE ( 'NONE', *, *, #1824, .T. ) ;
#3875 = EDGE_CURVE ( 'NONE', #813, #3216, #5153, .T. ) ;
#3876 = VECTOR ( 'NONE', #6598, 1000.000000000000000 ) ;
#3877 = STYLED_ITEM ( 'NONE', ( #7975 ), #8333 ) ;
#3878 = ORIENTED_EDGE ( 'NONE', *, *, #5929, .F. ) ;
#3879 = CARTESIAN_POINT ( 'NONE',  ( 5.007179676972450366, -2.863989636192956765E-16, 0.9134769367380000116 ) ) ;
#3880 = LINE ( 'NONE', #7103, #124 ) ;
#3881 = DIRECTION ( 'NONE',  ( 0.000000000000000000, 0.000000000000000000, 1.000000000000000000 ) ) ;
#3882 = VERTEX_POINT ( 'NONE', #1852 ) ;
#3883 = CARTESIAN_POINT ( 'NONE',  ( -5.200000000000001066, 5.500000000000000888, 0.9678427124746186161 ) ) ;
#3884 = ORIENTED_EDGE ( 'NONE', *, *, #138, .T. ) ;
#3885 = DIRECTION ( 'NONE',  ( 0.000000000000000000, -0.000000000000000000, -1.000000000000000000 ) ) ;
#3886 = ADVANCED_FACE ( 'NONE', ( #7379 ), #973, .F. ) ;
#3887 = EDGE_CURVE ( 'NONE', #6000, #5531, #9746, .T. ) ;
#3888 = DIRECTION ( 'NONE',  ( 1.000000000000000000, 1.239088197126288302E-15, -0.000000000000000000 ) ) ;
#3889 = DIRECTION ( 'NONE',  ( -1.000000000000000000, 0.000000000000000000, -0.000000000000000000 ) ) ;
#3890 = ADVANCED_FACE ( 'NONE', ( #2619 ), #1178, .F. ) ;
#3891 = CARTESIAN_POINT ( 'NONE',  ( 1.250000000000033307, 0.000000000000000000, 2.400000000000000355 ) ) ;
#3892 = PRESENTATION_STYLE_ASSIGNMENT (( #730 ) ) ;
#3893 = CARTESIAN_POINT ( 'NONE',  ( 4.800000000000000711, 5.394289321881346133, 1.429289321881345387 ) ) ;
#3894 = LINE ( 'NONE', #7903, #695 ) ;
#3895 = EDGE_LOOP ( 'NONE', ( #377, #4983, #5334, #403 ) ) ;
#3896 = LINE ( 'NONE', #1296, #1205 ) ;
#3897 = ORIENTED_EDGE ( 'NONE', *, *, #9998, .F. ) ;
#3898 = EDGE_CURVE ( 'NONE', #290, #6232, #258, .T. ) ;
#3899 = DIRECTION ( 'NONE',  ( 0.000000000000000000, 1.591489427501657896E-16, -1.000000000000000000 ) ) ;
#3900 = CARTESIAN_POINT ( 'NONE',  ( 6.000000000000000000, 4.850000000000000533, 2.250000000000000444 ) ) ;
#3901 = EDGE_CURVE ( 'NONE', #939, #1650, #6709, .T. ) ;
#3902 = DIRECTION ( 'NONE',  ( 0.5773502691896240657, -0.5773502691896290617, 0.5773502691896240657 ) ) ;
#3903 = VECTOR ( 'NONE', #8752, 1000.000000000000000 ) ;
#3904 = LINE ( 'NONE', #10232, #4597 ) ;
#3905 = DIRECTION ( 'NONE',  ( 0.000000000000000000, 1.000000000000000000, 0.000000000000000000 ) ) ;
#3906 = ORIENTED_EDGE ( 'NONE', *, *, #9297, .F. ) ;
#3907 = FACE_OUTER_BOUND ( 'NONE', #2448, .T. ) ;
#3908 = ORIENTED_EDGE ( 'NONE', *, *, #3955, .F. ) ;
#3909 = VERTEX_POINT ( 'NONE', #3516 ) ;
#3910 = AXIS2_PLACEMENT_3D ( 'NONE', #7302, #183, #9722 ) ;
#3911 =( NAMED_UNIT ( * ) SI_UNIT ( $, .STERADIAN. ) SOLID_ANGLE_UNIT ( ) );
#3912 = EDGE_CURVE ( 'NONE', #1400, #7622, #1954, .T. ) ;
#3913 = CARTESIAN_POINT ( 'NONE',  ( 4.004999999999999893, 5.499999999999998224, 2.249999999999999112 ) ) ;
#3914 = CARTESIAN_POINT ( 'NONE',  ( 4.200000000000000178, 2.199999999999999734, 0.7999999999999994893 ) ) ;
#3915 = FACE_OUTER_BOUND ( 'NONE', #1219, .T. ) ;
#3916 = EDGE_LOOP ( 'NONE', ( #9379, #7508, #10029, #9694 ) ) ;
#3917 = CARTESIAN_POINT ( 'NONE',  ( 2.750000000000031974, 0.000000000000000000, 5.000000000000000000 ) ) ;
#3918 = LINE ( 'NONE', #3071, #5176 ) ;
#3919 = ORIENTED_EDGE ( 'NONE', *, *, #1495, .F. ) ;
#3920 = AXIS2_PLACEMENT_3D ( 'NONE', #8766, #3288, #7892 ) ;
#3921 = VERTEX_POINT ( 'NONE', #9852 ) ;
#3922 = ORIENTED_EDGE ( 'NONE', *, *, #4236, .F. ) ;
#3923 = ORIENTED_EDGE ( 'NONE', *, *, #6923, .T. ) ;
#3924 = AXIS2_PLACEMENT_3D ( 'NONE', #142, #3504, #6647 ) ;
#3925 = FACE_OUTER_BOUND ( 'NONE', #3916, .T. ) ;
#3926 = CARTESIAN_POINT ( 'NONE',  ( -6.000000000000000000, 3.150000000000000799, -3.000000000000000000 ) ) ;
#3927 = DIRECTION ( 'NONE',  ( -1.000000000000000000, 0.000000000000000000, -0.000000000000000000 ) ) ;
#3928 = ORIENTED_EDGE ( 'NONE', *, *, #4620, .T. ) ;
#3929 = CARTESIAN_POINT ( 'NONE',  ( 4.800000000000000711, 2.400000000000001243, -1.699999999999999734 ) ) ;
#3930 = CARTESIAN_POINT ( 'NONE',  ( -3.764267565201869559, 0.000000000000000000, -5.000000000000000000 ) ) ;
#3931 = VERTEX_POINT ( 'NONE', #1125 ) ;
#3932 = DIRECTION ( 'NONE',  ( 0.000000000000000000, 0.000000000000000000, -1.000000000000000000 ) ) ;
#3933 = VECTOR ( 'NONE', #1318, 1000.000000000000000 ) ;
#3934 = LINE ( 'NONE', #815, #5218 ) ;
#3935 = LINE ( 'NONE', #5, #9962 ) ;
#3936 = LINE ( 'NONE', #3891, #9764 ) ;
#3937 = EDGE_CURVE ( 'NONE', #9382, #4667, #2566, .T. ) ;
#3938 = EDGE_CURVE ( 'NONE', #6849, #6754, #7331, .T. ) ;
#3939 = VECTOR ( 'NONE', #6247, 1000.000000000000000 ) ;
#3940 = LINE ( 'NONE', #7950, #3807 ) ;
#3941 = LINE ( 'NONE', #9590, #5622 ) ;
#3942 = DIRECTION ( 'NONE',  ( -0.000000000000000000, -1.000000000000000000, -0.000000000000000000 ) ) ;
#3943 = ORIENTED_EDGE ( 'NONE', *, *, #9605, .T. ) ;
#3944 = LINE ( 'NONE', #4896, #9343 ) ;
#3945 = ORIENTED_EDGE ( 'NONE', *, *, #6193, .F. ) ;
#3946 = VECTOR ( 'NONE', #7589, 1000.000000000000000 ) ;
#3947 = DIRECTION ( 'NONE',  ( 1.000000000000000000, -0.000000000000000000, -0.000000000000000000 ) ) ;
#3948 = CARTESIAN_POINT ( 'NONE',  ( -5.200000000000001066, 4.939999999999999503, 2.049999999999999822 ) ) ;
#3949 = CARTESIAN_POINT ( 'NONE',  ( -1.249999999999968248, 0.000000000000000000, 2.400000000000000355 ) ) ;
#3950 = EDGE_CURVE ( 'NONE', #3295, #5554, #9697, .T. ) ;
#3951 = CARTESIAN_POINT ( 'NONE',  ( -4.800000000000000711, 5.300000000000000711, -1.499999999999999556 ) ) ;
#3952 = FACE_OUTER_BOUND ( 'NONE', #2026, .T. ) ;
#3953 = DIRECTION ( 'NONE',  ( 0.000000000000000000, 1.000000000000000000, -0.000000000000000000 ) ) ;
#3954 = AXIS2_PLACEMENT_3D ( 'NONE', #2670, #2565, #5777 ) ;
#3955 = EDGE_CURVE ( 'NONE', #4397, #7728, #6561, .T. ) ;
#3956 = AXIS2_PLACEMENT_3D ( 'NONE', #6788, #6935, #5342 ) ;
#3957 = ORIENTED_EDGE ( 'NONE', *, *, #5266, .F. ) ;
#3958 = LINE ( 'NONE', #889, #7042 ) ;
#3959 = ORIENTED_EDGE ( 'NONE', *, *, #642, .T. ) ;
#3960 = AXIS2_PLACEMENT_3D ( 'NONE', #3913, #7090, #2293 ) ;
#3961 = ORIENTED_EDGE ( 'NONE', *, *, #7368, .F. ) ;
#3962 = AXIS2_PLACEMENT_3D ( 'NONE', #1373, #3663, #6897 ) ;
#3963 = CARTESIAN_POINT ( 'NONE',  ( 2.750000000000000888, 2.649999999999999911, 0.7999999999999994893 ) ) ;
#3964 = PLANE ( 'NONE',  #9758 ) ;
#3965 = VECTOR ( 'NONE', #1443, 1000.000000000000000 ) ;
#3966 = LINE ( 'NONE', #7301, #971 ) ;
#3967 = PLANE ( 'NONE',  #1245 ) ;
#3968 = VERTEX_POINT ( 'NONE', #8256 ) ;
#3969 =( NAMED_UNIT ( * ) PLANE_ANGLE_UNIT ( ) SI_UNIT ( $, .RADIAN. ) );
#3970 = LINE ( 'NONE', #3872, #2986 ) ;
#3971 = AXIS2_PLACEMENT_3D ( 'NONE', #1560, #6361, #9509 ) ;
#3972 = EDGE_LOOP ( 'NONE', ( #7788, #911, #2081, #8344 ) ) ;
#3973 = EDGE_CURVE ( 'NONE', #9874, #8213, #5050, .T. ) ;
#3974 = EDGE_CURVE ( 'NONE', #7692, #7422, #3371, .T. ) ;
#3975 = AXIS2_PLACEMENT_3D ( 'NONE', #4687, #5527, #5474 ) ;
#3976 = ORIENTED_EDGE ( 'NONE', *, *, #3621, .F. ) ;
#3977 = ORIENTED_EDGE ( 'NONE', *, *, #7899, .F. ) ;
#3978 = ORIENTED_EDGE ( 'NONE', *, *, #7723, .F. ) ;
#3979 = CIRCLE ( 'NONE', #6656, 0.3499999999999996447 ) ;
#3980 = CLOSED_SHELL ( 'NONE', ( #9493, #5961, #7398, #5616, #10250, #5948, #2486, #3003, #9773, #829, #9150, #5130, #6339, #3161, #7087, #3554, #9731, #9146, #7126, #7559, #1477, #10007, #7885, #1962, #6303, #9603, #9530, #905, #3099 ) ) ;
#3981 = LINE ( 'NONE', #2353, #6500 ) ;
#3982 = PLANE ( 'NONE',  #8252 ) ;
#3983 = LINE ( 'NONE', #3081, #427 ) ;
#3984 = VERTEX_POINT ( 'NONE', #6761 ) ;
#3985 = FACE_OUTER_BOUND ( 'NONE', #6031, .T. ) ;
#3986 = DIRECTION ( 'NONE',  ( 1.000000000000000000, 0.000000000000000000, 0.000000000000000000 ) ) ;
#3987 = ORIENTED_EDGE ( 'NONE', *, *, #1785, .T. ) ;
#3988 = DIRECTION ( 'NONE',  ( -8.119982563694160593E-32, 1.591489427501657896E-16, -1.000000000000000000 ) ) ;
#3989 = CIRCLE ( 'NONE', #5997, 0.2000000000000003164 ) ;
#3990 = ADVANCED_FACE ( 'NONE', ( #5728 ), #4149, .F. ) ;
#3991 = DIRECTION ( 'NONE',  ( -0.000000000000000000, -1.000000000000000000, -0.000000000000000000 ) ) ;
#3992 = CARTESIAN_POINT ( 'NONE',  ( 1.250000000000032419, 0.6000000000000000888, 4.999999999999985789 ) ) ;
#3993 = LINE ( 'NONE', #6447, #2780 ) ;
#3994 = VECTOR ( 'NONE', #4221, 1000.000000000000000 ) ;
#3995 = PLANE ( 'NONE',  #2796 ) ;
#3996 = CARTESIAN_POINT ( 'NONE',  ( 6.000000000000000000, 3.150000000000000799, -3.000000000000000000 ) ) ;
#3997 = PLANE ( 'NONE',  #1132 ) ;
#3998 = DIRECTION ( 'NONE',  ( 0.000000000000000000, -1.000000000000000000, 0.000000000000000000 ) ) ;
#3999 = VERTEX_POINT ( 'NONE', #7485 ) ;
#4000 = CARTESIAN_POINT ( 'NONE',  ( -1.000000000000000000, 4.400000000000000355, 0.7999999999999994893 ) ) ;
#4001 = AXIS2_PLACEMENT_3D ( 'NONE', #5318, #5985, #2015 ) ;
#4002 = EDGE_CURVE ( 'NONE', #2569, #3333, #7213, .T. ) ;
#4003 = CARTESIAN_POINT ( 'NONE',  ( 6.000000000000000000, 5.700000000000000178, -3.200000000000000178 ) ) ;
#4004 = DIRECTION ( 'NONE',  ( 0.000000000000000000, 0.000000000000000000, 1.000000000000000000 ) ) ;
#4005 = CARTESIAN_POINT ( 'NONE',  ( 4.350000000000003197, 2.750000000000001332, -3.200000000000000178 ) ) ;
#4006 = DIRECTION ( 'NONE',  ( 0.000000000000000000, 0.000000000000000000, 1.000000000000000000 ) ) ;
#4007 = FACE_OUTER_BOUND ( 'NONE', #4607, .T. ) ;
#4008 = CARTESIAN_POINT ( 'NONE',  ( -4.899999999999999467, 4.629138561470611535, -1.699999999999999067 ) ) ;
#4009 = ORIENTED_EDGE ( 'NONE', *, *, #6945, .F. ) ;
#4010 = CARTESIAN_POINT ( 'NONE',  ( 4.800000000000000711, 5.300000000000000711, -1.499999999999999556 ) ) ;
#4011 = ORIENTED_EDGE ( 'NONE', *, *, #7949, .F. ) ;
#4012 = EDGE_CURVE ( 'NONE', #71, #4767, #9074, .T. ) ;
#4013 = ORIENTED_EDGE ( 'NONE', *, *, #5283, .F. ) ;
#4014 = DIRECTION ( 'NONE',  ( 0.000000000000000000, 0.000000000000000000, 1.000000000000000000 ) ) ;
#4015 = CARTESIAN_POINT ( 'NONE',  ( 5.242388108189161677, -0.8778098156693483478, -1.104147497287754520 ) ) ;
#4016 = ADVANCED_FACE ( 'NONE', ( #8103 ), #8565, .T. ) ;
#4017 = LINE ( 'NONE', #6477, #9761 ) ;
#4018 = AXIS2_PLACEMENT_3D ( 'NONE', #1248, #3800, #693 ) ;
#4019 = CARTESIAN_POINT ( 'NONE',  ( 0.8499999999999970912, 3.850000000000001421, -3.200000000000000178 ) ) ;
#4020 = ORIENTED_EDGE ( 'NONE', *, *, #9659, .F. ) ;
#4021 = FILL_AREA_STYLE ('',( #7145 ) ) ;
#4022 = DIRECTION ( 'NONE',  ( -1.000000000000000000, -0.000000000000000000, -0.000000000000000000 ) ) ;
#4023 = ORIENTED_EDGE ( 'NONE', *, *, #8807, .F. ) ;
#4024 = ORIENTED_EDGE ( 'NONE', *, *, #7752, .F. ) ;
#4025 = ORIENTED_EDGE ( 'NONE', *, *, #831, .F. ) ;
#4026 = VECTOR ( 'NONE', #1926, 1000.000000000000000 ) ;
#4027 = VECTOR ( 'NONE', #4842, 1000.000000000000000 ) ;
#4028 = VERTEX_POINT ( 'NONE', #8363 ) ;
#4029 = EDGE_CURVE ( 'NONE', #4938, #4295, #7698, .T. ) ;
#4030 = DIRECTION ( 'NONE',  ( -1.000000000000000000, 0.000000000000000000, 0.000000000000000000 ) ) ;
#4031 = LINE ( 'NONE', #7209, #2258 ) ;
#4032 = EDGE_CURVE ( 'NONE', #6254, #3542, #2882, .T. ) ;
#4033 = PLANE ( 'NONE',  #8724 ) ;
#4034 = VERTEX_POINT ( 'NONE', #6085 ) ;
#4035 = CARTESIAN_POINT ( 'NONE',  ( -5.054999999999998828, 0.6500000000000020206, -4.749999999999992895 ) ) ;
#4036 = DIRECTION ( 'NONE',  ( 0.000000000000000000, -0.7071067811865495711, -0.7071067811865455743 ) ) ;
#4037 = ORIENTED_EDGE ( 'NONE', *, *, #6223, .T. ) ;
#4038 = LINE ( 'NONE', #2459, #5228 ) ;
#4039 = CIRCLE ( 'NONE', #7711, 0.1749999999999998224 ) ;
#4040 = CIRCLE ( 'NONE', #7196, 0.2499999999999997780 ) ;
#4041 = EDGE_LOOP ( 'NONE', ( #36, #3248, #6249, #9728 ) ) ;
#4042 = CARTESIAN_POINT ( 'NONE',  ( 5.799999999999999822, 3.400000000000000355, 1.999999999999999556 ) ) ;
#4043 = CARTESIAN_POINT ( 'NONE',  ( 4.800000000000000711, 2.400000000000000355, 1.999999999999999556 ) ) ;
#4044 = CARTESIAN_POINT ( 'NONE',  ( 6.000000000000000000, 0.2000000000000000111, 2.149999999999999911 ) ) ;
#4045 = EDGE_CURVE ( 'NONE', #9176, #546, #1431, .T. ) ;
#4046 = VECTOR ( 'NONE', #3707, 1000.000000000000000 ) ;
#4047 =( LENGTH_UNIT ( ) NAMED_UNIT ( * ) SI_UNIT ( .MILLI., .METRE. ) );
#4048 = PLANE ( 'NONE',  #7273 ) ;
#4049 = DIRECTION ( 'NONE',  ( 0.000000000000000000, 0.000000000000000000, 1.000000000000000000 ) ) ;
#4050 = ORIENTED_EDGE ( 'NONE', *, *, #593, .T. ) ;
#4051 = CARTESIAN_POINT ( 'NONE',  ( -2.850000000000000089, 4.850000000000000533, 3.900000000000000355 ) ) ;
#4052 = ORIENTED_EDGE ( 'NONE', *, *, #4176, .F. ) ;
#4053 = DIRECTION ( 'NONE',  ( 0.000000000000000000, 0.000000000000000000, -1.000000000000000000 ) ) ;
#4054 = COLOUR_RGB ( '',1.000000000000000000, 1.000000000000000000, 0.7529411764705882248 ) ;
#4055 = DIRECTION ( 'NONE',  ( 6.195440985631441512E-16, 1.000000000000000000, -0.000000000000000000 ) ) ;
#4056 = CARTESIAN_POINT ( 'NONE',  ( -5.200000000000001066, 2.575000000000000178, 3.899999999999999911 ) ) ;
#4057 = CARTESIAN_POINT ( 'NONE',  ( 5.200000000000001066, 2.400000000000000355, 3.899999999999999023 ) ) ;
#4058 = DIRECTION ( 'NONE',  ( 0.000000000000000000, 0.000000000000000000, 1.000000000000000000 ) ) ;
#4059 = CARTESIAN_POINT ( 'NONE',  ( -1.999999999999998224, 0.9000000000000005773, -4.100000000000005862 ) ) ;
#4060 = DIRECTION ( 'NONE',  ( -1.232595164407830946E-32, -1.000000000000000000, 6.853242846390245208E-49 ) ) ;
#4061 = VERTEX_POINT ( 'NONE', #8468 ) ;
#4062 = DIRECTION ( 'NONE',  ( -1.000000000000000000, -0.000000000000000000, 2.624392550645699579E-16 ) ) ;
#4063 = VERTEX_POINT ( 'NONE', #3674 ) ;
#4064 = EDGE_LOOP ( 'NONE', ( #4741, #4078, #1718, #9986, #8197, #7580 ) ) ;
#4065 = CARTESIAN_POINT ( 'NONE',  ( 4.800000000000000711, 5.400000000000001243, 1.717842712474618283 ) ) ;
#4066 = MECHANICAL_DESIGN_GEOMETRIC_PRESENTATION_REPRESENTATION (  '', ( #6413 ), #9044 ) ;
#4067 = DIRECTION ( 'NONE',  ( -1.000000000000000000, -0.000000000000000000, -0.000000000000000000 ) ) ;
#4068 = EDGE_CURVE ( 'NONE', #4334, #425, #2832, .T. ) ;
#4069 = LINE ( 'NONE', #7195, #9100 ) ;
#4070 = EDGE_CURVE ( 'NONE', #9197, #746, #514, .T. ) ;
#4071 = DIRECTION ( 'NONE',  ( -0.9396926207859095381, -0.000000000000000000, -0.3420201433256658263 ) ) ;
#4072 = EDGE_LOOP ( 'NONE', ( #2167, #3399, #6330, #10082 ) ) ;
#4073 = CARTESIAN_POINT ( 'NONE',  ( 2.750000000000031974, 0.6000000000000000888, 2.400000000000000355 ) ) ;
#4074 = CLOSED_SHELL ( 'NONE', ( #1510, #5242, #4561, #7098, #4669, #1392, #4747, #242, #1806, #3034, #4227, #7908, #5397, #9934, #2762, #548, #7771, #4661, #1198, #5893, #3579, #4507, #323, #4881, #4297, #2397, #1037, #1336, #848 ) ) ;
#4075 = DIRECTION ( 'NONE',  ( 0.000000000000000000, 1.000000000000000000, 3.097720492815727166E-16 ) ) ;
#4076 = ORIENTED_EDGE ( 'NONE', *, *, #2413, .T. ) ;
#4077 = VERTEX_POINT ( 'NONE', #4415 ) ;
#4078 = ORIENTED_EDGE ( 'NONE', *, *, #6170, .T. ) ;
#4079 = EDGE_LOOP ( 'NONE', ( #3560, #3266, #3166, #2085 ) ) ;
#4080 = LINE ( 'NONE', #6491, #3458 ) ;
#4081 = DIRECTION ( 'NONE',  ( 0.000000000000000000, 0.000000000000000000, 1.000000000000000000 ) ) ;
#4082 = VECTOR ( 'NONE', #5367, 1000.000000000000000 ) ;
#4083 = ORIENTED_EDGE ( 'NONE', *, *, #8022, .T. ) ;
#4084 = CARTESIAN_POINT ( 'NONE',  ( -5.200000000000001066, 5.500000000000001776, 3.075000000000001066 ) ) ;
#4085 = CARTESIAN_POINT ( 'NONE',  ( -6.000000000000000888, 4.050000000000000711, -3.200000000000000178 ) ) ;
#4086 = ORIENTED_EDGE ( 'NONE', *, *, #7165, .T. ) ;
#4087 = DIRECTION ( 'NONE',  ( 0.000000000000000000, 1.000000000000000000, 0.000000000000000000 ) ) ;
#4088 = EDGE_CURVE ( 'NONE', #2908, #625, #6034, .T. ) ;
#4089 = EDGE_CURVE ( 'NONE', #7207, #4183, #3830, .T. ) ;
#4090 = EDGE_CURVE ( 'NONE', #3873, #5745, #6954, .T. ) ;
#4091 = CIRCLE ( 'NONE', #8903, 0.1000000000000002554 ) ;
#4092 = ORIENTED_EDGE ( 'NONE', *, *, #10053, .F. ) ;
#4093 = CARTESIAN_POINT ( 'NONE',  ( -2.749999999999999112, 2.149999999999999467, -1.999999999999997335 ) ) ;
#4094 = LINE ( 'NONE', #5099, #10128 ) ;
#4095 = CARTESIAN_POINT ( 'NONE',  ( -4.800000000000000711, 2.400000000000001243, -1.699999999999999734 ) ) ;
#4096 = CARTESIAN_POINT ( 'NONE',  ( 5.200000000000001066, 5.394289321881344357, 0.6792893218813451650 ) ) ;
#4097 = CARTESIAN_POINT ( 'NONE',  ( 6.000000000000000000, 1.800000000000000266, -3.200000000000000178 ) ) ;
#4098 = PLANE ( 'NONE',  #4821 ) ;
#4099 = ORIENTED_EDGE ( 'NONE', *, *, #7738, .F. ) ;
#4100 = VECTOR ( 'NONE', #8579, 1000.000000000000000 ) ;
#4101 = PLANE ( 'NONE',  #4685 ) ;
#4102 = EDGE_LOOP ( 'NONE', ( #4050, #5772, #8093 ) ) ;
#4103 = DIRECTION ( 'NONE',  ( 0.000000000000000000, -1.000000000000000000, 0.000000000000000000 ) ) ;
#4104 = EDGE_CURVE ( 'NONE', #6690, #9454, #3727, .T. ) ;
#4105 = EDGE_CURVE ( 'NONE', #4664, #2926, #9335, .T. ) ;
#4106 = EDGE_CURVE ( 'NONE', #2873, #5187, #667, .T. ) ;
#4107 = DIRECTION ( 'NONE',  ( -1.000000000000000000, 0.000000000000000000, 0.000000000000000000 ) ) ;
#4108 = VECTOR ( 'NONE', #7172, 1000.000000000000000 ) ;
#4109 = LINE ( 'NONE', #8836, #9164 ) ;
#4110 = CARTESIAN_POINT ( 'NONE',  ( 3.250000000000032419, 0.000000000000000000, 4.800000000000000711 ) ) ;
#4111 = CYLINDRICAL_SURFACE ( 'NONE', #163, 0.09999999999999961697 ) ;
#4112 = DIRECTION ( 'NONE',  ( -1.000000000000000000, -0.000000000000000000, -0.000000000000000000 ) ) ;
#4113 = DIRECTION ( 'NONE',  ( -0.000000000000000000, -0.000000000000000000, -1.000000000000000000 ) ) ;
#4114 = ORIENTED_EDGE ( 'NONE', *, *, #465, .F. ) ;
#4115 = AXIS2_PLACEMENT_3D ( 'NONE', #5476, #633, #3792 ) ;
#4116 = FACE_OUTER_BOUND ( 'NONE', #1408, .T. ) ;
#4117 = ORIENTED_EDGE ( 'NONE', *, *, #7896, .F. ) ;
#4118 = VERTEX_POINT ( 'NONE', #1275 ) ;
#4119 = EDGE_CURVE ( 'NONE', #6602, #3262, #2164, .T. ) ;
#4120 = CARTESIAN_POINT ( 'NONE',  ( 5.197820323027551481, 0.000000000000000000, -1.513476936738000322 ) ) ;
#4121 = CARTESIAN_POINT ( 'NONE',  ( -3.664278167096520100, 0.7499999999999997780, -5.000000000000000000 ) ) ;
#4122 = VECTOR ( 'NONE', #4283, 1000.000000000000000 ) ;
#4123 = CARTESIAN_POINT ( 'NONE',  ( 3.200000000000000622, 4.800000000000001599, -3.049999999999999378 ) ) ;
#4124 = CARTESIAN_POINT ( 'NONE',  ( -5.305000000000000604, 0.000000000000000000, -1.513476936738000322 ) ) ;
#4125 = VERTEX_POINT ( 'NONE', #9952 ) ;
#4126 =( LENGTH_UNIT ( ) NAMED_UNIT ( * ) SI_UNIT ( .MILLI., .METRE. ) );
#4127 = CARTESIAN_POINT ( 'NONE',  ( -1.249999999999968248, 0.2000000000000000111, 3.899999999999999911 ) ) ;
#4128 = VERTEX_POINT ( 'NONE', #10107 ) ;
#4129 = ORIENTED_EDGE ( 'NONE', *, *, #8153, .T. ) ;
#4130 = AXIS2_PLACEMENT_3D ( 'NONE', #3867, #8554, #655 ) ;
#4131 = ADVANCED_FACE ( 'NONE', ( #9226 ), #5311, .F. ) ;
#4132 = ORIENTED_EDGE ( 'NONE', *, *, #674, .F. ) ;
#4133 = EDGE_CURVE ( 'NONE', #8782, #6754, #2211, .T. ) ;
#4134 = VERTEX_POINT ( 'NONE', #1383 ) ;
#4135 = AXIS2_PLACEMENT_3D ( 'NONE', #7573, #2760, #10040 ) ;
#4136 = CARTESIAN_POINT ( 'NONE',  ( 2.850000000000000089, 5.700000000000000178, 3.900000000000000355 ) ) ;
#4137 = CARTESIAN_POINT ( 'NONE',  ( 4.900000000000000355, 1.800000000000000044, -1.699999999999999734 ) ) ;
#4138 = AXIS2_PLACEMENT_3D ( 'NONE', #2855, #7031, #10186 ) ;
#4139 = DIRECTION ( 'NONE',  ( 0.5773502691896268413, -0.5773502691896286176, 0.5773502691896219563 ) ) ;
#4140 = ORIENTED_EDGE ( 'NONE', *, *, #2255, .T. ) ;
#4141 = CARTESIAN_POINT ( 'NONE',  ( -2.749999999999966693, 0.000000000000000000, 2.400000000000000355 ) ) ;
#4142 = CARTESIAN_POINT ( 'NONE',  ( 1.250000000000001110, 2.649999999999999911, -2.300000000000000266 ) ) ;
#4143 = ORIENTED_EDGE ( 'NONE', *, *, #150, .T. ) ;
#4144 = DIRECTION ( 'NONE',  ( 0.000000000000000000, -1.000000000000000000, 0.000000000000000000 ) ) ;
#4145 = ADVANCED_FACE ( 'NONE', ( #9128 ), #4522, .F. ) ;
#4146 = VERTEX_POINT ( 'NONE', #5363 ) ;
#4147 = FACE_OUTER_BOUND ( 'NONE', #8031, .T. ) ;
#4148 = CARTESIAN_POINT ( 'NONE',  ( 6.000000000000001776, 4.950000000000000178, -3.200000000000000178 ) ) ;
#4149 = PLANE ( 'NONE',  #4390 ) ;
#4150 = CARTESIAN_POINT ( 'NONE',  ( -5.304999999999998828, 8.000000000000000000, -5.000000000000005329 ) ) ;
#4151 = LINE ( 'NONE', #7334, #1651 ) ;
#4152 = VERTEX_POINT ( 'NONE', #8515 ) ;
#4153 = DIRECTION ( 'NONE',  ( -0.000000000000000000, 0.4226182617407002740, 0.9063077870366496036 ) ) ;
#4154 = ORIENTED_EDGE ( 'NONE', *, *, #3307, .F. ) ;
#4155 = DIRECTION ( 'NONE',  ( 0.000000000000000000, 0.000000000000000000, 1.000000000000000000 ) ) ;
#4156 = VECTOR ( 'NONE', #2259, 1000.000000000000000 ) ;
#4157 = DIRECTION ( 'NONE',  ( -0.000000000000000000, -1.000000000000000000, 0.000000000000000000 ) ) ;
#4158 = VECTOR ( 'NONE', #8443, 1000.000000000000000 ) ;
#4159 = DIRECTION ( 'NONE',  ( -0.5773502691896259531, -0.5773502691896287287, 0.5773502691896226224 ) ) ;
#4160 = FACE_OUTER_BOUND ( 'NONE', #4329, .T. ) ;
#4161 = VECTOR ( 'NONE', #7744, 1000.000000000000000 ) ;
#4162 = DIRECTION ( 'NONE',  ( -1.000000000000000000, -0.000000000000000000, -0.000000000000000000 ) ) ;
#4163 = EDGE_CURVE ( 'NONE', #8806, #3322, #3880, .T. ) ;
#4164 = EDGE_CURVE ( 'NONE', #4693, #7695, #2260, .T. ) ;
#4165 = FACE_OUTER_BOUND ( 'NONE', #2165, .T. ) ;
#4166 = DIRECTION ( 'NONE',  ( 0.000000000000000000, 0.000000000000000000, 1.000000000000000000 ) ) ;
#4167 = AXIS2_PLACEMENT_3D ( 'NONE', #8576, #4631, #10067 ) ;
#4168 = CARTESIAN_POINT ( 'NONE',  ( -3.537690618442706381, 8.000000000000000000, -4.855654565435176373 ) ) ;
#4169 = VECTOR ( 'NONE', #3998, 1000.000000000000000 ) ;
#4170 = ORIENTED_EDGE ( 'NONE', *, *, #1590, .T. ) ;
#4171 = CARTESIAN_POINT ( 'NONE',  ( -3.249999999999968026, 0.6000000000000000888, 5.000000000000000000 ) ) ;
#4172 = EDGE_LOOP ( 'NONE', ( #3680, #4383, #1414, #7876 ) ) ;
#4173 = ORIENTED_EDGE ( 'NONE', *, *, #6008, .F. ) ;
#4174 = PLANE ( 'NONE',  #9666 ) ;
#4175 = LINE ( 'NONE', #7300, #7629 ) ;
#4176 = EDGE_CURVE ( 'NONE', #6204, #4800, #7054, .T. ) ;
#4177 = LINE ( 'NONE', #4646, #2618 ) ;
#4178 = CIRCLE ( 'NONE', #3681, 0.07500000000000041356 ) ;
#4179 = CARTESIAN_POINT ( 'NONE',  ( -6.000000000000000000, 1.800000000000000266, -3.200000000000000178 ) ) ;
#4180 = EDGE_LOOP ( 'NONE', ( #9119, #5593, #7454, #9419, #1007, #5382, #5848, #9938, #5226, #8352, #3897, #4569, #6279, #9195, #3511, #5959, #1667, #4502, #4871, #520, #10203, #4025 ) ) ;
#4181 = LINE ( 'NONE', #2346, #10118 ) ;
#4182 = LINE ( 'NONE', #5908, #527 ) ;
#4183 = VERTEX_POINT ( 'NONE', #5663 ) ;
#4184 = ADVANCED_FACE ( 'NONE', ( #9435 ), #5609, .F. ) ;
#4185 = VERTEX_POINT ( 'NONE', #1633 ) ;
#4186 = ORIENTED_EDGE ( 'NONE', *, *, #6520, .F. ) ;
#4187 = EDGE_LOOP ( 'NONE', ( #4303, #2209, #3806, #9011 ) ) ;
#4188 = DIRECTION ( 'NONE',  ( 0.000000000000000000, 0.000000000000000000, 1.000000000000000000 ) ) ;
#4189 = CARTESIAN_POINT ( 'NONE',  ( 0.7500000000000006661, 2.149999999999999467, 0.7999999999999994893 ) ) ;
#4190 = LINE ( 'NONE', #8196, #9704 ) ;
#4191 = ORIENTED_EDGE ( 'NONE', *, *, #2849, .F. ) ;
#4192 = CARTESIAN_POINT ( 'NONE',  ( 0.4966738879314770427, 0.3999999999999996336, 1.399999999999999689 ) ) ;
#4193 = LINE ( 'NONE', #8969, #1665 ) ;
#4194 = EDGE_CURVE ( 'NONE', #1618, #4028, #909, .T. ) ;
#4195 = ORIENTED_EDGE ( 'NONE', *, *, #3308, .T. ) ;
#4196 = PLANE ( 'NONE',  #3032 ) ;
#4197 = VECTOR ( 'NONE', #9411, 1000.000000000000000 ) ;
#4198 = ORIENTED_EDGE ( 'NONE', *, *, #1982, .T. ) ;
#4199 = DIRECTION ( 'NONE',  ( -2.224004456380521903E-16, 1.000000000000000000, 0.000000000000000000 ) ) ;
#4200 = CARTESIAN_POINT ( 'NONE',  ( -0.9999999999999991118, 3.699999999999998845, 0.7999999999999994893 ) ) ;
#4201 = DIRECTION ( 'NONE',  ( 0.000000000000000000, 1.548860246407863829E-16, -1.000000000000000000 ) ) ;
#4202 =( NAMED_UNIT ( * ) PLANE_ANGLE_UNIT ( ) SI_UNIT ( $, .RADIAN. ) );
#4203 = PLANE ( 'NONE',  #5637 ) ;
#4204 = VECTOR ( 'NONE', #6699, 1000.000000000000000 ) ;
#4205 = EDGE_CURVE ( 'NONE', #8705, #5557, #5564, .T. ) ;
#4206 = ADVANCED_FACE ( 'NONE', ( #6435 ), #10207, .F. ) ;
#4207 = AXIS2_PLACEMENT_3D ( 'NONE', #7427, #4249, #9025 ) ;
#4208 = VERTEX_POINT ( 'NONE', #41 ) ;
#4209 = LINE ( 'NONE', #9654, #9640 ) ;
#4210 = VERTEX_POINT ( 'NONE', #9486 ) ;
#4211 = DIRECTION ( 'NONE',  ( 1.000000000000000000, -0.000000000000000000, -0.000000000000000000 ) ) ;
#4212 = EDGE_CURVE ( 'NONE', #2707, #2758, #3676, .T. ) ;
#4214 = VECTOR ( 'NONE', #3932, 1000.000000000000000 ) ;
#4213 = DIRECTION ( 'NONE',  ( -0.000000000000000000, -0.000000000000000000, -1.000000000000000000 ) ) ;
#4215 = VECTOR ( 'NONE', #2539, 1000.000000000000000 ) ;
#4216 = LINE ( 'NONE', #5841, #3169 ) ;
#4217 = CARTESIAN_POINT ( 'NONE',  ( -3.764267565201869559, 0.7499999999999996669, -5.000000000000000000 ) ) ;
#4218 = CARTESIAN_POINT ( 'NONE',  ( 5.305000000000000604, 4.629138561470611535, 1.099999999999999867 ) ) ;
#4219 = CARTESIAN_POINT ( 'NONE',  ( -3.440243552318669629, 1.959756447681329394, -1.477310135807611502 ) ) ;
#4220 = LINE ( 'NONE', #7394, #6256 ) ;
#4221 = DIRECTION ( 'NONE',  ( -0.5773502691896268413, -0.5773502691896286176, 0.5773502691896219563 ) ) ;
#4222 = AXIS2_PLACEMENT_3D ( 'NONE', #1788, #5773, #8392 ) ;
#4223 = ORIENTED_EDGE ( 'NONE', *, *, #1589, .F. ) ;
#4224 = LINE ( 'NONE', #376, #1862 ) ;
#4225 = EDGE_CURVE ( 'NONE', #669, #6157, #9575, .T. ) ;
#4226 = ORIENTED_EDGE ( 'NONE', *, *, #2803, .F. ) ;
#4227 = ADVANCED_FACE ( 'NONE', ( #8671 ), #3982, .F. ) ;
#4228 = ORIENTED_EDGE ( 'NONE', *, *, #412, .T. ) ;
#4229 = EDGE_CURVE ( 'NONE', #5625, #3651, #2354, .T. ) ;
#4230 = PLANE ( 'NONE',  #1795 ) ;
#4231 = DIRECTION ( 'NONE',  ( 0.000000000000000000, -1.000000000000000000, -1.591489427501657896E-16 ) ) ;
#4232 = ORIENTED_EDGE ( 'NONE', *, *, #8759, .F. ) ;
#4233 = DIRECTION ( 'NONE',  ( -1.000000000000000000, -0.000000000000000000, -0.000000000000000000 ) ) ;
#4234 = EDGE_LOOP ( 'NONE', ( #491, #6902, #9066, #9170, #2864, #1930, #6054 ) ) ;
#4235 = ORIENTED_EDGE ( 'NONE', *, *, #5366, .T. ) ;
#4236 = EDGE_CURVE ( 'NONE', #1400, #6538, #2745, .T. ) ;
#4237 = EDGE_LOOP ( 'NONE', ( #2244, #8188, #47, #3656 ) ) ;
#4238 = ORIENTED_EDGE ( 'NONE', *, *, #9742, .F. ) ;
#4239 = CARTESIAN_POINT ( 'NONE',  ( -2.850000000000000089, 4.850000000000000533, 2.250000000000000444 ) ) ;
#4240 = CARTESIAN_POINT ( 'NONE',  ( 6.000000000000000000, 5.064999999999999503, 2.800000000000000266 ) ) ;
#4241 = PLANE ( 'NONE',  #565 ) ;
#4242 = LINE ( 'NONE', #8247, #6745 ) ;
#4243 = EDGE_LOOP ( 'NONE', ( #1579, #3499, #9020, #2958 ) ) ;
#4244 = CARTESIAN_POINT ( 'NONE',  ( -2.100000000000000089, 4.400000000000000355, -3.049999999999999378 ) ) ;
#4245 = CARTESIAN_POINT ( 'NONE',  ( -5.054999999999997939, 0.000000000000000000, -3.599999999999992983 ) ) ;
#4246 = ORIENTED_EDGE ( 'NONE', *, *, #6694, .T. ) ;
#4247 = AXIS2_PLACEMENT_3D ( 'NONE', #3507, #3395, #7525 ) ;
#4248 = VERTEX_POINT ( 'NONE', #3137 ) ;
#4249 = DIRECTION ( 'NONE',  ( 0.000000000000000000, -0.9396926207859095381, -0.3420201433256658263 ) ) ;
#4250 = AXIS2_PLACEMENT_3D ( 'NONE', #2296, #897, #5077 ) ;
#4251 = CARTESIAN_POINT ( 'NONE',  ( -4.800000000000000711, 2.400000000000000355, 1.999999999999999556 ) ) ;
#4252 = DIRECTION ( 'NONE',  ( 1.000000000000000000, 0.000000000000000000, 0.000000000000000000 ) ) ;
#4253 = CARTESIAN_POINT ( 'NONE',  ( 3.250000000000032419, 0.6000000000000000888, 5.000000000000000000 ) ) ;
#4254 = ORIENTED_EDGE ( 'NONE', *, *, #5377, .F. ) ;
#4255 = PLANE ( 'NONE',  #8817 ) ;
#4256 = ORIENTED_EDGE ( 'NONE', *, *, #344, .F. ) ;
#4257 = CYLINDRICAL_SURFACE ( 'NONE', #7363, 0.07499999999999998335 ) ;
#4258 = VECTOR ( 'NONE', #7849, 1000.000000000000000 ) ;
#4259 = EDGE_CURVE ( 'NONE', #4118, #6704, #6263, .T. ) ;
#4260 = CARTESIAN_POINT ( 'NONE',  ( 5.305000000000000604, -2.972161292830653933E-16, 0.9134769367380000116 ) ) ;
#4261 = EDGE_CURVE ( 'NONE', #277, #7088, #7937, .T. ) ;
#4262 = CARTESIAN_POINT ( 'NONE',  ( 0.7500000000000006661, 2.649999999999999911, 0.7999999999999994893 ) ) ;
#4263 = CARTESIAN_POINT ( 'NONE',  ( -2.100000000000000089, 4.400000000000000355, 0.7999999999999994893 ) ) ;
#4264 = AXIS2_PLACEMENT_3D ( 'NONE', #7416, #9733, #8194 ) ;
#4265 = DIRECTION ( 'NONE',  ( 0.000000000000000000, -0.000000000000000000, 1.000000000000000000 ) ) ;
#4266 = CARTESIAN_POINT ( 'NONE',  ( 5.200000000000001066, 5.470710678118654968, 1.647132034355962338 ) ) ;
#4267 = CARTESIAN_POINT ( 'NONE',  ( 3.666517060317671106, 0.1004806359983458769, -4.903437557672705616 ) ) ;
#4268 = EDGE_CURVE ( 'NONE', #2030, #8652, #4091, .T. ) ;
#4269 = ORIENTED_EDGE ( 'NONE', *, *, #2304, .F. ) ;
#4270 = CARTESIAN_POINT ( 'NONE',  ( -2.250000000000005329, 2.750000000000006217, -3.200000000000000178 ) ) ;
#4271 = ORIENTED_EDGE ( 'NONE', *, *, #4328, .F. ) ;
#4272 = ORIENTED_EDGE ( 'NONE', *, *, #1423, .T. ) ;
#4273 = VECTOR ( 'NONE', #9088, 1000.000000000000000 ) ;
#4274 = ORIENTED_EDGE ( 'NONE', *, *, #189, .T. ) ;
#4275 = EDGE_CURVE ( 'NONE', #2951, #5419, #6386, .T. ) ;
#4276 = SURFACE_SIDE_STYLE ('',( #1098 ) ) ;
#4277 = EDGE_CURVE ( 'NONE', #6075, #6546, #4031, .T. ) ;
#4278 = PLANE ( 'NONE',  #7955 ) ;
#4279 = COLOUR_RGB ( '',0.7921568627450980005, 0.8196078431372548767, 0.9333333333333333481 ) ;
#4280 = LINE ( 'NONE', #9827, #9710 ) ;
#4281 = ORIENTED_EDGE ( 'NONE', *, *, #1077, .T. ) ;
#4282 = DIRECTION ( 'NONE',  ( 1.548860246407864322E-16, -1.591489427501657896E-16, 1.000000000000000000 ) ) ;
#4283 = DIRECTION ( 'NONE',  ( 0.000000000000000000, 0.000000000000000000, -1.000000000000000000 ) ) ;
#4284 = ORIENTED_EDGE ( 'NONE', *, *, #3366, .F. ) ;
#4285 = VERTEX_POINT ( 'NONE', #1889 ) ;
#4286 =( BOUNDED_SURFACE ( )  B_SPLINE_SURFACE ( 3, 2, ( 
 ( #5846, #5066, #1140 ),
 ( #5941, #2024, #9915 ),
 ( #3535, #4327, #3423 ),
 ( #1868, #2791, #1091 ),
 ( #8324, #4267, #7441 ),
 ( #3480, #6677, #1191 ),
 ( #2688, #5895, #9041 ),
 ( #9868, #7503, #2739 ) ),
 .UNSPECIFIED., .F., .F., .F. ) 
 B_SPLINE_SURFACE_WITH_KNOTS ( ( 4, 2, 2, 4 ),
 ( 3, 3 ),
 ( 6.283185307179586232, 6.675884388878310816, 7.068583470577034511, 7.853981633974482790 ),
 ( 0.000000000000000000, 1.000000000000000000 ),
 .UNSPECIFIED. ) 
 GEOMETRIC_REPRESENTATION_ITEM ( )  RATIONAL_B_SPLINE_SURFACE ( (
 ( 1.000000000000000000, 0.8433914458128864977, 1.000000000000000000),
 ( 1.000000000000000000, 0.8432077061362279746, 1.000000000000000000),
 ( 1.000000000000000000, 0.8527042424937976151, 1.000000000000000000),
 ( 1.000000000000000000, 0.8834834545263939853, 1.000000000000000000),
 ( 1.000000000000000000, 0.9045906601078577136, 1.000000000000000000),
 ( 1.000000000000000000, 0.9658666233190585926, 1.000000000000000000),
 ( 1.000000000000000000, 1.001620268760466725, 1.000000000000000000),
 ( 1.000000000000000000, 1.000000000000000000, 1.000000000000000000) ) ) 
 REPRESENTATION_ITEM ( '' )  SURFACE ( )  );
#4287 = VERTEX_POINT ( 'NONE', #9014 ) ;
#4288 = EDGE_LOOP ( 'NONE', ( #4695, #6019, #5627, #9319 ) ) ;
#4289 = AXIS2_PLACEMENT_3D ( 'NONE', #3578, #5789, #5936 ) ;
#4290 = DIRECTION ( 'NONE',  ( -1.000000000000000000, 0.000000000000000000, 0.000000000000000000 ) ) ;
#4291 = DIRECTION ( 'NONE',  ( 1.000000000000000000, 0.000000000000000000, -0.000000000000000000 ) ) ;
#4292 = LINE ( 'NONE', #2761, #226 ) ;
#4293 = CARTESIAN_POINT ( 'NONE',  ( 3.535053851276748649, 0.9000000000000005773, -4.850000000000001421 ) ) ;
#4294 = ADVANCED_FACE ( 'NONE', ( #4980 ), #5866, .F. ) ;
#4295 = VERTEX_POINT ( 'NONE', #6492 ) ;
#4296 = FACE_OUTER_BOUND ( 'NONE', #144, .T. ) ;
#4297 = ADVANCED_FACE ( 'NONE', ( #7466 ), #7261, .F. ) ;
#4298 = DIRECTION ( 'NONE',  ( -0.000000000000000000, -1.000000000000000000, -0.000000000000000000 ) ) ;
#4299 = VECTOR ( 'NONE', #8274, 1000.000000000000114 ) ;
#4300 = ORIENTED_EDGE ( 'NONE', *, *, #4977, .T. ) ;
#4301 = AXIS2_PLACEMENT_3D ( 'NONE', #4531, #2990, #4585 ) ;
#4302 = VECTOR ( 'NONE', #8895, 1000.000000000000000 ) ;
#4303 = ORIENTED_EDGE ( 'NONE', *, *, #482, .T. ) ;
#4304 = DIRECTION ( 'NONE',  ( -0.000000000000000000, 0.000000000000000000, 1.000000000000000000 ) ) ;
#4305 = VECTOR ( 'NONE', #609, 999.9999999999998863 ) ;
#4306 = CARTESIAN_POINT ( 'NONE',  ( 0.6250000000000000000, 4.700000000000000178, -0.9499999999999999556 ) ) ;
#4307 = DIRECTION ( 'NONE',  ( 0.000000000000000000, 0.000000000000000000, 1.000000000000000000 ) ) ;
#4308 = AXIS2_PLACEMENT_3D ( 'NONE', #5111, #5992, #8267 ) ;
#4309 =( NAMED_UNIT ( * ) SI_UNIT ( $, .STERADIAN. ) SOLID_ANGLE_UNIT ( ) );
#4310 = DIRECTION ( 'NONE',  ( 0.000000000000000000, 3.372884145477666851E-15, 1.000000000000000000 ) ) ;
#4311 = CYLINDRICAL_SURFACE ( 'NONE', #2968, 0.1000000000000002554 ) ;
#4312 =( GEOMETRIC_REPRESENTATION_CONTEXT ( 3 ) GLOBAL_UNCERTAINTY_ASSIGNED_CONTEXT ( ( #8590 ) ) GLOBAL_UNIT_ASSIGNED_CONTEXT ( ( #6613, #975, #4309 ) ) REPRESENTATION_CONTEXT ( 'NONE', 'WORKASPACE' ) );
#4313 = EDGE_LOOP ( 'NONE', ( #5684, #1938, #5365, #1639 ) ) ;
#4314 = PLANE ( 'NONE',  #7504 ) ;
#4315 = AXIS2_PLACEMENT_3D ( 'NONE', #1687, #5612, #9738 ) ;
#4316 = VERTEX_POINT ( 'NONE', #8861 ) ;
#4317 = CARTESIAN_POINT ( 'NONE',  ( -5.200000000000001066, 5.470710678118656745, 1.352867965644033887 ) ) ;
#4318 = EDGE_CURVE ( 'NONE', #2806, #71, #1438, .T. ) ;
#4319 = DIRECTION ( 'NONE',  ( -0.3236155771181821184, 0.3236155771181821184, 0.8891264907159901476 ) ) ;
#4320 = CARTESIAN_POINT ( 'NONE',  ( 1.250000000000033307, 0.2000000000000000111, 2.399999999999986144 ) ) ;
#4321 = DIRECTION ( 'NONE',  ( 0.000000000000000000, 0.000000000000000000, 1.000000000000000000 ) ) ;
#4322 = AXIS2_PLACEMENT_3D ( 'NONE', #8912, #4932, #8094 ) ;
#4323 = CIRCLE ( 'NONE', #2635, 0.2000000000000003164 ) ;
#4324 = FACE_OUTER_BOUND ( 'NONE', #475, .T. ) ;
#4325 = AXIS2_PLACEMENT_3D ( 'NONE', #5534, #8639, #691 ) ;
#4326 = DIRECTION ( 'NONE',  ( 0.000000000000000000, 0.000000000000000000, -1.000000000000000000 ) ) ;
#4327 = CARTESIAN_POINT ( 'NONE',  ( 3.614299982513899057, 0.2333497923556214215, -4.985401951580484159 ) ) ;
#4328 = EDGE_CURVE ( 'NONE', #4128, #2649, #5716, .T. ) ;
#4329 = EDGE_LOOP ( 'NONE', ( #6112, #2757, #1531, #9317 ) ) ;
#4330 = FACE_OUTER_BOUND ( 'NONE', #7722, .T. ) ;
#4331 = ORIENTED_EDGE ( 'NONE', *, *, #6818, .F. ) ;
#4332 = EDGE_LOOP ( 'NONE', ( #9921, #6281, #1614, #902 ) ) ;
#4333 = STYLED_ITEM ( 'NONE', ( #1574 ), #1603 ) ;
#4334 = VERTEX_POINT ( 'NONE', #8144 ) ;
#4335 = LINE ( 'NONE', #431, #4026 ) ;
#4336 = DIRECTION ( 'NONE',  ( -0.000000000000000000, -1.000000000000000000, -0.000000000000000000 ) ) ;
#4337 = VECTOR ( 'NONE', #4113, 1000.000000000000000 ) ;
#4338 = DIRECTION ( 'NONE',  ( -0.000000000000000000, -0.000000000000000000, 1.000000000000000000 ) ) ;
#4339 = VERTEX_POINT ( 'NONE', #9687 ) ;
#4340 = SURFACE_STYLE_FILL_AREA ( #1931 ) ;
#4341 = AXIS2_PLACEMENT_3D ( 'NONE', #7148, #3173, #6378 ) ;
#4342 = FACE_OUTER_BOUND ( 'NONE', #5123, .T. ) ;
#4343 = ADVANCED_FACE ( 'NONE', ( #1942 ), #1066, .T. ) ;
#4344 = ORIENTED_EDGE ( 'NONE', *, *, #4450, .T. ) ;
#4345 = ORIENTED_EDGE ( 'NONE', *, *, #7799, .F. ) ;
#4346 = EDGE_CURVE ( 'NONE', #5605, #714, #6549, .T. ) ;
#4347 = VECTOR ( 'NONE', #6441, 1000.000000000000000 ) ;
#4348 = ORIENTED_EDGE ( 'NONE', *, *, #7185, .F. ) ;
#4349 = EDGE_CURVE ( 'NONE', #8495, #8457, #8421, .T. ) ;
#4350 = ORIENTED_EDGE ( 'NONE', *, *, #2849, .T. ) ;
#4351 = DIRECTION ( 'NONE',  ( 0.000000000000000000, 0.000000000000000000, -1.000000000000000000 ) ) ;
#4352 = DIRECTION ( 'NONE',  ( -0.000000000000000000, -0.000000000000000000, 1.000000000000000000 ) ) ;
#4353 = CARTESIAN_POINT ( 'NONE',  ( 6.000000000000000888, 4.050000000000000711, -3.000000000000000000 ) ) ;
#4354 = DIRECTION ( 'NONE',  ( 1.000000000000000000, 0.000000000000000000, -0.000000000000000000 ) ) ;
#4355 = VERTEX_POINT ( 'NONE', #1113 ) ;
#4356 = CARTESIAN_POINT ( 'NONE',  ( -5.200000000000001066, 2.400000000000001243, -1.699999999999999734 ) ) ;
#4357 = DIRECTION ( 'NONE',  ( 0.000000000000000000, -1.000000000000000000, 0.000000000000000000 ) ) ;
#4358 = ORIENTED_EDGE ( 'NONE', *, *, #9432, .F. ) ;
#4359 = APPLICATION_CONTEXT ( 'automotive_design' ) ;
#4360 = ADVANCED_FACE ( 'NONE', ( #5138 ), #294, .F. ) ;
#4361 = ORIENTED_EDGE ( 'NONE', *, *, #8982, .F. ) ;
#4362 = EDGE_CURVE ( 'NONE', #2523, #5605, #6698, .T. ) ;
#4363 = CARTESIAN_POINT ( 'NONE',  ( -2.859191070279859748, 2.540808929720139275, -2.300000000000000266 ) ) ;
#4364 = EDGE_CURVE ( 'NONE', #8449, #5201, #1840, .T. ) ;
#4365 = DIRECTION ( 'NONE',  ( -1.000000000000000000, 0.000000000000000000, 0.000000000000000000 ) ) ;
#4366 = CARTESIAN_POINT ( 'NONE',  ( 0.7500000000000318634, 0.6000000000000000888, 4.999999999999985789 ) ) ;
#4367 = CARTESIAN_POINT ( 'NONE',  ( -3.249999999999968026, 0.2000000000000000111, 5.000000000000000888 ) ) ;
#4368 = CARTESIAN_POINT ( 'NONE',  ( 1.250000000000033307, 0.6000000000000000888, 2.400000000000000355 ) ) ;
#4369 = VERTEX_POINT ( 'NONE', #8291 ) ;
#4370 = CIRCLE ( 'NONE', #8181, 0.07500000000000041356 ) ;
#4371 = DIRECTION ( 'NONE',  ( 0.000000000000000000, -0.7071067811865414665, 0.7071067811865535679 ) ) ;
#4372 = CARTESIAN_POINT ( 'NONE',  ( -4.800000000000000711, 5.425000000000000711, 3.000000000000000444 ) ) ;
#4373 = EDGE_CURVE ( 'NONE', #836, #3573, #775, .T. ) ;
#4374 = CARTESIAN_POINT ( 'NONE',  ( -5.054999999999997939, 0.4000000000000000222, -3.599999999999993427 ) ) ;
#4375 = CARTESIAN_POINT ( 'NONE',  ( -0.03333333333333399900, 6.866666666666682239, -6.216666666666647245 ) ) ;
#4376 = VECTOR ( 'NONE', #2421, 1000.000000000000000 ) ;
#4377 = LINE ( 'NONE', #8988, #3278 ) ;
#4378 = AXIS2_PLACEMENT_3D ( 'NONE', #9908, #6815, #628 ) ;
#4379 = DIRECTION ( 'NONE',  ( 0.000000000000000000, -0.3713906763541028888, 0.9284766908852596368 ) ) ;
#4380 = CARTESIAN_POINT ( 'NONE',  ( 4.800000000000000711, 4.939999999999999503, 2.049999999999999822 ) ) ;
#4381 = CARTESIAN_POINT ( 'NONE',  ( -6.000000000000000000, 0.2000000000000000111, 3.899999999999999911 ) ) ;
#4382 = DIRECTION ( 'NONE',  ( -0.000000000000000000, -1.000000000000000000, -0.000000000000000000 ) ) ;
#4383 = ORIENTED_EDGE ( 'NONE', *, *, #7983, .F. ) ;
#4384 = PLANE ( 'NONE',  #10162 ) ;
#4385 = ORIENTED_EDGE ( 'NONE', *, *, #663, .F. ) ;
#4386 = AXIS2_PLACEMENT_3D ( 'NONE', #5107, #3523, #2727 ) ;
#4387 = VERTEX_POINT ( 'NONE', #1781 ) ;
#4388 = AXIS2_PLACEMENT_3D ( 'NONE', #9563, #4911, #2435 ) ;
#4389 = VERTEX_POINT ( 'NONE', #4189 ) ;
#4390 = AXIS2_PLACEMENT_3D ( 'NONE', #4366, #3463, #4307 ) ;
#4391 = DIRECTION ( 'NONE',  ( -1.000000000000000000, -0.000000000000000000, -0.000000000000000000 ) ) ;
#4392 = AXIS2_PLACEMENT_3D ( 'NONE', #6468, #3164, #9559 ) ;
#4393 = CARTESIAN_POINT ( 'NONE',  ( 5.055000000000000604, 0.6500000000000020206, -4.749999999999998224 ) ) ;
#4394 = ORIENTED_EDGE ( 'NONE', *, *, #6245, .T. ) ;
#4395 = CARTESIAN_POINT ( 'NONE',  ( 2.100000000000000089, 4.400000000000000355, -3.049999999999999378 ) ) ;
#4396 = DIRECTION ( 'NONE',  ( 0.9063077870366484934, -0.000000000000000000, 0.4226182617407027164 ) ) ;
#4397 = VERTEX_POINT ( 'NONE', #961 ) ;
#4398 = LINE ( 'NONE', #2088, #3723 ) ;
#4399 = VERTEX_POINT ( 'NONE', #2602 ) ;
#4400 = VERTEX_POINT ( 'NONE', #4137 ) ;
#4401 = ORIENTED_EDGE ( 'NONE', *, *, #9918, .F. ) ;
#4402 = EDGE_CURVE ( 'NONE', #7563, #6115, #10063, .T. ) ;
#4403 = EDGE_CURVE ( 'NONE', #950, #1092, #8909, .T. ) ;
#4404 = DIRECTION ( 'NONE',  ( -0.7071067811865474617, 0.000000000000000000, 0.7071067811865474617 ) ) ;
#4405 = DIRECTION ( 'NONE',  ( -0.000000000000000000, 0.000000000000000000, -1.000000000000000000 ) ) ;
#4406 = CARTESIAN_POINT ( 'NONE',  ( 5.007179676972450366, -2.972161292830653933E-16, 0.9134769367380000116 ) ) ;
#4407 = CARTESIAN_POINT ( 'NONE',  ( 1.999999999999998224, 0.9000000000000005773, -3.599999999999999645 ) ) ;
#4408 = EDGE_LOOP ( 'NONE', ( #5005, #8864, #4759, #4810 ) ) ;
#4409 = DIRECTION ( 'NONE',  ( 0.000000000000000000, 0.000000000000000000, 1.000000000000000000 ) ) ;
#4410 = DIRECTION ( 'NONE',  ( -0.000000000000000000, 0.000000000000000000, 1.000000000000000000 ) ) ;
#4411 = ORIENTED_EDGE ( 'NONE', *, *, #2349, .T. ) ;
#4412 = ORIENTED_EDGE ( 'NONE', *, *, #5800, .T. ) ;
#4413 = FACE_OUTER_BOUND ( 'NONE', #2310, .T. ) ;
#4414 = CARTESIAN_POINT ( 'NONE',  ( -2.749999999999966693, 0.6000000000000000888, 2.399999999999958167 ) ) ;
#4415 = CARTESIAN_POINT ( 'NONE',  ( -4.800000000000002487, 2.400000000000001243, -1.699999999999998623 ) ) ;
#4416 =( BOUNDED_CURVE ( )  B_SPLINE_CURVE ( 3, ( #6511, #5624, #3354, #7952 ),
 .UNSPECIFIED., .F., .T. ) 
 B_SPLINE_CURVE_WITH_KNOTS ( ( 4, 4 ),
 ( 4.712388980384689674, 6.283185307179586232 ),
 .UNSPECIFIED. ) 
 CURVE ( )  GEOMETRIC_REPRESENTATION_ITEM ( )  RATIONAL_B_SPLINE_CURVE ( ( 1.000000000000000000, 0.8047378541243649375, 0.8047378541243649375, 1.000000000000000000 ) ) 
 REPRESENTATION_ITEM ( '' )  );
#4417 = VECTOR ( 'NONE', #6024, 1000.000000000000000 ) ;
#4418 = CARTESIAN_POINT ( 'NONE',  ( 5.200000000000001066, 5.500000000000001776, 3.075000000000001066 ) ) ;
#4419 = LINE ( 'NONE', #7431, #3645 ) ;
#4420 = DIRECTION ( 'NONE',  ( 0.000000000000000000, -1.224646799147353454E-16, 1.000000000000000000 ) ) ;
#4421 = ORIENTED_EDGE ( 'NONE', *, *, #5649, .T. ) ;
#4422 = LINE ( 'NONE', #2935, #2328 ) ;
#4423 = CARTESIAN_POINT ( 'NONE',  ( -2.000000000000000000, 0.000000000000000000, -2.300000000000000266 ) ) ;
#4424 = AXIS2_PLACEMENT_3D ( 'NONE', #3596, #4547, #9925 ) ;
#4425 = CARTESIAN_POINT ( 'NONE',  ( 4.004999999999999893, 4.400000000000000355, 2.249999999999999112 ) ) ;
#4426 = LINE ( 'NONE', #5270, #7309 ) ;
#4427 = CARTESIAN_POINT ( 'NONE',  ( -3.249999999999968026, 0.6000000000000000888, 2.399999999999958167 ) ) ;
#4428 = DIRECTION ( 'NONE',  ( 0.000000000000000000, 3.372884145477666851E-15, 1.000000000000000000 ) ) ;
#4429 = DIRECTION ( 'NONE',  ( -0.000000000000000000, -1.000000000000000000, -0.000000000000000000 ) ) ;
#4430 = CARTESIAN_POINT ( 'NONE',  ( -3.772308208846839594, 0.1737340227467784326, -4.955825511739106126 ) ) ;
#4431 = VECTOR ( 'NONE', #2405, 1000.000000000000000 ) ;
#4432 = EDGE_CURVE ( 'NONE', #6104, #7841, #3592, .T. ) ;
#4433 = DIRECTION ( 'NONE',  ( -1.000000000000000000, -0.000000000000000000, -0.000000000000000000 ) ) ;
#4434 = EDGE_CURVE ( 'NONE', #7569, #7361, #4936, .T. ) ;
#4435 = ORIENTED_EDGE ( 'NONE', *, *, #7073, .T. ) ;
#4436 = PLANE ( 'NONE',  #5896 ) ;
#4437 = EDGE_LOOP ( 'NONE', ( #744, #5962, #6644, #106 ) ) ;
#4438 = EDGE_LOOP ( 'NONE', ( #2158, #1122, #1470, #1323 ) ) ;
#4439 = VECTOR ( 'NONE', #10005, 1000.000000000000000 ) ;
#4440 = CARTESIAN_POINT ( 'NONE',  ( -2.399999999999999911, 5.700000000000000178, -3.200000000000000178 ) ) ;
#4441 = UNCERTAINTY_MEASURE_WITH_UNIT (LENGTH_MEASURE( 1.000000000000000082E-05 ), #4962, 'distance_accuracy_value', 'NONE');
#4442 = DIRECTION ( 'NONE',  ( 0.000000000000000000, 0.000000000000000000, 1.000000000000000000 ) ) ;
#4443 = PLANE ( 'NONE',  #1090 ) ;
#4444 = ORIENTED_EDGE ( 'NONE', *, *, #1607, .F. ) ;
#4445 = DIRECTION ( 'NONE',  ( -5.102127870520020982E-16, 1.000000000000000000, -6.829619984160656074E-16 ) ) ;
#4446 = CARTESIAN_POINT ( 'NONE',  ( -1.249999999999999334, 2.149999999999999467, 0.7999999999999994893 ) ) ;
#4447 = EDGE_LOOP ( 'NONE', ( #97, #9880, #8498, #8797 ) ) ;
#4448 = DIRECTION ( 'NONE',  ( 0.000000000000000000, -0.000000000000000000, -1.000000000000000000 ) ) ;
#4449 = ORIENTED_EDGE ( 'NONE', *, *, #2036, .T. ) ;
#4450 = EDGE_CURVE ( 'NONE', #1528, #8717, #8349, .T. ) ;
#4451 = ORIENTED_EDGE ( 'NONE', *, *, #9123, .T. ) ;
#4452 = EDGE_LOOP ( 'NONE', ( #9948, #3732, #9220, #1587 ) ) ;
#4453 =( GEOMETRIC_REPRESENTATION_CONTEXT ( 3 ) GLOBAL_UNCERTAINTY_ASSIGNED_CONTEXT ( ( #6835 ) ) GLOBAL_UNIT_ASSIGNED_CONTEXT ( ( #8775, #1697, #2465 ) ) REPRESENTATION_CONTEXT ( 'NONE', 'WORKASPACE' ) );
#4454 = DIRECTION ( 'NONE',  ( 0.000000000000000000, -1.000000000000000000, 0.000000000000000000 ) ) ;
#4455 = FACE_OUTER_BOUND ( 'NONE', #8779, .T. ) ;
#4456 = DIRECTION ( 'NONE',  ( 1.000000000000000000, -0.000000000000000000, 3.336006684570783101E-16 ) ) ;
#4457 = ORIENTED_EDGE ( 'NONE', *, *, #5366, .F. ) ;
#4458 = LINE ( 'NONE', #4244, #3644 ) ;
#4459 = LINE ( 'NONE', #2053, #4672 ) ;
#4460 = ORIENTED_EDGE ( 'NONE', *, *, #919, .F. ) ;
#4461 = EDGE_CURVE ( 'NONE', #5745, #7160, #6072, .T. ) ;
#4462 = VECTOR ( 'NONE', #10057, 1000.000000000000114 ) ;
#4463 = ORIENTED_EDGE ( 'NONE', *, *, #2361, .T. ) ;
#4464 = DIRECTION ( 'NONE',  ( 1.000000000000000000, 0.000000000000000000, 0.000000000000000000 ) ) ;
#4465 = LINE ( 'NONE', #4414, #5007 ) ;
#4466 = DIRECTION ( 'NONE',  ( 1.000000000000000000, 0.000000000000000000, 0.000000000000000000 ) ) ;
#4467 = DIRECTION ( 'NONE',  ( -1.000000000000000000, -0.000000000000000000, -0.000000000000000000 ) ) ;
#4468 = CARTESIAN_POINT ( 'NONE',  ( 4.599999999999999645, 5.700000000000000178, -1.899999999999999689 ) ) ;
#4469 = VECTOR ( 'NONE', #1382, 1000.000000000000000 ) ;
#4470 = DIRECTION ( 'NONE',  ( 0.000000000000000000, 0.000000000000000000, 1.000000000000000000 ) ) ;
#4471 = ORIENTED_EDGE ( 'NONE', *, *, #1107, .F. ) ;
#4472 = CARTESIAN_POINT ( 'NONE',  ( 5.055000000000000604, 0.6500000000000020206, -5.000000000000000000 ) ) ;
#4473 = VECTOR ( 'NONE', #5994, 1000.000000000000000 ) ;
#4474 = ADVANCED_FACE ( 'NONE', ( #6308 ), #608, .F. ) ;
#4475 = FACE_OUTER_BOUND ( 'NONE', #5190, .T. ) ;
#4476 = CIRCLE ( 'NONE', #7288, 0.2000000000000005107 ) ;
#4477 = AXIS2_PLACEMENT_3D ( 'NONE', #7549, #7498, #8218 ) ;
#4478 = CARTESIAN_POINT ( 'NONE',  ( -1.249999999999968248, 0.6000000000000000888, 2.400000000000000355 ) ) ;
#4479 = LINE ( 'NONE', #3788, #3130 ) ;
#4480 = PLANE ( 'NONE',  #4301 ) ;
#4481 = AXIS2_PLACEMENT_3D ( 'NONE', #8529, #1395, #5425 ) ;
#4482 = LINE ( 'NONE', #9191, #6963 ) ;
#4483 = CARTESIAN_POINT ( 'NONE',  ( 5.200000000000001066, 5.700000000000000178, 0.1000000000000002554 ) ) ;
#4484 = CARTESIAN_POINT ( 'NONE',  ( -3.765925738772059717, 0.2583875745976583205, -4.990890161018795013 ) ) ;
#4485 = VECTOR ( 'NONE', #373, 1000.000000000000000 ) ;
#4486 = DIRECTION ( 'NONE',  ( 0.000000000000000000, -1.000000000000000000, 0.000000000000000000 ) ) ;
#4487 = ORIENTED_EDGE ( 'NONE', *, *, #8357, .F. ) ;
#4488 = DIRECTION ( 'NONE',  ( 0.000000000000000000, 1.000000000000000000, 3.097720492815727166E-16 ) ) ;
#4489 = ORIENTED_EDGE ( 'NONE', *, *, #10102, .T. ) ;
#4490 = VERTEX_POINT ( 'NONE', #5192 ) ;
#4491 = CLOSED_SHELL ( 'NONE', ( #6394, #9717, #5589, #1289, #3716, #7233, #2554, #8372, #1848, #7611 ) ) ;
#4492 = EDGE_CURVE ( 'NONE', #5177, #6778, #7425, .T. ) ;
#4493 = CARTESIAN_POINT ( 'NONE',  ( 0.7000000000000000666, 4.400000000000000355, -3.199999999999999734 ) ) ;
#4494 = ADVANCED_FACE ( 'NONE', ( #5537 ), #10041, .F. ) ;
#4495 = AXIS2_PLACEMENT_3D ( 'NONE', #9967, #5372, #8375 ) ;
#4496 = DIRECTION ( 'NONE',  ( 0.4226182617407026609, 0.000000000000000000, -0.9063077870366483824 ) ) ;
#4497 = CARTESIAN_POINT ( 'NONE',  ( 0.000000000000000000, 5.000000000000000000, 0.000000000000000000 ) ) ;
#4498 = VERTEX_POINT ( 'NONE', #7737 ) ;
#4499 = CARTESIAN_POINT ( 'NONE',  ( 5.200000000000001066, 5.394289321881346133, 1.429289321881345387 ) ) ;
#4500 = LINE ( 'NONE', #9157, #8611 ) ;
#4501 = VECTOR ( 'NONE', #7620, 1000.000000000000000 ) ;
#4502 = ORIENTED_EDGE ( 'NONE', *, *, #5075, .F. ) ;
#4503 = CYLINDRICAL_SURFACE ( 'NONE', #8206, 0.09999999999999961697 ) ;
#4504 = ORIENTED_EDGE ( 'NONE', *, *, #9937, .T. ) ;
#4505 = ORIENTED_EDGE ( 'NONE', *, *, #9583, .T. ) ;
#4506 = VERTEX_POINT ( 'NONE', #2048 ) ;
#4507 = ADVANCED_FACE ( 'NONE', ( #4455 ), #6851, .T. ) ;
#4508 = VECTOR ( 'NONE', #9194, 1000.000000000000000 ) ;
#4509 = CARTESIAN_POINT ( 'NONE',  ( 5.200000000000001066, 2.400000000000001243, -1.699999999999999512 ) ) ;
#4510 = CARTESIAN_POINT ( 'NONE',  ( -6.000000000000000000, 5.700000000000000178, -3.200000000000000178 ) ) ;
#4511 = AXIS2_PLACEMENT_3D ( 'NONE', #6497, #863, #913 ) ;
#4512 = DIRECTION ( 'NONE',  ( 1.000000000000000000, 0.000000000000000000, -4.818676322157796389E-16 ) ) ;
#4513 =( LENGTH_UNIT ( ) NAMED_UNIT ( * ) SI_UNIT ( .MILLI., .METRE. ) );
#4514 = ORIENTED_EDGE ( 'NONE', *, *, #13, .F. ) ;
#4515 = FACE_OUTER_BOUND ( 'NONE', #5653, .T. ) ;
#4516 = CARTESIAN_POINT ( 'NONE',  ( -0.7499999999999676925, 0.2000000000000000111, 2.400000000000000355 ) ) ;
#4517 = ORIENTED_EDGE ( 'NONE', *, *, #1866, .F. ) ;
#4518 = ORIENTED_EDGE ( 'NONE', *, *, #8138, .F. ) ;
#4519 = ORIENTED_EDGE ( 'NONE', *, *, #5647, .F. ) ;
#4520 = PLANE ( 'NONE',  #1055 ) ;
#4521 = LINE ( 'NONE', #3617, #1002 ) ;
#4522 = PLANE ( 'NONE',  #8580 ) ;
#4523 = DIRECTION ( 'NONE',  ( 1.000000000000000000, -0.000000000000000000, -0.000000000000000000 ) ) ;
#4524 = EDGE_LOOP ( 'NONE', ( #8007, #9713, #5604, #6313 ) ) ;
#4525 = CARTESIAN_POINT ( 'NONE',  ( -1.999999999999998224, 0.9000000000000005773, -3.599999999999999645 ) ) ;
#4526 = VERTEX_POINT ( 'NONE', #1262 ) ;
#4527 = LINE ( 'NONE', #5370, #3500 ) ;
#4528 = DIRECTION ( 'NONE',  ( 0.000000000000000000, 0.000000000000000000, 1.000000000000000000 ) ) ;
#4529 = CARTESIAN_POINT ( 'NONE',  ( 3.764267565201870891, 0.3499999999999999778, -4.750000000000000000 ) ) ;
#4530 = LINE ( 'NONE', #6917, #2302 ) ;
#4531 = CARTESIAN_POINT ( 'NONE',  ( 6.000000000000000000, 5.500000000000000000, 3.700000000000000178 ) ) ;
#4532 = EDGE_CURVE ( 'NONE', #1378, #479, #8453, .T. ) ;
#4533 = ADVANCED_FACE ( 'NONE', ( #2917 ), #9264, .T. ) ;
#4534 = CARTESIAN_POINT ( 'NONE',  ( -4.800000000000000711, 2.575000000000000178, 3.899999999999999911 ) ) ;
#4535 = LINE ( 'NONE', #7660, #3091 ) ;
#4536 = CARTESIAN_POINT ( 'NONE',  ( -3.200000000000000622, 3.700000000000000178, -3.049999999999999378 ) ) ;
#4537 = CARTESIAN_POINT ( 'NONE',  ( -3.140808929720138476, 0.000000000000000000, -2.300000000000000266 ) ) ;
#4538 = EDGE_CURVE ( 'NONE', #6941, #3062, #3661, .T. ) ;
#4539 = ORIENTED_EDGE ( 'NONE', *, *, #8644, .F. ) ;
#4540 = CARTESIAN_POINT ( 'NONE',  ( -4.800000000000000711, 2.575000000000000178, 3.725000000000000089 ) ) ;
#4541 = ORIENTED_EDGE ( 'NONE', *, *, #2786, .T. ) ;
#4542 = ADVANCED_BREP_SHAPE_REPRESENTATION ( 'SM04B-PASS-TBT', ( #4923, #1555, #5017, #4994, #1448, #8407, #1535, #8438, #5065, #1704, #1603, #8573, #8333, #7804 ), #5156 ) ;
#4543 = AXIS2_PLACEMENT_3D ( 'NONE', #8732, #6357, #7072 ) ;
#4544 = ORIENTED_EDGE ( 'NONE', *, *, #5377, .T. ) ;
#4545 = CYLINDRICAL_SURFACE ( 'NONE', #8683, 0.2500000000000002220 ) ;
#4546 = PLANE ( 'NONE',  #1641 ) ;
#4547 = DIRECTION ( 'NONE',  ( 0.000000000000000000, 0.7071067811865434649, 0.7071067811865515695 ) ) ;
#4548 = EDGE_LOOP ( 'NONE', ( #389, #1060, #5254, #9173 ) ) ;
#4549 = DIRECTION ( 'NONE',  ( -0.000000000000000000, -0.7071067811865385799, 0.7071067811865565655 ) ) ;
#4550 = VECTOR ( 'NONE', #1899, 1000.000000000000000 ) ;
#4551 = EDGE_CURVE ( 'NONE', #5394, #10103, #5351, .T. ) ;
#4552 = CYLINDRICAL_SURFACE ( 'NONE', #8770, 0.09999999999999993616 ) ;
#4553 = ORIENTED_EDGE ( 'NONE', *, *, #6520, .T. ) ;
#4554 = VECTOR ( 'NONE', #2987, 1000.000000000000000 ) ;
#4555 = LINE ( 'NONE', #2286, #2698 ) ;
#4556 = ADVANCED_FACE ( 'NONE', ( #7522 ), #397, .T. ) ;
#4557 = ORIENTED_EDGE ( 'NONE', *, *, #2059, .F. ) ;
#4558 = ADVANCED_FACE ( 'NONE', ( #830 ), #935, .T. ) ;
#4559 = EDGE_LOOP ( 'NONE', ( #874, #9926, #3670, #734 ) ) ;
#4560 = ORIENTED_EDGE ( 'NONE', *, *, #8930, .F. ) ;
#4561 = ADVANCED_FACE ( 'NONE', ( #9553 ), #8692, .F. ) ;
#4562 = CIRCLE ( 'NONE', #4222, 0.2000000000000003164 ) ;
#4563 = PLANE ( 'NONE',  #4970 ) ;
#4564 = CARTESIAN_POINT ( 'NONE',  ( 5.305000000000000604, 1.799999999999999600, 1.099999999999999867 ) ) ;
#4565 = DIRECTION ( 'NONE',  ( 0.000000000000000000, 0.000000000000000000, -1.000000000000000000 ) ) ;
#4566 = ORIENTED_EDGE ( 'NONE', *, *, #5691, .T. ) ;
#4567 = DIRECTION ( 'NONE',  ( -0.000000000000000000, -0.7071067811865415775, 0.7071067811865535679 ) ) ;
#4568 = DIRECTION ( 'NONE',  ( -0.9659258262890690894, -0.2588190451025180194, -3.169619151431732277E-17 ) ) ;
#4569 = ORIENTED_EDGE ( 'NONE', *, *, #5979, .F. ) ;
#4570 = EDGE_CURVE ( 'NONE', #2873, #9406, #782, .T. ) ;
#4571 = EDGE_CURVE ( 'NONE', #4183, #3050, #5739, .T. ) ;
#4572 = EDGE_LOOP ( 'NONE', ( #9329, #6277, #7861, #3502 ) ) ;
#4573 = VECTOR ( 'NONE', #6156, 1000.000000000000000 ) ;
#4574 = VERTEX_POINT ( 'NONE', #4954 ) ;
#4575 = DIRECTION ( 'NONE',  ( 0.000000000000000000, -1.000000000000000000, 0.000000000000000000 ) ) ;
#4576 = DIRECTION ( 'NONE',  ( -0.000000000000000000, 1.000000000000000000, -0.000000000000000000 ) ) ;
#4577 = DIRECTION ( 'NONE',  ( -1.000000000000000000, -0.000000000000000000, -0.000000000000000000 ) ) ;
#4578 = ORIENTED_EDGE ( 'NONE', *, *, #2880, .T. ) ;
#4579 = LINE ( 'NONE', #10008, #9884 ) ;
#4580 = ORIENTED_EDGE ( 'NONE', *, *, #3251, .F. ) ;
#4581 = LINE ( 'NONE', #464, #9802 ) ;
#4582 = LINE ( 'NONE', #5269, #6873 ) ;
#4583 = MECHANICAL_DESIGN_GEOMETRIC_PRESENTATION_REPRESENTATION (  '', ( #6909 ), #8231 ) ;
#4584 = CARTESIAN_POINT ( 'NONE',  ( 2.750000000000031974, 0.6000000000000000888, 2.400000000000000355 ) ) ;
#4585 = DIRECTION ( 'NONE',  ( -1.000000000000000000, 0.000000000000000000, 0.000000000000000000 ) ) ;
#4586 = CARTESIAN_POINT ( 'NONE',  ( -3.604999999999997762, 0.9000000000000005773, -5.000000000000005329 ) ) ;
#4587 = CARTESIAN_POINT ( 'NONE',  ( -3.764267565201869559, 0.3499999999999999778, -5.000000000000000000 ) ) ;
#4588 = CARTESIAN_POINT ( 'NONE',  ( -4.800000000000000711, 5.500000000000001776, 0.5321572875253787194 ) ) ;
#4589 = EDGE_LOOP ( 'NONE', ( #9467, #4976, #7202, #2797, #6418, #4489, #3122 ) ) ;
#4590 = SURFACE_STYLE_FILL_AREA ( #9974 ) ;
#4591 = AXIS2_PLACEMENT_3D ( 'NONE', #643, #833, #3211 ) ;
#4592 = ORIENTED_EDGE ( 'NONE', *, *, #6380, .T. ) ;
#4593 = EDGE_CURVE ( 'NONE', #3573, #6104, #4792, .T. ) ;
#4594 = EDGE_CURVE ( 'NONE', #4387, #1057, #8115, .T. ) ;
#4595 = ORIENTED_EDGE ( 'NONE', *, *, #7447, .T. ) ;
#4596 = CARTESIAN_POINT ( 'NONE',  ( 4.200000000000000178, 4.800000000000000711, -3.049999999999999378 ) ) ;
#4597 = VECTOR ( 'NONE', #9461, 1000.000000000000000 ) ;
#4598 = DIRECTION ( 'NONE',  ( 0.000000000000000000, 0.000000000000000000, 1.000000000000000000 ) ) ;
#4599 = VERTEX_POINT ( 'NONE', #4110 ) ;
#4600 = DIRECTION ( 'NONE',  ( 0.000000000000000000, -1.000000000000000000, 2.759533940951752967E-15 ) ) ;
#4601 = VERTEX_POINT ( 'NONE', #168 ) ;
#4602 = DIRECTION ( 'NONE',  ( 0.000000000000000000, 1.000000000000000000, -0.000000000000000000 ) ) ;
#4603 = EDGE_LOOP ( 'NONE', ( #6078, #6615, #6364, #9481, #3824, #1096 ) ) ;
#4604 = EDGE_CURVE ( 'NONE', #7120, #9849, #1708, .T. ) ;
#4605 = VECTOR ( 'NONE', #9490, 1000.000000000000000 ) ;
#4606 = ORIENTED_EDGE ( 'NONE', *, *, #5019, .F. ) ;
#4607 = EDGE_LOOP ( 'NONE', ( #1871, #4829, #927, #3238 ) ) ;
#4608 = EDGE_CURVE ( 'NONE', #4061, #7776, #7964, .T. ) ;
#4609 = FACE_OUTER_BOUND ( 'NONE', #2216, .T. ) ;
#4610 = CARTESIAN_POINT ( 'NONE',  ( 5.305000000000000604, 0.000000000000000000, -1.513476936738000322 ) ) ;
#4611 = AXIS2_PLACEMENT_3D ( 'NONE', #9899, #620, #7749 ) ;
#4612 = DIRECTION ( 'NONE',  ( 0.000000000000000000, 0.000000000000000000, 1.000000000000000000 ) ) ;
#4613 = VERTEX_POINT ( 'NONE', #220 ) ;
#4614 = PLANE ( 'NONE',  #8142 ) ;
#4615 = DIRECTION ( 'NONE',  ( -0.9063077870366489375, 0.000000000000000000, -0.4226182617407014397 ) ) ;
#4616 = EDGE_LOOP ( 'NONE', ( #6169, #5084, #8517 ) ) ;
#4617 = ORIENTED_EDGE ( 'NONE', *, *, #2715, .T. ) ;
#4618 = AXIS2_PLACEMENT_3D ( 'NONE', #5014, #8989, #1864 ) ;
#4619 = VERTEX_POINT ( 'NONE', #2378 ) ;
#4620 = EDGE_CURVE ( 'NONE', #4526, #5569, #5584, .T. ) ;
#4621 = LINE ( 'NONE', #8670, #7821 ) ;
#4622 = CARTESIAN_POINT ( 'NONE',  ( -3.249999999999968026, 0.2000000000000000111, 3.899999999999999911 ) ) ;
#4623 = ADVANCED_FACE ( 'NONE', ( #1609 ), #3367, .F. ) ;
#4624 = LINE ( 'NONE', #10108, #3614 ) ;
#4625 = ORIENTED_EDGE ( 'NONE', *, *, #3403, .F. ) ;
#4626 = FACE_OUTER_BOUND ( 'NONE', #2910, .T. ) ;
#4627 = ORIENTED_EDGE ( 'NONE', *, *, #7772, .T. ) ;
#4628 = VECTOR ( 'NONE', #2517, 1000.000000000000000 ) ;
#4629 = DIRECTION ( 'NONE',  ( 0.000000000000000000, -0.9396926207859095381, -0.3420201433256658263 ) ) ;
#4630 = DIRECTION ( 'NONE',  ( 1.000000000000000000, -0.000000000000000000, -0.000000000000000000 ) ) ;
#4631 = DIRECTION ( 'NONE',  ( -1.000000000000000000, -0.000000000000000000, -0.000000000000000000 ) ) ;
#4632 = DIRECTION ( 'NONE',  ( -1.000000000000000000, 0.000000000000000000, 0.000000000000000000 ) ) ;
#4633 = VECTOR ( 'NONE', #490, 1000.000000000000000 ) ;
#4634 = LINE ( 'NONE', #9400, #9600 ) ;
#4635 = LINE ( 'NONE', #9401, #7259 ) ;
#4636 = ADVANCED_FACE ( 'NONE', ( #3209 ), #7234, .F. ) ;
#4637 = CARTESIAN_POINT ( 'NONE',  ( 5.200000000000001066, 4.864999999999999325, 2.125000000000000000 ) ) ;
#4638 = CIRCLE ( 'NONE', #1960, 0.3500000000000000333 ) ;
#4639 = VERTEX_POINT ( 'NONE', #2425 ) ;
#4640 = DIRECTION ( 'NONE',  ( -0.000000000000000000, 0.7071067811865535679, 0.7071067811865415775 ) ) ;
#4641 = VERTEX_POINT ( 'NONE', #5635 ) ;
#4642 = AXIS2_PLACEMENT_3D ( 'NONE', #5890, #3418, #5062 ) ;
#4643 = ORIENTED_EDGE ( 'NONE', *, *, #77, .T. ) ;
#4644 = DIRECTION ( 'NONE',  ( -1.000000000000000000, -0.000000000000000000, -0.000000000000000000 ) ) ;
#4645 = VECTOR ( 'NONE', #4496, 1000.000000000000114 ) ;
#4646 = CARTESIAN_POINT ( 'NONE',  ( -5.305000000000000604, 0.4000000000000052403, -1.513476936738000322 ) ) ;
#4647 = EDGE_CURVE ( 'NONE', #4945, #404, #8786, .T. ) ;
#4648 = CARTESIAN_POINT ( 'NONE',  ( -4.004999999999999893, 5.064999999999999503, 2.250000000000000444 ) ) ;
#4649 = ORIENTED_EDGE ( 'NONE', *, *, #2349, .F. ) ;
#4650 =( NAMED_UNIT ( * ) SI_UNIT ( $, .STERADIAN. ) SOLID_ANGLE_UNIT ( ) );
#4651 = ORIENTED_EDGE ( 'NONE', *, *, #6619, .F. ) ;
#4652 = DIRECTION ( 'NONE',  ( -1.000000000000000000, -0.000000000000000000, -0.000000000000000000 ) ) ;
#4653 = ORIENTED_EDGE ( 'NONE', *, *, #9693, .F. ) ;
#4654 = MECHANICAL_DESIGN_GEOMETRIC_PRESENTATION_REPRESENTATION (  '', ( #2967 ), #1993 ) ;
#4655 = VERTEX_POINT ( 'NONE', #3314 ) ;
#4656 = ORIENTED_EDGE ( 'NONE', *, *, #3512, .F. ) ;
#4657 = DIRECTION ( 'NONE',  ( 0.000000000000000000, 0.000000000000000000, -1.000000000000000000 ) ) ;
#4658 = ADVANCED_FACE ( 'NONE', ( #4848 ), #8013, .F. ) ;
#4659 = LINE ( 'NONE', #7687, #5646 ) ;
#4660 = STYLED_ITEM ( 'NONE', ( #5956 ), #1704 ) ;
#4661 = ADVANCED_FACE ( 'NONE', ( #8837 ), #4900, .F. ) ;
#4662 = CLOSED_SHELL ( 'NONE', ( #9950, #5875, #9310, #6373, #5708, #732, #8227, #52, #3672, #6716 ) ) ;
#4663 = CARTESIAN_POINT ( 'NONE',  ( -3.249999999999968026, 0.6000000000000000888, 5.000000000000000000 ) ) ;
#4664 = VERTEX_POINT ( 'NONE', #8169 ) ;
#4665 = FACE_OUTER_BOUND ( 'NONE', #7150, .T. ) ;
#4666 = PLANE ( 'NONE',  #6832 ) ;
#4667 = VERTEX_POINT ( 'NONE', #6822 ) ;
#4668 = ORIENTED_EDGE ( 'NONE', *, *, #2278, .F. ) ;
#4669 = ADVANCED_FACE ( 'NONE', ( #1088 ), #1240, .F. ) ;
#4670 = VECTOR ( 'NONE', #7808, 1000.000000000000000 ) ;
#4671 = ORIENTED_EDGE ( 'NONE', *, *, #1721, .F. ) ;
#4672 = VECTOR ( 'NONE', #9945, 1000.000000000000000 ) ;
#4673 = CARTESIAN_POINT ( 'NONE',  ( 2.100000000000000533, 3.699999999999998845, 0.7999999999999994893 ) ) ;
#4674 = DIRECTION ( 'NONE',  ( 0.000000000000000000, 0.000000000000000000, -1.000000000000000000 ) ) ;
#4675 = DIRECTION ( 'NONE',  ( 1.000000000000000000, -0.000000000000000000, -0.000000000000000000 ) ) ;
#4676 = ORIENTED_EDGE ( 'NONE', *, *, #2948, .T. ) ;
#4677 = VECTOR ( 'NONE', #3370, 1000.000000000000000 ) ;
#4678 = DIRECTION ( 'NONE',  ( 0.000000000000000000, 0.000000000000000000, 1.000000000000000000 ) ) ;
#4679 = ORIENTED_EDGE ( 'NONE', *, *, #3141, .F. ) ;
#4680 = FACE_OUTER_BOUND ( 'NONE', #7745, .T. ) ;
#4681 = EDGE_CURVE ( 'NONE', #198, #8945, #5114, .T. ) ;
#4682 = VECTOR ( 'NONE', #6740, 1000.000000000000000 ) ;
#4683 = EDGE_CURVE ( 'NONE', #4934, #7293, #6675, .T. ) ;
#4684 = LINE ( 'NONE', #8680, #1050 ) ;
#4685 = AXIS2_PLACEMENT_3D ( 'NONE', #2274, #6454, #9594 ) ;
#4686 = LINE ( 'NONE', #9398, #9630 ) ;
#4687 = CARTESIAN_POINT ( 'NONE',  ( -4.000000000000000000, 0.6000000000000000888, 0.000000000000000000 ) ) ;
#4688 = ADVANCED_FACE ( 'NONE', ( #5167 ), #5220, .F. ) ;
#4689 = CARTESIAN_POINT ( 'NONE',  ( 4.800000000000000711, 5.500000000000000888, 2.250000000000000000 ) ) ;
#4690 = CARTESIAN_POINT ( 'NONE',  ( 1.250000000000032419, 0.2000000000000000111, 5.000000000000000888 ) ) ;
#4691 = DIRECTION ( 'NONE',  ( -0.000000000000000000, -0.000000000000000000, -1.000000000000000000 ) ) ;
#4692 =( BOUNDED_CURVE ( )  B_SPLINE_CURVE ( 3, ( #8799, #4121, #2021, #233 ),
 .UNSPECIFIED., .F., .F. ) 
 B_SPLINE_CURVE_WITH_KNOTS ( ( 4, 4 ),
 ( 0.000000000000000000, 1.134464013796310677 ),
 .UNSPECIFIED. ) 
 CURVE ( )  GEOMETRIC_REPRESENTATION_ITEM ( )  RATIONAL_B_SPLINE_CURVE ( ( 1.000000000000000000, 0.8955942972085910725, 0.8955942972085910725, 1.000000000000000000 ) ) 
 REPRESENTATION_ITEM ( '' )  );
#4693 = VERTEX_POINT ( 'NONE', #7500 ) ;
#4694 = DIRECTION ( 'NONE',  ( 1.000000000000000000, -0.000000000000000000, -0.000000000000000000 ) ) ;
#4695 = ORIENTED_EDGE ( 'NONE', *, *, #2125, .F. ) ;
#4696 = EDGE_CURVE ( 'NONE', #7636, #955, #2736, .T. ) ;
#4697 = CARTESIAN_POINT ( 'NONE',  ( -1.999999999999998224, 0.9000000000000005773, -3.599999999999999645 ) ) ;
#4698 = ORIENTED_EDGE ( 'NONE', *, *, #9823, .F. ) ;
#4699 = PLANE ( 'NONE',  #5543 ) ;
#4700 = LINE ( 'NONE', #8693, #1148 ) ;
#4701 = LINE ( 'NONE', #7869, #7913 ) ;
#4702 = DIRECTION ( 'NONE',  ( -1.000000000000000000, 0.000000000000000000, 0.000000000000000000 ) ) ;
#4703 = VERTEX_POINT ( 'NONE', #5892 ) ;
#4704 = DIRECTION ( 'NONE',  ( 1.000000000000000000, 0.000000000000000000, 0.000000000000000000 ) ) ;
#4705 = ORIENTED_EDGE ( 'NONE', *, *, #9247, .T. ) ;
#4706 = ORIENTED_EDGE ( 'NONE', *, *, #4817, .F. ) ;
#4707 = FACE_OUTER_BOUND ( 'NONE', #2600, .T. ) ;
#4708 = CARTESIAN_POINT ( 'NONE',  ( -0.7499999999999988898, 2.149999999999999467, -2.300000000000000266 ) ) ;
#4709 = VECTOR ( 'NONE', #6668, 1000.000000000000000 ) ;
#4710 = CARTESIAN_POINT ( 'NONE',  ( -3.569840214680611634, 0.000000000000000000, -4.096429042955582744 ) ) ;
#4711 = AXIS2_PLACEMENT_3D ( 'NONE', #206, #152, #4304 ) ;
#4712 = PLANE ( 'NONE',  #7064 ) ;
#4713 = ORIENTED_EDGE ( 'NONE', *, *, #8979, .T. ) ;
#4714 = PLANE ( 'NONE',  #1501 ) ;
#4715 = ORIENTED_EDGE ( 'NONE', *, *, #5747, .F. ) ;
#4716 = ORIENTED_EDGE ( 'NONE', *, *, #1480, .T. ) ;
#4717 = EDGE_CURVE ( 'NONE', #1626, #6950, #1042, .T. ) ;
#4718 = AXIS2_PLACEMENT_3D ( 'NONE', #5471, #8820, #9537 ) ;
#4719 = ADVANCED_FACE ( 'NONE', ( #5939 ), #1189, .F. ) ;
#4720 = PRESENTATION_LAYER_ASSIGNMENT (  '', '', ( #3877 ) ) ;
#4721 = EDGE_LOOP ( 'NONE', ( #1101, #3498, #477, #2066 ) ) ;
#4722 = EDGE_CURVE ( 'NONE', #4490, #7242, #272, .T. ) ;
#4723 = LINE ( 'NONE', #7887, #9954 ) ;
#4724 = DIRECTION ( 'NONE',  ( 0.000000000000000000, 0.000000000000000000, 1.000000000000000000 ) ) ;
#4725 = DIRECTION ( 'NONE',  ( -0.000000000000000000, 1.000000000000000000, 0.000000000000000000 ) ) ;
#4726 = VERTEX_POINT ( 'NONE', #4380 ) ;
#4727 = CARTESIAN_POINT ( 'NONE',  ( -3.140808929720138476, 2.259191070279860103, -2.300000000000000266 ) ) ;
#4728 = VECTOR ( 'NONE', #5043, 1000.000000000000000 ) ;
#4729 = LINE ( 'NONE', #8095, #7586 ) ;
#4730 = ORIENTED_EDGE ( 'NONE', *, *, #4604, .T. ) ;
#4731 = DIRECTION ( 'NONE',  ( 0.000000000000000000, 1.000000000000000000, 0.000000000000000000 ) ) ;
#4732 = CARTESIAN_POINT ( 'NONE',  ( 5.305000000000000604, 2.350000000000000089, -3.599999999999999645 ) ) ;
#4733 = LINE ( 'NONE', #8823, #7830 ) ;
#4734 = LINE ( 'NONE', #7854, #2446 ) ;
#4735 = EDGE_CURVE ( 'NONE', #8805, #2500, #3420, .T. ) ;
#4736 = CARTESIAN_POINT ( 'NONE',  ( -2.100000000000000089, 4.400000000000000355, -3.049999999999999378 ) ) ;
#4737 = FACE_OUTER_BOUND ( 'NONE', #5157, .T. ) ;
#4738 = CARTESIAN_POINT ( 'NONE',  ( -5.304999999999998828, 0.4000000000000000222, 1.100000000000000755 ) ) ;
#4739 = ORIENTED_EDGE ( 'NONE', *, *, #3351, .T. ) ;
#4740 = CARTESIAN_POINT ( 'NONE',  ( -2.749999999999966693, 0.6000000000000000888, 2.400000000000000355 ) ) ;
#4741 = ORIENTED_EDGE ( 'NONE', *, *, #2279, .F. ) ;
#4742 = CYLINDRICAL_SURFACE ( 'NONE', #8964, 0.07500000000000041356 ) ;
#4743 = DIRECTION ( 'NONE',  ( 0.000000000000000000, -1.000000000000000000, 0.000000000000000000 ) ) ;
#4744 = EDGE_CURVE ( 'NONE', #1973, #10095, #9079, .T. ) ;
#4745 = EDGE_CURVE ( 'NONE', #8383, #3850, #9759, .T. ) ;
#4746 = CARTESIAN_POINT ( 'NONE',  ( -0.7499999999999676925, 0.6000000000000000888, 4.999999999999972466 ) ) ;
#4747 = ADVANCED_FACE ( 'NONE', ( #1913 ), #8268, .F. ) ;
#4748 = DIRECTION ( 'NONE',  ( -0.000000000000000000, -0.000000000000000000, -1.000000000000000000 ) ) ;
#4749 = DIRECTION ( 'NONE',  ( -0.000000000000000000, 1.000000000000000000, -0.000000000000000000 ) ) ;
#4750 = ORIENTED_EDGE ( 'NONE', *, *, #7464, .T. ) ;
#4751 = CYLINDRICAL_SURFACE ( 'NONE', #5411, 0.09999999999999982514 ) ;
#4752 = ORIENTED_EDGE ( 'NONE', *, *, #10105, .F. ) ;
#4753 = EDGE_LOOP ( 'NONE', ( #9471, #1341, #2077, #7923, #9617, #6732, #83 ) ) ;
#4754 = VECTOR ( 'NONE', #7674, 1000.000000000000114 ) ;
#4755 = DIRECTION ( 'NONE',  ( 0.000000000000000000, -1.517883041479704827E-15, 1.000000000000000000 ) ) ;
#4756 = LINE ( 'NONE', #6369, #4801 ) ;
#4757 = DIRECTION ( 'NONE',  ( 0.000000000000000000, 1.000000000000000000, 0.000000000000000000 ) ) ;
#4758 = FACE_OUTER_BOUND ( 'NONE', #5237, .T. ) ;
#4759 = ORIENTED_EDGE ( 'NONE', *, *, #9992, .F. ) ;
#4760 = DIRECTION ( 'NONE',  ( -0.6336872742246389967, -0.4437126062796623027, -0.6336872742246421053 ) ) ;
#4761 = DIRECTION ( 'NONE',  ( -0.000000000000000000, 2.759533940951752967E-15, 1.000000000000000000 ) ) ;
#4762 = ORIENTED_EDGE ( 'NONE', *, *, #2395, .T. ) ;
#4763 = VECTOR ( 'NONE', #1758, 1000.000000000000000 ) ;
#4764 = EDGE_CURVE ( 'NONE', #2548, #8037, #7601, .T. ) ;
#4765 = EDGE_LOOP ( 'NONE', ( #8877, #2678, #5645, #5386 ) ) ;
#4766 = ORIENTED_EDGE ( 'NONE', *, *, #2474, .F. ) ;
#4767 = VERTEX_POINT ( 'NONE', #5790 ) ;
#4768 = AXIS2_PLACEMENT_3D ( 'NONE', #7686, #9991, #4405 ) ;
#4769 = CARTESIAN_POINT ( 'NONE',  ( 2.750000000000031974, 0.6000000000000000888, 5.000000000000000000 ) ) ;
#4770 = CARTESIAN_POINT ( 'NONE',  ( 4.599999999999997868, 5.700000000000000178, 2.800000000000000266 ) ) ;
#4771 = CARTESIAN_POINT ( 'NONE',  ( -1.140808929720138698, 2.649999999999999911, -2.300000000000000266 ) ) ;
#4772 = ORIENTED_EDGE ( 'NONE', *, *, #9519, .F. ) ;
#4773 = CARTESIAN_POINT ( 'NONE',  ( -2.850000000000000089, 5.700000000000000178, 3.900000000000000355 ) ) ;
#4774 = LINE ( 'NONE', #764, #9395 ) ;
#4775 = EDGE_CURVE ( 'NONE', #2080, #537, #7603, .T. ) ;
#4776 = ORIENTED_EDGE ( 'NONE', *, *, #2673, .F. ) ;
#4777 = DIRECTION ( 'NONE',  ( 1.000000000000000000, 0.000000000000000000, 2.195253932998075344E-15 ) ) ;
#4778 = AXIS2_PLACEMENT_3D ( 'NONE', #4057, #117, #2478 ) ;
#4779 = ADVANCED_FACE ( 'NONE', ( #4324 ), #1814, .F. ) ;
#4780 = CARTESIAN_POINT ( 'NONE',  ( 6.000000000000000000, 2.750000000000001332, -3.200000000000000178 ) ) ;
#4781 = CARTESIAN_POINT ( 'NONE',  ( -0.6250000000000001110, 4.400000000000000355, -2.200000000000000178 ) ) ;
#4782 = LINE ( 'NONE', #7223, #7965 ) ;
#4783 = DIRECTION ( 'NONE',  ( -3.336006684570783101E-16, -0.000000000000000000, 1.000000000000000000 ) ) ;
#4784 = PLANE ( 'NONE',  #9905 ) ;
#4785 = CARTESIAN_POINT ( 'NONE',  ( 6.000000000000000000, 4.400000000000000355, 3.700000000000000178 ) ) ;
#4786 = EDGE_CURVE ( 'NONE', #2649, #5028, #129, .T. ) ;
#4787 = CARTESIAN_POINT ( 'NONE',  ( 0.7500000000000318634, 0.6000000000000000888, 5.000000000000000000 ) ) ;
#4788 = ORIENTED_EDGE ( 'NONE', *, *, #4176, .T. ) ;
#4789 = DIRECTION ( 'NONE',  ( -0.000000000000000000, 0.7071067811865495711, 0.7071067811865455743 ) ) ;
#4790 = DIRECTION ( 'NONE',  ( 0.000000000000000000, 0.000000000000000000, 1.000000000000000000 ) ) ;
#4791 = DIRECTION ( 'NONE',  ( 1.000000000000000000, 0.000000000000000000, 0.000000000000000000 ) ) ;
#4792 = LINE ( 'NONE', #4005, #1111 ) ;
#4793 = FACE_OUTER_BOUND ( 'NONE', #7971, .T. ) ;
#4794 = DIRECTION ( 'NONE',  ( -0.000000000000000000, 3.372884145477666851E-15, 1.000000000000000000 ) ) ;
#4795 = CARTESIAN_POINT ( 'NONE',  ( 6.000000000000000000, 2.400000000000000355, 1.799999999999999156 ) ) ;
#4796 = CIRCLE ( 'NONE', #3954, 0.1000000000000002554 ) ;
#4797 = VECTOR ( 'NONE', #5807, 1000.000000000000000 ) ;
#4798 = ORIENTED_EDGE ( 'NONE', *, *, #1734, .T. ) ;
#4799 = DIRECTION ( 'NONE',  ( 1.278285608021614318E-16, -0.5646839155919901598, 0.8253072612498317806 ) ) ;
#4800 = VERTEX_POINT ( 'NONE', #1500 ) ;
#4801 = VECTOR ( 'NONE', #5448, 1000.000000000000000 ) ;
#4802 = EDGE_CURVE ( 'NONE', #1032, #1046, #4635, .T. ) ;
#4803 = ORIENTED_EDGE ( 'NONE', *, *, #8834, .T. ) ;
#4804 = VECTOR ( 'NONE', #8029, 1000.000000000000000 ) ;
#4805 = DIRECTION ( 'NONE',  ( -0.000000000000000000, 1.000000000000000000, -0.000000000000000000 ) ) ;
#4806 = FACE_OUTER_BOUND ( 'NONE', #4243, .T. ) ;
#4807 = VECTOR ( 'NONE', #3198, 1000.000000000000000 ) ;
#4808 = DIRECTION ( 'NONE',  ( -1.000000000000000000, 0.000000000000000000, 0.000000000000000000 ) ) ;
#4809 = CARTESIAN_POINT ( 'NONE',  ( -4.000000000000000000, 2.540808929720139275, -2.300000000000000266 ) ) ;
#4810 = ORIENTED_EDGE ( 'NONE', *, *, #2803, .T. ) ;
#4811 = CARTESIAN_POINT ( 'NONE',  ( -0.8499999999999957589, 2.749999999999992450, -3.200000000000000178 ) ) ;
#4812 = CARTESIAN_POINT ( 'NONE',  ( -0.7499999999999673594, 0.6000000000000000888, 3.899999999999999911 ) ) ;
#4813 = VECTOR ( 'NONE', #6101, 1000.000000000000000 ) ;
#4814 = ORIENTED_EDGE ( 'NONE', *, *, #5679, .T. ) ;
#4815 = EDGE_LOOP ( 'NONE', ( #5794, #1061, #8038, #2931 ) ) ;
#4816 = VECTOR ( 'NONE', #629, 1000.000000000000000 ) ;
#4817 = EDGE_CURVE ( 'NONE', #7056, #1985, #531, .T. ) ;
#4818 = VERTEX_POINT ( 'NONE', #8427 ) ;
#4819 = VERTEX_POINT ( 'NONE', #4587 ) ;
#4820 = AXIS2_PLACEMENT_3D ( 'NONE', #5198, #401, #4409 ) ;
#4821 = AXIS2_PLACEMENT_3D ( 'NONE', #8004, #4944, #3410 ) ;
#4822 = CARTESIAN_POINT ( 'NONE',  ( -5.200000000000001066, 3.400000000000000355, 1.999999999999999556 ) ) ;
#4823 = CARTESIAN_POINT ( 'NONE',  ( 6.000000000000000000, 4.550000000000002487, -3.200000000000000178 ) ) ;
#4824 = VECTOR ( 'NONE', #9189, 1000.000000000000000 ) ;
#4825 = DIRECTION ( 'NONE',  ( -1.000000000000000000, 0.000000000000000000, 0.000000000000000000 ) ) ;
#4826 = ORIENTED_EDGE ( 'NONE', *, *, #4817, .T. ) ;
#4827 = DIRECTION ( 'NONE',  ( 2.464994706835728887E-32, -1.000000000000000000, 0.000000000000000000 ) ) ;
#4828 = DIRECTION ( 'NONE',  ( -3.336006684570783101E-16, 0.000000000000000000, 1.000000000000000000 ) ) ;
#4829 = ORIENTED_EDGE ( 'NONE', *, *, #8413, .F. ) ;
#4830 = CARTESIAN_POINT ( 'NONE',  ( 1.999999999999998224, 0.3499999999999996447, -3.750000000000005329 ) ) ;
#4831 = VECTOR ( 'NONE', #1133, 1000.000000000000000 ) ;
#4832 = DIRECTION ( 'NONE',  ( 0.000000000000000000, -0.000000000000000000, -1.000000000000000000 ) ) ;
#4833 = CARTESIAN_POINT ( 'NONE',  ( -0.7499999999999676925, 0.000000000000000000, 4.800000000000000711 ) ) ;
#4834 = CARTESIAN_POINT ( 'NONE',  ( 0.7000000000000000666, 4.400000000000000355, -3.199999999999999734 ) ) ;
#4835 = VECTOR ( 'NONE', #6248, 1000.000000000000000 ) ;
#4836 =( NAMED_UNIT ( * ) PLANE_ANGLE_UNIT ( ) SI_UNIT ( $, .RADIAN. ) );
#4837 = LINE ( 'NONE', #6451, #2113 ) ;
#4838 = FACE_OUTER_BOUND ( 'NONE', #5718, .T. ) ;
#4839 = ORIENTED_EDGE ( 'NONE', *, *, #3219, .T. ) ;
#4840 = CARTESIAN_POINT ( 'NONE',  ( -2.874717526849585258, 2.274717526849586502, -3.031080120897855945 ) ) ;
#4841 = EDGE_LOOP ( 'NONE', ( #8355, #7351, #8275, #174, #4037, #3566, #1700, #8162 ) ) ;
#4842 = DIRECTION ( 'NONE',  ( -3.336006684570783101E-16, 0.000000000000000000, 1.000000000000000000 ) ) ;
#4843 = VECTOR ( 'NONE', #2888, 1000.000000000000000 ) ;
#4844 = ADVANCED_FACE ( 'NONE', ( #682 ), #8483, .T. ) ;
#4845 = DIRECTION ( 'NONE',  ( -1.000000000000000000, -0.000000000000000000, -0.000000000000000000 ) ) ;
#4846 = ADVANCED_FACE ( 'NONE', ( #1291 ), #1396, .F. ) ;
#4847 = DIRECTION ( 'NONE',  ( -1.000000000000000000, 0.000000000000000000, 4.818676322157799347E-16 ) ) ;
#4848 = FACE_OUTER_BOUND ( 'NONE', #5255, .T. ) ;
#4849 = DIRECTION ( 'NONE',  ( 1.000000000000000000, -0.000000000000000000, -0.000000000000000000 ) ) ;
#4850 = DIRECTION ( 'NONE',  ( 0.000000000000000000, -3.097720492815727659E-16, 1.000000000000000000 ) ) ;
#4851 = CARTESIAN_POINT ( 'NONE',  ( 4.200000000000000178, 2.104927361626598881, -4.850000000000001421 ) ) ;
#4852 = ORIENTED_EDGE ( 'NONE', *, *, #4985, .T. ) ;
#4853 = CARTESIAN_POINT ( 'NONE',  ( 0.7000000000000000666, 4.400000000000000355, 2.250000000000000000 ) ) ;
#4854 = ORIENTED_EDGE ( 'NONE', *, *, #3308, .F. ) ;
#4855 = ORIENTED_EDGE ( 'NONE', *, *, #8982, .T. ) ;
#4856 = LINE ( 'NONE', #9564, #7456 ) ;
#4857 = EDGE_CURVE ( 'NONE', #8810, #479, #7016, .T. ) ;
#4858 = LINE ( 'NONE', #6422, #7793 ) ;
#4859 = VECTOR ( 'NONE', #6058, 1000.000000000000000 ) ;
#4860 = CARTESIAN_POINT ( 'NONE',  ( 0.7500000000000006661, 2.649999999999999911, -2.300000000000000266 ) ) ;
#4861 = ORIENTED_EDGE ( 'NONE', *, *, #2677, .F. ) ;
#4862 = EDGE_CURVE ( 'NONE', #6157, #2250, #2894, .T. ) ;
#4863 = CARTESIAN_POINT ( 'NONE',  ( -0.7499999999999668043, 0.6000000000000000888, 2.400000000000000355 ) ) ;
#4864 = EDGE_CURVE ( 'NONE', #8868, #7890, #6050, .T. ) ;
#4865 = ORIENTED_EDGE ( 'NONE', *, *, #9338, .F. ) ;
#4866 = ORIENTED_EDGE ( 'NONE', *, *, #9280, .T. ) ;
#4867 = ADVANCED_FACE ( 'NONE', ( #8631 ), #7760, .T. ) ;
#4868 = ORIENTED_EDGE ( 'NONE', *, *, #7646, .F. ) ;
#4869 = MECHANICAL_DESIGN_GEOMETRIC_PRESENTATION_REPRESENTATION (  '', ( #5215 ), #720 ) ;
#4870 = AXIS2_PLACEMENT_3D ( 'NONE', #3693, #6879, #10023 ) ;
#4871 = ORIENTED_EDGE ( 'NONE', *, *, #8936, .F. ) ;
#4872 = VECTOR ( 'NONE', #2890, 1000.000000000000000 ) ;
#4873 = DIRECTION ( 'NONE',  ( 0.000000000000000000, 0.000000000000000000, 1.000000000000000000 ) ) ;
#4874 = DIRECTION ( 'NONE',  ( 0.000000000000000000, 0.7071067811865384689, -0.7071067811865565655 ) ) ;
#4875 = SURFACE_STYLE_FILL_AREA ( #5665 ) ;
#4876 = EDGE_CURVE ( 'NONE', #797, #1650, #4535, .T. ) ;
#4877 = ORIENTED_EDGE ( 'NONE', *, *, #7003, .T. ) ;
#4878 = LINE ( 'NONE', #9578, #3133 ) ;
#4879 = EDGE_CURVE ( 'NONE', #7493, #5458, #3689, .T. ) ;
#4880 = CARTESIAN_POINT ( 'NONE',  ( 3.250000000000001332, 2.149999999999999467, -1.999999999999997335 ) ) ;
#4881 = ADVANCED_FACE ( 'NONE', ( #9241 ), #2993, .T. ) ;
#4882 = EDGE_LOOP ( 'NONE', ( #5072, #611, #151, #10077 ) ) ;
#4883 = PLANE ( 'NONE',  #4718 ) ;
#4884 = AXIS2_PLACEMENT_3D ( 'NONE', #8928, #2572, #5932 ) ;
#4885 = VECTOR ( 'NONE', #512, 1000.000000000000000 ) ;
#4886 = ORIENTED_EDGE ( 'NONE', *, *, #7896, .T. ) ;
#4887 = DIRECTION ( 'NONE',  ( -1.000000000000000000, 0.000000000000000000, 0.000000000000000000 ) ) ;
#4888 = FACE_OUTER_BOUND ( 'NONE', #10051, .T. ) ;
#4889 = LINE ( 'NONE', #1498, #7292 ) ;
#4890 = AXIS2_PLACEMENT_3D ( 'NONE', #9207, #8971, #1847 ) ;
#4891 = FILL_AREA_STYLE_COLOUR ( '', #10236 ) ;
#4892 = FACE_OUTER_BOUND ( 'NONE', #1739, .T. ) ;
#4893 = VERTEX_POINT ( 'NONE', #2942 ) ;
#4894 = CARTESIAN_POINT ( 'NONE',  ( 5.200000000000001066, 5.394289321881345245, 0.8207106781186550570 ) ) ;
#4895 = ORIENTED_EDGE ( 'NONE', *, *, #8140, .F. ) ;
#4896 = CARTESIAN_POINT ( 'NONE',  ( 5.200000000000001066, 5.470710678118654968, 1.647132034355962338 ) ) ;
#4897 = EDGE_CURVE ( 'NONE', #4574, #8462, #6875, .T. ) ;
#4898 = LINE ( 'NONE', #8063, #388 ) ;
#4899 =( LENGTH_UNIT ( ) NAMED_UNIT ( * ) SI_UNIT ( .MILLI., .METRE. ) );
#4900 = CYLINDRICAL_SURFACE ( 'NONE', #292, 0.07499999999999998335 ) ;
#4901 = VECTOR ( 'NONE', #2516, 1000.000000000000000 ) ;
#4902 = LINE ( 'NONE', #936, #1314 ) ;
#4903 = CARTESIAN_POINT ( 'NONE',  ( 1.250000000000001110, 2.149999999999999467, 0.7999999999999994893 ) ) ;
#4904 = CARTESIAN_POINT ( 'NONE',  ( 0.7500000000000318634, 1.300000000000000266, 3.899999999999999911 ) ) ;
#4905 = EDGE_CURVE ( 'NONE', #2325, #8821, #6148, .T. ) ;
#4906 = ADVANCED_FACE ( 'NONE', ( #731 ), #5376, .T. ) ;
#4907 = VERTEX_POINT ( 'NONE', #6200 ) ;
#4908 = DIRECTION ( 'NONE',  ( 0.000000000000000000, 0.000000000000000000, 1.000000000000000000 ) ) ;
#4909 = ORIENTED_EDGE ( 'NONE', *, *, #4432, .T. ) ;
#4910 = VERTEX_POINT ( 'NONE', #9350 ) ;
#4911 = DIRECTION ( 'NONE',  ( 1.000000000000000000, 0.000000000000000000, 0.000000000000000000 ) ) ;
#4912 = VECTOR ( 'NONE', #4675, 1000.000000000000000 ) ;
#4913 = FACE_OUTER_BOUND ( 'NONE', #5399, .T. ) ;
#4914 = DIRECTION ( 'NONE',  ( 0.000000000000000000, 0.000000000000000000, -1.000000000000000000 ) ) ;
#4915 = CARTESIAN_POINT ( 'NONE',  ( 2.750000000000000888, 2.149999999999999467, -2.300000000000000266 ) ) ;
#4916 = VERTEX_POINT ( 'NONE', #3893 ) ;
#4917 = CLOSED_SHELL ( 'NONE', ( #7062, #113, #4206, #6783, #4556, #9703, #1024, #2159, #8265, #5112 ) ) ;
#4918 = LINE ( 'NONE', #4127, #2828 ) ;
#4919 = ADVANCED_FACE ( 'NONE', ( #2224 ), #7068, .F. ) ;
#4920 = ORIENTED_EDGE ( 'NONE', *, *, #6080, .F. ) ;
#4921 = ORIENTED_EDGE ( 'NONE', *, *, #9338, .T. ) ;
#4922 = VECTOR ( 'NONE', #4338, 1000.000000000000000 ) ;
#4923 = MANIFOLD_SOLID_BREP ( 'Boss-Extrude3', #3980 ) ;
#4924 = EDGE_CURVE ( 'NONE', #9228, #5241, #4943, .T. ) ;
#4925 = VERTEX_POINT ( 'NONE', #8003 ) ;
#4926 = ORIENTED_EDGE ( 'NONE', *, *, #1292, .F. ) ;
#4927 = CARTESIAN_POINT ( 'NONE',  ( -5.304999999999998828, 8.000000000000000000, -3.200000000000001510 ) ) ;
#4928 = DIRECTION ( 'NONE',  ( 0.000000000000000000, 0.000000000000000000, -1.000000000000000000 ) ) ;
#4929 = AXIS2_PLACEMENT_3D ( 'NONE', #9132, #8884, #2013 ) ;
#4930 = LINE ( 'NONE', #962, #6241 ) ;
#4931 = ORIENTED_EDGE ( 'NONE', *, *, #498, .T. ) ;
#4932 = DIRECTION ( 'NONE',  ( 0.000000000000000000, -1.000000000000000000, -0.000000000000000000 ) ) ;
#4933 = LINE ( 'NONE', #3930, #8410 ) ;
#4934 = VERTEX_POINT ( 'NONE', #6353 ) ;
#4935 = FACE_OUTER_BOUND ( 'NONE', #9676, .T. ) ;
#4936 = CIRCLE ( 'NONE', #5282, 0.07500000000000041356 ) ;
#4937 = ADVANCED_FACE ( 'NONE', ( #8105 ), #4784, .F. ) ;
#4938 = VERTEX_POINT ( 'NONE', #54 ) ;
#4939 = ADVANCED_FACE ( 'NONE', ( #4737 ), #4048, .F. ) ;
#4940 = CARTESIAN_POINT ( 'NONE',  ( 5.007179676972450366, -2.972161292830653933E-16, 0.9134769367380000116 ) ) ;
#4941 = CARTESIAN_POINT ( 'NONE',  ( -5.054999999999998828, 0.4000000000000000777, -4.749999999999992895 ) ) ;
#4942 = DIRECTION ( 'NONE',  ( -1.000000000000000000, -0.000000000000000000, -0.000000000000000000 ) ) ;
#4943 = LINE ( 'NONE', #9500, #4108 ) ;
#4944 = DIRECTION ( 'NONE',  ( -1.000000000000000000, 0.000000000000000000, 0.000000000000000000 ) ) ;
#4945 = VERTEX_POINT ( 'NONE', #3199 ) ;
#4946 = AXIS2_PLACEMENT_3D ( 'NONE', #7392, #7439, #9039 ) ;
#4947 = DIRECTION ( 'NONE',  ( 0.7071067811865485719, -0.7071067811865465735, 0.000000000000000000 ) ) ;
#4948 = ORIENTED_EDGE ( 'NONE', *, *, #1458, .T. ) ;
#4949 = CARTESIAN_POINT ( 'NONE',  ( -5.305000000000000604, 1.800000000000000044, -1.699999999999999734 ) ) ;
#4950 = DIRECTION ( 'NONE',  ( -0.000000000000000000, 0.000000000000000000, -1.000000000000000000 ) ) ;
#4951 = VECTOR ( 'NONE', #9900, 1000.000000000000114 ) ;
#4952 = DIRECTION ( 'NONE',  ( 1.000000000000000000, 0.000000000000000000, 0.000000000000000000 ) ) ;
#4953 = EDGE_CURVE ( 'NONE', #2213, #4655, #7224, .T. ) ;
#4954 = CARTESIAN_POINT ( 'NONE',  ( 5.304999999999997939, 0.4000000000000000777, -4.749999999999998224 ) ) ;
#4955 = DIRECTION ( 'NONE',  ( 0.000000000000000000, -1.591489427501657896E-16, 1.000000000000000000 ) ) ;
#4956 = CARTESIAN_POINT ( 'NONE',  ( 3.250000000000032863, 0.2000000000000000111, 3.899999999999999911 ) ) ;
#4957 = DIRECTION ( 'NONE',  ( 0.000000000000000000, 1.000000000000000000, 0.000000000000000000 ) ) ;
#4958 = EDGE_LOOP ( 'NONE', ( #6791, #10049, #3279, #5964 ) ) ;
#4959 = FACE_OUTER_BOUND ( 'NONE', #8587, .T. ) ;
#4960 = VERTEX_POINT ( 'NONE', #773 ) ;
#4961 = EDGE_LOOP ( 'NONE', ( #3323, #1834, #2385, #1989 ) ) ;
#4962 =( LENGTH_UNIT ( ) NAMED_UNIT ( * ) SI_UNIT ( .MILLI., .METRE. ) );
#4963 = ADVANCED_FACE ( 'NONE', ( #6401 ), #3093, .F. ) ;
#4964 = LINE ( 'NONE', #418, #654 ) ;
#4965 = VECTOR ( 'NONE', #5957, 1000.000000000000000 ) ;
#4966 = CARTESIAN_POINT ( 'NONE',  ( -0.6250000000000001110, 4.400000000000000355, -0.2500000000000002220 ) ) ;
#4967 = DIRECTION ( 'NONE',  ( 0.7071067811865505703, -0.7071067811865444641, 0.000000000000000000 ) ) ;
#4968 = VERTEX_POINT ( 'NONE', #7275 ) ;
#4969 = DIRECTION ( 'NONE',  ( -0.000000000000000000, -1.000000000000000000, -0.000000000000000000 ) ) ;
#4970 = AXIS2_PLACEMENT_3D ( 'NONE', #8399, #5350, #3556 ) ;
#4971 = DIRECTION ( 'NONE',  ( -1.000000000000000000, 0.000000000000000000, 0.000000000000000000 ) ) ;
#4972 = ORIENTED_EDGE ( 'NONE', *, *, #6695, .F. ) ;
#4973 = ORIENTED_EDGE ( 'NONE', *, *, #5891, .T. ) ;
#4974 = VECTOR ( 'NONE', #155, 1000.000000000000000 ) ;
#4975 = ORIENTED_EDGE ( 'NONE', *, *, #9636, .F. ) ;
#4976 = ORIENTED_EDGE ( 'NONE', *, *, #3124, .T. ) ;
#4977 = EDGE_CURVE ( 'NONE', #1629, #2337, #104, .T. ) ;
#4978 = VECTOR ( 'NONE', #9323, 1000.000000000000000 ) ;
#4979 = EDGE_CURVE ( 'NONE', #3968, #797, #5529, .T. ) ;
#4980 = FACE_OUTER_BOUND ( 'NONE', #6797, .T. ) ;
#4981 = VECTOR ( 'NONE', #9760, 1000.000000000000000 ) ;
#4982 = DIRECTION ( 'NONE',  ( 0.000000000000000000, 0.000000000000000000, 1.000000000000000000 ) ) ;
#4983 = ORIENTED_EDGE ( 'NONE', *, *, #269, .F. ) ;
#4984 = DIRECTION ( 'NONE',  ( 1.000000000000000000, -0.000000000000000000, -4.818676322157799347E-16 ) ) ;
#4985 = EDGE_CURVE ( 'NONE', #1094, #3056, #4837, .T. ) ;
#4986 = PLANE ( 'NONE',  #838 ) ;
#4987 = ORIENTED_EDGE ( 'NONE', *, *, #8503, .F. ) ;
#4988 = CARTESIAN_POINT ( 'NONE',  ( 6.000000000000000000, 0.4000000000000000222, -3.600000000000000533 ) ) ;
#4989 = EDGE_CURVE ( 'NONE', #1354, #9155, #3941, .T. ) ;
#4990 = VECTOR ( 'NONE', #299, 1000.000000000000000 ) ;
#4991 = EDGE_LOOP ( 'NONE', ( #5506, #3058, #4350, #3884 ) ) ;
#4992 = VECTOR ( 'NONE', #9457, 1000.000000000000000 ) ;
#4993 = PLANE ( 'NONE',  #4711 ) ;
#4994 = MANIFOLD_SOLID_BREP ( 'Mirror3', #4662 ) ;
#4995 = DIRECTION ( 'NONE',  ( -1.000000000000000000, -0.000000000000000000, -0.000000000000000000 ) ) ;
#4996 = CARTESIAN_POINT ( 'NONE',  ( 5.305000000000000604, 1.800000000000000044, -1.699999999999999734 ) ) ;
#4997 = DIRECTION ( 'NONE',  ( 0.000000000000000000, 0.000000000000000000, 1.000000000000000000 ) ) ;
#4998 = DIRECTION ( 'NONE',  ( 0.000000000000000000, 1.000000000000000000, 0.000000000000000000 ) ) ;
#4999 = EDGE_CURVE ( 'NONE', #5244, #9197, #8923, .T. ) ;
#5000 = VECTOR ( 'NONE', #4760, 999.9999999999998863 ) ;
#5001 = ORIENTED_EDGE ( 'NONE', *, *, #5950, .F. ) ;
#5002 = DIRECTION ( 'NONE',  ( 1.000000000000000000, -0.000000000000000000, -0.000000000000000000 ) ) ;
#5003 = EDGE_CURVE ( 'NONE', #4152, #1653, #2415, .T. ) ;
#5004 = EDGE_CURVE ( 'NONE', #7479, #2148, #8364, .T. ) ;
#5005 = ORIENTED_EDGE ( 'NONE', *, *, #9294, .T. ) ;
#5006 = DIRECTION ( 'NONE',  ( -1.000000000000000000, 0.000000000000000000, 0.000000000000000000 ) ) ;
#5007 = VECTOR ( 'NONE', #7536, 1000.000000000000000 ) ;
#5008 = EDGE_CURVE ( 'NONE', #6878, #4183, #1955, .T. ) ;
#5009 = LINE ( 'NONE', #7495, #2477 ) ;
#5010 = VECTOR ( 'NONE', #4549, 1000.000000000000000 ) ;
#5011 = CARTESIAN_POINT ( 'NONE',  ( 5.305000000000000604, 0.4000000000000050737, 4.898587196589475938E-17 ) ) ;
#5012 = DIRECTION ( 'NONE',  ( 0.000000000000000000, 1.000000000000000000, 0.000000000000000000 ) ) ;
#5013 = VECTOR ( 'NONE', #2875, 1000.000000000000114 ) ;
#5014 = CARTESIAN_POINT ( 'NONE',  ( 5.305000000000000604, 8.000000000000000000, -5.000000000000004441 ) ) ;
#5015 = FACE_OUTER_BOUND ( 'NONE', #3336, .T. ) ;
#5016 = CARTESIAN_POINT ( 'NONE',  ( -3.026055542458621961, 0.000000000000000000, -3.750000000000003997 ) ) ;
#5017 = MANIFOLD_SOLID_BREP ( 'Chamfer2', #757 ) ;
#5018 = DIRECTION ( 'NONE',  ( 0.000000000000000000, 0.000000000000000000, 1.000000000000000000 ) ) ;
#5019 = EDGE_CURVE ( 'NONE', #9664, #3542, #1902, .T. ) ;
#5020 = VECTOR ( 'NONE', #3469, 1000.000000000000000 ) ;
#5021 = ORIENTED_EDGE ( 'NONE', *, *, #2612, .F. ) ;
#5022 = CARTESIAN_POINT ( 'NONE',  ( 4.800000000000000711, 5.064999999999999503, 2.800000000000000266 ) ) ;
#5023 = VECTOR ( 'NONE', #8283, 1000.000000000000000 ) ;
#5024 = ORIENTED_EDGE ( 'NONE', *, *, #4133, .F. ) ;
#5025 = ORIENTED_EDGE ( 'NONE', *, *, #9412, .T. ) ;
#5026 = CARTESIAN_POINT ( 'NONE',  ( -0.6225926727334492039, 2.022592672733450225, -1.649951245262083699 ) ) ;
#5027 = FACE_OUTER_BOUND ( 'NONE', #390, .T. ) ;
#5028 = VERTEX_POINT ( 'NONE', #4367 ) ;
#5029 = DIRECTION ( 'NONE',  ( -1.000000000000000000, 0.000000000000000000, 0.000000000000000000 ) ) ;
#5030 = DIRECTION ( 'NONE',  ( -1.000000000000000000, -0.000000000000000000, -0.000000000000000000 ) ) ;
#5031 = ORIENTED_EDGE ( 'NONE', *, *, #4403, .F. ) ;
#5032 = VERTEX_POINT ( 'NONE', #8207 ) ;
#5033 = VERTEX_POINT ( 'NONE', #7488 ) ;
#5034 = ORIENTED_EDGE ( 'NONE', *, *, #10163, .F. ) ;
#5035 = LINE ( 'NONE', #3392, #2964 ) ;
#5036 = CARTESIAN_POINT ( 'NONE',  ( 4.005000000000001670, 5.700000000000000178, 3.700000000000000178 ) ) ;
#5037 = CARTESIAN_POINT ( 'NONE',  ( 2.559756447681330815, 1.959756447681329394, -1.477310135807611502 ) ) ;
#5038 = FACE_OUTER_BOUND ( 'NONE', #7933, .T. ) ;
#5039 = ORIENTED_EDGE ( 'NONE', *, *, #9823, .T. ) ;
#5040 = CARTESIAN_POINT ( 'NONE',  ( 0.7000000000000000666, 5.700000000000000178, 2.250000000000000000 ) ) ;
#5041 = CARTESIAN_POINT ( 'NONE',  ( 0.7500000000000318634, 0.6000000000000000888, 2.400000000000000355 ) ) ;
#5042 = ORIENTED_EDGE ( 'NONE', *, *, #6408, .T. ) ;
#5043 = DIRECTION ( 'NONE',  ( -0.000000000000000000, 1.000000000000000000, -0.000000000000000000 ) ) ;
#5044 = EDGE_CURVE ( 'NONE', #345, #1689, #362, .T. ) ;
#5045 = EDGE_CURVE ( 'NONE', #7996, #3062, #6762, .T. ) ;
#5046 = VECTOR ( 'NONE', #4952, 1000.000000000000000 ) ;
#5047 = ORIENTED_EDGE ( 'NONE', *, *, #9877, .F. ) ;
#5048 = CARTESIAN_POINT ( 'NONE',  ( -5.200000000000001066, 5.425000000000000711, 3.000000000000000444 ) ) ;
#5049 = CARTESIAN_POINT ( 'NONE',  ( -5.304999999999998828, 2.174948115447571606, -4.750000000000000000 ) ) ;
#5050 = LINE ( 'NONE', #8921, #2055 ) ;
#5051 = SURFACE_STYLE_USAGE ( .BOTH. , #2622 ) ;
#5052 = DIRECTION ( 'NONE',  ( -0.000000000000000000, -0.000000000000000000, -1.000000000000000000 ) ) ;
#5053 = VECTOR ( 'NONE', #5006, 1000.000000000000000 ) ;
#5054 = AXIS2_PLACEMENT_3D ( 'NONE', #1185, #7546, #6194 ) ;
#5055 = VERTEX_POINT ( 'NONE', #209 ) ;
#5056 = FACE_OUTER_BOUND ( 'NONE', #7848, .T. ) ;
#5057 = VERTEX_POINT ( 'NONE', #2567 ) ;
#5058 = CARTESIAN_POINT ( 'NONE',  ( -5.054999999999998828, 8.000000000000000000, -4.750000000000000000 ) ) ;
#5060 = AXIS2_PLACEMENT_3D ( 'NONE', #1412, #4602, #7826 ) ;
#5059 = PLANE ( 'NONE',  #6987 ) ;
#5061 = CARTESIAN_POINT ( 'NONE',  ( 0.7500000000000318634, 0.6000000000000000888, 3.899999999999999911 ) ) ;
#5062 = DIRECTION ( 'NONE',  ( 0.000000000000000000, 0.000000000000000000, 1.000000000000000000 ) ) ;
#5063 = CARTESIAN_POINT ( 'NONE',  ( -3.249999999999968026, 0.2000000000000000111, 4.800000000000000711 ) ) ;
#5064 = CARTESIAN_POINT ( 'NONE',  ( 6.000000000000000000, 2.350000000000000089, -4.500000000000000888 ) ) ;
#5065 = MANIFOLD_SOLID_BREP ( 'LPattern1[2]', #2153 ) ;
#5066 = CARTESIAN_POINT ( 'NONE',  ( 3.604999999999999094, 0.3499999999999998668, -5.000000000000001776 ) ) ;
#5067 = AXIS2_PLACEMENT_3D ( 'NONE', #2585, #5795, #8995 ) ;
#5068 = ORIENTED_EDGE ( 'NONE', *, *, #3623, .T. ) ;
#5069 = CARTESIAN_POINT ( 'NONE',  ( 6.000000000000000000, 5.700000000000000178, -3.200000000000000178 ) ) ;
#5070 = ORIENTED_EDGE ( 'NONE', *, *, #9428, .F. ) ;
#5071 = ORIENTED_EDGE ( 'NONE', *, *, #4879, .F. ) ;
#5072 = ORIENTED_EDGE ( 'NONE', *, *, #7323, .T. ) ;
#5073 = EDGE_CURVE ( 'NONE', #6901, #3668, #9854, .T. ) ;
#5074 = LINE ( 'NONE', #1001, #7532 ) ;
#5075 = EDGE_CURVE ( 'NONE', #7376, #5955, #4624, .T. ) ;
#5076 = DIRECTION ( 'NONE',  ( -0.000000000000000000, 0.000000000000000000, -1.000000000000000000 ) ) ;
#5077 = DIRECTION ( 'NONE',  ( 0.000000000000000000, 0.000000000000000000, 1.000000000000000000 ) ) ;
#5078 = ORIENTED_EDGE ( 'NONE', *, *, #7030, .T. ) ;
#5079 = DIRECTION ( 'NONE',  ( -1.000000000000000000, 0.000000000000000000, 1.084202172485504237E-15 ) ) ;
#5080 = CARTESIAN_POINT ( 'NONE',  ( 2.100000000000000533, 3.699999999999998845, -3.049999999999999378 ) ) ;
#5081 = ORIENTED_EDGE ( 'NONE', *, *, #4696, .T. ) ;
#5082 = VERTEX_POINT ( 'NONE', #5313 ) ;
#5083 = ORIENTED_EDGE ( 'NONE', *, *, #2557, .F. ) ;
#5084 = ORIENTED_EDGE ( 'NONE', *, *, #7790, .F. ) ;
#5085 = DIRECTION ( 'NONE',  ( -1.000000000000000000, -0.000000000000000000, -0.000000000000000000 ) ) ;
#5086 = DIRECTION ( 'NONE',  ( 1.000000000000000000, 0.000000000000000000, 0.000000000000000000 ) ) ;
#5087 = LINE ( 'NONE', #5037, #6370 ) ;
#5088 = ADVANCED_FACE ( 'NONE', ( #1334 ), #3029, .F. ) ;
#5089 = CARTESIAN_POINT ( 'NONE',  ( 2.850000000000000089, 5.699999999999999289, 2.250000000000000000 ) ) ;
#5090 = ORIENTED_EDGE ( 'NONE', *, *, #2237, .T. ) ;
#5091 = PLANE ( 'NONE',  #1481 ) ;
#5092 = CARTESIAN_POINT ( 'NONE',  ( -6.000000000000000888, 4.050000000000000711, -3.000000000000000000 ) ) ;
#5093 =( BOUNDED_CURVE ( )  B_SPLINE_CURVE ( 3, ( #3408, #6611, #5830, #5049 ),
 .UNSPECIFIED., .F., .T. ) 
 B_SPLINE_CURVE_WITH_KNOTS ( ( 4, 4 ),
 ( 0.000000000000000000, 1.570796326794896558 ),
 .UNSPECIFIED. ) 
 CURVE ( )  GEOMETRIC_REPRESENTATION_ITEM ( )  RATIONAL_B_SPLINE_CURVE ( ( 1.000000000000000000, 0.8047378541243649375, 0.8047378541243649375, 1.000000000000000000 ) ) 
 REPRESENTATION_ITEM ( '' )  );
#5094 = VERTEX_POINT ( 'NONE', #2884 ) ;
#5095 = AXIS2_PLACEMENT_3D ( 'NONE', #8910, #8966, #2763 ) ;
#5096 = ORIENTED_EDGE ( 'NONE', *, *, #9966, .T. ) ;
#5097 = PLANE ( 'NONE',  #6547 ) ;
#5098 = CIRCLE ( 'NONE', #4250, 0.09999999999999961697 ) ;
#5099 = CARTESIAN_POINT ( 'NONE',  ( -5.140244362310141923, -0.2148764106919637540, -1.413278420875478503 ) ) ;
#5100 = CARTESIAN_POINT ( 'NONE',  ( 2.750000000000031974, 0.2000000000000000111, 2.400000000000000355 ) ) ;
#5101 = EDGE_CURVE ( 'NONE', #9932, #1650, #6035, .T. ) ;
#5102 = CARTESIAN_POINT ( 'NONE',  ( 6.000000000000000000, 1.300000000000000266, 3.699999999999999734 ) ) ;
#5103 = CARTESIAN_POINT ( 'NONE',  ( -2.749999999999967581, 0.6000000000000000888, 4.999999999999958256 ) ) ;
#5104 = EDGE_LOOP ( 'NONE', ( #9477, #9547, #4099, #5850 ) ) ;
#5105 = DIRECTION ( 'NONE',  ( 1.000000000000000000, -0.000000000000000000, -0.000000000000000000 ) ) ;
#5106 = ORIENTED_EDGE ( 'NONE', *, *, #5174, .T. ) ;
#5107 = CARTESIAN_POINT ( 'NONE',  ( -5.007179676972450366, -2.972161292830653933E-16, 0.9134769367380000116 ) ) ;
#5108 = VECTOR ( 'NONE', #6525, 1000.000000000000000 ) ;
#5109 = CARTESIAN_POINT ( 'NONE',  ( 1.250000000000001110, 2.149999999999999467, -1.999999999999997335 ) ) ;
#5110 = CARTESIAN_POINT ( 'NONE',  ( -3.200000000000000622, 3.700000000000000178, 0.7999999999999994893 ) ) ;
#5111 = CARTESIAN_POINT ( 'NONE',  ( -4.000000000000000000, 0.000000000000000000, 0.000000000000000000 ) ) ;
#5112 = ADVANCED_FACE ( 'NONE', ( #2980 ), #2261, .T. ) ;
#5113 = AXIS2_PLACEMENT_3D ( 'NONE', #9787, #9635, #348 ) ;
#5114 = LINE ( 'NONE', #7551, #8751 ) ;
#5115 = CARTESIAN_POINT ( 'NONE',  ( -1.249999999999968248, 0.6000000000000000888, 2.399999999999972378 ) ) ;
#5116 = CARTESIAN_POINT ( 'NONE',  ( -5.200000000000001066, 5.500000000000000888, 3.725000000000000533 ) ) ;
#5117 = EDGE_LOOP ( 'NONE', ( #2235, #6642, #7476, #685 ) ) ;
#5118 = PLANE ( 'NONE',  #6366 ) ;
#5119 = ORIENTED_EDGE ( 'NONE', *, *, #10249, .T. ) ;
#5120 = EDGE_CURVE ( 'NONE', #9122, #7569, #7699, .T. ) ;
#5121 = DIRECTION ( 'NONE',  ( -1.000000000000000000, 0.000000000000000000, 0.000000000000000000 ) ) ;
#5122 = VECTOR ( 'NONE', #9865, 1000.000000000000114 ) ;
#5123 = EDGE_LOOP ( 'NONE', ( #5835, #8815, #8489, #8211, #3225 ) ) ;
#5124 = SURFACE_STYLE_USAGE ( .BOTH. , #4276 ) ;
#5125 = CARTESIAN_POINT ( 'NONE',  ( -6.000000000000000000, 3.150000000000000799, -3.200000000000000178 ) ) ;
#5126 = MECHANICAL_DESIGN_GEOMETRIC_PRESENTATION_REPRESENTATION (  '', ( #1121 ), #2768 ) ;
#5127 = DIRECTION ( 'NONE',  ( -0.000000000000000000, -1.000000000000000000, -0.000000000000000000 ) ) ;
#5128 = ORIENTED_EDGE ( 'NONE', *, *, #3845, .F. ) ;
#5129 = CARTESIAN_POINT ( 'NONE',  ( 5.400000000000001243, 5.700000000000000178, -3.200000000000000178 ) ) ;
#5130 = ADVANCED_FACE ( 'NONE', ( #6188 ), #3831, .F. ) ;
#5131 = CARTESIAN_POINT ( 'NONE',  ( -0.6250000000000000000, 5.000000000000000000, -0.9499999999999998446 ) ) ;
#5132 = EDGE_LOOP ( 'NONE', ( #1488, #599, #10254, #6285, #1886, #2193, #1109 ) ) ;
#5133 = EDGE_CURVE ( 'NONE', #2821, #5561, #5416, .T. ) ;
#5134 = ORIENTED_EDGE ( 'NONE', *, *, #3543, .T. ) ;
#5135 = ORIENTED_EDGE ( 'NONE', *, *, #6529, .F. ) ;
#5136 = ORIENTED_EDGE ( 'NONE', *, *, #7984, .F. ) ;
#5137 = CARTESIAN_POINT ( 'NONE',  ( 2.100000000000000089, 4.400000000000000355, 0.7999999999999994893 ) ) ;
#5138 = FACE_OUTER_BOUND ( 'NONE', #3459, .T. ) ;
#5139 = LINE ( 'NONE', #1165, #8690 ) ;
#5140 = DIRECTION ( 'NONE',  ( 0.000000000000000000, 0.7071067811865495711, 0.7071067811865455743 ) ) ;
#5141 = ORIENTED_EDGE ( 'NONE', *, *, #8039, .F. ) ;
#5142 = CARTESIAN_POINT ( 'NONE',  ( 5.305000000000000604, 1.799999999999999600, 1.099999999999999867 ) ) ;
#5143 = CARTESIAN_POINT ( 'NONE',  ( -3.185323107660495534, 0.9000000000000005773, -4.100000000000004086 ) ) ;
#5144 = VECTOR ( 'NONE', #6372, 1000.000000000000000 ) ;
#5145 = ORIENTED_EDGE ( 'NONE', *, *, #6317, .T. ) ;
#5146 = EDGE_CURVE ( 'NONE', #6070, #1069, #9909, .T. ) ;
#5147 = AXIS2_PLACEMENT_3D ( 'NONE', #6098, #4632, #5324 ) ;
#5148 = VECTOR ( 'NONE', #9349, 1000.000000000000000 ) ;
#5149 = EDGE_LOOP ( 'NONE', ( #5243, #4083, #6185, #6328 ) ) ;
#5150 = LINE ( 'NONE', #2830, #7540 ) ;
#5151 = VECTOR ( 'NONE', #4757, 1000.000000000000000 ) ;
#5152 = CARTESIAN_POINT ( 'NONE',  ( 6.000000000000000000, 5.699999999999999289, 2.250000000000000000 ) ) ;
#5153 = LINE ( 'NONE', #9801, #6556 ) ;
#5154 = SURFACE_SIDE_STYLE ('',( #9076 ) ) ;
#5155 = CARTESIAN_POINT ( 'NONE',  ( -5.200000000000001066, 5.500000000000001776, -1.499999999999998224 ) ) ;
#5156 =( GEOMETRIC_REPRESENTATION_CONTEXT ( 3 ) GLOBAL_UNCERTAINTY_ASSIGNED_CONTEXT ( ( #8040 ) ) GLOBAL_UNIT_ASSIGNED_CONTEXT ( ( #4047, #4836, #9589 ) ) REPRESENTATION_CONTEXT ( 'NONE', 'WORKASPACE' ) );
#5157 = EDGE_LOOP ( 'NONE', ( #9431, #852, #8568, #4752 ) ) ;
#5158 = FACE_OUTER_BOUND ( 'NONE', #5301, .T. ) ;
#5159 = VECTOR ( 'NONE', #7868, 1000.000000000000000 ) ;
#5160 = DIRECTION ( 'NONE',  ( -1.000000000000000000, 0.000000000000000000, 0.000000000000000000 ) ) ;
#5161 = CARTESIAN_POINT ( 'NONE',  ( -1.000000000000000000, 4.400000000000000355, -3.049999999999999378 ) ) ;
#5162 = LINE ( 'NONE', #8266, #8347 ) ;
#5163 = CARTESIAN_POINT ( 'NONE',  ( -6.000000000000000000, 5.699999999999999289, 0.1000000000000002554 ) ) ;
#5164 = VECTOR ( 'NONE', #8865, 1000.000000000000000 ) ;
#5166 = AXIS2_PLACEMENT_3D ( 'NONE', #5575, #8729, #1598 ) ;
#5165 = PLANE ( 'NONE',  #1792 ) ;
#5167 = FACE_OUTER_BOUND ( 'NONE', #9668, .T. ) ;
#5168 = DIRECTION ( 'NONE',  ( -1.000000000000000000, -0.000000000000000000, -0.000000000000000000 ) ) ;
#5169 = CARTESIAN_POINT ( 'NONE',  ( 5.055000000000000604, -3.007001466925484586E-18, -5.000000000000000000 ) ) ;
#5170 = ORIENTED_EDGE ( 'NONE', *, *, #8617, .T. ) ;
#5171 = LINE ( 'NONE', #6629, #557 ) ;
#5172 = ORIENTED_EDGE ( 'NONE', *, *, #5101, .F. ) ;
#5173 = ORIENTED_EDGE ( 'NONE', *, *, #9201, .T. ) ;
#5174 = EDGE_CURVE ( 'NONE', #2348, #4118, #8619, .T. ) ;
#5175 = ADVANCED_FACE ( 'NONE', ( #6235 ), #3677, .F. ) ;
#5176 = VECTOR ( 'NONE', #9525, 1000.000000000000000 ) ;
#5177 = VERTEX_POINT ( 'NONE', #8567 ) ;
#5178 = FILL_AREA_STYLE_COLOUR ( '', #2197 ) ;
#5179 = AXIS2_PLACEMENT_3D ( 'NONE', #7169, #770, #7111 ) ;
#5180 = CARTESIAN_POINT ( 'NONE',  ( 6.000000000000000000, 5.700000000000000178, 0.1000000000000002554 ) ) ;
#5181 = VECTOR ( 'NONE', #120, 1000.000000000000000 ) ;
#5182 = DIRECTION ( 'NONE',  ( -1.000000000000000000, 0.000000000000000000, 0.000000000000000000 ) ) ;
#5183 = ORIENTED_EDGE ( 'NONE', *, *, #3938, .F. ) ;
#5184 = CARTESIAN_POINT ( 'NONE',  ( 2.400000000000000355, 4.850000000000000533, 3.900000000000000355 ) ) ;
#5185 = AXIS2_PLACEMENT_3D ( 'NONE', #3667, #3611, #9172 ) ;
#5186 = CARTESIAN_POINT ( 'NONE',  ( 5.305000000000000604, 4.050000000000000711, -3.000000000000000000 ) ) ;
#5187 = VERTEX_POINT ( 'NONE', #9281 ) ;
#5188 = VERTEX_POINT ( 'NONE', #4418 ) ;
#5189 = VECTOR ( 'NONE', #9185, 1000.000000000000114 ) ;
#5190 = EDGE_LOOP ( 'NONE', ( #428, #9523, #1748, #851 ) ) ;
#5191 = ORIENTED_EDGE ( 'NONE', *, *, #3565, .T. ) ;
#5192 = CARTESIAN_POINT ( 'NONE',  ( 3.049999999999998046, 4.950000000000002842, -3.200000000000000178 ) ) ;
#5193 = EDGE_CURVE ( 'NONE', #5930, #9196, #8516, .T. ) ;
#5194 = DIRECTION ( 'NONE',  ( 1.000000000000000000, 0.000000000000000000, 0.000000000000000000 ) ) ;
#5195 = EDGE_CURVE ( 'NONE', #6171, #7120, #3779, .T. ) ;
#5196 = PLANE ( 'NONE',  #7571 ) ;
#5197 = ORIENTED_EDGE ( 'NONE', *, *, #9439, .T. ) ;
#5198 = CARTESIAN_POINT ( 'NONE',  ( -5.200000000000001066, 5.465000000000001634, 0.7499999999999993339 ) ) ;
#5199 = CARTESIAN_POINT ( 'NONE',  ( -5.799999999999999822, 2.400000000000000355, 1.999999999999999556 ) ) ;
#5200 = ORIENTED_EDGE ( 'NONE', *, *, #1717, .T. ) ;
#5201 = VERTEX_POINT ( 'NONE', #460 ) ;
#5202 = FACE_OUTER_BOUND ( 'NONE', #9629, .T. ) ;
#5203 = EDGE_CURVE ( 'NONE', #3604, #10103, #3619, .T. ) ;
#5204 = DIRECTION ( 'NONE',  ( 0.000000000000000000, 0.9063077870366496036, 0.4226182617406999964 ) ) ;
#5205 = CARTESIAN_POINT ( 'NONE',  ( 2.750000000000031974, -0.7241379310344807640, 4.710344827586208538 ) ) ;
#5206 = ADVANCED_FACE ( 'NONE', ( #2309 ), #7159, .F. ) ;
#5207 = FILL_AREA_STYLE ('',( #2722 ) ) ;
#5208 = CARTESIAN_POINT ( 'NONE',  ( -4.200000000000000178, 0.9000000000000004663, 0.7999999999999994893 ) ) ;
#5209 = CARTESIAN_POINT ( 'NONE',  ( 1.250000000000032419, 0.000000000000000000, 2.900000000000001688 ) ) ;
#5210 = ORIENTED_EDGE ( 'NONE', *, *, #887, .T. ) ;
#5211 = VECTOR ( 'NONE', #2133, 1000.000000000000000 ) ;
#5212 = LINE ( 'NONE', #8571, #5686 ) ;
#5213 = CARTESIAN_POINT ( 'NONE',  ( -5.198393410906563261, 0.002138793081672327699, 0.9144742723311927168 ) ) ;
#5214 = DIRECTION ( 'NONE',  ( -1.674798631536339714E-15, 1.000000000000000000, 0.000000000000000000 ) ) ;
#5215 = STYLED_ITEM ( 'NONE', ( #1149 ), #8407 ) ;
#5216 = LINE ( 'NONE', #679, #1476 ) ;
#5217 = DIRECTION ( 'NONE',  ( 1.000000000000000000, 0.000000000000000000, -0.000000000000000000 ) ) ;
#5218 = VECTOR ( 'NONE', #3991, 1000.000000000000000 ) ;
#5219 = PLANE ( 'NONE',  #8777 ) ;
#5220 = PLANE ( 'NONE',  #8588 ) ;
#5221 = CARTESIAN_POINT ( 'NONE',  ( -3.764267567286924354, 0.3041773469432282884, -5.000000000000000888 ) ) ;
#5222 = ADVANCED_FACE ( 'NONE', ( #8814 ), #7889, .F. ) ;
#5223 = DIRECTION ( 'NONE',  ( -1.000000000000000000, -0.000000000000000000, -0.000000000000000000 ) ) ;
#5224 = ORIENTED_EDGE ( 'NONE', *, *, #3104, .F. ) ;
#5225 = CARTESIAN_POINT ( 'NONE',  ( -4.350000000000001421, 2.749999999999999112, -3.200000000000000178 ) ) ;
#5226 = ORIENTED_EDGE ( 'NONE', *, *, #10180, .T. ) ;
#5227 = VECTOR ( 'NONE', #6795, 1000.000000000000000 ) ;
#5228 = VECTOR ( 'NONE', #4777, 1000.000000000000000 ) ;
#5229 = CIRCLE ( 'NONE', #2046, 0.09999999999999982514 ) ;
#5230 = ORIENTED_EDGE ( 'NONE', *, *, #412, .F. ) ;
#5231 = DIRECTION ( 'NONE',  ( 0.000000000000000000, 0.000000000000000000, -1.000000000000000000 ) ) ;
#5232 = EDGE_CURVE ( 'NONE', #5458, #7154, #1485, .T. ) ;
#5233 = DIRECTION ( 'NONE',  ( 0.000000000000000000, -1.000000000000000000, 0.000000000000000000 ) ) ;
#5234 = VECTOR ( 'NONE', #3345, 1000.000000000000000 ) ;
#5235 = EDGE_CURVE ( 'NONE', #8383, #1618, #5565, .T. ) ;
#5236 = DIRECTION ( 'NONE',  ( 0.000000000000000000, -0.000000000000000000, 1.000000000000000000 ) ) ;
#5237 = EDGE_LOOP ( 'NONE', ( #1584, #4023, #4114, #8471 ) ) ;
#5238 = DIRECTION ( 'NONE',  ( -1.000000000000000000, -0.000000000000000000, -0.000000000000000000 ) ) ;
#5239 = EDGE_LOOP ( 'NONE', ( #6178, #3643, #121, #2458, #9638, #4643, #9570, #213, #5024, #5946, #2262, #6453, #4776, #4973, #6405, #890, #7216, #7094, #2742, #8970 ) ) ;
#5240 = DIRECTION ( 'NONE',  ( 1.000000000000000000, -0.000000000000000000, -0.000000000000000000 ) ) ;
#5241 = VERTEX_POINT ( 'NONE', #3138 ) ;
#5242 = ADVANCED_FACE ( 'NONE', ( #761 ), #6494, .T. ) ;
#5243 = ORIENTED_EDGE ( 'NONE', *, *, #1458, .F. ) ;
#5244 = VERTEX_POINT ( 'NONE', #8044 ) ;
#5245 = EDGE_CURVE ( 'NONE', #5082, #3163, #9637, .T. ) ;
#5246 = FACE_OUTER_BOUND ( 'NONE', #3334, .T. ) ;
#5247 = DIRECTION ( 'NONE',  ( 1.000000000000000000, -0.000000000000000000, -0.000000000000000000 ) ) ;
#5248 = CARTESIAN_POINT ( 'NONE',  ( -2.000000000000000000, 0.6000000000000000888, 0.000000000000000000 ) ) ;
#5249 = ADVANCED_FACE ( 'NONE', ( #8716 ), #1536, .F. ) ;
#5250 = DIRECTION ( 'NONE',  ( 0.000000000000000000, 1.000000000000000000, 0.000000000000000000 ) ) ;
#5251 = ORIENTED_EDGE ( 'NONE', *, *, #3004, .T. ) ;
#5252 = CARTESIAN_POINT ( 'NONE',  ( 5.200000000000001066, 5.500000000000001776, 1.974999999999999423 ) ) ;
#5253 = CARTESIAN_POINT ( 'NONE',  ( -3.333333333333346804, 3.633333333333328863, 0.1666666666666552499 ) ) ;
#5254 = ORIENTED_EDGE ( 'NONE', *, *, #6714, .F. ) ;
#5255 = EDGE_LOOP ( 'NONE', ( #8100, #4504, #1194, #2901, #9032, #7593 ) ) ;
#5256 = PLANE ( 'NONE',  #395 ) ;
#5257 = CARTESIAN_POINT ( 'NONE',  ( -0.7499999999999988898, 2.649999999999999911, 0.7999999999999994893 ) ) ;
#5258 = CARTESIAN_POINT ( 'NONE',  ( 6.000000000000000888, 3.849999999999992095, -3.200000000000000178 ) ) ;
#5259 = VECTOR ( 'NONE', #10198, 1000.000000000000000 ) ;
#5260 = DIRECTION ( 'NONE',  ( 0.000000000000000000, 0.000000000000000000, 1.000000000000000000 ) ) ;
#5261 = DIRECTION ( 'NONE',  ( -0.000000000000000000, 1.000000000000000000, -0.000000000000000000 ) ) ;
#5262 = FACE_OUTER_BOUND ( 'NONE', #1308, .T. ) ;
#5263 = ORIENTED_EDGE ( 'NONE', *, *, #4722, .F. ) ;
#5264 = PLANE ( 'NONE',  #2827 ) ;
#5265 = CYLINDRICAL_SURFACE ( 'NONE', #1048, 0.3500000000000000333 ) ;
#5266 = EDGE_CURVE ( 'NONE', #1976, #5545, #5717, .T. ) ;
#5267 = ADVANCED_FACE ( 'NONE', ( #10260 ), #6341, .F. ) ;
#5268 = AXIS2_PLACEMENT_3D ( 'NONE', #4393, #9879, #2033 ) ;
#5269 = CARTESIAN_POINT ( 'NONE',  ( 0.7500000000000318634, 0.6000000000000000888, 2.399999999999986144 ) ) ;
#5270 = CARTESIAN_POINT ( 'NONE',  ( 1.999999999999998224, 0.3499999999999996447, -4.100000000000005862 ) ) ;
#5271 = CARTESIAN_POINT ( 'NONE',  ( -6.000000000000000000, 2.750000000000000444, 1.800000000000000711 ) ) ;
#5272 = LINE ( 'NONE', #9292, #2785 ) ;
#5273 = CARTESIAN_POINT ( 'NONE',  ( -1.249999999999968248, 0.6000000000000000888, 2.399999999999972378 ) ) ;
#5274 = CARTESIAN_POINT ( 'NONE',  ( -3.827974591282615524, -5.421010862427522170E-17, -4.650000000000001243 ) ) ;
#5275 = VECTOR ( 'NONE', #3855, 1000.000000000000000 ) ;
#5276 = CARTESIAN_POINT ( 'NONE',  ( 4.800000000000000711, 5.500000000000001776, 1.282157287525380163 ) ) ;
#5277 = ORIENTED_EDGE ( 'NONE', *, *, #3565, .F. ) ;
#5278 = CARTESIAN_POINT ( 'NONE',  ( 6.000000000000000888, 4.050000000000000711, -3.200000000000000178 ) ) ;
#5279 = VERTEX_POINT ( 'NONE', #143 ) ;
#5280 = EDGE_CURVE ( 'NONE', #3852, #3551, #809, .T. ) ;
#5281 = ORIENTED_EDGE ( 'NONE', *, *, #3059, .T. ) ;
#5282 = AXIS2_PLACEMENT_3D ( 'NONE', #8963, #3606, #3713 ) ;
#5283 = EDGE_CURVE ( 'NONE', #3540, #3589, #3983, .T. ) ;
#5284 = LINE ( 'NONE', #3748, #6696 ) ;
#5285 = PRODUCT_DEFINITION_CONTEXT ( 'detailed design', #4359, 'design' ) ;
#5286 =( NAMED_UNIT ( * ) PLANE_ANGLE_UNIT ( ) SI_UNIT ( $, .RADIAN. ) );
#5287 = PLANE ( 'NONE',  #4424 ) ;
#5288 = ORIENTED_EDGE ( 'NONE', *, *, #6461, .T. ) ;
#5289 = LINE ( 'NONE', #10137, #4158 ) ;
#5290 = CARTESIAN_POINT ( 'NONE',  ( -5.200000000000001066, 5.500000000000001776, 1.282157287525380163 ) ) ;
#5291 = ORIENTED_EDGE ( 'NONE', *, *, #7545, .T. ) ;
#5292 = CARTESIAN_POINT ( 'NONE',  ( 6.000000000000000888, 4.050000000000000711, -3.000000000000000000 ) ) ;
#5293 = ORIENTED_EDGE ( 'NONE', *, *, #6715, .T. ) ;
#5294 = ORIENTED_EDGE ( 'NONE', *, *, #3815, .T. ) ;
#5295 = ORIENTED_EDGE ( 'NONE', *, *, #3428, .T. ) ;
#5296 = AXIS2_PLACEMENT_3D ( 'NONE', #5426, #9192, #6296 ) ;
#5297 = PLANE ( 'NONE',  #8454 ) ;
#5298 = CARTESIAN_POINT ( 'NONE',  ( -5.200000000000001066, 5.425000000000000711, 3.075000000000000622 ) ) ;
#5299 = DIRECTION ( 'NONE',  ( -1.000000000000000000, -0.000000000000000000, -0.000000000000000000 ) ) ;
#5300 = CARTESIAN_POINT ( 'NONE',  ( 6.000000000000000000, 1.300000000000000266, 3.899999999999999911 ) ) ;
#5301 = EDGE_LOOP ( 'NONE', ( #3396, #5876, #1251, #7626 ) ) ;
#5302 = DIRECTION ( 'NONE',  ( 0.000000000000000000, 0.000000000000000000, -1.000000000000000000 ) ) ;
#5303 = CARTESIAN_POINT ( 'NONE',  ( 3.569840214680614299, 0.3499999999999999778, -4.096429042955581856 ) ) ;
#5304 = ORIENTED_EDGE ( 'NONE', *, *, #5629, .F. ) ;
#5305 = EDGE_LOOP ( 'NONE', ( #1869, #4826, #8956, #2497 ) ) ;
#5306 = EDGE_CURVE ( 'NONE', #549, #5332, #8763, .T. ) ;
#5307 = ADVANCED_FACE ( 'NONE', ( #7991 ), #4033, .T. ) ;
#5308 = EDGE_LOOP ( 'NONE', ( #1130, #4698, #4269, #5759 ) ) ;
#5309 = PLANE ( 'NONE',  #235 ) ;
#5310 = CARTESIAN_POINT ( 'NONE',  ( 4.800000000000000711, 5.500000000000001776, 0.5321572875253787194 ) ) ;
#5311 = PLANE ( 'NONE',  #448 ) ;
#5312 = EDGE_CURVE ( 'NONE', #4498, #5082, #4190, .T. ) ;
#5313 = CARTESIAN_POINT ( 'NONE',  ( -1.140808929720138698, 2.259191070279860103, -2.300000000000000266 ) ) ;
#5314 = VERTEX_POINT ( 'NONE', #3340 ) ;
#5315 = VECTOR ( 'NONE', #2210, 1000.000000000000000 ) ;
#5316 = DIRECTION ( 'NONE',  ( 1.000000000000000000, 0.000000000000000000, 0.000000000000000000 ) ) ;
#5317 = ORIENTED_EDGE ( 'NONE', *, *, #8338, .T. ) ;
#5318 = CARTESIAN_POINT ( 'NONE',  ( -1.249999999999968248, 0.6000000000000000888, 2.399999999999972378 ) ) ;
#5319 = VECTOR ( 'NONE', #8908, 1000.000000000000000 ) ;
#5320 = CARTESIAN_POINT ( 'NONE',  ( -3.249999999999968026, 0.000000000000000000, 2.900000000000001688 ) ) ;
#5321 = VECTOR ( 'NONE', #6268, 1000.000000000000000 ) ;
#5322 = LINE ( 'NONE', #9964, #10165 ) ;
#5323 = DIRECTION ( 'NONE',  ( 1.239088197126292050E-15, 0.000000000000000000, -1.000000000000000000 ) ) ;
#5324 = DIRECTION ( 'NONE',  ( 0.000000000000000000, 0.000000000000000000, 1.000000000000000000 ) ) ;
#5325 = EDGE_CURVE ( 'NONE', #8021, #1329, #1842, .T. ) ;
#5326 = CARTESIAN_POINT ( 'NONE',  ( -5.200000000000001066, 5.500000000000001776, 1.974999999999999423 ) ) ;
#5327 = DIRECTION ( 'NONE',  ( 0.000000000000000000, 0.000000000000000000, -1.000000000000000000 ) ) ;
#5328 = ADVANCED_FACE ( 'NONE', ( #5768 ), #7316, .T. ) ;
#5329 = CARTESIAN_POINT ( 'NONE',  ( -0.7499999999999988898, 2.649999999999999911, -2.300000000000000266 ) ) ;
#5330 = AXIS2_PLACEMENT_3D ( 'NONE', #4773, #1585, #6343 ) ;
#5331 = PLANE ( 'NONE',  #6332 ) ;
#5332 = VERTEX_POINT ( 'NONE', #4293 ) ;
#5333 = FACE_OUTER_BOUND ( 'NONE', #5104, .T. ) ;
#5334 = ORIENTED_EDGE ( 'NONE', *, *, #2, .T. ) ;
#5335 = ORIENTED_EDGE ( 'NONE', *, *, #9407, .F. ) ;
#5336 = VECTOR ( 'NONE', #8297, 1000.000000000000000 ) ;
#5337 = FILL_AREA_STYLE ('',( #6108 ) ) ;
#5338 = EDGE_CURVE ( 'NONE', #5592, #8855, #1782, .T. ) ;
#5339 = FACE_OUTER_BOUND ( 'NONE', #8760, .T. ) ;
#5340 = EDGE_LOOP ( 'NONE', ( #3377, #3430, #6692, #3012 ) ) ;
#5341 = CARTESIAN_POINT ( 'NONE',  ( -4.004999999999999893, 5.700000000000000178, 3.700000000000000178 ) ) ;
#5342 = DIRECTION ( 'NONE',  ( -0.000000000000000000, 0.000000000000000000, 1.000000000000000000 ) ) ;
#5343 = COLOUR_RGB ( '',0.7921568627450980005, 0.8196078431372548767, 0.9333333333333333481 ) ;
#5344 = EDGE_LOOP ( 'NONE', ( #9208, #4186, #9785, #5135 ) ) ;
#5345 = CYLINDRICAL_SURFACE ( 'NONE', #2214, 0.4000000000000001887 ) ;
#5346 = VERTEX_POINT ( 'NONE', #5089 ) ;
#5347 = ORIENTED_EDGE ( 'NONE', *, *, #6619, .T. ) ;
#5348 = EDGE_LOOP ( 'NONE', ( #1297, #2877, #5485, #5183 ) ) ;
#5349 = VECTOR ( 'NONE', #785, 1000.000000000000000 ) ;
#5350 = DIRECTION ( 'NONE',  ( 0.000000000000000000, 1.000000000000000000, 0.000000000000000000 ) ) ;
#5351 = LINE ( 'NONE', #9459, #7092 ) ;
#5352 = VECTOR ( 'NONE', #5771, 1000.000000000000000 ) ;
#5353 = DIRECTION ( 'NONE',  ( -1.239088197126288302E-15, -1.000000000000000000, 0.000000000000000000 ) ) ;
#5354 = PLANE ( 'NONE',  #10204 ) ;
#5355 = ORIENTED_EDGE ( 'NONE', *, *, #7591, .F. ) ;
#5356 = LINE ( 'NONE', #6325, #7972 ) ;
#5357 = FACE_OUTER_BOUND ( 'NONE', #10024, .T. ) ;
#5358 = ORIENTED_EDGE ( 'NONE', *, *, #1613, .F. ) ;
#5359 = ORIENTED_EDGE ( 'NONE', *, *, #9796, .F. ) ;
#5360 = VECTOR ( 'NONE', #4691, 1000.000000000000000 ) ;
#5361 = ORIENTED_EDGE ( 'NONE', *, *, #6945, .T. ) ;
#5362 = CARTESIAN_POINT ( 'NONE',  ( 5.305000000000000604, 0.4000000000000000222, 1.099999999999999867 ) ) ;
#5363 = CARTESIAN_POINT ( 'NONE',  ( 1.250000000000032863, 0.2000000000000000111, 3.899999999999999911 ) ) ;
#5364 = DIRECTION ( 'NONE',  ( 0.000000000000000000, -0.7071067811865415775, 0.7071067811865535679 ) ) ;
#5365 = ORIENTED_EDGE ( 'NONE', *, *, #6756, .T. ) ;
#5366 = EDGE_CURVE ( 'NONE', #5856, #1246, #8145, .T. ) ;
#5367 = DIRECTION ( 'NONE',  ( -0.000000000000000000, 1.000000000000000000, -0.000000000000000000 ) ) ;
#5368 = EDGE_CURVE ( 'NONE', #4655, #7100, #4242, .T. ) ;
#5369 = ORIENTED_EDGE ( 'NONE', *, *, #8894, .T. ) ;
#5370 = CARTESIAN_POINT ( 'NONE',  ( 6.000000000000000000, 5.500000000000000000, 3.700000000000000178 ) ) ;
#5371 = DIRECTION ( 'NONE',  ( 1.000000000000000000, 0.000000000000000000, -0.000000000000000000 ) ) ;
#5372 = DIRECTION ( 'NONE',  ( 0.000000000000000000, -1.000000000000000000, 0.000000000000000000 ) ) ;
#5373 = DIRECTION ( 'NONE',  ( -0.000000000000000000, 0.000000000000000000, 1.000000000000000000 ) ) ;
#5374 = MECHANICAL_DESIGN_GEOMETRIC_PRESENTATION_REPRESENTATION (  '', ( #8011 ), #6040 ) ;
#5375 = CARTESIAN_POINT ( 'NONE',  ( -3.249999999999968026, 0.000000000000000000, 5.000000000000000000 ) ) ;
#5376 = CYLINDRICAL_SURFACE ( 'NONE', #4115, 0.3499999999999999778 ) ;
#5377 = EDGE_CURVE ( 'NONE', #4968, #8717, #399, .T. ) ;
#5378 = FACE_OUTER_BOUND ( 'NONE', #5308, .T. ) ;
#5379 = ADVANCED_FACE ( 'NONE', ( #197 ), #7472, .F. ) ;
#5380 = ORIENTED_EDGE ( 'NONE', *, *, #112, .F. ) ;
#5381 = CARTESIAN_POINT ( 'NONE',  ( 3.140808929720140252, 0.000000000000000000, -2.300000000000000266 ) ) ;
#5382 = ORIENTED_EDGE ( 'NONE', *, *, #6196, .T. ) ;
#5383 = EDGE_CURVE ( 'NONE', #194, #1203, #9736, .T. ) ;
#5384 = STYLED_ITEM ( 'NONE', ( #6582 ), #8438 ) ;
#5385 = AXIS2_PLACEMENT_3D ( 'NONE', #4540, #4694, #2227 ) ;
#5386 = ORIENTED_EDGE ( 'NONE', *, *, #5891, .F. ) ;
#5387 = CARTESIAN_POINT ( 'NONE',  ( -2.859191070279859748, 2.259191070279860103, -2.300000000000000266 ) ) ;
#5388 = PRESENTATION_STYLE_ASSIGNMENT (( #1405 ) ) ;
#5389 = CARTESIAN_POINT ( 'NONE',  ( 6.000000000000000000, 5.700000000000000178, 3.000000000000002665 ) ) ;
#5390 = ORIENTED_EDGE ( 'NONE', *, *, #6529, .T. ) ;
#5391 = PLANE ( 'NONE',  #3834 ) ;
#5392 = VECTOR ( 'NONE', #4252, 1000.000000000000000 ) ;
#5393 = LINE ( 'NONE', #3599, #8931 ) ;
#5394 = VERTEX_POINT ( 'NONE', #2604 ) ;
#5395 = PLANE ( 'NONE',  #8535 ) ;
#5396 = ORIENTED_EDGE ( 'NONE', *, *, #8930, .T. ) ;
#5397 = ADVANCED_FACE ( 'NONE', ( #6750 ), #2553, .F. ) ;
#5398 = EDGE_CURVE ( 'NONE', #6538, #4285, #9842, .T. ) ;
#5399 = EDGE_LOOP ( 'NONE', ( #3848, #9958, #1379, #6826 ) ) ;
#5400 = EDGE_CURVE ( 'NONE', #7337, #5606, #296, .T. ) ;
#5401 = ORIENTED_EDGE ( 'NONE', *, *, #3324, .F. ) ;
#5402 = AXIS2_PLACEMENT_3D ( 'NONE', #1541, #6347, #1640 ) ;
#5403 = CARTESIAN_POINT ( 'NONE',  ( 5.305000000000000604, 0.3999999999999996336, 1.399999999999999689 ) ) ;
#5404 = DIRECTION ( 'NONE',  ( -4.818676322157796389E-16, 0.000000000000000000, -1.000000000000000000 ) ) ;
#5405 = SURFACE_STYLE_FILL_AREA ( #2969 ) ;
#5406 = ORIENTED_EDGE ( 'NONE', *, *, #1837, .F. ) ;
#5407 = LINE ( 'NONE', #8556, #6488 ) ;
#5408 = LINE ( 'NONE', #1325, #2169 ) ;
#5409 = ORIENTED_EDGE ( 'NONE', *, *, #2527, .F. ) ;
#5410 = ORIENTED_EDGE ( 'NONE', *, *, #2676, .F. ) ;
#5411 = AXIS2_PLACEMENT_3D ( 'NONE', #7187, #7920, #4908 ) ;
#5412 = ORIENTED_EDGE ( 'NONE', *, *, #6122, .F. ) ;
#5413 = ADVANCED_FACE ( 'NONE', ( #5038 ), #3449, .F. ) ;
#5414 = DIRECTION ( 'NONE',  ( -1.000000000000000000, -0.000000000000000000, -0.000000000000000000 ) ) ;
#5415 = DIRECTION ( 'NONE',  ( 1.000000000000000000, -0.000000000000000000, -0.000000000000000000 ) ) ;
#5416 = LINE ( 'NONE', #9390, #4462 ) ;
#5417 = ORIENTED_EDGE ( 'NONE', *, *, #7423, .F. ) ;
#5418 = CARTESIAN_POINT ( 'NONE',  ( 5.400000000000002132, 5.700000000000000178, -1.899999999999999023 ) ) ;
#5419 = VERTEX_POINT ( 'NONE', #1735 ) ;
#5420 = DIRECTION ( 'NONE',  ( 0.000000000000000000, 2.759533940951752967E-15, 1.000000000000000000 ) ) ;
#5421 = DIRECTION ( 'NONE',  ( 1.000000000000000000, -0.000000000000000000, -0.000000000000000000 ) ) ;
#5422 = EDGE_CURVE ( 'NONE', #4601, #9775, #4930, .T. ) ;
#5423 = DIRECTION ( 'NONE',  ( 2.224004456380521903E-16, 1.000000000000000000, 0.000000000000000000 ) ) ;
#5424 = DIRECTION ( 'NONE',  ( 0.000000000000000000, -1.224646799147353454E-16, 1.000000000000000000 ) ) ;
#5425 = DIRECTION ( 'NONE',  ( 0.000000000000000000, 0.000000000000000000, -1.000000000000000000 ) ) ;
#5426 = CARTESIAN_POINT ( 'NONE',  ( 2.250000000000003553, 2.749999999999999112, -3.200000000000000178 ) ) ;
#5427 = CARTESIAN_POINT ( 'NONE',  ( 4.800000000000000711, 5.465000000000001634, 0.7499999999999993339 ) ) ;
#5428 = VERTEX_POINT ( 'NONE', #6177 ) ;
#5429 = SURFACE_STYLE_USAGE ( .BOTH. , #3849 ) ;
#5430 = VECTOR ( 'NONE', #2234, 1000.000000000000000 ) ;
#5431 = ORIENTED_EDGE ( 'NONE', *, *, #6820, .F. ) ;
#5432 = EDGE_CURVE ( 'NONE', #3587, #5028, #9325, .T. ) ;
#5433 = VERTEX_POINT ( 'NONE', #4407 ) ;
#5434 = EDGE_CURVE ( 'NONE', #3752, #6650, #1322, .T. ) ;
#5435 = DIRECTION ( 'NONE',  ( -0.000000000000000000, -0.000000000000000000, -1.000000000000000000 ) ) ;
#5436 = AXIS2_PLACEMENT_3D ( 'NONE', #7753, #624, #7795 ) ;
#5437 = EDGE_CURVE ( 'NONE', #2325, #4146, #2202, .T. ) ;
#5438 = LINE ( 'NONE', #3054, #6922 ) ;
#5439 = ORIENTED_EDGE ( 'NONE', *, *, #2308, .T. ) ;
#5440 = DIRECTION ( 'NONE',  ( 0.9396926207859095381, 0.000000000000000000, -0.3420201433256658263 ) ) ;
#5441 = EDGE_CURVE ( 'NONE', #9834, #7986, #9871, .T. ) ;
#5442 = ORIENTED_EDGE ( 'NONE', *, *, #4744, .T. ) ;
#5443 = LINE ( 'NONE', #3057, #737 ) ;
#5444 = ORIENTED_EDGE ( 'NONE', *, *, #4205, .T. ) ;
#5445 = AXIS2_PLACEMENT_3D ( 'NONE', #5914, #7315, #8091 ) ;
#5446 = ORIENTED_EDGE ( 'NONE', *, *, #2975, .F. ) ;
#5447 = ORIENTED_EDGE ( 'NONE', *, *, #901, .T. ) ;
#5448 = DIRECTION ( 'NONE',  ( 0.000000000000000000, -1.000000000000000000, 0.000000000000000000 ) ) ;
#5449 = EDGE_CURVE ( 'NONE', #2406, #5804, #10146, .T. ) ;
#5450 = CARTESIAN_POINT ( 'NONE',  ( -6.000000000000000000, 1.300000000000000266, 3.699999999999999734 ) ) ;
#5451 = VECTOR ( 'NONE', #7857, 1000.000000000000000 ) ;
#5452 = CARTESIAN_POINT ( 'NONE',  ( -5.305000000000000604, 4.050000000000000711, -3.000000000000000000 ) ) ;
#5453 = ORIENTED_EDGE ( 'NONE', *, *, #4857, .F. ) ;
#5454 = CARTESIAN_POINT ( 'NONE',  ( 4.799999999999999822, 5.500000000000001776, 2.250000000000000000 ) ) ;
#5455 = ADVANCED_FACE ( 'NONE', ( #8456 ), #3819, .T. ) ;
#5456 = LINE ( 'NONE', #3720, #5013 ) ;
#5457 = EDGE_CURVE ( 'NONE', #3551, #4667, #915, .T. ) ;
#5458 = VERTEX_POINT ( 'NONE', #3664 ) ;
#5459 = ORIENTED_EDGE ( 'NONE', *, *, #9599, .F. ) ;
#5460 = VERTEX_POINT ( 'NONE', #2872 ) ;
#5461 = VECTOR ( 'NONE', #1548, 1000.000000000000000 ) ;
#5462 = ORIENTED_EDGE ( 'NONE', *, *, #1657, .F. ) ;
#5463 = DIRECTION ( 'NONE',  ( 1.000000000000000000, 0.000000000000000000, -0.000000000000000000 ) ) ;
#5464 = DIRECTION ( 'NONE',  ( -0.000000000000000000, -0.000000000000000000, 1.000000000000000000 ) ) ;
#5465 = DIRECTION ( 'NONE',  ( -0.000000000000000000, -1.000000000000000000, -0.000000000000000000 ) ) ;
#5466 = VERTEX_POINT ( 'NONE', #3767 ) ;
#5467 = EDGE_CURVE ( 'NONE', #5545, #2955, #7576, .T. ) ;
#5468 = CARTESIAN_POINT ( 'NONE',  ( 1.250000000000033307, 0.000000000000000000, 2.900000000000001688 ) ) ;
#5469 = EDGE_LOOP ( 'NONE', ( #10143, #7335, #341, #4451, #10261, #6606, #1553, #1673 ) ) ;
#5470 = AXIS2_PLACEMENT_3D ( 'NONE', #6136, #571, #2212 ) ;
#5471 = CARTESIAN_POINT ( 'NONE',  ( -2.400000000000000355, 4.850000000000000533, 3.900000000000000355 ) ) ;
#5472 = FACE_OUTER_BOUND ( 'NONE', #8084, .T. ) ;
#5473 = CARTESIAN_POINT ( 'NONE',  ( -3.049999999999998934, 2.750000000000001332, -3.200000000000000178 ) ) ;
#5474 = DIRECTION ( 'NONE',  ( 0.000000000000000000, -0.000000000000000000, -1.000000000000000000 ) ) ;
#5475 = CARTESIAN_POINT ( 'NONE',  ( -2.749999999999967581, 0.2000000000000000111, 4.999999999999958256 ) ) ;
#5476 = CARTESIAN_POINT ( 'NONE',  ( 3.502530833123324250, 0.3499999999999996447, -3.952083608390757341 ) ) ;
#5477 = FACE_OUTER_BOUND ( 'NONE', #9480, .T. ) ;
#5478 = AXIS2_PLACEMENT_3D ( 'NONE', #1523, #4512, #5404 ) ;
#5479 = ORIENTED_EDGE ( 'NONE', *, *, #8560, .T. ) ;
#5480 = CARTESIAN_POINT ( 'NONE',  ( -3.249999999999968026, -0.7241379310344807640, 4.710344827586208538 ) ) ;
#5481 = ORIENTED_EDGE ( 'NONE', *, *, #544, .T. ) ;
#5482 = AXIS2_PLACEMENT_3D ( 'NONE', #6723, #9140, #5217 ) ;
#5483 = AXIS2_PLACEMENT_3D ( 'NONE', #4708, #2198, #7878 ) ;
#5484 = FACE_OUTER_BOUND ( 'NONE', #4721, .T. ) ;
#5485 = ORIENTED_EDGE ( 'NONE', *, *, #5990, .T. ) ;
#5486 = CARTESIAN_POINT ( 'NONE',  ( 1.999999999999998224, 8.000000000000000000, -4.100000000000005862 ) ) ;
#5487 = VECTOR ( 'NONE', #1359, 1000.000000000000000 ) ;
#5488 = LINE ( 'NONE', #3210, #5978 ) ;
#5489 =( BOUNDED_CURVE ( )  B_SPLINE_CURVE ( 3, ( #5952, #9924, #331, #8232 ),
 .UNSPECIFIED., .F., .F. ) 
 B_SPLINE_CURVE_WITH_KNOTS ( ( 4, 4 ),
 ( 4.712388980384689674, 6.283185307179586232 ),
 .UNSPECIFIED. ) 
 CURVE ( )  GEOMETRIC_REPRESENTATION_ITEM ( )  RATIONAL_B_SPLINE_CURVE ( ( 1.000000000000000000, 0.8047378541243649375, 0.8047378541243649375, 1.000000000000000000 ) ) 
 REPRESENTATION_ITEM ( '' )  );
#5490 = DIRECTION ( 'NONE',  ( 0.000000000000000000, 0.7071067811865535679, 0.7071067811865415775 ) ) ;
#5491 = LINE ( 'NONE', #6113, #9797 ) ;
#5492 = ADVANCED_FACE ( 'NONE', ( #6946 ), #5196, .F. ) ;
#5493 = EDGE_CURVE ( 'NONE', #9834, #3573, #2921, .T. ) ;
#5494 = ORIENTED_EDGE ( 'NONE', *, *, #7789, .T. ) ;
#5495 = CARTESIAN_POINT ( 'NONE',  ( 0.7500000000000318634, 0.6000000000000000888, 2.399999999999986144 ) ) ;
#5496 = EDGE_LOOP ( 'NONE', ( #587, #8511, #1026, #4385 ) ) ;
#5497 = COLOUR_RGB ( '',0.7921568627450980005, 0.8196078431372548767, 0.9333333333333333481 ) ;
#5498 = EDGE_LOOP ( 'NONE', ( #6287, #7558, #2912, #3780 ) ) ;
#5499 = FACE_OUTER_BOUND ( 'NONE', #27, .T. ) ;
#5500 = CARTESIAN_POINT ( 'NONE',  ( 3.250000000000001332, 2.649999999999999911, -2.300000000000000266 ) ) ;
#5501 = CARTESIAN_POINT ( 'NONE',  ( 6.000000000000000000, 4.550000000000002487, -3.200000000000000178 ) ) ;
#5502 = CARTESIAN_POINT ( 'NONE',  ( 2.750000000000031974, 0.2000000000000000111, 5.000000000000000888 ) ) ;
#5503 = ORIENTED_EDGE ( 'NONE', *, *, #7512, .F. ) ;
#5504 = LINE ( 'NONE', #5454, #2152 ) ;
#5505 = DIRECTION ( 'NONE',  ( -1.000000000000000000, 0.000000000000000000, 0.000000000000000000 ) ) ;
#5506 = ORIENTED_EDGE ( 'NONE', *, *, #9866, .F. ) ;
#5507 = ORIENTED_EDGE ( 'NONE', *, *, #9309, .F. ) ;
#5508 = AXIS2_PLACEMENT_3D ( 'NONE', #7936, #6434, #3182 ) ;
#5509 = EDGE_CURVE ( 'NONE', #9484, #9632, #6126, .T. ) ;
#5510 = VECTOR ( 'NONE', #8789, 1000.000000000000000 ) ;
#5511 = ORIENTED_EDGE ( 'NONE', *, *, #4876, .T. ) ;
#5512 = AXIS2_PLACEMENT_3D ( 'NONE', #1071, #252, #6753 ) ;
#5513 = DIRECTION ( 'NONE',  ( 8.673617379884027583E-15, 0.000000000000000000, 1.000000000000000000 ) ) ;
#5514 = CARTESIAN_POINT ( 'NONE',  ( -5.304999999999998828, 4.629138561470611535, -1.699999999999999067 ) ) ;
#5515 = DIRECTION ( 'NONE',  ( 0.000000000000000000, 1.000000000000000000, 0.000000000000000000 ) ) ;
#5516 = VECTOR ( 'NONE', #5675, 1000.000000000000000 ) ;
#5517 = ORIENTED_EDGE ( 'NONE', *, *, #4764, .T. ) ;
#5518 = CARTESIAN_POINT ( 'NONE',  ( 6.000000000000000000, 4.700000000000000178, 0.1000000000000000472 ) ) ;
#5519 = VECTOR ( 'NONE', #8313, 1000.000000000000000 ) ;
#5520 = DIRECTION ( 'NONE',  ( 1.000000000000000000, -0.000000000000000000, -0.000000000000000000 ) ) ;
#5521 = VERTEX_POINT ( 'NONE', #2154 ) ;
#5522 = FACE_OUTER_BOUND ( 'NONE', #5743, .T. ) ;
#5523 = ADVANCED_FACE ( 'NONE', ( #9267 ), #5354, .F. ) ;
#5524 = EDGE_CURVE ( 'NONE', #4334, #4639, #32, .T. ) ;
#5525 = DIRECTION ( 'NONE',  ( 1.000000000000000000, -0.000000000000000000, -0.000000000000000000 ) ) ;
#5526 = CARTESIAN_POINT ( 'NONE',  ( -0.6250000000000000000, 4.700000000000000178, -0.9499999999999998446 ) ) ;
#5527 = DIRECTION ( 'NONE',  ( 0.000000000000000000, -1.000000000000000000, 0.000000000000000000 ) ) ;
#5528 = CARTESIAN_POINT ( 'NONE',  ( -4.350000000000001421, 2.750000000000001332, -3.200000000000000178 ) ) ;
#5529 = LINE ( 'NONE', #4097, #4628 ) ;
#5530 = LINE ( 'NONE', #4738, #3840 ) ;
#5531 = VERTEX_POINT ( 'NONE', #5502 ) ;
#5532 = DIRECTION ( 'NONE',  ( -0.000000000000000000, 1.000000000000000000, 0.000000000000000000 ) ) ;
#5533 = ORIENTED_EDGE ( 'NONE', *, *, #2278, .T. ) ;
#5534 = CARTESIAN_POINT ( 'NONE',  ( 0.000000000000000000, 0.000000000000000000, 0.7999999999999994893 ) ) ;
#5535 = DIRECTION ( 'NONE',  ( -0.3236155771181821184, -0.3236155771181821184, -0.8891264907159901476 ) ) ;
#5536 = ADVANCED_FACE ( 'NONE', ( #3915 ), #3967, .T. ) ;
#5537 = FACE_OUTER_BOUND ( 'NONE', #2226, .T. ) ;
#5538 = FACE_OUTER_BOUND ( 'NONE', #4589, .T. ) ;
#5539 = CARTESIAN_POINT ( 'NONE',  ( 5.200000000000001066, 4.939999999999999503, 2.049999999999999822 ) ) ;
#5540 = PLANE ( 'NONE',  #9631 ) ;
#5541 = ORIENTED_EDGE ( 'NONE', *, *, #10050, .T. ) ;
#5542 = DIRECTION ( 'NONE',  ( -1.548860246407864076E-16, 1.548860246407864076E-16, -1.000000000000000000 ) ) ;
#5543 = AXIS2_PLACEMENT_3D ( 'NONE', #7285, #4847, #9458 ) ;
#5544 = ADVANCED_FACE ( 'NONE', ( #1623 ), #4712, .T. ) ;
#5545 = VERTEX_POINT ( 'NONE', #8661 ) ;
#5546 = VERTEX_POINT ( 'NONE', #751 ) ;
#5547 = DIRECTION ( 'NONE',  ( 0.000000000000000000, -0.8191520442889892450, 0.5735764363510498232 ) ) ;
#5548 = EDGE_CURVE ( 'NONE', #3439, #4910, #3068, .T. ) ;
#5549 = DIRECTION ( 'NONE',  ( 1.000000000000000000, 0.000000000000000000, 0.000000000000000000 ) ) ;
#5550 = VECTOR ( 'NONE', #9940, 1000.000000000000000 ) ;
#5551 = DIRECTION ( 'NONE',  ( -1.000000000000000000, -0.000000000000000000, -0.000000000000000000 ) ) ;
#5552 = VECTOR ( 'NONE', #2218, 999.9999999999998863 ) ;
#5553 = DIRECTION ( 'NONE',  ( 0.000000000000000000, 0.000000000000000000, -1.000000000000000000 ) ) ;
#5554 = VERTEX_POINT ( 'NONE', #1524 ) ;
#5555 = CARTESIAN_POINT ( 'NONE',  ( -4.800000000000000711, 5.465000000000001634, 0.7499999999999993339 ) ) ;
#5556 = DIRECTION ( 'NONE',  ( 0.000000000000000000, -1.000000000000000000, -0.000000000000000000 ) ) ;
#5557 = VERTEX_POINT ( 'NONE', #7143 ) ;
#5558 = ORIENTED_EDGE ( 'NONE', *, *, #3774, .F. ) ;
#5559 = ORIENTED_EDGE ( 'NONE', *, *, #2122, .F. ) ;
#5560 = VECTOR ( 'NONE', #1619, 1000.000000000000000 ) ;
#5561 = VERTEX_POINT ( 'NONE', #3019 ) ;
#5562 = EDGE_CURVE ( 'NONE', #8073, #2960, #7093, .T. ) ;
#5563 = LINE ( 'NONE', #1430, #1991 ) ;
#5564 = LINE ( 'NONE', #7990, #6928 ) ;
#5565 = LINE ( 'NONE', #7104, #10241 ) ;
#5566 = ORIENTED_EDGE ( 'NONE', *, *, #7681, .F. ) ;
#5567 = CARTESIAN_POINT ( 'NONE',  ( -4.004999999999999893, 5.500000000000000000, 2.800000000000000266 ) ) ;
#5568 = DIRECTION ( 'NONE',  ( 0.5773502691896318373, -0.5773502691896260641, 0.5773502691896194028 ) ) ;
#5569 = VERTEX_POINT ( 'NONE', #9378 ) ;
#5570 = CARTESIAN_POINT ( 'NONE',  ( -4.200000000000000178, 2.199999999999998845, -3.599999999999999645 ) ) ;
#5571 = DIRECTION ( 'NONE',  ( -3.336006684570783101E-16, 0.000000000000000000, 1.000000000000000000 ) ) ;
#5572 = DIRECTION ( 'NONE',  ( -1.000000000000000000, -0.000000000000000000, -0.000000000000000000 ) ) ;
#5573 = DIRECTION ( 'NONE',  ( 0.000000000000000000, -0.000000000000000000, -1.000000000000000000 ) ) ;
#5574 = DIRECTION ( 'NONE',  ( -0.000000000000000000, 1.000000000000000000, -0.000000000000000000 ) ) ;
#5575 = CARTESIAN_POINT ( 'NONE',  ( -2.749999999999999112, 2.149999999999999467, -2.300000000000000266 ) ) ;
#5576 = EDGE_CURVE ( 'NONE', #4285, #9196, #5652, .T. ) ;
#5577 = CARTESIAN_POINT ( 'NONE',  ( -4.800000000000000711, 5.470710678118654968, 0.8971320343559638921 ) ) ;
#5578 = ADVANCED_FACE ( 'NONE', ( #3170 ), #6423, .F. ) ;
#5579 = ADVANCED_FACE ( 'NONE', ( #9476 ), #6270, .F. ) ;
#5580 = ORIENTED_EDGE ( 'NONE', *, *, #6640, .T. ) ;
#5581 = LINE ( 'NONE', #4000, #1699 ) ;
#5582 = DIRECTION ( 'NONE',  ( -1.000000000000000000, -0.000000000000000000, 4.818676322157799347E-16 ) ) ;
#5583 = DIRECTION ( 'NONE',  ( 1.000000000000000000, 0.000000000000000000, 0.000000000000000000 ) ) ;
#5584 = LINE ( 'NONE', #6460, #1940 ) ;
#5585 = DIRECTION ( 'NONE',  ( 1.000000000000000000, -0.000000000000000000, 3.336006684570783101E-16 ) ) ;
#5586 = AXIS2_PLACEMENT_3D ( 'NONE', #858, #8672, #3881 ) ;
#5587 = LINE ( 'NONE', #6362, #2730 ) ;
#5588 = LINE ( 'NONE', #4904, #1828 ) ;
#5589 = ADVANCED_FACE ( 'NONE', ( #706 ), #6226, .F. ) ;
#5590 = EDGE_LOOP ( 'NONE', ( #9655, #1772, #7386, #6444 ) ) ;
#5591 = PLANE ( 'NONE',  #4392 ) ;
#5592 = VERTEX_POINT ( 'NONE', #4019 ) ;
#5593 = ORIENTED_EDGE ( 'NONE', *, *, #9351, .F. ) ;
#5594 = VECTOR ( 'NONE', #1250, 1000.000000000000000 ) ;
#5595 = DIRECTION ( 'NONE',  ( 1.000000000000000000, -0.000000000000000000, 2.195253932998075344E-15 ) ) ;
#5596 = CARTESIAN_POINT ( 'NONE',  ( -2.749999999999966693, 0.000000000000000000, 2.900000000000001688 ) ) ;
#5597 = LINE ( 'NONE', #947, #2134 ) ;
#5598 = CARTESIAN_POINT ( 'NONE',  ( 2.750000000000031974, 0.000000000000000000, 2.400000000000000355 ) ) ;
#5599 = ORIENTED_EDGE ( 'NONE', *, *, #593, .F. ) ;
#5600 = DIRECTION ( 'NONE',  ( -1.239088197126288302E-15, 1.000000000000000000, 0.000000000000000000 ) ) ;
#5601 = DIRECTION ( 'NONE',  ( 0.000000000000000000, 1.414176746720223153E-16, -1.000000000000000000 ) ) ;
#5602 = EDGE_LOOP ( 'NONE', ( #8086, #8394, #8312, #5725, #1783, #1760, #2810, #9259, #8613, #5566, #81, #3289, #7613, #5796 ) ) ;
#5603 = VECTOR ( 'NONE', #6958, 1000.000000000000000 ) ;
#5604 = ORIENTED_EDGE ( 'NONE', *, *, #453, .F. ) ;
#5605 = VERTEX_POINT ( 'NONE', #1572 ) ;
#5606 = VERTEX_POINT ( 'NONE', #796 ) ;
#5607 = COLOUR_RGB ( '',1.000000000000000000, 1.000000000000000000, 0.7529411764705882248 ) ;
#5608 = CARTESIAN_POINT ( 'NONE',  ( -0.7499999999999676925, 0.2000000000000000111, 5.000000000000000888 ) ) ;
#5609 = PLANE ( 'NONE',  #10223 ) ;
#5610 = CARTESIAN_POINT ( 'NONE',  ( 6.000000000000000000, 0.000000000000000000, -3.600000000000000089 ) ) ;
#5611 = ORIENTED_EDGE ( 'NONE', *, *, #774, .F. ) ;
#5612 = DIRECTION ( 'NONE',  ( 0.000000000000000000, -1.000000000000000000, -0.000000000000000000 ) ) ;
#5613 = FACE_OUTER_BOUND ( 'NONE', #8346, .T. ) ;
#5614 = ORIENTED_EDGE ( 'NONE', *, *, #9177, .T. ) ;
#5615 = CARTESIAN_POINT ( 'NONE',  ( -3.537690618442706381, 0.3499999999999996447, -4.855654565435176373 ) ) ;
#5616 = ADVANCED_FACE ( 'NONE', ( #4758 ), #8605, .T. ) ;
#5617 = EDGE_CURVE ( 'NONE', #3082, #3114, #2438, .T. ) ;
#5618 = VECTOR ( 'NONE', #9115, 1000.000000000000000 ) ;
#5619 = LINE ( 'NONE', #3087, #5552 ) ;
#5620 = DIRECTION ( 'NONE',  ( 0.7071067811865454633, 0.000000000000000000, 0.7071067811865495711 ) ) ;
#5621 = PLANE ( 'NONE',  #6474 ) ;
#5622 = VECTOR ( 'NONE', #820, 1000.000000000000000 ) ;
#5623 = SURFACE_SIDE_STYLE ('',( #7951 ) ) ;
#5624 = CARTESIAN_POINT ( 'NONE',  ( 3.790655879422973218, -1.460827452542957450E-16, -4.855025253169416466 ) ) ;
#5625 = VERTEX_POINT ( 'NONE', #78 ) ;
#5626 = FACE_OUTER_BOUND ( 'NONE', #943, .T. ) ;
#5627 = ORIENTED_EDGE ( 'NONE', *, *, #5802, .T. ) ;
#5628 = DIRECTION ( 'NONE',  ( 0.000000000000000000, -0.000000000000000000, -1.000000000000000000 ) ) ;
#5629 = EDGE_CURVE ( 'NONE', #8547, #7622, #7197, .T. ) ;
#5630 = AXIS2_PLACEMENT_3D ( 'NONE', #2633, #3365, #4321 ) ;
#5631 = DIRECTION ( 'NONE',  ( 0.000000000000000000, -1.000000000000000000, -1.591489427501657896E-16 ) ) ;
#5632 = LINE ( 'NONE', #5486, #7703 ) ;
#5633 = EDGE_CURVE ( 'NONE', #7041, #8830, #5098, .T. ) ;
#5634 = ADVANCED_FACE ( 'NONE', ( #8952 ), #5855, .F. ) ;
#5635 = CARTESIAN_POINT ( 'NONE',  ( -2.749999999999966693, 0.2000000000000000111, 2.399999999999958167 ) ) ;
#5636 = LINE ( 'NONE', #5692, #5159 ) ;
#5637 = AXIS2_PLACEMENT_3D ( 'NONE', #8874, #1747, #977 ) ;
#5638 = LINE ( 'NONE', #6414, #99 ) ;
#5639 = CARTESIAN_POINT ( 'NONE',  ( 0.6250000000000001110, 4.400000000000000355, -2.200000000000000178 ) ) ;
#5640 = AXIS2_PLACEMENT_3D ( 'NONE', #4427, #7014, #10171 ) ;
#5641 = ORIENTED_EDGE ( 'NONE', *, *, #921, .F. ) ;
#5642 = DIRECTION ( 'NONE',  ( -0.000000000000000000, 0.000000000000000000, 1.000000000000000000 ) ) ;
#5643 = VERTEX_POINT ( 'NONE', #4179 ) ;
#5644 = VECTOR ( 'NONE', #9165, 1000.000000000000000 ) ;
#5645 = ORIENTED_EDGE ( 'NONE', *, *, #2728, .F. ) ;
#5646 = VECTOR ( 'NONE', #7780, 1000.000000000000000 ) ;
#5647 = EDGE_CURVE ( 'NONE', #1653, #4726, #1152, .T. ) ;
#5648 = FACE_OUTER_BOUND ( 'NONE', #10151, .T. ) ;
#5649 = EDGE_CURVE ( 'NONE', #1985, #8381, #8849, .T. ) ;
#5650 = DIRECTION ( 'NONE',  ( 0.000000000000000000, 1.548860246407863829E-16, -1.000000000000000000 ) ) ;
#5651 = DIRECTION ( 'NONE',  ( 0.000000000000000000, 1.606225440719265874E-16, -1.000000000000000000 ) ) ;
#5652 = LINE ( 'NONE', #8801, #756 ) ;
#5653 = EDGE_LOOP ( 'NONE', ( #2290, #2028, #9391, #6530 ) ) ;
#5654 = SURFACE_STYLE_FILL_AREA ( #4021 ) ;
#5655 = CARTESIAN_POINT ( 'NONE',  ( -0.6250000000000001110, 5.000000000000000000, -2.200000000000000178 ) ) ;
#5656 = VECTOR ( 'NONE', #6110, 1000.000000000000000 ) ;
#5657 = ORIENTED_EDGE ( 'NONE', *, *, #8807, .T. ) ;
#5658 = ORIENTED_EDGE ( 'NONE', *, *, #634, .F. ) ;
#5659 = ORIENTED_EDGE ( 'NONE', *, *, #10110, .T. ) ;
#5660 = VECTOR ( 'NONE', #1016, 1000.000000000000000 ) ;
#5661 = ORIENTED_EDGE ( 'NONE', *, *, #3815, .F. ) ;
#5662 = DIRECTION ( 'NONE',  ( -1.000000000000000000, -0.000000000000000000, -0.000000000000000000 ) ) ;
#5663 = CARTESIAN_POINT ( 'NONE',  ( -0.7499999999999676925, 0.6000000000000000888, 5.000000000000000000 ) ) ;
#5664 = ADVANCED_FACE ( 'NONE', ( #7404 ), #1829, .F. ) ;
#5665 = FILL_AREA_STYLE ('',( #7210 ) ) ;
#5666 = EDGE_LOOP ( 'NONE', ( #9832, #6682, #1742, #590 ) ) ;
#5667 = CARTESIAN_POINT ( 'NONE',  ( -5.305000000000000604, -2.972161292830653933E-16, 0.9134769367380000116 ) ) ;
#5668 = DIRECTION ( 'NONE',  ( -1.000000000000000000, 0.000000000000000000, -0.000000000000000000 ) ) ;
#5669 = ORIENTED_EDGE ( 'NONE', *, *, #3388, .F. ) ;
#5670 = CARTESIAN_POINT ( 'NONE',  ( 4.800000000000000711, 5.325000000000001954, 3.725000000000000533 ) ) ;
#5671 = CIRCLE ( 'NONE', #2160, 0.1749999999999998224 ) ;
#5672 = ORIENTED_EDGE ( 'NONE', *, *, #8225, .T. ) ;
#5673 = DIRECTION ( 'NONE',  ( -1.000000000000000000, -0.000000000000000000, -5.421010862427520198E-16 ) ) ;
#5674 = AXIS2_PLACEMENT_3D ( 'NONE', #3992, #3195, #2411 ) ;
#5675 = DIRECTION ( 'NONE',  ( -0.000000000000000000, -0.000000000000000000, -1.000000000000000000 ) ) ;
#5676 = PLANE ( 'NONE',  #8621 ) ;
#5677 = EDGE_CURVE ( 'NONE', #3216, #6551, #236, .T. ) ;
#5678 = VECTOR ( 'NONE', #173, 1000.000000000000114 ) ;
#5679 = EDGE_CURVE ( 'NONE', #7919, #664, #5703, .T. ) ;
#5680 = DIRECTION ( 'NONE',  ( 1.000000000000000000, 0.000000000000000000, 0.000000000000000000 ) ) ;
#5681 = CARTESIAN_POINT ( 'NONE',  ( 6.000000000000000000, 5.064999999999999503, 2.800000000000000266 ) ) ;
#5682 = EDGE_LOOP ( 'NONE', ( #5906, #6262, #5453, #4401 ) ) ;
#5683 = CARTESIAN_POINT ( 'NONE',  ( 4.200000000000000178, 0.9000000000000004663, -4.850000000000001421 ) ) ;
#5684 = ORIENTED_EDGE ( 'NONE', *, *, #1259, .F. ) ;
#5685 = DIRECTION ( 'NONE',  ( -1.000000000000000000, -0.000000000000000000, -0.000000000000000000 ) ) ;
#5686 = VECTOR ( 'NONE', #5420, 1000.000000000000000 ) ;
#5687 = DIRECTION ( 'NONE',  ( -0.5773502691896268413, -0.5773502691896286176, 0.5773502691896219563 ) ) ;
#5688 = CARTESIAN_POINT ( 'NONE',  ( 5.200000000000001066, 4.939999999999999503, 2.925000000000000711 ) ) ;
#5689 = ADVANCED_FACE ( 'NONE', ( #130 ), #9002, .F. ) ;
#5690 = DIRECTION ( 'NONE',  ( -0.000000000000000000, -1.000000000000000000, -0.000000000000000000 ) ) ;
#5691 = EDGE_CURVE ( 'NONE', #9276, #3999, #333, .T. ) ;
#5692 = CARTESIAN_POINT ( 'NONE',  ( 5.055000000000000604, 0.6500000000000020206, -5.000000000000000000 ) ) ;
#5693 = CARTESIAN_POINT ( 'NONE',  ( 5.200000000000001066, 2.400000000000000355, 3.725000000000000089 ) ) ;
#5694 = CARTESIAN_POINT ( 'NONE',  ( -4.800000000000000711, 5.064999999999999503, 2.800000000000000266 ) ) ;
#5695 = ADVANCED_FACE ( 'NONE', ( #7453 ), #949, .F. ) ;
#5696 = ORIENTED_EDGE ( 'NONE', *, *, #6184, .T. ) ;
#5697 = CARTESIAN_POINT ( 'NONE',  ( 6.000000000000000000, 5.064999999999999503, 2.250000000000000444 ) ) ;
#5698 = ORIENTED_EDGE ( 'NONE', *, *, #1366, .F. ) ;
#5699 = ORIENTED_EDGE ( 'NONE', *, *, #3127, .T. ) ;
#5700 = DIRECTION ( 'NONE',  ( -1.548860246407864322E-16, 1.591489427501657650E-16, -1.000000000000000000 ) ) ;
#5701 = DIRECTION ( 'NONE',  ( -1.000000000000000000, -0.000000000000000000, -0.000000000000000000 ) ) ;
#5702 = AXIS2_PLACEMENT_3D ( 'NONE', #5011, #1965, #6621 ) ;
#5703 = LINE ( 'NONE', #1100, #8238 ) ;
#5704 = ORIENTED_EDGE ( 'NONE', *, *, #4571, .F. ) ;
#5705 = CARTESIAN_POINT ( 'NONE',  ( -3.249999999999968026, 0.6000000000000000888, 4.999999999999958256 ) ) ;
#5706 = CARTESIAN_POINT ( 'NONE',  ( 3.783333333333336324, 4.216666666666668561, -2.466666666666670338 ) ) ;
#5707 = ORIENTED_EDGE ( 'NONE', *, *, #9995, .F. ) ;
#5708 = ADVANCED_FACE ( 'NONE', ( #5905 ), #3381, .F. ) ;
#5709 = EDGE_CURVE ( 'NONE', #2898, #5521, #274, .T. ) ;
#5710 = ORIENTED_EDGE ( 'NONE', *, *, #550, .T. ) ;
#5711 = ORIENTED_EDGE ( 'NONE', *, *, #9357, .F. ) ;
#5712 = PRESENTATION_LAYER_ASSIGNMENT (  '', '', ( #9853 ) ) ;
#5713 = ORIENTED_EDGE ( 'NONE', *, *, #10141, .F. ) ;
#5714 = VECTOR ( 'NONE', #3037, 1000.000000000000000 ) ;
#5715 = CARTESIAN_POINT ( 'NONE',  ( 5.305000000000000604, 1.799999999999999600, 1.099999999999999867 ) ) ;
#5716 = LINE ( 'NONE', #8244, #627 ) ;
#5717 = LINE ( 'NONE', #7055, #1406 ) ;
#5718 = EDGE_LOOP ( 'NONE', ( #3072, #5090, #10138, #4668 ) ) ;
#5719 = DIRECTION ( 'NONE',  ( -3.336006684570783101E-16, 0.000000000000000000, 1.000000000000000000 ) ) ;
#5720 = CARTESIAN_POINT ( 'NONE',  ( -1.649999999999999023, 3.950000000000003730, -2.600000000000007638 ) ) ;
#5721 = ORIENTED_EDGE ( 'NONE', *, *, #9966, .F. ) ;
#5722 = CARTESIAN_POINT ( 'NONE',  ( 4.800000000000000711, 5.500000000000001776, 0.5321572875253787194 ) ) ;
#5723 = AXIS2_PLACEMENT_3D ( 'NONE', #568, #1331, #6904 ) ;
#5724 = ADVANCED_FACE ( 'NONE', ( #283 ), #6635, .F. ) ;
#5725 = ORIENTED_EDGE ( 'NONE', *, *, #3351, .F. ) ;
#5726 = LINE ( 'NONE', #3406, #723 ) ;
#5727 = DIRECTION ( 'NONE',  ( 0.000000000000000000, 0.000000000000000000, 1.000000000000000000 ) ) ;
#5728 = FACE_OUTER_BOUND ( 'NONE', #847, .T. ) ;
#5729 = AXIS2_PLACEMENT_3D ( 'NONE', #4010, #8792, #2485 ) ;
#5730 = FILL_AREA_STYLE ('',( #976 ) ) ;
#5731 = LINE ( 'NONE', #4785, #7313 ) ;
#5732 = EDGE_LOOP ( 'NONE', ( #7075, #6738, #298, #9882 ) ) ;
#5733 = LINE ( 'NONE', #311, #5020 ) ;
#5734 = VERTEX_POINT ( 'NONE', #2590 ) ;
#5735 = DIRECTION ( 'NONE',  ( 1.000000000000000000, -0.000000000000000000, -0.000000000000000000 ) ) ;
#5736 = ADVANCED_FACE ( 'NONE', ( #5027 ), #9052, .F. ) ;
#5737 = CARTESIAN_POINT ( 'NONE',  ( 1.999999999999998224, 0.9000000000000005773, -4.100000000000005862 ) ) ;
#5738 = CARTESIAN_POINT ( 'NONE',  ( 5.200000000000001066, 5.425000000000000711, 3.075000000000000622 ) ) ;
#5739 = LINE ( 'NONE', #1559, #9895 ) ;
#5740 = DIRECTION ( 'NONE',  ( 0.000000000000000000, -0.9396926207859095381, -0.3420201433256658263 ) ) ;
#5741 = CARTESIAN_POINT ( 'NONE',  ( -0.7499999999999988898, 2.649999999999999911, 0.7999999999999994893 ) ) ;
#5742 = LINE ( 'NONE', #4008, #20 ) ;
#5743 = EDGE_LOOP ( 'NONE', ( #4606, #4284, #7211, #3440 ) ) ;
#5744 = FACE_OUTER_BOUND ( 'NONE', #1416, .T. ) ;
#5745 = VERTEX_POINT ( 'NONE', #3271 ) ;
#5746 = EDGE_CURVE ( 'NONE', #1985, #7241, #1929, .T. ) ;
#5747 = EDGE_CURVE ( 'NONE', #7256, #3882, #4280, .T. ) ;
#5748 = ORIENTED_EDGE ( 'NONE', *, *, #1234, .F. ) ;
#5749 = DIRECTION ( 'NONE',  ( -1.000000000000000000, 0.000000000000000000, -0.000000000000000000 ) ) ;
#5750 = VECTOR ( 'NONE', #8704, 1000.000000000000000 ) ;
#5751 = DIRECTION ( 'NONE',  ( -1.000000000000000000, -0.000000000000000000, -0.000000000000000000 ) ) ;
#5752 = EDGE_CURVE ( 'NONE', #8805, #4316, #9623, .T. ) ;
#5753 = DIRECTION ( 'NONE',  ( -0.000000000000000000, -0.000000000000000000, 1.000000000000000000 ) ) ;
#5754 = DIRECTION ( 'NONE',  ( -0.000000000000000000, 0.000000000000000000, 1.000000000000000000 ) ) ;
#5755 = ORIENTED_EDGE ( 'NONE', *, *, #5203, .T. ) ;
#5756 = CARTESIAN_POINT ( 'NONE',  ( -4.800000000000000711, 2.400000000000000355, 3.700000000000000178 ) ) ;
#5757 = LINE ( 'NONE', #8900, #7283 ) ;
#5758 = ORIENTED_EDGE ( 'NONE', *, *, #146, .T. ) ;
#5759 = ORIENTED_EDGE ( 'NONE', *, *, #1179, .F. ) ;
#5760 = AXIS2_PLACEMENT_3D ( 'NONE', #8788, #2380, #4598 ) ;
#5761 = ORIENTED_EDGE ( 'NONE', *, *, #9298, .T. ) ;
#5762 = ORIENTED_EDGE ( 'NONE', *, *, #3432, .F. ) ;
#5763 = ADVANCED_FACE ( 'NONE', ( #7513 ), #6887, .T. ) ;
#5764 = CARTESIAN_POINT ( 'NONE',  ( -4.800000000000000711, 5.064999999999999503, 2.250000000000000444 ) ) ;
#5765 = CARTESIAN_POINT ( 'NONE',  ( -1.249999999999968248, 0.2000000000000000111, 4.800000000000000711 ) ) ;
#5766 = ADVANCED_FACE ( 'NONE', ( #9102 ), #2750, .F. ) ;
#5767 = VECTOR ( 'NONE', #5316, 1000.000000000000000 ) ;
#5768 = FACE_OUTER_BOUND ( 'NONE', #5305, .T. ) ;
#5769 = ORIENTED_EDGE ( 'NONE', *, *, #2242, .F. ) ;
#5770 = FACE_OUTER_BOUND ( 'NONE', #8747, .T. ) ;
#5771 = DIRECTION ( 'NONE',  ( 0.000000000000000000, 1.000000000000000000, -1.084202172485504434E-15 ) ) ;
#5772 = ORIENTED_EDGE ( 'NONE', *, *, #8340, .F. ) ;
#5773 = DIRECTION ( 'NONE',  ( 1.000000000000000000, -0.000000000000000000, -0.000000000000000000 ) ) ;
#5774 = VECTOR ( 'NONE', #10156, 1000.000000000000000 ) ;
#5775 = ORIENTED_EDGE ( 'NONE', *, *, #1865, .F. ) ;
#5776 = FACE_OUTER_BOUND ( 'NONE', #1883, .T. ) ;
#5777 = DIRECTION ( 'NONE',  ( 0.000000000000000000, 0.000000000000000000, 1.000000000000000000 ) ) ;
#5778 = CARTESIAN_POINT ( 'NONE',  ( 3.250000000000032419, 0.2000000000000000111, 5.000000000000000888 ) ) ;
#5779 = ADVANCED_FACE ( 'NONE', ( #6932 ), #8387, .T. ) ;
#5780 = DIRECTION ( 'NONE',  ( 0.000000000000000000, 0.000000000000000000, 1.000000000000000000 ) ) ;
#5781 = ORIENTED_EDGE ( 'NONE', *, *, #1964, .F. ) ;
#5782 = PRESENTATION_LAYER_ASSIGNMENT (  '', '', ( #8089 ) ) ;
#5783 = DIRECTION ( 'NONE',  ( 0.000000000000000000, 0.000000000000000000, -1.000000000000000000 ) ) ;
#5784 = ORIENTED_EDGE ( 'NONE', *, *, #4364, .F. ) ;
#5785 = DIRECTION ( 'NONE',  ( 0.000000000000000000, 0.000000000000000000, 1.000000000000000000 ) ) ;
#5786 = DIRECTION ( 'NONE',  ( -1.000000000000000000, 0.000000000000000000, -5.421010862427521184E-16 ) ) ;
#5787 =( GEOMETRIC_REPRESENTATION_CONTEXT ( 3 ) GLOBAL_UNCERTAINTY_ASSIGNED_CONTEXT ( ( #2231 ) ) GLOBAL_UNIT_ASSIGNED_CONTEXT ( ( #1228, #4202, #7382 ) ) REPRESENTATION_CONTEXT ( 'NONE', 'WORKASPACE' ) );
#5788 = DIRECTION ( 'NONE',  ( 0.000000000000000000, 0.000000000000000000, 1.000000000000000000 ) ) ;
#5789 = DIRECTION ( 'NONE',  ( -0.7071067811865396902, 4.380838333381011703E-16, 0.7071067811865553443 ) ) ;
#5790 = CARTESIAN_POINT ( 'NONE',  ( 4.800000000000000711, 5.394289321881344357, 0.6792893218813451650 ) ) ;
#5791 = DIRECTION ( 'NONE',  ( 0.000000000000000000, 1.591489427501657896E-16, -1.000000000000000000 ) ) ;
#5792 = DIRECTION ( 'NONE',  ( 1.000000000000000000, 0.000000000000000000, 0.000000000000000000 ) ) ;
#5793 = DIRECTION ( 'NONE',  ( 0.000000000000000000, -0.000000000000000000, -1.000000000000000000 ) ) ;
#5794 = ORIENTED_EDGE ( 'NONE', *, *, #9095, .F. ) ;
#5795 = DIRECTION ( 'NONE',  ( 0.000000000000000000, 1.000000000000000000, -0.000000000000000000 ) ) ;
#5796 = ORIENTED_EDGE ( 'NONE', *, *, #3974, .F. ) ;
#5797 = ORIENTED_EDGE ( 'NONE', *, *, #9177, .F. ) ;
#5798 = VECTOR ( 'NONE', #1332, 1000.000000000000000 ) ;
#5799 = AXIS2_PLACEMENT_3D ( 'NONE', #6889, #8444, #10031 ) ;
#5800 = EDGE_CURVE ( 'NONE', #4028, #2873, #2907, .T. ) ;
#5801 = CARTESIAN_POINT ( 'NONE',  ( 5.400000000000002132, 5.700000000000000178, 0.1000000000000002554 ) ) ;
#5802 = EDGE_CURVE ( 'NONE', #8649, #4125, #9154, .T. ) ;
#5803 = CARTESIAN_POINT ( 'NONE',  ( 6.000000000000000000, 5.700000000000000178, -3.200000000000000178 ) ) ;
#5804 = VERTEX_POINT ( 'NONE', #5954 ) ;
#5805 = CARTESIAN_POINT ( 'NONE',  ( -4.200000000000000178, 2.750000000000001776, -3.049999999999999378 ) ) ;
#5806 = AXIS2_PLACEMENT_3D ( 'NONE', #9142, #7193, #2540 ) ;
#5807 = DIRECTION ( 'NONE',  ( 1.000000000000000000, 0.000000000000000000, -0.000000000000000000 ) ) ;
#5808 = ORIENTED_EDGE ( 'NONE', *, *, #9274, .F. ) ;
#5809 = VERTEX_POINT ( 'NONE', #8335 ) ;
#5810 = VECTOR ( 'NONE', #5701, 1000.000000000000000 ) ;
#5811 = EDGE_LOOP ( 'NONE', ( #4344, #4254, #7026, #9730 ) ) ;
#5812 = ORIENTED_EDGE ( 'NONE', *, *, #4402, .T. ) ;
#5813 = PRODUCT_DEFINITION_FORMATION_WITH_SPECIFIED_SOURCE ( 'ANY', '', #496, .NOT_KNOWN. ) ;
#5814 = CARTESIAN_POINT ( 'NONE',  ( 0.7500000000000318634, 0.6000000000000000888, 4.999999999999985789 ) ) ;
#5815 = DIRECTION ( 'NONE',  ( 0.000000000000000000, 1.000000000000000000, 0.000000000000000000 ) ) ;
#5816 = PLANE ( 'NONE',  #726 ) ;
#5817 = CIRCLE ( 'NONE', #6971, 0.1749999999999993783 ) ;
#5818 = DIRECTION ( 'NONE',  ( -1.000000000000000000, -0.000000000000000000, -0.000000000000000000 ) ) ;
#5819 = ORIENTED_EDGE ( 'NONE', *, *, #1492, .T. ) ;
#5820 = PLANE ( 'NONE',  #7469 ) ;
#5821 = DIRECTION ( 'NONE',  ( 1.000000000000000000, -0.000000000000000000, -0.000000000000000000 ) ) ;
#5822 = EDGE_LOOP ( 'NONE', ( #4143, #3928, #9152, #7930, #8927, #5200, #9321, #4518 ) ) ;
#5823 = VECTOR ( 'NONE', #6769, 1000.000000000000000 ) ;
#5824 = PLANE ( 'NONE',  #4890 ) ;
#5825 = ADVANCED_FACE ( 'NONE', ( #434 ), #5287, .F. ) ;
#5826 = VECTOR ( 'NONE', #2012, 1000.000000000000000 ) ;
#5827 = ORIENTED_EDGE ( 'NONE', *, *, #4106, .T. ) ;
#5828 = DIRECTION ( 'NONE',  ( -0.000000000000000000, -0.000000000000000000, -1.000000000000000000 ) ) ;
#5829 = VECTOR ( 'NONE', #10016, 1000.000000000000000 ) ;
#5830 = CARTESIAN_POINT ( 'NONE',  ( -5.304999999999999716, 2.072405095595728053, -4.896446609406726047 ) ) ;
#5831 = DIRECTION ( 'NONE',  ( -1.000000000000000000, -0.000000000000000000, -0.000000000000000000 ) ) ;
#5832 = FACE_OUTER_BOUND ( 'NONE', #3026, .T. ) ;
#5833 = EDGE_LOOP ( 'NONE', ( #6828, #5071, #3878, #957 ) ) ;
#5834 = DIRECTION ( 'NONE',  ( 0.000000000000000000, 0.000000000000000000, -1.000000000000000000 ) ) ;
#5835 = ORIENTED_EDGE ( 'NONE', *, *, #6351, .F. ) ;
#5836 = CARTESIAN_POINT ( 'NONE',  ( -4.800000000000000711, 5.500000000000000888, 3.725000000000000533 ) ) ;
#5837 = EDGE_CURVE ( 'NONE', #8500, #7741, #8441, .T. ) ;
#5838 = ADVANCED_FACE ( 'NONE', ( #6111 ), #4443, .F. ) ;
#5839 = DIRECTION ( 'NONE',  ( -1.000000000000000000, 0.000000000000000000, 0.000000000000000000 ) ) ;
#5840 = VECTOR ( 'NONE', #1409, 1000.000000000000000 ) ;
#5841 = CARTESIAN_POINT ( 'NONE',  ( -5.400000000000000355, 5.700000000000000178, -3.199999999999998401 ) ) ;
#5842 = DIRECTION ( 'NONE',  ( 1.000000000000000000, -0.000000000000000000, -0.000000000000000000 ) ) ;
#5843 = VECTOR ( 'NONE', #8148, 999.9999999999998863 ) ;
#5844 = CARTESIAN_POINT ( 'NONE',  ( 5.055000000000000604, 0.6500000000000020206, -4.749999999999998224 ) ) ;
#5845 = CARTESIAN_POINT ( 'NONE',  ( -5.200000000000001066, 5.325000000000001954, 3.725000000000000533 ) ) ;
#5846 = CARTESIAN_POINT ( 'NONE',  ( 3.764267565201871335, 0.3499999999999994782, -5.000000000000000888 ) ) ;
#5847 = VECTOR ( 'NONE', #6355, 1000.000000000000114 ) ;
#5848 = ORIENTED_EDGE ( 'NONE', *, *, #5837, .T. ) ;
#5849 = DIRECTION ( 'NONE',  ( 2.224004456380521903E-16, -1.000000000000000000, 0.000000000000000000 ) ) ;
#5850 = ORIENTED_EDGE ( 'NONE', *, *, #6407, .F. ) ;
#5851 = ORIENTED_EDGE ( 'NONE', *, *, #156, .T. ) ;
#5852 = EDGE_CURVE ( 'NONE', #7649, #1573, #541, .T. ) ;
#5853 = FILL_AREA_STYLE ('',( #7401 ) ) ;
#5854 = DIRECTION ( 'NONE',  ( 0.000000000000000000, -1.224646799147353454E-16, 1.000000000000000000 ) ) ;
#5855 = PLANE ( 'NONE',  #2401 ) ;
#5856 = VERTEX_POINT ( 'NONE', #2187 ) ;
#5857 =( NAMED_UNIT ( * ) PLANE_ANGLE_UNIT ( ) SI_UNIT ( $, .RADIAN. ) );
#5858 = CARTESIAN_POINT ( 'NONE',  ( -5.304999999999998828, 1.799999999999999600, 1.399999999999999689 ) ) ;
#5859 = ORIENTED_EDGE ( 'NONE', *, *, #791, .F. ) ;
#5860 = ORIENTED_EDGE ( 'NONE', *, *, #8852, .F. ) ;
#5861 = ORIENTED_EDGE ( 'NONE', *, *, #3047, .F. ) ;
#5862 = ADVANCED_FACE ( 'NONE', ( #10028 ), #486, .F. ) ;
#5863 = ORIENTED_EDGE ( 'NONE', *, *, #2541, .F. ) ;
#5864 = VECTOR ( 'NONE', #5435, 1000.000000000000000 ) ;
#5865 = CARTESIAN_POINT ( 'NONE',  ( 5.305000000000000604, 1.799999999999999600, 1.399999999999999689 ) ) ;
#5866 = PLANE ( 'NONE',  #3419 ) ;
#5867 = DIRECTION ( 'NONE',  ( 0.000000000000000000, 1.224646799147353454E-16, -1.000000000000000000 ) ) ;
#5868 = DIRECTION ( 'NONE',  ( 0.000000000000000000, 0.000000000000000000, -1.000000000000000000 ) ) ;
#5869 = ORIENTED_EDGE ( 'NONE', *, *, #7002, .F. ) ;
#5870 = FACE_OUTER_BOUND ( 'NONE', #6911, .T. ) ;
#5871 = CARTESIAN_POINT ( 'NONE',  ( 5.305000000000000604, 4.050000000000000711, -3.200000000000000178 ) ) ;
#5872 = ORIENTED_EDGE ( 'NONE', *, *, #885, .T. ) ;
#5873 =( GEOMETRIC_REPRESENTATION_CONTEXT ( 3 ) GLOBAL_UNCERTAINTY_ASSIGNED_CONTEXT ( ( #6490 ) ) GLOBAL_UNIT_ASSIGNED_CONTEXT ( ( #9922, #9824, #9875 ) ) REPRESENTATION_CONTEXT ( 'NONE', 'WORKASPACE' ) );
#5874 = AXIS2_PLACEMENT_3D ( 'NONE', #1602, #5735, #7121 ) ;
#5875 = ADVANCED_FACE ( 'NONE', ( #5339 ), #3647, .F. ) ;
#5876 = ORIENTED_EDGE ( 'NONE', *, *, #10122, .F. ) ;
#5877 = DIRECTION ( 'NONE',  ( 1.000000000000000000, 0.000000000000000000, -1.463502621998718671E-15 ) ) ;
#5878 = CARTESIAN_POINT ( 'NONE',  ( 6.000000000000000000, 1.300000000000000266, 3.899999999999999911 ) ) ;
#5879 = DIRECTION ( 'NONE',  ( -1.000000000000000000, -0.000000000000000000, -0.000000000000000000 ) ) ;
#5880 = PLANE ( 'NONE',  #9780 ) ;
#5881 = EDGE_CURVE ( 'NONE', #8855, #9752, #2856, .T. ) ;
#5882 = VECTOR ( 'NONE', #208, 1000.000000000000000 ) ;
#5883 = ORIENTED_EDGE ( 'NONE', *, *, #2170, .T. ) ;
#5884 = CARTESIAN_POINT ( 'NONE',  ( 4.004999999999999893, 5.499999999999998224, 2.249999999999999112 ) ) ;
#5885 = ORIENTED_EDGE ( 'NONE', *, *, #9235, .T. ) ;
#5886 = LINE ( 'NONE', #5213, #722 ) ;
#5888 = AXIS2_PLACEMENT_3D ( 'NONE', #6314, #4652, #8499 ) ;
#5887 = LINE ( 'NONE', #3526, #7492 ) ;
#5889 = CARTESIAN_POINT ( 'NONE',  ( -5.200000000000001066, 5.425000000000000711, 3.075000000000000622 ) ) ;
#5890 = CARTESIAN_POINT ( 'NONE',  ( 5.200000000000001066, 5.400000000000000355, 0.9678427124746188381 ) ) ;
#5891 = EDGE_CURVE ( 'NONE', #3129, #2743, #9202, .T. ) ;
#5892 = CARTESIAN_POINT ( 'NONE',  ( -6.000000000000000888, 4.050000000000000711, -3.000000000000000000 ) ) ;
#5893 = ADVANCED_FACE ( 'NONE', ( #1307 ), #595, .F. ) ;
#5894 = LINE ( 'NONE', #4266, #1971 ) ;
#5895 = CARTESIAN_POINT ( 'NONE',  ( 3.782392196155308195, -2.290347383689207880E-08, -4.721550028201784599 ) ) ;
#5896 = AXIS2_PLACEMENT_3D ( 'NONE', #7555, #1974, #9148 ) ;
#5897 = ORIENTED_EDGE ( 'NONE', *, *, #802, .F. ) ;
#5898 = CARTESIAN_POINT ( 'NONE',  ( 6.000000000000000000, 5.700000000000000178, -3.200000000000000178 ) ) ;
#5899 = ORIENTED_EDGE ( 'NONE', *, *, #8161, .F. ) ;
#5900 = ORIENTED_EDGE ( 'NONE', *, *, #2630, .F. ) ;
#5901 = ORIENTED_EDGE ( 'NONE', *, *, #94, .T. ) ;
#5902 = DIRECTION ( 'NONE',  ( 1.000000000000000000, -0.000000000000000000, -0.000000000000000000 ) ) ;
#5903 = ADVANCED_FACE ( 'NONE', ( #9313 ), #67, .F. ) ;
#5904 = CARTESIAN_POINT ( 'NONE',  ( -4.800000000000000711, 5.500000000000001776, 3.075000000000001066 ) ) ;
#5905 = FACE_OUTER_BOUND ( 'NONE', #4079, .T. ) ;
#5906 = ORIENTED_EDGE ( 'NONE', *, *, #7368, .T. ) ;
#5907 = DIRECTION ( 'NONE',  ( 0.000000000000000000, -0.7071067811865475727, 0.7071067811865475727 ) ) ;
#5908 = CARTESIAN_POINT ( 'NONE',  ( 4.800000000000000711, 5.500000000000001776, 1.282157287525380163 ) ) ;
#5909 = ORIENTED_EDGE ( 'NONE', *, *, #3384, .T. ) ;
#5910 = EDGE_LOOP ( 'NONE', ( #4348, #1335, #8445, #8034 ) ) ;
#5911 = ORIENTED_EDGE ( 'NONE', *, *, #9606, .F. ) ;
#5912 = ORIENTED_EDGE ( 'NONE', *, *, #4088, .F. ) ;
#5913 = CARTESIAN_POINT ( 'NONE',  ( 0.000000000000000000, 0.6000000000000000888, 0.000000000000000000 ) ) ;
#5914 = CARTESIAN_POINT ( 'NONE',  ( 4.350000000000003197, 2.750000000000000444, -3.600000000000000533 ) ) ;
#5915 = CARTESIAN_POINT ( 'NONE',  ( 4.800000000000000711, 2.400000000000000355, 3.700000000000000178 ) ) ;
#5916 = CARTESIAN_POINT ( 'NONE',  ( 5.200000000000001066, 5.325000000000001954, 3.899999999999999911 ) ) ;
#5917 = ORIENTED_EDGE ( 'NONE', *, *, #6711, .F. ) ;
#5918 = CARTESIAN_POINT ( 'NONE',  ( -4.004999999999999893, 4.400000000000000355, 3.700000000000000178 ) ) ;
#5919 = DIRECTION ( 'NONE',  ( -0.000000000000000000, 0.3713906763541029443, -0.9284766908852596368 ) ) ;
#5920 = ORIENTED_EDGE ( 'NONE', *, *, #2773, .T. ) ;
#5921 = ORIENTED_EDGE ( 'NONE', *, *, #3564, .T. ) ;
#5922 = CARTESIAN_POINT ( 'NONE',  ( 6.000000000000000000, 0.2000000000000000111, 3.899999999999999911 ) ) ;
#5923 = VECTOR ( 'NONE', #7215, 1000.000000000000000 ) ;
#5924 = DIRECTION ( 'NONE',  ( 0.000000000000000000, -0.7071067811865565655, -0.7071067811865384689 ) ) ;
#5925 = DIRECTION ( 'NONE',  ( 0.000000000000000000, 0.000000000000000000, 1.000000000000000000 ) ) ;
#5926 = DIRECTION ( 'NONE',  ( -0.000000000000000000, 1.000000000000000000, -0.000000000000000000 ) ) ;
#5927 = CARTESIAN_POINT ( 'NONE',  ( 5.200000000000001066, 5.300000000000000711, -1.499999999999999556 ) ) ;
#5928 = EDGE_CURVE ( 'NONE', #8073, #7040, #8741, .T. ) ;
#5929 = EDGE_CURVE ( 'NONE', #304, #7493, #5638, .T. ) ;
#5930 = VERTEX_POINT ( 'NONE', #9414 ) ;
#5931 = CARTESIAN_POINT ( 'NONE',  ( 1.250000000000032419, 0.2000000000000000111, 4.999999999999985789 ) ) ;
#5932 = DIRECTION ( 'NONE',  ( 0.000000000000000000, 0.000000000000000000, -1.000000000000000000 ) ) ;
#5933 = VECTOR ( 'NONE', #5415, 1000.000000000000000 ) ;
#5934 = LINE ( 'NONE', #4260, #9616 ) ;
#5935 = CARTESIAN_POINT ( 'NONE',  ( -1.249999999999968248, 0.6000000000000000888, 4.999999999999972466 ) ) ;
#5936 = DIRECTION ( 'NONE',  ( -6.195440985631441512E-16, -1.000000000000000000, 0.000000000000000000 ) ) ;
#5937 = AXIS2_PLACEMENT_3D ( 'NONE', #2505, #9062, #5086 ) ;
#5938 = DIRECTION ( 'NONE',  ( -0.000000000000000000, -0.000000000000000000, 1.000000000000000000 ) ) ;
#5939 = FACE_OUTER_BOUND ( 'NONE', #4991, .T. ) ;
#5940 = CARTESIAN_POINT ( 'NONE',  ( 5.200000000000001066, 5.470710678118656745, 1.352867965644033887 ) ) ;
#5941 = CARTESIAN_POINT ( 'NONE',  ( 3.764267567286928351, 0.3041773469432282884, -5.000000000000000888 ) ) ;
#5942 = ORIENTED_EDGE ( 'NONE', *, *, #4275, .T. ) ;
#5943 = CARTESIAN_POINT ( 'NONE',  ( 1.250000000000032419, 0.6000000000000000888, 5.000000000000000000 ) ) ;
#5944 = EDGE_LOOP ( 'NONE', ( #6913, #891, #5851, #3759, #2814, #8688, #1680, #1999, #7693, #6890, #380, #1702, #5442, #8072, #3228, #9682, #10101, #1272, #7514, #356, #444, #559, #9798, #7400, #1887, #6888, #7751 ) ) ;
#5945 = EDGE_CURVE ( 'NONE', #5521, #1315, #5587, .T. ) ;
#5946 = ORIENTED_EDGE ( 'NONE', *, *, #1865, .T. ) ;
#5947 = AXIS2_PLACEMENT_3D ( 'NONE', #5063, #3533, #5327 ) ;
#5948 = ADVANCED_FACE ( 'NONE', ( #4007 ), #9364, .F. ) ;
#5949 = ORIENTED_EDGE ( 'NONE', *, *, #8491, .F. ) ;
#5950 = EDGE_CURVE ( 'NONE', #3439, #10192, #7132, .T. ) ;
#5951 = LINE ( 'NONE', #9770, #6536 ) ;
#5952 = CARTESIAN_POINT ( 'NONE',  ( -3.827974591282617300, 0.000000000000000000, -4.650000000000000355 ) ) ;
#5953 = COLOUR_RGB ( '',0.7921568627450980005, 0.8196078431372548767, 0.9333333333333333481 ) ;
#5954 = CARTESIAN_POINT ( 'NONE',  ( 2.400000000000000355, 4.850000000000000533, -3.200000000000000178 ) ) ;
#5955 = VERTEX_POINT ( 'NONE', #7080 ) ;
#5956 = PRESENTATION_STYLE_ASSIGNMENT (( #6739 ) ) ;
#5957 = DIRECTION ( 'NONE',  ( -1.000000000000000000, -0.000000000000000000, -0.000000000000000000 ) ) ;
#5958 = ORIENTED_EDGE ( 'NONE', *, *, #8993, .T. ) ;
#5959 = ORIENTED_EDGE ( 'NONE', *, *, #4608, .F. ) ;
#5960 = EDGE_CURVE ( 'NONE', #1715, #7281, #1611, .T. ) ;
#5961 = ADVANCED_FACE ( 'NONE', ( #3952 ), #9510, .T. ) ;
#5962 = ORIENTED_EDGE ( 'NONE', *, *, #2658, .F. ) ;
#5963 = EDGE_CURVE ( 'NONE', #5055, #2337, #7032, .T. ) ;
#5964 = ORIENTED_EDGE ( 'NONE', *, *, #10105, .T. ) ;
#5965 = CARTESIAN_POINT ( 'NONE',  ( -2.399999999999999911, 5.700000000000000178, -3.200000000000000178 ) ) ;
#5966 = DIRECTION ( 'NONE',  ( 1.000000000000000000, 0.000000000000000000, -0.000000000000000000 ) ) ;
#5967 = LINE ( 'NONE', #6749, #6046 ) ;
#5968 = DIRECTION ( 'NONE',  ( 0.000000000000000000, -1.000000000000000000, -2.168404344971008868E-16 ) ) ;
#5969 = ORIENTED_EDGE ( 'NONE', *, *, #3774, .T. ) ;
#5970 = CARTESIAN_POINT ( 'NONE',  ( 4.800000000000000711, 5.500000000000000888, 8.753191851259120031E-16 ) ) ;
#5971 = DIRECTION ( 'NONE',  ( -0.000000000000000000, 0.000000000000000000, -1.000000000000000000 ) ) ;
#5972 = VECTOR ( 'NONE', #1004, 1000.000000000000000 ) ;
#5973 = ORIENTED_EDGE ( 'NONE', *, *, #862, .T. ) ;
#5974 = VECTOR ( 'NONE', #3476, 1000.000000000000000 ) ;
#5975 = VECTOR ( 'NONE', #9263, 1000.000000000000000 ) ;
#5976 = ORIENTED_EDGE ( 'NONE', *, *, #7918, .T. ) ;
#5977 = CARTESIAN_POINT ( 'NONE',  ( 5.055000000000000604, 0.6500000000000020206, -5.000000000000000000 ) ) ;
#5978 = VECTOR ( 'NONE', #171, 1000.000000000000000 ) ;
#5979 = EDGE_CURVE ( 'NONE', #194, #6792, #2429, .T. ) ;
#5980 = CARTESIAN_POINT ( 'NONE',  ( 0.4966738879314770427, 1.799999999999999600, 1.399999999999999689 ) ) ;
#5981 = DIRECTION ( 'NONE',  ( -1.000000000000000000, -0.000000000000000000, -0.000000000000000000 ) ) ;
#5982 = PLANE ( 'NONE',  #177 ) ;
#5983 = DIRECTION ( 'NONE',  ( -1.000000000000000000, 0.000000000000000000, 0.000000000000000000 ) ) ;
#5984 = ORIENTED_EDGE ( 'NONE', *, *, #7325, .T. ) ;
#5985 = DIRECTION ( 'NONE',  ( 0.000000000000000000, 0.000000000000000000, -1.000000000000000000 ) ) ;
#5986 = VECTOR ( 'NONE', #9120, 1000.000000000000000 ) ;
#5987 = LINE ( 'NONE', #9136, #7194 ) ;
#5988 = EDGE_CURVE ( 'NONE', #4934, #2926, #5438, .T. ) ;
#5989 = DIRECTION ( 'NONE',  ( -0.2359856711608181723, -0.8807105146304250454, -0.4106820575897978109 ) ) ;
#5990 = EDGE_CURVE ( 'NONE', #7154, #6754, #9555, .T. ) ;
#5991 = DIRECTION ( 'NONE',  ( -7.542275982507860105E-16, 4.713922489067412566E-17, -1.000000000000000000 ) ) ;
#5992 = DIRECTION ( 'NONE',  ( 0.000000000000000000, -1.000000000000000000, 0.000000000000000000 ) ) ;
#5993 =( GEOMETRIC_REPRESENTATION_CONTEXT ( 3 ) GLOBAL_UNCERTAINTY_ASSIGNED_CONTEXT ( ( #6735 ) ) GLOBAL_UNIT_ASSIGNED_CONTEXT ( ( #9927, #5857, #7455 ) ) REPRESENTATION_CONTEXT ( 'NONE', 'WORKASPACE' ) );
#5995 = VECTOR ( 'NONE', #6125, 1000.000000000000000 ) ;
#5994 = DIRECTION ( 'NONE',  ( -0.000000000000000000, -0.7071067811865385799, 0.7071067811865565655 ) ) ;
#5996 = DIRECTION ( 'NONE',  ( 0.000000000000000000, -0.7071067811865414665, 0.7071067811865535679 ) ) ;
#5997 = AXIS2_PLACEMENT_3D ( 'NONE', #7125, #1605, #4790 ) ;
#5998 = PLANE ( 'NONE',  #5330 ) ;
#5999 = DIRECTION ( 'NONE',  ( 0.000000000000000000, -1.000000000000000000, 0.000000000000000000 ) ) ;
#6000 = VERTEX_POINT ( 'NONE', #8592 ) ;
#6001 = CARTESIAN_POINT ( 'NONE',  ( 6.000000000000000000, 0.000000000000000000, -3.750000000000017319 ) ) ;
#6002 = ORIENTED_EDGE ( 'NONE', *, *, #1299, .T. ) ;
#6003 = VECTOR ( 'NONE', #513, 1000.000000000000114 ) ;
#6004 = VECTOR ( 'NONE', #6052, 1000.000000000000000 ) ;
#6005 = AXIS2_PLACEMENT_3D ( 'NONE', #8033, #7931, #5505 ) ;
#6006 = ORIENTED_EDGE ( 'NONE', *, *, #3772, .F. ) ;
#6007 = EDGE_CURVE ( 'NONE', #3056, #3909, #1454, .T. ) ;
#6008 = EDGE_CURVE ( 'NONE', #9516, #6541, #784, .T. ) ;
#6009 = AXIS2_PLACEMENT_3D ( 'NONE', #10168, #4995, #5727 ) ;
#6010 = DIRECTION ( 'NONE',  ( 1.000000000000000000, 0.000000000000000000, 0.000000000000000000 ) ) ;
#6011 = VECTOR ( 'NONE', #8876, 1000.000000000000000 ) ;
#6012 = CARTESIAN_POINT ( 'NONE',  ( -5.305000000000000604, 1.799999999999999600, 1.099999999999999867 ) ) ;
#6013 = ORIENTED_EDGE ( 'NONE', *, *, #9680, .F. ) ;
#6014 = DIRECTION ( 'NONE',  ( -0.9396926207859095381, -0.000000000000000000, -0.3420201433256658263 ) ) ;
#6015 = ORIENTED_EDGE ( 'NONE', *, *, #6513, .F. ) ;
#6016 = CARTESIAN_POINT ( 'NONE',  ( 2.750000000000031974, 0.6000000000000000888, 5.000000000000000000 ) ) ;
#6017 = EDGE_LOOP ( 'NONE', ( #2829, #1160, #777, #1776 ) ) ;
#6018 = AXIS2_PLACEMENT_3D ( 'NONE', #3793, #9352, #2076 ) ;
#6019 = ORIENTED_EDGE ( 'NONE', *, *, #9075, .F. ) ;
#6020 = ORIENTED_EDGE ( 'NONE', *, *, #7409, .T. ) ;
#6021 = CARTESIAN_POINT ( 'NONE',  ( -4.350000000000001421, -2.301844612353840547E-15, -5.000000000000000000 ) ) ;
#6022 = CARTESIAN_POINT ( 'NONE',  ( -4.800000000000000711, 0.000000000000000000, 0.000000000000000000 ) ) ;
#6023 = FACE_OUTER_BOUND ( 'NONE', #452, .T. ) ;
#6024 = DIRECTION ( 'NONE',  ( -1.000000000000000000, 0.000000000000000000, 0.000000000000000000 ) ) ;
#6025 = EDGE_CURVE ( 'NONE', #2500, #6131, #6258, .T. ) ;
#6026 = ORIENTED_EDGE ( 'NONE', *, *, #1767, .F. ) ;
#6027 = DIRECTION ( 'NONE',  ( 1.000000000000000000, -0.000000000000000000, -0.000000000000000000 ) ) ;
#6028 = EDGE_CURVE ( 'NONE', #7408, #939, #4701, .T. ) ;
#6029 = DIRECTION ( 'NONE',  ( -0.000000000000000000, 1.000000000000000000, -0.000000000000000000 ) ) ;
#6030 = ORIENTED_EDGE ( 'NONE', *, *, #8343, .F. ) ;
#6031 = EDGE_LOOP ( 'NONE', ( #9740, #8841, #4948, #57, #2928, #6978 ) ) ;
#6032 = DIRECTION ( 'NONE',  ( 0.000000000000000000, 0.000000000000000000, -1.000000000000000000 ) ) ;
#6033 = LINE ( 'NONE', #8306, #1298 ) ;
#6034 = LINE ( 'NONE', #7792, #288 ) ;
#6035 = LINE ( 'NONE', #8414, #2280 ) ;
#6036 = DIRECTION ( 'NONE',  ( -1.000000000000000000, 1.182766006347823306E-15, 0.000000000000000000 ) ) ;
#6037 = EDGE_CURVE ( 'NONE', #1976, #549, #3904, .T. ) ;
#6038 = PLANE ( 'NONE',  #6599 ) ;
#6039 = EDGE_LOOP ( 'NONE', ( #6812, #7317, #9846, #1564 ) ) ;
#6040 =( GEOMETRIC_REPRESENTATION_CONTEXT ( 3 ) GLOBAL_UNCERTAINTY_ASSIGNED_CONTEXT ( ( #9199 ) ) GLOBAL_UNIT_ASSIGNED_CONTEXT ( ( #4899, #1509, #7910 ) ) REPRESENTATION_CONTEXT ( 'NONE', 'WORKASPACE' ) );
#6041 = CARTESIAN_POINT ( 'NONE',  ( 6.000000000000000000, 0.000000000000000000, -3.600000000000000089 ) ) ;
#6042 = CARTESIAN_POINT ( 'NONE',  ( -0.6250000000000001110, 5.000000000000000000, -2.200000000000000178 ) ) ;
#6043 = EDGE_CURVE ( 'NONE', #9822, #4726, #2333, .T. ) ;
#6044 = FACE_OUTER_BOUND ( 'NONE', #8609, .T. ) ;
#6045 = FACE_OUTER_BOUND ( 'NONE', #3641, .T. ) ;
#6046 = VECTOR ( 'NONE', #7523, 1000.000000000000000 ) ;
#6047 = DIRECTION ( 'NONE',  ( 0.000000000000000000, 0.000000000000000000, 1.000000000000000000 ) ) ;
#6048 = VECTOR ( 'NONE', #6610, 1000.000000000000000 ) ;
#6049 = FACE_OUTER_BOUND ( 'NONE', #10002, .T. ) ;
#6050 = LINE ( 'NONE', #4690, #5451 ) ;
#6051 = CARTESIAN_POINT ( 'NONE',  ( -3.794720210200572375, 0.03772148143099297163, -4.832696228261577076 ) ) ;
#6052 = DIRECTION ( 'NONE',  ( -1.000000000000000000, 0.000000000000000000, 1.463502621998718671E-15 ) ) ;
#6053 = ADVANCED_FACE ( 'NONE', ( #1561 ), #7916, .F. ) ;
#6054 = ORIENTED_EDGE ( 'NONE', *, *, #9428, .T. ) ;
#6055 = EDGE_LOOP ( 'NONE', ( #2663, #8154, #137, #7764, #2876, #4705, #6588, #8994 ) ) ;
#6056 = CIRCLE ( 'NONE', #729, 0.2500000000000002220 ) ;
#6057 = ORIENTED_EDGE ( 'NONE', *, *, #7162, .T. ) ;
#6058 = DIRECTION ( 'NONE',  ( -5.102127870520020982E-16, -1.000000000000000000, 0.000000000000000000 ) ) ;
#6059 = CARTESIAN_POINT ( 'NONE',  ( 4.800000000000000711, 5.425000000000000711, 1.974999999999999867 ) ) ;
#6060 = CARTESIAN_POINT ( 'NONE',  ( -6.000000000000000000, 0.4000000000000000222, 2.149999999999999911 ) ) ;
#6061 = ORIENTED_EDGE ( 'NONE', *, *, #3621, .T. ) ;
#6062 = CARTESIAN_POINT ( 'NONE',  ( -0.8591910702798596366, 0.000000000000000000, -2.300000000000000266 ) ) ;
#6063 = EDGE_CURVE ( 'NONE', #1529, #2758, #3259, .T. ) ;
#6064 = CARTESIAN_POINT ( 'NONE',  ( -5.200000000000001066, 5.400000000000000355, 0.5321572875253804957 ) ) ;
#6065 = ADVANCED_FACE ( 'NONE', ( #2532 ), #1660, .F. ) ;
#6066 = VERTEX_POINT ( 'NONE', #2480 ) ;
#6067 = DIRECTION ( 'NONE',  ( 0.000000000000000000, -1.000000000000000000, 0.000000000000000000 ) ) ;
#6068 = ORIENTED_EDGE ( 'NONE', *, *, #2182, .T. ) ;
#6069 = EDGE_LOOP ( 'NONE', ( #2933, #1313, #7060, #2744 ) ) ;
#6070 = VERTEX_POINT ( 'NONE', #5016 ) ;
#6071 = DIRECTION ( 'NONE',  ( 0.000000000000000000, -0.000000000000000000, -1.000000000000000000 ) ) ;
#6072 = LINE ( 'NONE', #4510, #9233 ) ;
#6073 = PLANE ( 'NONE',  #5478 ) ;
#6074 = DIRECTION ( 'NONE',  ( -1.000000000000000000, -0.000000000000000000, -0.000000000000000000 ) ) ;
#6075 = VERTEX_POINT ( 'NONE', #5693 ) ;
#6076 = DIRECTION ( 'NONE',  ( 0.000000000000000000, -1.000000000000000000, 6.829619984160656074E-16 ) ) ;
#6077 = CARTESIAN_POINT ( 'NONE',  ( -5.200000000000001066, 5.299999999999999822, -1.699999999999999734 ) ) ;
#6078 = ORIENTED_EDGE ( 'NONE', *, *, #4985, .F. ) ;
#6079 = VERTEX_POINT ( 'NONE', #1816 ) ;
#6080 = EDGE_CURVE ( 'NONE', #955, #2282, #3369, .T. ) ;
#6081 = ORIENTED_EDGE ( 'NONE', *, *, #6336, .F. ) ;
#6082 = EDGE_CURVE ( 'NONE', #9843, #950, #3241, .T. ) ;
#6083 = DIRECTION ( 'NONE',  ( 0.000000000000000000, 0.000000000000000000, 1.000000000000000000 ) ) ;
#6084 = CARTESIAN_POINT ( 'NONE',  ( 6.000000000000000000, 5.700000000000000178, -3.200000000000000178 ) ) ;
#6085 = CARTESIAN_POINT ( 'NONE',  ( 2.850000000000000089, 5.700000000000000178, -3.200000000000000178 ) ) ;
#6086 = VECTOR ( 'NONE', #1420, 1000.000000000000000 ) ;
#6087 = DIRECTION ( 'NONE',  ( -0.000000000000000000, -0.000000000000000000, 1.000000000000000000 ) ) ;
#6088 = ORIENTED_EDGE ( 'NONE', *, *, #1767, .T. ) ;
#6089 = ADVANCED_FACE ( 'NONE', ( #3422 ), #6038, .F. ) ;
#6090 = LINE ( 'NONE', #6140, #5767 ) ;
#6091 = ORIENTED_EDGE ( 'NONE', *, *, #6847, .T. ) ;
#6092 = CARTESIAN_POINT ( 'NONE',  ( -2.749999999999966693, 0.6000000000000000888, 2.399999999999958167 ) ) ;
#6093 = CARTESIAN_POINT ( 'NONE',  ( -4.800000000000000711, 5.500000000000000888, 0.9678427124746186161 ) ) ;
#6094 = AXIS2_PLACEMENT_3D ( 'NONE', #8182, #1056, #8233 ) ;
#6095 = EDGE_CURVE ( 'NONE', #6319, #6801, #8068, .T. ) ;
#6096 = LINE ( 'NONE', #6966, #4554 ) ;
#6097 = CARTESIAN_POINT ( 'NONE',  ( 0.7500000000000006661, 2.149999999999999467, -2.300000000000000266 ) ) ;
#6098 = CARTESIAN_POINT ( 'NONE',  ( 5.305000000000000604, 4.050000000000000711, -3.000000000000000000 ) ) ;
#6099 = DIRECTION ( 'NONE',  ( 1.182766006347823306E-15, 1.000000000000000000, -0.000000000000000000 ) ) ;
#6100 = CARTESIAN_POINT ( 'NONE',  ( 0.000000000000000000, 0.000000000000000000, -3.000000000000000000 ) ) ;
#6101 = DIRECTION ( 'NONE',  ( 0.000000000000000000, 2.759533940951752967E-15, 1.000000000000000000 ) ) ;
#6102 = CIRCLE ( 'NONE', #9064, 0.5999999999999998668 ) ;
#6103 = CARTESIAN_POINT ( 'NONE',  ( -6.000000000000000000, 0.3999999999999996336, 1.399999999999999689 ) ) ;
#6104 = VERTEX_POINT ( 'NONE', #6465 ) ;
#6105 = ORIENTED_EDGE ( 'NONE', *, *, #588, .F. ) ;
#6106 = ORIENTED_EDGE ( 'NONE', *, *, #4683, .F. ) ;
#6107 = AXIS2_PLACEMENT_3D ( 'NONE', #10258, #6234, #4724 ) ;
#6108 = FILL_AREA_STYLE_COLOUR ( '', #9821 ) ;
#6109 = UNCERTAINTY_MEASURE_WITH_UNIT (LENGTH_MEASURE( 1.000000000000000082E-05 ), #1432, 'distance_accuracy_value', 'NONE');
#6110 = DIRECTION ( 'NONE',  ( -0.000000000000000000, -0.000000000000000000, -1.000000000000000000 ) ) ;
#6111 = FACE_OUTER_BOUND ( 'NONE', #4313, .T. ) ;
#6112 = ORIENTED_EDGE ( 'NONE', *, *, #6395, .T. ) ;
#6113 = CARTESIAN_POINT ( 'NONE',  ( -5.200000000000001066, 5.470710678118654968, 0.8971320343559638921 ) ) ;
#6114 = DIRECTION ( 'NONE',  ( -1.000000000000000000, 0.000000000000000000, 0.000000000000000000 ) ) ;
#6115 = VERTEX_POINT ( 'NONE', #172 ) ;
#6116 = VECTOR ( 'NONE', #2685, 1000.000000000000000 ) ;
#6117 = CARTESIAN_POINT ( 'NONE',  ( -4.800000000000000711, 4.939999999999999503, 3.000000000000000888 ) ) ;
#6118 = ORIENTED_EDGE ( 'NONE', *, *, #712, .T. ) ;
#6119 = ORIENTED_EDGE ( 'NONE', *, *, #1304, .T. ) ;
#6120 = ORIENTED_EDGE ( 'NONE', *, *, #1936, .T. ) ;
#6121 = EDGE_CURVE ( 'NONE', #3481, #148, #8367, .T. ) ;
#6122 = EDGE_CURVE ( 'NONE', #1843, #2569, #937, .T. ) ;
#6123 = COLOUR_RGB ( '',0.7921568627450980005, 0.8196078431372548767, 0.9333333333333333481 ) ;
#6124 = DIRECTION ( 'NONE',  ( 0.000000000000000000, -1.000000000000000000, 0.000000000000000000 ) ) ;
#6125 = DIRECTION ( 'NONE',  ( 1.000000000000000000, -0.000000000000000000, -0.000000000000000000 ) ) ;
#6126 = LINE ( 'NONE', #1374, #4417 ) ;
#6127 = ORIENTED_EDGE ( 'NONE', *, *, #9353, .F. ) ;
#6128 = CARTESIAN_POINT ( 'NONE',  ( 5.200000000000001066, 5.394289321881344357, 0.6792893218813451650 ) ) ;
#6129 = LINE ( 'NONE', #7634, #7827 ) ;
#6130 = ORIENTED_EDGE ( 'NONE', *, *, #8959, .F. ) ;
#6131 = VERTEX_POINT ( 'NONE', #4903 ) ;
#6132 = EDGE_LOOP ( 'NONE', ( #3229, #2327, #1935, #5869 ) ) ;
#6133 = EDGE_CURVE ( 'NONE', #8418, #7632, #7289, .T. ) ;
#6134 = DIRECTION ( 'NONE',  ( -1.000000000000000000, 0.000000000000000000, -0.000000000000000000 ) ) ;
#6135 = DIRECTION ( 'NONE',  ( -1.000000000000000000, -5.102127870520020982E-16, 0.000000000000000000 ) ) ;
#6136 = CARTESIAN_POINT ( 'NONE',  ( -6.000000000000000000, 2.540808929720139275, -2.300000000000000266 ) ) ;
#6137 = EDGE_LOOP ( 'NONE', ( #7082, #755, #3615, #6214, #562, #4228 ) ) ;
#6138 = VECTOR ( 'NONE', #8872, 1000.000000000000000 ) ;
#6139 = AXIS2_PLACEMENT_3D ( 'NONE', #2734, #5842, #1812 ) ;
#6140 = CARTESIAN_POINT ( 'NONE',  ( -5.304999999999998828, 1.800000000000000044, -1.699999999999999067 ) ) ;
#6141 = EDGE_LOOP ( 'NONE', ( #1846, #1580, #4232, #4975 ) ) ;
#6142 = CARTESIAN_POINT ( 'NONE',  ( -5.200000000000001066, 5.299999999999999822, -1.699999999999999734 ) ) ;
#6143 = VECTOR ( 'NONE', #8657, 1000.000000000000000 ) ;
#6144 = FACE_OUTER_BOUND ( 'NONE', #9572, .T. ) ;
#6145 = LINE ( 'NONE', #6097, #7482 ) ;
#6146 = LINE ( 'NONE', #7712, #3465 ) ;
#6147 = DIRECTION ( 'NONE',  ( 1.000000000000000000, 0.000000000000000000, 0.000000000000000000 ) ) ;
#6148 = LINE ( 'NONE', #2273, #2271 ) ;
#6149 = DIRECTION ( 'NONE',  ( 0.000000000000000000, -1.000000000000000000, -0.000000000000000000 ) ) ;
#6150 = AXIS2_PLACEMENT_3D ( 'NONE', #1089, #6676, #2686 ) ;
#6151 = EDGE_CURVE ( 'NONE', #8705, #7010, #1044, .T. ) ;
#6152 = DIRECTION ( 'NONE',  ( -0.9396926207859095381, -0.000000000000000000, -0.3420201433256658263 ) ) ;
#6153 = EDGE_CURVE ( 'NONE', #3481, #1525, #462, .T. ) ;
#6154 = AXIS2_PLACEMENT_3D ( 'NONE', #7177, #5631, #3899 ) ;
#6155 = VERTEX_POINT ( 'NONE', #883 ) ;
#6156 = DIRECTION ( 'NONE',  ( 1.000000000000000000, -0.000000000000000000, -0.000000000000000000 ) ) ;
#6157 = VERTEX_POINT ( 'NONE', #8173 ) ;
#6158 = AXIS2_PLACEMENT_3D ( 'NONE', #6646, #3503, #4188 ) ;
#6159 = EDGE_LOOP ( 'NONE', ( #2109, #2608, #176, #2087 ) ) ;
#6160 = AXIS2_PLACEMENT_3D ( 'NONE', #8776, #1800, #4049 ) ;
#6161 = CARTESIAN_POINT ( 'NONE',  ( 4.004999999999999893, 4.400000000000000355, 2.249999999999999112 ) ) ;
#6162 = DIRECTION ( 'NONE',  ( 0.000000000000000000, 0.000000000000000000, 1.000000000000000000 ) ) ;
#6163 = VERTEX_POINT ( 'NONE', #5741 ) ;
#6164 = DIRECTION ( 'NONE',  ( 0.000000000000000000, 0.000000000000000000, -1.000000000000000000 ) ) ;
#6165 = DIRECTION ( 'NONE',  ( 0.000000000000000000, -1.000000000000000000, 0.000000000000000000 ) ) ;
#6166 = ORIENTED_EDGE ( 'NONE', *, *, #9370, .F. ) ;
#6167 = CARTESIAN_POINT ( 'NONE',  ( -4.200000000000000178, 4.800000000000000711, -3.049999999999999378 ) ) ;
#6168 = CIRCLE ( 'NONE', #2644, 0.09999999999999982514 ) ;
#6169 = ORIENTED_EDGE ( 'NONE', *, *, #1613, .T. ) ;
#6170 = EDGE_CURVE ( 'NONE', #1508, #7490, #8940, .T. ) ;
#6171 = VERTEX_POINT ( 'NONE', #7237 ) ;
#6172 = VERTEX_POINT ( 'NONE', #4956 ) ;
#6173 = VECTOR ( 'NONE', #7607, 1000.000000000000000 ) ;
#6174 = DIRECTION ( 'NONE',  ( 2.224004456380521903E-16, -1.000000000000000000, 0.000000000000000000 ) ) ;
#6175 = AXIS2_PLACEMENT_3D ( 'NONE', #9690, #9019, #2558 ) ;
#6176 = LINE ( 'NONE', #9324, #3277 ) ;
#6177 = CARTESIAN_POINT ( 'NONE',  ( 1.250000000000033307, 0.6000000000000000888, 2.400000000000000355 ) ) ;
#6178 = ORIENTED_EDGE ( 'NONE', *, *, #8229, .F. ) ;
#6179 = DIRECTION ( 'NONE',  ( -1.000000000000000000, 0.000000000000000000, 0.000000000000000000 ) ) ;
#6180 = CARTESIAN_POINT ( 'NONE',  ( -2.250000000000004885, 3.850000000000001421, -3.200000000000000178 ) ) ;
#6181 = ORIENTED_EDGE ( 'NONE', *, *, #1705, .F. ) ;
#6182 = ORIENTED_EDGE ( 'NONE', *, *, #9848, .F. ) ;
#6183 = VECTOR ( 'NONE', #7011, 1000.000000000000000 ) ;
#6184 = EDGE_CURVE ( 'NONE', #551, #6070, #6102, .T. ) ;
#6185 = ORIENTED_EDGE ( 'NONE', *, *, #9659, .T. ) ;
#6186 = CARTESIAN_POINT ( 'NONE',  ( -2.100000000000000533, 3.699999999999998845, 0.7999999999999994893 ) ) ;
#6187 = CARTESIAN_POINT ( 'NONE',  ( 6.000000000000000000, 1.300000000000000266, 3.899999999999999911 ) ) ;
#6188 = FACE_OUTER_BOUND ( 'NONE', #3389, .T. ) ;
#6189 = ORIENTED_EDGE ( 'NONE', *, *, #618, .F. ) ;
#6190 = CARTESIAN_POINT ( 'NONE',  ( -6.000000000000000000, 3.150000000000000799, -3.000000000000000000 ) ) ;
#6191 = ORIENTED_EDGE ( 'NONE', *, *, #1552, .T. ) ;
#6192 = FACE_OUTER_BOUND ( 'NONE', #351, .T. ) ;
#6193 = EDGE_CURVE ( 'NONE', #6252, #8073, #7346, .T. ) ;
#6194 = DIRECTION ( 'NONE',  ( 1.000000000000000000, 0.000000000000000000, 0.000000000000000000 ) ) ;
#6195 = CARTESIAN_POINT ( 'NONE',  ( 3.026055542458624181, 0.3499999999999999778, -3.750000000000003553 ) ) ;
#6196 = EDGE_CURVE ( 'NONE', #939, #8500, #4220, .T. ) ;
#6197 = CARTESIAN_POINT ( 'NONE',  ( -5.305000000000000604, 4.050000000000000711, -3.200000000000000178 ) ) ;
#6198 = VECTOR ( 'NONE', #4644, 1000.000000000000000 ) ;
#6199 = PLANE ( 'NONE',  #1136 ) ;
#6200 = CARTESIAN_POINT ( 'NONE',  ( -2.749999999999967581, 0.6000000000000000888, 5.000000000000000000 ) ) ;
#6201 = DIRECTION ( 'NONE',  ( 0.000000000000000000, 1.000000000000000000, 0.000000000000000000 ) ) ;
#6202 = ORIENTED_EDGE ( 'NONE', *, *, #6008, .T. ) ;
#6203 = DIRECTION ( 'NONE',  ( 0.000000000000000000, -1.000000000000000000, 0.000000000000000000 ) ) ;
#6204 = VERTEX_POINT ( 'NONE', #6190 ) ;
#6205 = VECTOR ( 'NONE', #3796, 1000.000000000000000 ) ;
#6206 = EDGE_CURVE ( 'NONE', #10192, #4619, #7647, .T. ) ;
#6207 = EDGE_LOOP ( 'NONE', ( #8450, #4052, #6230, #1950 ) ) ;
#6208 = DIRECTION ( 'NONE',  ( -1.000000000000000000, -0.000000000000000000, -0.000000000000000000 ) ) ;
#6209 = ADVANCED_FACE ( 'NONE', ( #7058 ), #1487, .F. ) ;
#6210 = EDGE_CURVE ( 'NONE', #7490, #5433, #2932, .T. ) ;
#6211 = UNCERTAINTY_MEASURE_WITH_UNIT (LENGTH_MEASURE( 1.000000000000000082E-05 ), #2232, 'distance_accuracy_value', 'NONE');
#6212 = LINE ( 'NONE', #3804, #982 ) ;
#6213 = DIRECTION ( 'NONE',  ( 0.000000000000000000, 0.000000000000000000, 1.000000000000000000 ) ) ;
#6214 = ORIENTED_EDGE ( 'NONE', *, *, #5008, .T. ) ;
#6215 = CARTESIAN_POINT ( 'NONE',  ( -2.749999999999967137, 0.6000000000000000888, 3.899999999999999911 ) ) ;
#6216 = VECTOR ( 'NONE', #5194, 1000.000000000000000 ) ;
#6217 = ORIENTED_EDGE ( 'NONE', *, *, #2125, .T. ) ;
#6218 = AXIS2_PLACEMENT_3D ( 'NONE', #8025, #3325, #9472 ) ;
#6219 = DIRECTION ( 'NONE',  ( -0.000000000000000000, 1.000000000000000000, -0.000000000000000000 ) ) ;
#6220 = ORIENTED_EDGE ( 'NONE', *, *, #4163, .F. ) ;
#6221 = ORIENTED_EDGE ( 'NONE', *, *, #9618, .T. ) ;
#6222 = ORIENTED_EDGE ( 'NONE', *, *, #5752, .T. ) ;
#6223 = EDGE_CURVE ( 'NONE', #1207, #8418, #6090, .T. ) ;
#6224 = FACE_OUTER_BOUND ( 'NONE', #5822, .T. ) ;
#6225 = CARTESIAN_POINT ( 'NONE',  ( 0.6250000000000001110, 4.400000000000000355, -2.200000000000000178 ) ) ;
#6226 = PLANE ( 'NONE',  #7412 ) ;
#6227 = VERTEX_POINT ( 'NONE', #3679 ) ;
#6228 = CARTESIAN_POINT ( 'NONE',  ( -5.200000000000001066, 4.864999999999999325, 2.925000000000000266 ) ) ;
#6229 = LINE ( 'NONE', #561, #1832 ) ;
#6230 = ORIENTED_EDGE ( 'NONE', *, *, #1367, .F. ) ;
#6231 = ORIENTED_EDGE ( 'NONE', *, *, #3101, .F. ) ;
#6232 = VERTEX_POINT ( 'NONE', #8470 ) ;
#6233 = DIRECTION ( 'NONE',  ( 0.5773502691896260641, 0.5773502691896222894, 0.5773502691896289507 ) ) ;
#6234 = DIRECTION ( 'NONE',  ( 1.000000000000000000, 0.000000000000000000, -0.000000000000000000 ) ) ;
#6235 = FACE_OUTER_BOUND ( 'NONE', #3471, .T. ) ;
#6236 = ORIENTED_EDGE ( 'NONE', *, *, #3655, .F. ) ;
#6237 = DIRECTION ( 'NONE',  ( -0.000000000000000000, 0.000000000000000000, 1.000000000000000000 ) ) ;
#6238 = EDGE_LOOP ( 'NONE', ( #9230, #6927, #3382, #4358 ) ) ;
#6239 = DIRECTION ( 'NONE',  ( 0.000000000000000000, 0.000000000000000000, 1.000000000000000000 ) ) ;
#6240 = CARTESIAN_POINT ( 'NONE',  ( 4.900000000000000355, 1.799999999999999600, 1.099999999999999867 ) ) ;
#6241 = VECTOR ( 'NONE', #10094, 1000.000000000000000 ) ;
#6242 = PLANE ( 'NONE',  #5179 ) ;
#6243 = DIRECTION ( 'NONE',  ( -1.000000000000000000, 0.000000000000000000, 0.000000000000000000 ) ) ;
#6244 = ADVANCED_FACE ( 'NONE', ( #3782 ), #110, .F. ) ;
#6245 = EDGE_CURVE ( 'NONE', #2348, #4601, #2215, .T. ) ;
#6246 = CARTESIAN_POINT ( 'NONE',  ( -1.883333333333335524, 3.483333333333335613, -2.833333333333338810 ) ) ;
#6247 = DIRECTION ( 'NONE',  ( 0.000000000000000000, 0.000000000000000000, 1.000000000000000000 ) ) ;
#6248 = DIRECTION ( 'NONE',  ( 0.000000000000000000, 1.000000000000000000, 0.000000000000000000 ) ) ;
#6249 = ORIENTED_EDGE ( 'NONE', *, *, #2025, .T. ) ;
#6250 = DIRECTION ( 'NONE',  ( -1.000000000000000000, -0.000000000000000000, -0.000000000000000000 ) ) ;
#6251 = AXIS2_PLACEMENT_3D ( 'NONE', #4497, #1984, #5236 ) ;
#6252 = VERTEX_POINT ( 'NONE', #2263 ) ;
#6253 = CARTESIAN_POINT ( 'NONE',  ( -3.249999999999968026, 0.2000000000000000111, 2.399999999999958167 ) ) ;
#6254 = VERTEX_POINT ( 'NONE', #7701 ) ;
#6255 = CARTESIAN_POINT ( 'NONE',  ( 6.000000000000000000, 1.999896230895142013, -5.000000000000000000 ) ) ;
#6256 = VECTOR ( 'NONE', #275, 1000.000000000000000 ) ;
#6257 = FACE_OUTER_BOUND ( 'NONE', #3305, .T. ) ;
#6258 = LINE ( 'NONE', #2284, #441 ) ;
#6259 = DIRECTION ( 'NONE',  ( 0.000000000000000000, 1.000000000000000000, 0.000000000000000000 ) ) ;
#6260 = ORIENTED_EDGE ( 'NONE', *, *, #8793, .T. ) ;
#6261 = CARTESIAN_POINT ( 'NONE',  ( -1.249999999999968248, 0.6000000000000000888, 5.000000000000000000 ) ) ;
#6262 = ORIENTED_EDGE ( 'NONE', *, *, #4532, .T. ) ;
#6263 = CIRCLE ( 'NONE', #9561, 0.1000000000000018929 ) ;
#6264 = VERTEX_POINT ( 'NONE', #1280 ) ;
#6265 = DIRECTION ( 'NONE',  ( -1.000000000000000000, 0.000000000000000000, 0.000000000000000000 ) ) ;
#6266 = VERTEX_POINT ( 'NONE', #3883 ) ;
#6267 = PLANE ( 'NONE',  #2613 ) ;
#6268 = DIRECTION ( 'NONE',  ( -1.000000000000000000, 0.000000000000000000, 0.000000000000000000 ) ) ;
#6269 = AXIS2_PLACEMENT_3D ( 'NONE', #1995, #7628, #501 ) ;
#6270 = PLANE ( 'NONE',  #9210 ) ;
#6271 = ORIENTED_EDGE ( 'NONE', *, *, #7918, .F. ) ;
#6272 = DIRECTION ( 'NONE',  ( -0.000000000000000000, 0.000000000000000000, 1.000000000000000000 ) ) ;
#6273 = CARTESIAN_POINT ( 'NONE',  ( 1.250000000000001110, 2.540808929720139275, -2.300000000000000266 ) ) ;
#6274 = ORIENTED_EDGE ( 'NONE', *, *, #6407, .T. ) ;
#6275 = EDGE_CURVE ( 'NONE', #3333, #6565, #1338, .T. ) ;
#6276 = EDGE_CURVE ( 'NONE', #9484, #662, #574, .T. ) ;
#6277 = ORIENTED_EDGE ( 'NONE', *, *, #6290, .F. ) ;
#6278 = EDGE_CURVE ( 'NONE', #9644, #1896, #6912, .T. ) ;
#6279 = ORIENTED_EDGE ( 'NONE', *, *, #5383, .T. ) ;
#6280 = PRESENTATION_LAYER_ASSIGNMENT (  '', '', ( #8099 ) ) ;
#6281 = ORIENTED_EDGE ( 'NONE', *, *, #1339, .F. ) ;
#6282 = CARTESIAN_POINT ( 'NONE',  ( 5.200000000000001066, 2.400000000000001243, -1.699999999999999734 ) ) ;
#6283 = DIRECTION ( 'NONE',  ( 0.000000000000000000, 0.000000000000000000, -1.000000000000000000 ) ) ;
#6284 = CARTESIAN_POINT ( 'NONE',  ( -3.249999999999999556, 2.649999999999999911, 0.7999999999999994893 ) ) ;
#6285 = ORIENTED_EDGE ( 'NONE', *, *, #9275, .T. ) ;
#6286 = PLANE ( 'NONE',  #116 ) ;
#6287 = ORIENTED_EDGE ( 'NONE', *, *, #9734, .F. ) ;
#6288 = AXIS2_PLACEMENT_3D ( 'NONE', #9227, #4467, #622 ) ;
#6289 = CARTESIAN_POINT ( 'NONE',  ( 4.599999999999999645, 5.699999999999999289, 2.250000000000000000 ) ) ;
#6290 = EDGE_CURVE ( 'NONE', #7695, #7796, #3083, .T. ) ;
#6291 = LINE ( 'NONE', #2314, #9344 ) ;
#6292 = LINE ( 'NONE', #5526, #2004 ) ;
#6293 = DIRECTION ( 'NONE',  ( -1.000000000000000000, -0.000000000000000000, -0.000000000000000000 ) ) ;
#6294 = VECTOR ( 'NONE', #4971, 1000.000000000000000 ) ;
#6295 = DIRECTION ( 'NONE',  ( 1.000000000000000000, 0.000000000000000000, 0.000000000000000000 ) ) ;
#6296 = DIRECTION ( 'NONE',  ( -6.195440985631441512E-16, 1.000000000000000000, 0.000000000000000000 ) ) ;
#6297 = VECTOR ( 'NONE', #74, 1000.000000000000000 ) ;
#6298 = LINE ( 'NONE', #1502, #361 ) ;
#6299 = VECTOR ( 'NONE', #6784, 1000.000000000000000 ) ;
#6300 = ORIENTED_EDGE ( 'NONE', *, *, #7704, .F. ) ;
#6301 = DIRECTION ( 'NONE',  ( 0.000000000000000000, -1.000000000000000000, 0.000000000000000000 ) ) ;
#6302 = VERTEX_POINT ( 'NONE', #5418 ) ;
#6303 = ADVANCED_FACE ( 'NONE', ( #2166 ), #10111, .F. ) ;
#6304 = ADVANCED_FACE ( 'NONE', ( #4626 ), #1387, .F. ) ;
#6305 = CARTESIAN_POINT ( 'NONE',  ( -1.249999999999968248, 0.6000000000000000888, 2.399999999999972378 ) ) ;
#6306 = DIRECTION ( 'NONE',  ( -0.000000000000000000, -1.000000000000000000, -0.000000000000000000 ) ) ;
#6307 = VECTOR ( 'NONE', #4955, 1000.000000000000000 ) ;
#6308 = FACE_OUTER_BOUND ( 'NONE', #6884, .T. ) ;
#6309 = EDGE_CURVE ( 'NONE', #7088, #3322, #4579, .T. ) ;
#6310 = LINE ( 'NONE', #1610, #2627 ) ;
#6311 = DIRECTION ( 'NONE',  ( 0.000000000000000000, 1.000000000000000000, 0.000000000000000000 ) ) ;
#6312 = DIRECTION ( 'NONE',  ( 0.9396926207859095381, 0.000000000000000000, -0.3420201433256658263 ) ) ;
#6313 = ORIENTED_EDGE ( 'NONE', *, *, #2594, .F. ) ;
#6314 = CARTESIAN_POINT ( 'NONE',  ( 5.200000000000001066, 5.400000000000000355, 0.9678427124746188381 ) ) ;
#6315 = ORIENTED_EDGE ( 'NONE', *, *, #6351, .T. ) ;
#6316 = CIRCLE ( 'NONE', #10114, 0.2500000000000019429 ) ;
#6317 = EDGE_CURVE ( 'NONE', #6254, #250, #6759, .T. ) ;
#6318 = AXIS2_PLACEMENT_3D ( 'NONE', #9652, #1031, #7173 ) ;
#6319 = VERTEX_POINT ( 'NONE', #5468 ) ;
#6320 = FACE_OUTER_BOUND ( 'NONE', #9987, .T. ) ;
#6321 = FACE_OUTER_BOUND ( 'NONE', #9053, .T. ) ;
#6322 = CARTESIAN_POINT ( 'NONE',  ( 5.200000000000001066, 5.400000000000000355, 0.5321572875253804957 ) ) ;
#6323 = CARTESIAN_POINT ( 'NONE',  ( -6.000000000000000000, 0.6000000000000000888, 0.000000000000000000 ) ) ;
#6324 = ORIENTED_EDGE ( 'NONE', *, *, #2289, .F. ) ;
#6325 = CARTESIAN_POINT ( 'NONE',  ( -6.000000000000000000, 2.400000000000000355, 1.800000000000000711 ) ) ;
#6326 = AXIS2_PLACEMENT_3D ( 'NONE', #10181, #1706, #2422 ) ;
#6327 = CARTESIAN_POINT ( 'NONE',  ( 5.305000000000000604, 1.800000000000000266, -3.200000000000000178 ) ) ;
#6328 = ORIENTED_EDGE ( 'NONE', *, *, #8712, .T. ) ;
#6329 = VECTOR ( 'NONE', #4159, 1000.000000000000000 ) ;
#6330 = ORIENTED_EDGE ( 'NONE', *, *, #8474, .F. ) ;
#6331 = VECTOR ( 'NONE', #7846, 1000.000000000000000 ) ;
#6332 = AXIS2_PLACEMENT_3D ( 'NONE', #4537, #6152, #10021 ) ;
#6333 = ORIENTED_EDGE ( 'NONE', *, *, #8429, .T. ) ;
#6334 = ORIENTED_EDGE ( 'NONE', *, *, #4268, .T. ) ;
#6335 = AXIS2_PLACEMENT_3D ( 'NONE', #6652, #5971, #7579 ) ;
#6336 = EDGE_CURVE ( 'NONE', #2668, #1679, #2573, .T. ) ;
#6337 = DIRECTION ( 'NONE',  ( -1.462935707582329909E-17, 0.9647638212377321887, -0.2631174057921086828 ) ) ;
#6338 = DIRECTION ( 'NONE',  ( -0.000000000000000000, -0.000000000000000000, 1.000000000000000000 ) ) ;
#6339 = ADVANCED_FACE ( 'NONE', ( #5262 ), #2886, .F. ) ;
#6340 = EDGE_CURVE ( 'NONE', #1064, #9341, #3142, .T. ) ;
#6341 = PLANE ( 'NONE',  #2721 ) ;
#6342 = ORIENTED_EDGE ( 'NONE', *, *, #3512, .T. ) ;
#6343 = DIRECTION ( 'NONE',  ( 0.000000000000000000, 0.000000000000000000, 1.000000000000000000 ) ) ;
#6344 = VECTOR ( 'NONE', #4947, 1000.000000000000000 ) ;
#6345 = CARTESIAN_POINT ( 'NONE',  ( 4.800000000000000711, 5.700000000000000178, 0.1000000000000002554 ) ) ;
#6346 = ORIENTED_EDGE ( 'NONE', *, *, #959, .T. ) ;
#6347 = DIRECTION ( 'NONE',  ( 0.000000000000000000, -1.000000000000000000, 3.372884145477667245E-15 ) ) ;
#6348 = DIRECTION ( 'NONE',  ( -1.000000000000000000, -0.000000000000000000, -0.000000000000000000 ) ) ;
#6349 = DIRECTION ( 'NONE',  ( -1.000000000000000000, -0.000000000000000000, -0.000000000000000000 ) ) ;
#6350 = DIRECTION ( 'NONE',  ( -1.000000000000000000, 0.000000000000000000, 0.000000000000000000 ) ) ;
#6351 = EDGE_CURVE ( 'NONE', #669, #687, #9579, .T. ) ;
#6352 = DIRECTION ( 'NONE',  ( 1.000000000000000000, -0.000000000000000000, -0.000000000000000000 ) ) ;
#6353 = CARTESIAN_POINT ( 'NONE',  ( -4.200000000000000178, 4.800000000000000711, 0.7999999999999994893 ) ) ;
#6354 = EDGE_CURVE ( 'NONE', #140, #810, #4774, .T. ) ;
#6355 = DIRECTION ( 'NONE',  ( 0.5773502691896260641, -0.5773502691896255090, -0.5773502691896255090 ) ) ;
#6356 = VERTEX_POINT ( 'NONE', #90 ) ;
#6357 = DIRECTION ( 'NONE',  ( -1.000000000000000000, -0.000000000000000000, -0.000000000000000000 ) ) ;
#6358 = CYLINDRICAL_SURFACE ( 'NONE', #1808, 0.2000000000000005107 ) ;
#6359 = LINE ( 'NONE', #167, #3011 ) ;
#6360 = CARTESIAN_POINT ( 'NONE',  ( 6.000000000000000000, 0.4000000000000000222, -3.600000000000000533 ) ) ;
#6361 = DIRECTION ( 'NONE',  ( 0.000000000000000000, -1.000000000000000000, 0.000000000000000000 ) ) ;
#6362 = CARTESIAN_POINT ( 'NONE',  ( 5.200000000000001066, 5.500000000000001776, 1.974999999999999423 ) ) ;
#6363 = DIRECTION ( 'NONE',  ( 0.000000000000000000, 1.000000000000000000, 1.414176746720223400E-16 ) ) ;
#6364 = ORIENTED_EDGE ( 'NONE', *, *, #1731, .F. ) ;
#6365 = CARTESIAN_POINT ( 'NONE',  ( 0.7500000000000318634, 0.000000000000000000, 2.400000000000000355 ) ) ;
#6366 = AXIS2_PLACEMENT_3D ( 'NONE', #5069, #7609, #3640 ) ;
#6367 = ORIENTED_EDGE ( 'NONE', *, *, #9397, .F. ) ;
#6368 = ORIENTED_EDGE ( 'NONE', *, *, #9235, .F. ) ;
#6369 = CARTESIAN_POINT ( 'NONE',  ( -3.249999999999999556, 2.149999999999999467, -1.999999999999997335 ) ) ;
#6370 = VECTOR ( 'NONE', #8245, 1000.000000000000114 ) ;
#6371 = EDGE_CURVE ( 'NONE', #7136, #4819, #4933, .T. ) ;
#6372 = DIRECTION ( 'NONE',  ( 0.000000000000000000, 0.000000000000000000, -1.000000000000000000 ) ) ;
#6373 = ADVANCED_FACE ( 'NONE', ( #965 ), #6286, .F. ) ;
#6374 = VECTOR ( 'NONE', #5828, 1000.000000000000000 ) ;
#6375 = DIRECTION ( 'NONE',  ( -0.000000000000000000, -1.000000000000000000, -0.000000000000000000 ) ) ;
#6376 = ORIENTED_EDGE ( 'NONE', *, *, #1161, .T. ) ;
#6377 = DIRECTION ( 'NONE',  ( 0.000000000000000000, 0.000000000000000000, -1.000000000000000000 ) ) ;
#6378 = DIRECTION ( 'NONE',  ( 0.000000000000000000, 0.000000000000000000, 1.000000000000000000 ) ) ;
#6379 = VERTEX_POINT ( 'NONE', #9441 ) ;
#6380 = EDGE_CURVE ( 'NONE', #5241, #6484, #46, .T. ) ;
#6381 = ORIENTED_EDGE ( 'NONE', *, *, #7600, .T. ) ;
#6382 = CIRCLE ( 'NONE', #9022, 0.1749999999999993783 ) ;
#6383 = ORIENTED_EDGE ( 'NONE', *, *, #3524, .F. ) ;
#6384 = ORIENTED_EDGE ( 'NONE', *, *, #4432, .F. ) ;
#6385 = DIRECTION ( 'NONE',  ( -1.000000000000000000, -0.000000000000000000, 0.000000000000000000 ) ) ;
#6386 = LINE ( 'NONE', #4823, #3766 ) ;
#6387 = DIRECTION ( 'NONE',  ( 0.000000000000000000, 0.7071067811865434649, 0.7071067811865515695 ) ) ;
#6388 = ORIENTED_EDGE ( 'NONE', *, *, #6025, .T. ) ;
#6389 = LINE ( 'NONE', #89, #3811 ) ;
#6390 = VECTOR ( 'NONE', #9405, 1000.000000000000000 ) ;
#6391 = CARTESIAN_POINT ( 'NONE',  ( 3.250000000000001332, 2.649999999999999911, -1.999999999999997335 ) ) ;
#6392 = ORIENTED_EDGE ( 'NONE', *, *, #9716, .F. ) ;
#6393 = CARTESIAN_POINT ( 'NONE',  ( 3.125282473150414742, 2.274717526849586502, -3.031080120897855945 ) ) ;
#6394 = ADVANCED_FACE ( 'NONE', ( #812 ), #8675, .F. ) ;
#6395 = EDGE_CURVE ( 'NONE', #5419, #10192, #3187, .T. ) ;
#6396 = EDGE_CURVE ( 'NONE', #290, #5734, #8074, .T. ) ;
#6397 = CARTESIAN_POINT ( 'NONE',  ( 2.859191070279861524, 2.540808929720139275, -2.300000000000000266 ) ) ;
#6398 = FACE_OUTER_BOUND ( 'NONE', #5132, .T. ) ;
#6399 = DIRECTION ( 'NONE',  ( -1.239088197126288302E-15, 1.000000000000000000, 0.000000000000000000 ) ) ;
#6400 = EDGE_CURVE ( 'NONE', #4599, #616, #4729, .T. ) ;
#6401 = FACE_OUTER_BOUND ( 'NONE', #6238, .T. ) ;
#6402 = CARTESIAN_POINT ( 'NONE',  ( 4.800000000000000711, 5.499999999999998224, 2.800000000000000266 ) ) ;
#6403 = ORIENTED_EDGE ( 'NONE', *, *, #2145, .F. ) ;
#6404 = CARTESIAN_POINT ( 'NONE',  ( -5.200000000000001066, 5.470710678118656745, 0.6028679656440332213 ) ) ;
#6405 = ORIENTED_EDGE ( 'NONE', *, *, #7643, .F. ) ;
#6406 = LINE ( 'NONE', #9548, #4376 ) ;
#6407 = EDGE_CURVE ( 'NONE', #6432, #4134, #1738, .T. ) ;
#6408 = EDGE_CURVE ( 'NONE', #966, #2615, #9535, .T. ) ;
#6409 = PLANE ( 'NONE',  #4325 ) ;
#6410 = DIRECTION ( 'NONE',  ( -1.000000000000000000, 0.000000000000000000, 0.000000000000000000 ) ) ;
#6411 = CARTESIAN_POINT ( 'NONE',  ( 4.350000000000002309, 2.350000000000000089, -4.500000000000000888 ) ) ;
#6412 = LINE ( 'NONE', #3258, #9933 ) ;
#6413 = STYLED_ITEM ( 'NONE', ( #1265 ), #5455 ) ;
#6414 = CARTESIAN_POINT ( 'NONE',  ( -1.249999999999968248, 0.6000000000000000888, 4.999999999999972466 ) ) ;
#6415 = DIRECTION ( 'NONE',  ( 0.000000000000000000, 0.000000000000000000, 1.000000000000000000 ) ) ;
#6416 = ORIENTED_EDGE ( 'NONE', *, *, #9033, .T. ) ;
#6417 = LINE ( 'NONE', #6579, #7547 ) ;
#6418 = ORIENTED_EDGE ( 'NONE', *, *, #3432, .T. ) ;
#6419 = ORIENTED_EDGE ( 'NONE', *, *, #5963, .F. ) ;
#6420 = VECTOR ( 'NONE', #7727, 1000.000000000000000 ) ;
#6421 = PLANE ( 'NONE',  #4388 ) ;
#6422 = CARTESIAN_POINT ( 'NONE',  ( -3.249999999999968026, 1.300000000000000266, 3.899999999999999911 ) ) ;
#6423 = PLANE ( 'NONE',  #2079 ) ;
#6424 = ORIENTED_EDGE ( 'NONE', *, *, #9407, .T. ) ;
#6425 = DIRECTION ( 'NONE',  ( -0.4226182617407020503, 0.000000000000000000, -0.9063077870366488265 ) ) ;
#6426 = ORIENTED_EDGE ( 'NONE', *, *, #8559, .T. ) ;
#6427 = VECTOR ( 'NONE', #3986, 1000.000000000000000 ) ;
#6428 = ORIENTED_EDGE ( 'NONE', *, *, #8153, .F. ) ;
#6429 = ADVANCED_FACE ( 'NONE', ( #5613 ), #3237, .F. ) ;
#6430 = ORIENTED_EDGE ( 'NONE', *, *, #5400, .F. ) ;
#6431 = ADVANCED_FACE ( 'NONE', ( #6439 ), #8047, .F. ) ;
#6432 = VERTEX_POINT ( 'NONE', #4880 ) ;
#6433 = VECTOR ( 'NONE', #1017, 1000.000000000000000 ) ;
#6434 = DIRECTION ( 'NONE',  ( 0.000000000000000000, -1.000000000000000000, 0.000000000000000000 ) ) ;
#6435 = FACE_OUTER_BOUND ( 'NONE', #82, .T. ) ;
#6436 = SURFACE_STYLE_USAGE ( .BOTH. , #87 ) ;
#6437 = ORIENTED_EDGE ( 'NONE', *, *, #8739, .T. ) ;
#6438 = FACE_OUTER_BOUND ( 'NONE', #2555, .T. ) ;
#6439 = FACE_OUTER_BOUND ( 'NONE', #6137, .T. ) ;
#6440 = ORIENTED_EDGE ( 'NONE', *, *, #999, .F. ) ;
#6441 = DIRECTION ( 'NONE',  ( -1.000000000000000000, -0.000000000000000000, -0.000000000000000000 ) ) ;
#6442 = AXIS2_PLACEMENT_3D ( 'NONE', #5844, #9143, #2022 ) ;
#6443 = EDGE_CURVE ( 'NONE', #4925, #7996, #2311, .T. ) ;
#6444 = ORIENTED_EDGE ( 'NONE', *, *, #6961, .T. ) ;
#6445 = PLANE ( 'NONE',  #4207 ) ;
#6446 = PLANE ( 'NONE',  #1172 ) ;
#6447 = CARTESIAN_POINT ( 'NONE',  ( -0.4966738879314753219, 0.3999999999999996336, 1.399999999999999689 ) ) ;
#6448 = ADVANCED_FACE ( 'NONE', ( #1638 ), #7995, .F. ) ;
#6449 = MECHANICAL_DESIGN_GEOMETRIC_PRESENTATION_REPRESENTATION (  '', ( #787 ), #4453 ) ;
#6450 = DIRECTION ( 'NONE',  ( -1.000000000000000000, 0.000000000000000000, 0.000000000000000000 ) ) ;
#6451 = CARTESIAN_POINT ( 'NONE',  ( -4.004999999999999893, 5.064999999999999503, 2.800000000000000266 ) ) ;
#6452 = CARTESIAN_POINT ( 'NONE',  ( -5.200000000000001066, 5.394289321881347021, 1.570710678118654391 ) ) ;
#6453 = ORIENTED_EDGE ( 'NONE', *, *, #5437, .T. ) ;
#6454 = DIRECTION ( 'NONE',  ( -1.000000000000000000, 6.195440985631441512E-16, 0.000000000000000000 ) ) ;
#6455 = ORIENTED_EDGE ( 'NONE', *, *, #9351, .T. ) ;
#6456 = LINE ( 'NONE', #4317, #8356 ) ;
#6457 = VECTOR ( 'NONE', #1774, 1000.000000000000000 ) ;
#6458 = LINE ( 'NONE', #8010, #7642 ) ;
#6459 = DIRECTION ( 'NONE',  ( 0.000000000000000000, 1.000000000000000000, 0.000000000000000000 ) ) ;
#6460 = CARTESIAN_POINT ( 'NONE',  ( -4.200000000000000178, 0.9000000000000004663, -4.849999999999997868 ) ) ;
#6461 = EDGE_CURVE ( 'NONE', #6541, #7776, #9641, .T. ) ;
#6462 = EDGE_CURVE ( 'NONE', #7256, #6541, #4193, .T. ) ;
#6463 = LINE ( 'NONE', #2479, #8125 ) ;
#6464 = AXIS2_PLACEMENT_3D ( 'NONE', #7977, #1671, #845 ) ;
#6465 = CARTESIAN_POINT ( 'NONE',  ( 4.200000000000000178, 2.750000000000001776, -3.049999999999999378 ) ) ;
#6466 = FACE_OUTER_BOUND ( 'NONE', #4072, .T. ) ;
#6467 = VERTEX_POINT ( 'NONE', #9121 ) ;
#6468 = CARTESIAN_POINT ( 'NONE',  ( 4.200000000000000178, 0.9000000000000004663, 0.7999999999999994893 ) ) ;
#6469 = ORIENTED_EDGE ( 'NONE', *, *, #8111, .F. ) ;
#6470 = VECTOR ( 'NONE', #9240, 1000.000000000000000 ) ;
#6471 = EDGE_LOOP ( 'NONE', ( #9896, #2248, #5912, #6898 ) ) ;
#6472 = CIRCLE ( 'NONE', #8293, 0.07499999999999998335 ) ;
#6473 = FILL_AREA_STYLE_COLOUR ( '', #9348 ) ;
#6474 = AXIS2_PLACEMENT_3D ( 'NONE', #8773, #101, #1644 ) ;
#6475 = CARTESIAN_POINT ( 'NONE',  ( 5.200000000000001066, 5.500000000000001776, 0.5321572875253787194 ) ) ;
#6476 = PRESENTATION_LAYER_ASSIGNMENT (  '', '', ( #1809 ) ) ;
#6477 = CARTESIAN_POINT ( 'NONE',  ( -1.249999999999999334, 2.649999999999999911, -1.999999999999997335 ) ) ;
#6478 = CARTESIAN_POINT ( 'NONE',  ( 5.305000000000000604, 0.4000000000000000222, -1.700000000000000178 ) ) ;
#6479 = VERTEX_POINT ( 'NONE', #6703 ) ;
#6480 = DIRECTION ( 'NONE',  ( 0.000000000000000000, 0.000000000000000000, -1.000000000000000000 ) ) ;
#6481 = VECTOR ( 'NONE', #7106, 1000.000000000000000 ) ;
#6482 = VERTEX_POINT ( 'NONE', #5041 ) ;
#6483 = EDGE_CURVE ( 'NONE', #4061, #7256, #1786, .T. ) ;
#6484 = VERTEX_POINT ( 'NONE', #2002 ) ;
#6485 =( BOUNDED_CURVE ( )  B_SPLINE_CURVE ( 3, ( #7366, #246, #6596, #2601 ),
 .UNSPECIFIED., .F., .T. ) 
 B_SPLINE_CURVE_WITH_KNOTS ( ( 4, 4 ),
 ( 5.148721293383276887, 6.283185307179586232 ),
 .UNSPECIFIED. ) 
 CURVE ( )  GEOMETRIC_REPRESENTATION_ITEM ( )  RATIONAL_B_SPLINE_CURVE ( ( 1.000000000000000000, 0.8955942972085912945, 0.8955942972085912945, 1.000000000000000000 ) ) 
 REPRESENTATION_ITEM ( '' )  );
#6486 = ORIENTED_EDGE ( 'NONE', *, *, #4999, .F. ) ;
#6487 = ORIENTED_EDGE ( 'NONE', *, *, #6245, .F. ) ;
#6488 = VECTOR ( 'NONE', #1422, 1000.000000000000000 ) ;
#6489 = VECTOR ( 'NONE', #9804, 1000.000000000000000 ) ;
#6490 = UNCERTAINTY_MEASURE_WITH_UNIT (LENGTH_MEASURE( 1.000000000000000082E-05 ), #9922, 'distance_accuracy_value', 'NONE');
#6491 = CARTESIAN_POINT ( 'NONE',  ( -3.249999999999968026, 0.000000000000000000, 2.400000000000000355 ) ) ;
#6492 = CARTESIAN_POINT ( 'NONE',  ( -4.900000000000000355, 0.4000000000000000222, 1.099999999999999867 ) ) ;
#6493 = CIRCLE ( 'NONE', #9295, 0.2500000000000002220 ) ;
#6494 = CYLINDRICAL_SURFACE ( 'NONE', #5586, 0.2000000000000003164 ) ;
#6495 = ORIENTED_EDGE ( 'NONE', *, *, #302, .T. ) ;
#6496 = LINE ( 'NONE', #199, #2961 ) ;
#6497 = CARTESIAN_POINT ( 'NONE',  ( -1.249999999999968248, 0.000000000000000000, 2.400000000000000355 ) ) ;
#6498 = ADVANCED_FACE ( 'NONE', ( #1845 ), #4986, .T. ) ;
#6499 = ORIENTED_EDGE ( 'NONE', *, *, #5852, .F. ) ;
#6500 = VECTOR ( 'NONE', #4030, 1000.000000000000000 ) ;
#6501 = CARTESIAN_POINT ( 'NONE',  ( -2.622592672733449426, 2.022592672733450225, -1.649951245262083699 ) ) ;
#6502 = VECTOR ( 'NONE', #353, 1000.000000000000000 ) ;
#6503 = ORIENTED_EDGE ( 'NONE', *, *, #3584, .T. ) ;
#6504 = CARTESIAN_POINT ( 'NONE',  ( 5.200000000000001066, 2.400000000000001243, -1.699999999999999734 ) ) ;
#6505 = AXIS2_PLACEMENT_3D ( 'NONE', #2316, #3889, #7945 ) ;
#6506 = DIRECTION ( 'NONE',  ( 0.000000000000000000, -6.829619984160656074E-16, -1.000000000000000000 ) ) ;
#6507 = CARTESIAN_POINT ( 'NONE',  ( -5.304999999999998828, 2.750000000000000888, -3.200000000000001510 ) ) ;
#6508 = VECTOR ( 'NONE', #3260, 1000.000000000000000 ) ;
#6509 = CARTESIAN_POINT ( 'NONE',  ( 5.197820323027551481, -2.972161292830653933E-16, 0.9134769367380000116 ) ) ;
#6510 = CARTESIAN_POINT ( 'NONE',  ( -5.200000000000001066, 5.470710678118654968, 0.8971320343559638921 ) ) ;
#6511 = CARTESIAN_POINT ( 'NONE',  ( 3.827974591282619965, 0.000000000000000000, -4.650000000000000355 ) ) ;
#6512 = EDGE_CURVE ( 'NONE', #7692, #1529, #9893, .T. ) ;
#6513 = EDGE_CURVE ( 'NONE', #6204, #4703, #8199, .T. ) ;
#6514 = VERTEX_POINT ( 'NONE', #9739 ) ;
#6515 = DIRECTION ( 'NONE',  ( 0.000000000000000000, -1.000000000000000000, 0.000000000000000000 ) ) ;
#6516 = ORIENTED_EDGE ( 'NONE', *, *, #1217, .T. ) ;
#6517 = DIRECTION ( 'NONE',  ( 1.000000000000000000, -0.000000000000000000, -0.000000000000000000 ) ) ;
#6518 = EDGE_CURVE ( 'NONE', #10131, #535, #6605, .T. ) ;
#6519 = VECTOR ( 'NONE', #6616, 1000.000000000000000 ) ;
#6520 = EDGE_CURVE ( 'NONE', #6319, #4506, #402, .T. ) ;
#6521 = PLANE ( 'NONE',  #9788 ) ;
#6522 = DIRECTION ( 'NONE',  ( -1.000000000000000000, 0.000000000000000000, 0.000000000000000000 ) ) ;
#6523 = DIRECTION ( 'NONE',  ( -0.000000000000000000, 0.000000000000000000, -1.000000000000000000 ) ) ;
#6524 = LINE ( 'NONE', #6624, #6307 ) ;
#6525 = DIRECTION ( 'NONE',  ( 0.000000000000000000, -1.414176746720223153E-16, 1.000000000000000000 ) ) ;
#6526 = DIRECTION ( 'NONE',  ( -1.000000000000000000, -0.000000000000000000, -0.000000000000000000 ) ) ;
#6527 = VERTEX_POINT ( 'NONE', #8913 ) ;
#6528 = FACE_OUTER_BOUND ( 'NONE', #5602, .T. ) ;
#6529 = EDGE_CURVE ( 'NONE', #7670, #6801, #1947, .T. ) ;
#6530 = ORIENTED_EDGE ( 'NONE', *, *, #6695, .T. ) ;
#6531 = EDGE_CURVE ( 'NONE', #7422, #1508, #7529, .T. ) ;
#6532 = ORIENTED_EDGE ( 'NONE', *, *, #8767, .T. ) ;
#6533 = FILL_AREA_STYLE ('',( #6473 ) ) ;
#6534 = LINE ( 'NONE', #6475, #1967 ) ;
#6535 = CARTESIAN_POINT ( 'NONE',  ( 4.200000000000000178, 0.9000000000000004663, -4.850000000000001421 ) ) ;
#6536 = VECTOR ( 'NONE', #3487, 1000.000000000000000 ) ;
#6537 = DIRECTION ( 'NONE',  ( -1.000000000000000000, -0.000000000000000000, -0.000000000000000000 ) ) ;
#6538 = VERTEX_POINT ( 'NONE', #1170 ) ;
#6539 = LINE ( 'NONE', #7304, #1821 ) ;
#6540 = LINE ( 'NONE', #6590, #4797 ) ;
#6541 = VERTEX_POINT ( 'NONE', #7372 ) ;
#6542 = ORIENTED_EDGE ( 'NONE', *, *, #2124, .F. ) ;
#6543 = EDGE_CURVE ( 'NONE', #4916, #5460, #10130, .T. ) ;
#6544 = ORIENTED_EDGE ( 'NONE', *, *, #7682, .T. ) ;
#6545 = AXIS2_PLACEMENT_3D ( 'NONE', #4423, #7652, #466 ) ;
#6546 = VERTEX_POINT ( 'NONE', #3398 ) ;
#6547 = AXIS2_PLACEMENT_3D ( 'NONE', #1850, #8822, #5877 ) ;
#6548 = DIRECTION ( 'NONE',  ( -1.000000000000000000, 0.000000000000000000, 1.084202172485504040E-15 ) ) ;
#6549 = LINE ( 'NONE', #2552, #6433 ) ;
#6550 = CARTESIAN_POINT ( 'NONE',  ( 1.250000000000033307, 0.6000000000000000888, 2.399999999999986144 ) ) ;
#6551 = VERTEX_POINT ( 'NONE', #5199 ) ;
#6552 = LINE ( 'NONE', #5667, #8632 ) ;
#6553 = FACE_OUTER_BOUND ( 'NONE', #10227, .T. ) ;
#6554 = EDGE_LOOP ( 'NONE', ( #3265, #6403, #5599, #8756 ) ) ;
#6555 = CARTESIAN_POINT ( 'NONE',  ( 5.200000000000001066, 5.500000000000001776, -1.499999999999998224 ) ) ;
#6556 = VECTOR ( 'NONE', #3409, 1000.000000000000000 ) ;
#6557 = VECTOR ( 'NONE', #9949, 1000.000000000000000 ) ;
#6558 = ORIENTED_EDGE ( 'NONE', *, *, #2748, .T. ) ;
#6559 = LINE ( 'NONE', #8155, #6048 ) ;
#6560 = CARTESIAN_POINT ( 'NONE',  ( -2.399999999999999911, 5.700000000000000178, 2.250000000000000000 ) ) ;
#6561 = LINE ( 'NONE', #5100, #5392 ) ;
#6562 = VECTOR ( 'NONE', #9257, 1000.000000000000000 ) ;
#6563 = PRESENTATION_STYLE_ASSIGNMENT (( #3353 ) ) ;
#6564 = CARTESIAN_POINT ( 'NONE',  ( -3.200000000000000622, 3.700000000000000178, -3.049999999999999378 ) ) ;
#6565 = VERTEX_POINT ( 'NONE', #2766 ) ;
#6566 = CARTESIAN_POINT ( 'NONE',  ( 5.305000000000000604, 0.000000000000000000, -1.513476936738000322 ) ) ;
#6567 = ORIENTED_EDGE ( 'NONE', *, *, #10230, .T. ) ;
#6568 = CARTESIAN_POINT ( 'NONE',  ( 3.250000000000001332, 2.149999999999999467, -2.300000000000000266 ) ) ;
#6569 = EDGE_CURVE ( 'NONE', #9729, #3968, #2607, .T. ) ;
#6570 = PLANE ( 'NONE',  #8304 ) ;
#6571 = ADVANCED_FACE ( 'NONE', ( #3452 ), #8250, .F. ) ;
#6572 = DIRECTION ( 'NONE',  ( -1.548860246407864322E-16, 1.591489427501657896E-16, -1.000000000000000000 ) ) ;
#6573 = PLANE ( 'NONE',  #4477 ) ;
#6574 = DIRECTION ( 'NONE',  ( 0.000000000000000000, 0.000000000000000000, 1.000000000000000000 ) ) ;
#6575 = DIRECTION ( 'NONE',  ( 1.000000000000000000, -0.000000000000000000, -0.000000000000000000 ) ) ;
#6576 = CARTESIAN_POINT ( 'NONE',  ( -2.749999999999999112, 2.149999999999999467, -1.999999999999997335 ) ) ;
#6577 = DIRECTION ( 'NONE',  ( -6.195440985631445457E-16, -2.147858190661057557E-18, -1.000000000000000000 ) ) ;
#6578 = ORIENTED_EDGE ( 'NONE', *, *, #5044, .T. ) ;
#6579 = CARTESIAN_POINT ( 'NONE',  ( 6.000000000000000000, 5.700000000000000178, 3.499999999999997780 ) ) ;
#6580 = ORIENTED_EDGE ( 'NONE', *, *, #3492, .F. ) ;
#6581 = ORIENTED_EDGE ( 'NONE', *, *, #1936, .F. ) ;
#6582 = PRESENTATION_STYLE_ASSIGNMENT (( #5124 ) ) ;
#6583 = AXIS2_PLACEMENT_3D ( 'NONE', #610, #6853, #5968 ) ;
#6584 = DIRECTION ( 'NONE',  ( 0.000000000000000000, -1.000000000000000000, -1.548860246407863829E-16 ) ) ;
#6585 = EDGE_CURVE ( 'NONE', #1246, #1354, #9794, .T. ) ;
#6586 = CARTESIAN_POINT ( 'NONE',  ( -0.4966738879314753219, 1.799999999999999600, 1.399999999999999689 ) ) ;
#6587 = DIRECTION ( 'NONE',  ( 0.000000000000000000, -0.9063077870366494926, 0.4226182617407002184 ) ) ;
#6588 = ORIENTED_EDGE ( 'NONE', *, *, #5325, .T. ) ;
#6589 = LINE ( 'NONE', #6688, #1162 ) ;
#6590 = CARTESIAN_POINT ( 'NONE',  ( 6.000000000000000000, 0.000000000000000000, -4.650000000000000355 ) ) ;
#6591 = VERTEX_POINT ( 'NONE', #5871 ) ;
#6592 = ORIENTED_EDGE ( 'NONE', *, *, #7912, .T. ) ;
#6593 = AXIS2_PLACEMENT_3D ( 'NONE', #9567, #2389, #846 ) ;
#6594 = ORIENTED_EDGE ( 'NONE', *, *, #6796, .T. ) ;
#6595 = ORIENTED_EDGE ( 'NONE', *, *, #7280, .F. ) ;
#6596 = CARTESIAN_POINT ( 'NONE',  ( 3.664278167096521432, 0.7500000000000026645, -5.000000000000000000 ) ) ;
#6597 = DIRECTION ( 'NONE',  ( 1.000000000000000000, -2.224004456380521903E-16, 0.000000000000000000 ) ) ;
#6598 = DIRECTION ( 'NONE',  ( -0.000000000000000000, -1.000000000000000000, -0.000000000000000000 ) ) ;
#6599 = AXIS2_PLACEMENT_3D ( 'NONE', #2835, #7592, #8839 ) ;
#6600 = DIRECTION ( 'NONE',  ( 0.000000000000000000, 0.000000000000000000, 1.000000000000000000 ) ) ;
#6601 = ADVANCED_FACE ( 'NONE', ( #6553 ), #1894, .F. ) ;
#6602 = VERTEX_POINT ( 'NONE', #1118 ) ;
#6603 = LINE ( 'NONE', #9689, #990 ) ;
#6604 = EDGE_CURVE ( 'NONE', #7985, #6171, #7475, .T. ) ;
#6605 = LINE ( 'NONE', #2713, #6674 ) ;
#6606 = ORIENTED_EDGE ( 'NONE', *, *, #6627, .T. ) ;
#6607 = LINE ( 'NONE', #9159, #9518 ) ;
#6608 = VECTOR ( 'NONE', #3778, 1000.000000000000000 ) ;
#6609 = ORIENTED_EDGE ( 'NONE', *, *, #504, .T. ) ;
#6610 = DIRECTION ( 'NONE',  ( -0.000000000000000000, -0.000000000000000000, -1.000000000000000000 ) ) ;
#6611 = CARTESIAN_POINT ( 'NONE',  ( -5.201446609406723987, 1.999896230895142457, -5.000000000000000000 ) ) ;
#6612 = CARTESIAN_POINT ( 'NONE',  ( -5.200000000000001066, 4.864999999999999325, 2.925000000000000266 ) ) ;
#6613 =( LENGTH_UNIT ( ) NAMED_UNIT ( * ) SI_UNIT ( .MILLI., .METRE. ) );
#6614 = CARTESIAN_POINT ( 'NONE',  ( -0.7499999999999668043, 0.6000000000000000888, 2.399999999999972378 ) ) ;
#6615 = ORIENTED_EDGE ( 'NONE', *, *, #265, .T. ) ;
#6616 = DIRECTION ( 'NONE',  ( 1.000000000000000000, -1.182766006347823306E-15, 0.000000000000000000 ) ) ;
#6617 = ORIENTED_EDGE ( 'NONE', *, *, #6007, .T. ) ;
#6618 = DIRECTION ( 'NONE',  ( 0.000000000000000000, 0.000000000000000000, 1.000000000000000000 ) ) ;
#6619 = EDGE_CURVE ( 'NONE', #44, #3931, #5456, .T. ) ;
#6620 = DIRECTION ( 'NONE',  ( -1.000000000000000000, -0.000000000000000000, -0.000000000000000000 ) ) ;
#6621 = DIRECTION ( 'NONE',  ( 0.000000000000000000, -1.224646799147353454E-16, 1.000000000000000000 ) ) ;
#6622 = DIRECTION ( 'NONE',  ( 1.000000000000000000, -0.000000000000000000, -5.560011140951304758E-17 ) ) ;
#6623 = CARTESIAN_POINT ( 'NONE',  ( -5.200000000000001066, 5.394289321881344357, 0.6792893218813451650 ) ) ;
#6624 = CARTESIAN_POINT ( 'NONE',  ( 2.850000000000000089, 5.700000000000000178, -3.200000000000000178 ) ) ;
#6625 = DIRECTION ( 'NONE',  ( 0.000000000000000000, 1.000000000000000000, 0.000000000000000000 ) ) ;
#6626 = CARTESIAN_POINT ( 'NONE',  ( 1.433333333333343784, 6.133333333333347959, -5.483333333333320958 ) ) ;
#6627 = EDGE_CURVE ( 'NONE', #8945, #10248, #9380, .T. ) ;
#6628 = ORIENTED_EDGE ( 'NONE', *, *, #887, .F. ) ;
#6629 = CARTESIAN_POINT ( 'NONE',  ( 6.000000000000000000, 5.700000000000000178, 3.700000000000000178 ) ) ;
#6630 = VERTEX_POINT ( 'NONE', #2972 ) ;
#6631 = ORIENTED_EDGE ( 'NONE', *, *, #9546, .T. ) ;
#6632 = DIRECTION ( 'NONE',  ( 0.7071067811865423547, -1.572608632495756893E-16, 0.7071067811865526798 ) ) ;
#6633 = VECTOR ( 'NONE', #1177, 1000.000000000000000 ) ;
#6634 = LINE ( 'NONE', #1768, #1463 ) ;
#6635 = PLANE ( 'NONE',  #3233 ) ;
#6636 = ORIENTED_EDGE ( 'NONE', *, *, #7643, .T. ) ;
#6637 = DIRECTION ( 'NONE',  ( 0.000000000000000000, -1.000000000000000000, 0.000000000000000000 ) ) ;
#6638 = VECTOR ( 'NONE', #555, 1000.000000000000000 ) ;
#6639 = CARTESIAN_POINT ( 'NONE',  ( -0.4966738879314753219, 1.800000000000000266, -3.200000000000000178 ) ) ;
#6640 = EDGE_CURVE ( 'NONE', #9632, #3602, #6129, .T. ) ;
#6641 = ORIENTED_EDGE ( 'NONE', *, *, #5338, .T. ) ;
#6642 = ORIENTED_EDGE ( 'NONE', *, *, #423, .F. ) ;
#6643 = PRESENTATION_LAYER_ASSIGNMENT (  '', '', ( #808 ) ) ;
#6644 = ORIENTED_EDGE ( 'NONE', *, *, #5368, .F. ) ;
#6645 = ORIENTED_EDGE ( 'NONE', *, *, #4876, .F. ) ;
#6646 = CARTESIAN_POINT ( 'NONE',  ( 5.200000000000001066, 2.575000000000000178, 3.725000000000000089 ) ) ;
#6647 = DIRECTION ( 'NONE',  ( 5.102127870520020982E-16, 1.000000000000000000, 0.000000000000000000 ) ) ;
#6648 = CARTESIAN_POINT ( 'NONE',  ( 5.305000000000000604, 0.4000000000000000222, 1.099999999999999867 ) ) ;
#6649 = VECTOR ( 'NONE', #7552, 1000.000000000000000 ) ;
#6650 = VERTEX_POINT ( 'NONE', #8405 ) ;
#6651 = CARTESIAN_POINT ( 'NONE',  ( -0.6250000000000001110, 5.000000000000000000, -0.2500000000000002220 ) ) ;
#6652 = CARTESIAN_POINT ( 'NONE',  ( -2.749999999999967581, 0.000000000000000000, 5.000000000000000000 ) ) ;
#6653 = ORIENTED_EDGE ( 'NONE', *, *, #8343, .T. ) ;
#6654 = TOROIDAL_SURFACE ( 'NONE', #8950, 0.6000000000000000888, 0.3499999999999999778 ) ;
#6655 = AXIS2_PLACEMENT_3D ( 'NONE', #4136, #8243, #7465 ) ;
#6656 = AXIS2_PLACEMENT_3D ( 'NONE', #9427, #3821, #560 ) ;
#6657 = VECTOR ( 'NONE', #5261, 1000.000000000000000 ) ;
#6658 = VERTEX_POINT ( 'NONE', #6856 ) ;
#6659 = EDGE_CURVE ( 'NONE', #4077, #2821, #9219, .T. ) ;
#6660 = FACE_OUTER_BOUND ( 'NONE', #1724, .T. ) ;
#6661 = CARTESIAN_POINT ( 'NONE',  ( 3.250000000000032419, 0.2000000000000000111, 2.400000000000000355 ) ) ;
#6662 = CARTESIAN_POINT ( 'NONE',  ( -5.200000000000001066, 5.300000000000000711, -1.499999999999999556 ) ) ;
#6663 = LINE ( 'NONE', #9029, #8476 ) ;
#6664 = VECTOR ( 'NONE', #6637, 1000.000000000000000 ) ;
#6665 = ORIENTED_EDGE ( 'NONE', *, *, #5120, .T. ) ;
#6666 = DIRECTION ( 'NONE',  ( 1.000000000000000000, 0.000000000000000000, -0.000000000000000000 ) ) ;
#6667 = ORIENTED_EDGE ( 'NONE', *, *, #6151, .T. ) ;
#6668 = DIRECTION ( 'NONE',  ( -0.000000000000000000, 1.000000000000000000, -0.000000000000000000 ) ) ;
#6669 = EDGE_CURVE ( 'NONE', #9322, #1327, #5408, .T. ) ;
#6670 = CARTESIAN_POINT ( 'NONE',  ( -2.000000000000000000, 2.540808929720139275, -2.300000000000000266 ) ) ;
#6671 = AXIS2_PLACEMENT_3D ( 'NONE', #374, #1817, #5018 ) ;
#6672 = CARTESIAN_POINT ( 'NONE',  ( 0.000000000000000000, 0.6000000000000000888, 0.000000000000000000 ) ) ;
#6673 = CARTESIAN_POINT ( 'NONE',  ( -0.7499999999999676925, 0.2000000000000000111, 5.000000000000000888 ) ) ;
#6674 = VECTOR ( 'NONE', #4410, 1000.000000000000000 ) ;
#6675 = LINE ( 'NONE', #472, #6116 ) ;
#6676 = DIRECTION ( 'NONE',  ( 0.000000000000000000, 1.000000000000000000, 0.000000000000000000 ) ) ;
#6677 = CARTESIAN_POINT ( 'NONE',  ( 3.731992759080824840, 0.02063809929936514034, -4.800661297672431438 ) ) ;
#6678 = VECTOR ( 'NONE', #3942, 1000.000000000000000 ) ;
#6679 = VERTEX_POINT ( 'NONE', #1377 ) ;
#6680 = DIRECTION ( 'NONE',  ( 0.000000000000000000, -1.000000000000000000, -1.591489427501657896E-16 ) ) ;
#6681 = EDGE_LOOP ( 'NONE', ( #6706, #7893, #2717, #1990 ) ) ;
#6682 = ORIENTED_EDGE ( 'NONE', *, *, #3543, .F. ) ;
#6683 = ORIENTED_EDGE ( 'NONE', *, *, #4275, .F. ) ;
#6684 = DIRECTION ( 'NONE',  ( -0.000000000000000000, 1.000000000000000000, 0.000000000000000000 ) ) ;
#6685 = LINE ( 'NONE', #6586, #2779 ) ;
#6686 = DIRECTION ( 'NONE',  ( 0.000000000000000000, 1.000000000000000000, 3.097720492815727166E-16 ) ) ;
#6687 = ORIENTED_EDGE ( 'NONE', *, *, #4205, .F. ) ;
#6688 = CARTESIAN_POINT ( 'NONE',  ( 2.399999999999999911, 5.699999999999997513, 2.250000000000000000 ) ) ;
#6689 = DIRECTION ( 'NONE',  ( 0.000000000000000000, -1.000000000000000000, 0.000000000000000000 ) ) ;
#6690 = VERTEX_POINT ( 'NONE', #6180 ) ;
#6691 = VERTEX_POINT ( 'NONE', #6900 ) ;
#6692 = ORIENTED_EDGE ( 'NONE', *, *, #4864, .T. ) ;
#6693 = ORIENTED_EDGE ( 'NONE', *, *, #8598, .T. ) ;
#6694 = EDGE_CURVE ( 'NONE', #664, #1945, #451, .T. ) ;
#6695 = EDGE_CURVE ( 'NONE', #2569, #6848, #7691, .T. ) ;
#6696 = VECTOR ( 'NONE', #2853, 1000.000000000000000 ) ;
#6697 = DIRECTION ( 'NONE',  ( 0.000000000000000000, 1.000000000000000000, 0.000000000000000000 ) ) ;
#6698 = LINE ( 'NONE', #5036, #7253 ) ;
#6699 = DIRECTION ( 'NONE',  ( 6.052042441354482143E-17, 0.2631174057921086828, 0.9647638212377321887 ) ) ;
#6700 = DIRECTION ( 'NONE',  ( 0.000000000000000000, 0.000000000000000000, -1.000000000000000000 ) ) ;
#6701 = ORIENTED_EDGE ( 'NONE', *, *, #2017, .F. ) ;
#6702 = CARTESIAN_POINT ( 'NONE',  ( -5.400000000000000355, 5.700000000000000178, -1.899999999999994360 ) ) ;
#6703 = CARTESIAN_POINT ( 'NONE',  ( -3.249999999999968026, 0.6000000000000000888, 3.899999999999999911 ) ) ;
#6704 = VERTEX_POINT ( 'NONE', #2100 ) ;
#6705 = VECTOR ( 'NONE', #2899, 1000.000000000000000 ) ;
#6706 = ORIENTED_EDGE ( 'NONE', *, *, #2343, .F. ) ;
#6707 = DIRECTION ( 'NONE',  ( -1.000000000000000000, 0.000000000000000000, 0.000000000000000000 ) ) ;
#6708 = CARTESIAN_POINT ( 'NONE',  ( 6.000000000000001776, 4.950000000000000178, -3.200000000000000178 ) ) ;
#6709 = LINE ( 'NONE', #9027, #4550 ) ;
#6710 = CARTESIAN_POINT ( 'NONE',  ( 6.000000000000000888, 3.849999999999992095, -3.200000000000000178 ) ) ;
#6711 = EDGE_CURVE ( 'NONE', #6778, #8035, #1008, .T. ) ;
#6712 = ORIENTED_EDGE ( 'NONE', *, *, #5422, .T. ) ;
#6713 = CARTESIAN_POINT ( 'NONE',  ( -1.999999999999998224, 8.000000000000000000, -3.599999999999999645 ) ) ;
#6714 = EDGE_CURVE ( 'NONE', #3262, #8462, #6229, .T. ) ;
#6715 = EDGE_CURVE ( 'NONE', #5856, #1413, #10046, .T. ) ;
#6716 = ADVANCED_FACE ( 'NONE', ( #5357 ), #4666, .T. ) ;
#6717 = ORIENTED_EDGE ( 'NONE', *, *, #7257, .F. ) ;
#6718 = DIRECTION ( 'NONE',  ( -0.2359856711608181723, 0.8807105146304250454, 0.4106820575897978109 ) ) ;
#6719 = ADVANCED_FACE ( 'NONE', ( #613 ), #2249, .T. ) ;
#6721 = VECTOR ( 'NONE', #5240, 1000.000000000000000 ) ;
#6720 = DIRECTION ( 'NONE',  ( -1.000000000000000000, 0.000000000000000000, 0.000000000000000000 ) ) ;
#6722 = LINE ( 'NONE', #270, #10121 ) ;
#6723 = CARTESIAN_POINT ( 'NONE',  ( -0.4966738879314753219, 0.3999999999999996336, 1.399999999999999689 ) ) ;
#6724 = CARTESIAN_POINT ( 'NONE',  ( 1.250000000000001110, 2.649999999999999911, -2.300000000000000266 ) ) ;
#6725 = CARTESIAN_POINT ( 'NONE',  ( -1.249999999999968248, 0.000000000000000000, 5.000000000000000000 ) ) ;
#6726 = EDGE_CURVE ( 'NONE', #241, #1401, #1150, .T. ) ;
#6727 = CARTESIAN_POINT ( 'NONE',  ( -4.350000000000001421, 2.350000000000000089, -3.599999999999999645 ) ) ;
#6728 = ADVANCED_FACE ( 'NONE', ( #8608 ), #1472, .F. ) ;
#6729 = VECTOR ( 'NONE', #7719, 1000.000000000000000 ) ;
#6730 = ORIENTED_EDGE ( 'NONE', *, *, #1520, .T. ) ;
#6731 = LINE ( 'NONE', #2127, #3016 ) ;
#6732 = ORIENTED_EDGE ( 'NONE', *, *, #2252, .T. ) ;
#6733 = ORIENTED_EDGE ( 'NONE', *, *, #1234, .T. ) ;
#6734 = DIRECTION ( 'NONE',  ( 2.224004456380521903E-16, 1.000000000000000000, -0.000000000000000000 ) ) ;
#6735 = UNCERTAINTY_MEASURE_WITH_UNIT (LENGTH_MEASURE( 1.000000000000000082E-05 ), #9927, 'distance_accuracy_value', 'NONE');
#6736 = DIRECTION ( 'NONE',  ( -1.000000000000000000, 0.000000000000000000, 0.000000000000000000 ) ) ;
#6737 = DIRECTION ( 'NONE',  ( 0.000000000000000000, 1.000000000000000000, 0.000000000000000000 ) ) ;
#6738 = ORIENTED_EDGE ( 'NONE', *, *, #5881, .F. ) ;
#6739 = SURFACE_STYLE_USAGE ( .BOTH. , #384 ) ;
#6740 = DIRECTION ( 'NONE',  ( 0.000000000000000000, 1.414176746720223153E-16, -1.000000000000000000 ) ) ;
#6741 = ORIENTED_EDGE ( 'NONE', *, *, #5073, .T. ) ;
#6742 = VERTEX_POINT ( 'NONE', #6799 ) ;
#6743 = EDGE_CURVE ( 'NONE', #6264, #8802, #4459, .T. ) ;
#6744 = ORIENTED_EDGE ( 'NONE', *, *, #9734, .T. ) ;
#6745 = VECTOR ( 'NONE', #9065, 1000.000000000000000 ) ;
#6746 = ORIENTED_EDGE ( 'NONE', *, *, #1367, .T. ) ;
#6747 = LINE ( 'NONE', #396, #805 ) ;
#6748 =( NAMED_UNIT ( * ) SI_UNIT ( $, .STERADIAN. ) SOLID_ANGLE_UNIT ( ) );
#6749 = CARTESIAN_POINT ( 'NONE',  ( -2.749999999999999112, 2.540808929720139275, -2.300000000000000266 ) ) ;
#6750 = FACE_OUTER_BOUND ( 'NONE', #617, .T. ) ;
#6751 = EDGE_LOOP ( 'NONE', ( #4463, #7769, #4539, #1051 ) ) ;
#6752 = DIRECTION ( 'NONE',  ( 0.000000000000000000, 0.000000000000000000, 1.000000000000000000 ) ) ;
#6753 = DIRECTION ( 'NONE',  ( 0.000000000000000000, 0.000000000000000000, 1.000000000000000000 ) ) ;
#6754 = VERTEX_POINT ( 'NONE', #508 ) ;
#6755 = EDGE_CURVE ( 'NONE', #7907, #9045, #3274, .T. ) ;
#6756 = EDGE_CURVE ( 'NONE', #279, #9536, #1575, .T. ) ;
#6757 = EDGE_LOOP ( 'NONE', ( #6271, #4553, #9984, #4274, #5797, #1369 ) ) ;
#6758 = CARTESIAN_POINT ( 'NONE',  ( 4.900000000000000355, 4.629138561470611535, 1.099999999999999867 ) ) ;
#6759 = CIRCLE ( 'NONE', #5436, 0.07499999999999998335 ) ;
#6760 = DIRECTION ( 'NONE',  ( -0.000000000000000000, -0.000000000000000000, -1.000000000000000000 ) ) ;
#6761 = CARTESIAN_POINT ( 'NONE',  ( -5.200000000000001066, 4.864999999999999325, 2.125000000000000000 ) ) ;
#6762 = LINE ( 'NONE', #2011, #4951 ) ;
#6763 = DIRECTION ( 'NONE',  ( -1.000000000000000000, -0.000000000000000000, -0.000000000000000000 ) ) ;
#6764 = ORIENTED_EDGE ( 'NONE', *, *, #6820, .T. ) ;
#6765 = LINE ( 'NONE', #2067, #3327 ) ;
#6766 = ADVANCED_FACE ( 'NONE', ( #1726 ), #2299, .F. ) ;
#6767 = DIRECTION ( 'NONE',  ( -0.000000000000000000, -0.000000000000000000, 1.000000000000000000 ) ) ;
#6768 = CARTESIAN_POINT ( 'NONE',  ( -5.007179676972450366, -2.863989636192956765E-16, 0.9134769367380000116 ) ) ;
#6769 = DIRECTION ( 'NONE',  ( 1.000000000000000000, -0.000000000000000000, -0.000000000000000000 ) ) ;
#6770 = DIRECTION ( 'NONE',  ( 0.4226182617407026609, 0.000000000000000000, -0.9063077870366483824 ) ) ;
#6771 = AXIS2_PLACEMENT_3D ( 'NONE', #9293, #3844, #1444 ) ;
#6772 = DIRECTION ( 'NONE',  ( -0.000000000000000000, -0.000000000000000000, -1.000000000000000000 ) ) ;
#6773 = CARTESIAN_POINT ( 'NONE',  ( 2.100000000000000089, 4.400000000000000355, -3.049999999999999378 ) ) ;
#6774 = DIRECTION ( 'NONE',  ( -0.000000000000000000, -0.000000000000000000, -1.000000000000000000 ) ) ;
#6775 = ORIENTED_EDGE ( 'NONE', *, *, #8315, .F. ) ;
#6776 = LINE ( 'NONE', #3425, #579 ) ;
#6777 = ORIENTED_EDGE ( 'NONE', *, *, #4999, .T. ) ;
#6778 = VERTEX_POINT ( 'NONE', #3224 ) ;
#6779 = ORIENTED_EDGE ( 'NONE', *, *, #9371, .F. ) ;
#6780 = ADVANCED_FACE ( 'NONE', ( #9429 ), #8853, .T. ) ;
#6781 = CARTESIAN_POINT ( 'NONE',  ( 4.004999999999999893, 5.064999999999999503, 2.800000000000000266 ) ) ;
#6782 = ADVANCED_FACE ( 'NONE', ( #8754 ), #900, .F. ) ;
#6783 = ADVANCED_FACE ( 'NONE', ( #8707 ), #4714, .F. ) ;
#6784 = DIRECTION ( 'NONE',  ( -0.000000000000000000, -0.000000000000000000, -1.000000000000000000 ) ) ;
#6785 = AXIS2_PLACEMENT_3D ( 'NONE', #1278, #5260, #2833 ) ;
#6786 = DIRECTION ( 'NONE',  ( 0.000000000000000000, -1.000000000000000000, -0.000000000000000000 ) ) ;
#6787 = ORIENTED_EDGE ( 'NONE', *, *, #169, .F. ) ;
#6788 = CARTESIAN_POINT ( 'NONE',  ( -2.749999999999999112, 2.649999999999999911, -2.300000000000000266 ) ) ;
#6789 = VERTEX_POINT ( 'NONE', #7840 ) ;
#6790 = CARTESIAN_POINT ( 'NONE',  ( -3.200000000000000622, 3.700000000000000178, 0.7999999999999994893 ) ) ;
#6791 = ORIENTED_EDGE ( 'NONE', *, *, #4924, .F. ) ;
#6792 = VERTEX_POINT ( 'NONE', #7095 ) ;
#6793 = ORIENTED_EDGE ( 'NONE', *, *, #9416, .T. ) ;
#6794 = DIRECTION ( 'NONE',  ( -6.195440985631441512E-16, 1.000000000000000000, 0.000000000000000000 ) ) ;
#6795 = DIRECTION ( 'NONE',  ( 1.000000000000000000, 0.000000000000000000, 0.000000000000000000 ) ) ;
#6796 = EDGE_CURVE ( 'NONE', #3286, #2285, #3918, .T. ) ;
#6797 = EDGE_LOOP ( 'NONE', ( #2645, #9828, #7459, #2287 ) ) ;
#6798 = CARTESIAN_POINT ( 'NONE',  ( -5.200000000000001954, 4.700000000000000178, 0.1000000000000000472 ) ) ;
#6799 = CARTESIAN_POINT ( 'NONE',  ( -6.000000000000000000, 1.300000000000000266, 3.899999999999999911 ) ) ;
#6800 = VECTOR ( 'NONE', #5854, 1000.000000000000000 ) ;
#6801 = VERTEX_POINT ( 'NONE', #2498 ) ;
#6802 = VECTOR ( 'NONE', #6772, 1000.000000000000000 ) ;
#6803 = ORIENTED_EDGE ( 'NONE', *, *, #7723, .T. ) ;
#6804 = CARTESIAN_POINT ( 'NONE',  ( 4.800000000000000711, 5.500000000000001776, -1.699999999999999289 ) ) ;
#6805 = VECTOR ( 'NONE', #5791, 1000.000000000000000 ) ;
#6806 = DIRECTION ( 'NONE',  ( -0.000000000000000000, -1.000000000000000000, -0.000000000000000000 ) ) ;
#6807 = CARTESIAN_POINT ( 'NONE',  ( 5.305000000000000604, 1.800000000000000044, -1.700000000000000178 ) ) ;
#6808 = VECTOR ( 'NONE', #114, 1000.000000000000000 ) ;
#6809 = EDGE_CURVE ( 'NONE', #1779, #9843, #7882, .T. ) ;
#6810 = DIRECTION ( 'NONE',  ( 1.000000000000000000, -0.000000000000000000, 3.336006684570783101E-16 ) ) ;
#6811 = CARTESIAN_POINT ( 'NONE',  ( -5.200000000000001066, 2.400000000000001243, -1.699999999999999734 ) ) ;
#6812 = ORIENTED_EDGE ( 'NONE', *, *, #8979, .F. ) ;
#6813 = FACE_OUTER_BOUND ( 'NONE', #4765, .T. ) ;
#6814 = PLANE ( 'NONE',  #6545 ) ;
#6815 = DIRECTION ( 'NONE',  ( -0.7071067811865475727, -0.7071067811865475727, 0.000000000000000000 ) ) ;
#6816 = CARTESIAN_POINT ( 'NONE',  ( 3.250000000000001332, 2.540808929720139275, -2.300000000000000266 ) ) ;
#6817 = PLANE ( 'NONE',  #5147 ) ;
#6818 = EDGE_CURVE ( 'NONE', #703, #5643, #10247, .T. ) ;
#6819 = PRESENTATION_LAYER_ASSIGNMENT (  '', '', ( #4333 ) ) ;
#6820 = EDGE_CURVE ( 'NONE', #6941, #3481, #34, .T. ) ;
#6821 = CARTESIAN_POINT ( 'NONE',  ( 2.750000000000031974, 0.6000000000000000888, 2.400000000000000355 ) ) ;
#6822 = CARTESIAN_POINT ( 'NONE',  ( -4.800000000000000711, 5.325000000000001954, 3.899999999999999911 ) ) ;
#6823 = CARTESIAN_POINT ( 'NONE',  ( -6.000000000000000888, 4.050000000000000711, -3.200000000000000178 ) ) ;
#6824 = DIRECTION ( 'NONE',  ( 6.273081875717610616E-17, 0.000000000000000000, 1.000000000000000000 ) ) ;
#6825 = EDGE_CURVE ( 'NONE', #8753, #4316, #1527, .T. ) ;
#6826 = ORIENTED_EDGE ( 'NONE', *, *, #3582, .T. ) ;
#6827 = FACE_OUTER_BOUND ( 'NONE', #4288, .T. ) ;
#6828 = ORIENTED_EDGE ( 'NONE', *, *, #6908, .F. ) ;
#6829 = AXIS2_PLACEMENT_3D ( 'NONE', #2105, #6337, #3027 ) ;
#6830 = EDGE_CURVE ( 'NONE', #4490, #479, #7251, .T. ) ;
#6831 = VECTOR ( 'NONE', #9816, 1000.000000000000000 ) ;
#6832 = AXIS2_PLACEMENT_3D ( 'NONE', #10149, #4568, #9328 ) ;
#6833 = ORIENTED_EDGE ( 'NONE', *, *, #6825, .F. ) ;
#6834 = DIRECTION ( 'NONE',  ( 0.000000000000000000, 0.000000000000000000, 1.000000000000000000 ) ) ;
#6835 = UNCERTAINTY_MEASURE_WITH_UNIT (LENGTH_MEASURE( 1.000000000000000082E-05 ), #8775, 'distance_accuracy_value', 'NONE');
#6836 = DIRECTION ( 'NONE',  ( 0.000000000000000000, 1.000000000000000000, -0.000000000000000000 ) ) ;
#6837 = VECTOR ( 'NONE', #8981, 1000.000000000000000 ) ;
#6838 = CARTESIAN_POINT ( 'NONE',  ( 0.8747175268495870348, 2.274717526849586502, -3.031080120897855945 ) ) ;
#6839 = VERTEX_POINT ( 'NONE', #798 ) ;
#6840 = LINE ( 'NONE', #9366, #7496 ) ;
#6841 = EDGE_CURVE ( 'NONE', #7120, #4248, #3970, .T. ) ;
#6842 = FACE_OUTER_BOUND ( 'NONE', #736, .T. ) ;
#6843 = ORIENTED_EDGE ( 'NONE', *, *, #9163, .T. ) ;
#6844 = LINE ( 'NONE', #7267, #10015 ) ;
#6845 = EDGE_CURVE ( 'NONE', #1629, #6266, #7155, .T. ) ;
#6846 = ORIENTED_EDGE ( 'NONE', *, *, #6309, .T. ) ;
#6847 = EDGE_CURVE ( 'NONE', #7327, #6901, #2392, .T. ) ;
#6848 = VERTEX_POINT ( 'NONE', #1625 ) ;
#6849 = VERTEX_POINT ( 'NONE', #4812 ) ;
#6850 = CARTESIAN_POINT ( 'NONE',  ( 5.200000000000001066, 4.939999999999999503, 2.049999999999999822 ) ) ;
#6851 = CYLINDRICAL_SURFACE ( 'NONE', #8259, 0.07500000000000041356 ) ;
#6852 = PLANE ( 'NONE',  #3962 ) ;
#6853 = DIRECTION ( 'NONE',  ( 0.000000000000000000, -2.168404344971008868E-16, 1.000000000000000000 ) ) ;
#6854 = ORIENTED_EDGE ( 'NONE', *, *, #1998, .T. ) ;
#6855 = CARTESIAN_POINT ( 'NONE',  ( -0.7499999999999676925, 0.2000000000000000111, 2.400000000000000355 ) ) ;
#6856 = CARTESIAN_POINT ( 'NONE',  ( 2.250000000000002665, 4.550000000000002487, -3.200000000000000178 ) ) ;
#6857 = ORIENTED_EDGE ( 'NONE', *, *, #3443, .T. ) ;
#6858 = EDGE_CURVE ( 'NONE', #4506, #7670, #7981, .T. ) ;
#6859 = ORIENTED_EDGE ( 'NONE', *, *, #9649, .T. ) ;
#6860 = DIRECTION ( 'NONE',  ( 0.9396926207859095381, 0.000000000000000000, -0.3420201433256658263 ) ) ;
#6861 = LINE ( 'NONE', #2929, #9261 ) ;
#6862 = CARTESIAN_POINT ( 'NONE',  ( 6.000000000000000000, 5.700000000000000178, -3.200000000000000178 ) ) ;
#6863 = CARTESIAN_POINT ( 'NONE',  ( 6.000000000000000000, 5.699999999999999289, 2.250000000000000000 ) ) ;
#6864 = ORIENTED_EDGE ( 'NONE', *, *, #8340, .T. ) ;
#6865 = DIRECTION ( 'NONE',  ( 0.000000000000000000, 0.000000000000000000, -1.000000000000000000 ) ) ;
#6866 = EDGE_LOOP ( 'NONE', ( #1939, #4886, #2700, #4592, #4191, #1505 ) ) ;
#6867 = VECTOR ( 'NONE', #9706, 1000.000000000000000 ) ;
#6868 = DIRECTION ( 'NONE',  ( -9.637352644315598694E-16, -1.000000000000000000, 0.000000000000000000 ) ) ;
#6869 = DIRECTION ( 'NONE',  ( -1.000000000000000000, 0.000000000000000000, 0.000000000000000000 ) ) ;
#6870 = LINE ( 'NONE', #2937, #9012 ) ;
#6871 = CARTESIAN_POINT ( 'NONE',  ( 3.250000000000001332, 2.649999999999999911, 0.7999999999999994893 ) ) ;
#6872 = CARTESIAN_POINT ( 'NONE',  ( 2.100000000000000533, 3.699999999999998845, 0.7999999999999994893 ) ) ;
#6873 = VECTOR ( 'NONE', #8422, 1000.000000000000000 ) ;
#6874 = DIRECTION ( 'NONE',  ( 0.000000000000000000, -1.000000000000000000, 0.000000000000000000 ) ) ;
#6875 = LINE ( 'NONE', #10019, #3939 ) ;
#6876 = CARTESIAN_POINT ( 'NONE',  ( 6.000000000000000000, 2.400000000000000355, 3.699999999999999734 ) ) ;
#6877 = LINE ( 'NONE', #4637, #7668 ) ;
#6878 = VERTEX_POINT ( 'NONE', #4863 ) ;
#6879 = DIRECTION ( 'NONE',  ( -0.000000000000000000, 0.8253072612498317806, 0.5646839155919902709 ) ) ;
#6880 = ORIENTED_EDGE ( 'NONE', *, *, #2630, .T. ) ;
#6881 = EDGE_CURVE ( 'NONE', #5244, #383, #3332, .T. ) ;
#6882 = EDGE_CURVE ( 'NONE', #8652, #2241, #4182, .T. ) ;
#6883 = VECTOR ( 'NONE', #4464, 1000.000000000000000 ) ;
#6884 = EDGE_LOOP ( 'NONE', ( #2559, #8856, #1919, #3075 ) ) ;
#6885 = PLANE ( 'NONE',  #1196 ) ;
#6886 = AXIS2_PLACEMENT_3D ( 'NONE', #204, #9741, #4448 ) ;
#6887 = CYLINDRICAL_SURFACE ( 'NONE', #5268, 0.2500000000000019429 ) ;
#6888 = ORIENTED_EDGE ( 'NONE', *, *, #602, .T. ) ;
#6889 = CARTESIAN_POINT ( 'NONE',  ( 5.200000000000001066, 5.500000000000001776, 1.974999999999999423 ) ) ;
#6890 = ORIENTED_EDGE ( 'NONE', *, *, #6809, .T. ) ;
#6891 = LINE ( 'NONE', #3809, #2375 ) ;
#6892 = ORIENTED_EDGE ( 'NONE', *, *, #8679, .F. ) ;
#6893 = ADVANCED_FACE ( 'NONE', ( #4342 ), #187, .F. ) ;
#6894 = ORIENTED_EDGE ( 'NONE', *, *, #9618, .F. ) ;
#6895 = EDGE_LOOP ( 'NONE', ( #6334, #2586, #9642, #4129 ) ) ;
#6896 = DIRECTION ( 'NONE',  ( -1.000000000000000000, 0.000000000000000000, 0.000000000000000000 ) ) ;
#6897 = DIRECTION ( 'NONE',  ( 0.000000000000000000, -0.000000000000000000, 1.000000000000000000 ) ) ;
#6898 = ORIENTED_EDGE ( 'NONE', *, *, #7790, .T. ) ;
#6899 = DIRECTION ( 'NONE',  ( -0.000000000000000000, 1.000000000000000000, -0.000000000000000000 ) ) ;
#6900 = CARTESIAN_POINT ( 'NONE',  ( -4.200000000000000178, 0.9000000000000004663, 0.7999999999999994893 ) ) ;
#6901 = VERTEX_POINT ( 'NONE', #7359 ) ;
#6902 = ORIENTED_EDGE ( 'NONE', *, *, #3862, .T. ) ;
#6903 = ORIENTED_EDGE ( 'NONE', *, *, #4119, .T. ) ;
#6904 = DIRECTION ( 'NONE',  ( 0.000000000000000000, 0.000000000000000000, 1.000000000000000000 ) ) ;
#6905 = EDGE_CURVE ( 'NONE', #1207, #3563, #7457, .T. ) ;
#6906 = DIRECTION ( 'NONE',  ( -0.7071067811865526798, -0.7071067811865424657, 0.000000000000000000 ) ) ;
#6907 = CARTESIAN_POINT ( 'NONE',  ( 2.399999999999999911, 5.700000000000000178, 3.900000000000000355 ) ) ;
#6908 = EDGE_CURVE ( 'NONE', #5458, #2045, #4918, .T. ) ;
#6909 = STYLED_ITEM ( 'NONE', ( #2453 ), #5307 ) ;
#6910 = DIRECTION ( 'NONE',  ( 0.000000000000000000, 1.000000000000000000, -6.829619984160656074E-16 ) ) ;
#6911 = EDGE_LOOP ( 'NONE', ( #3919, #9125, #9331, #7584 ) ) ;
#6912 = LINE ( 'NONE', #9283, #2409 ) ;
#6913 = ORIENTED_EDGE ( 'NONE', *, *, #4277, .T. ) ;
#6914 = CARTESIAN_POINT ( 'NONE',  ( 3.200000000000000622, 3.699999999999998845, 0.7999999999999994893 ) ) ;
#6915 = CARTESIAN_POINT ( 'NONE',  ( -3.185323107660495090, 0.3499999999999996447, -3.750000000000003553 ) ) ;
#6916 = PLANE ( 'NONE',  #2040 ) ;
#6917 = CARTESIAN_POINT ( 'NONE',  ( -4.900000000000000355, 1.799999999999999600, 1.099999999999999867 ) ) ;
#6918 = CARTESIAN_POINT ( 'NONE',  ( -2.100000000000000533, 3.699999999999998845, -3.049999999999999378 ) ) ;
#6919 = CARTESIAN_POINT ( 'NONE',  ( 5.200000000000001066, 5.394289321881347021, 1.570710678118654391 ) ) ;
#6920 = DIRECTION ( 'NONE',  ( 0.000000000000000000, 1.224646799147353454E-16, -1.000000000000000000 ) ) ;
#6921 = DIRECTION ( 'NONE',  ( 1.000000000000000000, 0.000000000000000000, -1.051347561198064613E-15 ) ) ;
#6922 = VECTOR ( 'NONE', #4748, 1000.000000000000000 ) ;
#6923 = EDGE_CURVE ( 'NONE', #1764, #4599, #1882, .T. ) ;
#6924 = PLANE ( 'NONE',  #6018 ) ;
#6925 = ORIENTED_EDGE ( 'NONE', *, *, #1717, .F. ) ;
#6926 = ORIENTED_EDGE ( 'NONE', *, *, #4032, .F. ) ;
#6927 = ORIENTED_EDGE ( 'NONE', *, *, #3060, .F. ) ;
#6928 = VECTOR ( 'NONE', #7847, 1000.000000000000000 ) ;
#6929 = SURFACE_STYLE_USAGE ( .BOTH. , #8490 ) ;
#6930 = PLANE ( 'NONE',  #329 ) ;
#6931 = EDGE_CURVE ( 'NONE', #701, #7051, #1155, .T. ) ;
#6932 = FACE_OUTER_BOUND ( 'NONE', #2447, .T. ) ;
#6933 = ORIENTED_EDGE ( 'NONE', *, *, #2614, .F. ) ;
#6934 = CARTESIAN_POINT ( 'NONE',  ( -3.249999999999968026, 0.000000000000000000, 5.000000000000000000 ) ) ;
#6935 = DIRECTION ( 'NONE',  ( -1.000000000000000000, 0.000000000000000000, -0.000000000000000000 ) ) ;
#6936 = EDGE_LOOP ( 'NONE', ( #7022, #1540, #5872, #1168 ) ) ;
#6937 = MECHANICAL_DESIGN_GEOMETRIC_PRESENTATION_REPRESENTATION (  '', ( #8089 ), #2587 ) ;
#6938 = DIRECTION ( 'NONE',  ( -1.000000000000000000, -0.000000000000000000, -0.000000000000000000 ) ) ;
#6939 = ORIENTED_EDGE ( 'NONE', *, *, #5633, .F. ) ;
#6940 = ORIENTED_EDGE ( 'NONE', *, *, #4802, .F. ) ;
#6941 = VERTEX_POINT ( 'NONE', #2753 ) ;
#6942 = PRESENTATION_LAYER_ASSIGNMENT (  '', '', ( #1121 ) ) ;
#6943 = CARTESIAN_POINT ( 'NONE',  ( 5.999999999999999112, 5.700000000000000178, -1.899999999999999023 ) ) ;
#6944 = CARTESIAN_POINT ( 'NONE',  ( -0.7499999999999676925, 0.2000000000000000111, 4.800000000000000711 ) ) ;
#6945 = EDGE_CURVE ( 'NONE', #2812, #7874, #386, .T. ) ;
#6946 = FACE_OUTER_BOUND ( 'NONE', #5239, .T. ) ;
#6947 = VERTEX_POINT ( 'NONE', #9055 ) ;
#6948 = CARTESIAN_POINT ( 'NONE',  ( -2.749999999999966693, 0.000000000000000000, 2.400000000000000355 ) ) ;
#6949 = DIRECTION ( 'NONE',  ( -0.5773502691896242878, 0.5773502691896292838, -0.5773502691896236216 ) ) ;
#6950 = VERTEX_POINT ( 'NONE', #5080 ) ;
#6951 = ORIENTED_EDGE ( 'NONE', *, *, #9423, .T. ) ;
#6952 = ORIENTED_EDGE ( 'NONE', *, *, #958, .T. ) ;
#6953 = CARTESIAN_POINT ( 'NONE',  ( 6.000000000000000000, 4.050000000000000711, -3.000000000000000000 ) ) ;
#6954 = LINE ( 'NONE', #6862, #933 ) ;
#6955 = CIRCLE ( 'NONE', #1491, 0.07499999999999998335 ) ;
#6956 = ORIENTED_EDGE ( 'NONE', *, *, #6395, .F. ) ;
#6957 = AXIS2_PLACEMENT_3D ( 'NONE', #1696, #2366, #5573 ) ;
#6958 = DIRECTION ( 'NONE',  ( 1.000000000000000000, 0.000000000000000000, -0.000000000000000000 ) ) ;
#6959 = ORIENTED_EDGE ( 'NONE', *, *, #423, .T. ) ;
#6960 = CARTESIAN_POINT ( 'NONE',  ( -4.800000000000000711, 2.400000000000001243, -1.699999999999999734 ) ) ;
#6961 = EDGE_CURVE ( 'NONE', #4210, #2960, #3497, .T. ) ;
#6962 = EDGE_CURVE ( 'NONE', #9516, #2707, #6540, .T. ) ;
#6963 = VECTOR ( 'NONE', #6874, 1000.000000000000000 ) ;
#6964 = EDGE_CURVE ( 'NONE', #7490, #4061, #9725, .T. ) ;
#6965 = AXIS2_PLACEMENT_3D ( 'NONE', #2388, #7927, #1722 ) ;
#6966 = CARTESIAN_POINT ( 'NONE',  ( 6.000000000000000000, 3.150000000000000799, -3.000000000000000000 ) ) ;
#6967 = DIRECTION ( 'NONE',  ( -5.102127870520020982E-16, 1.000000000000000000, -0.000000000000000000 ) ) ;
#6968 = CARTESIAN_POINT ( 'NONE',  ( -5.304999999999998828, 1.799999999999999600, 1.399999999999999689 ) ) ;
#6969 = CARTESIAN_POINT ( 'NONE',  ( -3.249999999999999556, 2.649999999999999911, 0.7999999999999994893 ) ) ;
#6970 = DIRECTION ( 'NONE',  ( 1.000000000000000000, -0.000000000000000000, -0.000000000000000000 ) ) ;
#6971 = AXIS2_PLACEMENT_3D ( 'NONE', #5845, #6575, #8990 ) ;
#6972 = CARTESIAN_POINT ( 'NONE',  ( 6.000000000000000000, 0.2000000000000000111, 3.899999999999999911 ) ) ;
#6973 = ORIENTED_EDGE ( 'NONE', *, *, #8598, .F. ) ;
#6974 = LINE ( 'NONE', #735, #6205 ) ;
#6975 = ORIENTED_EDGE ( 'NONE', *, *, #5312, .F. ) ;
#6976 = EDGE_CURVE ( 'NONE', #2754, #5346, #9678, .T. ) ;
#6977 = AXIS2_PLACEMENT_3D ( 'NONE', #8193, #960, #1065 ) ;
#6978 = ORIENTED_EDGE ( 'NONE', *, *, #9716, .T. ) ;
#6979 = CARTESIAN_POINT ( 'NONE',  ( 4.900000000000000355, 0.000000000000000000, 0.000000000000000000 ) ) ;
#6980 = FACE_OUTER_BOUND ( 'NONE', #4841, .T. ) ;
#6981 = DIRECTION ( 'NONE',  ( -3.336006684570783101E-16, -0.000000000000000000, 1.000000000000000000 ) ) ;
#6982 = EDGE_LOOP ( 'NONE', ( #4271, #6392, #1428, #261 ) ) ;
#6983 = DIRECTION ( 'NONE',  ( -0.000000000000000000, -0.000000000000000000, -1.000000000000000000 ) ) ;
#6984 = MECHANICAL_DESIGN_GEOMETRIC_PRESENTATION_REPRESENTATION (  '', ( #828 ), #9124 ) ;
#6985 = ORIENTED_EDGE ( 'NONE', *, *, #653, .T. ) ;
#6986 = LINE ( 'NONE', #700, #4046 ) ;
#6987 = AXIS2_PLACEMENT_3D ( 'NONE', #8880, #4950, #6720 ) ;
#6988 = ORIENTED_EDGE ( 'NONE', *, *, #7325, .F. ) ;
#6989 = ORIENTED_EDGE ( 'NONE', *, *, #893, .T. ) ;
#6990 = VECTOR ( 'NONE', #7065, 1000.000000000000114 ) ;
#6991 = ORIENTED_EDGE ( 'NONE', *, *, #589, .T. ) ;
#6992 = VECTOR ( 'NONE', #6983, 1000.000000000000000 ) ;
#6993 = DIRECTION ( 'NONE',  ( 0.4226182617407019948, 0.000000000000000000, 0.9063077870366487154 ) ) ;
#6994 = VECTOR ( 'NONE', #5520, 1000.000000000000000 ) ;
#6995 = LINE ( 'NONE', #7044, #9923 ) ;
#6996 = VERTEX_POINT ( 'NONE', #9106 ) ;
#6997 = SURFACE_SIDE_STYLE ('',( #7782 ) ) ;
#6998 = CARTESIAN_POINT ( 'NONE',  ( 5.305000000000000604, 2.072405095595727609, -4.896446609406726047 ) ) ;
#6999 = ORIENTED_EDGE ( 'NONE', *, *, #528, .F. ) ;
#7000 = ORIENTED_EDGE ( 'NONE', *, *, #2318, .F. ) ;
#7001 = AXIS2_PLACEMENT_3D ( 'NONE', #7491, #9342, #1389 ) ;
#7002 = EDGE_CURVE ( 'NONE', #2955, #836, #5757, .T. ) ;
#7003 = EDGE_CURVE ( 'NONE', #7040, #5394, #2702, .T. ) ;
#7004 = VERTEX_POINT ( 'NONE', #8133 ) ;
#7005 = LINE ( 'NONE', #3879, #7321 ) ;
#7006 = CARTESIAN_POINT ( 'NONE',  ( -3.537690618442706381, 0.3499999999999996447, -4.855654565435176373 ) ) ;
#7007 = DIRECTION ( 'NONE',  ( 0.000000000000000000, -6.829619984160656074E-16, -1.000000000000000000 ) ) ;
#7008 = VERTEX_POINT ( 'NONE', #1009 ) ;
#7009 = DIRECTION ( 'NONE',  ( -1.000000000000000000, 0.000000000000000000, 0.000000000000000000 ) ) ;
#7010 = VERTEX_POINT ( 'NONE', #5131 ) ;
#7011 = DIRECTION ( 'NONE',  ( -0.000000000000000000, -0.000000000000000000, -1.000000000000000000 ) ) ;
#7012 = CARTESIAN_POINT ( 'NONE',  ( 1.250000000000033307, 0.000000000000000000, 2.400000000000000355 ) ) ;
#7013 = CYLINDRICAL_SURFACE ( 'NONE', #6009, 0.07499999999999998335 ) ;
#7014 = DIRECTION ( 'NONE',  ( 0.000000000000000000, 0.000000000000000000, -1.000000000000000000 ) ) ;
#7015 = LINE ( 'NONE', #2223, #3632 ) ;
#7016 = LINE ( 'NONE', #7806, #2755 ) ;
#7017 = EDGE_CURVE ( 'NONE', #3563, #5643, #239, .T. ) ;
#7018 = EDGE_CURVE ( 'NONE', #9197, #6742, #8185, .T. ) ;
#7019 = CARTESIAN_POINT ( 'NONE',  ( 2.850000000000000089, 4.850000000000000533, 2.250000000000000444 ) ) ;
#7020 = EDGE_LOOP ( 'NONE', ( #1421, #3729, #7186, #5444 ) ) ;
#7021 =( NAMED_UNIT ( * ) SI_UNIT ( $, .STERADIAN. ) SOLID_ANGLE_UNIT ( ) );
#7022 = ORIENTED_EDGE ( 'NONE', *, *, #211, .T. ) ;
#7023 = MECHANICAL_DESIGN_GEOMETRIC_PRESENTATION_REPRESENTATION (  '', ( #5384 ), #5873 ) ;
#7024 = CIRCLE ( 'NONE', #2519, 0.07499999999999998335 ) ;
#7025 = LINE ( 'NONE', #6253, #1330 ) ;
#7026 = ORIENTED_EDGE ( 'NONE', *, *, #7875, .F. ) ;
#7027 = VECTOR ( 'NONE', #4213, 1000.000000000000000 ) ;
#7028 = DIRECTION ( 'NONE',  ( -1.000000000000000000, 0.000000000000000000, 0.000000000000000000 ) ) ;
#7029 = EDGE_CURVE ( 'NONE', #404, #9045, #7407, .T. ) ;
#7030 = EDGE_CURVE ( 'NONE', #3295, #6227, #9006, .T. ) ;
#7031 = DIRECTION ( 'NONE',  ( -0.000000000000000000, 1.000000000000000000, 1.414176746720223153E-16 ) ) ;
#7032 = LINE ( 'NONE', #10187, #10208 ) ;
#7033 = EDGE_LOOP ( 'NONE', ( #906, #710, #7297, #8958 ) ) ;
#7034 = CARTESIAN_POINT ( 'NONE',  ( 3.250000000000033307, 0.000000000000000000, 2.900000000000001688 ) ) ;
#7035 = AXIS2_PLACEMENT_3D ( 'NONE', #6042, #8475, #2889 ) ;
#7036 = ORIENTED_EDGE ( 'NONE', *, *, #1608, .T. ) ;
#7037 = VECTOR ( 'NONE', #3616, 1000.000000000000000 ) ;
#7038 = DIRECTION ( 'NONE',  ( -0.7071067811865434649, 0.000000000000000000, 0.7071067811865515695 ) ) ;
#7039 = ORIENTED_EDGE ( 'NONE', *, *, #4045, .T. ) ;
#7040 = VERTEX_POINT ( 'NONE', #2957 ) ;
#7041 = VERTEX_POINT ( 'NONE', #5290 ) ;
#7042 = VECTOR ( 'NONE', #122, 1000.000000000000000 ) ;
#7043 = LINE ( 'NONE', #9474, #478 ) ;
#7044 = CARTESIAN_POINT ( 'NONE',  ( 3.200000000000000622, 4.800000000000001599, -3.049999999999999378 ) ) ;
#7045 = DIRECTION ( 'NONE',  ( 1.000000000000000000, 0.000000000000000000, 0.000000000000000000 ) ) ;
#7046 = ORIENTED_EDGE ( 'NONE', *, *, #3127, .F. ) ;
#7047 =( NAMED_UNIT ( * ) PLANE_ANGLE_UNIT ( ) SI_UNIT ( $, .RADIAN. ) );
#7048 = DIRECTION ( 'NONE',  ( 0.000000000000000000, 1.414176746720223153E-16, -1.000000000000000000 ) ) ;
#7049 = ORIENTED_EDGE ( 'NONE', *, *, #4864, .F. ) ;
#7050 = EDGE_CURVE ( 'NONE', #9365, #2301, #9096, .T. ) ;
#7051 = VERTEX_POINT ( 'NONE', #2190 ) ;
#7052 = ORIENTED_EDGE ( 'NONE', *, *, #5008, .F. ) ;
#7053 = CARTESIAN_POINT ( 'NONE',  ( -3.049999999999998934, 3.850000000000002753, -3.200000000000000178 ) ) ;
#7054 = LINE ( 'NONE', #3926, #7085 ) ;
#7055 = CARTESIAN_POINT ( 'NONE',  ( 4.200000000000000178, 1.999896230895142013, -5.000000000000000000 ) ) ;
#7056 = VERTEX_POINT ( 'NONE', #1362 ) ;
#7057 = ADVANCED_FACE ( 'NONE', ( #1253 ), #545, .T. ) ;
#7058 = FACE_OUTER_BOUND ( 'NONE', #303, .T. ) ;
#7059 = EDGE_CURVE ( 'NONE', #3235, #7281, #9983, .T. ) ;
#7060 = ORIENTED_EDGE ( 'NONE', *, *, #6396, .T. ) ;
#7061 = CARTESIAN_POINT ( 'NONE',  ( -4.200000000000000178, 2.199999999999999734, -4.714222201011315505 ) ) ;
#7062 = ADVANCED_FACE ( 'NONE', ( #8390 ), #10081, .F. ) ;
#7063 = CARTESIAN_POINT ( 'NONE',  ( 5.305000000000000604, 3.150000000000000799, -3.200000000000000178 ) ) ;
#7064 = AXIS2_PLACEMENT_3D ( 'NONE', #4809, #7880, #3869 ) ;
#7065 = DIRECTION ( 'NONE',  ( -0.5773502691896257311, -0.5773502691896290617, 0.5773502691896224004 ) ) ;
#7066 = FACE_OUTER_BOUND ( 'NONE', #2538, .T. ) ;
#7067 = LINE ( 'NONE', #7901, #1309 ) ;
#7068 = PLANE ( 'NONE',  #5296 ) ;
#7069 = EDGE_CURVE ( 'NONE', #10238, #7384, #4500, .T. ) ;
#7070 = DIRECTION ( 'NONE',  ( 0.000000000000000000, -0.9396926207859095381, -0.3420201433256658263 ) ) ;
#7071 = ORIENTED_EDGE ( 'NONE', *, *, #8140, .T. ) ;
#7072 = DIRECTION ( 'NONE',  ( 0.000000000000000000, 0.000000000000000000, 1.000000000000000000 ) ) ;
#7073 = EDGE_CURVE ( 'NONE', #8120, #9433, #9316, .T. ) ;
#7074 = VECTOR ( 'NONE', #742, 1000.000000000000000 ) ;
#7075 = ORIENTED_EDGE ( 'NONE', *, *, #2809, .T. ) ;
#7076 = PLANE ( 'NONE',  #6154 ) ;
#7077 = CARTESIAN_POINT ( 'NONE',  ( 3.250000000000001332, 2.649999999999999911, 0.7999999999999994893 ) ) ;
#7078 = VECTOR ( 'NONE', #9339, 1000.000000000000000 ) ;
#7079 = DIRECTION ( 'NONE',  ( 0.000000000000000000, 0.000000000000000000, 1.000000000000000000 ) ) ;
#7080 = CARTESIAN_POINT ( 'NONE',  ( 1.999999999999998224, 0.4000000000000001887, -3.599999999999999645 ) ) ;
#7081 = CARTESIAN_POINT ( 'NONE',  ( 0.6250000000000000000, -7.703719777548944781E-33, -0.9499999999999999556 ) ) ;
#7082 = ORIENTED_EDGE ( 'NONE', *, *, #7912, .F. ) ;
#7083 = DIRECTION ( 'NONE',  ( 1.000000000000000000, -0.000000000000000000, -0.000000000000000000 ) ) ;
#7084 = ORIENTED_EDGE ( 'NONE', *, *, #1608, .F. ) ;
#7085 = VECTOR ( 'NONE', #3080, 1000.000000000000000 ) ;
#7086 = EDGE_CURVE ( 'NONE', #1985, #3235, #5393, .T. ) ;
#7087 = ADVANCED_FACE ( 'NONE', ( #1987 ), #3704, .F. ) ;
#7088 = VERTEX_POINT ( 'NONE', #4446 ) ;
#7089 = LINE ( 'NONE', #179, #4215 ) ;
#7090 = DIRECTION ( 'NONE',  ( 0.7071067811865469066, -0.7071067811865481278, -7.434149899070896127E-16 ) ) ;
#7091 = CARTESIAN_POINT ( 'NONE',  ( 4.800000000000000711, 5.699999999999999289, 2.250000000000000000 ) ) ;
#7092 = VECTOR ( 'NONE', #4352, 1000.000000000000000 ) ;
#7093 = LINE ( 'NONE', #10244, #5259 ) ;
#7094 = ORIENTED_EDGE ( 'NONE', *, *, #4070, .F. ) ;
#7095 = CARTESIAN_POINT ( 'NONE',  ( -4.899999999999999467, 0.4000000000000000222, -1.699999999999999067 ) ) ;
#7096 = ORIENTED_EDGE ( 'NONE', *, *, #6121, .T. ) ;
#7097 = EDGE_LOOP ( 'NONE', ( #5081, #1171, #7144, #6367 ) ) ;
#7098 = ADVANCED_FACE ( 'NONE', ( #2860 ), #4552, .T. ) ;
#7099 = ORIENTED_EDGE ( 'NONE', *, *, #3564, .F. ) ;
#7100 = VERTEX_POINT ( 'NONE', #5186 ) ;
#7101 = ADVANCED_FACE ( 'NONE', ( #6842 ), #437, .F. ) ;
#7102 = PLANE ( 'NONE',  #3474 ) ;
#7103 = CARTESIAN_POINT ( 'NONE',  ( -1.249999999999999334, 2.649999999999999911, -2.300000000000000266 ) ) ;
#7104 = CARTESIAN_POINT ( 'NONE',  ( 5.200000000000000178, 5.099999999999997868, 4.100000000000000533 ) ) ;
#7105 = VERTEX_POINT ( 'NONE', #2086 ) ;
#7106 = DIRECTION ( 'NONE',  ( -0.000000000000000000, 1.000000000000000000, 1.591489427501658143E-16 ) ) ;
#7107 = DIRECTION ( 'NONE',  ( 0.000000000000000000, -1.000000000000000000, 0.000000000000000000 ) ) ;
#7108 = ORIENTED_EDGE ( 'NONE', *, *, #2792, .T. ) ;
#7109 = CARTESIAN_POINT ( 'NONE',  ( 6.000000000000001776, 5.700000000000000178, -1.900000000000006795 ) ) ;
#7110 = CARTESIAN_POINT ( 'NONE',  ( -0.6250000000000000000, 4.700000000000000178, -2.200000000000000622 ) ) ;
#7111 = DIRECTION ( 'NONE',  ( 0.000000000000000000, -0.5735764363510497121, -0.8191520442889891340 ) ) ;
#7112 = DIRECTION ( 'NONE',  ( -1.000000000000000000, 0.000000000000000000, 0.000000000000000000 ) ) ;
#7113 = AXIS2_PLACEMENT_3D ( 'NONE', #2978, #10055, #5204 ) ;
#7114 = VECTOR ( 'NONE', #2651, 1000.000000000000000 ) ;
#7115 = LINE ( 'NONE', #53, #3119 ) ;
#7116 = CARTESIAN_POINT ( 'NONE',  ( 6.000000000000000000, 5.499999999999998224, 3.700000000000000178 ) ) ;
#7117 = VECTOR ( 'NONE', #4454, 1000.000000000000000 ) ;
#7118 = CARTESIAN_POINT ( 'NONE',  ( -4.600000000000003197, 5.699999999999999289, 2.250000000000000000 ) ) ;
#7119 = VECTOR ( 'NONE', #1928, 1000.000000000000114 ) ;
#7120 = VERTEX_POINT ( 'NONE', #1310 ) ;
#7121 = DIRECTION ( 'NONE',  ( 0.000000000000000000, 0.000000000000000000, 1.000000000000000000 ) ) ;
#7122 = ORIENTED_EDGE ( 'NONE', *, *, #10185, .F. ) ;
#7123 = VECTOR ( 'NONE', #8053, 1000.000000000000000 ) ;
#7124 = EDGE_CURVE ( 'NONE', #662, #7310, #7677, .T. ) ;
#7125 = CARTESIAN_POINT ( 'NONE',  ( 4.800000000000000711, 5.300000000000000711, -1.499999999999999556 ) ) ;
#7126 = ADVANCED_FACE ( 'NONE', ( #9255 ), #2140, .F. ) ;
#7127 = FACE_OUTER_BOUND ( 'NONE', #7781, .T. ) ;
#7128 = AXIS2_PLACEMENT_3D ( 'NONE', #7440, #992, #7393 ) ;
#7129 = CARTESIAN_POINT ( 'NONE',  ( -0.6250000000000000000, -7.703719777548944781E-33, -0.9499999999999998446 ) ) ;
#7130 = EDGE_CURVE ( 'NONE', #7884, #8048, #315, .T. ) ;
#7131 = DIRECTION ( 'NONE',  ( 1.000000000000000000, 0.000000000000000000, -0.000000000000000000 ) ) ;
#7132 = LINE ( 'NONE', #3805, #5430 ) ;
#7133 = FACE_OUTER_BOUND ( 'NONE', #2006, .T. ) ;
#7134 = ORIENTED_EDGE ( 'NONE', *, *, #8298, .F. ) ;
#7135 = LINE ( 'NONE', #2383, #2056 ) ;
#7136 = VERTEX_POINT ( 'NONE', #4217 ) ;
#7137 = PRESENTATION_LAYER_ASSIGNMENT (  '', '', ( #1320 ) ) ;
#7138 = VECTOR ( 'NONE', #5052, 1000.000000000000000 ) ;
#7139 = VERTEX_POINT ( 'NONE', #2684 ) ;
#7140 = PLANE ( 'NONE',  #7953 ) ;
#7141 = ADVANCED_FACE ( 'NONE', ( #9707 ), #417, .F. ) ;
#7142 = CARTESIAN_POINT ( 'NONE',  ( 1.250000000000001110, 2.149999999999999467, -2.300000000000000266 ) ) ;
#7143 = CARTESIAN_POINT ( 'NONE',  ( 0.6250000000000000000, 5.000000000000000888, -1.099999999999998979 ) ) ;
#7144 = ORIENTED_EDGE ( 'NONE', *, *, #5752, .F. ) ;
#7145 = FILL_AREA_STYLE_COLOUR ( '', #5343 ) ;
#7146 = ADVANCED_FACE ( 'NONE', ( #4160 ), #2577, .F. ) ;
#7147 = VECTOR ( 'NONE', #2281, 1000.000000000000000 ) ;
#7148 = CARTESIAN_POINT ( 'NONE',  ( -5.200000000000001066, 5.400000000000000355, 0.9678427124746188381 ) ) ;
#7149 = ADVANCED_FACE ( 'NONE', ( #7390 ), #271, .F. ) ;
#7150 = EDGE_LOOP ( 'NONE', ( #5699, #5784, #3613, #8967 ) ) ;
#7151 = ORIENTED_EDGE ( 'NONE', *, *, #112, .T. ) ;
#7152 = VECTOR ( 'NONE', #6164, 1000.000000000000000 ) ;
#7153 = ORIENTED_EDGE ( 'NONE', *, *, #917, .T. ) ;
#7154 = VERTEX_POINT ( 'NONE', #8168 ) ;
#7155 = CIRCLE ( 'NONE', #4341, 0.1000000000000002554 ) ;
#7156 = AXIS2_PLACEMENT_3D ( 'NONE', #6672, #416, #3577 ) ;
#7157 = DIRECTION ( 'NONE',  ( 0.000000000000000000, 0.000000000000000000, 1.000000000000000000 ) ) ;
#7158 = DIRECTION ( 'NONE',  ( 1.000000000000000000, 0.000000000000000000, -0.000000000000000000 ) ) ;
#7159 = PLANE ( 'NONE',  #2599 ) ;
#7160 = VERTEX_POINT ( 'NONE', #5163 ) ;
#7161 = CARTESIAN_POINT ( 'NONE',  ( 2.750000000000000888, 2.649999999999999911, -1.999999999999997335 ) ) ;
#7162 = EDGE_CURVE ( 'NONE', #7241, #4400, #4377, .T. ) ;
#7163 = AXIS2_PLACEMENT_3D ( 'NONE', #5427, #1352, #8581 ) ;
#7164 = CARTESIAN_POINT ( 'NONE',  ( -5.200000000000001066, 4.939999999999999503, 2.925000000000000711 ) ) ;
#7165 = EDGE_CURVE ( 'NONE', #6778, #495, #8934, .T. ) ;
#7166 = VERTEX_POINT ( 'NONE', #1863 ) ;
#7167 = DIRECTION ( 'NONE',  ( 0.000000000000000000, 0.000000000000000000, 1.000000000000000000 ) ) ;
#7168 = CARTESIAN_POINT ( 'NONE',  ( 4.900000000000000355, 0.4000000000000000222, 1.099999999999999867 ) ) ;
#7169 = CARTESIAN_POINT ( 'NONE',  ( 6.000000000000000000, 1.999896230895142013, -5.000000000000000000 ) ) ;
#7170 = PLANE ( 'NONE',  #3975 ) ;
#7171 = CARTESIAN_POINT ( 'NONE',  ( 1.250000000000001110, 2.149999999999999467, 0.7999999999999994893 ) ) ;
#7172 = DIRECTION ( 'NONE',  ( -0.000000000000000000, 1.000000000000000000, -0.000000000000000000 ) ) ;
#7173 = DIRECTION ( 'NONE',  ( -2.478176394252581338E-15, 0.000000000000000000, 1.000000000000000000 ) ) ;
#7174 = CARTESIAN_POINT ( 'NONE',  ( 0.000000000000000000, 2.259191070279860103, -2.300000000000000266 ) ) ;
#7175 = ORIENTED_EDGE ( 'NONE', *, *, #7743, .T. ) ;
#7176 = DIRECTION ( 'NONE',  ( -0.000000000000000000, -0.000000000000000000, -1.000000000000000000 ) ) ;
#7177 = CARTESIAN_POINT ( 'NONE',  ( 6.000000000000000000, 5.700000000000000178, -3.200000000000000178 ) ) ;
#7178 = VECTOR ( 'NONE', #7028, 1000.000000000000000 ) ;
#7179 = PLANE ( 'NONE',  #3695 ) ;
#7180 = DIRECTION ( 'NONE',  ( 1.051347561198064613E-15, 0.000000000000000000, 1.000000000000000000 ) ) ;
#7181 = PLANE ( 'NONE',  #3971 ) ;
#7182 = DIRECTION ( 'NONE',  ( -1.000000000000000000, -0.000000000000000000, -0.000000000000000000 ) ) ;
#7183 = CARTESIAN_POINT ( 'NONE',  ( 4.670000000000001705, 6.164999999999997371, 3.035000000000000586 ) ) ;
#7184 = EDGE_CURVE ( 'NONE', #7198, #1779, #10263, .T. ) ;
#7185 = EDGE_CURVE ( 'NONE', #4125, #7004, #318, .T. ) ;
#7186 = ORIENTED_EDGE ( 'NONE', *, *, #3828, .T. ) ;
#7187 = CARTESIAN_POINT ( 'NONE',  ( 5.200000000000001066, 5.400000000000001243, 1.717842712474618283 ) ) ;
#7188 = AXIS2_PLACEMENT_3D ( 'NONE', #9503, #8687, #9656 ) ;
#7189 = ORIENTED_EDGE ( 'NONE', *, *, #8658, .F. ) ;
#7190 = ORIENTED_EDGE ( 'NONE', *, *, #2728, .T. ) ;
#7191 = CARTESIAN_POINT ( 'NONE',  ( -6.000000000000000000, 5.700000000000000178, 3.700000000000000178 ) ) ;
#7192 = ADVANCED_FACE ( 'NONE', ( #8320 ), #6573, .F. ) ;
#7193 = DIRECTION ( 'NONE',  ( 0.000000000000000000, -1.000000000000000000, 0.000000000000000000 ) ) ;
#7194 = VECTOR ( 'NONE', #8314, 1000.000000000000000 ) ;
#7195 = CARTESIAN_POINT ( 'NONE',  ( -0.7499999999999988898, 2.149999999999999467, -2.300000000000000266 ) ) ;
#7196 = AXIS2_PLACEMENT_3D ( 'NONE', #4529, #5214, #9236 ) ;
#7197 = LINE ( 'NONE', #9425, #7906 ) ;
#7198 = VERTEX_POINT ( 'NONE', #1187 ) ;
#7199 = SURFACE_SIDE_STYLE ('',( #5654 ) ) ;
#7200 = DIRECTION ( 'NONE',  ( -2.224004456380521903E-16, -1.000000000000000000, 0.000000000000000000 ) ) ;
#7201 = ADVANCED_FACE ( 'NONE', ( #1086 ), #9911, .F. ) ;
#7202 = ORIENTED_EDGE ( 'NONE', *, *, #8126, .T. ) ;
#7203 = ORIENTED_EDGE ( 'NONE', *, *, #9636, .T. ) ;
#7204 = EDGE_CURVE ( 'NONE', #4910, #4355, #2783, .T. ) ;
#7205 = AXIS2_PLACEMENT_3D ( 'NONE', #2911, #9418, #1516 ) ;
#7206 = ORIENTED_EDGE ( 'NONE', *, *, #1457, .F. ) ;
#7207 = VERTEX_POINT ( 'NONE', #6673 ) ;
#7208 = CARTESIAN_POINT ( 'NONE',  ( 3.026055542458625069, 0.3500000000000004774, -4.350000000000003197 ) ) ;
#7209 = CARTESIAN_POINT ( 'NONE',  ( 5.200000000000001066, 2.400000000000000355, 3.700000000000000178 ) ) ;
#7210 = FILL_AREA_STYLE_COLOUR ( '', #10038 ) ;
#7211 = ORIENTED_EDGE ( 'NONE', *, *, #10059, .T. ) ;
#7212 = LINE ( 'NONE', #3236, #9604 ) ;
#7213 = CIRCLE ( 'NONE', #9361, 0.2000000000000003164 ) ;
#7214 = VECTOR ( 'NONE', #1244, 1000.000000000000000 ) ;
#7215 = DIRECTION ( 'NONE',  ( -3.336006684570783101E-16, 0.000000000000000000, 1.000000000000000000 ) ) ;
#7216 = ORIENTED_EDGE ( 'NONE', *, *, #2110, .F. ) ;
#7217 = LINE ( 'NONE', #8721, #3675 ) ;
#7218 = ADVANCED_FACE ( 'NONE', ( #1912 ), #9038, .T. ) ;
#7219 = EDGE_LOOP ( 'NONE', ( #10073, #6959, #6469, #9253 ) ) ;
#7220 = ADVANCED_FACE ( 'NONE', ( #1135 ), #371, .F. ) ;
#7221 = PLANE ( 'NONE',  #8358 ) ;
#7222 = DIRECTION ( 'NONE',  ( -3.336006684570782608E-16, -0.000000000000000000, 1.000000000000000000 ) ) ;
#7223 = CARTESIAN_POINT ( 'NONE',  ( -5.200000000000001066, 5.394289321881346133, 1.429289321881345387 ) ) ;
#7224 = LINE ( 'NONE', #3996, #5461 ) ;
#7225 = LINE ( 'NONE', #6564, #1321 ) ;
#7226 = ORIENTED_EDGE ( 'NONE', *, *, #9397, .T. ) ;
#7227 = FACE_OUTER_BOUND ( 'NONE', #8764, .T. ) ;
#7228 = ORIENTED_EDGE ( 'NONE', *, *, #6184, .F. ) ;
#7229 = CARTESIAN_POINT ( 'NONE',  ( -4.600000000000001421, 5.700000000000000178, 2.999999999999999112 ) ) ;
#7230 = VECTOR ( 'NONE', #2098, 1000.000000000000000 ) ;
#7231 = FACE_OUTER_BOUND ( 'NONE', #5344, .T. ) ;
#7232 = DIRECTION ( 'NONE',  ( 0.000000000000000000, 0.9396926207859095381, -0.3420201433256658263 ) ) ;
#7233 = ADVANCED_FACE ( 'NONE', ( #989 ), #219, .F. ) ;
#7234 = PLANE ( 'NONE',  #8425 ) ;
#7235 = DIRECTION ( 'NONE',  ( 1.000000000000000000, -0.000000000000000000, -0.000000000000000000 ) ) ;
#7236 = AXIS2_PLACEMENT_3D ( 'NONE', #1407, #8540, #2954 ) ;
#7237 = CARTESIAN_POINT ( 'NONE',  ( -0.7499999999999676925, 0.2000000000000000111, 2.400000000000000355 ) ) ;
#7238 = CARTESIAN_POINT ( 'NONE',  ( -4.800000000000002487, 5.500000000000001776, -1.699999999999998179 ) ) ;
#7239 = VERTEX_POINT ( 'NONE', #7803 ) ;
#7240 = CARTESIAN_POINT ( 'NONE',  ( 5.200000000000001066, 2.400000000000000355, 3.899999999999999023 ) ) ;
#7241 = VERTEX_POINT ( 'NONE', #8376 ) ;
#7242 = VERTEX_POINT ( 'NONE', #9190 ) ;
#7243 = VECTOR ( 'NONE', #6981, 1000.000000000000000 ) ;
#7244 = DIRECTION ( 'NONE',  ( 7.078004864255929383E-16, 1.000000000000000000, 1.517883041479707588E-15 ) ) ;
#7245 = ADVANCED_FACE ( 'NONE', ( #680 ), #2892, .F. ) ;
#7246 = DIRECTION ( 'NONE',  ( 0.000000000000000000, -1.548860246407863829E-16, 1.000000000000000000 ) ) ;
#7247 = DIRECTION ( 'NONE',  ( 0.4226182617407019393, 0.000000000000000000, 0.9063077870366488265 ) ) ;
#7248 = DIRECTION ( 'NONE',  ( 0.000000000000000000, -1.000000000000000000, 0.000000000000000000 ) ) ;
#7249 = ORIENTED_EDGE ( 'NONE', *, *, #6908, .T. ) ;
#7250 = DIRECTION ( 'NONE',  ( 1.000000000000000000, 0.000000000000000000, 0.000000000000000000 ) ) ;
#7251 = LINE ( 'NONE', #5706, #683 ) ;
#7252 = ORIENTED_EDGE ( 'NONE', *, *, #5432, .F. ) ;
#7253 = VECTOR ( 'NONE', #2709, 1000.000000000000000 ) ;
#7254 = ORIENTED_EDGE ( 'NONE', *, *, #9357, .T. ) ;
#7255 = ORIENTED_EDGE ( 'NONE', *, *, #3955, .T. ) ;
#7256 = VERTEX_POINT ( 'NONE', #10017 ) ;
#7257 = EDGE_CURVE ( 'NONE', #7242, #1378, #3039, .T. ) ;
#7258 = ADVANCED_FACE ( 'NONE', ( #7657 ), #4480, .F. ) ;
#7259 = VECTOR ( 'NONE', #2074, 1000.000000000000000 ) ;
#7260 = FACE_OUTER_BOUND ( 'NONE', #4961, .T. ) ;
#7261 = PLANE ( 'NONE',  #5937 ) ;
#7262 = ORIENTED_EDGE ( 'NONE', *, *, #4070, .T. ) ;
#7263 = CARTESIAN_POINT ( 'NONE',  ( -6.525028058361389327, 3.896071829405157061, 1.274971941638616713 ) ) ;
#7264 = ADVANCED_FACE ( 'NONE', ( #630 ), #6817, .F. ) ;
#7265 = CARTESIAN_POINT ( 'NONE',  ( -5.305000000000000604, -2.972161292830653933E-16, 0.9134769367380000116 ) ) ;
#7266 = ORIENTED_EDGE ( 'NONE', *, *, #480, .F. ) ;
#7267 = CARTESIAN_POINT ( 'NONE',  ( 4.800000000000000711, 4.700000000000000178, 0.1000000000000000472 ) ) ;
#7268 = VECTOR ( 'NONE', #9508, 1000.000000000000000 ) ;
#7269 = ORIENTED_EDGE ( 'NONE', *, *, #6151, .F. ) ;
#7270 = DIRECTION ( 'NONE',  ( 1.000000000000000000, -0.000000000000000000, -0.000000000000000000 ) ) ;
#7271 = LINE ( 'NONE', #6708, #314 ) ;
#7272 = LINE ( 'NONE', #817, #8287 ) ;
#7273 = AXIS2_PLACEMENT_3D ( 'NONE', #2369, #10222, #2321 ) ;
#7274 = DIRECTION ( 'NONE',  ( 0.000000000000000000, 0.7071067811865414665, -0.7071067811865535679 ) ) ;
#7275 = CARTESIAN_POINT ( 'NONE',  ( 1.250000000000033307, 0.6000000000000000888, 2.399999999999986144 ) ) ;
#7276 = DIRECTION ( 'NONE',  ( 0.000000000000000000, -0.000000000000000000, -1.000000000000000000 ) ) ;
#7277 = ADVANCED_FACE ( 'NONE', ( #9968 ), #9238, .F. ) ;
#7278 = ORIENTED_EDGE ( 'NONE', *, *, #5509, .T. ) ;
#7279 = LINE ( 'NONE', #1551, #1512 ) ;
#7280 = EDGE_CURVE ( 'NONE', #8381, #10205, #6146, .T. ) ;
#7281 = VERTEX_POINT ( 'NONE', #9290 ) ;
#7282 = DIRECTION ( 'NONE',  ( 0.000000000000000000, 1.591489427501657896E-16, -1.000000000000000000 ) ) ;
#7283 = VECTOR ( 'NONE', #1932, 1000.000000000000000 ) ;
#7284 = CARTESIAN_POINT ( 'NONE',  ( 4.800000000000000711, 2.400000000000001243, -1.699999999999999734 ) ) ;
#7285 = CARTESIAN_POINT ( 'NONE',  ( -5.054999999999998828, 0.6500000000000020206, -4.749999999999992895 ) ) ;
#7286 = DIRECTION ( 'NONE',  ( 1.000000000000000000, -0.000000000000000000, -0.000000000000000000 ) ) ;
#7287 = CARTESIAN_POINT ( 'NONE',  ( -5.200000000000001066, 5.500000000000000888, 0.9678427124746186161 ) ) ;
#7288 = AXIS2_PLACEMENT_3D ( 'NONE', #6944, #10093, #2966 ) ;
#7289 = LINE ( 'NONE', #3316, #5108 ) ;
#7290 = DIRECTION ( 'NONE',  ( 1.000000000000000000, -0.000000000000000000, -5.560011140951304758E-17 ) ) ;
#7291 = ADVANCED_FACE ( 'NONE', ( #2118 ), #3842, .F. ) ;
#7292 = VECTOR ( 'NONE', #771, 1000.000000000000000 ) ;
#7293 = VERTEX_POINT ( 'NONE', #9399 ) ;
#7294 = CARTESIAN_POINT ( 'NONE',  ( 2.750000000000031974, 0.2000000000000000111, 3.899999999999999911 ) ) ;
#7295 = ORIENTED_EDGE ( 'NONE', *, *, #2017, .T. ) ;
#7296 = VECTOR ( 'NONE', #5938, 1000.000000000000000 ) ;
#7297 = ORIENTED_EDGE ( 'NONE', *, *, #981, .F. ) ;
#7298 = CIRCLE ( 'NONE', #3636, 0.09999999999999993616 ) ;
#7299 = CARTESIAN_POINT ( 'NONE',  ( 4.800000000000000711, 5.499999999999998224, 3.700000000000000178 ) ) ;
#7300 = CARTESIAN_POINT ( 'NONE',  ( 5.305000000000000604, 1.800000000000000044, -1.699999999999999734 ) ) ;
#7301 = CARTESIAN_POINT ( 'NONE',  ( 6.000000000000000000, 0.6000000000000000888, 3.899999999999999911 ) ) ;
#7302 = CARTESIAN_POINT ( 'NONE',  ( 5.200000000000001066, 5.400000000000001243, 1.717842712474618283 ) ) ;
#7303 = ORIENTED_EDGE ( 'NONE', *, *, #344, .T. ) ;
#7304 = CARTESIAN_POINT ( 'NONE',  ( -1.249999999999968248, 0.6000000000000000888, 5.000000000000000000 ) ) ;
#7305 = DIRECTION ( 'NONE',  ( -0.000000000000000000, 2.759533940951752967E-15, 1.000000000000000000 ) ) ;
#7306 = VECTOR ( 'NONE', #6027, 1000.000000000000000 ) ;
#7307 = ORIENTED_EDGE ( 'NONE', *, *, #7582, .T. ) ;
#7308 = ORIENTED_EDGE ( 'NONE', *, *, #8601, .F. ) ;
#7309 = VECTOR ( 'NONE', #1440, 1000.000000000000000 ) ;
#7310 = VERTEX_POINT ( 'NONE', #7758 ) ;
#7311 = ORIENTED_EDGE ( 'NONE', *, *, #10110, .F. ) ;
#7312 = VECTOR ( 'NONE', #8389, 1000.000000000000000 ) ;
#7313 = VECTOR ( 'NONE', #1698, 1000.000000000000000 ) ;
#7314 = DIRECTION ( 'NONE',  ( 0.000000000000000000, 0.000000000000000000, -1.000000000000000000 ) ) ;
#7315 = DIRECTION ( 'NONE',  ( -1.000000000000000000, 0.000000000000000000, 0.000000000000000000 ) ) ;
#7316 = PLANE ( 'NONE',  #2233 ) ;
#7317 = ORIENTED_EDGE ( 'NONE', *, *, #3772, .T. ) ;
#7318 = CARTESIAN_POINT ( 'NONE',  ( -5.304999999999998828, 1.800000000000000044, -1.699999999999999067 ) ) ;
#7319 = DIRECTION ( 'NONE',  ( -1.000000000000000000, -0.000000000000000000, -0.000000000000000000 ) ) ;
#7320 = VERTEX_POINT ( 'NONE', #581 ) ;
#7321 = VECTOR ( 'NONE', #3231, 1000.000000000000114 ) ;
#7322 = FACE_OUTER_BOUND ( 'NONE', #3653, .T. ) ;
#7323 = EDGE_CURVE ( 'NONE', #9341, #4339, #3789, .T. ) ;
#7324 = VECTOR ( 'NONE', #6201, 1000.000000000000000 ) ;
#7325 = EDGE_CURVE ( 'NONE', #4034, #2406, #1238, .T. ) ;
#7326 = VECTOR ( 'NONE', #2441, 1000.000000000000000 ) ;
#7327 = VERTEX_POINT ( 'NONE', #6968 ) ;
#7328 = FACE_OUTER_BOUND ( 'NONE', #9367, .T. ) ;
#7329 = CIRCLE ( 'NONE', #4167, 0.09999999999999961697 ) ;
#7330 = CARTESIAN_POINT ( 'NONE',  ( -5.305000000000000604, 3.150000000000000799, -3.000000000000000000 ) ) ;
#7331 = LINE ( 'NONE', #8976, #2693 ) ;
#7332 = CIRCLE ( 'NONE', #8656, 0.09999999999999982514 ) ;
#7333 =( NAMED_UNIT ( * ) SI_UNIT ( $, .STERADIAN. ) SOLID_ANGLE_UNIT ( ) );
#7334 = CARTESIAN_POINT ( 'NONE',  ( -2.399999999999999911, 5.700000000000000178, 3.900000000000000355 ) ) ;
#7335 = ORIENTED_EDGE ( 'NONE', *, *, #10141, .T. ) ;
#7336 = DIRECTION ( 'NONE',  ( 0.000000000000000000, -0.9063077870366494926, 0.4226182617407002184 ) ) ;
#7337 = VERTEX_POINT ( 'NONE', #470 ) ;
#7338 = CYLINDRICAL_SURFACE ( 'NONE', #9174, 0.2500000000000002220 ) ;
#7339 = ADVANCED_FACE ( 'NONE', ( #1441 ), #3631, .F. ) ;
#7340 = ADVANCED_FACE ( 'NONE', ( #2072 ), #3737, .T. ) ;
#7341 = CYLINDRICAL_SURFACE ( 'NONE', #3822, 0.2500000000000002220 ) ;
#7342 = DIRECTION ( 'NONE',  ( 0.000000000000000000, 0.000000000000000000, -1.000000000000000000 ) ) ;
#7343 = DIRECTION ( 'NONE',  ( 0.000000000000000000, -0.000000000000000000, 1.000000000000000000 ) ) ;
#7344 = DIRECTION ( 'NONE',  ( 1.000000000000000000, 0.000000000000000000, -5.560011140951304758E-17 ) ) ;
#7345 = LINE ( 'NONE', #5064, #1473 ) ;
#7346 = LINE ( 'NONE', #6576, #10054 ) ;
#7347 = DIRECTION ( 'NONE',  ( -0.000000000000000000, 1.000000000000000000, -0.000000000000000000 ) ) ;
#7348 = ORIENTED_EDGE ( 'NONE', *, *, #10066, .T. ) ;
#7349 = CARTESIAN_POINT ( 'NONE',  ( -3.249999999999968026, 0.6000000000000000888, 2.400000000000000355 ) ) ;
#7350 = VERTEX_POINT ( 'NONE', #6918 ) ;
#7351 = ORIENTED_EDGE ( 'NONE', *, *, #6818, .T. ) ;
#7352 = EDGE_CURVE ( 'NONE', #7166, #3999, #10068, .T. ) ;
#7353 = EDGE_CURVE ( 'NONE', #3609, #5592, #10218, .T. ) ;
#7354 = LINE ( 'NONE', #4015, #1467 ) ;
#7355 = LINE ( 'NONE', #3490, #7635 ) ;
#7356 = CARTESIAN_POINT ( 'NONE',  ( 4.800000000000000711, 4.939999999999999503, 2.049999999999999822 ) ) ;
#7357 = ORIENTED_EDGE ( 'NONE', *, *, #136, .T. ) ;
#7358 = FILL_AREA_STYLE_COLOUR ( '', #7658 ) ;
#7359 = CARTESIAN_POINT ( 'NONE',  ( -5.304999999999998828, 1.799999999999999600, 1.100000000000000755 ) ) ;
#7360 = VERTEX_POINT ( 'NONE', #8002 ) ;
#7361 = VERTEX_POINT ( 'NONE', #9647 ) ;
#7362 = EDGE_LOOP ( 'NONE', ( #6440, #5984, #190, #8911 ) ) ;
#7363 = AXIS2_PLACEMENT_3D ( 'NONE', #2016, #367, #5785 ) ;
#7364 = ORIENTED_EDGE ( 'NONE', *, *, #903, .F. ) ;
#7365 = AXIS2_PLACEMENT_3D ( 'NONE', #8051, #8919, #358 ) ;
#7366 = CARTESIAN_POINT ( 'NONE',  ( 3.537690618442709045, 0.8943454345648262915, -4.855654565435175485 ) ) ;
#7367 = CARTESIAN_POINT ( 'NONE',  ( 5.200000000000001066, 5.470710678118656745, 1.352867965644033887 ) ) ;
#7368 = EDGE_CURVE ( 'NONE', #2656, #1378, #869, .T. ) ;
#7369 =( NAMED_UNIT ( * ) SI_UNIT ( $, .STERADIAN. ) SOLID_ANGLE_UNIT ( ) );
#7370 = ORIENTED_EDGE ( 'NONE', *, *, #4717, .T. ) ;
#7371 = PLANE ( 'NONE',  #3284 ) ;
#7372 = CARTESIAN_POINT ( 'NONE',  ( -5.054999999999997939, 0.000000000000000000, -3.599999999999992983 ) ) ;
#7373 = EDGE_LOOP ( 'NONE', ( #2417, #8541, #8122, #10210 ) ) ;
#7374 = CYLINDRICAL_SURFACE ( 'NONE', #3197, 0.2500000000000002220 ) ;
#7375 = AXIS2_PLACEMENT_3D ( 'NONE', #6758, #6265, #6083 ) ;
#7376 = VERTEX_POINT ( 'NONE', #8682 ) ;
#7377 = CARTESIAN_POINT ( 'NONE',  ( -4.200000000000000178, 0.9000000000000004663, 0.7999999999999994893 ) ) ;
#7378 = LINE ( 'NONE', #9696, #2610 ) ;
#7379 = FACE_OUTER_BOUND ( 'NONE', #5682, .T. ) ;
#7380 = VECTOR ( 'NONE', #439, 1000.000000000000114 ) ;
#7381 = EDGE_CURVE ( 'NONE', #10075, #4664, #2464, .T. ) ;
#7382 =( NAMED_UNIT ( * ) SI_UNIT ( $, .STERADIAN. ) SOLID_ANGLE_UNIT ( ) );
#7383 = FACE_OUTER_BOUND ( 'NONE', #2598, .T. ) ;
#7384 = VERTEX_POINT ( 'NONE', #6507 ) ;
#7385 = FACE_OUTER_BOUND ( 'NONE', #2403, .T. ) ;
#7386 = ORIENTED_EDGE ( 'NONE', *, *, #3803, .T. ) ;
#7387 = CARTESIAN_POINT ( 'NONE',  ( 4.800000000000000711, 5.299999999999999822, -1.699999999999999734 ) ) ;
#7388 = LINE ( 'NONE', #268, #2208 ) ;
#7389 = CARTESIAN_POINT ( 'NONE',  ( 5.200000000000001066, 5.470710678118656745, 0.6028679656440332213 ) ) ;
#7390 = FACE_OUTER_BOUND ( 'NONE', #7033, .T. ) ;
#7391 = EDGE_CURVE ( 'NONE', #7986, #3810, #4889, .T. ) ;
#7392 = CARTESIAN_POINT ( 'NONE',  ( 3.250000000000032419, 0.000000000000000000, 5.000000000000000000 ) ) ;
#7393 = DIRECTION ( 'NONE',  ( 0.000000000000000000, 0.000000000000000000, 1.000000000000000000 ) ) ;
#7394 = CARTESIAN_POINT ( 'NONE',  ( 6.000000000000000000, 0.4000000000000000222, 2.149999999999999911 ) ) ;
#7395 = CARTESIAN_POINT ( 'NONE',  ( 0.7000000000000000666, 5.700000000000000178, -3.199999999999999734 ) ) ;
#7396 = ORIENTED_EDGE ( 'NONE', *, *, #7162, .F. ) ;
#7397 = LINE ( 'NONE', #9766, #73 ) ;
#7398 = ADVANCED_FACE ( 'NONE', ( #727 ), #7900, .F. ) ;
#7399 = ORIENTED_EDGE ( 'NONE', *, *, #4362, .T. ) ;
#7400 = ORIENTED_EDGE ( 'NONE', *, *, #802, .T. ) ;
#7401 = FILL_AREA_STYLE_COLOUR ( '', #9826 ) ;
#7402 = VECTOR ( 'NONE', #5515, 1000.000000000000000 ) ;
#7403 = CARTESIAN_POINT ( 'NONE',  ( 4.800000000000000711, 3.400000000000000355, 1.999999999999999556 ) ) ;
#7404 = FACE_OUTER_BOUND ( 'NONE', #1212, .T. ) ;
#7405 = ORIENTED_EDGE ( 'NONE', *, *, #8854, .F. ) ;
#7406 = CARTESIAN_POINT ( 'NONE',  ( -5.200000000000001066, 5.470710678118654968, 0.8971320343559638921 ) ) ;
#7407 = LINE ( 'NONE', #9777, #7114 ) ;
#7408 = VERTEX_POINT ( 'NONE', #4044 ) ;
#7409 = EDGE_CURVE ( 'NONE', #7986, #836, #4734, .T. ) ;
#7410 = EDGE_CURVE ( 'NONE', #3552, #7741, #3993, .T. ) ;
#7411 = ORIENTED_EDGE ( 'NONE', *, *, #5617, .T. ) ;
#7412 = AXIS2_PLACEMENT_3D ( 'NONE', #4860, #7045, #5553 ) ;
#7413 = ORIENTED_EDGE ( 'NONE', *, *, #6726, .F. ) ;
#7414 = EDGE_LOOP ( 'NONE', ( #5711, #7122, #2398, #8667 ) ) ;
#7415 = DIRECTION ( 'NONE',  ( 1.239088197126288302E-15, 1.000000000000000000, -0.000000000000000000 ) ) ;
#7416 = CARTESIAN_POINT ( 'NONE',  ( -6.000000000000000000, 0.000000000000000000, 0.000000000000000000 ) ) ;
#7417 = DIRECTION ( 'NONE',  ( 0.000000000000000000, -0.000000000000000000, -1.000000000000000000 ) ) ;
#7418 = AXIS2_PLACEMENT_3D ( 'NONE', #2581, #4850, #119 ) ;
#7419 = ORIENTED_EDGE ( 'NONE', *, *, #5852, .T. ) ;
#7420 = DIRECTION ( 'NONE',  ( 0.000000000000000000, 0.000000000000000000, -1.000000000000000000 ) ) ;
#7421 = CARTESIAN_POINT ( 'NONE',  ( 0.4966738879314770427, 1.800000000000000266, -3.200000000000000178 ) ) ;
#7422 = VERTEX_POINT ( 'NONE', #8726 ) ;
#7423 = EDGE_CURVE ( 'NONE', #4506, #5428, #3936, .T. ) ;
#7424 = EDGE_CURVE ( 'NONE', #6630, #2951, #3147, .T. ) ;
#7425 = CIRCLE ( 'NONE', #2920, 0.5999999999999998668 ) ;
#7426 = ORIENTED_EDGE ( 'NONE', *, *, #3781, .T. ) ;
#7427 = CARTESIAN_POINT ( 'NONE',  ( -4.000000000000000000, 2.259191070279860103, -2.300000000000000266 ) ) ;
#7428 = FACE_OUTER_BOUND ( 'NONE', #10265, .T. ) ;
#7429 = DIRECTION ( 'NONE',  ( -0.000000000000000000, 1.000000000000000000, -0.000000000000000000 ) ) ;
#7430 = DIRECTION ( 'NONE',  ( 1.000000000000000000, 0.000000000000000000, 0.000000000000000000 ) ) ;
#7431 = CARTESIAN_POINT ( 'NONE',  ( -0.8033333333333521065, 2.298333333333324013, -0.4016666666666478536 ) ) ;
#7432 = ORIENTED_EDGE ( 'NONE', *, *, #5306, .F. ) ;
#7433 = CARTESIAN_POINT ( 'NONE',  ( 5.200000000000001066, 5.470710678118654968, 0.8971320343559638921 ) ) ;
#7434 = EDGE_LOOP ( 'NONE', ( #7863, #9161, #2155, #1388 ) ) ;
#7435 = CARTESIAN_POINT ( 'NONE',  ( -5.304999999999998828, 0.3999999999999996336, 1.399999999999999689 ) ) ;
#7436 = CARTESIAN_POINT ( 'NONE',  ( 3.764267565201870891, 8.000000000000000000, -4.750000000000000000 ) ) ;
#7437 = DIRECTION ( 'NONE',  ( -0.000000000000000000, 1.000000000000000000, 1.591489427501658143E-16 ) ) ;
#7438 = CARTESIAN_POINT ( 'NONE',  ( 3.813738452679913848, 0.000000000000000000, -4.619470502245162535 ) ) ;
#7439 = DIRECTION ( 'NONE',  ( -0.000000000000000000, 0.000000000000000000, -1.000000000000000000 ) ) ;
#7440 = CARTESIAN_POINT ( 'NONE',  ( 3.250000000000032419, 0.2000000000000000111, 4.800000000000000711 ) ) ;
#7441 = CARTESIAN_POINT ( 'NONE',  ( 3.595844495589082257, 0.1349081991615651011, -4.814454873230667786 ) ) ;
#7442 = EDGE_LOOP ( 'NONE', ( #7266, #7226, #567, #6388 ) ) ;
#7443 = PLANE ( 'NONE',  #5067 ) ;
#7444 = ORIENTED_EDGE ( 'NONE', *, *, #2936, .T. ) ;
#7445 = CARTESIAN_POINT ( 'NONE',  ( 3.185323107660497310, 0.3499999999999996447, -4.100000000000003197 ) ) ;
#7446 = ADVANCED_FACE ( 'NONE', ( #3090 ), #5676, .F. ) ;
#7447 = EDGE_CURVE ( 'NONE', #2588, #6848, #8629, .T. ) ;
#7448 = ORIENTED_EDGE ( 'NONE', *, *, #712, .F. ) ;
#7449 = CARTESIAN_POINT ( 'NONE',  ( 1.250000000000032419, 0.2000000000000000111, 4.800000000000000711 ) ) ;
#7450 = ADVANCED_FACE ( 'NONE', ( #7066 ), #7170, .F. ) ;
#7451 = VECTOR ( 'NONE', #9898, 1000.000000000000000 ) ;
#7452 = CARTESIAN_POINT ( 'NONE',  ( -0.7499999999999988898, 2.540808929720139275, -2.300000000000000266 ) ) ;
#7453 = FACE_OUTER_BOUND ( 'NONE', #4041, .T. ) ;
#7454 = ORIENTED_EDGE ( 'NONE', *, *, #1259, .T. ) ;
#7455 =( NAMED_UNIT ( * ) SI_UNIT ( $, .STERADIAN. ) SOLID_ANGLE_UNIT ( ) );
#7456 = VECTOR ( 'NONE', #5751, 1000.000000000000000 ) ;
#7457 = LINE ( 'NONE', #5858, #4682 ) ;
#7458 = ORIENTED_EDGE ( 'NONE', *, *, #4570, .F. ) ;
#7459 = ORIENTED_EDGE ( 'NONE', *, *, #3118, .T. ) ;
#7460 =( GEOMETRIC_REPRESENTATION_CONTEXT ( 3 ) GLOBAL_UNCERTAINTY_ASSIGNED_CONTEXT ( ( #6211 ) ) GLOBAL_UNIT_ASSIGNED_CONTEXT ( ( #2232, #5286, #540 ) ) REPRESENTATION_CONTEXT ( 'NONE', 'WORKASPACE' ) );
#7461 = VECTOR ( 'NONE', #9497, 1000.000000000000000 ) ;
#7462 = ORIENTED_EDGE ( 'NONE', *, *, #393, .T. ) ;
#7463 = EDGE_LOOP ( 'NONE', ( #7295, #7763, #5949, #2947 ) ) ;
#7464 = EDGE_CURVE ( 'NONE', #7242, #9946, #6, .T. ) ;
#7465 = DIRECTION ( 'NONE',  ( -0.000000000000000000, 0.000000000000000000, -1.000000000000000000 ) ) ;
#7466 = FACE_OUTER_BOUND ( 'NONE', #6681, .T. ) ;
#7467 = EDGE_CURVE ( 'NONE', #9817, #6356, #4782, .T. ) ;
#7468 = PLANE ( 'NONE',  #8190 ) ;
#7469 = AXIS2_PLACEMENT_3D ( 'NONE', #4141, #2404, #5719 ) ;
#7470 = EDGE_CURVE ( 'NONE', #9365, #4767, #7272, .T. ) ;
#7471 = ADVANCED_FACE ( 'NONE', ( #9541 ), #5621, .F. ) ;
#7472 = PLANE ( 'NONE',  #4247 ) ;
#7473 = ORIENTED_EDGE ( 'NONE', *, *, #1036, .T. ) ;
#7474 = LINE ( 'NONE', #9218, #9941 ) ;
#7475 = LINE ( 'NONE', #4516, #1343 ) ;
#7476 = ORIENTED_EDGE ( 'NONE', *, *, #6830, .F. ) ;
#7477 = VECTOR ( 'NONE', #612, 1000.000000000000000 ) ;
#7478 = AXIS2_PLACEMENT_3D ( 'NONE', #105, #3246, #7276 ) ;
#7479 = VERTEX_POINT ( 'NONE', #4834 ) ;
#7480 = LINE ( 'NONE', #5048, #566 ) ;
#7481 =( BOUNDED_CURVE ( )  B_SPLINE_CURVE ( 3, ( #5977, #9126, #2007, #8361 ),
 .UNSPECIFIED., .F., .F. ) 
 B_SPLINE_CURVE_WITH_KNOTS ( ( 4, 4 ),
 ( 4.712388980384689674, 6.283185307179586232 ),
 .UNSPECIFIED. ) 
 CURVE ( )  GEOMETRIC_REPRESENTATION_ITEM ( )  RATIONAL_B_SPLINE_CURVE ( ( 1.000000000000000000, 0.8047378541243649375, 0.8047378541243649375, 1.000000000000000000 ) ) 
 REPRESENTATION_ITEM ( '' )  );
#7482 = VECTOR ( 'NONE', #9237, 1000.000000000000000 ) ;
#7483 = ADVANCED_FACE ( 'NONE', ( #9588 ), #7076, .F. ) ;
#7484 = DIRECTION ( 'NONE',  ( 0.5773502691896257311, -0.5773502691896257311, -0.5773502691896257311 ) ) ;
#7485 = CARTESIAN_POINT ( 'NONE',  ( 2.750000000000000888, 2.149999999999999467, 0.7999999999999994893 ) ) ;
#7486 = ADVANCED_FACE ( 'NONE', ( #1655 ), #6358, .T. ) ;
#7487 = SHAPE_DEFINITION_REPRESENTATION ( #157, #4542 ) ;
#7488 = CARTESIAN_POINT ( 'NONE',  ( 3.250000000000033307, 0.6000000000000000888, 2.400000000000000355 ) ) ;
#7489 = CARTESIAN_POINT ( 'NONE',  ( -5.200000000000001066, 5.425000000000000711, 2.049999999999999822 ) ) ;
#7490 = VERTEX_POINT ( 'NONE', #4697 ) ;
#7491 = CARTESIAN_POINT ( 'NONE',  ( -2.749999999999967581, 0.2000000000000000111, 4.800000000000000711 ) ) ;
#7492 = VECTOR ( 'NONE', #4319, 1000.000000000000114 ) ;
#7493 = VERTEX_POINT ( 'NONE', #6305 ) ;
#7494 = LINE ( 'NONE', #3575, #3539 ) ;
#7495 = CARTESIAN_POINT ( 'NONE',  ( -0.7499999999999988898, 2.149999999999999467, 0.7999999999999994893 ) ) ;
#7496 = VECTOR ( 'NONE', #7676, 1000.000000000000000 ) ;
#7497 = LINE ( 'NONE', #3475, #5046 ) ;
#7498 = DIRECTION ( 'NONE',  ( -0.7071067811865491270, -1.572608632495771931E-16, 0.7071067811865459074 ) ) ;
#7499 = VECTOR ( 'NONE', #3343, 1000.000000000000000 ) ;
#7500 = CARTESIAN_POINT ( 'NONE',  ( -0.7000000000000000666, 4.400000000000000355, -3.199999999999999734 ) ) ;
#7501 = LINE ( 'NONE', #5115, #4485 ) ;
#7502 = EDGE_CURVE ( 'NONE', #9030, #2806, #8784, .T. ) ;
#7503 = CARTESIAN_POINT ( 'NONE',  ( 3.827974591282620853, -1.355252715606880543E-16, -4.649999999999999467 ) ) ;
#7504 = AXIS2_PLACEMENT_3D ( 'NONE', #2570, #2675, #5783 ) ;
#7505 = ORIENTED_EDGE ( 'NONE', *, *, #3388, .T. ) ;
#7506 = CARTESIAN_POINT ( 'NONE',  ( -3.200000000000000622, 4.800000000000000711, 0.7999999999999994893 ) ) ;
#7507 = ORIENTED_EDGE ( 'NONE', *, *, #8009, .F. ) ;
#7508 = ORIENTED_EDGE ( 'NONE', *, *, #9963, .F. ) ;
#7509 =( NAMED_UNIT ( * ) SI_UNIT ( $, .STERADIAN. ) SOLID_ANGLE_UNIT ( ) );
#7510 = EDGE_CURVE ( 'NONE', #762, #7160, #6458, .T. ) ;
#7511 = LINE ( 'NONE', #9721, #3627 ) ;
#7512 = EDGE_CURVE ( 'NONE', #4208, #3439, #14, .T. ) ;
#7513 = FACE_OUTER_BOUND ( 'NONE', #1385, .T. ) ;
#7514 = ORIENTED_EDGE ( 'NONE', *, *, #3531, .T. ) ;
#7515 = DIRECTION ( 'NONE',  ( 0.000000000000000000, 0.000000000000000000, 1.000000000000000000 ) ) ;
#7516 = ORIENTED_EDGE ( 'NONE', *, *, #5960, .T. ) ;
#7517 = EDGE_LOOP ( 'NONE', ( #5808, #1908, #2824, #7153 ) ) ;
#7518 = ORIENTED_EDGE ( 'NONE', *, *, #999, .T. ) ;
#7519 = ORIENTED_EDGE ( 'NONE', *, *, #2, .F. ) ;
#7520 = PRESENTATION_LAYER_ASSIGNMENT (  '', '', ( #8011 ) ) ;
#7521 = CARTESIAN_POINT ( 'NONE',  ( 0.9999999999999991118, 3.699999999999998845, 0.7999999999999994893 ) ) ;
#7522 = FACE_OUTER_BOUND ( 'NONE', #2264, .T. ) ;
#7523 = DIRECTION ( 'NONE',  ( 1.000000000000000000, 0.000000000000000000, 0.000000000000000000 ) ) ;
#7524 = EDGE_CURVE ( 'NONE', #8805, #6264, #3100, .T. ) ;
#7525 = DIRECTION ( 'NONE',  ( -1.000000000000000000, 0.000000000000000000, -0.000000000000000000 ) ) ;
#7526 = ORIENTED_EDGE ( 'NONE', *, *, #8633, .F. ) ;
#7527 = FILL_AREA_STYLE_COLOUR ( '', #5497 ) ;
#7528 = EDGE_CURVE ( 'NONE', #9211, #1203, #9601, .T. ) ;
#7529 = LINE ( 'NONE', #5143, #3662 ) ;
#7530 = ORIENTED_EDGE ( 'NONE', *, *, #3776, .F. ) ;
#7531 = ADVANCED_FACE ( 'NONE', ( #2329 ), #6409, .F. ) ;
#7532 = VECTOR ( 'NONE', #8230, 1000.000000000000000 ) ;
#7533 = VECTOR ( 'NONE', #5685, 1000.000000000000000 ) ;
#7534 = EDGE_LOOP ( 'NONE', ( #1880, #9017, #10084, #3783 ) ) ;
#7535 = CARTESIAN_POINT ( 'NONE',  ( 4.800000000000000711, 5.500000000000001776, -1.499999999999998224 ) ) ;
#7536 = DIRECTION ( 'NONE',  ( -0.000000000000000000, -1.000000000000000000, -0.000000000000000000 ) ) ;
#7537 = DIRECTION ( 'NONE',  ( -1.000000000000000000, 0.000000000000000000, 0.000000000000000000 ) ) ;
#7538 = PRESENTATION_STYLE_ASSIGNMENT (( #1648 ) ) ;
#7539 = CARTESIAN_POINT ( 'NONE',  ( 5.305000000000000604, 2.174948115447571606, -4.750000000000000000 ) ) ;
#7540 = VECTOR ( 'NONE', #6032, 1000.000000000000000 ) ;
#7541 = ORIENTED_EDGE ( 'NONE', *, *, #4104, .T. ) ;
#7542 = DIRECTION ( 'NONE',  ( 0.000000000000000000, -0.7071067811865535679, -0.7071067811865414665 ) ) ;
#7543 = FACE_OUTER_BOUND ( 'NONE', #2641, .T. ) ;
#7544 = EDGE_CURVE ( 'NONE', #1728, #6801, #8691, .T. ) ;
#7545 = EDGE_CURVE ( 'NONE', #2951, #4619, #3851, .T. ) ;
#7547 = VECTOR ( 'NONE', #70, 1000.000000000000000 ) ;
#7546 = DIRECTION ( 'NONE',  ( 0.000000000000000000, 0.000000000000000000, -1.000000000000000000 ) ) ;
#7548 = CARTESIAN_POINT ( 'NONE',  ( -1.249999999999999334, 2.649999999999999911, -1.999999999999997335 ) ) ;
#7549 = CARTESIAN_POINT ( 'NONE',  ( -4.200000000000000178, 0.9000000000000004663, -4.849999999999997868 ) ) ;
#7550 = CARTESIAN_POINT ( 'NONE',  ( 2.250000000000003109, 3.850000000000001421, -3.200000000000000178 ) ) ;
#7551 = CARTESIAN_POINT ( 'NONE',  ( 5.366666666666669805, 4.933333333333334458, -1.133333333333327753 ) ) ;
#7552 = DIRECTION ( 'NONE',  ( -0.000000000000000000, 1.000000000000000000, -0.000000000000000000 ) ) ;
#7553 = CARTESIAN_POINT ( 'NONE',  ( -6.000000000000000000, 2.400000000000000355, 1.999999999999999556 ) ) ;
#7554 = ORIENTED_EDGE ( 'NONE', *, *, #2501, .F. ) ;
#7555 = CARTESIAN_POINT ( 'NONE',  ( 1.000000000000000000, 4.400000000000000355, 0.7999999999999994893 ) ) ;
#7556 = ORIENTED_EDGE ( 'NONE', *, *, #5709, .F. ) ;
#7557 = EDGE_LOOP ( 'NONE', ( #2973, #9260, #6061, #8891 ) ) ;
#7558 = ORIENTED_EDGE ( 'NONE', *, *, #9035, .F. ) ;
#7559 = ADVANCED_FACE ( 'NONE', ( #5484 ), #4742, .F. ) ;
#7560 = CARTESIAN_POINT ( 'NONE',  ( 5.055000000000000604, 0.3500000000000000888, -5.000000000000000000 ) ) ;
#7561 = CARTESIAN_POINT ( 'NONE',  ( -2.400000000000000355, 4.850000000000000533, -3.200000000000000178 ) ) ;
#7562 = DIRECTION ( 'NONE',  ( 0.000000000000000000, 0.000000000000000000, 1.000000000000000000 ) ) ;
#7563 = VERTEX_POINT ( 'NONE', #3206 ) ;
#7564 = LINE ( 'NONE', #2752, #4501 ) ;
#7565 = DIRECTION ( 'NONE',  ( 0.4226182617407026609, 0.000000000000000000, -0.9063077870366483824 ) ) ;
#7566 = ORIENTED_EDGE ( 'NONE', *, *, #10249, .F. ) ;
#7567 = LINE ( 'NONE', #916, #4728 ) ;
#7568 = ORIENTED_EDGE ( 'NONE', *, *, #8448, .F. ) ;
#7569 = VERTEX_POINT ( 'NONE', #7909 ) ;
#7570 = ADVANCED_FACE ( 'NONE', ( #7231 ), #8833, .F. ) ;
#7571 = AXIS2_PLACEMENT_3D ( 'NONE', #5300, #4565, #10043 ) ;
#7572 = ORIENTED_EDGE ( 'NONE', *, *, #4225, .F. ) ;
#7573 = CARTESIAN_POINT ( 'NONE',  ( -2.749999999999967581, 0.2000000000000000111, 4.800000000000000711 ) ) ;
#7574 = DIRECTION ( 'NONE',  ( 1.000000000000000000, 0.000000000000000000, 0.000000000000000000 ) ) ;
#7575 = DIRECTION ( 'NONE',  ( -1.000000000000000000, 0.000000000000000000, -3.336006684570783101E-16 ) ) ;
#7576 = LINE ( 'NONE', #9118, #1740 ) ;
#7577 = ORIENTED_EDGE ( 'NONE', *, *, #1567, .F. ) ;
#7578 = CARTESIAN_POINT ( 'NONE',  ( -6.000000000000000000, 3.150000000000000799, -3.000000000000000000 ) ) ;
#7579 = DIRECTION ( 'NONE',  ( -1.000000000000000000, 0.000000000000000000, 0.000000000000000000 ) ) ;
#7580 = ORIENTED_EDGE ( 'NONE', *, *, #563, .T. ) ;
#7581 = VECTOR ( 'NONE', #1202, 1000.000000000000000 ) ;
#7582 = EDGE_CURVE ( 'NONE', #9176, #4641, #7025, .T. ) ;
#7583 = EDGE_CURVE ( 'NONE', #8512, #6104, #9408, .T. ) ;
#7584 = ORIENTED_EDGE ( 'NONE', *, *, #959, .F. ) ;
#7585 = FACE_OUTER_BOUND ( 'NONE', #6207, .T. ) ;
#7586 = VECTOR ( 'NONE', #7319, 1000.000000000000000 ) ;
#7587 = CARTESIAN_POINT ( 'NONE',  ( 5.305000000000000604, 1.799999999999999600, 1.099999999999999867 ) ) ;
#7588 = CARTESIAN_POINT ( 'NONE',  ( 4.803333333333338118, 6.298333333333332895, 3.598333333333335382 ) ) ;
#7589 = DIRECTION ( 'NONE',  ( -1.000000000000000000, -0.000000000000000000, -0.000000000000000000 ) ) ;
#7590 = DIRECTION ( 'NONE',  ( -0.000000000000000000, -1.000000000000000000, -0.000000000000000000 ) ) ;
#7591 = EDGE_CURVE ( 'NONE', #3931, #5466, #6168, .T. ) ;
#7592 = DIRECTION ( 'NONE',  ( 1.000000000000000000, 0.000000000000000000, -0.000000000000000000 ) ) ;
#7593 = ORIENTED_EDGE ( 'NONE', *, *, #3059, .F. ) ;
#7594 = DIRECTION ( 'NONE',  ( 1.591489427501657896E-16, 0.000000000000000000, 1.000000000000000000 ) ) ;
#7595 = FACE_OUTER_BOUND ( 'NONE', #3972, .T. ) ;
#7596 = VECTOR ( 'NONE', #6338, 1000.000000000000000 ) ;
#7597 = CARTESIAN_POINT ( 'NONE',  ( 6.000000000000000000, 0.000000000000000000, -5.000000000000000000 ) ) ;
#7598 = CARTESIAN_POINT ( 'NONE',  ( 0.9999999999999991118, 3.699999999999998845, -3.049999999999999378 ) ) ;
#7599 = DIRECTION ( 'NONE',  ( 0.000000000000000000, -1.000000000000000000, 0.000000000000000000 ) ) ;
#7600 = EDGE_CURVE ( 'NONE', #3651, #8191, #3989, .T. ) ;
#7601 = CIRCLE ( 'NONE', #6442, 0.2500000000000019429 ) ;
#7602 = CARTESIAN_POINT ( 'NONE',  ( -4.600000000000003197, 5.700000000000000178, -3.200000000000000178 ) ) ;
#7603 = LINE ( 'NONE', #3478, #455 ) ;
#7604 = EDGE_CURVE ( 'NONE', #4063, #9699, #827, .T. ) ;
#7605 = CARTESIAN_POINT ( 'NONE',  ( 4.004999999999999893, 4.400000000000000355, 2.249999999999999112 ) ) ;
#7606 = ADVANCED_FACE ( 'NONE', ( #369 ), #6570, .F. ) ;
#7607 = DIRECTION ( 'NONE',  ( 0.000000000000000000, 1.000000000000000000, 0.000000000000000000 ) ) ;
#7608 = ORIENTED_EDGE ( 'NONE', *, *, #853, .F. ) ;
#7609 = DIRECTION ( 'NONE',  ( 0.000000000000000000, -1.000000000000000000, -1.591489427501657896E-16 ) ) ;
#7610 = ORIENTED_EDGE ( 'NONE', *, *, #2367, .T. ) ;
#7611 = ADVANCED_FACE ( 'NONE', ( #9861 ), #6521, .T. ) ;
#7612 = VECTOR ( 'NONE', #4310, 1000.000000000000000 ) ;
#7613 = ORIENTED_EDGE ( 'NONE', *, *, #6531, .F. ) ;
#7614 = LINE ( 'NONE', #9198, #8997 ) ;
#7615 = EDGE_CURVE ( 'NONE', #345, #1034, #6493, .T. ) ;
#7616 = FACE_OUTER_BOUND ( 'NONE', #228, .T. ) ;
#7617 = AXIS2_PLACEMENT_3D ( 'NONE', #6863, #7007, #6910 ) ;
#7618 = DIRECTION ( 'NONE',  ( -1.000000000000000000, 0.000000000000000000, 0.000000000000000000 ) ) ;
#7619 = ORIENTED_EDGE ( 'NONE', *, *, #6206, .F. ) ;
#7620 = DIRECTION ( 'NONE',  ( -1.000000000000000000, 0.000000000000000000, 0.000000000000000000 ) ) ;
#7621 = DIRECTION ( 'NONE',  ( 0.000000000000000000, 0.000000000000000000, -1.000000000000000000 ) ) ;
#7622 = VERTEX_POINT ( 'NONE', #1910 ) ;
#7623 = DIRECTION ( 'NONE',  ( 1.000000000000000000, -0.000000000000000000, -0.000000000000000000 ) ) ;
#7624 = ORIENTED_EDGE ( 'NONE', *, *, #8187, .T. ) ;
#7625 = ORIENTED_EDGE ( 'NONE', *, *, #2170, .F. ) ;
#7626 = ORIENTED_EDGE ( 'NONE', *, *, #3428, .F. ) ;
#7627 = CARTESIAN_POINT ( 'NONE',  ( -5.201446609406725763, 0.5035533905932737531, -4.999999999999998224 ) ) ;
#7628 = DIRECTION ( 'NONE',  ( -1.000000000000000000, -0.000000000000000000, 0.000000000000000000 ) ) ;
#7629 = VECTOR ( 'NONE', #7246, 1000.000000000000000 ) ;
#7630 = CARTESIAN_POINT ( 'NONE',  ( 3.250000000000001332, 2.149999999999999467, -2.300000000000000266 ) ) ;
#7631 =( NAMED_UNIT ( * ) SI_UNIT ( $, .STERADIAN. ) SOLID_ANGLE_UNIT ( ) );
#7632 = VERTEX_POINT ( 'NONE', #8264 ) ;
#7633 = FACE_OUTER_BOUND ( 'NONE', #10044, .T. ) ;
#7634 = CARTESIAN_POINT ( 'NONE',  ( -2.850000000000000089, 5.699999999999999289, 2.250000000000000000 ) ) ;
#7635 = VECTOR ( 'NONE', #8951, 1000.000000000000000 ) ;
#7636 = VERTEX_POINT ( 'NONE', #5109 ) ;
#7637 = ORIENTED_EDGE ( 'NONE', *, *, #4068, .T. ) ;
#7638 = LINE ( 'NONE', #2770, #7037 ) ;
#7639 = AXIS2_PLACEMENT_3D ( 'NONE', #4746, #5585, #7915 ) ;
#7640 = CARTESIAN_POINT ( 'NONE',  ( 4.900000000000011902, 5.500000000000004441, -3.750000000000000444 ) ) ;
#7641 = DIRECTION ( 'NONE',  ( 1.000000000000000000, -0.000000000000000000, -0.000000000000000000 ) ) ;
#7642 = VECTOR ( 'NONE', #738, 1000.000000000000000 ) ;
#7643 = EDGE_CURVE ( 'NONE', #2183, #2743, #9705, .T. ) ;
#7644 = DIRECTION ( 'NONE',  ( 1.000000000000000000, 0.000000000000000000, -1.239088197126292247E-15 ) ) ;
#7645 = DIRECTION ( 'NONE',  ( -0.000000000000000000, 1.000000000000000000, -0.000000000000000000 ) ) ;
#7646 = EDGE_CURVE ( 'NONE', #3163, #8806, #5887, .T. ) ;
#7647 = LINE ( 'NONE', #718, #4258 ) ;
#7648 = ADVANCED_FACE ( 'NONE', ( #2575 ), #5059, .F. ) ;
#7649 = VERTEX_POINT ( 'NONE', #8932 ) ;
#7650 = DIRECTION ( 'NONE',  ( -1.000000000000000000, 0.000000000000000000, 0.000000000000000000 ) ) ;
#7651 = AXIS2_PLACEMENT_3D ( 'NONE', #3666, #1893, #9793 ) ;
#7652 = DIRECTION ( 'NONE',  ( -0.000000000000000000, 0.000000000000000000, -1.000000000000000000 ) ) ;
#7653 = CLOSED_SHELL ( 'NONE', ( #6429, #10219, #1176, #6571, #4343, #5523, #2492, #10013 ) ) ;
#7654 = VECTOR ( 'NONE', #1507, 1000.000000000000000 ) ;
#7655 = CARTESIAN_POINT ( 'NONE',  ( -0.6999999999999992895, 5.700000000000000178, 2.250000000000000000 ) ) ;
#7656 = CARTESIAN_POINT ( 'NONE',  ( 3.026055542458625069, 0.3499999999999996447, -4.350000000000003197 ) ) ;
#7657 = FACE_OUTER_BOUND ( 'NONE', #8461, .T. ) ;
#7658 = COLOUR_RGB ( '',0.7921568627450980005, 0.8196078431372548767, 0.9333333333333333481 ) ;
#7659 = LINE ( 'NONE', #6246, #5148 ) ;
#7660 = CARTESIAN_POINT ( 'NONE',  ( 6.000000000000000000, 0.3999999999999996336, 1.399999999999999689 ) ) ;
#7661 = CYLINDRICAL_SURFACE ( 'NONE', #3470, 0.2500000000000002220 ) ;
#7662 = CARTESIAN_POINT ( 'NONE',  ( 0.7500000000000006661, 2.149999999999999467, -1.999999999999997335 ) ) ;
#7663 = EDGE_CURVE ( 'NONE', #6079, #7088, #5009, .T. ) ;
#7664 = ORIENTED_EDGE ( 'NONE', *, *, #3448, .T. ) ;
#7665 =( LENGTH_UNIT ( ) NAMED_UNIT ( * ) SI_UNIT ( .MILLI., .METRE. ) );
#7666 = ORIENTED_EDGE ( 'NONE', *, *, #8039, .T. ) ;
#7667 = ADVANCED_FACE ( 'NONE', ( #1753 ), #7341, .T. ) ;
#7668 = VECTOR ( 'NONE', #4433, 1000.000000000000000 ) ;
#7669 = VECTOR ( 'NONE', #753, 1000.000000000000000 ) ;
#7670 = VERTEX_POINT ( 'NONE', #316 ) ;
#7671 = FACE_OUTER_BOUND ( 'NONE', #4452, .T. ) ;
#7672 = CARTESIAN_POINT ( 'NONE',  ( 4.200000000000000178, 0.9000000000000004663, 0.7999999999999994893 ) ) ;
#7673 = VECTOR ( 'NONE', #1600, 1000.000000000000000 ) ;
#7674 = DIRECTION ( 'NONE',  ( -0.3236155771181821184, -0.3236155771181821184, -0.8891264907159901476 ) ) ;
#7675 = ORIENTED_EDGE ( 'NONE', *, *, #9977, .T. ) ;
#7676 = DIRECTION ( 'NONE',  ( 0.000000000000000000, -1.000000000000000000, 6.829619984160656074E-16 ) ) ;
#7677 = LINE ( 'NONE', #2909, #2130 ) ;
#7678 = ORIENTED_EDGE ( 'NONE', *, *, #3937, .T. ) ;
#7679 = CARTESIAN_POINT ( 'NONE',  ( 3.049999999999998046, 2.750000000000001332, -3.200000000000000178 ) ) ;
#7680 = ORIENTED_EDGE ( 'NONE', *, *, #3845, .T. ) ;
#7681 = EDGE_CURVE ( 'NONE', #5433, #108, #9657, .T. ) ;
#7682 = EDGE_CURVE ( 'NONE', #10205, #7843, #5934, .T. ) ;
#7683 = ORIENTED_EDGE ( 'NONE', *, *, #5677, .T. ) ;
#7684 = ORIENTED_EDGE ( 'NONE', *, *, #7017, .T. ) ;
#7685 = LINE ( 'NONE', #1261, #7117 ) ;
#7686 = CARTESIAN_POINT ( 'NONE',  ( -3.200000000000000622, 4.800000000000000711, 0.7999999999999994893 ) ) ;
#7687 = CARTESIAN_POINT ( 'NONE',  ( 3.250000000000032419, 0.000000000000000000, 2.900000000000001688 ) ) ;
#7688 = CARTESIAN_POINT ( 'NONE',  ( 2.400000000000000355, 4.850000000000000533, -3.200000000000000178 ) ) ;
#7689 = ORIENTED_EDGE ( 'NONE', *, *, #6095, .F. ) ;
#7690 = CARTESIAN_POINT ( 'NONE',  ( -5.305000000000000604, 1.799999999999999600, 1.099999999999999867 ) ) ;
#7691 = LINE ( 'NONE', #6077, #9305 ) ;
#7692 = VERTEX_POINT ( 'NONE', #931 ) ;
#7693 = ORIENTED_EDGE ( 'NONE', *, *, #7184, .T. ) ;
#7694 = VECTOR ( 'NONE', #2682, 1000.000000000000114 ) ;
#7695 = VERTEX_POINT ( 'NONE', #9082 ) ;
#7696 = DIRECTION ( 'NONE',  ( -0.7071067811865454633, -0.7071067811865495711, -0.000000000000000000 ) ) ;
#7697 = DIRECTION ( 'NONE',  ( 0.000000000000000000, 0.000000000000000000, -1.000000000000000000 ) ) ;
#7698 = LINE ( 'NONE', #10056, #5933 ) ;
#7699 = LINE ( 'NONE', #515, #8440 ) ;
#7700 = ORIENTED_EDGE ( 'NONE', *, *, #8918, .F. ) ;
#7701 = CARTESIAN_POINT ( 'NONE',  ( -5.200000000000001066, 5.500000000000001776, 1.974999999999999423 ) ) ;
#7702 = ORIENTED_EDGE ( 'NONE', *, *, #5398, .T. ) ;
#7703 = VECTOR ( 'NONE', #6306, 1000.000000000000000 ) ;
#7704 = EDGE_CURVE ( 'NONE', #1459, #2030, #8113, .T. ) ;
#7705 = DIRECTION ( 'NONE',  ( -1.000000000000000000, 0.000000000000000000, 0.000000000000000000 ) ) ;
#7706 = AXIS2_PLACEMENT_3D ( 'NONE', #165, #4103, #5628 ) ;
#7707 = PLANE ( 'NONE',  #7035 ) ;
#7708 = DIRECTION ( 'NONE',  ( 1.239088197126288302E-15, -1.000000000000000000, 0.000000000000000000 ) ) ;
#7709 = EDGE_CURVE ( 'NONE', #10103, #4210, #9036, .T. ) ;
#7710 = CARTESIAN_POINT ( 'NONE',  ( 4.349999999999999645, 3.669607353027863285E-16, -5.000000000000000000 ) ) ;
#7711 = AXIS2_PLACEMENT_3D ( 'NONE', #264, #1184, #6618 ) ;
#7712 = CARTESIAN_POINT ( 'NONE',  ( 5.197820323027551481, -2.972161292830653933E-16, 0.9134769367380000116 ) ) ;
#7713 = VECTOR ( 'NONE', #2839, 1000.000000000000000 ) ;
#7714 = LINE ( 'NONE', #3738, #6470 ) ;
#7715 = DIRECTION ( 'NONE',  ( 0.000000000000000000, 0.000000000000000000, -1.000000000000000000 ) ) ;
#7716 = LINE ( 'NONE', #2789, #10104 ) ;
#7717 = LINE ( 'NONE', #9243, #8972 ) ;
#7718 = ORIENTED_EDGE ( 'NONE', *, *, #3828, .F. ) ;
#7719 = DIRECTION ( 'NONE',  ( -1.000000000000000000, 0.000000000000000000, 0.000000000000000000 ) ) ;
#7720 = ORIENTED_EDGE ( 'NONE', *, *, #1366, .T. ) ;
#7721 = CIRCLE ( 'NONE', #1062, 0.3500000000000000333 ) ;
#7722 = EDGE_LOOP ( 'NONE', ( #6324, #2499, #2384, #1381, #1197, #707, #7773, #572 ) ) ;
#7723 = EDGE_CURVE ( 'NONE', #4703, #1064, #1038, .T. ) ;
#7724 = CARTESIAN_POINT ( 'NONE',  ( 0.7500000000000318634, 0.2000000000000000111, 3.899999999999999911 ) ) ;
#7725 = DIRECTION ( 'NONE',  ( 0.000000000000000000, -1.000000000000000000, 0.000000000000000000 ) ) ;
#7726 = VECTOR ( 'NONE', #8272, 1000.000000000000000 ) ;
#7727 = DIRECTION ( 'NONE',  ( 1.239088197126288302E-15, 1.000000000000000000, 0.000000000000000000 ) ) ;
#7728 = VERTEX_POINT ( 'NONE', #8986 ) ;
#7729 = DIRECTION ( 'NONE',  ( 1.000000000000000000, 0.000000000000000000, 0.000000000000000000 ) ) ;
#7730 = DIRECTION ( 'NONE',  ( 1.000000000000000000, -0.000000000000000000, -0.000000000000000000 ) ) ;
#7731 = ORIENTED_EDGE ( 'NONE', *, *, #4492, .F. ) ;
#7732 = CARTESIAN_POINT ( 'NONE',  ( -0.8499999999999979794, 4.550000000000002487, -3.200000000000000178 ) ) ;
#7733 = EDGE_LOOP ( 'NONE', ( #9384, #3411, #8434, #1301 ) ) ;
#7734 = ORIENTED_EDGE ( 'NONE', *, *, #1145, .F. ) ;
#7735 = ORIENTED_EDGE ( 'NONE', *, *, #3141, .T. ) ;
#7736 = CARTESIAN_POINT ( 'NONE',  ( -5.305000000000000604, 4.050000000000000711, -3.000000000000000000 ) ) ;
#7737 = CARTESIAN_POINT ( 'NONE',  ( -0.8591910702798596366, 2.259191070279860103, -2.300000000000000266 ) ) ;
#7738 = EDGE_CURVE ( 'NONE', #4134, #644, #7388, .T. ) ;
#7739 = LINE ( 'NONE', #10042, #4305 ) ;
#7740 =( NAMED_UNIT ( * ) PLANE_ANGLE_UNIT ( ) SI_UNIT ( $, .RADIAN. ) );
#7741 = VERTEX_POINT ( 'NONE', #9811 ) ;
#7742 = CARTESIAN_POINT ( 'NONE',  ( -1.999999999999998224, 0.9000000000000005773, -4.100000000000005862 ) ) ;
#7743 = EDGE_CURVE ( 'NONE', #3602, #2275, #4898, .T. ) ;
#7744 = DIRECTION ( 'NONE',  ( -0.000000000000000000, 1.000000000000000000, 1.591489427501658143E-16 ) ) ;
#7745 = EDGE_LOOP ( 'NONE', ( #3320, #758, #9359, #8902 ) ) ;
#7746 = ORIENTED_EDGE ( 'NONE', *, *, #6585, .F. ) ;
#7747 = ORIENTED_EDGE ( 'NONE', *, *, #5960, .F. ) ;
#7748 = LINE ( 'NONE', #1226, #9462 ) ;
#7749 = DIRECTION ( 'NONE',  ( 0.000000000000000000, 0.000000000000000000, 1.000000000000000000 ) ) ;
#7750 = CARTESIAN_POINT ( 'NONE',  ( -5.304999999999998828, 4.629138561470611535, 1.100000000000000755 ) ) ;
#7751 = ORIENTED_EDGE ( 'NONE', *, *, #2995, .T. ) ;
#7752 = EDGE_CURVE ( 'NONE', #746, #7408, #9755, .T. ) ;
#7753 = CARTESIAN_POINT ( 'NONE',  ( -5.200000000000001066, 5.425000000000000711, 1.974999999999999867 ) ) ;
#7754 = ORIENTED_EDGE ( 'NONE', *, *, #4373, .F. ) ;
#7755 = CARTESIAN_POINT ( 'NONE',  ( 1.250000000000001110, 2.649999999999999911, 0.7999999999999994893 ) ) ;
#7756 = CARTESIAN_POINT ( 'NONE',  ( 5.200000000000001066, 5.500000000000000888, 3.725000000000000533 ) ) ;
#7757 = LINE ( 'NONE', #9139, #4816 ) ;
#7758 = CARTESIAN_POINT ( 'NONE',  ( -2.850000000000000089, 4.850000000000000533, -3.200000000000000178 ) ) ;
#7759 = CARTESIAN_POINT ( 'NONE',  ( 5.799999999999999822, 3.400000000000000355, 1.999999999999999556 ) ) ;
#7760 = PLANE ( 'NONE',  #1615 ) ;
#7761 = VECTOR ( 'NONE', #9957, 1000.000000000000000 ) ;
#7762 = PLANE ( 'NONE',  #182 ) ;
#7763 = ORIENTED_EDGE ( 'NONE', *, *, #5004, .F. ) ;
#7764 = ORIENTED_EDGE ( 'NONE', *, *, #3387, .T. ) ;
#7765 = ORIENTED_EDGE ( 'NONE', *, *, #2343, .T. ) ;
#7766 = DIRECTION ( 'NONE',  ( 1.000000000000000000, 0.000000000000000000, 0.000000000000000000 ) ) ;
#7767 = CARTESIAN_POINT ( 'NONE',  ( -2.749999999999967581, 1.300000000000000266, 3.899999999999999911 ) ) ;
#7768 = CARTESIAN_POINT ( 'NONE',  ( -0.7499999999999676925, 0.2000000000000000111, 4.999999999999972466 ) ) ;
#7769 = ORIENTED_EDGE ( 'NONE', *, *, #1922, .T. ) ;
#7770 = FACE_OUTER_BOUND ( 'NONE', #8584, .T. ) ;
#7771 = ADVANCED_FACE ( 'NONE', ( #415 ), #523, .F. ) ;
#7772 = EDGE_CURVE ( 'NONE', #9849, #6878, #3576, .T. ) ;
#7773 = ORIENTED_EDGE ( 'NONE', *, *, #4090, .T. ) ;
#7774 = VECTOR ( 'NONE', #2636, 1000.000000000000000 ) ;
#7775 = LINE ( 'NONE', #647, #1386 ) ;
#7776 = VERTEX_POINT ( 'NONE', #4374 ) ;
#7777 = ORIENTED_EDGE ( 'NONE', *, *, #8759, .T. ) ;
#7778 = ORIENTED_EDGE ( 'NONE', *, *, #5979, .T. ) ;
#7779 = CARTESIAN_POINT ( 'NONE',  ( -5.200000000000001066, 5.400000000000001243, 1.717842712474618283 ) ) ;
#7780 = DIRECTION ( 'NONE',  ( -1.000000000000000000, -0.000000000000000000, -0.000000000000000000 ) ) ;
#7781 = EDGE_LOOP ( 'NONE', ( #2277, #4716, #6202, #5288, #5369, #6733 ) ) ;
#7782 = SURFACE_STYLE_FILL_AREA ( #3871 ) ;
#7783 = DIRECTION ( 'NONE',  ( -1.000000000000000000, 0.000000000000000000, 0.000000000000000000 ) ) ;
#7784 = ORIENTED_EDGE ( 'NONE', *, *, #2574, .F. ) ;
#7785 = ORIENTED_EDGE ( 'NONE', *, *, #1235, .F. ) ;
#7786 = EDGE_CURVE ( 'NONE', #6679, #1327, #3684, .T. ) ;
#7787 = VECTOR ( 'NONE', #3438, 1000.000000000000000 ) ;
#7788 = ORIENTED_EDGE ( 'NONE', *, *, #563, .F. ) ;
#7789 = EDGE_CURVE ( 'NONE', #1266, #672, #6870, .T. ) ;
#7790 = EDGE_CURVE ( 'NONE', #2908, #6789, #4040, .T. ) ;
#7791 = CARTESIAN_POINT ( 'NONE',  ( -2.400000000000000355, 4.850000000000000533, 2.250000000000000444 ) ) ;
#7792 = CARTESIAN_POINT ( 'NONE',  ( 3.764267565201870891, 0.000000000000000000, -5.000000000000000000 ) ) ;
#7793 = VECTOR ( 'NONE', #9565, 1000.000000000000000 ) ;
#7794 = ORIENTED_EDGE ( 'NONE', *, *, #921, .T. ) ;
#7795 = DIRECTION ( 'NONE',  ( 0.000000000000000000, 0.000000000000000000, 1.000000000000000000 ) ) ;
#7796 = VERTEX_POINT ( 'NONE', #7655 ) ;
#7797 = DIRECTION ( 'NONE',  ( 0.000000000000000000, -0.000000000000000000, 1.000000000000000000 ) ) ;
#7798 = VECTOR ( 'NONE', #8046, 1000.000000000000000 ) ;
#7799 = EDGE_CURVE ( 'NONE', #2213, #766, #6096, .T. ) ;
#7800 = EDGE_CURVE ( 'NONE', #4295, #131, #8373, .T. ) ;
#7801 = FACE_OUTER_BOUND ( 'NONE', #2442, .T. ) ;
#7802 = DIRECTION ( 'NONE',  ( -0.000000000000000000, 1.000000000000000000, 0.000000000000000000 ) ) ;
#7803 = CARTESIAN_POINT ( 'NONE',  ( 5.200000000000001066, 2.400000000000000799, 1.999999999999999556 ) ) ;
#7804 = AXIS2_PLACEMENT_3D ( 'NONE', #8308, #1900, #7430 ) ;
#7805 = LINE ( 'NONE', #5326, #8282 ) ;
#7806 = CARTESIAN_POINT ( 'NONE',  ( 3.200000000000000622, 4.800000000000001599, 0.7999999999999994893 ) ) ;
#7807 = AXIS2_PLACEMENT_3D ( 'NONE', #10246, #6272, #10200 ) ;
#7808 = DIRECTION ( 'NONE',  ( -1.000000000000000000, -0.000000000000000000, -0.000000000000000000 ) ) ;
#7809 = ORIENTED_EDGE ( 'NONE', *, *, #4570, .T. ) ;
#7810 = CARTESIAN_POINT ( 'NONE',  ( -3.764267565201869559, 0.000000000000000000, -4.750000000000000000 ) ) ;
#7811 = ORIENTED_EDGE ( 'NONE', *, *, #3912, .F. ) ;
#7812 = DIRECTION ( 'NONE',  ( 0.000000000000000000, 0.000000000000000000, 1.000000000000000000 ) ) ;
#7813 = EDGE_LOOP ( 'NONE', ( #364, #6487, #5106, #792 ) ) ;
#7814 = VECTOR ( 'NONE', #7940, 1000.000000000000000 ) ;
#7815 = VECTOR ( 'NONE', #3678, 1000.000000000000000 ) ;
#7816 = PLANE ( 'NONE',  #4018 ) ;
#7817 = VECTOR ( 'NONE', #8166, 1000.000000000000000 ) ;
#7818 = ADVANCED_FACE ( 'NONE', ( #6044 ), #9138, .F. ) ;
#7819 = SURFACE_STYLE_FILL_AREA ( #9153 ) ;
#7820 = CARTESIAN_POINT ( 'NONE',  ( 4.900000000000000355, 1.799999999999999600, 1.099999999999999867 ) ) ;
#7821 = VECTOR ( 'NONE', #5463, 1000.000000000000000 ) ;
#7822 = ORIENTED_EDGE ( 'NONE', *, *, #1552, .F. ) ;
#7823 = CARTESIAN_POINT ( 'NONE',  ( 6.000000000000000000, 5.500000000000000000, 2.800000000000000266 ) ) ;
#7824 = VECTOR ( 'NONE', #7250, 1000.000000000000000 ) ;
#7825 = ORIENTED_EDGE ( 'NONE', *, *, #1036, .F. ) ;
#7826 = DIRECTION ( 'NONE',  ( 0.000000000000000000, 0.000000000000000000, 1.000000000000000000 ) ) ;
#7827 = VECTOR ( 'NONE', #9999, 1000.000000000000000 ) ;
#7828 = ORIENTED_EDGE ( 'NONE', *, *, #7799, .T. ) ;
#7829 = VERTEX_POINT ( 'NONE', #2018 ) ;
#7830 = VECTOR ( 'NONE', #7898, 1000.000000000000000 ) ;
#7831 = ORIENTED_EDGE ( 'NONE', *, *, #8585, .F. ) ;
#7832 = EDGE_CURVE ( 'NONE', #714, #3757, #1236, .T. ) ;
#7833 = CIRCLE ( 'NONE', #6671, 0.09999999999999961697 ) ;
#7834 = ADVANCED_FACE ( 'NONE', ( #6144 ), #6916, .F. ) ;
#7835 = CARTESIAN_POINT ( 'NONE',  ( 3.200000000000000622, 3.699999999999998845, 0.7999999999999994893 ) ) ;
#7836 = CARTESIAN_POINT ( 'NONE',  ( -5.200000000000001066, 5.500000000000000888, 3.725000000000000533 ) ) ;
#7837 = DIRECTION ( 'NONE',  ( 1.548860246407864322E-16, 0.000000000000000000, 1.000000000000000000 ) ) ;
#7838 = ORIENTED_EDGE ( 'NONE', *, *, #6962, .T. ) ;
#7839 = CARTESIAN_POINT ( 'NONE',  ( -4.900000000000000355, 1.799999999999999600, 1.099999999999999867 ) ) ;
#7840 = CARTESIAN_POINT ( 'NONE',  ( 3.537690618442709045, 0.3499999999999996447, -4.855654565435175485 ) ) ;
#7841 = VERTEX_POINT ( 'NONE', #10014 ) ;
#7842 = EDGE_LOOP ( 'NONE', ( #8606, #2103, #1836, #699 ) ) ;
#7843 = VERTEX_POINT ( 'NONE', #2116 ) ;
#7844 = ORIENTED_EDGE ( 'NONE', *, *, #5988, .T. ) ;
#7845 = EDGE_CURVE ( 'NONE', #6155, #2656, #5322, .T. ) ;
#7846 = DIRECTION ( 'NONE',  ( -0.000000000000000000, -0.000000000000000000, -1.000000000000000000 ) ) ;
#7847 = DIRECTION ( 'NONE',  ( 1.000000000000000000, -0.000000000000000000, -5.560011140951304758E-17 ) ) ;
#7848 = EDGE_LOOP ( 'NONE', ( #3152, #6428, #1451, #3045 ) ) ;
#7849 = DIRECTION ( 'NONE',  ( 1.000000000000000000, 0.000000000000000000, 0.000000000000000000 ) ) ;
#7850 = ORIENTED_EDGE ( 'NONE', *, *, #7709, .T. ) ;
#7851 = PLANE ( 'NONE',  #886 ) ;
#7852 = CARTESIAN_POINT ( 'NONE',  ( -5.200000000000001066, 5.465000000000000746, 1.499999999999999334 ) ) ;
#7853 = CARTESIAN_POINT ( 'NONE',  ( 3.537690618442709045, 0.8943454345648262915, -4.855654565435175485 ) ) ;
#7854 = CARTESIAN_POINT ( 'NONE',  ( 6.000000000000000000, 2.350000000000000089, -3.599999999999999645 ) ) ;
#7855 = VECTOR ( 'NONE', #2424, 1000.000000000000000 ) ;
#7856 = SURFACE_SIDE_STYLE ('',( #3299 ) ) ;
#7857 = DIRECTION ( 'NONE',  ( -1.000000000000000000, -0.000000000000000000, -0.000000000000000000 ) ) ;
#7858 = EDGE_CURVE ( 'NONE', #8048, #6356, #9288, .T. ) ;
#7859 = DIRECTION ( 'NONE',  ( -0.3236155771181821184, 0.3236155771181821184, 0.8891264907159901476 ) ) ;
#7860 = EDGE_CURVE ( 'NONE', #4619, #7829, #2070, .T. ) ;
#7861 = ORIENTED_EDGE ( 'NONE', *, *, #4164, .F. ) ;
#7862 = LINE ( 'NONE', #5278, #4573 ) ;
#7863 = ORIENTED_EDGE ( 'NONE', *, *, #9086, .T. ) ;
#7864 = AXIS2_PLACEMENT_3D ( 'NONE', #4996, #307, #4201 ) ;
#7865 = DIRECTION ( 'NONE',  ( 0.000000000000000000, 0.000000000000000000, 1.000000000000000000 ) ) ;
#7866 = VECTOR ( 'NONE', #8871, 1000.000000000000000 ) ;
#7867 = LINE ( 'NONE', #7077, #3860 ) ;
#7868 = DIRECTION ( 'NONE',  ( -0.000000000000000000, 1.000000000000000000, -0.000000000000000000 ) ) ;
#7869 = CARTESIAN_POINT ( 'NONE',  ( 6.000000000000000000, 0.2000000000000000111, 2.149999999999999911 ) ) ;
#7870 = CARTESIAN_POINT ( 'NONE',  ( -4.800000000000000711, 4.939999999999999503, 2.925000000000000711 ) ) ;
#7871 = VERTEX_POINT ( 'NONE', #8522 ) ;
#7872 = AXIS2_PLACEMENT_3D ( 'NONE', #793, #28, #5749 ) ;
#7873 = CARTESIAN_POINT ( 'NONE',  ( -5.200000000000001066, 5.400000000000001243, 1.282157287525380829 ) ) ;
#7874 = VERTEX_POINT ( 'NONE', #1390 ) ;
#7875 = EDGE_CURVE ( 'NONE', #8442, #4968, #4582, .T. ) ;
#7876 = ORIENTED_EDGE ( 'NONE', *, *, #4879, .T. ) ;
#7877 = PLANE ( 'NONE',  #8697 ) ;
#7878 = DIRECTION ( 'NONE',  ( 0.000000000000000000, -0.000000000000000000, 1.000000000000000000 ) ) ;
#7879 = LINE ( 'NONE', #7091, #4804 ) ;
#7880 = DIRECTION ( 'NONE',  ( 0.000000000000000000, 0.9396926207859095381, -0.3420201433256658263 ) ) ;
#7881 = EDGE_LOOP ( 'NONE', ( #7307, #6779, #3272, #5439 ) ) ;
#7882 = LINE ( 'NONE', #8664, #2322 ) ;
#7883 = ORIENTED_EDGE ( 'NONE', *, *, #4681, .T. ) ;
#7884 = VERTEX_POINT ( 'NONE', #8317 ) ;
#7885 = ADVANCED_FACE ( 'NONE', ( #1285 ), #8477, .F. ) ;
#7886 = ORIENTED_EDGE ( 'NONE', *, *, #2288, .F. ) ;
#7887 = CARTESIAN_POINT ( 'NONE',  ( -5.200000000000001066, 5.394289321881344357, 0.6792893218813451650 ) ) ;
#7888 = DIRECTION ( 'NONE',  ( -1.000000000000000000, 0.000000000000000000, 0.000000000000000000 ) ) ;
#7889 = PLANE ( 'NONE',  #8922 ) ;
#7890 = VERTEX_POINT ( 'NONE', #10115 ) ;
#7891 = CARTESIAN_POINT ( 'NONE',  ( -3.827974591282616412, -8.131516293641283255E-17, -4.650000000000001243 ) ) ;
#7892 = DIRECTION ( 'NONE',  ( 0.000000000000000000, 0.000000000000000000, -1.000000000000000000 ) ) ;
#7893 = ORIENTED_EDGE ( 'NONE', *, *, #3937, .F. ) ;
#7894 = CARTESIAN_POINT ( 'NONE',  ( 5.305000000000000604, 4.050000000000000711, -3.000000000000000000 ) ) ;
#7895 = ADVANCED_FACE ( 'NONE', ( #3735 ), #8000, .F. ) ;
#7896 = EDGE_CURVE ( 'NONE', #1764, #9228, #5619, .T. ) ;
#7897 = LINE ( 'NONE', #10215, #3868 ) ;
#7898 = DIRECTION ( 'NONE',  ( -1.000000000000000000, 0.000000000000000000, 0.000000000000000000 ) ) ;
#7899 = EDGE_CURVE ( 'NONE', #8544, #4034, #678, .T. ) ;
#7900 = PLANE ( 'NONE',  #6957 ) ;
#7901 = CARTESIAN_POINT ( 'NONE',  ( -0.7499999999999676925, 0.6000000000000000888, 4.999999999999972466 ) ) ;
#7902 = DIRECTION ( 'NONE',  ( 0.000000000000000000, -1.000000000000000000, 0.000000000000000000 ) ) ;
#7903 = CARTESIAN_POINT ( 'NONE',  ( -1.066666666666687968, 9.233333333333343163, 6.533333333333312787 ) ) ;
#7904 = ORIENTED_EDGE ( 'NONE', *, *, #2288, .T. ) ;
#7905 = CARTESIAN_POINT ( 'NONE',  ( -4.800000000000000711, 5.500000000000000888, 8.753191851259120031E-16 ) ) ;
#7906 = VECTOR ( 'NONE', #8030, 1000.000000000000000 ) ;
#7907 = VERTEX_POINT ( 'NONE', #7110 ) ;
#7908 = ADVANCED_FACE ( 'NONE', ( #5472 ), #3, .F. ) ;
#7909 = CARTESIAN_POINT ( 'NONE',  ( 4.800000000000000711, 4.864999999999999325, 2.925000000000000266 ) ) ;
#7910 =( NAMED_UNIT ( * ) SI_UNIT ( $, .STERADIAN. ) SOLID_ANGLE_UNIT ( ) );
#7911 = ADVANCED_FACE ( 'NONE', ( #7801 ), #9495, .T. ) ;
#7912 = EDGE_CURVE ( 'NONE', #7985, #9078, #4684, .T. ) ;
#7913 = VECTOR ( 'NONE', #6311, 1000.000000000000000 ) ;
#7914 = DIRECTION ( 'NONE',  ( -0.7071067811865526798, 2.044391222244466902E-15, 0.7071067811865424657 ) ) ;
#7915 = DIRECTION ( 'NONE',  ( 3.336006684570783101E-16, 0.000000000000000000, -1.000000000000000000 ) ) ;
#7916 = PLANE ( 'NONE',  #7418 ) ;
#7917 = CARTESIAN_POINT ( 'NONE',  ( -5.200000000000001066, 2.400000000000001243, -1.699999999999999734 ) ) ;
#7918 = EDGE_CURVE ( 'NONE', #6319, #8819, #9345, .T. ) ;
#7919 = VERTEX_POINT ( 'NONE', #4042 ) ;
#7920 = DIRECTION ( 'NONE',  ( -1.000000000000000000, -0.000000000000000000, -0.000000000000000000 ) ) ;
#7921 = ORIENTED_EDGE ( 'NONE', *, *, #7786, .T. ) ;
#7922 = VECTOR ( 'NONE', #7574, 1000.000000000000000 ) ;
#7923 = ORIENTED_EDGE ( 'NONE', *, *, #5467, .T. ) ;
#7924 = LINE ( 'NONE', #7191, #1546 ) ;
#7925 = EDGE_CURVE ( 'NONE', #7632, #2724, #10167, .T. ) ;
#7926 = CARTESIAN_POINT ( 'NONE',  ( 5.305000000000000604, 2.750000000000000888, -3.200000000000000178 ) ) ;
#7927 = DIRECTION ( 'NONE',  ( -1.000000000000000000, -0.000000000000000000, 4.818676322157799347E-16 ) ) ;
#7928 = AXIS2_PLACEMENT_3D ( 'NONE', #6022, #5966, #9166 ) ;
#7929 = CARTESIAN_POINT ( 'NONE',  ( -1.140808929720138698, 0.000000000000000000, -2.300000000000000266 ) ) ;
#7930 = ORIENTED_EDGE ( 'NONE', *, *, #9466, .T. ) ;
#7931 = DIRECTION ( 'NONE',  ( -0.000000000000000000, 0.000000000000000000, -1.000000000000000000 ) ) ;
#7932 = ORIENTED_EDGE ( 'NONE', *, *, #6604, .F. ) ;
#7933 = EDGE_LOOP ( 'NONE', ( #2099, #2484, #2043, #717 ) ) ;
#7934 = VERTEX_POINT ( 'NONE', #6240 ) ;
#7935 = ORIENTED_EDGE ( 'NONE', *, *, #6543, .T. ) ;
#7936 = CARTESIAN_POINT ( 'NONE',  ( 0.000000000000000000, 4.400000000000000355, 0.000000000000000000 ) ) ;
#7937 = LINE ( 'NONE', #1582, #7596 ) ;
#7938 = DIRECTION ( 'NONE',  ( 1.275636550519593625E-16, 0.5735764363510498232, 0.8191520442889891340 ) ) ;
#7939 = ORIENTED_EDGE ( 'NONE', *, *, #1457, .T. ) ;
#7940 = DIRECTION ( 'NONE',  ( -0.000000000000000000, 1.000000000000000000, -0.000000000000000000 ) ) ;
#7941 = DIRECTION ( 'NONE',  ( 1.000000000000000000, -0.000000000000000000, -0.000000000000000000 ) ) ;
#7942 = ORIENTED_EDGE ( 'NONE', *, *, #4002, .F. ) ;
#7943 = LINE ( 'NONE', #7109, #8374 ) ;
#7944 = DIRECTION ( 'NONE',  ( -0.000000000000000000, -1.000000000000000000, -0.000000000000000000 ) ) ;
#7945 = DIRECTION ( 'NONE',  ( -0.000000000000000000, 0.000000000000000000, 1.000000000000000000 ) ) ;
#7946 = DIRECTION ( 'NONE',  ( 1.000000000000000000, -0.000000000000000000, -0.000000000000000000 ) ) ;
#7947 = VECTOR ( 'NONE', #8362, 1000.000000000000000 ) ;
#7948 = ADVANCED_FACE ( 'NONE', ( #9396 ), #9446, .F. ) ;
#7949 = EDGE_CURVE ( 'NONE', #1896, #4287, #724, .T. ) ;
#7950 = CARTESIAN_POINT ( 'NONE',  ( -0.7499999999999988898, 2.649999999999999911, 0.7999999999999994893 ) ) ;
#7951 = SURFACE_STYLE_FILL_AREA ( #9651 ) ;
#7952 = CARTESIAN_POINT ( 'NONE',  ( 3.764267565201870891, 0.3499999999999999778, -5.000000000000000000 ) ) ;
#7953 = AXIS2_PLACEMENT_3D ( 'NONE', #1466, #3816, #3066 ) ;
#7954 = CARTESIAN_POINT ( 'NONE',  ( -4.800000000000000711, 2.575000000000000178, 3.899999999999999911 ) ) ;
#7955 = AXIS2_PLACEMENT_3D ( 'NONE', #381, #3595, #1199 ) ;
#7956 = EDGE_LOOP ( 'NONE', ( #7566, #6926, #5145, #1975 ) ) ;
#7957 = CARTESIAN_POINT ( 'NONE',  ( -0.8591910702798596366, 2.540808929720139275, -2.300000000000000266 ) ) ;
#7958 = AXIS2_PLACEMENT_3D ( 'NONE', #4263, #5012, #7343 ) ;
#7959 = EDGE_CURVE ( 'NONE', #7239, #8513, #8575, .T. ) ;
#7960 = DIRECTION ( 'NONE',  ( -1.000000000000000000, -0.000000000000000000, -0.000000000000000000 ) ) ;
#7961 = DIRECTION ( 'NONE',  ( -1.000000000000000000, -0.000000000000000000, -0.000000000000000000 ) ) ;
#7962 = VECTOR ( 'NONE', #273, 1000.000000000000114 ) ;
#7963 = ADVANCED_FACE ( 'NONE', ( #98 ), #7221, .F. ) ;
#7964 = LINE ( 'NONE', #6360, #10229 ) ;
#7965 = VECTOR ( 'NONE', #7946, 1000.000000000000000 ) ;
#7966 = CARTESIAN_POINT ( 'NONE',  ( 5.200000000000001066, 5.400000000000001243, 1.282157287525380829 ) ) ;
#7967 = DIRECTION ( 'NONE',  ( 0.000000000000000000, -1.000000000000000000, 0.000000000000000000 ) ) ;
#7968 = LINE ( 'NONE', #68, #10129 ) ;
#7969 = VERTEX_POINT ( 'NONE', #7063 ) ;
#7970 = DIRECTION ( 'NONE',  ( 0.000000000000000000, 0.000000000000000000, -1.000000000000000000 ) ) ;
#7971 = EDGE_LOOP ( 'NONE', ( #240, #5031, #37, #969 ) ) ;
#7972 = VECTOR ( 'NONE', #8663, 1000.000000000000000 ) ;
#7973 = VECTOR ( 'NONE', #2834, 1000.000000000000000 ) ;
#7974 = ORIENTED_EDGE ( 'NONE', *, *, #9370, .T. ) ;
#7975 = PRESENTATION_STYLE_ASSIGNMENT (( #2339 ) ) ;
#7976 = CARTESIAN_POINT ( 'NONE',  ( 5.200000000000001066, 4.939999999999999503, 2.049999999999999822 ) ) ;
#7977 = CARTESIAN_POINT ( 'NONE',  ( -5.200000000000001066, 5.425000000000000711, 1.974999999999999867 ) ) ;
#7978 = CIRCLE ( 'NONE', #8960, 0.1000000000000018929 ) ;
#7979 = DIRECTION ( 'NONE',  ( 0.000000000000000000, -1.000000000000000000, 0.000000000000000000 ) ) ;
#7980 = ORIENTED_EDGE ( 'NONE', *, *, #8009, .T. ) ;
#7981 = LINE ( 'NONE', #1675, #1015 ) ;
#7982 = VERTEX_POINT ( 'NONE', #6397 ) ;
#7983 = EDGE_CURVE ( 'NONE', #69, #7154, #7897, .T. ) ;
#7984 = EDGE_CURVE ( 'NONE', #5734, #3001, #6291, .T. ) ;
#7985 = VERTEX_POINT ( 'NONE', #1542 ) ;
#7986 = VERTEX_POINT ( 'NONE', #4732 ) ;
#7987 = ORIENTED_EDGE ( 'NONE', *, *, #8614, .F. ) ;
#7988 = AXIS2_PLACEMENT_3D ( 'NONE', #3769, #10097, #7783 ) ;
#7989 = LINE ( 'NONE', #10257, #2813 ) ;
#7990 = CARTESIAN_POINT ( 'NONE',  ( -0.6250000000000000000, 5.000000000000000888, -1.099999999999998979 ) ) ;
#7991 = FACE_OUTER_BOUND ( 'NONE', #291, .T. ) ;
#7992 = ORIENTED_EDGE ( 'NONE', *, *, #230, .F. ) ;
#7993 = LINE ( 'NONE', #145, #7814 ) ;
#7994 = AXIS2_PLACEMENT_3D ( 'NONE', #6041, #9231, #7797 ) ;
#7995 = PLANE ( 'NONE',  #4511 ) ;
#7996 = VERTEX_POINT ( 'NONE', #769 ) ;
#7997 = DIRECTION ( 'NONE',  ( -0.3236155771181821184, -0.3236155771181821184, 0.8891264907159901476 ) ) ;
#7998 = EDGE_CURVE ( 'NONE', #279, #5057, #3934, .T. ) ;
#7999 = ORIENTED_EDGE ( 'NONE', *, *, #1790, .T. ) ;
#8000 = PLANE ( 'NONE',  #9838 ) ;
#8001 = LINE ( 'NONE', #4043, #5516 ) ;
#8002 = CARTESIAN_POINT ( 'NONE',  ( -5.054999999999998828, 0.3499999999999999778, -5.000000000000000000 ) ) ;
#8003 = CARTESIAN_POINT ( 'NONE',  ( -5.197820323027551481, 0.000000000000000000, -1.513476936738000322 ) ) ;
#8004 = CARTESIAN_POINT ( 'NONE',  ( -4.900000000000000355, 0.000000000000000000, 0.000000000000000000 ) ) ;
#8005 = VERTEX_POINT ( 'NONE', #7168 ) ;
#8006 = DIRECTION ( 'NONE',  ( -0.3236155771181821184, 0.3236155771181821184, 0.8891264907159901476 ) ) ;
#8007 = ORIENTED_EDGE ( 'NONE', *, *, #4212, .T. ) ;
#8008 = LINE ( 'NONE', #3204, #7533 ) ;
#8009 = EDGE_CURVE ( 'NONE', #7843, #1804, #3193, .T. ) ;
#8010 = CARTESIAN_POINT ( 'NONE',  ( -6.000000000000000000, 5.700000000000000178, 0.1000000000000002554 ) ) ;
#8011 = STYLED_ITEM ( 'NONE', ( #10078 ), #8573 ) ;
#8012 = LINE ( 'NONE', #1606, #9498 ) ;
#8013 = PLANE ( 'NONE',  #4778 ) ;
#8014 = PLANE ( 'NONE',  #665 ) ;
#8015 = CARTESIAN_POINT ( 'NONE',  ( -5.305000000000000604, 1.800000000000000044, -1.699999999999999734 ) ) ;
#8016 = FACE_OUTER_BOUND ( 'NONE', #702, .T. ) ;
#8017 = ORIENTED_EDGE ( 'NONE', *, *, #7029, .F. ) ;
#8018 = DIRECTION ( 'NONE',  ( -1.000000000000000000, -0.000000000000000000, -0.000000000000000000 ) ) ;
#8019 = CIRCLE ( 'NONE', #870, 0.2000000000000005107 ) ;
#8020 = MECHANICAL_DESIGN_GEOMETRIC_PRESENTATION_REPRESENTATION (  '', ( #9853 ), #2199 ) ;
#8021 = VERTEX_POINT ( 'NONE', #3347 ) ;
#8022 = EDGE_CURVE ( 'NONE', #8213, #4960, #5726, .T. ) ;
#8023 = VECTOR ( 'NONE', #2171, 1000.000000000000000 ) ;
#8024 = ORIENTED_EDGE ( 'NONE', *, *, #10052, .T. ) ;
#8025 = CARTESIAN_POINT ( 'NONE',  ( -4.200000000000000178, 4.800000000000000711, 0.7999999999999994893 ) ) ;
#8026 = ADVANCED_FACE ( 'NONE', ( #7328 ), #6445, .T. ) ;
#8027 = CARTESIAN_POINT ( 'NONE',  ( -4.899999999999999467, 0.4000000000000000222, 1.100000000000000755 ) ) ;
#8028 = EDGE_CURVE ( 'NONE', #6546, #6947, #9744, .T. ) ;
#8029 = DIRECTION ( 'NONE',  ( 0.000000000000000000, 1.000000000000000000, -6.829619984160656074E-16 ) ) ;
#8030 = DIRECTION ( 'NONE',  ( -0.000000000000000000, -1.334402673828314029E-15, 1.000000000000000000 ) ) ;
#8031 = EDGE_LOOP ( 'NONE', ( #2351, #1556, #1518, #8534, #2836 ) ) ;
#8032 = CARTESIAN_POINT ( 'NONE',  ( 5.200000000000001066, 5.394289321881347021, 1.570710678118654391 ) ) ;
#8033 = CARTESIAN_POINT ( 'NONE',  ( -4.000000000000000000, 0.000000000000000000, 0.7999999999999994893 ) ) ;
#8034 = ORIENTED_EDGE ( 'NONE', *, *, #146, .F. ) ;
#8035 = VERTEX_POINT ( 'NONE', #2669 ) ;
#8036 = AXIS2_PLACEMENT_3D ( 'NONE', #3569, #7429, #2720 ) ;
#8037 = VERTEX_POINT ( 'NONE', #8101 ) ;
#8038 = ORIENTED_EDGE ( 'NONE', *, *, #10169, .T. ) ;
#8039 = EDGE_CURVE ( 'NONE', #6704, #5055, #1123, .T. ) ;
#8040 = UNCERTAINTY_MEASURE_WITH_UNIT (LENGTH_MEASURE( 1.000000000000000082E-05 ), #4047, 'distance_accuracy_value', 'NONE');
#8041 = DIRECTION ( 'NONE',  ( 1.000000000000000000, 0.000000000000000000, -0.000000000000000000 ) ) ;
#8042 = DIRECTION ( 'NONE',  ( 1.591489427501657896E-16, 0.000000000000000000, 1.000000000000000000 ) ) ;
#8043 = ADVANCED_FACE ( 'NONE', ( #2617 ), #5097, .F. ) ;
#8044 = CARTESIAN_POINT ( 'NONE',  ( 6.000000000000000000, 1.300000000000000266, 3.699999999999999734 ) ) ;
#8045 = ORIENTED_EDGE ( 'NONE', *, *, #5398, .F. ) ;
#8046 = DIRECTION ( 'NONE',  ( -0.000000000000000000, -1.000000000000000000, 1.084202172485504434E-15 ) ) ;
#8047 = PLANE ( 'NONE',  #9719 ) ;
#8048 = VERTEX_POINT ( 'NONE', #2564 ) ;
#8049 = DIRECTION ( 'NONE',  ( 0.000000000000000000, 0.000000000000000000, -1.000000000000000000 ) ) ;
#8050 = ORIENTED_EDGE ( 'NONE', *, *, #3191, .T. ) ;
#8051 = CARTESIAN_POINT ( 'NONE',  ( -6.000000000000000888, 4.050000000000000711, -3.000000000000000000 ) ) ;
#8052 = CARTESIAN_POINT ( 'NONE',  ( 5.200000000000001066, 4.939999999999999503, 3.000000000000000888 ) ) ;
#8053 = DIRECTION ( 'NONE',  ( -1.239088197126288302E-15, -1.000000000000000000, 0.000000000000000000 ) ) ;
#8054 = ADVANCED_FACE ( 'NONE', ( #4147 ), #8254, .F. ) ;
#8055 = FILL_AREA_STYLE ('',( #158 ) ) ;
#8056 = PRESENTATION_STYLE_ASSIGNMENT (( #8826 ) ) ;
#8057 = DIRECTION ( 'NONE',  ( -1.000000000000000000, 0.000000000000000000, 0.000000000000000000 ) ) ;
#8058 = ORIENTED_EDGE ( 'NONE', *, *, #1434, .T. ) ;
#8059 = PLANE ( 'NONE',  #8158 ) ;
#8060 = ORIENTED_EDGE ( 'NONE', *, *, #7524, .F. ) ;
#8061 = CARTESIAN_POINT ( 'NONE',  ( -6.000000000000000000, 2.400000000000000355, 3.700000000000000178 ) ) ;
#8062 = VECTOR ( 'NONE', #6600, 1000.000000000000000 ) ;
#8063 = CARTESIAN_POINT ( 'NONE',  ( 6.000000000000000000, 5.699999999999999289, 2.250000000000000000 ) ) ;
#8064 = LINE ( 'NONE', #932, #2851 ) ;
#8065 = CARTESIAN_POINT ( 'NONE',  ( -5.200000000000001066, 4.939999999999999503, 2.124999999999999556 ) ) ;
#8066 = LINE ( 'NONE', #7287, #3126 ) ;
#8067 = VECTOR ( 'NONE', #8279, 1000.000000000000114 ) ;
#8068 = LINE ( 'NONE', #5209, #8572 ) ;
#8069 = DIRECTION ( 'NONE',  ( 0.000000000000000000, 0.000000000000000000, 1.000000000000000000 ) ) ;
#8070 = ORIENTED_EDGE ( 'NONE', *, *, #5449, .F. ) ;
#8071 = DIRECTION ( 'NONE',  ( 0.000000000000000000, -1.414176746720223400E-16, 1.000000000000000000 ) ) ;
#8072 = ORIENTED_EDGE ( 'NONE', *, *, #3427, .T. ) ;
#8073 = VERTEX_POINT ( 'NONE', #4093 ) ;
#8074 = CIRCLE ( 'NONE', #1752, 0.07500000000000041356 ) ;
#8075 = CARTESIAN_POINT ( 'NONE',  ( 0.8591910702798614130, 0.000000000000000000, -2.300000000000000266 ) ) ;
#8076 = LINE ( 'NONE', #9720, #4473 ) ;
#8077 = EDGE_CURVE ( 'NONE', #4818, #3624, #7480, .T. ) ;
#8078 = CARTESIAN_POINT ( 'NONE',  ( -5.304999999999998828, 2.350000000000000089, -3.599999999999999645 ) ) ;
#8079 = ADVANCED_FACE ( 'NONE', ( #6660 ), #4993, .F. ) ;
#8080 = DIRECTION ( 'NONE',  ( 0.000000000000000000, 1.000000000000000000, -1.084202172485504434E-15 ) ) ;
#8081 = ORIENTED_EDGE ( 'NONE', *, *, #3506, .F. ) ;
#8082 = LINE ( 'NONE', #4073, #7824 ) ;
#8083 = CARTESIAN_POINT ( 'NONE',  ( -3.249999999999999556, 2.649999999999999911, -1.999999999999997335 ) ) ;
#8084 = EDGE_LOOP ( 'NONE', ( #1750, #3597, #8640, #9092 ) ) ;
#8085 = VECTOR ( 'NONE', #3283, 1000.000000000000000 ) ;
#8086 = ORIENTED_EDGE ( 'NONE', *, *, #10124, .F. ) ;
#8087 = ORIENTED_EDGE ( 'NONE', *, *, #6210, .T. ) ;
#8088 = ORIENTED_EDGE ( 'NONE', *, *, #3293, .T. ) ;
#8089 = STYLED_ITEM ( 'NONE', ( #446 ), #4494 ) ;
#8090 = CYLINDRICAL_SURFACE ( 'NONE', #6158, 0.1749999999999998224 ) ;
#8091 = DIRECTION ( 'NONE',  ( 0.000000000000000000, 1.084202172485505223E-15, -1.000000000000000000 ) ) ;
#8092 = DIRECTION ( 'NONE',  ( 1.548860246407864322E-16, -1.591489427501657650E-16, 1.000000000000000000 ) ) ;
#8093 = ORIENTED_EDGE ( 'NONE', *, *, #4212, .F. ) ;
#8094 = DIRECTION ( 'NONE',  ( 0.000000000000000000, 0.000000000000000000, -1.000000000000000000 ) ) ;
#8095 = CARTESIAN_POINT ( 'NONE',  ( 3.250000000000032419, 0.000000000000000000, 4.800000000000000711 ) ) ;
#8096 = ORIENTED_EDGE ( 'NONE', *, *, #4104, .F. ) ;
#8097 = DIRECTION ( 'NONE',  ( -1.000000000000000000, -0.000000000000000000, -0.000000000000000000 ) ) ;
#8098 = EDGE_CURVE ( 'NONE', #6947, #3651, #970, .T. ) ;
#8099 = STYLED_ITEM ( 'NONE', ( #6563 ), #5065 ) ;
#8100 = ORIENTED_EDGE ( 'NONE', *, *, #4862, .F. ) ;
#8101 = CARTESIAN_POINT ( 'NONE',  ( 5.055000000000000604, 0.4000000000000000777, -4.749999999999998224 ) ) ;
#8102 = DIRECTION ( 'NONE',  ( -1.000000000000000000, 8.673617379884035472E-16, 0.000000000000000000 ) ) ;
#8103 = FACE_OUTER_BOUND ( 'NONE', #9988, .T. ) ;
#8104 = VECTOR ( 'NONE', #5465, 1000.000000000000000 ) ;
#8105 = FACE_OUTER_BOUND ( 'NONE', #8536, .T. ) ;
#8106 = FACE_OUTER_BOUND ( 'NONE', #4180, .T. ) ;
#8107 = ORIENTED_EDGE ( 'NONE', *, *, #9340, .F. ) ;
#8108 = CARTESIAN_POINT ( 'NONE',  ( 4.900000000000000355, 4.629138561470611535, 1.099999999999999867 ) ) ;
#8109 = ORIENTED_EDGE ( 'NONE', *, *, #8263, .F. ) ;
#8110 = DIRECTION ( 'NONE',  ( 1.000000000000000000, 0.000000000000000000, 0.000000000000000000 ) ) ;
#8111 = EDGE_CURVE ( 'NONE', #2812, #8512, #6559, .T. ) ;
#8112 = ADVANCED_FACE ( 'NONE', ( #5776 ), #8974, .F. ) ;
#8113 = LINE ( 'NONE', #2681, #7817 ) ;
#8114 = FACE_OUTER_BOUND ( 'NONE', #5833, .T. ) ;
#8115 = LINE ( 'NONE', #16, #3086 ) ;
#8116 = CARTESIAN_POINT ( 'NONE',  ( 6.000000000000000888, 4.050000000000000711, -3.200000000000000178 ) ) ;
#8117 = CIRCLE ( 'NONE', #9586, 0.3500000000000001998 ) ;
#8118 = CARTESIAN_POINT ( 'NONE',  ( -3.026055542458622849, 0.000000000000000000, -4.350000000000004086 ) ) ;
#8119 = LINE ( 'NONE', #4168, #9304 ) ;
#8120 = VERTEX_POINT ( 'NONE', #9585 ) ;
#8121 = DIRECTION ( 'NONE',  ( -0.000000000000000000, 1.000000000000000000, -0.000000000000000000 ) ) ;
#8122 = ORIENTED_EDGE ( 'NONE', *, *, #189, .F. ) ;
#8123 = VECTOR ( 'NONE', #6147, 1000.000000000000000 ) ;
#8124 = ORIENTED_EDGE ( 'NONE', *, *, #553, .T. ) ;
#8125 = VECTOR ( 'NONE', #741, 1000.000000000000000 ) ;
#8126 = EDGE_CURVE ( 'NONE', #9805, #7008, #1794, .T. ) ;
#8127 = SURFACE_STYLE_FILL_AREA ( #5853 ) ;
#8128 = DIRECTION ( 'NONE',  ( -0.2359856711608181168, 0.8807105146304249343, -0.4106820575897980885 ) ) ;
#8129 = VECTOR ( 'NONE', #6450, 1000.000000000000000 ) ;
#8130 = CARTESIAN_POINT ( 'NONE',  ( -6.000000000000000000, 1.799999999999999600, 1.399999999999999689 ) ) ;
#8131 = DIRECTION ( 'NONE',  ( -3.336006684570783101E-16, 0.000000000000000000, 1.000000000000000000 ) ) ;
#8132 = ORIENTED_EDGE ( 'NONE', *, *, #5576, .T. ) ;
#8133 = CARTESIAN_POINT ( 'NONE',  ( 0.6250000000000001110, 4.700000000000000178, -0.2500000000000002220 ) ) ;
#8134 = AXIS2_PLACEMENT_3D ( 'NONE', #964, #9944, #6752 ) ;
#8135 = EDGE_LOOP ( 'NONE', ( #2352, #2625, #4895, #5128 ) ) ;
#8136 = VECTOR ( 'NONE', #8208, 1000.000000000000000 ) ;
#8137 = ORIENTED_EDGE ( 'NONE', *, *, #2122, .T. ) ;
#8138 = EDGE_CURVE ( 'NONE', #6691, #4934, #1027, .T. ) ;
#8139 = ORIENTED_EDGE ( 'NONE', *, *, #7165, .F. ) ;
#8140 = EDGE_CURVE ( 'NONE', #9701, #8855, #256, .T. ) ;
#8141 = ORIENTED_EDGE ( 'NONE', *, *, #5633, .T. ) ;
#8142 = AXIS2_PLACEMENT_3D ( 'NONE', #4811, #1725, #5600 ) ;
#8143 = LINE ( 'NONE', #5814, #2131 ) ;
#8144 = CARTESIAN_POINT ( 'NONE',  ( 2.750000000000031974, 0.2000000000000000111, 2.400000000000000355 ) ) ;
#8145 = LINE ( 'NONE', #1018, #266 ) ;
#8146 = EDGE_LOOP ( 'NONE', ( #7735, #188, #6746, #8794 ) ) ;
#8147 = FACE_OUTER_BOUND ( 'NONE', #9560, .T. ) ;
#8148 = DIRECTION ( 'NONE',  ( 0.000000000000000000, -0.3713906763541028888, 0.9284766908852596368 ) ) ;
#8149 = ORIENTED_EDGE ( 'NONE', *, *, #2616, .T. ) ;
#8150 = VECTOR ( 'NONE', #6385, 1000.000000000000000 ) ;
#8151 = DIRECTION ( 'NONE',  ( 0.000000000000000000, 1.000000000000000000, -1.084202172485504434E-15 ) ) ;
#8152 = VECTOR ( 'NONE', #533, 1000.000000000000000 ) ;
#8153 = EDGE_CURVE ( 'NONE', #7198, #2030, #8203, .T. ) ;
#8154 = ORIENTED_EDGE ( 'NONE', *, *, #3175, .T. ) ;
#8155 = CARTESIAN_POINT ( 'NONE',  ( 4.200000000000000178, 4.800000000000000711, 0.7999999999999994893 ) ) ;
#8156 = DIRECTION ( 'NONE',  ( 0.000000000000000000, 1.000000000000000000, 0.000000000000000000 ) ) ;
#8157 = CARTESIAN_POINT ( 'NONE',  ( 3.200000000000000622, 3.699999999999998845, 0.7999999999999994893 ) ) ;
#8158 = AXIS2_PLACEMENT_3D ( 'NONE', #7174, #7070, #8634 ) ;
#8159 = DIRECTION ( 'NONE',  ( -3.336006684570783101E-16, 0.000000000000000000, 1.000000000000000000 ) ) ;
#8160 = CARTESIAN_POINT ( 'NONE',  ( -1.249999999999968248, 1.300000000000000266, 3.899999999999999911 ) ) ;
#8161 = EDGE_CURVE ( 'NONE', #383, #6742, #3460, .T. ) ;
#8162 = ORIENTED_EDGE ( 'NONE', *, *, #6847, .F. ) ;
#8163 = PLANE ( 'NONE',  #29 ) ;
#8164 = ORIENTED_EDGE ( 'NONE', *, *, #1924, .T. ) ;
#8165 = LINE ( 'NONE', #3414, #9836 ) ;
#8166 = DIRECTION ( 'NONE',  ( -0.000000000000000000, 0.7071067811865535679, 0.7071067811865415775 ) ) ;
#8167 = CARTESIAN_POINT ( 'NONE',  ( -5.200000000000001954, 2.400000000000001243, -1.699999999999998179 ) ) ;
#8168 = CARTESIAN_POINT ( 'NONE',  ( -0.7499999999999668043, 0.2000000000000000111, 2.399999999999972378 ) ) ;
#8169 = CARTESIAN_POINT ( 'NONE',  ( -4.350000000000002309, 4.950000000000002842, -3.200000000000000178 ) ) ;
#8170 = ADVANCED_FACE ( 'NONE', ( #5202 ), #4520, .F. ) ;
#8171 = EDGE_CURVE ( 'NONE', #1779, #8652, #10193, .T. ) ;
#8172 = PLANE ( 'NONE',  #494 ) ;
#8173 = CARTESIAN_POINT ( 'NONE',  ( 5.200000000000001066, 5.500000000000000888, 0.1000000000000002276 ) ) ;
#8174 = CARTESIAN_POINT ( 'NONE',  ( -1.249999999999968248, 0.2000000000000000111, 3.899999999999999911 ) ) ;
#8175 = ORIENTED_EDGE ( 'NONE', *, *, #2468, .T. ) ;
#8176 = DIRECTION ( 'NONE',  ( 0.000000000000000000, 1.000000000000000000, 3.097720492815727166E-16 ) ) ;
#8177 = ORIENTED_EDGE ( 'NONE', *, *, #94, .F. ) ;
#8178 = VERTEX_POINT ( 'NONE', #4363 ) ;
#8179 = ADVANCED_FACE ( 'NONE', ( #7585 ), #7877, .F. ) ;
#8180 = LINE ( 'NONE', #9772, #6800 ) ;
#8181 = AXIS2_PLACEMENT_3D ( 'NONE', #5738, #8933, #5788 ) ;
#8182 = CARTESIAN_POINT ( 'NONE',  ( -3.249999999999968026, 0.6000000000000000888, 4.999999999999958256 ) ) ;
#8183 = ORIENTED_EDGE ( 'NONE', *, *, #2689, .T. ) ;
#8184 = DIRECTION ( 'NONE',  ( 0.000000000000000000, 1.224646799147353454E-16, -1.000000000000000000 ) ) ;
#8185 = LINE ( 'NONE', #1059, #1791 ) ;
#8186 = ORIENTED_EDGE ( 'NONE', *, *, #7391, .F. ) ;
#8187 = EDGE_CURVE ( 'NONE', #277, #3752, #2292, .T. ) ;
#8188 = ORIENTED_EDGE ( 'NONE', *, *, #8098, .F. ) ;
#8189 = ORIENTED_EDGE ( 'NONE', *, *, #6371, .F. ) ;
#8190 = AXIS2_PLACEMENT_3D ( 'NONE', #4406, #3447, #5867 ) ;
#8191 = VERTEX_POINT ( 'NONE', #7535 ) ;
#8192 = VECTOR ( 'NONE', #867, 1000.000000000000000 ) ;
#8193 = CARTESIAN_POINT ( 'NONE',  ( 6.000000000000000000, 5.700000000000000178, 2.999999999999999112 ) ) ;
#8194 = DIRECTION ( 'NONE',  ( 0.000000000000000000, -0.000000000000000000, -1.000000000000000000 ) ) ;
#8195 = CARTESIAN_POINT ( 'NONE',  ( -4.800000000000000711, 5.500000000000001776, -1.499999999999998224 ) ) ;
#8196 = CARTESIAN_POINT ( 'NONE',  ( -1.249999999999999334, 2.259191070279860103, -2.300000000000000266 ) ) ;
#8197 = ORIENTED_EDGE ( 'NONE', *, *, #5747, .T. ) ;
#8198 = LINE ( 'NONE', #1070, #5986 ) ;
#8199 = LINE ( 'NONE', #5092, #8651 ) ;
#8200 = ORIENTED_EDGE ( 'NONE', *, *, #7086, .F. ) ;
#8201 = LINE ( 'NONE', #6016, #5234 ) ;
#8202 = ORIENTED_EDGE ( 'NONE', *, *, #2501, .T. ) ;
#8203 = LINE ( 'NONE', #1074, #1874 ) ;
#8204 = FACE_OUTER_BOUND ( 'NONE', #8135, .T. ) ;
#8205 = DIRECTION ( 'NONE',  ( -0.000000000000000000, 0.3713906763541029443, -0.9284766908852596368 ) ) ;
#8206 = AXIS2_PLACEMENT_3D ( 'NONE', #7873, #7083, #8446 ) ;
#8207 = CARTESIAN_POINT ( 'NONE',  ( 5.055000000000001492, 0.000000000000000000, -3.599999999999998312 ) ) ;
#8208 = DIRECTION ( 'NONE',  ( -3.336006684570783101E-16, 0.000000000000000000, 1.000000000000000000 ) ) ;
#8209 = EDGE_CURVE ( 'NONE', #1069, #1529, #10009, .T. ) ;
#8210 = ADVANCED_FACE ( 'NONE', ( #3064 ), #1225, .F. ) ;
#8211 = ORIENTED_EDGE ( 'NONE', *, *, #2867, .T. ) ;
#8212 = LINE ( 'NONE', #8260, #6344 ) ;
#8213 = VERTEX_POINT ( 'NONE', #8409 ) ;
#8214 = CARTESIAN_POINT ( 'NONE',  ( -4.600000000000001421, 5.700000000000000178, 3.500000000000001332 ) ) ;
#8215 = ADVANCED_FACE ( 'NONE', ( #4707 ), #8655, .F. ) ;
#8216 = DIRECTION ( 'NONE',  ( 5.421010862427521184E-16, 1.591489427501658143E-16, -1.000000000000000000 ) ) ;
#8217 = CARTESIAN_POINT ( 'NONE',  ( 1.250000000000032419, 0.000000000000000000, 4.800000000000000711 ) ) ;
#8218 = DIRECTION ( 'NONE',  ( -2.224004456380521903E-16, 1.000000000000000000, 0.000000000000000000 ) ) ;
#8219 = CARTESIAN_POINT ( 'NONE',  ( 3.049999999999998046, 2.750000000000001332, -3.200000000000000178 ) ) ;
#8220 = DIRECTION ( 'NONE',  ( 0.000000000000000000, 9.856383386231857595E-17, -1.000000000000000000 ) ) ;
#8221 = LINE ( 'NONE', #6626, #3994 ) ;
#8222 = ORIENTED_EDGE ( 'NONE', *, *, #8239, .T. ) ;
#8223 = DIRECTION ( 'NONE',  ( 1.000000000000000000, 0.000000000000000000, -1.463502621998718671E-15 ) ) ;
#8224 = ORIENTED_EDGE ( 'NONE', *, *, #5963, .T. ) ;
#8225 = EDGE_CURVE ( 'NONE', #1525, #4938, #7638, .T. ) ;
#8226 = DIRECTION ( 'NONE',  ( 0.000000000000000000, 0.000000000000000000, -1.000000000000000000 ) ) ;
#8227 = ADVANCED_FACE ( 'NONE', ( #5499 ), #1519, .T. ) ;
#8228 = ORIENTED_EDGE ( 'NONE', *, *, #5383, .F. ) ;
#8229 = EDGE_CURVE ( 'NONE', #546, #9981, #8305, .T. ) ;
#8230 = DIRECTION ( 'NONE',  ( 0.000000000000000000, 0.000000000000000000, 1.000000000000000000 ) ) ;
#8231 =( GEOMETRIC_REPRESENTATION_CONTEXT ( 3 ) GLOBAL_UNCERTAINTY_ASSIGNED_CONTEXT ( ( #9308 ) ) GLOBAL_UNIT_ASSIGNED_CONTEXT ( ( #3285, #350, #7369 ) ) REPRESENTATION_CONTEXT ( 'NONE', 'WORKASPACE' ) );
#8232 = CARTESIAN_POINT ( 'NONE',  ( -3.764267565201869559, 0.3499999999999999778, -5.000000000000000000 ) ) ;
#8233 = DIRECTION ( 'NONE',  ( 0.000000000000000000, 0.000000000000000000, 1.000000000000000000 ) ) ;
#8234 = ORIENTED_EDGE ( 'NONE', *, *, #9790, .F. ) ;
#8235 = CARTESIAN_POINT ( 'NONE',  ( 4.800000000000000711, 5.064999999999999503, 2.250000000000000444 ) ) ;
#8236 = ORIENTED_EDGE ( 'NONE', *, *, #4012, .T. ) ;
#8237 = ORIENTED_EDGE ( 'NONE', *, *, #5437, .F. ) ;
#8238 = VECTOR ( 'NONE', #9774, 1000.000000000000227 ) ;
#8239 = EDGE_CURVE ( 'NONE', #7871, #8945, #1951, .T. ) ;
#8240 = EDGE_CURVE ( 'NONE', #2345, #8888, #5150, .T. ) ;
#8241 = ORIENTED_EDGE ( 'NONE', *, *, #2594, .T. ) ;
#8242 = ORIENTED_EDGE ( 'NONE', *, *, #3387, .F. ) ;
#8243 = DIRECTION ( 'NONE',  ( 1.000000000000000000, 0.000000000000000000, -0.000000000000000000 ) ) ;
#8244 = CARTESIAN_POINT ( 'NONE',  ( -2.749999999999967581, 0.000000000000000000, 4.800000000000000711 ) ) ;
#8245 = DIRECTION ( 'NONE',  ( -0.3236155771181821184, -0.3236155771181821184, 0.8891264907159901476 ) ) ;
#8246 = AXIS2_PLACEMENT_3D ( 'NONE', #2983, #2065, #6865 ) ;
#8247 = CARTESIAN_POINT ( 'NONE',  ( 5.305000000000000604, 4.050000000000000711, -3.000000000000000000 ) ) ;
#8248 = ORIENTED_EDGE ( 'NONE', *, *, #602, .F. ) ;
#8249 = DIRECTION ( 'NONE',  ( 0.000000000000000000, -0.3713906763541028888, 0.9284766908852596368 ) ) ;
#8250 = PLANE ( 'NONE',  #6335 ) ;
#8251 = ORIENTED_EDGE ( 'NONE', *, *, #1604, .T. ) ;
#8252 = AXIS2_PLACEMENT_3D ( 'NONE', #716, #1534, #4874 ) ;
#8253 = ORIENTED_EDGE ( 'NONE', *, *, #8866, .F. ) ;
#8254 = PLANE ( 'NONE',  #9175 ) ;
#8255 = LINE ( 'NONE', #1744, #191 ) ;
#8256 = CARTESIAN_POINT ( 'NONE',  ( 6.000000000000000000, 1.800000000000000266, -3.200000000000000178 ) ) ;
#8257 = LINE ( 'NONE', #1127, #7973 ) ;
#8258 = ORIENTED_EDGE ( 'NONE', *, *, #212, .T. ) ;
#8259 = AXIS2_PLACEMENT_3D ( 'NONE', #5298, #5247, #2150 ) ;
#8260 = CARTESIAN_POINT ( 'NONE',  ( -4.350000000000001421, 2.350000000000000089, -3.599999999999999645 ) ) ;
#8261 = ORIENTED_EDGE ( 'NONE', *, *, #413, .T. ) ;
#8262 = DIRECTION ( 'NONE',  ( 1.000000000000000000, -0.000000000000000000, -0.000000000000000000 ) ) ;
#8263 = EDGE_CURVE ( 'NONE', #2548, #4574, #7481, .T. ) ;
#8264 = CARTESIAN_POINT ( 'NONE',  ( -4.899999999999999467, 1.799999999999999600, 1.100000000000000755 ) ) ;
#8265 = ADVANCED_FACE ( 'NONE', ( #4413 ), #5256, .T. ) ;
#8266 = CARTESIAN_POINT ( 'NONE',  ( -4.800000000000000711, 4.700000000000000178, 0.1000000000000000472 ) ) ;
#8267 = DIRECTION ( 'NONE',  ( 0.000000000000000000, -0.000000000000000000, -1.000000000000000000 ) ) ;
#8268 = PLANE ( 'NONE',  #1763 ) ;
#8269 = CARTESIAN_POINT ( 'NONE',  ( 4.800000000000000711, 5.470710678118654968, 1.647132034355962338 ) ) ;
#8270 = CARTESIAN_POINT ( 'NONE',  ( 2.100000000000000089, 4.400000000000000355, -3.049999999999999378 ) ) ;
#8271 = ORIENTED_EDGE ( 'NONE', *, *, #2222, .F. ) ;
#8272 = DIRECTION ( 'NONE',  ( -6.195440985631441512E-16, -1.000000000000000000, 0.000000000000000000 ) ) ;
#8273 = ORIENTED_EDGE ( 'NONE', *, *, #656, .F. ) ;
#8274 = DIRECTION ( 'NONE',  ( -0.4226182617407026609, 0.000000000000000000, 0.9063077870366483824 ) ) ;
#8275 = ORIENTED_EDGE ( 'NONE', *, *, #7017, .F. ) ;
#8276 = ADVANCED_FACE ( 'NONE', ( #2104 ), #5309, .F. ) ;
#8277 = CLOSED_SHELL ( 'NONE', ( #6209, #7277, #5689, #4719, #2185, #4939, #978, #8543 ) ) ;
#8278 = DIRECTION ( 'NONE',  ( -1.000000000000000000, -0.000000000000000000, -0.000000000000000000 ) ) ;
#8279 = DIRECTION ( 'NONE',  ( -0.2359856711608181168, -0.8807105146304249343, 0.4106820575897980885 ) ) ;
#8280 = ORIENTED_EDGE ( 'NONE', *, *, #5133, .T. ) ;
#8281 = CARTESIAN_POINT ( 'NONE',  ( 3.537690618442709045, 0.3499999999999996447, -4.855654565435175485 ) ) ;
#8282 = VECTOR ( 'NONE', #4428, 1000.000000000000000 ) ;
#8283 = DIRECTION ( 'NONE',  ( -1.000000000000000000, -0.000000000000000000, -0.000000000000000000 ) ) ;
#8284 = ORIENTED_EDGE ( 'NONE', *, *, #9340, .T. ) ;
#8285 = ORIENTED_EDGE ( 'NONE', *, *, #862, .F. ) ;
#8286 = CIRCLE ( 'NONE', #650, 0.09999999999999993616 ) ;
#8287 = VECTOR ( 'NONE', #3196, 1000.000000000000000 ) ;
#8288 = VERTEX_POINT ( 'NONE', #8893 ) ;
#8289 = ORIENTED_EDGE ( 'NONE', *, *, #9902, .F. ) ;
#8290 = LINE ( 'NONE', #2869, #6638 ) ;
#8291 = CARTESIAN_POINT ( 'NONE',  ( -5.799999999999999822, 3.400000000000000355, 1.999999999999999556 ) ) ;
#8292 = DIRECTION ( 'NONE',  ( 0.000000000000000000, 0.000000000000000000, -1.000000000000000000 ) ) ;
#8293 = AXIS2_PLACEMENT_3D ( 'NONE', #6059, #3052, #4442 ) ;
#8294 = CARTESIAN_POINT ( 'NONE',  ( 1.216666666666663676, 3.483333333333333393, -2.833333333333336590 ) ) ;
#8295 = EDGE_CURVE ( 'NONE', #9562, #7056, #7089, .T. ) ;
#8296 = ORIENTED_EDGE ( 'NONE', *, *, #7845, .T. ) ;
#8297 = DIRECTION ( 'NONE',  ( -1.000000000000000000, -0.000000000000000000, -0.000000000000000000 ) ) ;
#8298 = EDGE_CURVE ( 'NONE', #3999, #7105, #1668, .T. ) ;
#8299 = CARTESIAN_POINT ( 'NONE',  ( 1.250000000000032419, 0.2000000000000000111, 2.400000000000000355 ) ) ;
#8300 = ORIENTED_EDGE ( 'NONE', *, *, #9464, .F. ) ;
#8301 = CIRCLE ( 'NONE', #671, 0.3999999999999997446 ) ;
#8302 = MECHANICAL_DESIGN_GEOMETRIC_PRESENTATION_REPRESENTATION (  '', ( #1320 ), #2634 ) ;
#8303 = ORIENTED_EDGE ( 'NONE', *, *, #7069, .T. ) ;
#8304 = AXIS2_PLACEMENT_3D ( 'NONE', #7284, #8216, #5786 ) ;
#8305 = LINE ( 'NONE', #5922, #9183 ) ;
#8306 = CARTESIAN_POINT ( 'NONE',  ( -4.350000000000001421, 2.750000000000001332, -3.200000000000000178 ) ) ;
#8307 = DIRECTION ( 'NONE',  ( 0.000000000000000000, -1.000000000000000000, 0.000000000000000000 ) ) ;
#8308 = CARTESIAN_POINT ( 'NONE',  ( 0.000000000000000000, 0.000000000000000000, 0.000000000000000000 ) ) ;
#8309 =( LENGTH_UNIT ( ) NAMED_UNIT ( * ) SI_UNIT ( .MILLI., .METRE. ) );
#8310 = CARTESIAN_POINT ( 'NONE',  ( 0.6250000000000001110, 5.000000000000000000, -0.2500000000000002220 ) ) ;
#8311 = AXIS2_PLACEMENT_3D ( 'NONE', #1831, #2802, #5079 ) ;
#8312 = ORIENTED_EDGE ( 'NONE', *, *, #150, .F. ) ;
#8313 = DIRECTION ( 'NONE',  ( 0.000000000000000000, -1.000000000000000000, 0.000000000000000000 ) ) ;
#8314 = DIRECTION ( 'NONE',  ( 1.000000000000000000, -0.000000000000000000, -5.560011140951304758E-17 ) ) ;
#8315 = EDGE_CURVE ( 'NONE', #4152, #9822, #3116, .T. ) ;
#8316 = VECTOR ( 'NONE', #6349, 1000.000000000000000 ) ;
#8317 = CARTESIAN_POINT ( 'NONE',  ( -4.800000000000000711, 5.500000000000001776, 1.282157287525380163 ) ) ;
#8318 = VECTOR ( 'NONE', #9611, 1000.000000000000000 ) ;
#8319 = CARTESIAN_POINT ( 'NONE',  ( -4.800000000000002487, 5.500000000000001776, -1.699999999999998179 ) ) ;
#8320 = FACE_OUTER_BOUND ( 'NONE', #8859, .T. ) ;
#8321 = CARTESIAN_POINT ( 'NONE',  ( 5.200000000000001066, 5.500000000000000000, 3.899999999999999467 ) ) ;
#8322 = DIRECTION ( 'NONE',  ( 6.195440985631441512E-16, -1.000000000000000000, 0.000000000000000000 ) ) ;
#8323 = CARTESIAN_POINT ( 'NONE',  ( -3.249999999999968026, 0.6000000000000000888, 2.399999999999958167 ) ) ;
#8324 = CARTESIAN_POINT ( 'NONE',  ( 3.777030276597253877, 0.1349081991615666831, -4.929882945992151377 ) ) ;
#8325 = AXIS2_PLACEMENT_3D ( 'NONE', #9806, #980, #9700 ) ;
#8326 = ADVANCED_FACE ( 'NONE', ( #6320 ), #748, .F. ) ;
#8327 = ORIENTED_EDGE ( 'NONE', *, *, #8660, .F. ) ;
#8328 = LINE ( 'NONE', #8382, #1391 ) ;
#8329 = EDGE_LOOP ( 'NONE', ( #4086, #4195, #2195, #6426, #7831, #1617, #9060 ) ) ;
#8330 = ORIENTED_EDGE ( 'NONE', *, *, #6756, .F. ) ;
#8331 = ORIENTED_EDGE ( 'NONE', *, *, #6340, .F. ) ;
#8332 = LINE ( 'NONE', #6781, #9001 ) ;
#8333 = MANIFOLD_SOLID_BREP ( 'LPattern1[6]', #7653 ) ;
#8334 = CARTESIAN_POINT ( 'NONE',  ( 2.750000000000031974, 0.2000000000000000111, 3.899999999999999911 ) ) ;
#8335 = CARTESIAN_POINT ( 'NONE',  ( -5.200000000000001066, 2.575000000000000178, 3.899999999999999911 ) ) ;
#8336 = ORIENTED_EDGE ( 'NONE', *, *, #6028, .T. ) ;
#8337 = FACE_OUTER_BOUND ( 'NONE', #6141, .T. ) ;
#8338 = EDGE_CURVE ( 'NONE', #1830, #8120, #5229, .T. ) ;
#8339 = CARTESIAN_POINT ( 'NONE',  ( 3.185323107660497310, 8.000000000000000000, -4.100000000000003197 ) ) ;
#8340 = EDGE_CURVE ( 'NONE', #2758, #4819, #6056, .T. ) ;
#8341 = EDGE_LOOP ( 'NONE', ( #8980, #3978, #6015, #4788, #5559, #4331, #6542, #3694, #2229, #5641, #3519, #5899, #6030, #4449, #6516, #6532, #3453, #3771 ) ) ;
#8342 = ORIENTED_EDGE ( 'NONE', *, *, #5193, .F. ) ;
#8343 = EDGE_CURVE ( 'NONE', #3441, #383, #7924, .T. ) ;
#8344 = ORIENTED_EDGE ( 'NONE', *, *, #2196, .F. ) ;
#8345 = ADVANCED_FACE ( 'NONE', ( #9517 ), #9619, .T. ) ;
#8346 = EDGE_LOOP ( 'NONE', ( #4020, #9614, #1906, #1464, #9869, #7411 ) ) ;
#8347 = VECTOR ( 'NONE', #218, 1000.000000000000000 ) ;
#8348 = CARTESIAN_POINT ( 'NONE',  ( 1.000000000000000000, 4.400000000000000355, -3.049999999999999378 ) ) ;
#8349 = LINE ( 'NONE', #8400, #7922 ) ;
#8350 = LINE ( 'NONE', #4353, #5550 ) ;
#8351 = CARTESIAN_POINT ( 'NONE',  ( -2.749999999999967581, 0.2000000000000000111, 5.000000000000000888 ) ) ;
#8352 = ORIENTED_EDGE ( 'NONE', *, *, #2255, .F. ) ;
#8353 = CARTESIAN_POINT ( 'NONE',  ( 2.850000000000000089, 5.699999999999999289, 2.250000000000000000 ) ) ;
#8354 = CARTESIAN_POINT ( 'NONE',  ( -2.000000000000000000, 0.000000000000000000, 0.000000000000000000 ) ) ;
#8355 = ORIENTED_EDGE ( 'NONE', *, *, #634, .T. ) ;
#8356 = VECTOR ( 'NONE', #9907, 1000.000000000000000 ) ;
#8357 = EDGE_CURVE ( 'NONE', #2112, #5177, #10240, .T. ) ;
#8358 = AXIS2_PLACEMENT_3D ( 'NONE', #9538, #3888, #3243 ) ;
#8359 = ORIENTED_EDGE ( 'NONE', *, *, #5493, .F. ) ;
#8360 = ADVANCED_FACE ( 'NONE', ( #8748 ), #6421, .F. ) ;
#8361 = CARTESIAN_POINT ( 'NONE',  ( 5.304999999999997939, 0.4000000000000000777, -4.749999999999998224 ) ) ;
#8362 = DIRECTION ( 'NONE',  ( 0.000000000000000000, -1.591489427501657896E-16, 1.000000000000000000 ) ) ;
#8363 = CARTESIAN_POINT ( 'NONE',  ( 4.599999999999997868, 5.700000000000000178, 3.000000000000002665 ) ) ;
#8364 = LINE ( 'NONE', #2774, #1949 ) ;
#8365 = CARTESIAN_POINT ( 'NONE',  ( 1.000000000000000000, 4.400000000000000355, 0.7999999999999994893 ) ) ;
#8366 = AXIS2_PLACEMENT_3D ( 'NONE', #5248, #9889, #7417 ) ;
#8367 = LINE ( 'NONE', #8015, #2738 ) ;
#8368 = AXIS2_PLACEMENT_3D ( 'NONE', #9223, #6707, #9850 ) ;
#8369 = ORIENTED_EDGE ( 'NONE', *, *, #5235, .F. ) ;
#8370 = DIRECTION ( 'NONE',  ( 0.000000000000000000, -1.334402673828314029E-15, 1.000000000000000000 ) ) ;
#8371 = DIRECTION ( 'NONE',  ( 0.000000000000000000, -1.000000000000000000, 0.000000000000000000 ) ) ;
#8372 = ADVANCED_FACE ( 'NONE', ( #5648 ), #8798, .T. ) ;
#8374 = VECTOR ( 'NONE', #2407, 1000.000000000000000 ) ;
#8373 = LINE ( 'NONE', #6768, #2695 ) ;
#8375 = DIRECTION ( 'NONE',  ( 0.000000000000000000, -0.000000000000000000, -1.000000000000000000 ) ) ;
#8376 = CARTESIAN_POINT ( 'NONE',  ( 5.305000000000000604, 1.800000000000000044, -1.699999999999999734 ) ) ;
#8377 = DIRECTION ( 'NONE',  ( -1.000000000000000000, -0.000000000000000000, -0.000000000000000000 ) ) ;
#8378 = DIRECTION ( 'NONE',  ( 0.000000000000000000, -0.7071067811865535679, -0.7071067811865414665 ) ) ;
#8379 = CARTESIAN_POINT ( 'NONE',  ( -3.604999999999994209, 0.3499999999999998668, -5.000000000000001776 ) ) ;
#8380 = LINE ( 'NONE', #2123, #8152 ) ;
#8381 = VERTEX_POINT ( 'NONE', #4120 ) ;
#8382 = CARTESIAN_POINT ( 'NONE',  ( -4.900000000000000355, 0.4000000000000000222, -1.700000000000000178 ) ) ;
#8383 = VERTEX_POINT ( 'NONE', #7299 ) ;
#8384 = ORIENTED_EDGE ( 'NONE', *, *, #5195, .F. ) ;
#8385 = FACE_OUTER_BOUND ( 'NONE', #312, .T. ) ;
#8386 = CARTESIAN_POINT ( 'NONE',  ( -6.000000000000000000, 4.700000000000000178, 0.1000000000000000472 ) ) ;
#8387 = PLANE ( 'NONE',  #6251 ) ;
#8388 = ORIENTED_EDGE ( 'NONE', *, *, #7323, .F. ) ;
#8389 = DIRECTION ( 'NONE',  ( -0.000000000000000000, -0.000000000000000000, -1.000000000000000000 ) ) ;
#8390 = FACE_OUTER_BOUND ( 'NONE', #5590, .T. ) ;
#8391 = EDGE_LOOP ( 'NONE', ( #4595, #2390, #8696, #354, #6712, #8251, #8224, #10085, #215, #3358, #9975, #6857, #440, #8202, #339, #5119, #4839, #8175, #6952, #38, #9529, #2591, #9533, #799, #7765, #5909, #860 ) ) ;
#8392 = DIRECTION ( 'NONE',  ( 0.000000000000000000, 0.000000000000000000, 1.000000000000000000 ) ) ;
#8393 = EDGE_LOOP ( 'NONE', ( #2207, #8957, #6764, #7096 ) ) ;
#8394 = ORIENTED_EDGE ( 'NONE', *, *, #1276, .T. ) ;
#8395 = VECTOR ( 'NONE', #4825, 1000.000000000000000 ) ;
#8396 = ORIENTED_EDGE ( 'NONE', *, *, #1299, .F. ) ;
#8397 = EDGE_CURVE ( 'NONE', #5554, #5187, #8332, .T. ) ;
#8398 = EDGE_CURVE ( 'NONE', #8868, #8819, #8019, .T. ) ;
#8399 = CARTESIAN_POINT ( 'NONE',  ( 1.250000000000001110, 2.149999999999999467, -2.300000000000000266 ) ) ;
#8400 = CARTESIAN_POINT ( 'NONE',  ( 0.7500000000000318634, 0.2000000000000000111, 2.399999999999986144 ) ) ;
#8401 = CARTESIAN_POINT ( 'NONE',  ( 4.004999999999999893, 5.064999999999999503, 2.249999999999999112 ) ) ;
#8402 = SURFACE_STYLE_USAGE ( .BOTH. , #9169 ) ;
#8403 = ORIENTED_EDGE ( 'NONE', *, *, #3638, .T. ) ;
#8404 = LINE ( 'NONE', #7578, #503 ) ;
#8405 = CARTESIAN_POINT ( 'NONE',  ( -0.7499999999999988898, 2.649999999999999911, -1.999999999999997335 ) ) ;
#8406 = ORIENTED_EDGE ( 'NONE', *, *, #4403, .T. ) ;
#8407 = MANIFOLD_SOLID_BREP ( 'Housing', #3740 ) ;
#8408 = ORIENTED_EDGE ( 'NONE', *, *, #7544, .F. ) ;
#8409 = CARTESIAN_POINT ( 'NONE',  ( -2.749999999999967581, 0.2000000000000000111, 2.400000000000000355 ) ) ;
#8410 = VECTOR ( 'NONE', #7107, 1000.000000000000000 ) ;
#8411 = CARTESIAN_POINT ( 'NONE',  ( 5.200000000000001066, 5.394289321881344357, 0.6792893218813451650 ) ) ;
#8412 = CARTESIAN_POINT ( 'NONE',  ( -3.616666666666663588, 4.216666666666658791, -2.466666666666664121 ) ) ;
#8413 = EDGE_CURVE ( 'NONE', #2301, #1459, #2031, .T. ) ;
#8414 = CARTESIAN_POINT ( 'NONE',  ( 0.4966738879314770427, 0.3999999999999996336, 1.399999999999999689 ) ) ;
#8415 = LINE ( 'NONE', #4368, #8136 ) ;
#8416 = EDGE_CURVE ( 'NONE', #3773, #2181, #5074, .T. ) ;
#8417 = CARTESIAN_POINT ( 'NONE',  ( 5.200000000000001066, 5.470710678118654968, 1.647132034355962338 ) ) ;
#8418 = VERTEX_POINT ( 'NONE', #1825 ) ;
#8419 = CARTESIAN_POINT ( 'NONE',  ( -4.800000000000000711, 5.400000000000001243, 1.717842712474618283 ) ) ;
#8420 = FACE_OUTER_BOUND ( 'NONE', #2857, .T. ) ;
#8421 = CIRCLE ( 'NONE', #1934, 0.3499999999999996447 ) ;
#8422 = DIRECTION ( 'NONE',  ( 1.000000000000000000, 0.000000000000000000, 0.000000000000000000 ) ) ;
#8423 = DIRECTION ( 'NONE',  ( 0.000000000000000000, 0.000000000000000000, 1.000000000000000000 ) ) ;
#8424 = DIRECTION ( 'NONE',  ( 0.000000000000000000, -1.000000000000000000, 0.000000000000000000 ) ) ;
#8425 = AXIS2_PLACEMENT_3D ( 'NONE', #6411, #9607, #3257 ) ;
#8426 = PLANE ( 'NONE',  #2449 ) ;
#8427 = CARTESIAN_POINT ( 'NONE',  ( -5.200000000000001066, 5.425000000000000711, 3.000000000000000444 ) ) ;
#8428 = DIRECTION ( 'NONE',  ( 0.3131456130149757322, -0.6715429342378174127, -0.6715429342378174127 ) ) ;
#8429 = EDGE_CURVE ( 'NONE', #2045, #1110, #4335, .T. ) ;
#8430 = LINE ( 'NONE', #2178, #4835 ) ;
#8431 = ADVANCED_FACE ( 'NONE', ( #3431 ), #4174, .F. ) ;
#8432 = ORIENTED_EDGE ( 'NONE', *, *, #4775, .F. ) ;
#8433 = CARTESIAN_POINT ( 'NONE',  ( -1.249999999999999334, 2.649999999999999911, 0.7999999999999994893 ) ) ;
#8434 = ORIENTED_EDGE ( 'NONE', *, *, #7738, .T. ) ;
#8435 = VECTOR ( 'NONE', #10070, 1000.000000000000000 ) ;
#8436 = ORIENTED_EDGE ( 'NONE', *, *, #5617, .F. ) ;
#8437 = CARTESIAN_POINT ( 'NONE',  ( 5.055000000000000604, -2.255251100194115558E-18, -4.650000000000000355 ) ) ;
#8438 = MANIFOLD_SOLID_BREP ( 'LPattern1[1]', #4491 ) ;
#8439 = FACE_OUTER_BOUND ( 'NONE', #9558, .T. ) ;
#8440 = VECTOR ( 'NONE', #6087, 1000.000000000000000 ) ;
#8441 = LINE ( 'NONE', #6060, #7581 ) ;
#8442 = VERTEX_POINT ( 'NONE', #330 ) ;
#8443 = DIRECTION ( 'NONE',  ( 0.000000000000000000, 1.000000000000000000, 0.000000000000000000 ) ) ;
#8444 = DIRECTION ( 'NONE',  ( 0.000000000000000000, -1.000000000000000000, 3.372884145477667245E-15 ) ) ;
#8445 = ORIENTED_EDGE ( 'NONE', *, *, #6931, .T. ) ;
#8446 = DIRECTION ( 'NONE',  ( 0.000000000000000000, 0.000000000000000000, 1.000000000000000000 ) ) ;
#8447 = ORIENTED_EDGE ( 'NONE', *, *, #7786, .F. ) ;
#8448 = EDGE_CURVE ( 'NONE', #7934, #6602, #5951, .T. ) ;
#8449 = VERTEX_POINT ( 'NONE', #1981 ) ;
#8450 = ORIENTED_EDGE ( 'NONE', *, *, #618, .T. ) ;
#8451 = AXIS2_PLACEMENT_3D ( 'NONE', #9929, #6014, #6165 ) ;
#8452 = LINE ( 'NONE', #7736, #5644 ) ;
#8453 = LINE ( 'NONE', #8505, #5618 ) ;
#8454 = AXIS2_PLACEMENT_3D ( 'NONE', #2816, #2149, #1370 ) ;
#8455 = FACE_OUTER_BOUND ( 'NONE', #542, .T. ) ;
#8456 = FACE_OUTER_BOUND ( 'NONE', #2696, .T. ) ;
#8457 = VERTEX_POINT ( 'NONE', #7560 ) ;
#8458 = LINE ( 'NONE', #6128, #822 ) ;
#8459 = DIRECTION ( 'NONE',  ( 0.4226182617407014952, 0.000000000000000000, -0.9063077870366491595 ) ) ;
#8460 = VECTOR ( 'NONE', #6010, 1000.000000000000000 ) ;
#8461 = EDGE_LOOP ( 'NONE', ( #803, #5900, #2674, #8327 ) ) ;
#8462 = VERTEX_POINT ( 'NONE', #3593 ) ;
#8463 = EDGE_CURVE ( 'NONE', #4185, #1787, #1302, .T. ) ;
#8464 = VERTEX_POINT ( 'NONE', #5387 ) ;
#8465 = CARTESIAN_POINT ( 'NONE',  ( 6.000000000000000000, 1.999896230895142013, -5.000000000000000000 ) ) ;
#8466 = AXIS2_PLACEMENT_3D ( 'NONE', #3158, #118, #2332 ) ;
#8467 = CARTESIAN_POINT ( 'NONE',  ( 0.7000000000000000666, 4.400000000000000355, 2.250000000000000000 ) ) ;
#8468 = CARTESIAN_POINT ( 'NONE',  ( -1.999999999999998224, 0.4000000000000001887, -3.599999999999999645 ) ) ;
#8469 = ORIENTED_EDGE ( 'NONE', *, *, #6711, .T. ) ;
#8470 = CARTESIAN_POINT ( 'NONE',  ( -4.800000000000000711, 4.864999999999999325, 2.925000000000000266 ) ) ;
#8471 = ORIENTED_EDGE ( 'NONE', *, *, #7502, .T. ) ;
#8472 = CARTESIAN_POINT ( 'NONE',  ( -2.399999999999999467, 5.700000000000003730, 2.250000000000000000 ) ) ;
#8473 = VECTOR ( 'NONE', #5302, 1000.000000000000000 ) ;
#8474 = EDGE_CURVE ( 'NONE', #810, #1626, #9360, .T. ) ;
#8475 = DIRECTION ( 'NONE',  ( 1.000000000000000000, 0.000000000000000000, 0.000000000000000000 ) ) ;
#8476 = VECTOR ( 'NONE', #7645, 1000.000000000000000 ) ;
#8477 = PLANE ( 'NONE',  #8528 ) ;
#8478 = PLANE ( 'NONE',  #4495 ) ;
#8479 = EDGE_CURVE ( 'NONE', #1207, #194, #9307, .T. ) ;
#8480 = CARTESIAN_POINT ( 'NONE',  ( 2.750000000000031974, 0.000000000000000000, 2.400000000000000355 ) ) ;
#8481 = AXIS2_PLACEMENT_3D ( 'NONE', #2592, #5907, #3549 ) ;
#8482 = CARTESIAN_POINT ( 'NONE',  ( 3.200000000000000622, 4.800000000000001599, 0.7999999999999994893 ) ) ;
#8483 = PLANE ( 'NONE',  #2759 ) ;
#8484 = CARTESIAN_POINT ( 'NONE',  ( -3.782392196155579089, -2.294229646367667102E-08, -4.721550028201422222 ) ) ;
#8485 = DIRECTION ( 'NONE',  ( 0.000000000000000000, 0.000000000000000000, 1.000000000000000000 ) ) ;
#8486 = ORIENTED_EDGE ( 'NONE', *, *, #2427, .F. ) ;
#8487 = DIRECTION ( 'NONE',  ( 0.000000000000000000, 0.000000000000000000, -1.000000000000000000 ) ) ;
#8488 = ORIENTED_EDGE ( 'NONE', *, *, #6043, .F. ) ;
#8489 = ORIENTED_EDGE ( 'NONE', *, *, #4862, .T. ) ;
#8490 = SURFACE_SIDE_STYLE ('',( #591 ) ) ;
#8491 = EDGE_CURVE ( 'NONE', #9322, #7479, #539, .T. ) ;
#8492 = CARTESIAN_POINT ( 'NONE',  ( 5.200000000000001066, 5.500000000000000888, 3.725000000000000533 ) ) ;
#8493 = CIRCLE ( 'NONE', #200, 0.07499999999999998335 ) ;
#8494 = CARTESIAN_POINT ( 'NONE',  ( -0.6249999999999998890, 4.700000000000000178, 3.029337753865624005E-17 ) ) ;
#8495 = VERTEX_POINT ( 'NONE', #8437 ) ;
#8496 =( LENGTH_UNIT ( ) NAMED_UNIT ( * ) SI_UNIT ( .MILLI., .METRE. ) );
#8497 = CARTESIAN_POINT ( 'NONE',  ( 5.200000000000001066, 4.864999999999999325, 2.925000000000000266 ) ) ;
#8498 = ORIENTED_EDGE ( 'NONE', *, *, #2279, .T. ) ;
#8499 = DIRECTION ( 'NONE',  ( 0.000000000000000000, 0.000000000000000000, 1.000000000000000000 ) ) ;
#8500 = VERTEX_POINT ( 'NONE', #8537 ) ;
#8501 = ORIENTED_EDGE ( 'NONE', *, *, #9681, .F. ) ;
#8502 = ORIENTED_EDGE ( 'NONE', *, *, #6882, .F. ) ;
#8503 = EDGE_CURVE ( 'NONE', #2282, #8753, #1452, .T. ) ;
#8504 = PLANE ( 'NONE',  #8935 ) ;
#8505 = CARTESIAN_POINT ( 'NONE',  ( 3.200000000000000622, 3.699999999999998845, -3.049999999999999378 ) ) ;
#8506 = CARTESIAN_POINT ( 'NONE',  ( -1.249999999999968248, 0.6000000000000000888, 3.899999999999999911 ) ) ;
#8507 = DIRECTION ( 'NONE',  ( -1.000000000000000000, -0.000000000000000000, -0.000000000000000000 ) ) ;
#8508 = ORIENTED_EDGE ( 'NONE', *, *, #2689, .F. ) ;
#8509 = PLANE ( 'NONE',  #7807 ) ;
#8510 = DIRECTION ( 'NONE',  ( 1.000000000000000000, -0.000000000000000000, -0.000000000000000000 ) ) ;
#8511 = ORIENTED_EDGE ( 'NONE', *, *, #529, .F. ) ;
#8512 = VERTEX_POINT ( 'NONE', #4596 ) ;
#8513 = VERTEX_POINT ( 'NONE', #3698 ) ;
#8514 = LINE ( 'NONE', #5980, #5315 ) ;
#8515 = CARTESIAN_POINT ( 'NONE',  ( 5.200000000000001066, 5.425000000000000711, 2.049999999999999822 ) ) ;
#8516 = LINE ( 'NONE', #1384, #469 ) ;
#8517 = ORIENTED_EDGE ( 'NONE', *, *, #26, .F. ) ;
#8518 = CARTESIAN_POINT ( 'NONE',  ( 5.200000000000001066, 2.575000000000000178, 3.899999999999999911 ) ) ;
#8519 = ORIENTED_EDGE ( 'NONE', *, *, #9935, .F. ) ;
#8520 = DIRECTION ( 'NONE',  ( -0.5773502691896240657, -0.5773502691896290617, 0.5773502691896240657 ) ) ;
#8521 = VECTOR ( 'NONE', #6301, 1000.000000000000000 ) ;
#8522 = CARTESIAN_POINT ( 'NONE',  ( 5.200000000000001066, 5.500000000000000888, -1.699999999999999067 ) ) ;
#8523 = CARTESIAN_POINT ( 'NONE',  ( -5.200000000000001066, 4.864999999999999325, 2.125000000000000000 ) ) ;
#8524 = VECTOR ( 'NONE', #5831, 1000.000000000000000 ) ;
#8525 = DIRECTION ( 'NONE',  ( 0.000000000000000000, -0.000000000000000000, 1.000000000000000000 ) ) ;
#8526 = ADVANCED_FACE ( 'NONE', ( #1403 ), #6885, .F. ) ;
#8527 = EDGE_CURVE ( 'NONE', #9843, #2241, #9978, .T. ) ;
#8528 = AXIS2_PLACEMENT_3D ( 'NONE', #7756, #578, #3787 ) ;
#8529 = CARTESIAN_POINT ( 'NONE',  ( -4.350000000000001421, 2.750000000000000444, -3.600000000000000533 ) ) ;
#8530 = CARTESIAN_POINT ( 'NONE',  ( -5.200000000000001066, 5.325000000000001954, 3.725000000000000533 ) ) ;
#8531 = CARTESIAN_POINT ( 'NONE',  ( 0.000000000000000000, 0.000000000000000000, 0.000000000000000000 ) ) ;
#8532 = ORIENTED_EDGE ( 'NONE', *, *, #9376, .F. ) ;
#8533 = LINE ( 'NONE', #3744, #9363 ) ;
#8534 = ORIENTED_EDGE ( 'NONE', *, *, #1276, .F. ) ;
#8535 = AXIS2_PLACEMENT_3D ( 'NONE', #5495, #1364, #10083 ) ;
#8536 = EDGE_LOOP ( 'NONE', ( #8228, #2382, #9300, #10125, #697, #3188, #9222, #2970 ) ) ;
#8537 = CARTESIAN_POINT ( 'NONE',  ( -6.000000000000000000, 0.4000000000000000222, 2.149999999999999911 ) ) ;
#8538 = CARTESIAN_POINT ( 'NONE',  ( 6.000000000000000000, 0.2000000000000000111, 3.899999999999999911 ) ) ;
#8539 = VECTOR ( 'NONE', #2276, 999.9999999999998863 ) ;
#8540 = DIRECTION ( 'NONE',  ( 0.000000000000000000, -0.8253072612498317806, -0.5646839155919902709 ) ) ;
#8541 = ORIENTED_EDGE ( 'NONE', *, *, #6796, .F. ) ;
#8542 = CARTESIAN_POINT ( 'NONE',  ( -5.200000000000001066, 5.500000000000001776, 1.282157287525380163 ) ) ;
#8543 = ADVANCED_FACE ( 'NONE', ( #8385 ), #7816, .F. ) ;
#8544 = VERTEX_POINT ( 'NONE', #10132 ) ;
#8545 = CYLINDRICAL_SURFACE ( 'NONE', #5888, 0.1000000000000002554 ) ;
#8546 = ADVANCED_FACE ( 'NONE', ( #7671 ), #4545, .F. ) ;
#8547 = VERTEX_POINT ( 'NONE', #3002 ) ;
#8548 = EDGE_CURVE ( 'NONE', #8888, #3540, #9250, .T. ) ;
#8549 = EDGE_CURVE ( 'NONE', #9699, #662, #3051, .T. ) ;
#8550 = ORIENTED_EDGE ( 'NONE', *, *, #7059, .T. ) ;
#8551 = ORIENTED_EDGE ( 'NONE', *, *, #6669, .F. ) ;
#8552 = EDGE_CURVE ( 'NONE', #9228, #4334, #7614, .T. ) ;
#8553 = CYLINDRICAL_SURFACE ( 'NONE', #1631, 0.09999999999999982514 ) ;
#8554 = DIRECTION ( 'NONE',  ( 1.000000000000000000, 0.000000000000000000, 0.000000000000000000 ) ) ;
#8555 = ORIENTED_EDGE ( 'NONE', *, *, #3525, .T. ) ;
#8556 = CARTESIAN_POINT ( 'NONE',  ( 3.250000000000032863, 1.300000000000000266, 3.899999999999999911 ) ) ;
#8557 = DIRECTION ( 'NONE',  ( 0.000000000000000000, -1.000000000000000000, 0.000000000000000000 ) ) ;
#8558 = ORIENTED_EDGE ( 'NONE', *, *, #3901, .T. ) ;
#8559 = EDGE_CURVE ( 'NONE', #5032, #6514, #5284, .T. ) ;
#8560 = EDGE_CURVE ( 'NONE', #1528, #8782, #10026, .T. ) ;
#8561 = ORIENTED_EDGE ( 'NONE', *, *, #9937, .F. ) ;
#8562 = AXIS2_PLACEMENT_3D ( 'NONE', #1218, #505, #4612 ) ;
#8563 = ORIENTED_EDGE ( 'NONE', *, *, #7524, .T. ) ;
#8564 = CARTESIAN_POINT ( 'NONE',  ( 4.205000000000003624, 5.700000000000000178, 3.499999999999997780 ) ) ;
#8565 = CYLINDRICAL_SURFACE ( 'NONE', #4611, 0.2000000000000005107 ) ;
#8566 = AXIS2_PLACEMENT_3D ( 'NONE', #382, #3700, #2800 ) ;
#8567 = CARTESIAN_POINT ( 'NONE',  ( 3.026055542458624181, 0.000000000000000000, -3.750000000000003553 ) ) ;
#8568 = ORIENTED_EDGE ( 'NONE', *, *, #6380, .F. ) ;
#8569 = DIRECTION ( 'NONE',  ( -0.000000000000000000, 1.000000000000000000, -0.000000000000000000 ) ) ;
#8570 = ORIENTED_EDGE ( 'NONE', *, *, #2748, .F. ) ;
#8571 = CARTESIAN_POINT ( 'NONE',  ( -5.200000000000001066, 5.500000000000001776, 1.282157287525380163 ) ) ;
#8572 = VECTOR ( 'NONE', #4112, 1000.000000000000000 ) ;
#8573 = MANIFOLD_SOLID_BREP ( 'LPattern1[5]', #2808 ) ;
#8574 = EDGE_CURVE ( 'NONE', #2138, #9098, #2476, .T. ) ;
#8575 = LINE ( 'NONE', #1593, #3532 ) ;
#8576 = CARTESIAN_POINT ( 'NONE',  ( -5.200000000000001066, 5.465000000000000746, 1.499999999999999334 ) ) ;
#8577 = DIRECTION ( 'NONE',  ( -0.7071067811865444641, 0.000000000000000000, 0.7071067811865505703 ) ) ;
#8578 = LINE ( 'NONE', #5475, #3965 ) ;
#8579 = DIRECTION ( 'NONE',  ( -8.935605812279516428E-33, -1.000000000000000000, -2.168404344971009115E-16 ) ) ;
#8580 = AXIS2_PLACEMENT_3D ( 'NONE', #6907, #6135, #9279 ) ;
#8581 = DIRECTION ( 'NONE',  ( 0.000000000000000000, 0.000000000000000000, -1.000000000000000000 ) ) ;
#8582 = ORIENTED_EDGE ( 'NONE', *, *, #3060, .T. ) ;
#8583 = CARTESIAN_POINT ( 'NONE',  ( -5.200000000000001066, 5.500000000000001776, -1.499999999999998224 ) ) ;
#8584 = EDGE_LOOP ( 'NONE', ( #747, #8234, #2549, #400 ) ) ;
#8585 = EDGE_CURVE ( 'NONE', #2112, #6514, #2903, .T. ) ;
#8586 = EDGE_CURVE ( 'NONE', #3721, #6839, #9989, .T. ) ;
#8587 = EDGE_LOOP ( 'NONE', ( #3858, #4517, #5277, #1517, #1449, #5304, #7608, #7046, #1159, #9885, #1425, #4519, #5611, #876, #3820, #3213, #9568, #5707, #605, #8502, #231, #6300, #5769, #2922, #1666, #2981, #8791 ) ) ;
#8588 = AXIS2_PLACEMENT_3D ( 'NONE', #4218, #4265, #3634 ) ;
#8589 = DIRECTION ( 'NONE',  ( 0.000000000000000000, 1.000000000000000000, 0.000000000000000000 ) ) ;
#8590 = UNCERTAINTY_MEASURE_WITH_UNIT (LENGTH_MEASURE( 1.000000000000000082E-05 ), #6613, 'distance_accuracy_value', 'NONE');
#8591 = CARTESIAN_POINT ( 'NONE',  ( 6.000000000000000000, 3.150000000000000799, -3.000000000000000000 ) ) ;
#8592 = CARTESIAN_POINT ( 'NONE',  ( 3.250000000000032419, 0.2000000000000000111, 5.000000000000000888 ) ) ;
#8593 = ORIENTED_EDGE ( 'NONE', *, *, #1677, .F. ) ;
#8594 = CARTESIAN_POINT ( 'NONE',  ( -0.6250000000000000000, -7.703719777548944781E-33, -0.9499999999999998446 ) ) ;
#8595 = ORIENTED_EDGE ( 'NONE', *, *, #6755, .T. ) ;
#8596 = FACE_OUTER_BOUND ( 'NONE', #5811, .T. ) ;
#8597 = VERTEX_POINT ( 'NONE', #3948 ) ;
#8598 = EDGE_CURVE ( 'NONE', #7105, #3494, #7867, .T. ) ;
#8599 = VERTEX_POINT ( 'NONE', #1656 ) ;
#8600 = EDGE_LOOP ( 'NONE', ( #10225, #1368, #9767, #2692 ) ) ;
#8601 = EDGE_CURVE ( 'NONE', #5734, #4818, #9506, .T. ) ;
#8602 = AXIS2_PLACEMENT_3D ( 'NONE', #8530, #6970, #2120 ) ;
#8603 = CARTESIAN_POINT ( 'NONE',  ( 5.200000000000001066, 5.500000000000001776, 1.282157287525380163 ) ) ;
#8604 = FACE_OUTER_BOUND ( 'NONE', #178, .T. ) ;
#8605 = CYLINDRICAL_SURFACE ( 'NONE', #6593, 0.09999999999999993616 ) ;
#8606 = ORIENTED_EDGE ( 'NONE', *, *, #5044, .F. ) ;
#8607 = PLANE ( 'NONE',  #3294 ) ;
#8608 = FACE_OUTER_BOUND ( 'NONE', #2300, .T. ) ;
#8609 = EDGE_LOOP ( 'NONE', ( #9528, #2503, #8369, #5713 ) ) ;
#8610 = ORIENTED_EDGE ( 'NONE', *, *, #4551, .F. ) ;
#8611 = VECTOR ( 'NONE', #3650, 1000.000000000000000 ) ;
#8612 = EDGE_LOOP ( 'NONE', ( #6544, #7980, #4256, #8925 ) ) ;
#8613 = ORIENTED_EDGE ( 'NONE', *, *, #2715, .F. ) ;
#8614 = EDGE_CURVE ( 'NONE', #108, #4893, #5632, .T. ) ;
#8615 = PLANE ( 'NONE',  #5508 ) ;
#8616 = CARTESIAN_POINT ( 'NONE',  ( -0.7000000000000000666, 4.400000000000000355, -3.199999999999999734 ) ) ;
#8617 = EDGE_CURVE ( 'NONE', #10205, #7056, #8064, .T. ) ;
#8618 = EDGE_CURVE ( 'NONE', #6650, #3426, #4109, .T. ) ;
#8619 = LINE ( 'NONE', #668, #1778 ) ;
#8620 = ORIENTED_EDGE ( 'NONE', *, *, #8854, .T. ) ;
#8621 = AXIS2_PLACEMENT_3D ( 'NONE', #1595, #2317, #7112 ) ;
#8622 = DIRECTION ( 'NONE',  ( 0.000000000000000000, -1.000000000000000000, 0.000000000000000000 ) ) ;
#8623 = ORIENTED_EDGE ( 'NONE', *, *, #3584, .F. ) ;
#8624 = LINE ( 'NONE', #10266, #4347 ) ;
#8625 = VECTOR ( 'NONE', #1941, 1000.000000000000000 ) ;
#8626 = VECTOR ( 'NONE', #1757, 1000.000000000000000 ) ;
#8627 = DIRECTION ( 'NONE',  ( 0.000000000000000000, -1.000000000000000000, 0.000000000000000000 ) ) ;
#8628 = CARTESIAN_POINT ( 'NONE',  ( 0.7500000000000006661, 2.649999999999999911, 0.7999999999999994893 ) ) ;
#8629 = LINE ( 'NONE', #4095, #4974 ) ;
#8630 = LINE ( 'NONE', #7171, #8129 ) ;
#8631 = FACE_OUTER_BOUND ( 'NONE', #10037, .T. ) ;
#8632 = VECTOR ( 'NONE', #3397, 1000.000000000000000 ) ;
#8633 = EDGE_CURVE ( 'NONE', #44, #7337, #15, .T. ) ;
#8634 = DIRECTION ( 'NONE',  ( 1.000000000000000000, 0.000000000000000000, 0.000000000000000000 ) ) ;
#8635 = EDGE_LOOP ( 'NONE', ( #9420, #7252, #8555, #24 ) ) ;
#8636 = LINE ( 'NONE', #10177, #6705 ) ;
#8637 = ORIENTED_EDGE ( 'NONE', *, *, #6396, .F. ) ;
#8638 = ADVANCED_FACE ( 'NONE', ( #7127 ), #4699, .T. ) ;
#8639 = DIRECTION ( 'NONE',  ( -0.000000000000000000, 0.000000000000000000, -1.000000000000000000 ) ) ;
#8640 = ORIENTED_EDGE ( 'NONE', *, *, #8983, .T. ) ;
#8641 = AXIS2_PLACEMENT_3D ( 'NONE', #8924, #55, #159 ) ;
#8642 = CARTESIAN_POINT ( 'NONE',  ( 0.000000000000000000, 2.540808929720139275, -2.300000000000000266 ) ) ;
#8643 = LINE ( 'NONE', #4219, #2790 ) ;
#8644 = EDGE_CURVE ( 'NONE', #3602, #3873, #6359, .T. ) ;
#8645 = DIRECTION ( 'NONE',  ( 0.000000000000000000, 0.000000000000000000, -1.000000000000000000 ) ) ;
#8646 = AXIS2_PLACEMENT_3D ( 'NONE', #7208, #3079, #5513 ) ;
#8647 = CARTESIAN_POINT ( 'NONE',  ( 0.7500000000000318634, 0.000000000000000000, 4.800000000000000711 ) ) ;
#8648 = AXIS2_PLACEMENT_3D ( 'NONE', #7870, #4702, #9415 ) ;
#8649 = VERTEX_POINT ( 'NONE', #2330 ) ;
#8650 = LINE ( 'NONE', #6167, #3546 ) ;
#8651 = VECTOR ( 'NONE', #3510, 1000.000000000000000 ) ;
#8652 = VERTEX_POINT ( 'NONE', #2377 ) ;
#8653 = ORIENTED_EDGE ( 'NONE', *, *, #2093, .T. ) ;
#8654 = AXIS2_PLACEMENT_3D ( 'NONE', #1124, #5924, #9745 ) ;
#8655 = PLANE ( 'NONE',  #3541 ) ;
#8656 = AXIS2_PLACEMENT_3D ( 'NONE', #8419, #2217, #1437 ) ;
#8657 = DIRECTION ( 'NONE',  ( 1.000000000000000000, -8.627481473925044946E-32, 5.421010862427521184E-16 ) ) ;
#8658 = EDGE_CURVE ( 'NONE', #9276, #6432, #8012, .T. ) ;
#8659 = PLANE ( 'NONE',  #9436 ) ;
#8660 = EDGE_CURVE ( 'NONE', #3589, #2345, #880, .T. ) ;
#8661 = CARTESIAN_POINT ( 'NONE',  ( 4.200000000000000178, 2.200000000000000178, -4.714222201011315505 ) ) ;
#8662 = EDGE_LOOP ( 'NONE', ( #1411, #3923, #1474, #7939 ) ) ;
#8663 = DIRECTION ( 'NONE',  ( -0.7071067811865505703, 0.000000000000000000, -0.7071067811865444641 ) ) ;
#8664 = CARTESIAN_POINT ( 'NONE',  ( 5.200000000000001066, 5.500000000000001776, 1.282157287525380163 ) ) ;
#8665 = EDGE_LOOP ( 'NONE', ( #2925, #5335, #2472, #2444 ) ) ;
#8666 = ADVANCED_FACE ( 'NONE', ( #9602 ), #7179, .T. ) ;
#8667 = ORIENTED_EDGE ( 'NONE', *, *, #7663, .F. ) ;
#8668 = ORIENTED_EDGE ( 'NONE', *, *, #1721, .T. ) ;
#8669 = EDGE_CURVE ( 'NONE', #9382, #5809, #9551, .T. ) ;
#8670 = CARTESIAN_POINT ( 'NONE',  ( 6.000000000000000000, 0.4000000000000000222, -3.600000000000000089 ) ) ;
#8671 = FACE_OUTER_BOUND ( 'NONE', #5666, .T. ) ;
#8672 = DIRECTION ( 'NONE',  ( 1.000000000000000000, -0.000000000000000000, -0.000000000000000000 ) ) ;
#8673 = ORIENTED_EDGE ( 'NONE', *, *, #2612, .T. ) ;
#8674 = CARTESIAN_POINT ( 'NONE',  ( -4.800000000000000711, 5.500000000000001776, 1.282157287525380163 ) ) ;
#8675 = PLANE ( 'NONE',  #1426 ) ;
#8676 = ORIENTED_EDGE ( 'NONE', *, *, #3375, .T. ) ;
#8677 = PLANE ( 'NONE',  #5402 ) ;
#8678 = ADVANCED_FACE ( 'NONE', ( #115 ), #3256, .F. ) ;
#8679 = EDGE_CURVE ( 'NONE', #1141, #687, #9812, .T. ) ;
#8680 = CARTESIAN_POINT ( 'NONE',  ( -0.7499999999999668043, 0.000000000000000000, 2.400000000000000355 ) ) ;
#8681 = PLANE ( 'NONE',  #6505 ) ;
#8682 = CARTESIAN_POINT ( 'NONE',  ( 5.055000000000001492, 0.4000000000000000222, -3.599999999999998757 ) ) ;
#8683 = AXIS2_PLACEMENT_3D ( 'NONE', #3853, #8589, #3646 ) ;
#8684 = APPLICATION_PROTOCOL_DEFINITION ( 'draft international standard', 'automotive_design', 1998, #1543 ) ;
#8685 = CARTESIAN_POINT ( 'NONE',  ( 0.8591910702798614130, 2.259191070279860103, -2.300000000000000266 ) ) ;
#8686 = ORIENTED_EDGE ( 'NONE', *, *, #4259, .F. ) ;
#8687 = DIRECTION ( 'NONE',  ( -0.7071067811865505703, -0.7071067811865444641, -3.014338302784109536E-18 ) ) ;
#8688 = ORIENTED_EDGE ( 'NONE', *, *, #1493, .T. ) ;
#8689 = ADVANCED_FACE ( 'NONE', ( #8114 ), #1811, .F. ) ;
#8690 = VECTOR ( 'NONE', #1029, 1000.000000000000000 ) ;
#8691 = LINE ( 'NONE', #3049, #7654 ) ;
#8692 = PLANE ( 'NONE',  #3429 ) ;
#8693 = CARTESIAN_POINT ( 'NONE',  ( 6.000000000000000000, 3.850000000000001421, -3.200000000000000178 ) ) ;
#8694 = DIRECTION ( 'NONE',  ( -1.000000000000000000, -0.000000000000000000, -0.000000000000000000 ) ) ;
#8695 = LINE ( 'NONE', #7183, #5678 ) ;
#8696 = ORIENTED_EDGE ( 'NONE', *, *, #8416, .T. ) ;
#8697 = AXIS2_PLACEMENT_3D ( 'NONE', #405, #1273, #9897 ) ;
#8698 = LINE ( 'NONE', #8744, #3372 ) ;
#8699 = ORIENTED_EDGE ( 'NONE', *, *, #9466, .F. ) ;
#8700 = ORIENTED_EDGE ( 'NONE', *, *, #5457, .F. ) ;
#8701 = VECTOR ( 'NONE', #8097, 1000.000000000000000 ) ;
#8702 = CARTESIAN_POINT ( 'NONE',  ( -4.200000000000000178, 0.9000000000000004663, 0.7999999999999994893 ) ) ;
#8703 = DIRECTION ( 'NONE',  ( -1.000000000000000000, 0.000000000000000000, 0.000000000000000000 ) ) ;
#8704 = DIRECTION ( 'NONE',  ( -0.000000000000000000, 1.000000000000000000, -0.000000000000000000 ) ) ;
#8705 = VERTEX_POINT ( 'NONE', #3417 ) ;
#8706 = SURFACE_STYLE_USAGE ( .BOTH. , #3383 ) ;
#8707 = FACE_OUTER_BOUND ( 'NONE', #1211, .T. ) ;
#8708 = ORIENTED_EDGE ( 'NONE', *, *, #3506, .T. ) ;
#8709 = ORIENTED_EDGE ( 'NONE', *, *, #8614, .T. ) ;
#8710 = EDGE_CURVE ( 'NONE', #8449, #5188, #4370, .T. ) ;
#8711 = ORIENTED_EDGE ( 'NONE', *, *, #4261, .T. ) ;
#8712 = EDGE_CURVE ( 'NONE', #3114, #1801, #7497, .T. ) ;
#8713 = ORIENTED_EDGE ( 'NONE', *, *, #917, .F. ) ;
#8714 = CARTESIAN_POINT ( 'NONE',  ( 1.250000000000032419, 0.000000000000000000, 4.800000000000000711 ) ) ;
#8715 = CARTESIAN_POINT ( 'NONE',  ( -3.827974591282617300, 0.000000000000000000, -4.650000000000000355 ) ) ;
#8716 = FACE_OUTER_BOUND ( 'NONE', #1992, .T. ) ;
#8717 = VERTEX_POINT ( 'NONE', #4320 ) ;
#8718 = FACE_OUTER_BOUND ( 'NONE', #7842, .T. ) ;
#8719 = DIRECTION ( 'NONE',  ( 0.000000000000000000, -0.7071067811865455743, 0.7071067811865495711 ) ) ;
#8720 = ORIENTED_EDGE ( 'NONE', *, *, #9215, .T. ) ;
#8721 = CARTESIAN_POINT ( 'NONE',  ( 6.000000000000000000, 2.750000000000001332, -3.200000000000000178 ) ) ;
#8722 = ADVANCED_FACE ( 'NONE', ( #1754 ), #988, .T. ) ;
#8723 = CARTESIAN_POINT ( 'NONE',  ( -4.899999999999999467, 4.629138561470611535, 1.100000000000000755 ) ) ;
#8724 = AXIS2_PLACEMENT_3D ( 'NONE', #1891, #4982, #4354 ) ;
#8725 = CARTESIAN_POINT ( 'NONE',  ( -2.749999999999967581, 0.6000000000000000888, 4.999999999999958256 ) ) ;
#8726 = CARTESIAN_POINT ( 'NONE',  ( -3.026055542458622405, 0.9000000000000005773, -4.100000000000004086 ) ) ;
#8727 = CARTESIAN_POINT ( 'NONE',  ( -4.800000000000000711, 5.425000000000000711, 1.974999999999999867 ) ) ;
#8728 = DIRECTION ( 'NONE',  ( -1.000000000000000000, 0.000000000000000000, 0.000000000000000000 ) ) ;
#8729 = DIRECTION ( 'NONE',  ( 0.000000000000000000, 1.000000000000000000, 0.000000000000000000 ) ) ;
#8730 = LINE ( 'NONE', #7954, #8977 ) ;
#8731 = EDGE_LOOP ( 'NONE', ( #6342, #8906, #8273, #1775 ) ) ;
#8732 = CARTESIAN_POINT ( 'NONE',  ( -4.800000000000000711, 5.465000000000000746, 1.499999999999999334 ) ) ;
#8733 = VECTOR ( 'NONE', #6786, 1000.000000000000000 ) ;
#8734 = DIRECTION ( 'NONE',  ( -1.000000000000000000, -0.000000000000000000, -0.000000000000000000 ) ) ;
#8735 = CARTESIAN_POINT ( 'NONE',  ( 6.000000000000000000, 5.700000000000000178, 3.500000000000001332 ) ) ;
#8736 = VECTOR ( 'NONE', #2111, 1000.000000000000000 ) ;
#8737 = DIRECTION ( 'NONE',  ( -2.224004456380521903E-16, 1.000000000000000000, 0.000000000000000000 ) ) ;
#8738 = EDGE_CURVE ( 'NONE', #2848, #1057, #9756, .T. ) ;
#8739 = EDGE_CURVE ( 'NONE', #1354, #762, #5162, .T. ) ;
#8740 = FACE_OUTER_BOUND ( 'NONE', #8391, .T. ) ;
#8741 = LINE ( 'NONE', #18, #1415 ) ;
#8742 = CARTESIAN_POINT ( 'NONE',  ( 2.100000000000000089, 4.400000000000000355, 0.7999999999999994893 ) ) ;
#8743 = ORIENTED_EDGE ( 'NONE', *, *, #1164, .T. ) ;
#8744 = CARTESIAN_POINT ( 'NONE',  ( -3.125282473150412965, 2.274717526849586502, -3.031080120897855945 ) ) ;
#8745 = EDGE_LOOP ( 'NONE', ( #5417, #1243, #9996, #8743 ) ) ;
#8746 = VECTOR ( 'NONE', #570, 1000.000000000000000 ) ;
#8747 = EDGE_LOOP ( 'NONE', ( #21, #8563, #2596, #2643 ) ) ;
#8748 = FACE_OUTER_BOUND ( 'NONE', #3143, .T. ) ;
#8749 = CARTESIAN_POINT ( 'NONE',  ( -1.249999999999999334, 2.149999999999999467, -1.999999999999997335 ) ) ;
#8750 = LINE ( 'NONE', #7142, #3801 ) ;
#8751 = VECTOR ( 'NONE', #320, 999.9999999999998863 ) ;
#8752 = DIRECTION ( 'NONE',  ( 1.000000000000000000, 0.000000000000000000, 0.000000000000000000 ) ) ;
#8753 = VERTEX_POINT ( 'NONE', #1134 ) ;
#8754 = FACE_OUTER_BOUND ( 'NONE', #7414, .T. ) ;
#8755 = ORIENTED_EDGE ( 'NONE', *, *, #2092, .F. ) ;
#8756 = ORIENTED_EDGE ( 'NONE', *, *, #6962, .F. ) ;
#8757 = ORIENTED_EDGE ( 'NONE', *, *, #3104, .T. ) ;
#8758 =( GEOMETRIC_REPRESENTATION_CONTEXT ( 3 ) GLOBAL_UNCERTAINTY_ASSIGNED_CONTEXT ( ( #6109 ) ) GLOBAL_UNIT_ASSIGNED_CONTEXT ( ( #1432, #2108, #2063 ) ) REPRESENTATION_CONTEXT ( 'NONE', 'WORKASPACE' ) );
#8759 = EDGE_CURVE ( 'NONE', #813, #5856, #2632, .T. ) ;
#8760 = EDGE_LOOP ( 'NONE', ( #8253, #9442, #5672, #9573 ) ) ;
#8761 = CARTESIAN_POINT ( 'NONE',  ( 1.250000000000001110, 2.649999999999999911, -1.999999999999997335 ) ) ;
#8762 = CARTESIAN_POINT ( 'NONE',  ( -3.537690618442705492, 0.1449747468305830345, -4.855654565435176373 ) ) ;
#8763 = LINE ( 'NONE', #1634, #8395 ) ;
#8764 = EDGE_LOOP ( 'NONE', ( #4412, #7809, #8582, #9356 ) ) ;
#8765 = DIRECTION ( 'NONE',  ( 1.000000000000000000, 0.000000000000000000, -0.000000000000000000 ) ) ;
#8766 = CARTESIAN_POINT ( 'NONE',  ( -3.249999999999968026, 0.000000000000000000, 5.000000000000000000 ) ) ;
#8767 = EDGE_CURVE ( 'NONE', #6527, #762, #1040, .T. ) ;
#8768 = ORIENTED_EDGE ( 'NONE', *, *, #8239, .F. ) ;
#8769 = CARTESIAN_POINT ( 'NONE',  ( 6.000000000000000000, 2.750000000000001332, -3.200000000000000178 ) ) ;
#8770 = AXIS2_PLACEMENT_3D ( 'NONE', #6064, #7730, #598 ) ;
#8771 = DIRECTION ( 'NONE',  ( 0.000000000000000000, 0.000000000000000000, 1.000000000000000000 ) ) ;
#8772 = CARTESIAN_POINT ( 'NONE',  ( 4.800000000000000711, 4.864999999999999325, 2.125000000000000000 ) ) ;
#8773 = CARTESIAN_POINT ( 'NONE',  ( 6.000000000000000000, 0.000000000000000000, -5.000000000000000000 ) ) ;
#8774 = DIRECTION ( 'NONE',  ( 1.000000000000000000, -0.000000000000000000, -0.000000000000000000 ) ) ;
#8775 =( LENGTH_UNIT ( ) NAMED_UNIT ( * ) SI_UNIT ( .MILLI., .METRE. ) );
#8776 = CARTESIAN_POINT ( 'NONE',  ( -3.026055542458622849, 0.3499999999999996447, -4.350000000000004086 ) ) ;
#8777 = AXIS2_PLACEMENT_3D ( 'NONE', #3268, #6584, #5650 ) ;
#8778 = EDGE_CURVE ( 'NONE', #2605, #1413, #4216, .T. ) ;
#8779 = EDGE_LOOP ( 'NONE', ( #1365, #3024, #4803, #5494 ) ) ;
#8780 = CARTESIAN_POINT ( 'NONE',  ( 1.250000000000032863, 0.6000000000000000888, 3.899999999999999911 ) ) ;
#8781 = AXIS2_PLACEMENT_3D ( 'NONE', #3765, #3714, #5353 ) ;
#8782 = VERTEX_POINT ( 'NONE', #8987 ) ;
#8783 = CARTESIAN_POINT ( 'NONE',  ( -5.304999999999998828, 1.799999999999999600, 1.100000000000000755 ) ) ;
#8784 = LINE ( 'NONE', #3254, #6808 ) ;
#8785 = DIRECTION ( 'NONE',  ( 0.2359856711608181723, 0.8807105146304250454, 0.4106820575897978109 ) ) ;
#8786 = LINE ( 'NONE', #1658, #3255 ) ;
#8787 = CARTESIAN_POINT ( 'NONE',  ( 0.6250000000000001110, 5.000000000000000000, -2.200000000000000178 ) ) ;
#8788 = CARTESIAN_POINT ( 'NONE',  ( 5.200000000000001066, 5.300000000000000711, -1.499999999999999556 ) ) ;
#8789 = DIRECTION ( 'NONE',  ( -0.000000000000000000, -0.000000000000000000, -1.000000000000000000 ) ) ;
#8790 = VECTOR ( 'NONE', #2504, 1000.000000000000000 ) ;
#8791 = ORIENTED_EDGE ( 'NONE', *, *, #7600, .F. ) ;
#8792 = DIRECTION ( 'NONE',  ( -1.000000000000000000, -0.000000000000000000, 0.000000000000000000 ) ) ;
#8793 = EDGE_CURVE ( 'NONE', #9454, #1057, #3528, .T. ) ;
#8794 = ORIENTED_EDGE ( 'NONE', *, *, #6513, .T. ) ;
#8795 = VECTOR ( 'NONE', #1844, 1000.000000000000000 ) ;
#8796 = EDGE_CURVE ( 'NONE', #8005, #898, #6722, .T. ) ;
#8797 = ORIENTED_EDGE ( 'NONE', *, *, #2196, .T. ) ;
#8798 = PLANE ( 'NONE',  #10172 ) ;
#8799 = CARTESIAN_POINT ( 'NONE',  ( -3.764267565201869559, 0.7499999999999996669, -5.000000000000000000 ) ) ;
#8800 = CARTESIAN_POINT ( 'NONE',  ( 0.7500000000000318634, 0.6000000000000000888, 5.000000000000000000 ) ) ;
#8801 = CARTESIAN_POINT ( 'NONE',  ( 4.800000000000000711, 2.575000000000000178, 3.899999999999999911 ) ) ;
#8802 = VERTEX_POINT ( 'NONE', #4262 ) ;
#8803 = SURFACE_STYLE_USAGE ( .BOTH. , #7199 ) ;
#8804 = CARTESIAN_POINT ( 'NONE',  ( -5.304999999999998828, 1.799999999999999600, 1.399999999999999689 ) ) ;
#8805 = VERTEX_POINT ( 'NONE', #3364 ) ;
#8806 = VERTEX_POINT ( 'NONE', #7548 ) ;
#8807 = EDGE_CURVE ( 'NONE', #3921, #71, #2576, .T. ) ;
#8808 = VECTOR ( 'NONE', #1456, 1000.000000000000000 ) ;
#8809 = ORIENTED_EDGE ( 'NONE', *, *, #1353, .T. ) ;
#8810 = VERTEX_POINT ( 'NONE', #1861 ) ;
#8811 = VECTOR ( 'NONE', #2823, 1000.000000000000000 ) ;
#8812 = PLANE ( 'NONE',  #1446 ) ;
#8813 = CARTESIAN_POINT ( 'NONE',  ( -3.249999999999999556, 2.649999999999999911, -2.300000000000000266 ) ) ;
#8814 = FACE_OUTER_BOUND ( 'NONE', #9580, .T. ) ;
#8815 = ORIENTED_EDGE ( 'NONE', *, *, #4225, .T. ) ;
#8816 = CARTESIAN_POINT ( 'NONE',  ( 4.800000000000000711, 2.400000000000000355, 3.725000000000000089 ) ) ;
#8817 = AXIS2_PLACEMENT_3D ( 'NONE', #7433, #4371, #7542 ) ;
#8818 = DIRECTION ( 'NONE',  ( -1.000000000000000000, 0.000000000000000000, 0.000000000000000000 ) ) ;
#8819 = VERTEX_POINT ( 'NONE', #8217 ) ;
#8820 = DIRECTION ( 'NONE',  ( 0.000000000000000000, -1.000000000000000000, 0.000000000000000000 ) ) ;
#8821 = VERTEX_POINT ( 'NONE', #5061 ) ;
#8822 = DIRECTION ( 'NONE',  ( 1.463502621998718671E-15, -0.000000000000000000, 1.000000000000000000 ) ) ;
#8823 = CARTESIAN_POINT ( 'NONE',  ( -3.249999999999999556, 2.259191070279860103, -2.300000000000000266 ) ) ;
#8824 = CARTESIAN_POINT ( 'NONE',  ( 6.000000000000000000, 3.850000000000001421, -3.200000000000000178 ) ) ;
#8825 = CARTESIAN_POINT ( 'NONE',  ( 4.800000000000000711, 3.400000000000000355, 1.999999999999999556 ) ) ;
#8826 = SURFACE_STYLE_USAGE ( .BOTH. , #925 ) ;
#8827 = PLANE ( 'NONE',  #8641 ) ;
#8828 = ORIENTED_EDGE ( 'NONE', *, *, #4402, .F. ) ;
#8829 = LINE ( 'NONE', #875, #4169 ) ;
#8830 = VERTEX_POINT ( 'NONE', #1085 ) ;
#8831 = DIRECTION ( 'NONE',  ( -1.000000000000000000, -0.000000000000000000, -0.000000000000000000 ) ) ;
#8832 = ADVANCED_FACE ( 'NONE', ( #2733 ), #317, .T. ) ;
#8833 = PLANE ( 'NONE',  #6326 ) ;
#8834 = EDGE_CURVE ( 'NONE', #4818, #1266, #4178, .T. ) ;
#8835 = AXIS2_PLACEMENT_3D ( 'NONE', #5935, #1911, #2529 ) ;
#8836 = CARTESIAN_POINT ( 'NONE',  ( -1.125282473150412965, 2.274717526849586502, -3.031080120897855945 ) ) ;
#8837 = FACE_OUTER_BOUND ( 'NONE', #3895, .T. ) ;
#8838 = FACE_OUTER_BOUND ( 'NONE', #5944, .T. ) ;
#8839 = DIRECTION ( 'NONE',  ( -0.000000000000000000, 0.000000000000000000, -1.000000000000000000 ) ) ;
#8840 = LINE ( 'NONE', #5639, #5510 ) ;
#8841 = ORIENTED_EDGE ( 'NONE', *, *, #3973, .T. ) ;
#8842 = LINE ( 'NONE', #1664, #2534 ) ;
#8843 = VECTOR ( 'NONE', #6517, 1000.000000000000000 ) ;
#8844 = ORIENTED_EDGE ( 'NONE', *, *, #1495, .T. ) ;
#8845 = ORIENTED_EDGE ( 'NONE', *, *, #6196, .F. ) ;
#8846 = FACE_OUTER_BOUND ( 'NONE', #9653, .T. ) ;
#8847 = CARTESIAN_POINT ( 'NONE',  ( -1.999999999999998224, 0.3499999999999996447, -3.750000000000005329 ) ) ;
#8848 =( GEOMETRIC_REPRESENTATION_CONTEXT ( 3 ) GLOBAL_UNCERTAINTY_ASSIGNED_CONTEXT ( ( #4441 ) ) GLOBAL_UNIT_ASSIGNED_CONTEXT ( ( #4962, #1719, #3911 ) ) REPRESENTATION_CONTEXT ( 'NONE', 'WORKASPACE' ) );
#8849 = LINE ( 'NONE', #9675, #8067 ) ;
#8850 = ORIENTED_EDGE ( 'NONE', *, *, #3875, .T. ) ;
#8851 = SURFACE_STYLE_FILL_AREA ( #238 ) ;
#8852 = EDGE_CURVE ( 'NONE', #6565, #2181, #5216, .T. ) ;
#8853 = CYLINDRICAL_SURFACE ( 'NONE', #9626, 0.3499999999999997558 ) ;
#8854 = EDGE_CURVE ( 'NONE', #5804, #5094, #4479, .T. ) ;
#8855 = VERTEX_POINT ( 'NONE', #7598 ) ;
#8856 = ORIENTED_EDGE ( 'NONE', *, *, #4594, .T. ) ;
#8857 = AXIS2_PLACEMENT_3D ( 'NONE', #225, #8018, #7970 ) ;
#8858 = ORIENTED_EDGE ( 'NONE', *, *, #2252, .F. ) ;
#8859 = EDGE_LOOP ( 'NONE', ( #10000, #2795, #8300, #4238 ) ) ;
#8860 = CARTESIAN_POINT ( 'NONE',  ( 5.055000000000000604, 0.4000000000000000777, -4.749999999999998224 ) ) ;
#8861 = CARTESIAN_POINT ( 'NONE',  ( 1.140808929720140474, 2.540808929720139275, -2.300000000000000266 ) ) ;
#8862 = CARTESIAN_POINT ( 'NONE',  ( -5.304999999999998828, 0.4000000000000000222, 2.149999999999999911 ) ) ;
#8863 = ADVANCED_FACE ( 'NONE', ( #2019 ), #6654, .T. ) ;
#8864 = ORIENTED_EDGE ( 'NONE', *, *, #7502, .F. ) ;
#8865 = DIRECTION ( 'NONE',  ( -1.000000000000000000, 0.000000000000000000, 0.000000000000000000 ) ) ;
#8866 = EDGE_CURVE ( 'NONE', #1475, #4295, #4530, .T. ) ;
#8867 = DIRECTION ( 'NONE',  ( 0.000000000000000000, -1.224646799147353454E-16, 1.000000000000000000 ) ) ;
#8868 = VERTEX_POINT ( 'NONE', #1287 ) ;
#8869 = CARTESIAN_POINT ( 'NONE',  ( -4.800000000000000711, 4.939999999999999503, 2.049999999999999822 ) ) ;
#8870 = ORIENTED_EDGE ( 'NONE', *, *, #3912, .T. ) ;
#8871 = DIRECTION ( 'NONE',  ( 1.000000000000000000, -0.000000000000000000, -0.000000000000000000 ) ) ;
#8872 = DIRECTION ( 'NONE',  ( -0.000000000000000000, 1.000000000000000000, -0.000000000000000000 ) ) ;
#8873 = CARTESIAN_POINT ( 'NONE',  ( -2.850000000000000089, 5.700000000000000178, -3.200000000000000178 ) ) ;
#8874 = CARTESIAN_POINT ( 'NONE',  ( 6.000000000000000000, 0.4000000000000000222, 2.149999999999999911 ) ) ;
#8875 = ORIENTED_EDGE ( 'NONE', *, *, #6275, .T. ) ;
#8876 = DIRECTION ( 'NONE',  ( -3.336006684570783101E-16, -0.000000000000000000, 1.000000000000000000 ) ) ;
#8877 = ORIENTED_EDGE ( 'NONE', *, *, #589, .F. ) ;
#8878 = CARTESIAN_POINT ( 'NONE',  ( 2.100000000000000533, 3.699999999999998845, -3.049999999999999378 ) ) ;
#8879 = VECTOR ( 'NONE', #8507, 1000.000000000000000 ) ;
#8880 = CARTESIAN_POINT ( 'NONE',  ( 1.250000000000032419, 0.000000000000000000, 5.000000000000000000 ) ) ;
#8881 = CARTESIAN_POINT ( 'NONE',  ( -6.000000000000000000, 4.700000000000000178, 0.1000000000000000472 ) ) ;
#8882 = CARTESIAN_POINT ( 'NONE',  ( 4.205000000000002736, 5.700000000000000178, 2.800000000000002043 ) ) ;
#8883 = DIRECTION ( 'NONE',  ( 1.000000000000000000, 0.000000000000000000, 0.000000000000000000 ) ) ;
#8884 = DIRECTION ( 'NONE',  ( 1.000000000000000000, 0.000000000000000000, -0.000000000000000000 ) ) ;
#8885 = LINE ( 'NONE', #938, #5349 ) ;
#8886 = EDGE_CURVE ( 'NONE', #3178, #9743, #9289, .T. ) ;
#8887 = EDGE_CURVE ( 'NONE', #3984, #953, #580, .T. ) ;
#8888 = VERTEX_POINT ( 'NONE', #9910 ) ;
#8889 = CARTESIAN_POINT ( 'NONE',  ( 5.305000000000000604, 1.800000000000000266, -3.200000000000000178 ) ) ;
#8890 = ORIENTED_EDGE ( 'NONE', *, *, #4133, .T. ) ;
#8891 = ORIENTED_EDGE ( 'NONE', *, *, #7352, .T. ) ;
#8892 = VECTOR ( 'NONE', #1539, 1000.000000000000000 ) ;
#8893 = CARTESIAN_POINT ( 'NONE',  ( 5.200000000000001066, 3.400000000000000355, 1.999999999999999556 ) ) ;
#8894 = EDGE_CURVE ( 'NONE', #7776, #9211, #2782, .T. ) ;
#8895 = DIRECTION ( 'NONE',  ( 2.224004456380521903E-16, 1.000000000000000000, 0.000000000000000000 ) ) ;
#8896 = CYLINDRICAL_SURFACE ( 'NONE', #6464, 0.07499999999999998335 ) ;
#8897 = DIRECTION ( 'NONE',  ( 0.000000000000000000, 0.000000000000000000, -1.000000000000000000 ) ) ;
#8898 = ORIENTED_EDGE ( 'NONE', *, *, #4045, .F. ) ;
#8899 = CARTESIAN_POINT ( 'NONE',  ( -4.538795489478059331, 1.867700205982611994, -5.188795489478058798 ) ) ;
#8900 = CARTESIAN_POINT ( 'NONE',  ( 4.350000000000002309, 2.350000000000000089, -4.500000000000000888 ) ) ;
#8901 = EDGE_CURVE ( 'NONE', #5809, #10136, #7757, .T. ) ;
#8902 = ORIENTED_EDGE ( 'NONE', *, *, #8574, .F. ) ;
#8903 = AXIS2_PLACEMENT_3D ( 'NONE', #807, #7158, #3183 ) ;
#8904 = ORIENTED_EDGE ( 'NONE', *, *, #2811, .T. ) ;
#8905 = ORIENTED_EDGE ( 'NONE', *, *, #2489, .F. ) ;
#8906 = ORIENTED_EDGE ( 'NONE', *, *, #7860, .T. ) ;
#8907 = AXIS2_PLACEMENT_3D ( 'NONE', #65, #881, #6574 ) ;
#8908 = DIRECTION ( 'NONE',  ( 6.052042441354482143E-17, 0.2631174057921086828, 0.9647638212377321887 ) ) ;
#8909 = LINE ( 'NONE', #7367, #1599 ) ;
#8910 = CARTESIAN_POINT ( 'NONE',  ( -5.200000000000001066, 5.470710678118654968, 1.647132034355962338 ) ) ;
#8911 = ORIENTED_EDGE ( 'NONE', *, *, #1356, .F. ) ;
#8912 = CARTESIAN_POINT ( 'NONE',  ( 1.250000000000001110, 2.649999999999999911, -2.300000000000000266 ) ) ;
#8913 = CARTESIAN_POINT ( 'NONE',  ( -6.000000000000000000, 3.536842105263157787, 1.800000000000000488 ) ) ;
#8914 = ORIENTED_EDGE ( 'NONE', *, *, #8793, .F. ) ;
#8915 = DIRECTION ( 'NONE',  ( 0.000000000000000000, -1.084202172485504434E-15, -1.000000000000000000 ) ) ;
#8916 = ADVANCED_FACE ( 'NONE', ( #6045 ), #8478, .F. ) ;
#8917 = ORIENTED_EDGE ( 'NONE', *, *, #2687, .T. ) ;
#8918 = EDGE_CURVE ( 'NONE', #8830, #9817, #3686, .T. ) ;
#8919 = DIRECTION ( 'NONE',  ( 0.000000000000000000, 1.000000000000000000, 0.000000000000000000 ) ) ;
#8920 = DIRECTION ( 'NONE',  ( 0.000000000000000000, -0.000000000000000000, 1.000000000000000000 ) ) ;
#8921 = CARTESIAN_POINT ( 'NONE',  ( -2.749999999999967581, 0.2000000000000000111, 2.400000000000000355 ) ) ;
#8922 = AXIS2_PLACEMENT_3D ( 'NONE', #2402, #6387, #2506 ) ;
#8923 = LINE ( 'NONE', #5102, #139 ) ;
#8924 = CARTESIAN_POINT ( 'NONE',  ( 4.800000000000000711, 5.500000000000001776, -1.699999999999999289 ) ) ;
#8925 = ORIENTED_EDGE ( 'NONE', *, *, #7280, .T. ) ;
#8926 = FACE_OUTER_BOUND ( 'NONE', #1222, .T. ) ;
#8927 = ORIENTED_EDGE ( 'NONE', *, *, #6336, .T. ) ;
#8928 = CARTESIAN_POINT ( 'NONE',  ( 2.750000000000031974, 0.2000000000000000111, 4.800000000000000711 ) ) ;
#8929 = VECTOR ( 'NONE', #8975, 1000.000000000000000 ) ;
#8930 = EDGE_CURVE ( 'NONE', #3494, #7166, #1237, .T. ) ;
#8931 = VECTOR ( 'NONE', #5238, 1000.000000000000000 ) ;
#8932 = CARTESIAN_POINT ( 'NONE',  ( -4.800000000000000711, 5.500000000000000000, 3.700000000000000178 ) ) ;
#8933 = DIRECTION ( 'NONE',  ( 1.000000000000000000, 0.000000000000000000, -0.000000000000000000 ) ) ;
#8934 = LINE ( 'NONE', #7438, #2135 ) ;
#8935 = AXIS2_PLACEMENT_3D ( 'NONE', #6850, #1994, #3763 ) ;
#8936 = EDGE_CURVE ( 'NONE', #8037, #7376, #9346, .T. ) ;
#8937 = DIRECTION ( 'NONE',  ( 0.000000000000000000, 0.000000000000000000, -1.000000000000000000 ) ) ;
#8938 = DIRECTION ( 'NONE',  ( -0.3236155771181821184, -0.3236155771181821184, 0.8891264907159901476 ) ) ;
#8939 = VECTOR ( 'NONE', #4391, 1000.000000000000000 ) ;
#8940 = LINE ( 'NONE', #4059, #4763 ) ;
#8941 = CARTESIAN_POINT ( 'NONE',  ( 5.305000000000000604, 0.4000000000000000222, -1.700000000000000178 ) ) ;
#8942 = AXIS2_PLACEMENT_3D ( 'NONE', #3530, #2020, #9084 ) ;
#8943 = EDGE_LOOP ( 'NONE', ( #7516, #2653, #1676, #4272 ) ) ;
#8944 = CARTESIAN_POINT ( 'NONE',  ( 5.305000000000000604, 1.800000000000000044, -1.700000000000000178 ) ) ;
#8945 = VERTEX_POINT ( 'NONE', #2891 ) ;
#8946 = MECHANICAL_DESIGN_GEOMETRIC_PRESENTATION_REPRESENTATION (  '', ( #1809 ), #4312 ) ;
#8947 = EDGE_LOOP ( 'NONE', ( #8280, #2141, #1515, #10033 ) ) ;
#8948 = AXIS2_PLACEMENT_3D ( 'NONE', #2637, #5740, #8883 ) ;
#8949 = DIRECTION ( 'NONE',  ( -1.000000000000000000, -0.000000000000000000, -0.000000000000000000 ) ) ;
#8950 = AXIS2_PLACEMENT_3D ( 'NONE', #7656, #7802, #8423 ) ;
#8951 = DIRECTION ( 'NONE',  ( -1.000000000000000000, -0.000000000000000000, -0.000000000000000000 ) ) ;
#8952 = FACE_OUTER_BOUND ( 'NONE', #8341, .T. ) ;
#8953 = ORIENTED_EDGE ( 'NONE', *, *, #7591, .T. ) ;
#8954 = CARTESIAN_POINT ( 'NONE',  ( -1.999999999999998224, 8.000000000000000000, -3.599999999999999645 ) ) ;
#8955 = ORIENTED_EDGE ( 'NONE', *, *, #2305, .F. ) ;
#8956 = ORIENTED_EDGE ( 'NONE', *, *, #5746, .T. ) ;
#8957 = ORIENTED_EDGE ( 'NONE', *, *, #4538, .F. ) ;
#8958 = ORIENTED_EDGE ( 'NONE', *, *, #7464, .F. ) ;
#8959 = EDGE_CURVE ( 'NONE', #810, #6155, #1393, .T. ) ;
#8960 = AXIS2_PLACEMENT_3D ( 'NONE', #5555, #5029, #1881 ) ;
#8961 = EDGE_CURVE ( 'NONE', #1689, #4893, #4426, .T. ) ;
#8962 = LINE ( 'NONE', #1732, #1646 ) ;
#8963 = CARTESIAN_POINT ( 'NONE',  ( 4.800000000000000711, 4.939999999999999503, 2.925000000000000711 ) ) ;
#8964 = AXIS2_PLACEMENT_3D ( 'NONE', #9550, #7960, #7812 ) ;
#8965 = DIRECTION ( 'NONE',  ( 0.000000000000000000, 0.4226182617407000519, -0.9063077870366497146 ) ) ;
#8966 = DIRECTION ( 'NONE',  ( 0.000000000000000000, -0.7071067811865455743, 0.7071067811865495711 ) ) ;
#8967 = ORIENTED_EDGE ( 'NONE', *, *, #9091, .T. ) ;
#8968 = LINE ( 'NONE', #7263, #8795 ) ;
#8969 = CARTESIAN_POINT ( 'NONE',  ( 6.000000000000000000, 0.000000000000000000, -3.600000000000000089 ) ) ;
#8970 = ORIENTED_EDGE ( 'NONE', *, *, #3756, .T. ) ;
#8971 = DIRECTION ( 'NONE',  ( 0.000000000000000000, -1.000000000000000000, 0.000000000000000000 ) ) ;
#8972 = VECTOR ( 'NONE', #1445, 1000.000000000000000 ) ;
#8973 = VERTEX_POINT ( 'NONE', #4584 ) ;
#8974 = PLANE ( 'NONE',  #7365 ) ;
#8975 = DIRECTION ( 'NONE',  ( -6.195440985631441512E-16, 1.000000000000000000, 0.000000000000000000 ) ) ;
#8976 = CARTESIAN_POINT ( 'NONE',  ( -0.7499999999999676925, 1.300000000000000266, 3.899999999999999911 ) ) ;
#8977 = VECTOR ( 'NONE', #58, 1000.000000000000000 ) ;
#8978 = LINE ( 'NONE', #1854, #5995 ) ;
#8979 = EDGE_CURVE ( 'NONE', #2194, #4389, #6145, .T. ) ;
#8980 = ORIENTED_EDGE ( 'NONE', *, *, #1876, .F. ) ;
#8981 = DIRECTION ( 'NONE',  ( -1.051347561198064613E-15, 0.000000000000000000, -1.000000000000000000 ) ) ;
#8982 = EDGE_CURVE ( 'NONE', #5177, #1689, #9610, .T. ) ;
#8983 = EDGE_CURVE ( 'NONE', #9817, #44, #7329, .T. ) ;
#8984 = ORIENTED_EDGE ( 'NONE', *, *, #4897, .F. ) ;
#8985 = FACE_OUTER_BOUND ( 'NONE', #5498, .T. ) ;
#8986 = CARTESIAN_POINT ( 'NONE',  ( 3.250000000000033307, 0.2000000000000000111, 2.400000000000000355 ) ) ;
#8987 = CARTESIAN_POINT ( 'NONE',  ( 0.7500000000000318634, 0.2000000000000000111, 3.899999999999999911 ) ) ;
#8988 = CARTESIAN_POINT ( 'NONE',  ( 5.305000000000000604, 1.800000000000000044, -1.699999999999999734 ) ) ;
#8989 = DIRECTION ( 'NONE',  ( -1.000000000000000000, 0.000000000000000000, 0.000000000000000000 ) ) ;
#8990 = DIRECTION ( 'NONE',  ( 0.000000000000000000, 0.000000000000000000, 1.000000000000000000 ) ) ;
#8991 = DIRECTION ( 'NONE',  ( 0.000000000000000000, -1.334402673828314029E-15, 1.000000000000000000 ) ) ;
#8992 = EDGE_CURVE ( 'NONE', #7982, #644, #1347, .T. ) ;
#8993 = EDGE_CURVE ( 'NONE', #8464, #1119, #4733, .T. ) ;
#8994 = ORIENTED_EDGE ( 'NONE', *, *, #102, .F. ) ;
#8995 = DIRECTION ( 'NONE',  ( 0.000000000000000000, 0.000000000000000000, 1.000000000000000000 ) ) ;
#8996 = ORIENTED_EDGE ( 'NONE', *, *, #5548, .F. ) ;
#8997 = VECTOR ( 'NONE', #481, 1000.000000000000000 ) ;
#8998 = ORIENTED_EDGE ( 'NONE', *, *, #2883, .F. ) ;
#8999 = SURFACE_STYLE_USAGE ( .BOTH. , #232 ) ;
#9000 = LINE ( 'NONE', #1151, #6299 ) ;
#9001 = VECTOR ( 'NONE', #6684, 1000.000000000000000 ) ;
#9002 = PLANE ( 'NONE',  #615 ) ;
#9003 = ORIENTED_EDGE ( 'NONE', *, *, #230, .T. ) ;
#9004 = DIRECTION ( 'NONE',  ( 0.000000000000000000, 0.000000000000000000, 1.000000000000000000 ) ) ;
#9005 = CIRCLE ( 'NONE', #4543, 0.09999999999999961697 ) ;
#9006 = LINE ( 'NONE', #8235, #4122 ) ;
#9007 = ORIENTED_EDGE ( 'NONE', *, *, #1271, .T. ) ;
#9008 = EDGE_LOOP ( 'NONE', ( #5294, #9097, #4861, #8271 ) ) ;
#9009 = ORIENTED_EDGE ( 'NONE', *, *, #8983, .F. ) ;
#9010 = AXIS2_PLACEMENT_3D ( 'NONE', #8157, #7537, #2671 ) ;
#9011 = ORIENTED_EDGE ( 'NONE', *, *, #7391, .T. ) ;
#9012 = VECTOR ( 'NONE', #2781, 1000.000000000000000 ) ;
#9013 = CARTESIAN_POINT ( 'NONE',  ( -1.249999999999968248, 0.000000000000000000, 5.000000000000000000 ) ) ;
#9014 = CARTESIAN_POINT ( 'NONE',  ( -4.800000000000000711, 5.500000000000000000, 2.800000000000000266 ) ) ;
#9015 = DIRECTION ( 'NONE',  ( -0.000000000000000000, -0.000000000000000000, 1.000000000000000000 ) ) ;
#9016 = DIRECTION ( 'NONE',  ( -1.000000000000000000, 0.000000000000000000, 0.000000000000000000 ) ) ;
#9017 = ORIENTED_EDGE ( 'NONE', *, *, #368, .F. ) ;
#9018 = DIRECTION ( 'NONE',  ( 0.000000000000000000, -1.591489427501657896E-16, 1.000000000000000000 ) ) ;
#9019 = DIRECTION ( 'NONE',  ( 0.7071067811865451302, -0.7071067811865500152, -2.220562549718386883E-16 ) ) ;
#9020 = ORIENTED_EDGE ( 'NONE', *, *, #9790, .T. ) ;
#9021 = ADVANCED_FACE ( 'NONE', ( #6398 ), #6242, .F. ) ;
#9022 = AXIS2_PLACEMENT_3D ( 'NONE', #5670, #865, #7167 ) ;
#9023 = ADVANCED_FACE ( 'NONE', ( #2269 ), #6446, .F. ) ;
#9024 = ORIENTED_EDGE ( 'NONE', *, *, #9583, .F. ) ;
#9025 = DIRECTION ( 'NONE',  ( 1.000000000000000000, 0.000000000000000000, 0.000000000000000000 ) ) ;
#9026 = PLANE ( 'NONE',  #801 ) ;
#9027 = CARTESIAN_POINT ( 'NONE',  ( 6.000000000000000000, 0.4000000000000000222, 2.149999999999999911 ) ) ;
#9028 = VECTOR ( 'NONE', #9093, 1000.000000000000000 ) ;
#9029 = CARTESIAN_POINT ( 'NONE',  ( -5.054999999999998828, 0.000000000000000000, -5.000000000000000000 ) ) ;
#9030 = VERTEX_POINT ( 'NONE', #10217 ) ;
#9031 = FACE_OUTER_BOUND ( 'NONE', #6982, .T. ) ;
#9032 = ORIENTED_EDGE ( 'NONE', *, *, #1161, .F. ) ;
#9033 = EDGE_CURVE ( 'NONE', #7985, #4248, #4686, .T. ) ;
#9034 = CARTESIAN_POINT ( 'NONE',  ( -5.304999999999998828, 0.4000000000000000222, 1.100000000000000755 ) ) ;
#9035 = EDGE_CURVE ( 'NONE', #3442, #1203, #9447, .T. ) ;
#9036 = LINE ( 'NONE', #1084, #3304 ) ;
#9037 = DIRECTION ( 'NONE',  ( 1.000000000000000000, -0.000000000000000000, -0.000000000000000000 ) ) ;
#9038 = PLANE ( 'NONE',  #4308 ) ;
#9039 = DIRECTION ( 'NONE',  ( -1.000000000000000000, 0.000000000000000000, 0.000000000000000000 ) ) ;
#9040 = LINE ( 'NONE', #2531, #8626 ) ;
#9041 = CARTESIAN_POINT ( 'NONE',  ( 3.751765530540215110, -4.733727681025633494E-16, -4.703991066457715142 ) ) ;
#9042 = ORIENTED_EDGE ( 'NONE', *, *, #6585, .T. ) ;
#9043 = CARTESIAN_POINT ( 'NONE',  ( -5.200000000000001066, 2.400000000000000799, 1.999999999999999556 ) ) ;
#9044 =( GEOMETRIC_REPRESENTATION_CONTEXT ( 3 ) GLOBAL_UNCERTAINTY_ASSIGNED_CONTEXT ( ( #1404 ) ) GLOBAL_UNIT_ASSIGNED_CONTEXT ( ( #4513, #7740, #7631 ) ) REPRESENTATION_CONTEXT ( 'NONE', 'WORKASPACE' ) );
#9045 = VERTEX_POINT ( 'NONE', #4781 ) ;
#9046 = EDGE_LOOP ( 'NONE', ( #7071, #9217, #3906, #5911 ) ) ;
#9047 = ORIENTED_EDGE ( 'NONE', *, *, #5174, .F. ) ;
#9048 = EDGE_CURVE ( 'NONE', #4389, #8802, #2365, .T. ) ;
#9049 =( LENGTH_UNIT ( ) NAMED_UNIT ( * ) SI_UNIT ( .MILLI., .METRE. ) );
#9050 = ADVANCED_FACE ( 'NONE', ( #9587 ), #8681, .F. ) ;
#9051 = DIRECTION ( 'NONE',  ( -3.336006684570783101E-16, 0.000000000000000000, 1.000000000000000000 ) ) ;
#9052 = PLANE ( 'NONE',  #6094 ) ;
#9053 = EDGE_LOOP ( 'NONE', ( #2793, #7624, #5710, #963 ) ) ;
#9054 = CARTESIAN_POINT ( 'NONE',  ( 4.900000000000000355, 1.799999999999999600, 1.099999999999999867 ) ) ;
#9055 = CARTESIAN_POINT ( 'NONE',  ( 5.200000000000001066, 5.299999999999999822, -1.699999999999999734 ) ) ;
#9056 = ORIENTED_EDGE ( 'NONE', *, *, #4989, .F. ) ;
#9057 = EDGE_LOOP ( 'NONE', ( #7505, #7396, #1820, #9807 ) ) ;
#9058 = AXIS2_PLACEMENT_3D ( 'NONE', #3751, #10079, #6162 ) ;
#9059 = VERTEX_POINT ( 'NONE', #7853 ) ;
#9060 = ORIENTED_EDGE ( 'NONE', *, *, #4492, .T. ) ;
#9061 = CARTESIAN_POINT ( 'NONE',  ( 5.200000000000001066, 5.394289321881346133, 1.429289321881345387 ) ) ;
#9062 = DIRECTION ( 'NONE',  ( 0.000000000000000000, 0.000000000000000000, -1.000000000000000000 ) ) ;
#9063 = CARTESIAN_POINT ( 'NONE',  ( -5.200000000000001066, 5.500000000000000888, 3.725000000000000533 ) ) ;
#9064 = AXIS2_PLACEMENT_3D ( 'NONE', #8118, #993, #4166 ) ;
#9065 = DIRECTION ( 'NONE',  ( -0.000000000000000000, 1.000000000000000000, -0.000000000000000000 ) ) ;
#9066 = ORIENTED_EDGE ( 'NONE', *, *, #8886, .T. ) ;
#9067 = FACE_OUTER_BOUND ( 'NONE', #2488, .T. ) ;
#9068 = DIRECTION ( 'NONE',  ( -1.000000000000000000, -0.000000000000000000, -0.000000000000000000 ) ) ;
#9069 = EDGE_LOOP ( 'NONE', ( #941, #10, #1079, #1143 ) ) ;
#9070 = VECTOR ( 'NONE', #1684, 1000.000000000000114 ) ;
#9071 = ORIENTED_EDGE ( 'NONE', *, *, #6841, .T. ) ;
#9072 = DIRECTION ( 'NONE',  ( -1.000000000000000000, -0.000000000000000000, -0.000000000000000000 ) ) ;
#9073 = LINE ( 'NONE', #2515, #6138 ) ;
#9074 = LINE ( 'NONE', #407, #4901 ) ;
#9075 = EDGE_CURVE ( 'NONE', #8649, #9158, #6292, .T. ) ;
#9076 = SURFACE_STYLE_FILL_AREA ( #5207 ) ;
#9077 = CARTESIAN_POINT ( 'NONE',  ( 0.7500000000000318634, 0.000000000000000000, 2.400000000000000355 ) ) ;
#9078 = VERTEX_POINT ( 'NONE', #4833 ) ;
#9079 = CIRCLE ( 'NONE', #2423, 0.09999999999999961697 ) ;
#9080 = LINE ( 'NONE', #365, #9965 ) ;
#9081 = CARTESIAN_POINT ( 'NONE',  ( -5.304999999999998828, 1.800000000000000488, -3.200000000000001510 ) ) ;
#9082 = CARTESIAN_POINT ( 'NONE',  ( -0.6999999999999992895, 4.400000000000000355, 2.250000000000000000 ) ) ;
#9083 = CARTESIAN_POINT ( 'NONE',  ( 6.000000000000000000, 5.700000000000000178, 0.1000000000000002554 ) ) ;
#9084 = DIRECTION ( 'NONE',  ( -1.000000000000000000, 0.000000000000000000, 0.000000000000000000 ) ) ;
#9085 = EDGE_CURVE ( 'NONE', #5187, #123, #3935, .T. ) ;
#9086 = EDGE_CURVE ( 'NONE', #10075, #4387, #9540, .T. ) ;
#9087 = CARTESIAN_POINT ( 'NONE',  ( 5.200000000000001066, 4.864999999999999325, 2.925000000000000266 ) ) ;
#9088 = DIRECTION ( 'NONE',  ( -0.000000000000000000, -0.000000000000000000, 1.000000000000000000 ) ) ;
#9089 = LINE ( 'NONE', #3421, #4981 ) ;
#9090 = CARTESIAN_POINT ( 'NONE',  ( 5.305000000000000604, 0.3999999999999996336, 1.399999999999999689 ) ) ;
#9091 = EDGE_CURVE ( 'NONE', #6839, #7361, #3146, .T. ) ;
#9092 = ORIENTED_EDGE ( 'NONE', *, *, #8633, .T. ) ;
#9093 = DIRECTION ( 'NONE',  ( -0.000000000000000000, -0.000000000000000000, -1.000000000000000000 ) ) ;
#9094 = ORIENTED_EDGE ( 'NONE', *, *, #5677, .F. ) ;
#9095 = EDGE_CURVE ( 'NONE', #2615, #1793, #9496, .T. ) ;
#9096 = CIRCLE ( 'NONE', #3109, 0.1000000000000018929 ) ;
#9097 = ORIENTED_EDGE ( 'NONE', *, *, #1692, .F. ) ;
#9098 = VERTEX_POINT ( 'NONE', #3244 ) ;
#9099 =( NAMED_UNIT ( * ) PLANE_ANGLE_UNIT ( ) SI_UNIT ( $, .RADIAN. ) );
#9100 = VECTOR ( 'NONE', #5753, 1000.000000000000000 ) ;
#9101 = LINE ( 'NONE', #433, #8939 ) ;
#9102 = FACE_OUTER_BOUND ( 'NONE', #2801, .T. ) ;
#9103 = ORIENTED_EDGE ( 'NONE', *, *, #4593, .T. ) ;
#9104 = ADVANCED_FACE ( 'NONE', ( #1695 ), #2463, .F. ) ;
#9105 = VECTOR ( 'NONE', #2992, 1000.000000000000000 ) ;
#9106 = CARTESIAN_POINT ( 'NONE',  ( -5.305000000000000604, 4.050000000000000711, -3.000000000000000000 ) ) ;
#9107 = ORIENTED_EDGE ( 'NONE', *, *, #4647, .T. ) ;
#9108 = ADVANCED_FACE ( 'NONE', ( #4888 ), #816, .F. ) ;
#9109 = ORIENTED_EDGE ( 'NONE', *, *, #8617, .F. ) ;
#9110 = VECTOR ( 'NONE', #7725, 1000.000000000000000 ) ;
#9111 = ORIENTED_EDGE ( 'NONE', *, *, #6462, .F. ) ;
#9112 = ORIENTED_EDGE ( 'NONE', *, *, #6276, .F. ) ;
#9113 = COLOUR_RGB ( '',0.7921568627450980005, 0.8196078431372548767, 0.9333333333333333481 ) ;
#9114 = FACE_OUTER_BOUND ( 'NONE', #2706, .T. ) ;
#9115 = DIRECTION ( 'NONE',  ( 0.000000000000000000, 1.000000000000000000, 0.000000000000000000 ) ) ;
#9116 = PLANE ( 'NONE',  #2859 ) ;
#9117 = PRESENTATION_LAYER_ASSIGNMENT (  '', '', ( #2967 ) ) ;
#9118 = CARTESIAN_POINT ( 'NONE',  ( 4.350000000000002309, 2.350000000000000089, -4.500000000000000888 ) ) ;
#9119 = ORIENTED_EDGE ( 'NONE', *, *, #8796, .F. ) ;
#9120 = DIRECTION ( 'NONE',  ( -0.000000000000000000, -0.000000000000000000, 1.000000000000000000 ) ) ;
#9121 = CARTESIAN_POINT ( 'NONE',  ( -1.999999999999998224, 0.3499999999999996447, -4.100000000000005862 ) ) ;
#9122 = VERTEX_POINT ( 'NONE', #8772 ) ;
#9123 = EDGE_CURVE ( 'NONE', #3850, #7008, #8001, .T. ) ;
#9124 =( GEOMETRIC_REPRESENTATION_CONTEXT ( 3 ) GLOBAL_UNCERTAINTY_ASSIGNED_CONTEXT ( ( #3488 ) ) GLOBAL_UNIT_ASSIGNED_CONTEXT ( ( #4126, #2545, #1674 ) ) REPRESENTATION_CONTEXT ( 'NONE', 'WORKASPACE' ) );
#9125 = ORIENTED_EDGE ( 'NONE', *, *, #6627, .F. ) ;
#9126 = CARTESIAN_POINT ( 'NONE',  ( 5.201446609406726651, 0.5035533905932753074, -5.000000000000000000 ) ) ;
#9127 = CARTESIAN_POINT ( 'NONE',  ( -5.305000000000000604, 4.050000000000000711, -3.200000000000000178 ) ) ;
#9128 = FACE_OUTER_BOUND ( 'NONE', #2999, .T. ) ;
#9129 = AXIS2_PLACEMENT_3D ( 'NONE', #6282, #7157, #10206 ) ;
#9130 = DIRECTION ( 'NONE',  ( -1.000000000000000000, 0.000000000000000000, 0.000000000000000000 ) ) ;
#9131 = COLOUR_RGB ( '',0.7921568627450980005, 0.8196078431372548767, 0.9333333333333333481 ) ;
#9132 = CARTESIAN_POINT ( 'NONE',  ( 5.200000000000001066, 5.400000000000001243, 1.282157287525380829 ) ) ;
#9133 = ORIENTED_EDGE ( 'NONE', *, *, #3219, .F. ) ;
#9134 = FACE_OUTER_BOUND ( 'NONE', #1895, .T. ) ;
#9135 = AXIS2_PLACEMENT_3D ( 'NONE', #9627, #9569, #7200 ) ;
#9136 = CARTESIAN_POINT ( 'NONE',  ( -0.6250000000000000000, 5.000000000000000000, -0.9499999999999998446 ) ) ;
#9137 = VECTOR ( 'NONE', #7222, 1000.000000000000000 ) ;
#9138 = PLANE ( 'NONE',  #4378 ) ;
#9139 = CARTESIAN_POINT ( 'NONE',  ( -5.200000000000001066, 2.575000000000000178, 3.899999999999999911 ) ) ;
#9140 = DIRECTION ( 'NONE',  ( 0.000000000000000000, 0.000000000000000000, 1.000000000000000000 ) ) ;
#9141 = AXIS2_PLACEMENT_3D ( 'NONE', #3385, #1833, #9831 ) ;
#9142 = CARTESIAN_POINT ( 'NONE',  ( 6.000000000000000000, 2.350000000000000089, -4.500000000000000888 ) ) ;
#9143 = DIRECTION ( 'NONE',  ( -1.000000000000000000, -0.000000000000000000, 4.818676322157796389E-16 ) ) ;
#9144 = CARTESIAN_POINT ( 'NONE',  ( -3.605000070550463231, 0.2905905077850172713, -4.999999889257941810 ) ) ;
#9145 = VECTOR ( 'NONE', #1342, 1000.000000000000000 ) ;
#9146 = ADVANCED_FACE ( 'NONE', ( #3841 ), #7013, .F. ) ;
#9147 = ORIENTED_EDGE ( 'NONE', *, *, #4905, .T. ) ;
#9148 = DIRECTION ( 'NONE',  ( -1.239088197126288302E-15, -1.000000000000000000, 0.000000000000000000 ) ) ;
#9149 = EDGE_LOOP ( 'NONE', ( #9765, #2102, #8141, #5134 ) ) ;
#9150 = ADVANCED_FACE ( 'NONE', ( #1851 ), #359, .F. ) ;
#9151 = EDGE_CURVE ( 'NONE', #6941, #4925, #4094, .T. ) ;
#9152 = ORIENTED_EDGE ( 'NONE', *, *, #10234, .F. ) ;
#9153 = FILL_AREA_STYLE ('',( #3699 ) ) ;
#9154 = LINE ( 'NONE', #8494, #5594 ) ;
#9155 = VERTEX_POINT ( 'NONE', #972 ) ;
#9156 = DIRECTION ( 'NONE',  ( 1.000000000000000000, -0.000000000000000000, -0.000000000000000000 ) ) ;
#9157 = CARTESIAN_POINT ( 'NONE',  ( 6.000000000000000000, 2.750000000000001332, -3.200000000000000178 ) ) ;
#9158 = VERTEX_POINT ( 'NONE', #4306 ) ;
#9159 = CARTESIAN_POINT ( 'NONE',  ( 3.537690618442709045, 8.000000000000000000, -4.855654565435175485 ) ) ;
#9160 = ORIENTED_EDGE ( 'NONE', *, *, #136, .F. ) ;
#9161 = ORIENTED_EDGE ( 'NONE', *, *, #3031, .F. ) ;
#9162 = ORIENTED_EDGE ( 'NONE', *, *, #7583, .F. ) ;
#9163 = EDGE_CURVE ( 'NONE', #4028, #123, #8255, .T. ) ;
#9164 = VECTOR ( 'NONE', #5535, 1000.000000000000114 ) ;
#9165 = DIRECTION ( 'NONE',  ( -0.000000000000000000, -0.000000000000000000, -1.000000000000000000 ) ) ;
#9166 = DIRECTION ( 'NONE',  ( 0.000000000000000000, 0.000000000000000000, 1.000000000000000000 ) ) ;
#9167 = CARTESIAN_POINT ( 'NONE',  ( -0.6250000000000000000, 4.933076923076924025, -1.345384615384614957 ) ) ;
#9168 = ADVANCED_FACE ( 'NONE', ( #8204 ), #1796, .F. ) ;
#9169 = SURFACE_SIDE_STYLE ('',( #5405 ) ) ;
#9170 = ORIENTED_EDGE ( 'NONE', *, *, #9750, .F. ) ;
#9171 = LINE ( 'NONE', #3917, #8473 ) ;
#9172 = DIRECTION ( 'NONE',  ( 0.000000000000000000, 0.000000000000000000, -1.000000000000000000 ) ) ;
#9173 = ORIENTED_EDGE ( 'NONE', *, *, #4119, .F. ) ;
#9174 = AXIS2_PLACEMENT_3D ( 'NONE', #5058, #8371, #216 ) ;
#9175 = AXIS2_PLACEMENT_3D ( 'NONE', #3296, #920, #4887 ) ;
#9176 = VERTEX_POINT ( 'NONE', #306 ) ;
#9177 = EDGE_CURVE ( 'NONE', #8868, #3286, #9073, .T. ) ;
#9178 = LINE ( 'NONE', #7640, #6003 ) ;
#9179 = CARTESIAN_POINT ( 'NONE',  ( -0.7499999999999676925, 0.000000000000000000, 5.000000000000000000 ) ) ;
#9180 = ADVANCED_FACE ( 'NONE', ( #7428 ), #9026, .F. ) ;
#9181 = LINE ( 'NONE', #461, #5826 ) ;
#9182 = DIRECTION ( 'NONE',  ( 0.000000000000000000, 0.000000000000000000, -1.000000000000000000 ) ) ;
#9183 = VECTOR ( 'NONE', #9072, 1000.000000000000000 ) ;
#9184 = ORIENTED_EDGE ( 'NONE', *, *, #5548, .T. ) ;
#9185 = DIRECTION ( 'NONE',  ( -0.3236155771181821184, 0.3236155771181821184, -0.8891264907159901476 ) ) ;
#9186 = LINE ( 'NONE', #3734, #2035 ) ;
#9188 = VECTOR ( 'NONE', #1565, 1000.000000000000000 ) ;
#9187 = CARTESIAN_POINT ( 'NONE',  ( -4.800000000000000711, 5.394289321881346133, 1.429289321881345387 ) ) ;
#9189 = DIRECTION ( 'NONE',  ( 0.000000000000000000, -0.7071067811865385799, 0.7071067811865565655 ) ) ;
#9190 = CARTESIAN_POINT ( 'NONE',  ( 3.049999999999998046, 3.850000000000001421, -3.200000000000000178 ) ) ;
#9191 = CARTESIAN_POINT ( 'NONE',  ( -3.200000000000000622, 4.800000000000000711, 0.7999999999999994893 ) ) ;
#9192 = DIRECTION ( 'NONE',  ( 0.7071067811865439090, 4.380838333381037834E-16, 0.7071067811865512365 ) ) ;
#9193 = CARTESIAN_POINT ( 'NONE',  ( -3.751765530540187576, 5.405539313476025648E-16, -4.703991066457678727 ) ) ;
#9194 = DIRECTION ( 'NONE',  ( 0.000000000000000000, -1.548860246407863829E-16, 1.000000000000000000 ) ) ;
#9195 = ORIENTED_EDGE ( 'NONE', *, *, #7528, .F. ) ;
#9196 = VERTEX_POINT ( 'NONE', #3515 ) ;
#9197 = VERTEX_POINT ( 'NONE', #5878 ) ;
#9198 = CARTESIAN_POINT ( 'NONE',  ( 3.250000000000032419, 0.2000000000000000111, 2.400000000000000355 ) ) ;
#9199 = UNCERTAINTY_MEASURE_WITH_UNIT (LENGTH_MEASURE( 1.000000000000000082E-05 ), #4899, 'distance_accuracy_value', 'NONE');
#9200 = LINE ( 'NONE', #1306, #4645 ) ;
#9201 = EDGE_CURVE ( 'NONE', #8810, #2812, #1028, .T. ) ;
#9202 = LINE ( 'NONE', #2084, #1915 ) ;
#9203 = ORIENTED_EDGE ( 'NONE', *, *, #7800, .F. ) ;
#9204 = LINE ( 'NONE', #2189, #2647 ) ;
#9205 = CARTESIAN_POINT ( 'NONE',  ( 4.900000000000000355, 0.4000000000000050182, 4.898587196589475321E-17 ) ) ;
#9206 = ORIENTED_EDGE ( 'NONE', *, *, #4090, .F. ) ;
#9207 = CARTESIAN_POINT ( 'NONE',  ( 6.000000000000000000, 5.064999999999999503, 2.250000000000000444 ) ) ;
#9208 = ORIENTED_EDGE ( 'NONE', *, *, #6858, .F. ) ;
#9209 = VERTEX_POINT ( 'NONE', #1898 ) ;
#9210 = AXIS2_PLACEMENT_3D ( 'NONE', #5452, #2344, #1672 ) ;
#9211 = VERTEX_POINT ( 'NONE', #4941 ) ;
#9212 = FACE_OUTER_BOUND ( 'NONE', #9715, .T. ) ;
#9213 =( NAMED_UNIT ( * ) PLANE_ANGLE_UNIT ( ) SI_UNIT ( $, .RADIAN. ) );
#9214 = DIRECTION ( 'NONE',  ( -1.000000000000000000, 0.000000000000000000, 0.000000000000000000 ) ) ;
#9215 = EDGE_CURVE ( 'NONE', #9209, #4490, #7271, .T. ) ;
#9216 = CARTESIAN_POINT ( 'NONE',  ( 1.250000000000032419, 1.300000000000000266, 3.899999999999999911 ) ) ;
#9217 = ORIENTED_EDGE ( 'NONE', *, *, #5881, .T. ) ;
#9218 = CARTESIAN_POINT ( 'NONE',  ( 3.250000000000032419, 0.6000000000000000888, 5.000000000000000000 ) ) ;
#9219 = LINE ( 'NONE', #2156, #4161 ) ;
#9220 = ORIENTED_EDGE ( 'NONE', *, *, #3247, .F. ) ;
#9221 = EDGE_LOOP ( 'NONE', ( #8050, #5197, #2434, #5170 ) ) ;
#9222 = ORIENTED_EDGE ( 'NONE', *, *, #9330, .F. ) ;
#9223 = CARTESIAN_POINT ( 'NONE',  ( -5.305000000000000604, 0.000000000000000000, 0.000000000000000000 ) ) ;
#9224 = VECTOR ( 'NONE', #6625, 1000.000000000000000 ) ;
#9225 = PLANE ( 'NONE',  #6829 ) ;
#9226 = FACE_OUTER_BOUND ( 'NONE', #5910, .T. ) ;
#9227 = CARTESIAN_POINT ( 'NONE',  ( 5.200000000000001066, 5.465000000000000746, 1.499999999999999334 ) ) ;
#9228 = VERTEX_POINT ( 'NONE', #6661 ) ;
#9229 = CARTESIAN_POINT ( 'NONE',  ( -5.200000000000001066, 5.470710678118656745, 0.6028679656440332213 ) ) ;
#9230 = ORIENTED_EDGE ( 'NONE', *, *, #5235, .T. ) ;
#9231 = DIRECTION ( 'NONE',  ( -0.000000000000000000, 1.000000000000000000, 0.000000000000000000 ) ) ;
#9232 = DIRECTION ( 'NONE',  ( 1.239088197126290669E-15, 0.000000000000000000, 1.000000000000000000 ) ) ;
#9233 = VECTOR ( 'NONE', #2331, 1000.000000000000000 ) ;
#9234 = ADVANCED_FACE ( 'NONE', ( #9851 ), #154, .F. ) ;
#9235 = EDGE_CURVE ( 'NONE', #9946, #6658, #9800, .T. ) ;
#9236 = DIRECTION ( 'NONE',  ( -1.000000000000000000, -1.734723475976808672E-15, 0.000000000000000000 ) ) ;
#9237 = DIRECTION ( 'NONE',  ( -0.000000000000000000, -0.000000000000000000, 1.000000000000000000 ) ) ;
#9238 = PLANE ( 'NONE',  #484 ) ;
#9239 = VECTOR ( 'NONE', #7180, 1000.000000000000000 ) ;
#9240 = DIRECTION ( 'NONE',  ( 0.000000000000000000, 0.000000000000000000, 1.000000000000000000 ) ) ;
#9241 = FACE_OUTER_BOUND ( 'NONE', #9372, .T. ) ;
#9242 = FACE_OUTER_BOUND ( 'NONE', #1355, .T. ) ;
#9243 = CARTESIAN_POINT ( 'NONE',  ( 6.000000000000000000, 3.150000000000000799, -3.200000000000000178 ) ) ;
#9244 = VERTEX_POINT ( 'NONE', #7330 ) ;
#9245 = PLANE ( 'NONE',  #2705 ) ;
#9246 = EDGE_LOOP ( 'NONE', ( #2704, #9584, #4852, #5901 ) ) ;
#9247 = EDGE_CURVE ( 'NONE', #7695, #8021, #7378, .T. ) ;
#9248 = STYLED_ITEM ( 'NONE', ( #3571 ), #5017 ) ;
#9249 = VERTEX_POINT ( 'NONE', #6560 ) ;
#9250 = LINE ( 'NONE', #2230, #7178 ) ;
#9251 = CARTESIAN_POINT ( 'NONE',  ( 6.000000000000000000, 1.799999999999999600, 1.399999999999999689 ) ) ;
#9252 = CARTESIAN_POINT ( 'NONE',  ( 5.305000000000000604, 8.000000000000000000, -5.000000000000004441 ) ) ;
#9253 = ORIENTED_EDGE ( 'NONE', *, *, #9201, .F. ) ;
#9254 = DIRECTION ( 'NONE',  ( 0.000000000000000000, 0.7071067811865535679, 0.7071067811865415775 ) ) ;
#9255 = FACE_OUTER_BOUND ( 'NONE', #1455, .T. ) ;
#9256 = EDGE_LOOP ( 'NONE', ( #8570, #3023, #4361, #4487 ) ) ;
#9257 = DIRECTION ( 'NONE',  ( -1.000000000000000000, -0.000000000000000000, -0.000000000000000000 ) ) ;
#9258 = EDGE_LOOP ( 'NONE', ( #8469, #4514, #5358, #8139 ) ) ;
#9259 = ORIENTED_EDGE ( 'NONE', *, *, #7615, .F. ) ;
#9260 = ORIENTED_EDGE ( 'NONE', *, *, #8658, .T. ) ;
#9261 = VECTOR ( 'NONE', #2771, 1000.000000000000000 ) ;
#9262 = AXIS2_PLACEMENT_3D ( 'NONE', #8497, #9863, #9757 ) ;
#9263 = DIRECTION ( 'NONE',  ( 2.224004456380521903E-16, -1.000000000000000000, 0.000000000000000000 ) ) ;
#9264 = CYLINDRICAL_SURFACE ( 'NONE', #6269, 0.3499999999999996447 ) ;
#9265 = AXIS2_PLACEMENT_3D ( 'NONE', #5913, #6124, #6071 ) ;
#9266 = FACE_OUTER_BOUND ( 'NONE', #9976, .T. ) ;
#9267 = FACE_OUTER_BOUND ( 'NONE', #280, .T. ) ;
#9268 = EDGE_LOOP ( 'NONE', ( #4076, #2433, #10194, #7568 ) ) ;
#9269 = DIRECTION ( 'NONE',  ( 0.000000000000000000, 0.000000000000000000, 1.000000000000000000 ) ) ;
#9270 = CARTESIAN_POINT ( 'NONE',  ( 6.000000000000000000, 2.400000000000000355, 1.799999999999999156 ) ) ;
#9271 = COLOUR_RGB ( '',1.000000000000000000, 1.000000000000000000, 0.7529411764705882248 ) ;
#9272 = ORIENTED_EDGE ( 'NONE', *, *, #202, .T. ) ;
#9273 = EDGE_LOOP ( 'NONE', ( #3331, #9891, #6787, #9056, #6437 ) ) ;
#9274 = EDGE_CURVE ( 'NONE', #2337, #3705, #4796, .T. ) ;
#9275 = EDGE_CURVE ( 'NONE', #1787, #3442, #5093, .T. ) ;
#9276 = VERTEX_POINT ( 'NONE', #1075 ) ;
#9277 = AXIS2_PLACEMENT_3D ( 'NONE', #5329, #6149, #1351 ) ;
#9278 = LINE ( 'NONE', #6186, #6633 ) ;
#9279 = DIRECTION ( 'NONE',  ( 5.102127870520020982E-16, -1.000000000000000000, 0.000000000000000000 ) ) ;
#9280 = EDGE_CURVE ( 'NONE', #1573, #4077, #257, .T. ) ;
#9281 = CARTESIAN_POINT ( 'NONE',  ( 4.004999999999999893, 5.499999999999998224, 2.800000000000000266 ) ) ;
#9282 = ORIENTED_EDGE ( 'NONE', *, *, #6462, .T. ) ;
#9283 = CARTESIAN_POINT ( 'NONE',  ( -4.800000000000000711, 5.064999999999999503, 2.250000000000000444 ) ) ;
#9284 = VECTOR ( 'NONE', #908, 1000.000000000000000 ) ;
#9285 = ORIENTED_EDGE ( 'NONE', *, *, #4373, .T. ) ;
#9286 = DIRECTION ( 'NONE',  ( 0.4226182617407019948, -0.000000000000000000, 0.9063077870366487154 ) ) ;
#9287 = AXIS2_PLACEMENT_3D ( 'NONE', #1117, #3561, #7420 ) ;
#9288 = LINE ( 'NONE', #9187, #8023 ) ;
#9289 = LINE ( 'NONE', #7710, #4 ) ;
#9290 = CARTESIAN_POINT ( 'NONE',  ( 4.900000000000000355, 0.4000000000000000222, 1.099999999999999867 ) ) ;
#9291 = ADVANCED_FACE ( 'NONE', ( #569 ), #3568, .F. ) ;
#9292 = CARTESIAN_POINT ( 'NONE',  ( -4.800000000000000711, 5.425000000000000711, 3.000000000000000444 ) ) ;
#9293 = CARTESIAN_POINT ( 'NONE',  ( 6.000000000000000000, 5.700000000000000178, 3.000000000000002665 ) ) ;
#9294 = EDGE_CURVE ( 'NONE', #8191, #2806, #458, .T. ) ;
#9295 = AXIS2_PLACEMENT_3D ( 'NONE', #3361, #1810, #1859 ) ;
#9296 = CARTESIAN_POINT ( 'NONE',  ( -2.749999999999967137, 0.2000000000000000111, 3.899999999999999911 ) ) ;
#9297 = EDGE_CURVE ( 'NONE', #140, #9752, #2831, .T. ) ;
#9298 = EDGE_CURVE ( 'NONE', #836, #7841, #9334, .T. ) ;
#9299 = LINE ( 'NONE', #10175, #4508 ) ;
#9300 = ORIENTED_EDGE ( 'NONE', *, *, #6905, .T. ) ;
#9301 = CYLINDRICAL_SURFACE ( 'NONE', #9830, 0.2500000000000002220 ) ;
#9302 = VERTEX_POINT ( 'NONE', #6953 ) ;
#9303 = EDGE_CURVE ( 'NONE', #1246, #2605, #619, .T. ) ;
#9304 = VECTOR ( 'NONE', #7347, 1000.000000000000000 ) ;
#9305 = VECTOR ( 'NONE', #8510, 1000.000000000000000 ) ;
#9306 = EDGE_LOOP ( 'NONE', ( #5291, #7619, #6956, #6683 ) ) ;
#9307 = LINE ( 'NONE', #10183, #4197 ) ;
#9308 = UNCERTAINTY_MEASURE_WITH_UNIT (LENGTH_MEASURE( 1.000000000000000082E-05 ), #3285, 'distance_accuracy_value', 'NONE');
#9309 = EDGE_CURVE ( 'NONE', #10238, #1679, #6033, .T. ) ;
#9310 = ADVANCED_FACE ( 'NONE', ( #9951 ), #406, .F. ) ;
#9311 = DIRECTION ( 'NONE',  ( 0.000000000000000000, -0.000000000000000000, -1.000000000000000000 ) ) ;
#9312 = VECTOR ( 'NONE', #8520, 1000.000000000000227 ) ;
#9313 = FACE_OUTER_BOUND ( 'NONE', #4572, .T. ) ;
#9314 = ORIENTED_EDGE ( 'NONE', *, *, #7381, .T. ) ;
#9315 = CARTESIAN_POINT ( 'NONE',  ( 5.007179676972450366, 0.000000000000000000, -1.513476936738000322 ) ) ;
#9316 = LINE ( 'NONE', #2037, #2940 ) ;
#9317 = ORIENTED_EDGE ( 'NONE', *, *, #3293, .F. ) ;
#9318 = PLANE ( 'NONE',  #3711 ) ;
#9319 = ORIENTED_EDGE ( 'NONE', *, *, #7185, .T. ) ;
#9320 = VECTOR ( 'NONE', #7997, 1000.000000000000114 ) ;
#9321 = ORIENTED_EDGE ( 'NONE', *, *, #5988, .F. ) ;
#9322 = VERTEX_POINT ( 'NONE', #8467 ) ;
#9323 = DIRECTION ( 'NONE',  ( 0.000000000000000000, 1.000000000000000000, 0.000000000000000000 ) ) ;
#9324 = CARTESIAN_POINT ( 'NONE',  ( 5.200000000000001066, 2.400000000000001243, -1.699999999999999512 ) ) ;
#9325 = LINE ( 'NONE', #8351, #604 ) ;
#9326 = ORIENTED_EDGE ( 'NONE', *, *, #2221, .F. ) ;
#9327 = CARTESIAN_POINT ( 'NONE',  ( 0.7500000000000318634, 0.2000000000000000111, 2.399999999999986144 ) ) ;
#9328 = DIRECTION ( 'NONE',  ( 0.000000000000000000, -1.224646799147353454E-16, 1.000000000000000000 ) ) ;
#9329 = ORIENTED_EDGE ( 'NONE', *, *, #2574, .T. ) ;
#9330 = EDGE_CURVE ( 'NONE', #3442, #10131, #6861, .T. ) ;
#9331 = ORIENTED_EDGE ( 'NONE', *, *, #4681, .F. ) ;
#9332 = VECTOR ( 'NONE', #6459, 1000.000000000000000 ) ;
#9333 = EDGE_LOOP ( 'NONE', ( #5191, #8519, #443, #3708 ) ) ;
#9334 = LINE ( 'NONE', #3777, #10253 ) ;
#9335 = LINE ( 'NONE', #8412, #1429 ) ;
#9336 = CARTESIAN_POINT ( 'NONE',  ( -0.7499999999999676925, 0.2000000000000000111, 2.400000000000000355 ) ) ;
#9337 = EDGE_LOOP ( 'NONE', ( #2963, #3252, #2914, #7228 ) ) ;
#9338 = EDGE_CURVE ( 'NONE', #9536, #797, #8514, .T. ) ;
#9339 = DIRECTION ( 'NONE',  ( -0.000000000000000000, -0.000000000000000000, -1.000000000000000000 ) ) ;
#9340 = EDGE_CURVE ( 'NONE', #4208, #7350, #9278, .T. ) ;
#9341 = VERTEX_POINT ( 'NONE', #9127 ) ;
#9342 = DIRECTION ( 'NONE',  ( -1.000000000000000000, -0.000000000000000000, -0.000000000000000000 ) ) ;
#9343 = VECTOR ( 'NONE', #4789, 1000.000000000000114 ) ;
#9344 = VECTOR ( 'NONE', #5525, 1000.000000000000000 ) ;
#9345 = LINE ( 'NONE', #7012, #8192 ) ;
#9346 = LINE ( 'NONE', #3736, #5829 ) ;
#9347 = DIRECTION ( 'NONE',  ( 1.000000000000000000, 0.000000000000000000, -0.000000000000000000 ) ) ;
#9348 = COLOUR_RGB ( '',0.7921568627450980005, 0.8196078431372548767, 0.9333333333333333481 ) ;
#9349 = DIRECTION ( 'NONE',  ( 0.5773502691896315042, -0.5773502691896266192, 0.5773502691896191807 ) ) ;
#9350 = CARTESIAN_POINT ( 'NONE',  ( -1.000000000000000000, 4.400000000000000355, 0.7999999999999994893 ) ) ;
#9351 = EDGE_CURVE ( 'NONE', #5057, #8005, #2061, .T. ) ;
#9352 = DIRECTION ( 'NONE',  ( -0.7071067811865463515, -1.572608632495765768E-16, 0.7071067811865486830 ) ) ;
#9353 = EDGE_CURVE ( 'NONE', #8544, #687, #2008, .T. ) ;
#9354 = ORIENTED_EDGE ( 'NONE', *, *, #6063, .T. ) ;
#9355 = FILL_AREA_STYLE_COLOUR ( '', #4054 ) ;
#9356 = ORIENTED_EDGE ( 'NONE', *, *, #4194, .T. ) ;
#9357 = EDGE_CURVE ( 'NONE', #6163, #6079, #10004, .T. ) ;
#9358 = VECTOR ( 'NONE', #3652, 1000.000000000000114 ) ;
#9359 = ORIENTED_EDGE ( 'NONE', *, *, #1620, .F. ) ;
#9360 = LINE ( 'NONE', #640, #5864 ) ;
#9361 = AXIS2_PLACEMENT_3D ( 'NONE', #6662, #360, #5925 ) ;
#9362 = SURFACE_SIDE_STYLE ('',( #7819 ) ) ;
#9363 = VECTOR ( 'NONE', #6250, 1000.000000000000000 ) ;
#9364 = CYLINDRICAL_SURFACE ( 'NONE', #9876, 0.1000000000000018929 ) ;
#9365 = VERTEX_POINT ( 'NONE', #8411 ) ;
#9366 = CARTESIAN_POINT ( 'NONE',  ( -4.800000000000000711, 5.699999999999999289, 2.250000000000000000 ) ) ;
#9367 = EDGE_LOOP ( 'NONE', ( #2461, #9417, #1730, #6975 ) ) ;
#9368 = PLANE ( 'NONE',  #5060 ) ;
#9369 = ORIENTED_EDGE ( 'NONE', *, *, #3531, .F. ) ;
#9370 = EDGE_CURVE ( 'NONE', #4574, #241, #7748, .T. ) ;
#9371 = EDGE_CURVE ( 'NONE', #2615, #4641, #4465, .T. ) ;
#9372 = EDGE_LOOP ( 'NONE', ( #8700, #9768, #7473, #7678 ) ) ;
#9373 = ORIENTED_EDGE ( 'NONE', *, *, #8397, .F. ) ;
#9374 = EDGE_CURVE ( 'NONE', #8973, #4397, #4521, .T. ) ;
#9375 = PLANE ( 'NONE',  #9592 ) ;
#9376 = EDGE_CURVE ( 'NONE', #9209, #8512, #9178, .T. ) ;
#9377 = LINE ( 'NONE', #9424, #153 ) ;
#9378 = CARTESIAN_POINT ( 'NONE',  ( -4.200000000000000178, 2.104927361626601101, -4.849999999999997868 ) ) ;
#9379 = ORIENTED_EDGE ( 'NONE', *, *, #1866, .T. ) ;
#9380 = LINE ( 'NONE', #1424, #8811 ) ;
#9381 = ORIENTED_EDGE ( 'NONE', *, *, #9877, .T. ) ;
#9382 = VERTEX_POINT ( 'NONE', #3673 ) ;
#9383 = VECTOR ( 'NONE', #5140, 1000.000000000000114 ) ;
#9384 = ORIENTED_EDGE ( 'NONE', *, *, #2677, .T. ) ;
#9385 = ORIENTED_EDGE ( 'NONE', *, *, #156, .F. ) ;
#9386 = ADVANCED_FACE ( 'NONE', ( #2881 ), #9225, .T. ) ;
#9387 = DIRECTION ( 'NONE',  ( 0.000000000000000000, 0.000000000000000000, 1.000000000000000000 ) ) ;
#9388 = DIRECTION ( 'NONE',  ( 0.000000000000000000, 0.000000000000000000, -1.000000000000000000 ) ) ;
#9389 = VECTOR ( 'NONE', #2247, 1000.000000000000000 ) ;
#9390 = CARTESIAN_POINT ( 'NONE',  ( -4.800000000000000711, 5.500000000000000888, -1.699999999999997291 ) ) ;
#9391 = ORIENTED_EDGE ( 'NONE', *, *, #6122, .T. ) ;
#9392 = DIRECTION ( 'NONE',  ( -1.000000000000000000, -2.224004456380521903E-16, 0.000000000000000000 ) ) ;
#9393 = EDGE_LOOP ( 'NONE', ( #7777, #4235, #9042, #9456, #6793, #1269 ) ) ;
#9394 = DIRECTION ( 'NONE',  ( -0.3236155771181821184, 0.3236155771181821184, 0.8891264907159901476 ) ) ;
#9395 = VECTOR ( 'NONE', #7941, 1000.000000000000000 ) ;
#9396 = FACE_OUTER_BOUND ( 'NONE', #334, .T. ) ;
#9397 = EDGE_CURVE ( 'NONE', #7636, #8805, #806, .T. ) ;
#9398 = CARTESIAN_POINT ( 'NONE',  ( -0.7499999999999676925, 0.000000000000000000, 2.900000000000001688 ) ) ;
#9399 = CARTESIAN_POINT ( 'NONE',  ( -3.200000000000000622, 4.800000000000000711, 0.7999999999999994893 ) ) ;
#9400 = CARTESIAN_POINT ( 'NONE',  ( -5.304999999999998828, 0.4000000000000000222, 2.149999999999999911 ) ) ;
#9401 = CARTESIAN_POINT ( 'NONE',  ( 2.750000000000000888, 2.259191070279860103, -2.300000000000000266 ) ) ;
#9402 = AXIS2_PLACEMENT_3D ( 'NONE', #3393, #6597, #5815 ) ;
#9403 = CARTESIAN_POINT ( 'NONE',  ( 1.999999999999998224, 0.000000000000000000, -3.750000000000005329 ) ) ;
#9404 = ORIENTED_EDGE ( 'NONE', *, *, #5679, .F. ) ;
#9405 = DIRECTION ( 'NONE',  ( -1.000000000000000000, -0.000000000000000000, -0.000000000000000000 ) ) ;
#9406 = VERTEX_POINT ( 'NONE', #8564 ) ;
#9407 = EDGE_CURVE ( 'NONE', #7207, #6115, #85, .T. ) ;
#9408 = LINE ( 'NONE', #3155, #7147 ) ;
#9409 = ORIENTED_EDGE ( 'NONE', *, *, #8710, .F. ) ;
#9410 = ADVANCED_FACE ( 'NONE', ( #3829, #1482 ), #8615, .F. ) ;
#9411 = DIRECTION ( 'NONE',  ( -0.000000000000000000, -1.000000000000000000, -0.000000000000000000 ) ) ;
#9412 = EDGE_CURVE ( 'NONE', #6155, #6950, #2306, .T. ) ;
#9413 = CARTESIAN_POINT ( 'NONE',  ( -4.800000000000000711, 5.400000000000000355, 0.5321572875253804957 ) ) ;
#9414 = CARTESIAN_POINT ( 'NONE',  ( 5.200000000000001066, 2.575000000000000178, 3.899999999999999911 ) ) ;
#9415 = DIRECTION ( 'NONE',  ( 0.000000000000000000, 0.000000000000000000, -1.000000000000000000 ) ) ;
#9416 = EDGE_CURVE ( 'NONE', #9155, #3216, #9485, .T. ) ;
#9417 = ORIENTED_EDGE ( 'NONE', *, *, #8187, .F. ) ;
#9418 = DIRECTION ( 'NONE',  ( 1.000000000000000000, 0.000000000000000000, -0.000000000000000000 ) ) ;
#9419 = ORIENTED_EDGE ( 'NONE', *, *, #5101, .T. ) ;
#9420 = ORIENTED_EDGE ( 'NONE', *, *, #10164, .F. ) ;
#9421 = DIRECTION ( 'NONE',  ( 0.000000000000000000, 0.000000000000000000, 1.000000000000000000 ) ) ;
#9422 = LINE ( 'NONE', #6943, #6143 ) ;
#9423 = EDGE_CURVE ( 'NONE', #8819, #1728, #40, .T. ) ;
#9424 = CARTESIAN_POINT ( 'NONE',  ( -5.799999999999999822, 2.400000000000000355, 1.999999999999999556 ) ) ;
#9425 = CARTESIAN_POINT ( 'NONE',  ( 4.800000000000000711, 5.500000000000000888, 3.725000000000000533 ) ) ;
#9426 = ORIENTED_EDGE ( 'NONE', *, *, #4346, .F. ) ;
#9427 = CARTESIAN_POINT ( 'NONE',  ( -5.054999999999998828, 0.3499999999999999778, -4.650000000000000355 ) ) ;
#9428 = EDGE_CURVE ( 'NONE', #8457, #2908, #1581, .T. ) ;
#9429 = FACE_OUTER_BOUND ( 'NONE', #4524, .T. ) ;
#9430 = ORIENTED_EDGE ( 'NONE', *, *, #9606, .T. ) ;
#9431 = ORIENTED_EDGE ( 'NONE', *, *, #2792, .F. ) ;
#9432 = EDGE_CURVE ( 'NONE', #8383, #2523, #3981, .T. ) ;
#9433 = VERTEX_POINT ( 'NONE', #10155 ) ;
#9434 = DIRECTION ( 'NONE',  ( -0.3236155771181821184, -0.3236155771181821184, 0.8891264907159901476 ) ) ;
#9435 = FACE_OUTER_BOUND ( 'NONE', #9612, .T. ) ;
#9436 = AXIS2_PLACEMENT_3D ( 'NONE', #7630, #2918, #1468 ) ;
#9437 = DIRECTION ( 'NONE',  ( -0.000000000000000000, 1.000000000000000000, -0.000000000000000000 ) ) ;
#9438 = ORIENTED_EDGE ( 'NONE', *, *, #5283, .T. ) ;
#9439 = EDGE_CURVE ( 'NONE', #7281, #7843, #7005, .T. ) ;
#9440 = VECTOR ( 'NONE', #3245, 1000.000000000000000 ) ;
#9441 = CARTESIAN_POINT ( 'NONE',  ( -4.800000000000000711, 5.500000000000000000, 2.250000000000000000 ) ) ;
#9442 = ORIENTED_EDGE ( 'NONE', *, *, #3582, .F. ) ;
#9443 = LINE ( 'NONE', #3144, #3362 ) ;
#9444 = VECTOR ( 'NONE', #681, 1000.000000000000000 ) ;
#9445 = VECTOR ( 'NONE', #4326, 1000.000000000000000 ) ;
#9446 = PLANE ( 'NONE',  #9669 ) ;
#9447 = LINE ( 'NONE', #868, #688 ) ;
#9448 = DIRECTION ( 'NONE',  ( -0.000000000000000000, 1.000000000000000000, -0.000000000000000000 ) ) ;
#9449 = LINE ( 'NONE', #103, #3292 ) ;
#9450 = DIRECTION ( 'NONE',  ( 1.000000000000000000, -0.000000000000000000, -0.000000000000000000 ) ) ;
#9451 = VECTOR ( 'NONE', #4998, 1000.000000000000000 ) ;
#9452 = DIRECTION ( 'NONE',  ( 0.5773502691896240657, 0.5773502691896290617, 0.5773502691896240657 ) ) ;
#9453 = VECTOR ( 'NONE', #4055, 1000.000000000000000 ) ;
#9454 = VERTEX_POINT ( 'NONE', #7053 ) ;
#9455 = PLANE ( 'NONE',  #7706 ) ;
#9456 = ORIENTED_EDGE ( 'NONE', *, *, #4989, .T. ) ;
#9457 = DIRECTION ( 'NONE',  ( -1.000000000000000000, 0.000000000000000000, 0.000000000000000000 ) ) ;
#9458 = DIRECTION ( 'NONE',  ( 4.818676322157799347E-16, 0.000000000000000000, 1.000000000000000000 ) ) ;
#9459 = CARTESIAN_POINT ( 'NONE',  ( -3.249999999999999556, 2.649999999999999911, -2.300000000000000266 ) ) ;
#9460 = PLANE ( 'NONE',  #1 ) ;
#9461 = DIRECTION ( 'NONE',  ( -2.224004456380521903E-16, -1.000000000000000000, 0.000000000000000000 ) ) ;
#9462 = VECTOR ( 'NONE', #1274, 1000.000000000000000 ) ;
#9463 = FACE_OUTER_BOUND ( 'NONE', #7097, .T. ) ;
#9464 = EDGE_CURVE ( 'NONE', #9919, #4526, #9531, .T. ) ;
#9465 = AXIS2_PLACEMENT_3D ( 'NONE', #3212, #6526, #6415 ) ;
#9466 = EDGE_CURVE ( 'NONE', #2751, #2668, #5563, .T. ) ;
#9467 = ORIENTED_EDGE ( 'NONE', *, *, #7959, .F. ) ;
#9468 = LINE ( 'NONE', #3859, #6562 ) ;
#9469 = VECTOR ( 'NONE', #4075, 1000.000000000000000 ) ;
#9470 = VERTEX_POINT ( 'NONE', #4769 ) ;
#9471 = ORIENTED_EDGE ( 'NONE', *, *, #9750, .T. ) ;
#9472 = DIRECTION ( 'NONE',  ( 0.000000000000000000, -0.000000000000000000, 1.000000000000000000 ) ) ;
#9473 = VECTOR ( 'NONE', #2371, 1000.000000000000000 ) ;
#9474 = CARTESIAN_POINT ( 'NONE',  ( 5.200000000000001066, 4.864999999999999325, 2.925000000000000266 ) ) ;
#9475 = CYLINDRICAL_SURFACE ( 'NONE', #6965, 0.2500000000000019429 ) ;
#9476 = FACE_OUTER_BOUND ( 'NONE', #4882, .T. ) ;
#9477 = ORIENTED_EDGE ( 'NONE', *, *, #2527, .T. ) ;
#9478 =( NAMED_UNIT ( * ) SI_UNIT ( $, .STERADIAN. ) SOLID_ANGLE_UNIT ( ) );
#9479 = CARTESIAN_POINT ( 'NONE',  ( -3.922207725462824701, 0.3499999999999996447, -4.852083608390759473 ) ) ;
#9480 = EDGE_LOOP ( 'NONE', ( #5409, #7189, #5661, #6940 ) ) ;
#9481 = ORIENTED_EDGE ( 'NONE', *, *, #5325, .F. ) ;
#9482 = EDGE_CURVE ( 'NONE', #4061, #5955, #4621, .T. ) ;
#9483 = ORIENTED_EDGE ( 'NONE', *, *, #2001, .F. ) ;
#9484 = VERTEX_POINT ( 'NONE', #7791 ) ;
#9485 = LINE ( 'NONE', #4822, #2315 ) ;
#9486 = CARTESIAN_POINT ( 'NONE',  ( -2.749999999999999112, 2.649999999999999911, 0.7999999999999994893 ) ) ;
#9487 = CARTESIAN_POINT ( 'NONE',  ( -0.7499999999999988898, 2.649999999999999911, -2.300000000000000266 ) ) ;
#9488 = EDGE_LOOP ( 'NONE', ( #3603, #6081, #35, #3832 ) ) ;
#9489 = CARTESIAN_POINT ( 'NONE',  ( -3.545246162018122149, 0.2583875745976604854, -4.850301765501278339 ) ) ;
#9490 = DIRECTION ( 'NONE',  ( 1.000000000000000000, -0.000000000000000000, -0.000000000000000000 ) ) ;
#9491 = ORIENTED_EDGE ( 'NONE', *, *, #2474, .T. ) ;
#9492 = CARTESIAN_POINT ( 'NONE',  ( -0.6250000000000001110, 4.400000000000000355, -2.200000000000000178 ) ) ;
#9493 = ADVANCED_FACE ( 'NONE', ( #666 ), #2399, .F. ) ;
#9494 = EDGE_CURVE ( 'NONE', #2282, #2194, #7989, .T. ) ;
#9495 = PLANE ( 'NONE',  #879 ) ;
#9496 = LINE ( 'NONE', #8725, #9137 ) ;
#9497 = DIRECTION ( 'NONE',  ( -1.000000000000000000, 0.000000000000000000, 0.000000000000000000 ) ) ;
#9498 = VECTOR ( 'NONE', #5583, 1000.000000000000000 ) ;
#9499 = DIRECTION ( 'NONE',  ( 1.275636550519593625E-16, -0.5735764363510498232, -0.8191520442889891340 ) ) ;
#9500 = CARTESIAN_POINT ( 'NONE',  ( 3.250000000000033307, 0.000000000000000000, 2.400000000000000355 ) ) ;
#9501 = DIRECTION ( 'NONE',  ( -1.000000000000000000, -0.000000000000000000, -0.000000000000000000 ) ) ;
#9502 = ORIENTED_EDGE ( 'NONE', *, *, #442, .T. ) ;
#9503 = CARTESIAN_POINT ( 'NONE',  ( -5.200000000000001066, 5.500000000000000000, 3.900000000000000799 ) ) ;
#9504 = CARTESIAN_POINT ( 'NONE',  ( -5.200000000000001066, 5.400000000000001243, 1.717842712474618283 ) ) ;
#9505 = VECTOR ( 'NONE', #4199, 1000.000000000000000 ) ;
#9506 = LINE ( 'NONE', #64, #9332 ) ;
#9507 = EDGE_CURVE ( 'NONE', #8035, #1689, #3657, .T. ) ;
#9508 = DIRECTION ( 'NONE',  ( -0.000000000000000000, 1.000000000000000000, -0.000000000000000000 ) ) ;
#9509 = DIRECTION ( 'NONE',  ( 0.000000000000000000, -0.000000000000000000, -1.000000000000000000 ) ) ;
#9510 = CYLINDRICAL_SURFACE ( 'NONE', #5760, 0.2000000000000003164 ) ;
#9511 = CARTESIAN_POINT ( 'NONE',  ( -3.140808929720138476, 2.540808929720139275, -2.300000000000000266 ) ) ;
#9512 = VECTOR ( 'NONE', #4087, 1000.000000000000000 ) ;
#9513 = ORIENTED_EDGE ( 'NONE', *, *, #2107, .T. ) ;
#9514 = LINE ( 'NONE', #7240, #9683 ) ;
#9515 = ORIENTED_EDGE ( 'NONE', *, *, #1731, .T. ) ;
#9516 = VERTEX_POINT ( 'NONE', #1533 ) ;
#9517 = FACE_OUTER_BOUND ( 'NONE', #1921, .T. ) ;
#9518 = VECTOR ( 'NONE', #4144, 1000.000000000000000 ) ;
#9519 = EDGE_CURVE ( 'NONE', #4118, #9775, #4723, .T. ) ;
#9520 = DIRECTION ( 'NONE',  ( -0.000000000000000000, 1.000000000000000000, -0.000000000000000000 ) ) ;
#9521 = CARTESIAN_POINT ( 'NONE',  ( -5.200000000000001066, 2.400000000000000355, 3.725000000000000089 ) ) ;
#9522 = DIRECTION ( 'NONE',  ( 0.000000000000000000, -0.000000000000000000, -1.000000000000000000 ) ) ;
#9523 = ORIENTED_EDGE ( 'NONE', *, *, #6825, .T. ) ;
#9524 = LINE ( 'NONE', #8032, #510 ) ;
#9525 = DIRECTION ( 'NONE',  ( -1.000000000000000000, 0.000000000000000000, 0.000000000000000000 ) ) ;
#9526 = ORIENTED_EDGE ( 'NONE', *, *, #6881, .F. ) ;
#9527 = EDGE_LOOP ( 'NONE', ( #3696, #8488, #6775, #1081 ) ) ;
#9528 = ORIENTED_EDGE ( 'NONE', *, *, #9163, .F. ) ;
#9529 = ORIENTED_EDGE ( 'NONE', *, *, #10163, .T. ) ;
#9530 = ADVANCED_FACE ( 'NONE', ( #3925 ), #7102, .F. ) ;
#9531 = LINE ( 'NONE', #856, #1826 ) ;
#9532 = DIRECTION ( 'NONE',  ( -0.5773502691896257311, 0.5773502691896257311, -0.5773502691896257311 ) ) ;
#9533 = ORIENTED_EDGE ( 'NONE', *, *, #2557, .T. ) ;
#9534 = DIRECTION ( 'NONE',  ( 1.000000000000000000, 0.000000000000000000, 0.000000000000000000 ) ) ;
#9535 = LINE ( 'NONE', #10264, #4431 ) ;
#9536 = VERTEX_POINT ( 'NONE', #5865 ) ;
#9537 = DIRECTION ( 'NONE',  ( 0.000000000000000000, -0.000000000000000000, -1.000000000000000000 ) ) ;
#9538 = CARTESIAN_POINT ( 'NONE',  ( -1.000000000000000000, 4.400000000000000355, 0.7999999999999994893 ) ) ;
#9539 = VECTOR ( 'NONE', #1115, 1000.000000000000000 ) ;
#9540 = LINE ( 'NONE', #3038, #6990 ) ;
#9541 = FACE_OUTER_BOUND ( 'NONE', #4234, .T. ) ;
#9542 = FACE_OUTER_BOUND ( 'NONE', #5149, .T. ) ;
#9543 = LINE ( 'NONE', #2416, #8 ) ;
#9544 = ORIENTED_EDGE ( 'NONE', *, *, #7583, .T. ) ;
#9545 = DIRECTION ( 'NONE',  ( -0.000000000000000000, -1.000000000000000000, -0.000000000000000000 ) ) ;
#9546 = EDGE_CURVE ( 'NONE', #7384, #3563, #1839, .T. ) ;
#9547 = ORIENTED_EDGE ( 'NONE', *, *, #3489, .F. ) ;
#9548 = CARTESIAN_POINT ( 'NONE',  ( -2.749999999999967581, 0.000000000000000000, 5.000000000000000000 ) ) ;
#9549 = AXIS2_PLACEMENT_3D ( 'NONE', #6012, #3547, #9980 ) ;
#9550 = CARTESIAN_POINT ( 'NONE',  ( 5.200000000000001066, 4.939999999999999503, 2.925000000000000711 ) ) ;
#9551 = LINE ( 'NONE', #4056, #7855 ) ;
#9552 = VECTOR ( 'NONE', #9609, 1000.000000000000114 ) ;
#9553 = FACE_OUTER_BOUND ( 'NONE', #3344, .T. ) ;
#9554 = DIRECTION ( 'NONE',  ( 1.000000000000000000, -0.000000000000000000, -0.000000000000000000 ) ) ;
#9555 = LINE ( 'NONE', #7768, #7243 ) ;
#9556 = PLANE ( 'NONE',  #2982 ) ;
#9557 = EDGE_CURVE ( 'NONE', #535, #7384, #8301, .T. ) ;
#9558 = EDGE_LOOP ( 'NONE', ( #9513, #4132, #711, #7828 ) ) ;
#9559 = DIRECTION ( 'NONE',  ( 0.000000000000000000, -0.000000000000000000, -1.000000000000000000 ) ) ;
#9560 = EDGE_LOOP ( 'NONE', ( #3128, #1873, #5819, #601 ) ) ;
#9561 = AXIS2_PLACEMENT_3D ( 'NONE', #1483, #7888, #4674 ) ;
#9562 = VERTEX_POINT ( 'NONE', #5715 ) ;
#9563 = CARTESIAN_POINT ( 'NONE',  ( 0.7500000000000318634, 0.000000000000000000, 5.000000000000000000 ) ) ;
#9564 = CARTESIAN_POINT ( 'NONE',  ( 5.200000000000001066, 2.400000000000000355, 3.725000000000000089 ) ) ;
#9565 = DIRECTION ( 'NONE',  ( 0.000000000000000000, 1.000000000000000000, 0.000000000000000000 ) ) ;
#9566 = AXIS2_PLACEMENT_3D ( 'NONE', #6623, #8378, #419 ) ;
#9567 = CARTESIAN_POINT ( 'NONE',  ( 5.200000000000001066, 5.400000000000000355, 0.5321572875253804957 ) ) ;
#9568 = ORIENTED_EDGE ( 'NONE', *, *, #6543, .F. ) ;
#9569 = DIRECTION ( 'NONE',  ( 0.7071067811865471286, -1.572608632495767493E-16, 0.7071067811865480168 ) ) ;
#9570 = ORIENTED_EDGE ( 'NONE', *, *, #357, .F. ) ;
#9571 = ORIENTED_EDGE ( 'NONE', *, *, #1645, .F. ) ;
#9572 = EDGE_LOOP ( 'NONE', ( #1681, #10099, #324, #1635, #9007, #8258, #918 ) ) ;
#9573 = ORIENTED_EDGE ( 'NONE', *, *, #4029, .T. ) ;
#9574 = DIRECTION ( 'NONE',  ( 2.464994706835728887E-32, -1.000000000000000000, 0.000000000000000000 ) ) ;
#9575 = LINE ( 'NONE', #3232, #9070 ) ;
#9576 = DIRECTION ( 'NONE',  ( 1.000000000000000000, 0.000000000000000000, 0.000000000000000000 ) ) ;
#9577 = ORIENTED_EDGE ( 'NONE', *, *, #5945, .F. ) ;
#9578 = CARTESIAN_POINT ( 'NONE',  ( -6.000000000000000000, 3.400000000000000355, 1.800000000000000711 ) ) ;
#9579 = LINE ( 'NONE', #6345, #4605 ) ;
#9580 = EDGE_LOOP ( 'NONE', ( #6985, #4557, #9737, #1849 ) ) ;
#9581 = FACE_OUTER_BOUND ( 'NONE', #9069, .T. ) ;
#9582 = ADVANCED_FACE ( 'NONE', ( #2659 ), #2450, .F. ) ;
#9583 = EDGE_CURVE ( 'NONE', #7563, #4248, #347, .T. ) ;
#9584 = ORIENTED_EDGE ( 'NONE', *, *, #1746, .T. ) ;
#9585 = CARTESIAN_POINT ( 'NONE',  ( 4.800000000000000711, 5.500000000000001776, 1.717842712474617173 ) ) ;
#9586 = AXIS2_PLACEMENT_3D ( 'NONE', #181, #7247, #795 ) ;
#9587 = FACE_OUTER_BOUND ( 'NONE', #5469, .T. ) ;
#9588 = FACE_OUTER_BOUND ( 'NONE', #9726, .T. ) ;
#9589 =( NAMED_UNIT ( * ) SI_UNIT ( $, .STERADIAN. ) SOLID_ANGLE_UNIT ( ) );
#9590 = CARTESIAN_POINT ( 'NONE',  ( -5.200000000000001954, 4.700000000000000178, 0.1000000000000000888 ) ) ;
#9591 = CARTESIAN_POINT ( 'NONE',  ( 4.800000000000000711, 5.470710678118656745, 0.6028679656440332213 ) ) ;
#9592 = AXIS2_PLACEMENT_3D ( 'NONE', #8702, #2965, #6174 ) ;
#9593 = ORIENTED_EDGE ( 'NONE', *, *, #1607, .T. ) ;
#9594 = DIRECTION ( 'NONE',  ( -6.195440985631441512E-16, -1.000000000000000000, 0.000000000000000000 ) ) ;
#9595 = VECTOR ( 'NONE', #5551, 1000.000000000000000 ) ;
#9596 = ORIENTED_EDGE ( 'NONE', *, *, #2896, .T. ) ;
#9597 = CARTESIAN_POINT ( 'NONE',  ( -3.049999999999998934, 2.750000000000001332, -3.200000000000000178 ) ) ;
#9598 = VECTOR ( 'NONE', #6350, 1000.000000000000000 ) ;
#9599 = EDGE_CURVE ( 'NONE', #8037, #4574, #1112, .T. ) ;
#9600 = VECTOR ( 'NONE', #1239, 1000.000000000000000 ) ;
#9601 = LINE ( 'NONE', #62, #2471 ) ;
#9602 = FACE_OUTER_BOUND ( 'NONE', #7733, .T. ) ;
#9603 = ADVANCED_FACE ( 'NONE', ( #1888 ), #8090, .T. ) ;
#9604 = VECTOR ( 'NONE', #912, 1000.000000000000000 ) ;
#9605 = EDGE_CURVE ( 'NONE', #1728, #7890, #818, .T. ) ;
#9606 = EDGE_CURVE ( 'NONE', #9701, #140, #8962, .T. ) ;
#9607 = DIRECTION ( 'NONE',  ( 0.7071067811865434649, -0.7071067811865515695, 0.000000000000000000 ) ) ;
#9608 = PLANE ( 'NONE',  #7639 ) ;
#9609 = DIRECTION ( 'NONE',  ( -0.4226182617407019948, 0.000000000000000000, -0.9063077870366487154 ) ) ;
#9610 = CIRCLE ( 'NONE', #2639, 0.3499999999999996447 ) ;
#9611 = DIRECTION ( 'NONE',  ( -1.232595164407830946E-32, -1.000000000000000000, 6.853242846390245208E-49 ) ) ;
#9612 = EDGE_LOOP ( 'NONE', ( #789, #7778, #5406, #692 ) ) ;
#9613 = PLANE ( 'NONE',  #3180 ) ;
#9614 = ORIENTED_EDGE ( 'NONE', *, *, #3339, .T. ) ;
#9615 = TOROIDAL_SURFACE ( 'NONE', #6160, 0.6000000000000000888, 0.3499999999999999778 ) ;
#9616 = VECTOR ( 'NONE', #2631, 1000.000000000000000 ) ;
#9617 = ORIENTED_EDGE ( 'NONE', *, *, #482, .F. ) ;
#9618 = EDGE_CURVE ( 'NONE', #279, #7934, #5035, .T. ) ;
#9619 = PLANE ( 'NONE',  #7872 ) ;
#9620 = ADVANCED_FACE ( 'NONE', ( #7260 ), #3444, .F. ) ;
#9621 = DIRECTION ( 'NONE',  ( 0.000000000000000000, 0.000000000000000000, 1.000000000000000000 ) ) ;
#9622 = FACE_OUTER_BOUND ( 'NONE', #7956, .T. ) ;
#9623 = LINE ( 'NONE', #6838, #4754 ) ;
#9624 = ORIENTED_EDGE ( 'NONE', *, *, #2413, .F. ) ;
#9625 = DIRECTION ( 'NONE',  ( 1.051347561198064613E-15, 0.000000000000000000, 1.000000000000000000 ) ) ;
#9626 = AXIS2_PLACEMENT_3D ( 'NONE', #9479, #6425, #2347 ) ;
#9627 = CARTESIAN_POINT ( 'NONE',  ( 4.200000000000000178, 4.800000000000000711, -4.850000000000001421 ) ) ;
#9628 = ORIENTED_EDGE ( 'NONE', *, *, #6569, .F. ) ;
#9629 = EDGE_LOOP ( 'NONE', ( #10160, #8699, #998, #8432 ) ) ;
#9630 = VECTOR ( 'NONE', #5572, 1000.000000000000000 ) ;
#9631 = AXIS2_PLACEMENT_3D ( 'NONE', #8742, #3953, #8069 ) ;
#9632 = VERTEX_POINT ( 'NONE', #4239 ) ;
#9633 = ORIENTED_EDGE ( 'NONE', *, *, #1353, .F. ) ;
#9634 = DIRECTION ( 'NONE',  ( 0.000000000000000000, -0.000000000000000000, 1.000000000000000000 ) ) ;
#9635 = DIRECTION ( 'NONE',  ( 1.000000000000000000, 0.000000000000000000, -0.000000000000000000 ) ) ;
#9636 = EDGE_CURVE ( 'NONE', #4077, #813, #195, .T. ) ;
#9637 = LINE ( 'NONE', #4771, #7402 ) ;
#9638 = ORIENTED_EDGE ( 'NONE', *, *, #8429, .F. ) ;
#9639 = PLANE ( 'NONE',  #4315 ) ;
#9640 = VECTOR ( 'NONE', #1907, 1000.000000000000000 ) ;
#9641 = LINE ( 'NONE', #4245, #5352 ) ;
#9642 = ORIENTED_EDGE ( 'NONE', *, *, #7184, .F. ) ;
#9643 = LINE ( 'NONE', #6555, #8701 ) ;
#9644 = VERTEX_POINT ( 'NONE', #5764 ) ;
#9645 = DIRECTION ( 'NONE',  ( 0.000000000000000000, 1.224646799147353454E-16, -1.000000000000000000 ) ) ;
#9646 = DIRECTION ( 'NONE',  ( 0.2359856711608181168, -0.8807105146304249343, 0.4106820575897980885 ) ) ;
#9647 = CARTESIAN_POINT ( 'NONE',  ( 4.800000000000000711, 4.939999999999999503, 3.000000000000000888 ) ) ;
#9648 = ADVANCED_FACE ( 'NONE', ( #9786 ), #8812, .F. ) ;
#9649 = EDGE_CURVE ( 'NONE', #4945, #5557, #9686, .T. ) ;
#9650 = DIRECTION ( 'NONE',  ( 1.000000000000000000, -0.000000000000000000, -0.000000000000000000 ) ) ;
#9651 = FILL_AREA_STYLE ('',( #4891 ) ) ;
#9652 = CARTESIAN_POINT ( 'NONE',  ( 1.999999999999997335, 0.3499999999999996447, -3.750000000000005329 ) ) ;
#9653 = EDGE_LOOP ( 'NONE', ( #2550, #983, #9409, #854 ) ) ;
#9654 = CARTESIAN_POINT ( 'NONE',  ( 5.055000000000000604, 0.000000000000000000, -5.000000000000000000 ) ) ;
#9655 = ORIENTED_EDGE ( 'NONE', *, *, #5562, .F. ) ;
#9656 = DIRECTION ( 'NONE',  ( 1.548860246407864322E-16, -1.591489427501657896E-16, 1.000000000000000000 ) ) ;
#9657 = LINE ( 'NONE', #5737, #3827 ) ;
#9658 = DIRECTION ( 'NONE',  ( -7.666467083416900766E-16, -0.7071067811865444641, -0.7071067811865505703 ) ) ;
#9659 = EDGE_CURVE ( 'NONE', #4960, #3114, #4080, .T. ) ;
#9660 = CARTESIAN_POINT ( 'NONE',  ( -5.200000000000001066, 5.500000000000001776, 0.5321572875253787194 ) ) ;
#9661 = CARTESIAN_POINT ( 'NONE',  ( 1.140808929720140474, 2.259191070279860103, -2.300000000000000266 ) ) ;
#9662 = CARTESIAN_POINT ( 'NONE',  ( -0.6250000000000001110, 5.000000000000000000, -2.200000000000000178 ) ) ;
#9663 = CARTESIAN_POINT ( 'NONE',  ( 4.800000000000000711, 2.400000000000000355, 3.700000000000000178 ) ) ;
#9664 = VERTEX_POINT ( 'NONE', #1780 ) ;
#9665 = DIRECTION ( 'NONE',  ( -0.3236155771181821184, -0.3236155771181821184, -0.8891264907159901476 ) ) ;
#9666 = AXIS2_PLACEMENT_3D ( 'NONE', #3378, #6632, #6734 ) ;
#9667 = VECTOR ( 'NONE', #60, 1000.000000000000000 ) ;
#9668 = EDGE_LOOP ( 'NONE', ( #3302, #6455, #9624, #6894 ) ) ;
#9669 = AXIS2_PLACEMENT_3D ( 'NONE', #2268, #1494, #1642 ) ;
#9670 = ORIENTED_EDGE ( 'NONE', *, *, #621, .F. ) ;
#9671 = DIRECTION ( 'NONE',  ( 0.000000000000000000, -0.5735764363510497121, -0.8191520442889891340 ) ) ;
#9672 = LINE ( 'NONE', #1766, #7296 ) ;
#9673 = AXIS2_PLACEMENT_3D ( 'NONE', #1841, #4456, #1216 ) ;
#9674 = DIRECTION ( 'NONE',  ( 0.000000000000000000, 0.000000000000000000, 1.000000000000000000 ) ) ;
#9675 = CARTESIAN_POINT ( 'NONE',  ( 5.140244362310141923, -0.2148764106919637540, -1.413278420875478503 ) ) ;
#9676 = EDGE_LOOP ( 'NONE', ( #1978, #9111, #2359, #10039 ) ) ;
#9677 = PRESENTATION_STYLE_ASSIGNMENT (( #3021 ) ) ;
#9678 = LINE ( 'NONE', #2546, #4965 ) ;
#9679 = ORIENTED_EDGE ( 'NONE', *, *, #606, .F. ) ;
#9680 = EDGE_CURVE ( 'NONE', #9059, #625, #6485, .T. ) ;
#9681 = EDGE_CURVE ( 'NONE', #8821, #8442, #8143, .T. ) ;
#9682 = ORIENTED_EDGE ( 'NONE', *, *, #5945, .T. ) ;
#9683 = VECTOR ( 'NONE', #5542, 1000.000000000000000 ) ;
#9684 = ORIENTED_EDGE ( 'NONE', *, *, #9374, .T. ) ;
#9685 = ORIENTED_EDGE ( 'NONE', *, *, #4647, .F. ) ;
#9686 = LINE ( 'NONE', #2551, #5319 ) ;
#9687 = CARTESIAN_POINT ( 'NONE',  ( -5.305000000000000604, 3.150000000000000799, -3.200000000000000178 ) ) ;
#9688 = EDGE_LOOP ( 'NONE', ( #3436, #1568, #575, #6368 ) ) ;
#9689 = CARTESIAN_POINT ( 'NONE',  ( 5.305000000000000604, 0.4000000000000000222, 2.149999999999999911 ) ) ;
#9690 = CARTESIAN_POINT ( 'NONE',  ( 5.200000000000001066, 5.500000000000000000, 3.899999999999999467 ) ) ;
#9691 = ORIENTED_EDGE ( 'NONE', *, *, #7353, .T. ) ;
#9692 = LINE ( 'NONE', #5292, #6721 ) ;
#9693 = EDGE_CURVE ( 'NONE', #1945, #8513, #6747, .T. ) ;
#9694 = ORIENTED_EDGE ( 'NONE', *, *, #9935, .T. ) ;
#9695 = CARTESIAN_POINT ( 'NONE',  ( -5.200000000000001066, 5.394289321881345245, 0.8207106781186550570 ) ) ;
#9696 = CARTESIAN_POINT ( 'NONE',  ( -0.6999999999999992895, 4.400000000000000355, 2.250000000000000000 ) ) ;
#9697 = LINE ( 'NONE', #3349, #8524 ) ;
#9698 = FACE_OUTER_BOUND ( 'NONE', #9256, .T. ) ;
#9699 = VERTEX_POINT ( 'NONE', #5965 ) ;
#9700 = DIRECTION ( 'NONE',  ( 0.000000000000000000, -1.591489427501657896E-16, 1.000000000000000000 ) ) ;
#9701 = VERTEX_POINT ( 'NONE', #7521 ) ;
#9702 = CARTESIAN_POINT ( 'NONE',  ( -5.200000000000001066, 5.500000000000001776, 1.282157287525380163 ) ) ;
#9703 = ADVANCED_FACE ( 'NONE', ( #9114 ), #3660, .F. ) ;
#9704 = VECTOR ( 'NONE', #9016, 1000.000000000000000 ) ;
#9705 = LINE ( 'NONE', #987, #4831 ) ;
#9706 = DIRECTION ( 'NONE',  ( -0.000000000000000000, 1.000000000000000000, 2.168404344971008868E-16 ) ) ;
#9707 = FACE_OUTER_BOUND ( 'NONE', #1363, .T. ) ;
#9708 = CARTESIAN_POINT ( 'NONE',  ( -6.000000000000000000, 0.000000000000000000, -2.300000000000000266 ) ) ;
#9709 = LINE ( 'NONE', #4381, #9445 ) ;
#9710 = VECTOR ( 'NONE', #2699, 1000.000000000000000 ) ;
#9711 = CARTESIAN_POINT ( 'NONE',  ( -3.604999999999997762, 0.3499999999999996447, -5.000000000000005329 ) ) ;
#9712 = LINE ( 'NONE', #2582, #2005 ) ;
#9713 = ORIENTED_EDGE ( 'NONE', *, *, #6063, .F. ) ;
#9714 = LINE ( 'NONE', #1761, #1223 ) ;
#9715 = EDGE_LOOP ( 'NONE', ( #3176, #7370, #3097, #6130 ) ) ;
#9716 = EDGE_CURVE ( 'NONE', #3587, #4128, #10256, .T. ) ;
#9717 = ADVANCED_FACE ( 'NONE', ( #607 ), #4563, .F. ) ;
#9718 = ORIENTED_EDGE ( 'NONE', *, *, #1692, .T. ) ;
#9719 = AXIS2_PLACEMENT_3D ( 'NONE', #1688, #201, #4828 ) ;
#9720 = CARTESIAN_POINT ( 'NONE',  ( 4.800000000000000711, 5.394289321881346133, 1.429289321881345387 ) ) ;
#9721 = CARTESIAN_POINT ( 'NONE',  ( 3.500000000000008438, 5.800000000000010481, -4.449999999999993960 ) ) ;
#9722 = DIRECTION ( 'NONE',  ( 0.000000000000000000, 0.000000000000000000, 1.000000000000000000 ) ) ;
#9723 = ORIENTED_EDGE ( 'NONE', *, *, #6809, .F. ) ;
#9724 = FACE_OUTER_BOUND ( 'NONE', #3276, .T. ) ;
#9725 = LINE ( 'NONE', #8954, #6457 ) ;
#9726 = EDGE_LOOP ( 'NONE', ( #9779, #5380, #3084, #7784 ) ) ;
#9727 = AXIS2_PLACEMENT_3D ( 'NONE', #5765, #196, #3338 ) ;
#9728 = ORIENTED_EDGE ( 'NONE', *, *, #8559, .F. ) ;
#9729 = VERTEX_POINT ( 'NONE', #2916 ) ;
#9730 = ORIENTED_EDGE ( 'NONE', *, *, #3776, .T. ) ;
#9731 = ADVANCED_FACE ( 'NONE', ( #9939 ), #8504, .F. ) ;
#9732 = DIRECTION ( 'NONE',  ( 0.000000000000000000, 1.084202172485505223E-15, -1.000000000000000000 ) ) ;
#9733 = DIRECTION ( 'NONE',  ( 0.000000000000000000, -1.000000000000000000, 0.000000000000000000 ) ) ;
#9734 = EDGE_CURVE ( 'NONE', #1203, #7320, #3612, .T. ) ;
#9735 = LINE ( 'NONE', #398, #3876 ) ;
#9736 = LINE ( 'NONE', #8862, #3745 ) ;
#9737 = ORIENTED_EDGE ( 'NONE', *, *, #2809, .F. ) ;
#9738 = DIRECTION ( 'NONE',  ( -0.000000000000000000, 0.000000000000000000, -1.000000000000000000 ) ) ;
#9739 = CARTESIAN_POINT ( 'NONE',  ( 1.999999999999998224, 0.000000000000000000, -3.599999999999999645 ) ) ;
#9740 = ORIENTED_EDGE ( 'NONE', *, *, #642, .F. ) ;
#9741 = DIRECTION ( 'NONE',  ( 0.000000000000000000, -1.000000000000000000, 0.000000000000000000 ) ) ;
#9742 = EDGE_CURVE ( 'NONE', #4185, #9919, #1163, .T. ) ;
#9743 = VERTEX_POINT ( 'NONE', #445 ) ;
#9744 = LINE ( 'NONE', #6504, #2362 ) ;
#9745 = DIRECTION ( 'NONE',  ( 0.000000000000000000, 0.7071067811865384689, -0.7071067811865565655 ) ) ;
#9746 = LINE ( 'NONE', #5778, #2044 ) ;
#9747 = ADVANCED_FACE ( 'NONE', ( #2708 ), #9990, .T. ) ;
#9748 = LINE ( 'NONE', #8310, #3794 ) ;
#9749 = EDGE_LOOP ( 'NONE', ( #4435, #8081, #9577, #8676 ) ) ;
#9750 = EDGE_CURVE ( 'NONE', #1401, #9743, #8290, .T. ) ;
#9751 = DIRECTION ( 'NONE',  ( -1.000000000000000000, 0.000000000000000000, 0.000000000000000000 ) ) ;
#9752 = VERTEX_POINT ( 'NONE', #8348 ) ;
#9753 = LINE ( 'NONE', #9860, #4709 ) ;
#9754 = AXIS2_PLACEMENT_3D ( 'NONE', #7587, #7697, #6134 ) ;
#9755 = LINE ( 'NONE', #166, #7713 ) ;
#9756 = LINE ( 'NONE', #5110, #2512 ) ;
#9757 = DIRECTION ( 'NONE',  ( 0.000000000000000000, -0.000000000000000000, -1.000000000000000000 ) ) ;
#9758 = AXIS2_PLACEMENT_3D ( 'NONE', #5500, #704, #1417 ) ;
#9759 = LINE ( 'NONE', #372, #942 ) ;
#9760 = DIRECTION ( 'NONE',  ( -0.5773502691896273964, -0.5773502691896282846, 0.5773502691896216232 ) ) ;
#9761 = VECTOR ( 'NONE', #4808, 1000.000000000000000 ) ;
#9762 = DIRECTION ( 'NONE',  ( -0.000000000000000000, 1.000000000000000000, 1.224646799147353454E-16 ) ) ;
#9763 = CARTESIAN_POINT ( 'NONE',  ( -3.537690618442706381, 0.8943454345648219617, -4.855654565435176373 ) ) ;
#9764 = VECTOR ( 'NONE', #9448, 1000.000000000000000 ) ;
#9765 = ORIENTED_EDGE ( 'NONE', *, *, #7130, .F. ) ;
#9766 = CARTESIAN_POINT ( 'NONE',  ( -4.800000000000000711, 4.939999999999999503, 2.049999999999999822 ) ) ;
#9767 = ORIENTED_EDGE ( 'NONE', *, *, #2665, .T. ) ;
#9768 = ORIENTED_EDGE ( 'NONE', *, *, #5280, .F. ) ;
#9769 = AXIS2_PLACEMENT_3D ( 'NONE', #7605, #6921, #2895 ) ;
#9770 = CARTESIAN_POINT ( 'NONE',  ( 4.900000000000000355, 1.799999999999999600, 1.099999999999999423 ) ) ;
#9771 = ADVANCED_FACE ( 'NONE', ( #9212 ), #2094, .F. ) ;
#9772 = CARTESIAN_POINT ( 'NONE',  ( -5.197820323027551481, -2.972161292830653933E-16, 0.9134769367380000116 ) ) ;
#9773 = ADVANCED_FACE ( 'NONE', ( #5246 ), #5297, .F. ) ;
#9774 = DIRECTION ( 'NONE',  ( 0.6365239496641675876, 0.4355163866123252792, -0.6365239496641675876 ) ) ;
#9775 = VERTEX_POINT ( 'NONE', #500 ) ;
#9776 = FILL_AREA_STYLE_COLOUR ( '', #9131 ) ;
#9777 = CARTESIAN_POINT ( 'NONE',  ( -0.6250000000000001110, 4.400000000000000355, -2.200000000000000178 ) ) ;
#9778 = VECTOR ( 'NONE', #2298, 1000.000000000000000 ) ;
#9779 = ORIENTED_EDGE ( 'NONE', *, *, #7604, .T. ) ;
#9780 = AXIS2_PLACEMENT_3D ( 'NONE', #5103, #6810, #1903 ) ;
#9781 = VECTOR ( 'NONE', #5687, 1000.000000000000000 ) ;
#9782 = ORIENTED_EDGE ( 'NONE', *, *, #6037, .T. ) ;
#9783 = EDGE_CURVE ( 'NONE', #6996, #9341, #8452, .T. ) ;
#9784 = ORIENTED_EDGE ( 'NONE', *, *, #8834, .F. ) ;
#9785 = ORIENTED_EDGE ( 'NONE', *, *, #6095, .T. ) ;
#9786 = FACE_OUTER_BOUND ( 'NONE', #3799, .T. ) ;
#9787 = CARTESIAN_POINT ( 'NONE',  ( 4.800000000000000711, 5.400000000000000355, 0.5321572875253804957 ) ) ;
#9788 = AXIS2_PLACEMENT_3D ( 'NONE', #6670, #2526, #4107 ) ;
#9789 = CARTESIAN_POINT ( 'NONE',  ( -2.749999999999999112, 2.649999999999999911, -2.300000000000000266 ) ) ;
#9790 = EDGE_CURVE ( 'NONE', #3426, #4498, #7685, .T. ) ;
#9791 = CARTESIAN_POINT ( 'NONE',  ( -4.899999999999999467, 4.629138561470611535, 1.100000000000000755 ) ) ;
#9792 = ORIENTED_EDGE ( 'NONE', *, *, #9095, .T. ) ;
#9793 = DIRECTION ( 'NONE',  ( 0.000000000000000000, 0.000000000000000000, 1.000000000000000000 ) ) ;
#9794 = LINE ( 'NONE', #2666, #7499 ) ;
#9795 = ORIENTED_EDGE ( 'NONE', *, *, #7512, .T. ) ;
#9796 = EDGE_CURVE ( 'NONE', #1973, #4916, #1317, .T. ) ;
#9797 = VECTOR ( 'NONE', #9254, 1000.000000000000000 ) ;
#9798 = ORIENTED_EDGE ( 'NONE', *, *, #8710, .T. ) ;
#9799 = DIRECTION ( 'NONE',  ( -1.000000000000000000, -0.000000000000000000, -0.000000000000000000 ) ) ;
#9800 = LINE ( 'NONE', #3297, #8929 ) ;
#9801 = CARTESIAN_POINT ( 'NONE',  ( -5.200000000000001066, 2.400000000000000355, 3.900000000000000355 ) ) ;
#9802 = VECTOR ( 'NONE', #8370, 1000.000000000000000 ) ;
#9803 = FILL_AREA_STYLE ('',( #308 ) ) ;
#9804 = DIRECTION ( 'NONE',  ( -1.000000000000000000, -0.000000000000000000, -0.000000000000000000 ) ) ;
#9805 = VERTEX_POINT ( 'NONE', #4509 ) ;
#9806 = CARTESIAN_POINT ( 'NONE',  ( -4.600000000000003197, 5.700000000000000178, -3.200000000000000178 ) ) ;
#9807 = ORIENTED_EDGE ( 'NONE', *, *, #7086, .T. ) ;
#9808 = CARTESIAN_POINT ( 'NONE',  ( 4.350000000000003197, 2.750000000000001332, -3.200000000000000178 ) ) ;
#9809 = ADVANCED_FACE ( 'NONE', ( #2245 ), #3865, .F. ) ;
#9810 = ADVANCED_FACE ( 'NONE', ( #2387 ), #3964, .F. ) ;
#9811 = CARTESIAN_POINT ( 'NONE',  ( -6.000000000000000000, 0.3999999999999996336, 1.399999999999999689 ) ) ;
#9812 = LINE ( 'NONE', #9083, #6867 ) ;
#9813 = DIRECTION ( 'NONE',  ( -1.000000000000000000, -0.000000000000000000, -0.000000000000000000 ) ) ;
#9814 = DIRECTION ( 'NONE',  ( 0.000000000000000000, 0.000000000000000000, 1.000000000000000000 ) ) ;
#9815 = CARTESIAN_POINT ( 'NONE',  ( 3.140808929720140252, 2.259191070279860103, -2.300000000000000266 ) ) ;
#9816 = DIRECTION ( 'NONE',  ( 1.000000000000000000, 0.000000000000000000, 0.000000000000000000 ) ) ;
#9817 = VERTEX_POINT ( 'NONE', #30 ) ;
#9818 = DIRECTION ( 'NONE',  ( 0.000000000000000000, 1.591489427501657896E-16, -1.000000000000000000 ) ) ;
#9819 = EDGE_LOOP ( 'NONE', ( #6641, #8905, #9483, #2335 ) ) ;
#9820 = EDGE_LOOP ( 'NONE', ( #9103, #9162, #8532, #3405 ) ) ;
#9821 = COLOUR_RGB ( '',0.7921568627450980005, 0.8196078431372548767, 0.9333333333333333481 ) ;
#9822 = VERTEX_POINT ( 'NONE', #7976 ) ;
#9823 = EDGE_CURVE ( 'NONE', #5394, #6252, #4756, .T. ) ;
#9824 =( NAMED_UNIT ( * ) PLANE_ANGLE_UNIT ( ) SI_UNIT ( $, .RADIAN. ) );
#9825 = CARTESIAN_POINT ( 'NONE',  ( -2.749999999999966693, 0.000000000000000000, 2.400000000000000355 ) ) ;
#9826 = COLOUR_RGB ( '',1.000000000000000000, 1.000000000000000000, 0.7529411764705882248 ) ;
#9827 = CARTESIAN_POINT ( 'NONE',  ( -1.999999999999998224, 0.000000000000000000, -4.100000000000005862 ) ) ;
#9828 = ORIENTED_EDGE ( 'NONE', *, *, #9085, .T. ) ;
#9829 = CARTESIAN_POINT ( 'NONE',  ( 6.000000000000000000, 0.3999999999999996336, 1.399999999999999689 ) ) ;
#9830 = AXIS2_PLACEMENT_3D ( 'NONE', #7810, #6203, #8487 ) ;
#9831 = DIRECTION ( 'NONE',  ( 0.000000000000000000, 1.000000000000000000, 2.168404344971008868E-16 ) ) ;
#9832 = ORIENTED_EDGE ( 'NONE', *, *, #7858, .F. ) ;
#9833 = EDGE_LOOP ( 'NONE', ( #7718, #8595, #10178, #3280, #3591, #3768, #7269 ) ) ;
#9834 = VERTEX_POINT ( 'NONE', #7926 ) ;
#9835 = ADVANCED_FACE ( 'NONE', ( #794 ), #10144, .F. ) ;
#9836 = VECTOR ( 'NONE', #1959, 1000.000000000000114 ) ;
#9837 = ORIENTED_EDGE ( 'NONE', *, *, #9866, .T. ) ;
#9838 = AXIS2_PLACEMENT_3D ( 'NONE', #4780, #1439, #2410 ) ;
#9839 = CARTESIAN_POINT ( 'NONE',  ( -5.305000000000001492, 0.4000000000000000777, -4.749999999999992895 ) ) ;
#9840 = CARTESIAN_POINT ( 'NONE',  ( 5.200000000000001066, 5.425000000000000711, 3.000000000000000444 ) ) ;
#9841 = DIRECTION ( 'NONE',  ( 1.000000000000000000, 0.000000000000000000, 0.000000000000000000 ) ) ;
#9842 = LINE ( 'NONE', #5916, #3400 ) ;
#9843 = VERTEX_POINT ( 'NONE', #8603 ) ;
#9844 = PLANE ( 'NONE',  #7651 ) ;
#9845 = CARTESIAN_POINT ( 'NONE',  ( -1.999999999999998224, 8.000000000000000000, -3.599999999999999645 ) ) ;
#9846 = ORIENTED_EDGE ( 'NONE', *, *, #480, .T. ) ;
#9847 = AXIS2_PLACEMENT_3D ( 'NONE', #6365, #5642, #3374 ) ;
#9848 = EDGE_CURVE ( 'NONE', #7139, #3721, #7043, .T. ) ;
#9849 = VERTEX_POINT ( 'NONE', #10196 ) ;
#9850 = DIRECTION ( 'NONE',  ( 0.000000000000000000, 0.000000000000000000, -1.000000000000000000 ) ) ;
#9851 = FACE_OUTER_BOUND ( 'NONE', #5117, .T. ) ;
#9852 = CARTESIAN_POINT ( 'NONE',  ( 5.200000000000001066, 5.470710678118656745, 0.6028679656440332213 ) ) ;
#9853 = STYLED_ITEM ( 'NONE', ( #2847 ), #3402 ) ;
#9854 = LINE ( 'NONE', #7750, #8104 ) ;
#9855 = DIRECTION ( 'NONE',  ( 8.363418636454721412E-16, 0.7071067811865434649, 0.7071067811865516806 ) ) ;
#9856 = ADVANCED_FACE ( 'NONE', ( #4806 ), #7140, .T. ) ;
#9857 = ORIENTED_EDGE ( 'NONE', *, *, #1604, .F. ) ;
#9858 = FACE_OUTER_BOUND ( 'NONE', #3450, .T. ) ;
#9859 = ORIENTED_EDGE ( 'NONE', *, *, #10169, .F. ) ;
#9860 = CARTESIAN_POINT ( 'NONE',  ( -0.7000000000000000666, 4.400000000000000355, -3.199999999999999734 ) ) ;
#9861 = FACE_OUTER_BOUND ( 'NONE', #10022, .T. ) ;
#9862 = DIRECTION ( 'NONE',  ( -1.000000000000000000, -0.000000000000000000, -0.000000000000000000 ) ) ;
#9863 = DIRECTION ( 'NONE',  ( 0.000000000000000000, -1.000000000000000000, 0.000000000000000000 ) ) ;
#9864 = ADVANCED_FACE ( 'NONE', ( #4609 ), #6267, .F. ) ;
#9865 = DIRECTION ( 'NONE',  ( -0.3236155771181821184, 0.3236155771181821184, -0.8891264907159901476 ) ) ;
#9866 = EDGE_CURVE ( 'NONE', #5531, #9470, #3015, .T. ) ;
#9867 = CARTESIAN_POINT ( 'NONE',  ( 6.000000000000000000, 0.4000000000000000222, 2.149999999999999911 ) ) ;
#9868 = CARTESIAN_POINT ( 'NONE',  ( 3.827974591282620409, -1.626303258728256651E-16, -4.650000000000000355 ) ) ;
#9869 = ORIENTED_EDGE ( 'NONE', *, *, #10164, .T. ) ;
#9870 = FACE_OUTER_BOUND ( 'NONE', #10010, .T. ) ;
#9871 = CIRCLE ( 'NONE', #8562, 0.4000000000000001887 ) ;
#9872 = EDGE_LOOP ( 'NONE', ( #3957, #9782, #5859, #4009, #2393, #9544, #4909, #9502 ) ) ;
#9873 = ORIENTED_EDGE ( 'NONE', *, *, #5990, .F. ) ;
#9874 = VERTEX_POINT ( 'NONE', #5596 ) ;
#9875 =( NAMED_UNIT ( * ) SI_UNIT ( $, .STERADIAN. ) SOLID_ANGLE_UNIT ( ) );
#9876 = AXIS2_PLACEMENT_3D ( 'NONE', #3006, #7182, #6213 ) ;
#9877 = EDGE_CURVE ( 'NONE', #8806, #277, #2340, .T. ) ;
#9878 = CARTESIAN_POINT ( 'NONE',  ( 6.000000000000000000, 3.536842105263159119, 1.799999999999998712 ) ) ;
#9879 = DIRECTION ( 'NONE',  ( 1.000000000000000000, -0.000000000000000000, -4.818676322157796389E-16 ) ) ;
#9880 = ORIENTED_EDGE ( 'NONE', *, *, #6531, .T. ) ;
#9881 = DIRECTION ( 'NONE',  ( -2.224004456380521903E-16, -1.000000000000000000, 0.000000000000000000 ) ) ;
#9882 = ORIENTED_EDGE ( 'NONE', *, *, #7353, .F. ) ;
#9883 = ORIENTED_EDGE ( 'NONE', *, *, #2975, .T. ) ;
#9884 = VECTOR ( 'NONE', #8569, 1000.000000000000000 ) ;
#9885 = ORIENTED_EDGE ( 'NONE', *, *, #5120, .F. ) ;
#9886 = ORIENTED_EDGE ( 'NONE', *, *, #8660, .T. ) ;
#9887 = CARTESIAN_POINT ( 'NONE',  ( -5.305000000000001492, 0.3999999999999992450, -4.896446609406722494 ) ) ;
#9888 = FILL_AREA_STYLE_COLOUR ( '', #5607 ) ;
#9889 = DIRECTION ( 'NONE',  ( 0.000000000000000000, -1.000000000000000000, 0.000000000000000000 ) ) ;
#9890 = AXIS2_PLACEMENT_3D ( 'NONE', #8813, #2400, #9388 ) ;
#9891 = ORIENTED_EDGE ( 'NONE', *, *, #1270, .T. ) ;
#9892 = LINE ( 'NONE', #8353, #1813 ) ;
#9893 = LINE ( 'NONE', #1021, #6502 ) ;
#9894 = ORIENTED_EDGE ( 'NONE', *, *, #6443, .T. ) ;
#9895 = VECTOR ( 'NONE', #1756, 1000.000000000000000 ) ;
#9896 = ORIENTED_EDGE ( 'NONE', *, *, #2773, .F. ) ;
#9897 = DIRECTION ( 'NONE',  ( 0.000000000000000000, -0.000000000000000000, -1.000000000000000000 ) ) ;
#9898 = DIRECTION ( 'NONE',  ( 0.000000000000000000, -0.000000000000000000, -1.000000000000000000 ) ) ;
#9899 = CARTESIAN_POINT ( 'NONE',  ( -0.7499999999999676925, 0.2000000000000000111, 4.800000000000000711 ) ) ;
#9900 = DIRECTION ( 'NONE',  ( 0.2359856711608181168, 0.8807105146304249343, -0.4106820575897980885 ) ) ;
#9901 = LINE ( 'NONE', #2064, #6489 ) ;
#9902 = EDGE_CURVE ( 'NONE', #198, #6302, #9422, .T. ) ;
#9903 = ADVANCED_FACE ( 'NONE', ( #6224 ), #9375, .F. ) ;
#9904 = ORIENTED_EDGE ( 'NONE', *, *, #2025, .F. ) ;
#9905 = AXIS2_PLACEMENT_3D ( 'NONE', #4150, #5680, #3150 ) ;
#9906 = CARTESIAN_POINT ( 'NONE',  ( -5.400000000000000355, 5.700000000000000178, 0.1000000000000002554 ) ) ;
#9907 = DIRECTION ( 'NONE',  ( 1.000000000000000000, -0.000000000000000000, -0.000000000000000000 ) ) ;
#9908 = CARTESIAN_POINT ( 'NONE',  ( 4.800000000000000711, 5.499999999999998224, 0.000000000000000000 ) ) ;
#9909 = CIRCLE ( 'NONE', #1286, 0.3499999999999996447 ) ;
#9910 = CARTESIAN_POINT ( 'NONE',  ( -4.204999999999998295, 5.700000000000000178, 2.999999999999999112 ) ) ;
#9911 = PLANE ( 'NONE',  #7958 ) ;
#9912 = LINE ( 'NONE', #1968, #6802 ) ;
#9913 = CARTESIAN_POINT ( 'NONE',  ( 5.200000000000001066, 5.465000000000000746, 1.499999999999999334 ) ) ;
#9914 = CARTESIAN_POINT ( 'NONE',  ( -3.537690617561519701, 0.3041773469432286214, -4.855654563545467539 ) ) ;
#9915 = CARTESIAN_POINT ( 'NONE',  ( 3.537690617561523698, 0.3041773469432292321, -4.855654563545467539 ) ) ;
#9916 = EDGE_LOOP ( 'NONE', ( #2945, #7099, #3856, #9203 ) ) ;
#9917 = DIRECTION ( 'NONE',  ( -1.000000000000000000, -0.000000000000000000, -0.000000000000000000 ) ) ;
#9918 = EDGE_CURVE ( 'NONE', #2656, #8810, #3117, .T. ) ;
#9919 = VERTEX_POINT ( 'NONE', #1570 ) ;
#9920 = ADVANCED_FACE ( 'NONE', ( #6321 ), #1522, .F. ) ;
#9921 = ORIENTED_EDGE ( 'NONE', *, *, #6400, .F. ) ;
#9922 =( LENGTH_UNIT ( ) NAMED_UNIT ( * ) SI_UNIT ( .MILLI., .METRE. ) );
#9923 = VECTOR ( 'NONE', #10197, 1000.000000000000000 ) ;
#9924 = CARTESIAN_POINT ( 'NONE',  ( -3.790655879422969665, -1.460827452542957450E-16, -4.855025253169416466 ) ) ;
#9925 = DIRECTION ( 'NONE',  ( -1.000000000000000000, 0.000000000000000000, 0.000000000000000000 ) ) ;
#9926 = ORIENTED_EDGE ( 'NONE', *, *, #421, .T. ) ;
#9927 =( LENGTH_UNIT ( ) NAMED_UNIT ( * ) SI_UNIT ( .MILLI., .METRE. ) );
#9928 = VECTOR ( 'NONE', #1621, 1000.000000000000000 ) ;
#9929 = CARTESIAN_POINT ( 'NONE',  ( 2.859191070279861524, 0.000000000000000000, -2.300000000000000266 ) ) ;
#9930 = ORIENTED_EDGE ( 'NONE', *, *, #2036, .F. ) ;
#9931 = CARTESIAN_POINT ( 'NONE',  ( 3.250000000000001332, 2.649999999999999911, -2.300000000000000266 ) ) ;
#9932 = VERTEX_POINT ( 'NONE', #5403 ) ;
#9933 = VECTOR ( 'NONE', #9554, 1000.000000000000000 ) ;
#9934 = ADVANCED_FACE ( 'NONE', ( #749 ), #8553, .T. ) ;
#9935 = EDGE_CURVE ( 'NONE', #6075, #1260, #4856, .T. ) ;
#9936 = EDGE_LOOP ( 'NONE', ( #6744, #5748, #1762 ) ) ;
#9937 = EDGE_CURVE ( 'NONE', #6157, #7871, #127, .T. ) ;
#9938 = ORIENTED_EDGE ( 'NONE', *, *, #7410, .F. ) ;
#9939 = FACE_OUTER_BOUND ( 'NONE', #9527, .T. ) ;
#9940 = DIRECTION ( 'NONE',  ( -0.000000000000000000, -0.000000000000000000, -1.000000000000000000 ) ) ;
#9941 = VECTOR ( 'NONE', #1946, 1000.000000000000000 ) ;
#9942 = CARTESIAN_POINT ( 'NONE',  ( -4.800000000000000711, 5.325000000000001954, 3.725000000000000533 ) ) ;
#9943 = ORIENTED_EDGE ( 'NONE', *, *, #9353, .T. ) ;
#9944 = DIRECTION ( 'NONE',  ( 1.000000000000000000, 0.000000000000000000, -0.000000000000000000 ) ) ;
#9945 = DIRECTION ( 'NONE',  ( -0.000000000000000000, -0.000000000000000000, 1.000000000000000000 ) ) ;
#9946 = VERTEX_POINT ( 'NONE', #7550 ) ;
#9947 = VECTOR ( 'NONE', #8184, 1000.000000000000000 ) ;
#9948 = ORIENTED_EDGE ( 'NONE', *, *, #6512, .F. ) ;
#9949 = DIRECTION ( 'NONE',  ( -1.000000000000000000, 8.627481473925043851E-32, -5.421010862427521184E-16 ) ) ;
#9950 = ADVANCED_FACE ( 'NONE', ( #4913 ), #5219, .F. ) ;
#9951 = FACE_OUTER_BOUND ( 'NONE', #9916, .T. ) ;
#9952 = CARTESIAN_POINT ( 'NONE',  ( -0.6249999999999998890, 4.700000000000000178, -0.2500000000000001665 ) ) ;
#9953 = DIRECTION ( 'NONE',  ( -1.000000000000000000, -0.000000000000000000, -0.000000000000000000 ) ) ;
#9954 = VECTOR ( 'NONE', #759, 1000.000000000000000 ) ;
#9955 = LINE ( 'NONE', #5208, #7138 ) ;
#9956 = VECTOR ( 'NONE', #4060, 1000.000000000000000 ) ;
#9957 = DIRECTION ( 'NONE',  ( 0.000000000000000000, -1.548860246407863829E-16, 1.000000000000000000 ) ) ;
#9958 = ORIENTED_EDGE ( 'NONE', *, *, #6121, .F. ) ;
#9959 = CARTESIAN_POINT ( 'NONE',  ( 3.377407327266551018, 2.022592672733450225, -1.649951245262083699 ) ) ;
#9960 = VECTOR ( 'NONE', #5919, 999.9999999999998863 ) ;
#9961 = DIRECTION ( 'NONE',  ( 0.000000000000000000, 0.7071067811865434649, 0.7071067811865515695 ) ) ;
#9962 = VECTOR ( 'NONE', #725, 1000.000000000000000 ) ;
#9963 = EDGE_CURVE ( 'NONE', #6546, #5625, #4964, .T. ) ;
#9964 = CARTESIAN_POINT ( 'NONE',  ( 2.100000000000000533, 3.699999999999998845, 0.7999999999999994893 ) ) ;
#9965 = VECTOR ( 'NONE', #5105, 1000.000000000000000 ) ;
#9966 = EDGE_CURVE ( 'NONE', #1158, #5557, #9912, .T. ) ;
#9967 = CARTESIAN_POINT ( 'NONE',  ( 6.000000000000000000, 1.300000000000000266, 3.699999999999999734 ) ) ;
#9968 = FACE_OUTER_BOUND ( 'NONE', #4958, .T. ) ;
#9969 = LINE ( 'NONE', #10018, #2294 ) ;
#9970 = CARTESIAN_POINT ( 'NONE',  ( 1.377407327266550796, 2.022592672733450225, -1.649951245262083699 ) ) ;
#9971 = CARTESIAN_POINT ( 'NONE',  ( -3.764267565201867338, 0.3499999999999994782, -5.000000000000000888 ) ) ;
#9972 = LINE ( 'NONE', #474, #4670 ) ;
#9973 = ORIENTED_EDGE ( 'NONE', *, *, #3464, .T. ) ;
#9974 = FILL_AREA_STYLE ('',( #9355 ) ) ;
#9975 = ORIENTED_EDGE ( 'NONE', *, *, #7858, .T. ) ;
#9976 = EDGE_LOOP ( 'NONE', ( #5083, #1486, #2846, #1838 ) ) ;
#9977 = EDGE_CURVE ( 'NONE', #7136, #2034, #4692, .T. ) ;
#9978 = LINE ( 'NONE', #1358, #6198 ) ;
#9979 = FACE_OUTER_BOUND ( 'NONE', #8393, .T. ) ;
#9980 = DIRECTION ( 'NONE',  ( 1.000000000000000000, 0.000000000000000000, 0.000000000000000000 ) ) ;
#9981 = VERTEX_POINT ( 'NONE', #1670 ) ;
#9982 = LINE ( 'NONE', #6934, #7152 ) ;
#9983 = LINE ( 'NONE', #9205, #4633 ) ;
#9984 = ORIENTED_EDGE ( 'NONE', *, *, #7423, .T. ) ;
#9985 = CARTESIAN_POINT ( 'NONE',  ( 5.200000000000001066, 5.470710678118654968, 1.647132034355962338 ) ) ;
#9986 = ORIENTED_EDGE ( 'NONE', *, *, #6483, .T. ) ;
#9987 = EDGE_LOOP ( 'NONE', ( #7844, #184, #4154, #6106 ) ) ;
#9988 = EDGE_LOOP ( 'NONE', ( #9679, #5230, #6424, #8828 ) ) ;
#9989 = CIRCLE ( 'NONE', #1860, 0.07500000000000041356 ) ;
#9990 = PLANE ( 'NONE',  #9265 ) ;
#9991 = DIRECTION ( 'NONE',  ( 1.000000000000000000, 0.000000000000000000, -0.000000000000000000 ) ) ;
#9992 = EDGE_CURVE ( 'NONE', #4399, #9030, #6534, .T. ) ;
#9993 = LINE ( 'NONE', #4610, #10098 ) ;
#9994 = DIRECTION ( 'NONE',  ( 1.000000000000000000, -0.000000000000000000, -0.000000000000000000 ) ) ;
#9995 = EDGE_CURVE ( 'NONE', #1092, #4916, #8076, .T. ) ;
#9996 = ORIENTED_EDGE ( 'NONE', *, *, #170, .T. ) ;
#9997 = PLANE ( 'NONE',  #1979 ) ;
#9998 = EDGE_CURVE ( 'NONE', #6792, #2724, #2494, .T. ) ;
#9999 = DIRECTION ( 'NONE',  ( 0.000000000000000000, 1.000000000000000000, -6.829619984160656074E-16 ) ) ;
#10000 = ORIENTED_EDGE ( 'NONE', *, *, #1550, .F. ) ;
#10001 = VECTOR ( 'NONE', #1745, 1000.000000000000000 ) ;
#10002 = EDGE_LOOP ( 'NONE', ( #4653, #3501, #9404, #8998 ) ) ;
#10003 = DIRECTION ( 'NONE',  ( 0.000000000000000000, 1.000000000000000000, 0.000000000000000000 ) ) ;
#10004 = LINE ( 'NONE', #5257, #3454 ) ;
#10005 = DIRECTION ( 'NONE',  ( -1.000000000000000000, 1.182766006347823306E-15, 0.000000000000000000 ) ) ;
#10006 = ORIENTED_EDGE ( 'NONE', *, *, #10195, .T. ) ;
#10007 = ADVANCED_FACE ( 'NONE', ( #8846 ), #1003, .T. ) ;
#10008 = CARTESIAN_POINT ( 'NONE',  ( -1.249999999999999334, 2.649999999999999911, 0.7999999999999994893 ) ) ;
#10009 = CIRCLE ( 'NONE', #5723, 0.2500000000000002220 ) ;
#10010 = EDGE_LOOP ( 'NONE', ( #1116, #2089, #6315, #6127, #3795, #7518, #2885, #6346 ) ) ;
#10011 = PLANE ( 'NONE',  #2172 ) ;
#10012 = FACE_OUTER_BOUND ( 'NONE', #7434, .T. ) ;
#10013 = ADVANCED_FACE ( 'NONE', ( #1720 ), #5165, .F. ) ;
#10015 = VECTOR ( 'NONE', #7623, 1000.000000000000000 ) ;
#10014 = CARTESIAN_POINT ( 'NONE',  ( 4.200000000000000178, 2.199999999999998845, -3.599999999999999645 ) ) ;
#10016 = DIRECTION ( 'NONE',  ( 7.542275982507860105E-16, -4.713922489067412566E-17, 1.000000000000000000 ) ) ;
#10017 = CARTESIAN_POINT ( 'NONE',  ( -1.999999999999998224, 0.000000000000000000, -3.599999999999999645 ) ) ;
#10018 = CARTESIAN_POINT ( 'NONE',  ( 6.000000000000000000, 2.400000000000000355, 1.999999999999999556 ) ) ;
#10019 = CARTESIAN_POINT ( 'NONE',  ( 5.305000000000000604, 0.4000000000000000222, 2.149999999999999911 ) ) ;
#10020 = LINE ( 'NONE', #8674, #4813 ) ;
#10021 = DIRECTION ( 'NONE',  ( 0.000000000000000000, -1.000000000000000000, 0.000000000000000000 ) ) ;
#10022 = EDGE_LOOP ( 'NONE', ( #7904, #8060, #6222, #6833 ) ) ;
#10023 = DIRECTION ( 'NONE',  ( 0.000000000000000000, -0.5646839155919902709, 0.8253072612498317806 ) ) ;
#10024 = EDGE_LOOP ( 'NONE', ( #5921, #6118, #648, #193 ) ) ;
#10025 = ORIENTED_EDGE ( 'NONE', *, *, #2182, .F. ) ;
#10026 = LINE ( 'NONE', #7724, #1691 ) ;
#10027 = CARTESIAN_POINT ( 'NONE',  ( 6.000000000000000000, 3.150000000000000799, -3.200000000000000178 ) ) ;
#10028 = FACE_OUTER_BOUND ( 'NONE', #9872, .T. ) ;
#10029 = ORIENTED_EDGE ( 'NONE', *, *, #4277, .F. ) ;
#10030 = EDGE_CURVE ( 'NONE', #7241, #9562, #4175, .T. ) ;
#10031 = DIRECTION ( 'NONE',  ( 0.000000000000000000, -3.372884145477667245E-15, -1.000000000000000000 ) ) ;
#10032 = EDGE_CURVE ( 'NONE', #1804, #3235, #7354, .T. ) ;
#10033 = ORIENTED_EDGE ( 'NONE', *, *, #1980, .F. ) ;
#10034 = DIRECTION ( 'NONE',  ( 0.000000000000000000, 0.000000000000000000, 1.000000000000000000 ) ) ;
#10035 = ORIENTED_EDGE ( 'NONE', *, *, #5928, .F. ) ;
#10036 = ADVANCED_FACE ( 'NONE', ( #3580 ), #180, .F. ) ;
#10037 = EDGE_LOOP ( 'NONE', ( #8673, #3226, #2243, #8904 ) ) ;
#10038 = COLOUR_RGB ( '',1.000000000000000000, 1.000000000000000000, 0.7529411764705882248 ) ;
#10039 = ORIENTED_EDGE ( 'NONE', *, *, #4608, .T. ) ;
#10040 = DIRECTION ( 'NONE',  ( 0.000000000000000000, 0.000000000000000000, -1.000000000000000000 ) ) ;
#10041 = PLANE ( 'NONE',  #7928 ) ;
#10042 = CARTESIAN_POINT ( 'NONE',  ( -4.600000000000000533, 5.700000000000001954, 2.250000000000000000 ) ) ;
#10043 = DIRECTION ( 'NONE',  ( -1.000000000000000000, 0.000000000000000000, -0.000000000000000000 ) ) ;
#10044 = EDGE_LOOP ( 'NONE', ( #8384, #7932, #6416, #2454 ) ) ;
#10045 = CARTESIAN_POINT ( 'NONE',  ( 4.800000000000000711, 5.394289321881345245, 0.8207106781186550570 ) ) ;
#10046 = LINE ( 'NONE', #5253, #3313 ) ;
#10047 = ORIENTED_EDGE ( 'NONE', *, *, #8298, .T. ) ;
#10048 = VECTOR ( 'NONE', #5127, 1000.000000000000000 ) ;
#10049 = ORIENTED_EDGE ( 'NONE', *, *, #8552, .T. ) ;
#10050 = EDGE_CURVE ( 'NONE', #3573, #9209, #3220, .T. ) ;
#10051 = EDGE_LOOP ( 'NONE', ( #6628, #4544, #263, #8237 ) ) ;
#10052 = EDGE_CURVE ( 'NONE', #6252, #3604, #9672, .T. ) ;
#10053 = EDGE_CURVE ( 'NONE', #3721, #7569, #3379, .T. ) ;
#10054 = VECTOR ( 'NONE', #5792, 1000.000000000000000 ) ;
#10055 = DIRECTION ( 'NONE',  ( 0.000000000000000000, 0.4226182617407000519, -0.9063077870366497146 ) ) ;
#10056 = CARTESIAN_POINT ( 'NONE',  ( -5.305000000000000604, 0.4000000000000000222, 1.099999999999999867 ) ) ;
#10057 = DIRECTION ( 'NONE',  ( 0.5773502691896230665, 0.5773502691896292838, -0.5773502691896249539 ) ) ;
#10058 = EDGE_LOOP ( 'NONE', ( #1073, #7458, #5827, #4766 ) ) ;
#10059 = EDGE_CURVE ( 'NONE', #5466, #6254, #7805, .T. ) ;
#10060 = DIRECTION ( 'NONE',  ( 1.000000000000000000, 0.000000000000000000, 0.000000000000000000 ) ) ;
#10061 = ORIENTED_EDGE ( 'NONE', *, *, #676, .F. ) ;
#10062 = DIRECTION ( 'NONE',  ( 1.000000000000000000, 0.000000000000000000, 0.000000000000000000 ) ) ;
#10063 = CIRCLE ( 'NONE', #9727, 0.2000000000000005107 ) ;
#10064 = ADVANCED_FACE ( 'NONE', ( #6049 ), #6199, .T. ) ;
#10065 = DIRECTION ( 'NONE',  ( 1.000000000000000000, 0.000000000000000000, 0.000000000000000000 ) ) ;
#10066 = EDGE_CURVE ( 'NONE', #7293, #2848, #4482, .T. ) ;
#10067 = DIRECTION ( 'NONE',  ( 0.000000000000000000, 0.000000000000000000, 1.000000000000000000 ) ) ;
#10068 = LINE ( 'NONE', #2939, #1465 ) ;
#10069 = DIRECTION ( 'NONE',  ( 8.673617379884035472E-16, 1.000000000000000000, -0.000000000000000000 ) ) ;
#10070 = DIRECTION ( 'NONE',  ( -0.000000000000000000, -1.000000000000000000, -0.000000000000000000 ) ) ;
#10071 = PLANE ( 'NONE',  #9769 ) ;
#10072 = LINE ( 'NONE', #928, #9473 ) ;
#10073 = ORIENTED_EDGE ( 'NONE', *, *, #4857, .T. ) ;
#10074 =( NAMED_UNIT ( * ) PLANE_ANGLE_UNIT ( ) SI_UNIT ( $, .RADIAN. ) );
#10075 = VERTEX_POINT ( 'NONE', #1349 ) ;
#10076 = VECTOR ( 'NONE', #9450, 1000.000000000000000 ) ;
#10077 = ORIENTED_EDGE ( 'NONE', *, *, #9783, .T. ) ;
#10078 = PRESENTATION_STYLE_ASSIGNMENT (( #6929 ) ) ;
#10079 = DIRECTION ( 'NONE',  ( 1.000000000000000000, -0.000000000000000000, -0.000000000000000000 ) ) ;
#10080 = ORIENTED_EDGE ( 'NONE', *, *, #2363, .F. ) ;
#10081 = PLANE ( 'NONE',  #3956 ) ;
#10082 = ORIENTED_EDGE ( 'NONE', *, *, #6354, .F. ) ;
#10083 = DIRECTION ( 'NONE',  ( -1.000000000000000000, 0.000000000000000000, -0.000000000000000000 ) ) ;
#10084 = ORIENTED_EDGE ( 'NONE', *, *, #1270, .F. ) ;
#10085 = ORIENTED_EDGE ( 'NONE', *, *, #9274, .T. ) ;
#10086 = VECTOR ( 'NONE', #2568, 1000.000000000000000 ) ;
#10087 = ORIENTED_EDGE ( 'NONE', *, *, #6275, .F. ) ;
#10088 = AXIS2_PLACEMENT_3D ( 'NONE', #5271, #8577, #1288 ) ;
#10089 = ADVANCED_FACE ( 'NONE', ( #2119 ), #8426, .F. ) ;
#10090 = EDGE_CURVE ( 'NONE', #6690, #7350, #7659, .T. ) ;
#10091 = DIRECTION ( 'NONE',  ( -0.000000000000000000, -0.000000000000000000, 1.000000000000000000 ) ) ;
#10092 = VECTOR ( 'NONE', #2941, 1000.000000000000000 ) ;
#10093 = DIRECTION ( 'NONE',  ( 1.000000000000000000, -0.000000000000000000, -0.000000000000000000 ) ) ;
#10094 = DIRECTION ( 'NONE',  ( 0.000000000000000000, -0.7071067811865415775, 0.7071067811865535679 ) ) ;
#10095 = VERTEX_POINT ( 'NONE', #6919 ) ;
#10096 = PRESENTATION_STYLE_ASSIGNMENT (( #708 ) ) ;
#10097 = DIRECTION ( 'NONE',  ( -0.000000000000000000, 0.000000000000000000, -1.000000000000000000 ) ) ;
#10098 = VECTOR ( 'NONE', #5299, 1000.000000000000000 ) ;
#10099 = ORIENTED_EDGE ( 'NONE', *, *, #10220, .T. ) ;
#10100 = VECTOR ( 'NONE', #6622, 1000.000000000000000 ) ;
#10101 = ORIENTED_EDGE ( 'NONE', *, *, #1292, .T. ) ;
#10102 = EDGE_CURVE ( 'NONE', #1105, #1945, #9969, .T. ) ;
#10103 = VERTEX_POINT ( 'NONE', #6969 ) ;
#10104 = VECTOR ( 'NONE', #8428, 1000.000000000000114 ) ;
#10105 = EDGE_CURVE ( 'NONE', #4639, #5241, #530, .T. ) ;
#10106 = CARTESIAN_POINT ( 'NONE',  ( -5.100000000000003197, 5.400000000000000355, 0.1000000000000001998 ) ) ;
#10107 = CARTESIAN_POINT ( 'NONE',  ( -2.749999999999967581, 0.000000000000000000, 4.800000000000000711 ) ) ;
#10108 = CARTESIAN_POINT ( 'NONE',  ( 6.000000000000000000, 0.4000000000000000222, -3.600000000000000533 ) ) ;
#10109 = ORIENTED_EDGE ( 'NONE', *, *, #7352, .F. ) ;
#10110 = EDGE_CURVE ( 'NONE', #5433, #5955, #7015, .T. ) ;
#10111 = PLANE ( 'NONE',  #1097 ) ;
#10112 = ORIENTED_EDGE ( 'NONE', *, *, #934, .T. ) ;
#10113 = LINE ( 'NONE', #8472, #9145 ) ;
#10114 = AXIS2_PLACEMENT_3D ( 'NONE', #4035, #4984, #3342 ) ;
#10115 = CARTESIAN_POINT ( 'NONE',  ( 0.7500000000000318634, 0.2000000000000000111, 5.000000000000000888 ) ) ;
#10116 = CARTESIAN_POINT ( 'NONE',  ( 2.100000000000000089, 4.400000000000000355, 0.7999999999999994893 ) ) ;
#10117 = DIRECTION ( 'NONE',  ( 0.000000000000000000, 1.000000000000000000, 0.000000000000000000 ) ) ;
#10118 = VECTOR ( 'NONE', #4969, 1000.000000000000000 ) ;
#10119 = CARTESIAN_POINT ( 'NONE',  ( -5.304999999999998828, 2.350000000000000089, -4.500000000000000888 ) ) ;
#10120 = DIRECTION ( 'NONE',  ( -1.000000000000000000, 0.000000000000000000, -0.000000000000000000 ) ) ;
#10121 = VECTOR ( 'NONE', #7342, 1000.000000000000000 ) ;
#10122 = EDGE_CURVE ( 'NONE', #5561, #2275, #3040, .T. ) ;
#10123 = LINE ( 'NONE', #6103, #6173 ) ;
#10124 = EDGE_CURVE ( 'NONE', #1479, #7692, #2842, .T. ) ;
#10125 = ORIENTED_EDGE ( 'NONE', *, *, #9546, .F. ) ;
#10126 = PLANE ( 'NONE',  #4870 ) ;
#10127 = EDGE_LOOP ( 'NONE', ( #5669, #8550, #7747, #9160 ) ) ;
#10128 = VECTOR ( 'NONE', #9646, 1000.000000000000114 ) ;
#10129 = VECTOR ( 'NONE', #834, 1000.000000000000227 ) ;
#10130 = CIRCLE ( 'NONE', #5512, 0.09999999999999961697 ) ;
#10131 = VERTEX_POINT ( 'NONE', #10119 ) ;
#10132 = CARTESIAN_POINT ( 'NONE',  ( 6.000000000000000000, 5.700000000000000178, -3.200000000000000178 ) ) ;
#10133 = UNCERTAINTY_MEASURE_WITH_UNIT (LENGTH_MEASURE( 1.000000000000000082E-05 ), #8309, 'distance_accuracy_value', 'NONE');
#10134 = VECTOR ( 'NONE', #6239, 1000.000000000000000 ) ;
#10135 = CARTESIAN_POINT ( 'NONE',  ( -5.304999999999998828, 0.4000000000000000222, -1.699999999999999067 ) ) ;
#10136 = VERTEX_POINT ( 'NONE', #4534 ) ;
#10137 = CARTESIAN_POINT ( 'NONE',  ( -6.000000000000000000, 0.2000000000000000111, 2.149999999999999911 ) ) ;
#10138 = ORIENTED_EDGE ( 'NONE', *, *, #8866, .T. ) ;
#10139 = DIRECTION ( 'NONE',  ( -0.000000000000000000, 1.000000000000000000, -0.000000000000000000 ) ) ;
#10140 = ORIENTED_EDGE ( 'NONE', *, *, #8669, .F. ) ;
#10141 = EDGE_CURVE ( 'NONE', #123, #8383, #7714, .T. ) ;
#10142 = ORIENTED_EDGE ( 'NONE', *, *, #126, .T. ) ;
#10143 = ORIENTED_EDGE ( 'NONE', *, *, #3118, .F. ) ;
#10144 = PLANE ( 'NONE',  #3113 ) ;
#10145 = CARTESIAN_POINT ( 'NONE',  ( 6.000000000000000000, 0.6000000000000000888, 3.899999999999999911 ) ) ;
#10146 = LINE ( 'NONE', #7688, #6086 ) ;
#10147 = ORIENTED_EDGE ( 'NONE', *, *, #8161, .T. ) ;
#10148 = FILL_AREA_STYLE_COLOUR ( '', #337 ) ;
#10149 = CARTESIAN_POINT ( 'NONE',  ( -5.305000000000000604, 0.4000000000000050737, 4.898587196589475938E-17 ) ) ;
#10150 = ORIENTED_EDGE ( 'NONE', *, *, #8739, .F. ) ;
#10151 = EDGE_LOOP ( 'NONE', ( #3538, #3013, #7886, #4987 ) ) ;
#10152 = ADVANCED_FACE ( 'NONE', ( #2893 ), #2073, .F. ) ;
#10153 = VECTOR ( 'NONE', #2184, 1000.000000000000000 ) ;
#10154 = EDGE_LOOP ( 'NONE', ( #6636, #7190, #1231, #8809 ) ) ;
#10155 = CARTESIAN_POINT ( 'NONE',  ( 4.800000000000000711, 5.500000000000001776, 1.974999999999999423 ) ) ;
#10156 = DIRECTION ( 'NONE',  ( 0.000000000000000000, 1.000000000000000000, 0.000000000000000000 ) ) ;
#10157 = CARTESIAN_POINT ( 'NONE',  ( -3.026055542458621961, 0.3499999999999999778, -3.750000000000003997 ) ) ;
#10158 = ORIENTED_EDGE ( 'NONE', *, *, #606, .T. ) ;
#10159 = CARTESIAN_POINT ( 'NONE',  ( 4.350000000000003197, 2.750000000000000444, -3.600000000000000533 ) ) ;
#10160 = ORIENTED_EDGE ( 'NONE', *, *, #2457, .T. ) ;
#10161 = CARTESIAN_POINT ( 'NONE',  ( 2.750000000000031974, 0.6000000000000000888, 5.000000000000000000 ) ) ;
#10162 = AXIS2_PLACEMENT_3D ( 'NONE', #278, #1819, #2691 ) ;
#10163 = EDGE_CURVE ( 'NONE', #3001, #3624, #5272, .T. ) ;
#10164 = EDGE_CURVE ( 'NONE', #5028, #3082, #582, .T. ) ;
#10165 = VECTOR ( 'NONE', #10065, 1000.000000000000000 ) ;
#10166 = ADVANCED_FACE ( 'NONE', ( #2272 ), #2624, .F. ) ;
#10167 = LINE ( 'NONE', #8723, #5714 ) ;
#10168 = CARTESIAN_POINT ( 'NONE',  ( 5.200000000000001066, 4.939999999999999503, 2.124999999999999556 ) ) ;
#10169 = EDGE_CURVE ( 'NONE', #4641, #1110, #8578, .T. ) ;
#10170 = AXIS2_PLACEMENT_3D ( 'NONE', #2778, #4155, #5160 ) ;
#10171 = DIRECTION ( 'NONE',  ( -1.000000000000000000, 0.000000000000000000, -0.000000000000000000 ) ) ;
#10172 = AXIS2_PLACEMENT_3D ( 'NONE', #8075, #944, #892 ) ;
#10173 = DIRECTION ( 'NONE',  ( -1.000000000000000000, 1.182766006347823306E-15, 0.000000000000000000 ) ) ;
#10174 = CARTESIAN_POINT ( 'NONE',  ( 0.000000000000000000, 0.000000000000000000, -3.000000000000000000 ) ) ;
#10175 = CARTESIAN_POINT ( 'NONE',  ( -4.900000000000000355, 1.800000000000000044, -1.699999999999999734 ) ) ;
#10176 = ORIENTED_EDGE ( 'NONE', *, *, #2395, .F. ) ;
#10177 = CARTESIAN_POINT ( 'NONE',  ( -0.7499999999999668043, 0.000000000000000000, 2.400000000000000355 ) ) ;
#10178 = ORIENTED_EDGE ( 'NONE', *, *, #2676, .T. ) ;
#10179 = CIRCLE ( 'NONE', #7205, 0.1749999999999998224 ) ;
#10180 = EDGE_CURVE ( 'NONE', #3552, #3668, #4634, .T. ) ;
#10181 = CARTESIAN_POINT ( 'NONE',  ( 1.250000000000032419, 0.2000000000000000111, 2.400000000000000355 ) ) ;
#10182 = EDGE_LOOP ( 'NONE', ( #7426, #8917, #9943, #6892, #6026, #4246, #2003, #2128, #6777, #7262, #3522, #8336, #8558, #6645, #287, #8183, #4345, #5021 ) ) ;
#10183 = CARTESIAN_POINT ( 'NONE',  ( -5.304999999999998828, 4.629138561470611535, -1.699999999999999067 ) ) ;
#10184 = EDGE_CURVE ( 'NONE', #6131, #4389, #8630, .T. ) ;
#10185 = EDGE_CURVE ( 'NONE', #3322, #6163, #3940, .T. ) ;
#10186 = DIRECTION ( 'NONE',  ( 0.000000000000000000, -1.414176746720223153E-16, 1.000000000000000000 ) ) ;
#10187 = CARTESIAN_POINT ( 'NONE',  ( -4.800000000000000711, 5.470710678118654968, 0.8971320343559638921 ) ) ;
#10188 = CARTESIAN_POINT ( 'NONE',  ( -4.200000000000000178, 0.9000000000000004663, -3.049999999999999378 ) ) ;
#10189 = EDGE_LOOP ( 'NONE', ( #6581, #8623, #3874, #511 ) ) ;
#10190 = FACE_OUTER_BOUND ( 'NONE', #6895, .T. ) ;
#10191 = ORIENTED_EDGE ( 'NONE', *, *, #13, .T. ) ;
#10192 = VERTEX_POINT ( 'NONE', #4736 ) ;
#10193 = LINE ( 'NONE', #1175, #4885 ) ;
#10194 = ORIENTED_EDGE ( 'NONE', *, *, #1521, .F. ) ;
#10195 = EDGE_CURVE ( 'NONE', #7890, #2285, #2368, .T. ) ;
#10196 = CARTESIAN_POINT ( 'NONE',  ( -1.249999999999968248, 0.6000000000000000888, 2.400000000000000355 ) ) ;
#10197 = DIRECTION ( 'NONE',  ( 1.000000000000000000, -8.673617379884035472E-16, 0.000000000000000000 ) ) ;
#10198 = DIRECTION ( 'NONE',  ( -0.000000000000000000, -0.000000000000000000, 1.000000000000000000 ) ) ;
#10199 = ORIENTED_EDGE ( 'NONE', *, *, #8552, .F. ) ;
#10200 = DIRECTION ( 'NONE',  ( 1.000000000000000000, 0.000000000000000000, 0.000000000000000000 ) ) ;
#10201 = CARTESIAN_POINT ( 'NONE',  ( -2.749999999999999112, 2.649999999999999911, -2.300000000000000266 ) ) ;
#10202 = ORIENTED_EDGE ( 'NONE', *, *, #8548, .T. ) ;
#10203 = ORIENTED_EDGE ( 'NONE', *, *, #4897, .T. ) ;
#10204 = AXIS2_PLACEMENT_3D ( 'NONE', #6323, #7979, #9522 ) ;
#10205 = VERTEX_POINT ( 'NONE', #6509 ) ;
#10206 = DIRECTION ( 'NONE',  ( 1.000000000000000000, 0.000000000000000000, -0.000000000000000000 ) ) ;
#10207 = PLANE ( 'NONE',  #9890 ) ;
#10208 = VECTOR ( 'NONE', #5490, 1000.000000000000000 ) ;
#10209 = DIRECTION ( 'NONE',  ( 0.000000000000000000, -0.000000000000000000, 1.000000000000000000 ) ) ;
#10210 = ORIENTED_EDGE ( 'NONE', *, *, #1164, .F. ) ;
#10211 = DIRECTION ( 'NONE',  ( 0.000000000000000000, 0.000000000000000000, -1.000000000000000000 ) ) ;
#10212 = ORIENTED_EDGE ( 'NONE', *, *, #9303, .F. ) ;
#10213 = DIRECTION ( 'NONE',  ( 0.000000000000000000, 1.000000000000000000, 0.000000000000000000 ) ) ;
#10214 = VECTOR ( 'NONE', #8694, 1000.000000000000000 ) ;
#10215 = CARTESIAN_POINT ( 'NONE',  ( -0.7499999999999668043, 0.6000000000000000888, 2.399999999999972378 ) ) ;
#10216 = EDGE_CURVE ( 'NONE', #69, #6849, #7067, .T. ) ;
#10217 = CARTESIAN_POINT ( 'NONE',  ( 5.200000000000001066, 5.500000000000001776, 0.5321572875253787194 ) ) ;
#10218 = LINE ( 'NONE', #3298, #7123 ) ;
#10219 = ADVANCED_FACE ( 'NONE', ( #9542 ), #3092, .F. ) ;
#10220 = EDGE_CURVE ( 'NONE', #9919, #7136, #7115, .T. ) ;
#10221 = CARTESIAN_POINT ( 'NONE',  ( -3.249999999999968026, 0.000000000000000000, 2.400000000000000355 ) ) ;
#10222 = DIRECTION ( 'NONE',  ( 0.000000000000000000, -1.000000000000000000, 0.000000000000000000 ) ) ;
#10223 = AXIS2_PLACEMENT_3D ( 'NONE', #5514, #2451, #3028 ) ;
#10224 = LINE ( 'NONE', #9, #7673 ) ;
#10225 = ORIENTED_EDGE ( 'NONE', *, *, #8022, .F. ) ;
#10226 = CARTESIAN_POINT ( 'NONE',  ( -2.100000000000000089, 4.400000000000000355, 0.7999999999999994893 ) ) ;
#10227 = EDGE_LOOP ( 'NONE', ( #7572, #8593, #4541, #8561 ) ) ;
#10228 = CARTESIAN_POINT ( 'NONE',  ( 1.250000000000032419, 0.2000000000000000111, 4.800000000000000711 ) ) ;
#10229 = VECTOR ( 'NONE', #4162, 1000.000000000000000 ) ;
#10230 = EDGE_CURVE ( 'NONE', #8288, #7919, #3149, .T. ) ;
#10231 = DIRECTION ( 'NONE',  ( 0.000000000000000000, 0.000000000000000000, 1.000000000000000000 ) ) ;
#10232 = CARTESIAN_POINT ( 'NONE',  ( 4.200000000000000178, 4.800000000000000711, -4.850000000000001421 ) ) ;
#10233 = CARTESIAN_POINT ( 'NONE',  ( 1.140808929720140474, 0.000000000000000000, -2.300000000000000266 ) ) ;
#10234 = EDGE_CURVE ( 'NONE', #2751, #5569, #9449, .T. ) ;
#10235 = EDGE_LOOP ( 'NONE', ( #6843, #2628, #3074, #804 ) ) ;
#10236 = COLOUR_RGB ( '',0.7921568627450980005, 0.8196078431372548767, 0.9333333333333333481 ) ;
#10237 = FACE_OUTER_BOUND ( 'NONE', #9149, .T. ) ;
#10238 = VERTEX_POINT ( 'NONE', #5528 ) ;
#10239 = ORIENTED_EDGE ( 'NONE', *, *, #6830, .T. ) ;
#10240 = LINE ( 'NONE', #2491, #3363 ) ;
#10241 = VECTOR ( 'NONE', #9532, 999.9999999999998863 ) ;
#10242 = CARTESIAN_POINT ( 'NONE',  ( -3.604999999999997762, 8.000000000000000000, -5.000000000000005329 ) ) ;
#10243 = CARTESIAN_POINT ( 'NONE',  ( 3.827974591282619965, 0.000000000000000000, -4.650000000000000355 ) ) ;
#10244 = CARTESIAN_POINT ( 'NONE',  ( -2.749999999999999112, 2.149999999999999467, -2.300000000000000266 ) ) ;
#10245 = ORIENTED_EDGE ( 'NONE', *, *, #269, .T. ) ;
#10246 = CARTESIAN_POINT ( 'NONE',  ( 5.200000000000001066, 5.425000000000000711, 3.000000000000000444 ) ) ;
#10247 = LINE ( 'NONE', #3125, #3496 ) ;
#10248 = VERTEX_POINT ( 'NONE', #4689 ) ;
#10249 = EDGE_CURVE ( 'NONE', #3542, #5546, #1478, .T. ) ;
#10250 = ADVANCED_FACE ( 'NONE', ( #819 ), #3995, .F. ) ;
#10251 = ORIENTED_EDGE ( 'NONE', *, *, #3251, .T. ) ;
#10252 = EDGE_CURVE ( 'NONE', #8802, #2500, #2414, .T. ) ;
#10253 = VECTOR ( 'NONE', #6906, 1000.000000000000000 ) ;
#10254 = ORIENTED_EDGE ( 'NONE', *, *, #8463, .T. ) ;
#10255 = ORIENTED_EDGE ( 'NONE', *, *, #5004, .T. ) ;
#10256 = CIRCLE ( 'NONE', #4135, 0.2000000000000005107 ) ;
#10257 = CARTESIAN_POINT ( 'NONE',  ( 0.5597564476813305934, 1.959756447681329394, -1.477310135807611502 ) ) ;
#10258 = CARTESIAN_POINT ( 'NONE',  ( 5.200000000000001066, 5.325000000000001954, 3.725000000000000533 ) ) ;
#10259 = VECTOR ( 'NONE', #9214, 1000.000000000000000 ) ;
#10260 = FACE_OUTER_BOUND ( 'NONE', #8665, .T. ) ;
#10261 = ORIENTED_EDGE ( 'NONE', *, *, #1145, .T. ) ;
#10262 = CARTESIAN_POINT ( 'NONE',  ( -3.666517060317667109, 0.1004806359983436842, -4.903437557672700287 ) ) ;
#10263 = CIRCLE ( 'NONE', #4642, 0.1000000000000002554 ) ;
#10264 = CARTESIAN_POINT ( 'NONE',  ( -3.249999999999968026, 0.6000000000000000888, 2.399999999999958167 ) ) ;
#10265 = EDGE_LOOP ( 'NONE', ( #7175, #1316, #4798, #4649, #3836, #752, #2090, #7444, #8149, #7278, #5580 ) ) ;
#10266 = CARTESIAN_POINT ( 'NONE',  ( 6.000000000000000000, 0.2000000000000000111, 3.899999999999999911 ) ) ;
#10267 = VECTOR ( 'NONE', #6352, 1000.000000000000000 ) ;
ENDSEC;
END-ISO-10303-21;
