ISO-10303-21;
HEADER;
FILE_DESCRIPTION (( 'STEP AP214' ),
    '1' );
FILE_NAME ('SM05B-PASS-TBT.STEP',
    '2025-08-19T20:52:49',
    ( '' ),
    ( '' ),
    'SwSTEP 2.0',
    'SolidWorks 2021',
    '' );
FILE_SCHEMA (( 'AUTOMOTIVE_DESIGN' ));
ENDSEC;

DATA;
#1 = CARTESIAN_POINT ( 'NONE',  ( -6.054999999999998828, 0.6500000000000020206, -4.749999999999992006 ) ) ;
#2 = ORIENTED_EDGE ( 'NONE', *, *, #1804, .T. ) ;
#3 = DIRECTION ( 'NONE',  ( 0.000000000000000000, -1.000000000000000000, 0.000000000000000000 ) ) ;
#4 = LINE ( 'NONE', #4389, #4374 ) ;
#5 = VECTOR ( 'NONE', #1044, 1000.000000000000000 ) ;
#6 = LINE ( 'NONE', #7638, #8265 ) ;
#7 = ORIENTED_EDGE ( 'NONE', *, *, #1604, .T. ) ;
#8 = ORIENTED_EDGE ( 'NONE', *, *, #3443, .F. ) ;
#9 = LINE ( 'NONE', #2434, #207 ) ;
#10 = EDGE_CURVE ( 'NONE', #9441, #5862, #1776, .T. ) ;
#11 = CIRCLE ( 'NONE', #888, 0.1000000000000006994 ) ;
#12 = EDGE_CURVE ( 'NONE', #1857, #2120, #919, .T. ) ;
#13 = DIRECTION ( 'NONE',  ( 1.000000000000000000, 0.000000000000000000, 0.000000000000000000 ) ) ;
#14 = CARTESIAN_POINT ( 'NONE',  ( 6.200000000000001066, 2.575000000000000178, 3.725000000000000089 ) ) ;
#15 = AXIS2_PLACEMENT_3D ( 'NONE', #3456, #5938, #8450 ) ;
#16 = SURFACE_STYLE_FILL_AREA ( #172 ) ;
#17 = LINE ( 'NONE', #3377, #8945 ) ;
#18 = EDGE_CURVE ( 'NONE', #10726, #10173, #3305, .T. ) ;
#19 = ORIENTED_EDGE ( 'NONE', *, *, #2590, .T. ) ;
#20 = CARTESIAN_POINT ( 'NONE',  ( 6.007179676972450366, -2.972161292830653933E-16, 0.9134769367380000116 ) ) ;
#21 = VECTOR ( 'NONE', #10530, 1000.000000000000000 ) ;
#22 = LINE ( 'NONE', #5239, #5232 ) ;
#23 = VECTOR ( 'NONE', #10816, 1000.000000000000114 ) ;
#24 = ORIENTED_EDGE ( 'NONE', *, *, #9507, .F. ) ;
#25 = LINE ( 'NONE', #7501, #6836 ) ;
#26 = ORIENTED_EDGE ( 'NONE', *, *, #7626, .F. ) ;
#27 = DIRECTION ( 'NONE',  ( -1.000000000000000000, -0.000000000000000000, -0.000000000000000000 ) ) ;
#28 = PLANE ( 'NONE',  #10745 ) ;
#29 = CARTESIAN_POINT ( 'NONE',  ( -4.537690618442708157, 0.3499999999999996447, -4.855654565435175485 ) ) ;
#30 = VECTOR ( 'NONE', #10725, 1000.000000000000000 ) ;
#31 = VECTOR ( 'NONE', #6621, 1000.000000000000114 ) ;
#32 = VERTEX_POINT ( 'NONE', #1380 ) ;
#33 = LINE ( 'NONE', #10099, #8565 ) ;
#34 = ORIENTED_EDGE ( 'NONE', *, *, #6172, .F. ) ;
#35 = FACE_OUTER_BOUND ( 'NONE', #7467, .T. ) ;
#36 = AXIS2_PLACEMENT_3D ( 'NONE', #2381, #5515, #9080 ) ;
#37 = CARTESIAN_POINT ( 'NONE',  ( -7.000000000000000888, 4.050000000000000711, -3.000000000000000000 ) ) ;
#38 = VECTOR ( 'NONE', #6176, 999.9999999999998863 ) ;
#39 = VERTEX_POINT ( 'NONE', #563 ) ;
#40 = SURFACE_STYLE_USAGE ( .BOTH. , #139 ) ;
#41 = CARTESIAN_POINT ( 'NONE',  ( -6.200000000000001066, 5.325000000000001954, 3.899999999999999911 ) ) ;
#42 = ADVANCED_FACE ( 'NONE', ( #3922 ), #7274, .F. ) ;
#43 = EDGE_CURVE ( 'NONE', #5709, #7269, #7581, .T. ) ;
#44 = EDGE_CURVE ( 'NONE', #1985, #8381, #8349, .T. ) ;
#45 = ORIENTED_EDGE ( 'NONE', *, *, #4494, .T. ) ;
#46 = DIRECTION ( 'NONE',  ( 0.7071067811865454633, -0.7071067811865495711, -1.125352966373121755E-16 ) ) ;
#47 = VECTOR ( 'NONE', #7252, 1000.000000000000000 ) ;
#48 = ORIENTED_EDGE ( 'NONE', *, *, #9330, .F. ) ;
#49 = CARTESIAN_POINT ( 'NONE',  ( -6.200000000000001066, 5.500000000000001776, -1.499999999999998224 ) ) ;
#50 = CARTESIAN_POINT ( 'NONE',  ( 6.305000000000000604, 1.800000000000000266, -3.200000000000000178 ) ) ;
#51 = VERTEX_POINT ( 'NONE', #6810 ) ;
#52 = VERTEX_POINT ( 'NONE', #9229 ) ;
#53 = DIRECTION ( 'NONE',  ( -0.000000000000000000, -1.000000000000000000, -0.000000000000000000 ) ) ;
#54 = DIRECTION ( 'NONE',  ( -1.000000000000000000, -0.000000000000000000, -0.000000000000000000 ) ) ;
#55 = EDGE_CURVE ( 'NONE', #835, #10177, #5218, .T. ) ;
#56 = CARTESIAN_POINT ( 'NONE',  ( -6.304999999999998828, 4.629138561470611535, 1.099999999999999645 ) ) ;
#57 = DIRECTION ( 'NONE',  ( 0.000000000000000000, -1.000000000000000000, -1.591489427501657896E-16 ) ) ;
#58 = FACE_OUTER_BOUND ( 'NONE', #6637, .T. ) ;
#59 = ORIENTED_EDGE ( 'NONE', *, *, #7555, .F. ) ;
#60 = DIRECTION ( 'NONE',  ( 0.000000000000000000, 0.000000000000000000, -1.000000000000000000 ) ) ;
#61 = EDGE_CURVE ( 'NONE', #3186, #4753, #3514, .T. ) ;
#62 = LINE ( 'NONE', #3417, #7040 ) ;
#63 = ORIENTED_EDGE ( 'NONE', *, *, #2017, .F. ) ;
#64 = VERTEX_POINT ( 'NONE', #10120 ) ;
#65 = DIRECTION ( 'NONE',  ( 0.000000000000000000, 0.000000000000000000, 1.000000000000000000 ) ) ;
#66 = LINE ( 'NONE', #3375, #9754 ) ;
#67 = CARTESIAN_POINT ( 'NONE',  ( -5.800000000000000711, 5.394289321881344357, 0.6792893218813451650 ) ) ;
#68 = SURFACE_SIDE_STYLE ('',( #944 ) ) ;
#69 = AXIS2_PLACEMENT_3D ( 'NONE', #5682, #771, #10835 ) ;
#70 = CARTESIAN_POINT ( 'NONE',  ( 5.800000000000000711, 5.470710678118654968, 0.8971320343559628929 ) ) ;
#71 = ORIENTED_EDGE ( 'NONE', *, *, #7905, .T. ) ;
#72 = DIRECTION ( 'NONE',  ( -0.000000000000000000, 1.000000000000000000, -0.000000000000000000 ) ) ;
#73 = ADVANCED_FACE ( 'NONE', ( #8402 ), #6658, .T. ) ;
#74 = EDGE_CURVE ( 'NONE', #7214, #8608, #2474, .T. ) ;
#75 = CARTESIAN_POINT ( 'NONE',  ( 6.200000000000001066, 5.425000000000000711, 3.075000000000000622 ) ) ;
#76 = ORIENTED_EDGE ( 'NONE', *, *, #3007, .T. ) ;
#77 = VECTOR ( 'NONE', #6525, 1000.000000000000000 ) ;
#78 = DIRECTION ( 'NONE',  ( 1.000000000000000000, 0.000000000000000000, -5.560011140951304758E-17 ) ) ;
#79 = VERTEX_POINT ( 'NONE', #102 ) ;
#80 = FACE_OUTER_BOUND ( 'NONE', #3600, .T. ) ;
#81 = CARTESIAN_POINT ( 'NONE',  ( -7.000000000000000888, 4.050000000000000711, -3.000000000000000000 ) ) ;
#82 = DIRECTION ( 'NONE',  ( 0.000000000000000000, 0.000000000000000000, 1.000000000000000000 ) ) ;
#83 = ORIENTED_EDGE ( 'NONE', *, *, #1159, .F. ) ;
#84 = AXIS2_PLACEMENT_3D ( 'NONE', #9041, #7448, #2438 ) ;
#85 = EDGE_LOOP ( 'NONE', ( #10274, #6306, #4100, #1212 ) ) ;
#86 = CARTESIAN_POINT ( 'NONE',  ( 5.800000000000000711, 2.400000000000000355, 1.999999999999999556 ) ) ;
#87 = DIRECTION ( 'NONE',  ( 1.000000000000000000, 0.000000000000000000, 0.000000000000000000 ) ) ;
#88 = VERTEX_POINT ( 'NONE', #4235 ) ;
#89 = PRESENTATION_LAYER_ASSIGNMENT (  '', '', ( #3269 ) ) ;
#90 = CARTESIAN_POINT ( 'NONE',  ( -2.250000000000000444, 2.649999999999999911, -1.999999999999997335 ) ) ;
#91 = EDGE_CURVE ( 'NONE', #5887, #10098, #2630, .T. ) ;
#92 = ORIENTED_EDGE ( 'NONE', *, *, #1923, .F. ) ;
#93 = LINE ( 'NONE', #1589, #9586 ) ;
#94 = VERTEX_POINT ( 'NONE', #3409 ) ;
#95 = FACE_OUTER_BOUND ( 'NONE', #9897, .T. ) ;
#96 = VECTOR ( 'NONE', #769, 1000.000000000000000 ) ;
#97 = EDGE_CURVE ( 'NONE', #3457, #3877, #4097, .T. ) ;
#98 = CARTESIAN_POINT ( 'NONE',  ( -3.850000000000000089, 5.699999999999999289, 2.250000000000000000 ) ) ;
#99 = ORIENTED_EDGE ( 'NONE', *, *, #9265, .F. ) ;
#100 = ORIENTED_EDGE ( 'NONE', *, *, #5215, .T. ) ;
#101 = DIRECTION ( 'NONE',  ( 1.000000000000000000, 0.000000000000000000, -0.000000000000000000 ) ) ;
#102 = CARTESIAN_POINT ( 'NONE',  ( -0.6250000000000000000, 4.700000000000000178, -0.9499999999999998446 ) ) ;
#103 = DIRECTION ( 'NONE',  ( -1.000000000000000000, 0.000000000000000000, 0.000000000000000000 ) ) ;
#104 = VECTOR ( 'NONE', #8580, 1000.000000000000000 ) ;
#105 = CARTESIAN_POINT ( 'NONE',  ( -5.800000000000000711, 5.064999999999999503, 2.800000000000000266 ) ) ;
#106 = DIRECTION ( 'NONE',  ( -1.000000000000000000, 0.000000000000000000, -3.336006684570783101E-16 ) ) ;
#107 = ORIENTED_EDGE ( 'NONE', *, *, #7945, .F. ) ;
#108 = DIRECTION ( 'NONE',  ( 3.336006684570783101E-16, 0.000000000000000000, -1.000000000000000000 ) ) ;
#109 = ADVANCED_FACE ( 'NONE', ( #2528 ), #825, .F. ) ;
#110 = CARTESIAN_POINT ( 'NONE',  ( -3.099999999999999645, 4.400000000000001243, -3.049999999999997602 ) ) ;
#111 = ADVANCED_FACE ( 'NONE', ( #1805 ), #10012, .F. ) ;
#112 = ORIENTED_EDGE ( 'NONE', *, *, #9061, .T. ) ;
#113 = EDGE_CURVE ( 'NONE', #8596, #4908, #5894, .T. ) ;
#114 = CIRCLE ( 'NONE', #5754, 0.09999999999999961697 ) ;
#115 = VERTEX_POINT ( 'NONE', #7737 ) ;
#116 = LINE ( 'NONE', #6729, #3552 ) ;
#117 = EDGE_CURVE ( 'NONE', #10248, #8083, #7679, .T. ) ;
#118 = DIRECTION ( 'NONE',  ( 0.4226182617407019393, 0.000000000000000000, -0.9063077870366488265 ) ) ;
#119 = LINE ( 'NONE', #6887, #10576 ) ;
#120 = DIRECTION ( 'NONE',  ( 0.000000000000000000, -1.334402673828314029E-15, 1.000000000000000000 ) ) ;
#121 = ADVANCED_FACE ( 'NONE', ( #10168 ), #5942, .F. ) ;
#122 = ORIENTED_EDGE ( 'NONE', *, *, #2461, .F. ) ;
#123 = FACE_OUTER_BOUND ( 'NONE', #7421, .T. ) ;
#124 = CARTESIAN_POINT ( 'NONE',  ( 4.666517060317657339, 0.1004806359983478059, -4.903437557672699398 ) ) ;
#125 = ORIENTED_EDGE ( 'NONE', *, *, #5419, .T. ) ;
#126 = DIRECTION ( 'NONE',  ( 0.000000000000000000, 0.000000000000000000, 1.000000000000000000 ) ) ;
#127 = ORIENTED_EDGE ( 'NONE', *, *, #6586, .F. ) ;
#128 = CARTESIAN_POINT ( 'NONE',  ( 1.849999999999998535, 4.550000000000001599, -3.200000000000000178 ) ) ;
#129 = DIRECTION ( 'NONE',  ( -0.000000000000000000, 1.000000000000000000, -0.000000000000000000 ) ) ;
#130 = ADVANCED_FACE ( 'NONE', ( #6047 ), #213, .T. ) ;
#131 = CARTESIAN_POINT ( 'NONE',  ( 6.197820323027551481, -2.972161292830653933E-16, 0.9134769367380000116 ) ) ;
#132 = VERTEX_POINT ( 'NONE', #3359 ) ;
#133 = PLANE ( 'NONE',  #2605 ) ;
#134 = EDGE_LOOP ( 'NONE', ( #247, #7241, #107, #9535 ) ) ;
#135 = CIRCLE ( 'NONE', #6299, 0.1000000000000011297 ) ;
#136 = LINE ( 'NONE', #3495, #4045 ) ;
#137 = DIRECTION ( 'NONE',  ( 1.000000000000000000, 0.000000000000000000, 0.000000000000000000 ) ) ;
#138 = VERTEX_POINT ( 'NONE', #6713 ) ;
#139 = SURFACE_SIDE_STYLE ('',( #5983 ) ) ;
#140 = LINE ( 'NONE', #2615, #9519 ) ;
#141 = ADVANCED_FACE ( 'NONE', ( #4289 ), #10071, .T. ) ;
#142 = ORIENTED_EDGE ( 'NONE', *, *, #3144, .F. ) ;
#143 = DIRECTION ( 'NONE',  ( 0.000000000000000000, -1.000000000000000000, 0.000000000000000000 ) ) ;
#144 = VECTOR ( 'NONE', #10619, 1000.000000000000000 ) ;
#145 = ORIENTED_EDGE ( 'NONE', *, *, #2943, .F. ) ;
#146 = CARTESIAN_POINT ( 'NONE',  ( -1.849999999999997202, 3.850000000000000533, -3.200000000000000178 ) ) ;
#147 = COLOUR_RGB ( '',1.000000000000000000, 1.000000000000000000, 0.7529411764705882248 ) ;
#148 = CARTESIAN_POINT ( 'NONE',  ( 5.200000000000000178, 4.800000000000000711, -4.849999999999997868 ) ) ;
#149 = ORIENTED_EDGE ( 'NONE', *, *, #617, .T. ) ;
#150 = VERTEX_POINT ( 'NONE', #3680 ) ;
#151 = DIRECTION ( 'NONE',  ( -0.000000000000000000, -0.000000000000000000, -1.000000000000000000 ) ) ;
#152 = VECTOR ( 'NONE', #7931, 1000.000000000000000 ) ;
#153 = DIRECTION ( 'NONE',  ( -1.000000000000000000, -0.000000000000000000, -0.000000000000000000 ) ) ;
#154 = CARTESIAN_POINT ( 'NONE',  ( 0.000000000000000000, 0.6000000000000000888, 0.000000000000000000 ) ) ;
#155 = ORIENTED_EDGE ( 'NONE', *, *, #7436, .T. ) ;
#156 = LINE ( 'NONE', #105, #5852 ) ;
#157 = VECTOR ( 'NONE', #6120, 1000.000000000000000 ) ;
#158 = PLANE ( 'NONE',  #9770 ) ;
#159 = ORIENTED_EDGE ( 'NONE', *, *, #10038, .F. ) ;
#160 = CARTESIAN_POINT ( 'NONE',  ( -1.750000000000107470, 0.2000000000000000111, 4.800000000000000711 ) ) ;
#161 = VECTOR ( 'NONE', #10711, 1000.000000000000000 ) ;
#162 = DIRECTION ( 'NONE',  ( -1.000000000000000000, 3.942553354492738600E-16, 0.000000000000000000 ) ) ;
#163 = VERTEX_POINT ( 'NONE', #5271 ) ;
#164 = MECHANICAL_DESIGN_GEOMETRIC_PRESENTATION_REPRESENTATION (  '', ( #10355 ), #9468 ) ;
#165 = ORIENTED_EDGE ( 'NONE', *, *, #7259, .F. ) ;
#166 = LINE ( 'NONE', #4193, #10046 ) ;
#167 = VECTOR ( 'NONE', #7736, 1000.000000000000000 ) ;
#169 = ADVANCED_FACE ( 'NONE', ( #6101 ), #2920, .F. ) ;
#168 = CARTESIAN_POINT ( 'NONE',  ( 7.000000000000000000, 0.7499999999999996669, -5.000000000000000000 ) ) ;
#170 = PLANE ( 'NONE',  #10045 ) ;
#171 = EDGE_CURVE ( 'NONE', #2921, #1832, #10447, .T. ) ;
#172 = FILL_AREA_STYLE ('',( #5180 ) ) ;
#173 = EDGE_CURVE ( 'NONE', #7101, #2073, #7959, .T. ) ;
#174 = VECTOR ( 'NONE', #9469, 1000.000000000000000 ) ;
#175 = FACE_OUTER_BOUND ( 'NONE', #9475, .T. ) ;
#176 = CARTESIAN_POINT ( 'NONE',  ( 7.000000000000000000, 3.849999999999996536, -3.200000000000000178 ) ) ;
#177 = VECTOR ( 'NONE', #4331, 1000.000000000000000 ) ;
#178 = EDGE_LOOP ( 'NONE', ( #9135, #10501, #1412, #7401 ) ) ;
#179 = DIRECTION ( 'NONE',  ( 0.000000000000000000, 0.000000000000000000, -1.000000000000000000 ) ) ;
#180 = DIRECTION ( 'NONE',  ( -0.000000000000000000, -0.000000000000000000, 1.000000000000000000 ) ) ;
#181 = VERTEX_POINT ( 'NONE', #320 ) ;
#182 = CARTESIAN_POINT ( 'NONE',  ( -0.6250000000000000000, -7.703719777548944781E-33, -0.9499999999999998446 ) ) ;
#184 = ORIENTED_EDGE ( 'NONE', *, *, #5272, .F. ) ;
#183 = VECTOR ( 'NONE', #4573, 1000.000000000000000 ) ;
#185 = DIRECTION ( 'NONE',  ( -0.000000000000000000, 1.000000000000000000, -0.000000000000000000 ) ) ;
#186 = DIRECTION ( 'NONE',  ( 0.000000000000000000, -0.9396926207859095381, -0.3420201433256658263 ) ) ;
#187 = CARTESIAN_POINT ( 'NONE',  ( 2.249999999999892530, 0.000000000000000000, 4.800000000000000711 ) ) ;
#188 = EDGE_LOOP ( 'NONE', ( #8664, #9922, #10885, #2317, #6923, #3526 ) ) ;
#189 = CARTESIAN_POINT ( 'NONE',  ( -5.800000000000000711, 5.500000000000001776, 1.282157287525380163 ) ) ;
#190 = AXIS2_PLACEMENT_3D ( 'NONE', #1677, #5140, #7658 ) ;
#191 = PRESENTATION_LAYER_ASSIGNMENT (  '', '', ( #4951 ) ) ;
#192 = ORIENTED_EDGE ( 'NONE', *, *, #9589, .T. ) ;
#193 = DIRECTION ( 'NONE',  ( 0.000000000000000000, -0.7071067811865415775, 0.7071067811865535679 ) ) ;
#194 = EDGE_CURVE ( 'NONE', #680, #7269, #1151, .T. ) ;
#195 = DIRECTION ( 'NONE',  ( -1.000000000000000000, 0.000000000000000000, 0.000000000000000000 ) ) ;
#196 = ORIENTED_EDGE ( 'NONE', *, *, #8457, .F. ) ;
#197 =( LENGTH_UNIT ( ) NAMED_UNIT ( * ) SI_UNIT ( .MILLI., .METRE. ) );
#198 = VECTOR ( 'NONE', #8734, 1000.000000000000000 ) ;
#199 = DIRECTION ( 'NONE',  ( -1.000000000000000000, 0.000000000000000000, 0.000000000000000000 ) ) ;
#200 = VECTOR ( 'NONE', #9591, 1000.000000000000000 ) ;
#201 = ORIENTED_EDGE ( 'NONE', *, *, #7626, .T. ) ;
#202 = CARTESIAN_POINT ( 'NONE',  ( 5.900000000000000355, 1.800000000000000044, -1.699999999999999734 ) ) ;
#203 = ORIENTED_EDGE ( 'NONE', *, *, #6895, .F. ) ;
#204 = DIRECTION ( 'NONE',  ( -1.000000000000000000, -0.000000000000000000, -0.000000000000000000 ) ) ;
#205 = CARTESIAN_POINT ( 'NONE',  ( 4.249999999999892530, 0.2000000000000000111, 2.400000000000000355 ) ) ;
#206 = TOROIDAL_SURFACE ( 'NONE', #6371, 0.6000000000000000888, 0.3499999999999999778 ) ;
#207 = VECTOR ( 'NONE', #8468, 1000.000000000000000 ) ;
#208 = LINE ( 'NONE', #315, #551 ) ;
#209 = EDGE_CURVE ( 'NONE', #6990, #10641, #1094, .T. ) ;
#210 = VERTEX_POINT ( 'NONE', #5387 ) ;
#211 = ORIENTED_EDGE ( 'NONE', *, *, #8196, .F. ) ;
#212 = DIRECTION ( 'NONE',  ( 0.000000000000000000, 0.000000000000000000, 1.000000000000000000 ) ) ;
#213 = CYLINDRICAL_SURFACE ( 'NONE', #4480, 0.07499999999999998335 ) ;
#214 = LINE ( 'NONE', #10280, #3008 ) ;
#215 = AXIS2_PLACEMENT_3D ( 'NONE', #8058, #2692, #4398 ) ;
#216 = ORIENTED_EDGE ( 'NONE', *, *, #9245, .F. ) ;
#217 = DIRECTION ( 'NONE',  ( -1.000000000000000000, -0.000000000000000000, -0.000000000000000000 ) ) ;
#218 = ORIENTED_EDGE ( 'NONE', *, *, #3841, .T. ) ;
#219 = DIRECTION ( 'NONE',  ( 0.000000000000000000, -1.000000000000000000, 0.000000000000000000 ) ) ;
#220 = ORIENTED_EDGE ( 'NONE', *, *, #7343, .F. ) ;
#221 = LINE ( 'NONE', #8019, #5207 ) ;
#222 = FACE_OUTER_BOUND ( 'NONE', #9054, .T. ) ;
#223 = ORIENTED_EDGE ( 'NONE', *, *, #2384, .F. ) ;
#224 = ORIENTED_EDGE ( 'NONE', *, *, #4897, .F. ) ;
#225 = FACE_OUTER_BOUND ( 'NONE', #4643, .T. ) ;
#226 = DIRECTION ( 'NONE',  ( 0.000000000000000000, -0.000000000000000000, 1.000000000000000000 ) ) ;
#227 = CARTESIAN_POINT ( 'NONE',  ( -5.200000000000000178, 0.9000000000000004663, 0.7999999999999994893 ) ) ;
#228 = DIRECTION ( 'NONE',  ( -1.000000000000000000, -0.000000000000000000, -0.000000000000000000 ) ) ;
#229 = EDGE_CURVE ( 'NONE', #3638, #987, #10331, .T. ) ;
#230 = DIRECTION ( 'NONE',  ( 0.000000000000000000, 0.000000000000000000, 1.000000000000000000 ) ) ;
#231 = DIRECTION ( 'NONE',  ( 0.000000000000000000, -0.000000000000000000, 1.000000000000000000 ) ) ;
#232 = ORIENTED_EDGE ( 'NONE', *, *, #5706, .F. ) ;
#233 = FACE_OUTER_BOUND ( 'NONE', #294, .T. ) ;
#234 = CARTESIAN_POINT ( 'NONE',  ( 7.000000000000000000, 0.4000000000000000222, -3.600000000000000533 ) ) ;
#235 = EDGE_CURVE ( 'NONE', #2441, #1904, #8791, .T. ) ;
#236 = CARTESIAN_POINT ( 'NONE',  ( 2.250000000000000444, 2.149999999999999467, -2.300000000000000266 ) ) ;
#237 = ORIENTED_EDGE ( 'NONE', *, *, #1408, .F. ) ;
#238 = EDGE_CURVE ( 'NONE', #5716, #10151, #9675, .T. ) ;
#239 = CARTESIAN_POINT ( 'NONE',  ( -0.6250000000000000000, 4.933076923076924025, -1.345384615384614957 ) ) ;
#240 = EDGE_LOOP ( 'NONE', ( #2020, #990, #4392, #1070 ) ) ;
#241 = DIRECTION ( 'NONE',  ( 0.000000000000000000, 0.000000000000000000, 1.000000000000000000 ) ) ;
#242 = AXIS2_PLACEMENT_3D ( 'NONE', #1319, #7102, #1988 ) ;
#243 = DIRECTION ( 'NONE',  ( 0.000000000000000000, -1.084202172485504434E-15, -1.000000000000000000 ) ) ;
#244 = LINE ( 'NONE', #5247, #8336 ) ;
#245 = ORIENTED_EDGE ( 'NONE', *, *, #2516, .T. ) ;
#246 = LINE ( 'NONE', #7827, #326 ) ;
#247 = ORIENTED_EDGE ( 'NONE', *, *, #10455, .T. ) ;
#248 = CARTESIAN_POINT ( 'NONE',  ( -5.600000000000001421, 5.700000000000000178, -3.200000000000000178 ) ) ;
#249 = PRESENTATION_LAYER_ASSIGNMENT (  '', '', ( #4471 ) ) ;
#250 = EDGE_CURVE ( 'NONE', #1238, #5982, #2969, .T. ) ;
#251 = EDGE_CURVE ( 'NONE', #88, #539, #7850, .T. ) ;
#252 = CARTESIAN_POINT ( 'NONE',  ( 7.000000000000000000, 0.2000000000000000111, 3.899999999999999911 ) ) ;
#253 = ORIENTED_EDGE ( 'NONE', *, *, #4917, .F. ) ;
#254 = CARTESIAN_POINT ( 'NONE',  ( 2.999999999999998668, 0.3499999999999996447, -3.750000000000003109 ) ) ;
#255 = DIRECTION ( 'NONE',  ( 0.000000000000000000, 0.000000000000000000, -1.000000000000000000 ) ) ;
#256 = EDGE_CURVE ( 'NONE', #52, #9794, #2144, .T. ) ;
#257 = ORIENTED_EDGE ( 'NONE', *, *, #2658, .T. ) ;
#258 = PLANE ( 'NONE',  #3446 ) ;
#259 = ORIENTED_EDGE ( 'NONE', *, *, #8819, .F. ) ;
#260 = CARTESIAN_POINT ( 'NONE',  ( 6.305000000000000604, -2.972161292830653933E-16, 0.9134769367380000116 ) ) ;
#261 = LINE ( 'NONE', #3312, #5617 ) ;
#262 = EDGE_CURVE ( 'NONE', #8399, #4851, #9617, .T. ) ;
#263 = DIRECTION ( 'NONE',  ( 0.000000000000000000, 0.000000000000000000, -1.000000000000000000 ) ) ;
#264 = VERTEX_POINT ( 'NONE', #6220 ) ;
#265 = AXIS2_PLACEMENT_3D ( 'NONE', #8878, #1347, #4709 ) ;
#266 = DIRECTION ( 'NONE',  ( 0.000000000000000000, -1.000000000000000000, 0.000000000000000000 ) ) ;
#267 = ORIENTED_EDGE ( 'NONE', *, *, #603, .T. ) ;
#268 = DIRECTION ( 'NONE',  ( -6.133173666733546842E-16, 0.7071067811865533459, 0.7071067811865417996 ) ) ;
#269 = DIRECTION ( 'NONE',  ( -1.000000000000000000, 0.000000000000000000, 0.000000000000000000 ) ) ;
#270 = FACE_OUTER_BOUND ( 'NONE', #8393, .T. ) ;
#271 = ORIENTED_EDGE ( 'NONE', *, *, #6177, .T. ) ;
#272 = CARTESIAN_POINT ( 'NONE',  ( 6.800000000000001599, 3.400000000000000355, 1.999999999999999556 ) ) ;
#273 = ADVANCED_FACE ( 'NONE', ( #10503 ), #5499, .F. ) ;
#274 = PLANE ( 'NONE',  #1854 ) ;
#275 = STYLED_ITEM ( 'NONE', ( #6182 ), #5729 ) ;
#276 = EDGE_LOOP ( 'NONE', ( #1479, #1588, #9550, #3005 ) ) ;
#277 = CARTESIAN_POINT ( 'NONE',  ( 4.050000000000000711, 2.749999999999999112, -3.200000000000000178 ) ) ;
#278 = CARTESIAN_POINT ( 'NONE',  ( 6.999999999999998224, 4.950000000000001954, -3.200000000000000178 ) ) ;
#279 = VERTEX_POINT ( 'NONE', #9567 ) ;
#280 = ORIENTED_EDGE ( 'NONE', *, *, #2078, .T. ) ;
#281 = AXIS2_PLACEMENT_3D ( 'NONE', #7321, #714, #2417 ) ;
#282 = LINE ( 'NONE', #2820, #38 ) ;
#283 = DIRECTION ( 'NONE',  ( -0.000000000000000000, -0.000000000000000000, -1.000000000000000000 ) ) ;
#284 = FACE_OUTER_BOUND ( 'NONE', #5986, .T. ) ;
#285 = EDGE_CURVE ( 'NONE', #9860, #7227, #4679, .T. ) ;
#286 = CARTESIAN_POINT ( 'NONE',  ( -4.250000000000107470, 0.2000000000000000111, 3.899999999999999911 ) ) ;
#287 = CARTESIAN_POINT ( 'NONE',  ( 2.249999999999892530, 0.6000000000000000888, 5.000000000000000000 ) ) ;
#288 = VECTOR ( 'NONE', #3288, 1000.000000000000000 ) ;
#289 = ORIENTED_EDGE ( 'NONE', *, *, #1657, .F. ) ;
#290 = FACE_OUTER_BOUND ( 'NONE', #1639, .T. ) ;
#291 = CARTESIAN_POINT ( 'NONE',  ( 0.6250000000000001110, 4.400000000000000355, -2.200000000000000178 ) ) ;
#292 = ORIENTED_EDGE ( 'NONE', *, *, #4782, .F. ) ;
#293 = FACE_OUTER_BOUND ( 'NONE', #2780, .T. ) ;
#294 = EDGE_LOOP ( 'NONE', ( #4619, #10770, #9150, #3451 ) ) ;
#295 = LINE ( 'NONE', #4648, #10578 ) ;
#296 = CARTESIAN_POINT ( 'NONE',  ( 5.350000000000000533, 2.350000000000000089, -3.599999999999999645 ) ) ;
#297 = CARTESIAN_POINT ( 'NONE',  ( 0.2499999999998926692, 0.2000000000000000111, 3.899999999999999911 ) ) ;
#298 = PLANE ( 'NONE',  #8501 ) ;
#299 = ORIENTED_EDGE ( 'NONE', *, *, #8750, .T. ) ;
#300 = DIRECTION ( 'NONE',  ( 0.000000000000000000, -1.548860246407863829E-16, 1.000000000000000000 ) ) ;
#301 = ORIENTED_EDGE ( 'NONE', *, *, #3255, .T. ) ;
#302 = FILL_AREA_STYLE_COLOUR ( '', #6841 ) ;
#303 = PLANE ( 'NONE',  #9291 ) ;
#304 = VERTEX_POINT ( 'NONE', #6926 ) ;
#305 = CARTESIAN_POINT ( 'NONE',  ( 0.2500000000000002220, 2.149999999999999467, -1.999999999999997335 ) ) ;
#306 = PLANE ( 'NONE',  #2696 ) ;
#307 = EDGE_CURVE ( 'NONE', #6499, #10008, #2035, .T. ) ;
#308 = EDGE_CURVE ( 'NONE', #1832, #7855, #5541, .T. ) ;
#309 = ORIENTED_EDGE ( 'NONE', *, *, #10479, .F. ) ;
#310 = DIRECTION ( 'NONE',  ( 1.000000000000000000, 0.000000000000000000, -0.000000000000000000 ) ) ;
#311 = EDGE_CURVE ( 'NONE', #8570, #10397, #3739, .T. ) ;
#312 = EDGE_LOOP ( 'NONE', ( #4689, #6155, #6454, #9761 ) ) ;
#313 = PLANE ( 'NONE',  #2369 ) ;
#314 = CARTESIAN_POINT ( 'NONE',  ( -1.496673887931475377, 1.799999999999999600, 1.399999999999999689 ) ) ;
#315 = CARTESIAN_POINT ( 'NONE',  ( -5.200000000000000178, 0.9000000000000004663, 0.7999999999999994893 ) ) ;
#316 = VERTEX_POINT ( 'NONE', #2415 ) ;
#317 = DIRECTION ( 'NONE',  ( 0.000000000000000000, -1.000000000000000000, 0.000000000000000000 ) ) ;
#318 = ORIENTED_EDGE ( 'NONE', *, *, #400, .F. ) ;
#319 = DIRECTION ( 'NONE',  ( 0.000000000000000000, 0.000000000000000000, 1.000000000000000000 ) ) ;
#320 = CARTESIAN_POINT ( 'NONE',  ( -4.140808929720139808, 2.540808929720139275, -2.300000000000000266 ) ) ;
#321 = ORIENTED_EDGE ( 'NONE', *, *, #8959, .F. ) ;
#322 = CARTESIAN_POINT ( 'NONE',  ( 7.000000000000000000, 0.000000000000000000, -3.600000000000000089 ) ) ;
#323 = ORIENTED_EDGE ( 'NONE', *, *, #4972, .T. ) ;
#324 = FACE_OUTER_BOUND ( 'NONE', #7456, .T. ) ;
#325 = VERTEX_POINT ( 'NONE', #550 ) ;
#326 = VECTOR ( 'NONE', #2950, 1000.000000000000000 ) ;
#327 = LINE ( 'NONE', #1270, #2189 ) ;
#328 = CARTESIAN_POINT ( 'NONE',  ( 5.005000000000001670, 5.499999999999998224, 3.700000000000000178 ) ) ;
#329 = ORIENTED_EDGE ( 'NONE', *, *, #7087, .T. ) ;
#330 = EDGE_CURVE ( 'NONE', #9103, #9678, #3847, .T. ) ;
#331 = CIRCLE ( 'NONE', #5951, 0.07499999999999998335 ) ;
#332 = ORIENTED_EDGE ( 'NONE', *, *, #9248, .T. ) ;
#333 = EDGE_CURVE ( 'NONE', #3433, #304, #493, .T. ) ;
#334 = MECHANICAL_DESIGN_GEOMETRIC_PRESENTATION_REPRESENTATION (  '', ( #516 ), #6502 ) ;
#335 = CARTESIAN_POINT ( 'NONE',  ( 2.999999999999999112, 8.000000000000000000, -4.100000000000003197 ) ) ;
#336 = CARTESIAN_POINT ( 'NONE',  ( 5.200000000000000178, 4.800000000000000711, 0.7999999999999994893 ) ) ;
#337 = CARTESIAN_POINT ( 'NONE',  ( 5.004999999999999893, 4.400000000000000355, 2.250000000000000000 ) ) ;
#338 = EDGE_CURVE ( 'NONE', #8983, #4397, #9111, .T. ) ;
#339 = CIRCLE ( 'NONE', #2804, 0.3999999999999997446 ) ;
#340 = CARTESIAN_POINT ( 'NONE',  ( 0.3774073272665495193, 2.022592672733450225, -1.649951245262083699 ) ) ;
#341 = LINE ( 'NONE', #1937, #2794 ) ;
#342 = ORIENTED_EDGE ( 'NONE', *, *, #10463, .F. ) ;
#343 = VECTOR ( 'NONE', #3557, 1000.000000000000000 ) ;
#344 = DIRECTION ( 'NONE',  ( 1.000000000000000000, -0.000000000000000000, -0.000000000000000000 ) ) ;
#345 = FACE_OUTER_BOUND ( 'NONE', #3957, .T. ) ;
#346 = SURFACE_STYLE_USAGE ( .BOTH. , #4533 ) ;
#347 = ORIENTED_EDGE ( 'NONE', *, *, #2129, .T. ) ;
#348 = EDGE_CURVE ( 'NONE', #2651, #7576, #2256, .T. ) ;
#349 = VECTOR ( 'NONE', #4154, 1000.000000000000000 ) ;
#350 = CARTESIAN_POINT ( 'NONE',  ( -0.2500000000001078027, 0.000000000000000000, 2.900000000000001688 ) ) ;
#351 = DIRECTION ( 'NONE',  ( -1.000000000000000000, 0.000000000000000000, 0.000000000000000000 ) ) ;
#352 = PLANE ( 'NONE',  #2534 ) ;
#353 = CARTESIAN_POINT ( 'NONE',  ( 3.399999999999999911, 5.699999999999997513, 2.250000000000000000 ) ) ;
#354 = VECTOR ( 'NONE', #7650, 1000.000000000000000 ) ;
#355 = PLANE ( 'NONE',  #2208 ) ;
#356 = ORIENTED_EDGE ( 'NONE', *, *, #7447, .F. ) ;
#357 = DIRECTION ( 'NONE',  ( 0.000000000000000000, 0.000000000000000000, -1.000000000000000000 ) ) ;
#358 = EDGE_LOOP ( 'NONE', ( #768, #8678, #10345, #5667, #7340, #6210, #8169, #10546 ) ) ;
#359 = DIRECTION ( 'NONE',  ( -7.885106708985485090E-16, -1.000000000000000000, 0.000000000000000000 ) ) ;
#360 = VECTOR ( 'NONE', #10510, 1000.000000000000114 ) ;
#361 = VERTEX_POINT ( 'NONE', #4793 ) ;
#362 = DIRECTION ( 'NONE',  ( -1.000000000000000000, 0.000000000000000000, 0.000000000000000000 ) ) ;
#363 = CARTESIAN_POINT ( 'NONE',  ( -0.2500000000001069145, 0.000000000000000000, 2.400000000000000355 ) ) ;
#364 = VECTOR ( 'NONE', #8056, 1000.000000000000000 ) ;
#365 = VECTOR ( 'NONE', #9981, 1000.000000000000000 ) ;
#366 = ORIENTED_EDGE ( 'NONE', *, *, #7628, .T. ) ;
#367 = FACE_OUTER_BOUND ( 'NONE', #9651, .T. ) ;
#368 = ADVANCED_FACE ( 'NONE', ( #4014 ), #8233, .F. ) ;
#369 = ORIENTED_EDGE ( 'NONE', *, *, #6736, .F. ) ;
#370 = DIRECTION ( 'NONE',  ( 1.000000000000000000, 0.000000000000000000, 0.000000000000000000 ) ) ;
#371 = DIRECTION ( 'NONE',  ( 0.000000000000000000, -1.000000000000000000, 3.372884145477667245E-15 ) ) ;
#372 = CARTESIAN_POINT ( 'NONE',  ( 3.099999999999999645, 4.400000000000001243, -3.049999999999997602 ) ) ;
#373 = ORIENTED_EDGE ( 'NONE', *, *, #4349, .T. ) ;
#374 = CIRCLE ( 'NONE', #190, 0.07499999999999998335 ) ;
#375 = DIRECTION ( 'NONE',  ( 0.000000000000000000, 0.7071067811865515695, 0.7071067811865434649 ) ) ;
#376 = EDGE_CURVE ( 'NONE', #10712, #2252, #3138, .T. ) ;
#377 = UNCERTAINTY_MEASURE_WITH_UNIT (LENGTH_MEASURE( 1.000000000000000082E-05 ), #4415, 'distance_accuracy_value', 'NONE');
#378 = CIRCLE ( 'NONE', #3202, 0.07499999999999998335 ) ;
#379 = ORIENTED_EDGE ( 'NONE', *, *, #1521, .T. ) ;
#380 = EDGE_CURVE ( 'NONE', #3454, #6304, #1371, .T. ) ;
#381 = DIRECTION ( 'NONE',  ( -1.000000000000000000, 0.000000000000000000, 0.000000000000000000 ) ) ;
#382 = EDGE_CURVE ( 'NONE', #9018, #6641, #4849, .T. ) ;
#383 = DIRECTION ( 'NONE',  ( 0.000000000000000000, 0.000000000000000000, -1.000000000000000000 ) ) ;
#384 = ORIENTED_EDGE ( 'NONE', *, *, #9243, .T. ) ;
#385 = DIRECTION ( 'NONE',  ( -0.3236155771181821184, 0.3236155771181821184, -0.8891264907159901476 ) ) ;
#386 = VECTOR ( 'NONE', #5291, 1000.000000000000000 ) ;
#387 = AXIS2_PLACEMENT_3D ( 'NONE', #7490, #5126, #1711 ) ;
#388 = ORIENTED_EDGE ( 'NONE', *, *, #9442, .F. ) ;
#389 = PLANE ( 'NONE',  #242 ) ;
#390 = CARTESIAN_POINT ( 'NONE',  ( -5.800000000000000711, 5.425000000000000711, 3.000000000000000444 ) ) ;
#391 = VERTEX_POINT ( 'NONE', #662 ) ;
#392 = VERTEX_POINT ( 'NONE', #9792 ) ;
#393 = EDGE_CURVE ( 'NONE', #10283, #94, #9331, .T. ) ;
#394 = ADVANCED_FACE ( 'NONE', ( #1538 ), #8903, .T. ) ;
#395 = VECTOR ( 'NONE', #2821, 1000.000000000000000 ) ;
#396 = DIRECTION ( 'NONE',  ( -0.000000000000000000, -1.000000000000000000, -0.000000000000000000 ) ) ;
#397 = PLANE ( 'NONE',  #8458 ) ;
#398 = FACE_OUTER_BOUND ( 'NONE', #4756, .T. ) ;
#399 = DIRECTION ( 'NONE',  ( 0.000000000000000000, 0.000000000000000000, 1.000000000000000000 ) ) ;
#400 = EDGE_CURVE ( 'NONE', #3259, #8479, #3247, .T. ) ;
#401 = LINE ( 'NONE', #8752, #2756 ) ;
#402 = VECTOR ( 'NONE', #9125, 1000.000000000000000 ) ;
#403 = PLANE ( 'NONE',  #7703 ) ;
#404 = ORIENTED_EDGE ( 'NONE', *, *, #4175, .F. ) ;
#405 = DIRECTION ( 'NONE',  ( -0.000000000000000000, -1.000000000000000000, -0.000000000000000000 ) ) ;
#406 = PLANE ( 'NONE',  #6319 ) ;
#407 = VERTEX_POINT ( 'NONE', #9732 ) ;
#408 = CARTESIAN_POINT ( 'NONE',  ( -5.200000000000000178, 0.9000000000000004663, 0.7999999999999994893 ) ) ;
#409 = LINE ( 'NONE', #4874, #4248 ) ;
#410 = CARTESIAN_POINT ( 'NONE',  ( -4.250000000000107470, 0.6000000000000000888, 5.000000000000000000 ) ) ;
#411 = CARTESIAN_POINT ( 'NONE',  ( 5.800000000000000711, 5.699999999999999289, 2.250000000000000000 ) ) ;
#412 = DIRECTION ( 'NONE',  ( -1.000000000000000000, -0.000000000000000000, -0.000000000000000000 ) ) ;
#413 = ORIENTED_EDGE ( 'NONE', *, *, #113, .T. ) ;
#414 = EDGE_CURVE ( 'NONE', #3769, #4938, #7367, .T. ) ;
#415 = DIRECTION ( 'NONE',  ( -1.051347561198065205E-15, -0.000000000000000000, -1.000000000000000000 ) ) ;
#416 = ORIENTED_EDGE ( 'NONE', *, *, #4237, .F. ) ;
#417 = CARTESIAN_POINT ( 'NONE',  ( 6.200000000000001066, 4.864999999999999325, 2.925000000000000266 ) ) ;
#418 = SURFACE_STYLE_FILL_AREA ( #8600 ) ;
#419 = ORIENTED_EDGE ( 'NONE', *, *, #1847, .T. ) ;
#420 = DIRECTION ( 'NONE',  ( 1.000000000000000000, 0.000000000000000000, -1.051347561198065205E-15 ) ) ;
#421 = CARTESIAN_POINT ( 'NONE',  ( 7.000000000000000000, 0.2000000000000000111, 3.899999999999999911 ) ) ;
#422 = ORIENTED_EDGE ( 'NONE', *, *, #3426, .F. ) ;
#423 = CARTESIAN_POINT ( 'NONE',  ( 3.400000000000000355, 4.850000000000000533, 3.900000000000000355 ) ) ;
#424 = VECTOR ( 'NONE', #6503, 1000.000000000000000 ) ;
#425 = VERTEX_POINT ( 'NONE', #2201 ) ;
#426 = DIRECTION ( 'NONE',  ( -0.5773502691896190697, -0.5773502691896258421, 0.5773502691896323924 ) ) ;
#427 =( LENGTH_UNIT ( ) NAMED_UNIT ( * ) SI_UNIT ( .MILLI., .METRE. ) );
#428 = CARTESIAN_POINT ( 'NONE',  ( 4.377407327266549686, 2.022592672733450225, -1.649951245262083699 ) ) ;
#429 = VERTEX_POINT ( 'NONE', #4896 ) ;
#430 = CARTESIAN_POINT ( 'NONE',  ( -6.200000000000001066, 5.500000000000001776, 1.717842712474617173 ) ) ;
#431 = EDGE_LOOP ( 'NONE', ( #6646, #4844, #2765, #721 ) ) ;
#432 = SURFACE_SIDE_STYLE ('',( #8071 ) ) ;
#433 = AXIS2_PLACEMENT_3D ( 'NONE', #9284, #930, #5010 ) ;
#434 = VECTOR ( 'NONE', #1820, 1000.000000000000000 ) ;
#435 = DIRECTION ( 'NONE',  ( -1.000000000000000000, 0.000000000000000000, 0.000000000000000000 ) ) ;
#436 = ORIENTED_EDGE ( 'NONE', *, *, #4989, .T. ) ;
#437 = ORIENTED_EDGE ( 'NONE', *, *, #2311, .F. ) ;
#438 = CARTESIAN_POINT ( 'NONE',  ( 7.000000000000000000, 5.700000000000000178, 0.1000000000000002554 ) ) ;
#439 = EDGE_CURVE ( 'NONE', #8467, #3404, #3194, .T. ) ;
#440 = ORIENTED_EDGE ( 'NONE', *, *, #4819, .F. ) ;
#441 = CARTESIAN_POINT ( 'NONE',  ( 1.859191070279860636, 2.540808929720139275, -2.300000000000000266 ) ) ;
#442 =( GEOMETRIC_REPRESENTATION_CONTEXT ( 3 ) GLOBAL_UNCERTAINTY_ASSIGNED_CONTEXT ( ( #4562 ) ) GLOBAL_UNIT_ASSIGNED_CONTEXT ( ( #2345, #685, #9977 ) ) REPRESENTATION_CONTEXT ( 'NONE', 'WORKASPACE' ) );
#443 = LINE ( 'NONE', #9520, #3703 ) ;
#444 = ORIENTED_EDGE ( 'NONE', *, *, #4622, .T. ) ;
#445 = VERTEX_POINT ( 'NONE', #4731 ) ;
#446 = CARTESIAN_POINT ( 'NONE',  ( -1.750000000000107470, 0.2000000000000000111, 2.400000000000000355 ) ) ;
#447 = PLANE ( 'NONE',  #2859 ) ;
#448 = DIRECTION ( 'NONE',  ( -1.000000000000000000, 0.000000000000000000, -0.000000000000000000 ) ) ;
#449 = LINE ( 'NONE', #4639, #8694 ) ;
#450 = EDGE_CURVE ( 'NONE', #181, #3256, #10620, .T. ) ;
#451 = DIRECTION ( 'NONE',  ( 1.000000000000000000, -0.000000000000000000, -0.000000000000000000 ) ) ;
#452 = EDGE_CURVE ( 'NONE', #9366, #1801, #8132, .T. ) ;
#453 = CARTESIAN_POINT ( 'NONE',  ( 6.305000000000000604, 0.4000000000000000222, 1.099999999999999867 ) ) ;
#454 = EDGE_CURVE ( 'NONE', #9840, #773, #10674, .T. ) ;
#455 = ORIENTED_EDGE ( 'NONE', *, *, #8337, .T. ) ;
#456 = DIRECTION ( 'NONE',  ( -0.7071067811865472397, 0.7071067811865479058, 1.533293416683374878E-16 ) ) ;
#457 = LINE ( 'NONE', #6124, #4918 ) ;
#458 = VECTOR ( 'NONE', #4796, 1000.000000000000000 ) ;
#459 = ORIENTED_EDGE ( 'NONE', *, *, #10720, .T. ) ;
#460 = EDGE_CURVE ( 'NONE', #4467, #9182, #5676, .T. ) ;
#461 = LINE ( 'NONE', #1458, #2814 ) ;
#462 = LINE ( 'NONE', #9541, #8628 ) ;
#463 = DIRECTION ( 'NONE',  ( -1.000000000000000000, -0.000000000000000000, -0.000000000000000000 ) ) ;
#464 = CARTESIAN_POINT ( 'NONE',  ( -5.800000000000000711, 2.400000000000001243, -1.699999999999999734 ) ) ;
#465 = CYLINDRICAL_SURFACE ( 'NONE', #10100, 0.2500000000000002220 ) ;
#466 = VECTOR ( 'NONE', #4890, 1000.000000000000114 ) ;
#467 = EDGE_CURVE ( 'NONE', #7008, #3268, #3214, .T. ) ;
#468 = EDGE_CURVE ( 'NONE', #7151, #5328, #6853, .T. ) ;
#469 = ORIENTED_EDGE ( 'NONE', *, *, #5948, .T. ) ;
#470 = CARTESIAN_POINT ( 'NONE',  ( -6.200000000000001066, 5.500000000000001776, 1.282157287525380163 ) ) ;
#471 = VERTEX_POINT ( 'NONE', #9328 ) ;
#472 = LINE ( 'NONE', #2123, #6151 ) ;
#473 = AXIS2_PLACEMENT_3D ( 'NONE', #160, #1869, #5225 ) ;
#474 = PLANE ( 'NONE',  #7191 ) ;
#475 = VERTEX_POINT ( 'NONE', #813 ) ;
#476 = DIRECTION ( 'NONE',  ( -0.000000000000000000, 1.000000000000000000, -0.000000000000000000 ) ) ;
#477 = EDGE_CURVE ( 'NONE', #4715, #9143, #3678, .T. ) ;
#478 = DIRECTION ( 'NONE',  ( 0.000000000000000000, 1.000000000000000000, 0.000000000000000000 ) ) ;
#479 = FACE_OUTER_BOUND ( 'NONE', #5713, .T. ) ;
#480 = VERTEX_POINT ( 'NONE', #4119 ) ;
#481 = DIRECTION ( 'NONE',  ( 0.000000000000000000, -1.000000000000000000, 0.000000000000000000 ) ) ;
#482 = ORIENTED_EDGE ( 'NONE', *, *, #6724, .T. ) ;
#483 = SURFACE_STYLE_USAGE ( .BOTH. , #8063 ) ;
#484 = CARTESIAN_POINT ( 'NONE',  ( 7.000000000000000000, 2.350000000000000089, -4.500000000000000888 ) ) ;
#485 = EDGE_CURVE ( 'NONE', #9319, #6851, #140, .T. ) ;
#486 = DIRECTION ( 'NONE',  ( 0.000000000000000000, -1.000000000000000000, 0.000000000000000000 ) ) ;
#487 = ORIENTED_EDGE ( 'NONE', *, *, #5022, .F. ) ;
#488 = LINE ( 'NONE', #6327, #9691 ) ;
#489 = UNCERTAINTY_MEASURE_WITH_UNIT (LENGTH_MEASURE( 1.000000000000000082E-05 ), #10471, 'distance_accuracy_value', 'NONE');
#490 = ORIENTED_EDGE ( 'NONE', *, *, #4549, .F. ) ;
#491 = DIRECTION ( 'NONE',  ( 0.000000000000000000, 0.7071067811865414665, -0.7071067811865535679 ) ) ;
#492 = EDGE_CURVE ( 'NONE', #1556, #1546, #7578, .T. ) ;
#493 = LINE ( 'NONE', #7202, #10457 ) ;
#494 = ORIENTED_EDGE ( 'NONE', *, *, #2882, .F. ) ;
#495 = EDGE_LOOP ( 'NONE', ( #10467, #8547, #2470, #7619 ) ) ;
#496 = LINE ( 'NONE', #9954, #5906 ) ;
#497 = ORIENTED_EDGE ( 'NONE', *, *, #4118, .T. ) ;
#498 = CARTESIAN_POINT ( 'NONE',  ( 1.099999999999994982, 7.499999999999983125, -6.150000000000014566 ) ) ;
#499 = EDGE_CURVE ( 'NONE', #8023, #2396, #8491, .T. ) ;
#500 = AXIS2_PLACEMENT_3D ( 'NONE', #4590, #9638, #3869 ) ;
#501 = FACE_OUTER_BOUND ( 'NONE', #9036, .T. ) ;
#502 = ORIENTED_EDGE ( 'NONE', *, *, #10746, .F. ) ;
#503 = EDGE_LOOP ( 'NONE', ( #8851, #5003, #3466, #6664, #5746 ) ) ;
#504 = ORIENTED_EDGE ( 'NONE', *, *, #4089, .F. ) ;
#505 = CARTESIAN_POINT ( 'NONE',  ( 2.250000000000000444, 2.649999999999999911, -1.999999999999997335 ) ) ;
#506 = LINE ( 'NONE', #9964, #911 ) ;
#507 = CARTESIAN_POINT ( 'NONE',  ( 3.874717526849586147, 2.274717526849586502, -3.031080120897855945 ) ) ;
#508 = VECTOR ( 'NONE', #6780, 1000.000000000000114 ) ;
#509 = LINE ( 'NONE', #6997, #635 ) ;
#510 = DIRECTION ( 'NONE',  ( -1.000000000000000000, -0.000000000000000000, -0.000000000000000000 ) ) ;
#511 = SURFACE_STYLE_FILL_AREA ( #4916 ) ;
#512 = VECTOR ( 'NONE', #1150, 999.9999999999998863 ) ;
#513 = VERTEX_POINT ( 'NONE', #10058 ) ;
#514 = CARTESIAN_POINT ( 'NONE',  ( 7.000000000000000888, 3.150000000000000799, -3.000000000000000000 ) ) ;
#515 = ORIENTED_EDGE ( 'NONE', *, *, #5022, .T. ) ;
#516 = STYLED_ITEM ( 'NONE', ( #5693 ), #8866 ) ;
#517 = ORIENTED_EDGE ( 'NONE', *, *, #10461, .F. ) ;
#518 = EDGE_CURVE ( 'NONE', #10626, #3624, #968, .T. ) ;
#519 = EDGE_CURVE ( 'NONE', #7008, #2856, #9136, .T. ) ;
#520 = LINE ( 'NONE', #3872, #1268 ) ;
#521 = EDGE_CURVE ( 'NONE', #10472, #10641, #8290, .T. ) ;
#522 = VECTOR ( 'NONE', #6372, 1000.000000000000000 ) ;
#523 = CARTESIAN_POINT ( 'NONE',  ( 1.496673887931477154, 1.800000000000000266, -3.200000000000000178 ) ) ;
#524 = FACE_OUTER_BOUND ( 'NONE', #9687, .T. ) ;
#525 = LINE ( 'NONE', #4539, #1838 ) ;
#526 = AXIS2_PLACEMENT_3D ( 'NONE', #1424, #371, #8064 ) ;
#527 = ORIENTED_EDGE ( 'NONE', *, *, #4313, .T. ) ;
#528 = FACE_OUTER_BOUND ( 'NONE', #7692, .T. ) ;
#529 = ORIENTED_EDGE ( 'NONE', *, *, #4978, .T. ) ;
#530 = CARTESIAN_POINT ( 'NONE',  ( 6.055000000000000604, 0.000000000000000000, -5.000000000000000000 ) ) ;
#531 = VECTOR ( 'NONE', #3650, 1000.000000000000000 ) ;
#532 = LINE ( 'NONE', #4052, #2610 ) ;
#534 = ORIENTED_EDGE ( 'NONE', *, *, #7499, .T. ) ;
#533 = VECTOR ( 'NONE', #10655, 1000.000000000000000 ) ;
#535 = FACE_OUTER_BOUND ( 'NONE', #6022, .T. ) ;
#536 = FACE_OUTER_BOUND ( 'NONE', #10354, .T. ) ;
#537 = CARTESIAN_POINT ( 'NONE',  ( 6.200000000000001066, 5.299999999999999822, -1.699999999999999734 ) ) ;
#538 = CARTESIAN_POINT ( 'NONE',  ( 7.000000000000000000, 5.700000000000000178, 2.800000000000000266 ) ) ;
#539 = VERTEX_POINT ( 'NONE', #10878 ) ;
#540 = LINE ( 'NONE', #4722, #9787 ) ;
#541 = EDGE_CURVE ( 'NONE', #10801, #8157, #5046, .T. ) ;
#542 = ORIENTED_EDGE ( 'NONE', *, *, #8457, .T. ) ;
#543 = VECTOR ( 'NONE', #1555, 1000.000000000000000 ) ;
#544 = CARTESIAN_POINT ( 'NONE',  ( 7.000000000000000888, 5.700000000000000178, -1.900000000000000133 ) ) ;
#545 = VERTEX_POINT ( 'NONE', #8338 ) ;
#546 = CARTESIAN_POINT ( 'NONE',  ( 1.749999999999893197, 0.6000000000000000888, 2.400000000000000355 ) ) ;
#547 = EDGE_LOOP ( 'NONE', ( #3573, #9979, #6508, #3019 ) ) ;
#548 = CARTESIAN_POINT ( 'NONE',  ( -2.250000000000107025, 0.000000000000000000, 2.400000000000000355 ) ) ;
#549 = CIRCLE ( 'NONE', #2310, 0.1749999999999998224 ) ;
#550 = CARTESIAN_POINT ( 'NONE',  ( -0.2500000000001069145, 0.2000000000000000111, 2.399999999999972378 ) ) ;
#551 = VECTOR ( 'NONE', #5382, 1000.000000000000000 ) ;
#552 = ORIENTED_EDGE ( 'NONE', *, *, #4143, .F. ) ;
#553 = EDGE_LOOP ( 'NONE', ( #5006, #7021, #8564, #2854 ) ) ;
#554 = LINE ( 'NONE', #6500, #4321 ) ;
#555 = ORIENTED_EDGE ( 'NONE', *, *, #8618, .F. ) ;
#556 = EDGE_CURVE ( 'NONE', #7556, #680, #4222, .T. ) ;
#557 = AXIS2_PLACEMENT_3D ( 'NONE', #640, #6418, #5586 ) ;
#558 = EDGE_CURVE ( 'NONE', #8381, #2856, #10552, .T. ) ;
#559 = VECTOR ( 'NONE', #6314, 1000.000000000000000 ) ;
#560 = CARTESIAN_POINT ( 'NONE',  ( -5.800000000000000711, 4.864999999999999325, 2.925000000000000266 ) ) ;
#561 = ORIENTED_EDGE ( 'NONE', *, *, #10038, .T. ) ;
#562 = VERTEX_POINT ( 'NONE', #90 ) ;
#563 = CARTESIAN_POINT ( 'NONE',  ( -2.250000000000107025, 0.2000000000000000111, 2.399999999999958167 ) ) ;
#564 = CARTESIAN_POINT ( 'NONE',  ( -5.800000000000000711, 2.400000000000000355, 3.725000000000000089 ) ) ;
#565 = VECTOR ( 'NONE', #266, 1000.000000000000000 ) ;
#566 = CARTESIAN_POINT ( 'NONE',  ( -3.099999999999999645, 4.400000000000001243, 0.7999999999999994893 ) ) ;
#567 = CIRCLE ( 'NONE', #2328, 0.1000000000000006994 ) ;
#568 = LINE ( 'NONE', #4694, #3901 ) ;
#569 = DIRECTION ( 'NONE',  ( 3.336006684570783101E-16, 0.000000000000000000, -1.000000000000000000 ) ) ;
#570 = CARTESIAN_POINT ( 'NONE',  ( 6.305000000000000604, 1.800000000000000044, -1.699999999999999734 ) ) ;
#571 = CARTESIAN_POINT ( 'NONE',  ( 5.900000000000000355, 1.799999999999999600, 1.099999999999999867 ) ) ;
#572 = VERTEX_POINT ( 'NONE', #863 ) ;
#573 = AXIS2_PLACEMENT_3D ( 'NONE', #1080, #199, #255 ) ;
#574 = LINE ( 'NONE', #8924, #3009 ) ;
#575 = EDGE_LOOP ( 'NONE', ( #8002, #9049, #2956, #7451 ) ) ;
#576 = CIRCLE ( 'NONE', #6717, 0.3499999999999996447 ) ;
#577 = CIRCLE ( 'NONE', #3355, 0.3499999999999997558 ) ;
#578 = VERTEX_POINT ( 'NONE', #41 ) ;
#579 = CARTESIAN_POINT ( 'NONE',  ( 4.250000000000000000, 2.149999999999999467, -2.300000000000000266 ) ) ;
#580 = VECTOR ( 'NONE', #9849, 1000.000000000000000 ) ;
#581 = DIRECTION ( 'NONE',  ( 1.000000000000000000, -0.000000000000000000, -0.000000000000000000 ) ) ;
#582 = DIRECTION ( 'NONE',  ( 1.000000000000000000, -0.000000000000000000, -0.000000000000000000 ) ) ;
#583 = EDGE_CURVE ( 'NONE', #3638, #817, #4277, .T. ) ;
#584 = DIRECTION ( 'NONE',  ( 0.000000000000000000, 0.000000000000000000, 1.000000000000000000 ) ) ;
#585 = CARTESIAN_POINT ( 'NONE',  ( 4.249999999999892530, 1.300000000000000266, 3.899999999999999911 ) ) ;
#586 = AXIS2_PLACEMENT_3D ( 'NONE', #8277, #4941, #9835 ) ;
#587 = ORIENTED_EDGE ( 'NONE', *, *, #3684, .F. ) ;
#588 = DIRECTION ( 'NONE',  ( 0.000000000000000000, 0.000000000000000000, 1.000000000000000000 ) ) ;
#589 = EDGE_CURVE ( 'NONE', #8327, #3556, #6800, .T. ) ;
#590 = ORIENTED_EDGE ( 'NONE', *, *, #4790, .F. ) ;
#591 = LINE ( 'NONE', #7350, #1587 ) ;
#592 = EDGE_CURVE ( 'NONE', #3178, #7253, #4170, .T. ) ;
#593 = DIRECTION ( 'NONE',  ( 0.000000000000000000, 0.7071067811865384689, -0.7071067811865565655 ) ) ;
#594 = VERTEX_POINT ( 'NONE', #7565 ) ;
#595 = DIRECTION ( 'NONE',  ( -1.000000000000000000, 0.000000000000000000, 0.000000000000000000 ) ) ;
#596 = PLANE ( 'NONE',  #7019 ) ;
#597 = CYLINDRICAL_SURFACE ( 'NONE', #7558, 0.09999999999999982514 ) ;
#598 = CARTESIAN_POINT ( 'NONE',  ( 7.000000000000000000, 2.750000000000001332, -3.200000000000000178 ) ) ;
#599 = ORIENTED_EDGE ( 'NONE', *, *, #9965, .F. ) ;
#600 = DIRECTION ( 'NONE',  ( 0.000000000000000000, -1.000000000000000000, 0.000000000000000000 ) ) ;
#601 = ORIENTED_EDGE ( 'NONE', *, *, #8959, .T. ) ;
#603 = EDGE_CURVE ( 'NONE', #10165, #9821, #5099, .T. ) ;
#602 =( NAMED_UNIT ( * ) PLANE_ANGLE_UNIT ( ) SI_UNIT ( $, .RADIAN. ) );
#604 = LINE ( 'NONE', #9842, #2621 ) ;
#605 = ADVANCED_FACE ( 'NONE', ( #1795 ), #7669, .F. ) ;
#606 = EDGE_CURVE ( 'NONE', #264, #1443, #1243, .T. ) ;
#607 = ORIENTED_EDGE ( 'NONE', *, *, #1923, .T. ) ;
#608 = DIRECTION ( 'NONE',  ( 0.000000000000000000, 0.000000000000000000, -1.000000000000000000 ) ) ;
#609 = ORIENTED_EDGE ( 'NONE', *, *, #468, .F. ) ;
#610 =( NAMED_UNIT ( * ) PLANE_ANGLE_UNIT ( ) SI_UNIT ( $, .RADIAN. ) );
#611 = EDGE_CURVE ( 'NONE', #5398, #10151, #7948, .T. ) ;
#612 = DIRECTION ( 'NONE',  ( -0.6336872742246365542, 0.4437126062796632464, 0.6336872742246436596 ) ) ;
#613 = VECTOR ( 'NONE', #204, 1000.000000000000000 ) ;
#614 = ORIENTED_EDGE ( 'NONE', *, *, #4302, .T. ) ;
#615 = ORIENTED_EDGE ( 'NONE', *, *, #1863, .T. ) ;
#616 = LINE ( 'NONE', #5726, #4506 ) ;
#617 = EDGE_CURVE ( 'NONE', #6446, #3399, #2022, .T. ) ;
#618 = VERTEX_POINT ( 'NONE', #3778 ) ;
#619 = DIRECTION ( 'NONE',  ( 0.000000000000000000, 0.000000000000000000, 1.000000000000000000 ) ) ;
#620 = FACE_OUTER_BOUND ( 'NONE', #687, .T. ) ;
#621 = EDGE_LOOP ( 'NONE', ( #7284, #8869, #5685, #3814, #907, #9570, #3108, #992 ) ) ;
#622 = AXIS2_PLACEMENT_3D ( 'NONE', #3873, #8210, #3222 ) ;
#623 = VERTEX_POINT ( 'NONE', #2786 ) ;
#624 = VERTEX_POINT ( 'NONE', #1019 ) ;
#625 = PLANE ( 'NONE',  #8636 ) ;
#626 = EDGE_CURVE ( 'NONE', #7835, #3667, #3664, .T. ) ;
#627 = PLANE ( 'NONE',  #36 ) ;
#628 = CARTESIAN_POINT ( 'NONE',  ( -3.750000000000107470, 0.6000000000000000888, 2.399999999999944400 ) ) ;
#629 = CARTESIAN_POINT ( 'NONE',  ( 6.305000000000000604, 0.4000000000000000222, 2.149999999999999911 ) ) ;
#630 = CARTESIAN_POINT ( 'NONE',  ( -5.800000000000000711, 5.499999999999998224, 2.800000000000000266 ) ) ;
#631 = CARTESIAN_POINT ( 'NONE',  ( 6.197820323027551481, -2.972161292830653933E-16, 0.9134769367380000116 ) ) ;
#632 = PLANE ( 'NONE',  #6160 ) ;
#633 = ORIENTED_EDGE ( 'NONE', *, *, #6476, .F. ) ;
#634 = ORIENTED_EDGE ( 'NONE', *, *, #2499, .T. ) ;
#635 = VECTOR ( 'NONE', #9580, 1000.000000000000000 ) ;
#636 = FACE_OUTER_BOUND ( 'NONE', #1926, .T. ) ;
#637 = FACE_OUTER_BOUND ( 'NONE', #5237, .T. ) ;
#638 = EDGE_CURVE ( 'NONE', #5727, #5090, #6914, .T. ) ;
#639 = DIRECTION ( 'NONE',  ( 0.000000000000000000, -1.517883041479704827E-15, 1.000000000000000000 ) ) ;
#640 = CARTESIAN_POINT ( 'NONE',  ( 5.800000000000000711, 0.000000000000000000, 0.000000000000000000 ) ) ;
#641 = CARTESIAN_POINT ( 'NONE',  ( 3.749999999999892975, 0.6000000000000000888, 2.400000000000000355 ) ) ;
#642 = DIRECTION ( 'NONE',  ( -0.000000000000000000, 1.000000000000000000, 0.000000000000000000 ) ) ;
#643 = VECTOR ( 'NONE', #970, 1000.000000000000000 ) ;
#644 = VERTEX_POINT ( 'NONE', #10265 ) ;
#645 = CARTESIAN_POINT ( 'NONE',  ( -5.200000000000000178, 2.199999999999998401, -3.599999999999999645 ) ) ;
#646 = DIRECTION ( 'NONE',  ( -0.000000000000000000, 1.000000000000000000, -0.000000000000000000 ) ) ;
#647 = ORIENTED_EDGE ( 'NONE', *, *, #4759, .T. ) ;
#648 = DIRECTION ( 'NONE',  ( 1.000000000000000000, 0.000000000000000000, -0.000000000000000000 ) ) ;
#649 = VECTOR ( 'NONE', #3896, 1000.000000000000000 ) ;
#650 = PLANE ( 'NONE',  #2094 ) ;
#651 = DIRECTION ( 'NONE',  ( -1.000000000000000000, 0.000000000000000000, 0.000000000000000000 ) ) ;
#652 = CARTESIAN_POINT ( 'NONE',  ( 6.733333333333334281, 4.566666666666663765, 1.866666666666666918 ) ) ;
#653 = ORIENTED_EDGE ( 'NONE', *, *, #3513, .F. ) ;
#654 = CARTESIAN_POINT ( 'NONE',  ( -1.699999999999999289, 4.400000000000000355, -3.200000000000000178 ) ) ;
#655 = ORIENTED_EDGE ( 'NONE', *, *, #2678, .T. ) ;
#656 = CARTESIAN_POINT ( 'NONE',  ( -5.349999999999999645, 2.350000000000000089, -4.500000000000000888 ) ) ;
#657 =( LENGTH_UNIT ( ) NAMED_UNIT ( * ) SI_UNIT ( .MILLI., .METRE. ) );
#658 = ORIENTED_EDGE ( 'NONE', *, *, #9447, .F. ) ;
#659 = FACE_OUTER_BOUND ( 'NONE', #8554, .T. ) ;
#660 = ORIENTED_EDGE ( 'NONE', *, *, #6573, .F. ) ;
#661 = DIRECTION ( 'NONE',  ( -1.000000000000000000, 0.000000000000000000, 0.000000000000000000 ) ) ;
#662 = CARTESIAN_POINT ( 'NONE',  ( -3.750000000000107470, 0.000000000000000000, 4.800000000000000711 ) ) ;
#663 = EDGE_CURVE ( 'NONE', #64, #1241, #6260, .T. ) ;
#664 = EDGE_CURVE ( 'NONE', #2138, #10303, #5424, .T. ) ;
#665 = ADVANCED_FACE ( 'NONE', ( #8775 ), #7724, .F. ) ;
#666 = ORIENTED_EDGE ( 'NONE', *, *, #229, .F. ) ;
#667 = EDGE_LOOP ( 'NONE', ( #1761, #4728, #10214, #1060 ) ) ;
#668 = CARTESIAN_POINT ( 'NONE',  ( -6.200000000000001066, 5.470710678118654968, 0.8971320343559628929 ) ) ;
#669 = VERTEX_POINT ( 'NONE', #5321 ) ;
#670 = CARTESIAN_POINT ( 'NONE',  ( -5.004999999999999893, 5.064999999999999503, 2.800000000000000266 ) ) ;
#671 = CARTESIAN_POINT ( 'NONE',  ( 7.000000000000000000, 1.799999999999999600, 1.399999999999999689 ) ) ;
#672 = EDGE_LOOP ( 'NONE', ( #10613, #7353, #10678, #6410 ) ) ;
#673 = ORIENTED_EDGE ( 'NONE', *, *, #307, .F. ) ;
#674 = DIRECTION ( 'NONE',  ( 1.000000000000000000, 0.000000000000000000, 0.000000000000000000 ) ) ;
#675 = CARTESIAN_POINT ( 'NONE',  ( -1.859191070279860636, 2.259191070279860103, -2.300000000000000266 ) ) ;
#676 = DIRECTION ( 'NONE',  ( 1.000000000000000000, -0.000000000000000000, -0.000000000000000000 ) ) ;
#677 = LINE ( 'NONE', #631, #1738 ) ;
#678 = EDGE_CURVE ( 'NONE', #9182, #2080, #5309, .T. ) ;
#679 = CARTESIAN_POINT ( 'NONE',  ( -6.304999999999998828, 1.799999999999999600, 1.099999999999999645 ) ) ;
#680 = VERTEX_POINT ( 'NONE', #7135 ) ;
#681 = VERTEX_POINT ( 'NONE', #4499 ) ;
#682 = DIRECTION ( 'NONE',  ( 1.000000000000000000, 0.000000000000000000, -0.000000000000000000 ) ) ;
#683 = DIRECTION ( 'NONE',  ( 7.078004864255929383E-16, 1.000000000000000000, 1.517883041479707588E-15 ) ) ;
#684 = DIRECTION ( 'NONE',  ( 0.000000000000000000, -1.000000000000000000, -0.000000000000000000 ) ) ;
#685 =( NAMED_UNIT ( * ) PLANE_ANGLE_UNIT ( ) SI_UNIT ( $, .RADIAN. ) );
#686 = DIRECTION ( 'NONE',  ( 0.6365239496641709183, 0.4355163866123237804, -0.6365239496641653671 ) ) ;
#687 = EDGE_LOOP ( 'NONE', ( #1897, #8361, #8512, #6239 ) ) ;
#688 = CIRCLE ( 'NONE', #3154, 0.2500000000000002220 ) ;
#689 = CARTESIAN_POINT ( 'NONE',  ( 4.249999999999892530, 0.000000000000000000, 5.000000000000000000 ) ) ;
#690 = ADVANCED_FACE ( 'NONE', ( #10432 ), #306, .F. ) ;
#691 = EDGE_CURVE ( 'NONE', #2257, #3207, #9553, .T. ) ;
#692 = CARTESIAN_POINT ( 'NONE',  ( -3.750000000000000000, 2.649999999999999911, -1.999999999999997335 ) ) ;
#693 = COLOUR_RGB ( '',1.000000000000000000, 1.000000000000000000, 0.7529411764705882248 ) ;
#694 = DIRECTION ( 'NONE',  ( 0.000000000000000000, 0.000000000000000000, 1.000000000000000000 ) ) ;
#695 = ORIENTED_EDGE ( 'NONE', *, *, #4046, .T. ) ;
#696 = DIRECTION ( 'NONE',  ( 0.000000000000000000, -0.9396926207859095381, -0.3420201433256658263 ) ) ;
#697 = DIRECTION ( 'NONE',  ( 0.4226182617407009401, 0.000000000000000000, 0.9063077870366492705 ) ) ;
#698 = ADVANCED_FACE ( 'NONE', ( #6315 ), #8724, .F. ) ;
#699 = ORIENTED_EDGE ( 'NONE', *, *, #9386, .F. ) ;
#700 = LINE ( 'NONE', #1362, #3631 ) ;
#701 = AXIS2_PLACEMENT_3D ( 'NONE', #8706, #8651, #6128 ) ;
#702 = ORIENTED_EDGE ( 'NONE', *, *, #9858, .T. ) ;
#703 = LINE ( 'NONE', #9841, #4649 ) ;
#704 = CARTESIAN_POINT ( 'NONE',  ( 0.2499999999998926692, 0.6000000000000000888, 5.000000000000000000 ) ) ;
#705 = AXIS2_PLACEMENT_3D ( 'NONE', #248, #2847, #3724 ) ;
#706 = PLANE ( 'NONE',  #6187 ) ;
#707 = EDGE_LOOP ( 'NONE', ( #253, #8687, #4079, #5904 ) ) ;
#708 = LINE ( 'NONE', #4066, #9634 ) ;
#709 = VECTOR ( 'NONE', #8737, 1000.000000000000000 ) ;
#710 = DIRECTION ( 'NONE',  ( -0.000000000000000000, 0.3713906763541029443, -0.9284766908852596368 ) ) ;
#711 = EDGE_CURVE ( 'NONE', #9118, #8399, #6088, .T. ) ;
#712 = AXIS2_PLACEMENT_3D ( 'NONE', #3324, #3943, #4769 ) ;
#713 = EDGE_LOOP ( 'NONE', ( #1145, #4814, #6250, #2043 ) ) ;
#714 = DIRECTION ( 'NONE',  ( -1.000000000000000000, 0.000000000000000000, 0.000000000000000000 ) ) ;
#715 = VECTOR ( 'NONE', #9164, 1000.000000000000000 ) ;
#716 = ORIENTED_EDGE ( 'NONE', *, *, #7907, .T. ) ;
#717 = CYLINDRICAL_SURFACE ( 'NONE', #69, 0.2500000000000002220 ) ;
#718 = EDGE_CURVE ( 'NONE', #2153, #8634, #7890, .T. ) ;
#719 = CYLINDRICAL_SURFACE ( 'NONE', #9312, 0.2000000000000005107 ) ;
#720 = EDGE_CURVE ( 'NONE', #9801, #1421, #5260, .T. ) ;
#721 = ORIENTED_EDGE ( 'NONE', *, *, #10319, .T. ) ;
#722 = AXIS2_PLACEMENT_3D ( 'NONE', #4919, #9870, #8257 ) ;
#723 = ORIENTED_EDGE ( 'NONE', *, *, #10643, .T. ) ;
#724 = DIRECTION ( 'NONE',  ( 0.000000000000000000, 0.000000000000000000, 1.000000000000000000 ) ) ;
#725 = CARTESIAN_POINT ( 'NONE',  ( -6.200000000000001066, 2.575000000000000178, 3.899999999999999911 ) ) ;
#726 = CARTESIAN_POINT ( 'NONE',  ( 2.249999999999892530, 0.6000000000000000888, 5.000000000000000000 ) ) ;
#727 = CARTESIAN_POINT ( 'NONE',  ( 7.000000000000000000, 0.2000000000000000111, 2.149999999999999911 ) ) ;
#728 = VECTOR ( 'NONE', #6903, 1000.000000000000000 ) ;
#729 = VECTOR ( 'NONE', #7732, 1000.000000000000000 ) ;
#730 = CARTESIAN_POINT ( 'NONE',  ( -1.999999999999998668, 3.699999999999999734, -3.049999999999997602 ) ) ;
#731 =( BOUNDED_CURVE ( )  B_SPLINE_CURVE ( 3, ( #2109, #9701, #7817, #9637 ),
 .UNSPECIFIED., .F., .F. ) 
 B_SPLINE_CURVE_WITH_KNOTS ( ( 4, 4 ),
 ( 0.000000000000000000, 1.570796326794896558 ),
 .UNSPECIFIED. ) 
 CURVE ( )  GEOMETRIC_REPRESENTATION_ITEM ( )  RATIONAL_B_SPLINE_CURVE ( ( 1.000000000000000000, 0.8047378541243649375, 0.8047378541243649375, 1.000000000000000000 ) ) 
 REPRESENTATION_ITEM ( '' )  );
#732 = FACE_OUTER_BOUND ( 'NONE', #4178, .T. ) ;
#733 = PLANE ( 'NONE',  #8792 ) ;
#734 = EDGE_CURVE ( 'NONE', #7750, #4973, #3616, .T. ) ;
#735 = EDGE_LOOP ( 'NONE', ( #6959, #6868, #1529, #10062 ) ) ;
#736 = ADVANCED_FACE ( 'NONE', ( #6965 ), #10660, .F. ) ;
#737 = VERTEX_POINT ( 'NONE', #10714 ) ;
#738 = VECTOR ( 'NONE', #1310, 1000.000000000000000 ) ;
#739 =( GEOMETRIC_REPRESENTATION_CONTEXT ( 3 ) GLOBAL_UNCERTAINTY_ASSIGNED_CONTEXT ( ( #10387 ) ) GLOBAL_UNIT_ASSIGNED_CONTEXT ( ( #7083, #10489, #1134 ) ) REPRESENTATION_CONTEXT ( 'NONE', 'WORKASPACE' ) );
#740 = DIRECTION ( 'NONE',  ( 0.000000000000000000, -1.000000000000000000, 0.000000000000000000 ) ) ;
#741 = ADVANCED_FACE ( 'NONE', ( #8943 ), #596, .T. ) ;
#742 = DIRECTION ( 'NONE',  ( -1.000000000000000000, 0.000000000000000000, 8.673617379883975321E-16 ) ) ;
#743 = DIRECTION ( 'NONE',  ( -1.000000000000000000, -0.000000000000000000, -0.000000000000000000 ) ) ;
#744 =( NAMED_UNIT ( * ) PLANE_ANGLE_UNIT ( ) SI_UNIT ( $, .RADIAN. ) );
#745 = CYLINDRICAL_SURFACE ( 'NONE', #2090, 0.1749999999999993783 ) ;
#746 = VECTOR ( 'NONE', #7435, 1000.000000000000000 ) ;
#747 = VECTOR ( 'NONE', #5855, 1000.000000000000000 ) ;
#748 = ORIENTED_EDGE ( 'NONE', *, *, #8927, .T. ) ;
#749 = CARTESIAN_POINT ( 'NONE',  ( -4.250000000000106581, 0.6000000000000000888, 2.399999999999944400 ) ) ;
#750 = PLANE ( 'NONE',  #2082 ) ;
#751 = PLANE ( 'NONE',  #8761 ) ;
#752 = EDGE_LOOP ( 'NONE', ( #4955, #5253, #1945, #6340 ) ) ;
#753 = LINE ( 'NONE', #7457, #3722 ) ;
#754 = CLOSED_SHELL ( 'NONE', ( #997, #3583, #10803, #2030, #2541, #1927, #7465, #5432 ) ) ;
#755 = VECTOR ( 'NONE', #3578, 1000.000000000000000 ) ;
#756 = FACE_OUTER_BOUND ( 'NONE', #7378, .T. ) ;
#757 = ADVANCED_FACE ( 'NONE', ( #2297 ), #3069, .T. ) ;
#758 = DIRECTION ( 'NONE',  ( -0.2359856711608181168, 0.8807105146304249343, -0.4106820575897980885 ) ) ;
#759 = ADVANCED_FACE ( 'NONE', ( #536 ), #10543, .F. ) ;
#760 = ORIENTED_EDGE ( 'NONE', *, *, #10575, .T. ) ;
#761 = LINE ( 'NONE', #9413, #288 ) ;
#762 = EDGE_LOOP ( 'NONE', ( #5390, #223, #6098, #3617 ) ) ;
#763 = DIRECTION ( 'NONE',  ( -1.000000000000000000, -0.000000000000000000, -0.000000000000000000 ) ) ;
#764 = DIRECTION ( 'NONE',  ( 0.000000000000000000, 0.000000000000000000, 1.000000000000000000 ) ) ;
#765 = ORIENTED_EDGE ( 'NONE', *, *, #7646, .F. ) ;
#766 = CARTESIAN_POINT ( 'NONE',  ( 5.800000000000000711, 2.400000000000000355, 3.700000000000000178 ) ) ;
#767 = DIRECTION ( 'NONE',  ( -0.000000000000000000, -0.000000000000000000, 1.000000000000000000 ) ) ;
#768 = ORIENTED_EDGE ( 'NONE', *, *, #6700, .F. ) ;
#769 = DIRECTION ( 'NONE',  ( -1.000000000000000000, -0.000000000000000000, -0.000000000000000000 ) ) ;
#770 = ORIENTED_EDGE ( 'NONE', *, *, #3251, .T. ) ;
#771 = DIRECTION ( 'NONE',  ( 0.000000000000000000, 1.000000000000000000, -0.000000000000000000 ) ) ;
#772 = CARTESIAN_POINT ( 'NONE',  ( -1.699999999999999289, 4.400000000000000355, 2.250000000000000000 ) ) ;
#773 = VERTEX_POINT ( 'NONE', #9831 ) ;
#774 = VERTEX_POINT ( 'NONE', #5710 ) ;
#775 = ORIENTED_EDGE ( 'NONE', *, *, #1595, .T. ) ;
#776 = DIRECTION ( 'NONE',  ( 0.000000000000000000, -0.9063077870366494926, 0.4226182617407002184 ) ) ;
#778 = ADVANCED_FACE ( 'NONE', ( #9007 ), #3833, .T. ) ;
#777 = PLANE ( 'NONE',  #1097 ) ;
#779 = ORIENTED_EDGE ( 'NONE', *, *, #2131, .T. ) ;
#780 = CARTESIAN_POINT ( 'NONE',  ( 7.000000000000000888, 3.150000000000000799, -3.200000000000000178 ) ) ;
#781 = CARTESIAN_POINT ( 'NONE',  ( 4.200000000000000178, 3.699999999999999734, 0.7999999999999994893 ) ) ;
#782 = AXIS2_PLACEMENT_3D ( 'NONE', #5888, #8394, #9388 ) ;
#783 = LINE ( 'NONE', #5017, #5460 ) ;
#784 = ORIENTED_EDGE ( 'NONE', *, *, #5320, .T. ) ;
#785 = VERTEX_POINT ( 'NONE', #8171 ) ;
#786 = DIRECTION ( 'NONE',  ( 1.000000000000000000, -0.000000000000000000, -0.000000000000000000 ) ) ;
#787 = AXIS2_PLACEMENT_3D ( 'NONE', #2704, #6065, #4253 ) ;
#789 = ADVANCED_FACE ( 'NONE', ( #8834 ), #650, .F. ) ;
#788 = LINE ( 'NONE', #6886, #3774 ) ;
#790 = CARTESIAN_POINT ( 'NONE',  ( 6.200000000000001066, 5.400000000000001243, 1.717842712474618283 ) ) ;
#791 = ADVANCED_FACE ( 'NONE', ( #4001 ), #8118, .F. ) ;
#792 = DIRECTION ( 'NONE',  ( 0.000000000000000000, 0.000000000000000000, 1.000000000000000000 ) ) ;
#793 = ADVANCED_FACE ( 'NONE', ( #7998 ), #1474, .T. ) ;
#794 = CARTESIAN_POINT ( 'NONE',  ( 7.000000000000000000, 5.699999999999999289, 2.250000000000000000 ) ) ;
#795 = ORIENTED_EDGE ( 'NONE', *, *, #7771, .T. ) ;
#796 = PLANE ( 'NONE',  #1411 ) ;
#797 = EDGE_CURVE ( 'NONE', #9956, #3492, #1300, .T. ) ;
#798 = VECTOR ( 'NONE', #2012, 1000.000000000000000 ) ;
#799 = CARTESIAN_POINT ( 'NONE',  ( 6.007179676972450366, -2.972161292830653933E-16, 0.9134769367380000116 ) ) ;
#800 = CARTESIAN_POINT ( 'NONE',  ( -5.800000000000000711, 4.939999999999999503, 3.000000000000000888 ) ) ;
#801 = ORIENTED_EDGE ( 'NONE', *, *, #2426, .T. ) ;
#802 = LINE ( 'NONE', #4157, #2853 ) ;
#803 = LINE ( 'NONE', #10818, #8616 ) ;
#804 = PLANE ( 'NONE',  #3558 ) ;
#805 = VECTOR ( 'NONE', #10185, 1000.000000000000000 ) ;
#806 = EDGE_LOOP ( 'NONE', ( #1100, #4458, #6968, #8692 ) ) ;
#807 = CARTESIAN_POINT ( 'NONE',  ( -5.800000000000000711, 5.470710678118656745, 0.6028679656440332213 ) ) ;
#808 = ORIENTED_EDGE ( 'NONE', *, *, #592, .T. ) ;
#809 = EDGE_CURVE ( 'NONE', #4986, #3646, #8889, .T. ) ;
#810 = VECTOR ( 'NONE', #2316, 1000.000000000000000 ) ;
#811 = LINE ( 'NONE', #3497, #9006 ) ;
#812 = EDGE_LOOP ( 'NONE', ( #444, #2560, #8832, #1548, #6389, #8138, #4452 ) ) ;
#813 = CARTESIAN_POINT ( 'NONE',  ( -6.304999999999998828, 0.3999999999999996336, 1.399999999999999689 ) ) ;
#814 = ORIENTED_EDGE ( 'NONE', *, *, #10180, .F. ) ;
#815 = CARTESIAN_POINT ( 'NONE',  ( 6.400000000000001243, 5.700000000000000178, -1.899999999999999911 ) ) ;
#816 = VECTOR ( 'NONE', #2221, 1000.000000000000000 ) ;
#817 = VERTEX_POINT ( 'NONE', #6428 ) ;
#818 = CARTESIAN_POINT ( 'NONE',  ( 6.304999999999997939, 0.4000000000000000777, -4.749999999999998224 ) ) ;
#819 = DIRECTION ( 'NONE',  ( 0.000000000000000000, -1.000000000000000000, 0.000000000000000000 ) ) ;
#820 = EDGE_CURVE ( 'NONE', #3206, #5709, #9779, .T. ) ;
#821 = ORIENTED_EDGE ( 'NONE', *, *, #9309, .F. ) ;
#822 = VERTEX_POINT ( 'NONE', #5595 ) ;
#823 = CARTESIAN_POINT ( 'NONE',  ( 6.201446609406726651, 1.999896230895142457, -5.000000000000000000 ) ) ;
#824 = VECTOR ( 'NONE', #3102, 1000.000000000000000 ) ;
#825 = CYLINDRICAL_SURFACE ( 'NONE', #1960, 0.09999999999999961697 ) ;
#826 = CARTESIAN_POINT ( 'NONE',  ( -6.200000000000001066, 2.400000000000001243, -1.699999999999999734 ) ) ;
#827 = EDGE_CURVE ( 'NONE', #4121, #7521, #2168, .T. ) ;
#828 = LINE ( 'NONE', #3517, #9159 ) ;
#829 = DIRECTION ( 'NONE',  ( 1.000000000000000000, 0.000000000000000000, 0.000000000000000000 ) ) ;
#830 = EDGE_CURVE ( 'NONE', #1801, #5783, #8648, .T. ) ;
#831 = ORIENTED_EDGE ( 'NONE', *, *, #4736, .F. ) ;
#832 = PLANE ( 'NONE',  #9961 ) ;
#833 = PLANE ( 'NONE',  #10875 ) ;
#834 = CARTESIAN_POINT ( 'NONE',  ( -4.250000000000106581, 0.000000000000000000, 2.400000000000000355 ) ) ;
#835 = VERTEX_POINT ( 'NONE', #5465 ) ;
#836 = EDGE_LOOP ( 'NONE', ( #3428, #5148, #1653, #4942 ) ) ;
#837 = LINE ( 'NONE', #10181, #2487 ) ;
#838 = FACE_OUTER_BOUND ( 'NONE', #5506, .T. ) ;
#839 = DIRECTION ( 'NONE',  ( -0.000000000000000000, 0.000000000000000000, -1.000000000000000000 ) ) ;
#840 = DIRECTION ( 'NONE',  ( -0.5773502691896237327, 0.5773502691896241767, -0.5773502691896295058 ) ) ;
#841 = DIRECTION ( 'NONE',  ( -0.000000000000000000, -1.000000000000000000, -0.000000000000000000 ) ) ;
#842 = VERTEX_POINT ( 'NONE', #7979 ) ;
#843 = CARTESIAN_POINT ( 'NONE',  ( -7.000000000000000000, 0.2000000000000000111, 3.899999999999999911 ) ) ;
#844 = EDGE_CURVE ( 'NONE', #572, #2840, #8950, .T. ) ;
#845 = CARTESIAN_POINT ( 'NONE',  ( -2.000000000000000000, 0.000000000000000000, -2.300000000000000266 ) ) ;
#846 = ORIENTED_EDGE ( 'NONE', *, *, #8505, .T. ) ;
#847 = EDGE_CURVE ( 'NONE', #7951, #1489, #8814, .T. ) ;
#848 = EDGE_CURVE ( 'NONE', #8549, #7530, #731, .T. ) ;
#849 = DIRECTION ( 'NONE',  ( -0.000000000000000000, -1.000000000000000000, -0.000000000000000000 ) ) ;
#850 = ORIENTED_EDGE ( 'NONE', *, *, #6308, .F. ) ;
#851 = DIRECTION ( 'NONE',  ( 0.000000000000000000, 0.000000000000000000, 1.000000000000000000 ) ) ;
#852 = CARTESIAN_POINT ( 'NONE',  ( 5.350000000000000533, 2.350000000000000089, -4.500000000000000888 ) ) ;
#853 = LINE ( 'NONE', #5037, #1628 ) ;
#854 = AXIS2_PLACEMENT_3D ( 'NONE', #5230, #10028, #4194 ) ;
#855 = EDGE_LOOP ( 'NONE', ( #3868, #10654, #7, #2917 ) ) ;
#856 = VERTEX_POINT ( 'NONE', #10302 ) ;
#857 = CARTESIAN_POINT ( 'NONE',  ( -7.000000000000000000, 2.750000000000001332, -3.200000000000000178 ) ) ;
#858 = VECTOR ( 'NONE', #2308, 1000.000000000000000 ) ;
#859 = EDGE_CURVE ( 'NONE', #5405, #10651, #2887, .T. ) ;
#860 = CARTESIAN_POINT ( 'NONE',  ( 6.400000000000001243, 5.700000000000000178, 0.1000000000000002554 ) ) ;
#862 = ORIENTED_EDGE ( 'NONE', *, *, #4168, .T. ) ;
#861 = AXIS2_PLACEMENT_3D ( 'NONE', #5348, #9582, #4529 ) ;
#863 = CARTESIAN_POINT ( 'NONE',  ( -5.800000000000000711, 5.299999999999999822, -1.699999999999999734 ) ) ;
#864 = EDGE_CURVE ( 'NONE', #539, #4491, #9537, .T. ) ;
#865 = ORIENTED_EDGE ( 'NONE', *, *, #2588, .T. ) ;
#866 = FACE_OUTER_BOUND ( 'NONE', #707, .T. ) ;
#867 = ORIENTED_EDGE ( 'NONE', *, *, #7769, .F. ) ;
#868 = VECTOR ( 'NONE', #4325, 1000.000000000000000 ) ;
#869 = DIRECTION ( 'NONE',  ( -1.000000000000000000, -0.000000000000000000, -0.000000000000000000 ) ) ;
#870 = DIRECTION ( 'NONE',  ( 0.000000000000000000, -0.000000000000000000, -1.000000000000000000 ) ) ;
#871 = ORIENTED_EDGE ( 'NONE', *, *, #6283, .T. ) ;
#872 = CIRCLE ( 'NONE', #1227, 0.09999999999999982514 ) ;
#873 = ORIENTED_EDGE ( 'NONE', *, *, #2068, .F. ) ;
#874 = CARTESIAN_POINT ( 'NONE',  ( 5.800000000000000711, 5.425000000000000711, 3.000000000000000444 ) ) ;
#875 = CARTESIAN_POINT ( 'NONE',  ( 4.185323107660499531, 0.3499999999999996447, -4.100000000000002309 ) ) ;
#876 = VECTOR ( 'NONE', #1057, 1000.000000000000000 ) ;
#877 = DIRECTION ( 'NONE',  ( -0.5773502691896236216, -0.5773502691896236216, 0.5773502691896301720 ) ) ;
#878 = CARTESIAN_POINT ( 'NONE',  ( 7.000000000000000000, 5.700000000000000178, -3.200000000000000178 ) ) ;
#879 = LINE ( 'NONE', #5116, #10285 ) ;
#880 = EDGE_CURVE ( 'NONE', #5328, #1006, #2830, .T. ) ;
#881 = VERTEX_POINT ( 'NONE', #10417 ) ;
#882 = LINE ( 'NONE', #2753, #9076 ) ;
#883 = VECTOR ( 'NONE', #3931, 1000.000000000000000 ) ;
#884 = LINE ( 'NONE', #8358, #2124 ) ;
#885 = VERTEX_POINT ( 'NONE', #2055 ) ;
#886 = ORIENTED_EDGE ( 'NONE', *, *, #5213, .T. ) ;
#887 = FACE_OUTER_BOUND ( 'NONE', #312, .T. ) ;
#888 = AXIS2_PLACEMENT_3D ( 'NONE', #1754, #7582, #10794 ) ;
#889 = CARTESIAN_POINT ( 'NONE',  ( 4.249999999999892530, 0.000000000000000000, 2.400000000000000355 ) ) ;
#890 = LINE ( 'NONE', #1878, #1961 ) ;
#891 = AXIS2_PLACEMENT_3D ( 'NONE', #9225, #1696, #2573 ) ;
#892 = DIRECTION ( 'NONE',  ( 0.000000000000000000, -6.829619984160657060E-16, -1.000000000000000000 ) ) ;
#893 = VERTEX_POINT ( 'NONE', #10522 ) ;
#894 = CARTESIAN_POINT ( 'NONE',  ( 6.200000000000001066, 4.864999999999999325, 2.125000000000000000 ) ) ;
#895 = VECTOR ( 'NONE', #9368, 1000.000000000000114 ) ;
#896 = AXIS2_PLACEMENT_3D ( 'NONE', #4000, #7354, #3068 ) ;
#897 = EDGE_LOOP ( 'NONE', ( #7364, #9844, #9098, #6505, #8206, #4997, #1496, #6814, #2508, #5183, #5917, #2225, #7082, #5143, #6488, #8451, #9635, #5992, #10195, #7957, #7806, #2974 ) ) ;
#898 = DIRECTION ( 'NONE',  ( 0.000000000000000000, 0.000000000000000000, 1.000000000000000000 ) ) ;
#899 = EDGE_CURVE ( 'NONE', #10177, #8004, #7870, .T. ) ;
#900 = EDGE_LOOP ( 'NONE', ( #8274, #9361, #3110, #10438 ) ) ;
#901 = CARTESIAN_POINT ( 'NONE',  ( 6.200000000000001066, 2.575000000000000178, 3.725000000000000089 ) ) ;
#902 = CARTESIAN_POINT ( 'NONE',  ( 7.000000000000000000, 0.4000000000000000222, -3.600000000000000533 ) ) ;
#903 = DIRECTION ( 'NONE',  ( -1.000000000000000000, -0.000000000000000000, -0.000000000000000000 ) ) ;
#904 = VECTOR ( 'NONE', #9902, 1000.000000000000000 ) ;
#905 = ADVANCED_FACE ( 'NONE', ( #345 ), #7063, .F. ) ;
#906 = AXIS2_PLACEMENT_3D ( 'NONE', #7443, #740, #7231 ) ;
#907 = ORIENTED_EDGE ( 'NONE', *, *, #2616, .F. ) ;
#908 = LINE ( 'NONE', #5091, #10162 ) ;
#909 = ORIENTED_EDGE ( 'NONE', *, *, #1721, .T. ) ;
#910 = FACE_OUTER_BOUND ( 'NONE', #4347, .T. ) ;
#911 = VECTOR ( 'NONE', #7331, 1000.000000000000000 ) ;
#912 = DIRECTION ( 'NONE',  ( -1.000000000000000000, 0.000000000000000000, 0.000000000000000000 ) ) ;
#913 = EDGE_LOOP ( 'NONE', ( #775, #515, #224, #9615 ) ) ;
#914 = CARTESIAN_POINT ( 'NONE',  ( -8.000000000000000000, 0.000000000000000000, -2.300000000000000266 ) ) ;
#915 = DIRECTION ( 'NONE',  ( 0.000000000000000000, 0.000000000000000000, -1.000000000000000000 ) ) ;
#916 = EDGE_CURVE ( 'NONE', #425, #9044, #457, .T. ) ;
#917 = EDGE_CURVE ( 'NONE', #7253, #3399, #1058, .T. ) ;
#918 = ORIENTED_EDGE ( 'NONE', *, *, #2410, .T. ) ;
#919 = CIRCLE ( 'NONE', #7079, 0.07500000000000041356 ) ;
#920 = DIRECTION ( 'NONE',  ( 0.000000000000000000, 0.000000000000000000, -1.000000000000000000 ) ) ;
#921 = EDGE_CURVE ( 'NONE', #3150, #9956, #1225, .T. ) ;
#922 = AXIS2_PLACEMENT_3D ( 'NONE', #7042, #5276, #7852 ) ;
#923 = ORIENTED_EDGE ( 'NONE', *, *, #1528, .T. ) ;
#924 = CARTESIAN_POINT ( 'NONE',  ( -7.000000000000000888, 4.050000000000000711, -3.200000000000000178 ) ) ;
#925 = LINE ( 'NONE', #4285, #2647 ) ;
#926 = VERTEX_POINT ( 'NONE', #10469 ) ;
#927 = ADVANCED_FACE ( 'NONE', ( #9470 ), #406, .F. ) ;
#928 = VERTEX_POINT ( 'NONE', #7119 ) ;
#929 = DIRECTION ( 'NONE',  ( 0.000000000000000000, 1.000000000000000000, 0.000000000000000000 ) ) ;
#930 = DIRECTION ( 'NONE',  ( 1.000000000000000000, -0.000000000000000000, 0.000000000000000000 ) ) ;
#931 = DIRECTION ( 'NONE',  ( 0.000000000000000000, -0.7071067811865515695, 0.7071067811865434649 ) ) ;
#932 = LINE ( 'NONE', #7481, #1463 ) ;
#933 = EDGE_CURVE ( 'NONE', #6562, #9364, #3816, .T. ) ;
#934 = LINE ( 'NONE', #4294, #8519 ) ;
#935 = EDGE_LOOP ( 'NONE', ( #8858, #8895, #9757, #7476 ) ) ;
#936 = LINE ( 'NONE', #4348, #6275 ) ;
#937 = LINE ( 'NONE', #7534, #6350 ) ;
#938 = ORIENTED_EDGE ( 'NONE', *, *, #1789, .T. ) ;
#939 = VERTEX_POINT ( 'NONE', #4645 ) ;
#940 = ADVANCED_FACE ( 'NONE', ( #1940 ), #3595, .F. ) ;
#941 = CARTESIAN_POINT ( 'NONE',  ( -3.750000000000107470, 0.2000000000000000111, 2.399999999999944400 ) ) ;
#942 = CARTESIAN_POINT ( 'NONE',  ( 4.569840214680616519, 0.3499999999999999778, -4.096429042955580968 ) ) ;
#943 = CARTESIAN_POINT ( 'NONE',  ( 6.200000000000001066, 5.425000000000000711, 1.974999999999999867 ) ) ;
#944 = SURFACE_STYLE_FILL_AREA ( #5129 ) ;
#945 = VECTOR ( 'NONE', #4670, 1000.000000000000000 ) ;
#946 = DIRECTION ( 'NONE',  ( 0.000000000000000000, 0.000000000000000000, 1.000000000000000000 ) ) ;
#947 = ORIENTED_EDGE ( 'NONE', *, *, #10848, .T. ) ;
#948 = CARTESIAN_POINT ( 'NONE',  ( -1.749999999999999778, 2.649999999999999911, -2.300000000000000266 ) ) ;
#949 = DIRECTION ( 'NONE',  ( 0.000000000000000000, 2.168404344971008868E-16, -1.000000000000000000 ) ) ;
#950 = EDGE_LOOP ( 'NONE', ( #4317, #2023, #938, #76 ) ) ;
#951 = EDGE_CURVE ( 'NONE', #4185, #9399, #10541, .T. ) ;
#952 = VECTOR ( 'NONE', #1289, 1000.000000000000000 ) ;
#953 = CARTESIAN_POINT ( 'NONE',  ( 2.140808929720139364, 2.149999999999999467, -2.300000000000000266 ) ) ;
#954 = ORIENTED_EDGE ( 'NONE', *, *, #556, .F. ) ;
#955 = DIRECTION ( 'NONE',  ( 0.000000000000000000, 1.000000000000000000, 0.000000000000000000 ) ) ;
#956 = CARTESIAN_POINT ( 'NONE',  ( -5.349999999999999645, 2.750000000000001332, -3.200000000000000178 ) ) ;
#957 = CARTESIAN_POINT ( 'NONE',  ( 0.6250000000000000000, 4.933076923076924025, -1.345384615384614957 ) ) ;
#958 = ORIENTED_EDGE ( 'NONE', *, *, #880, .T. ) ;
#959 = DIRECTION ( 'NONE',  ( 3.336006684570783101E-16, 0.000000000000000000, -1.000000000000000000 ) ) ;
#960 = STYLED_ITEM ( 'NONE', ( #1514 ), #5597 ) ;
#961 = ORIENTED_EDGE ( 'NONE', *, *, #1636, .T. ) ;
#962 = DIRECTION ( 'NONE',  ( -0.000000000000000000, 0.000000000000000000, 1.000000000000000000 ) ) ;
#963 = FACE_OUTER_BOUND ( 'NONE', #3527, .T. ) ;
#964 = ORIENTED_EDGE ( 'NONE', *, *, #9349, .F. ) ;
#965 = FILL_AREA_STYLE ('',( #8545 ) ) ;
#966 = VECTOR ( 'NONE', #2805, 1000.000000000000000 ) ;
#967 = STYLED_ITEM ( 'NONE', ( #10636 ), #5836 ) ;
#968 = LINE ( 'NONE', #1690, #4578 ) ;
#969 = ORIENTED_EDGE ( 'NONE', *, *, #9442, .T. ) ;
#970 = DIRECTION ( 'NONE',  ( -1.000000000000000000, 0.000000000000000000, 0.000000000000000000 ) ) ;
#971 = EDGE_LOOP ( 'NONE', ( #3581, #10548, #1327, #142, #1858, #5533, #6458, #3032 ) ) ;
#972 = DIRECTION ( 'NONE',  ( 0.000000000000000000, 0.000000000000000000, 1.000000000000000000 ) ) ;
#973 = VECTOR ( 'NONE', #6394, 1000.000000000000000 ) ;
#974 = FACE_OUTER_BOUND ( 'NONE', #3545, .T. ) ;
#975 = VERTEX_POINT ( 'NONE', #1957 ) ;
#976 = EDGE_CURVE ( 'NONE', #9364, #7996, #1896, .T. ) ;
#977 = ORIENTED_EDGE ( 'NONE', *, *, #5082, .F. ) ;
#978 = EDGE_CURVE ( 'NONE', #5198, #545, #7886, .T. ) ;
#979 = LINE ( 'NONE', #7678, #3510 ) ;
#980 = ADVANCED_FACE ( 'NONE', ( #2069 ), #4660, .T. ) ;
#981 = DIRECTION ( 'NONE',  ( -1.000000000000000000, -8.627481473925043851E-32, 5.421010862427521184E-16 ) ) ;
#982 = LINE ( 'NONE', #537, #1594 ) ;
#983 = AXIS2_PLACEMENT_3D ( 'NONE', #4111, #3240, #6639 ) ;
#984 = ORIENTED_EDGE ( 'NONE', *, *, #5024, .T. ) ;
#985 = CARTESIAN_POINT ( 'NONE',  ( 7.000000000000000000, 4.550000000000001599, -3.200000000000000178 ) ) ;
#986 = DIRECTION ( 'NONE',  ( -1.000000000000000000, 0.000000000000000000, -5.421010862427520198E-16 ) ) ;
#987 = VERTEX_POINT ( 'NONE', #4440 ) ;
#988 = CARTESIAN_POINT ( 'NONE',  ( -4.250000000000107470, 0.000000000000000000, 5.000000000000000000 ) ) ;
#989 = LINE ( 'NONE', #834, #4223 ) ;
#990 = ORIENTED_EDGE ( 'NONE', *, *, #1425, .F. ) ;
#991 = VECTOR ( 'NONE', #6515, 1000.000000000000000 ) ;
#992 = ORIENTED_EDGE ( 'NONE', *, *, #9463, .T. ) ;
#993 = DIRECTION ( 'NONE',  ( 0.000000000000000000, -0.000000000000000000, -1.000000000000000000 ) ) ;
#994 = CARTESIAN_POINT ( 'NONE',  ( 5.800000000000000711, 5.499999999999998224, 2.800000000000000266 ) ) ;
#995 = CARTESIAN_POINT ( 'NONE',  ( -5.800000000000000711, 5.064999999999999503, 2.800000000000000266 ) ) ;
#996 = FILL_AREA_STYLE_COLOUR ( '', #10644 ) ;
#997 = ADVANCED_FACE ( 'NONE', ( #6312 ), #5317, .F. ) ;
#998 = CARTESIAN_POINT ( 'NONE',  ( 2.140808929720139364, 0.000000000000000000, -2.300000000000000266 ) ) ;
#999 = DIRECTION ( 'NONE',  ( -0.000000000000000000, 0.000000000000000000, -1.000000000000000000 ) ) ;
#1000 = ORIENTED_EDGE ( 'NONE', *, *, #2977, .T. ) ;
#1001 = DIRECTION ( 'NONE',  ( -0.000000000000000000, -0.000000000000000000, 1.000000000000000000 ) ) ;
#1002 = ADVANCED_FACE ( 'NONE', ( #6205 ), #7779, .F. ) ;
#1003 = CARTESIAN_POINT ( 'NONE',  ( 5.800000000000000711, 5.700000000000000178, 0.1000000000000002554 ) ) ;
#1004 = VERTEX_POINT ( 'NONE', #7995 ) ;
#1005 = CARTESIAN_POINT ( 'NONE',  ( -5.800000000000000711, 5.400000000000001243, 1.282157287525380829 ) ) ;
#1006 = VERTEX_POINT ( 'NONE', #7081 ) ;
#1007 = DIRECTION ( 'NONE',  ( 1.000000000000000000, -0.000000000000000000, -0.000000000000000000 ) ) ;
#1008 = CARTESIAN_POINT ( 'NONE',  ( 3.749999999999892530, 0.000000000000000000, 5.000000000000000000 ) ) ;
#1009 = LINE ( 'NONE', #1068, #9046 ) ;
#1010 = ORIENTED_EDGE ( 'NONE', *, *, #2248, .T. ) ;
#1011 = EDGE_CURVE ( 'NONE', #9280, #5578, #1076, .T. ) ;
#1012 = FILL_AREA_STYLE ('',( #6744 ) ) ;
#1013 = ADVANCED_FACE ( 'NONE', ( #2848 ), #474, .F. ) ;
#1014 = ORIENTED_EDGE ( 'NONE', *, *, #5215, .F. ) ;
#1015 = DIRECTION ( 'NONE',  ( 0.000000000000000000, 1.224646799147353454E-16, -1.000000000000000000 ) ) ;
#1016 = LINE ( 'NONE', #3447, #3734 ) ;
#1017 = ORIENTED_EDGE ( 'NONE', *, *, #4837, .F. ) ;
#1018 = DIRECTION ( 'NONE',  ( 0.000000000000000000, 1.334402673828314227E-15, -1.000000000000000000 ) ) ;
#1019 = CARTESIAN_POINT ( 'NONE',  ( 2.999999999999998668, 0.000000000000000000, -3.750000000000003109 ) ) ;
#1020 = VECTOR ( 'NONE', #686, 1000.000000000000000 ) ;
#1021 = EDGE_LOOP ( 'NONE', ( #3635, #2106, #7721, #4587, #8652, #5890 ) ) ;
#1022 = CARTESIAN_POINT ( 'NONE',  ( 7.000000000000000000, 5.700000000000000178, -3.200000000000000178 ) ) ;
#1023 = AXIS2_PLACEMENT_3D ( 'NONE', #254, #5259, #5045 ) ;
#1024 = VERTEX_POINT ( 'NONE', #9549 ) ;
#1025 = DIRECTION ( 'NONE',  ( -1.000000000000000000, -0.000000000000000000, -0.000000000000000000 ) ) ;
#1026 = LINE ( 'NONE', #4970, #7527 ) ;
#1027 = VECTOR ( 'NONE', #1715, 1000.000000000000000 ) ;
#1028 = DIRECTION ( 'NONE',  ( -0.000000000000000000, 1.000000000000000000, -0.000000000000000000 ) ) ;
#1029 = ORIENTED_EDGE ( 'NONE', *, *, #8246, .F. ) ;
#1030 = ORIENTED_EDGE ( 'NONE', *, *, #5628, .F. ) ;
#1031 = CARTESIAN_POINT ( 'NONE',  ( -3.750000000000107470, 0.000000000000000000, 2.400000000000000355 ) ) ;
#1032 = AXIS2_PLACEMENT_3D ( 'NONE', #9656, #1297, #8663 ) ;
#1033 = CARTESIAN_POINT ( 'NONE',  ( -6.200000000000001066, 5.425000000000000711, 3.000000000000000444 ) ) ;
#1034 = ADVANCED_FACE ( 'NONE', ( #2783 ), #6142, .F. ) ;
#1035 = LINE ( 'NONE', #3070, #9491 ) ;
#1036 = ORIENTED_EDGE ( 'NONE', *, *, #3301, .F. ) ;
#1037 = CARTESIAN_POINT ( 'NONE',  ( 4.249999999999892530, 0.000000000000000000, 2.900000000000001688 ) ) ;
#1038 = DIRECTION ( 'NONE',  ( -0.000000000000000000, -0.000000000000000000, -1.000000000000000000 ) ) ;
#1039 = ADVANCED_FACE ( 'NONE', ( #7834 ), #303, .F. ) ;
#1040 = EDGE_LOOP ( 'NONE', ( #5925, #1442, #633, #10154 ) ) ;
#1041 = CARTESIAN_POINT ( 'NONE',  ( 4.764267565201872223, 0.000000000000000000, -5.000000000000000000 ) ) ;
#1042 = EDGE_CURVE ( 'NONE', #8163, #1806, #532, .T. ) ;
#1043 = VECTOR ( 'NONE', #2715, 1000.000000000000000 ) ;
#1044 = DIRECTION ( 'NONE',  ( 3.336006684570783101E-16, 0.000000000000000000, -1.000000000000000000 ) ) ;
#1045 = VERTEX_POINT ( 'NONE', #6584 ) ;
#1046 = AXIS2_PLACEMENT_3D ( 'NONE', #2900, #7018, #10371 ) ;
#1047 = EDGE_LOOP ( 'NONE', ( #10821, #3486, #92, #8046, #814, #6846, #3973 ) ) ;
#1048 = CARTESIAN_POINT ( 'NONE',  ( -6.200000000000001066, 5.400000000000000355, 0.9678427124746188381 ) ) ;
#1049 = FACE_OUTER_BOUND ( 'NONE', #2075, .T. ) ;
#1050 = CARTESIAN_POINT ( 'NONE',  ( 3.099999999999999645, 4.400000000000001243, -3.049999999999997602 ) ) ;
#1051 = AXIS2_PLACEMENT_3D ( 'NONE', #2152, #4520, #2926 ) ;
#1052 = CARTESIAN_POINT ( 'NONE',  ( -6.000000000000000000, 0.000000000000000000, 0.000000000000000000 ) ) ;
#1053 = EDGE_CURVE ( 'NONE', #8070, #5145, #3281, .T. ) ;
#1054 = DIRECTION ( 'NONE',  ( 3.336006684570782608E-16, 0.000000000000000000, -1.000000000000000000 ) ) ;
#1055 = EDGE_CURVE ( 'NONE', #5905, #5670, #4936, .T. ) ;
#1056 = VERTEX_POINT ( 'NONE', #8217 ) ;
#1057 = DIRECTION ( 'NONE',  ( 0.000000000000000000, 0.000000000000000000, -1.000000000000000000 ) ) ;
#1058 = LINE ( 'NONE', #6355, #152 ) ;
#1059 = CARTESIAN_POINT ( 'NONE',  ( 4.751765530540178695, -1.213173111245685356E-16, -4.703991066457679615 ) ) ;
#1060 = ORIENTED_EDGE ( 'NONE', *, *, #7393, .F. ) ;
#1061 = EDGE_CURVE ( 'NONE', #7591, #1865, #5592, .T. ) ;
#1062 = VECTOR ( 'NONE', #877, 1000.000000000000114 ) ;
#1063 = CARTESIAN_POINT ( 'NONE',  ( 6.200000000000001066, 5.470710678118654968, 0.8971320343559628929 ) ) ;
#1065 = ORIENTED_EDGE ( 'NONE', *, *, #5544, .F. ) ;
#1064 = AXIS2_PLACEMENT_3D ( 'NONE', #2872, #5396, #8744 ) ;
#1066 = CARTESIAN_POINT ( 'NONE',  ( -4.250000000000106581, 0.6000000000000000888, 2.399999999999944400 ) ) ;
#1067 = FACE_OUTER_BOUND ( 'NONE', #1040, .T. ) ;
#1068 = CARTESIAN_POINT ( 'NONE',  ( 6.305000000000000604, 0.000000000000000000, -1.513476936738000322 ) ) ;
#1069 = EDGE_CURVE ( 'NONE', #10343, #2796, #3327, .T. ) ;
#1070 = ORIENTED_EDGE ( 'NONE', *, *, #4187, .T. ) ;
#1071 = DIRECTION ( 'NONE',  ( 1.000000000000000000, 0.000000000000000000, 0.000000000000000000 ) ) ;
#1072 = VECTOR ( 'NONE', #9478, 1000.000000000000000 ) ;
#1073 = VECTOR ( 'NONE', #2401, 1000.000000000000000 ) ;
#1074 = ORIENTED_EDGE ( 'NONE', *, *, #1998, .F. ) ;
#1075 = DIRECTION ( 'NONE',  ( -0.9659258262890690894, 0.2588190451025180194, 3.169619151431732277E-17 ) ) ;
#1076 = LINE ( 'NONE', #5422, #1398 ) ;
#1077 = EDGE_LOOP ( 'NONE', ( #2721, #7928, #6206, #5175 ) ) ;
#1078 = EDGE_CURVE ( 'NONE', #2202, #10204, #7455, .T. ) ;
#1079 = AXIS2_PLACEMENT_3D ( 'NONE', #7973, #7924, #2761 ) ;
#1080 = CARTESIAN_POINT ( 'NONE',  ( -5.800000000000000711, 4.939999999999999503, 2.124999999999999556 ) ) ;
#1081 = AXIS2_PLACEMENT_3D ( 'NONE', #3113, #5640, #8159 ) ;
#1082 = ORIENTED_EDGE ( 'NONE', *, *, #10523, .F. ) ;
#1083 = CARTESIAN_POINT ( 'NONE',  ( 3.750000000000000000, 2.649999999999999911, -2.300000000000000266 ) ) ;
#1084 = VECTOR ( 'NONE', #1962, 1000.000000000000000 ) ;
#1085 = EDGE_LOOP ( 'NONE', ( #1017, #3553, #9057, #9339 ) ) ;
#1086 = CARTESIAN_POINT ( 'NONE',  ( 5.800000000000000711, 5.499999999999998224, 3.700000000000000178 ) ) ;
#1087 = LINE ( 'NONE', #781, #10346 ) ;
#1088 = AXIS2_PLACEMENT_3D ( 'NONE', #37, #6116, #226 ) ;
#1089 = VECTOR ( 'NONE', #4965, 1000.000000000000000 ) ;
#1090 = DIRECTION ( 'NONE',  ( 0.000000000000000000, -1.000000000000000000, 0.000000000000000000 ) ) ;
#1091 = EDGE_LOOP ( 'NONE', ( #7880, #4445, #6228, #9672 ) ) ;
#1092 = VERTEX_POINT ( 'NONE', #9715 ) ;
#1093 = DIRECTION ( 'NONE',  ( -0.000000000000000000, 1.000000000000000000, 1.591489427501658143E-16 ) ) ;
#1094 = LINE ( 'NONE', #10391, #9753 ) ;
#1095 = CARTESIAN_POINT ( 'NONE',  ( -7.000000000000000888, 4.050000000000000711, -3.000000000000000000 ) ) ;
#1096 = CLOSED_SHELL ( 'NONE', ( #2654, #759, #4297, #10208, #4087, #940, #793, #4595, #10259, #8530 ) ) ;
#1097 = AXIS2_PLACEMENT_3D ( 'NONE', #1702, #2476, #6718 ) ;
#1098 = ORIENTED_EDGE ( 'NONE', *, *, #7410, .T. ) ;
#1099 = DIRECTION ( 'NONE',  ( 0.5773502691896236216, -0.5773502691896236216, 0.5773502691896301720 ) ) ;
#1100 = ORIENTED_EDGE ( 'NONE', *, *, #4032, .F. ) ;
#1101 = CARTESIAN_POINT ( 'NONE',  ( -2.250000000000107914, 0.6000000000000000888, 5.000000000000000000 ) ) ;
#1102 = ORIENTED_EDGE ( 'NONE', *, *, #9301, .T. ) ;
#1103 = LINE ( 'NONE', #1158, #2008 ) ;
#1104 = DIRECTION ( 'NONE',  ( 0.5773502691896246208, -0.5773502691896214012, 0.5773502691896312822 ) ) ;
#1105 = ORIENTED_EDGE ( 'NONE', *, *, #10646, .F. ) ;
#1106 = ORIENTED_EDGE ( 'NONE', *, *, #5646, .T. ) ;
#1107 = CARTESIAN_POINT ( 'NONE',  ( 6.055000000000001492, 0.000000000000000000, -3.599999999999998312 ) ) ;
#1108 = DIRECTION ( 'NONE',  ( -0.000000000000000000, -0.000000000000000000, 1.000000000000000000 ) ) ;
#1109 = LINE ( 'NONE', #227, #9336 ) ;
#1110 = SURFACE_SIDE_STYLE ('',( #2162 ) ) ;
#1111 = DIRECTION ( 'NONE',  ( 0.000000000000000000, 1.000000000000000000, 0.000000000000000000 ) ) ;
#1112 = CARTESIAN_POINT ( 'NONE',  ( -2.250000000000107914, 0.6000000000000000888, 4.999999999999958256 ) ) ;
#1113 = EDGE_LOOP ( 'NONE', ( #10418, #517, #2922, #5678 ) ) ;
#1114 = CARTESIAN_POINT ( 'NONE',  ( 5.205000000000003624, 5.700000000000000178, 3.499999999999997780 ) ) ;
#1115 = DIRECTION ( 'NONE',  ( 0.000000000000000000, 0.000000000000000000, 1.000000000000000000 ) ) ;
#1116 = ORIENTED_EDGE ( 'NONE', *, *, #916, .T. ) ;
#1117 = CARTESIAN_POINT ( 'NONE',  ( 6.305000000000000604, 0.4000000000000000222, 2.149999999999999911 ) ) ;
#1118 = EDGE_CURVE ( 'NONE', #2451, #2484, #9828, .T. ) ;
#1119 = ORIENTED_EDGE ( 'NONE', *, *, #2300, .F. ) ;
#1120 = EDGE_CURVE ( 'NONE', #7951, #773, #339, .T. ) ;
#1121 = CARTESIAN_POINT ( 'NONE',  ( -3.850000000000000089, 5.700000000000000178, -3.200000000000000178 ) ) ;
#1122 = EDGE_CURVE ( 'NONE', #8668, #132, #1471, .T. ) ;
#1123 = VECTOR ( 'NONE', #1695, 1000.000000000000114 ) ;
#1124 = DIRECTION ( 'NONE',  ( 1.000000000000000000, 0.000000000000000000, -0.000000000000000000 ) ) ;
#1125 = FACE_OUTER_BOUND ( 'NONE', #806, .T. ) ;
#1126 = CARTESIAN_POINT ( 'NONE',  ( -6.200000000000001954, 4.700000000000000178, 0.1000000000000001305 ) ) ;
#1127 = ORIENTED_EDGE ( 'NONE', *, *, #9386, .T. ) ;
#1128 = CARTESIAN_POINT ( 'NONE',  ( 6.200000000000001066, 2.400000000000001243, -1.699999999999999734 ) ) ;
#1129 = ORIENTED_EDGE ( 'NONE', *, *, #1061, .T. ) ;
#1130 = CARTESIAN_POINT ( 'NONE',  ( -5.800000000000000711, 5.325000000000001954, 3.899999999999999911 ) ) ;
#1131 = VECTOR ( 'NONE', #8823, 1000.000000000000000 ) ;
#1132 = DIRECTION ( 'NONE',  ( 0.000000000000000000, 1.000000000000000000, 0.000000000000000000 ) ) ;
#1133 = ORIENTED_EDGE ( 'NONE', *, *, #3548, .F. ) ;
#1134 =( NAMED_UNIT ( * ) SI_UNIT ( $, .STERADIAN. ) SOLID_ANGLE_UNIT ( ) );
#1135 = DIRECTION ( 'NONE',  ( 0.000000000000000000, 0.000000000000000000, 1.000000000000000000 ) ) ;
#1136 = COLOUR_RGB ( '',0.7921568627450980005, 0.8196078431372548767, 0.9333333333333333481 ) ;
#1137 = ORIENTED_EDGE ( 'NONE', *, *, #638, .F. ) ;
#1138 = LINE ( 'NONE', #1083, #10833 ) ;
#1139 = EDGE_CURVE ( 'NONE', #987, #10415, #10769, .T. ) ;
#1140 = EDGE_LOOP ( 'NONE', ( #2867, #4560, #1318, #1205 ) ) ;
#1141 = DIRECTION ( 'NONE',  ( 0.000000000000000000, -3.372884145477667245E-15, -1.000000000000000000 ) ) ;
#1142 = CARTESIAN_POINT ( 'NONE',  ( 2.249999999999892530, 0.2000000000000000111, 5.000000000000000888 ) ) ;
#1143 = ADVANCED_FACE ( 'NONE', ( #8885 ), #751, .F. ) ;
#1144 = CARTESIAN_POINT ( 'NONE',  ( -3.750000000000107470, 0.6000000000000000888, 3.899999999999999911 ) ) ;
#1145 = ORIENTED_EDGE ( 'NONE', *, *, #5025, .F. ) ;
#1146 =( GEOMETRIC_REPRESENTATION_CONTEXT ( 3 ) GLOBAL_UNCERTAINTY_ASSIGNED_CONTEXT ( ( #7094 ) ) GLOBAL_UNIT_ASSIGNED_CONTEXT ( ( #4196, #10083, #4307 ) ) REPRESENTATION_CONTEXT ( 'NONE', 'WORKASPACE' ) );
#1147 = DIRECTION ( 'NONE',  ( 0.000000000000000000, -1.000000000000000000, 0.000000000000000000 ) ) ;
#1148 = EDGE_CURVE ( 'NONE', #3771, #7800, #4104, .T. ) ;
#1149 = ORIENTED_EDGE ( 'NONE', *, *, #9878, .F. ) ;
#1150 = DIRECTION ( 'NONE',  ( 0.5773502691896257311, 0.5773502691896257311, 0.5773502691896257311 ) ) ;
#1151 = LINE ( 'NONE', #5332, #5535 ) ;
#1152 = ORIENTED_EDGE ( 'NONE', *, *, #171, .T. ) ;
#1153 = LINE ( 'NONE', #6050, #8645 ) ;
#1154 = VECTOR ( 'NONE', #5774, 1000.000000000000000 ) ;
#1155 = DIRECTION ( 'NONE',  ( 1.000000000000000000, -0.000000000000000000, -0.000000000000000000 ) ) ;
#1156 = AXIS2_PLACEMENT_3D ( 'NONE', #8445, #7620, #920 ) ;
#1157 = VERTEX_POINT ( 'NONE', #2181 ) ;
#1158 = CARTESIAN_POINT ( 'NONE',  ( 1.749999999999893197, 0.6000000000000000888, 2.399999999999986144 ) ) ;
#1159 = EDGE_CURVE ( 'NONE', #8327, #181, #1353, .T. ) ;
#1160 = EDGE_CURVE ( 'NONE', #8726, #471, #7299, .T. ) ;
#1161 = CARTESIAN_POINT ( 'NONE',  ( -0.2500000000001078027, 0.6000000000000000888, 5.000000000000000000 ) ) ;
#1162 = ORIENTED_EDGE ( 'NONE', *, *, #6248, .F. ) ;
#1163 = EDGE_LOOP ( 'NONE', ( #3299, #8683, #9611, #4508 ) ) ;
#1164 = CIRCLE ( 'NONE', #2929, 0.2000000000000005107 ) ;
#1165 = EDGE_CURVE ( 'NONE', #885, #5048, #8168, .T. ) ;
#1166 = FACE_OUTER_BOUND ( 'NONE', #6201, .T. ) ;
#1167 = CARTESIAN_POINT ( 'NONE',  ( -6.200000000000001066, 5.500000000000000888, 3.725000000000000533 ) ) ;
#1168 = EDGE_CURVE ( 'NONE', #3771, #5222, #3233, .T. ) ;
#1169 = DIRECTION ( 'NONE',  ( 1.000000000000000000, 0.000000000000000000, -0.000000000000000000 ) ) ;
#1170 = DIRECTION ( 'NONE',  ( -0.000000000000000000, 1.000000000000000000, 0.000000000000000000 ) ) ;
#1171 = DIRECTION ( 'NONE',  ( 0.000000000000000000, -1.000000000000000000, 0.000000000000000000 ) ) ;
#1172 = CARTESIAN_POINT ( 'NONE',  ( 5.800000000000000711, 5.500000000000001776, 3.075000000000001066 ) ) ;
#1173 = VECTOR ( 'NONE', #2789, 1000.000000000000000 ) ;
#1174 = VERTEX_POINT ( 'NONE', #3176 ) ;
#1175 = PLANE ( 'NONE',  #7389 ) ;
#1176 = DIRECTION ( 'NONE',  ( -0.7071067811865434649, -0.7071067811865515695, 0.000000000000000000 ) ) ;
#1177 = ORIENTED_EDGE ( 'NONE', *, *, #6627, .F. ) ;
#1178 = LINE ( 'NONE', #9474, #8417 ) ;
#1179 = LINE ( 'NONE', #8653, #6367 ) ;
#1180 = DIRECTION ( 'NONE',  ( -1.000000000000000000, 0.000000000000000000, 0.000000000000000000 ) ) ;
#1181 = DIRECTION ( 'NONE',  ( 1.000000000000000000, -0.000000000000000000, -0.000000000000000000 ) ) ;
#1182 = DIRECTION ( 'NONE',  ( 1.000000000000000000, -0.000000000000000000, -0.000000000000000000 ) ) ;
#1183 = ORIENTED_EDGE ( 'NONE', *, *, #6592, .F. ) ;
#1184 = CARTESIAN_POINT ( 'NONE',  ( 7.000000000000000000, 0.2000000000000000111, 3.899999999999999911 ) ) ;
#1185 = EDGE_CURVE ( 'NONE', #10777, #5982, #9889, .T. ) ;
#1186 = ORIENTED_EDGE ( 'NONE', *, *, #10538, .T. ) ;
#1187 = EDGE_CURVE ( 'NONE', #1901, #8847, #872, .T. ) ;
#1188 = EDGE_CURVE ( 'NONE', #1004, #1157, #1571, .T. ) ;
#1189 =( LENGTH_UNIT ( ) NAMED_UNIT ( * ) SI_UNIT ( .MILLI., .METRE. ) );
#1190 = EDGE_LOOP ( 'NONE', ( #34, #9429, #7460, #4813 ) ) ;
#1191 = CARTESIAN_POINT ( 'NONE',  ( 3.250000000000000444, 3.850000000000000533, -3.200000000000000178 ) ) ;
#1192 = DIRECTION ( 'NONE',  ( 1.000000000000000000, 6.195440985631441512E-16, -0.000000000000000000 ) ) ;
#1193 = ORIENTED_EDGE ( 'NONE', *, *, #4614, .F. ) ;
#1194 = DIRECTION ( 'NONE',  ( -1.000000000000000000, 0.000000000000000000, -0.000000000000000000 ) ) ;
#1195 = ORIENTED_EDGE ( 'NONE', *, *, #2011, .T. ) ;
#1196 = CARTESIAN_POINT ( 'NONE',  ( 5.800000000000000711, 5.064999999999999503, 2.250000000000000444 ) ) ;
#1197 = CARTESIAN_POINT ( 'NONE',  ( 6.055000000000001492, 0.000000000000000000, -3.599999999999998312 ) ) ;
#1198 = EDGE_CURVE ( 'NONE', #425, #10041, #5967, .T. ) ;
#1199 = PLANE ( 'NONE',  #8798 ) ;
#1200 = ORIENTED_EDGE ( 'NONE', *, *, #8571, .F. ) ;
#1201 = CARTESIAN_POINT ( 'NONE',  ( 7.000000000000000000, 3.850000000000000533, -3.200000000000000178 ) ) ;
#1202 = ORIENTED_EDGE ( 'NONE', *, *, #3004, .T. ) ;
#1203 = EDGE_CURVE ( 'NONE', #7510, #1881, #1720, .T. ) ;
#1204 = DIRECTION ( 'NONE',  ( -1.000000000000000000, -0.000000000000000000, 0.000000000000000000 ) ) ;
#1205 = ORIENTED_EDGE ( 'NONE', *, *, #5053, .F. ) ;
#1206 = AXIS2_PLACEMENT_3D ( 'NONE', #6647, #9998, #7422 ) ;
#1207 = CARTESIAN_POINT ( 'NONE',  ( -2.250000000000107914, -0.7241379310344808751, 4.710344827586208538 ) ) ;
#1208 = EDGE_LOOP ( 'NONE', ( #422, #9871, #9227, #7954 ) ) ;
#1209 = CIRCLE ( 'NONE', #9277, 0.2000000000000005107 ) ;
#1210 = CARTESIAN_POINT ( 'NONE',  ( -0.2500000000001078027, 0.000000000000000000, 5.000000000000000000 ) ) ;
#1211 = CARTESIAN_POINT ( 'NONE',  ( -6.305000000000000604, 1.800000000000000044, -1.699999999999999734 ) ) ;
#1212 = ORIENTED_EDGE ( 'NONE', *, *, #6468, .F. ) ;
#1213 = VECTOR ( 'NONE', #4421, 1000.000000000000000 ) ;
#1214 = ORIENTED_EDGE ( 'NONE', *, *, #847, .T. ) ;
#1215 = PLANE ( 'NONE',  #5487 ) ;
#1216 = EDGE_CURVE ( 'NONE', #6796, #7636, #8478, .T. ) ;
#1217 = CARTESIAN_POINT ( 'NONE',  ( 2.999999999999998668, 0.9000000000000005773, -3.599999999999999645 ) ) ;
#1218 = DIRECTION ( 'NONE',  ( 0.000000000000000000, 0.7071067811865515695, 0.7071067811865434649 ) ) ;
#1219 = CARTESIAN_POINT ( 'NONE',  ( -4.250000000000106581, 1.300000000000000266, 3.899999999999999911 ) ) ;
#1220 = VECTOR ( 'NONE', #5655, 1000.000000000000114 ) ;
#1221 = CARTESIAN_POINT ( 'NONE',  ( -5.899999999999998579, 1.799999999999999600, 1.099999999999999201 ) ) ;
#1222 = CARTESIAN_POINT ( 'NONE',  ( 6.304999999999997939, 0.4000000000000000777, -4.749999999999998224 ) ) ;
#1223 = ORIENTED_EDGE ( 'NONE', *, *, #8082, .T. ) ;
#1224 = CARTESIAN_POINT ( 'NONE',  ( -6.200000000000001066, 5.325000000000001954, 3.899999999999999911 ) ) ;
#1225 = LINE ( 'NONE', #1285, #5966 ) ;
#1226 = ORIENTED_EDGE ( 'NONE', *, *, #3227, .T. ) ;
#1227 = AXIS2_PLACEMENT_3D ( 'NONE', #5759, #9097, #694 ) ;
#1228 = DIRECTION ( 'NONE',  ( 1.000000000000000000, -0.000000000000000000, -0.000000000000000000 ) ) ;
#1229 = CARTESIAN_POINT ( 'NONE',  ( -5.004999999999999893, 4.400000000000000355, 2.250000000000000444 ) ) ;
#1230 = EDGE_CURVE ( 'NONE', #1806, #4555, #25, .T. ) ;
#1231 = DIRECTION ( 'NONE',  ( 0.000000000000000000, 0.000000000000000000, 1.000000000000000000 ) ) ;
#1232 = FACE_OUTER_BOUND ( 'NONE', #621, .T. ) ;
#1233 = AXIS2_PLACEMENT_3D ( 'NONE', #4200, #7601, #1669 ) ;
#1234 = LINE ( 'NONE', #10478, #5722 ) ;
#1235 = AXIS2_PLACEMENT_3D ( 'NONE', #6698, #8666, #7837 ) ;
#1236 = ORIENTED_EDGE ( 'NONE', *, *, #2882, .T. ) ;
#1237 = DIRECTION ( 'NONE',  ( 1.000000000000000000, 0.000000000000000000, 0.000000000000000000 ) ) ;
#1238 = VERTEX_POINT ( 'NONE', #4985 ) ;
#1239 = AXIS2_PLACEMENT_3D ( 'NONE', #1211, #8799, #5450 ) ;
#1240 = FILL_AREA_STYLE_COLOUR ( '', #693 ) ;
#1241 = VERTEX_POINT ( 'NONE', #800 ) ;
#1242 = CARTESIAN_POINT ( 'NONE',  ( 0.2499999999998926692, 0.000000000000000000, 5.000000000000000000 ) ) ;
#1243 = LINE ( 'NONE', #4548, #1084 ) ;
#1244 = EDGE_CURVE ( 'NONE', #5603, #6221, #5136, .T. ) ;
#1245 = AXIS2_PLACEMENT_3D ( 'NONE', #4599, #8763, #3654 ) ;
#1246 = VECTOR ( 'NONE', #5782, 1000.000000000000000 ) ;
#1247 = ORIENTED_EDGE ( 'NONE', *, *, #7336, .T. ) ;
#1248 = PLANE ( 'NONE',  #1693 ) ;
#1249 = ORIENTED_EDGE ( 'NONE', *, *, #9214, .T. ) ;
#1250 = CARTESIAN_POINT ( 'NONE',  ( 7.000000000000000000, 1.300000000000000266, 3.899999999999999911 ) ) ;
#1251 = PRESENTATION_STYLE_ASSIGNMENT (( #8785 ) ) ;
#1252 = LINE ( 'NONE', #428, #5283 ) ;
#1253 = ORIENTED_EDGE ( 'NONE', *, *, #1386, .T. ) ;
#1254 = VECTOR ( 'NONE', #8028, 1000.000000000000000 ) ;
#1255 = CARTESIAN_POINT ( 'NONE',  ( -6.304999999999999716, 4.050000000000000711, -3.000000000000000000 ) ) ;
#1256 = UNCERTAINTY_MEASURE_WITH_UNIT (LENGTH_MEASURE( 1.000000000000000082E-05 ), #10202, 'distance_accuracy_value', 'NONE');
#1257 = VECTOR ( 'NONE', #10658, 1000.000000000000000 ) ;
#1258 = VERTEX_POINT ( 'NONE', #10192 ) ;
#1259 = PLANE ( 'NONE',  #8050 ) ;
#1260 = AXIS2_PLACEMENT_3D ( 'NONE', #5611, #7423, #6391 ) ;
#1261 = CARTESIAN_POINT ( 'NONE',  ( -6.054999999999998828, 0.6500000000000020206, -4.749999999999992006 ) ) ;
#1262 = EDGE_CURVE ( 'NONE', #8062, #774, #7548, .T. ) ;
#1263 = ADVANCED_FACE ( 'NONE', ( #3328 ), #9255, .T. ) ;
#1264 = EDGE_CURVE ( 'NONE', #7780, #6164, #4262, .T. ) ;
#1265 = EDGE_LOOP ( 'NONE', ( #9254, #10563, #6521, #8714 ) ) ;
#1266 = DIRECTION ( 'NONE',  ( -0.000000000000000000, -0.000000000000000000, -1.000000000000000000 ) ) ;
#1267 = AXIS2_PLACEMENT_3D ( 'NONE', #9107, #1582, #764 ) ;
#1268 = VECTOR ( 'NONE', #4040, 1000.000000000000000 ) ;
#1269 = EDGE_LOOP ( 'NONE', ( #4703, #2125, #6984, #7323 ) ) ;
#1270 = CARTESIAN_POINT ( 'NONE',  ( 7.000000000000000000, 0.000000000000000000, -3.750000000000000000 ) ) ;
#1271 = EDGE_CURVE ( 'NONE', #8317, #79, #5866, .T. ) ;
#1272 = DIRECTION ( 'NONE',  ( 0.000000000000000000, -1.000000000000000000, 0.000000000000000000 ) ) ;
#1273 = ORIENTED_EDGE ( 'NONE', *, *, #8801, .F. ) ;
#1274 = ORIENTED_EDGE ( 'NONE', *, *, #7264, .F. ) ;
#1275 = AXIS2_PLACEMENT_3D ( 'NONE', #9431, #912, #10207 ) ;
#1276 = FACE_OUTER_BOUND ( 'NONE', #6722, .T. ) ;
#1277 = DIRECTION ( 'NONE',  ( 3.336006684570783101E-16, 0.000000000000000000, -1.000000000000000000 ) ) ;
#1278 = FACE_OUTER_BOUND ( 'NONE', #3234, .T. ) ;
#1279 = DIRECTION ( 'NONE',  ( -1.000000000000000000, 8.627481473925044946E-32, -5.421010862427521184E-16 ) ) ;
#1280 = CARTESIAN_POINT ( 'NONE',  ( -6.200000000000001066, 5.400000000000001243, 1.282157287525380829 ) ) ;
#1281 = AXIS2_PLACEMENT_3D ( 'NONE', #10632, #3096, #9395 ) ;
#1282 = LINE ( 'NONE', #5404, #5789 ) ;
#1283 = VERTEX_POINT ( 'NONE', #5808 ) ;
#1284 = CARTESIAN_POINT ( 'NONE',  ( -6.100000000000000533, 5.400000000000000355, 0.1000000000000001998 ) ) ;
#1285 = CARTESIAN_POINT ( 'NONE',  ( -3.750000000000000000, 2.149999999999999467, 0.7999999999999994893 ) ) ;
#1286 = ORIENTED_EDGE ( 'NONE', *, *, #7651, .F. ) ;
#1287 = CARTESIAN_POINT ( 'NONE',  ( 7.000000000000000000, 5.700000000000000178, 2.800000000000000266 ) ) ;
#1288 = LINE ( 'NONE', #9476, #6188 ) ;
#1289 = DIRECTION ( 'NONE',  ( 1.000000000000000000, 0.000000000000000000, 0.000000000000000000 ) ) ;
#1290 = DIRECTION ( 'NONE',  ( 0.000000000000000000, -3.097720492815727659E-16, 1.000000000000000000 ) ) ;
#1291 = DIRECTION ( 'NONE',  ( -1.000000000000000000, -0.000000000000000000, -0.000000000000000000 ) ) ;
#1292 = ORIENTED_EDGE ( 'NONE', *, *, #7172, .F. ) ;
#1293 = LINE ( 'NONE', #6365, #4913 ) ;
#1294 = VECTOR ( 'NONE', #3563, 1000.000000000000000 ) ;
#1295 = ORIENTED_EDGE ( 'NONE', *, *, #4516, .F. ) ;
#1296 = CARTESIAN_POINT ( 'NONE',  ( 1.099999999999994982, 6.799999999999981171, -6.150000000000014566 ) ) ;
#1297 = DIRECTION ( 'NONE',  ( 0.000000000000000000, 1.000000000000000000, 0.000000000000000000 ) ) ;
#1298 = EDGE_LOOP ( 'NONE', ( #3252, #2686, #8508, #5555 ) ) ;
#1299 = LINE ( 'NONE', #5483, #1774 ) ;
#1300 = LINE ( 'NONE', #9718, #522 ) ;
#1301 = CARTESIAN_POINT ( 'NONE',  ( -3.099999999999999645, 4.400000000000001243, -3.049999999999997602 ) ) ;
#1302 = VERTEX_POINT ( 'NONE', #1831 ) ;
#1303 = CARTESIAN_POINT ( 'NONE',  ( 2.999999999999998668, 0.3499999999999996447, -3.750000000000003109 ) ) ;
#1304 = CONICAL_SURFACE ( 'NONE', #2707, 0.3999999999999997446, 0.7853981633974541632 ) ;
#1305 = ORIENTED_EDGE ( 'NONE', *, *, #2220, .T. ) ;
#1306 = DIRECTION ( 'NONE',  ( 1.000000000000000000, 0.000000000000000000, 0.000000000000000000 ) ) ;
#1307 = DIRECTION ( 'NONE',  ( 1.000000000000000000, -0.000000000000000000, 0.000000000000000000 ) ) ;
#1308 = DIRECTION ( 'NONE',  ( 0.000000000000000000, 0.000000000000000000, -1.000000000000000000 ) ) ;
#1309 = EDGE_LOOP ( 'NONE', ( #8500, #4363, #5899, #4510 ) ) ;
#1310 = DIRECTION ( 'NONE',  ( -1.000000000000000000, -0.000000000000000000, 0.000000000000000000 ) ) ;
#1311 = ORIENTED_EDGE ( 'NONE', *, *, #6967, .F. ) ;
#1312 = CARTESIAN_POINT ( 'NONE',  ( -6.304999999999998828, 2.350000000000000089, -4.500000000000000888 ) ) ;
#1313 = VECTOR ( 'NONE', #10081, 1000.000000000000000 ) ;
#1314 = DIRECTION ( 'NONE',  ( 0.000000000000000000, -0.5735764363510498232, -0.8191520442889892450 ) ) ;
#1315 = ORIENTED_EDGE ( 'NONE', *, *, #1168, .T. ) ;
#1316 = VERTEX_POINT ( 'NONE', #2599 ) ;
#1317 = LINE ( 'NONE', #4682, #7997 ) ;
#1318 = ORIENTED_EDGE ( 'NONE', *, *, #847, .F. ) ;
#1319 = CARTESIAN_POINT ( 'NONE',  ( 6.200000000000001066, 5.425000000000000711, 3.000000000000000444 ) ) ;
#1320 = VECTOR ( 'NONE', #2864, 1000.000000000000000 ) ;
#1321 = MECHANICAL_DESIGN_GEOMETRIC_PRESENTATION_REPRESENTATION (  '', ( #1663 ), #3430 ) ;
#1322 = EDGE_CURVE ( 'NONE', #3769, #3140, #2551, .T. ) ;
#1323 = FACE_OUTER_BOUND ( 'NONE', #2861, .T. ) ;
#1324 = EDGE_CURVE ( 'NONE', #9157, #9416, #9204, .T. ) ;
#1325 = ORIENTED_EDGE ( 'NONE', *, *, #3335, .F. ) ;
#1326 = ADVANCED_FACE ( 'NONE', ( #5189 ), #7654, .T. ) ;
#1327 = ORIENTED_EDGE ( 'NONE', *, *, #7475, .T. ) ;
#1328 = ORIENTED_EDGE ( 'NONE', *, *, #7007, .T. ) ;
#1329 = LINE ( 'NONE', #2158, #1621 ) ;
#1330 = VECTOR ( 'NONE', #3155, 1000.000000000000000 ) ;
#1331 = DIRECTION ( 'NONE',  ( -0.7071067811865475727, -0.7071067811865475727, 0.000000000000000000 ) ) ;
#1332 = DIRECTION ( 'NONE',  ( 0.000000000000000000, -0.5735764363510498232, -0.8191520442889892450 ) ) ;
#1333 = CARTESIAN_POINT ( 'NONE',  ( 6.305000000000000604, 1.799999999999999600, 1.099999999999999867 ) ) ;
#1334 = FACE_OUTER_BOUND ( 'NONE', #10681, .T. ) ;
#1335 = SURFACE_STYLE_USAGE ( .BOTH. , #9869 ) ;
#1336 = PRODUCT_DEFINITION ( 'UNKNOWN', '', #10509, #7956 ) ;
#1337 = ORIENTED_EDGE ( 'NONE', *, *, #173, .F. ) ;
#1338 = DIRECTION ( 'NONE',  ( -1.000000000000000000, -0.000000000000000000, -0.000000000000000000 ) ) ;
#1339 = ORIENTED_EDGE ( 'NONE', *, *, #9590, .F. ) ;
#1340 = VECTOR ( 'NONE', #5615, 1000.000000000000000 ) ;
#1341 = ORIENTED_EDGE ( 'NONE', *, *, #583, .F. ) ;
#1342 = DIRECTION ( 'NONE',  ( -0.000000000000000000, -0.000000000000000000, -1.000000000000000000 ) ) ;
#1343 = DIRECTION ( 'NONE',  ( -1.000000000000000000, -0.000000000000000000, -0.000000000000000000 ) ) ;
#1344 = EDGE_CURVE ( 'NONE', #8370, #9860, #7892, .T. ) ;
#1345 = FACE_OUTER_BOUND ( 'NONE', #3910, .T. ) ;
#1346 = CARTESIAN_POINT ( 'NONE',  ( 5.800000000000000711, 5.400000000000000355, 0.5321572875253804957 ) ) ;
#1347 = DIRECTION ( 'NONE',  ( 0.000000000000000000, -1.000000000000000000, 2.759533940951747445E-15 ) ) ;
#1348 = ORIENTED_EDGE ( 'NONE', *, *, #1724, .F. ) ;
#1349 = CARTESIAN_POINT ( 'NONE',  ( -6.305000000000000604, 1.800000000000000044, -1.699999999999999734 ) ) ;
#1350 = ORIENTED_EDGE ( 'NONE', *, *, #5042, .F. ) ;
#1351 = CARTESIAN_POINT ( 'NONE',  ( 0.2499999999998926692, 0.2000000000000000111, 2.399999999999972378 ) ) ;
#1352 = VECTOR ( 'NONE', #4585, 1000.000000000000000 ) ;
#1353 = LINE ( 'NONE', #10813, #1741 ) ;
#1354 = ORIENTED_EDGE ( 'NONE', *, *, #4279, .F. ) ;
#1355 = DIRECTION ( 'NONE',  ( 0.000000000000000000, -1.000000000000000000, 0.000000000000000000 ) ) ;
#1356 = DIRECTION ( 'NONE',  ( -1.000000000000000000, 0.000000000000000000, 0.000000000000000000 ) ) ;
#1357 = LINE ( 'NONE', #3576, #10027 ) ;
#1358 = EDGE_CURVE ( 'NONE', #8115, #3369, #5919, .T. ) ;
#1359 = CARTESIAN_POINT ( 'NONE',  ( -2.650000000000004796, 3.950000000000006395, -2.599999999999997868 ) ) ;
#1360 = EDGE_CURVE ( 'NONE', #975, #1901, #6837, .T. ) ;
#1361 = EDGE_LOOP ( 'NONE', ( #6223, #9377, #7690, #6272 ) ) ;
#1362 = CARTESIAN_POINT ( 'NONE',  ( 3.859191070279860636, 2.649999999999999911, -2.300000000000000266 ) ) ;
#1363 = ORIENTED_EDGE ( 'NONE', *, *, #3227, .F. ) ;
#1364 = CARTESIAN_POINT ( 'NONE',  ( 6.200000000000001066, 5.500000000000001776, 1.717842712474617173 ) ) ;
#1365 = FACE_OUTER_BOUND ( 'NONE', #8926, .T. ) ;
#1366 = EDGE_LOOP ( 'NONE', ( #9522, #4534, #10842, #8224 ) ) ;
#1367 = CARTESIAN_POINT ( 'NONE',  ( -2.250000000000107914, 0.000000000000000000, 5.000000000000000000 ) ) ;
#1368 = UNCERTAINTY_MEASURE_WITH_UNIT (LENGTH_MEASURE( 1.000000000000000082E-05 ), #427, 'distance_accuracy_value', 'NONE');
#1369 = ORIENTED_EDGE ( 'NONE', *, *, #1528, .F. ) ;
#1370 =( LENGTH_UNIT ( ) NAMED_UNIT ( * ) SI_UNIT ( .MILLI., .METRE. ) );
#1371 = LINE ( 'NONE', #7265, #5854 ) ;
#1372 = EDGE_LOOP ( 'NONE', ( #10870, #6043, #10657, #1492, #7199, #10454, #5914, #9768 ) ) ;
#1373 = VERTEX_POINT ( 'NONE', #5084 ) ;
#1374 = CARTESIAN_POINT ( 'NONE',  ( 2.216666666666660124, 3.483333333333337833, -2.833333333333333037 ) ) ;
#1375 = ORIENTED_EDGE ( 'NONE', *, *, #5883, .T. ) ;
#1376 = DIRECTION ( 'NONE',  ( -1.000000000000000000, -0.000000000000000000, 0.000000000000000000 ) ) ;
#1377 = CARTESIAN_POINT ( 'NONE',  ( -5.349999999999999645, 2.350000000000000089, -4.500000000000000888 ) ) ;
#1378 = EDGE_LOOP ( 'NONE', ( #6704, #2927, #10088, #5488 ) ) ;
#1379 = ORIENTED_EDGE ( 'NONE', *, *, #1732, .F. ) ;
#1380 = CARTESIAN_POINT ( 'NONE',  ( -7.000000000000000000, 2.400000000000000355, 1.799999999999997380 ) ) ;
#1381 = DIRECTION ( 'NONE',  ( 0.000000000000000000, 0.9063077870366496036, 0.4226182617406999964 ) ) ;
#1383 = EDGE_CURVE ( 'NONE', #7521, #842, #1579, .T. ) ;
#1382 = LINE ( 'NONE', #8147, #3551 ) ;
#1384 = CARTESIAN_POINT ( 'NONE',  ( 7.000000000000000000, 5.700000000000000178, 3.700000000000000178 ) ) ;
#1385 = VECTOR ( 'NONE', #10135, 1000.000000000000000 ) ;
#1386 = EDGE_CURVE ( 'NONE', #2990, #8183, #9982, .T. ) ;
#1387 = DIRECTION ( 'NONE',  ( -7.542275982507860105E-16, 4.713922489067412566E-17, -1.000000000000000000 ) ) ;
#1388 = LINE ( 'NONE', #6237, #8007 ) ;
#1389 = CARTESIAN_POINT ( 'NONE',  ( 2.999999999999998668, 0.000000000000000000, -3.599999999999999645 ) ) ;
#1390 =( GEOMETRIC_REPRESENTATION_CONTEXT ( 3 ) GLOBAL_UNCERTAINTY_ASSIGNED_CONTEXT ( ( #8617 ) ) GLOBAL_UNIT_ASSIGNED_CONTEXT ( ( #1370, #4729, #4564 ) ) REPRESENTATION_CONTEXT ( 'NONE', 'WORKASPACE' ) );
#1391 = EDGE_LOOP ( 'NONE', ( #1839, #3267, #1888, #4712 ) ) ;
#1392 = CARTESIAN_POINT ( 'NONE',  ( 4.249999999999892530, 0.000000000000000000, 4.800000000000000711 ) ) ;
#1393 = EDGE_LOOP ( 'NONE', ( #8231, #7535, #527, #5415 ) ) ;
#1394 = VECTOR ( 'NONE', #1906, 1000.000000000000000 ) ;
#1395 = VERTEX_POINT ( 'NONE', #350 ) ;
#1396 = DIRECTION ( 'NONE',  ( -1.000000000000000000, 0.000000000000000000, 0.000000000000000000 ) ) ;
#1397 = FACE_OUTER_BOUND ( 'NONE', #9557, .T. ) ;
#1398 = VECTOR ( 'NONE', #10429, 1000.000000000000000 ) ;
#1399 = CYLINDRICAL_SURFACE ( 'NONE', #2018, 0.3500000000000000333 ) ;
#1400 = CARTESIAN_POINT ( 'NONE',  ( -1.750000000000107470, 0.000000000000000000, 2.400000000000000355 ) ) ;
#1401 = ADVANCED_FACE ( 'NONE', ( #293 ), #3713, .F. ) ;
#1402 = EDGE_CURVE ( 'NONE', #4015, #7329, #8820, .T. ) ;
#1403 =( GEOMETRIC_REPRESENTATION_CONTEXT ( 3 ) GLOBAL_UNCERTAINTY_ASSIGNED_CONTEXT ( ( #8069 ) ) GLOBAL_UNIT_ASSIGNED_CONTEXT ( ( #657, #3134, #7362 ) ) REPRESENTATION_CONTEXT ( 'NONE', 'WORKASPACE' ) );
#1404 = ORIENTED_EDGE ( 'NONE', *, *, #7604, .F. ) ;
#1405 = CARTESIAN_POINT ( 'NONE',  ( -4.666517060317656451, 0.1004806359983465708, -4.903437557672699398 ) ) ;
#1406 = EDGE_LOOP ( 'NONE', ( #7027, #10237, #7130, #3690 ) ) ;
#1407 = LINE ( 'NONE', #10858, #7204 ) ;
#1408 = EDGE_CURVE ( 'NONE', #1572, #5681, #7873, .T. ) ;
#1409 = VECTOR ( 'NONE', #7793, 1000.000000000000000 ) ;
#1410 = CARTESIAN_POINT ( 'NONE',  ( 0.6250000000000001110, 4.700000000000000178, -3.920676172323507251E-17 ) ) ;
#1412 = ORIENTED_EDGE ( 'NONE', *, *, #1055, .F. ) ;
#1411 = AXIS2_PLACEMENT_3D ( 'NONE', #5703, #7402, #4983 ) ;
#1413 = LINE ( 'NONE', #8116, #1954 ) ;
#1414 = DIRECTION ( 'NONE',  ( 0.9396926207859095381, 0.000000000000000000, -0.3420201433256658263 ) ) ;
#1415 = EDGE_CURVE ( 'NONE', #4354, #1056, #7766, .T. ) ;
#1416 = ADVANCED_FACE ( 'NONE', ( #2058 ), #7068, .F. ) ;
#1417 = DIRECTION ( 'NONE',  ( 1.000000000000000000, -0.000000000000000000, -0.000000000000000000 ) ) ;
#1418 = CARTESIAN_POINT ( 'NONE',  ( 6.200000000000001066, 5.300000000000000711, -1.499999999999999556 ) ) ;
#1419 = VERTEX_POINT ( 'NONE', #2113 ) ;
#1420 = CARTESIAN_POINT ( 'NONE',  ( 5.800000000000000711, 2.400000000000000355, 1.999999999999999556 ) ) ;
#1421 = VERTEX_POINT ( 'NONE', #5468 ) ;
#1422 = VECTOR ( 'NONE', #8813, 1000.000000000000114 ) ;
#1423 = CARTESIAN_POINT ( 'NONE',  ( 6.305000000000000604, 2.350000000000000089, -4.500000000000000888 ) ) ;
#1424 = CARTESIAN_POINT ( 'NONE',  ( -6.200000000000001066, 5.500000000000001776, 1.974999999999999423 ) ) ;
#1425 = EDGE_CURVE ( 'NONE', #5674, #3505, #7819, .T. ) ;
#1426 = EDGE_LOOP ( 'NONE', ( #4425, #1757, #5316, #9267 ) ) ;
#1427 = CARTESIAN_POINT ( 'NONE',  ( -3.099999999999999645, 3.699999999999999734, -3.049999999999997602 ) ) ;
#1428 = ORIENTED_EDGE ( 'NONE', *, *, #6456, .T. ) ;
#1429 = DIRECTION ( 'NONE',  ( 3.336006684570783101E-16, 0.000000000000000000, -1.000000000000000000 ) ) ;
#1430 = VECTOR ( 'NONE', #2475, 1000.000000000000114 ) ;
#1431 = CARTESIAN_POINT ( 'NONE',  ( 2.250000000000000444, 2.649999999999999911, 0.7999999999999994893 ) ) ;
#1432 = VECTOR ( 'NONE', #486, 1000.000000000000000 ) ;
#1433 = EDGE_LOOP ( 'NONE', ( #1177, #8562, #5927, #9391 ) ) ;
#1434 = ORIENTED_EDGE ( 'NONE', *, *, #8731, .T. ) ;
#1435 = CARTESIAN_POINT ( 'NONE',  ( 1.700000000000000178, 4.400000000000000355, 2.250000000000000000 ) ) ;
#1436 = ORIENTED_EDGE ( 'NONE', *, *, #2905, .T. ) ;
#1437 = CARTESIAN_POINT ( 'NONE',  ( -6.305000000000002380, 0.3999999999999992450, -4.896446609406719830 ) ) ;
#1438 = AXIS2_PLACEMENT_3D ( 'NONE', #1616, #10649, #3115 ) ;
#1439 = COLOUR_RGB ( '',0.7921568627450980005, 0.8196078431372548767, 0.9333333333333333481 ) ;
#1440 = CARTESIAN_POINT ( 'NONE',  ( 0.2500000000000002220, 2.649999999999999911, 0.7999999999999994893 ) ) ;
#1441 = ADVANCED_FACE ( 'NONE', ( #9540 ), #6899, .F. ) ;
#1442 = ORIENTED_EDGE ( 'NONE', *, *, #5188, .F. ) ;
#1443 = VERTEX_POINT ( 'NONE', #3543 ) ;
#1444 = ORIENTED_EDGE ( 'NONE', *, *, #4117, .F. ) ;
#1445 = DIRECTION ( 'NONE',  ( 1.000000000000000000, 0.000000000000000000, 0.000000000000000000 ) ) ;
#1446 = VECTOR ( 'NONE', #4845, 1000.000000000000000 ) ;
#1447 = DIRECTION ( 'NONE',  ( -0.000000000000000000, 1.000000000000000000, 0.000000000000000000 ) ) ;
#1448 = AXIS2_PLACEMENT_3D ( 'NONE', #9190, #7694, #65 ) ;
#1449 = CARTESIAN_POINT ( 'NONE',  ( -1.749999999999999778, 2.149999999999999467, -1.999999999999997335 ) ) ;
#1450 =( LENGTH_UNIT ( ) NAMED_UNIT ( * ) SI_UNIT ( .MILLI., .METRE. ) );
#1451 = CARTESIAN_POINT ( 'NONE',  ( -0.2500000000000002220, 2.149999999999999467, -1.999999999999997335 ) ) ;
#1452 = DIRECTION ( 'NONE',  ( 1.000000000000000000, 0.000000000000000000, -0.000000000000000000 ) ) ;
#1453 = DIRECTION ( 'NONE',  ( 1.000000000000000000, 0.000000000000000000, 0.000000000000000000 ) ) ;
#1454 = ORIENTED_EDGE ( 'NONE', *, *, #5732, .T. ) ;
#1455 = AXIS2_PLACEMENT_3D ( 'NONE', #10348, #2047, #6346 ) ;
#1456 = EDGE_CURVE ( 'NONE', #10788, #3999, #6074, .T. ) ;
#1457 = EDGE_LOOP ( 'NONE', ( #2205, #1348, #7739, #7587 ) ) ;
#1458 = CARTESIAN_POINT ( 'NONE',  ( -2.999999999999999112, 0.9000000000000005773, -4.100000000000003197 ) ) ;
#1459 = DIRECTION ( 'NONE',  ( -0.000000000000000000, -0.000000000000000000, 1.000000000000000000 ) ) ;
#1460 = LINE ( 'NONE', #3937, #7618 ) ;
#1461 = DIRECTION ( 'NONE',  ( 0.4226182617407009401, 0.000000000000000000, 0.9063077870366492705 ) ) ;
#1462 = CLOSED_SHELL ( 'NONE', ( #4356, #6487, #2976, #8133, #3160, #7375, #6826, #9911, #9668, #73 ) ) ;
#1463 = VECTOR ( 'NONE', #6661, 1000.000000000000000 ) ;
#1464 = VERTEX_POINT ( 'NONE', #10249 ) ;
#1465 = CARTESIAN_POINT ( 'NONE',  ( -6.054999999999997939, 0.000000000000000000, -3.599999999999992095 ) ) ;
#1466 = ORIENTED_EDGE ( 'NONE', *, *, #10580, .F. ) ;
#1467 = LINE ( 'NONE', #8166, #1928 ) ;
#1468 = EDGE_CURVE ( 'NONE', #2856, #8905, #2890, .T. ) ;
#1469 = EDGE_CURVE ( 'NONE', #5451, #1719, #9588, .T. ) ;
#1470 = EDGE_CURVE ( 'NONE', #3132, #6561, #2833, .T. ) ;
#1471 = LINE ( 'NONE', #3123, #1220 ) ;
#1472 = EDGE_LOOP ( 'NONE', ( #7000, #2132, #3965, #9028, #10642, #3077 ) ) ;
#1473 = DIRECTION ( 'NONE',  ( 0.000000000000000000, -0.7071067811865465735, 0.7071067811865485719 ) ) ;
#1474 = PLANE ( 'NONE',  #10000 ) ;
#1475 = CARTESIAN_POINT ( 'NONE',  ( -6.200000000000001066, 2.575000000000000178, 3.725000000000000089 ) ) ;
#1476 = CARTESIAN_POINT ( 'NONE',  ( 7.000000000000000000, 4.950000000000001066, -3.200000000000000178 ) ) ;
#1477 = ORIENTED_EDGE ( 'NONE', *, *, #2461, .T. ) ;
#1478 = DIRECTION ( 'NONE',  ( 1.000000000000000000, 0.000000000000000000, -0.000000000000000000 ) ) ;
#1479 = ORIENTED_EDGE ( 'NONE', *, *, #1604, .F. ) ;
#1480 = DIRECTION ( 'NONE',  ( 1.000000000000000000, -0.000000000000000000, -0.000000000000000000 ) ) ;
#1481 = ORIENTED_EDGE ( 'NONE', *, *, #8641, .F. ) ;
#1482 = CARTESIAN_POINT ( 'NONE',  ( 1.749999999999893197, 0.2000000000000000111, 2.400000000000000355 ) ) ;
#1483 = VERTEX_POINT ( 'NONE', #7006 ) ;
#1484 = FACE_OUTER_BOUND ( 'NONE', #1163, .T. ) ;
#1485 = DIRECTION ( 'NONE',  ( 1.000000000000000000, -3.942553354492738600E-16, 0.000000000000000000 ) ) ;
#1486 = ADVANCED_FACE ( 'NONE', ( #6190 ), #6950, .F. ) ;
#1487 = VECTOR ( 'NONE', #1968, 1000.000000000000000 ) ;
#1488 = EDGE_LOOP ( 'NONE', ( #3054, #2378, #3953, #7749, #8135, #8142, #2454, #3191 ) ) ;
#1489 = VERTEX_POINT ( 'NONE', #8759 ) ;
#1490 = EDGE_CURVE ( 'NONE', #1283, #1742, #1178, .T. ) ;
#1491 = CARTESIAN_POINT ( 'NONE',  ( 2.999999999999999112, 0.9000000000000005773, -4.100000000000003197 ) ) ;
#1492 = ORIENTED_EDGE ( 'NONE', *, *, #1118, .F. ) ;
#1493 = DIRECTION ( 'NONE',  ( -1.000000000000000000, 0.000000000000000000, 0.000000000000000000 ) ) ;
#1494 = ADVANCED_FACE ( 'NONE', ( #2006 ), #4535, .F. ) ;
#1495 = PLANE ( 'NONE',  #7906 ) ;
#1496 = ORIENTED_EDGE ( 'NONE', *, *, #10401, .T. ) ;
#1497 = AXIS2_PLACEMENT_3D ( 'NONE', #6246, #6953, #10308 ) ;
#1498 = ORIENTED_EDGE ( 'NONE', *, *, #9614, .F. ) ;
#1499 = ORIENTED_EDGE ( 'NONE', *, *, #2896, .F. ) ;
#1500 = LINE ( 'NONE', #3152, #4770 ) ;
#1501 = CARTESIAN_POINT ( 'NONE',  ( -5.800000000000000711, 5.465000000000000746, 1.499999999999999334 ) ) ;
#1502 = PLANE ( 'NONE',  #4312 ) ;
#1503 = COLOUR_RGB ( '',0.7921568627450980005, 0.8196078431372548767, 0.9333333333333333481 ) ;
#1504 = ADVANCED_FACE ( 'NONE', ( #2941 ), #7935, .F. ) ;
#1505 = CARTESIAN_POINT ( 'NONE',  ( 6.200000000000001066, 2.400000000000000355, 3.700000000000000178 ) ) ;
#1506 = DIRECTION ( 'NONE',  ( 0.000000000000000000, 0.000000000000000000, 1.000000000000000000 ) ) ;
#1507 = FACE_OUTER_BOUND ( 'NONE', #1047, .T. ) ;
#1508 = ORIENTED_EDGE ( 'NONE', *, *, #1042, .F. ) ;
#1509 = ORIENTED_EDGE ( 'NONE', *, *, #8605, .T. ) ;
#1510 = VECTOR ( 'NONE', #1934, 1000.000000000000000 ) ;
#1511 = FACE_OUTER_BOUND ( 'NONE', #1472, .T. ) ;
#1512 = DIRECTION ( 'NONE',  ( 0.000000000000000000, -1.548860246407863829E-16, 1.000000000000000000 ) ) ;
#1513 = CARTESIAN_POINT ( 'NONE',  ( 7.000000000000000000, 2.750000000000000444, -3.600000000000000533 ) ) ;
#1514 = PRESENTATION_STYLE_ASSIGNMENT (( #10808 ) ) ;
#1515 = CARTESIAN_POINT ( 'NONE',  ( -5.899999999999998579, 0.4000000000000000222, -1.700000000000000400 ) ) ;
#1516 = VECTOR ( 'NONE', #3412, 1000.000000000000000 ) ;
#1517 = VERTEX_POINT ( 'NONE', #8928 ) ;
#1518 = DIRECTION ( 'NONE',  ( -1.000000000000000000, -0.000000000000000000, -0.000000000000000000 ) ) ;
#1519 = LINE ( 'NONE', #8319, #1767 ) ;
#1520 = CARTESIAN_POINT ( 'NONE',  ( -1.733333333333387127, 4.366666666666633390, -1.383333333333324866 ) ) ;
#1521 = EDGE_CURVE ( 'NONE', #7677, #10165, #8348, .T. ) ;
#1522 = ORIENTED_EDGE ( 'NONE', *, *, #7239, .F. ) ;
#1523 =( NAMED_UNIT ( * ) SI_UNIT ( $, .STERADIAN. ) SOLID_ANGLE_UNIT ( ) );
#1524 = VECTOR ( 'NONE', #8836, 1000.000000000000000 ) ;
#1525 = DIRECTION ( 'NONE',  ( -5.102127870520025912E-16, 1.000000000000000000, -0.000000000000000000 ) ) ;
#1526 = DIRECTION ( 'NONE',  ( -1.000000000000000000, 0.000000000000000000, 0.000000000000000000 ) ) ;
#1527 = EDGE_CURVE ( 'NONE', #893, #9280, #461, .T. ) ;
#1528 = EDGE_CURVE ( 'NONE', #429, #7306, #2280, .T. ) ;
#1529 = ORIENTED_EDGE ( 'NONE', *, *, #6248, .T. ) ;
#1530 = DIRECTION ( 'NONE',  ( -1.000000000000000000, 0.000000000000000000, -8.673617379883975321E-16 ) ) ;
#1531 = EDGE_CURVE ( 'NONE', #1865, #10327, #6289, .T. ) ;
#1532 = ORIENTED_EDGE ( 'NONE', *, *, #2017, .T. ) ;
#1533 = FILL_AREA_STYLE_COLOUR ( '', #9203 ) ;
#1534 = AXIS2_PLACEMENT_3D ( 'NONE', #2871, #9517, #8743 ) ;
#1535 = DIRECTION ( 'NONE',  ( 0.000000000000000000, 0.000000000000000000, 1.000000000000000000 ) ) ;
#1536 = ORIENTED_EDGE ( 'NONE', *, *, #2462, .T. ) ;
#1537 = CARTESIAN_POINT ( 'NONE',  ( 5.800000000000000711, 5.470710678118654968, 1.647132034355962338 ) ) ;
#1538 = FACE_OUTER_BOUND ( 'NONE', #2725, .T. ) ;
#1539 = ADVANCED_FACE ( 'NONE', ( #9705 ), #4179, .F. ) ;
#1540 = ORIENTED_EDGE ( 'NONE', *, *, #2482, .F. ) ;
#1541 = DIRECTION ( 'NONE',  ( 0.000000000000000000, 1.548860246407864076E-16, -1.000000000000000000 ) ) ;
#1542 = EDGE_CURVE ( 'NONE', #7120, #10248, #9848, .T. ) ;
#1543 = ORIENTED_EDGE ( 'NONE', *, *, #8731, .F. ) ;
#1544 = CARTESIAN_POINT ( 'NONE',  ( -7.000000000000000000, 3.536842105263160008, 1.799999999999997158 ) ) ;
#1545 = FACE_OUTER_BOUND ( 'NONE', #5297, .T. ) ;
#1546 = VERTEX_POINT ( 'NONE', #2995 ) ;
#1547 = EDGE_CURVE ( 'NONE', #8023, #5249, #3055, .T. ) ;
#1548 = ORIENTED_EDGE ( 'NONE', *, *, #3560, .T. ) ;
#1549 = ORIENTED_EDGE ( 'NONE', *, *, #3708, .F. ) ;
#1550 = DIRECTION ( 'NONE',  ( 1.000000000000000000, -0.000000000000000000, -0.000000000000000000 ) ) ;
#1551 = CARTESIAN_POINT ( 'NONE',  ( 4.249999999999892530, 0.2000000000000000111, 5.000000000000000888 ) ) ;
#1552 = AXIS2_PLACEMENT_3D ( 'NONE', #845, #6325, #7498 ) ;
#1553 = PLANE ( 'NONE',  #4166 ) ;
#1554 = FILL_AREA_STYLE_COLOUR ( '', #9647 ) ;
#1555 = DIRECTION ( 'NONE',  ( 3.336006684570783101E-16, 0.000000000000000000, -1.000000000000000000 ) ) ;
#1556 = VERTEX_POINT ( 'NONE', #8986 ) ;
#1557 = ORIENTED_EDGE ( 'NONE', *, *, #2482, .T. ) ;
#1558 = ADVANCED_FACE ( 'NONE', ( #5582 ), #4758, .F. ) ;
#1559 = VECTOR ( 'NONE', #415, 1000.000000000000000 ) ;
#1560 = DIRECTION ( 'NONE',  ( -0.000000000000000000, 0.000000000000000000, 1.000000000000000000 ) ) ;
#1561 = LINE ( 'NONE', #7232, #7111 ) ;
#1562 = CARTESIAN_POINT ( 'NONE',  ( 4.250000000000000000, 2.149999999999999467, -2.300000000000000266 ) ) ;
#1563 = LINE ( 'NONE', #641, #8873 ) ;
#1564 = VECTOR ( 'NONE', #6443, 1000.000000000000000 ) ;
#1565 = DIRECTION ( 'NONE',  ( 0.000000000000000000, 0.9396926207859095381, -0.3420201433256658263 ) ) ;
#1566 = ORIENTED_EDGE ( 'NONE', *, *, #6399, .T. ) ;
#1567 = AXIS2_PLACEMENT_3D ( 'NONE', #942, #118, #5127 ) ;
#1568 = DIRECTION ( 'NONE',  ( 1.000000000000000000, -0.000000000000000000, -0.000000000000000000 ) ) ;
#1569 = DIRECTION ( 'NONE',  ( 0.000000000000000000, -0.8253072612498317806, -0.5646839155919902709 ) ) ;
#1570 = VECTOR ( 'NONE', #6295, 1000.000000000000000 ) ;
#1571 = LINE ( 'NONE', #4204, #7539 ) ;
#1572 = VERTEX_POINT ( 'NONE', #5056 ) ;
#1573 = DIRECTION ( 'NONE',  ( 1.000000000000000000, -0.000000000000000000, -0.000000000000000000 ) ) ;
#1574 = PLANE ( 'NONE',  #4593 ) ;
#1575 = AXIS2_PLACEMENT_3D ( 'NONE', #6830, #9303, #10187 ) ;
#1576 = DIRECTION ( 'NONE',  ( 1.000000000000000000, 0.000000000000000000, -4.818676322157796389E-16 ) ) ;
#1577 = ORIENTED_EDGE ( 'NONE', *, *, #3082, .F. ) ;
#1578 = LINE ( 'NONE', #10243, #7141 ) ;
#1579 = CIRCLE ( 'NONE', #5799, 0.5999999999999998668 ) ;
#1580 = ORIENTED_EDGE ( 'NONE', *, *, #7051, .F. ) ;
#1581 =( NAMED_UNIT ( * ) PLANE_ANGLE_UNIT ( ) SI_UNIT ( $, .RADIAN. ) );
#1582 = DIRECTION ( 'NONE',  ( 1.000000000000000000, 0.000000000000000000, -0.000000000000000000 ) ) ;
#1583 = EDGE_CURVE ( 'NONE', #3310, #1708, #3871, .T. ) ;
#1584 = ORIENTED_EDGE ( 'NONE', *, *, #5838, .F. ) ;
#1585 = DIRECTION ( 'NONE',  ( -8.673617379883975321E-16, -0.000000000000000000, -1.000000000000000000 ) ) ;
#1586 = CARTESIAN_POINT ( 'NONE',  ( 3.099999999999999645, 3.699999999999999734, 0.7999999999999994893 ) ) ;
#1587 = VECTOR ( 'NONE', #9980, 1000.000000000000000 ) ;
#1588 = ORIENTED_EDGE ( 'NONE', *, *, #8282, .T. ) ;
#1589 = CARTESIAN_POINT ( 'NONE',  ( -0.6249999999999998890, 4.700000000000000178, -0.2500000000000001665 ) ) ;
#1590 = ORIENTED_EDGE ( 'NONE', *, *, #4292, .F. ) ;
#1591 = CARTESIAN_POINT ( 'NONE',  ( -7.000000000000000000, 2.400000000000000355, 1.799999999999997380 ) ) ;
#1592 = PLANE ( 'NONE',  #2834 ) ;
#1593 = ORIENTED_EDGE ( 'NONE', *, *, #1724, .T. ) ;
#1594 = VECTOR ( 'NONE', #3890, 1000.000000000000000 ) ;
#1595 = EDGE_CURVE ( 'NONE', #6337, #10078, #7522, .T. ) ;
#1596 = VECTOR ( 'NONE', #3637, 1000.000000000000000 ) ;
#1597 = EDGE_LOOP ( 'NONE', ( #4110, #5650, #1466, #1691 ) ) ;
#1598 = ADVANCED_FACE ( 'NONE', ( #3164 ), #2171, .F. ) ;
#1599 = EDGE_CURVE ( 'NONE', #2441, #6693, #7229, .T. ) ;
#1600 = EDGE_CURVE ( 'NONE', #9281, #4794, #9228, .T. ) ;
#1601 = ORIENTED_EDGE ( 'NONE', *, *, #519, .T. ) ;
#1602 = CARTESIAN_POINT ( 'NONE',  ( 4.537690618442709933, 0.8943454345648219617, -4.855654565435175485 ) ) ;
#1603 = FACE_OUTER_BOUND ( 'NONE', #4091, .T. ) ;
#1604 = EDGE_CURVE ( 'NONE', #2396, #10173, #6412, .T. ) ;
#1605 = VECTOR ( 'NONE', #4267, 1000.000000000000000 ) ;
#1606 = VECTOR ( 'NONE', #2126, 1000.000000000000000 ) ;
#1607 = DIRECTION ( 'NONE',  ( 0.000000000000000000, 1.000000000000000000, 0.000000000000000000 ) ) ;
#1608 = DIRECTION ( 'NONE',  ( -1.000000000000000000, -0.000000000000000000, -0.000000000000000000 ) ) ;
#1609 = FACE_OUTER_BOUND ( 'NONE', #8430, .T. ) ;
#1610 = ORIENTED_EDGE ( 'NONE', *, *, #6207, .F. ) ;
#1611 = ORIENTED_EDGE ( 'NONE', *, *, #3570, .T. ) ;
#1612 = AXIS2_PLACEMENT_3D ( 'NONE', #3376, #10184, #6731 ) ;
#1613 = VECTOR ( 'NONE', #6245, 1000.000000000000000 ) ;
#1614 = CARTESIAN_POINT ( 'NONE',  ( -4.252632489217787359, 0.3499999999999996447, -4.244345434564827713 ) ) ;
#1615 = LINE ( 'NONE', #2283, #7462 ) ;
#1616 = CARTESIAN_POINT ( 'NONE',  ( -4.140808929720139808, 0.000000000000000000, -2.300000000000000266 ) ) ;
#1617 = PLANE ( 'NONE',  #3263 ) ;
#1618 = ADVANCED_FACE ( 'NONE', ( #2526 ), #3358, .F. ) ;
#1619 = CARTESIAN_POINT ( 'NONE',  ( 5.350000000000000533, 2.750000000000001332, -3.200000000000000178 ) ) ;
#1620 = VECTOR ( 'NONE', #6511, 1000.000000000000000 ) ;
#1621 = VECTOR ( 'NONE', #8145, 1000.000000000000000 ) ;
#1622 = VERTEX_POINT ( 'NONE', #8158 ) ;
#1623 = DIRECTION ( 'NONE',  ( -1.000000000000000000, -0.000000000000000000, -0.000000000000000000 ) ) ;
#1624 = CARTESIAN_POINT ( 'NONE',  ( -4.200000000000000178, 4.800000000000000711, -3.049999999999997602 ) ) ;
#1625 = CARTESIAN_POINT ( 'NONE',  ( 5.800000000000000711, 5.500000000000001776, 1.282157287525380163 ) ) ;
#1626 = EDGE_LOOP ( 'NONE', ( #5349, #6411, #2513, #5038 ) ) ;
#1627 = DIRECTION ( 'NONE',  ( 1.000000000000000000, -0.000000000000000000, -4.818676322157796389E-16 ) ) ;
#1628 = VECTOR ( 'NONE', #9941, 1000.000000000000000 ) ;
#1629 = LINE ( 'NONE', #8325, #4409 ) ;
#1630 = DIRECTION ( 'NONE',  ( 0.5773502691896257311, -0.5773502691896257311, -0.5773502691896257311 ) ) ;
#1631 = ORIENTED_EDGE ( 'NONE', *, *, #251, .F. ) ;
#1632 = DIRECTION ( 'NONE',  ( 0.000000000000000000, -1.000000000000000000, 0.000000000000000000 ) ) ;
#1633 = ADVANCED_FACE ( 'NONE', ( #636 ), #3989, .F. ) ;
#1634 = ORIENTED_EDGE ( 'NONE', *, *, #8947, .F. ) ;
#1635 =( NAMED_UNIT ( * ) SI_UNIT ( $, .STERADIAN. ) SOLID_ANGLE_UNIT ( ) );
#1636 = EDGE_CURVE ( 'NONE', #8288, #5709, #5941, .T. ) ;
#1637 = CARTESIAN_POINT ( 'NONE',  ( 4.185323107660499531, 8.000000000000000000, -4.100000000000002309 ) ) ;
#1638 = ORIENTED_EDGE ( 'NONE', *, *, #2943, .T. ) ;
#1639 = EDGE_LOOP ( 'NONE', ( #9790, #5050, #6334, #218 ) ) ;
#1640 = CARTESIAN_POINT ( 'NONE',  ( 6.305000000000000604, 1.999896230895142013, -5.000000000000000000 ) ) ;
#1641 = ORIENTED_EDGE ( 'NONE', *, *, #9742, .T. ) ;
#1642 = PLANE ( 'NONE',  #5341 ) ;
#1643 = CARTESIAN_POINT ( 'NONE',  ( -3.750000000000107470, 0.6000000000000000888, 2.400000000000000355 ) ) ;
#1644 = ORIENTED_EDGE ( 'NONE', *, *, #8066, .F. ) ;
#1645 = ORIENTED_EDGE ( 'NONE', *, *, #7144, .F. ) ;
#1646 = DIRECTION ( 'NONE',  ( -0.2359856711608181168, -0.8807105146304249343, 0.4106820575897980885 ) ) ;
#1647 = VECTOR ( 'NONE', #9681, 1000.000000000000000 ) ;
#1648 = CARTESIAN_POINT ( 'NONE',  ( 2.249999999999892530, 0.6000000000000000888, 2.400000000000000355 ) ) ;
#1649 = DIRECTION ( 'NONE',  ( 1.000000000000000000, 0.000000000000000000, -0.000000000000000000 ) ) ;
#1650 = DIRECTION ( 'NONE',  ( -0.000000000000000000, 0.9284766908852596368, 0.3713906763541029443 ) ) ;
#1651 = DIRECTION ( 'NONE',  ( 1.000000000000000000, -0.000000000000000000, -4.818676322157799347E-16 ) ) ;
#1652 = EDGE_CURVE ( 'NONE', #79, #885, #4233, .T. ) ;
#1653 = ORIENTED_EDGE ( 'NONE', *, *, #9614, .T. ) ;
#1654 = DIRECTION ( 'NONE',  ( 0.000000000000000000, -0.000000000000000000, -1.000000000000000000 ) ) ;
#1655 = EDGE_CURVE ( 'NONE', #2089, #8905, #9394, .T. ) ;
#1656 = CARTESIAN_POINT ( 'NONE',  ( -1.750000000000107470, 0.000000000000000000, 4.800000000000000711 ) ) ;
#1657 = EDGE_CURVE ( 'NONE', #9730, #2388, #5270, .T. ) ;
#1658 = VECTOR ( 'NONE', #8762, 1000.000000000000000 ) ;
#1659 = DIRECTION ( 'NONE',  ( 4.929989413671457226E-32, -1.000000000000000000, 0.000000000000000000 ) ) ;
#1660 = EDGE_LOOP ( 'NONE', ( #2777, #1894, #1106, #5952 ) ) ;
#1661 = ORIENTED_EDGE ( 'NONE', *, *, #7210, .T. ) ;
#1662 = CARTESIAN_POINT ( 'NONE',  ( 5.205000000000002736, 5.700000000000000178, 2.800000000000002043 ) ) ;
#1663 = STYLED_ITEM ( 'NONE', ( #5859 ), #5638 ) ;
#1664 = CARTESIAN_POINT ( 'NONE',  ( 0.2499999999998926692, 0.000000000000000000, 2.900000000000001688 ) ) ;
#1665 = FACE_OUTER_BOUND ( 'NONE', #4889, .T. ) ;
#1666 = DIRECTION ( 'NONE',  ( -1.000000000000000000, 0.000000000000000000, 0.000000000000000000 ) ) ;
#1667 = LINE ( 'NONE', #8369, #2433 ) ;
#1668 = ORIENTED_EDGE ( 'NONE', *, *, #899, .F. ) ;
#1669 = DIRECTION ( 'NONE',  ( 0.000000000000000000, -1.224646799147353454E-16, 1.000000000000000000 ) ) ;
#1670 = VECTOR ( 'NONE', #7542, 1000.000000000000000 ) ;
#1671 = DIRECTION ( 'NONE',  ( -0.000000000000000000, 1.000000000000000000, -0.000000000000000000 ) ) ;
#1672 = ORIENTED_EDGE ( 'NONE', *, *, #1078, .T. ) ;
#1673 = EDGE_CURVE ( 'NONE', #10165, #10209, #5216, .T. ) ;
#1674 = DIRECTION ( 'NONE',  ( 0.000000000000000000, -0.000000000000000000, -1.000000000000000000 ) ) ;
#1675 = ORIENTED_EDGE ( 'NONE', *, *, #7688, .T. ) ;
#1676 = CARTESIAN_POINT ( 'NONE',  ( 5.800000000000000711, 5.400000000000001243, 1.282157287525380829 ) ) ;
#1677 = CARTESIAN_POINT ( 'NONE',  ( -6.200000000000001066, 4.939999999999999503, 2.124999999999999556 ) ) ;
#1678 = CARTESIAN_POINT ( 'NONE',  ( 6.305000000000000604, 1.799999999999999600, 1.099999999999999867 ) ) ;
#1679 = CIRCLE ( 'NONE', #3098, 0.2500000000000019429 ) ;
#1680 = ADVANCED_FACE ( 'NONE', ( #10330 ), #3459, .F. ) ;
#1681 = ORIENTED_EDGE ( 'NONE', *, *, #1655, .F. ) ;
#1682 = CARTESIAN_POINT ( 'NONE',  ( 0.6250000000000000000, -7.703719777548944781E-33, -0.9499999999999999556 ) ) ;
#1683 = EDGE_LOOP ( 'NONE', ( #6475, #9538, #2379 ) ) ;
#1684 = LINE ( 'NONE', #5876, #4745 ) ;
#1685 = VECTOR ( 'NONE', #10449, 1000.000000000000000 ) ;
#1686 = DIRECTION ( 'NONE',  ( -0.000000000000000000, -0.000000000000000000, 1.000000000000000000 ) ) ;
#1687 = ORIENTED_EDGE ( 'NONE', *, *, #2067, .T. ) ;
#1688 =( NAMED_UNIT ( * ) SI_UNIT ( $, .STERADIAN. ) SOLID_ANGLE_UNIT ( ) );
#1689 = ADVANCED_FACE ( 'NONE', ( #6979 ), #1859, .F. ) ;
#1690 = CARTESIAN_POINT ( 'NONE',  ( 7.000000000000000000, 0.2000000000000000111, 3.899999999999999911 ) ) ;
#1691 = ORIENTED_EDGE ( 'NONE', *, *, #4142, .F. ) ;
#1692 = CARTESIAN_POINT ( 'NONE',  ( -6.200000000000001066, 2.400000000000000355, 3.700000000000000178 ) ) ;
#1693 = AXIS2_PLACEMENT_3D ( 'NONE', #6969, #1902, #5206 ) ;
#1694 = ORIENTED_EDGE ( 'NONE', *, *, #3926, .T. ) ;
#1695 = DIRECTION ( 'NONE',  ( 0.000000000000000000, 0.7071067811865495711, 0.7071067811865455743 ) ) ;
#1696 = DIRECTION ( 'NONE',  ( 0.7071067811865515695, -0.7071067811865434649, 0.000000000000000000 ) ) ;
#1697 = ORIENTED_EDGE ( 'NONE', *, *, #7097, .F. ) ;
#1698 = ORIENTED_EDGE ( 'NONE', *, *, #8151, .F. ) ;
#1699 = CARTESIAN_POINT ( 'NONE',  ( -6.200000000000001066, 5.500000000000001776, 0.5321572875253787194 ) ) ;
#1700 = DIRECTION ( 'NONE',  ( -1.000000000000000000, 0.000000000000000000, 0.000000000000000000 ) ) ;
#1701 = CARTESIAN_POINT ( 'NONE',  ( 5.200000000000000178, 0.9000000000000004663, -4.849999999999997868 ) ) ;
#1702 = CARTESIAN_POINT ( 'NONE',  ( 7.000000000000000888, 4.050000000000000711, -3.000000000000000000 ) ) ;
#1703 = CARTESIAN_POINT ( 'NONE',  ( -4.250000000000107470, 0.6000000000000000888, 4.999999999999944933 ) ) ;
#1704 = ORIENTED_EDGE ( 'NONE', *, *, #917, .F. ) ;
#1705 = CARTESIAN_POINT ( 'NONE',  ( 7.000000000000000000, 3.536842105263156011, 1.800000000000002487 ) ) ;
#1706 = EDGE_CURVE ( 'NONE', #7017, #8913, #8400, .T. ) ;
#1707 = CARTESIAN_POINT ( 'NONE',  ( -5.800000000000002487, 2.400000000000001243, -1.699999999999998179 ) ) ;
#1708 = VERTEX_POINT ( 'NONE', #8503 ) ;
#1709 = ORIENTED_EDGE ( 'NONE', *, *, #1971, .F. ) ;
#1710 = EDGE_CURVE ( 'NONE', #4112, #9281, #2576, .T. ) ;
#1711 = DIRECTION ( 'NONE',  ( 0.000000000000000000, -0.9063077870366494926, 0.4226182617407002184 ) ) ;
#1712 = DIRECTION ( 'NONE',  ( -1.000000000000000000, -0.000000000000000000, -3.336006684570783101E-16 ) ) ;
#1713 = DIRECTION ( 'NONE',  ( 0.000000000000000000, 0.000000000000000000, -1.000000000000000000 ) ) ;
#1714 = CARTESIAN_POINT ( 'NONE',  ( 4.416666666666664298, 3.483333333333335613, -2.833333333333331261 ) ) ;
#1715 = DIRECTION ( 'NONE',  ( 0.000000000000000000, 0.000000000000000000, 1.000000000000000000 ) ) ;
#1716 = ORIENTED_EDGE ( 'NONE', *, *, #10097, .T. ) ;
#1717 = CARTESIAN_POINT ( 'NONE',  ( 1.749999999999999778, 2.649999999999999911, -2.300000000000000266 ) ) ;
#1718 = CARTESIAN_POINT ( 'NONE',  ( 4.676449485675098217, 0.03772148143097781708, -4.757349466942224048 ) ) ;
#1719 = VERTEX_POINT ( 'NONE', #6045 ) ;
#1720 = LINE ( 'NONE', #8533, #9297 ) ;
#1721 = EDGE_CURVE ( 'NONE', #8787, #623, #6100, .T. ) ;
#1722 = VERTEX_POINT ( 'NONE', #1912 ) ;
#1723 = EDGE_CURVE ( 'NONE', #6802, #5624, #10119, .T. ) ;
#1724 = EDGE_CURVE ( 'NONE', #7120, #3369, #9505, .T. ) ;
#1725 = DIRECTION ( 'NONE',  ( 0.000000000000000000, 1.000000000000000000, 0.000000000000000000 ) ) ;
#1726 = ADVANCED_FACE ( 'NONE', ( #4288 ), #9446, .F. ) ;
#1727 = CARTESIAN_POINT ( 'NONE',  ( -5.800000000000000711, 5.394289321881347021, 1.570710678118654391 ) ) ;
#1728 = DIRECTION ( 'NONE',  ( 0.000000000000000000, 0.5646839155919902709, -0.8253072612498317806 ) ) ;
#1729 = VECTOR ( 'NONE', #300, 1000.000000000000000 ) ;
#1730 = EDGE_LOOP ( 'NONE', ( #2669, #9775, #3658, #7223 ) ) ;
#1731 = CARTESIAN_POINT ( 'NONE',  ( 4.333333333333325044, 3.633333333333335524, 0.1666666666666821450 ) ) ;
#1732 = EDGE_CURVE ( 'NONE', #9085, #2258, #5162, .T. ) ;
#1733 = ORIENTED_EDGE ( 'NONE', *, *, #9623, .F. ) ;
#1734 = DIRECTION ( 'NONE',  ( 0.9063077870366492705, 0.000000000000000000, 0.4226182617407008846 ) ) ;
#1735 = VECTOR ( 'NONE', #661, 1000.000000000000000 ) ;
#1736 = CARTESIAN_POINT ( 'NONE',  ( 1.749999999999892308, -0.7241379310344808751, 4.710344827586208538 ) ) ;
#1737 = EDGE_CURVE ( 'NONE', #3969, #10651, #979, .T. ) ;
#1739 = ORIENTED_EDGE ( 'NONE', *, *, #10129, .T. ) ;
#1738 = VECTOR ( 'NONE', #4811, 1000.000000000000000 ) ;
#1740 = DIRECTION ( 'NONE',  ( -0.3236155771181821184, -0.3236155771181821184, 0.8891264907159901476 ) ) ;
#1741 = VECTOR ( 'NONE', #3998, 1000.000000000000000 ) ;
#1742 = VERTEX_POINT ( 'NONE', #3512 ) ;
#1743 = DIRECTION ( 'NONE',  ( -1.000000000000000000, -0.000000000000000000, -0.000000000000000000 ) ) ;
#1744 = ORIENTED_EDGE ( 'NONE', *, *, #2884, .T. ) ;
#1745 = CYLINDRICAL_SURFACE ( 'NONE', #9745, 0.4000000000000001887 ) ;
#1746 = ADVANCED_FACE ( 'NONE', ( #6869 ), #2688, .F. ) ;
#1747 = CARTESIAN_POINT ( 'NONE',  ( 5.800000000000000711, 5.394289321881344357, 0.6792893218813451650 ) ) ;
#1748 = EDGE_LOOP ( 'NONE', ( #2194, #2263, #1810, #5444 ) ) ;
#1749 = VECTOR ( 'NONE', #6470, 1000.000000000000000 ) ;
#1750 = ORIENTED_EDGE ( 'NONE', *, *, #7684, .T. ) ;
#1751 = CARTESIAN_POINT ( 'NONE',  ( 3.749999999999892530, 0.2000000000000000111, 3.899999999999998579 ) ) ;
#1752 = DIRECTION ( 'NONE',  ( -0.000000000000000000, 0.5646839155919902709, -0.8253072612498317806 ) ) ;
#1753 = VECTOR ( 'NONE', #3230, 1000.000000000000000 ) ;
#1754 = CARTESIAN_POINT ( 'NONE',  ( 6.200000000000001066, 5.400000000000000355, 0.9678427124746188381 ) ) ;
#1755 = DIRECTION ( 'NONE',  ( -0.000000000000000000, 0.000000000000000000, 1.000000000000000000 ) ) ;
#1756 = PLANE ( 'NONE',  #8351 ) ;
#1757 = ORIENTED_EDGE ( 'NONE', *, *, #4143, .T. ) ;
#1758 = PLANE ( 'NONE',  #2239 ) ;
#1759 = VECTOR ( 'NONE', #9026, 1000.000000000000114 ) ;
#1760 = CARTESIAN_POINT ( 'NONE',  ( 4.249999999999892530, 0.2000000000000000111, 2.400000000000000355 ) ) ;
#1761 = ORIENTED_EDGE ( 'NONE', *, *, #6660, .F. ) ;
#1762 = ORIENTED_EDGE ( 'NONE', *, *, #5724, .F. ) ;
#1763 = DIRECTION ( 'NONE',  ( -1.000000000000000000, 0.000000000000000000, 0.000000000000000000 ) ) ;
#1764 = VECTOR ( 'NONE', #1550, 1000.000000000000000 ) ;
#1765 = FACE_OUTER_BOUND ( 'NONE', #5547, .T. ) ;
#1766 = CARTESIAN_POINT ( 'NONE',  ( 3.099999999999999645, 4.400000000000001243, 0.7999999999999994893 ) ) ;
#1767 = VECTOR ( 'NONE', #5030, 1000.000000000000000 ) ;
#1768 = CARTESIAN_POINT ( 'NONE',  ( -3.400000000000000355, 4.850000000000000533, -3.200000000000000178 ) ) ;
#1769 = PLANE ( 'NONE',  #6126 ) ;
#1770 = VERTEX_POINT ( 'NONE', #3574 ) ;
#1771 = DIRECTION ( 'NONE',  ( -0.000000000000000000, -0.000000000000000000, 1.000000000000000000 ) ) ;
#1772 = AXIS2_PLACEMENT_3D ( 'NONE', #3169, #684, #6526 ) ;
#1773 = DIRECTION ( 'NONE',  ( -1.000000000000000000, 0.000000000000000000, -0.000000000000000000 ) ) ;
#1774 = VECTOR ( 'NONE', #476, 1000.000000000000000 ) ;
#1775 = ORIENTED_EDGE ( 'NONE', *, *, #4060, .T. ) ;
#1776 =( BOUNDED_CURVE ( )  B_SPLINE_CURVE ( 3, ( #6610, #9962, #8086, #2424 ),
 .UNSPECIFIED., .F., .T. ) 
 B_SPLINE_CURVE_WITH_KNOTS ( ( 4, 4 ),
 ( 0.000000000000000000, 1.134464013796309345 ),
 .UNSPECIFIED. ) 
 CURVE ( )  GEOMETRIC_REPRESENTATION_ITEM ( )  RATIONAL_B_SPLINE_CURVE ( ( 1.000000000000000000, 0.8955942972085912945, 0.8955942972085912945, 1.000000000000000000 ) ) 
 REPRESENTATION_ITEM ( '' )  );
#1777 = DIRECTION ( 'NONE',  ( 5.560011140951304758E-17, 0.000000000000000000, 1.000000000000000000 ) ) ;
#1778 = EDGE_LOOP ( 'NONE', ( #9272, #7603, #6175, #3731, #8247, #2150, #6086 ) ) ;
#1779 = DIRECTION ( 'NONE',  ( -1.000000000000000000, -0.000000000000000000, -0.000000000000000000 ) ) ;
#1780 = LINE ( 'NONE', #7608, #895 ) ;
#1781 = CARTESIAN_POINT ( 'NONE',  ( 4.249999999999892530, 0.2000000000000000111, 5.000000000000000000 ) ) ;
#1782 = AXIS2_PLACEMENT_3D ( 'NONE', #1384, #6404, #3862 ) ;
#1783 = VECTOR ( 'NONE', #351, 1000.000000000000000 ) ;
#1784 = ORIENTED_EDGE ( 'NONE', *, *, #209, .T. ) ;
#1785 = CARTESIAN_POINT ( 'NONE',  ( -6.305000000000000604, 1.799999999999999600, 1.099999999999999867 ) ) ;
#1786 = EDGE_CURVE ( 'NONE', #4367, #8015, #4050, .T. ) ;
#1787 = VERTEX_POINT ( 'NONE', #8790 ) ;
#1788 = CARTESIAN_POINT ( 'NONE',  ( -0.2500000000001069145, 0.2000000000000000111, 2.399999999999972378 ) ) ;
#1789 = EDGE_CURVE ( 'NONE', #3695, #1770, #3029, .T. ) ;
#1790 = ADVANCED_FACE ( 'NONE', ( #9616 ), #1259, .F. ) ;
#1791 = VECTOR ( 'NONE', #9628, 1000.000000000000000 ) ;
#1792 = CARTESIAN_POINT ( 'NONE',  ( 5.005000000000001670, 4.400000000000000355, 3.700000000000000178 ) ) ;
#1793 = ORIENTED_EDGE ( 'NONE', *, *, #7449, .T. ) ;
#1794 = CARTESIAN_POINT ( 'NONE',  ( 5.005000000000000782, 5.064999999999999503, 2.800000000000000266 ) ) ;
#1795 = FACE_OUTER_BOUND ( 'NONE', #358, .T. ) ;
#1796 = ORIENTED_EDGE ( 'NONE', *, *, #8493, .F. ) ;
#1797 = CARTESIAN_POINT ( 'NONE',  ( -3.099999999999999645, 4.400000000000001243, 0.7999999999999994893 ) ) ;
#1798 = ORIENTED_EDGE ( 'NONE', *, *, #6468, .T. ) ;
#1799 = CARTESIAN_POINT ( 'NONE',  ( 2.140808929720139364, 2.259191070279860103, -2.300000000000000266 ) ) ;
#1800 = CARTESIAN_POINT ( 'NONE',  ( 1.496673887931477154, 1.800000000000000266, -3.200000000000000178 ) ) ;
#1801 = VERTEX_POINT ( 'NONE', #3846 ) ;
#1802 = ORIENTED_EDGE ( 'NONE', *, *, #6405, .T. ) ;
#1803 = DIRECTION ( 'NONE',  ( -0.000000000000000000, 1.000000000000000000, -0.000000000000000000 ) ) ;
#1804 = EDGE_CURVE ( 'NONE', #9562, #3139, #6131, .T. ) ;
#1805 = FACE_OUTER_BOUND ( 'NONE', #3448, .T. ) ;
#1806 = VERTEX_POINT ( 'NONE', #2918 ) ;
#1807 = CARTESIAN_POINT ( 'NONE',  ( 7.000000000000000888, 4.050000000000000711, -3.000000000000000000 ) ) ;
#1808 = CARTESIAN_POINT ( 'NONE',  ( -3.850000000000000089, 5.700000000000000178, 3.900000000000000355 ) ) ;
#1809 = EDGE_CURVE ( 'NONE', #737, #9021, #6273, .T. ) ;
#1810 = ORIENTED_EDGE ( 'NONE', *, *, #711, .F. ) ;
#1811 = EDGE_CURVE ( 'NONE', #10165, #4447, #4678, .T. ) ;
#1812 = DIRECTION ( 'NONE',  ( -0.3236155771181821184, 0.3236155771181821184, 0.8891264907159901476 ) ) ;
#1813 = DIRECTION ( 'NONE',  ( 1.000000000000000000, 0.000000000000000000, 0.000000000000000000 ) ) ;
#1814 = ORIENTED_EDGE ( 'NONE', *, *, #3407, .T. ) ;
#1815 = ORIENTED_EDGE ( 'NONE', *, *, #5775, .T. ) ;
#1816 = EDGE_CURVE ( 'NONE', #7101, #3646, #6390, .T. ) ;
#1817 = CARTESIAN_POINT ( 'NONE',  ( -8.000000000000000000, 0.000000000000000000, 0.000000000000000000 ) ) ;
#1818 = EDGE_CURVE ( 'NONE', #5337, #5828, #8227, .T. ) ;
#1819 = EDGE_CURVE ( 'NONE', #5862, #1238, #2084, .T. ) ;
#1820 = DIRECTION ( 'NONE',  ( 0.000000000000000000, -1.000000000000000000, 0.000000000000000000 ) ) ;
#1821 = LINE ( 'NONE', #67, #5830 ) ;
#1822 = LINE ( 'NONE', #7598, #7305 ) ;
#1823 = AXIS2_PLACEMENT_3D ( 'NONE', #4616, #3732, #2136 ) ;
#1824 = FACE_OUTER_BOUND ( 'NONE', #8779, .T. ) ;
#1825 = LINE ( 'NONE', #4308, #1900 ) ;
#1826 = VERTEX_POINT ( 'NONE', #1312 ) ;
#1827 = FACE_OUTER_BOUND ( 'NONE', #9176, .T. ) ;
#1828 = EDGE_CURVE ( 'NONE', #4691, #6073, #3905, .T. ) ;
#1829 = ORIENTED_EDGE ( 'NONE', *, *, #6644, .F. ) ;
#1830 = MECHANICAL_DESIGN_GEOMETRIC_PRESENTATION_REPRESENTATION (  '', ( #4471 ), #4659 ) ;
#1831 = CARTESIAN_POINT ( 'NONE',  ( -0.2500000000001069145, 0.6000000000000000888, 2.399999999999972378 ) ) ;
#1832 = VERTEX_POINT ( 'NONE', #7903 ) ;
#1833 = LINE ( 'NONE', #6740, #5664 ) ;
#1834 = LINE ( 'NONE', #10095, #5117 ) ;
#1835 = DIRECTION ( 'NONE',  ( 1.000000000000000000, -0.000000000000000000, -0.000000000000000000 ) ) ;
#1836 = VERTEX_POINT ( 'NONE', #5553 ) ;
#1837 = DIRECTION ( 'NONE',  ( 0.000000000000000000, 0.000000000000000000, 1.000000000000000000 ) ) ;
#1838 = VECTOR ( 'NONE', #5530, 1000.000000000000000 ) ;
#1839 = ORIENTED_EDGE ( 'NONE', *, *, #8750, .F. ) ;
#1840 = PLANE ( 'NONE',  #10178 ) ;
#1841 = EDGE_CURVE ( 'NONE', #10229, #1421, #331, .T. ) ;
#1842 = DIRECTION ( 'NONE',  ( 1.000000000000000000, 0.000000000000000000, 0.000000000000000000 ) ) ;
#1843 = VERTEX_POINT ( 'NONE', #3792 ) ;
#1844 = DIRECTION ( 'NONE',  ( 0.000000000000000000, 0.000000000000000000, -1.000000000000000000 ) ) ;
#1845 = AXIS2_PLACEMENT_3D ( 'NONE', #6566, #4084, #9081 ) ;
#1846 = DIRECTION ( 'NONE',  ( -1.000000000000000000, -0.000000000000000000, -0.000000000000000000 ) ) ;
#1847 = EDGE_CURVE ( 'NONE', #6157, #9972, #7848, .T. ) ;
#1848 = EDGE_CURVE ( 'NONE', #9157, #10672, #5440, .T. ) ;
#1849 = ORIENTED_EDGE ( 'NONE', *, *, #5565, .F. ) ;
#1850 = CARTESIAN_POINT ( 'NONE',  ( -3.850000000000000089, 5.700000000000000178, -3.200000000000000178 ) ) ;
#1851 = EDGE_LOOP ( 'NONE', ( #9796, #99, #7918, #5202 ) ) ;
#1852 = PLANE ( 'NONE',  #5000 ) ;
#1853 = PLANE ( 'NONE',  #8406 ) ;
#1854 = AXIS2_PLACEMENT_3D ( 'NONE', #8686, #2923, #3634 ) ;
#1855 = CARTESIAN_POINT ( 'NONE',  ( 2.249999999999892530, 0.000000000000000000, 2.400000000000000355 ) ) ;
#1856 = MANIFOLD_SOLID_BREP ( 'Housing', #4265 ) ;
#1857 = VERTEX_POINT ( 'NONE', #7314 ) ;
#1858 = ORIENTED_EDGE ( 'NONE', *, *, #933, .T. ) ;
#1859 = PLANE ( 'NONE',  #5631 ) ;
#1860 = DIRECTION ( 'NONE',  ( -0.4226182617407009401, 0.000000000000000000, 0.9063077870366492705 ) ) ;
#1861 = EDGE_CURVE ( 'NONE', #10173, #5249, #7958, .T. ) ;
#1862 = LINE ( 'NONE', #7999, #4798 ) ;
#1863 = EDGE_CURVE ( 'NONE', #2146, #9794, #10673, .T. ) ;
#1864 = VECTOR ( 'NONE', #6351, 1000.000000000000000 ) ;
#1865 = VERTEX_POINT ( 'NONE', #6495 ) ;
#1866 = CARTESIAN_POINT ( 'NONE',  ( 5.350000000000000533, 2.350000000000000089, -4.500000000000000888 ) ) ;
#1867 = DIRECTION ( 'NONE',  ( 0.000000000000000000, -1.000000000000000000, -1.591489427501657896E-16 ) ) ;
#1868 = VERTEX_POINT ( 'NONE', #9847 ) ;
#1869 = DIRECTION ( 'NONE',  ( -1.000000000000000000, -0.000000000000000000, -0.000000000000000000 ) ) ;
#1870 = ADVANCED_FACE ( 'NONE', ( #1484 ), #5675, .F. ) ;
#1871 = FACE_OUTER_BOUND ( 'NONE', #5686, .T. ) ;
#1872 = ORIENTED_EDGE ( 'NONE', *, *, #6627, .T. ) ;
#1873 = VECTOR ( 'NONE', #4135, 1000.000000000000000 ) ;
#1874 = ORIENTED_EDGE ( 'NONE', *, *, #5563, .F. ) ;
#1875 = DIRECTION ( 'NONE',  ( -1.000000000000000000, 0.000000000000000000, 4.818676322157799347E-16 ) ) ;
#1876 = MANIFOLD_SOLID_BREP ( 'LPattern1[7]', #8127 ) ;
#1877 = CARTESIAN_POINT ( 'NONE',  ( -0.6250000000000001110, 5.000000000000000000, -2.200000000000000178 ) ) ;
#1878 = CARTESIAN_POINT ( 'NONE',  ( 0.2500000000000002220, 2.149999999999999467, 0.7999999999999994893 ) ) ;
#1879 = FACE_OUTER_BOUND ( 'NONE', #7326, .T. ) ;
#1880 = CARTESIAN_POINT ( 'NONE',  ( 6.201446609406727539, 0.5035533905932753074, -5.000000000000000000 ) ) ;
#1881 = VERTEX_POINT ( 'NONE', #9163 ) ;
#1882 = LINE ( 'NONE', #3538, #3177 ) ;
#1883 = EDGE_CURVE ( 'NONE', #8465, #1004, #4116, .T. ) ;
#1884 = ADVANCED_FACE ( 'NONE', ( #3192 ), #5721, .F. ) ;
#1885 = CARTESIAN_POINT ( 'NONE',  ( 4.765925738772058828, 0.2583875745976581539, -4.990890161018795013 ) ) ;
#1886 = ORIENTED_EDGE ( 'NONE', *, *, #10564, .F. ) ;
#1887 = CARTESIAN_POINT ( 'NONE',  ( 2.999999999999999112, 0.3499999999999996447, -4.100000000000003197 ) ) ;
#1888 = ORIENTED_EDGE ( 'NONE', *, *, #1531, .F. ) ;
#1889 = CARTESIAN_POINT ( 'NONE',  ( -6.200000000000001066, 5.425000000000000711, 1.974999999999999867 ) ) ;
#1890 = CARTESIAN_POINT ( 'NONE',  ( -4.250000000000000000, 2.649999999999999911, 0.7999999999999994893 ) ) ;
#1891 = CARTESIAN_POINT ( 'NONE',  ( 6.200000000000001066, 4.864999999999999325, 2.925000000000000266 ) ) ;
#1892 = ORIENTED_EDGE ( 'NONE', *, *, #10750, .T. ) ;
#1893 = LINE ( 'NONE', #2668, #5608 ) ;
#1894 = ORIENTED_EDGE ( 'NONE', *, *, #333, .F. ) ;
#1895 = LINE ( 'NONE', #1788, #343 ) ;
#1896 = LINE ( 'NONE', #2902, #6141 ) ;
#1897 = ORIENTED_EDGE ( 'NONE', *, *, #1490, .T. ) ;
#1898 = FILL_AREA_STYLE ('',( #9433 ) ) ;
#1899 = DIRECTION ( 'NONE',  ( -0.3236155771181821184, -0.3236155771181821184, -0.8891264907159901476 ) ) ;
#1900 = VECTOR ( 'NONE', #5074, 1000.000000000000000 ) ;
#1901 = VERTEX_POINT ( 'NONE', #1537 ) ;
#1902 = DIRECTION ( 'NONE',  ( -0.000000000000000000, 0.000000000000000000, -1.000000000000000000 ) ) ;
#1903 = AXIS2_PLACEMENT_3D ( 'NONE', #10264, #3614, #1018 ) ;
#1904 = VERTEX_POINT ( 'NONE', #8334 ) ;
#1905 = CARTESIAN_POINT ( 'NONE',  ( -5.800000000000000711, 3.400000000000000355, 1.999999999999999556 ) ) ;
#1906 = DIRECTION ( 'NONE',  ( -1.000000000000000000, -0.000000000000000000, -0.000000000000000000 ) ) ;
#1907 = VECTOR ( 'NONE', #3216, 1000.000000000000114 ) ;
#1908 = DIRECTION ( 'NONE',  ( 1.000000000000000000, -0.000000000000000000, 0.000000000000000000 ) ) ;
#1909 = VERTEX_POINT ( 'NONE', #8958 ) ;
#1910 = UNCERTAINTY_MEASURE_WITH_UNIT (LENGTH_MEASURE( 1.000000000000000082E-05 ), #1189, 'distance_accuracy_value', 'NONE');
#1911 = ORIENTED_EDGE ( 'NONE', *, *, #6915, .F. ) ;
#1912 = CARTESIAN_POINT ( 'NONE',  ( -7.000000000000000000, 1.300000000000000266, 3.699999999999999734 ) ) ;
#1913 =( GEOMETRIC_REPRESENTATION_CONTEXT ( 3 ) GLOBAL_UNCERTAINTY_ASSIGNED_CONTEXT ( ( #1910 ) ) GLOBAL_UNIT_ASSIGNED_CONTEXT ( ( #1189, #3775, #7131 ) ) REPRESENTATION_CONTEXT ( 'NONE', 'WORKASPACE' ) );
#1914 = DIRECTION ( 'NONE',  ( 1.000000000000000000, 0.000000000000000000, 0.000000000000000000 ) ) ;
#1915 = LINE ( 'NONE', #1095, #10590 ) ;
#1916 = ORIENTED_EDGE ( 'NONE', *, *, #10545, .T. ) ;
#1917 = DIRECTION ( 'NONE',  ( 0.000000000000000000, -1.591489427501657896E-16, 1.000000000000000000 ) ) ;
#1918 = ORIENTED_EDGE ( 'NONE', *, *, #1652, .T. ) ;
#1919 = LINE ( 'NONE', #4461, #7641 ) ;
#1920 = ORIENTED_EDGE ( 'NONE', *, *, #8029, .F. ) ;
#1921 = DIRECTION ( 'NONE',  ( 0.000000000000000000, -3.097720492815727659E-16, 1.000000000000000000 ) ) ;
#1922 = AXIS2_PLACEMENT_3D ( 'NONE', #1287, #7983, #8589 ) ;
#1923 = EDGE_CURVE ( 'NONE', #7117, #2044, #10829, .T. ) ;
#1924 = LINE ( 'NONE', #6225, #3875 ) ;
#1925 = EDGE_CURVE ( 'NONE', #1258, #5537, #708, .T. ) ;
#1926 = EDGE_LOOP ( 'NONE', ( #7392, #3561, #4483, #369 ) ) ;
#1927 = ADVANCED_FACE ( 'NONE', ( #3294 ), #4948, .F. ) ;
#1928 = VECTOR ( 'NONE', #3121, 1000.000000000000000 ) ;
#1929 = ORIENTED_EDGE ( 'NONE', *, *, #2170, .T. ) ;
#1930 = LINE ( 'NONE', #5287, #6168 ) ;
#1931 = MANIFOLD_SOLID_BREP ( 'LPattern1[3]', #6016 ) ;
#1932 = LINE ( 'NONE', #7972, #9892 ) ;
#1933 = LINE ( 'NONE', #8696, #386 ) ;
#1934 = DIRECTION ( 'NONE',  ( -1.000000000000000000, -0.000000000000000000, -0.000000000000000000 ) ) ;
#1935 = CIRCLE ( 'NONE', #9859, 0.07500000000000041356 ) ;
#1936 = PLANE ( 'NONE',  #5747 ) ;
#1937 = CARTESIAN_POINT ( 'NONE',  ( 7.000000000000000000, 0.2000000000000000111, 3.899999999999999911 ) ) ;
#1938 = ORIENTED_EDGE ( 'NONE', *, *, #5646, .F. ) ;
#1939 = DIRECTION ( 'NONE',  ( 0.000000000000000000, -1.000000000000000000, 0.000000000000000000 ) ) ;
#1940 = FACE_OUTER_BOUND ( 'NONE', #713, .T. ) ;
#1941 = ORIENTED_EDGE ( 'NONE', *, *, #1185, .T. ) ;
#1942 = CIRCLE ( 'NONE', #4433, 0.3499999999999996447 ) ;
#1943 = DIRECTION ( 'NONE',  ( 0.000000000000000000, -0.7071067811865465735, 0.7071067811865485719 ) ) ;
#1945 = ORIENTED_EDGE ( 'NONE', *, *, #8859, .F. ) ;
#1944 = AXIS2_PLACEMENT_3D ( 'NONE', #2741, #9440, #9727 ) ;
#1946 = DIRECTION ( 'NONE',  ( 1.000000000000000000, -0.000000000000000000, -0.000000000000000000 ) ) ;
#1947 = CARTESIAN_POINT ( 'NONE',  ( -6.304999999999998828, 1.800000000000000044, -1.700000000000000400 ) ) ;
#1948 = DIRECTION ( 'NONE',  ( 0.7071067811865444641, 0.000000000000000000, 0.7071067811865505703 ) ) ;
#1949 = ADVANCED_FACE ( 'NONE', ( #2614 ), #6598, .T. ) ;
#1950 = CARTESIAN_POINT ( 'NONE',  ( -6.200000000000001066, 5.465000000000001634, 0.7499999999999993339 ) ) ;
#1951 = ORIENTED_EDGE ( 'NONE', *, *, #521, .T. ) ;
#1952 = CARTESIAN_POINT ( 'NONE',  ( -5.600000000000001421, 5.700000000000000178, -1.899999999999996136 ) ) ;
#1953 = AXIS2_PLACEMENT_3D ( 'NONE', #8315, #9766, #3272 ) ;
#1954 = VECTOR ( 'NONE', #595, 1000.000000000000000 ) ;
#1955 = ORIENTED_EDGE ( 'NONE', *, *, #6824, .T. ) ;
#1956 = CARTESIAN_POINT ( 'NONE',  ( 0.2499999999998926692, 0.6000000000000000888, 2.399999999999972378 ) ) ;
#1957 = CARTESIAN_POINT ( 'NONE',  ( 5.800000000000000711, 5.394289321881347021, 1.570710678118654391 ) ) ;
#1958 = VERTEX_POINT ( 'NONE', #9326 ) ;
#1959 = PRESENTATION_STYLE_ASSIGNMENT (( #6258 ) ) ;
#1960 = AXIS2_PLACEMENT_3D ( 'NONE', #3460, #5112, #2689 ) ;
#1961 = VECTOR ( 'NONE', #10241, 1000.000000000000000 ) ;
#1962 = DIRECTION ( 'NONE',  ( -0.000000000000000000, -0.000000000000000000, -1.000000000000000000 ) ) ;
#1963 = CIRCLE ( 'NONE', #3728, 0.1000000000000006994 ) ;
#1964 = ADVANCED_FACE ( 'NONE', ( #4442 ), #10210, .T. ) ;
#1965 = ORIENTED_EDGE ( 'NONE', *, *, #10, .F. ) ;
#1966 = LINE ( 'NONE', #8727, #7648 ) ;
#1967 = EDGE_LOOP ( 'NONE', ( #6320, #5934, #2314, #4315 ) ) ;
#1968 = DIRECTION ( 'NONE',  ( -0.000000000000000000, 3.372884145477666851E-15, 1.000000000000000000 ) ) ;
#1969 = CARTESIAN_POINT ( 'NONE',  ( -6.200000000000001066, 2.575000000000000178, 3.899999999999999911 ) ) ;
#1970 = VECTOR ( 'NONE', #9376, 1000.000000000000000 ) ;
#1971 = EDGE_CURVE ( 'NONE', #10663, #150, #9379, .T. ) ;
#1972 = VECTOR ( 'NONE', #5998, 1000.000000000000000 ) ;
#1973 = CARTESIAN_POINT ( 'NONE',  ( 6.200000000000001066, 5.425000000000000711, 2.049999999999999822 ) ) ;
#1974 = MANIFOLD_SOLID_BREP ( 'Chamfer4', #10412 ) ;
#1975 = ORIENTED_EDGE ( 'NONE', *, *, #8376, .T. ) ;
#1976 = CARTESIAN_POINT ( 'NONE',  ( 1.749999999999893197, 0.2000000000000000111, 2.399999999999986144 ) ) ;
#1977 = ORIENTED_EDGE ( 'NONE', *, *, #9012, .T. ) ;
#1978 = CARTESIAN_POINT ( 'NONE',  ( 6.200000000000001066, 5.500000000000001776, 1.282157287525380163 ) ) ;
#1979 = DIRECTION ( 'NONE',  ( 0.000000000000000000, 1.591489427501657896E-16, -1.000000000000000000 ) ) ;
#1980 = PLANE ( 'NONE',  #7725 ) ;
#1981 = CLOSED_SHELL ( 'NONE', ( #8437, #5078, #6090, #7767, #1790, #42, #1416, #9171, #5561, #8229, #1143, #3296, #4875, #3802, #7776, #3988, #3166, #6359, #2844, #6169, #7377, #10872, #1996, #8569, #10332, #3951, #7170, #8405, #394 ) ) ;
#1982 = VECTOR ( 'NONE', #8221, 1000.000000000000000 ) ;
#1983 = VERTEX_POINT ( 'NONE', #5881 ) ;
#1984 = DIRECTION ( 'NONE',  ( 0.000000000000000000, -1.000000000000000000, 0.000000000000000000 ) ) ;
#1985 = VERTEX_POINT ( 'NONE', #7781 ) ;
#1986 = CARTESIAN_POINT ( 'NONE',  ( 6.200000000000001066, 5.500000000000001776, 0.5321572875253787194 ) ) ;
#1987 = ORIENTED_EDGE ( 'NONE', *, *, #8777, .F. ) ;
#1988 = DIRECTION ( 'NONE',  ( 1.000000000000000000, 0.000000000000000000, 0.000000000000000000 ) ) ;
#1989 = DIRECTION ( 'NONE',  ( -1.000000000000000000, 3.942553354492738600E-16, 0.000000000000000000 ) ) ;
#1990 = ORIENTED_EDGE ( 'NONE', *, *, #611, .F. ) ;
#1991 = ORIENTED_EDGE ( 'NONE', *, *, #8725, .T. ) ;
#1992 = CARTESIAN_POINT ( 'NONE',  ( 6.200000000000001066, 4.939999999999999503, 2.049999999999999822 ) ) ;
#1994 = EDGE_CURVE ( 'NONE', #4794, #10209, #9268, .T. ) ;
#1993 = CARTESIAN_POINT ( 'NONE',  ( -6.304999999999998828, 0.4000000000000000222, 2.149999999999999911 ) ) ;
#1995 = CARTESIAN_POINT ( 'NONE',  ( 1.749999999999893197, 0.6000000000000000888, 2.399999999999986144 ) ) ;
#1996 = ADVANCED_FACE ( 'NONE', ( #4221 ), #8490, .F. ) ;
#1997 =( LENGTH_UNIT ( ) NAMED_UNIT ( * ) SI_UNIT ( .MILLI., .METRE. ) );
#1998 = EDGE_CURVE ( 'NONE', #4263, #8886, #10873, .T. ) ;
#1999 = CARTESIAN_POINT ( 'NONE',  ( -6.200000000000001066, 5.500000000000001776, 3.075000000000001066 ) ) ;
#2000 = PLANE ( 'NONE',  #861 ) ;
#2001 = EDGE_LOOP ( 'NONE', ( #6485, #653, #6739, #2532 ) ) ;
#2002 = CARTESIAN_POINT ( 'NONE',  ( -6.200000000000001066, 2.400000000000000355, 3.725000000000000089 ) ) ;
#2003 = CARTESIAN_POINT ( 'NONE',  ( -2.250000000000000444, 2.649999999999999911, 0.7999999999999994893 ) ) ;
#2004 = FILL_AREA_STYLE_COLOUR ( '', #10860 ) ;
#2005 = ORIENTED_EDGE ( 'NONE', *, *, #1527, .F. ) ;
#2006 = FACE_OUTER_BOUND ( 'NONE', #7826, .T. ) ;
#2007 = DIRECTION ( 'NONE',  ( 0.000000000000000000, 1.000000000000000000, 0.000000000000000000 ) ) ;
#2008 = VECTOR ( 'NONE', #4519, 1000.000000000000000 ) ;
#2009 = CARTESIAN_POINT ( 'NONE',  ( -0.6250000000000001110, 4.400000000000000355, -2.200000000000000178 ) ) ;
#2010 = LINE ( 'NONE', #353, #2128 ) ;
#2011 = EDGE_CURVE ( 'NONE', #9023, #5093, #2790, .T. ) ;
#2012 = DIRECTION ( 'NONE',  ( 2.556571216043227650E-16, -0.5646839155919901598, 0.8253072612498317806 ) ) ;
#2013 = VERTEX_POINT ( 'NONE', #10057 ) ;
#2014 = LINE ( 'NONE', #8659, #7871 ) ;
#2015 = ORIENTED_EDGE ( 'NONE', *, *, #9734, .T. ) ;
#2016 = DIRECTION ( 'NONE',  ( -1.000000000000000000, -0.000000000000000000, -0.000000000000000000 ) ) ;
#2017 = EDGE_CURVE ( 'NONE', #2387, #264, #5203, .T. ) ;
#2018 = AXIS2_PLACEMENT_3D ( 'NONE', #8992, #4763, #3168 ) ;
#2019 = DIRECTION ( 'NONE',  ( -1.000000000000000000, 0.000000000000000000, 0.000000000000000000 ) ) ;
#2020 = ORIENTED_EDGE ( 'NONE', *, *, #7585, .F. ) ;
#2021 = CARTESIAN_POINT ( 'NONE',  ( 2.999999999999999112, 0.9000000000000005773, -4.100000000000003197 ) ) ;
#2022 = LINE ( 'NONE', #2906, #5840 ) ;
#2023 = ORIENTED_EDGE ( 'NONE', *, *, #4684, .T. ) ;
#2024 = LINE ( 'NONE', #10379, #8360 ) ;
#2025 = ORIENTED_EDGE ( 'NONE', *, *, #1386, .F. ) ;
#2026 = FACE_OUTER_BOUND ( 'NONE', #8660, .T. ) ;
#2027 = CARTESIAN_POINT ( 'NONE',  ( 3.749999999999892530, 0.6000000000000000888, 5.000000000000000000 ) ) ;
#2028 = DIRECTION ( 'NONE',  ( 0.000000000000000000, 0.000000000000000000, -1.000000000000000000 ) ) ;
#2029 = MANIFOLD_SOLID_BREP ( 'Boss-Extrude3', #1981 ) ;
#2030 = ADVANCED_FACE ( 'NONE', ( #9717 ), #6087, .F. ) ;
#2031 = ORIENTED_EDGE ( 'NONE', *, *, #10294, .T. ) ;
#2032 = FACE_OUTER_BOUND ( 'NONE', #7820, .T. ) ;
#2033 = ORIENTED_EDGE ( 'NONE', *, *, #467, .F. ) ;
#2034 = CARTESIAN_POINT ( 'NONE',  ( -5.800000000000000711, 5.425000000000000711, 1.974999999999999867 ) ) ;
#2035 = LINE ( 'NONE', #8738, #2722 ) ;
#2036 = ORIENTED_EDGE ( 'NONE', *, *, #6516, .F. ) ;
#2037 = ORIENTED_EDGE ( 'NONE', *, *, #4847, .F. ) ;
#2038 = DIRECTION ( 'NONE',  ( -0.000000000000000000, -1.000000000000000000, -0.000000000000000000 ) ) ;
#2039 = VECTOR ( 'NONE', #3141, 1000.000000000000000 ) ;
#2040 = EDGE_LOOP ( 'NONE', ( #9222, #3435, #9371, #765 ) ) ;
#2041 = CARTESIAN_POINT ( 'NONE',  ( -3.399999999999999911, 5.699999999999999289, 2.250000000000000000 ) ) ;
#2042 = LINE ( 'NONE', #8631, #7726 ) ;
#2043 = ORIENTED_EDGE ( 'NONE', *, *, #3926, .F. ) ;
#2044 = VERTEX_POINT ( 'NONE', #8887 ) ;
#2045 = AXIS2_PLACEMENT_3D ( 'NONE', #1052, #1632, #10822 ) ;
#2046 = DIRECTION ( 'NONE',  ( 1.000000000000000000, -0.000000000000000000, -0.000000000000000000 ) ) ;
#2047 = DIRECTION ( 'NONE',  ( 0.000000000000000000, 0.000000000000000000, -1.000000000000000000 ) ) ;
#2048 = LINE ( 'NONE', #8749, #4603 ) ;
#2049 = LINE ( 'NONE', #1219, #7991 ) ;
#2050 = FACE_OUTER_BOUND ( 'NONE', #10846, .T. ) ;
#2051 = CARTESIAN_POINT ( 'NONE',  ( 2.999999999999998668, 0.4000000000000001887, -3.599999999999999645 ) ) ;
#2052 = VECTOR ( 'NONE', #5393, 1000.000000000000114 ) ;
#2053 = ORIENTED_EDGE ( 'NONE', *, *, #3952, .T. ) ;
#2054 = LINE ( 'NONE', #6240, #2631 ) ;
#2055 = CARTESIAN_POINT ( 'NONE',  ( 0.6250000000000000000, 4.700000000000000178, -0.9499999999999999556 ) ) ;
#2056 = ADVANCED_FACE ( 'NONE', ( #4608 ), #5319, .F. ) ;
#2057 = ORIENTED_EDGE ( 'NONE', *, *, #8507, .T. ) ;
#2058 = FACE_OUTER_BOUND ( 'NONE', #8962, .T. ) ;
#2059 = FACE_OUTER_BOUND ( 'NONE', #2473, .T. ) ;
#2060 = DIRECTION ( 'NONE',  ( 0.000000000000000000, 0.000000000000000000, -1.000000000000000000 ) ) ;
#2061 = DIRECTION ( 'NONE',  ( 0.000000000000000000, -1.000000000000000000, 0.000000000000000000 ) ) ;
#2062 = CARTESIAN_POINT ( 'NONE',  ( 5.800000000000000711, 5.500000000000000888, 8.753191851259120031E-16 ) ) ;
#2063 = VERTEX_POINT ( 'NONE', #1191 ) ;
#2064 = DIRECTION ( 'NONE',  ( -1.000000000000000000, -1.734723475976805517E-15, 0.000000000000000000 ) ) ;
#2065 = VERTEX_POINT ( 'NONE', #8053 ) ;
#2066 = ADVANCED_FACE ( 'NONE', ( #535 ), #6964, .F. ) ;
#2067 = EDGE_CURVE ( 'NONE', #4112, #6218, #2785, .T. ) ;
#2068 = EDGE_CURVE ( 'NONE', #7015, #7579, #7836, .T. ) ;
#2069 = FACE_OUTER_BOUND ( 'NONE', #9686, .T. ) ;
#2070 = ORIENTED_EDGE ( 'NONE', *, *, #6000, .F. ) ;
#2071 =( NAMED_UNIT ( * ) PLANE_ANGLE_UNIT ( ) SI_UNIT ( $, .RADIAN. ) );
#2072 = CARTESIAN_POINT ( 'NONE',  ( -2.125282473150413853, 2.274717526849586502, -3.031080120897855945 ) ) ;
#2073 = VERTEX_POINT ( 'NONE', #8723 ) ;
#2074 = DIRECTION ( 'NONE',  ( 0.000000000000000000, 1.000000000000000000, -0.000000000000000000 ) ) ;
#2075 = EDGE_LOOP ( 'NONE', ( #1236, #3674, #2908, #2755 ) ) ;
#2076 = CARTESIAN_POINT ( 'NONE',  ( 6.200000000000001066, 5.500000000000001776, 1.974999999999999423 ) ) ;
#2077 = CARTESIAN_POINT ( 'NONE',  ( -1.496673887931475377, 1.800000000000000266, -3.200000000000000178 ) ) ;
#2078 = EDGE_CURVE ( 'NONE', #9317, #5107, #2904, .T. ) ;
#2079 = LINE ( 'NONE', #5435, #5469 ) ;
#2080 = VERTEX_POINT ( 'NONE', #4497 ) ;
#2081 = DIRECTION ( 'NONE',  ( 0.000000000000000000, 1.000000000000000000, 0.000000000000000000 ) ) ;
#2083 = EDGE_LOOP ( 'NONE', ( #1987, #3750, #4387, #977 ) ) ;
#2082 = AXIS2_PLACEMENT_3D ( 'NONE', #10247, #3481, #1773 ) ;
#2084 = LINE ( 'NONE', #9673, #2971 ) ;
#2085 = CARTESIAN_POINT ( 'NONE',  ( 7.000000000000000000, 5.700000000000000178, -3.200000000000000178 ) ) ;
#2086 = ORIENTED_EDGE ( 'NONE', *, *, #8055, .F. ) ;
#2087 = EDGE_CURVE ( 'NONE', #6218, #8070, #1299, .T. ) ;
#2088 = CARTESIAN_POINT ( 'NONE',  ( 3.099999999999999645, 3.699999999999999734, 0.7999999999999994893 ) ) ;
#2089 = VERTEX_POINT ( 'NONE', #2021 ) ;
#2090 = AXIS2_PLACEMENT_3D ( 'NONE', #7400, #6421, #588 ) ;
#2091 = DIRECTION ( 'NONE',  ( -3.336006684570783101E-16, 0.000000000000000000, 1.000000000000000000 ) ) ;
#2092 = CARTESIAN_POINT ( 'NONE',  ( -4.252632489217787359, 0.9000000000000005773, -4.244345434564828601 ) ) ;
#2093 = EDGE_LOOP ( 'NONE', ( #10149, #1796, #7430, #954 ) ) ;
#2094 = AXIS2_PLACEMENT_3D ( 'NONE', #3127, #2184, #5485 ) ;
#2095 = ORIENTED_EDGE ( 'NONE', *, *, #9989, .T. ) ;
#2096 = EDGE_CURVE ( 'NONE', #9325, #3638, #10431, .T. ) ;
#2097 = DIRECTION ( 'NONE',  ( 0.2359856711608181168, -0.8807105146304249343, 0.4106820575897980885 ) ) ;
#2098 = MANIFOLD_SOLID_BREP ( 'Pin 1', #3387 ) ;
#2099 = LINE ( 'NONE', #8026, #6197 ) ;
#2100 = LINE ( 'NONE', #8640, #8107 ) ;
#2101 = ADVANCED_FACE ( 'NONE', ( #8941 ), #4547, .F. ) ;
#2102 = DIRECTION ( 'NONE',  ( 3.833233541708417349E-16, -0.7071067811865505703, -0.7071067811865444641 ) ) ;
#2103 = VECTOR ( 'NONE', #10039, 1000.000000000000000 ) ;
#2104 = LINE ( 'NONE', #1221, #1352 ) ;
#2105 = CARTESIAN_POINT ( 'NONE',  ( 6.305000000000002380, 0.4000000000000010769, -4.896446609406726047 ) ) ;
#2106 = ORIENTED_EDGE ( 'NONE', *, *, #2733, .T. ) ;
#2107 = AXIS2_PLACEMENT_3D ( 'NONE', #6384, #5548, #8897 ) ;
#2108 = CARTESIAN_POINT ( 'NONE',  ( 7.000000000000000000, 5.064999999999999503, 2.800000000000000266 ) ) ;
#2109 = CARTESIAN_POINT ( 'NONE',  ( -6.054999999999998828, 1.999896230895142013, -5.000000000000000000 ) ) ;
#2110 =( NAMED_UNIT ( * ) PLANE_ANGLE_UNIT ( ) SI_UNIT ( $, .RADIAN. ) );
#2111 = ORIENTED_EDGE ( 'NONE', *, *, #4523, .F. ) ;
#2112 = VECTOR ( 'NONE', #6760, 1000.000000000000000 ) ;
#2113 = CARTESIAN_POINT ( 'NONE',  ( -1.750000000000107470, 0.6000000000000000888, 2.399999999999958167 ) ) ;
#2114 = DIRECTION ( 'NONE',  ( -1.000000000000000000, 0.000000000000000000, 0.000000000000000000 ) ) ;
#2115 = CARTESIAN_POINT ( 'NONE',  ( -7.000000000000000000, 5.700000000000000178, -3.200000000000000178 ) ) ;
#2116 = CARTESIAN_POINT ( 'NONE',  ( -6.305000000000000604, 0.4000000000000000222, -1.700000000000000178 ) ) ;
#2117 = VECTOR ( 'NONE', #4531, 1000.000000000000000 ) ;
#2118 = FACE_OUTER_BOUND ( 'NONE', #10133, .T. ) ;
#2119 = VECTOR ( 'NONE', #3344, 1000.000000000000000 ) ;
#2120 = VERTEX_POINT ( 'NONE', #6536 ) ;
#2121 = CARTESIAN_POINT ( 'NONE',  ( 4.764267565201872223, 0.3499999999999999778, -4.750000000000000000 ) ) ;
#2122 = ORIENTED_EDGE ( 'NONE', *, *, #4164, .F. ) ;
#2123 = CARTESIAN_POINT ( 'NONE',  ( -1.136666666666668712, 1.631666666666665710, -1.068333333333331803 ) ) ;
#2124 = VECTOR ( 'NONE', #5173, 1000.000000000000000 ) ;
#2125 = ORIENTED_EDGE ( 'NONE', *, *, #9066, .F. ) ;
#2126 = DIRECTION ( 'NONE',  ( -1.000000000000000000, 0.000000000000000000, 0.000000000000000000 ) ) ;
#2127 = DIRECTION ( 'NONE',  ( 0.000000000000000000, -0.000000000000000000, 1.000000000000000000 ) ) ;
#2128 = VECTOR ( 'NONE', #2999, 1000.000000000000000 ) ;
#2129 = EDGE_CURVE ( 'NONE', #644, #6342, #378, .T. ) ;
#2130 = CIRCLE ( 'NONE', #3533, 0.07500000000000041356 ) ;
#2131 = EDGE_CURVE ( 'NONE', #3959, #7556, #4987, .T. ) ;
#2132 = ORIENTED_EDGE ( 'NONE', *, *, #2154, .T. ) ;
#2133 = CARTESIAN_POINT ( 'NONE',  ( -7.000000000000000000, 0.2000000000000000111, 2.149999999999999911 ) ) ;
#2134 = EDGE_CURVE ( 'NONE', #6157, #7591, #9984, .T. ) ;
#2135 = ORIENTED_EDGE ( 'NONE', *, *, #1216, .T. ) ;
#2136 = DIRECTION ( 'NONE',  ( 1.000000000000000000, 0.000000000000000000, -0.000000000000000000 ) ) ;
#2137 = DIRECTION ( 'NONE',  ( 0.000000000000000000, 0.000000000000000000, 1.000000000000000000 ) ) ;
#2138 = VERTEX_POINT ( 'NONE', #6427 ) ;
#2139 = VECTOR ( 'NONE', #8089, 1000.000000000000000 ) ;
#2140 = LINE ( 'NONE', #7955, #198 ) ;
#2141 = CIRCLE ( 'NONE', #9694, 0.09999999999999961697 ) ;
#2142 = ORIENTED_EDGE ( 'NONE', *, *, #10609, .F. ) ;
#2143 = CARTESIAN_POINT ( 'NONE',  ( 5.599999999999997868, 5.700000000000000178, 2.800000000000000266 ) ) ;
#2144 = LINE ( 'NONE', #2745, #966 ) ;
#2145 = ORIENTED_EDGE ( 'NONE', *, *, #8801, .T. ) ;
#2146 = VERTEX_POINT ( 'NONE', #7301 ) ;
#2147 = CARTESIAN_POINT ( 'NONE',  ( 5.599999999999997868, 5.700000000000000178, 3.000000000000002665 ) ) ;
#2148 = VECTOR ( 'NONE', #195, 1000.000000000000000 ) ;
#2149 = VECTOR ( 'NONE', #8822, 1000.000000000000000 ) ;
#2150 = ORIENTED_EDGE ( 'NONE', *, *, #10004, .T. ) ;
#2151 = FACE_OUTER_BOUND ( 'NONE', #4757, .T. ) ;
#2152 = CARTESIAN_POINT ( 'NONE',  ( 1.749999999999893197, 0.6000000000000000888, 2.399999999999986144 ) ) ;
#2153 = VERTEX_POINT ( 'NONE', #5811 ) ;
#2154 = EDGE_CURVE ( 'NONE', #5306, #2138, #3888, .T. ) ;
#2155 = ORIENTED_EDGE ( 'NONE', *, *, #8667, .F. ) ;
#2156 = CIRCLE ( 'NONE', #4266, 0.4000000000000001887 ) ;
#2157 = ORIENTED_EDGE ( 'NONE', *, *, #2333, .T. ) ;
#2158 = CARTESIAN_POINT ( 'NONE',  ( 5.800000000000000711, 2.575000000000000178, 3.899999999999999911 ) ) ;
#2159 = LINE ( 'NONE', #8695, #395 ) ;
#2160 = DIRECTION ( 'NONE',  ( 1.000000000000000000, 0.000000000000000000, 0.000000000000000000 ) ) ;
#2161 = ADVANCED_FACE ( 'NONE', ( #4106 ), #7408, .F. ) ;
#2162 = SURFACE_STYLE_FILL_AREA ( #9631 ) ;
#2163 = DIRECTION ( 'NONE',  ( -1.000000000000000000, 0.000000000000000000, 0.000000000000000000 ) ) ;
#2164 = VECTOR ( 'NONE', #5164, 1000.000000000000000 ) ;
#2165 = DIRECTION ( 'NONE',  ( 0.000000000000000000, -1.000000000000000000, 0.000000000000000000 ) ) ;
#2166 = ORIENTED_EDGE ( 'NONE', *, *, #5272, .T. ) ;
#2167 = CARTESIAN_POINT ( 'NONE',  ( 6.200000000000001066, 5.425000000000000711, 3.000000000000000444 ) ) ;
#2168 = LINE ( 'NONE', #7167, #3496 ) ;
#2169 = ORIENTED_EDGE ( 'NONE', *, *, #6615, .F. ) ;
#2170 = EDGE_CURVE ( 'NONE', #9804, #3856, #5594, .T. ) ;
#2171 = PLANE ( 'NONE',  #3502 ) ;
#2172 = EDGE_CURVE ( 'NONE', #3072, #1045, #1413, .T. ) ;
#2173 = LINE ( 'NONE', #2944, #1783 ) ;
#2174 = PLANE ( 'NONE',  #8160 ) ;
#2175 = FACE_OUTER_BOUND ( 'NONE', #1361, .T. ) ;
#2176 = DIRECTION ( 'NONE',  ( 0.000000000000000000, -0.000000000000000000, 1.000000000000000000 ) ) ;
#2177 = ORIENTED_EDGE ( 'NONE', *, *, #10278, .T. ) ;
#2178 = DIRECTION ( 'NONE',  ( -1.000000000000000000, -0.000000000000000000, -3.336006684570783101E-16 ) ) ;
#2179 = ORIENTED_EDGE ( 'NONE', *, *, #2965, .T. ) ;
#2180 = SURFACE_STYLE_USAGE ( .BOTH. , #3880 ) ;
#2181 = CARTESIAN_POINT ( 'NONE',  ( -5.800000000000000711, 2.400000000000000355, 3.700000000000000178 ) ) ;
#2182 = ORIENTED_EDGE ( 'NONE', *, *, #9306, .F. ) ;
#2183 = DIRECTION ( 'NONE',  ( -0.000000000000000000, 0.000000000000000000, -1.000000000000000000 ) ) ;
#2184 = DIRECTION ( 'NONE',  ( 0.000000000000000000, -1.000000000000000000, 0.000000000000000000 ) ) ;
#2185 = DIRECTION ( 'NONE',  ( -0.000000000000000000, 0.000000000000000000, -1.000000000000000000 ) ) ;
#2186 = LINE ( 'NONE', #3891, #4804 ) ;
#2187 = ORIENTED_EDGE ( 'NONE', *, *, #606, .F. ) ;
#2188 = CARTESIAN_POINT ( 'NONE',  ( -3.750000000000000000, 2.649999999999999911, -1.999999999999997335 ) ) ;
#2189 = VECTOR ( 'NONE', #4463, 1000.000000000000000 ) ;
#2190 = EDGE_CURVE ( 'NONE', #1092, #480, #3947, .T. ) ;
#2191 = ORIENTED_EDGE ( 'NONE', *, *, #3841, .F. ) ;
#2192 = LINE ( 'NONE', #1364, #3765 ) ;
#2193 = LINE ( 'NONE', #2077, #9287 ) ;
#2194 = ORIENTED_EDGE ( 'NONE', *, *, #6033, .T. ) ;
#2195 = CARTESIAN_POINT ( 'NONE',  ( -6.200000000000001066, 5.470710678118654968, 1.647132034355962338 ) ) ;
#2196 = EDGE_CURVE ( 'NONE', #2651, #5280, #7248, .T. ) ;
#2197 = ORIENTED_EDGE ( 'NONE', *, *, #477, .T. ) ;
#2198 = ADVANCED_FACE ( 'NONE', ( #5762 ), #2295, .F. ) ;
#2199 = CARTESIAN_POINT ( 'NONE',  ( 1.999999999999998668, 3.699999999999999734, 0.7999999999999994893 ) ) ;
#2200 = CIRCLE ( 'NONE', #10267, 0.1000000000000011297 ) ;
#2201 = CARTESIAN_POINT ( 'NONE',  ( -3.750000000000107470, 0.000000000000000000, 2.900000000000001688 ) ) ;
#2202 = VERTEX_POINT ( 'NONE', #4830 ) ;
#2203 = ORIENTED_EDGE ( 'NONE', *, *, #9817, .T. ) ;
#2204 = FACE_OUTER_BOUND ( 'NONE', #3522, .T. ) ;
#2205 = ORIENTED_EDGE ( 'NONE', *, *, #1358, .T. ) ;
#2206 = DIRECTION ( 'NONE',  ( -1.000000000000000000, -0.000000000000000000, -0.000000000000000000 ) ) ;
#2207 = VECTOR ( 'NONE', #8681, 1000.000000000000000 ) ;
#2208 = AXIS2_PLACEMENT_3D ( 'NONE', #2062, #3718, #7126 ) ;
#2209 = CARTESIAN_POINT ( 'NONE',  ( -6.200000000000001066, 5.400000000000000355, 0.5321572875253804957 ) ) ;
#2210 = ORIENTED_EDGE ( 'NONE', *, *, #1636, .F. ) ;
#2211 = ORIENTED_EDGE ( 'NONE', *, *, #6701, .F. ) ;
#2212 = EDGE_CURVE ( 'NONE', #8330, #1489, #3016, .T. ) ;
#2213 = EDGE_CURVE ( 'NONE', #2286, #9387, #753, .T. ) ;
#2214 = ORIENTED_EDGE ( 'NONE', *, *, #2342, .F. ) ;
#2215 = CARTESIAN_POINT ( 'NONE',  ( -5.900000000000000355, 1.799999999999999600, 1.099999999999999867 ) ) ;
#2216 = VECTOR ( 'NONE', #4031, 1000.000000000000000 ) ;
#2217 = DIRECTION ( 'NONE',  ( 0.000000000000000000, 0.000000000000000000, 1.000000000000000000 ) ) ;
#2218 = DIRECTION ( 'NONE',  ( 6.195440985631441512E-16, 1.000000000000000000, -0.000000000000000000 ) ) ;
#2219 = CARTESIAN_POINT ( 'NONE',  ( -4.537690618442708157, 0.8943454345648219617, -4.855654565435175485 ) ) ;
#2220 = EDGE_CURVE ( 'NONE', #7579, #7750, #8219, .T. ) ;
#2221 = DIRECTION ( 'NONE',  ( 0.000000000000000000, -0.000000000000000000, -1.000000000000000000 ) ) ;
#2222 = CARTESIAN_POINT ( 'NONE',  ( 7.000000000000000000, 5.700000000000000178, 3.000000000000002665 ) ) ;
#2223 = ORIENTED_EDGE ( 'NONE', *, *, #10671, .T. ) ;
#2224 = LINE ( 'NONE', #10694, #883 ) ;
#2225 = ORIENTED_EDGE ( 'NONE', *, *, #6110, .F. ) ;
#2226 = AXIS2_PLACEMENT_3D ( 'NONE', #5061, #7482, #3521 ) ;
#2227 = EDGE_LOOP ( 'NONE', ( #6478, #1829, #2214, #2335 ) ) ;
#2228 = DIRECTION ( 'NONE',  ( 1.051347561198065205E-15, 0.000000000000000000, 1.000000000000000000 ) ) ;
#2229 = CARTESIAN_POINT ( 'NONE',  ( 7.000000000000000000, 0.000000000000000000, -3.600000000000000089 ) ) ;
#2230 = CARTESIAN_POINT ( 'NONE',  ( 5.800000000000000711, 5.500000000000000888, 0.9678427124746179500 ) ) ;
#2231 = DIRECTION ( 'NONE',  ( 0.000000000000000000, -0.8191520442889892450, 0.5735764363510498232 ) ) ;
#2232 = DIRECTION ( 'NONE',  ( 0.000000000000000000, 0.7071067811865414665, -0.7071067811865535679 ) ) ;
#2233 = VECTOR ( 'NONE', #10269, 1000.000000000000000 ) ;
#2234 = VERTEX_POINT ( 'NONE', #9099 ) ;
#2235 = EDGE_CURVE ( 'NONE', #5512, #5688, #4939, .T. ) ;
#2236 = CARTESIAN_POINT ( 'NONE',  ( -4.764267565201869559, 0.3499999999999994782, -5.000000000000000888 ) ) ;
#2237 = ORIENTED_EDGE ( 'NONE', *, *, #499, .F. ) ;
#2238 = CARTESIAN_POINT ( 'NONE',  ( 6.200000000000001066, 5.400000000000000355, 0.5321572875253804957 ) ) ;
#2239 = AXIS2_PLACEMENT_3D ( 'NONE', #988, #9290, #108 ) ;
#2240 = CARTESIAN_POINT ( 'NONE',  ( 6.200000000000001066, 5.500000000000001776, 1.974999999999999423 ) ) ;
#2241 = ORIENTED_EDGE ( 'NONE', *, *, #5168, .T. ) ;
#2242 = CARTESIAN_POINT ( 'NONE',  ( -6.200000000000001066, 5.500000000000001776, 3.900000000000000799 ) ) ;
#2243 = CARTESIAN_POINT ( 'NONE',  ( 6.200000000000001066, 5.500000000000000000, 3.899999999999999023 ) ) ;
#2244 = CARTESIAN_POINT ( 'NONE',  ( -4.657930176932541855, -2.002928538785709667E-16, -4.770469655267981501 ) ) ;
#2245 = DIRECTION ( 'NONE',  ( 0.000000000000000000, -1.414176746720223153E-16, 1.000000000000000000 ) ) ;
#2246 = EDGE_LOOP ( 'NONE', ( #8207, #10839, #2682, #5976, #2223, #3370 ) ) ;
#2247 = DIRECTION ( 'NONE',  ( 0.000000000000000000, -0.000000000000000000, -1.000000000000000000 ) ) ;
#2248 = EDGE_CURVE ( 'NONE', #32, #7472, #3283, .T. ) ;
#2249 = ORIENTED_EDGE ( 'NONE', *, *, #3354, .T. ) ;
#2250 = LINE ( 'NONE', #1423, #9375 ) ;
#2251 = CARTESIAN_POINT ( 'NONE',  ( -6.200000000000001066, 5.500000000000001776, 1.282157287525380163 ) ) ;
#2252 = VERTEX_POINT ( 'NONE', #7607 ) ;
#2253 = DIRECTION ( 'NONE',  ( -0.000000000000000000, -0.000000000000000000, 1.000000000000000000 ) ) ;
#2254 = ORIENTED_EDGE ( 'NONE', *, *, #9653, .T. ) ;
#2255 = SURFACE_SIDE_STYLE ('',( #8289 ) ) ;
#2256 = LINE ( 'NONE', #10785, #3554 ) ;
#2257 = VERTEX_POINT ( 'NONE', #3487 ) ;
#2258 = VERTEX_POINT ( 'NONE', #10042 ) ;
#2259 = DIRECTION ( 'NONE',  ( 0.000000000000000000, -1.334402673828314029E-15, 1.000000000000000000 ) ) ;
#2260 = ORIENTED_EDGE ( 'NONE', *, *, #5024, .F. ) ;
#2261 = PLANE ( 'NONE',  #4995 ) ;
#2262 = CARTESIAN_POINT ( 'NONE',  ( -2.883333333333336412, 3.483333333333336501, -2.833333333333332149 ) ) ;
#2263 = ORIENTED_EDGE ( 'NONE', *, *, #262, .F. ) ;
#2264 = ORIENTED_EDGE ( 'NONE', *, *, #4213, .T. ) ;
#2265 = ORIENTED_EDGE ( 'NONE', *, *, #5457, .T. ) ;
#2266 = DIRECTION ( 'NONE',  ( 0.000000000000000000, 0.7071067811865515695, 0.7071067811865434649 ) ) ;
#2267 = DIRECTION ( 'NONE',  ( -0.000000000000000000, -1.000000000000000000, -0.000000000000000000 ) ) ;
#2268 = CARTESIAN_POINT ( 'NONE',  ( -4.200000000000000178, 4.800000000000000711, 0.7999999999999994893 ) ) ;
#2269 = STYLED_ITEM ( 'NONE', ( #2510 ), #8309 ) ;
#2270 = LINE ( 'NONE', #5572, #2216 ) ;
#2271 = ADVANCED_FACE ( 'NONE', ( #6076 ), #5086, .F. ) ;
#2272 = CARTESIAN_POINT ( 'NONE',  ( 4.026055542458626846, 0.000000000000000000, -3.750000000000002220 ) ) ;
#2273 = ADVANCED_FACE ( 'NONE', ( #2553 ), #9503, .T. ) ;
#2274 = DIRECTION ( 'NONE',  ( -1.000000000000000000, 0.000000000000000000, 0.000000000000000000 ) ) ;
#2275 = EDGE_CURVE ( 'NONE', #4018, #2784, #3541, .T. ) ;
#2276 = DIRECTION ( 'NONE',  ( -3.336006684570783101E-16, 0.000000000000000000, 1.000000000000000000 ) ) ;
#2277 = VERTEX_POINT ( 'NONE', #4264 ) ;
#2278 = AXIS2_PLACEMENT_3D ( 'NONE', #6861, #10218, #2684 ) ;
#2279 = ORIENTED_EDGE ( 'NONE', *, *, #5419, .F. ) ;
#2280 = LINE ( 'NONE', #3818, #10728 ) ;
#2281 = CARTESIAN_POINT ( 'NONE',  ( 0.6250000000000000000, 5.000000000000000888, -1.099999999999998979 ) ) ;
#2282 = VECTOR ( 'NONE', #2292, 1000.000000000000000 ) ;
#2283 = CARTESIAN_POINT ( 'NONE',  ( 6.305000000000000604, 0.4000000000000052403, -1.513476936738000322 ) ) ;
#2284 = CARTESIAN_POINT ( 'NONE',  ( -4.604999999999998650, 0.9000000000000005773, -5.000000000000003553 ) ) ;
#2285 = MECHANICAL_DESIGN_GEOMETRIC_PRESENTATION_REPRESENTATION (  '', ( #3333 ), #2991 ) ;
#2286 = VERTEX_POINT ( 'NONE', #128 ) ;
#2287 = DIRECTION ( 'NONE',  ( 0.000000000000000000, 0.000000000000000000, -1.000000000000000000 ) ) ;
#2288 = ORIENTED_EDGE ( 'NONE', *, *, #5860, .T. ) ;
#2289 = FACE_OUTER_BOUND ( 'NONE', #9075, .T. ) ;
#2290 = VECTOR ( 'NONE', #4316, 1000.000000000000000 ) ;
#2291 = EDGE_CURVE ( 'NONE', #10223, #2257, #5868, .T. ) ;
#2292 = DIRECTION ( 'NONE',  ( -0.000000000000000000, -0.000000000000000000, 1.000000000000000000 ) ) ;
#2294 = VERTEX_POINT ( 'NONE', #5034 ) ;
#2293 = VECTOR ( 'NONE', #2016, 1000.000000000000000 ) ;
#2295 = PLANE ( 'NONE',  #6877 ) ;
#2296 = EDGE_CURVE ( 'NONE', #3369, #8083, #2141, .T. ) ;
#2297 = FACE_OUTER_BOUND ( 'NONE', #10791, .T. ) ;
#2298 = CARTESIAN_POINT ( 'NONE',  ( -6.200000000000001066, 4.864999999999999325, 2.925000000000000266 ) ) ;
#2299 = CARTESIAN_POINT ( 'NONE',  ( 6.055000000000000604, 0.6500000000000020206, -4.749999999999998224 ) ) ;
#2300 = EDGE_CURVE ( 'NONE', #6437, #4354, #7413, .T. ) ;
#2301 = EDGE_LOOP ( 'NONE', ( #9013, #2691, #8109, #4139 ) ) ;
#2302 = CARTESIAN_POINT ( 'NONE',  ( 7.000000000000000000, 0.2000000000000000111, 3.899999999999999911 ) ) ;
#2303 = ORIENTED_EDGE ( 'NONE', *, *, #4635, .T. ) ;
#2304 = VECTOR ( 'NONE', #5339, 1000.000000000000000 ) ;
#2305 = EDGE_LOOP ( 'NONE', ( #5520, #2924, #10065, #8742 ) ) ;
#2306 = DIRECTION ( 'NONE',  ( 1.000000000000000000, 0.000000000000000000, 0.000000000000000000 ) ) ;
#2307 = EDGE_LOOP ( 'NONE', ( #3503, #10707, #504, #9959 ) ) ;
#2308 = DIRECTION ( 'NONE',  ( -0.000000000000000000, -0.000000000000000000, -1.000000000000000000 ) ) ;
#2309 = ADVANCED_FACE ( 'NONE', ( #4206 ), #5244, .F. ) ;
#2310 = AXIS2_PLACEMENT_3D ( 'NONE', #1475, #4777, #10774 ) ;
#2311 = EDGE_CURVE ( 'NONE', #545, #10384, #6025, .T. ) ;
#2312 = CARTESIAN_POINT ( 'NONE',  ( -1.750000000000107470, 0.000000000000000000, 4.800000000000000711 ) ) ;
#2313 = CIRCLE ( 'NONE', #8272, 0.09999999999999993616 ) ;
#2314 = ORIENTED_EDGE ( 'NONE', *, *, #8188, .F. ) ;
#2315 = ORIENTED_EDGE ( 'NONE', *, *, #3104, .F. ) ;
#2316 = DIRECTION ( 'NONE',  ( -0.000000000000000000, 2.759533940951747051E-15, 1.000000000000000000 ) ) ;
#2317 = ORIENTED_EDGE ( 'NONE', *, *, #9197, .T. ) ;
#2318 = CARTESIAN_POINT ( 'NONE',  ( -4.250000000000106581, 0.2000000000000000111, 2.399999999999944400 ) ) ;
#2319 = AXIS2_PLACEMENT_3D ( 'NONE', #2116, #1290, #5473 ) ;
#2320 = CIRCLE ( 'NONE', #8443, 0.07499999999999998335 ) ;
#2321 = CARTESIAN_POINT ( 'NONE',  ( -1.750000000000107470, 0.2000000000000000111, 2.400000000000000355 ) ) ;
#2322 = ORIENTED_EDGE ( 'NONE', *, *, #9214, .F. ) ;
#2323 = ORIENTED_EDGE ( 'NONE', *, *, #9798, .T. ) ;
#2324 = ORIENTED_EDGE ( 'NONE', *, *, #382, .T. ) ;
#2325 = CARTESIAN_POINT ( 'NONE',  ( -5.200000000000000178, 2.199999999999997513, 0.7999999999999994893 ) ) ;
#2326 = VECTOR ( 'NONE', #6232, 1000.000000000000000 ) ;
#2327 = LINE ( 'NONE', #3046, #5680 ) ;
#2328 = AXIS2_PLACEMENT_3D ( 'NONE', #9241, #7595, #2703 ) ;
#2329 =( NAMED_UNIT ( * ) PLANE_ANGLE_UNIT ( ) SI_UNIT ( $, .RADIAN. ) );
#2330 = VECTOR ( 'NONE', #5882, 1000.000000000000000 ) ;
#2331 = FACE_OUTER_BOUND ( 'NONE', #1851, .T. ) ;
#2332 = CARTESIAN_POINT ( 'NONE',  ( 6.305000000000000604, 2.350000000000000089, -4.500000000000000888 ) ) ;
#2333 = EDGE_CURVE ( 'NONE', #3794, #5905, #4075, .T. ) ;
#2334 = CARTESIAN_POINT ( 'NONE',  ( -2.250000000000000444, 2.649999999999999911, -2.300000000000000266 ) ) ;
#2335 = ORIENTED_EDGE ( 'NONE', *, *, #2248, .F. ) ;
#2336 = AXIS2_PLACEMENT_3D ( 'NONE', #1501, #8201, #9806 ) ;
#2337 = EDGE_LOOP ( 'NONE', ( #4399, #2241, #4953, #5031 ) ) ;
#2338 = CARTESIAN_POINT ( 'NONE',  ( 5.004999999999999893, 5.064999999999999503, 2.250000000000002220 ) ) ;
#2339 = EDGE_CURVE ( 'NONE', #475, #5590, #5191, .T. ) ;
#2340 = ADVANCED_FACE ( 'NONE', ( #80 ), #7656, .T. ) ;
#2341 = PLANE ( 'NONE',  #1081 ) ;
#2342 = EDGE_CURVE ( 'NONE', #7472, #5132, #3386, .T. ) ;
#2343 = DIRECTION ( 'NONE',  ( 8.673617379883975321E-16, 0.000000000000000000, 1.000000000000000000 ) ) ;
#2344 = DIRECTION ( 'NONE',  ( 0.000000000000000000, 0.000000000000000000, 1.000000000000000000 ) ) ;
#2345 =( LENGTH_UNIT ( ) NAMED_UNIT ( * ) SI_UNIT ( .MILLI., .METRE. ) );
#2346 = AXIS2_PLACEMENT_3D ( 'NONE', #4132, #8459, #3411 ) ;
#2347 = DIRECTION ( 'NONE',  ( 0.5773502691896267303, 0.5773502691896228445, -0.5773502691896275074 ) ) ;
#2348 = ORIENTED_EDGE ( 'NONE', *, *, #5669, .T. ) ;
#2349 = LINE ( 'NONE', #689, #1753 ) ;
#2350 = PLANE ( 'NONE',  #3145 ) ;
#2351 = DIRECTION ( 'NONE',  ( -1.591489427501657896E-16, -0.000000000000000000, -1.000000000000000000 ) ) ;
#2352 = ORIENTED_EDGE ( 'NONE', *, *, #4362, .T. ) ;
#2353 = EDGE_CURVE ( 'NONE', #4920, #4039, #1833, .T. ) ;
#2354 = CARTESIAN_POINT ( 'NONE',  ( 5.799999999999999822, 5.500000000000001776, 2.250000000000000000 ) ) ;
#2355 = EDGE_CURVE ( 'NONE', #279, #9801, #2320, .T. ) ;
#2356 = DIRECTION ( 'NONE',  ( -1.000000000000000000, 0.000000000000000000, 0.000000000000000000 ) ) ;
#2357 = CARTESIAN_POINT ( 'NONE',  ( -1.750000000000107470, 0.000000000000000000, 2.400000000000000355 ) ) ;
#2358 = CARTESIAN_POINT ( 'NONE',  ( 7.000000000000000000, 0.6000000000000000888, 3.899999999999999911 ) ) ;
#2359 = ORIENTED_EDGE ( 'NONE', *, *, #7891, .F. ) ;
#2360 = DIRECTION ( 'NONE',  ( 1.000000000000000000, -0.000000000000000000, -0.000000000000000000 ) ) ;
#2361 = EDGE_CURVE ( 'NONE', #304, #3186, #5971, .T. ) ;
#2362 = ORIENTED_EDGE ( 'NONE', *, *, #1809, .F. ) ;
#2363 = DIRECTION ( 'NONE',  ( 1.000000000000000000, 0.000000000000000000, 0.000000000000000000 ) ) ;
#2364 = SURFACE_STYLE_FILL_AREA ( #3189 ) ;
#2365 = CARTESIAN_POINT ( 'NONE',  ( -6.200000000000001066, 5.500000000000001776, 1.974999999999999423 ) ) ;
#2366 = ORIENTED_EDGE ( 'NONE', *, *, #8860, .F. ) ;
#2367 = DIRECTION ( 'NONE',  ( -0.000000000000000000, 0.000000000000000000, 1.000000000000000000 ) ) ;
#2368 = CARTESIAN_POINT ( 'NONE',  ( 5.900000000000000355, 1.799999999999999600, 1.099999999999999423 ) ) ;
#2369 = AXIS2_PLACEMENT_3D ( 'NONE', #6095, #9438, #3785 ) ;
#2370 = ORIENTED_EDGE ( 'NONE', *, *, #4085, .F. ) ;
#2371 = DIRECTION ( 'NONE',  ( -1.000000000000000000, -0.000000000000000000, -0.000000000000000000 ) ) ;
#2372 = EDGE_LOOP ( 'NONE', ( #6261, #7851, #1363 ) ) ;
#2373 = LINE ( 'NONE', #10679, #8154 ) ;
#2374 = EDGE_CURVE ( 'NONE', #8163, #1395, #802, .T. ) ;
#2375 = DIRECTION ( 'NONE',  ( 0.000000000000000000, 0.000000000000000000, 1.000000000000000000 ) ) ;
#2376 = EDGE_LOOP ( 'NONE', ( #6872, #5277, #1815, #9554, #1295, #7349, #9419 ) ) ;
#2377 = AXIS2_PLACEMENT_3D ( 'NONE', #9975, #9765, #4925 ) ;
#2378 = ORIENTED_EDGE ( 'NONE', *, *, #10705, .T. ) ;
#2379 = ORIENTED_EDGE ( 'NONE', *, *, #477, .F. ) ;
#2380 = LINE ( 'NONE', #2325, #5816 ) ;
#2381 = CARTESIAN_POINT ( 'NONE',  ( 7.000000000000000000, 5.064999999999999503, 2.250000000000000444 ) ) ;
#2382 = PRESENTATION_LAYER_ASSIGNMENT (  '', '', ( #960 ) ) ;
#2383 = LINE ( 'NONE', #1451, #8536 ) ;
#2384 = EDGE_CURVE ( 'NONE', #10126, #3877, #10863, .T. ) ;
#2385 = DIRECTION ( 'NONE',  ( 0.000000000000000000, 0.000000000000000000, 1.000000000000000000 ) ) ;
#2386 = CARTESIAN_POINT ( 'NONE',  ( -4.250000000000000000, 2.149999999999999467, 0.7999999999999994893 ) ) ;
#2387 = VERTEX_POINT ( 'NONE', #2996 ) ;
#2388 = VERTEX_POINT ( 'NONE', #6360 ) ;
#2389 = LINE ( 'NONE', #9816, #2666 ) ;
#2390 = CARTESIAN_POINT ( 'NONE',  ( 5.800000000000000711, 5.470710678118656745, 1.352867965644033887 ) ) ;
#2391 = DIRECTION ( 'NONE',  ( 0.000000000000000000, 1.000000000000000000, 0.000000000000000000 ) ) ;
#2392 = CARTESIAN_POINT ( 'NONE',  ( -0.6250000000000001110, 5.000000000000000000, -0.2500000000000002220 ) ) ;
#2393 = PLANE ( 'NONE',  #5954 ) ;
#2394 = VECTOR ( 'NONE', #10003, 1000.000000000000000 ) ;
#2395 = EDGE_CURVE ( 'NONE', #1316, #6990, #8707, .T. ) ;
#2396 = VERTEX_POINT ( 'NONE', #10363 ) ;
#2397 = FACE_OUTER_BOUND ( 'NONE', #6441, .T. ) ;
#2398 = DIRECTION ( 'NONE',  ( -1.000000000000000000, 0.000000000000000000, 0.000000000000000000 ) ) ;
#2399 = DIRECTION ( 'NONE',  ( 0.5773502691896211791, 0.5773502691896247319, 0.5773502691896312822 ) ) ;
#2400 = ORIENTED_EDGE ( 'NONE', *, *, #9301, .F. ) ;
#2401 = DIRECTION ( 'NONE',  ( -6.195440985631441512E-16, 1.000000000000000000, 0.000000000000000000 ) ) ;
#2402 = VECTOR ( 'NONE', #4641, 1000.000000000000000 ) ;
#2403 = CARTESIAN_POINT ( 'NONE',  ( 0.2499999999998926692, 0.6000000000000000888, 4.999999999999972466 ) ) ;
#2404 = CARTESIAN_POINT ( 'NONE',  ( 5.800000000000000711, 5.064999999999999503, 2.250000000000000444 ) ) ;
#2405 = ORIENTED_EDGE ( 'NONE', *, *, #3478, .F. ) ;
#2406 = DIRECTION ( 'NONE',  ( 0.000000000000000000, 0.000000000000000000, -1.000000000000000000 ) ) ;
#2407 = EDGE_CURVE ( 'NONE', #4447, #1483, #6191, .T. ) ;
#2408 = ORIENTED_EDGE ( 'NONE', *, *, #976, .F. ) ;
#2409 = EDGE_CURVE ( 'NONE', #6912, #3207, #4536, .T. ) ;
#2410 = EDGE_CURVE ( 'NONE', #2818, #8016, #462, .T. ) ;
#2411 = VECTOR ( 'NONE', #7334, 1000.000000000000000 ) ;
#2412 = CARTESIAN_POINT ( 'NONE',  ( 6.200000000000001066, 5.394289321881346133, 0.8207106781186546129 ) ) ;
#2413 = EDGE_LOOP ( 'NONE', ( #7727, #5482, #5227, #7032 ) ) ;
#2414 =( LENGTH_UNIT ( ) NAMED_UNIT ( * ) SI_UNIT ( .MILLI., .METRE. ) );
#2415 = CARTESIAN_POINT ( 'NONE',  ( 4.140808929720139808, 2.259191070279860103, -2.300000000000000266 ) ) ;
#2416 = ORIENTED_EDGE ( 'NONE', *, *, #9812, .F. ) ;
#2417 = DIRECTION ( 'NONE',  ( 0.000000000000000000, 0.000000000000000000, 1.000000000000000000 ) ) ;
#2418 = EDGE_CURVE ( 'NONE', #7282, #1483, #7123, .T. ) ;
#2419 = ORIENTED_EDGE ( 'NONE', *, *, #91, .T. ) ;
#2420 = CARTESIAN_POINT ( 'NONE',  ( -6.201446609406727539, 0.5035533905932737531, -4.999999999999995559 ) ) ;
#2421 = LINE ( 'NONE', #772, #6532 ) ;
#2422 = EDGE_LOOP ( 'NONE', ( #10335, #6285, #5028, #666 ) ) ;
#2423 = ORIENTED_EDGE ( 'NONE', *, *, #8136, .F. ) ;
#2424 = CARTESIAN_POINT ( 'NONE',  ( -4.537690618442708157, 0.8943454345648219617, -4.855654565435175485 ) ) ;
#2425 = CARTESIAN_POINT ( 'NONE',  ( -5.200000000000000178, 2.750000000000001776, -3.049999999999997602 ) ) ;
#2426 = EDGE_CURVE ( 'NONE', #4354, #5580, #1179, .T. ) ;
#2427 = CARTESIAN_POINT ( 'NONE',  ( 2.125282473150413853, 2.274717526849586502, -3.031080120897855945 ) ) ;
#2428 = CARTESIAN_POINT ( 'NONE',  ( 6.200000000000001066, 5.500000000000001776, 1.282157287525380163 ) ) ;
#2429 = CARTESIAN_POINT ( 'NONE',  ( 4.249999999999892530, 0.2000000000000000111, 5.000000000000000888 ) ) ;
#2430 = DIRECTION ( 'NONE',  ( 0.000000000000000000, -0.000000000000000000, 1.000000000000000000 ) ) ;
#2431 = ORIENTED_EDGE ( 'NONE', *, *, #43, .F. ) ;
#2432 = ORIENTED_EDGE ( 'NONE', *, *, #10128, .F. ) ;
#2433 = VECTOR ( 'NONE', #8316, 1000.000000000000000 ) ;
#2434 = CARTESIAN_POINT ( 'NONE',  ( 7.000000000000000000, 1.300000000000000266, 3.699999999999999734 ) ) ;
#2435 = EDGE_CURVE ( 'NONE', #4577, #7282, #1288, .T. ) ;
#2436 = CARTESIAN_POINT ( 'NONE',  ( 6.305000000000000604, 1.800000000000000044, -1.699999999999999734 ) ) ;
#2437 = FACE_OUTER_BOUND ( 'NONE', #4009, .T. ) ;
#2438 = DIRECTION ( 'NONE',  ( 1.000000000000000000, 0.000000000000000000, -0.000000000000000000 ) ) ;
#2439 = AXIS2_PLACEMENT_3D ( 'NONE', #8012, #381, #319 ) ;
#2440 = CARTESIAN_POINT ( 'NONE',  ( -4.765925738772056164, 0.2583875745976581539, -4.990890161018795013 ) ) ;
#2441 = VERTEX_POINT ( 'NONE', #3763 ) ;
#2442 = DIRECTION ( 'NONE',  ( -1.051347561198065205E-15, 0.000000000000000000, -1.000000000000000000 ) ) ;
#2443 = LINE ( 'NONE', #1624, #4771 ) ;
#2444 = VECTOR ( 'NONE', #2351, 1000.000000000000000 ) ;
#2445 = CARTESIAN_POINT ( 'NONE',  ( 2.249999999999892530, 1.300000000000000266, 3.899999999999999911 ) ) ;
#2446 = EDGE_LOOP ( 'NONE', ( #4702, #6212, #10362, #5930 ) ) ;
#2447 = CARTESIAN_POINT ( 'NONE',  ( -7.000000000000000000, 3.400000000000000355, 1.799999999999997380 ) ) ;
#2448 = FACE_OUTER_BOUND ( 'NONE', #9432, .T. ) ;
#2449 = VECTOR ( 'NONE', #3671, 1000.000000000000000 ) ;
#2450 = LINE ( 'NONE', #2404, #1982 ) ;
#2451 = VERTEX_POINT ( 'NONE', #7874 ) ;
#2452 = CARTESIAN_POINT ( 'NONE',  ( -6.305000000000000604, 0.4000000000000050737, 4.898587196589475938E-17 ) ) ;
#2453 = VECTOR ( 'NONE', #10092, 1000.000000000000000 ) ;
#2454 = ORIENTED_EDGE ( 'NONE', *, *, #6102, .F. ) ;
#2455 = CARTESIAN_POINT ( 'NONE',  ( 1.749999999999892308, 0.6000000000000000888, 4.999999999999985789 ) ) ;
#2456 =( GEOMETRIC_REPRESENTATION_CONTEXT ( 3 ) GLOBAL_UNCERTAINTY_ASSIGNED_CONTEXT ( ( #4676 ) ) GLOBAL_UNIT_ASSIGNED_CONTEXT ( ( #7944, #3659, #6423 ) ) REPRESENTATION_CONTEXT ( 'NONE', 'WORKASPACE' ) );
#2457 = PLANE ( 'NONE',  #2486 ) ;
#2458 = EDGE_LOOP ( 'NONE', ( #318, #9435, #6395, #9250 ) ) ;
#2459 = SURFACE_STYLE_USAGE ( .BOTH. , #9110 ) ;
#2460 = CARTESIAN_POINT ( 'NONE',  ( 5.599999999999999645, 5.700000000000000178, -3.200000000000000178 ) ) ;
#2461 = EDGE_CURVE ( 'NONE', #9899, #6726, #9515, .T. ) ;
#2462 = EDGE_CURVE ( 'NONE', #3725, #8004, #2173, .T. ) ;
#2463 = EDGE_CURVE ( 'NONE', #7212, #4986, #3819, .T. ) ;
#2464 = VECTOR ( 'NONE', #8205, 1000.000000000000000 ) ;
#2465 = VERTEX_POINT ( 'NONE', #8591 ) ;
#2466 = CARTESIAN_POINT ( 'NONE',  ( -2.250000000000000444, 2.649999999999999911, -1.999999999999997335 ) ) ;
#2467 = ORIENTED_EDGE ( 'NONE', *, *, #10588, .T. ) ;
#2468 = DIRECTION ( 'NONE',  ( -0.000000000000000000, -1.000000000000000000, -0.000000000000000000 ) ) ;
#2469 = LINE ( 'NONE', #5832, #2472 ) ;
#2470 = ORIENTED_EDGE ( 'NONE', *, *, #1595, .F. ) ;
#2471 = AXIS2_PLACEMENT_3D ( 'NONE', #3834, #7186, #10544 ) ;
#2472 = VECTOR ( 'NONE', #4960, 1000.000000000000000 ) ;
#2473 = EDGE_LOOP ( 'NONE', ( #1454, #2400, #232, #6434 ) ) ;
#2474 = LINE ( 'NONE', #8558, #10235 ) ;
#2475 = DIRECTION ( 'NONE',  ( -0.3236155771181821184, 0.3236155771181821184, 0.8891264907159901476 ) ) ;
#2476 = DIRECTION ( 'NONE',  ( 0.000000000000000000, 1.000000000000000000, -0.000000000000000000 ) ) ;
#2477 = CARTESIAN_POINT ( 'NONE',  ( -6.304999999999999716, 4.050000000000000711, -3.200000000000000178 ) ) ;
#2478 = AXIS2_PLACEMENT_3D ( 'NONE', #3332, #651, #4002 ) ;
#2479 = ORIENTED_EDGE ( 'NONE', *, *, #5544, .T. ) ;
#2480 = LINE ( 'NONE', #730, #991 ) ;
#2481 = CARTESIAN_POINT ( 'NONE',  ( -6.304999999999998828, 1.999896230895142013, -5.000000000000000000 ) ) ;
#2482 = EDGE_CURVE ( 'NONE', #4301, #3186, #7173, .T. ) ;
#2483 = CARTESIAN_POINT ( 'NONE',  ( -1.699999999999999289, 4.400000000000000355, -3.200000000000000178 ) ) ;
#2484 = VERTEX_POINT ( 'NONE', #9642 ) ;
#2485 = EDGE_LOOP ( 'NONE', ( #2625, #2768, #8298, #10533 ) ) ;
#2486 = AXIS2_PLACEMENT_3D ( 'NONE', #5719, #3902, #7419 ) ;
#2487 = VECTOR ( 'NONE', #6822, 1000.000000000000000 ) ;
#2488 = CARTESIAN_POINT ( 'NONE',  ( 4.827974591282621297, 0.000000000000000000, -4.650000000000000355 ) ) ;
#2489 = CARTESIAN_POINT ( 'NONE',  ( -6.200000000000001066, 5.470710678118654968, 1.647132034355962338 ) ) ;
#2490 = LINE ( 'NONE', #1050, #2653 ) ;
#2491 = DIRECTION ( 'NONE',  ( 1.000000000000000000, 0.000000000000000000, -0.000000000000000000 ) ) ;
#2492 = VECTOR ( 'NONE', #9434, 1000.000000000000000 ) ;
#2493 = CARTESIAN_POINT ( 'NONE',  ( -1.750000000000107470, 0.000000000000000000, 5.000000000000000000 ) ) ;
#2494 = CIRCLE ( 'NONE', #4797, 0.1749999999999998224 ) ;
#2495 = AXIS2_PLACEMENT_3D ( 'NONE', #8623, #6103, #4664 ) ;
#2496 = VERTEX_POINT ( 'NONE', #1121 ) ;
#2497 = CARTESIAN_POINT ( 'NONE',  ( -5.599999999999997868, 5.700000000000000178, 2.800000000000000266 ) ) ;
#2498 = EDGE_CURVE ( 'NONE', #2519, #9018, #10420, .T. ) ;
#2499 = EDGE_CURVE ( 'NONE', #9495, #3649, #2891, .T. ) ;
#2500 = CARTESIAN_POINT ( 'NONE',  ( 5.800000000000000711, 5.299999999999999822, -1.699999999999999734 ) ) ;
#2501 = EDGE_LOOP ( 'NONE', ( #2972, #9728, #1350, #3669 ) ) ;
#2502 = CARTESIAN_POINT ( 'NONE',  ( -4.026055542458625069, 0.000000000000000000, -4.350000000000003197 ) ) ;
#2503 = ORIENTED_EDGE ( 'NONE', *, *, #7318, .F. ) ;
#2504 = DIRECTION ( 'NONE',  ( 0.000000000000000000, 0.000000000000000000, 1.000000000000000000 ) ) ;
#2505 = VECTOR ( 'NONE', #1917, 1000.000000000000000 ) ;
#2506 = DIRECTION ( 'NONE',  ( 0.000000000000000000, 1.000000000000000000, 0.000000000000000000 ) ) ;
#2507 = PLANE ( 'NONE',  #10414 ) ;
#2508 = ORIENTED_EDGE ( 'NONE', *, *, #4624, .T. ) ;
#2509 = PLANE ( 'NONE',  #6961 ) ;
#2510 = PRESENTATION_STYLE_ASSIGNMENT (( #5144 ) ) ;
#2511 = ORIENTED_EDGE ( 'NONE', *, *, #1216, .F. ) ;
#2512 = CARTESIAN_POINT ( 'NONE',  ( -7.000000000000000888, 3.150000000000000799, -3.000000000000000000 ) ) ;
#2513 = ORIENTED_EDGE ( 'NONE', *, *, #3665, .F. ) ;
#2514 = DIRECTION ( 'NONE',  ( 1.000000000000000000, -0.000000000000000000, -0.000000000000000000 ) ) ;
#2515 = CARTESIAN_POINT ( 'NONE',  ( 4.790655879422974550, -2.545029625028461638E-16, -4.855025253169416466 ) ) ;
#2516 = EDGE_CURVE ( 'NONE', #9771, #8768, #295, .T. ) ;
#2517 = ORIENTED_EDGE ( 'NONE', *, *, #7351, .F. ) ;
#2518 = CARTESIAN_POINT ( 'NONE',  ( 4.249999999999892530, 0.000000000000000000, 4.800000000000000711 ) ) ;
#2519 = VERTEX_POINT ( 'NONE', #6300 ) ;
#2520 = DIRECTION ( 'NONE',  ( 1.000000000000000000, 0.000000000000000000, -0.000000000000000000 ) ) ;
#2521 = ADVANCED_FACE ( 'NONE', ( #2059 ), #7770, .F. ) ;
#2522 = DIRECTION ( 'NONE',  ( 0.000000000000000000, -1.000000000000000000, 0.000000000000000000 ) ) ;
#2523 = ADVANCED_FACE ( 'NONE', ( #7009 ), #5411, .T. ) ;
#2524 = ORIENTED_EDGE ( 'NONE', *, *, #951, .T. ) ;
#2525 = ORIENTED_EDGE ( 'NONE', *, *, #541, .F. ) ;
#2526 = FACE_OUTER_BOUND ( 'NONE', #7858, .T. ) ;
#2527 = AXIS2_PLACEMENT_3D ( 'NONE', #8797, #1921, #10567 ) ;
#2528 = FACE_OUTER_BOUND ( 'NONE', #1085, .T. ) ;
#2529 = CARTESIAN_POINT ( 'NONE',  ( -3.750000000000000000, 2.149999999999999467, 0.7999999999999994893 ) ) ;
#2530 = DIRECTION ( 'NONE',  ( 0.000000000000000000, -0.7071067811865455743, 0.7071067811865495711 ) ) ;
#2531 = PLANE ( 'NONE',  #2226 ) ;
#2532 = ORIENTED_EDGE ( 'NONE', *, *, #7005, .F. ) ;
#2533 = FACE_OUTER_BOUND ( 'NONE', #3537, .T. ) ;
#2534 = AXIS2_PLACEMENT_3D ( 'NONE', #523, #8654, #3766 ) ;
#2535 = DIRECTION ( 'NONE',  ( -1.000000000000000000, -0.000000000000000000, -0.000000000000000000 ) ) ;
#2536 = EDGE_CURVE ( 'NONE', #6851, #10788, #409, .T. ) ;
#2537 = ORIENTED_EDGE ( 'NONE', *, *, #5878, .T. ) ;
#2538 = ADVANCED_FACE ( 'NONE', ( #637 ), #8875, .F. ) ;
#2539 = ORIENTED_EDGE ( 'NONE', *, *, #6413, .T. ) ;
#2540 = DIRECTION ( 'NONE',  ( 0.000000000000000000, -1.000000000000000000, 0.000000000000000000 ) ) ;
#2541 = ADVANCED_FACE ( 'NONE', ( #8101 ), #3990, .T. ) ;
#2542 = STYLED_ITEM ( 'NONE', ( #8933 ), #5581 ) ;
#2543 = LINE ( 'NONE', #9242, #1313 ) ;
#2544 = DIRECTION ( 'NONE',  ( 1.000000000000000000, -0.000000000000000000, -0.000000000000000000 ) ) ;
#2545 = CARTESIAN_POINT ( 'NONE',  ( -4.026055542458625069, 2.349999999999999645, -4.100000000000003197 ) ) ;
#2546 = VERTEX_POINT ( 'NONE', #8262 ) ;
#2547 = DIRECTION ( 'NONE',  ( -1.000000000000000000, 0.000000000000000000, 0.000000000000000000 ) ) ;
#2548 = AXIS2_PLACEMENT_3D ( 'NONE', #3754, #2102, #1279 ) ;
#2549 = FACE_OUTER_BOUND ( 'NONE', #7829, .T. ) ;
#2550 = ORIENTED_EDGE ( 'NONE', *, *, #3196, .F. ) ;
#2551 = LINE ( 'NONE', #3434, #10886 ) ;
#2552 = VERTEX_POINT ( 'NONE', #3270 ) ;
#2553 = FACE_OUTER_BOUND ( 'NONE', #10779, .T. ) ;
#2554 = CARTESIAN_POINT ( 'NONE',  ( 7.000000000000000000, 4.550000000000001599, -3.200000000000000178 ) ) ;
#2555 = EDGE_CURVE ( 'NONE', #361, #1843, #6575, .T. ) ;
#2556 = CARTESIAN_POINT ( 'NONE',  ( -6.200000000000001066, 5.465000000000000746, 1.499999999999999334 ) ) ;
#2557 = VECTOR ( 'NONE', #3308, 1000.000000000000000 ) ;
#2558 = ORIENTED_EDGE ( 'NONE', *, *, #1053, .T. ) ;
#2559 = CARTESIAN_POINT ( 'NONE',  ( 6.200000000000001066, 5.500000000000001776, 0.5321572875253787194 ) ) ;
#2560 = ORIENTED_EDGE ( 'NONE', *, *, #452, .T. ) ;
#2561 = CARTESIAN_POINT ( 'NONE',  ( -3.750000000000000000, 2.649999999999999911, 0.7999999999999994893 ) ) ;
#2562 = VECTOR ( 'NONE', #1478, 1000.000000000000000 ) ;
#2563 = LINE ( 'NONE', #2611, #7418 ) ;
#2564 = ORIENTED_EDGE ( 'NONE', *, *, #7585, .T. ) ;
#2565 = DIRECTION ( 'NONE',  ( -0.000000000000000000, 0.000000000000000000, -1.000000000000000000 ) ) ;
#2566 = DIRECTION ( 'NONE',  ( 0.000000000000000000, 0.000000000000000000, 1.000000000000000000 ) ) ;
#2567 = EDGE_CURVE ( 'NONE', #1421, #9182, #5750, .T. ) ;
#2568 = EDGE_LOOP ( 'NONE', ( #5961, #2607, #8097, #4162 ) ) ;
#2569 = PLANE ( 'NONE',  #2740 ) ;
#2570 = VECTOR ( 'NONE', #8254, 1000.000000000000000 ) ;
#2571 = EDGE_LOOP ( 'NONE', ( #3303, #5269, #2197, #7729 ) ) ;
#2572 = CARTESIAN_POINT ( 'NONE',  ( -6.200000000000001066, 5.299999999999999822, -1.699999999999999734 ) ) ;
#2573 = DIRECTION ( 'NONE',  ( 0.000000000000000000, 0.000000000000000000, 1.000000000000000000 ) ) ;
#2574 = ORIENTED_EDGE ( 'NONE', *, *, #2965, .F. ) ;
#2575 = ORIENTED_EDGE ( 'NONE', *, *, #333, .T. ) ;
#2576 = LINE ( 'NONE', #7580, #9661 ) ;
#2577 = DIRECTION ( 'NONE',  ( -0.000000000000000000, -0.000000000000000000, 1.000000000000000000 ) ) ;
#2578 = DIRECTION ( 'NONE',  ( -0.000000000000000000, 0.4226182617407002740, 0.9063077870366496036 ) ) ;
#2579 = LINE ( 'NONE', #8303, #7751 ) ;
#2580 = PLANE ( 'NONE',  #6259 ) ;
#2581 = VERTEX_POINT ( 'NONE', #5697 ) ;
#2582 = PLANE ( 'NONE',  #10132 ) ;
#2583 = CARTESIAN_POINT ( 'NONE',  ( -6.200000000000001954, 3.400000000000000355, 1.999999999999999556 ) ) ;
#2584 = ORIENTED_EDGE ( 'NONE', *, *, #8357, .T. ) ;
#2585 = VERTEX_POINT ( 'NONE', #2281 ) ;
#2586 = CARTESIAN_POINT ( 'NONE',  ( -3.400000000000000355, 4.850000000000000533, 3.900000000000000355 ) ) ;
#2588 = EDGE_CURVE ( 'NONE', #3072, #3259, #9974, .T. ) ;
#2587 = CARTESIAN_POINT ( 'NONE',  ( 1.749999999999893197, 0.6000000000000000888, 2.399999999999986144 ) ) ;
#2589 = LINE ( 'NONE', #5957, #3201 ) ;
#2590 = EDGE_CURVE ( 'NONE', #2784, #2146, #2389, .T. ) ;
#2591 = SURFACE_SIDE_STYLE ('',( #16 ) ) ;
#2592 = ADVANCED_FACE ( 'NONE', ( #1511 ), #2341, .F. ) ;
#2593 = DIRECTION ( 'NONE',  ( 0.000000000000000000, 1.000000000000000000, -6.829619984160657060E-16 ) ) ;
#2594 = ORIENTED_EDGE ( 'NONE', *, *, #9246, .F. ) ;
#2595 = LINE ( 'NONE', #894, #9665 ) ;
#2596 = CARTESIAN_POINT ( 'NONE',  ( 4.614299982513888843, 0.2333497923556251685, -4.985401951580479718 ) ) ;
#2597 = AXIS2_PLACEMENT_3D ( 'NONE', #10035, #3840, #3023 ) ;
#2598 = ORIENTED_EDGE ( 'NONE', *, *, #12, .F. ) ;
#2599 = CARTESIAN_POINT ( 'NONE',  ( -7.000000000000000000, 1.799999999999999600, 1.399999999999999689 ) ) ;
#2600 = ORIENTED_EDGE ( 'NONE', *, *, #9132, .F. ) ;
#2601 = DIRECTION ( 'NONE',  ( 0.000000000000000000, 0.000000000000000000, 1.000000000000000000 ) ) ;
#2602 = COLOUR_RGB ( '',0.7921568627450980005, 0.8196078431372548767, 0.9333333333333333481 ) ;
#2603 = DIRECTION ( 'NONE',  ( -0.000000000000000000, -1.000000000000000000, -0.000000000000000000 ) ) ;
#2604 = CARTESIAN_POINT ( 'NONE',  ( 3.250000000000000444, 4.550000000000001599, -3.200000000000000178 ) ) ;
#2605 = AXIS2_PLACEMENT_3D ( 'NONE', #470, #6305, #6137 ) ;
#2606 = ORIENTED_EDGE ( 'NONE', *, *, #9987, .F. ) ;
#2607 = ORIENTED_EDGE ( 'NONE', *, *, #592, .F. ) ;
#2608 = DIRECTION ( 'NONE',  ( 0.000000000000000000, -1.000000000000000000, -0.000000000000000000 ) ) ;
#2609 = EDGE_CURVE ( 'NONE', #9971, #3969, #7288, .T. ) ;
#2610 = VECTOR ( 'NONE', #5708, 999.9999999999998863 ) ;
#2611 = CARTESIAN_POINT ( 'NONE',  ( 1.749999999999999778, 2.149999999999999467, -2.300000000000000266 ) ) ;
#2613 = ORIENTED_EDGE ( 'NONE', *, *, #4500, .F. ) ;
#2612 = AXIS2_PLACEMENT_3D ( 'NONE', #8006, #7030, #9786 ) ;
#2614 = FACE_OUTER_BOUND ( 'NONE', #431, .T. ) ;
#2615 = CARTESIAN_POINT ( 'NONE',  ( -5.004999999999999893, 5.064999999999999503, 2.250000000000000444 ) ) ;
#2616 = EDGE_CURVE ( 'NONE', #3831, #8187, #9703, .T. ) ;
#2617 = AXIS2_PLACEMENT_3D ( 'NONE', #10069, #8037, #5893 ) ;
#2618 = ORIENTED_EDGE ( 'NONE', *, *, #3112, .T. ) ;
#2619 = CARTESIAN_POINT ( 'NONE',  ( 0.2499999999998926692, 0.6000000000000000888, 5.000000000000000000 ) ) ;
#2620 = EDGE_LOOP ( 'NONE', ( #2788, #5479, #8144, #6807 ) ) ;
#2621 = VECTOR ( 'NONE', #6595, 1000.000000000000000 ) ;
#2622 = DIRECTION ( 'NONE',  ( 1.000000000000000000, -0.000000000000000000, 0.000000000000000000 ) ) ;
#2623 = DIRECTION ( 'NONE',  ( -0.000000000000000000, 1.000000000000000000, -0.000000000000000000 ) ) ;
#2624 = EDGE_CURVE ( 'NONE', #4834, #7621, #520, .T. ) ;
#2625 = ORIENTED_EDGE ( 'NONE', *, *, #10683, .T. ) ;
#2626 = VECTOR ( 'NONE', #4482, 1000.000000000000000 ) ;
#2627 = ADVANCED_FACE ( 'NONE', ( #9037 ), #10593, .F. ) ;
#2628 = EDGE_LOOP ( 'NONE', ( #9913, #4574, #7791, #748 ) ) ;
#2629 = CARTESIAN_POINT ( 'NONE',  ( -1.496673887931475377, 1.799999999999999600, 1.399999999999999689 ) ) ;
#2630 = LINE ( 'NONE', #9342, #8300 ) ;
#2631 = VECTOR ( 'NONE', #1338, 1000.000000000000000 ) ;
#2632 = LINE ( 'NONE', #3260, #1089 ) ;
#2633 = DIRECTION ( 'NONE',  ( -1.000000000000000000, 0.000000000000000000, 0.000000000000000000 ) ) ;
#2634 = VECTOR ( 'NONE', #767, 1000.000000000000000 ) ;
#2635 = CARTESIAN_POINT ( 'NONE',  ( -0.2500000000000002220, 2.149999999999999467, -2.300000000000000266 ) ) ;
#2636 = ADVANCED_FACE ( 'NONE', ( #6415 ), #9764, .F. ) ;
#2637 = ORIENTED_EDGE ( 'NONE', *, *, #7445, .F. ) ;
#2638 = CARTESIAN_POINT ( 'NONE',  ( 4.200000000000000178, 4.799999999999999822, -3.049999999999997602 ) ) ;
#2639 = VECTOR ( 'NONE', #8155, 1000.000000000000000 ) ;
#2640 = LINE ( 'NONE', #9404, #2825 ) ;
#2641 = ORIENTED_EDGE ( 'NONE', *, *, #9208, .T. ) ;
#2642 = EDGE_LOOP ( 'NONE', ( #8850, #6618, #2315, #2279 ) ) ;
#2643 = LINE ( 'NONE', #8416, #4083 ) ;
#2644 = VECTOR ( 'NONE', #5711, 1000.000000000000000 ) ;
#2645 = DIRECTION ( 'NONE',  ( -0.000000000000000000, 1.000000000000000000, -0.000000000000000000 ) ) ;
#2646 = CARTESIAN_POINT ( 'NONE',  ( 7.000000000000000888, 4.050000000000000711, -3.200000000000000178 ) ) ;
#2647 = VECTOR ( 'NONE', #7623, 1000.000000000000000 ) ;
#2648 = CARTESIAN_POINT ( 'NONE',  ( 6.200000000000001066, 5.500000000000001776, 1.974999999999999423 ) ) ;
#2649 = ADVANCED_FACE ( 'NONE', ( #1397 ), #4761, .F. ) ;
#2650 = CARTESIAN_POINT ( 'NONE',  ( 7.000000000000000000, 4.700000000000000178, 0.1000000000000000472 ) ) ;
#2651 = VERTEX_POINT ( 'NONE', #7395 ) ;
#2652 = CARTESIAN_POINT ( 'NONE',  ( 7.000000000000000000, 5.499999999999998224, 3.700000000000000178 ) ) ;
#2653 = VECTOR ( 'NONE', #3423, 1000.000000000000000 ) ;
#2654 = ADVANCED_FACE ( 'NONE', ( #10757 ), #3221, .F. ) ;
#2655 = CARTESIAN_POINT ( 'NONE',  ( 4.605000070550461899, 0.2905905077850161056, -4.999999889257943586 ) ) ;
#2656 = AXIS2_PLACEMENT_3D ( 'NONE', #4775, #8170, #648 ) ;
#2657 = EDGE_LOOP ( 'NONE', ( #10402, #7381, #10093, #436 ) ) ;
#2658 = EDGE_CURVE ( 'NONE', #9678, #9604, #4923, .T. ) ;
#2659 = CARTESIAN_POINT ( 'NONE',  ( 5.800000000000000711, 5.470710678118654968, 1.647132034355962338 ) ) ;
#2660 = VECTOR ( 'NONE', #10729, 1000.000000000000000 ) ;
#2661 = VERTEX_POINT ( 'NONE', #10134 ) ;
#2662 = CARTESIAN_POINT ( 'NONE',  ( 6.200000000000001066, 5.465000000000001634, 0.7499999999999993339 ) ) ;
#2663 = FACE_OUTER_BOUND ( 'NONE', #10876, .T. ) ;
#2664 = LINE ( 'NONE', #10148, #4481 ) ;
#2665 = VECTOR ( 'NONE', #4996, 999.9999999999998863 ) ;
#2666 = VECTOR ( 'NONE', #3165, 1000.000000000000000 ) ;
#2667 = ORIENTED_EDGE ( 'NONE', *, *, #5860, .F. ) ;
#2668 = CARTESIAN_POINT ( 'NONE',  ( -3.750000000000107470, 0.000000000000000000, 2.400000000000000355 ) ) ;
#2669 = ORIENTED_EDGE ( 'NONE', *, *, #5100, .T. ) ;
#2670 = CYLINDRICAL_SURFACE ( 'NONE', #7887, 0.3499999999999995892 ) ;
#2671 = EDGE_CURVE ( 'NONE', #4743, #9122, #116, .T. ) ;
#2672 = EDGE_CURVE ( 'NONE', #5212, #5145, #166, .T. ) ;
#2673 = AXIS2_PLACEMENT_3D ( 'NONE', #3463, #1650, #6873 ) ;
#2674 = DIRECTION ( 'NONE',  ( -1.000000000000000000, 0.000000000000000000, -0.000000000000000000 ) ) ;
#2675 = ORIENTED_EDGE ( 'NONE', *, *, #8461, .T. ) ;
#2676 = DIRECTION ( 'NONE',  ( 0.000000000000000000, 0.000000000000000000, -1.000000000000000000 ) ) ;
#2677 = DIRECTION ( 'NONE',  ( 1.000000000000000000, 0.000000000000000000, 0.000000000000000000 ) ) ;
#2678 = EDGE_CURVE ( 'NONE', #10603, #5090, #8364, .T. ) ;
#2679 = ORIENTED_EDGE ( 'NONE', *, *, #3443, .T. ) ;
#2680 = VECTOR ( 'NONE', #981, 1000.000000000000000 ) ;
#2681 = FACE_OUTER_BOUND ( 'NONE', #3688, .T. ) ;
#2682 = ORIENTED_EDGE ( 'NONE', *, *, #7707, .F. ) ;
#2683 = DIRECTION ( 'NONE',  ( 0.000000000000000000, -0.9396926207859095381, -0.3420201433256658263 ) ) ;
#2684 = DIRECTION ( 'NONE',  ( 7.885106708985488048E-16, -1.000000000000000000, 0.000000000000000000 ) ) ;
#2685 = DIRECTION ( 'NONE',  ( 0.000000000000000000, -1.000000000000000000, -0.000000000000000000 ) ) ;
#2686 = ORIENTED_EDGE ( 'NONE', *, *, #8041, .F. ) ;
#2687 = ORIENTED_EDGE ( 'NONE', *, *, #9173, .F. ) ;
#2688 = PLANE ( 'NONE',  #6845 ) ;
#2689 = DIRECTION ( 'NONE',  ( 0.000000000000000000, 0.000000000000000000, 1.000000000000000000 ) ) ;
#2690 = DIRECTION ( 'NONE',  ( -1.000000000000000000, -0.000000000000000000, -0.000000000000000000 ) ) ;
#2691 = ORIENTED_EDGE ( 'NONE', *, *, #10848, .F. ) ;
#2692 = DIRECTION ( 'NONE',  ( -1.000000000000000000, -0.000000000000000000, -3.336006684570783101E-16 ) ) ;
#2693 = VERTEX_POINT ( 'NONE', #4977 ) ;
#2694 = EDGE_CURVE ( 'NONE', #7576, #5946, #837, .T. ) ;
#2695 = DIRECTION ( 'NONE',  ( 0.000000000000000000, -1.000000000000000000, 0.000000000000000000 ) ) ;
#2697 = ADVANCED_FACE ( 'NONE', ( #4144 ), #4249, .F. ) ;
#2696 = AXIS2_PLACEMENT_3D ( 'NONE', #7023, #10375, #10490 ) ;
#2698 = ORIENTED_EDGE ( 'NONE', *, *, #8725, .F. ) ;
#2699 = CARTESIAN_POINT ( 'NONE',  ( -1.750000000000107470, 0.2000000000000000111, 4.999999999999958256 ) ) ;
#2700 = FACE_OUTER_BOUND ( 'NONE', #1660, .T. ) ;
#2701 = ORIENTED_EDGE ( 'NONE', *, *, #4899, .F. ) ;
#2702 = ORIENTED_EDGE ( 'NONE', *, *, #2616, .T. ) ;
#2703 = DIRECTION ( 'NONE',  ( 0.000000000000000000, 0.000000000000000000, 1.000000000000000000 ) ) ;
#2704 = CARTESIAN_POINT ( 'NONE',  ( 6.200000000000001066, 5.400000000000001243, 1.282157287525380829 ) ) ;
#2705 = DIRECTION ( 'NONE',  ( -1.000000000000000000, 0.000000000000000000, 0.000000000000000000 ) ) ;
#2706 = PRESENTATION_STYLE_ASSIGNMENT (( #3424 ) ) ;
#2707 = AXIS2_PLACEMENT_3D ( 'NONE', #10324, #1306, #6919 ) ;
#2708 = PLANE ( 'NONE',  #9070 ) ;
#2709 = FACE_OUTER_BOUND ( 'NONE', #9116, .T. ) ;
#2710 = EDGE_LOOP ( 'NONE', ( #5224, #9169, #6657, #4407 ) ) ;
#2711 = PLANE ( 'NONE',  #9851 ) ;
#2712 = DIRECTION ( 'NONE',  ( -3.097720492815727659E-16, 1.591489427501657896E-16, -1.000000000000000000 ) ) ;
#2713 = ORIENTED_EDGE ( 'NONE', *, *, #9834, .T. ) ;
#2714 = VECTOR ( 'NONE', #5021, 1000.000000000000114 ) ;
#2715 = DIRECTION ( 'NONE',  ( -1.000000000000000000, -0.000000000000000000, -0.000000000000000000 ) ) ;
#2716 = ORIENTED_EDGE ( 'NONE', *, *, #5981, .T. ) ;
#2717 = CARTESIAN_POINT ( 'NONE',  ( 6.200000000000001066, 5.400000000000001243, 1.717842712474618283 ) ) ;
#2718 = CARTESIAN_POINT ( 'NONE',  ( 5.800000000000000711, 5.500000000000000888, 3.725000000000000533 ) ) ;
#2719 = DIRECTION ( 'NONE',  ( 1.000000000000000000, 0.000000000000000000, -0.000000000000000000 ) ) ;
#2720 = ADVANCED_FACE ( 'NONE', ( #10853 ), #9296, .T. ) ;
#2721 = ORIENTED_EDGE ( 'NONE', *, *, #2588, .F. ) ;
#2722 = VECTOR ( 'NONE', #1204, 1000.000000000000000 ) ;
#2723 = CARTESIAN_POINT ( 'NONE',  ( -4.250000000000107470, 0.6000000000000000888, 5.000000000000000000 ) ) ;
#2724 = VECTOR ( 'NONE', #3876, 1000.000000000000000 ) ;
#2725 = EDGE_LOOP ( 'NONE', ( #5418, #10245, #9402, #7765, #7573, #8021, #10216, #8899, #5190, #4615, #8573, #2698, #3918, #5258, #7157, #4802, #2600, #5044, #10840, #6620, #159, #7616, #2086, #5978, #6317, #3842, #699 ) ) ;
#2726 = CARTESIAN_POINT ( 'NONE',  ( -0.2500000000000002220, 2.149999999999999467, -1.999999999999997335 ) ) ;
#2727 = CARTESIAN_POINT ( 'NONE',  ( 1.749999999999892308, 0.2000000000000000111, 3.899999999999998135 ) ) ;
#2728 = ORIENTED_EDGE ( 'NONE', *, *, #5417, .F. ) ;
#2729 = CARTESIAN_POINT ( 'NONE',  ( 5.800000000000000711, 2.400000000000000355, 3.700000000000000178 ) ) ;
#2730 = VECTOR ( 'NONE', #5741, 1000.000000000000000 ) ;
#2731 = CARTESIAN_POINT ( 'NONE',  ( -6.200000000000001954, 5.700000000000000178, 0.1000000000000002554 ) ) ;
#2732 = ADVANCED_FACE ( 'NONE', ( #7538 ), #5177, .T. ) ;
#2733 = EDGE_CURVE ( 'NONE', #2153, #1395, #2643, .T. ) ;
#2734 = ORIENTED_EDGE ( 'NONE', *, *, #1723, .F. ) ;
#2735 = FACE_OUTER_BOUND ( 'NONE', #7267, .T. ) ;
#2736 = EDGE_CURVE ( 'NONE', #1373, #7745, #9, .T. ) ;
#2737 = VERTEX_POINT ( 'NONE', #3317 ) ;
#2738 = FACE_OUTER_BOUND ( 'NONE', #5505, .T. ) ;
#2739 = DIRECTION ( 'NONE',  ( 1.000000000000000000, -0.000000000000000000, -0.000000000000000000 ) ) ;
#2740 = AXIS2_PLACEMENT_3D ( 'NONE', #1692, #5049, #8392 ) ;
#2741 = CARTESIAN_POINT ( 'NONE',  ( 2.249999999999892530, 0.000000000000000000, 5.000000000000000000 ) ) ;
#2742 = VERTEX_POINT ( 'NONE', #941 ) ;
#2743 = ORIENTED_EDGE ( 'NONE', *, *, #4273, .F. ) ;
#2744 = DIRECTION ( 'NONE',  ( -1.000000000000000000, -8.673617379884035472E-16, 0.000000000000000000 ) ) ;
#2745 = CARTESIAN_POINT ( 'NONE',  ( 6.200000000000001066, 2.400000000000001243, -1.699999999999999734 ) ) ;
#2746 = DIRECTION ( 'NONE',  ( -0.000000000000000000, -1.000000000000000000, -0.000000000000000000 ) ) ;
#2747 = VECTOR ( 'NONE', #5518, 1000.000000000000114 ) ;
#2748 = ORIENTED_EDGE ( 'NONE', *, *, #2609, .T. ) ;
#2749 = PLANE ( 'NONE',  #922 ) ;
#2750 = ORIENTED_EDGE ( 'NONE', *, *, #10485, .T. ) ;
#2751 = LINE ( 'NONE', #9512, #7311 ) ;
#2752 = ORIENTED_EDGE ( 'NONE', *, *, #5304, .F. ) ;
#2753 = CARTESIAN_POINT ( 'NONE',  ( 6.200000000000001066, 4.700000000000000178, 0.1000000000000000472 ) ) ;
#2754 = CARTESIAN_POINT ( 'NONE',  ( -4.250000000000107470, 0.2000000000000000111, 5.000000000000000888 ) ) ;
#2755 = ORIENTED_EDGE ( 'NONE', *, *, #382, .F. ) ;
#2756 = VECTOR ( 'NONE', #7976, 1000.000000000000114 ) ;
#2757 = ORIENTED_EDGE ( 'NONE', *, *, #4168, .F. ) ;
#2758 = ADVANCED_FACE ( 'NONE', ( #887 ), #6011, .T. ) ;
#2759 = CARTESIAN_POINT ( 'NONE',  ( 4.026055542458626846, 0.3499999999999996447, -4.100000000000002309 ) ) ;
#2760 = LINE ( 'NONE', #9578, #6557 ) ;
#2761 = DIRECTION ( 'NONE',  ( 1.000000000000000000, 0.000000000000000000, 0.000000000000000000 ) ) ;
#2762 = PLANE ( 'NONE',  #2548 ) ;
#2763 = FACE_OUTER_BOUND ( 'NONE', #3293, .T. ) ;
#2764 = LINE ( 'NONE', #10413, #10524 ) ;
#2765 = ORIENTED_EDGE ( 'NONE', *, *, #4337, .T. ) ;
#2766 = CARTESIAN_POINT ( 'NONE',  ( -6.304999999999999716, 4.050000000000000711, -3.000000000000000000 ) ) ;
#2767 = DIRECTION ( 'NONE',  ( -0.000000000000000000, 1.000000000000000000, -0.000000000000000000 ) ) ;
#2768 = ORIENTED_EDGE ( 'NONE', *, *, #6855, .F. ) ;
#2769 = EDGE_CURVE ( 'NONE', #8339, #9821, #8520, .T. ) ;
#2770 = DIRECTION ( 'NONE',  ( -0.000000000000000000, 0.000000000000000000, 1.000000000000000000 ) ) ;
#2771 = EDGE_LOOP ( 'NONE', ( #3509, #3900, #10113, #6804 ) ) ;
#2772 = CARTESIAN_POINT ( 'NONE',  ( 6.200000000000001066, 5.500000000000001776, 0.5321572875253787194 ) ) ;
#2773 = CARTESIAN_POINT ( 'NONE',  ( 7.000000000000000000, 5.699999999999999289, 2.250000000000000000 ) ) ;
#2774 = PLANE ( 'NONE',  #9327 ) ;
#2775 = CARTESIAN_POINT ( 'NONE',  ( 6.200000000000001066, 4.700000000000000178, 0.1000000000000000472 ) ) ;
#2776 = ADVANCED_FACE ( 'NONE', ( #5955 ), #3529, .F. ) ;
#2777 = ORIENTED_EDGE ( 'NONE', *, *, #6413, .F. ) ;
#2778 = CARTESIAN_POINT ( 'NONE',  ( 3.750000000000000000, 2.649999999999999911, -2.300000000000000266 ) ) ;
#2779 = EDGE_CURVE ( 'NONE', #4715, #1985, #4041, .T. ) ;
#2780 = EDGE_LOOP ( 'NONE', ( #3088, #10131, #2111, #7092 ) ) ;
#2781 = VECTOR ( 'NONE', #180, 1000.000000000000000 ) ;
#2782 = FACE_OUTER_BOUND ( 'NONE', #6080, .T. ) ;
#2783 = FACE_OUTER_BOUND ( 'NONE', #2305, .T. ) ;
#2784 = VERTEX_POINT ( 'NONE', #6885 ) ;
#2785 = LINE ( 'NONE', #6145, #6542 ) ;
#2786 = CARTESIAN_POINT ( 'NONE',  ( 5.800000000000000711, 5.425000000000000711, 3.000000000000000444 ) ) ;
#2787 = VECTOR ( 'NONE', #10482, 1000.000000000000000 ) ;
#2788 = ORIENTED_EDGE ( 'NONE', *, *, #3301, .T. ) ;
#2789 = DIRECTION ( 'NONE',  ( -0.000000000000000000, -0.000000000000000000, -1.000000000000000000 ) ) ;
#2790 = CIRCLE ( 'NONE', #5073, 0.2000000000000005107 ) ;
#2791 = ORIENTED_EDGE ( 'NONE', *, *, #8515, .F. ) ;
#2792 = DIRECTION ( 'NONE',  ( 0.000000000000000000, 1.000000000000000000, 9.856383386231858827E-17 ) ) ;
#2793 = DIRECTION ( 'NONE',  ( 0.000000000000000000, 1.000000000000000000, 0.000000000000000000 ) ) ;
#2794 = VECTOR ( 'NONE', #2989, 1000.000000000000000 ) ;
#2795 = DIRECTION ( 'NONE',  ( -1.000000000000000000, 0.000000000000000000, 0.000000000000000000 ) ) ;
#2796 = VERTEX_POINT ( 'NONE', #1614 ) ;
#2797 = PLANE ( 'NONE',  #5477 ) ;
#2798 = EDGE_CURVE ( 'NONE', #6221, #10126, #10396, .T. ) ;
#2799 = UNCERTAINTY_MEASURE_WITH_UNIT (LENGTH_MEASURE( 1.000000000000000082E-05 ), #2414, 'distance_accuracy_value', 'NONE');
#2800 = ORIENTED_EDGE ( 'NONE', *, *, #6863, .T. ) ;
#2801 = EDGE_CURVE ( 'NONE', #7621, #7992, #567, .T. ) ;
#2802 = DIRECTION ( 'NONE',  ( 0.000000000000000000, -1.414176746720223153E-16, 1.000000000000000000 ) ) ;
#2803 = EDGE_CURVE ( 'NONE', #6257, #4339, #1963, .T. ) ;
#2804 = AXIS2_PLACEMENT_3D ( 'NONE', #3886, #8273, #10602 ) ;
#2805 = DIRECTION ( 'NONE',  ( -1.000000000000000000, -0.000000000000000000, -0.000000000000000000 ) ) ;
#2806 = FACE_OUTER_BOUND ( 'NONE', #4061, .T. ) ;
#2807 = ORIENTED_EDGE ( 'NONE', *, *, #7831, .F. ) ;
#2808 = DIRECTION ( 'NONE',  ( -0.000000000000000000, -0.000000000000000000, -1.000000000000000000 ) ) ;
#2809 = AXIS2_PLACEMENT_3D ( 'NONE', #10103, #6908, #5928 ) ;
#2810 = ORIENTED_EDGE ( 'NONE', *, *, #7133, .F. ) ;
#2811 = CARTESIAN_POINT ( 'NONE',  ( 6.055000000000000604, 0.4000000000000000777, -4.749999999999998224 ) ) ;
#2812 = VERTEX_POINT ( 'NONE', #7052 ) ;
#2813 = PLANE ( 'NONE',  #2527 ) ;
#2814 = VECTOR ( 'NONE', #7287, 1000.000000000000000 ) ;
#2815 = DIRECTION ( 'NONE',  ( -1.000000000000000000, -0.000000000000000000, -0.000000000000000000 ) ) ;
#2816 = ORIENTED_EDGE ( 'NONE', *, *, #7005, .T. ) ;
#2817 = VECTOR ( 'NONE', #7546, 1000.000000000000000 ) ;
#2818 = VERTEX_POINT ( 'NONE', #8575 ) ;
#2819 = EDGE_CURVE ( 'NONE', #4491, #6859, #4408, .T. ) ;
#2820 = CARTESIAN_POINT ( 'NONE',  ( -4.250000000000107470, -0.7241379310344808751, 4.710344827586208538 ) ) ;
#2821 = DIRECTION ( 'NONE',  ( -0.000000000000000000, -1.000000000000000000, -0.000000000000000000 ) ) ;
#2822 = CARTESIAN_POINT ( 'NONE',  ( -5.900000000000000355, 0.4000000000000000222, -1.700000000000000178 ) ) ;
#2823 = DIRECTION ( 'NONE',  ( 1.000000000000000000, 0.000000000000000000, -0.000000000000000000 ) ) ;
#2824 = ADVANCED_FACE ( 'NONE', ( #225 ), #5399, .F. ) ;
#2825 = VECTOR ( 'NONE', #10077, 1000.000000000000000 ) ;
#2826 = DIRECTION ( 'NONE',  ( -0.000000000000000000, 1.000000000000000000, -0.000000000000000000 ) ) ;
#2827 = DIRECTION ( 'NONE',  ( 0.000000000000000000, 1.000000000000000000, 0.000000000000000000 ) ) ;
#2828 = VERTEX_POINT ( 'NONE', #7860 ) ;
#2829 = CARTESIAN_POINT ( 'NONE',  ( 6.200000000000001066, 5.394289321881347021, 1.570710678118654391 ) ) ;
#2830 = LINE ( 'NONE', #291, #9839 ) ;
#2831 = EDGE_LOOP ( 'NONE', ( #9575, #7797, #10442 ) ) ;
#2832 = AXIS2_PLACEMENT_3D ( 'NONE', #826, #9343, #8302 ) ;
#2833 = LINE ( 'NONE', #6244, #9123 ) ;
#2835 = ORIENTED_EDGE ( 'NONE', *, *, #9079, .T. ) ;
#2834 = AXIS2_PLACEMENT_3D ( 'NONE', #148, #7575, #10884 ) ;
#2836 = DIRECTION ( 'NONE',  ( -1.000000000000000000, -0.000000000000000000, -0.000000000000000000 ) ) ;
#2837 = LINE ( 'NONE', #2946, #3598 ) ;
#2838 = CARTESIAN_POINT ( 'NONE',  ( -5.599999999999997868, 5.700000000000000178, 3.000000000000002665 ) ) ;
#2839 = LINE ( 'NONE', #1126, #798 ) ;
#2840 = VERTEX_POINT ( 'NONE', #3588 ) ;
#2841 = EDGE_CURVE ( 'NONE', #1302, #325, #6938, .T. ) ;
#2842 = CARTESIAN_POINT ( 'NONE',  ( 7.000000000000000000, 5.700000000000000178, 3.499999999999997780 ) ) ;
#2843 = AXIS2_PLACEMENT_3D ( 'NONE', #7987, #9594, #7176 ) ;
#2844 = ADVANCED_FACE ( 'NONE', ( #1276 ), #3640, .F. ) ;
#2845 = AXIS2_PLACEMENT_3D ( 'NONE', #2717, #6901, #5139 ) ;
#2846 = ORIENTED_EDGE ( 'NONE', *, *, #1883, .F. ) ;
#2847 = DIRECTION ( 'NONE',  ( 0.7071067811865451302, -0.7071067811865500152, -1.125352966373122494E-16 ) ) ;
#2848 = FACE_OUTER_BOUND ( 'NONE', #6831, .T. ) ;
#2849 = ORIENTED_EDGE ( 'NONE', *, *, #4592, .T. ) ;
#2850 =( LENGTH_UNIT ( ) NAMED_UNIT ( * ) SI_UNIT ( .MILLI., .METRE. ) );
#2851 = AXIS2_PLACEMENT_3D ( 'NONE', #1367, #6977, #9729 ) ;
#2852 = DIRECTION ( 'NONE',  ( -0.5773502691896242878, -0.5773502691896220673, 0.5773502691896309491 ) ) ;
#2853 = VECTOR ( 'NONE', #7503, 1000.000000000000000 ) ;
#2854 = ORIENTED_EDGE ( 'NONE', *, *, #2609, .F. ) ;
#2855 = CARTESIAN_POINT ( 'NONE',  ( -1.750000000000107470, 0.000000000000000000, 2.900000000000001688 ) ) ;
#2856 = VERTEX_POINT ( 'NONE', #2759 ) ;
#2857 = CARTESIAN_POINT ( 'NONE',  ( -7.000000000000000888, 3.150000000000000799, -3.200000000000000178 ) ) ;
#2858 = CARTESIAN_POINT ( 'NONE',  ( 0.2499999999998926692, 0.6000000000000000888, 2.400000000000000355 ) ) ;
#2859 = AXIS2_PLACEMENT_3D ( 'NONE', #2931, #5344, #7810 ) ;
#2860 = PLANE ( 'NONE',  #5109 ) ;
#2861 = EDGE_LOOP ( 'NONE', ( #7514, #2846, #7138, #2791 ) ) ;
#2862 = DIRECTION ( 'NONE',  ( 1.000000000000000000, -0.000000000000000000, -0.000000000000000000 ) ) ;
#2863 = ORIENTED_EDGE ( 'NONE', *, *, #6114, .T. ) ;
#2864 = DIRECTION ( 'NONE',  ( 0.000000000000000000, -1.000000000000000000, 0.000000000000000000 ) ) ;
#2865 = CLOSED_SHELL ( 'NONE', ( #690, #1002, #5500, #10691, #1949, #6514, #7670, #3807, #2340, #7233 ) ) ;
#2866 = AXIS2_PLACEMENT_3D ( 'NONE', #1418, #4778, #10607 ) ;
#2867 = ORIENTED_EDGE ( 'NONE', *, *, #3560, .F. ) ;
#2868 = DIRECTION ( 'NONE',  ( -3.097404447261387512E-16, -0.3713906763541029443, 0.9284766908852596368 ) ) ;
#2869 = ADVANCED_FACE ( 'NONE', ( #4468 ), #2875, .F. ) ;
#2870 = VERTEX_POINT ( 'NONE', #6992 ) ;
#2871 = CARTESIAN_POINT ( 'NONE',  ( 4.249999999999892530, 0.2000000000000000111, 4.800000000000000711 ) ) ;
#2872 = CARTESIAN_POINT ( 'NONE',  ( 0.1408089297201395029, 0.000000000000000000, -2.300000000000000266 ) ) ;
#2873 = EDGE_LOOP ( 'NONE', ( #9949, #455, #634, #5892 ) ) ;
#2874 = VERTEX_POINT ( 'NONE', #9576 ) ;
#2875 = PLANE ( 'NONE',  #6010 ) ;
#2876 = PLANE ( 'NONE',  #10053 ) ;
#2877 = CARTESIAN_POINT ( 'NONE',  ( -6.200000000000001066, 5.470710678118656745, 1.352867965644033887 ) ) ;
#2878 = FILL_AREA_STYLE_COLOUR ( '', #3971 ) ;
#2879 = ADVANCED_FACE ( 'NONE', ( #9410 ), #7107, .T. ) ;
#2880 = ADVANCED_FACE ( 'NONE', ( #3751 ), #1215, .F. ) ;
#2881 = CARTESIAN_POINT ( 'NONE',  ( -5.800000000000000711, 2.400000000000000355, 1.999999999999999556 ) ) ;
#2882 = EDGE_CURVE ( 'NONE', #9018, #9325, #5343, .T. ) ;
#2883 = PLANE ( 'NONE',  #2982 ) ;
#2884 = EDGE_CURVE ( 'NONE', #1909, #5340, #6115, .T. ) ;
#2885 = ORIENTED_EDGE ( 'NONE', *, *, #6773, .F. ) ;
#2886 = CARTESIAN_POINT ( 'NONE',  ( 6.200000000000001066, 5.500000000000000888, 0.9678427124746179500 ) ) ;
#2887 = LINE ( 'NONE', #7763, #6667 ) ;
#2888 = ORIENTED_EDGE ( 'NONE', *, *, #3112, .F. ) ;
#2889 = EDGE_CURVE ( 'NONE', #2651, #3771, #9627, .T. ) ;
#2890 = LINE ( 'NONE', #1887, #531 ) ;
#2891 = LINE ( 'NONE', #1066, #1613 ) ;
#2892 = VECTOR ( 'NONE', #869, 1000.000000000000000 ) ;
#2893 = LINE ( 'NONE', #2009, #9381 ) ;
#2894 = CARTESIAN_POINT ( 'NONE',  ( 3.749999999999892975, 0.6000000000000000888, 2.400000000000000355 ) ) ;
#2895 = CARTESIAN_POINT ( 'NONE',  ( -4.764267565201869559, 0.000000000000000000, -4.750000000000000000 ) ) ;
#2896 = EDGE_CURVE ( 'NONE', #1857, #1958, #9460, .T. ) ;
#2897 = ORIENTED_EDGE ( 'NONE', *, *, #583, .T. ) ;
#2898 = LINE ( 'NONE', #6251, #9102 ) ;
#2899 = ORIENTED_EDGE ( 'NONE', *, *, #1804, .F. ) ;
#2900 = CARTESIAN_POINT ( 'NONE',  ( 5.800000000000000711, 5.300000000000000711, -1.499999999999999556 ) ) ;
#2901 = CIRCLE ( 'NONE', #4298, 0.2500000000000002220 ) ;
#2902 = CARTESIAN_POINT ( 'NONE',  ( 3.850000000000000089, 5.700000000000000178, -3.200000000000000178 ) ) ;
#2903 = ORIENTED_EDGE ( 'NONE', *, *, #6547, .T. ) ;
#2904 = LINE ( 'NONE', #9659, #559 ) ;
#2905 = EDGE_CURVE ( 'NONE', #1174, #7780, #1930, .T. ) ;
#2906 = CARTESIAN_POINT ( 'NONE',  ( 5.899999999999997691, 5.499999999999995559, -3.750000000000003553 ) ) ;
#2907 = MECHANICAL_DESIGN_GEOMETRIC_PRESENTATION_REPRESENTATION (  '', ( #960 ), #442 ) ;
#2908 = ORIENTED_EDGE ( 'NONE', *, *, #7317, .F. ) ;
#2909 = DIRECTION ( 'NONE',  ( -0.000000000000000000, -0.000000000000000000, 1.000000000000000000 ) ) ;
#2910 = VERTEX_POINT ( 'NONE', #1107 ) ;
#2911 = CARTESIAN_POINT ( 'NONE',  ( -0.3666666666667564023, 7.533333333333292359, -6.883333333333333748 ) ) ;
#2912 = LINE ( 'NONE', #2858, #4208 ) ;
#2913 = DIRECTION ( 'NONE',  ( 0.000000000000000000, -0.000000000000000000, -1.000000000000000000 ) ) ;
#2914 = ORIENTED_EDGE ( 'NONE', *, *, #8821, .T. ) ;
#2915 = CARTESIAN_POINT ( 'NONE',  ( -4.250000000000000000, 2.649999999999999911, -1.999999999999997335 ) ) ;
#2916 = UNCERTAINTY_MEASURE_WITH_UNIT (LENGTH_MEASURE( 1.000000000000000082E-05 ), #8649, 'distance_accuracy_value', 'NONE');
#2917 = ORIENTED_EDGE ( 'NONE', *, *, #1861, .T. ) ;
#2918 = CARTESIAN_POINT ( 'NONE',  ( 0.2499999999998926692, 0.2000000000000000111, 2.400000000000000355 ) ) ;
#2919 = EDGE_CURVE ( 'NONE', #7902, #9044, #282, .T. ) ;
#2920 = PLANE ( 'NONE',  #4658 ) ;
#2921 = VERTEX_POINT ( 'NONE', #1992 ) ;
#2922 = ORIENTED_EDGE ( 'NONE', *, *, #5168, .F. ) ;
#2923 = DIRECTION ( 'NONE',  ( -0.000000000000000000, 0.000000000000000000, -1.000000000000000000 ) ) ;
#2924 = ORIENTED_EDGE ( 'NONE', *, *, #4549, .T. ) ;
#2925 = CARTESIAN_POINT ( 'NONE',  ( 0.1252824731504137978, 2.274717526849586502, -3.031080120897855945 ) ) ;
#2926 = DIRECTION ( 'NONE',  ( -1.000000000000000000, 0.000000000000000000, -0.000000000000000000 ) ) ;
#2927 = ORIENTED_EDGE ( 'NONE', *, *, #4847, .T. ) ;
#2928 = ORIENTED_EDGE ( 'NONE', *, *, #9589, .F. ) ;
#2929 = AXIS2_PLACEMENT_3D ( 'NONE', #9663, #2360, #9011 ) ;
#2930 = CARTESIAN_POINT ( 'NONE',  ( 1.749999999999892308, 0.000000000000000000, 5.000000000000000000 ) ) ;
#2931 = CARTESIAN_POINT ( 'NONE',  ( -2.250000000000107025, 0.6000000000000000888, 2.399999999999958167 ) ) ;
#2932 = CARTESIAN_POINT ( 'NONE',  ( -6.304999999999998828, 8.000000000000000000, -5.000000000000003553 ) ) ;
#2933 =( NAMED_UNIT ( * ) PLANE_ANGLE_UNIT ( ) SI_UNIT ( $, .RADIAN. ) );
#2934 = CARTESIAN_POINT ( 'NONE',  ( -5.200000000000000178, 4.800000000000000711, -3.049999999999997602 ) ) ;
#2935 = DIRECTION ( 'NONE',  ( 1.000000000000000000, -0.000000000000000000, -0.000000000000000000 ) ) ;
#2936 = AXIS2_PLACEMENT_3D ( 'NONE', #8630, #7963, #10508 ) ;
#2937 = EDGE_LOOP ( 'NONE', ( #2525, #8295, #6392, #469 ) ) ;
#2938 = DIRECTION ( 'NONE',  ( -0.000000000000000000, 1.000000000000000000, -0.000000000000000000 ) ) ;
#2939 = CARTESIAN_POINT ( 'NONE',  ( 7.000000000000000000, 5.700000000000000178, -3.200000000000000178 ) ) ;
#2940 = ORIENTED_EDGE ( 'NONE', *, *, #1344, .F. ) ;
#2941 = FACE_OUTER_BOUND ( 'NONE', #7777, .T. ) ;
#2942 = ADVANCED_FACE ( 'NONE', ( #1166 ), #4524, .T. ) ;
#2943 = EDGE_CURVE ( 'NONE', #7970, #9562, #2380, .T. ) ;
#2944 = CARTESIAN_POINT ( 'NONE',  ( -3.750000000000107470, 0.6000000000000000888, 5.000000000000000000 ) ) ;
#2945 = EDGE_CURVE ( 'NONE', #9599, #1983, #5737, .T. ) ;
#2946 = CARTESIAN_POINT ( 'NONE',  ( -1.999999999999998668, 3.699999999999999734, 0.7999999999999994893 ) ) ;
#2947 = PLANE ( 'NONE',  #2319 ) ;
#2948 = LINE ( 'NONE', #7939, #3963 ) ;
#2949 = VERTEX_POINT ( 'NONE', #8862 ) ;
#2950 = DIRECTION ( 'NONE',  ( -1.000000000000000000, 0.000000000000000000, 0.000000000000000000 ) ) ;
#2951 = ORIENTED_EDGE ( 'NONE', *, *, #5760, .T. ) ;
#2952 = DIRECTION ( 'NONE',  ( 0.000000000000000000, 0.000000000000000000, 1.000000000000000000 ) ) ;
#2953 = ORIENTED_EDGE ( 'NONE', *, *, #8601, .T. ) ;
#2954 = CARTESIAN_POINT ( 'NONE',  ( 7.000000000000000000, 3.850000000000000533, -3.200000000000000178 ) ) ;
#2955 = DIRECTION ( 'NONE',  ( -1.787121162455901643E-32, -1.000000000000000000, -2.168404344971009115E-16 ) ) ;
#2956 = ORIENTED_EDGE ( 'NONE', *, *, #3607, .T. ) ;
#2957 = FACE_OUTER_BOUND ( 'NONE', #7320, .T. ) ;
#2958 = EDGE_CURVE ( 'NONE', #39, #9226, #1500, .T. ) ;
#2959 = ORIENTED_EDGE ( 'NONE', *, *, #1789, .F. ) ;
#2960 = CARTESIAN_POINT ( 'NONE',  ( 2.249999999999892530, 0.6000000000000000888, 3.899999999999999911 ) ) ;
#2961 = DIRECTION ( 'NONE',  ( 0.000000000000000000, 0.000000000000000000, 1.000000000000000000 ) ) ;
#2962 = CARTESIAN_POINT ( 'NONE',  ( -5.800000000000000711, 5.499999999999998224, 0.000000000000000000 ) ) ;
#2963 = ORIENTED_EDGE ( 'NONE', *, *, #848, .F. ) ;
#2964 = DIRECTION ( 'NONE',  ( 0.000000000000000000, -1.000000000000000000, 0.000000000000000000 ) ) ;
#2965 = EDGE_CURVE ( 'NONE', #2874, #6379, #1942, .T. ) ;
#2967 = ORIENTED_EDGE ( 'NONE', *, *, #8777, .T. ) ;
#2966 = VECTOR ( 'NONE', #7775, 1000.000000000000000 ) ;
#2968 = PRESENTATION_STYLE_ASSIGNMENT (( #10502 ) ) ;
#2969 = LINE ( 'NONE', #6980, #4856 ) ;
#2970 = ORIENTED_EDGE ( 'NONE', *, *, #4372, .T. ) ;
#2971 = VECTOR ( 'NONE', #4511, 1000.000000000000114 ) ;
#2972 = ORIENTED_EDGE ( 'NONE', *, *, #1737, .T. ) ;
#2973 = CARTESIAN_POINT ( 'NONE',  ( -5.800000000000002487, 2.400000000000001243, -1.699999999999998179 ) ) ;
#2974 = ORIENTED_EDGE ( 'NONE', *, *, #1925, .F. ) ;
#2975 = FACE_OUTER_BOUND ( 'NONE', #10631, .T. ) ;
#2976 = ADVANCED_FACE ( 'NONE', ( #4862 ), #7216, .F. ) ;
#2977 = EDGE_CURVE ( 'NONE', #3915, #9562, #5569, .T. ) ;
#2978 = CARTESIAN_POINT ( 'NONE',  ( 5.200000000000000178, 4.800000000000000711, 0.7999999999999994893 ) ) ;
#2979 = EDGE_LOOP ( 'NONE', ( #10740, #3061, #5616, #9016 ) ) ;
#2980 = PRESENTATION_LAYER_ASSIGNMENT (  '', '', ( #10351 ) ) ;
#2981 = ORIENTED_EDGE ( 'NONE', *, *, #7907, .F. ) ;
#2982 = AXIS2_PLACEMENT_3D ( 'NONE', #3812, #8644, #7164 ) ;
#2983 = DIRECTION ( 'NONE',  ( 0.7071067811865434649, -0.7071067811865515695, 0.000000000000000000 ) ) ;
#2984 = FACE_OUTER_BOUND ( 'NONE', #1265, .T. ) ;
#2985 = DIRECTION ( 'NONE',  ( -0.000000000000000000, 1.000000000000000000, 1.591489427501658143E-16 ) ) ;
#2986 = CARTESIAN_POINT ( 'NONE',  ( 6.304999999999999716, 4.050000000000000711, -3.200000000000000178 ) ) ;
#2987 = VECTOR ( 'NONE', #1093, 1000.000000000000000 ) ;
#2988 = CARTESIAN_POINT ( 'NONE',  ( -6.200000000000001066, 5.394289321881346133, 1.429289321881345387 ) ) ;
#2989 = DIRECTION ( 'NONE',  ( -1.000000000000000000, -0.000000000000000000, -0.000000000000000000 ) ) ;
#2990 = VERTEX_POINT ( 'NONE', #564 ) ;
#2991 =( GEOMETRIC_REPRESENTATION_CONTEXT ( 3 ) GLOBAL_UNCERTAINTY_ASSIGNED_CONTEXT ( ( #1368 ) ) GLOBAL_UNIT_ASSIGNED_CONTEXT ( ( #427, #8840, #8284 ) ) REPRESENTATION_CONTEXT ( 'NONE', 'WORKASPACE' ) );
#2992 = CARTESIAN_POINT ( 'NONE',  ( -1.750000000000107470, 0.2000000000000000111, 5.000000000000000888 ) ) ;
#2993 = DIRECTION ( 'NONE',  ( -1.000000000000000000, -0.000000000000000000, -0.000000000000000000 ) ) ;
#2994 = ORIENTED_EDGE ( 'NONE', *, *, #9989, .F. ) ;
#2995 = CARTESIAN_POINT ( 'NONE',  ( -6.200000000000001066, 5.500000000000001776, 1.717842712474617173 ) ) ;
#2996 = CARTESIAN_POINT ( 'NONE',  ( 5.800000000000000711, 2.400000000000000355, 3.700000000000000178 ) ) ;
#2997 = CARTESIAN_POINT ( 'NONE',  ( -0.2500000000001078027, 1.300000000000000266, 3.899999999999999911 ) ) ;
#2998 = EDGE_CURVE ( 'NONE', #7017, #8183, #10574, .T. ) ;
#2999 = DIRECTION ( 'NONE',  ( -5.102127870520025912E-16, 1.000000000000000000, -6.829619984160657060E-16 ) ) ;
#3000 = AXIS2_PLACEMENT_3D ( 'NONE', #5757, #1568, #4932 ) ;
#3001 = PLANE ( 'NONE',  #265 ) ;
#3002 = ORIENTED_EDGE ( 'NONE', *, *, #10068, .F. ) ;
#3003 = CARTESIAN_POINT ( 'NONE',  ( 5.800000000000000711, 5.500000000000000888, 8.753191851259120031E-16 ) ) ;
#3004 = EDGE_CURVE ( 'NONE', #928, #8999, #8914, .T. ) ;
#3005 = ORIENTED_EDGE ( 'NONE', *, *, #18, .T. ) ;
#3006 = SURFACE_STYLE_FILL_AREA ( #10428 ) ;
#3007 = EDGE_CURVE ( 'NONE', #1770, #4226, #7275, .T. ) ;
#3008 = VECTOR ( 'NONE', #2746, 1000.000000000000000 ) ;
#3009 = VECTOR ( 'NONE', #3266, 1000.000000000000000 ) ;
#3010 = DIRECTION ( 'NONE',  ( 0.000000000000000000, -1.414176746720223400E-16, 1.000000000000000000 ) ) ;
#3011 = ORIENTED_EDGE ( 'NONE', *, *, #117, .F. ) ;
#3012 = DIRECTION ( 'NONE',  ( 1.000000000000000000, 0.000000000000000000, 0.000000000000000000 ) ) ;
#3013 = CARTESIAN_POINT ( 'NONE',  ( -4.050000000000000711, 4.950000000000001066, -3.200000000000000178 ) ) ;
#3014 = DIRECTION ( 'NONE',  ( 1.000000000000000000, 0.000000000000000000, 0.000000000000000000 ) ) ;
#3015 = AXIS2_PLACEMENT_3D ( 'NONE', #1562, #2391, #8993 ) ;
#3016 = CIRCLE ( 'NONE', #896, 0.5500000000000022649 ) ;
#3017 = ORIENTED_EDGE ( 'NONE', *, *, #9719, .T. ) ;
#3018 = CARTESIAN_POINT ( 'NONE',  ( -0.6250000000000000000, 4.933076923076924025, -1.345384615384614957 ) ) ;
#3019 = ORIENTED_EDGE ( 'NONE', *, *, #8571, .T. ) ;
#3020 = FACE_OUTER_BOUND ( 'NONE', #10145, .T. ) ;
#3021 = EDGE_CURVE ( 'NONE', #64, #1857, #6402, .T. ) ;
#3022 = EDGE_CURVE ( 'NONE', #10629, #6185, #3923, .T. ) ;
#3023 = DIRECTION ( 'NONE',  ( 0.000000000000000000, -0.000000000000000000, 1.000000000000000000 ) ) ;
#3024 = VERTEX_POINT ( 'NONE', #725 ) ;
#3025 = VECTOR ( 'NONE', #2985, 1000.000000000000000 ) ;
#3026 = CARTESIAN_POINT ( 'NONE',  ( 1.874717526849586147, 2.274717526849586502, -3.031080120897855945 ) ) ;
#3027 = AXIS2_PLACEMENT_3D ( 'NONE', #10474, #1946, #5307 ) ;
#3028 = VERTEX_POINT ( 'NONE', #3097 ) ;
#3029 = LINE ( 'NONE', #548, #709 ) ;
#3030 = EDGE_CURVE ( 'NONE', #3877, #4627, #1329, .T. ) ;
#3031 = DIRECTION ( 'NONE',  ( -0.000000000000000000, 1.000000000000000000, -0.000000000000000000 ) ) ;
#3032 = ORIENTED_EDGE ( 'NONE', *, *, #556, .T. ) ;
#3033 = ORIENTED_EDGE ( 'NONE', *, *, #3587, .F. ) ;
#3034 = LINE ( 'NONE', #1491, #6079 ) ;
#3035 = AXIS2_PLACEMENT_3D ( 'NONE', #10073, #2530, #10123 ) ;
#3036 = VECTOR ( 'NONE', #9940, 1000.000000000000000 ) ;
#3037 = ORIENTED_EDGE ( 'NONE', *, *, #2567, .F. ) ;
#3038 = DIRECTION ( 'NONE',  ( 0.5773502691896211791, -0.5773502691896247319, 0.5773502691896312822 ) ) ;
#3039 = DIRECTION ( 'NONE',  ( 0.000000000000000000, -6.829619984160657060E-16, -1.000000000000000000 ) ) ;
#3040 = ORIENTED_EDGE ( 'NONE', *, *, #2463, .F. ) ;
#3041 = ORIENTED_EDGE ( 'NONE', *, *, #3465, .F. ) ;
#3042 = VECTOR ( 'NONE', #8561, 1000.000000000000000 ) ;
#3043 = ORIENTED_EDGE ( 'NONE', *, *, #6316, .T. ) ;
#3044 = DIRECTION ( 'NONE',  ( -0.000000000000000000, -1.000000000000000000, -0.000000000000000000 ) ) ;
#3045 = EDGE_CURVE ( 'NONE', #7521, #2796, #577, .T. ) ;
#3046 = CARTESIAN_POINT ( 'NONE',  ( 6.305000000000000604, 8.000000000000000000, -3.200000000000000178 ) ) ;
#3047 = CARTESIAN_POINT ( 'NONE',  ( -5.199999999999999289, 1.999896230895142013, -5.000000000000000000 ) ) ;
#3048 = CARTESIAN_POINT ( 'NONE',  ( 0.2499999999998926692, 0.6000000000000000888, 2.399999999999972378 ) ) ;
#3049 = LINE ( 'NONE', #8919, #1864 ) ;
#3050 = PLANE ( 'NONE',  #8057 ) ;
#3051 = ORIENTED_EDGE ( 'NONE', *, *, #10004, .F. ) ;
#3052 = DIRECTION ( 'NONE',  ( -1.000000000000000000, -0.000000000000000000, -0.000000000000000000 ) ) ;
#3053 = EDGE_LOOP ( 'NONE', ( #321, #490, #1522, #9740 ) ) ;
#3054 = ORIENTED_EDGE ( 'NONE', *, *, #1188, .F. ) ;
#3055 = LINE ( 'NONE', #3935, #3339 ) ;
#3056 = DIRECTION ( 'NONE',  ( -0.000000000000000000, 1.000000000000000000, 0.000000000000000000 ) ) ;
#3057 = EDGE_CURVE ( 'NONE', #5982, #8726, #6345, .T. ) ;
#3058 = DIRECTION ( 'NONE',  ( 0.000000000000000000, 0.000000000000000000, -1.000000000000000000 ) ) ;
#3059 = CYLINDRICAL_SURFACE ( 'NONE', #4949, 0.4000000000000001887 ) ;
#3060 = CARTESIAN_POINT ( 'NONE',  ( 7.000000000000000000, 5.700000000000000178, -3.200000000000000178 ) ) ;
#3061 = ORIENTED_EDGE ( 'NONE', *, *, #5053, .T. ) ;
#3062 = LINE ( 'NONE', #4880, #7181 ) ;
#3063 = VERTEX_POINT ( 'NONE', #8025 ) ;
#3064 = FACE_OUTER_BOUND ( 'NONE', #8434, .T. ) ;
#3065 = VECTOR ( 'NONE', #9335, 1000.000000000000000 ) ;
#3066 = DIRECTION ( 'NONE',  ( 0.000000000000000000, -0.7071067811865565655, -0.7071067811865384689 ) ) ;
#3067 = ORIENTED_EDGE ( 'NONE', *, *, #4634, .F. ) ;
#3068 = DIRECTION ( 'NONE',  ( 0.000000000000000000, 0.000000000000000000, -1.000000000000000000 ) ) ;
#3069 = PLANE ( 'NONE',  #9115 ) ;
#3070 = CARTESIAN_POINT ( 'NONE',  ( 6.200000000000001066, 5.394289321881346133, 1.429289321881345387 ) ) ;
#3071 = CARTESIAN_POINT ( 'NONE',  ( -5.600000000000001421, 5.700000000000000178, -3.200000000000000178 ) ) ;
#3072 = VERTEX_POINT ( 'NONE', #505 ) ;
#3073 = DIRECTION ( 'NONE',  ( -1.000000000000000000, -0.000000000000000000, -0.000000000000000000 ) ) ;
#3074 = ORIENTED_EDGE ( 'NONE', *, *, #8078, .T. ) ;
#3075 = LINE ( 'NONE', #10550, #5163 ) ;
#3076 = CARTESIAN_POINT ( 'NONE',  ( -5.800000000000000711, 4.939999999999999503, 2.049999999999999822 ) ) ;
#3077 = ORIENTED_EDGE ( 'NONE', *, *, #4730, .F. ) ;
#3078 = LINE ( 'NONE', #5672, #3726 ) ;
#3079 = ORIENTED_EDGE ( 'NONE', *, *, #3684, .T. ) ;
#3080 = CARTESIAN_POINT ( 'NONE',  ( 7.000000000000000888, 3.150000000000000799, -3.000000000000000000 ) ) ;
#3081 = DIRECTION ( 'NONE',  ( 1.000000000000000000, 0.000000000000000000, 0.000000000000000000 ) ) ;
#3082 = EDGE_CURVE ( 'NONE', #279, #10229, #7159, .T. ) ;
#3083 = ADVANCED_FACE ( 'NONE', ( #9805 ), #625, .F. ) ;
#3084 = ADVANCED_FACE ( 'NONE', ( #10688 ), #9862, .F. ) ;
#3085 = EDGE_LOOP ( 'NONE', ( #2524, #1911, #6757, #9504 ) ) ;
#3086 = ORIENTED_EDGE ( 'NONE', *, *, #4292, .T. ) ;
#3087 = CARTESIAN_POINT ( 'NONE',  ( -2.250000000000107914, 0.6000000000000000888, 5.000000000000000000 ) ) ;
#3088 = ORIENTED_EDGE ( 'NONE', *, *, #7723, .T. ) ;
#3089 = CYLINDRICAL_SURFACE ( 'NONE', #8670, 0.2000000000000005107 ) ;
#3090 = AXIS2_PLACEMENT_3D ( 'NONE', #9448, #3793, #1314 ) ;
#3091 = EDGE_CURVE ( 'NONE', #2063, #5405, #8350, .T. ) ;
#3092 = VECTOR ( 'NONE', #6827, 1000.000000000000000 ) ;
#3093 = CARTESIAN_POINT ( 'NONE',  ( -4.250000000000000000, 2.259191070279860103, -2.300000000000000266 ) ) ;
#3094 = ORIENTED_EDGE ( 'NONE', *, *, #9864, .F. ) ;
#3095 = ORIENTED_EDGE ( 'NONE', *, *, #1148, .T. ) ;
#3096 = DIRECTION ( 'NONE',  ( -1.000000000000000000, -0.000000000000000000, -0.000000000000000000 ) ) ;
#3097 = CARTESIAN_POINT ( 'NONE',  ( 4.249999999999892530, 0.6000000000000000888, 2.400000000000000355 ) ) ;
#3098 = AXIS2_PLACEMENT_3D ( 'NONE', #1, #1651, #10172 ) ;
#3099 = DIRECTION ( 'NONE',  ( -0.000000000000000000, -0.000000000000000000, 1.000000000000000000 ) ) ;
#3100 = LINE ( 'NONE', #4748, #1254 ) ;
#3101 = CARTESIAN_POINT ( 'NONE',  ( -2.250000000000000444, 2.649999999999999911, -2.300000000000000266 ) ) ;
#3102 = DIRECTION ( 'NONE',  ( 0.000000000000000000, -1.548860246407863829E-16, 1.000000000000000000 ) ) ;
#3103 = PLANE ( 'NONE',  #5076 ) ;
#3104 = EDGE_CURVE ( 'NONE', #2063, #8129, #8506, .T. ) ;
#3105 = ORIENTED_EDGE ( 'NONE', *, *, #4952, .T. ) ;
#3106 = PLANE ( 'NONE',  #10194 ) ;
#3107 = ADVANCED_FACE ( 'NONE', ( #9179 ), #3306, .F. ) ;
#3108 = ORIENTED_EDGE ( 'NONE', *, *, #9088, .F. ) ;
#3109 = VECTOR ( 'NONE', #5777, 1000.000000000000000 ) ;
#3110 = ORIENTED_EDGE ( 'NONE', *, *, #9987, .T. ) ;
#3111 = DIRECTION ( 'NONE',  ( -1.000000000000000000, 0.000000000000000000, 0.000000000000000000 ) ) ;
#3112 = EDGE_CURVE ( 'NONE', #5688, #2546, #6638, .T. ) ;
#3113 = CARTESIAN_POINT ( 'NONE',  ( -6.200000000000001066, 2.400000000000000355, 3.900000000000000355 ) ) ;
#3114 = LINE ( 'NONE', #9927, #6750 ) ;
#3115 = DIRECTION ( 'NONE',  ( 0.000000000000000000, -1.000000000000000000, 0.000000000000000000 ) ) ;
#3116 = CARTESIAN_POINT ( 'NONE',  ( -7.000000000000000000, 0.3999999999999996336, 1.399999999999999689 ) ) ;
#3117 = AXIS2_PLACEMENT_3D ( 'NONE', #2452, #7461, #6591 ) ;
#3118 = ORIENTED_EDGE ( 'NONE', *, *, #10686, .T. ) ;
#3119 = CARTESIAN_POINT ( 'NONE',  ( -4.614299982513885290, 0.2333497923556255016, -4.985401951580477942 ) ) ;
#3120 = ORIENTED_EDGE ( 'NONE', *, *, #3461, .T. ) ;
#3121 = DIRECTION ( 'NONE',  ( 3.336006684570783101E-16, 0.000000000000000000, -1.000000000000000000 ) ) ;
#3122 = EDGE_CURVE ( 'NONE', #9846, #7017, #4236, .T. ) ;
#3123 = CARTESIAN_POINT ( 'NONE',  ( 6.007179676972450366, -2.863989636192956765E-16, 0.9134769367380000116 ) ) ;
#3124 = ORIENTED_EDGE ( 'NONE', *, *, #5898, .T. ) ;
#3125 = DIRECTION ( 'NONE',  ( -1.000000000000000000, -0.000000000000000000, -0.000000000000000000 ) ) ;
#3126 = EDGE_CURVE ( 'NONE', #5580, #10600, #11, .T. ) ;
#3127 = CARTESIAN_POINT ( 'NONE',  ( 7.000000000000000000, 2.350000000000000089, -4.500000000000000888 ) ) ;
#3128 = DIRECTION ( 'NONE',  ( -3.097404447261387512E-16, -0.3713906763541029443, 0.9284766908852596368 ) ) ;
#3129 = LINE ( 'NONE', #10044, #8128 ) ;
#3130 = ORIENTED_EDGE ( 'NONE', *, *, #2361, .T. ) ;
#3131 = CARTESIAN_POINT ( 'NONE',  ( -6.200000000000001066, 5.394289321881346133, 0.8207106781186546129 ) ) ;
#3132 = VERTEX_POINT ( 'NONE', #6762 ) ;
#3133 = DIRECTION ( 'NONE',  ( 0.000000000000000000, -0.5646839155919902709, 0.8253072612498317806 ) ) ;
#3134 =( NAMED_UNIT ( * ) PLANE_ANGLE_UNIT ( ) SI_UNIT ( $, .RADIAN. ) );
#3135 = ORIENTED_EDGE ( 'NONE', *, *, #4516, .T. ) ;
#3136 = CARTESIAN_POINT ( 'NONE',  ( 0.000000000000000000, 0.6000000000000000888, 0.000000000000000000 ) ) ;
#3137 = ORIENTED_EDGE ( 'NONE', *, *, #7051, .T. ) ;
#3138 = LINE ( 'NONE', #1586, #4620 ) ;
#3139 = VERTEX_POINT ( 'NONE', #2425 ) ;
#3140 = VERTEX_POINT ( 'NONE', #10121 ) ;
#3141 = DIRECTION ( 'NONE',  ( 0.000000000000000000, 0.000000000000000000, 1.000000000000000000 ) ) ;
#3142 = ORIENTED_EDGE ( 'NONE', *, *, #917, .T. ) ;
#3143 = CARTESIAN_POINT ( 'NONE',  ( -1.749999999999999778, 2.649999999999999911, -1.999999999999997335 ) ) ;
#3144 = EDGE_CURVE ( 'NONE', #6562, #669, #3462, .T. ) ;
#3145 = AXIS2_PLACEMENT_3D ( 'NONE', #6582, #1569, #4935 ) ;
#3146 = CARTESIAN_POINT ( 'NONE',  ( -0.2500000000000002220, 2.649999999999999911, -1.999999999999997335 ) ) ;
#3147 = EDGE_CURVE ( 'NONE', #2294, #2921, #2632, .T. ) ;
#3148 = ORIENTED_EDGE ( 'NONE', *, *, #5279, .F. ) ;
#3149 = ADVANCED_FACE ( 'NONE', ( #8456 ), #4131, .F. ) ;
#3150 = VERTEX_POINT ( 'NONE', #2529 ) ;
#3151 = ORIENTED_EDGE ( 'NONE', *, *, #5642, .T. ) ;
#3152 = CARTESIAN_POINT ( 'NONE',  ( -2.250000000000107025, 0.2000000000000000111, 2.399999999999958167 ) ) ;
#3153 = DIRECTION ( 'NONE',  ( 0.000000000000000000, 0.000000000000000000, 1.000000000000000000 ) ) ;
#3154 = AXIS2_PLACEMENT_3D ( 'NONE', #2121, #9598, #2064 ) ;
#3155 = DIRECTION ( 'NONE',  ( -0.000000000000000000, -0.000000000000000000, 1.000000000000000000 ) ) ;
#3156 = CARTESIAN_POINT ( 'NONE',  ( 1.859191070279860636, 2.649999999999999911, -2.300000000000000266 ) ) ;
#3157 = LINE ( 'NONE', #4034, #1907 ) ;
#3158 = VECTOR ( 'NONE', #7037, 1000.000000000000000 ) ;
#3159 = DIRECTION ( 'NONE',  ( 0.000000000000000000, -0.7071067811865475727, 0.7071067811865475727 ) ) ;
#3160 = ADVANCED_FACE ( 'NONE', ( #5165 ), #5787, .F. ) ;
#3161 = ORIENTED_EDGE ( 'NONE', *, *, #10025, .F. ) ;
#3162 = VECTOR ( 'NONE', #10298, 1000.000000000000000 ) ;
#3163 = ORIENTED_EDGE ( 'NONE', *, *, #7843, .F. ) ;
#3164 = FACE_OUTER_BOUND ( 'NONE', #8861, .T. ) ;
#3165 = DIRECTION ( 'NONE',  ( -1.000000000000000000, -0.000000000000000000, -0.000000000000000000 ) ) ;
#3166 = ADVANCED_FACE ( 'NONE', ( #10891 ), #3360, .F. ) ;
#3167 = VECTOR ( 'NONE', #3010, 1000.000000000000000 ) ;
#3168 = DIRECTION ( 'NONE',  ( 0.000000000000000000, 0.000000000000000000, 1.000000000000000000 ) ) ;
#3169 = CARTESIAN_POINT ( 'NONE',  ( 2.250000000000000444, 2.649999999999999911, -2.300000000000000266 ) ) ;
#3170 = SURFACE_STYLE_USAGE ( .BOTH. , #4927 ) ;
#3171 = VECTOR ( 'NONE', #3958, 1000.000000000000000 ) ;
#3172 = CARTESIAN_POINT ( 'NONE',  ( -4.545246162018119485, 0.2583875745976680349, -4.850301765501274787 ) ) ;
#3173 = EDGE_LOOP ( 'NONE', ( #9481, #9861, #2352, #4677 ) ) ;
#3174 = FACE_OUTER_BOUND ( 'NONE', #4198, .T. ) ;
#3175 = VECTOR ( 'NONE', #1674, 1000.000000000000000 ) ;
#3176 = CARTESIAN_POINT ( 'NONE',  ( 2.249999999999892530, 0.6000000000000000888, 2.399999999999986144 ) ) ;
#3178 = VERTEX_POINT ( 'NONE', #10843 ) ;
#3177 = VECTOR ( 'NONE', #6894, 1000.000000000000000 ) ;
#3179 = CARTESIAN_POINT ( 'NONE',  ( -5.800000000000000711, 5.700000000000000178, 0.1000000000000002554 ) ) ;
#3180 = CARTESIAN_POINT ( 'NONE',  ( -2.000000000000000000, 0.000000000000000000, 0.7999999999999994893 ) ) ;
#3181 = DIRECTION ( 'NONE',  ( 1.000000000000000000, -0.000000000000000000, 0.000000000000000000 ) ) ;
#3182 = EDGE_CURVE ( 'NONE', #181, #4224, #6659, .T. ) ;
#3183 = CARTESIAN_POINT ( 'NONE',  ( 6.200000000000001066, 5.300000000000000711, -1.499999999999999556 ) ) ;
#3184 = ORIENTED_EDGE ( 'NONE', *, *, #2678, .F. ) ;
#3185 = CARTESIAN_POINT ( 'NONE',  ( 7.000000000000000000, 0.000000000000000000, -3.750000000000003109 ) ) ;
#3186 = VERTEX_POINT ( 'NONE', #5841 ) ;
#3187 = VECTOR ( 'NONE', #7271, 1000.000000000000000 ) ;
#3188 = CARTESIAN_POINT ( 'NONE',  ( 6.305000000000000604, 4.629138561470611535, 1.099999999999999867 ) ) ;
#3189 = FILL_AREA_STYLE ('',( #9158 ) ) ;
#3190 = CARTESIAN_POINT ( 'NONE',  ( 6.305000000000000604, 1.800000000000000044, -1.699999999999999734 ) ) ;
#3191 = ORIENTED_EDGE ( 'NONE', *, *, #6942, .F. ) ;
#3192 = FACE_OUTER_BOUND ( 'NONE', #5794, .T. ) ;
#3193 = VECTOR ( 'NONE', #7458, 1000.000000000000000 ) ;
#3194 = LINE ( 'NONE', #7315, #7747 ) ;
#3195 = VECTOR ( 'NONE', #6655, 1000.000000000000000 ) ;
#3196 = EDGE_CURVE ( 'NONE', #4232, #737, #5943, .T. ) ;
#3197 = ORIENTED_EDGE ( 'NONE', *, *, #4704, .T. ) ;
#3198 = LINE ( 'NONE', #10677, #810 ) ;
#3199 = ORIENTED_EDGE ( 'NONE', *, *, #4250, .F. ) ;
#3200 = DIRECTION ( 'NONE',  ( 0.000000000000000000, -1.000000000000000000, -0.000000000000000000 ) ) ;
#3201 = VECTOR ( 'NONE', #8578, 1000.000000000000000 ) ;
#3202 = AXIS2_PLACEMENT_3D ( 'NONE', #9050, #4055, #9005 ) ;
#3203 = DIRECTION ( 'NONE',  ( -1.000000000000000000, -0.000000000000000000, -0.000000000000000000 ) ) ;
#3204 = ORIENTED_EDGE ( 'NONE', *, *, #8357, .F. ) ;
#3205 = ADVANCED_FACE ( 'NONE', ( #6716 ), #9230, .F. ) ;
#3206 = VERTEX_POINT ( 'NONE', #7632 ) ;
#3207 = VERTEX_POINT ( 'NONE', #5058 ) ;
#3208 = DIRECTION ( 'NONE',  ( 1.000000000000000000, -0.000000000000000000, -0.000000000000000000 ) ) ;
#3209 = AXIS2_PLACEMENT_3D ( 'NONE', #3642, #8808, #5401 ) ;
#3211 = ADVANCED_FACE ( 'NONE', ( #10227 ), #10606, .F. ) ;
#3210 = CARTESIAN_POINT ( 'NONE',  ( -6.054999999999998828, 0.6500000000000021316, -5.000000000000000000 ) ) ;
#3212 = VECTOR ( 'NONE', #2114, 1000.000000000000000 ) ;
#3213 = DIRECTION ( 'NONE',  ( -0.000000000000000000, -0.000000000000000000, 1.000000000000000000 ) ) ;
#3214 = CIRCLE ( 'NONE', #6721, 0.5999999999999998668 ) ;
#3215 = CARTESIAN_POINT ( 'NONE',  ( -1.699999999999999289, 4.400000000000000355, -3.200000000000000178 ) ) ;
#3216 = DIRECTION ( 'NONE',  ( -0.3236155771181821184, 0.3236155771181821184, -0.8891264907159901476 ) ) ;
#3217 = LINE ( 'NONE', #6617, #8426 ) ;
#3218 = ORIENTED_EDGE ( 'NONE', *, *, #626, .T. ) ;
#3219 = VECTOR ( 'NONE', #2217, 1000.000000000000000 ) ;
#3220 = ORIENTED_EDGE ( 'NONE', *, *, #3822, .T. ) ;
#3221 = PLANE ( 'NONE',  #8817 ) ;
#3223 = EDGE_CURVE ( 'NONE', #3782, #7506, #1035, .T. ) ;
#3222 = DIRECTION ( 'NONE',  ( 0.000000000000000000, 0.000000000000000000, 1.000000000000000000 ) ) ;
#3224 = FACE_OUTER_BOUND ( 'NONE', #10232, .T. ) ;
#3225 = EDGE_CURVE ( 'NONE', #391, #7792, #1862, .T. ) ;
#3226 = FILL_AREA_STYLE_COLOUR ( '', #1503 ) ;
#3227 = EDGE_CURVE ( 'NONE', #4121, #5330, #4817, .T. ) ;
#3228 = CARTESIAN_POINT ( 'NONE',  ( -4.605000070550459235, 0.2905905077850157170, -4.999999889257943586 ) ) ;
#3229 = ORIENTED_EDGE ( 'NONE', *, *, #1600, .T. ) ;
#3230 = DIRECTION ( 'NONE',  ( -0.000000000000000000, 1.000000000000000000, -0.000000000000000000 ) ) ;
#3231 = ADVANCED_FACE ( 'NONE', ( #10333 ), #6981, .F. ) ;
#3232 = PLANE ( 'NONE',  #2597 ) ;
#3233 = LINE ( 'NONE', #7352, #161 ) ;
#3234 = EDGE_LOOP ( 'NONE', ( #7989, #6007, #2743, #245 ) ) ;
#3235 = CARTESIAN_POINT ( 'NONE',  ( 6.055000000000000604, 0.4000000000000000777, -4.749999999999998224 ) ) ;
#3236 = EDGE_CURVE ( 'NONE', #4397, #10078, #6927, .T. ) ;
#3237 = LINE ( 'NONE', #4107, #3193 ) ;
#3238 = CARTESIAN_POINT ( 'NONE',  ( 1.699999999999999289, 5.700000000000000178, -3.200000000000000178 ) ) ;
#3239 = ORIENTED_EDGE ( 'NONE', *, *, #10110, .F. ) ;
#3240 = DIRECTION ( 'NONE',  ( 1.000000000000000000, -0.000000000000000000, -0.000000000000000000 ) ) ;
#3241 = EDGE_LOOP ( 'NONE', ( #5322, #1499, #5702, #10456 ) ) ;
#3242 = PRESENTATION_STYLE_ASSIGNMENT (( #3341 ) ) ;
#3243 = ADVANCED_FACE ( 'NONE', ( #2806 ), #8559, .T. ) ;
#3244 = CARTESIAN_POINT ( 'NONE',  ( -5.349999999999999645, 2.750000000000001332, -3.200000000000000178 ) ) ;
#3245 = ORIENTED_EDGE ( 'NONE', *, *, #9270, .T. ) ;
#3246 = SURFACE_STYLE_USAGE ( .BOTH. , #2255 ) ;
#3247 = LINE ( 'NONE', #1431, #10040 ) ;
#3248 = VECTOR ( 'NONE', #9058, 1000.000000000000000 ) ;
#3249 = ORIENTED_EDGE ( 'NONE', *, *, #8716, .T. ) ;
#3250 = CARTESIAN_POINT ( 'NONE',  ( 4.249999999999892530, 0.000000000000000000, 5.000000000000000000 ) ) ;
#3251 = EDGE_CURVE ( 'NONE', #39, #392, #9396, .T. ) ;
#3252 = ORIENTED_EDGE ( 'NONE', *, *, #6296, .F. ) ;
#3253 = CARTESIAN_POINT ( 'NONE',  ( -4.827974591282618633, 0.000000000000000000, -4.650000000000000355 ) ) ;
#3254 = DIRECTION ( 'NONE',  ( -1.000000000000000000, 0.000000000000000000, -0.000000000000000000 ) ) ;
#3255 = EDGE_CURVE ( 'NONE', #5887, #8948, #1357, .T. ) ;
#3256 = VERTEX_POINT ( 'NONE', #4343 ) ;
#3257 = CIRCLE ( 'NONE', #1497, 0.1749999999999998224 ) ;
#3258 = ORIENTED_EDGE ( 'NONE', *, *, #2353, .T. ) ;
#3259 = VERTEX_POINT ( 'NONE', #4719 ) ;
#3260 = CARTESIAN_POINT ( 'NONE',  ( 6.200000000000001066, 4.939999999999999503, 2.049999999999999822 ) ) ;
#3261 = CARTESIAN_POINT ( 'NONE',  ( -5.004999999999999893, 5.499999999999998224, 2.250000000000000444 ) ) ;
#3262 = FACE_OUTER_BOUND ( 'NONE', #7815, .T. ) ;
#3263 = AXIS2_PLACEMENT_3D ( 'NONE', #3993, #792, #2491 ) ;
#3264 = PLANE ( 'NONE',  #9424 ) ;
#3265 = CARTESIAN_POINT ( 'NONE',  ( 0.2499999999998926692, 0.2000000000000000111, 4.800000000000000711 ) ) ;
#3266 = DIRECTION ( 'NONE',  ( 1.000000000000000000, 0.000000000000000000, 0.000000000000000000 ) ) ;
#3267 = ORIENTED_EDGE ( 'NONE', *, *, #9482, .F. ) ;
#3268 = VERTEX_POINT ( 'NONE', #4457 ) ;
#3269 = STYLED_ITEM ( 'NONE', ( #2706 ), #5661 ) ;
#3270 = CARTESIAN_POINT ( 'NONE',  ( -2.250000000000107025, 0.6000000000000000888, 2.399999999999958167 ) ) ;
#3271 = CARTESIAN_POINT ( 'NONE',  ( -0.2500000000000002220, 2.149999999999999467, 0.7999999999999994893 ) ) ;
#3272 = DIRECTION ( 'NONE',  ( 0.000000000000000000, 0.000000000000000000, 1.000000000000000000 ) ) ;
#3273 = DIRECTION ( 'NONE',  ( 1.000000000000000000, -0.000000000000000000, -0.000000000000000000 ) ) ;
#3274 = VECTOR ( 'NONE', #10159, 1000.000000000000000 ) ;
#3275 = EDGE_LOOP ( 'NONE', ( #5286, #2179, #4881, #10430, #4229, #6280 ) ) ;
#3276 = DIRECTION ( 'NONE',  ( -8.119982563694169351E-32, 1.591489427501657896E-16, -1.000000000000000000 ) ) ;
#3277 = EDGE_CURVE ( 'NONE', #4058, #10724, #982, .T. ) ;
#3278 = DIRECTION ( 'NONE',  ( 0.000000000000000000, 1.224646799147353454E-16, -1.000000000000000000 ) ) ;
#3279 = ADVANCED_FACE ( 'NONE', ( #6871 ), #1980, .F. ) ;
#3280 = EDGE_CURVE ( 'NONE', #6499, #4908, #214, .T. ) ;
#3281 = LINE ( 'NONE', #6480, #2444 ) ;
#3282 = ORIENTED_EDGE ( 'NONE', *, *, #8470, .F. ) ;
#3283 = LINE ( 'NONE', #2447, #5478 ) ;
#3284 = VECTOR ( 'NONE', #9755, 1000.000000000000000 ) ;
#3285 = FACE_OUTER_BOUND ( 'NONE', #2446, .T. ) ;
#3286 = CARTESIAN_POINT ( 'NONE',  ( -6.197820323027551481, -2.972161292830653933E-16, 0.9134769367380000116 ) ) ;
#3287 = ORIENTED_EDGE ( 'NONE', *, *, #1818, .T. ) ;
#3288 = DIRECTION ( 'NONE',  ( -0.000000000000000000, -0.000000000000000000, -1.000000000000000000 ) ) ;
#3289 = ORIENTED_EDGE ( 'NONE', *, *, #4841, .T. ) ;
#3290 = DIRECTION ( 'NONE',  ( -1.000000000000000000, 0.000000000000000000, 0.000000000000000000 ) ) ;
#3291 = VECTOR ( 'NONE', #6879, 1000.000000000000114 ) ;
#3292 = CARTESIAN_POINT ( 'NONE',  ( -2.250000000000000444, 2.149999999999999467, -1.999999999999997335 ) ) ;
#3293 = EDGE_LOOP ( 'NONE', ( #7508, #10572, #9456, #9618 ) ) ;
#3294 = FACE_OUTER_BOUND ( 'NONE', #8624, .T. ) ;
#3295 = DIRECTION ( 'NONE',  ( 0.000000000000000000, -1.000000000000000000, -0.000000000000000000 ) ) ;
#3296 = ADVANCED_FACE ( 'NONE', ( #479 ), #9449, .F. ) ;
#3297 = ORIENTED_EDGE ( 'NONE', *, *, #7285, .T. ) ;
#3298 = PLANE ( 'NONE',  #8888 ) ;
#3299 = ORIENTED_EDGE ( 'NONE', *, *, #8307, .F. ) ;
#3300 = CARTESIAN_POINT ( 'NONE',  ( -5.800000000000000711, 5.470710678118654968, 0.8971320343559628929 ) ) ;
#3301 = EDGE_CURVE ( 'NONE', #9804, #9771, #1915, .T. ) ;
#3302 = DIRECTION ( 'NONE',  ( 0.000000000000000000, 1.000000000000000000, -6.829619984160657060E-16 ) ) ;
#3303 = ORIENTED_EDGE ( 'NONE', *, *, #4592, .F. ) ;
#3304 = EDGE_LOOP ( 'NONE', ( #4667, #8973, #6313, #1311 ) ) ;
#3305 = LINE ( 'NONE', #8301, #402 ) ;
#3306 = PLANE ( 'NONE',  #7914 ) ;
#3307 = CARTESIAN_POINT ( 'NONE',  ( 6.055000000000000604, 0.6500000000000020206, -4.749999999999998224 ) ) ;
#3308 = DIRECTION ( 'NONE',  ( -0.000000000000000000, -0.000000000000000000, 1.000000000000000000 ) ) ;
#3309 = ADVANCED_FACE ( 'NONE', ( #270 ), #8682, .T. ) ;
#3310 = VERTEX_POINT ( 'NONE', #3013 ) ;
#3311 = DIRECTION ( 'NONE',  ( -1.000000000000000000, -0.000000000000000000, -0.000000000000000000 ) ) ;
#3312 = CARTESIAN_POINT ( 'NONE',  ( -1.750000000000107470, 0.2000000000000000111, 2.400000000000000355 ) ) ;
#3313 = CARTESIAN_POINT ( 'NONE',  ( -7.000000000000000000, 1.300000000000000266, 3.899999999999999911 ) ) ;
#3314 = ORIENTED_EDGE ( 'NONE', *, *, #1861, .F. ) ;
#3315 = ORIENTED_EDGE ( 'NONE', *, *, #9592, .T. ) ;
#3316 = AXIS2_PLACEMENT_3D ( 'NONE', #2778, #1237, #9483 ) ;
#3317 = CARTESIAN_POINT ( 'NONE',  ( 6.200000000000001066, 2.400000000000000799, 1.999999999999999556 ) ) ;
#3318 = CARTESIAN_POINT ( 'NONE',  ( 7.000000000000000000, 0.7499999999999996669, -5.000000000000000000 ) ) ;
#3319 = DIRECTION ( 'NONE',  ( -0.9396926207859095381, -0.000000000000000000, -0.3420201433256658263 ) ) ;
#3320 = MECHANICAL_DESIGN_GEOMETRIC_PRESENTATION_REPRESENTATION (  '', ( #4909 ), #7691 ) ;
#3321 = CARTESIAN_POINT ( 'NONE',  ( -5.800000000000000711, 4.864999999999999325, 2.925000000000000266 ) ) ;
#3322 = ORIENTED_EDGE ( 'NONE', *, *, #2170, .F. ) ;
#3323 = AXIS2_PLACEMENT_3D ( 'NONE', #9083, #4088, #7731 ) ;
#3324 = CARTESIAN_POINT ( 'NONE',  ( 5.800000000000000711, 5.500000000000001776, -1.699999999999999289 ) ) ;
#3325 = PLANE ( 'NONE',  #6815 ) ;
#3326 = ORIENTED_EDGE ( 'NONE', *, *, #8055, .T. ) ;
#3327 = CIRCLE ( 'NONE', #9464, 0.2500000000000002220 ) ;
#3328 = FACE_OUTER_BOUND ( 'NONE', #3719, .T. ) ;
#3329 = ADVANCED_FACE ( 'NONE', ( #6374 ), #597, .T. ) ;
#3330 = EDGE_LOOP ( 'NONE', ( #237, #10142, #7225, #5019 ) ) ;
#3331 = CARTESIAN_POINT ( 'NONE',  ( 6.200000000000001066, 5.500000000000001776, -1.499999999999998224 ) ) ;
#3332 = CARTESIAN_POINT ( 'NONE',  ( 5.350000000000000533, 2.750000000000000444, -3.600000000000000533 ) ) ;
#3333 = STYLED_ITEM ( 'NONE', ( #1251 ), #9200 ) ;
#3334 = DIRECTION ( 'NONE',  ( 0.000000000000000000, -0.000000000000000000, -1.000000000000000000 ) ) ;
#3335 = EDGE_CURVE ( 'NONE', #3024, #9846, #549, .T. ) ;
#3336 = ADVANCED_FACE ( 'NONE', ( #3285 ), #6588, .F. ) ;
#3337 = ORIENTED_EDGE ( 'NONE', *, *, #10219, .T. ) ;
#3338 = DIRECTION ( 'NONE',  ( 0.9396926207859095381, 0.000000000000000000, -0.3420201433256658263 ) ) ;
#3339 = VECTOR ( 'NONE', #6358, 1000.000000000000000 ) ;
#3340 = ORIENTED_EDGE ( 'NONE', *, *, #5059, .T. ) ;
#3341 = SURFACE_STYLE_USAGE ( .BOTH. , #7309 ) ;
#3342 = CARTESIAN_POINT ( 'NONE',  ( -0.6249999999999998890, 4.700000000000000178, 3.029337753865624005E-17 ) ) ;
#3343 = ORIENTED_EDGE ( 'NONE', *, *, #5838, .T. ) ;
#3344 = DIRECTION ( 'NONE',  ( -7.885106708985488048E-16, 1.000000000000000000, 0.000000000000000000 ) ) ;
#3345 = AXIS2_PLACEMENT_3D ( 'NONE', #9624, #6339, #5284 ) ;
#3346 = EDGE_CURVE ( 'NONE', #4385, #8187, #5763, .T. ) ;
#3347 = ORIENTED_EDGE ( 'NONE', *, *, #1244, .T. ) ;
#3348 = DIRECTION ( 'NONE',  ( 0.000000000000000000, 1.000000000000000000, -0.000000000000000000 ) ) ;
#3349 = EDGE_CURVE ( 'NONE', #9990, #6772, #6538, .T. ) ;
#3350 = ORIENTED_EDGE ( 'NONE', *, *, #2435, .T. ) ;
#3351 = LINE ( 'NONE', #924, #3065 ) ;
#3352 = FACE_OUTER_BOUND ( 'NONE', #4382, .T. ) ;
#3353 = ORIENTED_EDGE ( 'NONE', *, *, #2658, .F. ) ;
#3354 = EDGE_CURVE ( 'NONE', #9364, #3585, #9895, .T. ) ;
#3355 = AXIS2_PLACEMENT_3D ( 'NONE', #8087, #5514, #5689 ) ;
#3356 = VECTOR ( 'NONE', #8614, 1000.000000000000000 ) ;
#3357 = EDGE_LOOP ( 'NONE', ( #332, #1404, #7559, #5397 ) ) ;
#3358 = PLANE ( 'NONE',  #7201 ) ;
#3359 = CARTESIAN_POINT ( 'NONE',  ( 6.007179676972450366, -2.972161292830653933E-16, 0.9134769367380000116 ) ) ;
#3360 = PLANE ( 'NONE',  #8119 ) ;
#3361 = PLANE ( 'NONE',  #3035 ) ;
#3362 = LINE ( 'NONE', #6052, #10826 ) ;
#3363 = AXIS2_PLACEMENT_3D ( 'NONE', #5310, #7011, #8877 ) ;
#3364 = VECTOR ( 'NONE', #3125, 1000.000000000000000 ) ;
#3365 = EDGE_LOOP ( 'NONE', ( #6633, #4632, #9837, #9723 ) ) ;
#3366 = CARTESIAN_POINT ( 'NONE',  ( 3.859191070279860636, 2.540808929720139275, -2.300000000000000266 ) ) ;
#3367 = PLANE ( 'NONE',  #2278 ) ;
#3368 = FACE_OUTER_BOUND ( 'NONE', #4078, .T. ) ;
#3369 = VERTEX_POINT ( 'NONE', #7409 ) ;
#3370 = ORIENTED_EDGE ( 'NONE', *, *, #485, .F. ) ;
#3371 = EDGE_CURVE ( 'NONE', #8967, #5556, #10661, .T. ) ;
#3372 = VECTOR ( 'NONE', #1147, 1000.000000000000000 ) ;
#3373 = AXIS2_PLACEMENT_3D ( 'NONE', #3652, #7984, #241 ) ;
#3374 = CARTESIAN_POINT ( 'NONE',  ( 4.537690618442709933, 0.3499999999999996447, -4.855654565435175485 ) ) ;
#3375 = CARTESIAN_POINT ( 'NONE',  ( -2.250000000000107914, 0.000000000000000000, 5.000000000000000000 ) ) ;
#3376 = CARTESIAN_POINT ( 'NONE',  ( -1.750000000000107470, 0.2000000000000000111, 4.800000000000000711 ) ) ;
#3377 = CARTESIAN_POINT ( 'NONE',  ( -2.999999999999999112, 8.000000000000000000, -4.100000000000003197 ) ) ;
#3378 = AXIS2_PLACEMENT_3D ( 'NONE', #4693, #7385, #6565 ) ;
#3379 = VECTOR ( 'NONE', #9285, 1000.000000000000000 ) ;
#3380 = ORIENTED_EDGE ( 'NONE', *, *, #10837, .F. ) ;
#3381 = DIRECTION ( 'NONE',  ( 1.000000000000000000, -0.000000000000000000, -0.000000000000000000 ) ) ;
#3382 = ORIENTED_EDGE ( 'NONE', *, *, #454, .F. ) ;
#3383 = EDGE_CURVE ( 'NONE', #5330, #5862, #4988, .T. ) ;
#3384 = CARTESIAN_POINT ( 'NONE',  ( 7.000000000000000888, 3.150000000000000799, -3.000000000000000000 ) ) ;
#3385 = ORIENTED_EDGE ( 'NONE', *, *, #9061, .F. ) ;
#3386 = LINE ( 'NONE', #6789, #10388 ) ;
#3387 = CLOSED_SHELL ( 'NONE', ( #5797, #8806, #7908, #6231, #4234, #7190, #10334, #4933 ) ) ;
#3388 = CIRCLE ( 'NONE', #7760, 0.2000000000000003164 ) ;
#3389 = FACE_OUTER_BOUND ( 'NONE', #8424, .T. ) ;
#3390 = FACE_OUTER_BOUND ( 'NONE', #6932, .T. ) ;
#3391 = ORIENTED_EDGE ( 'NONE', *, *, #6660, .T. ) ;
#3392 = ORIENTED_EDGE ( 'NONE', *, *, #9836, .T. ) ;
#3393 = LINE ( 'NONE', #8385, #868 ) ;
#3394 = DIRECTION ( 'NONE',  ( 0.000000000000000000, 0.000000000000000000, -1.000000000000000000 ) ) ;
#3395 = EDGE_LOOP ( 'NONE', ( #7106, #4006, #8544, #4646 ) ) ;
#3396 = DIRECTION ( 'NONE',  ( -0.000000000000000000, -0.000000000000000000, -1.000000000000000000 ) ) ;
#3397 = ORIENTED_EDGE ( 'NONE', *, *, #1402, .F. ) ;
#3398 = DIRECTION ( 'NONE',  ( 0.000000000000000000, 1.591489427501657896E-16, -1.000000000000000000 ) ) ;
#3399 = VERTEX_POINT ( 'NONE', #6483 ) ;
#3400 = CARTESIAN_POINT ( 'NONE',  ( 3.749999999999892975, 0.6000000000000000888, 2.400000000000000355 ) ) ;
#3401 = CARTESIAN_POINT ( 'NONE',  ( 5.200000000000000178, 2.199999999999997513, -4.714222201011319058 ) ) ;
#3402 = ORIENTED_EDGE ( 'NONE', *, *, #5197, .T. ) ;
#3403 = EDGE_CURVE ( 'NONE', #10313, #4226, #9832, .T. ) ;
#3404 = VERTEX_POINT ( 'NONE', #9051 ) ;
#3405 = ADVANCED_FACE ( 'NONE', ( #3949 ), #1574, .F. ) ;
#3406 = CARTESIAN_POINT ( 'NONE',  ( 6.999999999999998224, 4.950000000000001954, -3.200000000000000178 ) ) ;
#3407 = EDGE_CURVE ( 'NONE', #9931, #7717, #8120, .T. ) ;
#3408 = VECTOR ( 'NONE', #6451, 1000.000000000000000 ) ;
#3409 = CARTESIAN_POINT ( 'NONE',  ( -4.026055542458625069, 0.9000000000000005773, -4.100000000000003197 ) ) ;
#3410 = CARTESIAN_POINT ( 'NONE',  ( 4.579947964062491828, 0.8037242644408382208, -4.946275735559161113 ) ) ;
#3411 = DIRECTION ( 'NONE',  ( 1.239088197126290669E-15, 0.000000000000000000, 1.000000000000000000 ) ) ;
#3412 = DIRECTION ( 'NONE',  ( 0.000000000000000000, 0.000000000000000000, 1.000000000000000000 ) ) ;
#3413 = ADVANCED_FACE ( 'NONE', ( #4160 ), #5467, .F. ) ;
#3414 = ORIENTED_EDGE ( 'NONE', *, *, #7144, .T. ) ;
#3415 = DIRECTION ( 'NONE',  ( -0.000000000000000000, -0.000000000000000000, 1.000000000000000000 ) ) ;
#3416 = CIRCLE ( 'NONE', #9566, 0.1749999999999993783 ) ;
#3417 = CARTESIAN_POINT ( 'NONE',  ( -2.250000000000107025, 0.6000000000000000888, 2.399999999999958167 ) ) ;
#3418 = ORIENTED_EDGE ( 'NONE', *, *, #603, .F. ) ;
#3419 = ORIENTED_EDGE ( 'NONE', *, *, #6553, .F. ) ;
#3420 = CARTESIAN_POINT ( 'NONE',  ( -2.250000000000107914, 0.000000000000000000, 5.000000000000000000 ) ) ;
#3421 = MECHANICAL_DESIGN_GEOMETRIC_PRESENTATION_REPRESENTATION (  '', ( #2542 ), #7803 ) ;
#3422 = DIRECTION ( 'NONE',  ( 1.000000000000000000, 0.000000000000000000, 0.000000000000000000 ) ) ;
#3423 = DIRECTION ( 'NONE',  ( 1.000000000000000000, 0.000000000000000000, 0.000000000000000000 ) ) ;
#3424 = SURFACE_STYLE_USAGE ( .BOTH. , #68 ) ;
#3425 = ADVANCED_FACE ( 'NONE', ( #756 ), #10715, .T. ) ;
#3426 = EDGE_CURVE ( 'NONE', #51, #539, #3237, .T. ) ;
#3427 = CARTESIAN_POINT ( 'NONE',  ( 2.999999999999999112, 8.000000000000000000, -4.100000000000003197 ) ) ;
#3428 = ORIENTED_EDGE ( 'NONE', *, *, #10608, .F. ) ;
#3429 = FACE_OUTER_BOUND ( 'NONE', #1391, .T. ) ;
#3430 =( GEOMETRIC_REPRESENTATION_CONTEXT ( 3 ) GLOBAL_UNCERTAINTY_ASSIGNED_CONTEXT ( ( #377 ) ) GLOBAL_UNIT_ASSIGNED_CONTEXT ( ( #4415, #10137, #3534 ) ) REPRESENTATION_CONTEXT ( 'NONE', 'WORKASPACE' ) );
#3431 = EDGE_CURVE ( 'NONE', #10098, #1622, #803, .T. ) ;
#3432 =( NAMED_UNIT ( * ) PLANE_ANGLE_UNIT ( ) SI_UNIT ( $, .RADIAN. ) );
#3433 = VERTEX_POINT ( 'NONE', #9985 ) ;
#3434 = CARTESIAN_POINT ( 'NONE',  ( 5.900000000000000355, 4.629138561470611535, 1.099999999999999867 ) ) ;
#3435 = ORIENTED_EDGE ( 'NONE', *, *, #5417, .T. ) ;
#3436 = CARTESIAN_POINT ( 'NONE',  ( -3.859191070279860636, 0.000000000000000000, -2.300000000000000266 ) ) ;
#3437 = DIRECTION ( 'NONE',  ( 3.336006684570783101E-16, 0.000000000000000000, -1.000000000000000000 ) ) ;
#3438 = DIRECTION ( 'NONE',  ( 1.000000000000000000, 0.000000000000000000, 0.000000000000000000 ) ) ;
#3439 = VECTOR ( 'NONE', #4122, 1000.000000000000000 ) ;
#3440 = ORIENTED_EDGE ( 'NONE', *, *, #9447, .T. ) ;
#3441 = ADVANCED_FACE ( 'NONE', ( #2448 ), #10864, .F. ) ;
#3442 = DIRECTION ( 'NONE',  ( 0.000000000000000000, -1.000000000000000000, 6.829619984160657060E-16 ) ) ;
#3443 = EDGE_CURVE ( 'NONE', #9453, #2737, #1629, .T. ) ;
#3444 = ORIENTED_EDGE ( 'NONE', *, *, #1841, .F. ) ;
#3445 = DIRECTION ( 'NONE',  ( 0.000000000000000000, 1.000000000000000000, 0.000000000000000000 ) ) ;
#3446 = AXIS2_PLACEMENT_3D ( 'NONE', #3618, #9385, #310 ) ;
#3447 = CARTESIAN_POINT ( 'NONE',  ( -3.750000000000107470, 0.2000000000000000111, 4.999999999999944933 ) ) ;
#3448 = EDGE_LOOP ( 'NONE', ( #10666, #5466, #4829, #5508 ) ) ;
#3449 = DIRECTION ( 'NONE',  ( -1.000000000000000000, 0.000000000000000000, 0.000000000000000000 ) ) ;
#3450 = CARTESIAN_POINT ( 'NONE',  ( -4.544970594072204051, 1.855029405927795194, -1.189574953383492728 ) ) ;
#3451 = ORIENTED_EDGE ( 'NONE', *, *, #7569, .T. ) ;
#3452 = DIRECTION ( 'NONE',  ( 1.000000000000000000, -0.000000000000000000, -0.000000000000000000 ) ) ;
#3453 = VECTOR ( 'NONE', #3311, 1000.000000000000000 ) ;
#3454 = VERTEX_POINT ( 'NONE', #3549 ) ;
#3455 = PLANE ( 'NONE',  #7785 ) ;
#3456 = CARTESIAN_POINT ( 'NONE',  ( 1.749999999999892308, 0.2000000000000000111, 4.800000000000000711 ) ) ;
#3457 = VERTEX_POINT ( 'NONE', #2718 ) ;
#3458 = VERTEX_POINT ( 'NONE', #6077 ) ;
#3459 = PLANE ( 'NONE',  #4212 ) ;
#3460 = CARTESIAN_POINT ( 'NONE',  ( -6.200000000000001066, 5.465000000000000746, 1.499999999999999334 ) ) ;
#3461 = EDGE_CURVE ( 'NONE', #2812, #1395, #5192, .T. ) ;
#3462 = LINE ( 'NONE', #7479, #6692 ) ;
#3463 = CARTESIAN_POINT ( 'NONE',  ( 4.249999999999892530, 0.2000000000000000111, 2.400000000000000355 ) ) ;
#3464 = CARTESIAN_POINT ( 'NONE',  ( 7.000000000000000000, 5.700000000000000178, -3.200000000000000178 ) ) ;
#3465 = EDGE_CURVE ( 'NONE', #4263, #6772, #8379, .T. ) ;
#3466 = ORIENTED_EDGE ( 'NONE', *, *, #7699, .F. ) ;
#3467 = CARTESIAN_POINT ( 'NONE',  ( -6.200000000000001066, 5.500000000000000888, 3.725000000000000533 ) ) ;
#3468 = ADVANCED_FACE ( 'NONE', ( #4371 ), #3602, .F. ) ;
#3469 = ADVANCED_FACE ( 'NONE', ( #3389 ), #5869, .T. ) ;
#3470 = DIRECTION ( 'NONE',  ( 1.000000000000000000, -0.000000000000000000, -0.000000000000000000 ) ) ;
#3471 = ORIENTED_EDGE ( 'NONE', *, *, #10892, .T. ) ;
#3472 = ORIENTED_EDGE ( 'NONE', *, *, #1415, .F. ) ;
#3473 = DIRECTION ( 'NONE',  ( -0.000000000000000000, 1.000000000000000000, -0.000000000000000000 ) ) ;
#3474 = LINE ( 'NONE', #168, #4030 ) ;
#3475 = CARTESIAN_POINT ( 'NONE',  ( 3.749999999999892975, 0.6000000000000000888, 2.400000000000000355 ) ) ;
#3476 = EDGE_CURVE ( 'NONE', #4973, #8534, #1834, .T. ) ;
#3477 = CARTESIAN_POINT ( 'NONE',  ( -5.366666666666665364, 5.933333333333332682, 3.266666666666665719 ) ) ;
#3478 = EDGE_CURVE ( 'NONE', #9444, #10002, #5973, .T. ) ;
#3479 = ORIENTED_EDGE ( 'NONE', *, *, #10646, .T. ) ;
#3480 = CARTESIAN_POINT ( 'NONE',  ( -6.200000000000001954, 2.400000000000000799, 1.999999999999999556 ) ) ;
#3481 = DIRECTION ( 'NONE',  ( 0.000000000000000000, 0.000000000000000000, -1.000000000000000000 ) ) ;
#3482 = AXIS2_PLACEMENT_3D ( 'NONE', #1003, #949, #7652 ) ;
#3483 = ORIENTED_EDGE ( 'NONE', *, *, #1542, .F. ) ;
#3484 = ADVANCED_FACE ( 'NONE', ( #2663 ), #28, .T. ) ;
#3485 = DIRECTION ( 'NONE',  ( 0.000000000000000000, -1.000000000000000000, 0.000000000000000000 ) ) ;
#3486 = ORIENTED_EDGE ( 'NONE', *, *, #6587, .T. ) ;
#3487 = CARTESIAN_POINT ( 'NONE',  ( 5.800000000000000711, 5.500000000000001776, -1.499999999999998224 ) ) ;
#3488 = COLOUR_RGB ( '',0.7921568627450980005, 0.8196078431372548767, 0.9333333333333333481 ) ;
#3489 = LINE ( 'NONE', #852, #1605 ) ;
#3490 = DIRECTION ( 'NONE',  ( -1.000000000000000000, 0.000000000000000000, 0.000000000000000000 ) ) ;
#3491 = AXIS2_PLACEMENT_3D ( 'NONE', #7990, #3657, #8713 ) ;
#3492 = VERTEX_POINT ( 'NONE', #1890 ) ;
#3493 = LINE ( 'NONE', #1731, #7003 ) ;
#3494 = ORIENTED_EDGE ( 'NONE', *, *, #2235, .T. ) ;
#3495 = CARTESIAN_POINT ( 'NONE',  ( -4.764267565201869559, 0.000000000000000000, -5.000000000000000000 ) ) ;
#3496 = VECTOR ( 'NONE', #3709, 1000.000000000000000 ) ;
#3497 = CARTESIAN_POINT ( 'NONE',  ( -6.305000000000000604, 0.4000000000000052403, -1.513476936738000322 ) ) ;
#3499 = ORIENTED_EDGE ( 'NONE', *, *, #718, .T. ) ;
#3498 = AXIS2_PLACEMENT_3D ( 'NONE', #7700, #8473, #946 ) ;
#3500 = ADVANCED_FACE ( 'NONE', ( #6741 ), #5246, .F. ) ;
#3501 = DIRECTION ( 'NONE',  ( 0.000000000000000000, 0.000000000000000000, 1.000000000000000000 ) ) ;
#3502 = AXIS2_PLACEMENT_3D ( 'NONE', #5525, #8099, #6523 ) ;
#3503 = ORIENTED_EDGE ( 'NONE', *, *, #8151, .T. ) ;
#3504 = LINE ( 'NONE', #6752, #96 ) ;
#3505 = VERTEX_POINT ( 'NONE', #1727 ) ;
#3506 = STYLED_ITEM ( 'NONE', ( #7242 ), #9378 ) ;
#3507 = PLANE ( 'NONE',  #6227 ) ;
#3508 = CARTESIAN_POINT ( 'NONE',  ( 5.800000000000000711, 2.400000000000000355, 3.700000000000000178 ) ) ;
#3509 = ORIENTED_EDGE ( 'NONE', *, *, #2536, .T. ) ;
#3510 = VECTOR ( 'NONE', #151, 1000.000000000000000 ) ;
#3511 = ORIENTED_EDGE ( 'NONE', *, *, #2213, .T. ) ;
#3512 = CARTESIAN_POINT ( 'NONE',  ( -2.250000000000107470, 0.6000000000000000888, 3.899999999999999911 ) ) ;
#3513 = EDGE_CURVE ( 'NONE', #5222, #8333, #1780, .T. ) ;
#3514 = LINE ( 'NONE', #1648, #2164 ) ;
#3515 = DIRECTION ( 'NONE',  ( -1.000000000000000000, -0.000000000000000000, -0.000000000000000000 ) ) ;
#3516 = ORIENTED_EDGE ( 'NONE', *, *, #827, .F. ) ;
#3517 = CARTESIAN_POINT ( 'NONE',  ( -1.999999999999999112, 4.400000000000001243, 0.7999999999999994893 ) ) ;
#3518 = VECTOR ( 'NONE', #5984, 1000.000000000000114 ) ;
#3519 = ADVANCED_BREP_SHAPE_REPRESENTATION ( 'SM05B-PASS-TBT', ( #2029, #5581, #9378, #5597, #2098, #1856, #1974, #9252, #5729, #1931, #9200, #5661, #9233, #1876, #5638, #500 ), #9096 ) ;
#3520 = ORIENTED_EDGE ( 'NONE', *, *, #3952, .F. ) ;
#3521 = DIRECTION ( 'NONE',  ( 0.000000000000000000, 0.000000000000000000, 1.000000000000000000 ) ) ;
#3522 = EDGE_LOOP ( 'NONE', ( #9620, #1286, #2584, #9699, #5214, #958, #3697 ) ) ;
#3523 = CARTESIAN_POINT ( 'NONE',  ( -6.304999999999998828, 0.3999999999999996336, 1.399999999999999689 ) ) ;
#3524 = AXIS2_PLACEMENT_3D ( 'NONE', #9811, #9758, #10800 ) ;
#3525 = FACE_OUTER_BOUND ( 'NONE', #3085, .T. ) ;
#3526 = ORIENTED_EDGE ( 'NONE', *, *, #8880, .T. ) ;
#3527 = EDGE_LOOP ( 'NONE', ( #1549, #10444, #7192, #3996, #9427, #2053 ) ) ;
#3528 = ADVANCED_FACE ( 'NONE', ( #1067 ), #4430, .F. ) ;
#3529 = PLANE ( 'NONE',  #7933 ) ;
#3530 = CIRCLE ( 'NONE', #6540, 0.09999999999999993616 ) ;
#3531 = CARTESIAN_POINT ( 'NONE',  ( 6.200000000000001066, 2.400000000000001243, -1.699999999999999956 ) ) ;
#3532 = FACE_OUTER_BOUND ( 'NONE', #10188, .T. ) ;
#3533 = AXIS2_PLACEMENT_3D ( 'NONE', #3787, #2795, #263 ) ;
#3534 =( NAMED_UNIT ( * ) SI_UNIT ( $, .STERADIAN. ) SOLID_ANGLE_UNIT ( ) );
#3535 = CARTESIAN_POINT ( 'NONE',  ( 2.140808929720139364, 2.540808929720139275, -2.300000000000000266 ) ) ;
#3536 = LINE ( 'NONE', #7544, #508 ) ;
#3537 = EDGE_LOOP ( 'NONE', ( #2416, #8598, #9422, #3567 ) ) ;
#3538 = CARTESIAN_POINT ( 'NONE',  ( 6.299999999999996270, 2.400000000000000355, 2.500000000000000000 ) ) ;
#3539 = VECTOR ( 'NONE', #8900, 1000.000000000000000 ) ;
#3540 = CARTESIAN_POINT ( 'NONE',  ( 5.800000000000000711, 3.400000000000000355, 1.999999999999999556 ) ) ;
#3541 = CIRCLE ( 'NONE', #9329, 0.1749999999999998224 ) ;
#3542 = ORIENTED_EDGE ( 'NONE', *, *, #6848, .T. ) ;
#3543 = CARTESIAN_POINT ( 'NONE',  ( 7.000000000000000000, 2.400000000000000355, 1.800000000000002487 ) ) ;
#3544 = ADVANCED_FACE ( 'NONE', ( #8428 ), #4319, .F. ) ;
#3545 = EDGE_LOOP ( 'NONE', ( #6609, #3067, #6669, #5756 ) ) ;
#3546 = EDGE_CURVE ( 'NONE', #4467, #8967, #374, .T. ) ;
#3547 = CARTESIAN_POINT ( 'NONE',  ( -4.026055542458625069, 0.3499999999999996447, -4.350000000000003197 ) ) ;
#3548 = EDGE_CURVE ( 'NONE', #10472, #9804, #8481, .T. ) ;
#3549 = CARTESIAN_POINT ( 'NONE',  ( -6.304999999999998828, 0.4000000000000000222, -1.700000000000000400 ) ) ;
#3550 = CARTESIAN_POINT ( 'NONE',  ( 1.749999999999892308, 0.000000000000000000, 2.900000000000001688 ) ) ;
#3551 = VECTOR ( 'NONE', #7277, 1000.000000000000000 ) ;
#3552 = VECTOR ( 'NONE', #1763, 1000.000000000000000 ) ;
#3553 = ORIENTED_EDGE ( 'NONE', *, *, #7436, .F. ) ;
#3554 = VECTOR ( 'NONE', #8186, 1000.000000000000000 ) ;
#3555 = DIRECTION ( 'NONE',  ( -1.232595164407830946E-32, -1.000000000000000000, 6.853242846390245208E-49 ) ) ;
#3556 = VERTEX_POINT ( 'NONE', #5036 ) ;
#3557 = DIRECTION ( 'NONE',  ( 1.000000000000000000, 0.000000000000000000, 0.000000000000000000 ) ) ;
#3558 = AXIS2_PLACEMENT_3D ( 'NONE', #6539, #9052, #3334 ) ;
#3559 = DIRECTION ( 'NONE',  ( 0.000000000000000000, 1.224646799147353454E-16, -1.000000000000000000 ) ) ;
#3560 = EDGE_CURVE ( 'NONE', #10481, #7702, #3489, .T. ) ;
#3561 = ORIENTED_EDGE ( 'NONE', *, *, #1828, .F. ) ;
#3562 = CARTESIAN_POINT ( 'NONE',  ( 3.749999999999892530, 0.2000000000000000111, 4.800000000000000711 ) ) ;
#3563 = DIRECTION ( 'NONE',  ( -0.000000000000000000, -0.000000000000000000, 1.000000000000000000 ) ) ;
#3564 = ORIENTED_EDGE ( 'NONE', *, *, #1469, .T. ) ;
#3565 = VECTOR ( 'NONE', #1860, 1000.000000000000000 ) ;
#3566 = DIRECTION ( 'NONE',  ( 0.000000000000000000, 0.000000000000000000, -1.000000000000000000 ) ) ;
#3567 = ORIENTED_EDGE ( 'NONE', *, *, #5600, .F. ) ;
#3568 = DIRECTION ( 'NONE',  ( -1.000000000000000000, -0.000000000000000000, -0.000000000000000000 ) ) ;
#3569 = CARTESIAN_POINT ( 'NONE',  ( -4.200000000000000178, 3.700000000000000178, -3.049999999999997602 ) ) ;
#3570 = EDGE_CURVE ( 'NONE', #2552, #39, #6791, .T. ) ;
#3571 = CARTESIAN_POINT ( 'NONE',  ( -3.750000000000000000, 2.649999999999999911, -2.300000000000000266 ) ) ;
#3572 = ORIENTED_EDGE ( 'NONE', *, *, #1069, .F. ) ;
#3573 = ORIENTED_EDGE ( 'NONE', *, *, #4640, .F. ) ;
#3574 = CARTESIAN_POINT ( 'NONE',  ( -2.250000000000107025, 0.6000000000000000888, 2.400000000000000355 ) ) ;
#3575 = DIRECTION ( 'NONE',  ( -1.000000000000000000, -0.000000000000000000, -0.000000000000000000 ) ) ;
#3576 = CARTESIAN_POINT ( 'NONE',  ( 7.000000000000000000, 0.2000000000000000111, 2.149999999999999911 ) ) ;
#3577 = ORIENTED_EDGE ( 'NONE', *, *, #7112, .F. ) ;
#3578 = DIRECTION ( 'NONE',  ( 0.000000000000000000, 0.000000000000000000, 1.000000000000000000 ) ) ;
#3579 = LINE ( 'NONE', #5507, #10470 ) ;
#3580 = ADVANCED_FACE ( 'NONE', ( #524 ), #8040, .T. ) ;
#3581 = ORIENTED_EDGE ( 'NONE', *, *, #9146, .T. ) ;
#3582 = DIRECTION ( 'NONE',  ( 0.000000000000000000, 0.9396926207859095381, -0.3420201433256658263 ) ) ;
#3583 = ADVANCED_FACE ( 'NONE', ( #3767 ), #4486, .F. ) ;
#3584 = CARTESIAN_POINT ( 'NONE',  ( 3.455029405927795949, 1.855029405927795194, -1.189574953383492728 ) ) ;
#3585 = VERTEX_POINT ( 'NONE', #7125 ) ;
#3586 = ORIENTED_EDGE ( 'NONE', *, *, #3546, .T. ) ;
#3587 = EDGE_CURVE ( 'NONE', #8183, #572, #10476, .T. ) ;
#3588 = CARTESIAN_POINT ( 'NONE',  ( -5.800000000000000711, 5.500000000000001776, -1.499999999999998224 ) ) ;
#3589 = DIRECTION ( 'NONE',  ( -0.9396926207859095381, -0.000000000000000000, -0.3420201433256658263 ) ) ;
#3590 = CARTESIAN_POINT ( 'NONE',  ( -6.304999999999999716, 4.050000000000000711, -3.000000000000000000 ) ) ;
#3591 = CARTESIAN_POINT ( 'NONE',  ( -1.749999999999999778, 2.540808929720139275, -2.300000000000000266 ) ) ;
#3592 = LINE ( 'NONE', #9532, #7693 ) ;
#3593 = ORIENTED_EDGE ( 'NONE', *, *, #262, .T. ) ;
#3594 = LINE ( 'NONE', #5029, #5634 ) ;
#3595 = PLANE ( 'NONE',  #10879 ) ;
#3596 = DIRECTION ( 'NONE',  ( -1.000000000000000000, -0.000000000000000000, -0.000000000000000000 ) ) ;
#3597 = ORIENTED_EDGE ( 'NONE', *, *, #8305, .F. ) ;
#3598 = VECTOR ( 'NONE', #8876, 1000.000000000000000 ) ;
#3599 = DIRECTION ( 'NONE',  ( 6.052042441354482143E-17, 0.2631174057921086828, 0.9647638212377321887 ) ) ;
#3600 = EDGE_LOOP ( 'NONE', ( #9240, #5014, #6551, #4016 ) ) ;
#3601 = DIRECTION ( 'NONE',  ( 0.000000000000000000, 0.9396926207859095381, -0.3420201433256658263 ) ) ;
#3602 = PLANE ( 'NONE',  #6357 ) ;
#3603 = LINE ( 'NONE', #4431, #9762 ) ;
#3604 = ORIENTED_EDGE ( 'NONE', *, *, #7038, .F. ) ;
#3605 = CARTESIAN_POINT ( 'NONE',  ( -2.250000000000107914, 0.2000000000000000111, 4.800000000000000711 ) ) ;
#3606 = VECTOR ( 'NONE', #7773, 1000.000000000000000 ) ;
#3607 = EDGE_CURVE ( 'NONE', #1719, #8317, #7234, .T. ) ;
#3608 = ORIENTED_EDGE ( 'NONE', *, *, #8815, .F. ) ;
#3609 = CARTESIAN_POINT ( 'NONE',  ( -6.200000000000001066, 5.470710678118654968, 0.8971320343559628929 ) ) ;
#3610 = ADVANCED_FACE ( 'NONE', ( #1232 ), #6133, .F. ) ;
#3611 = ADVANCED_FACE ( 'NONE', ( #1125 ), #2947, .F. ) ;
#3612 = SURFACE_STYLE_USAGE ( .BOTH. , #6369 ) ;
#3613 = ORIENTED_EDGE ( 'NONE', *, *, #1230, .F. ) ;
#3614 = DIRECTION ( 'NONE',  ( 0.000000000000000000, -1.000000000000000000, -1.334402673828314227E-15 ) ) ;
#3615 = VECTOR ( 'NONE', #9234, 1000.000000000000000 ) ;
#3616 = LINE ( 'NONE', #7084, #5621 ) ;
#3617 = ORIENTED_EDGE ( 'NONE', *, *, #9655, .T. ) ;
#3618 = CARTESIAN_POINT ( 'NONE',  ( -2.999999999999998668, 8.000000000000000000, -3.599999999999999645 ) ) ;
#3619 = ORIENTED_EDGE ( 'NONE', *, *, #8000, .F. ) ;
#3620 = CARTESIAN_POINT ( 'NONE',  ( 6.200000000000001066, 5.394289321881344357, 0.6792893218813451650 ) ) ;
#3621 = CARTESIAN_POINT ( 'NONE',  ( 5.800000000000000711, 2.400000000000001243, -1.699999999999999734 ) ) ;
#3622 = AXIS2_PLACEMENT_3D ( 'NONE', #1986, #219, #3796 ) ;
#3623 = LINE ( 'NONE', #7844, #8607 ) ;
#3624 = VERTEX_POINT ( 'NONE', #297 ) ;
#3625 = LINE ( 'NONE', #8788, #565 ) ;
#3626 = ORIENTED_EDGE ( 'NONE', *, *, #3346, .T. ) ;
#3627 = DIRECTION ( 'NONE',  ( -1.000000000000000000, -0.000000000000000000, -0.000000000000000000 ) ) ;
#3628 = ADVANCED_FACE ( 'NONE', ( #10365 ), #2774, .T. ) ;
#3629 = DIRECTION ( 'NONE',  ( 0.000000000000000000, 1.000000000000000000, 0.000000000000000000 ) ) ;
#3630 = DIRECTION ( 'NONE',  ( 0.000000000000000000, -1.000000000000000000, 0.000000000000000000 ) ) ;
#3631 = VECTOR ( 'NONE', #6544, 1000.000000000000000 ) ;
#3632 = ORIENTED_EDGE ( 'NONE', *, *, #3660, .F. ) ;
#3633 = DIRECTION ( 'NONE',  ( 0.000000000000000000, -1.000000000000000000, 0.000000000000000000 ) ) ;
#3634 = DIRECTION ( 'NONE',  ( -1.000000000000000000, 0.000000000000000000, 0.000000000000000000 ) ) ;
#3635 = ORIENTED_EDGE ( 'NONE', *, *, #718, .F. ) ;
#3636 = FACE_OUTER_BOUND ( 'NONE', #2571, .T. ) ;
#3637 = DIRECTION ( 'NONE',  ( -0.000000000000000000, -0.000000000000000000, -1.000000000000000000 ) ) ;
#3638 = VERTEX_POINT ( 'NONE', #3874 ) ;
#3639 = ORIENTED_EDGE ( 'NONE', *, *, #4158, .F. ) ;
#3640 = PLANE ( 'NONE',  #10764 ) ;
#3641 = CARTESIAN_POINT ( 'NONE',  ( -0.1408089297201395029, 0.000000000000000000, -2.300000000000000266 ) ) ;
#3642 = CARTESIAN_POINT ( 'NONE',  ( -4.000000000000000000, 0.000000000000000000, -2.300000000000000266 ) ) ;
#3643 = DIRECTION ( 'NONE',  ( 0.000000000000000000, -1.000000000000000000, 0.000000000000000000 ) ) ;
#3644 = LINE ( 'NONE', #9697, #8898 ) ;
#3645 = LINE ( 'NONE', #6184, #7879 ) ;
#3646 = VERTEX_POINT ( 'NONE', #2838 ) ;
#3647 = DIRECTION ( 'NONE',  ( 0.000000000000000000, 0.000000000000000000, 1.000000000000000000 ) ) ;
#3648 = DIRECTION ( 'NONE',  ( 1.000000000000000000, -0.000000000000000000, -0.000000000000000000 ) ) ;
#3649 = VERTEX_POINT ( 'NONE', #9543 ) ;
#3650 = DIRECTION ( 'NONE',  ( -1.000000000000000000, 0.000000000000000000, -7.317513109993572647E-16 ) ) ;
#3651 = VERTEX_POINT ( 'NONE', #2894 ) ;
#3652 = CARTESIAN_POINT ( 'NONE',  ( 6.304999999999999716, 4.050000000000000711, -3.000000000000000000 ) ) ;
#3653 = CARTESIAN_POINT ( 'NONE',  ( -5.800000000000000711, 5.500000000000000888, 0.9678427124746179500 ) ) ;
#3654 = DIRECTION ( 'NONE',  ( 0.000000000000000000, 0.000000000000000000, -1.000000000000000000 ) ) ;
#3655 = CARTESIAN_POINT ( 'NONE',  ( -6.200000000000001066, 5.394289321881344357, 0.6792893218813451650 ) ) ;
#3656 = ORIENTED_EDGE ( 'NONE', *, *, #3822, .F. ) ;
#3657 = DIRECTION ( 'NONE',  ( -1.000000000000000000, -0.000000000000000000, 0.000000000000000000 ) ) ;
#3658 = ORIENTED_EDGE ( 'NONE', *, *, #10315, .F. ) ;
#3659 =( NAMED_UNIT ( * ) PLANE_ANGLE_UNIT ( ) SI_UNIT ( $, .RADIAN. ) );
#3660 = EDGE_CURVE ( 'NONE', #2258, #7761, #2010, .T. ) ;
#3661 = DIRECTION ( 'NONE',  ( 1.000000000000000000, 0.000000000000000000, 0.000000000000000000 ) ) ;
#3662 = EDGE_LOOP ( 'NONE', ( #122, #5880, #8671, #5677 ) ) ;
#3663 = FILL_AREA_STYLE_COLOUR ( '', #1439 ) ;
#3664 = LINE ( 'NONE', #421, #8633 ) ;
#3665 = EDGE_CURVE ( 'NONE', #52, #4058, #8824, .T. ) ;
#3666 = CIRCLE ( 'NONE', #9988, 0.2000000000000005107 ) ;
#3667 = VERTEX_POINT ( 'NONE', #4651 ) ;
#3668 = LINE ( 'NONE', #1850, #10291 ) ;
#3669 = ORIENTED_EDGE ( 'NONE', *, *, #4259, .F. ) ;
#3670 = CARTESIAN_POINT ( 'NONE',  ( -4.250000000000107470, 0.000000000000000000, 4.800000000000000711 ) ) ;
#3671 = DIRECTION ( 'NONE',  ( 1.000000000000000000, 8.627481473925044946E-32, -5.421010862427521184E-16 ) ) ;
#3672 = VECTOR ( 'NONE', #5791, 1000.000000000000000 ) ;
#3673 = FACE_OUTER_BOUND ( 'NONE', #2937, .T. ) ;
#3674 = ORIENTED_EDGE ( 'NONE', *, *, #7087, .F. ) ;
#3675 = LINE ( 'NONE', #2195, #5671 ) ;
#3676 = UNCERTAINTY_MEASURE_WITH_UNIT (LENGTH_MEASURE( 1.000000000000000082E-05 ), #197, 'distance_accuracy_value', 'NONE');
#3677 = ORIENTED_EDGE ( 'NONE', *, *, #7174, .T. ) ;
#3678 =( BOUNDED_CURVE ( )  B_SPLINE_CURVE ( 3, ( #9269, #2515, #6036, #5150 ),
 .UNSPECIFIED., .F., .T. ) 
 B_SPLINE_CURVE_WITH_KNOTS ( ( 4, 4 ),
 ( 4.712388980384689674, 6.283185307179586232 ),
 .UNSPECIFIED. ) 
 CURVE ( )  GEOMETRIC_REPRESENTATION_ITEM ( )  RATIONAL_B_SPLINE_CURVE ( ( 1.000000000000000000, 0.8047378541243649375, 0.8047378541243649375, 1.000000000000000000 ) ) 
 REPRESENTATION_ITEM ( '' )  );
#3679 = DIRECTION ( 'NONE',  ( 1.000000000000000000, -0.000000000000000000, -0.000000000000000000 ) ) ;
#3680 = CARTESIAN_POINT ( 'NONE',  ( -4.250000000000107470, 0.6000000000000000888, 3.899999999999999911 ) ) ;
#3681 = EDGE_CURVE ( 'NONE', #987, #9068, #7877, .T. ) ;
#3682 = EDGE_CURVE ( 'NONE', #1419, #9226, #5361, .T. ) ;
#3683 = EDGE_CURVE ( 'NONE', #3207, #1881, #3530, .T. ) ;
#3684 = EDGE_CURVE ( 'NONE', #5285, #8608, #6362, .T. ) ;
#3685 = ORIENTED_EDGE ( 'NONE', *, *, #1122, .T. ) ;
#3686 = DIRECTION ( 'NONE',  ( 0.000000000000000000, -1.000000000000000000, 0.000000000000000000 ) ) ;
#3687 = VECTOR ( 'NONE', #193, 1000.000000000000000 ) ;
#3688 = EDGE_LOOP ( 'NONE', ( #8812, #7414, #2210, #8518, #8, #8736 ) ) ;
#3689 = DIRECTION ( 'NONE',  ( 1.000000000000000000, 0.000000000000000000, 0.000000000000000000 ) ) ;
#3690 = ORIENTED_EDGE ( 'NONE', *, *, #9265, .T. ) ;
#3691 = PLANE ( 'NONE',  #6971 ) ;
#3692 = ADVANCED_FACE ( 'NONE', ( #2175 ), #6247, .T. ) ;
#3693 = VECTOR ( 'NONE', #3599, 1000.000000000000000 ) ;
#3694 = LINE ( 'NONE', #1161, #5 ) ;
#3695 = VERTEX_POINT ( 'NONE', #5413 ) ;
#3696 = VECTOR ( 'NONE', #359, 1000.000000000000000 ) ;
#3697 = ORIENTED_EDGE ( 'NONE', *, *, #8078, .F. ) ;
#3698 = EDGE_CURVE ( 'NONE', #7685, #3959, #7938, .T. ) ;
#3699 = DIRECTION ( 'NONE',  ( 0.000000000000000000, -1.000000000000000000, 0.000000000000000000 ) ) ;
#3700 = DIRECTION ( 'NONE',  ( -1.000000000000000000, -0.000000000000000000, -0.000000000000000000 ) ) ;
#3701 = LINE ( 'NONE', #2877, #2326 ) ;
#3702 = LINE ( 'NONE', #7110, #1510 ) ;
#3703 = VECTOR ( 'NONE', #2815, 1000.000000000000000 ) ;
#3704 = LINE ( 'NONE', #5403, #3284 ) ;
#3705 = LINE ( 'NONE', #5236, #157 ) ;
#3706 = ORIENTED_EDGE ( 'NONE', *, *, #1819, .T. ) ;
#3707 = CARTESIAN_POINT ( 'NONE',  ( -6.200000000000001066, 5.470710678118656745, 0.6028679656440332213 ) ) ;
#3708 = EDGE_CURVE ( 'NONE', #6976, #9103, #5752, .T. ) ;
#3709 = DIRECTION ( 'NONE',  ( 0.4226182617407009401, -0.000000000000000000, 0.9063077870366492705 ) ) ;
#3710 = PRESENTATION_STYLE_ASSIGNMENT (( #346 ) ) ;
#3711 = ORIENTED_EDGE ( 'NONE', *, *, #4837, .T. ) ;
#3712 = VECTOR ( 'NONE', #3128, 999.9999999999998863 ) ;
#3713 = PLANE ( 'NONE',  #4384 ) ;
#3714 = VECTOR ( 'NONE', #7675, 1000.000000000000000 ) ;
#3715 = CARTESIAN_POINT ( 'NONE',  ( -5.205000000000001847, 5.700000000000000178, 2.800000000000000266 ) ) ;
#3716 = DIRECTION ( 'NONE',  ( -1.000000000000000000, 0.000000000000000000, 0.000000000000000000 ) ) ;
#3717 = DIRECTION ( 'NONE',  ( 1.000000000000000000, 0.000000000000000000, -0.000000000000000000 ) ) ;
#3718 = DIRECTION ( 'NONE',  ( -0.7071067811865451302, -0.7071067811865500152, -1.125352966373122741E-16 ) ) ;
#3719 = EDGE_LOOP ( 'NONE', ( #3204, #8192, #9854, #1918 ) ) ;
#3720 = DIRECTION ( 'NONE',  ( -0.000000000000000000, 1.000000000000000000, -0.000000000000000000 ) ) ;
#3721 = AXIS2_PLACEMENT_3D ( 'NONE', #7446, #6623, #9976 ) ;
#3722 = VECTOR ( 'NONE', #4886, 1000.000000000000000 ) ;
#3723 = EDGE_LOOP ( 'NONE', ( #4873, #8446, #2057, #1975 ) ) ;
#3724 = DIRECTION ( 'NONE',  ( 0.000000000000000000, -1.591489427501657896E-16, 1.000000000000000000 ) ) ;
#3725 = VERTEX_POINT ( 'NONE', #10760 ) ;
#3726 = VECTOR ( 'NONE', #4946, 1000.000000000000000 ) ;
#3727 = DIRECTION ( 'NONE',  ( -0.000000000000000000, 1.000000000000000000, -0.000000000000000000 ) ) ;
#3728 = AXIS2_PLACEMENT_3D ( 'NONE', #1048, #2046, #7920 ) ;
#3729 = ORIENTED_EDGE ( 'NONE', *, *, #6377, .F. ) ;
#3730 = DIRECTION ( 'NONE',  ( -0.000000000000000000, 1.000000000000000000, 1.591489427501658143E-16 ) ) ;
#3731 = ORIENTED_EDGE ( 'NONE', *, *, #4237, .T. ) ;
#3732 = DIRECTION ( 'NONE',  ( 0.000000000000000000, 0.000000000000000000, 1.000000000000000000 ) ) ;
#3733 = CARTESIAN_POINT ( 'NONE',  ( -6.054999999999998828, 0.4000000000000000777, -4.749999999999992006 ) ) ;
#3734 = VECTOR ( 'NONE', #5043, 1000.000000000000000 ) ;
#3735 = DIRECTION ( 'NONE',  ( -0.000000000000000000, 1.000000000000000000, -0.000000000000000000 ) ) ;
#3736 = ORIENTED_EDGE ( 'NONE', *, *, #859, .T. ) ;
#3737 = DIRECTION ( 'NONE',  ( -1.000000000000000000, 0.000000000000000000, 0.000000000000000000 ) ) ;
#3738 = EDGE_LOOP ( 'NONE', ( #4275, #5614, #3249, #8646 ) ) ;
#3739 = LINE ( 'NONE', #7096, #8343 ) ;
#3740 = VECTOR ( 'NONE', #5167, 1000.000000000000000 ) ;
#3741 = VERTEX_POINT ( 'NONE', #5801 ) ;
#3742 = FACE_OUTER_BOUND ( 'NONE', #2710, .T. ) ;
#3743 = ORIENTED_EDGE ( 'NONE', *, *, #2134, .F. ) ;
#3744 = CARTESIAN_POINT ( 'NONE',  ( 5.800000000000000711, 5.470710678118654968, 0.8971320343559628929 ) ) ;
#3745 = EDGE_CURVE ( 'NONE', #5511, #9416, #8162, .T. ) ;
#3746 = DIRECTION ( 'NONE',  ( 6.195440985631445457E-16, 2.147858190661057557E-18, 1.000000000000000000 ) ) ;
#3747 = ADVANCED_FACE ( 'NONE', ( #3224 ), #3059, .F. ) ;
#3748 = ORIENTED_EDGE ( 'NONE', *, *, #2801, .T. ) ;
#3749 = ADVANCED_FACE ( 'NONE', ( #9090 ), #9928, .F. ) ;
#3750 = ORIENTED_EDGE ( 'NONE', *, *, #8880, .F. ) ;
#3751 = FACE_OUTER_BOUND ( 'NONE', #5969, .T. ) ;
#3752 = CARTESIAN_POINT ( 'NONE',  ( -6.200000000000001066, 2.400000000000000355, 3.900000000000000355 ) ) ;
#3753 = LINE ( 'NONE', #2822, #5300 ) ;
#3754 = CARTESIAN_POINT ( 'NONE',  ( -5.800000000000002487, 5.500000000000003553, -1.699999999999997735 ) ) ;
#3755 = CARTESIAN_POINT ( 'NONE',  ( 2.250000000000000444, 2.149999999999999467, -1.999999999999997335 ) ) ;
#3756 = FACE_OUTER_BOUND ( 'NONE', #1433, .T. ) ;
#3757 = ORIENTED_EDGE ( 'NONE', *, *, #43, .T. ) ;
#3758 = DIRECTION ( 'NONE',  ( 0.000000000000000000, -0.000000000000000000, -1.000000000000000000 ) ) ;
#3759 = DIRECTION ( 'NONE',  ( 0.000000000000000000, -1.084202172485504434E-15, -1.000000000000000000 ) ) ;
#3760 = APPLICATION_PROTOCOL_DEFINITION ( 'draft international standard', 'automotive_design', 1998, #5501 ) ;
#3761 = ORIENTED_EDGE ( 'NONE', *, *, #5176, .F. ) ;
#3762 = DIRECTION ( 'NONE',  ( 0.000000000000000000, -0.7071067811865485719, -0.7071067811865465735 ) ) ;
#3763 = CARTESIAN_POINT ( 'NONE',  ( 6.305000000000000604, 0.4000000000000000222, -1.700000000000000178 ) ) ;
#3764 = ADVANCED_FACE ( 'NONE', ( #2437 ), #4877, .F. ) ;
#3765 = VECTOR ( 'NONE', #8005, 1000.000000000000000 ) ;
#3766 = DIRECTION ( 'NONE',  ( 0.000000000000000000, -1.414176746720223400E-16, 1.000000000000000000 ) ) ;
#3767 = FACE_OUTER_BOUND ( 'NONE', #4903, .T. ) ;
#3768 = CARTESIAN_POINT ( 'NONE',  ( -5.200000000000000178, 4.800000000000000711, 0.7999999999999994893 ) ) ;
#3769 = VERTEX_POINT ( 'NONE', #10595 ) ;
#3770 = LINE ( 'NONE', #5532, #8757 ) ;
#3771 = VERTEX_POINT ( 'NONE', #9140 ) ;
#3772 = CARTESIAN_POINT ( 'NONE',  ( 7.000000000000000888, 3.150000000000000799, -3.200000000000000178 ) ) ;
#3773 = VECTOR ( 'NONE', #2577, 1000.000000000000000 ) ;
#3774 = VECTOR ( 'NONE', #7643, 1000.000000000000000 ) ;
#3775 =( NAMED_UNIT ( * ) PLANE_ANGLE_UNIT ( ) SI_UNIT ( $, .RADIAN. ) );
#3776 = ORIENTED_EDGE ( 'NONE', *, *, #2462, .F. ) ;
#3777 = PRESENTATION_STYLE_ASSIGNMENT (( #8774 ) ) ;
#3778 = CARTESIAN_POINT ( 'NONE',  ( 6.304999999999999716, 4.050000000000000711, -3.200000000000000178 ) ) ;
#3779 = ADVANCED_FACE ( 'NONE', ( #4980 ), #8932, .F. ) ;
#3780 = VECTOR ( 'NONE', #5700, 1000.000000000000000 ) ;
#3781 = ADVANCED_FACE ( 'NONE', ( #6577 ), #9879, .F. ) ;
#3782 = VERTEX_POINT ( 'NONE', #10807 ) ;
#3783 = DIRECTION ( 'NONE',  ( -0.000000000000000000, 1.000000000000000000, -0.000000000000000000 ) ) ;
#3784 = ORIENTED_EDGE ( 'NONE', *, *, #10683, .F. ) ;
#3785 = DIRECTION ( 'NONE',  ( 0.000000000000000000, -0.000000000000000000, -1.000000000000000000 ) ) ;
#3786 = DIRECTION ( 'NONE',  ( -1.000000000000000000, -0.000000000000000000, -0.000000000000000000 ) ) ;
#3787 = CARTESIAN_POINT ( 'NONE',  ( -6.200000000000001066, 4.939999999999999503, 2.925000000000000711 ) ) ;
#3788 = ORIENTED_EDGE ( 'NONE', *, *, #5304, .T. ) ;
#3789 = VECTOR ( 'NONE', #6349, 1000.000000000000000 ) ;
#3790 = CARTESIAN_POINT ( 'NONE',  ( -1.999999999999998668, 3.699999999999999734, 0.7999999999999994893 ) ) ;
#3791 = ORIENTED_EDGE ( 'NONE', *, *, #9114, .T. ) ;
#3792 = CARTESIAN_POINT ( 'NONE',  ( -5.800000000000000711, 5.500000000000001776, 2.250000000000000000 ) ) ;
#3793 = DIRECTION ( 'NONE',  ( 0.000000000000000000, -0.8191520442889892450, 0.5735764363510498232 ) ) ;
#3794 = VERTEX_POINT ( 'NONE', #4926 ) ;
#3795 = ORIENTED_EDGE ( 'NONE', *, *, #8567, .T. ) ;
#3796 = DIRECTION ( 'NONE',  ( 0.000000000000000000, -0.000000000000000000, -1.000000000000000000 ) ) ;
#3797 = VECTOR ( 'NONE', #7854, 1000.000000000000000 ) ;
#3798 = ORIENTED_EDGE ( 'NONE', *, *, #492, .T. ) ;
#3799 = CYLINDRICAL_SURFACE ( 'NONE', #10085, 0.3499999999999996447 ) ;
#3800 = CARTESIAN_POINT ( 'NONE',  ( -4.200000000000000178, 3.700000000000000178, 0.7999999999999994893 ) ) ;
#3801 = EDGE_LOOP ( 'NONE', ( #2025, #1200, #10542, #8011 ) ) ;
#3802 = ADVANCED_FACE ( 'NONE', ( #4764 ), #8264, .T. ) ;
#3803 = ORIENTED_EDGE ( 'NONE', *, *, #235, .T. ) ;
#3804 = VECTOR ( 'NONE', #1171, 1000.000000000000000 ) ;
#3805 = CARTESIAN_POINT ( 'NONE',  ( -6.140244362310142812, -0.2148764106919637540, -1.413278420875478503 ) ) ;
#3807 = ADVANCED_FACE ( 'NONE', ( #9040 ), #8103, .T. ) ;
#3806 = LINE ( 'NONE', #4525, #10587 ) ;
#3808 = DIRECTION ( 'NONE',  ( -0.000000000000000000, 0.000000000000000000, 1.000000000000000000 ) ) ;
#3809 = EDGE_CURVE ( 'NONE', #5405, #2286, #4096, .T. ) ;
#3810 = LINE ( 'NONE', #7162, #5731 ) ;
#3811 = LINE ( 'NONE', #2881, #816 ) ;
#3812 = CARTESIAN_POINT ( 'NONE',  ( -6.000000000000000000, 0.000000000000000000, 0.7999999999999994893 ) ) ;
#3813 = AXIS2_PLACEMENT_3D ( 'NONE', #8203, #676, #5692 ) ;
#3814 = ORIENTED_EDGE ( 'NONE', *, *, #6114, .F. ) ;
#3815 = LINE ( 'NONE', #7166, #2639 ) ;
#3816 = LINE ( 'NONE', #2939, #1570 ) ;
#3817 = ORIENTED_EDGE ( 'NONE', *, *, #7861, .T. ) ;
#3818 = CARTESIAN_POINT ( 'NONE',  ( -3.850000000000000089, 4.850000000000000533, 3.900000000000000355 ) ) ;
#3819 = LINE ( 'NONE', #3715, #4789 ) ;
#3820 = CARTESIAN_POINT ( 'NONE',  ( 4.249999999999892530, 0.000000000000000000, 2.400000000000000355 ) ) ;
#3821 = DIRECTION ( 'NONE',  ( -0.3236155771181821184, -0.3236155771181821184, -0.8891264907159901476 ) ) ;
#3822 = EDGE_CURVE ( 'NONE', #1238, #10283, #9819, .T. ) ;
#3823 = FACE_OUTER_BOUND ( 'NONE', #7489, .T. ) ;
#3824 = ADVANCED_FACE ( 'NONE', ( #7346 ), #10702, .F. ) ;
#3825 = ORIENTED_EDGE ( 'NONE', *, *, #4175, .T. ) ;
#3826 = CARTESIAN_POINT ( 'NONE',  ( 5.004999999999999893, 4.400000000000000355, 2.250000000000000000 ) ) ;
#3827 = EDGE_LOOP ( 'NONE', ( #3444, #1577, #4281, #7911 ) ) ;
#3828 = CARTESIAN_POINT ( 'NONE',  ( -6.304999999999998828, 8.000000000000000000, -4.750000000000000000 ) ) ;
#3829 = ADVANCED_FACE ( 'NONE', ( #4044 ), #7398, .T. ) ;
#3830 = CARTESIAN_POINT ( 'NONE',  ( 6.305000000000000604, 1.800000000000000266, -3.200000000000000178 ) ) ;
#3831 = VERTEX_POINT ( 'NONE', #7597 ) ;
#3832 = SURFACE_STYLE_FILL_AREA ( #1898 ) ;
#3833 = CYLINDRICAL_SURFACE ( 'NONE', #4379, 0.1749999999999993783 ) ;
#3834 = CARTESIAN_POINT ( 'NONE',  ( -4.922207725462826033, 0.3499999999999996447, -4.852083608390757696 ) ) ;
#3835 = ORIENTED_EDGE ( 'NONE', *, *, #6083, .F. ) ;
#3836 = DIRECTION ( 'NONE',  ( 1.239088197126290669E-15, 0.000000000000000000, -1.000000000000000000 ) ) ;
#3837 = ORIENTED_EDGE ( 'NONE', *, *, #7905, .F. ) ;
#3838 = DIRECTION ( 'NONE',  ( 1.000000000000000000, -0.000000000000000000, -5.560011140951304758E-17 ) ) ;
#3839 = CYLINDRICAL_SURFACE ( 'NONE', #2107, 0.1000000000000006994 ) ;
#3840 = DIRECTION ( 'NONE',  ( 0.000000000000000000, 1.000000000000000000, 0.000000000000000000 ) ) ;
#3841 = EDGE_CURVE ( 'NONE', #10675, #4794, #5023, .T. ) ;
#3842 = ORIENTED_EDGE ( 'NONE', *, *, #691, .F. ) ;
#3843 = CARTESIAN_POINT ( 'NONE',  ( 4.200000000000000178, 4.799999999999999822, 0.7999999999999994893 ) ) ;
#3845 = VERTEX_POINT ( 'NONE', #5857 ) ;
#3844 = VECTOR ( 'NONE', #8484, 1000.000000000000000 ) ;
#3846 = CARTESIAN_POINT ( 'NONE',  ( 5.200000000000000178, 2.104927361626601545, -4.849999999999997868 ) ) ;
#3847 = LINE ( 'NONE', #2312, #1154 ) ;
#3848 = VERTEX_POINT ( 'NONE', #3475 ) ;
#3849 = PRESENTATION_LAYER_ASSIGNMENT (  '', '', ( #4733 ) ) ;
#3850 = ORIENTED_EDGE ( 'NONE', *, *, #859, .F. ) ;
#3851 = DIRECTION ( 'NONE',  ( 0.000000000000000000, -1.000000000000000000, 0.000000000000000000 ) ) ;
#3852 = ORIENTED_EDGE ( 'NONE', *, *, #10837, .T. ) ;
#3853 = AXIS2_PLACEMENT_3D ( 'NONE', #2493, #999, #7647 ) ;
#3854 = PLANE ( 'NONE',  #2936 ) ;
#3855 = LINE ( 'NONE', #10680, #6527 ) ;
#3856 = VERTEX_POINT ( 'NONE', #4195 ) ;
#3857 = AXIS2_PLACEMENT_3D ( 'NONE', #7302, #5658, #7185 ) ;
#3858 = ORIENTED_EDGE ( 'NONE', *, *, #6046, .T. ) ;
#3859 = ORIENTED_EDGE ( 'NONE', *, *, #18, .F. ) ;
#3860 = DIRECTION ( 'NONE',  ( -1.000000000000000000, 0.000000000000000000, 0.000000000000000000 ) ) ;
#3861 = CARTESIAN_POINT ( 'NONE',  ( 1.859191070279860636, 0.000000000000000000, -2.300000000000000266 ) ) ;
#3862 = DIRECTION ( 'NONE',  ( 0.000000000000000000, 1.000000000000000000, 9.856383386231858827E-17 ) ) ;
#3863 = LINE ( 'NONE', #9528, #6765 ) ;
#3864 = CARTESIAN_POINT ( 'NONE',  ( -5.004999999999999893, 5.064999999999999503, 2.250000000000000444 ) ) ;
#3865 = EDGE_LOOP ( 'NONE', ( #9467, #1105, #7502, #83 ) ) ;
#3866 = CIRCLE ( 'NONE', #8783, 0.09999999999999993616 ) ;
#3867 = PLANE ( 'NONE',  #4584 ) ;
#3868 = ORIENTED_EDGE ( 'NONE', *, *, #1547, .F. ) ;
#3869 = DIRECTION ( 'NONE',  ( 1.000000000000000000, 0.000000000000000000, 0.000000000000000000 ) ) ;
#3870 = ORIENTED_EDGE ( 'NONE', *, *, #8362, .T. ) ;
#3871 = LINE ( 'NONE', #9177, #4042 ) ;
#3872 = CARTESIAN_POINT ( 'NONE',  ( -5.800000000000000711, 5.470710678118654968, 0.8971320343559628929 ) ) ;
#3873 = CARTESIAN_POINT ( 'NONE',  ( 6.200000000000001066, 5.465000000000000746, 1.499999999999999334 ) ) ;
#3874 = CARTESIAN_POINT ( 'NONE',  ( 0.2500000000000002220, 2.149999999999999467, -1.999999999999997335 ) ) ;
#3875 = VECTOR ( 'NONE', #3746, 1000.000000000000000 ) ;
#3876 = DIRECTION ( 'NONE',  ( 0.000000000000000000, 3.372884145477666851E-15, 1.000000000000000000 ) ) ;
#3877 = VERTEX_POINT ( 'NONE', #10136 ) ;
#3878 = CARTESIAN_POINT ( 'NONE',  ( -3.250000000000000444, 3.850000000000000533, -3.200000000000000178 ) ) ;
#3879 = ORIENTED_EDGE ( 'NONE', *, *, #6455, .F. ) ;
#3880 = SURFACE_SIDE_STYLE ('',( #3006 ) ) ;
#3881 = AXIS2_PLACEMENT_3D ( 'NONE', #154, #3630, #6161 ) ;
#3882 = EDGE_CURVE ( 'NONE', #8984, #480, #2589, .T. ) ;
#3883 = VECTOR ( 'NONE', #7453, 1000.000000000000000 ) ;
#3884 = EDGE_CURVE ( 'NONE', #594, #3259, #6013, .T. ) ;
#3885 = ADVANCED_FACE ( 'NONE', ( #3532 ), #9193, .F. ) ;
#3886 = CARTESIAN_POINT ( 'NONE',  ( 5.350000000000000533, 2.750000000000000444, -3.600000000000000533 ) ) ;
#3887 = ORIENTED_EDGE ( 'NONE', *, *, #5645, .F. ) ;
#3888 = LINE ( 'NONE', #2242, #7923 ) ;
#3889 = DIRECTION ( 'NONE',  ( 0.000000000000000000, -0.9396926207859095381, -0.3420201433256658263 ) ) ;
#3890 = DIRECTION ( 'NONE',  ( -1.000000000000000000, -0.000000000000000000, -0.000000000000000000 ) ) ;
#3891 = CARTESIAN_POINT ( 'NONE',  ( -3.099999999999999645, 4.400000000000001243, -3.049999999999997602 ) ) ;
#3892 = EDGE_CURVE ( 'NONE', #9387, #10651, #2490, .T. ) ;
#3893 = AXIS2_PLACEMENT_3D ( 'NONE', #902, #243, #10309 ) ;
#3894 = AXIS2_PLACEMENT_3D ( 'NONE', #10251, #4318, #9206 ) ;
#3895 = ORIENTED_EDGE ( 'NONE', *, *, #8146, .T. ) ;
#3896 = DIRECTION ( 'NONE',  ( 0.000000000000000000, 0.5735764363510498232, 0.8191520442889892450 ) ) ;
#3897 = ORIENTED_EDGE ( 'NONE', *, *, #229, .T. ) ;
#3898 = CARTESIAN_POINT ( 'NONE',  ( -5.800000000000000711, 4.700000000000000178, 0.1000000000000000472 ) ) ;
#3899 = CARTESIAN_POINT ( 'NONE',  ( -4.026055542458625069, 0.3499999999999999778, -3.750000000000003109 ) ) ;
#3900 = ORIENTED_EDGE ( 'NONE', *, *, #1456, .T. ) ;
#3901 = VECTOR ( 'NONE', #8916, 1000.000000000000000 ) ;
#3902 = DIRECTION ( 'NONE',  ( 1.000000000000000000, 0.000000000000000000, 0.000000000000000000 ) ) ;
#3903 = UNCERTAINTY_MEASURE_WITH_UNIT (LENGTH_MEASURE( 1.000000000000000082E-05 ), #1997, 'distance_accuracy_value', 'NONE');
#3904 = ORIENTED_EDGE ( 'NONE', *, *, #4500, .T. ) ;
#3905 = LINE ( 'NONE', #2143, #144 ) ;
#3906 = VECTOR ( 'NONE', #612, 1000.000000000000114 ) ;
#3907 = CARTESIAN_POINT ( 'NONE',  ( -6.200000000000001066, 5.470710678118654968, 1.647132034355962338 ) ) ;
#3908 = ORIENTED_EDGE ( 'NONE', *, *, #2567, .T. ) ;
#3909 = VECTOR ( 'NONE', #4383, 1000.000000000000000 ) ;
#3910 = EDGE_LOOP ( 'NONE', ( #4214, #9071, #1872, #2970, #1498, #1247 ) ) ;
#3911 = EDGE_CURVE ( 'NONE', #6641, #9068, #119, .T. ) ;
#3912 = DIRECTION ( 'NONE',  ( 1.000000000000000000, -0.000000000000000000, -0.000000000000000000 ) ) ;
#3913 = VECTOR ( 'NONE', #283, 1000.000000000000000 ) ;
#3914 = AXIS2_PLACEMENT_3D ( 'NONE', #8200, #4911, #3860 ) ;
#3915 = VERTEX_POINT ( 'NONE', #6066 ) ;
#3916 = CARTESIAN_POINT ( 'NONE',  ( 5.800000000000000711, 5.700000000000000178, 0.1000000000000002554 ) ) ;
#3917 = FACE_OUTER_BOUND ( 'NONE', #7188, .T. ) ;
#3918 = ORIENTED_EDGE ( 'NONE', *, *, #2129, .F. ) ;
#3919 = VERTEX_POINT ( 'NONE', #9412 ) ;
#3920 = CLOSED_SHELL ( 'NONE', ( #1884, #9279, #8260, #10696, #6715, #3279, #3469, #10084 ) ) ;
#3921 = VECTOR ( 'NONE', #1099, 1000.000000000000114 ) ;
#3922 = FACE_OUTER_BOUND ( 'NONE', #10669, .T. ) ;
#3923 = LINE ( 'NONE', #10633, #6198 ) ;
#3924 = CARTESIAN_POINT ( 'NONE',  ( 4.249999999999892530, 0.6000000000000000888, 5.000000000000000000 ) ) ;
#3925 = LINE ( 'NONE', #8148, #8804 ) ;
#3926 = EDGE_CURVE ( 'NONE', #817, #8105, #890, .T. ) ;
#3927 = DIRECTION ( 'NONE',  ( -0.7071067811865536790, 0.000000000000000000, 0.7071067811865414665 ) ) ;
#3928 = FACE_OUTER_BOUND ( 'NONE', #5513, .T. ) ;
#3929 =( NAMED_UNIT ( * ) PLANE_ANGLE_UNIT ( ) SI_UNIT ( $, .RADIAN. ) );
#3930 = ORIENTED_EDGE ( 'NONE', *, *, #5504, .T. ) ;
#3931 = DIRECTION ( 'NONE',  ( -0.000000000000000000, 1.000000000000000000, -0.000000000000000000 ) ) ;
#3932 = ORIENTED_EDGE ( 'NONE', *, *, #4125, .T. ) ;
#3933 = ADVANCED_FACE ( 'NONE', ( #1665 ), #5179, .T. ) ;
#3934 = ORIENTED_EDGE ( 'NONE', *, *, #9310, .F. ) ;
#3935 = CARTESIAN_POINT ( 'NONE',  ( 3.750000000000000000, 2.149999999999999467, -2.300000000000000266 ) ) ;
#3936 = CARTESIAN_POINT ( 'NONE',  ( 2.250000000000000444, 2.649999999999999911, -2.300000000000000266 ) ) ;
#3937 = CARTESIAN_POINT ( 'NONE',  ( -7.000000000000000000, 5.700000000000000178, 3.700000000000000178 ) ) ;
#3938 = DIRECTION ( 'NONE',  ( 0.000000000000000000, 0.000000000000000000, 1.000000000000000000 ) ) ;
#3939 = DIRECTION ( 'NONE',  ( -0.000000000000000000, -1.000000000000000000, -0.000000000000000000 ) ) ;
#3940 = ORIENTED_EDGE ( 'NONE', *, *, #8243, .T. ) ;
#3941 = CARTESIAN_POINT ( 'NONE',  ( -4.777030276597245440, 0.1349081991615663778, -4.929882945992150489 ) ) ;
#3942 = ORIENTED_EDGE ( 'NONE', *, *, #8594, .F. ) ;
#3943 = DIRECTION ( 'NONE',  ( -3.833233541708417349E-16, -0.7071067811865505703, -0.7071067811865444641 ) ) ;
#3944 = AXIS2_PLACEMENT_3D ( 'NONE', #10161, #5158, #8498 ) ;
#3945 = CARTESIAN_POINT ( 'NONE',  ( 0.2500000000000002220, 2.649999999999999911, -2.300000000000000266 ) ) ;
#3946 = ORIENTED_EDGE ( 'NONE', *, *, #7475, .F. ) ;
#3947 = LINE ( 'NONE', #3179, #3364 ) ;
#3948 = DIRECTION ( 'NONE',  ( 0.000000000000000000, 0.9396926207859095381, -0.3420201433256658263 ) ) ;
#3949 = FACE_OUTER_BOUND ( 'NONE', #8539, .T. ) ;
#3950 = DIRECTION ( 'NONE',  ( 0.000000000000000000, -0.000000000000000000, -1.000000000000000000 ) ) ;
#3951 = ADVANCED_FACE ( 'NONE', ( #7492 ), #10082, .T. ) ;
#3952 = EDGE_CURVE ( 'NONE', #681, #9103, #8997, .T. ) ;
#3953 = ORIENTED_EDGE ( 'NONE', *, *, #4958, .F. ) ;
#3954 = LINE ( 'NONE', #3185, #2562 ) ;
#3955 = EDGE_CURVE ( 'NONE', #618, #4039, #9299, .T. ) ;
#3956 = AXIS2_PLACEMENT_3D ( 'NONE', #4095, #742, #2343 ) ;
#3957 = EDGE_LOOP ( 'NONE', ( #4286, #2070, #10448, #192 ) ) ;
#3958 = DIRECTION ( 'NONE',  ( -1.000000000000000000, 0.000000000000000000, 0.000000000000000000 ) ) ;
#3959 = VERTEX_POINT ( 'NONE', #9244 ) ;
#3960 = PLANE ( 'NONE',  #6009 ) ;
#3961 = ORIENTED_EDGE ( 'NONE', *, *, #3911, .T. ) ;
#3962 = FILL_AREA_STYLE_COLOUR ( '', #3488 ) ;
#3963 = VECTOR ( 'NONE', #9646, 1000.000000000000000 ) ;
#3964 = DIRECTION ( 'NONE',  ( -3.469446951953611033E-15, 0.000000000000000000, -1.000000000000000000 ) ) ;
#3965 = ORIENTED_EDGE ( 'NONE', *, *, #664, .T. ) ;
#3966 = ADVANCED_FACE ( 'NONE', ( #4254 ), #8522, .F. ) ;
#3967 = ORIENTED_EDGE ( 'NONE', *, *, #3426, .T. ) ;
#3968 = DIRECTION ( 'NONE',  ( 0.000000000000000000, -1.224646799147353454E-16, 1.000000000000000000 ) ) ;
#3969 = VERTEX_POINT ( 'NONE', #1766 ) ;
#3970 = DIRECTION ( 'NONE',  ( 1.000000000000000000, -0.000000000000000000, -0.000000000000000000 ) ) ;
#3971 = COLOUR_RGB ( '',0.7921568627450980005, 0.8196078431372548767, 0.9333333333333333481 ) ;
#3972 = DIRECTION ( 'NONE',  ( 0.000000000000000000, 0.000000000000000000, -1.000000000000000000 ) ) ;
#3973 = ORIENTED_EDGE ( 'NONE', *, *, #827, .T. ) ;
#3974 = EDGE_CURVE ( 'NONE', #6726, #6185, #1821, .T. ) ;
#3975 = ORIENTED_EDGE ( 'NONE', *, *, #5294, .T. ) ;
#3976 = EDGE_LOOP ( 'NONE', ( #2959, #5386, #3353, #4322, #10435, #8829 ) ) ;
#3977 = DIRECTION ( 'NONE',  ( 0.000000000000000000, 0.4226182617407000519, -0.9063077870366497146 ) ) ;
#3978 = VECTOR ( 'NONE', #6931, 1000.000000000000114 ) ;
#3979 = LINE ( 'NONE', #8863, #3219 ) ;
#3980 = LINE ( 'NONE', #507, #10395 ) ;
#3981 = FACE_OUTER_BOUND ( 'NONE', #6788, .T. ) ;
#3982 = CYLINDRICAL_SURFACE ( 'NONE', #3813, 0.1000000000000006994 ) ;
#3983 = CARTESIAN_POINT ( 'NONE',  ( 2.250000000000000444, 2.649999999999999911, -1.999999999999997335 ) ) ;
#3984 = DIRECTION ( 'NONE',  ( -1.000000000000000000, 0.000000000000000000, -3.336006684570783101E-16 ) ) ;
#3985 = ORIENTED_EDGE ( 'NONE', *, *, #3022, .T. ) ;
#3986 = AXIS2_PLACEMENT_3D ( 'NONE', #4835, #7307, #9838 ) ;
#3987 = ORIENTED_EDGE ( 'NONE', *, *, #10219, .F. ) ;
#3988 = ADVANCED_FACE ( 'NONE', ( #5128 ), #8472, .T. ) ;
#3989 = PLANE ( 'NONE',  #7708 ) ;
#3990 = PLANE ( 'NONE',  #9337 ) ;
#3991 = FACE_OUTER_BOUND ( 'NONE', #3738, .T. ) ;
#3992 = DIRECTION ( 'NONE',  ( 0.000000000000000000, 1.000000000000000000, -6.829619984160657060E-16 ) ) ;
#3993 = CARTESIAN_POINT ( 'NONE',  ( -1.496673887931475377, 0.3999999999999996336, 1.399999999999999689 ) ) ;
#3994 = VECTOR ( 'NONE', #4033, 1000.000000000000000 ) ;
#3995 = CARTESIAN_POINT ( 'NONE',  ( -1.749999999999999778, 2.649999999999999911, -2.300000000000000266 ) ) ;
#3996 = ORIENTED_EDGE ( 'NONE', *, *, #6755, .T. ) ;
#3997 = CARTESIAN_POINT ( 'NONE',  ( -2.250000000000107914, 0.000000000000000000, 2.900000000000001688 ) ) ;
#3998 = DIRECTION ( 'NONE',  ( 0.000000000000000000, 1.000000000000000000, 0.000000000000000000 ) ) ;
#3999 = VERTEX_POINT ( 'NONE', #995 ) ;
#4000 = CARTESIAN_POINT ( 'NONE',  ( 5.200000000000000178, 2.750000000000000444, -3.600000000000000533 ) ) ;
#4001 = FACE_OUTER_BOUND ( 'NONE', #2001, .T. ) ;
#4002 = DIRECTION ( 'NONE',  ( 0.000000000000000000, 0.000000000000000000, 1.000000000000000000 ) ) ;
#4003 = CARTESIAN_POINT ( 'NONE',  ( -4.764267565201869559, 0.3499999999999999778, -5.000000000000000000 ) ) ;
#4004 = ORIENTED_EDGE ( 'NONE', *, *, #4137, .T. ) ;
#4005 = CARTESIAN_POINT ( 'NONE',  ( -0.1408089297201395029, 2.540808929720139275, -2.300000000000000266 ) ) ;
#4006 = ORIENTED_EDGE ( 'NONE', *, *, #3223, .F. ) ;
#4007 = LINE ( 'NONE', #8225, #6583 ) ;
#4008 = DIRECTION ( 'NONE',  ( 0.000000000000000000, 0.000000000000000000, 1.000000000000000000 ) ) ;
#4009 = EDGE_LOOP ( 'NONE', ( #7962, #9354, #3471, #6344, #4127, #6426, #2537 ) ) ;
#4010 = DIRECTION ( 'NONE',  ( 0.4226182617407009401, 0.000000000000000000, -0.9063077870366492705 ) ) ;
#4011 = ADVANCED_FACE ( 'NONE', ( #4358 ), #170, .F. ) ;
#4012 = ORIENTED_EDGE ( 'NONE', *, *, #10539, .T. ) ;
#4013 =( NAMED_UNIT ( * ) SI_UNIT ( $, .STERADIAN. ) SOLID_ANGLE_UNIT ( ) );
#4014 = FACE_OUTER_BOUND ( 'NONE', #240, .T. ) ;
#4015 = VERTEX_POINT ( 'NONE', #6288 ) ;
#4016 = ORIENTED_EDGE ( 'NONE', *, *, #6699, .F. ) ;
#4017 = CARTESIAN_POINT ( 'NONE',  ( -6.304999999999998828, 1.799999999999999600, 1.399999999999999689 ) ) ;
#4018 = VERTEX_POINT ( 'NONE', #4582 ) ;
#4019 = CARTESIAN_POINT ( 'NONE',  ( 1.849999999999997424, 2.750000000000003997, -3.200000000000000178 ) ) ;
#4020 = CARTESIAN_POINT ( 'NONE',  ( 7.000000000000000000, 5.699999999999999289, 2.250000000000000000 ) ) ;
#4021 = VERTEX_POINT ( 'NONE', #9630 ) ;
#4022 = EDGE_CURVE ( 'NONE', #3845, #5306, #10409, .T. ) ;
#4023 = EDGE_LOOP ( 'NONE', ( #7818, #4173, #7917, #1611 ) ) ;
#4024 = ADVANCED_FACE ( 'NONE', ( #398 ), #8864, .F. ) ;
#4025 = ADVANCED_FACE ( 'NONE', ( #6181 ), #4413, .F. ) ;
#4026 = PRESENTATION_LAYER_ASSIGNMENT (  '', '', ( #5245 ) ) ;
#4027 = DIRECTION ( 'NONE',  ( 1.000000000000000000, -0.000000000000000000, -0.000000000000000000 ) ) ;
#4028 = CARTESIAN_POINT ( 'NONE',  ( -6.200000000000001066, 2.400000000000001243, -1.699999999999999734 ) ) ;
#4029 = DIRECTION ( 'NONE',  ( -0.000000000000000000, -1.000000000000000000, -0.000000000000000000 ) ) ;
#4030 = VECTOR ( 'NONE', #1071, 1000.000000000000000 ) ;
#4031 = DIRECTION ( 'NONE',  ( 0.4975428121645188995, -0.4975428121645275592, -0.7105647754616294387 ) ) ;
#4032 = EDGE_CURVE ( 'NONE', #5280, #5946, #3753, .T. ) ;
#4033 = DIRECTION ( 'NONE',  ( 0.000000000000000000, -1.000000000000000000, 0.000000000000000000 ) ) ;
#4034 = CARTESIAN_POINT ( 'NONE',  ( 2.377407327266549686, 2.022592672733450225, -1.649951245262083699 ) ) ;
#4035 = CARTESIAN_POINT ( 'NONE',  ( -5.800000000000000711, 4.939999999999999503, 2.925000000000000711 ) ) ;
#4036 = ORIENTED_EDGE ( 'NONE', *, *, #1657, .T. ) ;
#4037 = ADVANCED_FACE ( 'NONE', ( #7161 ), #10462, .F. ) ;
#4038 = VECTOR ( 'NONE', #5462, 1000.000000000000000 ) ;
#4039 = VERTEX_POINT ( 'NONE', #7864 ) ;
#4040 = DIRECTION ( 'NONE',  ( 0.000000000000000000, 0.7071067811865485719, 0.7071067811865465735 ) ) ;
#4041 =( BOUNDED_CURVE ( )  B_SPLINE_CURVE ( 3, ( #2488, #9138, #4303, #3374 ),
 .UNSPECIFIED., .F., .T. ) 
 B_SPLINE_CURVE_WITH_KNOTS ( ( 4, 4 ),
 ( 4.712388980384689674, 6.283185307179585344 ),
 .UNSPECIFIED. ) 
 CURVE ( )  GEOMETRIC_REPRESENTATION_ITEM ( )  RATIONAL_B_SPLINE_CURVE ( ( 1.000000000000000000, 0.8047378541243649375, 0.8047378541243649375, 1.000000000000000000 ) ) 
 REPRESENTATION_ITEM ( '' )  );
#4042 = VECTOR ( 'NONE', #5639, 999.9999999999998863 ) ;
#4043 = CARTESIAN_POINT ( 'NONE',  ( 1.700000000000000178, 5.700000000000000178, 2.250000000000000000 ) ) ;
#4044 = FACE_OUTER_BOUND ( 'NONE', #5085, .T. ) ;
#4045 = VECTOR ( 'NONE', #8436, 1000.000000000000000 ) ;
#4046 = EDGE_CURVE ( 'NONE', #6857, #7327, #1933, .T. ) ;
#4047 = LINE ( 'NONE', #10762, #6821 ) ;
#4048 = ORIENTED_EDGE ( 'NONE', *, *, #10608, .T. ) ;
#4049 = DIRECTION ( 'NONE',  ( -0.000000000000000000, 0.3713906763541029443, -0.9284766908852596368 ) ) ;
#4050 = CIRCLE ( 'NONE', #5449, 0.09999999999999982514 ) ;
#4051 = CARTESIAN_POINT ( 'NONE',  ( 3.750000000000000000, 2.649999999999999911, 0.7999999999999994893 ) ) ;
#4052 = CARTESIAN_POINT ( 'NONE',  ( 0.2499999999998926692, 0.2000000000000000111, 2.400000000000000355 ) ) ;
#4054 = VERTEX_POINT ( 'NONE', #9579 ) ;
#4053 = AXIS2_PLACEMENT_3D ( 'NONE', #8214, #4826, #7496 ) ;
#4055 = DIRECTION ( 'NONE',  ( 1.000000000000000000, 0.000000000000000000, -0.000000000000000000 ) ) ;
#4056 = DIRECTION ( 'NONE',  ( 1.000000000000000000, 0.000000000000000000, 0.000000000000000000 ) ) ;
#4057 = LINE ( 'NONE', #6589, #8826 ) ;
#4058 = VERTEX_POINT ( 'NONE', #7756 ) ;
#4059 = LINE ( 'NONE', #1420, #1524 ) ;
#4060 = EDGE_CURVE ( 'NONE', #7212, #8465, #2100, .T. ) ;
#4061 = EDGE_LOOP ( 'NONE', ( #482, #10317, #9516, #7180 ) ) ;
#4062 = VECTOR ( 'NONE', #7486, 1000.000000000000000 ) ;
#4063 = FILL_AREA_STYLE_COLOUR ( '', #6143 ) ;
#4064 = DIRECTION ( 'NONE',  ( 0.000000000000000000, -1.000000000000000000, 0.000000000000000000 ) ) ;
#4065 = ORIENTED_EDGE ( 'NONE', *, *, #7964, .F. ) ;
#4066 = CARTESIAN_POINT ( 'NONE',  ( 6.305000000000000604, 0.4000000000000000222, -1.700000000000000178 ) ) ;
#4067 = VECTOR ( 'NONE', #1525, 1000.000000000000000 ) ;
#4068 = CARTESIAN_POINT ( 'NONE',  ( -0.1408089297201395029, 2.649999999999999911, -2.300000000000000266 ) ) ;
#4069 = VECTOR ( 'NONE', #4740, 1000.000000000000000 ) ;
#4070 = ORIENTED_EDGE ( 'NONE', *, *, #10155, .F. ) ;
#4071 = CARTESIAN_POINT ( 'NONE',  ( -5.800000000000000711, 5.394289321881344357, 0.6792893218813451650 ) ) ;
#4072 = ORIENTED_EDGE ( 'NONE', *, *, #9245, .T. ) ;
#4073 = CARTESIAN_POINT ( 'NONE',  ( 0.2499999999998926692, 0.2000000000000000111, 4.800000000000000711 ) ) ;
#4074 = VECTOR ( 'NONE', #7901, 1000.000000000000000 ) ;
#4075 = CIRCLE ( 'NONE', #2845, 0.09999999999999982514 ) ;
#4076 = CARTESIAN_POINT ( 'NONE',  ( -6.054999999999997939, 0.4000000000000000222, -3.599999999999992539 ) ) ;
#4077 = ORIENTED_EDGE ( 'NONE', *, *, #7336, .F. ) ;
#4078 = EDGE_LOOP ( 'NONE', ( #9205, #8497, #5734, #4115 ) ) ;
#4079 = ORIENTED_EDGE ( 'NONE', *, *, #8305, .T. ) ;
#4080 = CARTESIAN_POINT ( 'NONE',  ( 4.499999999999991118, 5.099999999999990763, -4.450000000000005507 ) ) ;
#4081 = AXIS2_PLACEMENT_3D ( 'NONE', #7615, #2674, #5096 ) ;
#4082 = LINE ( 'NONE', #10577, #6883 ) ;
#4083 = VECTOR ( 'NONE', #8313, 999.9999999999998863 ) ;
#4084 = DIRECTION ( 'NONE',  ( 0.000000000000000000, -2.168404344971008868E-16, 1.000000000000000000 ) ) ;
#4085 = EDGE_CURVE ( 'NONE', #138, #1787, #1109, .T. ) ;
#4086 = LINE ( 'NONE', #1505, #7150 ) ;
#4087 = ADVANCED_FACE ( 'NONE', ( #284 ), #7056, .T. ) ;
#4088 = DIRECTION ( 'NONE',  ( -0.000000000000000000, 0.9284766908852596368, 0.3713906763541029443 ) ) ;
#4089 = EDGE_CURVE ( 'NONE', #3651, #928, #6994, .T. ) ;
#4090 = DIRECTION ( 'NONE',  ( -1.000000000000000000, 0.000000000000000000, 0.000000000000000000 ) ) ;
#4091 = EDGE_LOOP ( 'NONE', ( #3161, #24, #9670, #10106 ) ) ;
#4092 = AXIS2_PLACEMENT_3D ( 'NONE', #538, #3686, #3950 ) ;
#4093 = VERTEX_POINT ( 'NONE', #1995 ) ;
#4094 = CARTESIAN_POINT ( 'NONE',  ( -4.000000000000000000, 0.000000000000000000, 0.000000000000000000 ) ) ;
#4095 = CARTESIAN_POINT ( 'NONE',  ( -2.999999999999999112, 8.000000000000000000, -4.100000000000003197 ) ) ;
#4096 = LINE ( 'NONE', #5643, #8985 ) ;
#4097 = CIRCLE ( 'NONE', #5503, 0.1749999999999993783 ) ;
#4098 = DIRECTION ( 'NONE',  ( -1.000000000000000000, -0.000000000000000000, -0.000000000000000000 ) ) ;
#4099 = CARTESIAN_POINT ( 'NONE',  ( -4.595844495589068046, 0.1349081991615743992, -4.814454873230661569 ) ) ;
#4100 = ORIENTED_EDGE ( 'NONE', *, *, #8920, .F. ) ;
#4101 = CARTESIAN_POINT ( 'NONE',  ( -2.544970594072204495, 1.855029405927795194, -1.189574953383492728 ) ) ;
#4102 = LINE ( 'NONE', #4984, #7560 ) ;
#4103 = ADVANCED_FACE ( 'NONE', ( #1278 ), #5345, .F. ) ;
#4104 = LINE ( 'NONE', #8939, #8411 ) ;
#4105 = EDGE_LOOP ( 'NONE', ( #10722, #8085, #10616, #4732 ) ) ;
#4106 = FACE_OUTER_BOUND ( 'NONE', #7733, .T. ) ;
#4107 = CARTESIAN_POINT ( 'NONE',  ( -2.250000000000000444, 2.149999999999999467, -2.300000000000000266 ) ) ;
#4108 = DIRECTION ( 'NONE',  ( -1.000000000000000000, -0.000000000000000000, -0.000000000000000000 ) ) ;
#4109 = ADVANCED_FACE ( 'NONE', ( #6941 ), #5516, .F. ) ;
#4110 = ORIENTED_EDGE ( 'NONE', *, *, #1809, .T. ) ;
#4111 = CARTESIAN_POINT ( 'NONE',  ( -6.200000000000001066, 5.425000000000000711, 3.075000000000000622 ) ) ;
#4112 = VERTEX_POINT ( 'NONE', #337 ) ;
#4113 =( LENGTH_UNIT ( ) NAMED_UNIT ( * ) SI_UNIT ( .MILLI., .METRE. ) );
#4114 = LINE ( 'NONE', #7466, #2148 ) ;
#4115 = ORIENTED_EDGE ( 'NONE', *, *, #6029, .F. ) ;
#4116 = LINE ( 'NONE', #8232, #1735 ) ;
#4117 = EDGE_CURVE ( 'NONE', #7205, #9860, #3701, .T. ) ;
#4118 = EDGE_CURVE ( 'NONE', #4799, #7951, #2048, .T. ) ;
#4119 = CARTESIAN_POINT ( 'NONE',  ( -7.000000000000000000, 5.699999999999999289, 0.1000000000000002554 ) ) ;
#4120 = VECTOR ( 'NONE', #4904, 1000.000000000000000 ) ;
#4121 = VERTEX_POINT ( 'NONE', #7218 ) ;
#4122 = DIRECTION ( 'NONE',  ( 1.000000000000000000, 0.000000000000000000, 0.000000000000000000 ) ) ;
#4123 = ORIENTED_EDGE ( 'NONE', *, *, #10066, .T. ) ;
#4124 = CARTESIAN_POINT ( 'NONE',  ( 5.599999999999999645, 5.699999999999999289, 2.250000000000000000 ) ) ;
#4125 = EDGE_CURVE ( 'NONE', #3132, #9521, #3980, .T. ) ;
#4126 = DIRECTION ( 'NONE',  ( -1.000000000000000000, -0.000000000000000000, -0.000000000000000000 ) ) ;
#4127 = ORIENTED_EDGE ( 'NONE', *, *, #9088, .T. ) ;
#4128 = VECTOR ( 'NONE', #6193, 1000.000000000000000 ) ;
#4129 = ORIENTED_EDGE ( 'NONE', *, *, #9219, .T. ) ;
#4130 = ORIENTED_EDGE ( 'NONE', *, *, #4917, .T. ) ;
#4131 = PLANE ( 'NONE',  #2832 ) ;
#4132 = CARTESIAN_POINT ( 'NONE',  ( -2.999999999999999112, 0.3499999999999996447, -3.750000000000003109 ) ) ;
#4133 = DIRECTION ( 'NONE',  ( 0.000000000000000000, 0.000000000000000000, 1.000000000000000000 ) ) ;
#4134 = VERTEX_POINT ( 'NONE', #1449 ) ;
#4135 = DIRECTION ( 'NONE',  ( -1.000000000000000000, 0.000000000000000000, 0.000000000000000000 ) ) ;
#4136 = CARTESIAN_POINT ( 'NONE',  ( 0.1408089297201395029, 2.540808929720139275, -2.300000000000000266 ) ) ;
#4137 = EDGE_CURVE ( 'NONE', #7214, #1443, #568, .T. ) ;
#4138 = DIRECTION ( 'NONE',  ( -1.000000000000000000, 0.000000000000000000, -5.421010862427521184E-16 ) ) ;
#4139 = ORIENTED_EDGE ( 'NONE', *, *, #2154, .F. ) ;
#4140 = EDGE_LOOP ( 'NONE', ( #3825, #8261, #5623, #9716 ) ) ;
#4141 = VECTOR ( 'NONE', #3213, 1000.000000000000000 ) ;
#4142 = EDGE_CURVE ( 'NONE', #737, #9971, #3925, .T. ) ;
#4143 = EDGE_CURVE ( 'NONE', #3649, #2742, #7332, .T. ) ;
#4144 = FACE_OUTER_BOUND ( 'NONE', #3304, .T. ) ;
#4145 = EDGE_CURVE ( 'NONE', #7970, #8726, #10579, .T. ) ;
#4146 = CARTESIAN_POINT ( 'NONE',  ( -3.750000000000000000, 2.649999999999999911, 0.7999999999999994893 ) ) ;
#4147 = DIRECTION ( 'NONE',  ( 0.000000000000000000, -0.5735764363510498232, -0.8191520442889892450 ) ) ;
#4148 = CARTESIAN_POINT ( 'NONE',  ( 6.200000000000001066, 5.470710678118654968, 0.8971320343559628929 ) ) ;
#4149 = LINE ( 'NONE', #3321, #1027 ) ;
#4150 = AXIS2_PLACEMENT_3D ( 'NONE', #7571, #46, #3398 ) ;
#4151 = ORIENTED_EDGE ( 'NONE', *, *, #414, .T. ) ;
#4152 = PLANE ( 'NONE',  #712 ) ;
#4153 = CARTESIAN_POINT ( 'NONE',  ( 5.200000000000000178, 0.9000000000000004663, 0.7999999999999994893 ) ) ;
#4154 = DIRECTION ( 'NONE',  ( -0.000000000000000000, 1.000000000000000000, -0.000000000000000000 ) ) ;
#4155 = ORIENTED_EDGE ( 'NONE', *, *, #1322, .F. ) ;
#4156 = ADVANCED_FACE ( 'NONE', ( #8976 ), #5571, .F. ) ;
#4157 = CARTESIAN_POINT ( 'NONE',  ( 0.2499999999998926692, 0.000000000000000000, 2.900000000000001688 ) ) ;
#4158 = EDGE_CURVE ( 'NONE', #7327, #10603, #3100, .T. ) ;
#4159 = VECTOR ( 'NONE', #9632, 1000.000000000000000 ) ;
#4160 = FACE_OUTER_BOUND ( 'NONE', #10738, .T. ) ;
#4161 = DIRECTION ( 'NONE',  ( -1.000000000000000000, 0.000000000000000000, 0.000000000000000000 ) ) ;
#4162 = ORIENTED_EDGE ( 'NONE', *, *, #7285, .F. ) ;
#4163 = CARTESIAN_POINT ( 'NONE',  ( 5.800000000000000711, 5.499999999999998224, 0.000000000000000000 ) ) ;
#4164 = EDGE_CURVE ( 'NONE', #2013, #5727, #6461, .T. ) ;
#4165 = ORIENTED_EDGE ( 'NONE', *, *, #2311, .T. ) ;
#4166 = AXIS2_PLACEMENT_3D ( 'NONE', #10748, #1607, #5848 ) ;
#4167 = PLANE ( 'NONE',  #4081 ) ;
#4168 = EDGE_CURVE ( 'NONE', #7893, #1708, #4808, .T. ) ;
#4169 = ORIENTED_EDGE ( 'NONE', *, *, #2736, .F. ) ;
#4170 = LINE ( 'NONE', #7512, #2119 ) ;
#4171 = EDGE_LOOP ( 'NONE', ( #1965, #9198, #1941, #7360, #4721 ) ) ;
#4172 = CARTESIAN_POINT ( 'NONE',  ( 6.200000000000001066, 5.394289321881344357, 0.6792893218813451650 ) ) ;
#4173 = ORIENTED_EDGE ( 'NONE', *, *, #3682, .F. ) ;
#4174 = CARTESIAN_POINT ( 'NONE',  ( 7.000000000000000000, 2.750000000000000444, -3.600000000000000533 ) ) ;
#4175 = EDGE_CURVE ( 'NONE', #6073, #8339, #7198, .T. ) ;
#4176 = PLANE ( 'NONE',  #8979 ) ;
#4177 = ORIENTED_EDGE ( 'NONE', *, *, #5456, .T. ) ;
#4178 = EDGE_LOOP ( 'NONE', ( #3858, #8427, #4329, #1129, #9074, #4680, #2359, #8856 ) ) ;
#4179 = PLANE ( 'NONE',  #10175 ) ;
#4180 = CARTESIAN_POINT ( 'NONE',  ( -6.200000000000001066, 5.425000000000000711, 1.974999999999999867 ) ) ;
#4181 = DIRECTION ( 'NONE',  ( -1.000000000000000000, 0.000000000000000000, -0.000000000000000000 ) ) ;
#4182 = PLANE ( 'NONE',  #2673 ) ;
#4183 = ADVANCED_FACE ( 'NONE', ( #6271 ), #10386, .F. ) ;
#4184 = FACE_OUTER_BOUND ( 'NONE', #7516, .T. ) ;
#4185 = VERTEX_POINT ( 'NONE', #1976 ) ;
#4186 = FACE_OUTER_BOUND ( 'NONE', #6759, .T. ) ;
#4187 = EDGE_CURVE ( 'NONE', #1556, #4367, #3675, .T. ) ;
#4188 = CYLINDRICAL_SURFACE ( 'NONE', #9108, 0.07500000000000041356 ) ;
#4189 = DIRECTION ( 'NONE',  ( -0.000000000000000000, 1.000000000000000000, -0.000000000000000000 ) ) ;
#4190 = ORIENTED_EDGE ( 'NONE', *, *, #5953, .F. ) ;
#4191 = ORIENTED_EDGE ( 'NONE', *, *, #3683, .T. ) ;
#4192 = VECTOR ( 'NONE', #9298, 1000.000000000000000 ) ;
#4193 = CARTESIAN_POINT ( 'NONE',  ( 1.699999999999999289, 4.400000000000000355, -3.200000000000000178 ) ) ;
#4194 = DIRECTION ( 'NONE',  ( 0.000000000000000000, 0.000000000000000000, 1.000000000000000000 ) ) ;
#4195 = CARTESIAN_POINT ( 'NONE',  ( -7.000000000000000888, 4.050000000000000711, -3.200000000000000178 ) ) ;
#4196 =( LENGTH_UNIT ( ) NAMED_UNIT ( * ) SI_UNIT ( .MILLI., .METRE. ) );
#4197 = PLANE ( 'NONE',  #1575 ) ;
#4198 = EDGE_LOOP ( 'NONE', ( #267, #8067, #4177, #6144 ) ) ;
#4199 = AXIS2_PLACEMENT_3D ( 'NONE', #10798, #1506, #1452 ) ;
#4200 = CARTESIAN_POINT ( 'NONE',  ( -6.305000000000000604, -2.972161292830653933E-16, 0.9134769367380000116 ) ) ;
#4201 = CARTESIAN_POINT ( 'NONE',  ( 4.811249408101421210, -2.168404344971008868E-16, -4.741886475849479865 ) ) ;
#4202 = ORIENTED_EDGE ( 'NONE', *, *, #6592, .T. ) ;
#4203 = AXIS2_PLACEMENT_3D ( 'NONE', #9488, #1132, #4495 ) ;
#4204 = CARTESIAN_POINT ( 'NONE',  ( -5.800000000000000711, 2.400000000000000355, 3.700000000000000178 ) ) ;
#4205 = ORIENTED_EDGE ( 'NONE', *, *, #5911, .T. ) ;
#4206 = FACE_OUTER_BOUND ( 'NONE', #3330, .T. ) ;
#4207 = CARTESIAN_POINT ( 'NONE',  ( -0.2500000000001078027, 0.000000000000000000, 5.000000000000000000 ) ) ;
#4208 = VECTOR ( 'NONE', #2961, 1000.000000000000000 ) ;
#4209 = CARTESIAN_POINT ( 'NONE',  ( -7.000000000000000000, 4.700000000000000178, 0.1000000000000000472 ) ) ;
#4210 = VERTEX_POINT ( 'NONE', #9563 ) ;
#4211 = CARTESIAN_POINT ( 'NONE',  ( 5.200000000000000178, 2.750000000000001776, -3.049999999999997602 ) ) ;
#4212 = AXIS2_PLACEMENT_3D ( 'NONE', #3406, #268, #2744 ) ;
#4213 = EDGE_CURVE ( 'NONE', #1546, #8015, #8010, .T. ) ;
#4214 = ORIENTED_EDGE ( 'NONE', *, *, #8252, .F. ) ;
#4215 = CARTESIAN_POINT ( 'NONE',  ( -6.200000000000001066, 5.394289321881344357, 0.6792893218813451650 ) ) ;
#4216 = EDGE_CURVE ( 'NONE', #3399, #8330, #8844, .T. ) ;
#4217 = EDGE_CURVE ( 'NONE', #4015, #6401, #5329, .T. ) ;
#4218 = VECTOR ( 'NONE', #5534, 1000.000000000000000 ) ;
#4219 = LINE ( 'NONE', #4380, #1970 ) ;
#4220 = ORIENTED_EDGE ( 'NONE', *, *, #1723, .T. ) ;
#4221 = FACE_OUTER_BOUND ( 'NONE', #2413, .T. ) ;
#4222 = LINE ( 'NONE', #2460, #177 ) ;
#4223 = VECTOR ( 'NONE', #4189, 1000.000000000000000 ) ;
#4224 = VERTEX_POINT ( 'NONE', #2915 ) ;
#4225 = PLANE ( 'NONE',  #4150 ) ;
#4226 = VERTEX_POINT ( 'NONE', #4621 ) ;
#4227 = CARTESIAN_POINT ( 'NONE',  ( 3.099999999999999645, 4.400000000000001243, 0.7999999999999994893 ) ) ;
#4228 = CARTESIAN_POINT ( 'NONE',  ( 6.999999999999999112, 5.700000000000000178, -1.899999999999989475 ) ) ;
#4229 = ORIENTED_EDGE ( 'NONE', *, *, #5796, .T. ) ;
#4230 = AXIS2_PLACEMENT_3D ( 'NONE', #9030, #9963, #103 ) ;
#4231 = VECTOR ( 'NONE', #1671, 1000.000000000000000 ) ;
#4232 = VERTEX_POINT ( 'NONE', #3790 ) ;
#4233 = LINE ( 'NONE', #5111, #8072 ) ;
#4234 = ADVANCED_FACE ( 'NONE', ( #7145 ), #2797, .T. ) ;
#4235 = CARTESIAN_POINT ( 'NONE',  ( -1.749999999999999778, 2.149999999999999467, 0.7999999999999994893 ) ) ;
#4236 = LINE ( 'NONE', #6611, #1972 ) ;
#4237 = EDGE_CURVE ( 'NONE', #5241, #2874, #10328, .T. ) ;
#4238 = CARTESIAN_POINT ( 'NONE',  ( 5.200000000000000178, 0.9000000000000004663, -4.849999999999997868 ) ) ;
#4239 = FACE_OUTER_BOUND ( 'NONE', #4340, .T. ) ;
#4240 = VECTOR ( 'NONE', #3992, 1000.000000000000000 ) ;
#4241 = AXIS2_PLACEMENT_3D ( 'NONE', #3436, #9257, #955 ) ;
#4242 = ORIENTED_EDGE ( 'NONE', *, *, #558, .T. ) ;
#4243 = CARTESIAN_POINT ( 'NONE',  ( 1.455029405927795727, 1.855029405927795194, -1.189574953383492728 ) ) ;
#4244 = LINE ( 'NONE', #4299, #8084 ) ;
#4245 = ORIENTED_EDGE ( 'NONE', *, *, #9173, .T. ) ;
#4246 = ORIENTED_EDGE ( 'NONE', *, *, #10752, .F. ) ;
#4247 = AXIS2_PLACEMENT_3D ( 'NONE', #9357, #1713, #8419 ) ;
#4248 = VECTOR ( 'NONE', #4816, 1000.000000000000000 ) ;
#4249 = PLANE ( 'NONE',  #387 ) ;
#4250 = EDGE_CURVE ( 'NONE', #5590, #1316, #488, .T. ) ;
#4251 = VECTOR ( 'NONE', #9218, 1000.000000000000000 ) ;
#4252 = ADVANCED_FACE ( 'NONE', ( #5551 ), #10443, .F. ) ;
#4253 = DIRECTION ( 'NONE',  ( 0.000000000000000000, 0.000000000000000000, 1.000000000000000000 ) ) ;
#4254 = FACE_OUTER_BOUND ( 'NONE', #5008, .T. ) ;
#4255 = DIRECTION ( 'NONE',  ( -0.000000000000000000, -1.000000000000000000, -0.000000000000000000 ) ) ;
#4256 = CIRCLE ( 'NONE', #1267, 0.07500000000000041356 ) ;
#4257 = ORIENTED_EDGE ( 'NONE', *, *, #6209, .F. ) ;
#4258 = CYLINDRICAL_SURFACE ( 'NONE', #9479, 0.2000000000000003164 ) ;
#4259 = EDGE_CURVE ( 'NONE', #3969, #10712, #3625, .T. ) ;
#4260 = CARTESIAN_POINT ( 'NONE',  ( 4.545246162018122149, 0.2583875745976674798, -4.850301765501274787 ) ) ;
#4261 = ORIENTED_EDGE ( 'NONE', *, *, #10776, .F. ) ;
#4262 = LINE ( 'NONE', #2445, #7024 ) ;
#4263 = VERTEX_POINT ( 'NONE', #4675 ) ;
#4264 = CARTESIAN_POINT ( 'NONE',  ( 6.200000000000001066, 4.864999999999999325, 2.125000000000000000 ) ) ;
#4265 = CLOSED_SHELL ( 'NONE', ( #7594, #3610, #2309, #3544, #9933, #2627, #927, #4974, #4156, #4326, #169, #7567, #4451, #3966, #6233, #2101, #7013, #9967, #1441, #10399, #5252, #9800, #2649, #273, #789, #5115, #9514, #8719, #1013, #5152, #2776, #7913, #3764, #2056, #3747, #7752, #5990, #8675, #4839, #1726, #7930, #4037, #8894, #8656, #4351, #5234, #8043, #8027, #6569, #2824, #9721, #8918, #3580, #7497, #5538, #3441, #2066, #3781, #10016, #1039, #6439, #1263, #6680, #5918, #2880, #2271, #2636, #7339, #3231, #3779, #10869, #10823, #3405, #4280, #8309, #980, #8866, #7862, #5836, #2592, #10101, #6323, #8989, #9560, #9952, #10320, #4760, #1633, #9667, #8922, #9606, #1326, #3692, #5522, #9539, #6444, #9370, #5684, #7885, #6310, #5156, #141, #2879, #1964, #4843, #9322, #10871, #7396, #9382, #8576, #3309, #2273, #8112, #7968, #9778, #5622, #1689, #2161, #10612, #3107, #5584, #5142, #1486, #7789, #7289, #121, #10143, #6606, #9935, #9113, #9533, #3243, #4762, #3336, #4698, #10434, #1558, #7568, #4695, #4411, #5972, #6801, #10341, #4900, #2521, #9773, #9276, #4581, #1401, #4103, #10836, #4252, #5902, #6174, #7661, #6574, #3211, #10817, #698, #4011, #665, #10156, #5041, #5471, #1504, #605, #2538, #3829, #5834, #3205, #10477, #7500, #10553, #3413, #8582, #1680, #9112, #3083, #6966, #3468, #7549, #4290, #6776, #4872, #6202, #8662, #9674, #4024, #3528, #7701, #1598 ) ) ;
#4266 = AXIS2_PLACEMENT_3D ( 'NONE', #10230, #7357, #7505 ) ;
#4267 = DIRECTION ( 'NONE',  ( 0.4975428121645211199, 0.4975428121645268376, 0.7105647754616284395 ) ) ;
#4268 = FACE_OUTER_BOUND ( 'NONE', #3053, .T. ) ;
#4269 = ORIENTED_EDGE ( 'NONE', *, *, #1811, .F. ) ;
#4270 = CARTESIAN_POINT ( 'NONE',  ( -4.140808929720139808, 2.259191070279860103, -2.300000000000000266 ) ) ;
#4271 = ORIENTED_EDGE ( 'NONE', *, *, #285, .T. ) ;
#4272 = CARTESIAN_POINT ( 'NONE',  ( -6.007179676972450366, -2.972161292830653933E-16, 0.9134769367380000116 ) ) ;
#4273 = EDGE_CURVE ( 'NONE', #9771, #8467, #9671, .T. ) ;
#4274 = FACE_OUTER_BOUND ( 'NONE', #2376, .T. ) ;
#4275 = ORIENTED_EDGE ( 'NONE', *, *, #8642, .T. ) ;
#4276 =( NAMED_UNIT ( * ) PLANE_ANGLE_UNIT ( ) SI_UNIT ( $, .RADIAN. ) );
#4277 = LINE ( 'NONE', #5824, #715 ) ;
#4278 = EDGE_CURVE ( 'NONE', #3556, #9956, #2140, .T. ) ;
#4279 = EDGE_CURVE ( 'NONE', #3072, #6796, #7846, .T. ) ;
#4280 = ADVANCED_FACE ( 'NONE', ( #2032 ), #6156, .F. ) ;
#4281 = ORIENTED_EDGE ( 'NONE', *, *, #2355, .T. ) ;
#4282 = CARTESIAN_POINT ( 'NONE',  ( 5.800000000000000711, 5.425000000000000711, 2.049999999999999822 ) ) ;
#4283 = EDGE_LOOP ( 'NONE', ( #10488, #2260, #3942, #1697 ) ) ;
#4284 = DIRECTION ( 'NONE',  ( -0.9396926207859095381, -0.000000000000000000, -0.3420201433256658263 ) ) ;
#4285 = CARTESIAN_POINT ( 'NONE',  ( 1.999999999999999112, 4.400000000000001243, 0.7999999999999994893 ) ) ;
#4286 = ORIENTED_EDGE ( 'NONE', *, *, #8704, .F. ) ;
#4287 = ORIENTED_EDGE ( 'NONE', *, *, #1816, .T. ) ;
#4288 = FACE_OUTER_BOUND ( 'NONE', #2657, .T. ) ;
#4289 = FACE_OUTER_BOUND ( 'NONE', #2831, .T. ) ;
#4290 = ADVANCED_FACE ( 'NONE', ( #6217 ), #5384, .F. ) ;
#4291 = DIRECTION ( 'NONE',  ( -1.000000000000000000, 0.000000000000000000, 0.000000000000000000 ) ) ;
#4292 = EDGE_CURVE ( 'NONE', #562, #51, #8068, .T. ) ;
#4293 = CARTESIAN_POINT ( 'NONE',  ( 5.900000000000000355, 1.800000000000000044, -1.699999999999999734 ) ) ;
#4294 = CARTESIAN_POINT ( 'NONE',  ( -6.200000000000001066, 4.864999999999999325, 2.125000000000000000 ) ) ;
#4295 = VERTEX_POINT ( 'NONE', #1482 ) ;
#4296 = CARTESIAN_POINT ( 'NONE',  ( -5.800000000000000711, 5.425000000000000711, 3.075000000000000622 ) ) ;
#4297 = ADVANCED_FACE ( 'NONE', ( #9845 ), #2457, .F. ) ;
#4298 = AXIS2_PLACEMENT_3D ( 'NONE', #7345, #683, #639 ) ;
#4299 = CARTESIAN_POINT ( 'NONE',  ( 5.200000000000000178, 0.9000000000000004663, 0.7999999999999994893 ) ) ;
#4300 = ORIENTED_EDGE ( 'NONE', *, *, #9407, .F. ) ;
#4301 = VERTEX_POINT ( 'NONE', #546 ) ;
#4302 = EDGE_CURVE ( 'NONE', #5716, #10732, #10617, .T. ) ;
#4303 = CARTESIAN_POINT ( 'NONE',  ( 4.537690618442709933, 0.1449747468305830900, -4.855654565435175485 ) ) ;
#4304 = VECTOR ( 'NONE', #7714, 1000.000000000000000 ) ;
#4305 = DIRECTION ( 'NONE',  ( 0.000000000000000000, 1.000000000000000000, 0.000000000000000000 ) ) ;
#4306 = DIRECTION ( 'NONE',  ( -1.000000000000000000, -0.000000000000000000, -0.000000000000000000 ) ) ;
#4307 =( NAMED_UNIT ( * ) SI_UNIT ( $, .STERADIAN. ) SOLID_ANGLE_UNIT ( ) );
#4308 = CARTESIAN_POINT ( 'NONE',  ( 6.305000000000000604, 0.3999999999999996336, 1.399999999999999689 ) ) ;
#4309 = EDGE_LOOP ( 'NONE', ( #4633, #9725, #6129, #3729 ) ) ;
#4310 = DIRECTION ( 'NONE',  ( 0.000000000000000000, -1.000000000000000000, 0.000000000000000000 ) ) ;
#4311 = EDGE_CURVE ( 'NONE', #9293, #407, #6438, .T. ) ;
#4312 = AXIS2_PLACEMENT_3D ( 'NONE', #5691, #3927, #8304 ) ;
#4313 = EDGE_CURVE ( 'NONE', #1546, #279, #4788, .T. ) ;
#4314 = PLANE ( 'NONE',  #3482 ) ;
#4315 = ORIENTED_EDGE ( 'NONE', *, *, #8022, .F. ) ;
#4316 = DIRECTION ( 'NONE',  ( -0.000000000000000000, -0.000000000000000000, -1.000000000000000000 ) ) ;
#4317 = ORIENTED_EDGE ( 'NONE', *, *, #3403, .F. ) ;
#4318 = DIRECTION ( 'NONE',  ( 0.000000000000000000, -1.000000000000000000, 0.000000000000000000 ) ) ;
#4319 = PLANE ( 'NONE',  #3893 ) ;
#4320 = LINE ( 'NONE', #5924, #4666 ) ;
#4321 = VECTOR ( 'NONE', #2259, 1000.000000000000000 ) ;
#4322 = ORIENTED_EDGE ( 'NONE', *, *, #8454, .T. ) ;
#4323 = LINE ( 'NONE', #2559, #2966 ) ;
#4324 = ORIENTED_EDGE ( 'NONE', *, *, #10485, .F. ) ;
#4325 = DIRECTION ( 'NONE',  ( -0.000000000000000000, -0.000000000000000000, -1.000000000000000000 ) ) ;
#4326 = ADVANCED_FACE ( 'NONE', ( #7312 ), #706, .F. ) ;
#4327 = VECTOR ( 'NONE', #3730, 1000.000000000000000 ) ;
#4328 = CARTESIAN_POINT ( 'NONE',  ( -2.250000000000000444, 2.649999999999999911, 0.7999999999999994893 ) ) ;
#4329 = ORIENTED_EDGE ( 'NONE', *, *, #5846, .F. ) ;
#4330 = CARTESIAN_POINT ( 'NONE',  ( 2.249999999999892530, 0.2000000000000000111, 4.800000000000000711 ) ) ;
#4331 = DIRECTION ( 'NONE',  ( 0.000000000000000000, 1.591489427501657896E-16, -1.000000000000000000 ) ) ;
#4332 = ORIENTED_EDGE ( 'NONE', *, *, #3045, .T. ) ;
#4333 = LINE ( 'NONE', #5002, #2394 ) ;
#4334 = AXIS2_PLACEMENT_3D ( 'NONE', #7113, #6998, #6183 ) ;
#4335 = ORIENTED_EDGE ( 'NONE', *, *, #5395, .F. ) ;
#4336 = DIRECTION ( 'NONE',  ( 1.000000000000000000, 0.000000000000000000, -0.000000000000000000 ) ) ;
#4337 = EDGE_CURVE ( 'NONE', #3256, #2065, #8184, .T. ) ;
#4338 = LINE ( 'NONE', #9338, #7405 ) ;
#4339 = VERTEX_POINT ( 'NONE', #10670 ) ;
#4340 = EDGE_LOOP ( 'NONE', ( #5805, #808, #7061, #3385 ) ) ;
#4341 = DIRECTION ( 'NONE',  ( 1.000000000000000000, -0.000000000000000000, -5.560011140951304758E-17 ) ) ;
#4342 = DIRECTION ( 'NONE',  ( 0.000000000000000000, 1.000000000000000000, 0.000000000000000000 ) ) ;
#4343 = CARTESIAN_POINT ( 'NONE',  ( -3.859191070279860636, 2.540808929720139275, -2.300000000000000266 ) ) ;
#4344 = ORIENTED_EDGE ( 'NONE', *, *, #3476, .T. ) ;
#4345 = CARTESIAN_POINT ( 'NONE',  ( -5.205000000000001847, 5.700000000000000178, 3.000000000000002665 ) ) ;
#4346 = LINE ( 'NONE', #7683, #9409 ) ;
#4347 = EDGE_LOOP ( 'NONE', ( #2816, #10300, #6572, #7394 ) ) ;
#4348 = CARTESIAN_POINT ( 'NONE',  ( 4.125282473150414297, 2.274717526849586502, -3.031080120897855945 ) ) ;
#4349 = EDGE_CURVE ( 'NONE', #2840, #9899, #3078, .T. ) ;
#4350 = LINE ( 'NONE', #7689, #9676 ) ;
#4351 = ADVANCED_FACE ( 'NONE', ( #9789 ), #8286, .F. ) ;
#4352 = EDGE_LOOP ( 'NONE', ( #5772, #5324, #4859, #1631 ) ) ;
#4353 = EDGE_CURVE ( 'NONE', #8892, #7702, #8956, .T. ) ;
#4354 = VERTEX_POINT ( 'NONE', #2412 ) ;
#4355 = DIRECTION ( 'NONE',  ( 1.051347561198065007E-15, 0.000000000000000000, 1.000000000000000000 ) ) ;
#4356 = ADVANCED_FACE ( 'NONE', ( #659 ), #9017, .F. ) ;
#4357 = DIRECTION ( 'NONE',  ( 0.000000000000000000, 0.000000000000000000, -1.000000000000000000 ) ) ;
#4358 = FACE_OUTER_BOUND ( 'NONE', #913, .T. ) ;
#4359 = LINE ( 'NONE', #9358, #3092 ) ;
#4360 = CARTESIAN_POINT ( 'NONE',  ( 6.305000000000000604, 0.000000000000000000, 0.000000000000000000 ) ) ;
#4361 = LINE ( 'NONE', #5026, #7014 ) ;
#4362 = EDGE_CURVE ( 'NONE', #9235, #3150, #6549, .T. ) ;
#4363 = ORIENTED_EDGE ( 'NONE', *, *, #5095, .F. ) ;
#4364 = FACE_OUTER_BOUND ( 'NONE', #7593, .T. ) ;
#4365 = DIRECTION ( 'NONE',  ( 0.000000000000000000, 0.000000000000000000, 1.000000000000000000 ) ) ;
#4366 = VECTOR ( 'NONE', #3273, 1000.000000000000000 ) ;
#4367 = VERTEX_POINT ( 'NONE', #4893 ) ;
#4368 = DIRECTION ( 'NONE',  ( -1.000000000000000000, -0.000000000000000000, -0.000000000000000000 ) ) ;
#4369 = ORIENTED_EDGE ( 'NONE', *, *, #8335, .T. ) ;
#4370 = DIRECTION ( 'NONE',  ( 1.000000000000000000, -0.000000000000000000, -0.000000000000000000 ) ) ;
#4371 = FACE_OUTER_BOUND ( 'NONE', #5170, .T. ) ;
#4372 = EDGE_CURVE ( 'NONE', #3028, #4743, #5607, .T. ) ;
#4373 = LINE ( 'NONE', #10096, #6939 ) ;
#4374 = VECTOR ( 'NONE', #6041, 1000.000000000000000 ) ;
#4375 = ORIENTED_EDGE ( 'NONE', *, *, #4930, .F. ) ;
#4376 = LINE ( 'NONE', #7611, #8230 ) ;
#4377 = EDGE_LOOP ( 'NONE', ( #5018, #4501, #2265, #7074 ) ) ;
#4378 = PLANE ( 'NONE',  #4568 ) ;
#4379 = AXIS2_PLACEMENT_3D ( 'NONE', #6482, #9893, #10605 ) ;
#4380 = CARTESIAN_POINT ( 'NONE',  ( 2.249999999999892530, 0.2000000000000000111, 4.999999999999985789 ) ) ;
#4382 = EDGE_LOOP ( 'NONE', ( #7706, #1444, #2800, #155 ) ) ;
#4381 = AXIS2_PLACEMENT_3D ( 'NONE', #6490, #6642, #4008 ) ;
#4383 = DIRECTION ( 'NONE',  ( 1.000000000000000000, -0.000000000000000000, -0.000000000000000000 ) ) ;
#4384 = AXIS2_PLACEMENT_3D ( 'NONE', #4647, #9641, #9421 ) ;
#4385 = VERTEX_POINT ( 'NONE', #3244 ) ;
#4386 = FACE_OUTER_BOUND ( 'NONE', #6138, .T. ) ;
#4387 = ORIENTED_EDGE ( 'NONE', *, *, #1402, .T. ) ;
#4388 = FACE_OUTER_BOUND ( 'NONE', #8629, .T. ) ;
#4389 = CARTESIAN_POINT ( 'NONE',  ( 5.800000000000000711, 2.400000000000001243, -1.699999999999999734 ) ) ;
#4390 = CARTESIAN_POINT ( 'NONE',  ( -7.000000000000000888, 3.150000000000000799, -3.200000000000000178 ) ) ;
#4391 = ORIENTED_EDGE ( 'NONE', *, *, #5385, .T. ) ;
#4392 = ORIENTED_EDGE ( 'NONE', *, *, #8179, .T. ) ;
#4393 = DIRECTION ( 'NONE',  ( -1.000000000000000000, 0.000000000000000000, 0.000000000000000000 ) ) ;
#4394 = CARTESIAN_POINT ( 'NONE',  ( -5.899999999999998579, 0.4000000000000000222, 1.099999999999999645 ) ) ;
#4395 = AXIS2_PLACEMENT_3D ( 'NONE', #20, #7762, #7704 ) ;
#4396 = DIRECTION ( 'NONE',  ( 0.000000000000000000, -1.000000000000000000, 0.000000000000000000 ) ) ;
#4397 = VERTEX_POINT ( 'NONE', #1427 ) ;
#4398 = DIRECTION ( 'NONE',  ( 2.710505431213754182E-16, 0.000000000000000000, -1.000000000000000000 ) ) ;
#4399 = ORIENTED_EDGE ( 'NONE', *, *, #5359, .T. ) ;
#4400 = DIRECTION ( 'NONE',  ( 0.000000000000000000, -1.414176746720223400E-16, 1.000000000000000000 ) ) ;
#4401 = ORIENTED_EDGE ( 'NONE', *, *, #5765, .F. ) ;
#4402 = DIRECTION ( 'NONE',  ( -0.000000000000000000, 1.000000000000000000, -0.000000000000000000 ) ) ;
#4403 = VECTOR ( 'NONE', #3044, 1000.000000000000000 ) ;
#4404 = VECTOR ( 'NONE', #10453, 1000.000000000000000 ) ;
#4405 = CARTESIAN_POINT ( 'NONE',  ( 6.305000000000000604, 0.4000000000000000222, 1.099999999999999867 ) ) ;
#4406 = ORIENTED_EDGE ( 'NONE', *, *, #9482, .T. ) ;
#4407 = ORIENTED_EDGE ( 'NONE', *, *, #376, .F. ) ;
#4408 = LINE ( 'NONE', #6061, #8108 ) ;
#4409 = VECTOR ( 'NONE', #5923, 1000.000000000000000 ) ;
#4411 = ADVANCED_FACE ( 'NONE', ( #8130 ), #3960, .T. ) ;
#4410 = CARTESIAN_POINT ( 'NONE',  ( 5.350000000000000533, 0.000000000000000000, -5.000000000000000000 ) ) ;
#4412 = COLOUR_RGB ( '',0.7921568627450980005, 0.8196078431372548767, 0.9333333333333333481 ) ;
#4413 = PLANE ( 'NONE',  #1079 ) ;
#4414 = EDGE_CURVE ( 'NONE', #4685, #5603, #4256, .T. ) ;
#4415 =( LENGTH_UNIT ( ) NAMED_UNIT ( * ) SI_UNIT ( .MILLI., .METRE. ) );
#4416 = EDGE_CURVE ( 'NONE', #5198, #3769, #4114, .T. ) ;
#4417 = LINE ( 'NONE', #10297, #2402 ) ;
#4418 = LINE ( 'NONE', #7115, #5248 ) ;
#4419 = ORIENTED_EDGE ( 'NONE', *, *, #3974, .T. ) ;
#4420 = CARTESIAN_POINT ( 'NONE',  ( 4.026055542458626846, 0.9000000000000005773, -4.350000000000002309 ) ) ;
#4421 = DIRECTION ( 'NONE',  ( 0.000000000000000000, -1.000000000000000000, 0.000000000000000000 ) ) ;
#4422 = VECTOR ( 'NONE', #5629, 1000.000000000000000 ) ;
#4423 = LINE ( 'NONE', #3540, #4543 ) ;
#4424 = VECTOR ( 'NONE', #2836, 1000.000000000000000 ) ;
#4425 = ORIENTED_EDGE ( 'NONE', *, *, #6140, .F. ) ;
#4426 = DIRECTION ( 'NONE',  ( 0.000000000000000000, 0.000000000000000000, 1.000000000000000000 ) ) ;
#4427 = VECTOR ( 'NONE', #3081, 1000.000000000000000 ) ;
#4428 = ORIENTED_EDGE ( 'NONE', *, *, #9146, .F. ) ;
#4429 = DIRECTION ( 'NONE',  ( -0.000000000000000000, -0.000000000000000000, -1.000000000000000000 ) ) ;
#4430 = PLANE ( 'NONE',  #7053 ) ;
#4431 = CARTESIAN_POINT ( 'NONE',  ( 0.1408089297201395029, 2.149999999999999467, -2.300000000000000266 ) ) ;
#4432 = AXIS2_PLACEMENT_3D ( 'NONE', #985, #7584, #7526 ) ;
#4433 = AXIS2_PLACEMENT_3D ( 'NONE', #6510, #9078, #9915 ) ;
#4434 = ORIENTED_EDGE ( 'NONE', *, *, #5669, .F. ) ;
#4435 = DIRECTION ( 'NONE',  ( 3.336006684570782608E-16, 0.000000000000000000, -1.000000000000000000 ) ) ;
#4436 = ORIENTED_EDGE ( 'NONE', *, *, #1470, .T. ) ;
#4437 = FACE_OUTER_BOUND ( 'NONE', #4283, .T. ) ;
#4438 = EDGE_CURVE ( 'NONE', #8333, #2651, #811, .T. ) ;
#4439 = AXIS2_PLACEMENT_3D ( 'NONE', #2299, #1576, #9009 ) ;
#4440 = CARTESIAN_POINT ( 'NONE',  ( 0.2500000000000002220, 2.649999999999999911, -1.999999999999997335 ) ) ;
#4441 = ORIENTED_EDGE ( 'NONE', *, *, #6673, .T. ) ;
#4442 = FACE_OUTER_BOUND ( 'NONE', #667, .T. ) ;
#4443 = DIRECTION ( 'NONE',  ( -1.000000000000000000, 0.000000000000000000, 0.000000000000000000 ) ) ;
#4444 = ADVANCED_FACE ( 'NONE', ( #963 ), #7509, .F. ) ;
#4445 = ORIENTED_EDGE ( 'NONE', *, *, #6915, .T. ) ;
#4446 = CARTESIAN_POINT ( 'NONE',  ( 5.800000000000000711, 2.400000000000001243, -1.699999999999999734 ) ) ;
#4447 = VERTEX_POINT ( 'NONE', #1792 ) ;
#4448 = CARTESIAN_POINT ( 'NONE',  ( -5.004999999999999893, 5.700000000000000178, 3.700000000000000178 ) ) ;
#4449 = DIRECTION ( 'NONE',  ( -1.000000000000000000, -0.000000000000000000, -0.000000000000000000 ) ) ;
#4450 = DIRECTION ( 'NONE',  ( -0.3236155771181821184, 0.3236155771181821184, -0.8891264907159901476 ) ) ;
#4451 = ADVANCED_FACE ( 'NONE', ( #4274 ), #9266, .F. ) ;
#4452 = ORIENTED_EDGE ( 'NONE', *, *, #1531, .T. ) ;
#4453 = EDGE_CURVE ( 'NONE', #5564, #2234, #2563, .T. ) ;
#4454 = ORIENTED_EDGE ( 'NONE', *, *, #1324, .T. ) ;
#4455 = CARTESIAN_POINT ( 'NONE',  ( 5.004999999999999893, 5.499999999999998224, 2.250000000000000000 ) ) ;
#4456 = CARTESIAN_POINT ( 'NONE',  ( 6.305000000000000604, 0.4000000000000000222, -1.700000000000000178 ) ) ;
#4457 = CARTESIAN_POINT ( 'NONE',  ( 4.569840214680616519, 0.000000000000000000, -4.096429042955580968 ) ) ;
#4458 = ORIENTED_EDGE ( 'NONE', *, *, #2196, .F. ) ;
#4459 = LINE ( 'NONE', #1866, #755 ) ;
#4460 = ORIENTED_EDGE ( 'NONE', *, *, #10630, .F. ) ;
#4461 = CARTESIAN_POINT ( 'NONE',  ( 6.305000000000000604, 1.800000000000000266, -3.200000000000000178 ) ) ;
#4462 = EDGE_LOOP ( 'NONE', ( #4551, #3520, #3392, #10557 ) ) ;
#4463 = DIRECTION ( 'NONE',  ( 1.000000000000000000, -0.000000000000000000, 7.317513109993572647E-16 ) ) ;
#4464 = CARTESIAN_POINT ( 'NONE',  ( 6.200000000000001066, 5.470710678118656745, 1.352867965644033887 ) ) ;
#4465 = VERTEX_POINT ( 'NONE', #6798 ) ;
#4466 = VECTOR ( 'NONE', #3568, 1000.000000000000000 ) ;
#4467 = VERTEX_POINT ( 'NONE', #10105 ) ;
#4468 = FACE_OUTER_BOUND ( 'NONE', #1269, .T. ) ;
#4469 = FACE_OUTER_BOUND ( 'NONE', #4023, .T. ) ;
#4470 = DIRECTION ( 'NONE',  ( 0.000000000000000000, 0.000000000000000000, -1.000000000000000000 ) ) ;
#4471 = STYLED_ITEM ( 'NONE', ( #8952 ), #7862 ) ;
#4472 = DIRECTION ( 'NONE',  ( 1.000000000000000000, 0.000000000000000000, 0.000000000000000000 ) ) ;
#4473 = PLANE ( 'NONE',  #4199 ) ;
#4474 = ORIENTED_EDGE ( 'NONE', *, *, #734, .F. ) ;
#4475 = CARTESIAN_POINT ( 'NONE',  ( 2.249999999999892530, 0.000000000000000000, 5.000000000000000000 ) ) ;
#4476 = CARTESIAN_POINT ( 'NONE',  ( 5.200000000000000178, 4.800000000000000711, -4.849999999999997868 ) ) ;
#4477 = EDGE_CURVE ( 'NONE', #4938, #5389, #10153, .T. ) ;
#4478 = ORIENTED_EDGE ( 'NONE', *, *, #2067, .F. ) ;
#4479 = EDGE_CURVE ( 'NONE', #4295, #5340, #6695, .T. ) ;
#4480 = AXIS2_PLACEMENT_3D ( 'NONE', #4180, #7524, #10889 ) ;
#4481 = VECTOR ( 'NONE', #2719, 1000.000000000000000 ) ;
#4482 = DIRECTION ( 'NONE',  ( 1.000000000000000000, -0.000000000000000000, -0.000000000000000000 ) ) ;
#4483 = ORIENTED_EDGE ( 'NONE', *, *, #7684, .F. ) ;
#4484 = DIRECTION ( 'NONE',  ( -1.000000000000000000, 0.000000000000000000, 1.312196275322849297E-16 ) ) ;
#4485 = CARTESIAN_POINT ( 'NONE',  ( 1.999999999999999112, 4.400000000000001243, -3.049999999999997602 ) ) ;
#4486 = PLANE ( 'NONE',  #3363 ) ;
#4487 = CARTESIAN_POINT ( 'NONE',  ( -0.6250000000000000000, 4.700000000000000178, -2.200000000000000622 ) ) ;
#4488 = ORIENTED_EDGE ( 'NONE', *, *, #9692, .F. ) ;
#4489 = PLANE ( 'NONE',  #3316 ) ;
#4490 = VECTOR ( 'NONE', #9194, 1000.000000000000000 ) ;
#4491 = VERTEX_POINT ( 'NONE', #4328 ) ;
#4492 = DIRECTION ( 'NONE',  ( 0.000000000000000000, -1.000000000000000000, 0.000000000000000000 ) ) ;
#4493 = ADVANCED_FACE ( 'NONE', ( #6911 ), #4167, .F. ) ;
#4494 = EDGE_CURVE ( 'NONE', #4185, #10626, #6850, .T. ) ;
#4495 = DIRECTION ( 'NONE',  ( 0.000000000000000000, -0.000000000000000000, 1.000000000000000000 ) ) ;
#4496 = ORIENTED_EDGE ( 'NONE', *, *, #4494, .F. ) ;
#4497 = CARTESIAN_POINT ( 'NONE',  ( -5.800000000000000711, 4.864999999999999325, 2.125000000000000000 ) ) ;
#4498 = VECTOR ( 'NONE', #986, 1000.000000000000000 ) ;
#4499 = CARTESIAN_POINT ( 'NONE',  ( -1.750000000000107470, 0.2000000000000000111, 5.000000000000000888 ) ) ;
#4500 = EDGE_CURVE ( 'NONE', #6864, #1708, #8543, .T. ) ;
#4501 = ORIENTED_EDGE ( 'NONE', *, *, #9518, .T. ) ;
#4502 = LINE ( 'NONE', #7839, #10668 ) ;
#4503 = ORIENTED_EDGE ( 'NONE', *, *, #809, .F. ) ;
#4504 = DIRECTION ( 'NONE',  ( -0.5773502691896257311, 0.5773502691896257311, -0.5773502691896257311 ) ) ;
#4505 = CARTESIAN_POINT ( 'NONE',  ( -6.200000000000001066, 4.864999999999999325, 2.125000000000000000 ) ) ;
#4506 = VECTOR ( 'NONE', #3968, 1000.000000000000000 ) ;
#4507 = CARTESIAN_POINT ( 'NONE',  ( -3.750000000000107470, 0.000000000000000000, 5.000000000000000000 ) ) ;
#4508 = ORIENTED_EDGE ( 'NONE', *, *, #7172, .T. ) ;
#4509 = CARTESIAN_POINT ( 'NONE',  ( 0.2499999999998926692, 0.000000000000000000, 5.000000000000000000 ) ) ;
#4510 = ORIENTED_EDGE ( 'NONE', *, *, #5153, .T. ) ;
#4511 = DIRECTION ( 'NONE',  ( 0.3131456130149759542, 0.6715429342378134159, 0.6715429342378212985 ) ) ;
#4512 = CARTESIAN_POINT ( 'NONE',  ( 6.305000000000000604, 1.799999999999999600, 1.099999999999999867 ) ) ;
#4513 = AXIS2_PLACEMENT_3D ( 'NONE', #7728, #1194, #7026 ) ;
#4514 = VERTEX_POINT ( 'NONE', #5929 ) ;
#4515 = PLANE ( 'NONE',  #4092 ) ;
#4516 = EDGE_CURVE ( 'NONE', #79, #6928, #5980, .T. ) ;
#4517 = LINE ( 'NONE', #6279, #3797 ) ;
#4518 = VERTEX_POINT ( 'NONE', #10054 ) ;
#4519 = DIRECTION ( 'NONE',  ( -0.000000000000000000, -1.000000000000000000, -0.000000000000000000 ) ) ;
#4520 = DIRECTION ( 'NONE',  ( 0.000000000000000000, 0.000000000000000000, -1.000000000000000000 ) ) ;
#4521 = ORIENTED_EDGE ( 'NONE', *, *, #3225, .F. ) ;
#4522 = ORIENTED_EDGE ( 'NONE', *, *, #4046, .F. ) ;
#4523 = EDGE_CURVE ( 'NONE', #8467, #10472, #5147, .T. ) ;
#4524 = PLANE ( 'NONE',  #3914 ) ;
#4525 = CARTESIAN_POINT ( 'NONE',  ( 6.305000000000000604, 0.4000000000000000222, -1.700000000000000178 ) ) ;
#4526 = CARTESIAN_POINT ( 'NONE',  ( 2.250000000000000444, 2.649999999999999911, -2.300000000000000266 ) ) ;
#4527 = LINE ( 'NONE', #7219, #8174 ) ;
#4528 = CARTESIAN_POINT ( 'NONE',  ( -1.699999999999999289, 5.700000000000000178, 2.250000000000000000 ) ) ;
#4529 = DIRECTION ( 'NONE',  ( 1.000000000000000000, 0.000000000000000000, 0.000000000000000000 ) ) ;
#4530 = ORIENTED_EDGE ( 'NONE', *, *, #1732, .T. ) ;
#4531 = DIRECTION ( 'NONE',  ( 0.000000000000000000, -1.000000000000000000, 6.829619984160657060E-16 ) ) ;
#4532 = DIRECTION ( 'NONE',  ( -0.000000000000000000, -0.000000000000000000, -1.000000000000000000 ) ) ;
#4533 = SURFACE_SIDE_STYLE ('',( #5408 ) ) ;
#4534 = ORIENTED_EDGE ( 'NONE', *, *, #4216, .F. ) ;
#4535 = CYLINDRICAL_SURFACE ( 'NONE', #9654, 0.07499999999999998335 ) ;
#4536 = LINE ( 'NONE', #2772, #5125 ) ;
#4537 = LINE ( 'NONE', #4485, #7975 ) ;
#4538 = CARTESIAN_POINT ( 'NONE',  ( -0.1252824731504137978, 2.274717526849586502, -3.031080120897855945 ) ) ;
#4539 = CARTESIAN_POINT ( 'NONE',  ( 3.749999999999892530, 1.300000000000000266, 3.899999999999999911 ) ) ;
#4540 = ORIENTED_EDGE ( 'NONE', *, *, #10293, .T. ) ;
#4541 = CARTESIAN_POINT ( 'NONE',  ( -1.859191070279860636, 2.540808929720139275, -2.300000000000000266 ) ) ;
#4542 = ORIENTED_EDGE ( 'NONE', *, *, #6533, .F. ) ;
#4543 = VECTOR ( 'NONE', #10190, 1000.000000000000000 ) ;
#4544 = LINE ( 'NONE', #7883, #3696 ) ;
#4545 = AXIS2_PLACEMENT_3D ( 'NONE', #5331, #6329, #7200 ) ;
#4546 = ORIENTED_EDGE ( 'NONE', *, *, #5504, .F. ) ;
#4547 = PLANE ( 'NONE',  #2656 ) ;
#4548 = CARTESIAN_POINT ( 'NONE',  ( 7.000000000000000000, 2.400000000000000355, 1.999999999999999556 ) ) ;
#4549 = EDGE_CURVE ( 'NONE', #5564, #6989, #9213, .T. ) ;
#4550 = EDGE_CURVE ( 'NONE', #2742, #6293, #1016, .T. ) ;
#4551 = ORIENTED_EDGE ( 'NONE', *, *, #330, .F. ) ;
#4552 = LINE ( 'NONE', #202, #2233 ) ;
#4553 = EDGE_CURVE ( 'NONE', #8083, #7506, #9324, .T. ) ;
#4554 =( GEOMETRIC_REPRESENTATION_CONTEXT ( 3 ) GLOBAL_UNCERTAINTY_ASSIGNED_CONTEXT ( ( #3676 ) ) GLOBAL_UNIT_ASSIGNED_CONTEXT ( ( #197, #8603, #10107 ) ) REPRESENTATION_CONTEXT ( 'NONE', 'WORKASPACE' ) );
#4555 = VERTEX_POINT ( 'NONE', #6034 ) ;
#4556 = LINE ( 'NONE', #4448, #9736 ) ;
#4557 = LINE ( 'NONE', #10382, #6333 ) ;
#4558 = VECTOR ( 'NONE', #5849, 1000.000000000000000 ) ;
#4559 = LINE ( 'NONE', #9561, #5994 ) ;
#4560 = ORIENTED_EDGE ( 'NONE', *, *, #7244, .F. ) ;
#4561 = CARTESIAN_POINT ( 'NONE',  ( 5.200000000000000178, 4.800000000000000711, -3.049999999999997602 ) ) ;
#4562 = UNCERTAINTY_MEASURE_WITH_UNIT (LENGTH_MEASURE( 1.000000000000000082E-05 ), #2345, 'distance_accuracy_value', 'NONE');
#4563 = EDGE_LOOP ( 'NONE', ( #2807, #5174, #5833, #7934, #6059, #9458 ) ) ;
#4564 =( NAMED_UNIT ( * ) SI_UNIT ( $, .STERADIAN. ) SOLID_ANGLE_UNIT ( ) );
#4565 = VECTOR ( 'NONE', #6534, 1000.000000000000000 ) ;
#4566 = CARTESIAN_POINT ( 'NONE',  ( 5.800000000000000711, 4.939999999999999503, 2.124999999999999556 ) ) ;
#4567 = VERTEX_POINT ( 'NONE', #860 ) ;
#4568 = AXIS2_PLACEMENT_3D ( 'NONE', #10258, #2608, #5094 ) ;
#4569 = CARTESIAN_POINT ( 'NONE',  ( 2.249999999999892530, 0.2000000000000000111, 3.899999999999999911 ) ) ;
#4570 = ORIENTED_EDGE ( 'NONE', *, *, #8362, .F. ) ;
#4571 = LINE ( 'NONE', #498, #9600 ) ;
#4572 = VECTOR ( 'NONE', #5837, 1000.000000000000000 ) ;
#4573 = DIRECTION ( 'NONE',  ( 0.000000000000000000, -1.000000000000000000, 0.000000000000000000 ) ) ;
#4574 = ORIENTED_EDGE ( 'NONE', *, *, #2590, .F. ) ;
#4575 = EDGE_CURVE ( 'NONE', #9399, #6164, #4219, .T. ) ;
#4576 = VECTOR ( 'NONE', #2938, 1000.000000000000000 ) ;
#4577 = VERTEX_POINT ( 'NONE', #7562 ) ;
#4578 = VECTOR ( 'NONE', #1846, 1000.000000000000000 ) ;
#4579 = DIRECTION ( 'NONE',  ( 0.000000000000000000, 0.000000000000000000, 1.000000000000000000 ) ) ;
#4580 = LINE ( 'NONE', #3752, #1791 ) ;
#4581 = ADVANCED_FACE ( 'NONE', ( #6085 ), #7720, .F. ) ;
#4582 = CARTESIAN_POINT ( 'NONE',  ( 6.200000000000001066, 2.575000000000000178, 3.899999999999999911 ) ) ;
#4583 = LINE ( 'NONE', #7925, #4674 ) ;
#4584 = AXIS2_PLACEMENT_3D ( 'NONE', #7224, #3159, #4090 ) ;
#4585 = DIRECTION ( 'NONE',  ( 0.000000000000000000, -1.414176746720223153E-16, 1.000000000000000000 ) ) ;
#4586 = CARTESIAN_POINT ( 'NONE',  ( -4.250000000000000000, 2.649999999999999911, -2.300000000000000266 ) ) ;
#4587 = ORIENTED_EDGE ( 'NONE', *, *, #5082, .T. ) ;
#4588 = LINE ( 'NONE', #10356, #5452 ) ;
#4589 = DIRECTION ( 'NONE',  ( -1.000000000000000000, 0.000000000000000000, 0.000000000000000000 ) ) ;
#4590 = CARTESIAN_POINT ( 'NONE',  ( 0.000000000000000000, 0.000000000000000000, 0.000000000000000000 ) ) ;
#4591 = ORIENTED_EDGE ( 'NONE', *, *, #5376, .F. ) ;
#4592 = EDGE_CURVE ( 'NONE', #6893, #8062, #576, .T. ) ;
#4593 = AXIS2_PLACEMENT_3D ( 'NONE', #4832, #10043, #8172 ) ;
#4594 = DIRECTION ( 'NONE',  ( 0.000000000000000000, 0.000000000000000000, 1.000000000000000000 ) ) ;
#4595 = ADVANCED_FACE ( 'NONE', ( #1049 ), #397, .T. ) ;
#4596 = VECTOR ( 'NONE', #2522, 1000.000000000000000 ) ;
#4597 = DIRECTION ( 'NONE',  ( -0.000000000000000000, 0.7071067811865485719, 0.7071067811865465735 ) ) ;
#4598 = DIRECTION ( 'NONE',  ( 0.000000000000000000, 0.000000000000000000, -1.000000000000000000 ) ) ;
#4599 = CARTESIAN_POINT ( 'NONE',  ( -6.304999999999998828, 8.000000000000000000, -5.000000000000003553 ) ) ;
#4600 = CARTESIAN_POINT ( 'NONE',  ( -4.250000000000000000, 2.649999999999999911, -2.300000000000000266 ) ) ;
#4601 = ORIENTED_EDGE ( 'NONE', *, *, #8113, .T. ) ;
#4602 = DIRECTION ( 'NONE',  ( 1.000000000000000000, 0.000000000000000000, 0.000000000000000000 ) ) ;
#4603 = VECTOR ( 'NONE', #10635, 1000.000000000000000 ) ;
#4604 = MECHANICAL_DESIGN_GEOMETRIC_PRESENTATION_REPRESENTATION (  '', ( #4951 ), #8807 ) ;
#4605 = ORIENTED_EDGE ( 'NONE', *, *, #5502, .F. ) ;
#4606 = DIRECTION ( 'NONE',  ( -1.000000000000000000, -0.000000000000000000, 0.000000000000000000 ) ) ;
#4607 = ORIENTED_EDGE ( 'NONE', *, *, #7148, .T. ) ;
#4608 = FACE_OUTER_BOUND ( 'NONE', #8299, .T. ) ;
#4609 = AXIS2_PLACEMENT_3D ( 'NONE', #943, #4306, #7644 ) ;
#4610 = CARTESIAN_POINT ( 'NONE',  ( -1.999999999999999112, 4.400000000000001243, 0.7999999999999994893 ) ) ;
#4611 = VECTOR ( 'NONE', #396, 1000.000000000000000 ) ;
#4612 = EDGE_LOOP ( 'NONE', ( #5154, #3340, #437, #7341, #5342, #4151, #9587, #7255 ) ) ;
#4613 = LINE ( 'NONE', #8609, #10480 ) ;
#4614 = EDGE_CURVE ( 'NONE', #2441, #8076, #3806, .T. ) ;
#4615 = ORIENTED_EDGE ( 'NONE', *, *, #5883, .F. ) ;
#4616 = CARTESIAN_POINT ( 'NONE',  ( 7.000000000000000000, 2.750000000000001332, -3.200000000000000178 ) ) ;
#4617 = VECTOR ( 'NONE', #9461, 1000.000000000000000 ) ;
#4618 = DIRECTION ( 'NONE',  ( 0.000000000000000000, -1.000000000000000000, 0.000000000000000000 ) ) ;
#4619 = ORIENTED_EDGE ( 'NONE', *, *, #844, .F. ) ;
#4620 = VECTOR ( 'NONE', #6554, 1000.000000000000000 ) ;
#4621 = CARTESIAN_POINT ( 'NONE',  ( -1.750000000000107470, 0.6000000000000000888, 2.400000000000000355 ) ) ;
#4622 = EDGE_CURVE ( 'NONE', #10327, #9366, #8805, .T. ) ;
#4623 = ORIENTED_EDGE ( 'NONE', *, *, #5357, .F. ) ;
#4624 = EDGE_CURVE ( 'NONE', #475, #210, #6287, .T. ) ;
#4625 = DIRECTION ( 'NONE',  ( 0.000000000000000000, 0.000000000000000000, 1.000000000000000000 ) ) ;
#4626 = CARTESIAN_POINT ( 'NONE',  ( 7.000000000000000000, 5.499999999999998224, 2.800000000000000266 ) ) ;
#4627 = VERTEX_POINT ( 'NONE', #7863 ) ;
#4628 = LINE ( 'NONE', #1207, #9947 ) ;
#4629 = ORIENTED_EDGE ( 'NONE', *, *, #7318, .T. ) ;
#4630 = DIRECTION ( 'NONE',  ( 7.885106708985488048E-16, -1.000000000000000000, 0.000000000000000000 ) ) ;
#4631 = FACE_OUTER_BOUND ( 'NONE', #2422, .T. ) ;
#4632 = ORIENTED_EDGE ( 'NONE', *, *, #2463, .T. ) ;
#4633 = ORIENTED_EDGE ( 'NONE', *, *, #8245, .T. ) ;
#4634 = EDGE_CURVE ( 'NONE', #163, #9366, #10408, .T. ) ;
#4635 = EDGE_CURVE ( 'NONE', #4514, #3651, #8577, .T. ) ;
#4636 = DIRECTION ( 'NONE',  ( -0.000000000000000000, 0.9284766908852596368, 0.3713906763541029443 ) ) ;
#4637 = DIRECTION ( 'NONE',  ( 0.000000000000000000, -1.000000000000000000, 0.000000000000000000 ) ) ;
#4638 = DIRECTION ( 'NONE',  ( -0.000000000000000000, 0.000000000000000000, -1.000000000000000000 ) ) ;
#4639 = CARTESIAN_POINT ( 'NONE',  ( 6.304999999999999716, 4.050000000000000711, -3.000000000000000000 ) ) ;
#4640 = EDGE_CURVE ( 'NONE', #10002, #2990, #2494, .T. ) ;
#4641 = DIRECTION ( 'NONE',  ( 1.000000000000000000, -0.000000000000000000, -5.560011140951304758E-17 ) ) ;
#4642 = FACE_OUTER_BOUND ( 'NONE', #5988, .T. ) ;
#4643 = EDGE_LOOP ( 'NONE', ( #5110, #6728, #6897, #3391, #8485, #831 ) ) ;
#4644 = CARTESIAN_POINT ( 'NONE',  ( 6.305000000000000604, 2.750000000000000888, -3.200000000000000178 ) ) ;
#4645 = CARTESIAN_POINT ( 'NONE',  ( 4.252632489217789136, 0.9000000000000005773, -4.244345434564826824 ) ) ;
#4646 = ORIENTED_EDGE ( 'NONE', *, *, #117, .T. ) ;
#4647 = CARTESIAN_POINT ( 'NONE',  ( -7.000000000000000888, 3.150000000000000799, -3.000000000000000000 ) ) ;
#4648 = CARTESIAN_POINT ( 'NONE',  ( -6.304999999999999716, 4.050000000000000711, -3.000000000000000000 ) ) ;
#4649 = VECTOR ( 'NONE', #2363, 1000.000000000000000 ) ;
#4650 = CARTESIAN_POINT ( 'NONE',  ( 2.999999999999998668, 8.000000000000000000, -3.599999999999999645 ) ) ;
#4651 = CARTESIAN_POINT ( 'NONE',  ( 4.249999999999892530, 0.2000000000000000111, 3.899999999999999911 ) ) ;
#4652 = LINE ( 'NONE', #8042, #7625 ) ;
#4653 = EDGE_LOOP ( 'NONE', ( #4287, #4503, #388, #1337 ) ) ;
#4654 = EDGE_CURVE ( 'NONE', #10323, #8189, #2760, .T. ) ;
#4655 = DIRECTION ( 'NONE',  ( 0.000000000000000000, 0.000000000000000000, -1.000000000000000000 ) ) ;
#4656 = ORIENTED_EDGE ( 'NONE', *, *, #7707, .T. ) ;
#4657 = DIRECTION ( 'NONE',  ( -0.5773502691896250649, -0.5773502691896227335, 0.5773502691896295058 ) ) ;
#4658 = AXIS2_PLACEMENT_3D ( 'NONE', #2085, #6274, #1979 ) ;
#4659 =( GEOMETRIC_REPRESENTATION_CONTEXT ( 3 ) GLOBAL_UNCERTAINTY_ASSIGNED_CONTEXT ( ( #9613 ) ) GLOBAL_UNIT_ASSIGNED_CONTEXT ( ( #4784, #602, #7256 ) ) REPRESENTATION_CONTEXT ( 'NONE', 'WORKASPACE' ) );
#4660 = PLANE ( 'NONE',  #5792 ) ;
#4661 = ORIENTED_EDGE ( 'NONE', *, *, #7832, .T. ) ;
#4662 = FILL_AREA_STYLE ('',( #3663 ) ) ;
#4663 = DIRECTION ( 'NONE',  ( 0.000000000000000000, 1.000000000000000000, 0.000000000000000000 ) ) ;
#4664 = DIRECTION ( 'NONE',  ( 0.000000000000000000, 0.000000000000000000, 1.000000000000000000 ) ) ;
#4665 = VECTOR ( 'NONE', #269, 1000.000000000000000 ) ;
#4666 = VECTOR ( 'NONE', #8595, 1000.000000000000000 ) ;
#4667 = ORIENTED_EDGE ( 'NONE', *, *, #1148, .F. ) ;
#4668 = PLANE ( 'NONE',  #3986 ) ;
#4669 = ORIENTED_EDGE ( 'NONE', *, *, #3407, .F. ) ;
#4670 = DIRECTION ( 'NONE',  ( -1.000000000000000000, -0.000000000000000000, -0.000000000000000000 ) ) ;
#4671 = CARTESIAN_POINT ( 'NONE',  ( 4.249999999999892530, 0.6000000000000000888, 5.000000000000000000 ) ) ;
#4672 = CARTESIAN_POINT ( 'NONE',  ( 5.800000000000000711, 2.400000000000001243, -1.699999999999999734 ) ) ;
#4673 = ORIENTED_EDGE ( 'NONE', *, *, #5025, .T. ) ;
#4674 = VECTOR ( 'NONE', #399, 1000.000000000000000 ) ;
#4675 = CARTESIAN_POINT ( 'NONE',  ( 3.749999999999892530, 0.000000000000000000, 4.800000000000000711 ) ) ;
#4676 = UNCERTAINTY_MEASURE_WITH_UNIT (LENGTH_MEASURE( 1.000000000000000082E-05 ), #7944, 'distance_accuracy_value', 'NONE');
#4677 = ORIENTED_EDGE ( 'NONE', *, *, #921, .T. ) ;
#4678 = LINE ( 'NONE', #9565, #3158 ) ;
#4679 = LINE ( 'NONE', #5443, #5364 ) ;
#4680 = ORIENTED_EDGE ( 'NONE', *, *, #7849, .F. ) ;
#4681 = ORIENTED_EDGE ( 'NONE', *, *, #256, .F. ) ;
#4682 = CARTESIAN_POINT ( 'NONE',  ( 6.200000000000001066, 2.400000000000000355, 3.899999999999998579 ) ) ;
#4683 = VECTOR ( 'NONE', #6107, 1000.000000000000000 ) ;
#4684 = EDGE_CURVE ( 'NONE', #10313, #3695, #1932, .T. ) ;
#4685 = VERTEX_POINT ( 'NONE', #8638 ) ;
#4686 = CARTESIAN_POINT ( 'NONE',  ( -0.2500000000001069145, 0.6000000000000000888, 2.399999999999972378 ) ) ;
#4687 = DIRECTION ( 'NONE',  ( -1.000000000000000000, -0.000000000000000000, -0.000000000000000000 ) ) ;
#4688 = EDGE_LOOP ( 'NONE', ( #7470, #5447, #5102, #9760 ) ) ;
#4689 = ORIENTED_EDGE ( 'NONE', *, *, #916, .F. ) ;
#4690 = AXIS2_PLACEMENT_3D ( 'NONE', #3018, #9783, #6380 ) ;
#4691 = VERTEX_POINT ( 'NONE', #7160 ) ;
#4692 = CARTESIAN_POINT ( 'NONE',  ( -5.200000000000000178, 0.9000000000000004663, -4.849999999999997868 ) ) ;
#4693 = CARTESIAN_POINT ( 'NONE',  ( -0.2500000000001078027, 0.6000000000000000888, 4.999999999999972466 ) ) ;
#4694 = CARTESIAN_POINT ( 'NONE',  ( 7.000000000000000000, 2.400000000000000355, 1.800000000000002487 ) ) ;
#4695 = ADVANCED_FACE ( 'NONE', ( #4469 ), #447, .F. ) ;
#4696 = CARTESIAN_POINT ( 'NONE',  ( 6.200000000000001066, 5.500000000000001776, 0.5321572875253787194 ) ) ;
#4697 = EDGE_CURVE ( 'NONE', #445, #3399, #10514, .T. ) ;
#4698 = ADVANCED_FACE ( 'NONE', ( #2984 ), #10460, .F. ) ;
#4699 = VECTOR ( 'NONE', #10287, 1000.000000000000000 ) ;
#4700 = ORIENTED_EDGE ( 'NONE', *, *, #4575, .F. ) ;
#4701 = CARTESIAN_POINT ( 'NONE',  ( -5.800000000000000711, 5.699999999999999289, 2.250000000000000000 ) ) ;
#4702 = ORIENTED_EDGE ( 'NONE', *, *, #4311, .F. ) ;
#4703 = ORIENTED_EDGE ( 'NONE', *, *, #4684, .F. ) ;
#4704 = EDGE_CURVE ( 'NONE', #5578, #7117, #2159, .T. ) ;
#4705 = CARTESIAN_POINT ( 'NONE',  ( 6.200000000000001066, 5.400000000000001243, 1.282157287525380829 ) ) ;
#4706 = DIRECTION ( 'NONE',  ( 0.000000000000000000, 1.084202172485505223E-15, -1.000000000000000000 ) ) ;
#4707 = FACE_OUTER_BOUND ( 'NONE', #5318, .T. ) ;
#4708 = CARTESIAN_POINT ( 'NONE',  ( -1.750000000000107470, 0.6000000000000000888, 2.399999999999958167 ) ) ;
#4709 = DIRECTION ( 'NONE',  ( 0.000000000000000000, -2.759533940951747445E-15, -1.000000000000000000 ) ) ;
#4710 = ORIENTED_EDGE ( 'NONE', *, *, #2555, .T. ) ;
#4711 = DIRECTION ( 'NONE',  ( 6.195440985631441512E-16, -1.000000000000000000, 0.000000000000000000 ) ) ;
#4712 = ORIENTED_EDGE ( 'NONE', *, *, #1061, .F. ) ;
#4713 = CARTESIAN_POINT ( 'NONE',  ( 2.249999999999892530, 0.2000000000000000111, 2.399999999999986144 ) ) ;
#4714 = CARTESIAN_POINT ( 'NONE',  ( -5.538795489478058443, 1.867700205982609774, -5.188795489478062350 ) ) ;
#4715 = VERTEX_POINT ( 'NONE', #6179 ) ;
#4716 = DIRECTION ( 'NONE',  ( 0.000000000000000000, -0.000000000000000000, -1.000000000000000000 ) ) ;
#4717 = ADVANCED_FACE ( 'NONE', ( #9526 ), #2876, .F. ) ;
#4718 = DIRECTION ( 'NONE',  ( 0.000000000000000000, 1.591489427501657650E-16, -1.000000000000000000 ) ) ;
#4719 = CARTESIAN_POINT ( 'NONE',  ( 2.250000000000000444, 2.649999999999999911, 0.7999999999999994893 ) ) ;
#4720 = CARTESIAN_POINT ( 'NONE',  ( -3.400000000000000355, 4.850000000000000533, -3.200000000000000178 ) ) ;
#4721 = ORIENTED_EDGE ( 'NONE', *, *, #1819, .F. ) ;
#4722 = CARTESIAN_POINT ( 'NONE',  ( -6.799999999999998046, 2.400000000000000355, 1.999999999999999556 ) ) ;
#4723 = VERTEX_POINT ( 'NONE', #1217 ) ;
#4724 = PLANE ( 'NONE',  #526 ) ;
#4725 = ORIENTED_EDGE ( 'NONE', *, *, #8837, .F. ) ;
#4726 = CARTESIAN_POINT ( 'NONE',  ( 0.000000000000000000, 0.000000000000000000, 0.000000000000000000 ) ) ;
#4728 = ORIENTED_EDGE ( 'NONE', *, *, #1468, .F. ) ;
#4727 = VECTOR ( 'NONE', #6200, 1000.000000000000000 ) ;
#4729 =( NAMED_UNIT ( * ) PLANE_ANGLE_UNIT ( ) SI_UNIT ( $, .RADIAN. ) );
#4730 = EDGE_CURVE ( 'NONE', #3845, #9744, #4580, .T. ) ;
#4731 = CARTESIAN_POINT ( 'NONE',  ( 5.200000000000000178, 4.800000000000000711, 0.7999999999999994893 ) ) ;
#4732 = ORIENTED_EDGE ( 'NONE', *, *, #4438, .F. ) ;
#4733 = STYLED_ITEM ( 'NONE', ( #5610 ), #1876 ) ;
#4734 = ORIENTED_EDGE ( 'NONE', *, *, #2889, .T. ) ;
#4735 = LINE ( 'NONE', #10787, #5558 ) ;
#4736 = EDGE_CURVE ( 'NONE', #8800, #8883, #2099, .T. ) ;
#4737 = ORIENTED_EDGE ( 'NONE', *, *, #10499, .F. ) ;
#4738 = AXIS2_PLACEMENT_3D ( 'NONE', #794, #892, #2593 ) ;
#4739 = LINE ( 'NONE', #2318, #3408 ) ;
#4740 = DIRECTION ( 'NONE',  ( 0.000000000000000000, 0.000000000000000000, -1.000000000000000000 ) ) ;
#4741 = EDGE_LOOP ( 'NONE', ( #1920, #7895, #3414, #2517 ) ) ;
#4742 = VECTOR ( 'NONE', #1176, 1000.000000000000114 ) ;
#4743 = VERTEX_POINT ( 'NONE', #3924 ) ;
#4744 = ORIENTED_EDGE ( 'NONE', *, *, #9529, .F. ) ;
#4745 = VECTOR ( 'NONE', #3290, 1000.000000000000000 ) ;
#4746 = CARTESIAN_POINT ( 'NONE',  ( -2.250000000000107025, 0.6000000000000000888, 2.400000000000000355 ) ) ;
#4747 = FACE_OUTER_BOUND ( 'NONE', #5531, .T. ) ;
#4748 = CARTESIAN_POINT ( 'NONE',  ( -3.399999999999999467, 5.700000000000004619, 2.250000000000000000 ) ) ;
#4749 = CARTESIAN_POINT ( 'NONE',  ( 3.749999999999892530, 0.000000000000000000, 5.000000000000000000 ) ) ;
#4750 = VECTOR ( 'NONE', #2399, 1000.000000000000114 ) ;
#4751 = LINE ( 'NONE', #10692, #8198 ) ;
#4752 = DIRECTION ( 'NONE',  ( 0.000000000000000000, 0.000000000000000000, -1.000000000000000000 ) ) ;
#4753 = VERTEX_POINT ( 'NONE', #726 ) ;
#4754 = AXIS2_PLACEMENT_3D ( 'NONE', #10246, #4310, #179 ) ;
#4755 = CARTESIAN_POINT ( 'NONE',  ( -5.800000000000000711, 5.500000000000001776, 0.5321572875253787194 ) ) ;
#4756 = EDGE_LOOP ( 'NONE', ( #4906, #2613, #8766, #9340 ) ) ;
#4757 = EDGE_LOOP ( 'NONE', ( #909, #6545, #5545, #7960 ) ) ;
#4758 = PLANE ( 'NONE',  #2617 ) ;
#4759 = EDGE_CURVE ( 'NONE', #8444, #6337, #9916, .T. ) ;
#4760 = ADVANCED_FACE ( 'NONE', ( #8975 ), #10634, .F. ) ;
#4761 = PLANE ( 'NONE',  #9154 ) ;
#4762 = ADVANCED_FACE ( 'NONE', ( #6460 ), #10795, .F. ) ;
#4763 = DIRECTION ( 'NONE',  ( -1.000000000000000000, -0.000000000000000000, 0.000000000000000000 ) ) ;
#4764 = FACE_OUTER_BOUND ( 'NONE', #10511, .T. ) ;
#4765 = VECTOR ( 'NONE', #1813, 1000.000000000000000 ) ;
#4766 = ORIENTED_EDGE ( 'NONE', *, *, #9246, .T. ) ;
#4767 = CARTESIAN_POINT ( 'NONE',  ( -6.054999999999998828, 1.999896230895142013, -5.000000000000000000 ) ) ;
#4768 = ORIENTED_EDGE ( 'NONE', *, *, #7112, .T. ) ;
#4769 = DIRECTION ( 'NONE',  ( -1.000000000000000000, -8.627481473925044946E-32, 5.421010862427521184E-16 ) ) ;
#4770 = VECTOR ( 'NONE', #674, 1000.000000000000000 ) ;
#4771 = VECTOR ( 'NONE', #7196, 1000.000000000000000 ) ;
#4772 = DIRECTION ( 'NONE',  ( 6.273081875717610616E-17, 0.000000000000000000, 1.000000000000000000 ) ) ;
#4773 = ORIENTED_EDGE ( 'NONE', *, *, #6005, .T. ) ;
#4774 = ADVANCED_FACE ( 'NONE', ( #9031 ), #9863, .T. ) ;
#4775 = CARTESIAN_POINT ( 'NONE',  ( -0.6250000000000001110, 5.000000000000000000, -2.200000000000000178 ) ) ;
#4776 = DIRECTION ( 'NONE',  ( -1.000000000000000000, 0.000000000000000000, 0.000000000000000000 ) ) ;
#4777 = DIRECTION ( 'NONE',  ( 1.000000000000000000, -0.000000000000000000, -0.000000000000000000 ) ) ;
#4778 = DIRECTION ( 'NONE',  ( -1.000000000000000000, -0.000000000000000000, -0.000000000000000000 ) ) ;
#4779 = AXIS2_PLACEMENT_3D ( 'NONE', #6686, #8480, #7552 ) ;
#4780 = ORIENTED_EDGE ( 'NONE', *, *, #5359, .F. ) ;
#4781 = CARTESIAN_POINT ( 'NONE',  ( -4.125282473150414297, 2.274717526849586502, -3.031080120897855945 ) ) ;
#4782 = EDGE_CURVE ( 'NONE', #3132, #10726, #4082, .T. ) ;
#4783 = ORIENTED_EDGE ( 'NONE', *, *, #4863, .T. ) ;
#4784 =( LENGTH_UNIT ( ) NAMED_UNIT ( * ) SI_UNIT ( .MILLI., .METRE. ) );
#4785 = CARTESIAN_POINT ( 'NONE',  ( -5.349999999999999645, 0.000000000000000000, -5.000000000000000000 ) ) ;
#4786 = VERTEX_POINT ( 'NONE', #3210 ) ;
#4787 = AXIS2_PLACEMENT_3D ( 'NONE', #10029, #839, #2705 ) ;
#4788 = LINE ( 'NONE', #2365, #30 ) ;
#4789 = VECTOR ( 'NONE', #6130, 1000.000000000000000 ) ;
#4790 = EDGE_CURVE ( 'NONE', #9840, #10573, #2327, .T. ) ;
#4791 = ORIENTED_EDGE ( 'NONE', *, *, #10630, .T. ) ;
#4792 = FILL_AREA_STYLE ('',( #3962 ) ) ;
#4793 = CARTESIAN_POINT ( 'NONE',  ( -5.600000000000001421, 5.699999999999999289, 2.250000000000000000 ) ) ;
#4794 = VERTEX_POINT ( 'NONE', #6612 ) ;
#4795 = ORIENTED_EDGE ( 'NONE', *, *, #9445, .F. ) ;
#4796 = DIRECTION ( 'NONE',  ( 0.000000000000000000, 1.414176746720223153E-16, -1.000000000000000000 ) ) ;
#4797 = AXIS2_PLACEMENT_3D ( 'NONE', #5289, #10295, #6993 ) ;
#4798 = VECTOR ( 'NONE', #5274, 1000.000000000000000 ) ;
#4799 = VERTEX_POINT ( 'NONE', #5690 ) ;
#4800 = LINE ( 'NONE', #10627, #424 ) ;
#4801 = CARTESIAN_POINT ( 'NONE',  ( 5.900000000000000355, 4.629138561470611535, -1.700000000000000178 ) ) ;
#4802 = ORIENTED_EDGE ( 'NONE', *, *, #1360, .F. ) ;
#4803 = ORIENTED_EDGE ( 'NONE', *, *, #9653, .F. ) ;
#4804 = VECTOR ( 'NONE', #3014, 1000.000000000000000 ) ;
#4805 = ORIENTED_EDGE ( 'NONE', *, *, #6995, .T. ) ;
#4806 = CARTESIAN_POINT ( 'NONE',  ( 7.000000000000000000, 3.850000000000000533, -3.200000000000000178 ) ) ;
#4807 = LINE ( 'NONE', #4865, #1620 ) ;
#4808 = LINE ( 'NONE', #2268, #4422 ) ;
#4809 = CARTESIAN_POINT ( 'NONE',  ( 5.200000000000000178, 0.9000000000000004663, -4.849999999999997868 ) ) ;
#4810 = CARTESIAN_POINT ( 'NONE',  ( -6.007179676972450366, -2.863989636192956765E-16, 0.9134769367380000116 ) ) ;
#4811 = DIRECTION ( 'NONE',  ( 0.000000000000000000, -1.224646799147353454E-16, 1.000000000000000000 ) ) ;
#4812 = LINE ( 'NONE', #1392, #7220 ) ;
#4813 = ORIENTED_EDGE ( 'NONE', *, *, #10319, .F. ) ;
#4814 = ORIENTED_EDGE ( 'NONE', *, *, #5433, .F. ) ;
#4815 = CARTESIAN_POINT ( 'NONE',  ( -5.900000000000000355, 0.000000000000000000, 0.000000000000000000 ) ) ;
#4816 = DIRECTION ( 'NONE',  ( -1.000000000000000000, -0.000000000000000000, -0.000000000000000000 ) ) ;
#4817 =( BOUNDED_CURVE ( )  B_SPLINE_CURVE ( 3, ( #9780, #2244, #8890, #6048 ),
 .UNSPECIFIED., .F., .T. ) 
 B_SPLINE_CURVE_WITH_KNOTS ( ( 4, 4 ),
 ( 4.712388980384689674, 6.283185307179585344 ),
 .UNSPECIFIED. ) 
 CURVE ( )  GEOMETRIC_REPRESENTATION_ITEM ( )  RATIONAL_B_SPLINE_CURVE ( ( 1.000000000000000000, 0.8047378541243649375, 0.8047378541243649375, 1.000000000000000000 ) ) 
 REPRESENTATION_ITEM ( '' )  );
#4818 = FACE_OUTER_BOUND ( 'NONE', #10491, .T. ) ;
#4819 = EDGE_CURVE ( 'NONE', #7992, #8370, #1382, .T. ) ;
#4820 = CARTESIAN_POINT ( 'NONE',  ( 7.000000000000000000, 1.999896230895142013, -5.000000000000000000 ) ) ;
#4821 = LINE ( 'NONE', #2392, #7982 ) ;
#4822 = ORIENTED_EDGE ( 'NONE', *, *, #6701, .T. ) ;
#4823 = FACE_OUTER_BOUND ( 'NONE', #1366, .T. ) ;
#4824 = EDGE_CURVE ( 'NONE', #8062, #9143, #506, .T. ) ;
#4825 = ORIENTED_EDGE ( 'NONE', *, *, #6547, .F. ) ;
#4826 = DIRECTION ( 'NONE',  ( 0.000000000000000000, 0.000000000000000000, -1.000000000000000000 ) ) ;
#4827 = VECTOR ( 'NONE', #8550, 1000.000000000000000 ) ;
#4828 = DIRECTION ( 'NONE',  ( 0.000000000000000000, 0.000000000000000000, 1.000000000000000000 ) ) ;
#4829 = ORIENTED_EDGE ( 'NONE', *, *, #3021, .T. ) ;
#4830 = CARTESIAN_POINT ( 'NONE',  ( -1.999999999999999112, 4.400000000000001243, -3.049999999999997602 ) ) ;
#4831 = CARTESIAN_POINT ( 'NONE',  ( -4.000000000000000000, 2.259191070279860103, -2.300000000000000266 ) ) ;
#4832 = CARTESIAN_POINT ( 'NONE',  ( 5.800000000000000711, 3.400000000000000355, 1.999999999999999556 ) ) ;
#4833 = PLANE ( 'NONE',  #4439 ) ;
#4834 = VERTEX_POINT ( 'NONE', #10743 ) ;
#4835 = CARTESIAN_POINT ( 'NONE',  ( -6.305000000000000604, 0.000000000000000000, 0.000000000000000000 ) ) ;
#4836 = AXIS2_PLACEMENT_3D ( 'NONE', #3820, #1180, #5412 ) ;
#4837 = EDGE_CURVE ( 'NONE', #7227, #3505, #7073, .T. ) ;
#4838 = VERTEX_POINT ( 'NONE', #9750 ) ;
#4839 = ADVANCED_FACE ( 'NONE', ( #10689 ), #627, .F. ) ;
#4841 = EDGE_CURVE ( 'NONE', #6597, #4577, #3979, .T. ) ;
#4840 = CARTESIAN_POINT ( 'NONE',  ( 6.305000000000000604, 2.750000000000000444, -3.600000000000000533 ) ) ;
#4842 = EDGE_CURVE ( 'NONE', #10384, #1622, #5570, .T. ) ;
#4843 = ADVANCED_FACE ( 'NONE', ( #4747 ), #206, .T. ) ;
#4844 = ORIENTED_EDGE ( 'NONE', *, *, #450, .T. ) ;
#4845 = DIRECTION ( 'NONE',  ( 0.000000000000000000, -1.000000000000000000, 0.000000000000000000 ) ) ;
#4846 = ORIENTED_EDGE ( 'NONE', *, *, #4842, .T. ) ;
#4847 = EDGE_CURVE ( 'NONE', #987, #10323, #4807, .T. ) ;
#4848 = VECTOR ( 'NONE', #5362, 1000.000000000000000 ) ;
#4849 = LINE ( 'NONE', #4068, #5120 ) ;
#4850 = ORIENTED_EDGE ( 'NONE', *, *, #8111, .T. ) ;
#4851 = VERTEX_POINT ( 'NONE', #675 ) ;
#4852 = PLANE ( 'NONE',  #281 ) ;
#4853 = EDGE_CURVE ( 'NONE', #5681, #1622, #4912, .T. ) ;
#4854 = ORIENTED_EDGE ( 'NONE', *, *, #308, .T. ) ;
#4855 = DIRECTION ( 'NONE',  ( 0.000000000000000000, -1.000000000000000000, 0.000000000000000000 ) ) ;
#4856 = VECTOR ( 'NONE', #435, 1000.000000000000000 ) ;
#4857 = VECTOR ( 'NONE', #10410, 1000.000000000000000 ) ;
#4858 = PLANE ( 'NONE',  #7399 ) ;
#4859 = ORIENTED_EDGE ( 'NONE', *, *, #864, .F. ) ;
#4860 = VERTEX_POINT ( 'NONE', #8509 ) ;
#4861 = ORIENTED_EDGE ( 'NONE', *, *, #10877, .F. ) ;
#4862 = FACE_OUTER_BOUND ( 'NONE', #8268, .T. ) ;
#4863 = EDGE_CURVE ( 'NONE', #1826, #3831, #2579, .T. ) ;
#4864 = VECTOR ( 'NONE', #143, 1000.000000000000000 ) ;
#4865 = CARTESIAN_POINT ( 'NONE',  ( -0.2500000000000002220, 2.649999999999999911, -1.999999999999997335 ) ) ;
#4866 = LINE ( 'NONE', #10744, #2730 ) ;
#4867 = LINE ( 'NONE', #780, #1873 ) ;
#4868 = CARTESIAN_POINT ( 'NONE',  ( 3.749999999999892530, 0.2000000000000000111, 5.000000000000000888 ) ) ;
#4869 = FACE_OUTER_BOUND ( 'NONE', #85, .T. ) ;
#4870 = VERTEX_POINT ( 'NONE', #9232 ) ;
#4871 = VECTOR ( 'NONE', #6149, 1000.000000000000000 ) ;
#4872 = ADVANCED_FACE ( 'NONE', ( #10893 ), #9128, .F. ) ;
#4873 = ORIENTED_EDGE ( 'NONE', *, *, #8146, .F. ) ;
#4874 = CARTESIAN_POINT ( 'NONE',  ( 7.000000000000000000, 5.064999999999999503, 2.250000000000000444 ) ) ;
#4875 = ADVANCED_FACE ( 'NONE', ( #6812 ), #3361, .F. ) ;
#4876 = CARTESIAN_POINT ( 'NONE',  ( -1.750000000000107470, 0.6000000000000000888, 5.000000000000000000 ) ) ;
#4877 = PLANE ( 'NONE',  #5288 ) ;
#4878 =( LENGTH_UNIT ( ) NAMED_UNIT ( * ) SI_UNIT ( .MILLI., .METRE. ) );
#4879 = CIRCLE ( 'NONE', #1534, 0.2000000000000005107 ) ;
#4880 = CARTESIAN_POINT ( 'NONE',  ( 4.200000000000000178, 4.799999999999999822, 0.7999999999999994893 ) ) ;
#4881 = ORIENTED_EDGE ( 'NONE', *, *, #10180, .T. ) ;
#4882 = CARTESIAN_POINT ( 'NONE',  ( 0.2499999999998926692, 0.2000000000000000111, 2.400000000000000355 ) ) ;
#4883 = LINE ( 'NONE', #4051, #4231 ) ;
#4884 = DIRECTION ( 'NONE',  ( -0.6336872742246342227, -0.4437126062796644121, -0.6336872742246452139 ) ) ;
#4885 = ORIENTED_EDGE ( 'NONE', *, *, #2300, .T. ) ;
#4886 = DIRECTION ( 'NONE',  ( 0.5773502691896228445, -0.5773502691896238437, 0.5773502691896306160 ) ) ;
#4887 = DIRECTION ( 'NONE',  ( 0.000000000000000000, 0.000000000000000000, 1.000000000000000000 ) ) ;
#4888 = FACE_OUTER_BOUND ( 'NONE', #7127, .T. ) ;
#4889 = EDGE_LOOP ( 'NONE', ( #4540, #2142, #7710, #1183 ) ) ;
#4890 = DIRECTION ( 'NONE',  ( -0.3236155771181821184, -0.3236155771181821184, -0.8891264907159901476 ) ) ;
#4891 = ORIENTED_EDGE ( 'NONE', *, *, #8605, .F. ) ;
#4892 = SURFACE_STYLE_FILL_AREA ( #5717 ) ;
#4893 = CARTESIAN_POINT ( 'NONE',  ( -5.800000000000000711, 5.470710678118654968, 1.647132034355962338 ) ) ;
#4894 = ORIENTED_EDGE ( 'NONE', *, *, #10815, .T. ) ;
#4895 = CARTESIAN_POINT ( 'NONE',  ( -2.999999999999999112, 0.000000000000000000, -4.100000000000003197 ) ) ;
#4896 = CARTESIAN_POINT ( 'NONE',  ( -3.850000000000000089, 4.850000000000000533, 2.250000000000000444 ) ) ;
#4897 = EDGE_CURVE ( 'NONE', #115, #2202, #828, .T. ) ;
#4898 = PRESENTATION_LAYER_ASSIGNMENT (  '', '', ( #6996 ) ) ;
#4899 = EDGE_CURVE ( 'NONE', #2044, #881, #7260, .T. ) ;
#4900 = ADVANCED_FACE ( 'NONE', ( #4967 ), #777, .F. ) ;
#4901 = EDGE_LOOP ( 'NONE', ( #821, #3322, #1133, #1951, #9747, #5220, #3199, #8796, #6608, #8096, #5205, #5609, #10164, #2031, #1010, #784, #9472, #2981 ) ) ;
#4902 = DIRECTION ( 'NONE',  ( -0.7071067811865515695, 0.000000000000000000, 0.7071067811865434649 ) ) ;
#4903 = EDGE_LOOP ( 'NONE', ( #3613, #5187, #3499, #7653 ) ) ;
#4904 = DIRECTION ( 'NONE',  ( 1.000000000000000000, -0.000000000000000000, -0.000000000000000000 ) ) ;
#4905 = CARTESIAN_POINT ( 'NONE',  ( -4.250000000000106581, 0.6000000000000000888, 2.399999999999944400 ) ) ;
#4906 = ORIENTED_EDGE ( 'NONE', *, *, #1583, .T. ) ;
#4907 = UNCERTAINTY_MEASURE_WITH_UNIT (LENGTH_MEASURE( 1.000000000000000082E-05 ), #4878, 'distance_accuracy_value', 'NONE');
#4908 = VERTEX_POINT ( 'NONE', #5944 ) ;
#4909 = STYLED_ITEM ( 'NONE', ( #5822 ), #1931 ) ;
#4910 = ORIENTED_EDGE ( 'NONE', *, *, #9004, .T. ) ;
#4911 = DIRECTION ( 'NONE',  ( 0.000000000000000000, 0.9396926207859095381, -0.3420201433256658263 ) ) ;
#4912 = LINE ( 'NONE', #8250, #10773 ) ;
#4913 = VECTOR ( 'NONE', #7016, 1000.000000000000000 ) ;
#4914 = SURFACE_STYLE_FILL_AREA ( #9917 ) ;
#4915 = CARTESIAN_POINT ( 'NONE',  ( -7.000000000000000000, 1.300000000000000266, 3.899999999999999911 ) ) ;
#4916 = FILL_AREA_STYLE ('',( #1554 ) ) ;
#4917 = EDGE_CURVE ( 'NONE', #4567, #3206, #932, .T. ) ;
#4918 = VECTOR ( 'NONE', #2993, 1000.000000000000000 ) ;
#4919 = CARTESIAN_POINT ( 'NONE',  ( 0.000000000000000000, 4.400000000000000355, 0.000000000000000000 ) ) ;
#4920 = VERTEX_POINT ( 'NONE', #10844 ) ;
#4921 = VECTOR ( 'NONE', #10583, 1000.000000000000000 ) ;
#4922 = ORIENTED_EDGE ( 'NONE', *, *, #3030, .T. ) ;
#4923 = LINE ( 'NONE', #3420, #747 ) ;
#4924 = AXIS2_PLACEMENT_3D ( 'NONE', #6738, #6632, #3485 ) ;
#4925 = DIRECTION ( 'NONE',  ( 1.000000000000000000, 0.000000000000000000, -0.000000000000000000 ) ) ;
#4926 = CARTESIAN_POINT ( 'NONE',  ( 6.200000000000001066, 5.470710678118654968, 1.647132034355962338 ) ) ;
#4927 = SURFACE_SIDE_STYLE ('',( #8994 ) ) ;
#4928 = MECHANICAL_DESIGN_GEOMETRIC_PRESENTATION_REPRESENTATION (  '', ( #3506 ), #2456 ) ;
#4929 = CARTESIAN_POINT ( 'NONE',  ( -4.645601145016814648, 0.1378977443957998816, -4.936268968252671918 ) ) ;
#4930 = EDGE_CURVE ( 'NONE', #4339, #7992, #8352, .T. ) ;
#4931 = ORIENTED_EDGE ( 'NONE', *, *, #3280, .F. ) ;
#4932 = DIRECTION ( 'NONE',  ( 0.000000000000000000, 0.000000000000000000, 1.000000000000000000 ) ) ;
#4933 = ADVANCED_FACE ( 'NONE', ( #1603 ), #4182, .F. ) ;
#4934 = VECTOR ( 'NONE', #929, 1000.000000000000000 ) ;
#4935 = DIRECTION ( 'NONE',  ( 0.000000000000000000, 0.5646839155919902709, -0.8253072612498317806 ) ) ;
#4936 = LINE ( 'NONE', #2240, #8061 ) ;
#4938 = VERTEX_POINT ( 'NONE', #4293 ) ;
#4937 = VECTOR ( 'NONE', #9362, 1000.000000000000000 ) ;
#4939 = LINE ( 'NONE', #8275, #23 ) ;
#4940 = CARTESIAN_POINT ( 'NONE',  ( 3.399999999999999911, 5.699999999999999289, -3.200000000000000178 ) ) ;
#4941 = DIRECTION ( 'NONE',  ( 0.000000000000000000, 0.000000000000000000, 1.000000000000000000 ) ) ;
#4942 = ORIENTED_EDGE ( 'NONE', *, *, #2671, .T. ) ;
#4943 = DIRECTION ( 'NONE',  ( -1.000000000000000000, 0.000000000000000000, 0.000000000000000000 ) ) ;
#4944 = ORIENTED_EDGE ( 'NONE', *, *, #2945, .T. ) ;
#4945 = CIRCLE ( 'NONE', #7550, 0.1000000000000006994 ) ;
#4946 = DIRECTION ( 'NONE',  ( 0.000000000000000000, 0.000000000000000000, 1.000000000000000000 ) ) ;
#4947 = ORIENTED_EDGE ( 'NONE', *, *, #7351, .T. ) ;
#4948 = PLANE ( 'NONE',  #1206 ) ;
#4949 = AXIS2_PLACEMENT_3D ( 'NONE', #1513, #5699, #584 ) ;
#4950 = DIRECTION ( 'NONE',  ( 0.000000000000000000, -1.000000000000000000, 0.000000000000000000 ) ) ;
#4951 = STYLED_ITEM ( 'NONE', ( #1959 ), #2098 ) ;
#4952 = EDGE_CURVE ( 'NONE', #774, #6157, #8466, .T. ) ;
#4953 = ORIENTED_EDGE ( 'NONE', *, *, #235, .F. ) ;
#4954 = CARTESIAN_POINT ( 'NONE',  ( -0.2500000000000002220, 2.649999999999999911, 0.7999999999999994893 ) ) ;
#4955 = ORIENTED_EDGE ( 'NONE', *, *, #3251, .F. ) ;
#4956 = FACE_OUTER_BOUND ( 'NONE', #4377, .T. ) ;
#4957 = AXIS2_PLACEMENT_3D ( 'NONE', #3843, #10556, #5437 ) ;
#4958 = EDGE_CURVE ( 'NONE', #3999, #7101, #156, .T. ) ;
#4959 = VECTOR ( 'NONE', #2514, 1000.000000000000000 ) ;
#4960 = DIRECTION ( 'NONE',  ( -1.591489427501657896E-16, -0.000000000000000000, -1.000000000000000000 ) ) ;
#4961 = EDGE_CURVE ( 'NONE', #5783, #5512, #10015, .T. ) ;
#4962 = ORIENTED_EDGE ( 'NONE', *, *, #9882, .T. ) ;
#4963 = ORIENTED_EDGE ( 'NONE', *, *, #2087, .T. ) ;
#4964 = ORIENTED_EDGE ( 'NONE', *, *, #1925, .T. ) ;
#4965 = DIRECTION ( 'NONE',  ( -0.000000000000000000, -1.000000000000000000, -0.000000000000000000 ) ) ;
#4966 = VECTOR ( 'NONE', #8915, 1000.000000000000000 ) ;
#4967 = FACE_OUTER_BOUND ( 'NONE', #7627, .T. ) ;
#4968 = VECTOR ( 'NONE', #9355, 1000.000000000000000 ) ;
#4969 = DIRECTION ( 'NONE',  ( 0.000000000000000000, 1.000000000000000000, 0.000000000000000000 ) ) ;
#4970 = CARTESIAN_POINT ( 'NONE',  ( 6.200000000000001066, 5.470710678118654968, 0.8971320343559628929 ) ) ;
#4971 = CARTESIAN_POINT ( 'NONE',  ( 7.000000000000000000, 0.000000000000000000, -3.600000000000000089 ) ) ;
#4972 = EDGE_CURVE ( 'NONE', #7370, #1045, #5843, .T. ) ;
#4973 = VERTEX_POINT ( 'NONE', #7682 ) ;
#4974 = ADVANCED_FACE ( 'NONE', ( #5060 ), #8404, .F. ) ;
#4975 = VECTOR ( 'NONE', #7411, 1000.000000000000000 ) ;
#4976 = ORIENTED_EDGE ( 'NONE', *, *, #10671, .F. ) ;
#4977 = CARTESIAN_POINT ( 'NONE',  ( 0.6250000000000001110, 5.000000000000000000, -0.9499999999999998446 ) ) ;
#4978 = EDGE_CURVE ( 'NONE', #4518, #4920, #5999, .T. ) ;
#4979 = PLANE ( 'NONE',  #2377 ) ;
#4980 = FACE_OUTER_BOUND ( 'NONE', #9010, .T. ) ;
#4981 = CARTESIAN_POINT ( 'NONE',  ( -6.200000000000001066, 5.500000000000000888, 3.725000000000000533 ) ) ;
#4982 = ORIENTED_EDGE ( 'NONE', *, *, #10256, .F. ) ;
#4983 = DIRECTION ( 'NONE',  ( 0.000000000000000000, -0.000000000000000000, -1.000000000000000000 ) ) ;
#4984 = CARTESIAN_POINT ( 'NONE',  ( 5.900000000000000355, 0.4000000000000000222, 1.099999999999999867 ) ) ;
#4985 = CARTESIAN_POINT ( 'NONE',  ( -4.535053851276745540, 0.9000000000000005773, -4.849999999999997868 ) ) ;
#4986 = VERTEX_POINT ( 'NONE', #4345 ) ;
#4987 = LINE ( 'NONE', #2354, #5290 ) ;
#4988 = LINE ( 'NONE', #8276, #2644 ) ;
#4989 = EDGE_CURVE ( 'NONE', #9319, #3999, #5788, .T. ) ;
#4990 = FACE_OUTER_BOUND ( 'NONE', #7197, .T. ) ;
#4991 = EDGE_LOOP ( 'NONE', ( #2191, #8957, #5612, #3229 ) ) ;
#4992 = PLANE ( 'NONE',  #3117 ) ;
#4993 = ORIENTED_EDGE ( 'NONE', *, *, #5137, .F. ) ;
#4994 = PRESENTATION_STYLE_ASSIGNMENT (( #8226 ) ) ;
#4995 = AXIS2_PLACEMENT_3D ( 'NONE', #4019, #10736, #5618 ) ;
#4996 = DIRECTION ( 'NONE',  ( -3.097404447261387512E-16, -0.3713906763541029443, 0.9284766908852596368 ) ) ;
#4997 = ORIENTED_EDGE ( 'NONE', *, *, #10463, .T. ) ;
#4998 = FILL_AREA_STYLE ('',( #9950 ) ) ;
#4999 = DIRECTION ( 'NONE',  ( 0.000000000000000000, 0.000000000000000000, -1.000000000000000000 ) ) ;
#5000 = AXIS2_PLACEMENT_3D ( 'NONE', #4227, #2520, #9223 ) ;
#5001 = EDGE_LOOP ( 'NONE', ( #1341, #3897, #8495, #4673 ) ) ;
#5002 = CARTESIAN_POINT ( 'NONE',  ( 4.813738452679912072, 0.000000000000000000, -4.619470502245158094 ) ) ;
#5003 = ORIENTED_EDGE ( 'NONE', *, *, #2342, .T. ) ;
#5004 = DIRECTION ( 'NONE',  ( 0.000000000000000000, 0.000000000000000000, -1.000000000000000000 ) ) ;
#5005 = DIRECTION ( 'NONE',  ( 0.000000000000000000, -0.7071067811865565655, -0.7071067811865384689 ) ) ;
#5006 = ORIENTED_EDGE ( 'NONE', *, *, #10580, .T. ) ;
#5007 = AXIS2_PLACEMENT_3D ( 'NONE', #5641, #7291, #3058 ) ;
#5008 = EDGE_LOOP ( 'NONE', ( #8024, #8180, #6963, #1030 ) ) ;
#5009 = CARTESIAN_POINT ( 'NONE',  ( 5.800000000000000711, 5.499999999999998224, 0.000000000000000000 ) ) ;
#5010 = DIRECTION ( 'NONE',  ( 0.000000000000000000, 0.000000000000000000, -1.000000000000000000 ) ) ;
#5011 = CARTESIAN_POINT ( 'NONE',  ( -1.999999999999998668, 3.699999999999999734, 0.7999999999999994893 ) ) ;
#5012 = DIRECTION ( 'NONE',  ( -0.000000000000000000, -0.000000000000000000, -1.000000000000000000 ) ) ;
#5013 = CARTESIAN_POINT ( 'NONE',  ( 7.000000000000000000, 1.300000000000000266, 3.899999999999999911 ) ) ;
#5014 = ORIENTED_EDGE ( 'NONE', *, *, #4337, .F. ) ;
#5015 = DIRECTION ( 'NONE',  ( 0.000000000000000000, 0.000000000000000000, 1.000000000000000000 ) ) ;
#5016 = CARTESIAN_POINT ( 'NONE',  ( 1.999999999999998668, 3.699999999999999734, -3.049999999999997602 ) ) ;
#5017 = CARTESIAN_POINT ( 'NONE',  ( -6.304999999999998828, 4.629138561470611535, 1.099999999999999645 ) ) ;
#5018 = ORIENTED_EDGE ( 'NONE', *, *, #10240, .F. ) ;
#5019 = ORIENTED_EDGE ( 'NONE', *, *, #8641, .T. ) ;
#5020 = CARTESIAN_POINT ( 'NONE',  ( 6.200000000000001066, 5.325000000000001954, 3.725000000000000533 ) ) ;
#5022 = EDGE_CURVE ( 'NONE', #10078, #2202, #2186, .T. ) ;
#5021 = DIRECTION ( 'NONE',  ( 0.000000000000000000, 0.7071067811865495711, 0.7071067811865455743 ) ) ;
#5023 = LINE ( 'NONE', #5071, #7921 ) ;
#5024 = EDGE_CURVE ( 'NONE', #8477, #361, #6983, .T. ) ;
#5025 = EDGE_CURVE ( 'NONE', #10415, #817, #1153, .T. ) ;
#5026 = CARTESIAN_POINT ( 'NONE',  ( 5.800000000000000711, 4.939999999999999503, 2.049999999999999822 ) ) ;
#5027 = AXIS2_PLACEMENT_3D ( 'NONE', #3250, #9069, #9739 ) ;
#5028 = ORIENTED_EDGE ( 'NONE', *, *, #3681, .F. ) ;
#5029 = CARTESIAN_POINT ( 'NONE',  ( 6.200000000000001066, 5.500000000000000888, 3.725000000000000533 ) ) ;
#5030 = DIRECTION ( 'NONE',  ( 0.000000000000000000, 1.000000000000000000, 3.097720492815727166E-16 ) ) ;
#5031 = ORIENTED_EDGE ( 'NONE', *, *, #1599, .T. ) ;
#5032 = DIRECTION ( 'NONE',  ( 0.000000000000000000, -1.000000000000000000, -0.000000000000000000 ) ) ;
#5033 = ORIENTED_EDGE ( 'NONE', *, *, #797, .T. ) ;
#5034 = CARTESIAN_POINT ( 'NONE',  ( 6.200000000000001066, 5.425000000000000711, 2.049999999999999822 ) ) ;
#5035 = VECTOR ( 'NONE', #4943, 1000.000000000000000 ) ;
#5036 = CARTESIAN_POINT ( 'NONE',  ( -4.250000000000000000, 2.149999999999999467, -1.999999999999997335 ) ) ;
#5037 = CARTESIAN_POINT ( 'NONE',  ( 7.000000000000000000, 0.2000000000000000111, 3.899999999999999911 ) ) ;
#5038 = ORIENTED_EDGE ( 'NONE', *, *, #256, .T. ) ;
#5039 = VERTEX_POINT ( 'NONE', #9398 ) ;
#5040 = CARTESIAN_POINT ( 'NONE',  ( -3.750000000000000000, 2.149999999999999467, -1.999999999999997335 ) ) ;
#5041 = ADVANCED_FACE ( 'NONE', ( #8946 ), #2749, .F. ) ;
#5042 = EDGE_CURVE ( 'NONE', #10712, #8129, #10336, .T. ) ;
#5043 = DIRECTION ( 'NONE',  ( -0.000000000000000000, -0.000000000000000000, 1.000000000000000000 ) ) ;
#5044 = ORIENTED_EDGE ( 'NONE', *, *, #4553, .F. ) ;
#5045 = DIRECTION ( 'NONE',  ( -1.239088197126290669E-15, 0.000000000000000000, 1.000000000000000000 ) ) ;
#5046 = LINE ( 'NONE', #9999, #2634 ) ;
#5047 = ADVANCED_FACE ( 'NONE', ( #5221 ), #9510, .F. ) ;
#5048 = VERTEX_POINT ( 'NONE', #10393 ) ;
#5049 = DIRECTION ( 'NONE',  ( 0.000000000000000000, 1.000000000000000000, 0.000000000000000000 ) ) ;
#5050 = ORIENTED_EDGE ( 'NONE', *, *, #9349, .T. ) ;
#5051 = FACE_OUTER_BOUND ( 'NONE', #9793, .T. ) ;
#5052 = LINE ( 'NONE', #4228, #6694 ) ;
#5053 = EDGE_CURVE ( 'NONE', #7702, #7951, #4459, .T. ) ;
#5054 = EDGE_LOOP ( 'NONE', ( #1668, #7741, #3118, #1536 ) ) ;
#5055 = EDGE_LOOP ( 'NONE', ( #9308, #7888, #867, #8782 ) ) ;
#5056 = CARTESIAN_POINT ( 'NONE',  ( 6.305000000000000604, 0.4000000000000000222, 1.099999999999999867 ) ) ;
#5057 = CARTESIAN_POINT ( 'NONE',  ( 5.800000000000000711, 5.325000000000001954, 3.725000000000000533 ) ) ;
#5058 = CARTESIAN_POINT ( 'NONE',  ( 5.800000000000000711, 5.500000000000001776, 0.5321572875253787194 ) ) ;
#5059 = EDGE_CURVE ( 'NONE', #5511, #10384, #9722, .T. ) ;
#5060 = FACE_OUTER_BOUND ( 'NONE', #7537, .T. ) ;
#5061 = CARTESIAN_POINT ( 'NONE',  ( -6.200000000000001066, 5.300000000000000711, -1.499999999999999556 ) ) ;
#5062 = EDGE_CURVE ( 'NONE', #4021, #6772, #5335, .T. ) ;
#5063 = VERTEX_POINT ( 'NONE', #5542 ) ;
#5064 = DIRECTION ( 'NONE',  ( 0.000000000000000000, 0.000000000000000000, 1.000000000000000000 ) ) ;
#5065 = DIRECTION ( 'NONE',  ( 0.000000000000000000, 0.000000000000000000, -1.000000000000000000 ) ) ;
#5066 = VERTEX_POINT ( 'NONE', #8891 ) ;
#5067 = ORIENTED_EDGE ( 'NONE', *, *, #10198, .F. ) ;
#5068 = AXIS2_PLACEMENT_3D ( 'NONE', #1128, #5365, #9649 ) ;
#5069 = DIRECTION ( 'NONE',  ( 0.000000000000000000, 0.000000000000000000, 1.000000000000000000 ) ) ;
#5070 = CARTESIAN_POINT ( 'NONE',  ( 4.250000000000000000, 2.649999999999999911, -1.999999999999997335 ) ) ;
#5071 = CARTESIAN_POINT ( 'NONE',  ( 7.000000000000000000, 5.064999999999999503, 2.800000000000000266 ) ) ;
#5072 = LINE ( 'NONE', #5233, #805 ) ;
#5073 = AXIS2_PLACEMENT_3D ( 'NONE', #4330, #9216, #2676 ) ;
#5074 = DIRECTION ( 'NONE',  ( 0.000000000000000000, -1.000000000000000000, 0.000000000000000000 ) ) ;
#5075 = ORIENTED_EDGE ( 'NONE', *, *, #4640, .T. ) ;
#5076 = AXIS2_PLACEMENT_3D ( 'NONE', #9756, #8981, #2385 ) ;
#5077 = CARTESIAN_POINT ( 'NONE',  ( -4.050000000000002487, 2.750000000000009770, -3.200000000000000178 ) ) ;
#5078 = ADVANCED_FACE ( 'NONE', ( #6430 ), #7798, .T. ) ;
#5079 = CARTESIAN_POINT ( 'NONE',  ( 4.537690617561523254, 0.3041773469432229593, -4.855654563545466651 ) ) ;
#5080 = ORIENTED_EDGE ( 'NONE', *, *, #5766, .T. ) ;
#5081 = EDGE_CURVE ( 'NONE', #4039, #6562, #8684, .T. ) ;
#5082 = EDGE_CURVE ( 'NONE', #2812, #7329, #9710, .T. ) ;
#5083 = AXIS2_PLACEMENT_3D ( 'NONE', #5481, #9601, #10373 ) ;
#5084 = CARTESIAN_POINT ( 'NONE',  ( 7.000000000000000000, 1.300000000000000266, 3.699999999999999734 ) ) ;
#5085 = EDGE_LOOP ( 'NONE', ( #4601, #5392, #459, #10289, #2288, #9908, #10117, #647, #10329, #542, #7417, #8079, #2748, #8676, #9450, #112 ) ) ;
#5086 = PLANE ( 'NONE',  #3894 ) ;
#5087 = CARTESIAN_POINT ( 'NONE',  ( 0.000000000000000000, 2.259191070279860103, -2.300000000000000266 ) ) ;
#5088 = PRESENTATION_LAYER_ASSIGNMENT (  '', '', ( #3333 ) ) ;
#5089 = LINE ( 'NONE', #187, #6758 ) ;
#5090 = VERTEX_POINT ( 'NONE', #4720 ) ;
#5091 = CARTESIAN_POINT ( 'NONE',  ( 1.849999999999997424, 2.750000000000003997, -3.200000000000000178 ) ) ;
#5092 = VECTOR ( 'NONE', #1396, 1000.000000000000000 ) ;
#5093 = VERTEX_POINT ( 'NONE', #8625 ) ;
#5094 = DIRECTION ( 'NONE',  ( 0.000000000000000000, 0.000000000000000000, -1.000000000000000000 ) ) ;
#5095 = EDGE_CURVE ( 'NONE', #7117, #8570, #7740, .T. ) ;
#5096 = DIRECTION ( 'NONE',  ( -0.000000000000000000, 0.000000000000000000, 1.000000000000000000 ) ) ;
#5097 = ORIENTED_EDGE ( 'NONE', *, *, #5878, .F. ) ;
#5098 = DIRECTION ( 'NONE',  ( -1.000000000000000000, -0.000000000000000000, -3.336006684570783101E-16 ) ) ;
#5099 = LINE ( 'NONE', #10157, #3518 ) ;
#5100 = EDGE_CURVE ( 'NONE', #4973, #10078, #8121, .T. ) ;
#5101 = AXIS2_PLACEMENT_3D ( 'NONE', #1707, #9352, #4138 ) ;
#5102 = ORIENTED_EDGE ( 'NONE', *, *, #8642, .F. ) ;
#5103 = LINE ( 'NONE', #2466, #643 ) ;
#5104 = ORIENTED_EDGE ( 'NONE', *, *, #3587, .T. ) ;
#5105 = LINE ( 'NONE', #2572, #4827 ) ;
#5106 = PLANE ( 'NONE',  #6867 ) ;
#5107 = VERTEX_POINT ( 'NONE', #272 ) ;
#5108 = AXIS2_PLACEMENT_3D ( 'NONE', #5219, #5596, #2185 ) ;
#5109 = AXIS2_PLACEMENT_3D ( 'NONE', #3571, #2685, #6042 ) ;
#5110 = ORIENTED_EDGE ( 'NONE', *, *, #7919, .F. ) ;
#5111 = CARTESIAN_POINT ( 'NONE',  ( -0.6250000000000000000, 4.700000000000000178, -0.9499999999999998446 ) ) ;
#5112 = DIRECTION ( 'NONE',  ( 1.000000000000000000, -0.000000000000000000, -0.000000000000000000 ) ) ;
#5113 = DIRECTION ( 'NONE',  ( 0.000000000000000000, -1.591489427501657896E-16, 1.000000000000000000 ) ) ;
#5114 = CARTESIAN_POINT ( 'NONE',  ( -6.200000000000001066, 5.500000000000000888, 0.9678427124746179500 ) ) ;
#5115 = ADVANCED_FACE ( 'NONE', ( #9451 ), #4515, .F. ) ;
#5116 = CARTESIAN_POINT ( 'NONE',  ( 6.200000000000001066, 5.394289321881346133, 1.429289321881345387 ) ) ;
#5117 = VECTOR ( 'NONE', #8592, 1000.000000000000000 ) ;
#5118 = ORIENTED_EDGE ( 'NONE', *, *, #1542, .T. ) ;
#5119 = DIRECTION ( 'NONE',  ( 0.000000000000000000, -0.5646839155919901598, 0.8253072612498317806 ) ) ;
#5120 = VECTOR ( 'NONE', #9905, 1000.000000000000000 ) ;
#5121 = PLANE ( 'NONE',  #9487 ) ;
#5122 = EDGE_LOOP ( 'NONE', ( #5865, #6799, #9938, #6671 ) ) ;
#5123 = ORIENTED_EDGE ( 'NONE', *, *, #8175, .F. ) ;
#5124 = AXIS2_PLACEMENT_3D ( 'NONE', #1637, #6596, #4010 ) ;
#5125 = VECTOR ( 'NONE', #5470, 1000.000000000000000 ) ;
#5126 = DIRECTION ( 'NONE',  ( 0.000000000000000000, 0.4226182617407002740, 0.9063077870366496036 ) ) ;
#5127 = DIRECTION ( 'NONE',  ( -0.9063077870366488265, 0.000000000000000000, -0.4226182617407019393 ) ) ;
#5128 = FACE_OUTER_BOUND ( 'NONE', #7664, .T. ) ;
#5129 = FILL_AREA_STYLE ('',( #996 ) ) ;
#5130 = DIRECTION ( 'NONE',  ( 0.000000000000000000, 1.000000000000000000, -0.000000000000000000 ) ) ;
#5131 = VECTOR ( 'NONE', #8439, 1000.000000000000000 ) ;
#5132 = VERTEX_POINT ( 'NONE', #9781 ) ;
#5133 = PLANE ( 'NONE',  #4395 ) ;
#5134 = LINE ( 'NONE', #9471, #10699 ) ;
#5135 = ORIENTED_EDGE ( 'NONE', *, *, #10, .T. ) ;
#5136 = LINE ( 'NONE', #10144, #7380 ) ;
#5137 = EDGE_CURVE ( 'NONE', #4385, #3915, #2156, .T. ) ;
#5138 = EDGE_LOOP ( 'NONE', ( #601, #2511, #1354, #1634 ) ) ;
#5139 = DIRECTION ( 'NONE',  ( 0.000000000000000000, 0.000000000000000000, 1.000000000000000000 ) ) ;
#5140 = DIRECTION ( 'NONE',  ( -1.000000000000000000, 0.000000000000000000, 0.000000000000000000 ) ) ;
#5141 = PLANE ( 'NONE',  #9572 ) ;
#5142 = ADVANCED_FACE ( 'NONE', ( #10662 ), #2507, .F. ) ;
#5143 = ORIENTED_EDGE ( 'NONE', *, *, #9186, .F. ) ;
#5144 = SURFACE_STYLE_USAGE ( .BOTH. , #10049 ) ;
#5145 = VERTEX_POINT ( 'NONE', #3238 ) ;
#5146 = DIRECTION ( 'NONE',  ( -0.000000000000000000, -0.000000000000000000, -1.000000000000000000 ) ) ;
#5147 = LINE ( 'NONE', #2512, #5131 ) ;
#5148 = ORIENTED_EDGE ( 'NONE', *, *, #9060, .F. ) ;
#5149 = DIRECTION ( 'NONE',  ( -0.000000000000000000, 1.000000000000000000, 0.000000000000000000 ) ) ;
#5150 = CARTESIAN_POINT ( 'NONE',  ( 4.764267565201872223, 0.3499999999999999778, -5.000000000000000000 ) ) ;
#5151 =( BOUNDED_CURVE ( )  B_SPLINE_CURVE ( 3, ( #3253, #8193, #8080, #9072 ),
 .UNSPECIFIED., .F., .T. ) 
 B_SPLINE_CURVE_WITH_KNOTS ( ( 4, 4 ),
 ( 4.712388980384689674, 6.283185307179586232 ),
 .UNSPECIFIED. ) 
 CURVE ( )  GEOMETRIC_REPRESENTATION_ITEM ( )  RATIONAL_B_SPLINE_CURVE ( ( 1.000000000000000000, 0.8047378541243649375, 0.8047378541243649375, 1.000000000000000000 ) ) 
 REPRESENTATION_ITEM ( '' )  );
#5152 = ADVANCED_FACE ( 'NONE', ( #4990 ), #9101, .F. ) ;
#5153 = EDGE_CURVE ( 'NONE', #5578, #10397, #4057, .T. ) ;
#5154 = ORIENTED_EDGE ( 'NONE', *, *, #10523, .T. ) ;
#5155 = LINE ( 'NONE', #8340, #3439 ) ;
#5156 = ADVANCED_FACE ( 'NONE', ( #4888 ), #4833, .T. ) ;
#5157 = EDGE_LOOP ( 'NONE', ( #6986, #8474, #3135, #5995 ) ) ;
#5158 = DIRECTION ( 'NONE',  ( 1.000000000000000000, 0.000000000000000000, -0.000000000000000000 ) ) ;
#5159 = DIRECTION ( 'NONE',  ( 1.000000000000000000, -0.000000000000000000, -0.000000000000000000 ) ) ;
#5160 = ORIENTED_EDGE ( 'NONE', *, *, #7038, .T. ) ;
#5161 = ORIENTED_EDGE ( 'NONE', *, *, #7513, .F. ) ;
#5162 = LINE ( 'NONE', #6809, #8776 ) ;
#5163 = VECTOR ( 'NONE', #3838, 1000.000000000000000 ) ;
#5164 = DIRECTION ( 'NONE',  ( 0.000000000000000000, 0.000000000000000000, 1.000000000000000000 ) ) ;
#5165 = FACE_OUTER_BOUND ( 'NONE', #2337, .T. ) ;
#5166 = ORIENTED_EDGE ( 'NONE', *, *, #10066, .F. ) ;
#5167 = DIRECTION ( 'NONE',  ( 1.000000000000000000, -0.000000000000000000, -0.000000000000000000 ) ) ;
#5168 = EDGE_CURVE ( 'NONE', #7136, #1904, #7459, .T. ) ;
#5169 = CARTESIAN_POINT ( 'NONE',  ( 0.2499999999998926692, 0.000000000000000000, 2.400000000000000355 ) ) ;
#5170 = EDGE_LOOP ( 'NONE', ( #3736, #8502, #8632, #10555 ) ) ;
#5171 = CARTESIAN_POINT ( 'NONE',  ( -6.200000000000001066, 5.470710678118656745, 1.352867965644033887 ) ) ;
#5172 = VECTOR ( 'NONE', #8521, 1000.000000000000000 ) ;
#5173 = DIRECTION ( 'NONE',  ( -0.000000000000000000, 1.000000000000000000, -0.000000000000000000 ) ) ;
#5174 = ORIENTED_EDGE ( 'NONE', *, *, #1198, .T. ) ;
#5175 = ORIENTED_EDGE ( 'NONE', *, *, #3884, .T. ) ;
#5176 = EDGE_CURVE ( 'NONE', #10675, #7685, #2450, .T. ) ;
#5177 = CYLINDRICAL_SURFACE ( 'NONE', #5302, 0.1749999999999998224 ) ;
#5178 = DIRECTION ( 'NONE',  ( -1.000000000000000000, -0.000000000000000000, -0.000000000000000000 ) ) ;
#5179 = PLANE ( 'NONE',  #10756 ) ;
#5180 = FILL_AREA_STYLE_COLOUR ( '', #9392 ) ;
#5181 = PLANE ( 'NONE',  #8191 ) ;
#5182 = DIRECTION ( 'NONE',  ( -7.317513109993572647E-16, 0.000000000000000000, 1.000000000000000000 ) ) ;
#5183 = ORIENTED_EDGE ( 'NONE', *, *, #10407, .F. ) ;
#5184 = CARTESIAN_POINT ( 'NONE',  ( -6.200000000000001066, 5.300000000000000711, -1.499999999999999556 ) ) ;
#5185 = VECTOR ( 'NONE', #8917, 1000.000000000000000 ) ;
#5186 = CARTESIAN_POINT ( 'NONE',  ( 4.782392196155283770, -2.294487310825727644E-08, -4.721550028201209948 ) ) ;
#5187 = ORIENTED_EDGE ( 'NONE', *, *, #9590, .T. ) ;
#5188 = EDGE_CURVE ( 'NONE', #3139, #6864, #3129, .T. ) ;
#5189 = FACE_OUTER_BOUND ( 'NONE', #2227, .T. ) ;
#5190 = ORIENTED_EDGE ( 'NONE', *, *, #8208, .F. ) ;
#5191 = LINE ( 'NONE', #9367, #10213 ) ;
#5192 = LINE ( 'NONE', #4207, #7228 ) ;
#5193 = LINE ( 'NONE', #4209, #10452 ) ;
#5194 = VECTOR ( 'NONE', #3689, 1000.000000000000000 ) ;
#5195 = EDGE_LOOP ( 'NONE', ( #10598, #8124, #1116, #9803 ) ) ;
#5196 = DIRECTION ( 'NONE',  ( 1.000000000000000000, -0.000000000000000000, -0.000000000000000000 ) ) ;
#5197 = EDGE_CURVE ( 'NONE', #3310, #6982, #9209, .T. ) ;
#5198 = VERTEX_POINT ( 'NONE', #1678 ) ;
#5199 = DIRECTION ( 'NONE',  ( 1.000000000000000000, 0.000000000000000000, 0.000000000000000000 ) ) ;
#5200 = VECTOR ( 'NONE', #2826, 1000.000000000000000 ) ;
#5201 = DIRECTION ( 'NONE',  ( -3.336006684570783594E-16, -0.000000000000000000, 1.000000000000000000 ) ) ;
#5202 = ORIENTED_EDGE ( 'NONE', *, *, #4930, .T. ) ;
#5203 = LINE ( 'NONE', #2729, #4959 ) ;
#5204 = CARTESIAN_POINT ( 'NONE',  ( -3.099999999999999645, 4.400000000000001243, 0.7999999999999994893 ) ) ;
#5205 = ORIENTED_EDGE ( 'NONE', *, *, #7116, .F. ) ;
#5206 = DIRECTION ( 'NONE',  ( -1.000000000000000000, 0.000000000000000000, 0.000000000000000000 ) ) ;
#5207 = VECTOR ( 'NONE', #6167, 1000.000000000000000 ) ;
#5208 = ORIENTED_EDGE ( 'NONE', *, *, #5565, .T. ) ;
#5209 = CARTESIAN_POINT ( 'NONE',  ( -1.750000000000107470, 0.6000000000000000888, 4.999999999999958256 ) ) ;
#5210 = CARTESIAN_POINT ( 'NONE',  ( -7.000000000000000000, 0.4000000000000000222, 2.149999999999999911 ) ) ;
#5211 = DIRECTION ( 'NONE',  ( 1.000000000000000000, 0.000000000000000000, 7.317513109993572647E-16 ) ) ;
#5212 = VERTEX_POINT ( 'NONE', #10717 ) ;
#5213 = EDGE_CURVE ( 'NONE', #10626, #4465, #5712, .T. ) ;
#5214 = ORIENTED_EDGE ( 'NONE', *, *, #5628, .T. ) ;
#5215 = EDGE_CURVE ( 'NONE', #392, #6293, #853, .T. ) ;
#5216 = LINE ( 'NONE', #4455, #1409 ) ;
#5217 = EDGE_CURVE ( 'NONE', #4058, #10223, #3388, .T. ) ;
#5218 = LINE ( 'NONE', #6870, #6902 ) ;
#5219 = CARTESIAN_POINT ( 'NONE',  ( 3.850000000000000089, 5.700000000000000178, 3.900000000000000355 ) ) ;
#5220 = ORIENTED_EDGE ( 'NONE', *, *, #2395, .F. ) ;
#5221 = FACE_OUTER_BOUND ( 'NONE', #1298, .T. ) ;
#5222 = VERTEX_POINT ( 'NONE', #3286 ) ;
#5223 = DIRECTION ( 'NONE',  ( 1.000000000000000000, -0.000000000000000000, -0.000000000000000000 ) ) ;
#5224 = ORIENTED_EDGE ( 'NONE', *, *, #5042, .T. ) ;
#5225 = DIRECTION ( 'NONE',  ( 0.000000000000000000, 0.000000000000000000, 1.000000000000000000 ) ) ;
#5226 = DIRECTION ( 'NONE',  ( -0.000000000000000000, 0.9284766908852596368, 0.3713906763541029443 ) ) ;
#5227 = ORIENTED_EDGE ( 'NONE', *, *, #1244, .F. ) ;
#5228 = EDGE_LOOP ( 'NONE', ( #6148, #3817, #2135, #871 ) ) ;
#5229 = DIRECTION ( 'NONE',  ( 0.000000000000000000, -0.3713906763541029443, 0.9284766908852596368 ) ) ;
#5230 = CARTESIAN_POINT ( 'NONE',  ( 2.249999999999892530, 0.000000000000000000, 2.400000000000000355 ) ) ;
#5231 = DIRECTION ( 'NONE',  ( 0.000000000000000000, -1.000000000000000000, 0.000000000000000000 ) ) ;
#5232 = VECTOR ( 'NONE', #2712, 1000.000000000000000 ) ;
#5233 = CARTESIAN_POINT ( 'NONE',  ( -4.200000000000000178, 3.700000000000000178, 0.7999999999999994893 ) ) ;
#5234 = ADVANCED_FACE ( 'NONE', ( #8173 ), #6636, .F. ) ;
#5235 = DIRECTION ( 'NONE',  ( 0.7071067811865499042, 4.380838333381074812E-16, 0.7071067811865451302 ) ) ;
#5236 = CARTESIAN_POINT ( 'NONE',  ( 0.2499999999998926692, 0.000000000000000000, 4.800000000000000711 ) ) ;
#5237 = EDGE_LOOP ( 'NONE', ( #3656, #7050, #10618, #8018, #1716, #7294, #5568, #8739, #9664, #1610, #2728, #2005, #6278, #6328 ) ) ;
#5238 = DIRECTION ( 'NONE',  ( -0.3236155771181821184, -0.3236155771181821184, 0.8891264907159901476 ) ) ;
#5239 = CARTESIAN_POINT ( 'NONE',  ( -6.399999999999998579, 5.700000000000000178, -3.199999999999995737 ) ) ;
#5240 = VECTOR ( 'NONE', #120, 1000.000000000000000 ) ;
#5241 = VERTEX_POINT ( 'NONE', #4003 ) ;
#5242 = CARTESIAN_POINT ( 'NONE',  ( 6.200000000000001066, 5.394289321881346133, 0.8207106781186546129 ) ) ;
#5243 = ORIENTED_EDGE ( 'NONE', *, *, #8410, .F. ) ;
#5244 = PLANE ( 'NONE',  #4779 ) ;
#5245 = STYLED_ITEM ( 'NONE', ( #7668 ), #1974 ) ;
#5246 = PLANE ( 'NONE',  #9318 ) ;
#5247 = CARTESIAN_POINT ( 'NONE',  ( -6.007179676972450366, -2.972161292830653933E-16, 0.9134769367380000116 ) ) ;
#5248 = VECTOR ( 'NONE', #2935, 1000.000000000000000 ) ;
#5249 = VERTEX_POINT ( 'NONE', #10865 ) ;
#5250 = EDGE_CURVE ( 'NONE', #6073, #8177, #7304, .T. ) ;
#5251 = CARTESIAN_POINT ( 'NONE',  ( 5.205000000000002736, 5.700000000000000178, 3.000000000000002665 ) ) ;
#5252 = ADVANCED_FACE ( 'NONE', ( #8326 ), #804, .F. ) ;
#5253 = ORIENTED_EDGE ( 'NONE', *, *, #3570, .F. ) ;
#5254 = DIRECTION ( 'NONE',  ( 0.000000000000000000, -1.000000000000000000, 0.000000000000000000 ) ) ;
#5255 = AXIS2_PLACEMENT_3D ( 'NONE', #6537, #4663, #2127 ) ;
#5256 = DIRECTION ( 'NONE',  ( 0.000000000000000000, 0.000000000000000000, 1.000000000000000000 ) ) ;
#5258 = ORIENTED_EDGE ( 'NONE', *, *, #7722, .F. ) ;
#5257 = COLOUR_RGB ( '',0.7921568627450980005, 0.8196078431372548767, 0.9333333333333333481 ) ;
#5259 = DIRECTION ( 'NONE',  ( -1.000000000000000000, 0.000000000000000000, -7.317513109993572647E-16 ) ) ;
#5260 = LINE ( 'NONE', #9603, #6829 ) ;
#5261 = VECTOR ( 'NONE', #9311, 1000.000000000000000 ) ;
#5262 = ORIENTED_EDGE ( 'NONE', *, *, #3126, .F. ) ;
#5263 = DIRECTION ( 'NONE',  ( -0.000000000000000000, -1.000000000000000000, -0.000000000000000000 ) ) ;
#5264 = ORIENTED_EDGE ( 'NONE', *, *, #6381, .F. ) ;
#5265 = LINE ( 'NONE', #260, #945 ) ;
#5266 = DIRECTION ( 'NONE',  ( -1.000000000000000000, 0.000000000000000000, 5.421010862427521184E-16 ) ) ;
#5267 = CARTESIAN_POINT ( 'NONE',  ( 5.800000000000000711, 5.064999999999999503, 2.800000000000000266 ) ) ;
#5268 = EDGE_LOOP ( 'NONE', ( #299, #3743, #7427 ) ) ;
#5269 = ORIENTED_EDGE ( 'NONE', *, *, #8778, .F. ) ;
#5270 = LINE ( 'NONE', #9341, #6147 ) ;
#5271 = CARTESIAN_POINT ( 'NONE',  ( 5.350000000000000533, 0.7499999999999996669, -5.000000000000000000 ) ) ;
#5272 = EDGE_CURVE ( 'NONE', #7780, #4465, #6688, .T. ) ;
#5273 = VECTOR ( 'NONE', #9584, 1000.000000000000000 ) ;
#5274 = DIRECTION ( 'NONE',  ( -1.000000000000000000, -0.000000000000000000, -0.000000000000000000 ) ) ;
#5275 = ORIENTED_EDGE ( 'NONE', *, *, #9901, .T. ) ;
#5276 = DIRECTION ( 'NONE',  ( 1.000000000000000000, -7.885106708985485090E-16, 0.000000000000000000 ) ) ;
#5277 = ORIENTED_EDGE ( 'NONE', *, *, #8246, .T. ) ;
#5278 = FACE_OUTER_BOUND ( 'NONE', #7266, .T. ) ;
#5279 = EDGE_CURVE ( 'NONE', #8999, #3667, #10775, .T. ) ;
#5280 = VERTEX_POINT ( 'NONE', #6904 ) ;
#5281 = FACE_OUTER_BOUND ( 'NONE', #9274, .T. ) ;
#5282 = EDGE_CURVE ( 'NONE', #9085, #3585, #10200, .T. ) ;
#5283 = VECTOR ( 'NONE', #4450, 1000.000000000000114 ) ;
#5284 = DIRECTION ( 'NONE',  ( 0.000000000000000000, 0.000000000000000000, -1.000000000000000000 ) ) ;
#5285 = VERTEX_POINT ( 'NONE', #2775 ) ;
#5286 = ORIENTED_EDGE ( 'NONE', *, *, #6866, .F. ) ;
#5287 = CARTESIAN_POINT ( 'NONE',  ( 2.249999999999892530, 0.6000000000000000888, 4.999999999999985789 ) ) ;
#5288 = AXIS2_PLACEMENT_3D ( 'NONE', #4820, #2231, #4147 ) ;
#5289 = CARTESIAN_POINT ( 'NONE',  ( -5.800000000000000711, 2.575000000000000178, 3.725000000000000089 ) ) ;
#5290 = VECTOR ( 'NONE', #9776, 1000.000000000000114 ) ;
#5291 = DIRECTION ( 'NONE',  ( -1.000000000000000000, -0.000000000000000000, -0.000000000000000000 ) ) ;
#5292 = DIRECTION ( 'NONE',  ( 0.000000000000000000, -1.000000000000000000, 0.000000000000000000 ) ) ;
#5293 = CARTESIAN_POINT ( 'NONE',  ( -3.750000000000107470, 0.6000000000000000888, 4.999999999999944933 ) ) ;
#5294 = EDGE_CURVE ( 'NONE', #5670, #644, #4320, .T. ) ;
#5295 = LINE ( 'NONE', #453, #3162 ) ;
#5296 = ADVANCED_FACE ( 'NONE', ( #4268 ), #5141, .T. ) ;
#5297 = EDGE_LOOP ( 'NONE', ( #2606, #4077, #8728, #1074 ) ) ;
#5298 = DIRECTION ( 'NONE',  ( 1.000000000000000000, 0.000000000000000000, -0.000000000000000000 ) ) ;
#5299 = CARTESIAN_POINT ( 'NONE',  ( -4.000000000000000000, 0.000000000000000000, 0.7999999999999994893 ) ) ;
#5300 = VECTOR ( 'NONE', #9695, 1000.000000000000000 ) ;
#5301 =( NAMED_UNIT ( * ) SI_UNIT ( $, .STERADIAN. ) SOLID_ANGLE_UNIT ( ) );
#5302 = AXIS2_PLACEMENT_3D ( 'NONE', #10026, #786, #5069 ) ;
#5303 = VERTEX_POINT ( 'NONE', #9316 ) ;
#5304 = EDGE_CURVE ( 'NONE', #5093, #1909, #5089, .T. ) ;
#5305 = DIRECTION ( 'NONE',  ( -1.000000000000000000, 0.000000000000000000, 0.000000000000000000 ) ) ;
#5306 = VERTEX_POINT ( 'NONE', #6027 ) ;
#5307 = DIRECTION ( 'NONE',  ( 0.000000000000000000, 0.000000000000000000, 1.000000000000000000 ) ) ;
#5308 = FACE_OUTER_BOUND ( 'NONE', #4612, .T. ) ;
#5309 = CIRCLE ( 'NONE', #573, 0.07499999999999998335 ) ;
#5310 = CARTESIAN_POINT ( 'NONE',  ( -0.2500000000001069145, 0.000000000000000000, 2.400000000000000355 ) ) ;
#5311 = DIRECTION ( 'NONE',  ( -1.000000000000000000, -0.000000000000000000, -0.000000000000000000 ) ) ;
#5312 = AXIS2_PLACEMENT_3D ( 'NONE', #3861, #6403, #7217 ) ;
#5313 = VECTOR ( 'NONE', #2097, 1000.000000000000114 ) ;
#5314 = VERTEX_POINT ( 'NONE', #8482 ) ;
#5315 = LINE ( 'NONE', #3003, #2787 ) ;
#5316 = ORIENTED_EDGE ( 'NONE', *, *, #4550, .T. ) ;
#5317 = PLANE ( 'NONE',  #5083 ) ;
#5318 = EDGE_LOOP ( 'NONE', ( #3258, #7495, #10810, #6226, #8143, #4004, #2187, #1509, #6447, #9262, #6189, #2419, #7853, #7967, #5383, #9289, #8802, #9384 ) ) ;
#5319 = PLANE ( 'NONE',  #9683 ) ;
#5320 = EDGE_CURVE ( 'NONE', #7472, #8984, #5193, .T. ) ;
#5321 = CARTESIAN_POINT ( 'NONE',  ( 7.000000000000000000, 5.700000000000000178, 0.1000000000000002554 ) ) ;
#5322 = ORIENTED_EDGE ( 'NONE', *, *, #7209, .F. ) ;
#5323 = LINE ( 'NONE', #2855, #4871 ) ;
#5324 = ORIENTED_EDGE ( 'NONE', *, *, #2819, .F. ) ;
#5325 = DIRECTION ( 'NONE',  ( 0.000000000000000000, -1.000000000000000000, 3.372884145477667245E-15 ) ) ;
#5326 = DIRECTION ( 'NONE',  ( 0.000000000000000000, 0.000000000000000000, -1.000000000000000000 ) ) ;
#5327 = LINE ( 'NONE', #8674, #7047 ) ;
#5328 = VERTEX_POINT ( 'NONE', #7554 ) ;
#5329 = LINE ( 'NONE', #4509, #3539 ) ;
#5330 = VERTEX_POINT ( 'NONE', #29 ) ;
#5331 = CARTESIAN_POINT ( 'NONE',  ( 6.200000000000001066, 4.939999999999999503, 2.925000000000000711 ) ) ;
#5332 = CARTESIAN_POINT ( 'NONE',  ( 6.366666666666669805, 4.933333333333334458, -1.133333333333328641 ) ) ;
#5333 = DIRECTION ( 'NONE',  ( -3.336006684570783594E-16, -0.000000000000000000, 1.000000000000000000 ) ) ;
#5334 = ORIENTED_EDGE ( 'NONE', *, *, #4279, .T. ) ;
#5335 = LINE ( 'NONE', #1037, #47 ) ;
#5336 = DIRECTION ( 'NONE',  ( -0.000000000000000000, 1.000000000000000000, 1.591489427501658143E-16 ) ) ;
#5337 = VERTEX_POINT ( 'NONE', #1891 ) ;
#5338 = LINE ( 'NONE', #7912, #10621 ) ;
#5339 = DIRECTION ( 'NONE',  ( -1.000000000000000000, -8.673617379884035472E-16, 0.000000000000000000 ) ) ;
#5340 = VERTEX_POINT ( 'NONE', #3550 ) ;
#5341 = AXIS2_PLACEMENT_3D ( 'NONE', #6040, #4284, #10006 ) ;
#5342 = ORIENTED_EDGE ( 'NONE', *, *, #4416, .T. ) ;
#5343 = LINE ( 'NONE', #10458, #6884 ) ;
#5344 = DIRECTION ( 'NONE',  ( 0.000000000000000000, 0.000000000000000000, -1.000000000000000000 ) ) ;
#5345 = PLANE ( 'NONE',  #7412 ) ;
#5346 = CIRCLE ( 'NONE', #622, 0.09999999999999961697 ) ;
#5347 = LINE ( 'NONE', #8698, #3804 ) ;
#5348 = CARTESIAN_POINT ( 'NONE',  ( 3.749999999999892975, 0.000000000000000000, 2.400000000000000355 ) ) ;
#5349 = ORIENTED_EDGE ( 'NONE', *, *, #10804, .T. ) ;
#5350 = LINE ( 'NONE', #1224, #10372 ) ;
#5351 = DIRECTION ( 'NONE',  ( -0.5773502691896236216, -0.5773502691896236216, 0.5773502691896301720 ) ) ;
#5352 =( NAMED_UNIT ( * ) SI_UNIT ( $, .STERADIAN. ) SOLID_ANGLE_UNIT ( ) );
#5353 = ORIENTED_EDGE ( 'NONE', *, *, #1599, .F. ) ;
#5354 = AXIS2_PLACEMENT_3D ( 'NONE', #1950, #1835, #82 ) ;
#5355 = CARTESIAN_POINT ( 'NONE',  ( -6.200000000000001066, 4.939999999999999503, 2.124999999999999556 ) ) ;
#5356 = EDGE_CURVE ( 'NONE', #6422, #4567, #4373, .T. ) ;
#5357 = EDGE_CURVE ( 'NONE', #3063, #7800, #244, .T. ) ;
#5358 = DIRECTION ( 'NONE',  ( 0.000000000000000000, 1.414176746720223153E-16, -1.000000000000000000 ) ) ;
#5359 = EDGE_CURVE ( 'NONE', #6693, #7136, #1009, .T. ) ;
#5360 = LINE ( 'NONE', #2773, #4128 ) ;
#5361 = LINE ( 'NONE', #4708, #21 ) ;
#5362 = DIRECTION ( 'NONE',  ( 0.000000000000000000, 0.000000000000000000, 1.000000000000000000 ) ) ;
#5363 = ORIENTED_EDGE ( 'NONE', *, *, #5901, .F. ) ;
#5364 = VECTOR ( 'NONE', #8013, 1000.000000000000000 ) ;
#5365 = DIRECTION ( 'NONE',  ( 0.000000000000000000, 0.000000000000000000, 1.000000000000000000 ) ) ;
#5366 =( GEOMETRIC_REPRESENTATION_CONTEXT ( 3 ) GLOBAL_UNCERTAINTY_ASSIGNED_CONTEXT ( ( #3903 ) ) GLOBAL_UNIT_ASSIGNED_CONTEXT ( ( #1997, #2933, #7865 ) ) REPRESENTATION_CONTEXT ( 'NONE', 'WORKASPACE' ) );
#5367 = ORIENTED_EDGE ( 'NONE', *, *, #9219, .F. ) ;
#5368 = DIRECTION ( 'NONE',  ( -6.195440985631445457E-16, -2.147858190661057557E-18, -1.000000000000000000 ) ) ;
#5369 = CARTESIAN_POINT ( 'NONE',  ( 1.699999999999999289, 4.400000000000000355, -3.200000000000000178 ) ) ;
#5370 = EDGE_LOOP ( 'NONE', ( #8237, #8620, #8906, #10525 ) ) ;
#5371 = CARTESIAN_POINT ( 'NONE',  ( 5.004999999999999893, 4.400000000000000355, 2.250000000000000000 ) ) ;
#5372 = AXIS2_PLACEMENT_3D ( 'NONE', #2088, #5446, #8795 ) ;
#5373 = CARTESIAN_POINT ( 'NONE',  ( -3.399999999999999911, 5.699999999999999289, -3.200000000000000178 ) ) ;
#5374 = ORIENTED_EDGE ( 'NONE', *, *, #8113, .F. ) ;
#5375 = CARTESIAN_POINT ( 'NONE',  ( 3.750000000000000000, 2.649999999999999911, -1.999999999999997335 ) ) ;
#5376 = EDGE_CURVE ( 'NONE', #1868, #2585, #8657, .T. ) ;
#5377 = ORIENTED_EDGE ( 'NONE', *, *, #951, .F. ) ;
#5378 = CARTESIAN_POINT ( 'NONE',  ( 3.399999999999999911, 5.699999999999999289, 2.250000000000000000 ) ) ;
#5379 = CARTESIAN_POINT ( 'NONE',  ( -1.749999999999999778, 2.649999999999999911, -1.999999999999997335 ) ) ;
#5380 = EDGE_CURVE ( 'NONE', #7980, #5674, #10275, .T. ) ;
#5381 = VECTOR ( 'NONE', #5489, 1000.000000000000000 ) ;
#5382 = DIRECTION ( 'NONE',  ( -0.000000000000000000, -0.000000000000000000, -1.000000000000000000 ) ) ;
#5383 = ORIENTED_EDGE ( 'NONE', *, *, #5059, .F. ) ;
#5384 = PLANE ( 'NONE',  #8448 ) ;
#5385 = EDGE_CURVE ( 'NONE', #9068, #2519, #3603, .T. ) ;
#5386 = ORIENTED_EDGE ( 'NONE', *, *, #6054, .T. ) ;
#5387 = CARTESIAN_POINT ( 'NONE',  ( -6.304999999999998828, 0.4000000000000000222, 1.099999999999999645 ) ) ;
#5388 = AXIS2_PLACEMENT_3D ( 'NONE', #6767, #3, #1654 ) ;
#5389 = VERTEX_POINT ( 'NONE', #9369 ) ;
#5390 = ORIENTED_EDGE ( 'NONE', *, *, #97, .T. ) ;
#5391 = DIRECTION ( 'NONE',  ( 0.000000000000000000, 0.000000000000000000, 1.000000000000000000 ) ) ;
#5392 = ORIENTED_EDGE ( 'NONE', *, *, #10193, .T. ) ;
#5393 = DIRECTION ( 'NONE',  ( -0.3236155771181821184, 0.3236155771181821184, 0.8891264907159901476 ) ) ;
#5394 = ADVANCED_FACE ( 'NONE', ( #3390 ), #6955, .F. ) ;
#5395 = EDGE_CURVE ( 'NONE', #2921, #2277, #5543, .T. ) ;
#5396 = DIRECTION ( 'NONE',  ( 0.9396926207859095381, 0.000000000000000000, -0.3420201433256658263 ) ) ;
#5397 = ORIENTED_EDGE ( 'NONE', *, *, #9552, .T. ) ;
#5398 = VERTEX_POINT ( 'NONE', #131 ) ;
#5399 = PLANE ( 'NONE',  #9885 ) ;
#5400 = DIRECTION ( 'NONE',  ( 0.000000000000000000, 1.334402673828314227E-15, -1.000000000000000000 ) ) ;
#5401 = DIRECTION ( 'NONE',  ( -1.000000000000000000, 0.000000000000000000, 0.000000000000000000 ) ) ;
#5402 = LINE ( 'NONE', #7812, #6252 ) ;
#5403 = CARTESIAN_POINT ( 'NONE',  ( -0.6250000000000000000, 5.000000000000000000, -0.9499999999999998446 ) ) ;
#5404 = CARTESIAN_POINT ( 'NONE',  ( 6.200000000000001066, 4.864999999999999325, 2.925000000000000266 ) ) ;
#5405 = VERTEX_POINT ( 'NONE', #2604 ) ;
#5406 = LINE ( 'NONE', #4701, #2117 ) ;
#5407 = CARTESIAN_POINT ( 'NONE',  ( -4.250000000000107470, 0.000000000000000000, 5.000000000000000000 ) ) ;
#5408 = SURFACE_STYLE_FILL_AREA ( #5579 ) ;
#5409 = ORIENTED_EDGE ( 'NONE', *, *, #10784, .T. ) ;
#5410 = CARTESIAN_POINT ( 'NONE',  ( 0.2499999999998926692, 0.2000000000000000111, 5.000000000000000888 ) ) ;
#5411 = PLANE ( 'NONE',  #8998 ) ;
#5412 = DIRECTION ( 'NONE',  ( 0.000000000000000000, 0.000000000000000000, 1.000000000000000000 ) ) ;
#5413 = CARTESIAN_POINT ( 'NONE',  ( -2.250000000000107025, 0.2000000000000000111, 2.400000000000000355 ) ) ;
#5414 = DIRECTION ( 'NONE',  ( 0.000000000000000000, -1.000000000000000000, 0.000000000000000000 ) ) ;
#5415 = ORIENTED_EDGE ( 'NONE', *, *, #3082, .T. ) ;
#5416 = CARTESIAN_POINT ( 'NONE',  ( -6.304999999999999716, 3.150000000000000799, -3.000000000000000000 ) ) ;
#5417 = EDGE_CURVE ( 'NONE', #9280, #4723, #2664, .T. ) ;
#5418 = ORIENTED_EDGE ( 'NONE', *, *, #10804, .F. ) ;
#5419 = EDGE_CURVE ( 'NONE', #5303, #2063, #5975, .T. ) ;
#5420 = EDGE_CURVE ( 'NONE', #8015, #10229, #6078, .T. ) ;
#5421 = VECTOR ( 'NONE', #5149, 1000.000000000000000 ) ;
#5422 = CARTESIAN_POINT ( 'NONE',  ( -2.999999999999998668, 8.000000000000000000, -3.599999999999999645 ) ) ;
#5423 = ORIENTED_EDGE ( 'NONE', *, *, #10293, .F. ) ;
#5424 = LINE ( 'NONE', #2731, #6714 ) ;
#5425 = AXIS2_PLACEMENT_3D ( 'NONE', #6906, #6844, #1837 ) ;
#5426 = ORIENTED_EDGE ( 'NONE', *, *, #6970, .F. ) ;
#5427 = DIRECTION ( 'NONE',  ( 0.000000000000000000, 0.000000000000000000, 1.000000000000000000 ) ) ;
#5428 = VECTOR ( 'NONE', #1356, 1000.000000000000000 ) ;
#5429 = ORIENTED_EDGE ( 'NONE', *, *, #691, .T. ) ;
#5430 = LINE ( 'NONE', #1905, #613 ) ;
#5431 = SURFACE_SIDE_STYLE ('',( #9609 ) ) ;
#5432 = ADVANCED_FACE ( 'NONE', ( #10367 ), #10596, .F. ) ;
#5433 = EDGE_CURVE ( 'NONE', #8189, #10415, #4652, .T. ) ;
#5434 = VECTOR ( 'NONE', #1054, 1000.000000000000000 ) ;
#5435 = CARTESIAN_POINT ( 'NONE',  ( 2.999999999999999112, 0.9000000000000005773, -4.100000000000003197 ) ) ;
#5436 = ORIENTED_EDGE ( 'NONE', *, *, #10479, .T. ) ;
#5437 = DIRECTION ( 'NONE',  ( -1.000000000000000000, -8.673617379884035472E-16, 0.000000000000000000 ) ) ;
#5438 = UNCERTAINTY_MEASURE_WITH_UNIT (LENGTH_MEASURE( 1.000000000000000082E-05 ), #1450, 'distance_accuracy_value', 'NONE');
#5439 = ORIENTED_EDGE ( 'NONE', *, *, #6381, .T. ) ;
#5440 = LINE ( 'NONE', #3080, #10344 ) ;
#5441 = EDGE_CURVE ( 'NONE', #10303, #2465, #2839, .T. ) ;
#5442 = VECTOR ( 'NONE', #1646, 1000.000000000000114 ) ;
#5443 = CARTESIAN_POINT ( 'NONE',  ( -5.800000000000000711, 5.394289321881346133, 1.429289321881345387 ) ) ;
#5444 = ORIENTED_EDGE ( 'NONE', *, *, #7499, .F. ) ;
#5445 = VECTOR ( 'NONE', #5199, 1000.000000000000000 ) ;
#5446 = DIRECTION ( 'NONE',  ( 0.000000000000000000, 1.000000000000000000, 0.000000000000000000 ) ) ;
#5447 = ORIENTED_EDGE ( 'NONE', *, *, #393, .T. ) ;
#5448 = CARTESIAN_POINT ( 'NONE',  ( -0.2500000000001078027, 0.2000000000000000111, 5.000000000000000888 ) ) ;
#5449 = AXIS2_PLACEMENT_3D ( 'NONE', #6924, #10277, #9791 ) ;
#5450 = DIRECTION ( 'NONE',  ( 0.000000000000000000, 1.548860246407863829E-16, -1.000000000000000000 ) ) ;
#5451 = VERTEX_POINT ( 'NONE', #4487 ) ;
#5452 = VECTOR ( 'NONE', #8870, 1000.000000000000000 ) ;
#5453 = ORIENTED_EDGE ( 'NONE', *, *, #1160, .F. ) ;
#5454 = AXIS2_PLACEMENT_3D ( 'NONE', #7469, #3295, #5932 ) ;
#5455 = CARTESIAN_POINT ( 'NONE',  ( -0.2500000000001069145, 0.6000000000000000888, 2.399999999999972378 ) ) ;
#5456 = EDGE_CURVE ( 'NONE', #8339, #10209, #2948, .T. ) ;
#5457 = EDGE_CURVE ( 'NONE', #7717, #5145, #6196, .T. ) ;
#5458 = CARTESIAN_POINT ( 'NONE',  ( 6.055000000000000604, 0.3499999999999999778, -4.650000000000000355 ) ) ;
#5459 = DIRECTION ( 'NONE',  ( 0.000000000000000000, 1.000000000000000000, 0.000000000000000000 ) ) ;
#5460 = VECTOR ( 'NONE', #6770, 1000.000000000000000 ) ;
#5461 = CARTESIAN_POINT ( 'NONE',  ( -7.000000000000000000, 1.800000000000000266, -3.200000000000000178 ) ) ;
#5462 = DIRECTION ( 'NONE',  ( -1.000000000000000000, 0.000000000000000000, 0.000000000000000000 ) ) ;
#5463 = ORIENTED_EDGE ( 'NONE', *, *, #2374, .T. ) ;
#5464 = CARTESIAN_POINT ( 'NONE',  ( -5.899999999999998579, 4.629138561470611535, -1.700000000000000400 ) ) ;
#5465 = CARTESIAN_POINT ( 'NONE',  ( -3.750000000000107470, 0.2000000000000000111, 5.000000000000000888 ) ) ;
#5466 = ORIENTED_EDGE ( 'NONE', *, *, #663, .F. ) ;
#5467 = CONICAL_SURFACE ( 'NONE', #2478, 0.4000000000000001887, 0.7853981633974541632 ) ;
#5468 = CARTESIAN_POINT ( 'NONE',  ( -5.800000000000000711, 5.425000000000000711, 2.049999999999999822 ) ) ;
#5469 = VECTOR ( 'NONE', #5211, 1000.000000000000000 ) ;
#5470 = DIRECTION ( 'NONE',  ( -1.000000000000000000, -0.000000000000000000, -0.000000000000000000 ) ) ;
#5471 = ADVANCED_FACE ( 'NONE', ( #3823 ), #8764, .F. ) ;
#5472 = PLANE ( 'NONE',  #6416 ) ;
#5473 = DIRECTION ( 'NONE',  ( -0.000000000000000000, -1.000000000000000000, -3.097720492815727659E-16 ) ) ;
#5474 = DIRECTION ( 'NONE',  ( 0.000000000000000000, 0.000000000000000000, -1.000000000000000000 ) ) ;
#5475 = ORIENTED_EDGE ( 'NONE', *, *, #9383, .T. ) ;
#5476 = CARTESIAN_POINT ( 'NONE',  ( -0.2500000000001074141, 0.6000000000000000888, 3.899999999999999911 ) ) ;
#5477 = AXIS2_PLACEMENT_3D ( 'NONE', #4726, #7093, #5497 ) ;
#5478 = VECTOR ( 'NONE', #1725, 1000.000000000000000 ) ;
#5479 = ORIENTED_EDGE ( 'NONE', *, *, #4273, .T. ) ;
#5480 = DIRECTION ( 'NONE',  ( -1.000000000000000000, -0.000000000000000000, -0.000000000000000000 ) ) ;
#5481 = CARTESIAN_POINT ( 'NONE',  ( -0.2500000000001078027, 0.000000000000000000, 5.000000000000000000 ) ) ;
#5482 = ORIENTED_EDGE ( 'NONE', *, *, #9655, .F. ) ;
#5483 = CARTESIAN_POINT ( 'NONE',  ( 1.700000000000000178, 4.400000000000000355, 2.250000000000000000 ) ) ;
#5484 = VECTOR ( 'NONE', #5771, 1000.000000000000000 ) ;
#5485 = DIRECTION ( 'NONE',  ( 0.000000000000000000, -0.000000000000000000, -1.000000000000000000 ) ) ;
#5486 = ADVANCED_FACE ( 'NONE', ( #8825 ), #298, .F. ) ;
#5487 = AXIS2_PLACEMENT_3D ( 'NONE', #9525, #7808, #4579 ) ;
#5488 = ORIENTED_EDGE ( 'NONE', *, *, #5433, .T. ) ;
#5489 = DIRECTION ( 'NONE',  ( -0.000000000000000000, 1.000000000000000000, -0.000000000000000000 ) ) ;
#5490 = ORIENTED_EDGE ( 'NONE', *, *, #238, .T. ) ;
#5491 = LINE ( 'NONE', #3188, #7454 ) ;
#5492 = PLANE ( 'NONE',  #9833 ) ;
#5493 = CLOSED_SHELL ( 'NONE', ( #4183, #4025, #4444, #8718, #6768, #5047, #7258, #2869 ) ) ;
#5494 = VECTOR ( 'NONE', #2808, 1000.000000000000000 ) ;
#5495 = LINE ( 'NONE', #4672, #7171 ) ;
#5496 = ORIENTED_EDGE ( 'NONE', *, *, #6033, .F. ) ;
#5497 = DIRECTION ( 'NONE',  ( 0.000000000000000000, -0.000000000000000000, -1.000000000000000000 ) ) ;
#5498 = ORIENTED_EDGE ( 'NONE', *, *, #8567, .F. ) ;
#5499 = PLANE ( 'NONE',  #3090 ) ;
#5500 = ADVANCED_FACE ( 'NONE', ( #6363 ), #5587, .F. ) ;
#5501 = APPLICATION_CONTEXT ( 'automotive_design' ) ;
#5502 = EDGE_CURVE ( 'NONE', #2073, #8465, #6249, .T. ) ;
#5503 = AXIS2_PLACEMENT_3D ( 'NONE', #5057, #10226, #5839 ) ;
#5504 = EDGE_CURVE ( 'NONE', #5624, #4514, #525, .T. ) ;
#5505 = EDGE_LOOP ( 'NONE', ( #2166, #2641, #9607, #1436 ) ) ;
#5506 = EDGE_LOOP ( 'NONE', ( #6838, #3011, #3483, #1593 ) ) ;
#5507 = CARTESIAN_POINT ( 'NONE',  ( -6.304999999999998828, 8.000000000000000000, -3.200000000000001954 ) ) ;
#5508 = ORIENTED_EDGE ( 'NONE', *, *, #2896, .T. ) ;
#5509 = LINE ( 'NONE', #8854, #7969 ) ;
#5510 = LINE ( 'NONE', #7325, #6170 ) ;
#5511 = VERTEX_POINT ( 'NONE', #7988 ) ;
#5512 = VERTEX_POINT ( 'NONE', #8710 ) ;
#5513 = EDGE_LOOP ( 'NONE', ( #3037, #9711, #1098, #6091 ) ) ;
#5514 = DIRECTION ( 'NONE',  ( 0.4226182617407019393, 0.000000000000000000, 0.9063077870366488265 ) ) ;
#5515 = DIRECTION ( 'NONE',  ( 0.000000000000000000, -1.000000000000000000, 0.000000000000000000 ) ) ;
#5516 = PLANE ( 'NONE',  #9513 ) ;
#5517 = DIRECTION ( 'NONE',  ( 0.000000000000000000, 1.000000000000000000, 0.000000000000000000 ) ) ;
#5518 = DIRECTION ( 'NONE',  ( -0.3236155771181821184, 0.3236155771181821184, -0.8891264907159901476 ) ) ;
#5519 =( LENGTH_UNIT ( ) NAMED_UNIT ( * ) SI_UNIT ( .MILLI., .METRE. ) );
#5520 = ORIENTED_EDGE ( 'NONE', *, *, #4453, .F. ) ;
#5521 = FACE_OUTER_BOUND ( 'NONE', #8292, .T. ) ;
#5522 = ADVANCED_FACE ( 'NONE', ( #7878 ), #355, .F. ) ;
#5523 = DIRECTION ( 'NONE',  ( 0.000000000000000000, 1.000000000000000000, -1.084202172485504434E-15 ) ) ;
#5524 = VERTEX_POINT ( 'NONE', #7072 ) ;
#5525 = CARTESIAN_POINT ( 'NONE',  ( -5.349999999999999645, 2.350000000000000089, -4.500000000000000888 ) ) ;
#5526 = CARTESIAN_POINT ( 'NONE',  ( 3.099999999999999645, 4.400000000000001243, 0.7999999999999994893 ) ) ;
#5527 = VECTOR ( 'NONE', #4855, 1000.000000000000000 ) ;
#5528 = CARTESIAN_POINT ( 'NONE',  ( 7.000000000000000000, 2.750000000000000444, -3.600000000000000533 ) ) ;
#5529 = CARTESIAN_POINT ( 'NONE',  ( 6.800000000000001599, 3.400000000000000355, 1.999999999999999556 ) ) ;
#5530 = DIRECTION ( 'NONE',  ( 0.000000000000000000, 1.000000000000000000, 0.000000000000000000 ) ) ;
#5531 = EDGE_LOOP ( 'NONE', ( #1601, #6978, #7300, #2033 ) ) ;
#5532 = CARTESIAN_POINT ( 'NONE',  ( -4.185323107660497755, 0.9000000000000005773, -4.100000000000003197 ) ) ;
#5533 = ORIENTED_EDGE ( 'NONE', *, *, #976, .T. ) ;
#5534 = DIRECTION ( 'NONE',  ( -1.000000000000000000, -0.000000000000000000, -0.000000000000000000 ) ) ;
#5535 = VECTOR ( 'NONE', #8622, 1000.000000000000000 ) ;
#5536 = DIRECTION ( 'NONE',  ( 0.000000000000000000, -1.000000000000000000, -0.000000000000000000 ) ) ;
#5537 = VERTEX_POINT ( 'NONE', #10424 ) ;
#5538 = ADVANCED_FACE ( 'NONE', ( #2118 ), #465, .T. ) ;
#5539 = CARTESIAN_POINT ( 'NONE',  ( -1.859191070279860636, 0.000000000000000000, -2.300000000000000266 ) ) ;
#5540 = CARTESIAN_POINT ( 'NONE',  ( -2.250000000000108802, 0.2000000000000000111, 3.899999999999996803 ) ) ;
#5541 = CIRCLE ( 'NONE', #9408, 0.07499999999999998335 ) ;
#5542 = CARTESIAN_POINT ( 'NONE',  ( 6.200000000000001066, 5.394289321881347021, 1.570710678118654391 ) ) ;
#5543 = CIRCLE ( 'NONE', #7298, 0.07499999999999998335 ) ;
#5544 = EDGE_CURVE ( 'NONE', #8076, #10024, #1234, .T. ) ;
#5545 = ORIENTED_EDGE ( 'NONE', *, *, #9798, .F. ) ;
#5546 = LINE ( 'NONE', #2133, #8711 ) ;
#5547 = EDGE_LOOP ( 'NONE', ( #6689, #2575, #3130, #8527, #7077, #1195 ) ) ;
#5548 = DIRECTION ( 'NONE',  ( -1.000000000000000000, -0.000000000000000000, -0.000000000000000000 ) ) ;
#5549 = ORIENTED_EDGE ( 'NONE', *, *, #1468, .T. ) ;
#5550 = VECTOR ( 'NONE', #2695, 1000.000000000000000 ) ;
#5551 = FACE_OUTER_BOUND ( 'NONE', #7440, .T. ) ;
#5552 = ORIENTED_EDGE ( 'NONE', *, *, #2172, .F. ) ;
#5553 = CARTESIAN_POINT ( 'NONE',  ( -5.800000000000002487, 5.500000000000001776, -1.699999999999997735 ) ) ;
#5554 = DIRECTION ( 'NONE',  ( -0.000000000000000000, -0.000000000000000000, -1.000000000000000000 ) ) ;
#5555 = ORIENTED_EDGE ( 'NONE', *, *, #3007, .F. ) ;
#5556 = VERTEX_POINT ( 'NONE', #7177 ) ;
#5557 = DIRECTION ( 'NONE',  ( 8.673617379883975321E-16, 0.000000000000000000, -1.000000000000000000 ) ) ;
#5558 = VECTOR ( 'NONE', #3912, 1000.000000000000000 ) ;
#5559 = ORIENTED_EDGE ( 'NONE', *, *, #9383, .F. ) ;
#5560 = DIRECTION ( 'NONE',  ( 0.000000000000000000, 0.000000000000000000, 1.000000000000000000 ) ) ;
#5561 = ADVANCED_FACE ( 'NONE', ( #10531 ), #3001, .F. ) ;
#5562 = DIRECTION ( 'NONE',  ( 0.000000000000000000, 1.000000000000000000, -6.829619984160657060E-16 ) ) ;
#5563 = EDGE_CURVE ( 'NONE', #856, #3667, #7347, .T. ) ;
#5564 = VERTEX_POINT ( 'NONE', #5753 ) ;
#5565 = EDGE_CURVE ( 'NONE', #3915, #3831, #9820, .T. ) ;
#5566 = ORIENTED_EDGE ( 'NONE', *, *, #4032, .T. ) ;
#5567 = AXIS2_PLACEMENT_3D ( 'NONE', #8810, #7163, #2163 ) ;
#5568 = ORIENTED_EDGE ( 'NONE', *, *, #9025, .F. ) ;
#5569 = LINE ( 'NONE', #9689, #7251 ) ;
#5570 = LINE ( 'NONE', #5627, #4966 ) ;
#5571 = PLANE ( 'NONE',  #1782 ) ;
#5572 = CARTESIAN_POINT ( 'NONE',  ( -5.349999999999999645, 2.350000000000000089, -4.500000000000000888 ) ) ;
#5573 = DIRECTION ( 'NONE',  ( 1.000000000000000000, -0.000000000000000000, -0.000000000000000000 ) ) ;
#5574 = CARTESIAN_POINT ( 'NONE',  ( 6.200000000000001066, 2.575000000000000178, 3.899999999999999911 ) ) ;
#5575 = VECTOR ( 'NONE', #4630, 1000.000000000000000 ) ;
#5576 = ORIENTED_EDGE ( 'NONE', *, *, #1848, .T. ) ;
#5577 = CARTESIAN_POINT ( 'NONE',  ( -3.750000000000107470, 0.2000000000000000111, 2.400000000000000355 ) ) ;
#5578 = VERTEX_POINT ( 'NONE', #10761 ) ;
#5579 = FILL_AREA_STYLE ('',( #2004 ) ) ;
#5580 = VERTEX_POINT ( 'NONE', #4148 ) ;
#5581 = MANIFOLD_SOLID_BREP ( 'Mirror2', #6890 ) ;
#5582 = FACE_OUTER_BOUND ( 'NONE', #752, .T. ) ;
#5583 = CARTESIAN_POINT ( 'NONE',  ( 3.400000000000000355, 4.850000000000000533, 3.900000000000000355 ) ) ;
#5584 = ADVANCED_FACE ( 'NONE', ( #9929 ), #6624, .F. ) ;
#5585 = PLANE ( 'NONE',  #9038 ) ;
#5586 = DIRECTION ( 'NONE',  ( -0.000000000000000000, 0.000000000000000000, 1.000000000000000000 ) ) ;
#5587 = PLANE ( 'NONE',  #8167 ) ;
#5588 = ORIENTED_EDGE ( 'NONE', *, *, #8266, .T. ) ;
#5589 = CARTESIAN_POINT ( 'NONE',  ( -4.537690617561520590, 0.3041773469432226817, -4.855654563545466651 ) ) ;
#5590 = VERTEX_POINT ( 'NONE', #3116 ) ;
#5591 = DIRECTION ( 'NONE',  ( 1.000000000000000000, 0.000000000000000000, -0.000000000000000000 ) ) ;
#5592 = LINE ( 'NONE', #7406, #7369 ) ;
#5593 = ORIENTED_EDGE ( 'NONE', *, *, #8378, .F. ) ;
#5594 = LINE ( 'NONE', #10713, #1257 ) ;
#5595 = CARTESIAN_POINT ( 'NONE',  ( 5.200000000000000178, 0.9000000000000004663, 0.7999999999999994893 ) ) ;
#5596 = DIRECTION ( 'NONE',  ( 1.000000000000000000, 0.000000000000000000, -0.000000000000000000 ) ) ;
#5597 = MANIFOLD_SOLID_BREP ( 'Mirror3', #7590 ) ;
#5598 = EDGE_CURVE ( 'NONE', #6928, #7151, #4821, .T. ) ;
#5599 = DIRECTION ( 'NONE',  ( 0.000000000000000000, -0.000000000000000000, -1.000000000000000000 ) ) ;
#5600 = EDGE_CURVE ( 'NONE', #3848, #3028, #1563, .T. ) ;
#5601 = EDGE_LOOP ( 'NONE', ( #6297, #4964, #3887, #10851 ) ) ;
#5602 = CARTESIAN_POINT ( 'NONE',  ( 4.249999999999892530, 0.000000000000000000, 2.400000000000000355 ) ) ;
#5603 = VERTEX_POINT ( 'NONE', #10031 ) ;
#5604 = FACE_OUTER_BOUND ( 'NONE', #503, .T. ) ;
#5605 = DIRECTION ( 'NONE',  ( -0.000000000000000000, -1.000000000000000000, 1.084202172485504434E-15 ) ) ;
#5606 = ORIENTED_EDGE ( 'NONE', *, *, #5766, .F. ) ;
#5607 = LINE ( 'NONE', #9063, #7249 ) ;
#5609 = ORIENTED_EDGE ( 'NONE', *, *, #6828, .F. ) ;
#5608 = VECTOR ( 'NONE', #8597, 1000.000000000000000 ) ;
#5610 = PRESENTATION_STYLE_ASSIGNMENT (( #3246 ) ) ;
#5611 = CARTESIAN_POINT ( 'NONE',  ( 5.800000000000000711, 5.300000000000000711, -1.499999999999999556 ) ) ;
#5612 = ORIENTED_EDGE ( 'NONE', *, *, #7036, .T. ) ;
#5613 = AXIS2_PLACEMENT_3D ( 'NONE', #3562, #5098, #1844 ) ;
#5614 = ORIENTED_EDGE ( 'NONE', *, *, #8492, .T. ) ;
#5615 = DIRECTION ( 'NONE',  ( 3.336006684570783101E-16, 0.000000000000000000, -1.000000000000000000 ) ) ;
#5616 = ORIENTED_EDGE ( 'NONE', *, *, #4118, .F. ) ;
#5617 = VECTOR ( 'NONE', #9497, 999.9999999999998863 ) ;
#5618 = DIRECTION ( 'NONE',  ( -6.195440985631441512E-16, -1.000000000000000000, 0.000000000000000000 ) ) ;
#5619 = CARTESIAN_POINT ( 'NONE',  ( 4.249999999999892530, 0.2000000000000000111, 2.400000000000000355 ) ) ;
#5620 = EDGE_LOOP ( 'NONE', ( #9175, #1328, #2362, #2550 ) ) ;
#5621 = VECTOR ( 'NONE', #4443, 1000.000000000000000 ) ;
#5622 = ADVANCED_FACE ( 'NONE', ( #9142 ), #1617, .F. ) ;
#5623 = ORIENTED_EDGE ( 'NONE', *, *, #6348, .T. ) ;
#5624 = VERTEX_POINT ( 'NONE', #8104 ) ;
#5625 = STYLED_ITEM ( 'NONE', ( #4994 ), #9252 ) ;
#5626 = DIRECTION ( 'NONE',  ( -1.000000000000000000, 0.000000000000000000, 0.000000000000000000 ) ) ;
#5628 = EDGE_CURVE ( 'NONE', #5048, #5328, #7757, .T. ) ;
#5627 = CARTESIAN_POINT ( 'NONE',  ( 7.000000000000000000, 0.3999999999999996336, 1.399999999999999689 ) ) ;
#5629 = DIRECTION ( 'NONE',  ( -0.000000000000000000, -0.000000000000000000, -1.000000000000000000 ) ) ;
#5630 = LINE ( 'NONE', #8251, #4141 ) ;
#5631 = AXIS2_PLACEMENT_3D ( 'NONE', #2629, #6158, #2802 ) ;
#5632 = DIRECTION ( 'NONE',  ( -0.000000000000000000, 1.000000000000000000, -0.000000000000000000 ) ) ;
#5633 = LINE ( 'NONE', #5574, #8574 ) ;
#5634 = VECTOR ( 'NONE', #8585, 1000.000000000000000 ) ;
#5635 = LINE ( 'NONE', #5577, #6684 ) ;
#5636 = ORIENTED_EDGE ( 'NONE', *, *, #8860, .T. ) ;
#5637 = ORIENTED_EDGE ( 'NONE', *, *, #1055, .T. ) ;
#5638 = MANIFOLD_SOLID_BREP ( 'LPattern1[8]', #2865 ) ;
#5639 = DIRECTION ( 'NONE',  ( -0.5773502691896191807, -0.5773502691896257311, 0.5773502691896325034 ) ) ;
#5640 = DIRECTION ( 'NONE',  ( -1.000000000000000000, -4.929989413671456679E-32, 3.097720492815727659E-16 ) ) ;
#5642 = EDGE_CURVE ( 'NONE', #7168, #9521, #4359, .T. ) ;
#5641 = CARTESIAN_POINT ( 'NONE',  ( 5.800000000000000711, 5.465000000000001634, 0.7499999999999993339 ) ) ;
#5643 = CARTESIAN_POINT ( 'NONE',  ( 7.000000000000000000, 4.550000000000001599, -3.200000000000000178 ) ) ;
#5644 = VECTOR ( 'NONE', #10416, 1000.000000000000000 ) ;
#5645 = EDGE_CURVE ( 'NONE', #5389, #5537, #5958, .T. ) ;
#5646 = EDGE_CURVE ( 'NONE', #3433, #5340, #1822, .T. ) ;
#5647 = EDGE_CURVE ( 'NONE', #5303, #3178, #9300, .T. ) ;
#5648 = ORIENTED_EDGE ( 'NONE', *, *, #3045, .F. ) ;
#5649 = LINE ( 'NONE', #9092, #4366 ) ;
#5650 = ORIENTED_EDGE ( 'NONE', *, *, #7964, .T. ) ;
#5651 = LINE ( 'NONE', #10811, #5803 ) ;
#5652 = EDGE_CURVE ( 'NONE', #5306, #5524, #6779, .T. ) ;
#5653 = AXIS2_PLACEMENT_3D ( 'NONE', #7384, #3977, #1381 ) ;
#5654 = AXIS2_PLACEMENT_3D ( 'NONE', #4020, #3039, #5562 ) ;
#5655 = DIRECTION ( 'NONE',  ( 0.2359856711608181723, -0.8807105146304250454, -0.4106820575897978109 ) ) ;
#5656 = ORIENTED_EDGE ( 'NONE', *, *, #10776, .T. ) ;
#5657 = CARTESIAN_POINT ( 'NONE',  ( -6.305000000000000604, 0.4000000000000000222, -1.700000000000000178 ) ) ;
#5658 = DIRECTION ( 'NONE',  ( 0.000000000000000000, 0.4226182617407000519, -0.9063077870366497146 ) ) ;
#5659 = EDGE_CURVE ( 'NONE', #5090, #7306, #8523, .T. ) ;
#5660 = DIRECTION ( 'NONE',  ( 0.000000000000000000, -1.000000000000000000, 0.000000000000000000 ) ) ;
#5661 = MANIFOLD_SOLID_BREP ( 'LPattern1[5]', #754 ) ;
#5662 = DIRECTION ( 'NONE',  ( 0.000000000000000000, 0.000000000000000000, 1.000000000000000000 ) ) ;
#5663 = VECTOR ( 'NONE', #1461, 1000.000000000000000 ) ;
#5664 = VECTOR ( 'NONE', #10146, 1000.000000000000000 ) ;
#5665 = ORIENTED_EDGE ( 'NONE', *, *, #6110, .T. ) ;
#5666 = FACE_OUTER_BOUND ( 'NONE', #6450, .T. ) ;
#5667 = ORIENTED_EDGE ( 'NONE', *, *, #10193, .F. ) ;
#5668 = DIRECTION ( 'NONE',  ( -0.7071067811865479058, -0.7071067811865471286, 1.065066200317418117E-16 ) ) ;
#5669 = EDGE_CURVE ( 'NONE', #2828, #8983, #5072, .T. ) ;
#5670 = VERTEX_POINT ( 'NONE', #2648 ) ;
#5671 = VECTOR ( 'NONE', #2862, 1000.000000000000000 ) ;
#5672 = CARTESIAN_POINT ( 'NONE',  ( -5.800000000000000711, 5.500000000000001776, 0.5321572875253787194 ) ) ;
#5673 = VECTOR ( 'NONE', #10527, 1000.000000000000000 ) ;
#5674 = VERTEX_POINT ( 'NONE', #6014 ) ;
#5675 = PLANE ( 'NONE',  #7523 ) ;
#5676 = LINE ( 'NONE', #9019, #2330 ) ;
#5677 = ORIENTED_EDGE ( 'NONE', *, *, #9864, .T. ) ;
#5678 = ORIENTED_EDGE ( 'NONE', *, *, #10784, .F. ) ;
#5679 = FACE_OUTER_BOUND ( 'NONE', #5268, .T. ) ;
#5680 = VECTOR ( 'NONE', #2267, 1000.000000000000000 ) ;
#5681 = VERTEX_POINT ( 'NONE', #7697 ) ;
#5682 = CARTESIAN_POINT ( 'NONE',  ( -4.026055542458625069, 8.000000000000000000, -4.350000000000003197 ) ) ;
#5683 = CARTESIAN_POINT ( 'NONE',  ( 6.200000000000001066, 2.575000000000000178, 3.899999999999999911 ) ) ;
#5684 = ADVANCED_FACE ( 'NONE', ( #10242 ), #2762, .F. ) ;
#5685 = ORIENTED_EDGE ( 'NONE', *, *, #1118, .T. ) ;
#5686 = EDGE_LOOP ( 'NONE', ( #6453, #8156, #8602, #7272 ) ) ;
#5687 = AXIS2_PLACEMENT_3D ( 'NONE', #9986, #9152, #697 ) ;
#5688 = VERTEX_POINT ( 'NONE', #10350 ) ;
#5689 = DIRECTION ( 'NONE',  ( 0.9063077870366488265, 0.000000000000000000, -0.4226182617407019393 ) ) ;
#5690 = CARTESIAN_POINT ( 'NONE',  ( 6.305000000000000604, 2.350000000000000089, -3.599999999999999645 ) ) ;
#5691 = CARTESIAN_POINT ( 'NONE',  ( -5.200000000000000178, 0.9000000000000004663, -4.849999999999997868 ) ) ;
#5692 = DIRECTION ( 'NONE',  ( 0.000000000000000000, 0.000000000000000000, 1.000000000000000000 ) ) ;
#5693 = PRESENTATION_STYLE_ASSIGNMENT (( #1335 ) ) ;
#5694 = CARTESIAN_POINT ( 'NONE',  ( -5.800000000000000711, 2.575000000000000178, 3.899999999999999911 ) ) ;
#5695 = EDGE_LOOP ( 'NONE', ( #4656, #7158, #10374, #201, #8650, #10276, #4891, #63, #309, #379, #7545, #7660 ) ) ;
#5696 = ORIENTED_EDGE ( 'NONE', *, *, #61, .F. ) ;
#5697 = CARTESIAN_POINT ( 'NONE',  ( -5.599999999999997868, 5.700000000000000178, 3.499999999999997780 ) ) ;
#5698 = DIRECTION ( 'NONE',  ( 1.000000000000000000, 8.673617379884035472E-16, 0.000000000000000000 ) ) ;
#5699 = DIRECTION ( 'NONE',  ( -1.000000000000000000, -0.000000000000000000, -0.000000000000000000 ) ) ;
#5700 = DIRECTION ( 'NONE',  ( 0.000000000000000000, -1.000000000000000000, 0.000000000000000000 ) ) ;
#5701 = CARTESIAN_POINT ( 'NONE',  ( -4.827974591282618633, -1.897353801849632760E-16, -4.650000000000001243 ) ) ;
#5702 = ORIENTED_EDGE ( 'NONE', *, *, #12, .T. ) ;
#5703 = CARTESIAN_POINT ( 'NONE',  ( 7.000000000000000000, 1.300000000000000266, 3.699999999999999734 ) ) ;
#5704 = EDGE_CURVE ( 'NONE', #7556, #7996, #3702, .T. ) ;
#5705 = CARTESIAN_POINT ( 'NONE',  ( 4.250000000000000000, 2.649999999999999911, 0.7999999999999994893 ) ) ;
#5706 = EDGE_CURVE ( 'NONE', #10672, #4518, #449, .T. ) ;
#5707 = EDGE_CURVE ( 'NONE', #6379, #4121, #6290, .T. ) ;
#5708 = DIRECTION ( 'NONE',  ( -0.000000000000000000, 0.3713906763541029443, -0.9284766908852596368 ) ) ;
#5709 = VERTEX_POINT ( 'NONE', #8865 ) ;
#5710 = CARTESIAN_POINT ( 'NONE',  ( 6.055000000000000604, 0.6500000000000020206, -5.000000000000000000 ) ) ;
#5711 = DIRECTION ( 'NONE',  ( -0.000000000000000000, 1.000000000000000000, -0.000000000000000000 ) ) ;
#5712 = LINE ( 'NONE', #8380, #10228 ) ;
#5713 = EDGE_LOOP ( 'NONE', ( #9784, #7909, #1644, #6709 ) ) ;
#5714 = LINE ( 'NONE', #2302, #10299 ) ;
#5715 = AXIS2_PLACEMENT_3D ( 'NONE', #3898, #10614, #3133 ) ;
#5716 = VERTEX_POINT ( 'NONE', #1333 ) ;
#5717 = FILL_AREA_STYLE ('',( #1533 ) ) ;
#5718 = DIRECTION ( 'NONE',  ( 0.000000000000000000, -1.000000000000000000, -0.000000000000000000 ) ) ;
#5719 = CARTESIAN_POINT ( 'NONE',  ( -0.2500000000000002220, 2.649999999999999911, -2.300000000000000266 ) ) ;
#5720 = ORIENTED_EDGE ( 'NONE', *, *, #55, .T. ) ;
#5721 = PLANE ( 'NONE',  #7363 ) ;
#5722 = VECTOR ( 'NONE', #1291, 1000.000000000000000 ) ;
#5723 = DIRECTION ( 'NONE',  ( 0.000000000000000000, 0.000000000000000000, -1.000000000000000000 ) ) ;
#5724 = EDGE_CURVE ( 'NONE', #10651, #8129, #5402, .T. ) ;
#5725 = ORIENTED_EDGE ( 'NONE', *, *, #7861, .F. ) ;
#5726 = CARTESIAN_POINT ( 'NONE',  ( -5.900000000000000355, 0.4000000000000050182, 4.898587196589475321E-17 ) ) ;
#5727 = VERTEX_POINT ( 'NONE', #8030 ) ;
#5728 = DIRECTION ( 'NONE',  ( -0.7071067811865474617, 0.000000000000000000, -0.7071067811865474617 ) ) ;
#5729 = MANIFOLD_SOLID_BREP ( 'LPattern1[2]', #1096 ) ;
#5730 = VECTOR ( 'NONE', #9506, 1000.000000000000000 ) ;
#5731 = VECTOR ( 'NONE', #7279, 1000.000000000000000 ) ;
#5732 = EDGE_CURVE ( 'NONE', #2949, #618, #10464, .T. ) ;
#5733 = PLANE ( 'NONE',  #10021 ) ;
#5734 = ORIENTED_EDGE ( 'NONE', *, *, #4022, .F. ) ;
#5735 = ORIENTED_EDGE ( 'NONE', *, *, #7993, .F. ) ;
#5736 = ORIENTED_EDGE ( 'NONE', *, *, #10196, .F. ) ;
#5737 = LINE ( 'NONE', #2215, #10055 ) ;
#5738 = VECTOR ( 'NONE', #385, 1000.000000000000114 ) ;
#5739 = DIRECTION ( 'NONE',  ( 0.000000000000000000, 0.000000000000000000, 1.000000000000000000 ) ) ;
#5740 = EDGE_CURVE ( 'NONE', #6337, #115, #8809, .T. ) ;
#5741 = DIRECTION ( 'NONE',  ( 1.000000000000000000, 0.000000000000000000, 0.000000000000000000 ) ) ;
#5742 = EDGE_CURVE ( 'NONE', #7745, #7835, #8697, .T. ) ;
#5743 = LINE ( 'NONE', #9868, #3453 ) ;
#5744 = PLANE ( 'NONE',  #3323 ) ;
#5745 = CARTESIAN_POINT ( 'NONE',  ( 6.055000000000001492, 0.4000000000000000222, -3.599999999999998757 ) ) ;
#5746 = ORIENTED_EDGE ( 'NONE', *, *, #8987, .T. ) ;
#5747 = AXIS2_PLACEMENT_3D ( 'NONE', #998, #3338, #1111 ) ;
#5748 = ORIENTED_EDGE ( 'NONE', *, *, #6533, .T. ) ;
#5749 = EDGE_CURVE ( 'NONE', #8381, #939, #509, .T. ) ;
#5750 = LINE ( 'NONE', #7344, #5831 ) ;
#5751 = CARTESIAN_POINT ( 'NONE',  ( 6.055000000000000604, 0.3500000000000000888, -5.000000000000000000 ) ) ;
#5752 = LINE ( 'NONE', #1400, #10385 ) ;
#5753 = CARTESIAN_POINT ( 'NONE',  ( 1.749999999999999778, 2.149999999999999467, -1.999999999999997335 ) ) ;
#5754 = AXIS2_PLACEMENT_3D ( 'NONE', #1280, #451, #7388 ) ;
#5755 = LINE ( 'NONE', #10809, #1020 ) ;
#5756 = ORIENTED_EDGE ( 'NONE', *, *, #830, .F. ) ;
#5757 = CARTESIAN_POINT ( 'NONE',  ( -6.200000000000001066, 5.400000000000001243, 1.282157287525380829 ) ) ;
#5758 = LINE ( 'NONE', #4153, #3883 ) ;
#5759 = CARTESIAN_POINT ( 'NONE',  ( 5.800000000000000711, 5.400000000000001243, 1.717842712474618283 ) ) ;
#5760 = EDGE_CURVE ( 'NONE', #773, #6446, #3863, .T. ) ;
#5761 = EDGE_LOOP ( 'NONE', ( #4165, #4846, #10033, #1481 ) ) ;
#5762 = FACE_OUTER_BOUND ( 'NONE', #1406, .T. ) ;
#5763 = LINE ( 'NONE', #6635, #3036 ) ;
#5764 = DIRECTION ( 'NONE',  ( 0.000000000000000000, 1.000000000000000000, 0.000000000000000000 ) ) ;
#5765 = EDGE_CURVE ( 'NONE', #2828, #8444, #4527, .T. ) ;
#5766 = EDGE_CURVE ( 'NONE', #6945, #150, #2049, .T. ) ;
#5767 = ORIENTED_EDGE ( 'NONE', *, *, #5395, .T. ) ;
#5768 = PLANE ( 'NONE',  #6266 ) ;
#5769 = ORIENTED_EDGE ( 'NONE', *, *, #3478, .T. ) ;
#5770 = SURFACE_STYLE_FILL_AREA ( #8182 ) ;
#5771 = DIRECTION ( 'NONE',  ( -1.000000000000000000, -0.000000000000000000, -0.000000000000000000 ) ) ;
#5772 = ORIENTED_EDGE ( 'NONE', *, *, #10749, .F. ) ;
#5773 = SURFACE_STYLE_FILL_AREA ( #4998 ) ;
#5774 = DIRECTION ( 'NONE',  ( -1.000000000000000000, -0.000000000000000000, -0.000000000000000000 ) ) ;
#5775 = EDGE_CURVE ( 'NONE', #10263, #7151, #4583, .T. ) ;
#5776 = ORIENTED_EDGE ( 'NONE', *, *, #2220, .F. ) ;
#5777 = DIRECTION ( 'NONE',  ( 0.000000000000000000, -1.000000000000000000, 0.000000000000000000 ) ) ;
#5778 = EDGE_CURVE ( 'NONE', #3206, #5285, #3810, .T. ) ;
#5779 = ORIENTED_EDGE ( 'NONE', *, *, #8942, .T. ) ;
#5780 = CARTESIAN_POINT ( 'NONE',  ( -6.200000000000001066, 4.939999999999999503, 2.049999999999999822 ) ) ;
#5781 = MECHANICAL_DESIGN_GEOMETRIC_PRESENTATION_REPRESENTATION (  '', ( #2269 ), #6307 ) ;
#5782 = DIRECTION ( 'NONE',  ( 0.000000000000000000, -1.224646799147353454E-16, 1.000000000000000000 ) ) ;
#5783 = VERTEX_POINT ( 'NONE', #4809 ) ;
#5784 = EDGE_CURVE ( 'NONE', #10801, #4224, #8150, .T. ) ;
#5785 = EDGE_LOOP ( 'NONE', ( #8195, #1065, #1193, #3803 ) ) ;
#5786 = CARTESIAN_POINT ( 'NONE',  ( -6.200000000000001066, 5.425000000000000711, 3.075000000000000622 ) ) ;
#5787 = PLANE ( 'NONE',  #7753 ) ;
#5788 = LINE ( 'NONE', #6163, #3042 ) ;
#5789 = VECTOR ( 'NONE', #6352, 1000.000000000000000 ) ;
#5790 = LINE ( 'NONE', #4810, #8904 ) ;
#5791 = DIRECTION ( 'NONE',  ( -1.000000000000000000, -0.000000000000000000, -0.000000000000000000 ) ) ;
#5792 = AXIS2_PLACEMENT_3D ( 'NONE', #6256, #7020, #5256 ) ;
#5793 = FACE_OUTER_BOUND ( 'NONE', #10118, .T. ) ;
#5794 = EDGE_LOOP ( 'NONE', ( #5367, #8134, #8462, #760, #9124, #3315 ) ) ;
#5795 = ORIENTED_EDGE ( 'NONE', *, *, #4972, .F. ) ;
#5796 = EDGE_CURVE ( 'NONE', #10397, #1024, #7437, .T. ) ;
#5797 = ADVANCED_FACE ( 'NONE', ( #3981 ), #6462, .F. ) ;
#5798 = DIRECTION ( 'NONE',  ( 0.000000000000000000, -0.000000000000000000, 1.000000000000000000 ) ) ;
#5799 = AXIS2_PLACEMENT_3D ( 'NONE', #2502, #8425, #898 ) ;
#5800 = DIRECTION ( 'NONE',  ( 0.000000000000000000, -1.224646799147353454E-16, 1.000000000000000000 ) ) ;
#5801 = CARTESIAN_POINT ( 'NONE',  ( -7.000000000000000000, 5.700000000000000178, -3.200000000000000178 ) ) ;
#5802 = DIRECTION ( 'NONE',  ( 1.000000000000000000, 0.000000000000000000, 0.000000000000000000 ) ) ;
#5803 = VECTOR ( 'NONE', #4049, 999.9999999999998863 ) ;
#5804 = PLANE ( 'NONE',  #10516 ) ;
#5805 = ORIENTED_EDGE ( 'NONE', *, *, #6032, .T. ) ;
#5806 = LINE ( 'NONE', #9144, #10731 ) ;
#5807 = CARTESIAN_POINT ( 'NONE',  ( 3.750000000000000000, 2.259191070279860103, -2.300000000000000266 ) ) ;
#5808 = CARTESIAN_POINT ( 'NONE',  ( -1.750000000000107470, 0.6000000000000000888, 3.899999999999999911 ) ) ;
#5810 = ORIENTED_EDGE ( 'NONE', *, *, #9592, .F. ) ;
#5809 = VECTOR ( 'NONE', #8755, 1000.000000000000000 ) ;
#5811 = CARTESIAN_POINT ( 'NONE',  ( -0.2500000000001069145, 0.2000000000000000111, 2.400000000000000355 ) ) ;
#5812 = CARTESIAN_POINT ( 'NONE',  ( 4.026055542458626846, 8.000000000000000000, -4.350000000000002309 ) ) ;
#5813 = CARTESIAN_POINT ( 'NONE',  ( 6.242388108189161677, -0.8778098156693483478, -1.104147497287754520 ) ) ;
#5814 = EDGE_LOOP ( 'NONE', ( #3511, #4065, #6972, #7768 ) ) ;
#5815 = CARTESIAN_POINT ( 'NONE',  ( 3.749999999999892975, 0.2000000000000000111, 2.400000000000000355 ) ) ;
#5816 = VECTOR ( 'NONE', #9749, 1000.000000000000000 ) ;
#5817 = ORIENTED_EDGE ( 'NONE', *, *, #7445, .T. ) ;
#5818 = AXIS2_PLACEMENT_3D ( 'NONE', #2483, #10176, #9185 ) ;
#5819 = LINE ( 'NONE', #2561, #9294 ) ;
#5820 = CARTESIAN_POINT ( 'NONE',  ( -3.750000000000000000, 2.149999999999999467, -2.300000000000000266 ) ) ;
#5821 = ORIENTED_EDGE ( 'NONE', *, *, #9484, .F. ) ;
#5822 = PRESENTATION_STYLE_ASSIGNMENT (( #2459 ) ) ;
#5823 = VECTOR ( 'NONE', #6302, 1000.000000000000000 ) ;
#5824 = CARTESIAN_POINT ( 'NONE',  ( 0.2500000000000002220, 2.149999999999999467, -2.300000000000000266 ) ) ;
#5825 = VECTOR ( 'NONE', #1779, 1000.000000000000000 ) ;
#5826 = EDGE_LOOP ( 'NONE', ( #3835, #2322, #9256, #2145 ) ) ;
#5827 = CARTESIAN_POINT ( 'NONE',  ( -6.054999999999998828, -2.255251100194128654E-18, -4.650000000000000355 ) ) ;
#5828 = VERTEX_POINT ( 'NONE', #6512 ) ;
#5829 = LINE ( 'NONE', #8447, #8857 ) ;
#5830 = VECTOR ( 'NONE', #6778, 1000.000000000000000 ) ;
#5831 = VECTOR ( 'NONE', #10647, 1000.000000000000000 ) ;
#5832 = CARTESIAN_POINT ( 'NONE',  ( 1.699999999999999289, 4.400000000000000355, -3.200000000000000178 ) ) ;
#5833 = ORIENTED_EDGE ( 'NONE', *, *, #8307, .T. ) ;
#5834 = ADVANCED_FACE ( 'NONE', ( #3262 ), #1502, .F. ) ;
#5835 = ORIENTED_EDGE ( 'NONE', *, *, #3104, .T. ) ;
#5836 = ADVANCED_FACE ( 'NONE', ( #9865 ), #10690, .T. ) ;
#5837 = DIRECTION ( 'NONE',  ( -0.000000000000000000, -0.000000000000000000, 1.000000000000000000 ) ) ;
#5838 = EDGE_CURVE ( 'NONE', #562, #4491, #7386, .T. ) ;
#5839 = DIRECTION ( 'NONE',  ( 0.000000000000000000, 0.000000000000000000, 1.000000000000000000 ) ) ;
#5840 = VECTOR ( 'NONE', #2852, 1000.000000000000000 ) ;
#5841 = CARTESIAN_POINT ( 'NONE',  ( 2.249999999999892530, 0.6000000000000000888, 2.400000000000000355 ) ) ;
#5842 = VECTOR ( 'NONE', #10874, 1000.000000000000000 ) ;
#5843 = LINE ( 'NONE', #2427, #9015 ) ;
#5844 = VECTOR ( 'NONE', #1445, 1000.000000000000000 ) ;
#5845 = DIRECTION ( 'NONE',  ( 5.102127870520025912E-16, 1.000000000000000000, 0.000000000000000000 ) ) ;
#5846 = EDGE_CURVE ( 'NONE', #7591, #5537, #9808, .T. ) ;
#5847 = EDGE_LOOP ( 'NONE', ( #7715, #4825, #555, #2713 ) ) ;
#5848 = DIRECTION ( 'NONE',  ( 0.000000000000000000, -0.000000000000000000, 1.000000000000000000 ) ) ;
#5849 = DIRECTION ( 'NONE',  ( -0.000000000000000000, 0.5735764363510498232, 0.8191520442889892450 ) ) ;
#5850 = CARTESIAN_POINT ( 'NONE',  ( -3.750000000000107470, 0.2000000000000000111, 2.400000000000000355 ) ) ;
#5851 = ORIENTED_EDGE ( 'NONE', *, *, #8613, .T. ) ;
#5852 = VECTOR ( 'NONE', #5896, 1000.000000000000000 ) ;
#5853 = ORIENTED_EDGE ( 'NONE', *, *, #9197, .F. ) ;
#5854 = VECTOR ( 'NONE', #5723, 1000.000000000000000 ) ;
#5855 = DIRECTION ( 'NONE',  ( 3.336006684570783101E-16, 0.000000000000000000, -1.000000000000000000 ) ) ;
#5856 = CARTESIAN_POINT ( 'NONE',  ( 3.749999999999892975, 0.2000000000000000111, 2.400000000000000355 ) ) ;
#5857 = CARTESIAN_POINT ( 'NONE',  ( -6.200000000000001954, 2.400000000000001243, -1.699999999999998401 ) ) ;
#5858 = APPLICATION_CONTEXT ( 'automotive_design' ) ;
#5859 = PRESENTATION_STYLE_ASSIGNMENT (( #5910 ) ) ;
#5860 = EDGE_CURVE ( 'NONE', #1787, #7893, #4866, .T. ) ;
#5861 = CARTESIAN_POINT ( 'NONE',  ( -5.899999999999998579, 1.800000000000000044, -1.700000000000000400 ) ) ;
#5862 = VERTEX_POINT ( 'NONE', #2219 ) ;
#5863 = DIRECTION ( 'NONE',  ( 7.885106708985485090E-16, 1.000000000000000000, -0.000000000000000000 ) ) ;
#5864 = CARTESIAN_POINT ( 'NONE',  ( 5.900000000000000355, 1.799999999999999600, 1.099999999999999867 ) ) ;
#5865 = ORIENTED_EDGE ( 'NONE', *, *, #3182, .T. ) ;
#5866 = LINE ( 'NONE', #182, #2453 ) ;
#5867 = VERTEX_POINT ( 'NONE', #8202 ) ;
#5868 = LINE ( 'NONE', #3331, #5825 ) ;
#5869 = CYLINDRICAL_SURFACE ( 'NONE', #7403, 0.2000000000000005107 ) ;
#5870 = CARTESIAN_POINT ( 'NONE',  ( 5.900000000000000355, 4.629138561470611535, 1.099999999999999867 ) ) ;
#5871 = ORIENTED_EDGE ( 'NONE', *, *, #1078, .F. ) ;
#5872 =( BOUNDED_SURFACE ( )  B_SPLINE_SURFACE ( 3, 2, ( 
 ( #9769, #6626, #2236 ),
 ( #5589, #3228, #8045 ),
 ( #3172, #3119, #2440 ),
 ( #10706, #4929, #8267 ),
 ( #4099, #1405, #3941 ),
 ( #9042, #7450, #9978 ),
 ( #6477, #9822, #7295 ),
 ( #6528, #5701, #7237 ) ),
 .UNSPECIFIED., .F., .F., .F. ) 
 B_SPLINE_SURFACE_WITH_KNOTS ( ( 4, 2, 2, 4 ),
 ( 3, 3 ),
 ( 6.283185307179586232, 6.675884388878310816, 7.068583470577034511, 7.853981633974482790 ),
 ( 0.000000000000000000, 1.000000000000000000 ),
 .UNSPECIFIED. ) 
 GEOMETRIC_REPRESENTATION_ITEM ( )  RATIONAL_B_SPLINE_SURFACE ( (
 ( 1.000000000000000000, 0.8433914458128862757, 1.000000000000000000),
 ( 1.000000000000000000, 0.8432077061362263093, 1.000000000000000000),
 ( 1.000000000000000000, 0.8527042424937989473, 1.000000000000000000),
 ( 1.000000000000000000, 0.8834834545263923200, 1.000000000000000000),
 ( 1.000000000000000000, 0.9045906601078489429, 1.000000000000000000),
 ( 1.000000000000000000, 0.9658666233190738026, 1.000000000000000000),
 ( 1.000000000000000000, 1.001620268760454291, 1.000000000000000000),
 ( 1.000000000000000000, 1.000000000000000000, 1.000000000000000000) ) ) 
 REPRESENTATION_ITEM ( '' )  SURFACE ( )  );
#5873 = EDGE_CURVE ( 'NONE', #9293, #9397, #10581, .T. ) ;
#5874 = PLANE ( 'NONE',  #5425 ) ;
#5875 = ORIENTED_EDGE ( 'NONE', *, *, #9264, .F. ) ;
#5876 = CARTESIAN_POINT ( 'NONE',  ( -2.250000000000000444, 2.259191070279860103, -2.300000000000000266 ) ) ;
#5877 = VECTOR ( 'NONE', #5728, 1000.000000000000114 ) ;
#5878 = EDGE_CURVE ( 'NONE', #7838, #7970, #2270, .T. ) ;
#5879 = DIRECTION ( 'NONE',  ( 1.000000000000000000, 0.000000000000000000, 0.000000000000000000 ) ) ;
#5880 = ORIENTED_EDGE ( 'NONE', *, *, #10682, .F. ) ;
#5881 = CARTESIAN_POINT ( 'NONE',  ( -5.900000000000000355, 0.4000000000000000222, 1.099999999999999867 ) ) ;
#5882 = DIRECTION ( 'NONE',  ( 1.000000000000000000, -0.000000000000000000, -0.000000000000000000 ) ) ;
#5883 = EDGE_CURVE ( 'NONE', #7855, #7085, #5630, .T. ) ;
#5884 = AXIS2_PLACEMENT_3D ( 'NONE', #4840, #1480, #1231 ) ;
#5885 = VERTEX_POINT ( 'NONE', #1551 ) ;
#5886 = LINE ( 'NONE', #1640, #6775 ) ;
#5887 = VERTEX_POINT ( 'NONE', #727 ) ;
#5888 = CARTESIAN_POINT ( 'NONE',  ( 7.000000000000000000, 5.700000000000000178, -3.200000000000000178 ) ) ;
#5889 = FACE_OUTER_BOUND ( 'NONE', #1140, .T. ) ;
#5890 = ORIENTED_EDGE ( 'NONE', *, *, #10196, .T. ) ;
#5891 = AXIS2_PLACEMENT_3D ( 'NONE', #3768, #9595, #2176 ) ;
#5892 = ORIENTED_EDGE ( 'NONE', *, *, #6140, .T. ) ;
#5893 = DIRECTION ( 'NONE',  ( -3.336006684570783101E-16, 0.000000000000000000, 1.000000000000000000 ) ) ;
#5894 = LINE ( 'NONE', #4394, #3773 ) ;
#5895 = CARTESIAN_POINT ( 'NONE',  ( 6.200000000000001066, 4.939999999999999503, 2.049999999999999822 ) ) ;
#5896 = DIRECTION ( 'NONE',  ( 0.000000000000000000, 1.000000000000000000, 0.000000000000000000 ) ) ;
#5897 = LINE ( 'NONE', #5013, #3615 ) ;
#5898 = EDGE_CURVE ( 'NONE', #10248, #3782, #879, .T. ) ;
#5899 = ORIENTED_EDGE ( 'NONE', *, *, #4704, .F. ) ;
#5900 = LINE ( 'NONE', #2699, #8368 ) ;
#5901 = EDGE_CURVE ( 'NONE', #8768, #3404, #10074, .T. ) ;
#5902 = ADVANCED_FACE ( 'NONE', ( #4239 ), #5945, .F. ) ;
#5903 = DIRECTION ( 'NONE',  ( 0.000000000000000000, 0.000000000000000000, 1.000000000000000000 ) ) ;
#5904 = ORIENTED_EDGE ( 'NONE', *, *, #820, .F. ) ;
#5905 = VERTEX_POINT ( 'NONE', #10845 ) ;
#5906 = VECTOR ( 'NONE', #2371, 1000.000000000000000 ) ;
#5907 = DIRECTION ( 'NONE',  ( 1.000000000000000000, 0.000000000000000000, -0.000000000000000000 ) ) ;
#5908 = LINE ( 'NONE', #3318, #8329 ) ;
#5909 = CARTESIAN_POINT ( 'NONE',  ( 2.250000000000000444, 2.649999999999999911, 0.7999999999999994893 ) ) ;
#5910 = SURFACE_STYLE_USAGE ( .BOTH. , #2591 ) ;
#5911 = EDGE_CURVE ( 'NONE', #7745, #10037, #5897, .T. ) ;
#5912 = CARTESIAN_POINT ( 'NONE',  ( -3.399999999999999911, 5.699999999999999289, 3.900000000000000355 ) ) ;
#5913 = CIRCLE ( 'NONE', #9415, 0.1749999999999993783 ) ;
#5914 = ORIENTED_EDGE ( 'NONE', *, *, #307, .T. ) ;
#5915 = DIRECTION ( 'NONE',  ( 0.7071067811865558994, -5.575612424303243586E-16, 0.7071067811865391350 ) ) ;
#5916 = FACE_OUTER_BOUND ( 'NONE', #1683, .T. ) ;
#5917 = ORIENTED_EDGE ( 'NONE', *, *, #113, .F. ) ;
#5918 = ADVANCED_FACE ( 'NONE', ( #7529 ), #158, .F. ) ;
#5919 = LINE ( 'NONE', #1625, #2103 ) ;
#5920 = ORIENTED_EDGE ( 'NONE', *, *, #2353, .F. ) ;
#5921 = DIRECTION ( 'NONE',  ( 1.000000000000000000, 0.000000000000000000, -0.000000000000000000 ) ) ;
#5922 = AXIS2_PLACEMENT_3D ( 'NONE', #9605, #2074, #5427 ) ;
#5923 = DIRECTION ( 'NONE',  ( 0.000000000000000000, -1.000000000000000000, 0.000000000000000000 ) ) ;
#5924 = CARTESIAN_POINT ( 'NONE',  ( 6.200000000000001066, 5.500000000000001776, 1.974999999999999423 ) ) ;
#5925 = ORIENTED_EDGE ( 'NONE', *, *, #7379, .T. ) ;
#5926 =( NAMED_UNIT ( * ) PLANE_ANGLE_UNIT ( ) SI_UNIT ( $, .RADIAN. ) );
#5927 = ORIENTED_EDGE ( 'NONE', *, *, #8438, .T. ) ;
#5928 = DIRECTION ( 'NONE',  ( -1.000000000000000000, 0.000000000000000000, 0.000000000000000000 ) ) ;
#5929 = CARTESIAN_POINT ( 'NONE',  ( 3.749999999999892530, 0.6000000000000000888, 3.899999999999999911 ) ) ;
#5930 = ORIENTED_EDGE ( 'NONE', *, *, #9894, .F. ) ;
#5931 = EDGE_CURVE ( 'NONE', #1024, #4786, #1679, .T. ) ;
#5932 = DIRECTION ( 'NONE',  ( -6.938893903907222067E-15, 0.000000000000000000, 1.000000000000000000 ) ) ;
#5933 =( BOUNDED_CURVE ( )  B_SPLINE_CURVE ( 3, ( #8968, #1437, #2420, #9120 ),
 .UNSPECIFIED., .F., .T. ) 
 B_SPLINE_CURVE_WITH_KNOTS ( ( 4, 4 ),
 ( -1.332267629550187849E-14, 1.570796326794896780 ),
 .UNSPECIFIED. ) 
 CURVE ( )  GEOMETRIC_REPRESENTATION_ITEM ( )  RATIONAL_B_SPLINE_CURVE ( ( 1.000000000000000000, 0.8047378541243618288, 0.8047378541243618288, 1.000000000000000000 ) ) 
 REPRESENTATION_ITEM ( '' )  );
#5934 = ORIENTED_EDGE ( 'NONE', *, *, #2841, .F. ) ;
#5935 = CARTESIAN_POINT ( 'NONE',  ( 5.350000000000000533, 4.950000000000000178, -3.200000000000000178 ) ) ;
#5936 = EDGE_LOOP ( 'NONE', ( #7308, #1886, #6199, #1274 ) ) ;
#5937 = LINE ( 'NONE', #49, #7281 ) ;
#5938 = DIRECTION ( 'NONE',  ( -1.000000000000000000, -0.000000000000000000, -3.336006684570783101E-16 ) ) ;
#5939 = ORIENTED_EDGE ( 'NONE', *, *, #5778, .T. ) ;
#5940 = ORIENTED_EDGE ( 'NONE', *, *, #664, .F. ) ;
#5941 = LINE ( 'NONE', #5996, #2987 ) ;
#5942 = PLANE ( 'NONE',  #433 ) ;
#5943 = LINE ( 'NONE', #5011, #3379 ) ;
#5944 = CARTESIAN_POINT ( 'NONE',  ( -5.899999999999998579, 0.4000000000000000222, 1.099999999999999645 ) ) ;
#5945 = PLANE ( 'NONE',  #8344 ) ;
#5946 = VERTEX_POINT ( 'NONE', #7586 ) ;
#5947 = CARTESIAN_POINT ( 'NONE',  ( 5.200000000000000178, 2.199999999999997513, 0.7999999999999994893 ) ) ;
#5948 = EDGE_CURVE ( 'NONE', #3492, #8157, #3362, .T. ) ;
#5949 = LINE ( 'NONE', #9292, #4765 ) ;
#5950 = ORIENTED_EDGE ( 'NONE', *, *, #460, .F. ) ;
#5951 = AXIS2_PLACEMENT_3D ( 'NONE', #2034, #3679, #4625 ) ;
#5952 = ORIENTED_EDGE ( 'NONE', *, *, #4479, .F. ) ;
#5953 = EDGE_CURVE ( 'NONE', #9325, #8105, #6720, .T. ) ;
#5954 = AXIS2_PLACEMENT_3D ( 'NONE', #7348, #1565, #8212 ) ;
#5955 = FACE_OUTER_BOUND ( 'NONE', #897, .T. ) ;
#5956 = LINE ( 'NONE', #889, #4192 ) ;
#5957 = CARTESIAN_POINT ( 'NONE',  ( -7.000000000000000000, 5.700000000000000178, 0.1000000000000002554 ) ) ;
#5958 = LINE ( 'NONE', #9247, #9217 ) ;
#5959 = VECTOR ( 'NONE', #4884, 999.9999999999998863 ) ;
#5960 = PLANE ( 'NONE',  #3853 ) ;
#5961 = ORIENTED_EDGE ( 'NONE', *, *, #10198, .T. ) ;
#5962 = VECTOR ( 'NONE', #7335, 1000.000000000000000 ) ;
#5963 = CYLINDRICAL_SURFACE ( 'NONE', #4754, 0.2500000000000002220 ) ;
#5964 = CARTESIAN_POINT ( 'NONE',  ( 4.604999999999999538, 0.3500000000000000333, -5.000000000000000888 ) ) ;
#5965 = VERTEX_POINT ( 'NONE', #9400 ) ;
#5966 = VECTOR ( 'NONE', #4589, 1000.000000000000000 ) ;
#5967 = LINE ( 'NONE', #10861, #5977 ) ;
#5968 = EDGE_CURVE ( 'NONE', #8129, #3178, #4346, .T. ) ;
#5969 = EDGE_LOOP ( 'NONE', ( #923, #10512, #8745, #8517 ) ) ;
#5970 = ADVANCED_FACE ( 'NONE', ( #4184 ), #2531, .F. ) ;
#5971 = LINE ( 'NONE', #7711, #8279 ) ;
#5972 = ADVANCED_FACE ( 'NONE', ( #58 ), #1756, .F. ) ;
#5973 = LINE ( 'NONE', #7553, #6178 ) ;
#5974 = VECTOR ( 'NONE', #8126, 1000.000000000000000 ) ;
#5975 = LINE ( 'NONE', #8538, #8689 ) ;
#5976 = ORIENTED_EDGE ( 'NONE', *, *, #2418, .F. ) ;
#5977 = VECTOR ( 'NONE', #8322, 999.9999999999998863 ) ;
#5978 = ORIENTED_EDGE ( 'NONE', *, *, #10455, .F. ) ;
#5979 = CARTESIAN_POINT ( 'NONE',  ( 3.850000000000000089, 5.700000000000000178, -3.200000000000000178 ) ) ;
#5980 = LINE ( 'NONE', #3342, #5842 ) ;
#5981 = EDGE_CURVE ( 'NONE', #8163, #8346, #8407, .T. ) ;
#5982 = VERTEX_POINT ( 'NONE', #6813 ) ;
#5983 = SURFACE_STYLE_FILL_AREA ( #965 ) ;
#5984 = DIRECTION ( 'NONE',  ( 0.5773502691896259531, 0.5773502691896256200, -0.5773502691896256200 ) ) ;
#5985 = VECTOR ( 'NONE', #1659, 1000.000000000000000 ) ;
#5986 = EDGE_LOOP ( 'NONE', ( #2324, #3961, #4391, #10765 ) ) ;
#5987 = CARTESIAN_POINT ( 'NONE',  ( -4.252632489217787359, 0.000000000000000000, -4.244345434564827713 ) ) ;
#5988 = EDGE_LOOP ( 'NONE', ( #8280, #6253, #4542, #3002 ) ) ;
#5989 = CARTESIAN_POINT ( 'NONE',  ( -6.305000000000000604, 1.800000000000000044, -1.699999999999999734 ) ) ;
#5990 = ADVANCED_FACE ( 'NONE', ( #10124 ), #2580, .F. ) ;
#5991 = LINE ( 'NONE', #1800, #9320 ) ;
#5992 = ORIENTED_EDGE ( 'NONE', *, *, #10129, .F. ) ;
#5993 = VECTOR ( 'NONE', #2603, 1000.000000000000000 ) ;
#5994 = VECTOR ( 'NONE', #3735, 1000.000000000000000 ) ;
#5995 = ORIENTED_EDGE ( 'NONE', *, *, #6378, .T. ) ;
#5996 = CARTESIAN_POINT ( 'NONE',  ( 6.200000000000001066, 2.400000000000001243, -1.699999999999999956 ) ) ;
#5997 = DIRECTION ( 'NONE',  ( 0.9659258262890690894, -0.2588190451025180194, -3.169619151431732277E-17 ) ) ;
#5998 = DIRECTION ( 'NONE',  ( 0.000000000000000000, 1.606225440719265874E-16, -1.000000000000000000 ) ) ;
#5999 = LINE ( 'NONE', #1807, #3740 ) ;
#6000 = EDGE_CURVE ( 'NONE', #8967, #2080, #934, .T. ) ;
#6001 = DIRECTION ( 'NONE',  ( 0.000000000000000000, 1.591489427501657896E-16, -1.000000000000000000 ) ) ;
#6002 = VECTOR ( 'NONE', #1332, 1000.000000000000000 ) ;
#6003 = ORIENTED_EDGE ( 'NONE', *, *, #10009, .T. ) ;
#6004 = FACE_OUTER_BOUND ( 'NONE', #4462, .T. ) ;
#6005 = EDGE_CURVE ( 'NONE', #9295, #2496, #9348, .T. ) ;
#6006 = LINE ( 'NONE', #2583, #5985 ) ;
#6007 = ORIENTED_EDGE ( 'NONE', *, *, #439, .F. ) ;
#6008 = ORIENTED_EDGE ( 'NONE', *, *, #6377, .T. ) ;
#6009 = AXIS2_PLACEMENT_3D ( 'NONE', #3136, #6492, #9948 ) ;
#6010 = AXIS2_PLACEMENT_3D ( 'NONE', #446, #4636, #5229 ) ;
#6011 = PLANE ( 'NONE',  #8449 ) ;
#6012 = CARTESIAN_POINT ( 'NONE',  ( -6.304999999999998828, 2.750000000000000888, -3.200000000000001954 ) ) ;
#6013 = LINE ( 'NONE', #5909, #8278 ) ;
#6014 = CARTESIAN_POINT ( 'NONE',  ( -6.200000000000001066, 5.394289321881347021, 1.570710678118654391 ) ) ;
#6015 = LINE ( 'NONE', #3591, #6457 ) ;
#6016 = CLOSED_SHELL ( 'NONE', ( #6463, #8781, #10001, #8529, #6104, #8848, #3425, #7572, #741, #757 ) ) ;
#6017 = CARTESIAN_POINT ( 'NONE',  ( -0.2500000000001069145, 0.6000000000000000888, 2.400000000000000355 ) ) ;
#6018 = VECTOR ( 'NONE', #7054, 1000.000000000000000 ) ;
#6019 = ORIENTED_EDGE ( 'NONE', *, *, #2672, .F. ) ;
#6020 = CARTESIAN_POINT ( 'NONE',  ( -0.2500000000001074141, 0.2000000000000000111, 3.899999999999999911 ) ) ;
#6021 = CARTESIAN_POINT ( 'NONE',  ( 4.764267567286918137, 0.3041773469432282884, -5.000000000000000888 ) ) ;
#6022 = EDGE_LOOP ( 'NONE', ( #4269, #6918, #8590, #9332, #6387, #6263 ) ) ;
#6023 = DIRECTION ( 'NONE',  ( -0.000000000000000000, 0.7071067811865495711, 0.7071067811865455743 ) ) ;
#6024 = ORIENTED_EDGE ( 'NONE', *, *, #1415, .T. ) ;
#6025 = LINE ( 'NONE', #9423, #7566 ) ;
#6026 = DIRECTION ( 'NONE',  ( 1.000000000000000000, 0.000000000000000000, 0.000000000000000000 ) ) ;
#6027 = CARTESIAN_POINT ( 'NONE',  ( -6.200000000000001954, 5.500000000000002665, -1.699999999999997957 ) ) ;
#6028 = ORIENTED_EDGE ( 'NONE', *, *, #6518, .T. ) ;
#6029 = EDGE_CURVE ( 'NONE', #7859, #3845, #8510, .T. ) ;
#6030 = ORIENTED_EDGE ( 'NONE', *, *, #467, .T. ) ;
#6031 = DIRECTION ( 'NONE',  ( -0.4226182617407009401, 0.000000000000000000, 0.9063077870366492705 ) ) ;
#6032 = EDGE_CURVE ( 'NONE', #2252, #3178, #6875, .T. ) ;
#6033 = EDGE_CURVE ( 'NONE', #4134, #4851, #8627, .T. ) ;
#6034 = CARTESIAN_POINT ( 'NONE',  ( 0.2499999999998926692, 0.6000000000000000888, 2.400000000000000355 ) ) ;
#6035 = ORIENTED_EDGE ( 'NONE', *, *, #6888, .T. ) ;
#6036 = CARTESIAN_POINT ( 'NONE',  ( 4.764267565201872223, 0.1449747468305830900, -5.000000000000000000 ) ) ;
#6037 = ORIENTED_EDGE ( 'NONE', *, *, #7891, .T. ) ;
#6038 = FACE_OUTER_BOUND ( 'NONE', #2040, .T. ) ;
#6039 = VERTEX_POINT ( 'NONE', #1101 ) ;
#6040 = CARTESIAN_POINT ( 'NONE',  ( -2.140808929720139364, 0.000000000000000000, -2.300000000000000266 ) ) ;
#6041 = DIRECTION ( 'NONE',  ( -1.000000000000000000, -0.000000000000000000, 5.421010862427520198E-16 ) ) ;
#6042 = DIRECTION ( 'NONE',  ( 0.000000000000000000, 0.000000000000000000, -1.000000000000000000 ) ) ;
#6043 = ORIENTED_EDGE ( 'NONE', *, *, #2395, .T. ) ;
#6044 = ORIENTED_EDGE ( 'NONE', *, *, #663, .T. ) ;
#6045 = CARTESIAN_POINT ( 'NONE',  ( -0.6250000000000001110, 5.000000000000000000, -1.099999999999998979 ) ) ;
#6046 = EDGE_CURVE ( 'NONE', #10573, #5389, #1919, .T. ) ;
#6047 = FACE_OUTER_BOUND ( 'NONE', #3827, .T. ) ;
#6048 = CARTESIAN_POINT ( 'NONE',  ( -4.537690618442708157, 0.3499999999999996447, -4.855654565435175485 ) ) ;
#6049 = ORIENTED_EDGE ( 'NONE', *, *, #9145, .T. ) ;
#6050 = CARTESIAN_POINT ( 'NONE',  ( 0.2500000000000002220, 2.649999999999999911, 0.7999999999999994893 ) ) ;
#6051 = ORIENTED_EDGE ( 'NONE', *, *, #638, .T. ) ;
#6052 = CARTESIAN_POINT ( 'NONE',  ( -3.750000000000000000, 2.649999999999999911, 0.7999999999999994893 ) ) ;
#6053 = EDGE_LOOP ( 'NONE', ( #10624, #7319, #7049, #609 ) ) ;
#6054 = EDGE_CURVE ( 'NONE', #3695, #9604, #4628, .T. ) ;
#6055 = CARTESIAN_POINT ( 'NONE',  ( -5.205000000000001847, 5.700000000000000178, 3.499999999999997780 ) ) ;
#6056 = VECTOR ( 'NONE', #6331, 1000.000000000000000 ) ;
#6057 = AXIS2_PLACEMENT_3D ( 'NONE', #9356, #5178, #4357 ) ;
#6058 = PLANE ( 'NONE',  #1051 ) ;
#6059 = ORIENTED_EDGE ( 'NONE', *, *, #10686, .F. ) ;
#6060 = ORIENTED_EDGE ( 'NONE', *, *, #6255, .F. ) ;
#6061 = CARTESIAN_POINT ( 'NONE',  ( -1.749999999999999778, 2.649999999999999911, 0.7999999999999994893 ) ) ;
#6062 = EDGE_CURVE ( 'NONE', #1045, #5564, #6165, .T. ) ;
#6063 = PRESENTATION_LAYER_ASSIGNMENT (  '', '', ( #1663 ) ) ;
#6064 = EDGE_CURVE ( 'NONE', #2013, #6857, #7099, .T. ) ;
#6065 = DIRECTION ( 'NONE',  ( -1.000000000000000000, -0.000000000000000000, -0.000000000000000000 ) ) ;
#6066 = CARTESIAN_POINT ( 'NONE',  ( -5.349999999999999645, 2.350000000000000089, -3.599999999999999645 ) ) ;
#6067 = DIRECTION ( 'NONE',  ( 0.000000000000000000, 0.000000000000000000, 1.000000000000000000 ) ) ;
#6068 = DIRECTION ( 'NONE',  ( 1.000000000000000000, 0.000000000000000000, 7.317513109993572647E-16 ) ) ;
#6069 = ORIENTED_EDGE ( 'NONE', *, *, #9623, .T. ) ;
#6070 = LINE ( 'NONE', #2497, #4937 ) ;
#6071 = MECHANICAL_DESIGN_GEOMETRIC_PRESENTATION_REPRESENTATION (  '', ( #967 ), #6948 ) ;
#6072 = CARTESIAN_POINT ( 'NONE',  ( 4.645601145016818201, 0.1378977443957998261, -4.936268968252671918 ) ) ;
#6073 = VERTEX_POINT ( 'NONE', #2147 ) ;
#6074 = LINE ( 'NONE', #7122, #8770 ) ;
#6075 = ORIENTED_EDGE ( 'NONE', *, *, #2361, .F. ) ;
#6076 = FACE_OUTER_BOUND ( 'NONE', #10268, .T. ) ;
#6077 = CARTESIAN_POINT ( 'NONE',  ( -6.305000000000000604, 1.799999999999999600, 1.099999999999999867 ) ) ;
#6078 = LINE ( 'NONE', #7235, #2724 ) ;
#6079 = VECTOR ( 'NONE', #5557, 1000.000000000000000 ) ;
#6080 = EDGE_LOOP ( 'NONE', ( #6075, #2539, #4129, #1557 ) ) ;
#6081 = FACE_OUTER_BOUND ( 'NONE', #9393, .T. ) ;
#6082 = EDGE_LOOP ( 'NONE', ( #7941, #7372, #5795, #6543 ) ) ;
#6083 = EDGE_CURVE ( 'NONE', #6535, #4054, #2751, .T. ) ;
#6084 = AXIS2_PLACEMENT_3D ( 'NONE', #7416, #9898, #6486 ) ;
#6085 = FACE_OUTER_BOUND ( 'NONE', #10562, .T. ) ;
#6086 = ORIENTED_EDGE ( 'NONE', *, *, #10892, .F. ) ;
#6087 = PLANE ( 'NONE',  #7230 ) ;
#6088 = LINE ( 'NONE', #2072, #8843 ) ;
#6089 = EDGE_CURVE ( 'NONE', #8608, #669, #7961, .T. ) ;
#6090 = ADVANCED_FACE ( 'NONE', ( #5278 ), #7799, .F. ) ;
#6091 = ORIENTED_EDGE ( 'NONE', *, *, #460, .T. ) ;
#6092 = PLANE ( 'NONE',  #7488 ) ;
#6093 = VECTOR ( 'NONE', #10398, 1000.000000000000000 ) ;
#6094 = ORIENTED_EDGE ( 'NONE', *, *, #10540, .F. ) ;
#6095 = CARTESIAN_POINT ( 'NONE',  ( 0.000000000000000000, 0.6000000000000000888, 0.000000000000000000 ) ) ;
#6096 = CARTESIAN_POINT ( 'NONE',  ( 4.185323107660499531, 0.9000000000000005773, -4.100000000000002309 ) ) ;
#6097 = LINE ( 'NONE', #1973, #3356 ) ;
#6098 = ORIENTED_EDGE ( 'NONE', *, *, #2798, .F. ) ;
#6099 = EDGE_LOOP ( 'NONE', ( #9568, #9713, #3798, #2264 ) ) ;
#6100 = LINE ( 'NONE', #874, #2112 ) ;
#6101 = FACE_OUTER_BOUND ( 'NONE', #7786, .T. ) ;
#6102 = EDGE_CURVE ( 'NONE', #7859, #1836, #7153, .T. ) ;
#6103 = DIRECTION ( 'NONE',  ( -1.000000000000000000, -0.000000000000000000, -0.000000000000000000 ) ) ;
#6104 = ADVANCED_FACE ( 'NONE', ( #6336 ), #274, .T. ) ;
#6105 = ORIENTED_EDGE ( 'NONE', *, *, #678, .F. ) ;
#6106 = DIRECTION ( 'NONE',  ( 0.000000000000000000, 1.000000000000000000, 0.000000000000000000 ) ) ;
#6107 = DIRECTION ( 'NONE',  ( -0.000000000000000000, 1.000000000000000000, 2.168404344971008868E-16 ) ) ;
#6108 = ORIENTED_EDGE ( 'NONE', *, *, #8947, .T. ) ;
#6109 = CARTESIAN_POINT ( 'NONE',  ( 6.200000000000001066, 2.400000000000000355, 3.700000000000000178 ) ) ;
#6110 = EDGE_CURVE ( 'NONE', #3454, #8596, #9452, .T. ) ;
#6111 = PLANE ( 'NONE',  #3345 ) ;
#6112 = EDGE_LOOP ( 'NONE', ( #127, #6818, #6916, #702 ) ) ;
#6113 = ORIENTED_EDGE ( 'NONE', *, *, #7723, .F. ) ;
#6114 = EDGE_CURVE ( 'NONE', #8187, #2484, #3579, .T. ) ;
#6115 = LINE ( 'NONE', #2930, #8978 ) ;
#6116 = DIRECTION ( 'NONE',  ( 0.000000000000000000, 1.000000000000000000, 0.000000000000000000 ) ) ;
#6117 = DIRECTION ( 'NONE',  ( 0.000000000000000000, -0.000000000000000000, 1.000000000000000000 ) ) ;
#6118 = DIRECTION ( 'NONE',  ( -0.000000000000000000, 1.000000000000000000, -0.000000000000000000 ) ) ;
#6119 = FACE_OUTER_BOUND ( 'NONE', #9162, .T. ) ;
#6120 = DIRECTION ( 'NONE',  ( -1.000000000000000000, -0.000000000000000000, -0.000000000000000000 ) ) ;
#6121 = ORIENTED_EDGE ( 'NONE', *, *, #8196, .T. ) ;
#6122 = LINE ( 'NONE', #4475, #174 ) ;
#6123 = EDGE_CURVE ( 'NONE', #7247, #7067, #10284, .T. ) ;
#6124 = CARTESIAN_POINT ( 'NONE',  ( -3.750000000000107470, 0.000000000000000000, 2.900000000000001688 ) ) ;
#6125 = CARTESIAN_POINT ( 'NONE',  ( 4.794720210200589250, 0.03772148143099263162, -4.832696228261576188 ) ) ;
#6126 = AXIS2_PLACEMENT_3D ( 'NONE', #3427, #5182, #6068 ) ;
#6127 = ORIENTED_EDGE ( 'NONE', *, *, #9445, .T. ) ;
#6128 = DIRECTION ( 'NONE',  ( -1.000000000000000000, 0.000000000000000000, -0.000000000000000000 ) ) ;
#6129 = ORIENTED_EDGE ( 'NONE', *, *, #2779, .F. ) ;
#6130 = DIRECTION ( 'NONE',  ( 0.000000000000000000, 0.000000000000000000, -1.000000000000000000 ) ) ;
#6131 = CIRCLE ( 'NONE', #2439, 0.5500000000000018208 ) ;
#6132 = DIRECTION ( 'NONE',  ( 0.000000000000000000, -1.591489427501657896E-16, 1.000000000000000000 ) ) ;
#6133 = PLANE ( 'NONE',  #1245 ) ;
#6134 = DIRECTION ( 'NONE',  ( -1.000000000000000000, -0.000000000000000000, -0.000000000000000000 ) ) ;
#6135 = VECTOR ( 'NONE', #4449, 1000.000000000000000 ) ;
#6136 = ORIENTED_EDGE ( 'NONE', *, *, #7058, .F. ) ;
#6137 = DIRECTION ( 'NONE',  ( -0.000000000000000000, -2.759533940951747445E-15, -1.000000000000000000 ) ) ;
#6138 = EDGE_LOOP ( 'NONE', ( #9829, #534, #2254, #9105 ) ) ;
#6139 = CARTESIAN_POINT ( 'NONE',  ( 1.749999999999893197, 0.000000000000000000, 2.400000000000000355 ) ) ;
#6140 = EDGE_CURVE ( 'NONE', #3649, #10663, #4517, .T. ) ;
#6141 = VECTOR ( 'NONE', #8721, 1000.000000000000000 ) ;
#6142 = PLANE ( 'NONE',  #4203 ) ;
#6144 = ORIENTED_EDGE ( 'NONE', *, *, #1673, .F. ) ;
#6143 = COLOUR_RGB ( '',0.7921568627450980005, 0.8196078431372548767, 0.9333333333333333481 ) ;
#6145 = CARTESIAN_POINT ( 'NONE',  ( 1.700000000000000178, 4.400000000000000355, 2.250000000000000000 ) ) ;
#6146 = CARTESIAN_POINT ( 'NONE',  ( 6.198393410906563261, 0.002138793081672327699, 0.9144742723311927168 ) ) ;
#6147 = VECTOR ( 'NONE', #3627, 1000.000000000000000 ) ;
#6148 = ORIENTED_EDGE ( 'NONE', *, *, #7034, .T. ) ;
#6149 = DIRECTION ( 'NONE',  ( -1.000000000000000000, -0.000000000000000000, -0.000000000000000000 ) ) ;
#6150 = ORIENTED_EDGE ( 'NONE', *, *, #9463, .F. ) ;
#6151 = VECTOR ( 'NONE', #6254, 999.9999999999998863 ) ;
#6152 = DIRECTION ( 'NONE',  ( 0.000000000000000000, 0.000000000000000000, 1.000000000000000000 ) ) ;
#6153 = CARTESIAN_POINT ( 'NONE',  ( 3.850000000000000089, 4.850000000000000533, 2.250000000000000444 ) ) ;
#6154 = LINE ( 'NONE', #4507, #9684 ) ;
#6155 = ORIENTED_EDGE ( 'NONE', *, *, #7831, .T. ) ;
#6156 = PLANE ( 'NONE',  #7064 ) ;
#6157 = VERTEX_POINT ( 'NONE', #2811 ) ;
#6158 = DIRECTION ( 'NONE',  ( -0.000000000000000000, 1.000000000000000000, 1.414176746720223153E-16 ) ) ;
#6159 = CARTESIAN_POINT ( 'NONE',  ( -1.859191070279860636, 2.149999999999999467, -2.300000000000000266 ) ) ;
#6160 = AXIS2_PLACEMENT_3D ( 'NONE', #2334, #1453, #7338 ) ;
#6161 = DIRECTION ( 'NONE',  ( 0.000000000000000000, -0.000000000000000000, -1.000000000000000000 ) ) ;
#6162 = ORIENTED_EDGE ( 'NONE', *, *, #6615, .T. ) ;
#6163 = CARTESIAN_POINT ( 'NONE',  ( 7.000000000000000000, 5.064999999999999503, 2.800000000000000266 ) ) ;
#6164 = VERTEX_POINT ( 'NONE', #4569 ) ;
#6165 = LINE ( 'NONE', #7742, #1685 ) ;
#6166 = ORIENTED_EDGE ( 'NONE', *, *, #6854, .F. ) ;
#6167 = DIRECTION ( 'NONE',  ( -1.000000000000000000, 8.627481473925043851E-32, -5.421010862427521184E-16 ) ) ;
#6168 = VECTOR ( 'NONE', #8637, 1000.000000000000000 ) ;
#6169 = ADVANCED_FACE ( 'NONE', ( #324 ), #10394, .F. ) ;
#6170 = VECTOR ( 'NONE', #6397, 1000.000000000000000 ) ;
#6171 = LINE ( 'NONE', #2978, #183 ) ;
#6172 = EDGE_CURVE ( 'NONE', #9235, #2065, #8741, .T. ) ;
#6173 = ORIENTED_EDGE ( 'NONE', *, *, #844, .T. ) ;
#6174 = ADVANCED_FACE ( 'NONE', ( #3742 ), #9619, .F. ) ;
#6175 = ORIENTED_EDGE ( 'NONE', *, *, #9330, .T. ) ;
#6176 = DIRECTION ( 'NONE',  ( -3.097404447261387512E-16, -0.3713906763541029443, 0.9284766908852596368 ) ) ;
#6177 = EDGE_CURVE ( 'NONE', #2737, #8288, #1317, .T. ) ;
#6178 = VECTOR ( 'NONE', #9425, 1000.000000000000000 ) ;
#6179 = CARTESIAN_POINT ( 'NONE',  ( 4.827974591282621297, 0.000000000000000000, -4.650000000000000355 ) ) ;
#6180 = MECHANICAL_DESIGN_GEOMETRIC_PRESENTATION_REPRESENTATION (  '', ( #9148 ), #739 ) ;
#6181 = FACE_OUTER_BOUND ( 'NONE', #950, .T. ) ;
#6182 = PRESENTATION_STYLE_ASSIGNMENT (( #7057 ) ) ;
#6183 = DIRECTION ( 'NONE',  ( -0.000000000000000000, 1.000000000000000000, 0.000000000000000000 ) ) ;
#6184 = CARTESIAN_POINT ( 'NONE',  ( -4.250000000000106581, 0.6000000000000000888, 2.399999999999944400 ) ) ;
#6185 = VERTEX_POINT ( 'NONE', #4071 ) ;
#6186 = LINE ( 'NONE', #2992, #6856 ) ;
#6187 = AXIS2_PLACEMENT_3D ( 'NONE', #7262, #2306, #608 ) ;
#6188 = VECTOR ( 'NONE', #4484, 1000.000000000000000 ) ;
#6189 = ORIENTED_EDGE ( 'NONE', *, *, #8410, .T. ) ;
#6190 = FACE_OUTER_BOUND ( 'NONE', #5601, .T. ) ;
#6191 = LINE ( 'NONE', #10306, #2149 ) ;
#6192 = EDGE_CURVE ( 'NONE', #1373, #1722, #496, .T. ) ;
#6193 = DIRECTION ( 'NONE',  ( -1.000000000000000000, -0.000000000000000000, -0.000000000000000000 ) ) ;
#6194 = DIRECTION ( 'NONE',  ( 0.000000000000000000, 1.000000000000000000, 0.000000000000000000 ) ) ;
#6195 = EDGE_CURVE ( 'NONE', #8333, #1983, #4735, .T. ) ;
#6196 = LINE ( 'NONE', #3060, #7121 ) ;
#6197 = VECTOR ( 'NONE', #4029, 1000.000000000000000 ) ;
#6198 = VECTOR ( 'NONE', #3208, 1000.000000000000000 ) ;
#6199 = ORIENTED_EDGE ( 'NONE', *, *, #5652, .F. ) ;
#6200 = DIRECTION ( 'NONE',  ( 1.000000000000000000, 0.000000000000000000, 0.000000000000000000 ) ) ;
#6201 = EDGE_LOOP ( 'NONE', ( #4607, #10290, #3932, #9406 ) ) ;
#6202 = ADVANCED_FACE ( 'NONE', ( #8190 ), #8017, .F. ) ;
#6203 = CARTESIAN_POINT ( 'NONE',  ( -3.750000000000107470, 0.2000000000000000111, 4.800000000000000711 ) ) ;
#6204 = VECTOR ( 'NONE', #217, 1000.000000000000000 ) ;
#6205 = FACE_OUTER_BOUND ( 'NONE', #3173, .T. ) ;
#6206 = ORIENTED_EDGE ( 'NONE', *, *, #9650, .T. ) ;
#6207 = EDGE_CURVE ( 'NONE', #4723, #2089, #3034, .T. ) ;
#6208 = CARTESIAN_POINT ( 'NONE',  ( 5.800000000000000711, 5.500000000000001776, 0.5321572875253787194 ) ) ;
#6209 = EDGE_CURVE ( 'NONE', #4339, #9189, #9022, .T. ) ;
#6210 = ORIENTED_EDGE ( 'NONE', *, *, #4216, .T. ) ;
#6211 = DIRECTION ( 'NONE',  ( 0.7071067811865414665, 2.044391222244481496E-15, 0.7071067811865536790 ) ) ;
#6212 = ORIENTED_EDGE ( 'NONE', *, *, #5873, .T. ) ;
#6213 = CARTESIAN_POINT ( 'NONE',  ( 3.750000000000000000, 2.649999999999999911, 0.7999999999999994893 ) ) ;
#6214 = DIRECTION ( 'NONE',  ( 0.000000000000000000, 0.000000000000000000, -1.000000000000000000 ) ) ;
#6215 = CARTESIAN_POINT ( 'NONE',  ( -3.400000000000000355, 4.850000000000000533, 2.250000000000000444 ) ) ;
#6216 = ORIENTED_EDGE ( 'NONE', *, *, #10070, .F. ) ;
#6217 = FACE_OUTER_BOUND ( 'NONE', #9373, .T. ) ;
#6218 = VERTEX_POINT ( 'NONE', #1435 ) ;
#6219 = CARTESIAN_POINT ( 'NONE',  ( 6.200000000000001066, 5.394289321881344357, 0.6792893218813451650 ) ) ;
#6220 = CARTESIAN_POINT ( 'NONE',  ( 7.000000000000000000, 2.400000000000000355, 3.699999999999999734 ) ) ;
#6221 = VERTEX_POINT ( 'NONE', #8236 ) ;
#6222 = CARTESIAN_POINT ( 'NONE',  ( 6.200000000000001066, 4.939999999999999503, 2.925000000000000711 ) ) ;
#6223 = ORIENTED_EDGE ( 'NONE', *, *, #9759, .F. ) ;
#6224 = CARTESIAN_POINT ( 'NONE',  ( 1.749999999999892308, 0.6000000000000000888, 4.999999999999985789 ) ) ;
#6225 = CARTESIAN_POINT ( 'NONE',  ( -6.054999999999998828, -3.007001466925484586E-18, -4.999999999999993783 ) ) ;
#6226 = ORIENTED_EDGE ( 'NONE', *, *, #6089, .F. ) ;
#6227 = AXIS2_PLACEMENT_3D ( 'NONE', #10217, #2683, #370 ) ;
#6228 = ORIENTED_EDGE ( 'NONE', *, *, #4575, .T. ) ;
#6229 = DIRECTION ( 'NONE',  ( 1.000000000000000000, -0.000000000000000000, -0.000000000000000000 ) ) ;
#6231 = ADVANCED_FACE ( 'NONE', ( #7206 ), #7425, .F. ) ;
#6230 = DIRECTION ( 'NONE',  ( 0.000000000000000000, -1.000000000000000000, -1.334402673828314227E-15 ) ) ;
#6232 = DIRECTION ( 'NONE',  ( 1.000000000000000000, -0.000000000000000000, -0.000000000000000000 ) ) ;
#6233 = ADVANCED_FACE ( 'NONE', ( #2204 ), #4852, .F. ) ;
#6234 = CARTESIAN_POINT ( 'NONE',  ( 7.000000000000000000, 1.300000000000000266, 3.899999999999999911 ) ) ;
#6235 = EDGE_CURVE ( 'NONE', #7015, #9021, #8907, .T. ) ;
#6236 = VECTOR ( 'NONE', #6361, 1000.000000000000000 ) ;
#6237 = CARTESIAN_POINT ( 'NONE',  ( 7.000000000000000000, 0.000000000000000000, -3.600000000000000089 ) ) ;
#6238 = LINE ( 'NONE', #1112, #5434 ) ;
#6239 = ORIENTED_EDGE ( 'NONE', *, *, #8029, .T. ) ;
#6240 = CARTESIAN_POINT ( 'NONE',  ( 6.200000000000001066, 4.939999999999999503, 3.000000000000000888 ) ) ;
#6241 = DIRECTION ( 'NONE',  ( -0.000000000000000000, 0.000000000000000000, -1.000000000000000000 ) ) ;
#6242 = EDGE_LOOP ( 'NONE', ( #9020, #1892, #9345, #8587 ) ) ;
#6243 = AXIS2_PLACEMENT_3D ( 'NONE', #2556, #6134, #9480 ) ;
#6244 = CARTESIAN_POINT ( 'NONE',  ( 3.750000000000000000, 2.649999999999999911, -1.999999999999997335 ) ) ;
#6245 = DIRECTION ( 'NONE',  ( 1.000000000000000000, 0.000000000000000000, 0.000000000000000000 ) ) ;
#6246 = CARTESIAN_POINT ( 'NONE',  ( 5.800000000000000711, 2.575000000000000178, 3.725000000000000089 ) ) ;
#6247 = PLANE ( 'NONE',  #8441 ) ;
#6248 = EDGE_CURVE ( 'NONE', #1464, #3919, #6602, .T. ) ;
#6249 = LINE ( 'NONE', #9544, #4848 ) ;
#6250 = ORIENTED_EDGE ( 'NONE', *, *, #6399, .F. ) ;
#6251 = CARTESIAN_POINT ( 'NONE',  ( -1.999999999999999112, 4.400000000000001243, 0.7999999999999994893 ) ) ;
#6252 = VECTOR ( 'NONE', #5292, 1000.000000000000000 ) ;
#6253 = ORIENTED_EDGE ( 'NONE', *, *, #6644, .T. ) ;
#6254 = DIRECTION ( 'NONE',  ( -0.5773502691896257311, 0.5773502691896257311, 0.5773502691896257311 ) ) ;
#6255 = EDGE_CURVE ( 'NONE', #4860, #7067, #554, .T. ) ;
#6256 = CARTESIAN_POINT ( 'NONE',  ( -5.800000000000000711, 2.400000000000000355, 1.999999999999999556 ) ) ;
#6257 = VERTEX_POINT ( 'NONE', #668 ) ;
#6258 = SURFACE_STYLE_USAGE ( .BOTH. , #7889 ) ;
#6259 = AXIS2_PLACEMENT_3D ( 'NONE', #3464, #1867, #6001 ) ;
#6260 = LINE ( 'NONE', #7782, #3909 ) ;
#6261 = ORIENTED_EDGE ( 'NONE', *, *, #7447, .T. ) ;
#6262 = CARTESIAN_POINT ( 'NONE',  ( -6.304999999999998828, 4.629138561470611535, -1.700000000000000400 ) ) ;
#6263 = ORIENTED_EDGE ( 'NONE', *, *, #8395, .F. ) ;
#6264 = FACE_OUTER_BOUND ( 'NONE', #178, .T. ) ;
#6265 = FILL_AREA_STYLE_COLOUR ( '', #5257 ) ;
#6266 = AXIS2_PLACEMENT_3D ( 'NONE', #6943, #5235, #10868 ) ;
#6267 = CARTESIAN_POINT ( 'NONE',  ( -5.004999999999999893, 4.400000000000000355, 2.250000000000000444 ) ) ;
#6268 = EDGE_CURVE ( 'NONE', #5867, #10008, #6448, .T. ) ;
#6269 = ORIENTED_EDGE ( 'NONE', *, *, #9531, .T. ) ;
#6270 = EDGE_CURVE ( 'NONE', #3458, #8333, #9795, .T. ) ;
#6271 = FACE_OUTER_BOUND ( 'NONE', #3976, .T. ) ;
#6272 = ORIENTED_EDGE ( 'NONE', *, *, #2078, .F. ) ;
#6273 = LINE ( 'NONE', #2199, #1564 ) ;
#6274 = DIRECTION ( 'NONE',  ( 0.000000000000000000, -1.000000000000000000, -1.591489427501657896E-16 ) ) ;
#6275 = VECTOR ( 'NONE', #1812, 1000.000000000000114 ) ;
#6276 = ORIENTED_EDGE ( 'NONE', *, *, #3280, .T. ) ;
#6277 = PRODUCT ( 'SM05B-PASS-TBT', 'SM05B-PASS-TBT', '', ( #7065 ) ) ;
#6278 = ORIENTED_EDGE ( 'NONE', *, *, #8492, .F. ) ;
#6279 = CARTESIAN_POINT ( 'NONE',  ( -3.750000000000107470, 0.6000000000000000888, 4.999999999999944933 ) ) ;
#6280 = ORIENTED_EDGE ( 'NONE', *, *, #5931, .T. ) ;
#6281 = CARTESIAN_POINT ( 'NONE',  ( -5.004999999999999893, 4.400000000000000355, 2.250000000000000444 ) ) ;
#6282 = LINE ( 'NONE', #7156, #9141 ) ;
#6283 = EDGE_CURVE ( 'NONE', #7636, #5066, #7371, .T. ) ;
#6284 = ORIENTED_EDGE ( 'NONE', *, *, #1998, .T. ) ;
#6285 = ORIENTED_EDGE ( 'NONE', *, *, #5385, .F. ) ;
#6286 = DIRECTION ( 'NONE',  ( 3.336006684570783101E-16, 0.000000000000000000, -1.000000000000000000 ) ) ;
#6287 = LINE ( 'NONE', #1993, #7940 ) ;
#6288 = CARTESIAN_POINT ( 'NONE',  ( 0.2499999999998926692, 0.2000000000000000111, 5.000000000000000888 ) ) ;
#6289 =( BOUNDED_CURVE ( )  B_SPLINE_CURVE ( 3, ( #8874, #9763, #823, #7169 ),
 .UNSPECIFIED., .F., .T. ) 
 B_SPLINE_CURVE_WITH_KNOTS ( ( 4, 4 ),
 ( 4.712388980384689674, 6.283185307179586232 ),
 .UNSPECIFIED. ) 
 CURVE ( )  GEOMETRIC_REPRESENTATION_ITEM ( )  RATIONAL_B_SPLINE_CURVE ( ( 1.000000000000000000, 0.8047378541243649375, 0.8047378541243649375, 1.000000000000000000 ) ) 
 REPRESENTATION_ITEM ( '' )  );
#6290 = LINE ( 'NONE', #9696, #9053 ) ;
#6291 = CARTESIAN_POINT ( 'NONE',  ( -1.749999999999999778, 2.649999999999999911, 0.7999999999999994893 ) ) ;
#6292 = CARTESIAN_POINT ( 'NONE',  ( 5.800000000000000711, 4.939999999999999503, 3.000000000000000888 ) ) ;
#6293 = VERTEX_POINT ( 'NONE', #9853 ) ;
#6294 = LINE ( 'NONE', #2886, #5273 ) ;
#6295 = DIRECTION ( 'NONE',  ( -1.000000000000000000, -0.000000000000000000, -0.000000000000000000 ) ) ;
#6296 = EDGE_CURVE ( 'NONE', #6039, #1770, #10625, .T. ) ;
#6297 = ORIENTED_EDGE ( 'NONE', *, *, #10433, .T. ) ;
#6298 = DIRECTION ( 'NONE',  ( 0.000000000000000000, 0.000000000000000000, 1.000000000000000000 ) ) ;
#6299 = AXIS2_PLACEMENT_3D ( 'NONE', #9095, #2398, #8008 ) ;
#6300 = CARTESIAN_POINT ( 'NONE',  ( 0.1408089297201395029, 2.259191070279860103, -2.300000000000000266 ) ) ;
#6301 = LINE ( 'NONE', #1947, #952 ) ;
#6302 = DIRECTION ( 'NONE',  ( 0.000000000000000000, 0.000000000000000000, 1.000000000000000000 ) ) ;
#6303 = DIRECTION ( 'NONE',  ( 1.000000000000000000, 0.000000000000000000, 0.000000000000000000 ) ) ;
#6304 = VERTEX_POINT ( 'NONE', #8965 ) ;
#6305 = DIRECTION ( 'NONE',  ( 0.000000000000000000, -1.000000000000000000, 2.759533940951747445E-15 ) ) ;
#6306 = ORIENTED_EDGE ( 'NONE', *, *, #10461, .T. ) ;
#6307 =( GEOMETRIC_REPRESENTATION_CONTEXT ( 3 ) GLOBAL_UNCERTAINTY_ASSIGNED_CONTEXT ( ( #1256 ) ) GLOBAL_UNIT_ASSIGNED_CONTEXT ( ( #10202, #5926, #9372 ) ) REPRESENTATION_CONTEXT ( 'NONE', 'WORKASPACE' ) );
#6308 = EDGE_CURVE ( 'NONE', #5280, #1983, #616, .T. ) ;
#6309 = EDGE_CURVE ( 'NONE', #10600, #7120, #3198, .T. ) ;
#6310 = ADVANCED_FACE ( 'NONE', ( #5679 ), #10112, .T. ) ;
#6311 = COLOUR_RGB ( '',1.000000000000000000, 1.000000000000000000, 0.7529411764705882248 ) ;
#6312 = FACE_OUTER_BOUND ( 'NONE', #1021, .T. ) ;
#6313 = ORIENTED_EDGE ( 'NONE', *, *, #2196, .T. ) ;
#6314 = DIRECTION ( 'NONE',  ( 0.000000000000000000, 1.000000000000000000, 0.000000000000000000 ) ) ;
#6315 = FACE_OUTER_BOUND ( 'NONE', #10005, .T. ) ;
#6316 = EDGE_CURVE ( 'NONE', #9118, #562, #5103, .T. ) ;
#6317 = ORIENTED_EDGE ( 'NONE', *, *, #3683, .F. ) ;
#6318 = LINE ( 'NONE', #4781, #466 ) ;
#6319 = AXIS2_PLACEMENT_3D ( 'NONE', #234, #3759, #5523 ) ;
#6320 = ORIENTED_EDGE ( 'NONE', *, *, #8149, .F. ) ;
#6321 = DIRECTION ( 'NONE',  ( -0.000000000000000000, -1.334402673828314029E-15, 1.000000000000000000 ) ) ;
#6322 = FILL_AREA_STYLE ('',( #6265 ) ) ;
#6323 = ADVANCED_FACE ( 'NONE', ( #2681 ), #3298, .F. ) ;
#6324 = PRESENTATION_LAYER_ASSIGNMENT (  '', '', ( #516 ) ) ;
#6325 = DIRECTION ( 'NONE',  ( -0.000000000000000000, 0.000000000000000000, -1.000000000000000000 ) ) ;
#6326 = EDGE_LOOP ( 'NONE', ( #9625, #779, #10862, #6783, #4530, #10050, #9960, #8059, #4478, #7441, #8615 ) ) ;
#6327 = CARTESIAN_POINT ( 'NONE',  ( -7.000000000000000000, 0.3999999999999996336, 1.399999999999999689 ) ) ;
#6328 = ORIENTED_EDGE ( 'NONE', *, *, #393, .F. ) ;
#6329 = DIRECTION ( 'NONE',  ( -1.000000000000000000, -0.000000000000000000, -0.000000000000000000 ) ) ;
#6330 = AXIS2_PLACEMENT_3D ( 'NONE', #1005, #9149, #126 ) ;
#6331 = DIRECTION ( 'NONE',  ( -1.000000000000000000, -0.000000000000000000, -0.000000000000000000 ) ) ;
#6332 = ORIENTED_EDGE ( 'NONE', *, *, #7210, .F. ) ;
#6333 = VECTOR ( 'NONE', #7898, 1000.000000000000000 ) ;
#6334 = ORIENTED_EDGE ( 'NONE', *, *, #10256, .T. ) ;
#6335 = EDGE_CURVE ( 'NONE', #8892, #1865, #5886, .T. ) ;
#6336 = FACE_OUTER_BOUND ( 'NONE', #7977, .T. ) ;
#6337 = VERTEX_POINT ( 'NONE', #1797 ) ;
#6338 = LINE ( 'NONE', #4686, #8720 ) ;
#6339 = DIRECTION ( 'NONE',  ( 0.000000000000000000, -1.000000000000000000, -0.000000000000000000 ) ) ;
#6340 = ORIENTED_EDGE ( 'NONE', *, *, #9079, .F. ) ;
#6341 = VECTOR ( 'NONE', #1771, 1000.000000000000000 ) ;
#6342 = VERTEX_POINT ( 'NONE', #4282 ) ;
#6343 = VECTOR ( 'NONE', #3396, 1000.000000000000000 ) ;
#6344 = ORIENTED_EDGE ( 'NONE', *, *, #848, .T. ) ;
#6345 = LINE ( 'NONE', #4692, #6531 ) ;
#6346 = DIRECTION ( 'NONE',  ( -1.000000000000000000, 0.000000000000000000, -0.000000000000000000 ) ) ;
#6347 = CARTESIAN_POINT ( 'NONE',  ( -3.099999999999999645, 4.400000000000001243, 0.7999999999999994893 ) ) ;
#6348 = EDGE_CURVE ( 'NONE', #9821, #4691, #5155, .T. ) ;
#6349 = DIRECTION ( 'NONE',  ( -0.000000000000000000, 1.000000000000000000, -0.000000000000000000 ) ) ;
#6350 = VECTOR ( 'NONE', #3470, 1000.000000000000000 ) ;
#6351 = DIRECTION ( 'NONE',  ( 0.000000000000000000, -1.000000000000000000, 0.000000000000000000 ) ) ;
#6352 = DIRECTION ( 'NONE',  ( -0.000000000000000000, -0.000000000000000000, 1.000000000000000000 ) ) ;
#6353 = ORIENTED_EDGE ( 'NONE', *, *, #5279, .T. ) ;
#6354 = LINE ( 'NONE', #1284, #10739 ) ;
#6355 = CARTESIAN_POINT ( 'NONE',  ( 4.200000000000000178, 4.799999999999999822, -3.049999999999997602 ) ) ;
#6356 = ORIENTED_EDGE ( 'NONE', *, *, #10155, .T. ) ;
#6357 = AXIS2_PLACEMENT_3D ( 'NONE', #2554, #10252, #9207 ) ;
#6358 = DIRECTION ( 'NONE',  ( -0.000000000000000000, -0.000000000000000000, 1.000000000000000000 ) ) ;
#6359 = ADVANCED_FACE ( 'NONE', ( #10832 ), #9117, .F. ) ;
#6360 = CARTESIAN_POINT ( 'NONE',  ( -1.750000000000107470, 0.2000000000000000111, 3.899999999999999911 ) ) ;
#6361 = DIRECTION ( 'NONE',  ( 0.000000000000000000, 1.000000000000000000, 0.000000000000000000 ) ) ;
#6362 = LINE ( 'NONE', #9708, #9500 ) ;
#6363 = FACE_OUTER_BOUND ( 'NONE', #6737, .T. ) ;
#6364 = ORIENTED_EDGE ( 'NONE', *, *, #1120, .F. ) ;
#6365 = CARTESIAN_POINT ( 'NONE',  ( -4.185323107660497755, 0.3499999999999996447, -4.100000000000003197 ) ) ;
#6366 = VECTOR ( 'NONE', #4064, 1000.000000000000000 ) ;
#6367 = VECTOR ( 'NONE', #4597, 1000.000000000000000 ) ;
#6368 = VERTEX_POINT ( 'NONE', #2518 ) ;
#6369 = SURFACE_SIDE_STYLE ('',( #418 ) ) ;
#6370 = ORIENTED_EDGE ( 'NONE', *, *, #5420, .T. ) ;
#6371 = AXIS2_PLACEMENT_3D ( 'NONE', #8088, #1447, #3153 ) ;
#6372 = DIRECTION ( 'NONE',  ( -0.000000000000000000, 1.000000000000000000, -0.000000000000000000 ) ) ;
#6373 = VECTOR ( 'NONE', #5358, 1000.000000000000000 ) ;
#6374 = FACE_OUTER_BOUND ( 'NONE', #6099, .T. ) ;
#6375 = CARTESIAN_POINT ( 'NONE',  ( 3.099999999999999645, 3.699999999999999734, 0.7999999999999994893 ) ) ;
#6376 = AXIS2_PLACEMENT_3D ( 'NONE', #3907, #8961, #10560 ) ;
#6377 = EDGE_CURVE ( 'NONE', #3268, #4715, #4333, .T. ) ;
#6378 = EDGE_CURVE ( 'NONE', #6928, #5048, #93, .T. ) ;
#6379 = VERTEX_POINT ( 'NONE', #5827 ) ;
#6380 = DIRECTION ( 'NONE',  ( 0.000000000000000000, 0.2631174057921086828, 0.9647638212377321887 ) ) ;
#6381 = EDGE_CURVE ( 'NONE', #7735, #10726, #7672, .T. ) ;
#6382 = ORIENTED_EDGE ( 'NONE', *, *, #330, .T. ) ;
#6383 = CARTESIAN_POINT ( 'NONE',  ( 7.000000000000000000, 0.2000000000000000111, 3.899999999999999911 ) ) ;
#6384 = CARTESIAN_POINT ( 'NONE',  ( 6.200000000000001066, 5.400000000000000355, 0.9678427124746188381 ) ) ;
#6385 = VECTOR ( 'NONE', #9426, 1000.000000000000000 ) ;
#6386 = FACE_OUTER_BOUND ( 'NONE', #8583, .T. ) ;
#6387 = ORIENTED_EDGE ( 'NONE', *, *, #1710, .F. ) ;
#6388 = DIRECTION ( 'NONE',  ( -0.3236155771181821184, -0.3236155771181821184, -0.8891264907159901476 ) ) ;
#6389 = ORIENTED_EDGE ( 'NONE', *, *, #4353, .F. ) ;
#6390 = LINE ( 'NONE', #8679, #512 ) ;
#6391 = DIRECTION ( 'NONE',  ( 0.000000000000000000, 0.000000000000000000, 1.000000000000000000 ) ) ;
#6392 = ORIENTED_EDGE ( 'NONE', *, *, #8837, .T. ) ;
#6393 = EDGE_LOOP ( 'NONE', ( #2734, #9509, #8908, #4546 ) ) ;
#6394 = DIRECTION ( 'NONE',  ( 0.000000000000000000, 2.759533940951747051E-15, 1.000000000000000000 ) ) ;
#6395 = ORIENTED_EDGE ( 'NONE', *, *, #9901, .F. ) ;
#6396 = LINE ( 'NONE', #1591, #5877 ) ;
#6397 = DIRECTION ( 'NONE',  ( 0.000000000000000000, 0.000000000000000000, -1.000000000000000000 ) ) ;
#6398 = ORIENTED_EDGE ( 'NONE', *, *, #9188, .F. ) ;
#6399 = EDGE_CURVE ( 'NONE', #8105, #8189, #6803, .T. ) ;
#6400 = EDGE_LOOP ( 'NONE', ( #9086, #9597, #9746, #2810 ) ) ;
#6401 = VERTEX_POINT ( 'NONE', #2619 ) ;
#6402 = LINE ( 'NONE', #10742, #8606 ) ;
#6403 = DIRECTION ( 'NONE',  ( -0.9396926207859095381, -0.000000000000000000, -0.3420201433256658263 ) ) ;
#6404 = DIRECTION ( 'NONE',  ( 0.000000000000000000, 9.856383386231858827E-17, -1.000000000000000000 ) ) ;
#6405 = EDGE_CURVE ( 'NONE', #10283, #2796, #8293, .T. ) ;
#6406 = DIRECTION ( 'NONE',  ( -0.000000000000000000, -0.000000000000000000, -1.000000000000000000 ) ) ;
#6407 = DIRECTION ( 'NONE',  ( 1.000000000000000000, -0.000000000000000000, -0.000000000000000000 ) ) ;
#6408 = ORIENTED_EDGE ( 'NONE', *, *, #1706, .T. ) ;
#6409 = CARTESIAN_POINT ( 'NONE',  ( -6.799999999999998046, 2.400000000000000355, 1.999999999999999556 ) ) ;
#6410 = ORIENTED_EDGE ( 'NONE', *, *, #7133, .T. ) ;
#6411 = ORIENTED_EDGE ( 'NONE', *, *, #3277, .F. ) ;
#6412 = LINE ( 'NONE', #579, #4572 ) ;
#6413 = EDGE_CURVE ( 'NONE', #304, #4295, #3504, .T. ) ;
#6414 = VECTOR ( 'NONE', #3727, 1000.000000000000000 ) ;
#6415 = FACE_OUTER_BOUND ( 'NONE', #7146, .T. ) ;
#6416 = AXIS2_PLACEMENT_3D ( 'NONE', #7937, #7124, #1124 ) ;
#6417 = DIRECTION ( 'NONE',  ( -0.000000000000000000, -1.000000000000000000, -0.000000000000000000 ) ) ;
#6418 = DIRECTION ( 'NONE',  ( -1.000000000000000000, 0.000000000000000000, -0.000000000000000000 ) ) ;
#6419 = DIRECTION ( 'NONE',  ( -0.000000000000000000, 0.9284766908852596368, 0.3713906763541029443 ) ) ;
#6420 = ORIENTED_EDGE ( 'NONE', *, *, #6089, .T. ) ;
#6421 = DIRECTION ( 'NONE',  ( -1.000000000000000000, -0.000000000000000000, -0.000000000000000000 ) ) ;
#6422 = VERTEX_POINT ( 'NONE', #815 ) ;
#6423 =( NAMED_UNIT ( * ) SI_UNIT ( $, .STERADIAN. ) SOLID_ANGLE_UNIT ( ) );
#6424 = CIRCLE ( 'NONE', #5884, 0.4000000000000001887 ) ;
#6425 = DIRECTION ( 'NONE',  ( -1.591489427501657896E-16, 0.000000000000000000, -1.000000000000000000 ) ) ;
#6426 = ORIENTED_EDGE ( 'NONE', *, *, #9145, .F. ) ;
#6427 = CARTESIAN_POINT ( 'NONE',  ( -6.200000000000001954, 5.500000000000002665, 0.1000000000000002276 ) ) ;
#6428 = CARTESIAN_POINT ( 'NONE',  ( 0.2500000000000002220, 2.149999999999999467, 0.7999999999999994893 ) ) ;
#6429 = DIRECTION ( 'NONE',  ( -1.000000000000000000, 6.195440985631441512E-16, 0.000000000000000000 ) ) ;
#6430 = FACE_OUTER_BOUND ( 'NONE', #8009, .T. ) ;
#6431 = PRESENTATION_LAYER_ASSIGNMENT (  '', '', ( #2542 ) ) ;
#6432 = ORIENTED_EDGE ( 'NONE', *, *, #6029, .T. ) ;
#6433 = CARTESIAN_POINT ( 'NONE',  ( -2.000000000000000000, 0.000000000000000000, 0.000000000000000000 ) ) ;
#6434 = ORIENTED_EDGE ( 'NONE', *, *, #6773, .T. ) ;
#6435 = FACE_OUTER_BOUND ( 'NONE', #2301, .T. ) ;
#6436 = DIRECTION ( 'NONE',  ( -1.000000000000000000, -0.000000000000000000, 4.818676322157799347E-16 ) ) ;
#6437 = VERTEX_POINT ( 'NONE', #4172 ) ;
#6438 = LINE ( 'NONE', #6645, #6706 ) ;
#6439 = ADVANCED_FACE ( 'NONE', ( #9221 ), #7515, .T. ) ;
#6440 = UNCERTAINTY_MEASURE_WITH_UNIT (LENGTH_MEASURE( 1.000000000000000082E-05 ), #4113, 'distance_accuracy_value', 'NONE');
#6441 = EDGE_LOOP ( 'NONE', ( #2155, #4488, #9437, #9220 ) ) ;
#6442 = ADVANCED_FACE ( 'NONE', ( #10060 ), #2569, .F. ) ;
#6443 = DIRECTION ( 'NONE',  ( -0.000000000000000000, -0.000000000000000000, -1.000000000000000000 ) ) ;
#6444 = ADVANCED_FACE ( 'NONE', ( #866 ), #4225, .F. ) ;
#6445 = CARTESIAN_POINT ( 'NONE',  ( 4.442212864629429880, 2.635535626171428003, -4.092212864629418689 ) ) ;
#6446 = VERTEX_POINT ( 'NONE', #5935 ) ;
#6447 = ORIENTED_EDGE ( 'NONE', *, *, #2736, .T. ) ;
#6448 = LINE ( 'NONE', #4017, #458 ) ;
#6449 = VECTOR ( 'NONE', #1266, 1000.000000000000000 ) ;
#6450 = EDGE_LOOP ( 'NONE', ( #4591, #9640, #3564, #4661 ) ) ;
#6451 = DIRECTION ( 'NONE',  ( 1.000000000000000000, 0.000000000000000000, 0.000000000000000000 ) ) ;
#6452 = DIRECTION ( 'NONE',  ( 0.000000000000000000, -0.000000000000000000, -1.000000000000000000 ) ) ;
#6453 = ORIENTED_EDGE ( 'NONE', *, *, #6064, .T. ) ;
#6454 = ORIENTED_EDGE ( 'NONE', *, *, #3225, .T. ) ;
#6455 = EDGE_CURVE ( 'NONE', #7306, #2496, #3668, .T. ) ;
#6456 = EDGE_CURVE ( 'NONE', #2451, #3454, #8548, .T. ) ;
#6457 = VECTOR ( 'NONE', #9359, 1000.000000000000000 ) ;
#6458 = ORIENTED_EDGE ( 'NONE', *, *, #5704, .F. ) ;
#6459 = DIRECTION ( 'NONE',  ( 1.000000000000000000, -0.000000000000000000, -0.000000000000000000 ) ) ;
#6460 = FACE_OUTER_BOUND ( 'NONE', #1967, .T. ) ;
#6461 = LINE ( 'NONE', #7278, #9153 ) ;
#6462 = PLANE ( 'NONE',  #8511 ) ;
#6463 = ADVANCED_FACE ( 'NONE', ( #4386 ), #8669, .F. ) ;
#6464 = LINE ( 'NONE', #3156, #7493 ) ;
#6465 = LINE ( 'NONE', #571, #4921 ) ;
#6466 = DIRECTION ( 'NONE',  ( 1.000000000000000000, -0.000000000000000000, -0.000000000000000000 ) ) ;
#6467 = EDGE_LOOP ( 'NONE', ( #4962, #7487, #2888, #10389, #6957 ) ) ;
#6468 = EDGE_CURVE ( 'NONE', #10024, #10732, #4552, .T. ) ;
#6469 = ORIENTED_EDGE ( 'NONE', *, *, #6309, .T. ) ;
#6470 = DIRECTION ( 'NONE',  ( -0.000000000000000000, -0.000000000000000000, -1.000000000000000000 ) ) ;
#6471 = DIRECTION ( 'NONE',  ( 0.000000000000000000, -1.000000000000000000, 0.000000000000000000 ) ) ;
#6472 = DIRECTION ( 'NONE',  ( 0.000000000000000000, 0.000000000000000000, 1.000000000000000000 ) ) ;
#6473 = DIRECTION ( 'NONE',  ( -1.000000000000000000, 0.000000000000000000, 0.000000000000000000 ) ) ;
#6474 = FILL_AREA_STYLE ('',( #10703 ) ) ;
#6475 = ORIENTED_EDGE ( 'NONE', *, *, #2779, .T. ) ;
#6476 = EDGE_CURVE ( 'NONE', #4385, #3139, #1966, .T. ) ;
#6477 = CARTESIAN_POINT ( 'NONE',  ( -4.751765530540151161, 2.599856923587949795E-16, -4.703991066457644088 ) ) ;
#6478 = ORIENTED_EDGE ( 'NONE', *, *, #7449, .F. ) ;
#6479 = FACE_OUTER_BOUND ( 'NONE', #2307, .T. ) ;
#6480 = CARTESIAN_POINT ( 'NONE',  ( 1.699999999999999289, 5.700000000000000178, -3.200000000000000178 ) ) ;
#6481 = ORIENTED_EDGE ( 'NONE', *, *, #9191, .F. ) ;
#6482 = CARTESIAN_POINT ( 'NONE',  ( -6.200000000000001066, 5.325000000000001954, 3.725000000000000533 ) ) ;
#6483 = CARTESIAN_POINT ( 'NONE',  ( 5.200000000000000178, 4.800000000000000711, -3.049999999999997602 ) ) ;
#6484 = DIRECTION ( 'NONE',  ( 1.000000000000000000, 0.000000000000000000, -0.000000000000000000 ) ) ;
#6485 = ORIENTED_EDGE ( 'NONE', *, *, #6195, .F. ) ;
#6486 = DIRECTION ( 'NONE',  ( 0.000000000000000000, -0.000000000000000000, -1.000000000000000000 ) ) ;
#6487 = ADVANCED_FACE ( 'NONE', ( #2735 ), #6092, .F. ) ;
#6488 = ORIENTED_EDGE ( 'NONE', *, *, #5796, .F. ) ;
#6489 = CARTESIAN_POINT ( 'NONE',  ( -6.200000000000001066, 5.500000000000001776, 3.900000000000000799 ) ) ;
#6490 = CARTESIAN_POINT ( 'NONE',  ( 5.800000000000000711, 5.425000000000000711, 3.075000000000000622 ) ) ;
#6491 = EDGE_LOOP ( 'NONE', ( #4854, #8972, #4335, #1152 ) ) ;
#6492 = DIRECTION ( 'NONE',  ( 0.000000000000000000, -1.000000000000000000, 0.000000000000000000 ) ) ;
#6494 = ORIENTED_EDGE ( 'NONE', *, *, #8704, .T. ) ;
#6493 = VECTOR ( 'NONE', #959, 1000.000000000000000 ) ;
#6495 = CARTESIAN_POINT ( 'NONE',  ( 6.305000000000000604, 2.174948115447571606, -4.750000000000000000 ) ) ;
#6496 = CARTESIAN_POINT ( 'NONE',  ( 7.000000000000000000, 2.750000000000001332, -3.200000000000000178 ) ) ;
#6497 = ORIENTED_EDGE ( 'NONE', *, *, #2435, .F. ) ;
#6498 = STYLED_ITEM ( 'NONE', ( #2968 ), #1856 ) ;
#6499 = VERTEX_POINT ( 'NONE', #9436 ) ;
#6500 = CARTESIAN_POINT ( 'NONE',  ( -5.800000000000000711, 5.500000000000000888, 3.725000000000000533 ) ) ;
#6501 = ORIENTED_EDGE ( 'NONE', *, *, #4158, .T. ) ;
#6502 =( GEOMETRIC_REPRESENTATION_CONTEXT ( 3 ) GLOBAL_UNCERTAINTY_ASSIGNED_CONTEXT ( ( #8846 ) ) GLOBAL_UNIT_ASSIGNED_CONTEXT ( ( #5519, #3929, #8032 ) ) REPRESENTATION_CONTEXT ( 'NONE', 'WORKASPACE' ) );
#6503 = DIRECTION ( 'NONE',  ( -8.673617379883975321E-16, 0.000000000000000000, 1.000000000000000000 ) ) ;
#6504 = DIRECTION ( 'NONE',  ( -1.000000000000000000, 0.000000000000000000, 0.000000000000000000 ) ) ;
#6505 = ORIENTED_EDGE ( 'NONE', *, *, #4853, .T. ) ;
#6506 = AXIS2_PLACEMENT_3D ( 'NONE', #7002, #8756, #6241 ) ;
#6507 = ORIENTED_EDGE ( 'NONE', *, *, #2498, .F. ) ;
#6508 = ORIENTED_EDGE ( 'NONE', *, *, #3335, .T. ) ;
#6509 = PRESENTATION_LAYER_ASSIGNMENT (  '', '', ( #10355 ) ) ;
#6510 = CARTESIAN_POINT ( 'NONE',  ( -6.054999999999998828, 0.3499999999999999778, -4.650000000000000355 ) ) ;
#6511 = DIRECTION ( 'NONE',  ( -1.000000000000000000, 0.000000000000000000, 0.000000000000000000 ) ) ;
#6512 = CARTESIAN_POINT ( 'NONE',  ( 6.200000000000001066, 4.939999999999999503, 3.000000000000000888 ) ) ;
#6513 = AXIS2_PLACEMENT_3D ( 'NONE', #408, #10473, #6298 ) ;
#6514 = ADVANCED_FACE ( 'NONE', ( #367 ), #1248, .F. ) ;
#6515 = DIRECTION ( 'NONE',  ( 1.000000000000000000, 0.000000000000000000, 0.000000000000000000 ) ) ;
#6516 = EDGE_CURVE ( 'NONE', #6976, #9604, #5323, .T. ) ;
#6517 = CYLINDRICAL_SURFACE ( 'NONE', #8238, 0.2500000000000002220 ) ;
#6518 = EDGE_CURVE ( 'NONE', #2258, #9931, #9494, .T. ) ;
#6519 = AXIS2_PLACEMENT_3D ( 'NONE', #514, #1939, #3758 ) ;
#6520 = CARTESIAN_POINT ( 'NONE',  ( 3.400000000000000355, 4.850000000000000533, -3.200000000000000178 ) ) ;
#6521 = ORIENTED_EDGE ( 'NONE', *, *, #7316, .F. ) ;
#6522 = ORIENTED_EDGE ( 'NONE', *, *, #5188, .T. ) ;
#6523 = DIRECTION ( 'NONE',  ( 0.000000000000000000, 0.000000000000000000, -1.000000000000000000 ) ) ;
#6524 = CARTESIAN_POINT ( 'NONE',  ( 7.000000000000000000, 0.000000000000000000, -5.000000000000000000 ) ) ;
#6525 = DIRECTION ( 'NONE',  ( -0.000000000000000000, -0.000000000000000000, 1.000000000000000000 ) ) ;
#6526 = DIRECTION ( 'NONE',  ( 0.000000000000000000, 0.000000000000000000, -1.000000000000000000 ) ) ;
#6527 = VECTOR ( 'NONE', #6452, 1000.000000000000000 ) ;
#6528 = CARTESIAN_POINT ( 'NONE',  ( -4.827974591282617745, -1.626303258728256651E-16, -4.650000000000001243 ) ) ;
#6529 = ORIENTED_EDGE ( 'NONE', *, *, #9309, .T. ) ;
#6530 = CARTESIAN_POINT ( 'NONE',  ( 5.004999999999999893, 5.499999999999998224, 2.250000000000000000 ) ) ;
#6531 = VECTOR ( 'NONE', #6564, 1000.000000000000000 ) ;
#6532 = VECTOR ( 'NONE', #2623, 1000.000000000000000 ) ;
#6533 = EDGE_CURVE ( 'NONE', #9744, #9903, #4613, .T. ) ;
#6534 = DIRECTION ( 'NONE',  ( 0.000000000000000000, 1.414176746720223153E-16, -1.000000000000000000 ) ) ;
#6535 = VERTEX_POINT ( 'NONE', #7950 ) ;
#6536 = CARTESIAN_POINT ( 'NONE',  ( -6.200000000000001066, 5.500000000000001776, 3.075000000000001066 ) ) ;
#6537 = CARTESIAN_POINT ( 'NONE',  ( 0.2500000000000002220, 2.149999999999999467, -2.300000000000000266 ) ) ;
#6538 = LINE ( 'NONE', #7356, #3712 ) ;
#6539 = CARTESIAN_POINT ( 'NONE',  ( 7.000000000000000000, 5.064999999999999503, 2.250000000000000444 ) ) ;
#6540 = AXIS2_PLACEMENT_3D ( 'NONE', #1346, #3717, #8709 ) ;
#6541 = EDGE_CURVE ( 'NONE', #6561, #7735, #1138, .T. ) ;
#6542 = VECTOR ( 'NONE', #8665, 1000.000000000000000 ) ;
#6543 = ORIENTED_EDGE ( 'NONE', *, *, #7034, .F. ) ;
#6544 = DIRECTION ( 'NONE',  ( 0.000000000000000000, 1.000000000000000000, 0.000000000000000000 ) ) ;
#6545 = ORIENTED_EDGE ( 'NONE', *, *, #9552, .F. ) ;
#6546 = DIRECTION ( 'NONE',  ( -0.3236155771181821184, 0.3236155771181821184, 0.8891264907159901476 ) ) ;
#6547 = EDGE_CURVE ( 'NONE', #3794, #1901, #4502, .T. ) ;
#6548 = VECTOR ( 'NONE', #2964, 1000.000000000000000 ) ;
#6549 = LINE ( 'NONE', #5820, #8117 ) ;
#6550 = VECTOR ( 'NONE', #4355, 1000.000000000000000 ) ;
#6551 = ORIENTED_EDGE ( 'NONE', *, *, #6630, .F. ) ;
#6552 = CARTESIAN_POINT ( 'NONE',  ( -4.250000000000106581, 0.000000000000000000, 2.400000000000000355 ) ) ;
#6553 = EDGE_CURVE ( 'NONE', #10079, #7269, #7137, .T. ) ;
#6554 = DIRECTION ( 'NONE',  ( 1.000000000000000000, 0.000000000000000000, 0.000000000000000000 ) ) ;
#6555 = ORIENTED_EDGE ( 'NONE', *, *, #10403, .F. ) ;
#6556 = CARTESIAN_POINT ( 'NONE',  ( -6.200000000000001066, 5.500000000000001776, 1.282157287525380163 ) ) ;
#6557 = VECTOR ( 'NONE', #1108, 1000.000000000000000 ) ;
#6558 = ORIENTED_EDGE ( 'NONE', *, *, #8845, .T. ) ;
#6559 = LINE ( 'NONE', #3916, #4120 ) ;
#6560 = DIRECTION ( 'NONE',  ( 0.000000000000000000, 0.000000000000000000, 1.000000000000000000 ) ) ;
#6561 = VERTEX_POINT ( 'NONE', #5375 ) ;
#6562 = VERTEX_POINT ( 'NONE', #1022 ) ;
#6563 = ORIENTED_EDGE ( 'NONE', *, *, #3126, .T. ) ;
#6564 = DIRECTION ( 'NONE',  ( 0.000000000000000000, 1.000000000000000000, 0.000000000000000000 ) ) ;
#6565 = DIRECTION ( 'NONE',  ( -3.336006684570783101E-16, 0.000000000000000000, 1.000000000000000000 ) ) ;
#6566 = CARTESIAN_POINT ( 'NONE',  ( -5.800000000000000711, 5.700000000000000178, 0.1000000000000002554 ) ) ;
#6567 = DIRECTION ( 'NONE',  ( -0.2359856711608181723, -0.8807105146304250454, -0.4106820575897978109 ) ) ;
#6568 = FACE_OUTER_BOUND ( 'NONE', #5195, .T. ) ;
#6569 = ADVANCED_FACE ( 'NONE', ( #6038 ), #258, .F. ) ;
#6570 = PLANE ( 'NONE',  #3524 ) ;
#6571 = ORIENTED_EDGE ( 'NONE', *, *, #2291, .F. ) ;
#6572 = ORIENTED_EDGE ( 'NONE', *, *, #6967, .T. ) ;
#6573 = EDGE_CURVE ( 'NONE', #773, #8330, #2024, .T. ) ;
#6574 = ADVANCED_FACE ( 'NONE', ( #7086 ), #10436, .F. ) ;
#6575 = LINE ( 'NONE', #9876, #31 ) ;
#6576 = LINE ( 'NONE', #4876, #7794 ) ;
#6577 = FACE_OUTER_BOUND ( 'NONE', #2246, .T. ) ;
#6578 = CARTESIAN_POINT ( 'NONE',  ( 7.000000000000000000, 2.350000000000000089, -3.599999999999999645 ) ) ;
#6579 = PLANE ( 'NONE',  #10708 ) ;
#6580 = ORIENTED_EDGE ( 'NONE', *, *, #8208, .T. ) ;
#6581 = FACE_OUTER_BOUND ( 'NONE', #6882, .T. ) ;
#6582 = CARTESIAN_POINT ( 'NONE',  ( 5.800000000000000711, 4.700000000000000178, 0.1000000000000000472 ) ) ;
#6583 = VECTOR ( 'NONE', #6546, 1000.000000000000114 ) ;
#6584 = CARTESIAN_POINT ( 'NONE',  ( 1.749999999999999778, 2.649999999999999911, -1.999999999999997335 ) ) ;
#6585 = ORIENTED_EDGE ( 'NONE', *, *, #5380, .F. ) ;
#6586 = EDGE_CURVE ( 'NONE', #7067, #9444, #5913, .T. ) ;
#6587 = EDGE_CURVE ( 'NONE', #842, #2044, #3954, .T. ) ;
#6588 = PLANE ( 'NONE',  #8432 ) ;
#6589 = CARTESIAN_POINT ( 'NONE',  ( 7.000000000000000000, 0.4000000000000000222, -3.600000000000000533 ) ) ;
#6590 = VERTEX_POINT ( 'NONE', #3131 ) ;
#6591 = DIRECTION ( 'NONE',  ( 0.000000000000000000, -1.224646799147353454E-16, 1.000000000000000000 ) ) ;
#6592 = EDGE_CURVE ( 'NONE', #4210, #7168, #700, .T. ) ;
#6593 = CIRCLE ( 'NONE', #6057, 0.07500000000000041356 ) ;
#6594 = ORIENTED_EDGE ( 'NONE', *, *, #8041, .T. ) ;
#6595 = DIRECTION ( 'NONE',  ( -0.000000000000000000, 1.000000000000000000, -0.000000000000000000 ) ) ;
#6596 = DIRECTION ( 'NONE',  ( 0.9063077870366492705, -0.000000000000000000, 0.4226182617407009401 ) ) ;
#6597 = VERTEX_POINT ( 'NONE', #654 ) ;
#6598 = PLANE ( 'NONE',  #9457 ) ;
#6599 = AXIS2_PLACEMENT_3D ( 'NONE', #9709, #6419, #7824 ) ;
#6600 = CARTESIAN_POINT ( 'NONE',  ( -4.200000000000000178, 3.700000000000000178, -3.049999999999997602 ) ) ;
#6601 = EDGE_LOOP ( 'NONE', ( #1991, #7236, #8560, #4791 ) ) ;
#6602 = LINE ( 'NONE', #7268, #2039 ) ;
#6603 = ORIENTED_EDGE ( 'NONE', *, *, #7209, .T. ) ;
#6604 = CARTESIAN_POINT ( 'NONE',  ( 5.800000000000000711, 5.394289321881346133, 1.429289321881345387 ) ) ;
#6605 = VECTOR ( 'NONE', #1485, 1000.000000000000000 ) ;
#6606 = ADVANCED_FACE ( 'NONE', ( #2957 ), #8223, .T. ) ;
#6607 = LINE ( 'NONE', #10570, #3187 ) ;
#6608 = ORIENTED_EDGE ( 'NONE', *, *, #6643, .F. ) ;
#6609 = ORIENTED_EDGE ( 'NONE', *, *, #452, .F. ) ;
#6610 = CARTESIAN_POINT ( 'NONE',  ( -4.764267565201869559, 0.7499999999999996669, -5.000000000000000000 ) ) ;
#6611 = CARTESIAN_POINT ( 'NONE',  ( -6.200000000000001066, 2.400000000000000355, 3.700000000000000178 ) ) ;
#6612 = CARTESIAN_POINT ( 'NONE',  ( 5.005000000000000782, 5.064999999999999503, 2.800000000000000266 ) ) ;
#6613 = FILL_AREA_STYLE_COLOUR ( '', #10820 ) ;
#6614 = DIRECTION ( 'NONE',  ( 0.000000000000000000, 0.000000000000000000, -1.000000000000000000 ) ) ;
#6615 = EDGE_CURVE ( 'NONE', #2737, #9317, #4059, .T. ) ;
#6616 = DIRECTION ( 'NONE',  ( -7.885106708985488048E-16, 1.000000000000000000, 0.000000000000000000 ) ) ;
#6617 = CARTESIAN_POINT ( 'NONE',  ( -6.200000000000001066, 5.500000000000001776, 1.282157287525380163 ) ) ;
#6618 = ORIENTED_EDGE ( 'NONE', *, *, #5968, .F. ) ;
#6619 = AXIS2_PLACEMENT_3D ( 'NONE', #1303, #1530, #3836 ) ;
#6620 = ORIENTED_EDGE ( 'NONE', *, *, #1358, .F. ) ;
#6621 = DIRECTION ( 'NONE',  ( -0.7071067811865500152, -0.7071067811865451302, 4.829270603727145682E-16 ) ) ;
#6622 = LINE ( 'NONE', #7397, #8494 ) ;
#6623 = DIRECTION ( 'NONE',  ( 0.000000000000000000, 0.000000000000000000, -1.000000000000000000 ) ) ;
#6624 = PLANE ( 'NONE',  #84 ) ;
#6625 = VECTOR ( 'NONE', #60, 1000.000000000000000 ) ;
#6626 = CARTESIAN_POINT ( 'NONE',  ( -4.604999999999996874, 0.3500000000000000333, -5.000000000000000888 ) ) ;
#6627 = EDGE_CURVE ( 'NONE', #10368, #3028, #7189, .T. ) ;
#6628 = ORIENTED_EDGE ( 'NONE', *, *, #10125, .F. ) ;
#6629 = CARTESIAN_POINT ( 'NONE',  ( -5.900000000000000355, 1.799999999999999600, 1.099999999999999867 ) ) ;
#6630 = EDGE_CURVE ( 'NONE', #10801, #3256, #6318, .T. ) ;
#6631 = LINE ( 'NONE', #2962, #365 ) ;
#6632 = DIRECTION ( 'NONE',  ( -0.7071067811865475727, 0.000000000000000000, 0.7071067811865475727 ) ) ;
#6633 = ORIENTED_EDGE ( 'NONE', *, *, #8515, .T. ) ;
#6634 = DIRECTION ( 'NONE',  ( -1.000000000000000000, 0.000000000000000000, -0.000000000000000000 ) ) ;
#6635 = CARTESIAN_POINT ( 'NONE',  ( 7.000000000000000000, 2.750000000000001332, -3.200000000000000178 ) ) ;
#6636 = PLANE ( 'NONE',  #5687 ) ;
#6637 = EDGE_LOOP ( 'NONE', ( #8375, #3608, #7882, #5606 ) ) ;
#6638 =( BOUNDED_CURVE ( )  B_SPLINE_CURVE ( 3, ( #1602, #3410, #7434, #10169 ),
 .UNSPECIFIED., .F., .T. ) 
 B_SPLINE_CURVE_WITH_KNOTS ( ( 4, 4 ),
 ( 5.148721293383276887, 6.283185307179586232 ),
 .UNSPECIFIED. ) 
 CURVE ( )  GEOMETRIC_REPRESENTATION_ITEM ( )  RATIONAL_B_SPLINE_CURVE ( ( 1.000000000000000000, 0.8955942972085912945, 0.8955942972085912945, 1.000000000000000000 ) ) 
 REPRESENTATION_ITEM ( '' )  );
#6639 = DIRECTION ( 'NONE',  ( 0.000000000000000000, 0.000000000000000000, 1.000000000000000000 ) ) ;
#6640 = EDGE_CURVE ( 'NONE', #835, #391, #1164, .T. ) ;
#6641 = VERTEX_POINT ( 'NONE', #4005 ) ;
#6642 = DIRECTION ( 'NONE',  ( 1.000000000000000000, 0.000000000000000000, -0.000000000000000000 ) ) ;
#6643 = EDGE_CURVE ( 'NONE', #8948, #9003, #5546, .T. ) ;
#6644 = EDGE_CURVE ( 'NONE', #5132, #9903, #540, .T. ) ;
#6645 = CARTESIAN_POINT ( 'NONE',  ( 0.2499999999998926692, 0.6000000000000000888, 4.999999999999972466 ) ) ;
#6646 = ORIENTED_EDGE ( 'NONE', *, *, #1159, .T. ) ;
#6647 = CARTESIAN_POINT ( 'NONE',  ( -4.000000000000000000, 0.6000000000000000888, 0.000000000000000000 ) ) ;
#6648 = ADVANCED_FACE ( 'NONE', ( #9055 ), #4668, .T. ) ;
#6649 = CARTESIAN_POINT ( 'NONE',  ( -7.000000000000000888, 3.150000000000000799, -3.000000000000000000 ) ) ;
#6650 = ORIENTED_EDGE ( 'NONE', *, *, #8505, .F. ) ;
#6651 = DIRECTION ( 'NONE',  ( 0.000000000000000000, 0.000000000000000000, 1.000000000000000000 ) ) ;
#6652 = EDGE_LOOP ( 'NONE', ( #2558, #6019, #4324, #4963 ) ) ;
#6653 = DIRECTION ( 'NONE',  ( 1.000000000000000000, -0.000000000000000000, -0.000000000000000000 ) ) ;
#6654 = VECTOR ( 'NONE', #9414, 1000.000000000000000 ) ;
#6655 = DIRECTION ( 'NONE',  ( -0.000000000000000000, -1.000000000000000000, -0.000000000000000000 ) ) ;
#6656 = ORIENTED_EDGE ( 'NONE', *, *, #5081, .F. ) ;
#6657 = ORIENTED_EDGE ( 'NONE', *, *, #6032, .F. ) ;
#6658 = PLANE ( 'NONE',  #8831 ) ;
#6659 = LINE ( 'NONE', #10014, #1430 ) ;
#6660 = EDGE_CURVE ( 'NONE', #8905, #624, #10122, .T. ) ;
#6661 = DIRECTION ( 'NONE',  ( -0.7071067811865495711, -0.7071067811865454633, -1.533293416683369701E-16 ) ) ;
#6662 = AXIS2_PLACEMENT_3D ( 'NONE', #3265, #6407, #10751 ) ;
#6663 = CARTESIAN_POINT ( 'NONE',  ( 4.200000000000000178, 3.699999999999999734, 0.7999999999999994893 ) ) ;
#6664 = ORIENTED_EDGE ( 'NONE', *, *, #5441, .F. ) ;
#6665 = CARTESIAN_POINT ( 'NONE',  ( -5.800000000000000711, 5.500000000000000888, 3.725000000000000533 ) ) ;
#6666 = FACE_OUTER_BOUND ( 'NONE', #8131, .T. ) ;
#6667 = VECTOR ( 'NONE', #5351, 1000.000000000000114 ) ;
#6668 = DIRECTION ( 'NONE',  ( 1.000000000000000000, 0.000000000000000000, -0.000000000000000000 ) ) ;
#6669 = ORIENTED_EDGE ( 'NONE', *, *, #9882, .F. ) ;
#6670 = VECTOR ( 'NONE', #5605, 1000.000000000000000 ) ;
#6671 = ORIENTED_EDGE ( 'NONE', *, *, #450, .F. ) ;
#6672 = DIRECTION ( 'NONE',  ( 0.000000000000000000, 0.000000000000000000, 1.000000000000000000 ) ) ;
#6673 = EDGE_CURVE ( 'NONE', #6945, #2870, #5714, .T. ) ;
#6674 = VECTOR ( 'NONE', #2228, 1000.000000000000000 ) ;
#6675 = PLANE ( 'NONE',  #854 ) ;
#6676 = DIRECTION ( 'NONE',  ( -1.000000000000000000, -0.000000000000000000, -0.000000000000000000 ) ) ;
#6677 = DIRECTION ( 'NONE',  ( -0.000000000000000000, -0.000000000000000000, -1.000000000000000000 ) ) ;
#6678 = ORIENTED_EDGE ( 'NONE', *, *, #1185, .F. ) ;
#6679 = CARTESIAN_POINT ( 'NONE',  ( 6.200000000000001066, 5.425000000000000711, 3.000000000000000444 ) ) ;
#6680 = ADVANCED_FACE ( 'NONE', ( #5666 ), #10547, .T. ) ;
#6681 = FACE_OUTER_BOUND ( 'NONE', #5620, .T. ) ;
#6682 = EDGE_LOOP ( 'NONE', ( #969, #3040, #1775, #4605 ) ) ;
#6683 = CARTESIAN_POINT ( 'NONE',  ( -0.6250000000000000000, -7.703719777548944781E-33, -0.9499999999999998446 ) ) ;
#6685 = ORIENTED_EDGE ( 'NONE', *, *, #4899, .T. ) ;
#6684 = VECTOR ( 'NONE', #3052, 1000.000000000000000 ) ;
#6686 = CARTESIAN_POINT ( 'NONE',  ( 6.305000000000000604, 8.000000000000000000, -5.000000000000001776 ) ) ;
#6687 = DIRECTION ( 'NONE',  ( 0.000000000000000000, 0.000000000000000000, 1.000000000000000000 ) ) ;
#6688 = LINE ( 'NONE', #2358, #4975 ) ;
#6689 = ORIENTED_EDGE ( 'NONE', *, *, #10588, .F. ) ;
#6690 = LINE ( 'NONE', #10048, #104 ) ;
#6691 = SURFACE_STYLE_FILL_AREA ( #1012 ) ;
#6692 = VECTOR ( 'NONE', #5113, 1000.000000000000000 ) ;
#6693 = VERTEX_POINT ( 'NONE', #9724 ) ;
#6694 = VECTOR ( 'NONE', #8397, 1000.000000000000000 ) ;
#6695 = LINE ( 'NONE', #1736, #2665 ) ;
#6696 = EDGE_LOOP ( 'NONE', ( #6937, #8185, #494, #6507 ) ) ;
#6697 = DIRECTION ( 'NONE',  ( 1.000000000000000000, -0.000000000000000000, -0.000000000000000000 ) ) ;
#6698 = CARTESIAN_POINT ( 'NONE',  ( 5.200000000000000178, 4.800000000000000711, 0.7999999999999994893 ) ) ;
#6699 = EDGE_CURVE ( 'NONE', #9235, #10801, #8123, .T. ) ;
#6700 = EDGE_CURVE ( 'NONE', #1801, #10481, #8060, .T. ) ;
#6701 = EDGE_CURVE ( 'NONE', #10151, #8668, #7254, .T. ) ;
#6702 = ORIENTED_EDGE ( 'NONE', *, *, #3371, .F. ) ;
#6703 = DIRECTION ( 'NONE',  ( 0.000000000000000000, 0.000000000000000000, 1.000000000000000000 ) ) ;
#6704 = ORIENTED_EDGE ( 'NONE', *, *, #1139, .F. ) ;
#6705 = FACE_OUTER_BOUND ( 'NONE', #2501, .T. ) ;
#6706 = VECTOR ( 'NONE', #7365, 1000.000000000000000 ) ;
#6707 = VECTOR ( 'NONE', #1459, 1000.000000000000000 ) ;
#6708 = LINE ( 'NONE', #3508, #3195 ) ;
#6709 = ORIENTED_EDGE ( 'NONE', *, *, #3223, .T. ) ;
#6710 = VECTOR ( 'NONE', #2677, 1000.000000000000000 ) ;
#6711 = ORIENTED_EDGE ( 'NONE', *, *, #2798, .T. ) ;
#6712 = CARTESIAN_POINT ( 'NONE',  ( 7.000000000000000000, 5.499999999999998224, 3.700000000000000178 ) ) ;
#6713 = CARTESIAN_POINT ( 'NONE',  ( -5.200000000000000178, 0.9000000000000004663, 0.7999999999999994893 ) ) ;
#6714 = VECTOR ( 'NONE', #2955, 1000.000000000000000 ) ;
#6715 = ADVANCED_FACE ( 'NONE', ( #7359 ), #10719, .T. ) ;
#6716 = FACE_OUTER_BOUND ( 'NONE', #4171, .T. ) ;
#6717 = AXIS2_PLACEMENT_3D ( 'NONE', #5458, #9693, #7108 ) ;
#6718 = DIRECTION ( 'NONE',  ( 0.000000000000000000, 0.000000000000000000, 1.000000000000000000 ) ) ;
#6719 = VECTOR ( 'NONE', #6459, 1000.000000000000000 ) ;
#6720 = LINE ( 'NONE', #2635, #2557 ) ;
#6721 = AXIS2_PLACEMENT_3D ( 'NONE', #8442, #9380, #3501 ) ;
#6722 = EDGE_LOOP ( 'NONE', ( #1375, #4300, #2366, #3017 ) ) ;
#6723 = CARTESIAN_POINT ( 'NONE',  ( -5.800000000000000711, 5.394289321881346133, 1.429289321881345387 ) ) ;
#6724 = EDGE_CURVE ( 'NONE', #407, #8384, #8328, .T. ) ;
#6725 = CARTESIAN_POINT ( 'NONE',  ( 5.900000000000000355, 1.800000000000000044, -1.699999999999999734 ) ) ;
#6726 = VERTEX_POINT ( 'NONE', #807 ) ;
#6727 = VECTOR ( 'NONE', #758, 1000.000000000000114 ) ;
#6728 = ORIENTED_EDGE ( 'NONE', *, *, #6207, .T. ) ;
#6729 = CARTESIAN_POINT ( 'NONE',  ( 4.249999999999892530, 0.6000000000000000888, 5.000000000000000000 ) ) ;
#6730 = LINE ( 'NONE', #1877, #1385 ) ;
#6731 = DIRECTION ( 'NONE',  ( 0.000000000000000000, 0.000000000000000000, -1.000000000000000000 ) ) ;
#6732 = CARTESIAN_POINT ( 'NONE',  ( 0.6250000000000001110, 5.000000000000000000, -0.2500000000000002220 ) ) ;
#6733 = LINE ( 'NONE', #4981, #5240 ) ;
#6734 = ORIENTED_EDGE ( 'NONE', *, *, #8378, .T. ) ;
#6735 = DIRECTION ( 'NONE',  ( 0.000000000000000000, 0.000000000000000000, 1.000000000000000000 ) ) ;
#6736 = EDGE_CURVE ( 'NONE', #8177, #7677, #8281, .T. ) ;
#6737 = EDGE_LOOP ( 'NONE', ( #4725, #3479, #10158, #5033 ) ) ;
#6738 = CARTESIAN_POINT ( 'NONE',  ( -7.000000000000000000, 2.750000000000000444, 1.799999999999997380 ) ) ;
#6739 = ORIENTED_EDGE ( 'NONE', *, *, #10128, .T. ) ;
#6740 = CARTESIAN_POINT ( 'NONE',  ( 7.000000000000000888, 4.050000000000000711, -3.000000000000000000 ) ) ;
#6741 = FACE_OUTER_BOUND ( 'NONE', #10867, .T. ) ;
#6742 = CARTESIAN_POINT ( 'NONE',  ( -2.000000000000000000, 2.259191070279860103, -2.300000000000000266 ) ) ;
#6743 = ORIENTED_EDGE ( 'NONE', *, *, #5749, .T. ) ;
#6744 = FILL_AREA_STYLE_COLOUR ( '', #147 ) ;
#6745 = ORIENTED_EDGE ( 'NONE', *, *, #4824, .T. ) ;
#6746 = CARTESIAN_POINT ( 'NONE',  ( -5.004999999999999893, 5.064999999999999503, 2.800000000000000266 ) ) ;
#6747 = CARTESIAN_POINT ( 'NONE',  ( -0.6250000000000001110, 5.000000000000000000, -2.200000000000000178 ) ) ;
#6748 = ORIENTED_EDGE ( 'NONE', *, *, #6316, .F. ) ;
#6749 = CARTESIAN_POINT ( 'NONE',  ( 4.026055542458626846, 0.3499999999999999778, -3.750000000000002220 ) ) ;
#6750 = VECTOR ( 'NONE', #6417, 1000.000000000000000 ) ;
#6751 = ORIENTED_EDGE ( 'NONE', *, *, #9836, .F. ) ;
#6752 = CARTESIAN_POINT ( 'NONE',  ( 2.249999999999892530, 0.2000000000000000111, 2.400000000000000355 ) ) ;
#6753 = ORIENTED_EDGE ( 'NONE', *, *, #4438, .T. ) ;
#6754 = CARTESIAN_POINT ( 'NONE',  ( 6.200000000000001066, 5.500000000000001776, 3.075000000000001066 ) ) ;
#6755 = EDGE_CURVE ( 'NONE', #4226, #5314, #6690, .T. ) ;
#6756 = LINE ( 'NONE', #1643, #10030 ) ;
#6757 = ORIENTED_EDGE ( 'NONE', *, *, #8176, .F. ) ;
#6758 = VECTOR ( 'NONE', #6842, 1000.000000000000000 ) ;
#6759 = EDGE_LOOP ( 'NONE', ( #615, #4681, #1580, #19 ) ) ;
#6760 = DIRECTION ( 'NONE',  ( -0.000000000000000000, 1.000000000000000000, -0.000000000000000000 ) ) ;
#6761 = CARTESIAN_POINT ( 'NONE',  ( 6.200000000000001066, 5.470710678118656745, 1.352867965644033887 ) ) ;
#6762 = CARTESIAN_POINT ( 'NONE',  ( 4.250000000000000000, 2.649999999999999911, -1.999999999999997335 ) ) ;
#6763 = DIRECTION ( 'NONE',  ( 0.000000000000000000, 1.591489427501657896E-16, -1.000000000000000000 ) ) ;
#6764 = DIRECTION ( 'NONE',  ( -0.000000000000000000, -0.7071067811865385799, 0.7071067811865565655 ) ) ;
#6765 = VECTOR ( 'NONE', #1170, 1000.000000000000000 ) ;
#6766 = ORIENTED_EDGE ( 'NONE', *, *, #1527, .T. ) ;
#6767 = CARTESIAN_POINT ( 'NONE',  ( 0.000000000000000000, 0.6000000000000000888, 0.000000000000000000 ) ) ;
#6768 = ADVANCED_FACE ( 'NONE', ( #175 ), #8643, .T. ) ;
#6769 = ADVANCED_FACE ( 'NONE', ( #1879 ), #4992, .T. ) ;
#6770 = DIRECTION ( 'NONE',  ( -0.000000000000000000, -1.000000000000000000, -0.000000000000000000 ) ) ;
#6771 = ADVANCED_FACE ( 'NONE', ( #2763 ), #5181, .F. ) ;
#6772 = VERTEX_POINT ( 'NONE', #10778 ) ;
#6773 = EDGE_CURVE ( 'NONE', #10672, #2949, #761, .T. ) ;
#6774 = ORIENTED_EDGE ( 'NONE', *, *, #1264, .T. ) ;
#6775 = VECTOR ( 'NONE', #7471, 1000.000000000000000 ) ;
#6776 = ADVANCED_FACE ( 'NONE', ( #6119 ), #5768, .F. ) ;
#6777 = CYLINDRICAL_SURFACE ( 'NONE', #787, 0.09999999999999961697 ) ;
#6778 = DIRECTION ( 'NONE',  ( 0.000000000000000000, -0.7071067811865415775, 0.7071067811865535679 ) ) ;
#6779 = LINE ( 'NONE', #8367, #9224 ) ;
#6780 = DIRECTION ( 'NONE',  ( -0.000000000000000000, 0.7071067811865495711, 0.7071067811865455743 ) ) ;
#6781 = VECTOR ( 'NONE', #230, 1000.000000000000000 ) ;
#6782 = ADVANCED_FACE ( 'NONE', ( #9465 ), #1936, .T. ) ;
#6783 = ORIENTED_EDGE ( 'NONE', *, *, #8363, .T. ) ;
#6784 = DIRECTION ( 'NONE',  ( -3.469446951953611033E-15, 0.000000000000000000, -1.000000000000000000 ) ) ;
#6785 = CARTESIAN_POINT ( 'NONE',  ( 4.827974591282621297, -1.626303258728256651E-16, -4.650000000000000355 ) ) ;
#6786 = EDGE_LOOP ( 'NONE', ( #4629, #487, #10311, #4474 ) ) ;
#6787 = DIRECTION ( 'NONE',  ( -0.000000000000000000, 1.000000000000000000, -0.000000000000000000 ) ) ;
#6788 = EDGE_LOOP ( 'NONE', ( #9064, #10610, #3041, #6284, #4048, #10802 ) ) ;
#6789 = CARTESIAN_POINT ( 'NONE',  ( -7.525028058361390215, 3.896071829405163722, 1.274971941638607165 ) ) ;
#6790 = CIRCLE ( 'NONE', #7657, 0.07499999999999998335 ) ;
#6791 = LINE ( 'NONE', #10147, #5993 ) ;
#6792 = ADVANCED_FACE ( 'NONE', ( #9104 ), #8524, .T. ) ;
#6793 = CARTESIAN_POINT ( 'NONE',  ( 6.200000000000001066, 4.939999999999999503, 2.124999999999999556 ) ) ;
#6794 = ORIENTED_EDGE ( 'NONE', *, *, #4117, .T. ) ;
#6795 = LINE ( 'NONE', #1785, #3844 ) ;
#6796 = VERTEX_POINT ( 'NONE', #3535 ) ;
#6797 = LINE ( 'NONE', #857, #9843 ) ;
#6798 = CARTESIAN_POINT ( 'NONE',  ( 1.749999999999892752, 0.6000000000000000888, 3.899999999999999911 ) ) ;
#6799 = ORIENTED_EDGE ( 'NONE', *, *, #5784, .F. ) ;
#6800 = LINE ( 'NONE', #3450, #10734 ) ;
#6801 = ADVANCED_FACE ( 'NONE', ( #9991 ), #2509, .F. ) ;
#6802 = VERTEX_POINT ( 'NONE', #5815 ) ;
#6803 = LINE ( 'NONE', #4954, #3274 ) ;
#6804 = ORIENTED_EDGE ( 'NONE', *, *, #485, .T. ) ;
#6805 = PLANE ( 'NONE',  #3944 ) ;
#6806 = LINE ( 'NONE', #98, #10747 ) ;
#6807 = ORIENTED_EDGE ( 'NONE', *, *, #3548, .T. ) ;
#6808 = ORIENTED_EDGE ( 'NONE', *, *, #6942, .T. ) ;
#6809 = CARTESIAN_POINT ( 'NONE',  ( 7.000000000000000000, 4.850000000000000533, 2.250000000000000444 ) ) ;
#6810 = CARTESIAN_POINT ( 'NONE',  ( -2.250000000000000444, 2.149999999999999467, -1.999999999999997335 ) ) ;
#6811 = DIRECTION ( 'NONE',  ( 0.000000000000000000, 0.000000000000000000, -1.000000000000000000 ) ) ;
#6812 = FACE_OUTER_BOUND ( 'NONE', #5847, .T. ) ;
#6813 = CARTESIAN_POINT ( 'NONE',  ( -5.200000000000000178, 0.9000000000000004663, -4.849999999999997868 ) ) ;
#6814 = ORIENTED_EDGE ( 'NONE', *, *, #2339, .F. ) ;
#6815 = AXIS2_PLACEMENT_3D ( 'NONE', #10554, #7404, #2137 ) ;
#6816 = PLANE ( 'NONE',  #5388 ) ;
#6817 = CARTESIAN_POINT ( 'NONE',  ( 5.800000000000000711, 5.400000000000000355, 0.9678427124746188381 ) ) ;
#6818 = ORIENTED_EDGE ( 'NONE', *, *, #6123, .F. ) ;
#6819 = VECTOR ( 'NONE', #9731, 1000.000000000000000 ) ;
#6820 = ORIENTED_EDGE ( 'NONE', *, *, #6991, .T. ) ;
#6821 = VECTOR ( 'NONE', #9930, 1000.000000000000000 ) ;
#6822 = DIRECTION ( 'NONE',  ( 1.000000000000000000, -0.000000000000000000, -0.000000000000000000 ) ) ;
#6824 = EDGE_CURVE ( 'NONE', #8016, #8399, #6015, .T. ) ;
#6823 = LINE ( 'NONE', #2489, #2714 ) ;
#6825 = DIRECTION ( 'NONE',  ( 1.000000000000000000, -0.000000000000000000, -0.000000000000000000 ) ) ;
#6826 = ADVANCED_FACE ( 'NONE', ( #1824 ), #2708, .T. ) ;
#6827 = DIRECTION ( 'NONE',  ( 1.000000000000000000, 0.000000000000000000, 0.000000000000000000 ) ) ;
#6828 = EDGE_CURVE ( 'NONE', #1722, #10037, #1578, .T. ) ;
#6829 = VECTOR ( 'NONE', #8604, 1000.000000000000000 ) ;
#6830 = CARTESIAN_POINT ( 'NONE',  ( 7.000000000000000000, 1.300000000000000266, 3.899999999999999911 ) ) ;
#6831 = EDGE_LOOP ( 'NONE', ( #2637, #9850, #4441, #8035, #9574, #5243, #3218, #3148, #1698, #4220, #9260, #4700, #5377, #45, #7840, #9680, #3934, #9485, #4036, #1645, #9943, #770, #100, #9906 ) ) ;
#6832 = CIRCLE ( 'NONE', #6662, 0.2000000000000005107 ) ;
#6833 = CARTESIAN_POINT ( 'NONE',  ( 7.000000000000000888, 4.050000000000000711, -3.000000000000000000 ) ) ;
#6834 = CARTESIAN_POINT ( 'NONE',  ( 4.574328178301407810, 0.1737340227467711051, -4.829698322044849057 ) ) ;
#6835 = EDGE_LOOP ( 'NONE', ( #9737, #3494, #7286, #9212, #6743 ) ) ;
#6836 = VECTOR ( 'NONE', #6787, 1000.000000000000000 ) ;
#6837 = LINE ( 'NONE', #2659, #10360 ) ;
#6838 = ORIENTED_EDGE ( 'NONE', *, *, #2296, .T. ) ;
#6839 = DIRECTION ( 'NONE',  ( -1.000000000000000000, -0.000000000000000000, -0.000000000000000000 ) ) ;
#6840 = CARTESIAN_POINT ( 'NONE',  ( 2.249999999999892530, 0.2000000000000000111, 4.800000000000000711 ) ) ;
#6841 = COLOUR_RGB ( '',0.7921568627450980005, 0.8196078431372548767, 0.9333333333333333481 ) ;
#6842 = DIRECTION ( 'NONE',  ( -1.000000000000000000, -0.000000000000000000, -0.000000000000000000 ) ) ;
#6843 = ORIENTED_EDGE ( 'NONE', *, *, #400, .T. ) ;
#6844 = DIRECTION ( 'NONE',  ( 1.000000000000000000, 0.000000000000000000, -0.000000000000000000 ) ) ;
#6845 = AXIS2_PLACEMENT_3D ( 'NONE', #1031, #4393, #212 ) ;
#6846 = ORIENTED_EDGE ( 'NONE', *, *, #5707, .T. ) ;
#6847 = LINE ( 'NONE', #8599, #5445 ) ;
#6848 = EDGE_CURVE ( 'NONE', #5451, #1868, #4417, .T. ) ;
#6849 = VECTOR ( 'NONE', #5238, 1000.000000000000114 ) ;
#6850 = LINE ( 'NONE', #2727, #9702 ) ;
#6851 = VERTEX_POINT ( 'NONE', #3864 ) ;
#6852 = DIRECTION ( 'NONE',  ( -1.000000000000000000, 0.000000000000000000, 0.000000000000000000 ) ) ;
#6853 = LINE ( 'NONE', #7617, #6710 ) ;
#6854 = EDGE_CURVE ( 'NONE', #2120, #4860, #8031, .T. ) ;
#6855 = EDGE_CURVE ( 'NONE', #9521, #316, #5347, .T. ) ;
#6856 = VECTOR ( 'NONE', #9536, 1000.000000000000000 ) ;
#6857 = VERTEX_POINT ( 'NONE', #4528 ) ;
#6858 = CARTESIAN_POINT ( 'NONE',  ( 6.200000000000001066, 2.400000000000000355, 3.899999999999998579 ) ) ;
#6859 = VERTEX_POINT ( 'NONE', #6291 ) ;
#6860 = LINE ( 'NONE', #6754, #10261 ) ;
#6861 = CARTESIAN_POINT ( 'NONE',  ( 4.050000000000000711, 2.749999999999999112, -3.200000000000000178 ) ) ;
#6862 = DIRECTION ( 'NONE',  ( 0.000000000000000000, 0.000000000000000000, 1.000000000000000000 ) ) ;
#6863 = EDGE_CURVE ( 'NONE', #7205, #7980, #10352, .T. ) ;
#6864 = VERTEX_POINT ( 'NONE', #2934 ) ;
#6865 = VECTOR ( 'NONE', #129, 1000.000000000000000 ) ;
#6866 = EDGE_CURVE ( 'NONE', #2874, #4786, #7866, .T. ) ;
#6867 = AXIS2_PLACEMENT_3D ( 'NONE', #10064, #5005, #9172 ) ;
#6868 = ORIENTED_EDGE ( 'NONE', *, *, #7569, .F. ) ;
#6869 = FACE_OUTER_BOUND ( 'NONE', #4563, .T. ) ;
#6870 = CARTESIAN_POINT ( 'NONE',  ( -3.750000000000107470, 0.2000000000000000111, 5.000000000000000888 ) ) ;
#6871 = FACE_OUTER_BOUND ( 'NONE', #7025, .T. ) ;
#6872 = ORIENTED_EDGE ( 'NONE', *, *, #1469, .F. ) ;
#6873 = DIRECTION ( 'NONE',  ( 0.000000000000000000, -0.3713906763541029443, 0.9284766908852596368 ) ) ;
#6874 = ORIENTED_EDGE ( 'NONE', *, *, #10357, .F. ) ;
#6875 = LINE ( 'NONE', #6663, #6449 ) ;
#6876 = VECTOR ( 'NONE', #2160, 1000.000000000000000 ) ;
#6877 = AXIS2_PLACEMENT_3D ( 'NONE', #9830, #1473, #10604 ) ;
#6878 = ORIENTED_EDGE ( 'NONE', *, *, #10421, .F. ) ;
#6879 = DIRECTION ( 'NONE',  ( -0.3236155771181821184, -0.3236155771181821184, 0.8891264907159901476 ) ) ;
#6880 = PLANE ( 'NONE',  #5818 ) ;
#6881 = ORIENTED_EDGE ( 'NONE', *, *, #6541, .T. ) ;
#6882 = EDGE_LOOP ( 'NONE', ( #2940, #2994, #6820, #6794 ) ) ;
#6883 = VECTOR ( 'NONE', #3099, 1000.000000000000000 ) ;
#6884 = VECTOR ( 'NONE', #7971, 1000.000000000000114 ) ;
#6885 = CARTESIAN_POINT ( 'NONE',  ( 6.200000000000001066, 2.400000000000000355, 3.725000000000000089 ) ) ;
#6886 = CARTESIAN_POINT ( 'NONE',  ( -0.2500000000001078027, 0.2000000000000000111, 3.899999999999997247 ) ) ;
#6887 = CARTESIAN_POINT ( 'NONE',  ( 0.2500000000000002220, 2.540808929720139275, -2.300000000000000266 ) ) ;
#6888 = EDGE_CURVE ( 'NONE', #6982, #4385, #3049, .T. ) ;
#6889 = DIRECTION ( 'NONE',  ( 0.000000000000000000, 0.000000000000000000, -1.000000000000000000 ) ) ;
#6890 = CLOSED_SHELL ( 'NONE', ( #3149, #9629, #1539, #2720, #5486, #5394, #2198, #7114, #8383, #9622, #10497, #109, #368, #3329, #9165, #130, #7100, #1494, #905, #8991, #111, #6792, #4717, #778, #9043, #2732, #6442, #5970, #7663 ) ) ;
#6891 = PLANE ( 'NONE',  #4738 ) ;
#6892 = VECTOR ( 'NONE', #1630, 999.9999999999998863 ) ;
#6893 = VERTEX_POINT ( 'NONE', #7221 ) ;
#6894 = DIRECTION ( 'NONE',  ( -0.7071067811865505703, 0.000000000000000000, 0.7071067811865444641 ) ) ;
#6895 = EDGE_CURVE ( 'NONE', #8444, #4397, #3644, .T. ) ;
#6896 = CARTESIAN_POINT ( 'NONE',  ( 4.731992759080848820, 0.02063809929936281234, -4.800661297672444761 ) ) ;
#6897 = ORIENTED_EDGE ( 'NONE', *, *, #1655, .T. ) ;
#6898 = EDGE_CURVE ( 'NONE', #2910, #8883, #1388, .T. ) ;
#6899 = PLANE ( 'NONE',  #1922 ) ;
#6900 = EDGE_LOOP ( 'NONE', ( #10880, #3094, #3245, #3985 ) ) ;
#6901 = DIRECTION ( 'NONE',  ( 1.000000000000000000, 0.000000000000000000, -0.000000000000000000 ) ) ;
#6902 = VECTOR ( 'NONE', #54, 1000.000000000000000 ) ;
#6903 = DIRECTION ( 'NONE',  ( 3.336006684570783101E-16, 0.000000000000000000, -1.000000000000000000 ) ) ;
#6904 = CARTESIAN_POINT ( 'NONE',  ( -5.900000000000000355, 0.4000000000000000222, -1.700000000000000178 ) ) ;
#6905 = ORIENTED_EDGE ( 'NONE', *, *, #9894, .T. ) ;
#6906 = CARTESIAN_POINT ( 'NONE',  ( -5.800000000000000711, 0.000000000000000000, 0.000000000000000000 ) ) ;
#6907 = EDGE_LOOP ( 'NONE', ( #3033, #9992, #6408, #9304 ) ) ;
#6908 = DIRECTION ( 'NONE',  ( -0.000000000000000000, 0.000000000000000000, -1.000000000000000000 ) ) ;
#6909 = EDGE_CURVE ( 'NONE', #3638, #2519, #10582, .T. ) ;
#6910 = EDGE_CURVE ( 'NONE', #8317, #2693, #3704, .T. ) ;
#6911 = FACE_OUTER_BOUND ( 'NONE', #276, .T. ) ;
#6912 = VERTEX_POINT ( 'NONE', #4696 ) ;
#6913 =( LENGTH_UNIT ( ) NAMED_UNIT ( * ) SI_UNIT ( .MILLI., .METRE. ) );
#6914 = LINE ( 'NONE', #5373, #2492 ) ;
#6915 = EDGE_CURVE ( 'NONE', #1174, #9399, #7059, .T. ) ;
#6916 = ORIENTED_EDGE ( 'NONE', *, *, #8136, .T. ) ;
#6917 = DIRECTION ( 'NONE',  ( -1.000000000000000000, -0.000000000000000000, -0.000000000000000000 ) ) ;
#6918 = ORIENTED_EDGE ( 'NONE', *, *, #1673, .T. ) ;
#6919 = DIRECTION ( 'NONE',  ( 0.000000000000000000, 0.000000000000000000, -1.000000000000000000 ) ) ;
#6920 = CARTESIAN_POINT ( 'NONE',  ( -0.1408089297201395029, 2.259191070279860103, -2.300000000000000266 ) ) ;
#6921 = PLANE ( 'NONE',  #1944 ) ;
#6922 = ORIENTED_EDGE ( 'NONE', *, *, #2536, .F. ) ;
#6923 = ORIENTED_EDGE ( 'NONE', *, *, #4217, .F. ) ;
#6924 = CARTESIAN_POINT ( 'NONE',  ( -5.800000000000000711, 5.400000000000001243, 1.717842712474618283 ) ) ;
#6925 = VECTOR ( 'NONE', #3200, 1000.000000000000000 ) ;
#6926 = CARTESIAN_POINT ( 'NONE',  ( 2.249999999999892530, 0.2000000000000000111, 2.400000000000000355 ) ) ;
#6927 = LINE ( 'NONE', #1301, #364 ) ;
#6928 = VERTEX_POINT ( 'NONE', #10411 ) ;
#6929 = CARTESIAN_POINT ( 'NONE',  ( 7.000000000000000000, 1.800000000000000266, -3.200000000000000178 ) ) ;
#6930 = ADVANCED_FACE ( 'NONE', ( #2050 ), #7813, .T. ) ;
#6931 = DIRECTION ( 'NONE',  ( -0.3236155771181821184, 0.3236155771181821184, -0.8891264907159901476 ) ) ;
#6932 = EDGE_LOOP ( 'NONE', ( #8347, #10639, #9564, #4369 ) ) ;
#6933 = DIRECTION ( 'NONE',  ( 1.000000000000000000, -0.000000000000000000, -0.000000000000000000 ) ) ;
#6934 = VECTOR ( 'NONE', #3422, 1000.000000000000000 ) ;
#6935 = PLANE ( 'NONE',  #7213 ) ;
#6936 = ORIENTED_EDGE ( 'NONE', *, *, #6995, .F. ) ;
#6937 = ORIENTED_EDGE ( 'NONE', *, *, #6909, .F. ) ;
#6938 = LINE ( 'NONE', #5455, #4611 ) ;
#6939 = VECTOR ( 'NONE', #10253, 1000.000000000000000 ) ;
#6940 = DIRECTION ( 'NONE',  ( 0.000000000000000000, 1.000000000000000000, 3.097720492815727166E-16 ) ) ;
#6941 = FACE_OUTER_BOUND ( 'NONE', #8925, .T. ) ;
#6942 = EDGE_CURVE ( 'NONE', #1157, #7859, #3811, .T. ) ;
#6943 = CARTESIAN_POINT ( 'NONE',  ( -1.849999999999996536, 2.749999999999995559, -3.200000000000000178 ) ) ;
#6944 = CARTESIAN_POINT ( 'NONE',  ( -5.199999999999999289, 2.104927361626601545, -4.849999999999997868 ) ) ;
#6945 = VERTEX_POINT ( 'NONE', #286 ) ;
#6946 = PLANE ( 'NONE',  #9302 ) ;
#6947 = DIRECTION ( 'NONE',  ( -0.000000000000000000, 0.000000000000000000, -1.000000000000000000 ) ) ;
#6948 =( GEOMETRIC_REPRESENTATION_CONTEXT ( 3 ) GLOBAL_UNCERTAINTY_ASSIGNED_CONTEXT ( ( #5438 ) ) GLOBAL_UNIT_ASSIGNED_CONTEXT ( ( #1450, #2329, #9966 ) ) REPRESENTATION_CONTEXT ( 'NONE', 'WORKASPACE' ) );
#6949 = ORIENTED_EDGE ( 'NONE', *, *, #2374, .F. ) ;
#6950 = PLANE ( 'NONE',  #701 ) ;
#6951 = ORIENTED_EDGE ( 'NONE', *, *, #8778, .T. ) ;
#6952 = CARTESIAN_POINT ( 'NONE',  ( 6.200000000000001066, 5.325000000000001954, 3.899999999999999911 ) ) ;
#6953 = DIRECTION ( 'NONE',  ( 1.000000000000000000, 0.000000000000000000, -0.000000000000000000 ) ) ;
#6954 = DIRECTION ( 'NONE',  ( 0.000000000000000000, -1.000000000000000000, 0.000000000000000000 ) ) ;
#6955 = CYLINDRICAL_SURFACE ( 'NONE', #5354, 0.1000000000000011297 ) ;
#6956 = VECTOR ( 'NONE', #3452, 1000.000000000000000 ) ;
#6957 = ORIENTED_EDGE ( 'NONE', *, *, #4961, .F. ) ;
#6958 = LINE ( 'NONE', #3826, #1559 ) ;
#6959 = ORIENTED_EDGE ( 'NONE', *, *, #4349, .F. ) ;
#6960 = PLANE ( 'NONE',  #2809 ) ;
#6961 = AXIS2_PLACEMENT_3D ( 'NONE', #5293, #9944, #7758 ) ;
#6962 = DIRECTION ( 'NONE',  ( -0.000000000000000000, 1.000000000000000000, 0.000000000000000000 ) ) ;
#6963 = ORIENTED_EDGE ( 'NONE', *, *, #468, .T. ) ;
#6964 = PLANE ( 'NONE',  #9875 ) ;
#6965 = FACE_OUTER_BOUND ( 'NONE', #2458, .T. ) ;
#6966 = ADVANCED_FACE ( 'NONE', ( #1334 ), #10517, .F. ) ;
#6967 = EDGE_CURVE ( 'NONE', #7800, #5280, #401, .T. ) ;
#6968 = ORIENTED_EDGE ( 'NONE', *, *, #348, .T. ) ;
#6969 = CARTESIAN_POINT ( 'NONE',  ( -8.000000000000000000, 0.000000000000000000, 0.7999999999999994893 ) ) ;
#6970 = EDGE_CURVE ( 'NONE', #8705, #6499, #2104, .T. ) ;
#6971 = AXIS2_PLACEMENT_3D ( 'NONE', #6224, #9571, #2091 ) ;
#6972 = ORIENTED_EDGE ( 'NONE', *, *, #6235, .F. ) ;
#6973 = CARTESIAN_POINT ( 'NONE',  ( 5.350000000000000533, 2.350000000000000089, -4.500000000000000888 ) ) ;
#6974 = CARTESIAN_POINT ( 'NONE',  ( -5.800000000000000711, 4.700000000000000178, 0.1000000000000000472 ) ) ;
#6975 = CARTESIAN_POINT ( 'NONE',  ( -8.000000000000000000, 0.6000000000000000888, 0.000000000000000000 ) ) ;
#6976 = VERTEX_POINT ( 'NONE', #9530 ) ;
#6977 = DIRECTION ( 'NONE',  ( 1.000000000000000000, 0.000000000000000000, 3.336006684570783101E-16 ) ) ;
#6978 = ORIENTED_EDGE ( 'NONE', *, *, #558, .F. ) ;
#6979 = FACE_OUTER_BOUND ( 'NONE', #1372, .T. ) ;
#6980 = CARTESIAN_POINT ( 'NONE',  ( 5.200000000000000178, 0.9000000000000004663, -4.849999999999997868 ) ) ;
#6981 = PLANE ( 'NONE',  #5108 ) ;
#6982 = VERTEX_POINT ( 'NONE', #7926 ) ;
#6983 = LINE ( 'NONE', #3071, #2505 ) ;
#6984 = ORIENTED_EDGE ( 'NONE', *, *, #6516, .T. ) ;
#6985 = DIRECTION ( 'NONE',  ( 0.000000000000000000, 0.000000000000000000, 1.000000000000000000 ) ) ;
#6986 = ORIENTED_EDGE ( 'NONE', *, *, #1165, .F. ) ;
#6987 = LINE ( 'NONE', #1210, #1647 ) ;
#6988 = CARTESIAN_POINT ( 'NONE',  ( 5.005000000000000782, 5.499999999999998224, 2.800000000000000266 ) ) ;
#6989 = VERTEX_POINT ( 'NONE', #3755 ) ;
#6990 = VERTEX_POINT ( 'NONE', #5461 ) ;
#6991 = EDGE_CURVE ( 'NONE', #9189, #7205, #114, .T. ) ;
#6992 = CARTESIAN_POINT ( 'NONE',  ( -7.000000000000000000, 0.2000000000000000111, 3.899999999999999911 ) ) ;
#6993 = DIRECTION ( 'NONE',  ( 0.000000000000000000, 0.000000000000000000, 1.000000000000000000 ) ) ;
#6994 = LINE ( 'NONE', #10349, #6876 ) ;
#6995 = EDGE_CURVE ( 'NONE', #8076, #5716, #10638, .T. ) ;
#6996 = STYLED_ITEM ( 'NONE', ( #3710 ), #3519 ) ;
#6997 = CARTESIAN_POINT ( 'NONE',  ( 4.252632489217789136, 2.349999999999999645, -4.244345434564826824 ) ) ;
#6998 = DIRECTION ( 'NONE',  ( 0.7071067811865515695, 0.000000000000000000, 0.7071067811865434649 ) ) ;
#6999 = CARTESIAN_POINT ( 'NONE',  ( -6.305000000000000604, 4.050000000000000711, -3.200000000000000178 ) ) ;
#7000 = ORIENTED_EDGE ( 'NONE', *, *, #4022, .T. ) ;
#7001 = DIRECTION ( 'NONE',  ( 1.000000000000000000, 0.000000000000000000, -0.000000000000000000 ) ) ;
#7002 = CARTESIAN_POINT ( 'NONE',  ( -6.200000000000001066, 4.864999999999999325, 2.925000000000000266 ) ) ;
#7003 = VECTOR ( 'NONE', #9428, 1000.000000000000114 ) ;
#7004 = ORIENTED_EDGE ( 'NONE', *, *, #7317, .T. ) ;
#7005 = EDGE_CURVE ( 'NONE', #1983, #3063, #5790, .T. ) ;
#7006 = CARTESIAN_POINT ( 'NONE',  ( -5.004999999999999893, 4.400000000000000355, 3.700000000000000178 ) ) ;
#7007 = EDGE_CURVE ( 'NONE', #10204, #9021, #2480, .T. ) ;
#7008 = VERTEX_POINT ( 'NONE', #2272 ) ;
#7009 = FACE_OUTER_BOUND ( 'NONE', #9489, .T. ) ;
#7010 = CARTESIAN_POINT ( 'NONE',  ( -6.200000000000001066, 5.465000000000001634, 0.7499999999999993339 ) ) ;
#7011 = DIRECTION ( 'NONE',  ( -0.000000000000000000, 0.000000000000000000, 1.000000000000000000 ) ) ;
#7012 = DIRECTION ( 'NONE',  ( 0.000000000000000000, 0.000000000000000000, -1.000000000000000000 ) ) ;
#7013 = ADVANCED_FACE ( 'NONE', ( #7280 ), #1553, .T. ) ;
#7014 = VECTOR ( 'NONE', #841, 1000.000000000000000 ) ;
#7015 = VERTEX_POINT ( 'NONE', #9183 ) ;
#7016 = DIRECTION ( 'NONE',  ( -1.000000000000000000, -0.000000000000000000, 0.000000000000000000 ) ) ;
#7017 = VERTEX_POINT ( 'NONE', #8093 ) ;
#7018 = DIRECTION ( 'NONE',  ( 1.000000000000000000, 0.000000000000000000, -0.000000000000000000 ) ) ;
#7019 = AXIS2_PLACEMENT_3D ( 'NONE', #5539, #1414, #478 ) ;
#7020 = DIRECTION ( 'NONE',  ( 0.000000000000000000, 1.000000000000000000, -0.000000000000000000 ) ) ;
#7021 = ORIENTED_EDGE ( 'NONE', *, *, #3892, .T. ) ;
#7022 = SURFACE_STYLE_FILL_AREA ( #4662 ) ;
#7023 = CARTESIAN_POINT ( 'NONE',  ( -3.750000000000000000, 2.649999999999999911, -2.300000000000000266 ) ) ;
#7024 = VECTOR ( 'NONE', #7709, 1000.000000000000000 ) ;
#7025 = EDGE_LOOP ( 'NONE', ( #5810, #1273, #5696, #1540 ) ) ;
#7026 = DIRECTION ( 'NONE',  ( -0.000000000000000000, 0.000000000000000000, 1.000000000000000000 ) ) ;
#7027 = ORIENTED_EDGE ( 'NONE', *, *, #2624, .F. ) ;
#7028 = VECTOR ( 'NONE', #7182, 1000.000000000000000 ) ;
#7029 = LINE ( 'NONE', #2857, #9033 ) ;
#7030 = DIRECTION ( 'NONE',  ( -1.000000000000000000, -0.000000000000000000, 0.000000000000000000 ) ) ;
#7031 = LINE ( 'NONE', #6267, #9867 ) ;
#7032 = ORIENTED_EDGE ( 'NONE', *, *, #7604, .T. ) ;
#7033 = DIRECTION ( 'NONE',  ( 0.000000000000000000, -0.000000000000000000, -1.000000000000000000 ) ) ;
#7034 = EDGE_CURVE ( 'NONE', #5066, #7370, #6464, .T. ) ;
#7035 = EDGE_LOOP ( 'NONE', ( #1938, #2467, #3788, #1744 ) ) ;
#7036 = EDGE_CURVE ( 'NONE', #7685, #9281, #5743, .T. ) ;
#7037 = DIRECTION ( 'NONE',  ( -1.036248463534799174E-31, -1.000000000000000000, -9.856383386231858827E-17 ) ) ;
#7038 = EDGE_CURVE ( 'NONE', #928, #856, #9032, .T. ) ;
#7039 = CARTESIAN_POINT ( 'NONE',  ( -1.749999999999999778, 2.149999999999999467, 0.7999999999999994893 ) ) ;
#7040 = VECTOR ( 'NONE', #8516, 1000.000000000000000 ) ;
#7041 = ORIENTED_EDGE ( 'NONE', *, *, #6828, .T. ) ;
#7042 = CARTESIAN_POINT ( 'NONE',  ( -4.200000000000000178, 4.800000000000000711, 0.7999999999999994893 ) ) ;
#7043 = CARTESIAN_POINT ( 'NONE',  ( -1.622592672733450536, 2.022592672733450225, -1.649951245262083699 ) ) ;
#7044 = EDGE_LOOP ( 'NONE', ( #9350, #3706, #3220, #1802, #1641 ) ) ;
#7045 = DIRECTION ( 'NONE',  ( 1.000000000000000000, 0.000000000000000000, 0.000000000000000000 ) ) ;
#7046 = VECTOR ( 'NONE', #5333, 1000.000000000000000 ) ;
#7047 = VECTOR ( 'NONE', #4618, 1000.000000000000000 ) ;
#7048 = CARTESIAN_POINT ( 'NONE',  ( -1.999999999999998668, 3.699999999999999734, -3.049999999999997602 ) ) ;
#7049 = ORIENTED_EDGE ( 'NONE', *, *, #880, .F. ) ;
#7050 = ORIENTED_EDGE ( 'NONE', *, *, #250, .T. ) ;
#7051 = EDGE_CURVE ( 'NONE', #2784, #52, #4086, .T. ) ;
#7052 = CARTESIAN_POINT ( 'NONE',  ( -0.2500000000001078027, 0.000000000000000000, 4.800000000000000711 ) ) ;
#7053 = AXIS2_PLACEMENT_3D ( 'NONE', #956, #7772, #6954 ) ;
#7054 = DIRECTION ( 'NONE',  ( -1.000000000000000000, -0.000000000000000000, -0.000000000000000000 ) ) ;
#7055 = AXIS2_PLACEMENT_3D ( 'NONE', #3547, #8377, #2504 ) ;
#7056 = PLANE ( 'NONE',  #3209 ) ;
#7057 = SURFACE_STYLE_USAGE ( .BOTH. , #1110 ) ;
#7058 = EDGE_CURVE ( 'NONE', #6597, #2013, #8306, .T. ) ;
#7059 = LINE ( 'NONE', #9581, #4159 ) ;
#7060 = DIRECTION ( 'NONE',  ( -0.000000000000000000, -0.000000000000000000, 1.000000000000000000 ) ) ;
#7061 = ORIENTED_EDGE ( 'NONE', *, *, #8601, .F. ) ;
#7062 = LINE ( 'NONE', #3707, #5644 ) ;
#7063 = PLANE ( 'NONE',  #6506 ) ;
#7064 = AXIS2_PLACEMENT_3D ( 'NONE', #9501, #317, #7033 ) ;
#7065 = PRODUCT_CONTEXT ( 'NONE', #5858, 'mechanical' ) ;
#7066 = AXIS2_PLACEMENT_3D ( 'NONE', #5020, #5907, #6672 ) ;
#7067 = VERTEX_POINT ( 'NONE', #6665 ) ;
#7068 = PLANE ( 'NONE',  #8242 ) ;
#7069 = CARTESIAN_POINT ( 'NONE',  ( 1.749999999999893197, 0.6000000000000000888, 2.400000000000000355 ) ) ;
#7070 = CARTESIAN_POINT ( 'NONE',  ( 3.850000000000000089, 5.699999999999999289, 2.250000000000000000 ) ) ;
#7071 = CARTESIAN_POINT ( 'NONE',  ( 6.200000000000001066, 2.400000000000001243, -1.699999999999999734 ) ) ;
#7072 = CARTESIAN_POINT ( 'NONE',  ( -6.399999999999999467, 5.700000000000000178, -1.899999999999996581 ) ) ;
#7073 = CIRCLE ( 'NONE', #2336, 0.09999999999999961697 ) ;
#7074 = ORIENTED_EDGE ( 'NONE', *, *, #1053, .F. ) ;
#7075 = EDGE_CURVE ( 'NONE', #785, #6945, #10847, .T. ) ;
#7076 = PLANE ( 'NONE',  #5068 ) ;
#7077 = ORIENTED_EDGE ( 'NONE', *, *, #9824, .F. ) ;
#7078 = LINE ( 'NONE', #9772, #2293 ) ;
#7079 = AXIS2_PLACEMENT_3D ( 'NONE', #5786, #4027, #724 ) ;
#7080 = VECTOR ( 'NONE', #9346, 1000.000000000000000 ) ;
#7081 = CARTESIAN_POINT ( 'NONE',  ( 0.6250000000000001110, 4.400000000000000355, -2.200000000000000178 ) ) ;
#7082 = ORIENTED_EDGE ( 'NONE', *, *, #380, .T. ) ;
#7083 =( LENGTH_UNIT ( ) NAMED_UNIT ( * ) SI_UNIT ( .MILLI., .METRE. ) );
#7084 = CARTESIAN_POINT ( 'NONE',  ( 7.000000000000000000, 4.550000000000001599, -3.200000000000000178 ) ) ;
#7085 = VERTEX_POINT ( 'NONE', #7438 ) ;
#7086 = FACE_OUTER_BOUND ( 'NONE', #553, .T. ) ;
#7087 = EDGE_CURVE ( 'NONE', #10323, #9325, #2383, .T. ) ;
#7088 = ORIENTED_EDGE ( 'NONE', *, *, #6898, .T. ) ;
#7089 = CARTESIAN_POINT ( 'NONE',  ( 5.800000000000000711, 5.500000000000001776, 1.974999999999999423 ) ) ;
#7090 = LINE ( 'NONE', #544, #2449 ) ;
#7091 = LINE ( 'NONE', #1855, #7915 ) ;
#7092 = ORIENTED_EDGE ( 'NONE', *, *, #439, .T. ) ;
#7093 = DIRECTION ( 'NONE',  ( 0.000000000000000000, -1.000000000000000000, 0.000000000000000000 ) ) ;
#7094 = UNCERTAINTY_MEASURE_WITH_UNIT (LENGTH_MEASURE( 1.000000000000000082E-05 ), #4196, 'distance_accuracy_value', 'NONE');
#7095 = ORIENTED_EDGE ( 'NONE', *, *, #6062, .T. ) ;
#7096 = CARTESIAN_POINT ( 'NONE',  ( -6.054999999999997939, 0.000000000000000000, -3.599999999999992095 ) ) ;
#7097 = EDGE_CURVE ( 'NONE', #1843, #1836, #4751, .T. ) ;
#7098 = ORIENTED_EDGE ( 'NONE', *, *, #74, .T. ) ;
#7099 = LINE ( 'NONE', #10506, #7825 ) ;
#7100 = ADVANCED_FACE ( 'NONE', ( #3928 ), #3264, .F. ) ;
#7101 = VERTEX_POINT ( 'NONE', #630 ) ;
#7102 = DIRECTION ( 'NONE',  ( -0.000000000000000000, 0.000000000000000000, 1.000000000000000000 ) ) ;
#7103 = CARTESIAN_POINT ( 'NONE',  ( -0.6250000000000001110, 4.400000000000000355, -2.200000000000000178 ) ) ;
#7104 = ORIENTED_EDGE ( 'NONE', *, *, #4416, .F. ) ;
#7105 = AXIS2_PLACEMENT_3D ( 'NONE', #2076, #5325, #1141 ) ;
#7106 = ORIENTED_EDGE ( 'NONE', *, *, #4553, .T. ) ;
#7107 = PLANE ( 'NONE',  #10221 ) ;
#7108 = DIRECTION ( 'NONE',  ( 0.000000000000000000, 0.000000000000000000, -1.000000000000000000 ) ) ;
#7109 = CARTESIAN_POINT ( 'NONE',  ( -6.200000000000001954, 2.400000000000001243, -1.699999999999998401 ) ) ;
#7110 = CARTESIAN_POINT ( 'NONE',  ( 7.000000000000000000, 5.699999999999999289, 2.250000000000000000 ) ) ;
#7111 = VECTOR ( 'NONE', #10594, 1000.000000000000000 ) ;
#7112 = EDGE_CURVE ( 'NONE', #9416, #2949, #4867, .T. ) ;
#7113 = CARTESIAN_POINT ( 'NONE',  ( 3.250000000000000444, 2.750000000000001332, -3.200000000000000178 ) ) ;
#7114 = ADVANCED_FACE ( 'NONE', ( #2331 ), #3982, .T. ) ;
#7115 = CARTESIAN_POINT ( 'NONE',  ( -6.200000000000001066, 2.575000000000000178, 3.899999999999999911 ) ) ;
#7116 = EDGE_CURVE ( 'NONE', #10037, #2870, #9082, .T. ) ;
#7117 = VERTEX_POINT ( 'NONE', #9968 ) ;
#7118 = LINE ( 'NONE', #7978, #1422 ) ;
#7119 = CARTESIAN_POINT ( 'NONE',  ( 4.249999999999892530, 0.6000000000000000888, 2.400000000000000355 ) ) ;
#7120 = VERTEX_POINT ( 'NONE', #2428 ) ;
#7121 = VECTOR ( 'NONE', #412, 1000.000000000000000 ) ;
#7122 = CARTESIAN_POINT ( 'NONE',  ( -5.800000000000000711, 5.064999999999999503, 2.250000000000000444 ) ) ;
#7123 = LINE ( 'NONE', #1229, #200 ) ;
#7124 = DIRECTION ( 'NONE',  ( 0.000000000000000000, 0.000000000000000000, 1.000000000000000000 ) ) ;
#7125 = CARTESIAN_POINT ( 'NONE',  ( 3.850000000000000089, 4.850000000000000533, -3.200000000000000178 ) ) ;
#7126 = DIRECTION ( 'NONE',  ( 0.000000000000000000, -1.591489427501657896E-16, 1.000000000000000000 ) ) ;
#7127 = EDGE_LOOP ( 'NONE', ( #6127, #2849, #8199, #3105, #419, #4245 ) ) ;
#7128 = DIRECTION ( 'NONE',  ( 1.000000000000000000, 0.000000000000000000, -0.000000000000000000 ) ) ;
#7129 = PRESENTATION_LAYER_ASSIGNMENT (  '', '', ( #967 ) ) ;
#7130 = ORIENTED_EDGE ( 'NONE', *, *, #10357, .T. ) ;
#7131 =( NAMED_UNIT ( * ) SI_UNIT ( $, .STERADIAN. ) SOLID_ANGLE_UNIT ( ) );
#7132 = ORIENTED_EDGE ( 'NONE', *, *, #6587, .F. ) ;
#7133 = EDGE_CURVE ( 'NONE', #475, #5867, #7484, .T. ) ;
#7134 = AXIS2_PLACEMENT_3D ( 'NONE', #8496, #1743, #6651 ) ;
#7135 = CARTESIAN_POINT ( 'NONE',  ( 5.599999999999999645, 5.700000000000000178, -1.899999999999999245 ) ) ;
#7136 = VERTEX_POINT ( 'NONE', #7637 ) ;
#7137 = LINE ( 'NONE', #4446, #4327 ) ;
#7138 = ORIENTED_EDGE ( 'NONE', *, *, #4060, .F. ) ;
#7139 = LINE ( 'NONE', #10494, #8487 ) ;
#7140 = LINE ( 'NONE', #3733, #10532 ) ;
#7141 = VECTOR ( 'NONE', #6067, 1000.000000000000000 ) ;
#7142 = DIRECTION ( 'NONE',  ( -1.000000000000000000, 0.000000000000000000, 0.000000000000000000 ) ) ;
#7143 = ORIENTED_EDGE ( 'NONE', *, *, #8716, .F. ) ;
#7144 = EDGE_CURVE ( 'NONE', #9226, #2388, #5900, .T. ) ;
#7145 = FACE_OUTER_BOUND ( 'NONE', #900, .T. ) ;
#7146 = EDGE_LOOP ( 'NONE', ( #9405, #5475, #9626, #1379 ) ) ;
#7147 = FILL_AREA_STYLE_COLOUR ( '', #6311 ) ;
#7148 = EDGE_CURVE ( 'NONE', #7168, #6561, #936, .T. ) ;
#7149 = CARTESIAN_POINT ( 'NONE',  ( 0.2500000000000002220, 2.649999999999999911, -1.999999999999997335 ) ) ;
#7150 = VECTOR ( 'NONE', #9809, 1000.000000000000000 ) ;
#7151 = VERTEX_POINT ( 'NONE', #9236 ) ;
#7152 = ORIENTED_EDGE ( 'NONE', *, *, #492, .F. ) ;
#7153 = LINE ( 'NONE', #2973, #9777 ) ;
#7154 = ORIENTED_EDGE ( 'NONE', *, *, #194, .T. ) ;
#7155 = CARTESIAN_POINT ( 'NONE',  ( 7.000000000000000000, 0.3499999999999999778, -4.650000000000000355 ) ) ;
#7156 = CARTESIAN_POINT ( 'NONE',  ( 4.783333333333326109, 4.216666666666676555, -2.466666666666664121 ) ) ;
#7157 = ORIENTED_EDGE ( 'NONE', *, *, #1187, .F. ) ;
#7158 = ORIENTED_EDGE ( 'NONE', *, *, #1883, .T. ) ;
#7159 = LINE ( 'NONE', #10513, #6719 ) ;
#7160 = CARTESIAN_POINT ( 'NONE',  ( 5.599999999999997868, 5.700000000000000178, 3.499999999999997780 ) ) ;
#7161 = FACE_OUTER_BOUND ( 'NONE', #672, .T. ) ;
#7162 = CARTESIAN_POINT ( 'NONE',  ( 6.200000000000001066, 5.700000000000000178, 0.1000000000000002554 ) ) ;
#7163 = DIRECTION ( 'NONE',  ( -0.000000000000000000, 0.000000000000000000, -1.000000000000000000 ) ) ;
#7164 = DIRECTION ( 'NONE',  ( -1.000000000000000000, 0.000000000000000000, 0.000000000000000000 ) ) ;
#7165 = ORIENTED_EDGE ( 'NONE', *, *, #2516, .F. ) ;
#7166 = CARTESIAN_POINT ( 'NONE',  ( 0.2499999999998926692, 1.300000000000000266, 3.899999999999999911 ) ) ;
#7167 = CARTESIAN_POINT ( 'NONE',  ( -2.313251720485667295, 0.000000000000000000, 0.7428405995877022105 ) ) ;
#7168 = VERTEX_POINT ( 'NONE', #3366 ) ;
#7169 = CARTESIAN_POINT ( 'NONE',  ( 6.055000000000000604, 1.999896230895142013, -5.000000000000000000 ) ) ;
#7170 = ADVANCED_FACE ( 'NONE', ( #4186 ), #2582, .F. ) ;
#7171 = VECTOR ( 'NONE', #9934, 1000.000000000000000 ) ;
#7172 = EDGE_CURVE ( 'NONE', #513, #926, #10174, .T. ) ;
#7173 = LINE ( 'NONE', #7069, #5673 ) ;
#7174 = EDGE_CURVE ( 'NONE', #5285, #9453, #882, .T. ) ;
#7175 = CARTESIAN_POINT ( 'NONE',  ( -2.140808929720139364, 2.540808929720139275, -2.300000000000000266 ) ) ;
#7176 = DIRECTION ( 'NONE',  ( 0.000000000000000000, 0.000000000000000000, -1.000000000000000000 ) ) ;
#7177 = CARTESIAN_POINT ( 'NONE',  ( -6.200000000000001066, 4.864999999999999325, 2.925000000000000266 ) ) ;
#7178 = EDGE_LOOP ( 'NONE', ( #7424, #964, #10450, #404 ) ) ;
#7179 = LINE ( 'NONE', #7942, #8396 ) ;
#7180 = ORIENTED_EDGE ( 'NONE', *, *, #4311, .T. ) ;
#7181 = VECTOR ( 'NONE', #6677, 1000.000000000000000 ) ;
#7182 = DIRECTION ( 'NONE',  ( 0.000000000000000000, -1.000000000000000000, 0.000000000000000000 ) ) ;
#7183 = EDGE_LOOP ( 'NONE', ( #2701, #7132, #10882, #9738 ) ) ;
#7184 = SURFACE_SIDE_STYLE ('',( #3832 ) ) ;
#7185 = DIRECTION ( 'NONE',  ( 0.000000000000000000, 0.9063077870366496036, 0.4226182617406999964 ) ) ;
#7186 = DIRECTION ( 'NONE',  ( -0.4226182617407009401, 0.000000000000000000, -0.9063077870366492705 ) ) ;
#7187 = VECTOR ( 'NONE', #7060, 1000.000000000000000 ) ;
#7188 = EDGE_LOOP ( 'NONE', ( #5817, #552, #9857, #7310 ) ) ;
#7189 = LINE ( 'NONE', #5602, #5381 ) ;
#7190 = ADVANCED_FACE ( 'NONE', ( #2533 ), #6816, .F. ) ;
#7191 = AXIS2_PLACEMENT_3D ( 'NONE', #252, #6962, #10316 ) ;
#7192 = ORIENTED_EDGE ( 'NONE', *, *, #3403, .T. ) ;
#7193 = LINE ( 'NONE', #8181, #3248 ) ;
#7194 = LINE ( 'NONE', #1197, #6670 ) ;
#7195 = VECTOR ( 'NONE', #5718, 1000.000000000000000 ) ;
#7196 = DIRECTION ( 'NONE',  ( -7.885106708985485090E-16, -1.000000000000000000, 0.000000000000000000 ) ) ;
#7197 = EDGE_LOOP ( 'NONE', ( #9155, #342, #9852, #301 ) ) ;
#7198 = LINE ( 'NONE', #10500, #4074 ) ;
#7199 = ORIENTED_EDGE ( 'NONE', *, *, #7966, .T. ) ;
#7200 = DIRECTION ( 'NONE',  ( 0.000000000000000000, 0.000000000000000000, -1.000000000000000000 ) ) ;
#7201 = AXIS2_PLACEMENT_3D ( 'NONE', #4815, #3111, #9815 ) ;
#7202 = CARTESIAN_POINT ( 'NONE',  ( 2.249999999999892530, 0.2000000000000000111, 2.400000000000000355 ) ) ;
#7203 = ORIENTED_EDGE ( 'NONE', *, *, #9270, .F. ) ;
#7204 = VECTOR ( 'NONE', #3276, 1000.000000000000000 ) ;
#7205 = VERTEX_POINT ( 'NONE', #5171 ) ;
#7206 = FACE_OUTER_BOUND ( 'NONE', #836, .T. ) ;
#7207 = ORIENTED_EDGE ( 'NONE', *, *, #3745, .F. ) ;
#7208 = DIRECTION ( 'NONE',  ( -0.5773502691896250649, -0.5773502691896227335, 0.5773502691896295058 ) ) ;
#7209 = EDGE_CURVE ( 'NONE', #1958, #4860, #10841, .T. ) ;
#7210 = EDGE_CURVE ( 'NONE', #5670, #2294, #6790, .T. ) ;
#7211 = CARTESIAN_POINT ( 'NONE',  ( 4.249999999999892530, 0.2000000000000000111, 4.800000000000000711 ) ) ;
#7212 = VERTEX_POINT ( 'NONE', #6055 ) ;
#7213 = AXIS2_PLACEMENT_3D ( 'NONE', #3800, #9455, #1989 ) ;
#7214 = VERTEX_POINT ( 'NONE', #1705 ) ;
#7215 = ORIENTED_EDGE ( 'NONE', *, *, #9004, .F. ) ;
#7216 = PLANE ( 'NONE',  #5653 ) ;
#7217 = DIRECTION ( 'NONE',  ( 0.000000000000000000, -1.000000000000000000, 0.000000000000000000 ) ) ;
#7218 = CARTESIAN_POINT ( 'NONE',  ( -4.827974591282618633, 0.000000000000000000, -4.650000000000000355 ) ) ;
#7219 = CARTESIAN_POINT ( 'NONE',  ( -4.200000000000000178, 3.700000000000000178, 0.7999999999999994893 ) ) ;
#7220 = VECTOR ( 'NONE', #10640, 1000.000000000000000 ) ;
#7221 = CARTESIAN_POINT ( 'NONE',  ( 6.055000000000000604, -2.255251100194115558E-18, -4.650000000000000355 ) ) ;
#7222 = CARTESIAN_POINT ( 'NONE',  ( -6.200000000000001066, 5.299999999999999822, -1.699999999999999734 ) ) ;
#7223 = ORIENTED_EDGE ( 'NONE', *, *, #3476, .F. ) ;
#7224 = CARTESIAN_POINT ( 'NONE',  ( 7.000000000000000000, 5.700000000000000178, 3.000000000000002665 ) ) ;
#7225 = ORIENTED_EDGE ( 'NONE', *, *, #978, .T. ) ;
#7226 = SHAPE_DEFINITION_REPRESENTATION ( #7337, #3519 ) ;
#7227 = VERTEX_POINT ( 'NONE', #6723 ) ;
#7228 = VECTOR ( 'NONE', #3437, 1000.000000000000000 ) ;
#7229 = LINE ( 'NONE', #10592, #5442 ) ;
#7230 = AXIS2_PLACEMENT_3D ( 'NONE', #1242, #2183, #362 ) ;
#7231 = DIRECTION ( 'NONE',  ( 0.000000000000000000, -0.000000000000000000, -1.000000000000000000 ) ) ;
#7232 = CARTESIAN_POINT ( 'NONE',  ( -1.750000000000107470, 0.6000000000000000888, 4.999999999999958256 ) ) ;
#7233 = ADVANCED_FACE ( 'NONE', ( #8513 ), #832, .T. ) ;
#7234 = LINE ( 'NONE', #10423, #5823 ) ;
#7235 = CARTESIAN_POINT ( 'NONE',  ( -5.800000000000000711, 5.500000000000001776, 1.974999999999999423 ) ) ;
#7236 = ORIENTED_EDGE ( 'NONE', *, *, #171, .F. ) ;
#7237 = CARTESIAN_POINT ( 'NONE',  ( -4.827974591282618633, -2.168404344971008868E-16, -4.650000000000000355 ) ) ;
#7238 = AXIS2_PLACEMENT_3D ( 'NONE', #14, #6676, #8366 ) ;
#7239 = EDGE_CURVE ( 'NONE', #5066, #5564, #8409, .T. ) ;
#7240 = AXIS2_PLACEMENT_3D ( 'NONE', #8038, #1343, #4706 ) ;
#7241 = ORIENTED_EDGE ( 'NONE', *, *, #7688, .F. ) ;
#7242 = PRESENTATION_STYLE_ASSIGNMENT (( #2180 ) ) ;
#7243 = ADVANCED_FACE ( 'NONE', ( #7588 ), #1758, .F. ) ;
#7244 = EDGE_CURVE ( 'NONE', #1489, #10481, #10127, .T. ) ;
#7245 = DIRECTION ( 'NONE',  ( 6.195440985631441512E-16, -1.000000000000000000, 0.000000000000000000 ) ) ;
#7246 = VECTOR ( 'NONE', #10318, 1000.000000000000114 ) ;
#7247 = VERTEX_POINT ( 'NONE', #3467 ) ;
#7248 = LINE ( 'NONE', #5657, #8619 ) ;
#7249 = VECTOR ( 'NONE', #1535, 1000.000000000000000 ) ;
#7250 = CARTESIAN_POINT ( 'NONE',  ( 7.000000000000000000, 5.700000000000000178, 3.000000000000002665 ) ) ;
#7251 = VECTOR ( 'NONE', #2983, 1000.000000000000114 ) ;
#7252 = DIRECTION ( 'NONE',  ( -1.000000000000000000, -0.000000000000000000, -0.000000000000000000 ) ) ;
#7253 = VERTEX_POINT ( 'NONE', #2638 ) ;
#7254 = LINE ( 'NONE', #8178, #9239 ) ;
#7255 = ORIENTED_EDGE ( 'NONE', *, *, #6046, .F. ) ;
#7256 =( NAMED_UNIT ( * ) SI_UNIT ( $, .STERADIAN. ) SOLID_ANGLE_UNIT ( ) );
#7257 = DIRECTION ( 'NONE',  ( 1.000000000000000000, 0.000000000000000000, 0.000000000000000000 ) ) ;
#7258 = ADVANCED_FACE ( 'NONE', ( #6004 ), #7687, .T. ) ;
#7259 = EDGE_CURVE ( 'NONE', #9143, #2546, #8566, .T. ) ;
#7260 = CIRCLE ( 'NONE', #2346, 0.3500000000000000333 ) ;
#7261 = ORIENTED_EDGE ( 'NONE', *, *, #3546, .F. ) ;
#7262 = CARTESIAN_POINT ( 'NONE',  ( -7.000000000000000000, 2.750000000000000444, -3.600000000000000533 ) ) ;
#7263 = ORIENTED_EDGE ( 'NONE', *, *, #8066, .T. ) ;
#7264 = EDGE_CURVE ( 'NONE', #1836, #5306, #221, .T. ) ;
#7265 = CARTESIAN_POINT ( 'NONE',  ( -6.304999999999998828, 0.4000000000000000222, 2.149999999999999911 ) ) ;
#7266 = EDGE_LOOP ( 'NONE', ( #5429, #9583, #4570, #9602 ) ) ;
#7267 = EDGE_LOOP ( 'NONE', ( #7366, #2211, #10783, #614 ) ) ;
#7268 = CARTESIAN_POINT ( 'NONE',  ( -6.200000000000001066, 5.500000000000001776, 0.5321572875253787194 ) ) ;
#7269 = VERTEX_POINT ( 'NONE', #10451 ) ;
#7270 = CARTESIAN_POINT ( 'NONE',  ( 5.200000000000000178, 0.9000000000000004663, -4.849999999999997868 ) ) ;
#7271 = DIRECTION ( 'NONE',  ( 0.000000000000000000, 0.7071067811865485719, 0.7071067811865465735 ) ) ;
#7272 = ORIENTED_EDGE ( 'NONE', *, *, #7058, .T. ) ;
#7273 = ORIENTED_EDGE ( 'NONE', *, *, #2096, .T. ) ;
#7274 = CYLINDRICAL_SURFACE ( 'NONE', #1281, 0.1000000000000011297 ) ;
#7275 = LINE ( 'NONE', #4746, #5844 ) ;
#7276 = EDGE_CURVE ( 'NONE', #1056, #8610, #7801, .T. ) ;
#7277 = DIRECTION ( 'NONE',  ( 0.000000000000000000, 2.759533940951747051E-15, 1.000000000000000000 ) ) ;
#7278 = CARTESIAN_POINT ( 'NONE',  ( 7.000000000000000000, 5.700000000000000178, -3.200000000000000178 ) ) ;
#7279 = DIRECTION ( 'NONE',  ( 0.000000000000000000, -1.000000000000000000, -2.168404344971009115E-16 ) ) ;
#7280 = FACE_OUTER_BOUND ( 'NONE', #575, .T. ) ;
#7281 = VECTOR ( 'NONE', #6653, 1000.000000000000000 ) ;
#7282 = VERTEX_POINT ( 'NONE', #6281 ) ;
#7283 = FACE_BOUND ( 'NONE', #6053, .T. ) ;
#7284 = ORIENTED_EDGE ( 'NONE', *, *, #380, .F. ) ;
#7285 = EDGE_CURVE ( 'NONE', #1517, #5303, #9621, .T. ) ;
#7286 = ORIENTED_EDGE ( 'NONE', *, *, #9188, .T. ) ;
#7287 = DIRECTION ( 'NONE',  ( 8.673617379883975321E-16, 0.000000000000000000, 1.000000000000000000 ) ) ;
#7288 = LINE ( 'NONE', #5526, #8287 ) ;
#7289 = ADVANCED_FACE ( 'NONE', ( #2975 ), #3691, .F. ) ;
#7290 = VECTOR ( 'NONE', #6132, 1000.000000000000000 ) ;
#7291 = DIRECTION ( 'NONE',  ( -1.000000000000000000, -0.000000000000000000, -0.000000000000000000 ) ) ;
#7292 = DIRECTION ( 'NONE',  ( 0.000000000000000000, 1.000000000000000000, 0.000000000000000000 ) ) ;
#7293 =( NAMED_UNIT ( * ) SI_UNIT ( $, .STERADIAN. ) SOLID_ANGLE_UNIT ( ) );
#7294 = ORIENTED_EDGE ( 'NONE', *, *, #4961, .T. ) ;
#7295 = CARTESIAN_POINT ( 'NONE',  ( -4.811249408101418545, -2.168404344971008868E-16, -4.741886475849481641 ) ) ;
#7296 = ORIENTED_EDGE ( 'NONE', *, *, #1521, .F. ) ;
#7297 = DIRECTION ( 'NONE',  ( 0.7071067811865475727, -0.7071067811865475727, 0.000000000000000000 ) ) ;
#7298 = AXIS2_PLACEMENT_3D ( 'NONE', #6793, #5311, #7659 ) ;
#7299 = LINE ( 'NONE', #4714, #5959 ) ;
#7300 = ORIENTED_EDGE ( 'NONE', *, *, #8245, .F. ) ;
#7301 = CARTESIAN_POINT ( 'NONE',  ( 5.800000000000000711, 2.400000000000000355, 3.725000000000000089 ) ) ;
#7302 = CARTESIAN_POINT ( 'NONE',  ( -6.305000000000000604, 0.4000000000000000222, 1.099999999999999867 ) ) ;
#7303 = DIRECTION ( 'NONE',  ( 0.000000000000000000, 0.000000000000000000, -1.000000000000000000 ) ) ;
#7304 = LINE ( 'NONE', #652, #6892 ) ;
#7305 = VECTOR ( 'NONE', #228, 1000.000000000000000 ) ;
#7306 = VERTEX_POINT ( 'NONE', #8688 ) ;
#7307 = DIRECTION ( 'NONE',  ( -1.000000000000000000, 0.000000000000000000, 0.000000000000000000 ) ) ;
#7308 = ORIENTED_EDGE ( 'NONE', *, *, #8594, .T. ) ;
#7309 = SURFACE_SIDE_STYLE ('',( #5770 ) ) ;
#7310 = ORIENTED_EDGE ( 'NONE', *, *, #8815, .T. ) ;
#7311 = VECTOR ( 'NONE', #8852, 1000.000000000000000 ) ;
#7312 = FACE_OUTER_BOUND ( 'NONE', #4901, .T. ) ;
#7313 = ORIENTED_EDGE ( 'NONE', *, *, #7945, .T. ) ;
#7314 = CARTESIAN_POINT ( 'NONE',  ( -6.200000000000001066, 5.425000000000000711, 3.000000000000000444 ) ) ;
#7315 = CARTESIAN_POINT ( 'NONE',  ( -6.304999999999999716, 3.150000000000000799, -3.000000000000000000 ) ) ;
#7316 = EDGE_CURVE ( 'NONE', #1302, #9293, #6338, .T. ) ;
#7317 = EDGE_CURVE ( 'NONE', #6641, #10323, #9454, .T. ) ;
#7318 = EDGE_CURVE ( 'NONE', #7750, #2202, #4571, .T. ) ;
#7319 = ORIENTED_EDGE ( 'NONE', *, *, #8001, .F. ) ;
#7320 = EDGE_LOOP ( 'NONE', ( #846, #2303, #9029, #5160 ) ) ;
#7321 = CARTESIAN_POINT ( 'NONE',  ( 0.6250000000000001110, 5.000000000000000000, -2.200000000000000178 ) ) ;
#7322 = VECTOR ( 'NONE', #5263, 1000.000000000000000 ) ;
#7323 = ORIENTED_EDGE ( 'NONE', *, *, #6054, .F. ) ;
#7324 = DIRECTION ( 'NONE',  ( 0.000000000000000000, 1.000000000000000000, 0.000000000000000000 ) ) ;
#7325 = CARTESIAN_POINT ( 'NONE',  ( -7.000000000000000000, 0.4000000000000000222, 2.149999999999999911 ) ) ;
#7326 = EDGE_LOOP ( 'NONE', ( #9109, #6753, #4734, #1315 ) ) ;
#7327 = VERTEX_POINT ( 'NONE', #2041 ) ;
#7328 = VECTOR ( 'NONE', #4402, 1000.000000000000000 ) ;
#7329 = VERTEX_POINT ( 'NONE', #5448 ) ;
#7330 = DIRECTION ( 'NONE',  ( 0.000000000000000000, 1.000000000000000000, 0.000000000000000000 ) ) ;
#7331 = DIRECTION ( 'NONE',  ( -1.000000000000000000, -0.000000000000000000, 0.000000000000000000 ) ) ;
#7332 = LINE ( 'NONE', #628, #2139 ) ;
#7333 = SURFACE_STYLE_USAGE ( .BOTH. , #8090 ) ;
#7334 = DIRECTION ( 'NONE',  ( -3.336006684570783594E-16, -0.000000000000000000, 1.000000000000000000 ) ) ;
#7335 = DIRECTION ( 'NONE',  ( 0.000000000000000000, 1.000000000000000000, 0.000000000000000000 ) ) ;
#7336 = EDGE_CURVE ( 'NONE', #5885, #6368, #4879, .T. ) ;
#7337 = PRODUCT_DEFINITION_SHAPE ( 'NONE', 'NONE',  #1336 ) ;
#7338 = DIRECTION ( 'NONE',  ( 0.000000000000000000, 0.000000000000000000, -1.000000000000000000 ) ) ;
#7339 = ADVANCED_FACE ( 'NONE', ( #5281 ), #3854, .F. ) ;
#7340 = ORIENTED_EDGE ( 'NONE', *, *, #4697, .T. ) ;
#7341 = ORIENTED_EDGE ( 'NONE', *, *, #978, .F. ) ;
#7342 = DIRECTION ( 'NONE',  ( 1.000000000000000000, 0.000000000000000000, -0.000000000000000000 ) ) ;
#7343 = EDGE_CURVE ( 'NONE', #7329, #2661, #6987, .T. ) ;
#7344 = CARTESIAN_POINT ( 'NONE',  ( -5.800000000000000711, 4.939999999999999503, 2.049999999999999822 ) ) ;
#7345 = CARTESIAN_POINT ( 'NONE',  ( -4.764267565201870447, 0.3499999999999996447, -4.750000000000000000 ) ) ;
#7346 = FACE_OUTER_BOUND ( 'NONE', #1077, .T. ) ;
#7347 = LINE ( 'NONE', #585, #3780 ) ;
#7348 = CARTESIAN_POINT ( 'NONE',  ( -4.000000000000000000, 2.540808929720139275, -2.300000000000000266 ) ) ;
#7349 = ORIENTED_EDGE ( 'NONE', *, *, #1271, .F. ) ;
#7350 = CARTESIAN_POINT ( 'NONE',  ( -6.200000000000001066, 4.864999999999999325, 2.925000000000000266 ) ) ;
#7351 = EDGE_CURVE ( 'NONE', #1283, #2388, #5338, .T. ) ;
#7352 = CARTESIAN_POINT ( 'NONE',  ( -6.197820323027551481, -2.972161292830653933E-16, 0.9134769367380000116 ) ) ;
#7353 = ORIENTED_EDGE ( 'NONE', *, *, #10070, .T. ) ;
#7354 = DIRECTION ( 'NONE',  ( 1.000000000000000000, 0.000000000000000000, -0.000000000000000000 ) ) ;
#7355 = DIRECTION ( 'NONE',  ( -0.000000000000000000, 0.000000000000000000, -1.000000000000000000 ) ) ;
#7356 = CARTESIAN_POINT ( 'NONE',  ( 3.749999999999892530, -0.7241379310344808751, 4.710344827586208538 ) ) ;
#7357 = DIRECTION ( 'NONE',  ( 1.000000000000000000, 0.000000000000000000, 0.000000000000000000 ) ) ;
#7358 = ORIENTED_EDGE ( 'NONE', *, *, #9174, .F. ) ;
#7359 = FACE_OUTER_BOUND ( 'NONE', #7035, .T. ) ;
#7360 = ORIENTED_EDGE ( 'NONE', *, *, #250, .F. ) ;
#7361 = CARTESIAN_POINT ( 'NONE',  ( -5.800000000000002487, 2.400000000000001243, -1.699999999999998179 ) ) ;
#7362 =( NAMED_UNIT ( * ) SI_UNIT ( $, .STERADIAN. ) SOLID_ANGLE_UNIT ( ) );
#7363 = AXIS2_PLACEMENT_3D ( 'NONE', #9065, #7468, #1429 ) ;
#7364 = ORIENTED_EDGE ( 'NONE', *, *, #10750, .F. ) ;
#7365 = DIRECTION ( 'NONE',  ( -0.000000000000000000, -0.000000000000000000, 1.000000000000000000 ) ) ;
#7366 = ORIENTED_EDGE ( 'NONE', *, *, #8920, .T. ) ;
#7367 = LINE ( 'NONE', #2368, #2660 ) ;
#7368 = ORIENTED_EDGE ( 'NONE', *, *, #6255, .T. ) ;
#7369 = VECTOR ( 'NONE', #646, 1000.000000000000000 ) ;
#7370 = VERTEX_POINT ( 'NONE', #441 ) ;
#7371 = LINE ( 'NONE', #8137, #9231 ) ;
#7372 = ORIENTED_EDGE ( 'NONE', *, *, #6062, .F. ) ;
#7373 = CIRCLE ( 'NONE', #2612, 0.09999999999999961697 ) ;
#7374 = CARTESIAN_POINT ( 'NONE',  ( -4.569840214680613855, 0.000000000000000000, -4.096429042955581856 ) ) ;
#7375 = ADVANCED_FACE ( 'NONE', ( #10340 ), #2813, .F. ) ;
#7376 = DIRECTION ( 'NONE',  ( 1.000000000000000000, -0.000000000000000000, -0.000000000000000000 ) ) ;
#7377 = ADVANCED_FACE ( 'NONE', ( #2151 ), #389, .F. ) ;
#7378 = EDGE_LOOP ( 'NONE', ( #5496, #3282, #1733, #2594 ) ) ;
#7379 = EDGE_CURVE ( 'NONE', #6982, #6864, #5509, .T. ) ;
#7380 = VECTOR ( 'NONE', #7605, 1000.000000000000000 ) ;
#7381 = ORIENTED_EDGE ( 'NONE', *, *, #173, .T. ) ;
#7382 = ORIENTED_EDGE ( 'NONE', *, *, #3057, .F. ) ;
#7383 = VECTOR ( 'NONE', #10780, 1000.000000000000000 ) ;
#7384 = CARTESIAN_POINT ( 'NONE',  ( 6.305000000000000604, 0.4000000000000000222, 1.099999999999999867 ) ) ;
#7385 = DIRECTION ( 'NONE',  ( -1.000000000000000000, 0.000000000000000000, -3.336006684570783101E-16 ) ) ;
#7386 = LINE ( 'NONE', #3101, #1330 ) ;
#7387 = AXIS2_PLACEMENT_3D ( 'NONE', #6683, #1777, #78 ) ;
#7388 = DIRECTION ( 'NONE',  ( 0.000000000000000000, 0.000000000000000000, 1.000000000000000000 ) ) ;
#7389 = AXIS2_PLACEMENT_3D ( 'NONE', #2108, #3647, #7001 ) ;
#7390 = DIRECTION ( 'NONE',  ( -1.000000000000000000, 0.000000000000000000, 0.000000000000000000 ) ) ;
#7391 = EDGE_CURVE ( 'NONE', #4093, #4185, #1103, .T. ) ;
#7392 = ORIENTED_EDGE ( 'NONE', *, *, #5250, .F. ) ;
#7393 = EDGE_CURVE ( 'NONE', #624, #7008, #327, .T. ) ;
#7394 = ORIENTED_EDGE ( 'NONE', *, *, #6308, .T. ) ;
#7395 = CARTESIAN_POINT ( 'NONE',  ( -6.305000000000000604, 0.4000000000000000222, -1.700000000000000178 ) ) ;
#7396 = ADVANCED_FACE ( 'NONE', ( #3636 ), #3799, .T. ) ;
#7397 = CARTESIAN_POINT ( 'NONE',  ( 4.200000000000000178, 4.799999999999999822, 0.7999999999999994893 ) ) ;
#7398 = PLANE ( 'NONE',  #3721 ) ;
#7399 = AXIS2_PLACEMENT_3D ( 'NONE', #5683, #8194, #3254 ) ;
#7400 = CARTESIAN_POINT ( 'NONE',  ( 6.200000000000001066, 5.325000000000001954, 3.725000000000000533 ) ) ;
#7401 = ORIENTED_EDGE ( 'NONE', *, *, #7828, .T. ) ;
#7402 = DIRECTION ( 'NONE',  ( 0.000000000000000000, -1.000000000000000000, 0.000000000000000000 ) ) ;
#7403 = AXIS2_PLACEMENT_3D ( 'NONE', #6840, #8537, #7712 ) ;
#7404 = DIRECTION ( 'NONE',  ( -1.000000000000000000, 0.000000000000000000, 0.000000000000000000 ) ) ;
#7405 = VECTOR ( 'NONE', #4126, 1000.000000000000000 ) ;
#7406 = CARTESIAN_POINT ( 'NONE',  ( 6.305000000000000604, 8.000000000000000000, -4.750000000000000000 ) ) ;
#7407 = ORIENTED_EDGE ( 'NONE', *, *, #4819, .T. ) ;
#7408 = PLANE ( 'NONE',  #7734 ) ;
#7409 = CARTESIAN_POINT ( 'NONE',  ( 5.800000000000000711, 5.500000000000001776, 1.282157287525380163 ) ) ;
#7410 = EDGE_CURVE ( 'NONE', #9801, #4467, #8139, .T. ) ;
#7411 = DIRECTION ( 'NONE',  ( -1.000000000000000000, 0.000000000000000000, 0.000000000000000000 ) ) ;
#7412 = AXIS2_PLACEMENT_3D ( 'NONE', #3590, #1169, #4638 ) ;
#7413 = CIRCLE ( 'NONE', #10036, 0.1000000000000011297 ) ;
#7414 = ORIENTED_EDGE ( 'NONE', *, *, #820, .T. ) ;
#7415 =( BOUNDED_CURVE ( )  B_SPLINE_CURVE ( 3, ( #10353, #1880, #2105, #1222 ),
 .UNSPECIFIED., .F., .T. ) 
 B_SPLINE_CURVE_WITH_KNOTS ( ( 4, 4 ),
 ( 4.712388980384689674, 6.283185307179586232 ),
 .UNSPECIFIED. ) 
 CURVE ( )  GEOMETRIC_REPRESENTATION_ITEM ( )  RATIONAL_B_SPLINE_CURVE ( ( 1.000000000000000000, 0.8047378541243649375, 0.8047378541243649375, 1.000000000000000000 ) ) 
 REPRESENTATION_ITEM ( '' )  );
#7416 = CARTESIAN_POINT ( 'NONE',  ( 0.000000000000000000, 0.6000000000000000888, 0.000000000000000000 ) ) ;
#7417 = ORIENTED_EDGE ( 'NONE', *, *, #3196, .T. ) ;
#7418 = VECTOR ( 'NONE', #1686, 1000.000000000000000 ) ;
#7419 = DIRECTION ( 'NONE',  ( 0.000000000000000000, 0.000000000000000000, -1.000000000000000000 ) ) ;
#7420 = AXIS2_PLACEMENT_3D ( 'NONE', #5583, #6471, #8930 ) ;
#7421 = EDGE_LOOP ( 'NONE', ( #1750, #8712, #3418, #7296 ) ) ;
#7422 = DIRECTION ( 'NONE',  ( 0.000000000000000000, -0.000000000000000000, -1.000000000000000000 ) ) ;
#7423 = DIRECTION ( 'NONE',  ( -1.000000000000000000, -0.000000000000000000, 0.000000000000000000 ) ) ;
#7424 = ORIENTED_EDGE ( 'NONE', *, *, #5250, .T. ) ;
#7425 = PLANE ( 'NONE',  #5027 ) ;
#7426 = VECTOR ( 'NONE', #2245, 1000.000000000000000 ) ;
#7427 = ORIENTED_EDGE ( 'NONE', *, *, #4952, .F. ) ;
#7428 = LINE ( 'NONE', #3143, #9556 ) ;
#7429 = CARTESIAN_POINT ( 'NONE',  ( 7.000000000000000000, 5.499999999999998224, 3.700000000000000178 ) ) ;
#7430 = ORIENTED_EDGE ( 'NONE', *, *, #194, .F. ) ;
#7431 = ORIENTED_EDGE ( 'NONE', *, *, #678, .T. ) ;
#7432 = AXIS2_PLACEMENT_3D ( 'NONE', #1033, #8455, #1700 ) ;
#7433 = ORIENTED_EDGE ( 'NONE', *, *, #2333, .F. ) ;
#7434 = CARTESIAN_POINT ( 'NONE',  ( 4.664278167096523653, 0.7500000000000003331, -5.000000000000000000 ) ) ;
#7436 = EDGE_CURVE ( 'NONE', #7980, #7227, #2373, .T. ) ;
#7435 = DIRECTION ( 'NONE',  ( -0.000000000000000000, 1.000000000000000000, -0.000000000000000000 ) ) ;
#7437 = LINE ( 'NONE', #10796, #9401 ) ;
#7438 = CARTESIAN_POINT ( 'NONE',  ( 5.800000000000000711, 4.864999999999999325, 2.925000000000000266 ) ) ;
#7439 = CARTESIAN_POINT ( 'NONE',  ( 1.999999999999999112, 4.400000000000001243, 0.7999999999999994893 ) ) ;
#7440 = EDGE_LOOP ( 'NONE', ( #2953, #3142, #10023, #5374 ) ) ;
#7441 = ORIENTED_EDGE ( 'NONE', *, *, #1710, .T. ) ;
#7442 = AXIS2_PLACEMENT_3D ( 'NONE', #4610, #1192, #9660 ) ;
#7443 = CARTESIAN_POINT ( 'NONE',  ( 5.200000000000000178, 0.9000000000000004663, 0.7999999999999994893 ) ) ;
#7445 = EDGE_CURVE ( 'NONE', #785, #2742, #4739, .T. ) ;
#7444 = DIRECTION ( 'NONE',  ( -1.000000000000000000, 0.000000000000000000, 0.000000000000000000 ) ) ;
#7446 = CARTESIAN_POINT ( 'NONE',  ( 0.000000000000000000, 0.000000000000000000, 0.7999999999999994893 ) ) ;
#7447 = EDGE_CURVE ( 'NONE', #4121, #5241, #5151, .T. ) ;
#7448 = DIRECTION ( 'NONE',  ( 0.000000000000000000, -0.000000000000000000, 1.000000000000000000 ) ) ;
#7449 = EDGE_CURVE ( 'NONE', #9903, #32, #6396, .T. ) ;
#7450 = CARTESIAN_POINT ( 'NONE',  ( -4.731992759080847044, 0.02063809929936646567, -4.800661297672446537 ) ) ;
#7451 = ORIENTED_EDGE ( 'NONE', *, *, #6910, .T. ) ;
#7452 = FACE_OUTER_BOUND ( 'NONE', #7673, .T. ) ;
#7453 = DIRECTION ( 'NONE',  ( -1.000000000000000000, 0.000000000000000000, 0.000000000000000000 ) ) ;
#7454 = VECTOR ( 'NONE', #8125, 1000.000000000000000 ) ;
#7455 = LINE ( 'NONE', #8114, #7533 ) ;
#7456 = EDGE_LOOP ( 'NONE', ( #6580, #10160, #8827, #8213 ) ) ;
#7457 = CARTESIAN_POINT ( 'NONE',  ( 2.449999999999992628, 3.950000000000007283, -2.599999999999998312 ) ) ;
#7458 = DIRECTION ( 'NONE',  ( -0.000000000000000000, -0.000000000000000000, 1.000000000000000000 ) ) ;
#7459 = LINE ( 'NONE', #5813, #6727 ) ;
#7460 = ORIENTED_EDGE ( 'NONE', *, *, #589, .F. ) ;
#7461 = DIRECTION ( 'NONE',  ( -0.9659258262890690894, -0.2588190451025180194, -3.169619151431732277E-17 ) ) ;
#7462 = VECTOR ( 'NONE', #10806, 1000.000000000000000 ) ;
#7463 = ORIENTED_EDGE ( 'NONE', *, *, #8639, .T. ) ;
#7464 = LINE ( 'NONE', #704, #3171 ) ;
#7465 = ADVANCED_FACE ( 'NONE', ( #9741 ), #3089, .T. ) ;
#7466 = CARTESIAN_POINT ( 'NONE',  ( 6.305000000000000604, 1.799999999999999600, 1.099999999999999867 ) ) ;
#7467 = EDGE_LOOP ( 'NONE', ( #7847, #5576, #8421, #529 ) ) ;
#7468 = DIRECTION ( 'NONE',  ( 1.000000000000000000, 0.000000000000000000, 3.336006684570783101E-16 ) ) ;
#7469 = CARTESIAN_POINT ( 'NONE',  ( 4.026055542458626846, 0.3499999999999996447, -4.350000000000002309 ) ) ;
#7470 = ORIENTED_EDGE ( 'NONE', *, *, #6405, .F. ) ;
#7471 = DIRECTION ( 'NONE',  ( 0.000000000000000000, -0.5735764363510498232, -0.8191520442889892450 ) ) ;
#7472 = VERTEX_POINT ( 'NONE', #1544 ) ;
#7473 = VECTOR ( 'NONE', #4133, 1000.000000000000000 ) ;
#7474 = LINE ( 'NONE', #10838, #10377 ) ;
#7475 = EDGE_CURVE ( 'NONE', #4567, #669, #6559, .T. ) ;
#7476 = ORIENTED_EDGE ( 'NONE', *, *, #10752, .T. ) ;
#7477 = ORIENTED_EDGE ( 'NONE', *, *, #2190, .F. ) ;
#7478 = ORIENTED_EDGE ( 'NONE', *, *, #8552, .T. ) ;
#7479 = CARTESIAN_POINT ( 'NONE',  ( 7.000000000000000000, 5.700000000000000178, -3.200000000000000178 ) ) ;
#7480 = AXIS2_PLACEMENT_3D ( 'NONE', #10881, #3348, #6703 ) ;
#7481 = CARTESIAN_POINT ( 'NONE',  ( 6.200000000000001066, 5.500000000000000888, 0.1000000000000002554 ) ) ;
#7482 = DIRECTION ( 'NONE',  ( 1.000000000000000000, 0.000000000000000000, -0.000000000000000000 ) ) ;
#7483 = ORIENTED_EDGE ( 'NONE', *, *, #6476, .T. ) ;
#7484 = LINE ( 'NONE', #3523, #8014 ) ;
#7485 = CARTESIAN_POINT ( 'NONE',  ( -4.250000000000107470, 0.000000000000000000, 2.900000000000001688 ) ) ;
#7486 = DIRECTION ( 'NONE',  ( -1.000000000000000000, -0.000000000000000000, -0.000000000000000000 ) ) ;
#7487 = ORIENTED_EDGE ( 'NONE', *, *, #8243, .F. ) ;
#7488 = AXIS2_PLACEMENT_3D ( 'NONE', #7784, #3566, #7894 ) ;
#7489 = EDGE_LOOP ( 'NONE', ( #3337, #3904, #2757, #2667 ) ) ;
#7490 = CARTESIAN_POINT ( 'NONE',  ( -6.305000000000000604, 0.000000000000000000, -1.513476936738000322 ) ) ;
#7491 = DIRECTION ( 'NONE',  ( 3.336006684570783101E-16, 0.000000000000000000, -1.000000000000000000 ) ) ;
#7492 = FACE_OUTER_BOUND ( 'NONE', #2628, .T. ) ;
#7493 = VECTOR ( 'NONE', #4969, 1000.000000000000000 ) ;
#7494 = FACE_OUTER_BOUND ( 'NONE', #10254, .T. ) ;
#7495 = ORIENTED_EDGE ( 'NONE', *, *, #5081, .T. ) ;
#7496 = DIRECTION ( 'NONE',  ( -1.000000000000000000, 0.000000000000000000, -0.000000000000000000 ) ) ;
#7497 = ADVANCED_FACE ( 'NONE', ( #8239 ), #717, .F. ) ;
#7498 = DIRECTION ( 'NONE',  ( -1.000000000000000000, 0.000000000000000000, 0.000000000000000000 ) ) ;
#7499 = EDGE_CURVE ( 'NONE', #4134, #9118, #7428, .T. ) ;
#7500 = ADVANCED_FACE ( 'NONE', ( #9024 ), #9909, .F. ) ;
#7501 = CARTESIAN_POINT ( 'NONE',  ( 0.2499999999998926692, 0.000000000000000000, 2.400000000000000355 ) ) ;
#7502 = ORIENTED_EDGE ( 'NONE', *, *, #3182, .F. ) ;
#7503 = DIRECTION ( 'NONE',  ( -1.000000000000000000, -0.000000000000000000, -0.000000000000000000 ) ) ;
#7504 = DIRECTION ( 'NONE',  ( 0.000000000000000000, 0.000000000000000000, -1.000000000000000000 ) ) ;
#7505 = DIRECTION ( 'NONE',  ( 0.000000000000000000, 0.000000000000000000, 1.000000000000000000 ) ) ;
#7506 = VERTEX_POINT ( 'NONE', #6604 ) ;
#7507 = CARTESIAN_POINT ( 'NONE',  ( -6.305000000000000604, 1.799999999999999600, 1.099999999999999867 ) ) ;
#7508 = ORIENTED_EDGE ( 'NONE', *, *, #2945, .F. ) ;
#7509 = PLANE ( 'NONE',  #1275 ) ;
#7510 = VERTEX_POINT ( 'NONE', #8909 ) ;
#7511 = CARTESIAN_POINT ( 'NONE',  ( 4.250000000000000000, 2.149999999999999467, 0.7999999999999994893 ) ) ;
#7512 = CARTESIAN_POINT ( 'NONE',  ( 4.200000000000000178, 3.699999999999999734, -3.049999999999997602 ) ) ;
#7513 = EDGE_CURVE ( 'NONE', #624, #8883, #4800, .T. ) ;
#7514 = ORIENTED_EDGE ( 'NONE', *, *, #8667, .T. ) ;
#7515 = PLANE ( 'NONE',  #7480 ) ;
#7516 = EDGE_LOOP ( 'NONE', ( #8044, #1325, #216, #2423, #10257, #2598, #7667, #8094, #6702, #7261, #9923, #10697, #10102, #7152, #8218, #6585, #10718, #10857, #4257, #10676, #6874, #5735, #7203, #6555, #1162, #9499, #7612 ) ) ;
#7517 = DIRECTION ( 'NONE',  ( -1.000000000000000000, -0.000000000000000000, -0.000000000000000000 ) ) ;
#7518 = VECTOR ( 'NONE', #3442, 1000.000000000000000 ) ;
#7519 = LINE ( 'NONE', #10007, #1246 ) ;
#7520 = ORIENTED_EDGE ( 'NONE', *, *, #10575, .F. ) ;
#7521 = VERTEX_POINT ( 'NONE', #7374 ) ;
#7522 = LINE ( 'NONE', #10698, #1749 ) ;
#7523 = AXIS2_PLACEMENT_3D ( 'NONE', #6552, #2367, #10727 ) ;
#7524 = DIRECTION ( 'NONE',  ( 1.000000000000000000, -0.000000000000000000, -0.000000000000000000 ) ) ;
#7525 = DIRECTION ( 'NONE',  ( 0.000000000000000000, 0.000000000000000000, 1.000000000000000000 ) ) ;
#7526 = DIRECTION ( 'NONE',  ( -1.000000000000000000, 0.000000000000000000, 0.000000000000000000 ) ) ;
#7527 = VECTOR ( 'NONE', #1608, 1000.000000000000000 ) ;
#7528 = EDGE_CURVE ( 'NONE', #2073, #9319, #9797, .T. ) ;
#7529 = FACE_OUTER_BOUND ( 'NONE', #9215, .T. ) ;
#7530 = VERTEX_POINT ( 'NONE', #9855 ) ;
#7531 = DIRECTION ( 'NONE',  ( 0.000000000000000000, 1.000000000000000000, 0.000000000000000000 ) ) ;
#7532 = DIRECTION ( 'NONE',  ( 0.4226182617407009401, 0.000000000000000000, -0.9063077870366492705 ) ) ;
#7533 = VECTOR ( 'NONE', #7245, 1000.000000000000000 ) ;
#7534 = CARTESIAN_POINT ( 'NONE',  ( -6.305000000000000604, -2.972161292830653933E-16, 0.9134769367380000116 ) ) ;
#7535 = ORIENTED_EDGE ( 'NONE', *, *, #4213, .F. ) ;
#7536 = VECTOR ( 'NONE', #9430, 1000.000000000000000 ) ;
#7537 = EDGE_LOOP ( 'NONE', ( #7477, #947, #8842, #984, #3837, #4773, #8940, #716 ) ) ;
#7538 = FACE_OUTER_BOUND ( 'NONE', #547, .T. ) ;
#7539 = VECTOR ( 'NONE', #5032, 1000.000000000000000 ) ;
#7540 = CARTESIAN_POINT ( 'NONE',  ( -4.250000000000107470, 0.2000000000000000111, 4.800000000000000711 ) ) ;
#7541 = DIRECTION ( 'NONE',  ( 1.000000000000000000, 0.000000000000000000, 0.000000000000000000 ) ) ;
#7542 = DIRECTION ( 'NONE',  ( -0.000000000000000000, -1.000000000000000000, -0.000000000000000000 ) ) ;
#7543 = AXIS2_PLACEMENT_3D ( 'NONE', #4420, #72, #6784 ) ;
#7544 = CARTESIAN_POINT ( 'NONE',  ( 6.200000000000001066, 5.470710678118654968, 1.647132034355962338 ) ) ;
#7545 = ORIENTED_EDGE ( 'NONE', *, *, #1811, .T. ) ;
#7546 = DIRECTION ( 'NONE',  ( -0.4226182617407009401, 0.000000000000000000, -0.9063077870366492705 ) ) ;
#7547 = ORIENTED_EDGE ( 'NONE', *, *, #6192, .T. ) ;
#7548 = LINE ( 'NONE', #8374, #349 ) ;
#7549 = ADVANCED_FACE ( 'NONE', ( #9957 ), #2261, .F. ) ;
#7551 = ORIENTED_EDGE ( 'NONE', *, *, #1168, .F. ) ;
#7550 = AXIS2_PLACEMENT_3D ( 'NONE', #6817, #6668, #5903 ) ;
#7552 = DIRECTION ( 'NONE',  ( 0.000000000000000000, 0.000000000000000000, 1.000000000000000000 ) ) ;
#7553 = CARTESIAN_POINT ( 'NONE',  ( -5.800000000000000711, 2.575000000000000178, 3.899999999999999911 ) ) ;
#7554 = CARTESIAN_POINT ( 'NONE',  ( 0.6250000000000001110, 4.400000000000000355, -0.2500000000000002220 ) ) ;
#7555 = EDGE_CURVE ( 'NONE', #6304, #4786, #5933, .T. ) ;
#7556 = VERTEX_POINT ( 'NONE', #4124 ) ;
#7557 = CARTESIAN_POINT ( 'NONE',  ( -6.305000000000000604, 0.4000000000000000222, 1.099999999999999867 ) ) ;
#7558 = AXIS2_PLACEMENT_3D ( 'NONE', #8944, #1417, #4887 ) ;
#7559 = ORIENTED_EDGE ( 'NONE', *, *, #4414, .F. ) ;
#7560 = VECTOR ( 'NONE', #1308, 1000.000000000000000 ) ;
#7561 = FACE_OUTER_BOUND ( 'NONE', #10571, .T. ) ;
#7562 = CARTESIAN_POINT ( 'NONE',  ( -1.699999999999999289, 4.400000000000000355, 2.250000000000000000 ) ) ;
#7563 = ORIENTED_EDGE ( 'NONE', *, *, #4217, .T. ) ;
#7564 = AXIS2_PLACEMENT_3D ( 'NONE', #790, #743, #2344 ) ;
#7565 = CARTESIAN_POINT ( 'NONE',  ( 1.749999999999999778, 2.649999999999999911, 0.7999999999999994893 ) ) ;
#7566 = VECTOR ( 'NONE', #1007, 1000.000000000000000 ) ;
#7567 = ADVANCED_FACE ( 'NONE', ( #4956 ), #8296, .F. ) ;
#7568 = ADVANCED_FACE ( 'NONE', ( #7574 ), #3455, .F. ) ;
#7569 = EDGE_CURVE ( 'NONE', #1464, #2840, #5937, .T. ) ;
#7570 = ORIENTED_EDGE ( 'NONE', *, *, #2672, .T. ) ;
#7571 = CARTESIAN_POINT ( 'NONE',  ( 6.200000000000001066, 5.500000000000000000, 3.899999999999999023 ) ) ;
#7572 = ADVANCED_FACE ( 'NONE', ( #4388 ), #1642, .T. ) ;
#7573 = ORIENTED_EDGE ( 'NONE', *, *, #97, .F. ) ;
#7574 = FACE_OUTER_BOUND ( 'NONE', #4741, .T. ) ;
#7575 = DIRECTION ( 'NONE',  ( 0.7071067811865515695, 0.000000000000000000, 0.7071067811865434649 ) ) ;
#7576 = VERTEX_POINT ( 'NONE', #5989 ) ;
#7577 = EDGE_CURVE ( 'NONE', #3651, #6802, #8342, .T. ) ;
#7578 = CIRCLE ( 'NONE', #9001, 0.09999999999999982514 ) ;
#7579 = VERTEX_POINT ( 'NONE', #146 ) ;
#7580 = CARTESIAN_POINT ( 'NONE',  ( 5.004999999999999893, 4.400000000000000355, 2.250000000000000000 ) ) ;
#7581 = LINE ( 'NONE', #9178, #2680 ) ;
#7582 = DIRECTION ( 'NONE',  ( 1.000000000000000000, 0.000000000000000000, -0.000000000000000000 ) ) ;
#7583 = VECTOR ( 'NONE', #8488, 1000.000000000000000 ) ;
#7584 = DIRECTION ( 'NONE',  ( 0.000000000000000000, 0.7071067811865515695, 0.7071067811865434649 ) ) ;
#7585 = EDGE_CURVE ( 'NONE', #3505, #4367, #10063, .T. ) ;
#7586 = CARTESIAN_POINT ( 'NONE',  ( -5.900000000000000355, 1.800000000000000044, -1.699999999999999734 ) ) ;
#7587 = ORIENTED_EDGE ( 'NONE', *, *, #9878, .T. ) ;
#7588 = FACE_OUTER_BOUND ( 'NONE', #8532, .T. ) ;
#7589 = PLANE ( 'NONE',  #5101 ) ;
#7590 = CLOSED_SHELL ( 'NONE', ( #10260, #6771, #791, #9733, #2697, #3611, #6648, #1618, #9347, #6769 ) ) ;
#7591 = VERTEX_POINT ( 'NONE', #818 ) ;
#7592 = AXIS2_PLACEMENT_3D ( 'NONE', #878, #57, #6763 ) ;
#7593 = EDGE_LOOP ( 'NONE', ( #10814, #502, #9511, #6094 ) ) ;
#7594 = ADVANCED_FACE ( 'NONE', ( #95 ), #1745, .F. ) ;
#7595 = DIRECTION ( 'NONE',  ( 1.000000000000000000, -0.000000000000000000, -0.000000000000000000 ) ) ;
#7596 = LINE ( 'NONE', #5856, #5172 ) ;
#7597 = CARTESIAN_POINT ( 'NONE',  ( -6.304999999999998828, 2.350000000000000089, -3.599999999999999645 ) ) ;
#7598 = CARTESIAN_POINT ( 'NONE',  ( 2.249999999999892530, 0.000000000000000000, 2.900000000000001688 ) ) ;
#7599 = FACE_OUTER_BOUND ( 'NONE', #9814, .T. ) ;
#7600 = EDGE_LOOP ( 'NONE', ( #6060, #6166, #5851, #9202 ) ) ;
#7601 = DIRECTION ( 'NONE',  ( 0.000000000000000000, 1.000000000000000000, 1.224646799147353454E-16 ) ) ;
#7602 = CARTESIAN_POINT ( 'NONE',  ( 4.537690618442709933, 0.3500000000000003664, -4.855654565435176373 ) ) ;
#7603 = ORIENTED_EDGE ( 'NONE', *, *, #8291, .T. ) ;
#7604 = EDGE_CURVE ( 'NONE', #5603, #8794, #6860, .T. ) ;
#7605 = DIRECTION ( 'NONE',  ( -0.000000000000000000, -1.334402673828314029E-15, 1.000000000000000000 ) ) ;
#7606 = ORIENTED_EDGE ( 'NONE', *, *, #5749, .F. ) ;
#7607 = CARTESIAN_POINT ( 'NONE',  ( 4.200000000000000178, 3.699999999999999734, 0.7999999999999994893 ) ) ;
#7608 = CARTESIAN_POINT ( 'NONE',  ( -6.198393410906563261, 0.002138793081672327699, 0.9144742723311927168 ) ) ;
#7609 = DIRECTION ( 'NONE',  ( 0.000000000000000000, -1.000000000000000000, 0.000000000000000000 ) ) ;
#7610 = ORIENTED_EDGE ( 'NONE', *, *, #8987, .F. ) ;
#7611 = CARTESIAN_POINT ( 'NONE',  ( -6.200000000000001066, 5.394289321881346133, 0.8207106781186546129 ) ) ;
#7612 = ORIENTED_EDGE ( 'NONE', *, *, #1706, .F. ) ;
#7613 = CARTESIAN_POINT ( 'NONE',  ( -3.850000000000000089, 5.700000000000000178, 2.250000000000000444 ) ) ;
#7614 = AXIS2_PLACEMENT_3D ( 'NONE', #7270, #10789, #1493 ) ;
#7615 = CARTESIAN_POINT ( 'NONE',  ( 4.250000000000000000, 2.649999999999999911, -2.300000000000000266 ) ) ;
#7616 = ORIENTED_EDGE ( 'NONE', *, *, #7276, .F. ) ;
#7617 = CARTESIAN_POINT ( 'NONE',  ( -0.6250000000000001110, 4.400000000000000355, -0.2500000000000002220 ) ) ;
#7618 = VECTOR ( 'NONE', #8314, 1000.000000000000000 ) ;
#7619 = ORIENTED_EDGE ( 'NONE', *, *, #4759, .F. ) ;
#7620 = DIRECTION ( 'NONE',  ( 1.000000000000000000, -0.000000000000000000, -4.818676322157796389E-16 ) ) ;
#7621 = VERTEX_POINT ( 'NONE', #3300 ) ;
#7622 = DIRECTION ( 'NONE',  ( -0.000000000000000000, -0.000000000000000000, -1.000000000000000000 ) ) ;
#7623 = DIRECTION ( 'NONE',  ( -0.000000000000000000, -0.000000000000000000, -1.000000000000000000 ) ) ;
#7624 = ORIENTED_EDGE ( 'NONE', *, *, #8001, .T. ) ;
#7625 = VECTOR ( 'NONE', #1182, 1000.000000000000000 ) ;
#7626 = EDGE_CURVE ( 'NONE', #1157, #5039, #10114, .T. ) ;
#7627 = EDGE_LOOP ( 'NONE', ( #9997, #5920, #10586, #1102 ) ) ;
#7628 = EDGE_CURVE ( 'NONE', #3856, #8768, #3351, .T. ) ;
#7629 = CARTESIAN_POINT ( 'NONE',  ( 7.000000000000000000, 5.064999999999999503, 2.800000000000000266 ) ) ;
#7630 = EDGE_CURVE ( 'NONE', #8913, #572, #5105, .T. ) ;
#7631 = CARTESIAN_POINT ( 'NONE',  ( 6.305000000000000604, 0.4000000000000050737, 4.898587196589475938E-17 ) ) ;
#7632 = CARTESIAN_POINT ( 'NONE',  ( 6.200000000000001066, 5.500000000000000888, 0.1000000000000002276 ) ) ;
#7633 = DIRECTION ( 'NONE',  ( -1.000000000000000000, -0.000000000000000000, 4.818676322157796389E-16 ) ) ;
#7634 = DIRECTION ( 'NONE',  ( -1.000000000000000000, -7.885106708985488048E-16, 0.000000000000000000 ) ) ;
#7635 = MECHANICAL_DESIGN_GEOMETRIC_PRESENTATION_REPRESENTATION (  '', ( #275 ), #5366 ) ;
#7636 = VERTEX_POINT ( 'NONE', #1799 ) ;
#7637 = CARTESIAN_POINT ( 'NONE',  ( 6.007179676972450366, 0.000000000000000000, -1.513476936738000322 ) ) ;
#7638 = CARTESIAN_POINT ( 'NONE',  ( 7.000000000000000000, 0.4000000000000000222, -3.600000000000000533 ) ) ;
#7639 = ORIENTED_EDGE ( 'NONE', *, *, #9759, .T. ) ;
#7640 = ORIENTED_EDGE ( 'NONE', *, *, #1011, .T. ) ;
#7641 = VECTOR ( 'NONE', #4400, 1000.000000000000000 ) ;
#7642 = CARTESIAN_POINT ( 'NONE',  ( 7.000000000000000000, 0.4000000000000000222, 2.149999999999999911 ) ) ;
#7643 = DIRECTION ( 'NONE',  ( -3.336006684570783594E-16, -0.000000000000000000, 1.000000000000000000 ) ) ;
#7644 = DIRECTION ( 'NONE',  ( 0.000000000000000000, 0.000000000000000000, 1.000000000000000000 ) ) ;
#7645 = DIRECTION ( 'NONE',  ( -0.000000000000000000, -1.000000000000000000, -0.000000000000000000 ) ) ;
#7646 = EDGE_CURVE ( 'NONE', #5578, #8800, #5829, .T. ) ;
#7647 = DIRECTION ( 'NONE',  ( -1.000000000000000000, 0.000000000000000000, 0.000000000000000000 ) ) ;
#7648 = VECTOR ( 'NONE', #6211, 1000.000000000000000 ) ;
#7649 = ORIENTED_EDGE ( 'NONE', *, *, #8618, .T. ) ;
#7650 = DIRECTION ( 'NONE',  ( 0.000000000000000000, -1.000000000000000000, 0.000000000000000000 ) ) ;
#7651 = EDGE_CURVE ( 'NONE', #2693, #2585, #9170, .T. ) ;
#7652 = DIRECTION ( 'NONE',  ( 0.000000000000000000, 1.000000000000000000, 2.168404344971008868E-16 ) ) ;
#7653 = ORIENTED_EDGE ( 'NONE', *, *, #10110, .T. ) ;
#7654 = PLANE ( 'NONE',  #4924 ) ;
#7655 = ORIENTED_EDGE ( 'NONE', *, *, #734, .T. ) ;
#7656 = PLANE ( 'NONE',  #4241 ) ;
#7657 = AXIS2_PLACEMENT_3D ( 'NONE', #10233, #9403, #5064 ) ;
#7658 = DIRECTION ( 'NONE',  ( 0.000000000000000000, 0.000000000000000000, -1.000000000000000000 ) ) ;
#7659 = DIRECTION ( 'NONE',  ( 0.000000000000000000, 0.000000000000000000, -1.000000000000000000 ) ) ;
#7660 = ORIENTED_EDGE ( 'NONE', *, *, #2407, .T. ) ;
#7661 = ADVANCED_FACE ( 'NONE', ( #6705 ), #1852, .F. ) ;
#7662 = CARTESIAN_POINT ( 'NONE',  ( 4.252632489217789136, 0.3499999999999996447, -4.244345434564826824 ) ) ;
#7663 = ADVANCED_FACE ( 'NONE', ( #5051 ), #6805, .T. ) ;
#7664 = EDGE_LOOP ( 'NONE', ( #347, #4460, #6332, #3975 ) ) ;
#7665 = FACE_OUTER_BOUND ( 'NONE', #4309, .T. ) ;
#7666 = CARTESIAN_POINT ( 'NONE',  ( -5.200000000000000178, 4.800000000000000711, -3.049999999999997602 ) ) ;
#7667 = ORIENTED_EDGE ( 'NONE', *, *, #3021, .F. ) ;
#7668 = PRESENTATION_STYLE_ASSIGNMENT (( #40 ) ) ;
#7669 = PLANE ( 'NONE',  #1235 ) ;
#7670 = ADVANCED_FACE ( 'NONE', ( #7674 ), #3507, .T. ) ;
#7671 = ORIENTED_EDGE ( 'NONE', *, *, #9650, .F. ) ;
#7672 = LINE ( 'NONE', #10215, #6956 ) ;
#7673 = EDGE_LOOP ( 'NONE', ( #7041, #8244, #4169, #7547 ) ) ;
#7674 = FACE_OUTER_BOUND ( 'NONE', #1190, .T. ) ;
#7675 = DIRECTION ( 'NONE',  ( -0.000000000000000000, -0.7071067811865415775, 0.7071067811865535679 ) ) ;
#7676 = ORIENTED_EDGE ( 'NONE', *, *, #8363, .F. ) ;
#7677 = VERTEX_POINT ( 'NONE', #1086 ) ;
#7678 = CARTESIAN_POINT ( 'NONE',  ( 3.099999999999999645, 4.400000000000001243, 0.7999999999999994893 ) ) ;
#7679 = LINE ( 'NONE', #6761, #9925 ) ;
#7680 = DIRECTION ( 'NONE',  ( -6.195440985631441512E-16, -1.000000000000000000, 0.000000000000000000 ) ) ;
#7681 = ORIENTED_EDGE ( 'NONE', *, *, #6553, .T. ) ;
#7682 = CARTESIAN_POINT ( 'NONE',  ( -3.250000000000000444, 4.550000000000001599, -3.200000000000000178 ) ) ;
#7683 = CARTESIAN_POINT ( 'NONE',  ( 3.099999999999999645, 3.699999999999999734, -3.049999999999997602 ) ) ;
#7684 = EDGE_CURVE ( 'NONE', #7677, #4691, #10381, .T. ) ;
#7685 = VERTEX_POINT ( 'NONE', #1196 ) ;
#7686 = VECTOR ( 'NONE', #4305, 1000.000000000000000 ) ;
#7687 = CYLINDRICAL_SURFACE ( 'NONE', #473, 0.2000000000000005107 ) ;
#7688 = EDGE_CURVE ( 'NONE', #6437, #9035, #7787, .T. ) ;
#7689 = CARTESIAN_POINT ( 'NONE',  ( 7.000000000000000000, 3.849999999999996536, -3.200000000000000178 ) ) ;
#7690 = ORIENTED_EDGE ( 'NONE', *, *, #8552, .F. ) ;
#7691 =( GEOMETRIC_REPRESENTATION_CONTEXT ( 3 ) GLOBAL_UNCERTAINTY_ASSIGNED_CONTEXT ( ( #9502 ) ) GLOBAL_UNIT_ASSIGNED_CONTEXT ( ( #6913, #4276, #1688 ) ) REPRESENTATION_CONTEXT ( 'NONE', 'WORKASPACE' ) );
#7692 = EDGE_LOOP ( 'NONE', ( #7004, #2037, #10684, #8685 ) ) ;
#7693 = VECTOR ( 'NONE', #8581, 1000.000000000000000 ) ;
#7694 = DIRECTION ( 'NONE',  ( 1.000000000000000000, -0.000000000000000000, -0.000000000000000000 ) ) ;
#7695 = LINE ( 'NONE', #5070, #7686 ) ;
#7696 = DIRECTION ( 'NONE',  ( -1.000000000000000000, -0.000000000000000000, -0.000000000000000000 ) ) ;
#7697 = CARTESIAN_POINT ( 'NONE',  ( 6.305000000000000604, 0.3999999999999996336, 1.399999999999999689 ) ) ;
#7698 = DIRECTION ( 'NONE',  ( 1.000000000000000000, 0.000000000000000000, 0.000000000000000000 ) ) ;
#7699 = EDGE_CURVE ( 'NONE', #2465, #5132, #5430, .T. ) ;
#7700 = CARTESIAN_POINT ( 'NONE',  ( -6.200000000000001066, 5.300000000000000711, -1.499999999999999556 ) ) ;
#7701 = ADVANCED_FACE ( 'NONE', ( #8729 ), #1304, .F. ) ;
#7702 = VERTEX_POINT ( 'NONE', #6973 ) ;
#7703 = AXIS2_PLACEMENT_3D ( 'NONE', #7759, #2827, #231 ) ;
#7704 = DIRECTION ( 'NONE',  ( 0.000000000000000000, 1.224646799147353454E-16, -1.000000000000000000 ) ) ;
#7705 = LINE ( 'NONE', #236, #2781 ) ;
#7706 = ORIENTED_EDGE ( 'NONE', *, *, #285, .F. ) ;
#7707 = EDGE_CURVE ( 'NONE', #1483, #8465, #4556, .T. ) ;
#7708 = AXIS2_PLACEMENT_3D ( 'NONE', #5009, #10888, #8621 ) ;
#7709 = DIRECTION ( 'NONE',  ( 0.000000000000000000, -1.000000000000000000, 0.000000000000000000 ) ) ;
#7710 = ORIENTED_EDGE ( 'NONE', *, *, #7148, .F. ) ;
#7711 = CARTESIAN_POINT ( 'NONE',  ( 2.249999999999892530, 0.000000000000000000, 2.400000000000000355 ) ) ;
#7712 = DIRECTION ( 'NONE',  ( 0.000000000000000000, 0.000000000000000000, 1.000000000000000000 ) ) ;
#7713 = PRESENTATION_LAYER_ASSIGNMENT (  '', '', ( #5625 ) ) ;
#7714 = DIRECTION ( 'NONE',  ( 6.052042441354482143E-17, 0.2631174057921086828, 0.9647638212377321887 ) ) ;
#7715 = ORIENTED_EDGE ( 'NONE', *, *, #1360, .T. ) ;
#7716 = LINE ( 'NONE', #2723, #6493 ) ;
#7717 = VERTEX_POINT ( 'NONE', #7841 ) ;
#7718 = LINE ( 'NONE', #4215, #3687 ) ;
#7719 = AXIS2_PLACEMENT_3D ( 'NONE', #8938, #7297, #10709 ) ;
#7720 = PLANE ( 'NONE',  #1088 ) ;
#7721 = ORIENTED_EDGE ( 'NONE', *, *, #3461, .F. ) ;
#7722 = EDGE_CURVE ( 'NONE', #8847, #644, #8839, .T. ) ;
#7723 = EDGE_CURVE ( 'NONE', #3404, #10641, #7029, .T. ) ;
#7724 = PLANE ( 'NONE',  #10052 ) ;
#7725 = AXIS2_PLACEMENT_3D ( 'NONE', #9508, #4396, #7738 ) ;
#7726 = VECTOR ( 'NONE', #1272, 1000.000000000000000 ) ;
#7727 = ORIENTED_EDGE ( 'NONE', *, *, #7802, .T. ) ;
#7728 = CARTESIAN_POINT ( 'NONE',  ( -1.749999999999999778, 2.649999999999999911, -2.300000000000000266 ) ) ;
#7729 = ORIENTED_EDGE ( 'NONE', *, *, #4824, .F. ) ;
#7730 = CARTESIAN_POINT ( 'NONE',  ( 0.6250000000000001110, 5.000000000000000000, -2.200000000000000178 ) ) ;
#7731 = DIRECTION ( 'NONE',  ( 0.000000000000000000, -0.3713906763541029443, 0.9284766908852596368 ) ) ;
#7732 = DIRECTION ( 'NONE',  ( 1.000000000000000000, -0.000000000000000000, -0.000000000000000000 ) ) ;
#7733 = EDGE_LOOP ( 'NONE', ( #1428, #5665, #10392, #10792 ) ) ;
#7734 = AXIS2_PLACEMENT_3D ( 'NONE', #10771, #8324, #6634 ) ;
#7735 = VERTEX_POINT ( 'NONE', #6213 ) ;
#7736 = DIRECTION ( 'NONE',  ( -3.336006684570783594E-16, -0.000000000000000000, 1.000000000000000000 ) ) ;
#7737 = CARTESIAN_POINT ( 'NONE',  ( -1.999999999999999112, 4.400000000000001243, 0.7999999999999994893 ) ) ;
#7738 = DIRECTION ( 'NONE',  ( 0.000000000000000000, -0.000000000000000000, -1.000000000000000000 ) ) ;
#7739 = ORIENTED_EDGE ( 'NONE', *, *, #6309, .F. ) ;
#7740 = LINE ( 'NONE', #322, #6204 ) ;
#7741 = ORIENTED_EDGE ( 'NONE', *, *, #55, .F. ) ;
#7742 = CARTESIAN_POINT ( 'NONE',  ( 1.749999999999999778, 2.149999999999999467, -1.999999999999997335 ) ) ;
#7743 = VECTOR ( 'NONE', #2544, 1000.000000000000000 ) ;
#7744 = AXIS2_PLACEMENT_3D ( 'NONE', #2229, #3056, #10700 ) ;
#7745 = VERTEX_POINT ( 'NONE', #1250 ) ;
#7746 = DIRECTION ( 'NONE',  ( -1.000000000000000000, 0.000000000000000000, 0.000000000000000000 ) ) ;
#7747 = VECTOR ( 'NONE', #5554, 1000.000000000000000 ) ;
#7748 = PLANE ( 'NONE',  #1239 ) ;
#7749 = ORIENTED_EDGE ( 'NONE', *, *, #1456, .F. ) ;
#7750 = VERTEX_POINT ( 'NONE', #10271 ) ;
#7751 = VECTOR ( 'NONE', #1755, 1000.000000000000000 ) ;
#7752 = ADVANCED_FACE ( 'NONE', ( #2026 ), #9558, .F. ) ;
#7753 = AXIS2_PLACEMENT_3D ( 'NONE', #9127, #2578, #776 ) ;
#7754 = DIRECTION ( 'NONE',  ( 8.673617379883975321E-16, 0.000000000000000000, -1.000000000000000000 ) ) ;
#7755 = CARTESIAN_POINT ( 'NONE',  ( 3.749999999999892530, 0.6000000000000000888, 5.000000000000000000 ) ) ;
#7756 = CARTESIAN_POINT ( 'NONE',  ( 6.200000000000001066, 5.299999999999999822, -1.699999999999999734 ) ) ;
#7757 = LINE ( 'NONE', #6732, #1670 ) ;
#7758 = DIRECTION ( 'NONE',  ( 0.000000000000000000, 0.000000000000000000, -1.000000000000000000 ) ) ;
#7759 = CARTESIAN_POINT ( 'NONE',  ( -1.749999999999999778, 2.149999999999999467, -2.300000000000000266 ) ) ;
#7760 = AXIS2_PLACEMENT_3D ( 'NONE', #3183, #6484, #10819 ) ;
#7761 = VERTEX_POINT ( 'NONE', #5378 ) ;
#7762 = DIRECTION ( 'NONE',  ( 0.9659258262890690894, 0.2588190451025180194, 3.169619151431732277E-17 ) ) ;
#7763 = CARTESIAN_POINT ( 'NONE',  ( 4.499999999999991118, 5.799999999999992717, -4.450000000000005507 ) ) ;
#7764 = CARTESIAN_POINT ( 'NONE',  ( 4.827974591282621297, -2.168404344971008868E-16, -4.650000000000000355 ) ) ;
#7765 = ORIENTED_EDGE ( 'NONE', *, *, #3030, .F. ) ;
#7766 = LINE ( 'NONE', #5242, #1043 ) ;
#7767 = ADVANCED_FACE ( 'NONE', ( #9666 ), #7952, .T. ) ;
#7768 = ORIENTED_EDGE ( 'NONE', *, *, #8320, .F. ) ;
#7769 = EDGE_CURVE ( 'NONE', #10427, #8983, #10439, .T. ) ;
#7770 = PLANE ( 'NONE',  #3373 ) ;
#7771 = EDGE_CURVE ( 'NONE', #5398, #132, #5265, .T. ) ;
#7772 = DIRECTION ( 'NONE',  ( -0.7071067811865536790, 0.000000000000000000, 0.7071067811865414665 ) ) ;
#7773 = DIRECTION ( 'NONE',  ( -0.000000000000000000, -0.000000000000000000, -1.000000000000000000 ) ) ;
#7774 = ORIENTED_EDGE ( 'NONE', *, *, #7828, .F. ) ;
#7775 = DIRECTION ( 'NONE',  ( -0.000000000000000000, -0.000000000000000000, 1.000000000000000000 ) ) ;
#7776 = ADVANCED_FACE ( 'NONE', ( #6264 ), #9608, .F. ) ;
#7777 = EDGE_LOOP ( 'NONE', ( #723, #8773, #8387, #1638, #2, #6522, #3987, #2370 ) ) ;
#7778 = PLANE ( 'NONE',  #705 ) ;
#7779 = PLANE ( 'NONE',  #1032 ) ;
#7780 = VERTEX_POINT ( 'NONE', #2960 ) ;
#7781 = CARTESIAN_POINT ( 'NONE',  ( 4.537690618442709933, 0.3499999999999996447, -4.855654565435175485 ) ) ;
#7782 = CARTESIAN_POINT ( 'NONE',  ( -6.200000000000001066, 4.939999999999999503, 3.000000000000000888 ) ) ;
#7783 = ORIENTED_EDGE ( 'NONE', *, *, #8082, .F. ) ;
#7784 = CARTESIAN_POINT ( 'NONE',  ( 6.305000000000000604, 1.799999999999999600, 1.099999999999999867 ) ) ;
#7785 = AXIS2_PLACEMENT_3D ( 'NONE', #5209, #2622, #5004 ) ;
#7786 = EDGE_LOOP ( 'NONE', ( #10735, #8923, #4522, #10793 ) ) ;
#7787 = LINE ( 'NONE', #3620, #4466 ) ;
#7788 = LINE ( 'NONE', #2429, #3672 ) ;
#7789 = ADVANCED_FACE ( 'NONE', ( #2738 ), #313, .T. ) ;
#7790 = FACE_OUTER_BOUND ( 'NONE', #8838, .T. ) ;
#7791 = ORIENTED_EDGE ( 'NONE', *, *, #2275, .F. ) ;
#7792 = VERTEX_POINT ( 'NONE', #3670 ) ;
#7793 = DIRECTION ( 'NONE',  ( -1.051347561198065205E-15, 0.000000000000000000, -1.000000000000000000 ) ) ;
#7794 = VECTOR ( 'NONE', #7444, 1000.000000000000000 ) ;
#7795 = CARTESIAN_POINT ( 'NONE',  ( 6.200000000000001066, 4.939999999999999503, 2.049999999999999822 ) ) ;
#7796 = DIRECTION ( 'NONE',  ( 1.000000000000000000, 0.000000000000000000, 0.000000000000000000 ) ) ;
#7797 = ORIENTED_EDGE ( 'NONE', *, *, #5931, .F. ) ;
#7798 = CYLINDRICAL_SURFACE ( 'NONE', #2866, 0.2000000000000003164 ) ;
#7799 = PLANE ( 'NONE',  #3622 ) ;
#7800 = VERTEX_POINT ( 'NONE', #8611 ) ;
#7801 = LINE ( 'NONE', #3744, #6093 ) ;
#7802 = EDGE_CURVE ( 'NONE', #8794, #3457, #7139, .T. ) ;
#7803 =( GEOMETRIC_REPRESENTATION_CONTEXT ( 3 ) GLOBAL_UNCERTAINTY_ASSIGNED_CONTEXT ( ( #4907 ) ) GLOBAL_UNIT_ASSIGNED_CONTEXT ( ( #4878, #744, #7293 ) ) REPRESENTATION_CONTEXT ( 'NONE', 'WORKASPACE' ) );
#7804 = FACE_OUTER_BOUND ( 'NONE', #3723, .T. ) ;
#7805 = ORIENTED_EDGE ( 'NONE', *, *, #9888, .T. ) ;
#7806 = ORIENTED_EDGE ( 'NONE', *, *, #5846, .T. ) ;
#7807 = EDGE_CURVE ( 'NONE', #5198, #1572, #5491, .T. ) ;
#7808 = DIRECTION ( 'NONE',  ( -1.000000000000000000, 0.000000000000000000, 0.000000000000000000 ) ) ;
#7809 = VECTOR ( 'NONE', #3575, 1000.000000000000000 ) ;
#7810 = DIRECTION ( 'NONE',  ( -1.000000000000000000, 0.000000000000000000, -0.000000000000000000 ) ) ;
#7811 = DIRECTION ( 'NONE',  ( -1.000000000000000000, 0.000000000000000000, 0.000000000000000000 ) ) ;
#7812 = CARTESIAN_POINT ( 'NONE',  ( 3.099999999999999645, 4.400000000000001243, -3.049999999999997602 ) ) ;
#7813 = PLANE ( 'NONE',  #5567 ) ;
#7814 = DIRECTION ( 'NONE',  ( -1.000000000000000000, 0.000000000000000000, 0.000000000000000000 ) ) ;
#7815 = EDGE_LOOP ( 'NONE', ( #5453, #7382, #6678, #6481 ) ) ;
#7816 = LINE ( 'NONE', #2829, #5809 ) ;
#7817 = CARTESIAN_POINT ( 'NONE',  ( -6.304999999999997939, 2.072405095595728053, -4.896446609406726047 ) ) ;
#7818 = ORIENTED_EDGE ( 'NONE', *, *, #2958, .T. ) ;
#7819 = LINE ( 'NONE', #10304, #2626 ) ;
#7820 = EDGE_LOOP ( 'NONE', ( #2169, #271, #4910, #2182, #1532, #10140, #7639 ) ) ;
#7821 = CARTESIAN_POINT ( 'NONE',  ( -0.2500000000000002220, 2.259191070279860103, -2.300000000000000266 ) ) ;
#7822 = FACE_OUTER_BOUND ( 'NONE', #1778, .T. ) ;
#7823 = DIRECTION ( 'NONE',  ( 0.000000000000000000, 1.000000000000000000, 0.000000000000000000 ) ) ;
#7824 = DIRECTION ( 'NONE',  ( 0.000000000000000000, -0.3713906763541029443, 0.9284766908852596368 ) ) ;
#7825 = VECTOR ( 'NONE', #6985, 1000.000000000000000 ) ;
#7826 = EDGE_LOOP ( 'NONE', ( #6105, #5950, #3586, #10741 ) ) ;
#7827 = CARTESIAN_POINT ( 'NONE',  ( 7.000000000000000000, 0.6000000000000000888, 3.899999999999999911 ) ) ;
#7828 = EDGE_CURVE ( 'NONE', #5905, #8847, #2192, .T. ) ;
#7829 = EDGE_LOOP ( 'NONE', ( #3946, #4130, #5939, #3079, #6420 ) ) ;
#7830 = FACE_OUTER_BOUND ( 'NONE', #10483, .T. ) ;
#7831 = EDGE_CURVE ( 'NONE', #425, #391, #7193, .T. ) ;
#7832 = EDGE_CURVE ( 'NONE', #1719, #2585, #3075, .T. ) ;
#7833 = VECTOR ( 'NONE', #8893, 1000.000000000000000 ) ;
#7834 = FACE_OUTER_BOUND ( 'NONE', #6652, .T. ) ;
#7835 = VERTEX_POINT ( 'NONE', #6383 ) ;
#7836 = LINE ( 'NONE', #2954, #1606 ) ;
#7837 = DIRECTION ( 'NONE',  ( -0.000000000000000000, 0.000000000000000000, -1.000000000000000000 ) ) ;
#7838 = VERTEX_POINT ( 'NONE', #656 ) ;
#7839 = CARTESIAN_POINT ( 'NONE',  ( 6.200000000000001066, 5.470710678118654968, 1.647132034355962338 ) ) ;
#7840 = ORIENTED_EDGE ( 'NONE', *, *, #518, .T. ) ;
#7841 = CARTESIAN_POINT ( 'NONE',  ( 3.399999999999999911, 5.699999999999999289, -3.200000000000000178 ) ) ;
#7842 = DIRECTION ( 'NONE',  ( -5.421010862427521184E-16, 1.591489427501658143E-16, -1.000000000000000000 ) ) ;
#7843 = EDGE_CURVE ( 'NONE', #8016, #562, #4007, .T. ) ;
#7844 = CARTESIAN_POINT ( 'NONE',  ( 3.750000000000000000, 2.149999999999999467, -1.999999999999997335 ) ) ;
#7845 = ORIENTED_EDGE ( 'NONE', *, *, #8493, .T. ) ;
#7846 = LINE ( 'NONE', #3026, #7932 ) ;
#7847 = ORIENTED_EDGE ( 'NONE', *, *, #9735, .T. ) ;
#7848 = LINE ( 'NONE', #10558, #6819 ) ;
#7849 = EDGE_CURVE ( 'NONE', #4799, #8892, #2250, .T. ) ;
#7850 = LINE ( 'NONE', #7039, #4665 ) ;
#7851 = ORIENTED_EDGE ( 'NONE', *, *, #8111, .F. ) ;
#7852 = DIRECTION ( 'NONE',  ( 7.885106708985485090E-16, 1.000000000000000000, 0.000000000000000000 ) ) ;
#7853 = ORIENTED_EDGE ( 'NONE', *, *, #3431, .T. ) ;
#7854 = DIRECTION ( 'NONE',  ( -0.000000000000000000, -0.000000000000000000, 1.000000000000000000 ) ) ;
#7855 = VERTEX_POINT ( 'NONE', #10667 ) ;
#7856 = DIRECTION ( 'NONE',  ( 0.000000000000000000, -1.000000000000000000, 0.000000000000000000 ) ) ;
#7857 = CARTESIAN_POINT ( 'NONE',  ( -5.200000000000000178, 4.800000000000000711, 0.7999999999999994893 ) ) ;
#7858 = EDGE_LOOP ( 'NONE', ( #5566, #3895, #4944, #850 ) ) ;
#7859 = VERTEX_POINT ( 'NONE', #7361 ) ;
#7860 = CARTESIAN_POINT ( 'NONE',  ( -4.200000000000000178, 3.700000000000000178, 0.7999999999999994893 ) ) ;
#7861 = EDGE_CURVE ( 'NONE', #7370, #6796, #703, .T. ) ;
#7862 = ADVANCED_FACE ( 'NONE', ( #5604 ), #8896, .T. ) ;
#7863 = CARTESIAN_POINT ( 'NONE',  ( 5.800000000000000711, 2.575000000000000178, 3.899999999999999911 ) ) ;
#7864 = CARTESIAN_POINT ( 'NONE',  ( 7.000000000000000888, 4.050000000000000711, -3.200000000000000178 ) ) ;
#7865 =( NAMED_UNIT ( * ) SI_UNIT ( $, .STERADIAN. ) SOLID_ANGLE_UNIT ( ) );
#7866 = LINE ( 'NONE', #10465, #5200 ) ;
#7867 = DIRECTION ( 'NONE',  ( -0.000000000000000000, -1.000000000000000000, -0.000000000000000000 ) ) ;
#7868 = ORIENTED_EDGE ( 'NONE', *, *, #2418, .T. ) ;
#7869 = PLANE ( 'NONE',  #6519 ) ;
#7870 = LINE ( 'NONE', #5407, #10167 ) ;
#7871 = VECTOR ( 'NONE', #3720, 1000.000000000000000 ) ;
#7872 = ORIENTED_EDGE ( 'NONE', *, *, #4654, .F. ) ;
#7873 = LINE ( 'NONE', #1117, #8588 ) ;
#7874 = CARTESIAN_POINT ( 'NONE',  ( -6.304999999999998828, 1.800000000000000044, -1.700000000000000400 ) ) ;
#7875 = VECTOR ( 'NONE', #1585, 1000.000000000000000 ) ;
#7876 = DIRECTION ( 'NONE',  ( 6.195440985631441512E-16, 1.000000000000000000, 0.000000000000000000 ) ) ;
#7877 = LINE ( 'NONE', #4538, #8270 ) ;
#7878 = FACE_OUTER_BOUND ( 'NONE', #2093, .T. ) ;
#7879 = VECTOR ( 'NONE', #7867, 1000.000000000000000 ) ;
#7880 = ORIENTED_EDGE ( 'NONE', *, *, #2905, .F. ) ;
#7881 = FACE_OUTER_BOUND ( 'NONE', #1626, .T. ) ;
#7882 = ORIENTED_EDGE ( 'NONE', *, *, #8337, .F. ) ;
#7883 = CARTESIAN_POINT ( 'NONE',  ( -4.200000000000000178, 4.800000000000000711, 0.7999999999999994893 ) ) ;
#7884 = AXIS2_PLACEMENT_3D ( 'NONE', #10358, #3648, #1115 ) ;
#7885 = ADVANCED_FACE ( 'NONE', ( #6435 ), #9785, .F. ) ;
#7886 = LINE ( 'NONE', #3830, #3167 ) ;
#7888 = ORIENTED_EDGE ( 'NONE', *, *, #338, .F. ) ;
#7887 = AXIS2_PLACEMENT_3D ( 'NONE', #9374, #6031, #1734 ) ;
#7889 = SURFACE_SIDE_STYLE ('',( #7022 ) ) ;
#7890 = LINE ( 'NONE', #363, #6414 ) ;
#7891 = EDGE_CURVE ( 'NONE', #9840, #4799, #6424, .T. ) ;
#7892 = CIRCLE ( 'NONE', #6330, 0.09999999999999961697 ) ;
#7893 = VERTEX_POINT ( 'NONE', #9644 ) ;
#7894 = DIRECTION ( 'NONE',  ( -1.000000000000000000, 0.000000000000000000, -0.000000000000000000 ) ) ;
#7895 = ORIENTED_EDGE ( 'NONE', *, *, #3682, .T. ) ;
#7896 = VECTOR ( 'NONE', #5368, 1000.000000000000000 ) ;
#7897 = DIRECTION ( 'NONE',  ( -1.000000000000000000, -0.000000000000000000, -0.000000000000000000 ) ) ;
#7898 = DIRECTION ( 'NONE',  ( 0.000000000000000000, -1.000000000000000000, 0.000000000000000000 ) ) ;
#7899 = CARTESIAN_POINT ( 'NONE',  ( 6.200000000000001066, 5.500000000000000888, 0.9678427124746179500 ) ) ;
#7900 = ORIENTED_EDGE ( 'NONE', *, *, #6736, .T. ) ;
#7901 = DIRECTION ( 'NONE',  ( -1.000000000000000000, 0.000000000000000000, 0.000000000000000000 ) ) ;
#7902 = VERTEX_POINT ( 'NONE', #9477 ) ;
#7903 = CARTESIAN_POINT ( 'NONE',  ( 5.800000000000000711, 4.939999999999999503, 2.049999999999999822 ) ) ;
#7904 = DIRECTION ( 'NONE',  ( -1.000000000000000000, -0.000000000000000000, -0.000000000000000000 ) ) ;
#7905 = EDGE_CURVE ( 'NONE', #9295, #361, #5360, .T. ) ;
#7906 = AXIS2_PLACEMENT_3D ( 'NONE', #7429, #8240, #6504 ) ;
#7907 = EDGE_CURVE ( 'NONE', #3741, #480, #9707, .T. ) ;
#7908 = ADVANCED_FACE ( 'NONE', ( #1345 ), #8708, .F. ) ;
#7909 = ORIENTED_EDGE ( 'NONE', *, *, #9834, .F. ) ;
#7910 = CARTESIAN_POINT ( 'NONE',  ( -3.622592672733450758, 2.022592672733450225, -1.649951245262083699 ) ) ;
#7911 = ORIENTED_EDGE ( 'NONE', *, *, #720, .T. ) ;
#7912 = CARTESIAN_POINT ( 'NONE',  ( -1.750000000000108136, 1.300000000000000266, 3.899999999999999911 ) ) ;
#7913 = ADVANCED_FACE ( 'NONE', ( #7822 ), #5472, .F. ) ;
#7914 = AXIS2_PLACEMENT_3D ( 'NONE', #56, #7525, #1649 ) ;
#7915 = VECTOR ( 'NONE', #8732, 1000.000000000000000 ) ;
#7916 = LINE ( 'NONE', #7857, #1596 ) ;
#7917 = ORIENTED_EDGE ( 'NONE', *, *, #10104, .F. ) ;
#7918 = ORIENTED_EDGE ( 'NONE', *, *, #2803, .T. ) ;
#7919 = EDGE_CURVE ( 'NONE', #4723, #8800, #10364, .T. ) ;
#7920 = DIRECTION ( 'NONE',  ( 0.000000000000000000, 0.000000000000000000, 1.000000000000000000 ) ) ;
#7921 = VECTOR ( 'NONE', #7696, 1000.000000000000000 ) ;
#7922 = DIRECTION ( 'NONE',  ( 0.000000000000000000, 0.000000000000000000, -1.000000000000000000 ) ) ;
#7923 = VECTOR ( 'NONE', #9891, 1000.000000000000000 ) ;
#7924 = DIRECTION ( 'NONE',  ( -0.000000000000000000, 0.000000000000000000, 1.000000000000000000 ) ) ;
#7925 = CARTESIAN_POINT ( 'NONE',  ( -0.6250000000000001110, 4.400000000000000355, -2.200000000000000178 ) ) ;
#7926 = CARTESIAN_POINT ( 'NONE',  ( -5.349999999999999645, 4.950000000000001066, -3.200000000000000178 ) ) ;
#7927 = DIRECTION ( 'NONE',  ( -0.000000000000000000, -1.000000000000000000, -0.000000000000000000 ) ) ;
#7928 = ORIENTED_EDGE ( 'NONE', *, *, #2172, .T. ) ;
#7929 = LINE ( 'NONE', #5464, #8971 ) ;
#7930 = ADVANCED_FACE ( 'NONE', ( #4707 ), #2174, .T. ) ;
#7931 = DIRECTION ( 'NONE',  ( 1.000000000000000000, 8.673617379884035472E-16, 0.000000000000000000 ) ) ;
#7932 = VECTOR ( 'NONE', #6388, 1000.000000000000114 ) ;
#7933 = AXIS2_PLACEMENT_3D ( 'NONE', #7642, #10080, #5798 ) ;
#7934 = ORIENTED_EDGE ( 'NONE', *, *, #10499, .T. ) ;
#7935 = PLANE ( 'NONE',  #6513 ) ;
#7936 = DIRECTION ( 'NONE',  ( -1.000000000000000000, 0.000000000000000000, 0.000000000000000000 ) ) ;
#7937 = CARTESIAN_POINT ( 'NONE',  ( 7.000000000000000000, 0.000000000000000000, -5.000000000000000000 ) ) ;
#7938 = LINE ( 'NONE', #411, #4240 ) ;
#7939 = CARTESIAN_POINT ( 'NONE',  ( 5.803333333333337229, 6.298333333333332895, 3.598333333333335382 ) ) ;
#7940 = VECTOR ( 'NONE', #7922, 1000.000000000000000 ) ;
#7941 = ORIENTED_EDGE ( 'NONE', *, *, #7239, .T. ) ;
#7942 = CARTESIAN_POINT ( 'NONE',  ( -1.749999999999999778, 2.149999999999999467, -1.999999999999997335 ) ) ;
#7943 = ORIENTED_EDGE ( 'NONE', *, *, #5457, .F. ) ;
#7944 =( LENGTH_UNIT ( ) NAMED_UNIT ( * ) SI_UNIT ( .MILLI., .METRE. ) );
#7945 = EDGE_CURVE ( 'NONE', #7510, #6437, #9593, .T. ) ;
#7946 = ORIENTED_EDGE ( 'NONE', *, *, #5659, .T. ) ;
#7947 = CARTESIAN_POINT ( 'NONE',  ( 7.000000000000000000, 2.350000000000000089, -4.500000000000000888 ) ) ;
#7948 = LINE ( 'NONE', #6146, #7246 ) ;
#7949 = EDGE_LOOP ( 'NONE', ( #961, #3757, #3419, #7215 ) ) ;
#7950 = CARTESIAN_POINT ( 'NONE',  ( 1.749999999999892308, 0.2000000000000000111, 5.000000000000000888 ) ) ;
#7951 = VERTEX_POINT ( 'NONE', #296 ) ;
#7952 = CYLINDRICAL_SURFACE ( 'NONE', #9920, 0.09999999999999993616 ) ;
#7953 = PLANE ( 'NONE',  #10205 ) ;
#7954 = ORIENTED_EDGE ( 'NONE', *, *, #251, .T. ) ;
#7955 = CARTESIAN_POINT ( 'NONE',  ( -4.250000000000000000, 2.149999999999999467, -2.300000000000000266 ) ) ;
#7956 = PRODUCT_DEFINITION_CONTEXT ( 'detailed design', #5501, 'design' ) ;
#7957 = ORIENTED_EDGE ( 'NONE', *, *, #2134, .T. ) ;
#7958 = LINE ( 'NONE', #7511, #10710 ) ;
#7959 = LINE ( 'NONE', #4626, #10266 ) ;
#7960 = ORIENTED_EDGE ( 'NONE', *, *, #9802, .T. ) ;
#7961 = LINE ( 'NONE', #438, #4683 ) ;
#7962 = ORIENTED_EDGE ( 'NONE', *, *, #4145, .T. ) ;
#7963 = DIRECTION ( 'NONE',  ( -1.000000000000000000, -5.102127870520025912E-16, 0.000000000000000000 ) ) ;
#7964 = EDGE_CURVE ( 'NONE', #9021, #9387, #4537, .T. ) ;
#7965 = LINE ( 'NONE', #3584, #360 ) ;
#7966 = EDGE_CURVE ( 'NONE', #2451, #8705, #6301, .T. ) ;
#7967 = ORIENTED_EDGE ( 'NONE', *, *, #4842, .F. ) ;
#7968 = ADVANCED_FACE ( 'NONE', ( #5308 ), #352, .F. ) ;
#7969 = VECTOR ( 'NONE', #3038, 1000.000000000000114 ) ;
#7970 = VERTEX_POINT ( 'NONE', #7986 ) ;
#7971 = DIRECTION ( 'NONE',  ( -0.3236155771181821184, -0.3236155771181821184, 0.8891264907159901476 ) ) ;
#7972 = CARTESIAN_POINT ( 'NONE',  ( -1.750000000000107470, 0.2000000000000000111, 2.400000000000000355 ) ) ;
#7973 = CARTESIAN_POINT ( 'NONE',  ( -2.250000000000107025, 0.000000000000000000, 2.400000000000000355 ) ) ;
#7974 = DIRECTION ( 'NONE',  ( 1.000000000000000000, -3.942553354492739094E-16, 0.000000000000000000 ) ) ;
#7975 = VECTOR ( 'NONE', #7876, 1000.000000000000000 ) ;
#7976 = DIRECTION ( 'NONE',  ( 0.2359856711608181168, 0.8807105146304249343, -0.4106820575897980885 ) ) ;
#7977 = EDGE_LOOP ( 'NONE', ( #918, #1955, #3593, #4766 ) ) ;
#7978 = CARTESIAN_POINT ( 'NONE',  ( 5.200000000000000178, 0.9000000000000004663, -4.849999999999997868 ) ) ;
#7979 = CARTESIAN_POINT ( 'NONE',  ( -4.026055542458625069, 0.000000000000000000, -3.750000000000003109 ) ) ;
#7980 = VERTEX_POINT ( 'NONE', #9542 ) ;
#7981 = AXIS2_PLACEMENT_3D ( 'NONE', #1261, #8849, #10279 ) ;
#7982 = VECTOR ( 'NONE', #3939, 1000.000000000000000 ) ;
#7983 = DIRECTION ( 'NONE',  ( 0.000000000000000000, -1.000000000000000000, 0.000000000000000000 ) ) ;
#7984 = DIRECTION ( 'NONE',  ( -1.000000000000000000, 0.000000000000000000, 0.000000000000000000 ) ) ;
#7985 = EDGE_CURVE ( 'NONE', #4627, #2146, #3257, .T. ) ;
#7986 = CARTESIAN_POINT ( 'NONE',  ( -5.199999999999999289, 2.199999999999997513, -4.714222201011319058 ) ) ;
#7987 = CARTESIAN_POINT ( 'NONE',  ( 4.764267565201872223, 8.000000000000000000, -4.750000000000000000 ) ) ;
#7988 = CARTESIAN_POINT ( 'NONE',  ( 7.000000000000000000, 1.800000000000000266, -3.200000000000000178 ) ) ;
#7989 = ORIENTED_EDGE ( 'NONE', *, *, #5901, .T. ) ;
#7990 = CARTESIAN_POINT ( 'NONE',  ( 6.200000000000001066, 5.300000000000000711, -1.499999999999999556 ) ) ;
#7991 = VECTOR ( 'NONE', #5517, 1000.000000000000000 ) ;
#7992 = VERTEX_POINT ( 'NONE', #3653 ) ;
#7993 = EDGE_CURVE ( 'NONE', #10629, #6590, #2200, .T. ) ;
#7994 = CARTESIAN_POINT ( 'NONE',  ( 6.200000000000001066, 3.400000000000000355, 1.999999999999999556 ) ) ;
#7995 = CARTESIAN_POINT ( 'NONE',  ( -5.800000000000000711, 5.499999999999998224, 3.700000000000000178 ) ) ;
#7996 = VERTEX_POINT ( 'NONE', #7070 ) ;
#7997 = VECTOR ( 'NONE', #1541, 1000.000000000000000 ) ;
#7998 = FACE_OUTER_BOUND ( 'NONE', #6696, .T. ) ;
#7999 = CARTESIAN_POINT ( 'NONE',  ( -3.750000000000107470, 0.000000000000000000, 4.800000000000000711 ) ) ;
#8000 = EDGE_CURVE ( 'NONE', #4232, #10204, #2837, .T. ) ;
#8001 = EDGE_CURVE ( 'NONE', #1006, #10263, #2893, .T. ) ;
#8002 = ORIENTED_EDGE ( 'NONE', *, *, #7651, .T. ) ;
#8003 = DIRECTION ( 'NONE',  ( 0.000000000000000000, 1.000000000000000000, 0.000000000000000000 ) ) ;
#8004 = VERTEX_POINT ( 'NONE', #410 ) ;
#8005 = DIRECTION ( 'NONE',  ( -1.000000000000000000, -0.000000000000000000, -0.000000000000000000 ) ) ;
#8006 = CARTESIAN_POINT ( 'NONE',  ( 5.800000000000000711, 5.465000000000000746, 1.499999999999999334 ) ) ;
#8007 = VECTOR ( 'NONE', #510, 1000.000000000000000 ) ;
#8008 = DIRECTION ( 'NONE',  ( 0.000000000000000000, 0.000000000000000000, -1.000000000000000000 ) ) ;
#8009 = EDGE_LOOP ( 'NONE', ( #1127, #6571, #8415, #10828 ) ) ;
#8010 = LINE ( 'NONE', #430, #10211 ) ;
#8011 = ORIENTED_EDGE ( 'NONE', *, *, #2998, .T. ) ;
#8012 = CARTESIAN_POINT ( 'NONE',  ( -5.200000000000000178, 2.750000000000000444, -3.600000000000000533 ) ) ;
#8013 = DIRECTION ( 'NONE',  ( 0.000000000000000000, -0.7071067811865385799, 0.7071067811865565655 ) ) ;
#8014 = VECTOR ( 'NONE', #8463, 1000.000000000000000 ) ;
#8015 = VERTEX_POINT ( 'NONE', #10475 ) ;
#8016 = VERTEX_POINT ( 'NONE', #7175 ) ;
#8017 = PLANE ( 'NONE',  #10653 ) ;
#8018 = ORIENTED_EDGE ( 'NONE', *, *, #10720, .F. ) ;
#8019 = CARTESIAN_POINT ( 'NONE',  ( -5.800000000000002487, 5.500000000000003553, -1.699999999999997735 ) ) ;
#8020 = DIRECTION ( 'NONE',  ( -1.000000000000000000, 0.000000000000000000, -0.000000000000000000 ) ) ;
#8021 = ORIENTED_EDGE ( 'NONE', *, *, #7802, .F. ) ;
#8022 = EDGE_CURVE ( 'NONE', #9730, #8384, #10529, .T. ) ;
#8023 = VERTEX_POINT ( 'NONE', #10759 ) ;
#8024 = ORIENTED_EDGE ( 'NONE', *, *, #6378, .F. ) ;
#8025 = CARTESIAN_POINT ( 'NONE',  ( -6.007179676972450366, -2.972161292830653933E-16, 0.9134769367380000116 ) ) ;
#8027 = ADVANCED_FACE ( 'NONE', ( #8931 ), #10701, .F. ) ;
#8026 = CARTESIAN_POINT ( 'NONE',  ( 2.999999999999998668, 8.000000000000000000, -3.599999999999999645 ) ) ;
#8028 = DIRECTION ( 'NONE',  ( -5.102127870520025912E-16, -1.000000000000000000, 6.829619984160657060E-16 ) ) ;
#8029 = EDGE_CURVE ( 'NONE', #1419, #1283, #1561, .T. ) ;
#8030 = CARTESIAN_POINT ( 'NONE',  ( -3.399999999999999911, 5.699999999999999289, -3.200000000000000178 ) ) ;
#8031 = LINE ( 'NONE', #1999, #8526 ) ;
#8032 =( NAMED_UNIT ( * ) SI_UNIT ( $, .STERADIAN. ) SOLID_ANGLE_UNIT ( ) );
#8033 = ORIENTED_EDGE ( 'NONE', *, *, #9531, .F. ) ;
#8034 = CARTESIAN_POINT ( 'NONE',  ( 5.800000000000000711, 2.400000000000001243, -1.699999999999999734 ) ) ;
#8035 = ORIENTED_EDGE ( 'NONE', *, *, #9690, .T. ) ;
#8036 = ORIENTED_EDGE ( 'NONE', *, *, #3665, .T. ) ;
#8037 = DIRECTION ( 'NONE',  ( -1.000000000000000000, 0.000000000000000000, -3.336006684570783101E-16 ) ) ;
#8038 = CARTESIAN_POINT ( 'NONE',  ( -6.304999999999998828, 2.750000000000000444, -3.600000000000000533 ) ) ;
#8039 = CARTESIAN_POINT ( 'NONE',  ( 6.200000000000001066, 5.394289321881344357, 0.6792893218813451650 ) ) ;
#8040 = CYLINDRICAL_SURFACE ( 'NONE', #2843, 0.2500000000000002220 ) ;
#8041 = EDGE_CURVE ( 'NONE', #5314, #6039, #6576, .T. ) ;
#8042 = CARTESIAN_POINT ( 'NONE',  ( 0.2500000000000002220, 2.649999999999999911, 0.7999999999999994893 ) ) ;
#8043 = ADVANCED_FACE ( 'NONE', ( #3991 ), #4979, .F. ) ;
#8044 = ORIENTED_EDGE ( 'NONE', *, *, #3122, .F. ) ;
#8045 = CARTESIAN_POINT ( 'NONE',  ( -4.764267567286915472, 0.3041773469432282884, -5.000000000000000888 ) ) ;
#8046 = ORIENTED_EDGE ( 'NONE', *, *, #5095, .T. ) ;
#8047 = VECTOR ( 'NONE', #5130, 1000.000000000000000 ) ;
#8048 = LINE ( 'NONE', #8830, #7896 ) ;
#8049 = EDGE_CURVE ( 'NONE', #5039, #1722, #1460, .T. ) ;
#8050 = AXIS2_PLACEMENT_3D ( 'NONE', #6219, #10445, #491 ) ;
#8051 = DIRECTION ( 'NONE',  ( -0.000000000000000000, 3.372884145477666851E-15, 1.000000000000000000 ) ) ;
#8052 = ORIENTED_EDGE ( 'NONE', *, *, #7807, .T. ) ;
#8053 = CARTESIAN_POINT ( 'NONE',  ( -3.859191070279860636, 2.259191070279860103, -2.300000000000000266 ) ) ;
#8054 = CARTESIAN_POINT ( 'NONE',  ( -6.000000000000000000, 2.540808929720139275, -2.300000000000000266 ) ) ;
#8055 = EDGE_CURVE ( 'NONE', #9035, #1056, #10091, .T. ) ;
#8056 = DIRECTION ( 'NONE',  ( 0.000000000000000000, 1.000000000000000000, 0.000000000000000000 ) ) ;
#8057 = AXIS2_PLACEMENT_3D ( 'NONE', #2222, #9810, #2274 ) ;
#8058 = CARTESIAN_POINT ( 'NONE',  ( -0.2500000000001078027, 0.2000000000000000111, 4.800000000000000711 ) ) ;
#8059 = ORIENTED_EDGE ( 'NONE', *, *, #2087, .F. ) ;
#8060 = LINE ( 'NONE', #10611, #649 ) ;
#8061 = VECTOR ( 'NONE', #8051, 1000.000000000000000 ) ;
#8062 = VERTEX_POINT ( 'NONE', #5751 ) ;
#8063 = SURFACE_SIDE_STYLE ('',( #4892 ) ) ;
#8064 = DIRECTION ( 'NONE',  ( -0.000000000000000000, -3.372884145477667245E-15, -1.000000000000000000 ) ) ;
#8065 = VECTOR ( 'NONE', #3786, 1000.000000000000000 ) ;
#8066 = EDGE_CURVE ( 'NONE', #3782, #5063, #5346, .T. ) ;
#8067 = ORIENTED_EDGE ( 'NONE', *, *, #2769, .F. ) ;
#8068 = LINE ( 'NONE', #3292, #6366 ) ;
#8069 = UNCERTAINTY_MEASURE_WITH_UNIT (LENGTH_MEASURE( 1.000000000000000082E-05 ), #657, 'distance_accuracy_value', 'NONE');
#8070 = VERTEX_POINT ( 'NONE', #4043 ) ;
#8071 = SURFACE_STYLE_FILL_AREA ( #10390 ) ;
#8072 = VECTOR ( 'NONE', #4341, 1000.000000000000000 ) ;
#8073 = CARTESIAN_POINT ( 'NONE',  ( -3.750000000000000000, 2.540808929720139275, -2.300000000000000266 ) ) ;
#8074 = EDGE_LOOP ( 'NONE', ( #6008, #6951, #4795, #7088, #5161, #8354, #6030 ) ) ;
#8075 = AXIS2_PLACEMENT_3D ( 'NONE', #6530, #9887, #2442 ) ;
#8076 = VERTEX_POINT ( 'NONE', #2436 ) ;
#8077 = DIRECTION ( 'NONE',  ( 0.5773502691896228445, -0.5773502691896238437, 0.5773502691896306160 ) ) ;
#8078 = EDGE_CURVE ( 'NONE', #1868, #1006, #3114, .T. ) ;
#8079 = ORIENTED_EDGE ( 'NONE', *, *, #4142, .T. ) ;
#8080 = CARTESIAN_POINT ( 'NONE',  ( -4.764267565201869559, 0.1449747468305830900, -5.000000000000000000 ) ) ;
#8081 = LINE ( 'NONE', #3093, #10561 ) ;
#8082 = EDGE_CURVE ( 'NONE', #10151, #2441, #1615, .T. ) ;
#8083 = VERTEX_POINT ( 'NONE', #2390 ) ;
#8084 = VECTOR ( 'NONE', #8412, 1000.000000000000000 ) ;
#8085 = ORIENTED_EDGE ( 'NONE', *, *, #8507, .F. ) ;
#8086 = CARTESIAN_POINT ( 'NONE',  ( -4.579947964062489163, 0.8037242644408378878, -4.946275735559161113 ) ) ;
#8087 = CARTESIAN_POINT ( 'NONE',  ( -4.569840214680613855, 0.3499999999999999778, -4.096429042955581856 ) ) ;
#8088 = CARTESIAN_POINT ( 'NONE',  ( 4.026055542458626846, 0.3499999999999996447, -4.350000000000002309 ) ) ;
#8089 = DIRECTION ( 'NONE',  ( -0.000000000000000000, -1.000000000000000000, -0.000000000000000000 ) ) ;
#8090 = SURFACE_SIDE_STYLE ('',( #4914 ) ) ;
#8091 = AXIS2_PLACEMENT_3D ( 'NONE', #9720, #6429, #7680 ) ;
#8092 = VECTOR ( 'NONE', #8141, 1000.000000000000000 ) ;
#8093 = CARTESIAN_POINT ( 'NONE',  ( -6.200000000000001066, 2.400000000000001243, -1.699999999999999734 ) ) ;
#8094 = ORIENTED_EDGE ( 'NONE', *, *, #10685, .F. ) ;
#8095 = LINE ( 'NONE', #9970, #543 ) ;
#8096 = ORIENTED_EDGE ( 'NONE', *, *, #9690, .F. ) ;
#8097 = ORIENTED_EDGE ( 'NONE', *, *, #5647, .F. ) ;
#8098 = AXIS2_PLACEMENT_3D ( 'NONE', #5812, #2506, #9151 ) ;
#8099 = DIRECTION ( 'NONE',  ( -0.7071067811865536790, -0.7071067811865414665, -0.000000000000000000 ) ) ;
#8100 = PRESENTATION_LAYER_ASSIGNMENT (  '', '', ( #9148 ) ) ;
#8101 = FACE_OUTER_BOUND ( 'NONE', #9077, .T. ) ;
#8102 = DIRECTION ( 'NONE',  ( -0.000000000000000000, 1.000000000000000000, 1.224646799147353454E-16 ) ) ;
#8103 = PLANE ( 'NONE',  #1438 ) ;
#8104 = CARTESIAN_POINT ( 'NONE',  ( 3.749999999999892530, 0.2000000000000000111, 3.899999999999999911 ) ) ;
#8105 = VERTEX_POINT ( 'NONE', #3271 ) ;
#8106 = FACE_OUTER_BOUND ( 'NONE', #10380, .T. ) ;
#8107 = VECTOR ( 'NONE', #9527, 999.9999999999998863 ) ;
#8108 = VECTOR ( 'NONE', #6229, 1000.000000000000000 ) ;
#8109 = ORIENTED_EDGE ( 'NONE', *, *, #9888, .F. ) ;
#8110 = LINE ( 'NONE', #6679, #10013 ) ;
#8111 = EDGE_CURVE ( 'NONE', #5330, #5241, #2901, .T. ) ;
#8112 = ADVANCED_FACE ( 'NONE', ( #9089 ), #1399, .T. ) ;
#8113 = EDGE_CURVE ( 'NONE', #4838, #445, #6622, .T. ) ;
#8114 = CARTESIAN_POINT ( 'NONE',  ( -1.999999999999999112, 4.400000000000001243, -3.049999999999997602 ) ) ;
#8115 = VERTEX_POINT ( 'NONE', #2230 ) ;
#8116 = CARTESIAN_POINT ( 'NONE',  ( 1.749999999999999778, 2.649999999999999911, -1.999999999999997335 ) ) ;
#8117 = VECTOR ( 'NONE', #2253, 1000.000000000000000 ) ;
#8118 = PLANE ( 'NONE',  #3857 ) ;
#8119 = AXIS2_PLACEMENT_3D ( 'NONE', #5895, #6811, #4181 ) ;
#8120 = LINE ( 'NONE', #4940, #4067 ) ;
#8121 = LINE ( 'NONE', #1359, #3921 ) ;
#8122 = ORIENTED_EDGE ( 'NONE', *, *, #611, .T. ) ;
#8123 = LINE ( 'NONE', #2188, #7833 ) ;
#8124 = ORIENTED_EDGE ( 'NONE', *, *, #1198, .F. ) ;
#8125 = DIRECTION ( 'NONE',  ( -0.000000000000000000, -1.000000000000000000, -0.000000000000000000 ) ) ;
#8126 = DIRECTION ( 'NONE',  ( 0.000000000000000000, -1.000000000000000000, 0.000000000000000000 ) ) ;
#8127 = CLOSED_SHELL ( 'NONE', ( #7243, #1870, #1746, #3084, #2758, #10623, #9420, #8966 ) ) ;
#8128 = VECTOR ( 'NONE', #5764, 1000.000000000000000 ) ;
#8129 = VERTEX_POINT ( 'NONE', #8263 ) ;
#8130 = FACE_OUTER_BOUND ( 'NONE', #2873, .T. ) ;
#8131 = EDGE_LOOP ( 'NONE', ( #2405, #8872, #4072, #2914 ) ) ;
#8132 = LINE ( 'NONE', #6445, #3906 ) ;
#8133 = ADVANCED_FACE ( 'NONE', ( #4818 ), #5585, .F. ) ;
#8134 = ORIENTED_EDGE ( 'NONE', *, *, #4479, .T. ) ;
#8135 = ORIENTED_EDGE ( 'NONE', *, *, #9817, .F. ) ;
#8136 = EDGE_CURVE ( 'NONE', #7247, #578, #3416, .T. ) ;
#8137 = CARTESIAN_POINT ( 'NONE',  ( 1.749999999999999778, 2.259191070279860103, -2.300000000000000266 ) ) ;
#8138 = ORIENTED_EDGE ( 'NONE', *, *, #6335, .T. ) ;
#8139 = LINE ( 'NONE', #5780, #6925 ) ;
#8140 = EDGE_CURVE ( 'NONE', #9397, #3624, #9818, .T. ) ;
#8141 = DIRECTION ( 'NONE',  ( -0.000000000000000000, -1.000000000000000000, -0.000000000000000000 ) ) ;
#8142 = ORIENTED_EDGE ( 'NONE', *, *, #7097, .T. ) ;
#8143 = ORIENTED_EDGE ( 'NONE', *, *, #74, .F. ) ;
#8144 = ORIENTED_EDGE ( 'NONE', *, *, #4523, .T. ) ;
#8145 = DIRECTION ( 'NONE',  ( -0.000000000000000000, -1.000000000000000000, -0.000000000000000000 ) ) ;
#8146 = EDGE_CURVE ( 'NONE', #5946, #9599, #9877, .T. ) ;
#8147 = CARTESIAN_POINT ( 'NONE',  ( -5.800000000000000711, 5.500000000000001776, 1.282157287525380163 ) ) ;
#8148 = CARTESIAN_POINT ( 'NONE',  ( 1.999999999999999112, 4.400000000000001243, 0.7999999999999994893 ) ) ;
#8149 = EDGE_CURVE ( 'NONE', #325, #9730, #788, .T. ) ;
#8150 = LINE ( 'NONE', #9129, #5185 ) ;
#8151 = EDGE_CURVE ( 'NONE', #6802, #8999, #7596, .T. ) ;
#8152 = CARTESIAN_POINT ( 'NONE',  ( 4.249999999999892530, 0.6000000000000000888, 5.000000000000000000 ) ) ;
#8153 = LINE ( 'NONE', #3983, #5962 ) ;
#8154 = VECTOR ( 'NONE', #3970, 1000.000000000000000 ) ;
#8155 = DIRECTION ( 'NONE',  ( 0.000000000000000000, -1.000000000000000000, 0.000000000000000000 ) ) ;
#8156 = ORIENTED_EDGE ( 'NONE', *, *, #10539, .F. ) ;
#8157 = VERTEX_POINT ( 'NONE', #4146 ) ;
#8158 = CARTESIAN_POINT ( 'NONE',  ( 7.000000000000000000, 0.3999999999999996336, 1.399999999999999689 ) ) ;
#8159 = DIRECTION ( 'NONE',  ( 3.097720492815727659E-16, 0.000000000000000000, 1.000000000000000000 ) ) ;
#8160 = AXIS2_PLACEMENT_3D ( 'NONE', #5528, #10422, #4598 ) ;
#8161 = CARTESIAN_POINT ( 'NONE',  ( 0.2499999999998926692, 0.2000000000000000111, 4.999999999999972466 ) ) ;
#8162 = LINE ( 'NONE', #8211, #9682 ) ;
#8163 = VERTEX_POINT ( 'NONE', #1664 ) ;
#8164 = DIRECTION ( 'NONE',  ( 0.7071067811865515695, 0.000000000000000000, 0.7071067811865434649 ) ) ;
#8165 = ORIENTED_EDGE ( 'NONE', *, *, #10009, .F. ) ;
#8166 = CARTESIAN_POINT ( 'NONE',  ( 1.749999999999892308, 0.6000000000000000888, 5.000000000000000000 ) ) ;
#8167 = AXIS2_PLACEMENT_3D ( 'NONE', #4600, #6303, #7012 ) ;
#8168 = LINE ( 'NONE', #1410, #10010 ) ;
#8169 = ORIENTED_EDGE ( 'NONE', *, *, #2212, .T. ) ;
#8170 = DIRECTION ( 'NONE',  ( 0.000000000000000000, 0.000000000000000000, 1.000000000000000000 ) ) ;
#8171 = CARTESIAN_POINT ( 'NONE',  ( -4.250000000000106581, 0.2000000000000000111, 2.399999999999944400 ) ) ;
#8172 = DIRECTION ( 'NONE',  ( -1.000000000000000000, 0.000000000000000000, 0.000000000000000000 ) ) ;
#8173 = FACE_OUTER_BOUND ( 'NONE', #7044, .T. ) ;
#8174 = VECTOR ( 'NONE', #7974, 1000.000000000000000 ) ;
#8175 = EDGE_CURVE ( 'NONE', #4870, #6039, #66, .T. ) ;
#8176 = EDGE_CURVE ( 'NONE', #4093, #1174, #8365, .T. ) ;
#8177 = VERTEX_POINT ( 'NONE', #994 ) ;
#8178 = CARTESIAN_POINT ( 'NONE',  ( 6.305000000000000604, 0.4000000000000000222, 1.099999999999999867 ) ) ;
#8179 = EDGE_CURVE ( 'NONE', #5674, #1556, #6823, .T. ) ;
#8180 = ORIENTED_EDGE ( 'NONE', *, *, #5598, .T. ) ;
#8181 = CARTESIAN_POINT ( 'NONE',  ( -3.750000000000107470, 0.000000000000000000, 2.400000000000000355 ) ) ;
#8182 = FILL_AREA_STYLE ('',( #4063 ) ) ;
#8183 = VERTEX_POINT ( 'NONE', #10183 ) ;
#8184 = LINE ( 'NONE', #10782, #1446 ) ;
#8185 = ORIENTED_EDGE ( 'NONE', *, *, #2096, .F. ) ;
#8186 = DIRECTION ( 'NONE',  ( 0.000000000000000000, 1.000000000000000000, 3.097720492815727166E-16 ) ) ;
#8187 = VERTEX_POINT ( 'NONE', #6012 ) ;
#8188 = EDGE_CURVE ( 'NONE', #8384, #1302, #9192, .T. ) ;
#8189 = VERTEX_POINT ( 'NONE', #10239 ) ;
#8190 = FACE_OUTER_BOUND ( 'NONE', #1730, .T. ) ;
#8191 = AXIS2_PLACEMENT_3D ( 'NONE', #7507, #2406, #4472 ) ;
#8192 = ORIENTED_EDGE ( 'NONE', *, *, #6910, .F. ) ;
#8193 = CARTESIAN_POINT ( 'NONE',  ( -4.790655879422972774, -2.545029625028461638E-16, -4.855025253169416466 ) ) ;
#8194 = DIRECTION ( 'NONE',  ( 0.000000000000000000, 0.000000000000000000, -1.000000000000000000 ) ) ;
#8195 = ORIENTED_EDGE ( 'NONE', *, *, #10768, .T. ) ;
#8196 = EDGE_CURVE ( 'NONE', #10786, #2856, #10854, .T. ) ;
#8197 = ORIENTED_EDGE ( 'NONE', *, *, #3882, .F. ) ;
#8198 = VECTOR ( 'NONE', #9918, 1000.000000000000000 ) ;
#8199 = ORIENTED_EDGE ( 'NONE', *, *, #1262, .T. ) ;
#8200 = CARTESIAN_POINT ( 'NONE',  ( 0.000000000000000000, 2.540808929720139275, -2.300000000000000266 ) ) ;
#8201 = DIRECTION ( 'NONE',  ( -1.000000000000000000, -0.000000000000000000, -0.000000000000000000 ) ) ;
#8202 = CARTESIAN_POINT ( 'NONE',  ( -6.304999999999998828, 1.799999999999999600, 1.399999999999999689 ) ) ;
#8203 = CARTESIAN_POINT ( 'NONE',  ( -6.200000000000001066, 5.400000000000000355, 0.9678427124746188381 ) ) ;
#8204 = CARTESIAN_POINT ( 'NONE',  ( -6.054999999999998828, 8.000000000000000000, -4.750000000000000000 ) ) ;
#8205 = DIRECTION ( 'NONE',  ( -0.000000000000000000, 1.000000000000000000, -0.000000000000000000 ) ) ;
#8206 = ORIENTED_EDGE ( 'NONE', *, *, #3431, .F. ) ;
#8207 = ORIENTED_EDGE ( 'NONE', *, *, #7528, .F. ) ;
#8208 = EDGE_CURVE ( 'NONE', #7085, #8787, #6593, .T. ) ;
#8209 = DIRECTION ( 'NONE',  ( 0.000000000000000000, 0.000000000000000000, 1.000000000000000000 ) ) ;
#8210 = DIRECTION ( 'NONE',  ( -1.000000000000000000, -0.000000000000000000, 0.000000000000000000 ) ) ;
#8211 = CARTESIAN_POINT ( 'NONE',  ( 7.000000000000000000, 2.750000000000001332, -3.200000000000000178 ) ) ;
#8212 = DIRECTION ( 'NONE',  ( -1.000000000000000000, 0.000000000000000000, 0.000000000000000000 ) ) ;
#8213 = ORIENTED_EDGE ( 'NONE', *, *, #9407, .T. ) ;
#8214 = CARTESIAN_POINT ( 'NONE',  ( 3.749999999999892975, 0.6000000000000000888, 2.400000000000000355 ) ) ;
#8215 = PLANE ( 'NONE',  #1552 ) ;
#8216 = EDGE_CURVE ( 'NONE', #4134, #88, #2543, .T. ) ;
#8217 = CARTESIAN_POINT ( 'NONE',  ( 5.800000000000000711, 5.394289321881346133, 0.8207106781186546129 ) ) ;
#8218 = ORIENTED_EDGE ( 'NONE', *, *, #8179, .F. ) ;
#8219 = LINE ( 'NONE', #9939, #1073 ) ;
#8220 = CARTESIAN_POINT ( 'NONE',  ( -6.000000000000000000, 2.259191070279860103, -2.300000000000000266 ) ) ;
#8221 = DIRECTION ( 'NONE',  ( 0.000000000000000000, 0.000000000000000000, -1.000000000000000000 ) ) ;
#8222 = ORIENTED_EDGE ( 'NONE', *, *, #6898, .F. ) ;
#8223 = PLANE ( 'NONE',  #6084 ) ;
#8224 = ORIENTED_EDGE ( 'NONE', *, *, #5760, .F. ) ;
#8225 = CARTESIAN_POINT ( 'NONE',  ( -1.874717526849586147, 2.274717526849586502, -3.031080120897855945 ) ) ;
#8226 = SURFACE_STYLE_USAGE ( .BOTH. , #9059 ) ;
#8227 = CIRCLE ( 'NONE', #4545, 0.07500000000000041356 ) ;
#8228 = DIRECTION ( 'NONE',  ( 0.000000000000000000, 1.548860246407863829E-16, -1.000000000000000000 ) ) ;
#8229 = ADVANCED_FACE ( 'NONE', ( #838 ), #6777, .T. ) ;
#8231 = ORIENTED_EDGE ( 'NONE', *, *, #5420, .F. ) ;
#8230 = VECTOR ( 'NONE', #5196, 1000.000000000000000 ) ;
#8232 = CARTESIAN_POINT ( 'NONE',  ( 7.000000000000000000, 5.499999999999998224, 3.700000000000000178 ) ) ;
#8233 = PLANE ( 'NONE',  #6376 ) ;
#8234 = AXIS2_PLACEMENT_3D ( 'NONE', #3180, #7355, #4776 ) ;
#8235 = ORIENTED_EDGE ( 'NONE', *, *, #7116, .T. ) ;
#8236 = CARTESIAN_POINT ( 'NONE',  ( 6.200000000000001066, 5.500000000000000888, 3.725000000000000533 ) ) ;
#8237 = ORIENTED_EDGE ( 'NONE', *, *, #4362, .F. ) ;
#8238 = AXIS2_PLACEMENT_3D ( 'NONE', #8204, #2165, #4752 ) ;
#8239 = FACE_OUTER_BOUND ( 'NONE', #4688, .T. ) ;
#8240 = DIRECTION ( 'NONE',  ( -0.000000000000000000, -0.7071067811865475727, -0.7071067811865475727 ) ) ;
#8241 = ORIENTED_EDGE ( 'NONE', *, *, #10746, .T. ) ;
#8242 = AXIS2_PLACEMENT_3D ( 'NONE', #1063, #1943, #3762 ) ;
#8243 = EDGE_CURVE ( 'NONE', #2546, #163, #5908, .T. ) ;
#8244 = ORIENTED_EDGE ( 'NONE', *, *, #5911, .F. ) ;
#8245 = EDGE_CURVE ( 'NONE', #3268, #8381, #8867, .T. ) ;
#8246 = EDGE_CURVE ( 'NONE', #5451, #10263, #6730, .T. ) ;
#8247 = ORIENTED_EDGE ( 'NONE', *, *, #6866, .T. ) ;
#8248 = MECHANICAL_DESIGN_GEOMETRIC_PRESENTATION_REPRESENTATION (  '', ( #5625 ), #1403 ) ;
#8249 = CARTESIAN_POINT ( 'NONE',  ( 4.249999999999892530, 0.6000000000000000888, 2.400000000000000355 ) ) ;
#8250 = CARTESIAN_POINT ( 'NONE',  ( 1.496673887931477154, 0.3999999999999996336, 1.399999999999999689 ) ) ;
#8251 = CARTESIAN_POINT ( 'NONE',  ( 5.800000000000000711, 4.864999999999999325, 2.925000000000000266 ) ) ;
#8252 = EDGE_CURVE ( 'NONE', #4021, #6368, #5956, .T. ) ;
#8253 = VECTOR ( 'NONE', #8453, 1000.000000000000000 ) ;
#8254 = DIRECTION ( 'NONE',  ( -0.000000000000000000, -0.000000000000000000, 1.000000000000000000 ) ) ;
#8255 = FACE_OUTER_BOUND ( 'NONE', #7178, .T. ) ;
#8256 = AXIS2_PLACEMENT_3D ( 'NONE', #6203, #5480, #2952 ) ;
#8257 = DIRECTION ( 'NONE',  ( 0.000000000000000000, -0.000000000000000000, -1.000000000000000000 ) ) ;
#8258 = ORIENTED_EDGE ( 'NONE', *, *, #7843, .T. ) ;
#8259 = AXIS2_PLACEMENT_3D ( 'NONE', #6749, #10830, #915 ) ;
#8260 = ADVANCED_FACE ( 'NONE', ( #1765 ), #6675, .F. ) ;
#8261 = ORIENTED_EDGE ( 'NONE', *, *, #2769, .T. ) ;
#8262 = CARTESIAN_POINT ( 'NONE',  ( 4.764267565201872223, 0.7499999999999996669, -5.000000000000000000 ) ) ;
#8263 = CARTESIAN_POINT ( 'NONE',  ( 3.099999999999999645, 3.699999999999999734, -3.049999999999997602 ) ) ;
#8264 = CYLINDRICAL_SURFACE ( 'NONE', #7564, 0.09999999999999982514 ) ;
#8265 = VECTOR ( 'NONE', #2535, 1000.000000000000000 ) ;
#8266 = EDGE_CURVE ( 'NONE', #7792, #10177, #1209, .T. ) ;
#8267 = CARTESIAN_POINT ( 'NONE',  ( -4.772308208846847144, 0.1737340227467782938, -4.955825511739106126 ) ) ;
#8268 = EDGE_LOOP ( 'NONE', ( #4822, #3685, #8912, #8122 ) ) ;
#8269 = LINE ( 'NONE', #4101, #6849 ) ;
#8270 = VECTOR ( 'NONE', #3821, 1000.000000000000114 ) ;
#8271 = FACE_OUTER_BOUND ( 'NONE', #2620, .T. ) ;
#8272 = AXIS2_PLACEMENT_3D ( 'NONE', #2209, #7376, #6560 ) ;
#8273 = DIRECTION ( 'NONE',  ( -1.000000000000000000, 0.000000000000000000, 0.000000000000000000 ) ) ;
#8274 = ORIENTED_EDGE ( 'NONE', *, *, #5062, .F. ) ;
#8275 = CARTESIAN_POINT ( 'NONE',  ( 4.600258586953228424, 0.7601679930917950578, -4.989832006908204498 ) ) ;
#8276 = CARTESIAN_POINT ( 'NONE',  ( -4.537690618442708157, 8.000000000000000000, -4.855654565435175485 ) ) ;
#8277 = CARTESIAN_POINT ( 'NONE',  ( 7.000000000000000000, 0.2000000000000000111, 2.149999999999999911 ) ) ;
#8278 = VECTOR ( 'NONE', #6825, 1000.000000000000000 ) ;
#8279 = VECTOR ( 'NONE', #185, 1000.000000000000000 ) ;
#8280 = ORIENTED_EDGE ( 'NONE', *, *, #7699, .T. ) ;
#8281 = LINE ( 'NONE', #4163, #6781 ) ;
#8282 = EDGE_CURVE ( 'NONE', #2396, #3132, #7695, .T. ) ;
#8283 = ORIENTED_EDGE ( 'NONE', *, *, #8022, .T. ) ;
#8284 =( NAMED_UNIT ( * ) SI_UNIT ( $, .STERADIAN. ) SOLID_ANGLE_UNIT ( ) );
#8285 = VECTOR ( 'NONE', #137, 1000.000000000000000 ) ;
#8286 = PLANE ( 'NONE',  #5124 ) ;
#8287 = VECTOR ( 'NONE', #581, 1000.000000000000000 ) ;
#8288 = VERTEX_POINT ( 'NONE', #3531 ) ;
#8289 = SURFACE_STYLE_FILL_AREA ( #4792 ) ;
#8290 = LINE ( 'NONE', #6649, #6343 ) ;
#8291 = EDGE_CURVE ( 'NONE', #10777, #9441, #3474, .T. ) ;
#8292 = EDGE_LOOP ( 'NONE', ( #4768, #2885, #8391, #4454 ) ) ;
#8293 = LINE ( 'NONE', #5987, #4864 ) ;
#8294 = VECTOR ( 'NONE', #1526, 1000.000000000000000 ) ;
#8295 = ORIENTED_EDGE ( 'NONE', *, *, #5784, .T. ) ;
#8296 = PLANE ( 'NONE',  #782 ) ;
#8297 = LINE ( 'NONE', #8345, #4596 ) ;
#8298 = ORIENTED_EDGE ( 'NONE', *, *, #4125, .F. ) ;
#8299 = EDGE_LOOP ( 'NONE', ( #1849, #8818, #6049, #4783 ) ) ;
#8300 = VECTOR ( 'NONE', #4342, 1000.000000000000000 ) ;
#8301 = CARTESIAN_POINT ( 'NONE',  ( 4.250000000000000000, 2.649999999999999911, 0.7999999999999994893 ) ) ;
#8302 = DIRECTION ( 'NONE',  ( -1.000000000000000000, 0.000000000000000000, 0.000000000000000000 ) ) ;
#8303 = CARTESIAN_POINT ( 'NONE',  ( -6.304999999999998828, 2.350000000000000089, -4.500000000000000888 ) ) ;
#8304 = DIRECTION ( 'NONE',  ( 0.000000000000000000, 1.000000000000000000, -0.000000000000000000 ) ) ;
#8305 = EDGE_CURVE ( 'NONE', #6422, #5709, #3493, .T. ) ;
#8306 = LINE ( 'NONE', #3215, #10307 ) ;
#8307 = EDGE_CURVE ( 'NONE', #10041, #926, #1893, .T. ) ;
#8308 = CARTESIAN_POINT ( 'NONE',  ( 5.800000000000000711, 5.394289321881344357, 0.6792893218813451650 ) ) ;
#8309 = ADVANCED_FACE ( 'NONE', ( #10150 ), #5874, .F. ) ;
#8310 = CARTESIAN_POINT ( 'NONE',  ( -6.054999999999998828, 0.000000000000000000, -5.000000000000000000 ) ) ;
#8311 = ORIENTED_EDGE ( 'NONE', *, *, #899, .T. ) ;
#8312 = ORIENTED_EDGE ( 'NONE', *, *, #797, .F. ) ;
#8313 = DIRECTION ( 'NONE',  ( -3.097404447261387512E-16, -0.3713906763541029443, 0.9284766908852596368 ) ) ;
#8314 = DIRECTION ( 'NONE',  ( 0.000000000000000000, -1.000000000000000000, -9.856383386231857595E-17 ) ) ;
#8315 = CARTESIAN_POINT ( 'NONE',  ( -5.004999999999999893, 4.400000000000000355, 2.250000000000000444 ) ) ;
#8316 = DIRECTION ( 'NONE',  ( 0.000000000000000000, -1.000000000000000000, -9.856383386231857595E-17 ) ) ;
#8317 = VERTEX_POINT ( 'NONE', #10255 ) ;
#8318 = PLANE ( 'NONE',  #4053 ) ;
#8319 = CARTESIAN_POINT ( 'NONE',  ( 5.900000000000000355, 0.4000000000000000222, -1.700000000000000178 ) ) ;
#8320 = EDGE_CURVE ( 'NONE', #2286, #7015, #908, .T. ) ;
#8321 = VECTOR ( 'NONE', #2468, 1000.000000000000000 ) ;
#8322 = DIRECTION ( 'NONE',  ( -0.000000000000000000, 0.3713906763541029443, -0.9284766908852596368 ) ) ;
#8323 = EDGE_LOOP ( 'NONE', ( #8052, #6558, #4155, #7104 ) ) ;
#8324 = DIRECTION ( 'NONE',  ( 0.000000000000000000, 0.000000000000000000, -1.000000000000000000 ) ) ;
#8325 = CARTESIAN_POINT ( 'NONE',  ( 6.200000000000001066, 3.400000000000000355, 1.999999999999999556 ) ) ;
#8326 = FACE_OUTER_BOUND ( 'NONE', #4991, .T. ) ;
#8327 = VERTEX_POINT ( 'NONE', #4270 ) ;
#8328 = LINE ( 'NONE', #9156, #5035 ) ;
#8329 = VECTOR ( 'NONE', #13, 1000.000000000000000 ) ;
#8330 = VERTEX_POINT ( 'NONE', #4211 ) ;
#8331 = CARTESIAN_POINT ( 'NONE',  ( 2.249999999999892530, 0.2000000000000000111, 5.000000000000000888 ) ) ;
#8332 = CARTESIAN_POINT ( 'NONE',  ( 6.305000000000000604, 1.800000000000000044, -1.700000000000000178 ) ) ;
#8333 = VERTEX_POINT ( 'NONE', #7557 ) ;
#8334 = CARTESIAN_POINT ( 'NONE',  ( 5.900000000000000355, 0.4000000000000000222, -1.700000000000000178 ) ) ;
#8335 = EDGE_CURVE ( 'NONE', #6590, #4834, #4376, .T. ) ;
#8336 = VECTOR ( 'NONE', #8429, 1000.000000000000000 ) ;
#8337 = EDGE_CURVE ( 'NONE', #150, #9495, #33, .T. ) ;
#8338 = CARTESIAN_POINT ( 'NONE',  ( 6.305000000000000604, 1.799999999999999600, 1.399999999999999689 ) ) ;
#8339 = VERTEX_POINT ( 'NONE', #5251 ) ;
#8340 = CARTESIAN_POINT ( 'NONE',  ( 7.000000000000000000, 5.700000000000000178, 3.499999999999997780 ) ) ;
#8341 = ORIENTED_EDGE ( 'NONE', *, *, #1344, .T. ) ;
#8342 = LINE ( 'NONE', #3400, #8321 ) ;
#8343 = VECTOR ( 'NONE', #9951, 1000.000000000000000 ) ;
#8344 = AXIS2_PLACEMENT_3D ( 'NONE', #10017, #7634, #9288 ) ;
#8345 = CARTESIAN_POINT ( 'NONE',  ( -3.750000000000106581, 1.300000000000000266, 3.899999999999999911 ) ) ;
#8346 = VERTEX_POINT ( 'NONE', #8540 ) ;
#8347 = ORIENTED_EDGE ( 'NONE', *, *, #10815, .F. ) ;
#8348 = LINE ( 'NONE', #6712, #5092 ) ;
#8349 = LINE ( 'NONE', #875, #3565 ) ;
#8350 = LINE ( 'NONE', #10072, #10559 ) ;
#8351 = AXIS2_PLACEMENT_3D ( 'NONE', #1703, #106, #8460 ) ;
#8352 = LINE ( 'NONE', #5114, #7080 ) ;
#8353 = DIRECTION ( 'NONE',  ( 1.000000000000000000, -0.000000000000000000, -0.000000000000000000 ) ) ;
#8354 = ORIENTED_EDGE ( 'NONE', *, *, #7393, .T. ) ;
#8355 = CARTESIAN_POINT ( 'NONE',  ( -4.250000000000106581, 0.6000000000000000888, 2.400000000000000355 ) ) ;
#8356 = FACE_OUTER_BOUND ( 'NONE', #2568, .T. ) ;
#8357 = EDGE_CURVE ( 'NONE', #2693, #885, #9211, .T. ) ;
#8358 = CARTESIAN_POINT ( 'NONE',  ( -1.750000000000107470, 0.000000000000000000, 5.000000000000000000 ) ) ;
#8359 = ORIENTED_EDGE ( 'NONE', *, *, #1120, .T. ) ;
#8360 = VECTOR ( 'NONE', #10322, 1000.000000000000114 ) ;
#8361 = ORIENTED_EDGE ( 'NONE', *, *, #8859, .T. ) ;
#8362 = EDGE_CURVE ( 'NONE', #10223, #6912, #4323, .T. ) ;
#8363 = EDGE_CURVE ( 'NONE', #7996, #9085, #9261, .T. ) ;
#8364 = LINE ( 'NONE', #2586, #4968 ) ;
#8365 = LINE ( 'NONE', #2587, #6934 ) ;
#8366 = DIRECTION ( 'NONE',  ( 0.000000000000000000, 0.000000000000000000, 1.000000000000000000 ) ) ;
#8367 = CARTESIAN_POINT ( 'NONE',  ( -4.333333333333329485, 3.633333333333328863, 0.1666666666666934138 ) ) ;
#8368 = VECTOR ( 'NONE', #3415, 1000.000000000000000 ) ;
#8369 = CARTESIAN_POINT ( 'NONE',  ( 7.000000000000000000, 5.700000000000000178, 3.700000000000000178 ) ) ;
#8370 = VERTEX_POINT ( 'NONE', #189 ) ;
#8371 = DIRECTION ( 'NONE',  ( -0.000000000000000000, -0.7071067811865475727, -0.7071067811865475727 ) ) ;
#8372 = CARTESIAN_POINT ( 'NONE',  ( -5.349999999999999645, 0.7499999999999996669, -5.000000000000000000 ) ) ;
#8373 = ORIENTED_EDGE ( 'NONE', *, *, #9208, .F. ) ;
#8374 = CARTESIAN_POINT ( 'NONE',  ( 6.055000000000000604, 0.6500000000000020206, -5.000000000000000000 ) ) ;
#8375 = ORIENTED_EDGE ( 'NONE', *, *, #7075, .F. ) ;
#8376 = EDGE_CURVE ( 'NONE', #3458, #9599, #6795, .T. ) ;
#8377 = DIRECTION ( 'NONE',  ( -0.000000000000000000, 1.000000000000000000, 0.000000000000000000 ) ) ;
#8378 = EDGE_CURVE ( 'NONE', #8004, #513, #7716, .T. ) ;
#8379 = LINE ( 'NONE', #1008, #728 ) ;
#8380 = CARTESIAN_POINT ( 'NONE',  ( 1.749999999999892308, 1.300000000000000266, 3.899999999999999911 ) ) ;
#8381 = VERTEX_POINT ( 'NONE', #7662 ) ;
#8382 = DIRECTION ( 'NONE',  ( -6.195440985631441512E-16, -1.000000000000000000, 0.000000000000000000 ) ) ;
#8383 = ADVANCED_FACE ( 'NONE', ( #6081 ), #133, .F. ) ;
#8384 = VERTEX_POINT ( 'NONE', #5476 ) ;
#8385 = CARTESIAN_POINT ( 'NONE',  ( 6.304999999999999716, 4.050000000000000711, -3.000000000000000000 ) ) ;
#8386 = CARTESIAN_POINT ( 'NONE',  ( 5.800000000000000711, 5.394289321881346133, 1.429289321881345387 ) ) ;
#8387 = ORIENTED_EDGE ( 'NONE', *, *, #4145, .F. ) ;
#8388 = CARTESIAN_POINT ( 'NONE',  ( 7.000000000000000000, 0.6000000000000000888, 3.899999999999999911 ) ) ;
#8389 = CARTESIAN_POINT ( 'NONE',  ( -6.200000000000001066, 5.400000000000001243, 1.717842712474618283 ) ) ;
#8390 = VECTOR ( 'NONE', #7142, 1000.000000000000000 ) ;
#8391 = ORIENTED_EDGE ( 'NONE', *, *, #1848, .F. ) ;
#8392 = DIRECTION ( 'NONE',  ( 0.000000000000000000, 0.000000000000000000, 1.000000000000000000 ) ) ;
#8393 = EDGE_LOOP ( 'NONE', ( #1226, #9353, #5648, #3516 ) ) ;
#8394 = DIRECTION ( 'NONE',  ( 0.000000000000000000, -1.000000000000000000, -1.591489427501657896E-16 ) ) ;
#8395 = EDGE_CURVE ( 'NONE', #4447, #4112, #6958, .T. ) ;
#8396 = VECTOR ( 'NONE', #4602, 1000.000000000000000 ) ;
#8397 = DIRECTION ( 'NONE',  ( 1.000000000000000000, -8.627481473925044946E-32, 5.421010862427521184E-16 ) ) ;
#8398 = ORIENTED_EDGE ( 'NONE', *, *, #10138, .T. ) ;
#8399 = VERTEX_POINT ( 'NONE', #4541 ) ;
#8400 = LINE ( 'NONE', #8557, #4934 ) ;
#8401 = MECHANICAL_DESIGN_GEOMETRIC_PRESENTATION_REPRESENTATION (  '', ( #4733 ), #10704 ) ;
#8402 = FACE_OUTER_BOUND ( 'NONE', #10056, .T. ) ;
#8403 = DIRECTION ( 'NONE',  ( -0.000000000000000000, 1.000000000000000000, 0.000000000000000000 ) ) ;
#8404 = PLANE ( 'NONE',  #7592 ) ;
#8405 = ADVANCED_FACE ( 'NONE', ( #9712 ), #8828, .F. ) ;
#8406 = AXIS2_PLACEMENT_3D ( 'NONE', #3621, #7842, #5266 ) ;
#8407 = LINE ( 'NONE', #5169, #1516 ) ;
#8408 = ORIENTED_EDGE ( 'NONE', *, *, #6824, .F. ) ;
#8409 = LINE ( 'NONE', #4243, #3291 ) ;
#8410 = EDGE_CURVE ( 'NONE', #7835, #5887, #9546, .T. ) ;
#8411 = VECTOR ( 'NONE', #9774, 1000.000000000000000 ) ;
#8412 = DIRECTION ( 'NONE',  ( -0.000000000000000000, -0.000000000000000000, -1.000000000000000000 ) ) ;
#8413 = ORIENTED_EDGE ( 'NONE', *, *, #6209, .T. ) ;
#8414 = VECTOR ( 'NONE', #5146, 1000.000000000000000 ) ;
#8415 = ORIENTED_EDGE ( 'NONE', *, *, #5217, .F. ) ;
#8416 = CARTESIAN_POINT ( 'NONE',  ( -0.2500000000001078027, -0.7241379310344808751, 4.710344827586208538 ) ) ;
#8417 = VECTOR ( 'NONE', #5305, 1000.000000000000000 ) ;
#8418 = CARTESIAN_POINT ( 'NONE',  ( -0.2500000000001078027, 0.6000000000000000888, 4.999999999999972466 ) ) ;
#8419 = DIRECTION ( 'NONE',  ( -1.000000000000000000, 0.000000000000000000, -0.000000000000000000 ) ) ;
#8420 = LINE ( 'NONE', #2545, #8047 ) ;
#8421 = ORIENTED_EDGE ( 'NONE', *, *, #5706, .T. ) ;
#8422 = PLANE ( 'NONE',  #10549 ) ;
#8423 = CARTESIAN_POINT ( 'NONE',  ( 4.764267565201872223, 0.3499999999999994782, -5.000000000000000888 ) ) ;
#8424 = EDGE_LOOP ( 'NONE', ( #2752, #8758, #1249, #7520 ) ) ;
#8425 = DIRECTION ( 'NONE',  ( -0.000000000000000000, 1.000000000000000000, 0.000000000000000000 ) ) ;
#8427 = ORIENTED_EDGE ( 'NONE', *, *, #5645, .T. ) ;
#8426 = VECTOR ( 'NONE', #6466, 1000.000000000000000 ) ;
#8428 = FACE_OUTER_BOUND ( 'NONE', #1309, .T. ) ;
#8429 = DIRECTION ( 'NONE',  ( 0.000000000000000000, 1.224646799147353454E-16, -1.000000000000000000 ) ) ;
#8430 = EDGE_LOOP ( 'NONE', ( #9137, #1687, #2750, #4123, #3289, #3350, #7868, #10504 ) ) ;
#8431 = CARTESIAN_POINT ( 'NONE',  ( 3.850000000000000089, 5.699999999999999289, 2.250000000000000000 ) ) ;
#8432 = AXIS2_PLACEMENT_3D ( 'NONE', #2403, #3181, #7303 ) ;
#8433 = EDGE_CURVE ( 'NONE', #881, #10343, #1293, .T. ) ;
#8434 = EDGE_LOOP ( 'NONE', ( #2574, #416, #356, #10566 ) ) ;
#8435 = VECTOR ( 'NONE', #4687, 1000.000000000000000 ) ;
#8436 = DIRECTION ( 'NONE',  ( 0.000000000000000000, -1.000000000000000000, 0.000000000000000000 ) ) ;
#8437 = ADVANCED_FACE ( 'NONE', ( #7881 ), #7076, .F. ) ;
#8438 = EDGE_CURVE ( 'NONE', #9990, #3848, #2014, .T. ) ;
#8439 = DIRECTION ( 'NONE',  ( -1.000000000000000000, -0.000000000000000000, -0.000000000000000000 ) ) ;
#8440 = EDGE_LOOP ( 'NONE', ( #2687, #1739, #10622, #8222 ) ) ;
#8441 = AXIS2_PLACEMENT_3D ( 'NONE', #5529, #1948, #2061 ) ;
#8442 = CARTESIAN_POINT ( 'NONE',  ( 4.026055542458626846, 0.000000000000000000, -4.350000000000002309 ) ) ;
#8443 = AXIS2_PLACEMENT_3D ( 'NONE', #1889, #4370, #2601 ) ;
#8444 = VERTEX_POINT ( 'NONE', #10426 ) ;
#8445 = CARTESIAN_POINT ( 'NONE',  ( 6.055000000000000604, 0.6500000000000020206, -4.749999999999998224 ) ) ;
#8446 = ORIENTED_EDGE ( 'NONE', *, *, #2694, .F. ) ;
#8447 = CARTESIAN_POINT ( 'NONE',  ( 7.000000000000000000, 0.4000000000000000222, -3.600000000000000089 ) ) ;
#8448 = AXIS2_PLACEMENT_3D ( 'NONE', #1201, #375, #3737 ) ;
#8449 = AXIS2_PLACEMENT_3D ( 'NONE', #1817, #2540, #993 ) ;
#8450 = DIRECTION ( 'NONE',  ( 0.000000000000000000, 0.000000000000000000, -1.000000000000000000 ) ) ;
#8451 = ORIENTED_EDGE ( 'NONE', *, *, #5153, .F. ) ;
#8452 = ORIENTED_EDGE ( 'NONE', *, *, #5563, .T. ) ;
#8453 = DIRECTION ( 'NONE',  ( -1.000000000000000000, -0.000000000000000000, -0.000000000000000000 ) ) ;
#8454 = EDGE_CURVE ( 'NONE', #9678, #4870, #3666, .T. ) ;
#8455 = DIRECTION ( 'NONE',  ( 0.000000000000000000, 0.000000000000000000, 1.000000000000000000 ) ) ;
#8456 = FACE_OUTER_BOUND ( 'NONE', #6907, .T. ) ;
#8457 = EDGE_CURVE ( 'NONE', #115, #4232, #2898, .T. ) ;
#8458 = AXIS2_PLACEMENT_3D ( 'NONE', #3641, #3589, #4637 ) ;
#8459 = DIRECTION ( 'NONE',  ( 1.000000000000000000, -0.000000000000000000, -8.673617379883975321E-16 ) ) ;
#8460 = DIRECTION ( 'NONE',  ( -3.336006684570783101E-16, 0.000000000000000000, 1.000000000000000000 ) ) ;
#8461 = EDGE_CURVE ( 'NONE', #9143, #1985, #688, .T. ) ;
#8462 = ORIENTED_EDGE ( 'NONE', *, *, #2884, .F. ) ;
#8463 = DIRECTION ( 'NONE',  ( 0.000000000000000000, 1.000000000000000000, 0.000000000000000000 ) ) ;
#8464 = CARTESIAN_POINT ( 'NONE',  ( 6.200000000000001066, 5.325000000000001954, 3.899999999999999911 ) ) ;
#8465 = VERTEX_POINT ( 'NONE', #10312 ) ;
#8466 = CIRCLE ( 'NONE', #10061, 0.2500000000000019429 ) ;
#8467 = VERTEX_POINT ( 'NONE', #5416 ) ;
#8468 = DIRECTION ( 'NONE',  ( 0.000000000000000000, 0.000000000000000000, 1.000000000000000000 ) ) ;
#8469 = ADVANCED_FACE ( 'NONE', ( #8767 ), #4489, .F. ) ;
#8470 = EDGE_CURVE ( 'NONE', #51, #4134, #7179, .T. ) ;
#8471 = DIRECTION ( 'NONE',  ( 0.000000000000000000, 0.000000000000000000, -1.000000000000000000 ) ) ;
#8472 = CYLINDRICAL_SURFACE ( 'NONE', #4609, 0.07499999999999998335 ) ;
#8473 = DIRECTION ( 'NONE',  ( 1.000000000000000000, -0.000000000000000000, -0.000000000000000000 ) ) ;
#8474 = ORIENTED_EDGE ( 'NONE', *, *, #1652, .F. ) ;
#8475 = FACE_OUTER_BOUND ( 'NONE', #1113, .T. ) ;
#8476 = DIRECTION ( 'NONE',  ( -1.000000000000000000, -0.000000000000000000, -0.000000000000000000 ) ) ;
#8477 = VERTEX_POINT ( 'NONE', #1952 ) ;
#8478 = LINE ( 'NONE', #953, #5261 ) ;
#8479 = VERTEX_POINT ( 'NONE', #8881 ) ;
#8480 = DIRECTION ( 'NONE',  ( -1.000000000000000000, 0.000000000000000000, 0.000000000000000000 ) ) ;
#8481 = LINE ( 'NONE', #81, #6865 ) ;
#8482 = CARTESIAN_POINT ( 'NONE',  ( -1.750000000000107470, 0.6000000000000000888, 5.000000000000000000 ) ) ;
#8483 = ORIENTED_EDGE ( 'NONE', *, *, #454, .T. ) ;
#8484 = DIRECTION ( 'NONE',  ( 1.000000000000000000, -0.000000000000000000, -0.000000000000000000 ) ) ;
#8485 = ORIENTED_EDGE ( 'NONE', *, *, #7513, .T. ) ;
#8486 = LINE ( 'NONE', #86, #8414 ) ;
#8487 = VECTOR ( 'NONE', #6321, 1000.000000000000000 ) ;
#8488 = DIRECTION ( 'NONE',  ( -0.000000000000000000, -0.7071067811865385799, 0.7071067811865565655 ) ) ;
#8489 = EDGE_LOOP ( 'NONE', ( #7143, #6766, #7640, #3197, #607, #6685 ) ) ;
#8490 = PLANE ( 'NONE',  #1903 ) ;
#8491 = LINE ( 'NONE', #10109, #4251 ) ;
#8492 = EDGE_CURVE ( 'NONE', #94, #893, #3770, .T. ) ;
#8493 = EDGE_CURVE ( 'NONE', #7269, #3959, #5315, .T. ) ;
#8494 = VECTOR ( 'NONE', #5698, 1000.000000000000000 ) ;
#8495 = ORIENTED_EDGE ( 'NONE', *, *, #1139, .T. ) ;
#8496 = CARTESIAN_POINT ( 'NONE',  ( 6.200000000000001066, 4.939999999999999503, 2.124999999999999556 ) ) ;
#8497 = ORIENTED_EDGE ( 'NONE', *, *, #7264, .T. ) ;
#8498 = DIRECTION ( 'NONE',  ( 0.000000000000000000, 0.000000000000000000, 1.000000000000000000 ) ) ;
#8499 = LINE ( 'NONE', #1747, #3714 ) ;
#8500 = ORIENTED_EDGE ( 'NONE', *, *, #311, .F. ) ;
#8501 = AXIS2_PLACEMENT_3D ( 'NONE', #3655, #9767, #2232 ) ;
#8502 = ORIENTED_EDGE ( 'NONE', *, *, #3892, .F. ) ;
#8503 = CARTESIAN_POINT ( 'NONE',  ( -4.200000000000000178, 4.800000000000000711, -3.049999999999997602 ) ) ;
#8504 = DIRECTION ( 'NONE',  ( 0.000000000000000000, -1.224646799147353454E-16, 1.000000000000000000 ) ) ;
#8505 = EDGE_CURVE ( 'NONE', #856, #4514, #246, .T. ) ;
#8506 = LINE ( 'NONE', #4080, #1062 ) ;
#8507 = EDGE_CURVE ( 'NONE', #7576, #3458, #10534, .T. ) ;
#8508 = ORIENTED_EDGE ( 'NONE', *, *, #6755, .F. ) ;
#8509 = CARTESIAN_POINT ( 'NONE',  ( -5.800000000000000711, 5.500000000000001776, 3.075000000000001066 ) ) ;
#8510 = LINE ( 'NONE', #8563, #4498 ) ;
#8511 = AXIS2_PLACEMENT_3D ( 'NONE', #4749, #8977, #569 ) ;
#8512 = ORIENTED_EDGE ( 'NONE', *, *, #10104, .T. ) ;
#8513 = FACE_OUTER_BOUND ( 'NONE', #5122, .T. ) ;
#8514 =( BOUNDED_SURFACE ( )  B_SPLINE_SURFACE ( 3, 2, ( 
 ( #8423, #5964, #7602 ),
 ( #6021, #2655, #5079 ),
 ( #1885, #2596, #4260 ),
 ( #9253, #6072, #6834 ),
 ( #9418, #124, #8586 ),
 ( #6125, #6896, #1718 ),
 ( #4201, #5186, #1059 ),
 ( #7764, #9307, #6785 ) ),
 .UNSPECIFIED., .F., .F., .F. ) 
 B_SPLINE_SURFACE_WITH_KNOTS ( ( 4, 2, 2, 4 ),
 ( 3, 3 ),
 ( 6.283185307179586232, 6.675884388878310816, 7.068583470577034511, 7.853981633974482790 ),
 ( 0.000000000000000000, 1.000000000000000000 ),
 .UNSPECIFIED. ) 
 GEOMETRIC_REPRESENTATION_ITEM ( )  RATIONAL_B_SPLINE_SURFACE ( (
 ( 1.000000000000000000, 0.8433914458128862757, 1.000000000000000000),
 ( 1.000000000000000000, 0.8432077061362268644, 1.000000000000000000),
 ( 1.000000000000000000, 0.8527042424937981702, 1.000000000000000000),
 ( 1.000000000000000000, 0.8834834545263929861, 1.000000000000000000),
 ( 1.000000000000000000, 0.9045906601078530507, 1.000000000000000000),
 ( 1.000000000000000000, 0.9658666233190659201, 1.000000000000000000),
 ( 1.000000000000000000, 1.001620268760460508, 1.000000000000000000),
 ( 1.000000000000000000, 1.000000000000000000, 1.000000000000000000) ) ) 
 REPRESENTATION_ITEM ( '' )  SURFACE ( )  );
#8515 = EDGE_CURVE ( 'NONE', #2581, #7212, #10369, .T. ) ;
#8516 = DIRECTION ( 'NONE',  ( 1.000000000000000000, 0.000000000000000000, 0.000000000000000000 ) ) ;
#8517 = ORIENTED_EDGE ( 'NONE', *, *, #10545, .F. ) ;
#8518 = ORIENTED_EDGE ( 'NONE', *, *, #6177, .F. ) ;
#8519 = VECTOR ( 'NONE', #5223, 1000.000000000000000 ) ;
#8520 = LINE ( 'NONE', #1662, #6550 ) ;
#8521 = DIRECTION ( 'NONE',  ( 1.000000000000000000, 0.000000000000000000, 0.000000000000000000 ) ) ;
#8522 = PLANE ( 'NONE',  #4247 ) ;
#8523 = LINE ( 'NONE', #1768, #10459 ) ;
#8524 = CYLINDRICAL_SURFACE ( 'NONE', #983, 0.07500000000000041356 ) ;
#8525 = FACE_OUTER_BOUND ( 'NONE', #5055, .T. ) ;
#8526 = VECTOR ( 'NONE', #5573, 1000.000000000000000 ) ;
#8527 = ORIENTED_EDGE ( 'NONE', *, *, #61, .T. ) ;
#8528 = CARTESIAN_POINT ( 'NONE',  ( -4.604999999999998650, 0.3499999999999996447, -5.000000000000003553 ) ) ;
#8529 = ADVANCED_FACE ( 'NONE', ( #8106 ), #6579, .F. ) ;
#8530 = ADVANCED_FACE ( 'NONE', ( #528 ), #2393, .T. ) ;
#8531 = CYLINDRICAL_SURFACE ( 'NONE', #9443, 0.07500000000000041356 ) ;
#8532 = EDGE_LOOP ( 'NONE', ( #6628, #9187, #599, #5588, #8311, #6734 ) ) ;
#8533 = CARTESIAN_POINT ( 'NONE',  ( 6.200000000000001066, 5.470710678118656745, 0.6028679656440332213 ) ) ;
#8534 = VERTEX_POINT ( 'NONE', #3878 ) ;
#8535 = DIRECTION ( 'NONE',  ( 0.000000000000000000, 0.000000000000000000, 1.000000000000000000 ) ) ;
#8536 = VECTOR ( 'NONE', #10019, 1000.000000000000000 ) ;
#8537 = DIRECTION ( 'NONE',  ( -1.000000000000000000, -0.000000000000000000, -0.000000000000000000 ) ) ;
#8538 = CARTESIAN_POINT ( 'NONE',  ( 7.000000000000000000, 3.850000000000000533, -3.200000000000000178 ) ) ;
#8539 = EDGE_LOOP ( 'NONE', ( #6162, #280, #3380, #2679 ) ) ;
#8540 = CARTESIAN_POINT ( 'NONE',  ( 0.2499999999998926692, 0.000000000000000000, 4.800000000000000711 ) ) ;
#8541 = ORIENTED_EDGE ( 'NONE', *, *, #7276, .T. ) ;
#8542 = CARTESIAN_POINT ( 'NONE',  ( -2.999999999999998668, 0.9000000000000005773, -3.599999999999999645 ) ) ;
#8543 = LINE ( 'NONE', #7666, #10405 ) ;
#8544 = ORIENTED_EDGE ( 'NONE', *, *, #5898, .F. ) ;
#8545 = FILL_AREA_STYLE_COLOUR ( '', #2602 ) ;
#8546 = DIRECTION ( 'NONE',  ( -1.000000000000000000, 0.000000000000000000, 0.000000000000000000 ) ) ;
#8547 = ORIENTED_EDGE ( 'NONE', *, *, #3236, .T. ) ;
#8548 = LINE ( 'NONE', #6262, #7322 ) ;
#8549 = VERTEX_POINT ( 'NONE', #4767 ) ;
#8550 = DIRECTION ( 'NONE',  ( 1.000000000000000000, -0.000000000000000000, -0.000000000000000000 ) ) ;
#8551 = FACE_OUTER_BOUND ( 'NONE', #7949, .T. ) ;
#8552 = EDGE_CURVE ( 'NONE', #5107, #7214, #5755, .T. ) ;
#8553 = CARTESIAN_POINT ( 'NONE',  ( -5.899999999999998579, 4.629138561470611535, 1.099999999999999645 ) ) ;
#8554 = EDGE_LOOP ( 'NONE', ( #1798, #8691, #6936, #2479 ) ) ;
#8556 = ORIENTED_EDGE ( 'NONE', *, *, #933, .F. ) ;
#8555 =( GEOMETRIC_REPRESENTATION_CONTEXT ( 3 ) GLOBAL_UNCERTAINTY_ASSIGNED_CONTEXT ( ( #489 ) ) GLOBAL_UNIT_ASSIGNED_CONTEXT ( ( #10471, #2110, #5352 ) ) REPRESENTATION_CONTEXT ( 'NONE', 'WORKASPACE' ) );
#8557 = CARTESIAN_POINT ( 'NONE',  ( -6.200000000000001066, 2.400000000000001243, -1.699999999999999734 ) ) ;
#8558 = CARTESIAN_POINT ( 'NONE',  ( 7.000000000000000000, 4.700000000000000178, 0.1000000000000000472 ) ) ;
#8559 = PLANE ( 'NONE',  #3881 ) ;
#8560 = ORIENTED_EDGE ( 'NONE', *, *, #3147, .F. ) ;
#8561 = DIRECTION ( 'NONE',  ( -1.000000000000000000, -0.000000000000000000, -0.000000000000000000 ) ) ;
#8562 = ORIENTED_EDGE ( 'NONE', *, *, #10025, .T. ) ;
#8563 = CARTESIAN_POINT ( 'NONE',  ( -5.800000000000002487, 2.400000000000001243, -1.699999999999998179 ) ) ;
#8564 = ORIENTED_EDGE ( 'NONE', *, *, #1737, .F. ) ;
#8565 = VECTOR ( 'NONE', #4435, 1000.000000000000000 ) ;
#8566 = LINE ( 'NONE', #1041, #7328 ) ;
#8567 = EDGE_CURVE ( 'NONE', #10603, #429, #4047, .T. ) ;
#8568 = CARTESIAN_POINT ( 'NONE',  ( 4.250000000000000000, 2.149999999999999467, 0.7999999999999994893 ) ) ;
#8569 = ADVANCED_FACE ( 'NONE', ( #10652 ), #745, .T. ) ;
#8570 = VERTEX_POINT ( 'NONE', #1465 ) ;
#8571 = EDGE_CURVE ( 'NONE', #9846, #2990, #5649, .T. ) ;
#8572 = PRESENTATION_LAYER_ASSIGNMENT (  '', '', ( #6498 ) ) ;
#8573 = ORIENTED_EDGE ( 'NONE', *, *, #308, .F. ) ;
#8574 = VECTOR ( 'NONE', #8921, 1000.000000000000000 ) ;
#8575 = CARTESIAN_POINT ( 'NONE',  ( -2.140808929720139364, 2.259191070279860103, -2.300000000000000266 ) ) ;
#8576 = ADVANCED_FACE ( 'NONE', ( #8996 ), #5872, .T. ) ;
#8577 = LINE ( 'NONE', #7755, #9523 ) ;
#8578 = DIRECTION ( 'NONE',  ( 0.000000000000000000, 1.000000000000000000, 2.168404344971008868E-16 ) ) ;
#8579 = VECTOR ( 'NONE', #3661, 1000.000000000000000 ) ;
#8580 = DIRECTION ( 'NONE',  ( 0.000000000000000000, 0.000000000000000000, 1.000000000000000000 ) ) ;
#8581 = DIRECTION ( 'NONE',  ( 1.000000000000000000, 0.000000000000000000, -0.000000000000000000 ) ) ;
#8582 = ADVANCED_FACE ( 'NONE', ( #4823 ), #5804, .F. ) ;
#8583 = EDGE_LOOP ( 'NONE', ( #3852, #7478, #7098, #587, #3677 ) ) ;
#8584 = CIRCLE ( 'NONE', #10723, 0.3500000000000000333 ) ;
#8585 = DIRECTION ( 'NONE',  ( -1.000000000000000000, -0.000000000000000000, -0.000000000000000000 ) ) ;
#8586 = CARTESIAN_POINT ( 'NONE',  ( 4.595844495589071599, 0.1349081991615751763, -4.814454873230666898 ) ) ;
#8587 = ORIENTED_EDGE ( 'NONE', *, *, #414, .F. ) ;
#8588 = VECTOR ( 'NONE', #4426, 1000.000000000000000 ) ;
#8589 = DIRECTION ( 'NONE',  ( 0.000000000000000000, -0.000000000000000000, -1.000000000000000000 ) ) ;
#8590 = ORIENTED_EDGE ( 'NONE', *, *, #1994, .F. ) ;
#8591 = CARTESIAN_POINT ( 'NONE',  ( -6.200000000000001066, 3.400000000000000355, 2.000000000000000000 ) ) ;
#8592 = DIRECTION ( 'NONE',  ( 0.000000000000000000, -1.000000000000000000, 0.000000000000000000 ) ) ;
#8593 = CIRCLE ( 'NONE', #1046, 0.2000000000000003164 ) ;
#8594 = EDGE_CURVE ( 'NONE', #1836, #8477, #10599, .T. ) ;
#8595 = DIRECTION ( 'NONE',  ( -1.000000000000000000, -0.000000000000000000, -0.000000000000000000 ) ) ;
#8596 = VERTEX_POINT ( 'NONE', #1515 ) ;
#8597 = DIRECTION ( 'NONE',  ( -0.000000000000000000, 1.000000000000000000, -0.000000000000000000 ) ) ;
#8598 = ORIENTED_EDGE ( 'NONE', *, *, #2671, .F. ) ;
#8599 = CARTESIAN_POINT ( 'NONE',  ( 7.000000000000000000, 5.499999999999998224, 2.800000000000000266 ) ) ;
#8600 = FILL_AREA_STYLE ('',( #1240 ) ) ;
#8601 = EDGE_CURVE ( 'NONE', #4838, #7253, #3062, .T. ) ;
#8602 = ORIENTED_EDGE ( 'NONE', *, *, #4841, .F. ) ;
#8603 =( NAMED_UNIT ( * ) PLANE_ANGLE_UNIT ( ) SI_UNIT ( $, .RADIAN. ) );
#8604 = DIRECTION ( 'NONE',  ( 1.000000000000000000, -0.000000000000000000, -0.000000000000000000 ) ) ;
#8605 = EDGE_CURVE ( 'NONE', #264, #1373, #1667, .T. ) ;
#8606 = VECTOR ( 'NONE', #7330, 1000.000000000000000 ) ;
#8607 = VECTOR ( 'NONE', #9498, 1000.000000000000000 ) ;
#8608 = VERTEX_POINT ( 'NONE', #2650 ) ;
#8609 = CARTESIAN_POINT ( 'NONE',  ( -5.800000000000000711, 2.400000000000000355, 1.999999999999999556 ) ) ;
#8610 = VERTEX_POINT ( 'NONE', #70 ) ;
#8611 = CARTESIAN_POINT ( 'NONE',  ( -6.007179676972450366, 0.000000000000000000, -1.513476936738000322 ) ) ;
#8612 = CARTESIAN_POINT ( 'NONE',  ( -6.200000000000001066, 4.939999999999999503, 2.925000000000000711 ) ) ;
#8613 = EDGE_CURVE ( 'NONE', #2120, #7247, #6733, .T. ) ;
#8614 = DIRECTION ( 'NONE',  ( -1.000000000000000000, -0.000000000000000000, -0.000000000000000000 ) ) ;
#8615 = ORIENTED_EDGE ( 'NONE', *, *, #7036, .F. ) ;
#8616 = VECTOR ( 'NONE', #7504, 1000.000000000000000 ) ;
#8617 = UNCERTAINTY_MEASURE_WITH_UNIT (LENGTH_MEASURE( 1.000000000000000082E-05 ), #1370, 'distance_accuracy_value', 'NONE');
#8618 = EDGE_CURVE ( 'NONE', #5063, #3794, #3536, .T. ) ;
#8619 = VECTOR ( 'NONE', #1573, 1000.000000000000000 ) ;
#8620 = ORIENTED_EDGE ( 'NONE', *, *, #6699, .T. ) ;
#8621 = DIRECTION ( 'NONE',  ( 0.000000000000000000, 0.000000000000000000, 1.000000000000000000 ) ) ;
#8622 = DIRECTION ( 'NONE',  ( 0.5773502691896268413, -0.5773502691896228445, 0.5773502691896276184 ) ) ;
#8623 = CARTESIAN_POINT ( 'NONE',  ( 6.200000000000001066, 5.465000000000000746, 1.499999999999999334 ) ) ;
#8624 = EDGE_LOOP ( 'NONE', ( #5736, #9545, #5853, #3239 ) ) ;
#8625 = CARTESIAN_POINT ( 'NONE',  ( 2.249999999999892530, 0.000000000000000000, 4.800000000000000711 ) ) ;
#8626 = ORIENTED_EDGE ( 'NONE', *, *, #10407, .T. ) ;
#8627 = LINE ( 'NONE', #7043, #3978 ) ;
#8628 = VECTOR ( 'NONE', #2007, 1000.000000000000000 ) ;
#8629 = EDGE_LOOP ( 'NONE', ( #6069, #1590, #3163, #9953 ) ) ;
#8630 = CARTESIAN_POINT ( 'NONE',  ( 3.399999999999999911, 5.699999999999999289, 3.900000000000000355 ) ) ;
#8631 = CARTESIAN_POINT ( 'NONE',  ( 5.800000000000000711, 5.064999999999999503, 2.800000000000000266 ) ) ;
#8632 = ORIENTED_EDGE ( 'NONE', *, *, #2213, .F. ) ;
#8633 = VECTOR ( 'NONE', #9490, 1000.000000000000000 ) ;
#8634 = VERTEX_POINT ( 'NONE', #6017 ) ;
#8635 = AXIS2_PLACEMENT_3D ( 'NONE', #6747, #1842, #3394 ) ;
#8636 = AXIS2_PLACEMENT_3D ( 'NONE', #4806, #2266, #5626 ) ;
#8637 = DIRECTION ( 'NONE',  ( -0.000000000000000000, -0.000000000000000000, 1.000000000000000000 ) ) ;
#8639 = EDGE_CURVE ( 'NONE', #7327, #5727, #10087, .T. ) ;
#8638 = CARTESIAN_POINT ( 'NONE',  ( 6.200000000000001066, 5.425000000000000711, 3.000000000000000444 ) ) ;
#8640 = CARTESIAN_POINT ( 'NONE',  ( -1.003333333333334298, 1.498333333333330630, 7.701666666666667105 ) ) ;
#8641 = EDGE_CURVE ( 'NONE', #545, #5681, #1825, .T. ) ;
#8642 = EDGE_CURVE ( 'NONE', #10343, #94, #8420, .T. ) ;
#8643 = PLANE ( 'NONE',  #2045 ) ;
#8644 = DIRECTION ( 'NONE',  ( -0.000000000000000000, 0.000000000000000000, -1.000000000000000000 ) ) ;
#8645 = VECTOR ( 'NONE', #3633, 1000.000000000000000 ) ;
#8646 = ORIENTED_EDGE ( 'NONE', *, *, #8433, .T. ) ;
#8647 = CARTESIAN_POINT ( 'NONE',  ( -6.200000000000001066, 5.425000000000000711, 2.049999999999999822 ) ) ;
#8648 = LINE ( 'NONE', #4476, #1213 ) ;
#8649 =( LENGTH_UNIT ( ) NAMED_UNIT ( * ) SI_UNIT ( .MILLI., .METRE. ) );
#8650 = ORIENTED_EDGE ( 'NONE', *, *, #8049, .T. ) ;
#8651 = DIRECTION ( 'NONE',  ( 0.000000000000000000, 0.000000000000000000, -1.000000000000000000 ) ) ;
#8652 = ORIENTED_EDGE ( 'NONE', *, *, #7343, .T. ) ;
#8653 = CARTESIAN_POINT ( 'NONE',  ( 6.200000000000001066, 5.470710678118654968, 0.8971320343559628929 ) ) ;
#8654 = DIRECTION ( 'NONE',  ( 0.000000000000000000, 1.000000000000000000, 1.414176746720223400E-16 ) ) ;
#8655 = CARTESIAN_POINT ( 'NONE',  ( 4.140808929720139808, 0.000000000000000000, -2.300000000000000266 ) ) ;
#8656 = ADVANCED_FACE ( 'NONE', ( #7494 ), #1769, .F. ) ;
#8657 = LINE ( 'NONE', #957, #4304 ) ;
#8658 = ORIENTED_EDGE ( 'NONE', *, *, #7391, .F. ) ;
#8659 = CARTESIAN_POINT ( 'NONE',  ( 3.749999999999892975, 0.000000000000000000, 2.400000000000000355 ) ) ;
#8660 = EDGE_LOOP ( 'NONE', ( #3402, #6035, #3626, #2863, #3791, #1784, #6113, #5363, #10520, #6529, #4744, #3879, #10179, #1137, #2122, #6136, #5166, #7570, #7943, #4669, #5559, #10270, #8556, #6656, #8746, #9238, #3577, #7207, #1082, #590, #8483, #2951, #6356, #3297, #125, #9914, #10191, #10201, #9890, #1305, #7655, #4344, #8398, #9704 ) ) ;
#8661 = LINE ( 'NONE', #3828, #7028 ) ;
#8662 = ADVANCED_FACE ( 'NONE', ( #8525 ), #9249, .F. ) ;
#8663 = DIRECTION ( 'NONE',  ( 0.000000000000000000, -0.000000000000000000, 1.000000000000000000 ) ) ;
#8664 = ORIENTED_EDGE ( 'NONE', *, *, #5981, .F. ) ;
#8665 = DIRECTION ( 'NONE',  ( -1.000000000000000000, -0.000000000000000000, -0.000000000000000000 ) ) ;
#8666 = DIRECTION ( 'NONE',  ( 1.000000000000000000, 0.000000000000000000, -0.000000000000000000 ) ) ;
#8667 = EDGE_CURVE ( 'NONE', #2581, #1004, #10856, .T. ) ;
#8668 = VERTEX_POINT ( 'NONE', #10139 ) ;
#8669 = PLANE ( 'NONE',  #4513 ) ;
#8670 = AXIS2_PLACEMENT_3D ( 'NONE', #4073, #2206, #5560 ) ;
#8671 = ORIENTED_EDGE ( 'NONE', *, *, #10403, .T. ) ;
#8672 = CARTESIAN_POINT ( 'NONE',  ( 6.200000000000000178, 5.099999999999997868, 4.100000000000000533 ) ) ;
#8673 = LINE ( 'NONE', #2481, #4558 ) ;
#8674 = CARTESIAN_POINT ( 'NONE',  ( -4.250000000000000000, 2.149999999999999467, -1.999999999999997335 ) ) ;
#8675 = ADVANCED_FACE ( 'NONE', ( #2709 ), #6891, .F. ) ;
#8676 = ORIENTED_EDGE ( 'NONE', *, *, #4259, .T. ) ;
#8677 = CARTESIAN_POINT ( 'NONE',  ( 7.000000000000000000, 0.3499999999999999778, -5.000000000000000000 ) ) ;
#8678 = ORIENTED_EDGE ( 'NONE', *, *, #830, .T. ) ;
#8679 = CARTESIAN_POINT ( 'NONE',  ( -1.399999999999999245, 9.899999999999998579, 7.200000000000002842 ) ) ;
#8680 = AXIS2_PLACEMENT_3D ( 'NONE', #6489, #5668, #9014 ) ;
#8681 = DIRECTION ( 'NONE',  ( 0.000000000000000000, -1.000000000000000000, 0.000000000000000000 ) ) ;
#8682 = CYLINDRICAL_SURFACE ( 'NONE', #2471, 0.3499999999999997558 ) ;
#8683 = ORIENTED_EDGE ( 'NONE', *, *, #9936, .T. ) ;
#8684 = LINE ( 'NONE', #598, #9534 ) ;
#8685 = ORIENTED_EDGE ( 'NONE', *, *, #3911, .F. ) ;
#8686 = CARTESIAN_POINT ( 'NONE',  ( -6.000000000000000000, 0.000000000000000000, -2.300000000000000266 ) ) ;
#8687 = ORIENTED_EDGE ( 'NONE', *, *, #5356, .F. ) ;
#8688 = CARTESIAN_POINT ( 'NONE',  ( -3.850000000000000089, 4.850000000000000533, -3.200000000000000178 ) ) ;
#8689 = VECTOR ( 'NONE', #3490, 1000.000000000000000 ) ;
#8690 = LINE ( 'NONE', #278, #2304 ) ;
#8691 = ORIENTED_EDGE ( 'NONE', *, *, #4302, .F. ) ;
#8692 = ORIENTED_EDGE ( 'NONE', *, *, #2694, .T. ) ;
#8693 = CARTESIAN_POINT ( 'NONE',  ( -6.054999999999998828, 0.6500000000000020206, -4.749999999999992006 ) ) ;
#8694 = VECTOR ( 'NONE', #6118, 1000.000000000000000 ) ;
#8695 = CARTESIAN_POINT ( 'NONE',  ( -2.999999999999998668, 8.000000000000000000, -3.599999999999999645 ) ) ;
#8696 = CARTESIAN_POINT ( 'NONE',  ( 7.000000000000000000, 5.699999999999999289, 2.250000000000000000 ) ) ;
#8697 = LINE ( 'NONE', #6234, #9942 ) ;
#8698 = CARTESIAN_POINT ( 'NONE',  ( 4.140808929720139808, 2.149999999999999467, -2.300000000000000266 ) ) ;
#8699 = CARTESIAN_POINT ( 'NONE',  ( 2.250000000000000444, 2.149999999999999467, 0.7999999999999994893 ) ) ;
#8700 = ORIENTED_EDGE ( 'NONE', *, *, #2190, .T. ) ;
#8701 = CARTESIAN_POINT ( 'NONE',  ( -5.800000000000000711, 5.470710678118656745, 1.352867965644033887 ) ) ;
#8702 = DIRECTION ( 'NONE',  ( -0.000000000000000000, 1.000000000000000000, -0.000000000000000000 ) ) ;
#8703 = VECTOR ( 'NONE', #1155, 1000.000000000000000 ) ;
#8704 = EDGE_CURVE ( 'NONE', #2080, #10425, #4149, .T. ) ;
#8705 = VERTEX_POINT ( 'NONE', #5861 ) ;
#8706 = CARTESIAN_POINT ( 'NONE',  ( 6.305000000000000604, 4.629138561470611535, -1.700000000000000178 ) ) ;
#8707 = LINE ( 'NONE', #9706, #6373 ) ;
#8708 = PLANE ( 'NONE',  #4836 ) ;
#8709 = DIRECTION ( 'NONE',  ( 0.000000000000000000, 0.000000000000000000, 1.000000000000000000 ) ) ;
#8710 = CARTESIAN_POINT ( 'NONE',  ( 4.535053851276747316, 0.9000000000000005773, -4.849999999999997868 ) ) ;
#8711 = VECTOR ( 'NONE', #8003, 1000.000000000000000 ) ;
#8712 = ORIENTED_EDGE ( 'NONE', *, *, #6348, .F. ) ;
#8713 = DIRECTION ( 'NONE',  ( 0.000000000000000000, 0.000000000000000000, 1.000000000000000000 ) ) ;
#8714 = ORIENTED_EDGE ( 'NONE', *, *, #2841, .T. ) ;
#8715 = LINE ( 'NONE', #1296, #8963 ) ;
#8716 = EDGE_CURVE ( 'NONE', #893, #881, #17, .T. ) ;
#8717 = EDGE_CURVE ( 'NONE', #8913, #1464, #8765, .T. ) ;
#8718 = ADVANCED_FACE ( 'NONE', ( #10032 ), #5960, .F. ) ;
#8719 = ADVANCED_FACE ( 'NONE', ( #7599 ), #4197, .F. ) ;
#8720 = VECTOR ( 'NONE', #7045, 1000.000000000000000 ) ;
#8721 = DIRECTION ( 'NONE',  ( 0.000000000000000000, -1.591489427501657896E-16, 1.000000000000000000 ) ) ;
#8722 = EDGE_LOOP ( 'NONE', ( #59, #6150, #2963, #3051 ) ) ;
#8723 = CARTESIAN_POINT ( 'NONE',  ( -5.004999999999999893, 5.499999999999998224, 2.800000000000000266 ) ) ;
#8724 = PLANE ( 'NONE',  #7442 ) ;
#8725 = EDGE_CURVE ( 'NONE', #6342, #1832, #4361, .T. ) ;
#8726 = VERTEX_POINT ( 'NONE', #6944 ) ;
#8727 = CARTESIAN_POINT ( 'NONE',  ( -5.349999999999999645, 2.750000000000001332, -3.200000000000000178 ) ) ;
#8728 = ORIENTED_EDGE ( 'NONE', *, *, #9060, .T. ) ;
#8729 = FACE_OUTER_BOUND ( 'NONE', #10059, .T. ) ;
#8730 = CARTESIAN_POINT ( 'NONE',  ( 7.000000000000000888, 3.150000000000000799, -3.000000000000000000 ) ) ;
#8731 = EDGE_CURVE ( 'NONE', #10126, #4018, #2764, .T. ) ;
#8732 = DIRECTION ( 'NONE',  ( 0.000000000000000000, 0.000000000000000000, 1.000000000000000000 ) ) ;
#8733 = ORIENTED_EDGE ( 'NONE', *, *, #4622, .F. ) ;
#8734 = DIRECTION ( 'NONE',  ( -0.000000000000000000, -0.000000000000000000, 1.000000000000000000 ) ) ;
#8735 = UNCERTAINTY_MEASURE_WITH_UNIT (LENGTH_MEASURE( 1.000000000000000082E-05 ), #2850, 'distance_accuracy_value', 'NONE');
#8736 = ORIENTED_EDGE ( 'NONE', *, *, #7174, .F. ) ;
#8737 = DIRECTION ( 'NONE',  ( -0.000000000000000000, 1.000000000000000000, -0.000000000000000000 ) ) ;
#8738 = CARTESIAN_POINT ( 'NONE',  ( -6.304999999999998828, 1.799999999999999600, 1.099999999999999645 ) ) ;
#8739 = ORIENTED_EDGE ( 'NONE', *, *, #9734, .F. ) ;
#8740 = EDGE_CURVE ( 'NONE', #8479, #2234, #8753, .T. ) ;
#8741 = LINE ( 'NONE', #7910, #5738 ) ;
#8742 = ORIENTED_EDGE ( 'NONE', *, *, #8740, .T. ) ;
#8743 = DIRECTION ( 'NONE',  ( 0.000000000000000000, 0.000000000000000000, -1.000000000000000000 ) ) ;
#8744 = DIRECTION ( 'NONE',  ( 0.000000000000000000, 1.000000000000000000, 0.000000000000000000 ) ) ;
#8745 = ORIENTED_EDGE ( 'NONE', *, *, #6005, .F. ) ;
#8746 = ORIENTED_EDGE ( 'NONE', *, *, #3955, .F. ) ;
#8747 = DIRECTION ( 'NONE',  ( 4.818676322157799347E-16, 0.000000000000000000, 1.000000000000000000 ) ) ;
#8748 = CARTESIAN_POINT ( 'NONE',  ( 7.000000000000000000, 1.999896230895142013, -5.000000000000000000 ) ) ;
#8749 = CARTESIAN_POINT ( 'NONE',  ( 7.000000000000000000, 2.350000000000000089, -3.599999999999999645 ) ) ;
#8750 = EDGE_CURVE ( 'NONE', #774, #7591, #7415, .T. ) ;
#8751 = CARTESIAN_POINT ( 'NONE',  ( -3.099999999999999645, 4.400000000000001243, 0.7999999999999994893 ) ) ;
#8752 = CARTESIAN_POINT ( 'NONE',  ( -6.242388108189161677, -0.8778098156693483478, -1.104147497287754520 ) ) ;
#8753 = LINE ( 'NONE', #8699, #10171 ) ;
#8754 = EDGE_LOOP ( 'NONE', ( #3137, #8036, #9648, #3870, #6269, #7313, #4885, #801, #6563, #6469, #5118, #3124, #7263, #7649, #2157, #5637, #1661, #10018, #5767, #5636, #3287, #2323, #10370, #3347, #6711, #1434, #9677 ) ) ;
#8755 = DIRECTION ( 'NONE',  ( -1.000000000000000000, -0.000000000000000000, -0.000000000000000000 ) ) ;
#8756 = DIRECTION ( 'NONE',  ( 0.000000000000000000, -1.000000000000000000, -0.000000000000000000 ) ) ;
#8757 = VECTOR ( 'NONE', #7128, 1000.000000000000000 ) ;
#8758 = ORIENTED_EDGE ( 'NONE', *, *, #2011, .F. ) ;
#8759 = CARTESIAN_POINT ( 'NONE',  ( 5.200000000000000178, 2.199999999999997513, -3.599999999999999645 ) ) ;
#8760 = CARTESIAN_POINT ( 'NONE',  ( -2.000000000000000000, 2.540808929720139275, -2.300000000000000266 ) ) ;
#8761 = AXIS2_PLACEMENT_3D ( 'NONE', #9048, #3066, #593 ) ;
#8762 = DIRECTION ( 'NONE',  ( -0.000000000000000000, -1.000000000000000000, -0.000000000000000000 ) ) ;
#8763 = DIRECTION ( 'NONE',  ( 1.000000000000000000, 0.000000000000000000, 0.000000000000000000 ) ) ;
#8764 = PLANE ( 'NONE',  #5891 ) ;
#8765 = CIRCLE ( 'NONE', #3498, 0.2000000000000003164 ) ;
#8766 = ORIENTED_EDGE ( 'NONE', *, *, #7379, .F. ) ;
#8767 = FACE_OUTER_BOUND ( 'NONE', #935, .T. ) ;
#8768 = VERTEX_POINT ( 'NONE', #6999 ) ;
#8769 = LINE ( 'NONE', #417, #4218 ) ;
#8770 = VECTOR ( 'NONE', #2770, 1000.000000000000000 ) ;
#8771 = CARTESIAN_POINT ( 'NONE',  ( 1.749999999999893197, 0.2000000000000000111, 2.399999999999986144 ) ) ;
#8773 = ORIENTED_EDGE ( 'NONE', *, *, #3057, .T. ) ;
#8772 = COLOUR_RGB ( '',0.7921568627450980005, 0.8196078431372548767, 0.9333333333333333481 ) ;
#8774 = SURFACE_STYLE_USAGE ( .BOTH. , #7184 ) ;
#8775 = FACE_OUTER_BOUND ( 'NONE', #495, .T. ) ;
#8776 = VECTOR ( 'NONE', #10166, 1000.000000000000000 ) ;
#8777 = EDGE_CURVE ( 'NONE', #8346, #2812, #3705, .T. ) ;
#8778 = EDGE_CURVE ( 'NONE', #4715, #6893, #3592, .T. ) ;
#8779 = EDGE_LOOP ( 'NONE', ( #5490, #1223, #10687, #4805 ) ) ;
#8780 = CARTESIAN_POINT ( 'NONE',  ( -5.800000000000000711, 5.325000000000001954, 3.725000000000000533 ) ) ;
#8781 = ADVANCED_FACE ( 'NONE', ( #9466 ), #403, .F. ) ;
#8782 = ORIENTED_EDGE ( 'NONE', *, *, #10138, .F. ) ;
#8783 = AXIS2_PLACEMENT_3D ( 'NONE', #2238, #5591, #9045 ) ;
#8784 = DIRECTION ( 'NONE',  ( -1.000000000000000000, -0.000000000000000000, -0.000000000000000000 ) ) ;
#8785 = SURFACE_STYLE_USAGE ( .BOTH. , #5431 ) ;
#8786 = CARTESIAN_POINT ( 'NONE',  ( -6.200000000000001066, 5.500000000000001776, 0.5321572875253787194 ) ) ;
#8787 = VERTEX_POINT ( 'NONE', #6292 ) ;
#8788 = CARTESIAN_POINT ( 'NONE',  ( 3.099999999999999645, 4.400000000000001243, 0.7999999999999994893 ) ) ;
#8789 = ORIENTED_EDGE ( 'NONE', *, *, #8942, .F. ) ;
#8790 = CARTESIAN_POINT ( 'NONE',  ( -5.200000000000000178, 4.800000000000000711, 0.7999999999999994893 ) ) ;
#8791 = LINE ( 'NONE', #4456, #7809 ) ;
#8792 = AXIS2_PLACEMENT_3D ( 'NONE', #9921, #3984, #2276 ) ;
#8793 = EDGE_LOOP ( 'NONE', ( #5940, #7805, #8700, #8197, #7610 ) ) ;
#8794 = VERTEX_POINT ( 'NONE', #1172 ) ;
#8795 = DIRECTION ( 'NONE',  ( 0.000000000000000000, -0.000000000000000000, 1.000000000000000000 ) ) ;
#8796 = ORIENTED_EDGE ( 'NONE', *, *, #10401, .F. ) ;
#8797 = CARTESIAN_POINT ( 'NONE',  ( 6.305000000000000604, 0.4000000000000000222, -1.700000000000000178 ) ) ;
#8798 = AXIS2_PLACEMENT_3D ( 'NONE', #8553, #1908, #2028 ) ;
#8799 = DIRECTION ( 'NONE',  ( 0.000000000000000000, -1.000000000000000000, -1.548860246407863829E-16 ) ) ;
#8800 = VERTEX_POINT ( 'NONE', #2051 ) ;
#8801 = EDGE_CURVE ( 'NONE', #4753, #4054, #10518, .T. ) ;
#8802 = ORIENTED_EDGE ( 'NONE', *, *, #1324, .F. ) ;
#8803 = CARTESIAN_POINT ( 'NONE',  ( 6.200000000000001066, 4.864999999999999325, 2.925000000000000266 ) ) ;
#8804 = VECTOR ( 'NONE', #2218, 1000.000000000000000 ) ;
#8805 = LINE ( 'NONE', #8748, #6018 ) ;
#8806 = ADVANCED_FACE ( 'NONE', ( #3756 ), #2000, .F. ) ;
#8807 =( GEOMETRIC_REPRESENTATION_CONTEXT ( 3 ) GLOBAL_UNCERTAINTY_ASSIGNED_CONTEXT ( ( #8735 ) ) GLOBAL_UNIT_ASSIGNED_CONTEXT ( ( #2850, #2071, #1523 ) ) REPRESENTATION_CONTEXT ( 'NONE', 'WORKASPACE' ) );
#8808 = DIRECTION ( 'NONE',  ( -0.000000000000000000, 0.000000000000000000, -1.000000000000000000 ) ) ;
#8809 = LINE ( 'NONE', #8751, #4857 ) ;
#8810 = CARTESIAN_POINT ( 'NONE',  ( 0.000000000000000000, 0.000000000000000000, -2.300000000000000266 ) ) ;
#8811 = LINE ( 'NONE', #4586, #7187 ) ;
#8812 = ORIENTED_EDGE ( 'NONE', *, *, #5778, .F. ) ;
#8813 = DIRECTION ( 'NONE',  ( 0.5773502691896236216, -0.5773502691896236216, -0.5773502691896301720 ) ) ;
#8814 = LINE ( 'NONE', #9585, #4742 ) ;
#8815 = EDGE_CURVE ( 'NONE', #9495, #785, #3645, .T. ) ;
#8816 = AXIS2_PLACEMENT_3D ( 'NONE', #3261, #1331, #5739 ) ;
#8817 = AXIS2_PLACEMENT_3D ( 'NONE', #9924, #9087, #1560 ) ;
#8818 = ORIENTED_EDGE ( 'NONE', *, *, #10421, .T. ) ;
#8819 = EDGE_CURVE ( 'NONE', #5624, #6164, #341, .T. ) ;
#8820 = LINE ( 'NONE', #5410, #8960 ) ;
#8821 = EDGE_CURVE ( 'NONE', #3024, #10002, #4418, .T. ) ;
#8822 = DIRECTION ( 'NONE',  ( -1.000000000000000000, 0.000000000000000000, 0.000000000000000000 ) ) ;
#8823 = DIRECTION ( 'NONE',  ( -0.000000000000000000, -0.7071067811865415775, 0.7071067811865535679 ) ) ;
#8824 = LINE ( 'NONE', #7071, #1072 ) ;
#8825 = FACE_OUTER_BOUND ( 'NONE', #6900, .T. ) ;
#8826 = VECTOR ( 'NONE', #4108, 1000.000000000000000 ) ;
#8827 = ORIENTED_EDGE ( 'NONE', *, *, #1818, .F. ) ;
#8828 = PLANE ( 'NONE',  #3491 ) ;
#8829 = ORIENTED_EDGE ( 'NONE', *, *, #6296, .T. ) ;
#8830 = CARTESIAN_POINT ( 'NONE',  ( 6.055000000000000604, -3.007001466925484586E-18, -5.000000000000000000 ) ) ;
#8831 = AXIS2_PLACEMENT_3D ( 'NONE', #7631, #5997, #8504 ) ;
#8832 = ORIENTED_EDGE ( 'NONE', *, *, #6700, .T. ) ;
#8833 = DIRECTION ( 'NONE',  ( 1.000000000000000000, 0.000000000000000000, 0.000000000000000000 ) ) ;
#8834 = FACE_OUTER_BOUND ( 'NONE', #2979, .T. ) ;
#8835 = ORIENTED_EDGE ( 'NONE', *, *, #6586, .T. ) ;
#8836 = DIRECTION ( 'NONE',  ( 1.000000000000000000, -0.000000000000000000, -0.000000000000000000 ) ) ;
#8837 = EDGE_CURVE ( 'NONE', #4224, #3492, #8811, .T. ) ;
#8838 = EDGE_LOOP ( 'NONE', ( #5593, #3776, #4737, #1292 ) ) ;
#8839 = LINE ( 'NONE', #7089, #1487 ) ;
#8840 =( NAMED_UNIT ( * ) PLANE_ANGLE_UNIT ( ) SI_UNIT ( $, .RADIAN. ) );
#8841 = LINE ( 'NONE', #10812, #1432 ) ;
#8842 = ORIENTED_EDGE ( 'NONE', *, *, #10564, .T. ) ;
#8843 = VECTOR ( 'NONE', #1899, 1000.000000000000114 ) ;
#8844 = LINE ( 'NONE', #4561, #6548 ) ;
#8845 = EDGE_CURVE ( 'NONE', #1572, #3140, #5295, .T. ) ;
#8846 = UNCERTAINTY_MEASURE_WITH_UNIT (LENGTH_MEASURE( 1.000000000000000082E-05 ), #5519, 'distance_accuracy_value', 'NONE');
#8847 = VERTEX_POINT ( 'NONE', #10466 ) ;
#8848 = ADVANCED_FACE ( 'NONE', ( #9633 ), #2883, .F. ) ;
#8849 = DIRECTION ( 'NONE',  ( -1.000000000000000000, -0.000000000000000000, 4.818676322157799347E-16 ) ) ;
#8850 = ORIENTED_EDGE ( 'NONE', *, *, #5647, .T. ) ;
#8851 = ORIENTED_EDGE ( 'NONE', *, *, #5320, .F. ) ;
#8852 = DIRECTION ( 'NONE',  ( -0.000000000000000000, 1.000000000000000000, -0.000000000000000000 ) ) ;
#8853 = ORIENTED_EDGE ( 'NONE', *, *, #6855, .T. ) ;
#8854 = CARTESIAN_POINT ( 'NONE',  ( -4.616666666666673358, 4.216666666666670338, -2.466666666666661456 ) ) ;
#8855 = LINE ( 'NONE', #9910, #8435 ) ;
#8856 = ORIENTED_EDGE ( 'NONE', *, *, #4790, .T. ) ;
#8857 = VECTOR ( 'NONE', #4336, 1000.000000000000000 ) ;
#8858 = ORIENTED_EDGE ( 'NONE', *, *, #6541, .F. ) ;
#8859 = EDGE_CURVE ( 'NONE', #1742, #2552, #6238, .T. ) ;
#8860 = EDGE_CURVE ( 'NONE', #2277, #5337, #1282, .T. ) ;
#8861 = EDGE_LOOP ( 'NONE', ( #1000, #145, #5097, #6878 ) ) ;
#8862 = CARTESIAN_POINT ( 'NONE',  ( 6.304999999999999716, 3.150000000000000799, -3.200000000000000178 ) ) ;
#8863 = CARTESIAN_POINT ( 'NONE',  ( -1.699999999999999289, 4.400000000000000355, -3.200000000000000178 ) ) ;
#8864 = PLANE ( 'NONE',  #10763 ) ;
#8865 = CARTESIAN_POINT ( 'NONE',  ( 6.200000000000001066, 5.500000000000000888, -1.699999999999999512 ) ) ;
#8866 = ADVANCED_FACE ( 'NONE', ( #4642 ), #4473, .T. ) ;
#8867 = CIRCLE ( 'NONE', #1567, 0.3499999999999997558 ) ;
#8868 = DIRECTION ( 'NONE',  ( 0.000000000000000000, -0.7071067811865385799, 0.7071067811865565655 ) ) ;
#8869 = ORIENTED_EDGE ( 'NONE', *, *, #6456, .F. ) ;
#8870 = DIRECTION ( 'NONE',  ( 3.336006684570783101E-16, 0.000000000000000000, -1.000000000000000000 ) ) ;
#8871 = EDGE_LOOP ( 'NONE', ( #220, #3397, #7563, #384 ) ) ;
#8872 = ORIENTED_EDGE ( 'NONE', *, *, #9858, .F. ) ;
#8873 = VECTOR ( 'NONE', #5802, 1000.000000000000000 ) ;
#8874 = CARTESIAN_POINT ( 'NONE',  ( 6.305000000000000604, 2.174948115447571606, -4.750000000000000000 ) ) ;
#8875 = PLANE ( 'NONE',  #906 ) ;
#8876 = DIRECTION ( 'NONE',  ( -0.000000000000000000, -0.000000000000000000, -1.000000000000000000 ) ) ;
#8877 = DIRECTION ( 'NONE',  ( 1.000000000000000000, 0.000000000000000000, 0.000000000000000000 ) ) ;
#8878 = CARTESIAN_POINT ( 'NONE',  ( 6.200000000000001066, 5.500000000000001776, 1.282157287525380163 ) ) ;
#8879 = ORIENTED_EDGE ( 'NONE', *, *, #2624, .T. ) ;
#8880 = EDGE_CURVE ( 'NONE', #4015, #8346, #6832, .T. ) ;
#8881 = CARTESIAN_POINT ( 'NONE',  ( 2.250000000000000444, 2.149999999999999467, 0.7999999999999994893 ) ) ;
#8882 = VECTOR ( 'NONE', #9752, 1000.000000000000000 ) ;
#8883 = VERTEX_POINT ( 'NONE', #1389 ) ;
#8884 = LINE ( 'NONE', #530, #10366 ) ;
#8885 = FACE_OUTER_BOUND ( 'NONE', #3395, .T. ) ;
#8886 = VERTEX_POINT ( 'NONE', #4868 ) ;
#8887 = CARTESIAN_POINT ( 'NONE',  ( -2.999999999999998668, 0.000000000000000000, -3.750000000000003109 ) ) ;
#8888 = AXIS2_PLACEMENT_3D ( 'NONE', #6858, #9167, #9333 ) ;
#8889 = LINE ( 'NONE', #7250, #5428 ) ;
#8890 = CARTESIAN_POINT ( 'NONE',  ( -4.537690618442707269, 0.1449747468305831177, -4.855654565435177261 ) ) ;
#8891 = CARTESIAN_POINT ( 'NONE',  ( 1.859191070279860636, 2.259191070279860103, -2.300000000000000266 ) ) ;
#8892 = VERTEX_POINT ( 'NONE', #2332 ) ;
#8893 = DIRECTION ( 'NONE',  ( 0.000000000000000000, 1.000000000000000000, 0.000000000000000000 ) ) ;
#8894 = ADVANCED_FACE ( 'NONE', ( #732 ), #3103, .F. ) ;
#8895 = ORIENTED_EDGE ( 'NONE', *, *, #10609, .T. ) ;
#8896 = PLANE ( 'NONE',  #5715 ) ;
#8897 = DIRECTION ( 'NONE',  ( 0.000000000000000000, 0.000000000000000000, 1.000000000000000000 ) ) ;
#8898 = VECTOR ( 'NONE', #6406, 1000.000000000000000 ) ;
#8899 = ORIENTED_EDGE ( 'NONE', *, *, #1721, .F. ) ;
#8900 = DIRECTION ( 'NONE',  ( -0.000000000000000000, 1.000000000000000000, -0.000000000000000000 ) ) ;
#8901 = ORIENTED_EDGE ( 'NONE', *, *, #9306, .T. ) ;
#8902 = DIRECTION ( 'NONE',  ( -1.000000000000000000, 0.000000000000000000, 0.000000000000000000 ) ) ;
#8903 = PLANE ( 'NONE',  #1260 ) ;
#8904 = VECTOR ( 'NONE', #6567, 1000.000000000000114 ) ;
#8905 = VERTEX_POINT ( 'NONE', #9919 ) ;
#8906 = ORIENTED_EDGE ( 'NONE', *, *, #541, .T. ) ;
#8907 = LINE ( 'NONE', #1374, #9062 ) ;
#8908 = ORIENTED_EDGE ( 'NONE', *, *, #4635, .F. ) ;
#8909 = CARTESIAN_POINT ( 'NONE',  ( 6.200000000000001066, 5.470710678118656745, 0.6028679656440332213 ) ) ;
#8910 = LINE ( 'NONE', #1377, #4069 ) ;
#8911 = ORIENTED_EDGE ( 'NONE', *, *, #2819, .T. ) ;
#8912 = ORIENTED_EDGE ( 'NONE', *, *, #7771, .F. ) ;
#8913 = VERTEX_POINT ( 'NONE', #7222 ) ;
#8914 = LINE ( 'NONE', #8249, #4403 ) ;
#8915 = DIRECTION ( 'NONE',  ( -0.000000000000000000, -1.000000000000000000, -0.000000000000000000 ) ) ;
#8916 = DIRECTION ( 'NONE',  ( 0.000000000000000000, -1.000000000000000000, 0.000000000000000000 ) ) ;
#8917 = DIRECTION ( 'NONE',  ( -1.000000000000000000, 0.000000000000000000, 0.000000000000000000 ) ) ;
#8918 = ADVANCED_FACE ( 'NONE', ( #9698 ), #6517, .T. ) ;
#8919 = CARTESIAN_POINT ( 'NONE',  ( -5.349999999999999645, 2.750000000000001332, -3.200000000000000178 ) ) ;
#8920 = EDGE_CURVE ( 'NONE', #10732, #8668, #6465, .T. ) ;
#8921 = DIRECTION ( 'NONE',  ( -1.000000000000000000, -0.000000000000000000, -0.000000000000000000 ) ) ;
#8922 = ADVANCED_FACE ( 'NONE', ( #8255 ), #3050, .F. ) ;
#8923 = ORIENTED_EDGE ( 'NONE', *, *, #8639, .F. ) ;
#8924 = CARTESIAN_POINT ( 'NONE',  ( -3.750000000000000000, 2.149999999999999467, -1.999999999999997335 ) ) ;
#8925 = EDGE_LOOP ( 'NONE', ( #4861, #6108, #865, #6843 ) ) ;
#8926 = EDGE_LOOP ( 'NONE', ( #3604, #1202, #6353, #1874 ) ) ;
#8927 = EDGE_CURVE ( 'NONE', #4018, #4627, #5633, .T. ) ;
#8928 = CARTESIAN_POINT ( 'NONE',  ( 4.049999999999998934, 4.949999999999999289, -3.200000000000000178 ) ) ;
#8929 = MECHANICAL_DESIGN_GEOMETRIC_PRESENTATION_REPRESENTATION (  '', ( #6996 ), #8555 ) ;
#8930 = DIRECTION ( 'NONE',  ( 0.000000000000000000, -0.000000000000000000, -1.000000000000000000 ) ) ;
#8931 = FACE_OUTER_BOUND ( 'NONE', #8489, .T. ) ;
#8932 = PLANE ( 'NONE',  #557 ) ;
#8933 = PRESENTATION_STYLE_ASSIGNMENT (( #3170 ) ) ;
#8934 = ORIENTED_EDGE ( 'NONE', *, *, #7259, .T. ) ;
#8935 = DIRECTION ( 'NONE',  ( 0.000000000000000000, -1.000000000000000000, -0.000000000000000000 ) ) ;
#8936 = ORIENTED_EDGE ( 'NONE', *, *, #4453, .T. ) ;
#8937 = AXIS2_PLACEMENT_3D ( 'NONE', #176, #9196, #10244 ) ;
#8938 = CARTESIAN_POINT ( 'NONE',  ( -5.599999999999997868, 5.700000000000000178, 2.800000000000000266 ) ) ;
#8939 = CARTESIAN_POINT ( 'NONE',  ( -6.305000000000000604, 0.000000000000000000, -1.513476936738000322 ) ) ;
#8940 = ORIENTED_EDGE ( 'NONE', *, *, #9529, .T. ) ;
#8941 = FACE_OUTER_BOUND ( 'NONE', #10047, .T. ) ;
#8942 = EDGE_CURVE ( 'NONE', #6693, #5398, #677, .T. ) ;
#8943 = FACE_OUTER_BOUND ( 'NONE', #1748, .T. ) ;
#8944 = CARTESIAN_POINT ( 'NONE',  ( -6.200000000000001066, 5.400000000000001243, 1.717842712474618283 ) ) ;
#8945 = VECTOR ( 'NONE', #4255, 1000.000000000000000 ) ;
#8946 = FACE_OUTER_BOUND ( 'NONE', #8955, .T. ) ;
#8947 = EDGE_CURVE ( 'NONE', #6989, #3072, #8153, .T. ) ;
#8948 = VERTEX_POINT ( 'NONE', #10693 ) ;
#8949 = DIRECTION ( 'NONE',  ( -1.000000000000000000, -0.000000000000000000, -0.000000000000000000 ) ) ;
#8950 = CIRCLE ( 'NONE', #7884, 0.2000000000000003164 ) ;
#8951 = ORIENTED_EDGE ( 'NONE', *, *, #2384, .T. ) ;
#8952 = PRESENTATION_STYLE_ASSIGNMENT (( #483 ) ) ;
#8953 = LINE ( 'NONE', #4785, #5974 ) ;
#8954 = AXIS2_PLACEMENT_3D ( 'NONE', #6139, #962, #10206 ) ;
#8955 = EDGE_LOOP ( 'NONE', ( #862, #8241, #4434, #5821 ) ) ;
#8956 = LINE ( 'NONE', #9995, #5484 ) ;
#8957 = ORIENTED_EDGE ( 'NONE', *, *, #5176, .T. ) ;
#8958 = CARTESIAN_POINT ( 'NONE',  ( 1.749999999999892308, 0.000000000000000000, 4.800000000000000711 ) ) ;
#8959 = EDGE_CURVE ( 'NONE', #6989, #7636, #3157, .T. ) ;
#8960 = VECTOR ( 'NONE', #10361, 1000.000000000000000 ) ;
#8961 = DIRECTION ( 'NONE',  ( 0.000000000000000000, -0.7071067811865455743, 0.7071067811865495711 ) ) ;
#8962 = EDGE_LOOP ( 'NONE', ( #8541, #9813, #10887, #6024 ) ) ;
#8963 = VECTOR ( 'NONE', #4657, 1000.000000000000114 ) ;
#8964 = EDGE_LOOP ( 'NONE', ( #6276, #8626, #6216, #673 ) ) ;
#8965 = CARTESIAN_POINT ( 'NONE',  ( -6.305000000000001492, 0.4000000000000000777, -4.749999999999992006 ) ) ;
#8966 = ADVANCED_FACE ( 'NONE', ( #6568 ), #5744, .F. ) ;
#8967 = VERTEX_POINT ( 'NONE', #4505 ) ;
#8968 = CARTESIAN_POINT ( 'NONE',  ( -6.305000000000001492, 0.4000000000000000777, -4.749999999999992006 ) ) ;
#8969 = LINE ( 'NONE', #4801, #8092 ) ;
#8970 = EDGE_LOOP ( 'NONE', ( #4191, #9547, #8033, #9166 ) ) ;
#8971 = VECTOR ( 'NONE', #405, 1000.000000000000000 ) ;
#8972 = ORIENTED_EDGE ( 'NONE', *, *, #9719, .F. ) ;
#8973 = ORIENTED_EDGE ( 'NONE', *, *, #2889, .F. ) ;
#8974 = DIRECTION ( 'NONE',  ( 0.000000000000000000, -1.000000000000000000, 0.000000000000000000 ) ) ;
#8975 = FACE_OUTER_BOUND ( 'NONE', #6682, .T. ) ;
#8976 = FACE_OUTER_BOUND ( 'NONE', #5695, .T. ) ;
#8977 = DIRECTION ( 'NONE',  ( 1.000000000000000000, 0.000000000000000000, 3.336006684570783101E-16 ) ) ;
#8978 = VECTOR ( 'NONE', #6286, 1000.000000000000000 ) ;
#8979 = AXIS2_PLACEMENT_3D ( 'NONE', #10163, #819, #870 ) ;
#8980 = DIRECTION ( 'NONE',  ( 1.000000000000000000, 0.000000000000000000, 0.000000000000000000 ) ) ;
#8981 = DIRECTION ( 'NONE',  ( -1.000000000000000000, 0.000000000000000000, 0.000000000000000000 ) ) ;
#8982 = CARTESIAN_POINT ( 'NONE',  ( 3.749999999999892975, 0.2000000000000000111, 2.400000000000000355 ) ) ;
#8983 = VERTEX_POINT ( 'NONE', #3569 ) ;
#8984 = VERTEX_POINT ( 'NONE', #10272 ) ;
#8985 = VECTOR ( 'NONE', #6473, 1000.000000000000000 ) ;
#8986 = CARTESIAN_POINT ( 'NONE',  ( -6.200000000000001066, 5.470710678118654968, 1.647132034355962338 ) ) ;
#8987 = EDGE_CURVE ( 'NONE', #10303, #8984, #9131, .T. ) ;
#8988 = VECTOR ( 'NONE', #1627, 1000.000000000000000 ) ;
#8989 = ADVANCED_FACE ( 'NONE', ( #8551 ), #1853, .F. ) ;
#8990 = DIRECTION ( 'NONE',  ( 0.000000000000000000, -0.000000000000000000, -1.000000000000000000 ) ) ;
#8991 = ADVANCED_FACE ( 'NONE', ( #10849 ), #4188, .F. ) ;
#8992 = CARTESIAN_POINT ( 'NONE',  ( -4.185323107660497755, 0.3499999999999996447, -3.750000000000003109 ) ) ;
#8993 = DIRECTION ( 'NONE',  ( 0.000000000000000000, -0.000000000000000000, 1.000000000000000000 ) ) ;
#8994 = SURFACE_STYLE_FILL_AREA ( #6474 ) ;
#8995 = EDGE_LOOP ( 'NONE', ( #10359, #413, #4931, #5426 ) ) ;
#8996 = FACE_OUTER_BOUND ( 'NONE', #2372, .T. ) ;
#8997 = CIRCLE ( 'NONE', #1612, 0.2000000000000005107 ) ;
#8998 = AXIS2_PLACEMENT_3D ( 'NONE', #8760, #3601, #7936 ) ;
#8999 = VERTEX_POINT ( 'NONE', #205 ) ;
#9000 = PLANE ( 'NONE',  #7719 ) ;
#9001 = AXIS2_PLACEMENT_3D ( 'NONE', #8389, #10212, #2566 ) ;
#9002 = CARTESIAN_POINT ( 'NONE',  ( -6.304999999999998828, 1.799999999999999600, 1.399999999999999689 ) ) ;
#9003 = VERTEX_POINT ( 'NONE', #5210 ) ;
#9004 = EDGE_CURVE ( 'NONE', #8288, #10079, #4, .T. ) ;
#9005 = DIRECTION ( 'NONE',  ( 0.000000000000000000, 0.000000000000000000, 1.000000000000000000 ) ) ;
#9006 = VECTOR ( 'NONE', #3559, 1000.000000000000000 ) ;
#9007 = FACE_OUTER_BOUND ( 'NONE', #6112, .T. ) ;
#9008 = DIRECTION ( 'NONE',  ( -0.000000000000000000, 1.000000000000000000, -0.000000000000000000 ) ) ;
#9009 = DIRECTION ( 'NONE',  ( -4.818676322157796389E-16, 0.000000000000000000, -1.000000000000000000 ) ) ;
#9010 = EDGE_LOOP ( 'NONE', ( #4982, #7900, #5436, #8901, #7681, #7845, #10378, #3761 ) ) ;
#9011 = DIRECTION ( 'NONE',  ( 0.000000000000000000, 0.000000000000000000, -1.000000000000000000 ) ) ;
#9012 = EDGE_CURVE ( 'NONE', #5580, #8610, #1026, .T. ) ;
#9013 = ORIENTED_EDGE ( 'NONE', *, *, #5652, .T. ) ;
#9014 = DIRECTION ( 'NONE',  ( 3.097720492815727659E-16, -1.591489427501657896E-16, 1.000000000000000000 ) ) ;
#9015 = VECTOR ( 'NONE', #9180, 1000.000000000000114 ) ;
#9016 = ORIENTED_EDGE ( 'NONE', *, *, #7849, .T. ) ;
#9017 = PLANE ( 'NONE',  #10220 ) ;
#9018 = VERTEX_POINT ( 'NONE', #6920 ) ;
#9019 = CARTESIAN_POINT ( 'NONE',  ( -6.200000000000001066, 4.939999999999999503, 2.049999999999999822 ) ) ;
#9020 = ORIENTED_EDGE ( 'NONE', *, *, #1322, .T. ) ;
#9021 = VERTEX_POINT ( 'NONE', #5016 ) ;
#9022 = LINE ( 'NONE', #6556, #973 ) ;
#9023 = VERTEX_POINT ( 'NONE', #1142 ) ;
#9024 = FACE_OUTER_BOUND ( 'NONE', #6467, .T. ) ;
#9025 = EDGE_CURVE ( 'NONE', #939, #5512, #9969, .T. ) ;
#9026 = DIRECTION ( 'NONE',  ( 0.5773502691896233996, -0.5773502691896239547, 0.5773502691896299499 ) ) ;
#9027 = ORIENTED_EDGE ( 'NONE', *, *, #7007, .F. ) ;
#9028 = ORIENTED_EDGE ( 'NONE', *, *, #5441, .T. ) ;
#9029 = ORIENTED_EDGE ( 'NONE', *, *, #4089, .T. ) ;
#9030 = CARTESIAN_POINT ( 'NONE',  ( -3.750000000000107470, 0.000000000000000000, 5.000000000000000000 ) ) ;
#9031 = FACE_OUTER_BOUND ( 'NONE', #6082, .T. ) ;
#9032 = LINE ( 'NONE', #8152, #2570 ) ;
#9033 = VECTOR ( 'NONE', #8784, 1000.000000000000000 ) ;
#9034 = LINE ( 'NONE', #8310, #2464 ) ;
#9035 = VERTEX_POINT ( 'NONE', #8308 ) ;
#9036 = EDGE_LOOP ( 'NONE', ( #4922, #9788, #1543, #8951 ) ) ;
#9037 = FACE_OUTER_BOUND ( 'NONE', #8074, .T. ) ;
#9038 = AXIS2_PLACEMENT_3D ( 'NONE', #10648, #8102, #5800 ) ;
#9039 = CARTESIAN_POINT ( 'NONE',  ( -5.900000000000000355, 1.800000000000000044, -1.699999999999999734 ) ) ;
#9040 = FACE_OUTER_BOUND ( 'NONE', #3865, .T. ) ;
#9041 = CARTESIAN_POINT ( 'NONE',  ( 6.305000000000000604, 4.629138561470611535, 1.099999999999999867 ) ) ;
#9042 = CARTESIAN_POINT ( 'NONE',  ( -4.676449485675097328, 0.03772148143098098122, -4.757349466942235594 ) ) ;
#9043 = ADVANCED_FACE ( 'NONE', ( #6666 ), #833, .F. ) ;
#9044 = VERTEX_POINT ( 'NONE', #7485 ) ;
#9045 = DIRECTION ( 'NONE',  ( 0.000000000000000000, 0.000000000000000000, 1.000000000000000000 ) ) ;
#9046 = VECTOR ( 'NONE', #903, 1000.000000000000000 ) ;
#9047 = CARTESIAN_POINT ( 'NONE',  ( 4.026055542458626846, 0.9000000000000005773, -4.100000000000002309 ) ) ;
#9048 = CARTESIAN_POINT ( 'NONE',  ( 6.200000000000001066, 5.394289321881346133, 1.429289321881345387 ) ) ;
#9049 = ORIENTED_EDGE ( 'NONE', *, *, #7832, .F. ) ;
#9050 = CARTESIAN_POINT ( 'NONE',  ( 5.800000000000000711, 5.425000000000000711, 1.974999999999999867 ) ) ;
#9051 = CARTESIAN_POINT ( 'NONE',  ( -6.304999999999999716, 3.150000000000000799, -3.200000000000000178 ) ) ;
#9052 = DIRECTION ( 'NONE',  ( 0.000000000000000000, -1.000000000000000000, 0.000000000000000000 ) ) ;
#9053 = VECTOR ( 'NONE', #2823, 1000.000000000000000 ) ;
#9054 = EDGE_LOOP ( 'NONE', ( #2348, #10831, #203, #4401 ) ) ;
#9055 = FACE_OUTER_BOUND ( 'NONE', #4105, .T. ) ;
#9056 = EDGE_CURVE ( 'NONE', #5867, #1316, #9389, .T. ) ;
#9057 = ORIENTED_EDGE ( 'NONE', *, *, #5380, .T. ) ;
#9058 = DIRECTION ( 'NONE',  ( 0.000000000000000000, 0.000000000000000000, 1.000000000000000000 ) ) ;
#9059 = SURFACE_SIDE_STYLE ('',( #2364 ) ) ;
#9060 = EDGE_CURVE ( 'NONE', #5885, #8886, #7788, .T. ) ;
#9061 = EDGE_CURVE ( 'NONE', #2252, #4838, #1087, .T. ) ;
#9062 = VECTOR ( 'NONE', #8077, 1000.000000000000000 ) ;
#9063 = CARTESIAN_POINT ( 'NONE',  ( 4.249999999999892530, 0.6000000000000000888, 2.400000000000000355 ) ) ;
#9064 = ORIENTED_EDGE ( 'NONE', *, *, #8438, .F. ) ;
#9065 = CARTESIAN_POINT ( 'NONE',  ( 1.749999999999892308, 0.000000000000000000, 5.000000000000000000 ) ) ;
#9066 = EDGE_CURVE ( 'NONE', #6976, #10313, #261, .T. ) ;
#9067 = CARTESIAN_POINT ( 'NONE',  ( -4.026055542458625069, 0.9000000000000005773, -4.350000000000003197 ) ) ;
#9068 = VERTEX_POINT ( 'NONE', #4136 ) ;
#9069 = DIRECTION ( 'NONE',  ( -0.000000000000000000, 0.000000000000000000, -1.000000000000000000 ) ) ;
#9070 = AXIS2_PLACEMENT_3D ( 'NONE', #4360, #7698, #6889 ) ;
#9071 = ORIENTED_EDGE ( 'NONE', *, *, #9507, .T. ) ;
#9072 = CARTESIAN_POINT ( 'NONE',  ( -4.764267565201869559, 0.3499999999999999778, -5.000000000000000000 ) ) ;
#9073 = CARTESIAN_POINT ( 'NONE',  ( -6.200000000000001954, 4.700000000000000178, 0.1000000000000000472 ) ) ;
#9074 = ORIENTED_EDGE ( 'NONE', *, *, #6335, .F. ) ;
#9075 = EDGE_LOOP ( 'NONE', ( #7154, #2431, #3597, #4428 ) ) ;
#9076 = VECTOR ( 'NONE', #5119, 1000.000000000000000 ) ;
#9077 = EDGE_LOOP ( 'NONE', ( #6949, #2716, #2967, #3120 ) ) ;
#9078 = DIRECTION ( 'NONE',  ( -1.000000000000000000, 0.000000000000000000, 4.818676322157799347E-16 ) ) ;
#9079 = EDGE_CURVE ( 'NONE', #392, #1742, #10020, .T. ) ;
#9080 = DIRECTION ( 'NONE',  ( 0.000000000000000000, -0.000000000000000000, -1.000000000000000000 ) ) ;
#9081 = DIRECTION ( 'NONE',  ( 0.000000000000000000, -1.000000000000000000, -2.168404344971008868E-16 ) ) ;
#9082 = LINE ( 'NONE', #4915, #3994 ) ;
#9083 = CARTESIAN_POINT ( 'NONE',  ( -3.750000000000107470, 0.2000000000000000111, 2.400000000000000355 ) ) ;
#9084 = FACE_OUTER_BOUND ( 'NONE', #6393, .T. ) ;
#9085 = VERTEX_POINT ( 'NONE', #6153 ) ;
#9086 = ORIENTED_EDGE ( 'NONE', *, *, #2339, .T. ) ;
#9087 = DIRECTION ( 'NONE',  ( -1.000000000000000000, 0.000000000000000000, -0.000000000000000000 ) ) ;
#9088 = EDGE_CURVE ( 'NONE', #7530, #1826, #8673, .T. ) ;
#9089 = FACE_OUTER_BOUND ( 'NONE', #7183, .T. ) ;
#9090 = FACE_OUTER_BOUND ( 'NONE', #855, .T. ) ;
#9091 = FILL_AREA_STYLE ('',( #3226 ) ) ;
#9092 = CARTESIAN_POINT ( 'NONE',  ( -6.200000000000001066, 2.400000000000000355, 3.725000000000000089 ) ) ;
#9093 = ORIENTED_EDGE ( 'NONE', *, *, #10086, .T. ) ;
#9094 = CARTESIAN_POINT ( 'NONE',  ( 4.140808929720139808, 2.540808929720139275, -2.300000000000000266 ) ) ;
#9095 = CARTESIAN_POINT ( 'NONE',  ( -5.800000000000000711, 5.465000000000001634, 0.7499999999999993339 ) ) ;
#9096 =( GEOMETRIC_REPRESENTATION_CONTEXT ( 3 ) GLOBAL_UNCERTAINTY_ASSIGNED_CONTEXT ( ( #2916 ) ) GLOBAL_UNIT_ASSIGNED_CONTEXT ( ( #8649, #3432, #5301 ) ) REPRESENTATION_CONTEXT ( 'NONE', 'WORKASPACE' ) );
#9097 = DIRECTION ( 'NONE',  ( 1.000000000000000000, 0.000000000000000000, -0.000000000000000000 ) ) ;
#9098 = ORIENTED_EDGE ( 'NONE', *, *, #1408, .T. ) ;
#9099 = CARTESIAN_POINT ( 'NONE',  ( 1.749999999999999778, 2.149999999999999467, 0.7999999999999994893 ) ) ;
#9100 = CARTESIAN_POINT ( 'NONE',  ( 3.850000000000000089, 5.700000000000000178, -3.200000000000000178 ) ) ;
#9101 = PLANE ( 'NONE',  #586 ) ;
#9102 = VECTOR ( 'NONE', #4711, 1000.000000000000000 ) ;
#9103 = VERTEX_POINT ( 'NONE', #1656 ) ;
#9104 = FACE_OUTER_BOUND ( 'NONE', #3241, .T. ) ;
#9105 = ORIENTED_EDGE ( 'NONE', *, *, #10749, .T. ) ;
#9106 = COLOUR_RGB ( '',0.7921568627450980005, 0.8196078431372548767, 0.9333333333333333481 ) ;
#9107 = CARTESIAN_POINT ( 'NONE',  ( 6.200000000000001066, 5.425000000000000711, 3.075000000000000622 ) ) ;
#9109 = ORIENTED_EDGE ( 'NONE', *, *, #3513, .T. ) ;
#9108 = AXIS2_PLACEMENT_3D ( 'NONE', #8612, #2739, #9439 ) ;
#9110 = SURFACE_SIDE_STYLE ('',( #5773 ) ) ;
#9111 = LINE ( 'NONE', #6600, #6605 ) ;
#9112 = ADVANCED_FACE ( 'NONE', ( #8356 ), #3367, .F. ) ;
#9113 = ADVANCED_FACE ( 'NONE', ( #1365 ), #5492, .F. ) ;
#9114 = EDGE_CURVE ( 'NONE', #2484, #6990, #2193, .T. ) ;
#9115 = AXIS2_PLACEMENT_3D ( 'NONE', #8054, #3948, #2356 ) ;
#9116 = EDGE_LOOP ( 'NONE', ( #71, #4710, #2203, #6922, #4976, #6497, #4012, #695, #6501, #3795, #1916 ) ) ;
#9117 = CYLINDRICAL_SURFACE ( 'NONE', #7134, 0.07499999999999998335 ) ;
#9118 = VERTEX_POINT ( 'NONE', #5379 ) ;
#9119 = CIRCLE ( 'NONE', #4381, 0.07500000000000041356 ) ;
#9120 = CARTESIAN_POINT ( 'NONE',  ( -6.054999999999998828, 0.6500000000000021316, -5.000000000000000000 ) ) ;
#9121 = CARTESIAN_POINT ( 'NONE',  ( -7.000000000000000888, 3.150000000000000799, -3.000000000000000000 ) ) ;
#9122 = VERTEX_POINT ( 'NONE', #2027 ) ;
#9123 = VECTOR ( 'NONE', #10419, 1000.000000000000000 ) ;
#9124 = ORIENTED_EDGE ( 'NONE', *, *, #6083, .T. ) ;
#9125 = DIRECTION ( 'NONE',  ( 0.000000000000000000, -1.000000000000000000, 0.000000000000000000 ) ) ;
#9126 = VECTOR ( 'NONE', #763, 1000.000000000000000 ) ;
#9127 = CARTESIAN_POINT ( 'NONE',  ( 6.305000000000000604, 0.000000000000000000, -1.513476936738000322 ) ) ;
#9128 = PLANE ( 'NONE',  #4432 ) ;
#9129 = CARTESIAN_POINT ( 'NONE',  ( -4.250000000000000000, 2.649999999999999911, -1.999999999999997335 ) ) ;
#9130 = CARTESIAN_POINT ( 'NONE',  ( -6.200000000000001066, 4.939999999999999503, 2.049999999999999822 ) ) ;
#9131 = LINE ( 'NONE', #6974, #6135 ) ;
#9132 = EDGE_CURVE ( 'NONE', #7506, #975, #7373, .T. ) ;
#9133 = VECTOR ( 'NONE', #1001, 1000.000000000000000 ) ;
#9134 = PLANE ( 'NONE',  #722 ) ;
#9135 = ORIENTED_EDGE ( 'NONE', *, *, #7722, .T. ) ;
#9136 = CIRCLE ( 'NONE', #8259, 0.3500000000000000333 ) ;
#9137 = ORIENTED_EDGE ( 'NONE', *, *, #8395, .T. ) ;
#9138 = CARTESIAN_POINT ( 'NONE',  ( 4.657930176932544519, -2.545029625028461638E-16, -4.770469655267979725 ) ) ;
#9139 = CARTESIAN_POINT ( 'NONE',  ( -6.200000000000001066, 5.325000000000001954, 3.725000000000000533 ) ) ;
#9140 = CARTESIAN_POINT ( 'NONE',  ( -6.197820323027551481, 0.000000000000000000, -1.513476936738000322 ) ) ;
#9141 = VECTOR ( 'NONE', #1104, 1000.000000000000000 ) ;
#9142 = FACE_OUTER_BOUND ( 'NONE', #6400, .T. ) ;
#9143 = VERTEX_POINT ( 'NONE', #9559 ) ;
#9144 = CARTESIAN_POINT ( 'NONE',  ( 7.000000000000000000, 5.700000000000000178, -3.200000000000000178 ) ) ;
#9145 = EDGE_CURVE ( 'NONE', #7838, #1826, #10495, .T. ) ;
#9146 = EDGE_CURVE ( 'NONE', #680, #6422, #7090, .T. ) ;
#9147 = LINE ( 'NONE', #799, #9271 ) ;
#9148 = STYLED_ITEM ( 'NONE', ( #3777 ), #2029 ) ;
#9149 = DIRECTION ( 'NONE',  ( 1.000000000000000000, -0.000000000000000000, -0.000000000000000000 ) ) ;
#9150 = ORIENTED_EDGE ( 'NONE', *, *, #8717, .T. ) ;
#9151 = DIRECTION ( 'NONE',  ( 0.000000000000000000, 0.000000000000000000, 1.000000000000000000 ) ) ;
#9152 = DIRECTION ( 'NONE',  ( -0.9063077870366492705, 0.000000000000000000, 0.4226182617407009401 ) ) ;
#9153 = VECTOR ( 'NONE', #9807, 1000.000000000000000 ) ;
#9154 = AXIS2_PLACEMENT_3D ( 'NONE', #6524, #8209, #682 ) ;
#9155 = ORIENTED_EDGE ( 'NONE', *, *, #6643, .T. ) ;
#9156 = CARTESIAN_POINT ( 'NONE',  ( 7.000000000000000000, 0.6000000000000000888, 3.899999999999999911 ) ) ;
#9157 = VERTEX_POINT ( 'NONE', #8730 ) ;
#9158 = FILL_AREA_STYLE_COLOUR ( '', #8772 ) ;
#9159 = VECTOR ( 'NONE', #5012, 1000.000000000000000 ) ;
#9160 = CARTESIAN_POINT ( 'NONE',  ( 6.305000000000000604, 1.799999999999999600, 1.099999999999999867 ) ) ;
#9161 = VECTOR ( 'NONE', #5660, 1000.000000000000000 ) ;
#9162 = EDGE_LOOP ( 'NONE', ( #3440, #5871, #2503, #5776 ) ) ;
#9163 = CARTESIAN_POINT ( 'NONE',  ( 5.800000000000000711, 5.470710678118656745, 0.6028679656440332213 ) ) ;
#9164 = DIRECTION ( 'NONE',  ( -0.000000000000000000, -0.000000000000000000, 1.000000000000000000 ) ) ;
#9165 = ADVANCED_FACE ( 'NONE', ( #9726 ), #4724, .F. ) ;
#9166 = ORIENTED_EDGE ( 'NONE', *, *, #2409, .T. ) ;
#9167 = DIRECTION ( 'NONE',  ( 1.000000000000000000, 0.000000000000000000, 0.000000000000000000 ) ) ;
#9168 = AXIS2_PLACEMENT_3D ( 'NONE', #10282, #1984, #5599 ) ;
#9169 = ORIENTED_EDGE ( 'NONE', *, *, #5968, .T. ) ;
#9170 = LINE ( 'NONE', #7730, #9195 ) ;
#9171 = ADVANCED_FACE ( 'NONE', ( #3020 ), #3839, .T. ) ;
#9172 = DIRECTION ( 'NONE',  ( 0.000000000000000000, 0.7071067811865384689, -0.7071067811865565655 ) ) ;
#9173 = EDGE_CURVE ( 'NONE', #9972, #2910, #7194, .T. ) ;
#9174 = EDGE_CURVE ( 'NONE', #842, #10343, #8584, .T. ) ;
#9175 = ORIENTED_EDGE ( 'NONE', *, *, #8000, .T. ) ;
#9176 = EDGE_LOOP ( 'NONE', ( #2432, #7551, #3095, #4623 ) ) ;
#9177 = CARTESIAN_POINT ( 'NONE',  ( -0.3666666666667520724, 8.633333333333293780, -6.883333333333333748 ) ) ;
#9178 = CARTESIAN_POINT ( 'NONE',  ( 5.800000000000000711, 5.500000000000001776, -1.699999999999999289 ) ) ;
#9179 = FACE_OUTER_BOUND ( 'NONE', #8964, .T. ) ;
#9180 = DIRECTION ( 'NONE',  ( -0.3236155771181821184, 0.3236155771181821184, 0.8891264907159901476 ) ) ;
#9181 = DIRECTION ( 'NONE',  ( 1.000000000000000000, -5.102127870520025912E-16, 0.000000000000000000 ) ) ;
#9182 = VERTEX_POINT ( 'NONE', #3076 ) ;
#9183 = CARTESIAN_POINT ( 'NONE',  ( 1.849999999999998090, 3.850000000000000533, -3.200000000000000178 ) ) ;
#9184 = CARTESIAN_POINT ( 'NONE',  ( -2.250000000000108802, 1.300000000000000266, 3.899999999999999911 ) ) ;
#9185 = DIRECTION ( 'NONE',  ( 0.000000000000000000, 0.000000000000000000, 1.000000000000000000 ) ) ;
#9186 = EDGE_CURVE ( 'NONE', #1024, #6304, #7140, .T. ) ;
#9187 = ORIENTED_EDGE ( 'NONE', *, *, #2919, .T. ) ;
#9188 = EDGE_CURVE ( 'NONE', #5688, #1985, #4557, .T. ) ;
#9189 = VERTEX_POINT ( 'NONE', #2251 ) ;
#9190 = CARTESIAN_POINT ( 'NONE',  ( -6.200000000000001066, 5.400000000000000355, 0.5321572875253804957 ) ) ;
#9191 = EDGE_CURVE ( 'NONE', #471, #10777, #8953, .T. ) ;
#9192 = LINE ( 'NONE', #8418, #9926 ) ;
#9193 = PLANE ( 'NONE',  #4787 ) ;
#9194 = DIRECTION ( 'NONE',  ( 0.5773502691896235106, -0.5773502691896236216, 0.5773502691896301720 ) ) ;
#9195 = VECTOR ( 'NONE', #7622, 1000.000000000000000 ) ;
#9196 = DIRECTION ( 'NONE',  ( 2.787806212151601578E-16, 0.7071067811865514585, 0.7071067811865436870 ) ) ;
#9197 = EDGE_CURVE ( 'NONE', #4555, #6401, #2912, .T. ) ;
#9198 = ORIENTED_EDGE ( 'NONE', *, *, #8291, .F. ) ;
#9199 = PLANE ( 'NONE',  #1233 ) ;
#9200 = MANIFOLD_SOLID_BREP ( 'LPattern1[4]', #3920 ) ;
#9201 = CARTESIAN_POINT ( 'NONE',  ( 3.099999999999999645, 3.699999999999999734, 0.7999999999999994893 ) ) ;
#9202 = ORIENTED_EDGE ( 'NONE', *, *, #6123, .T. ) ;
#9203 = COLOUR_RGB ( '',1.000000000000000000, 1.000000000000000000, 0.7529411764705882248 ) ;
#9204 = LINE ( 'NONE', #3384, #2290 ) ;
#9205 = ORIENTED_EDGE ( 'NONE', *, *, #6102, .T. ) ;
#9206 = DIRECTION ( 'NONE',  ( 0.000000000000000000, -0.000000000000000000, -1.000000000000000000 ) ) ;
#9207 = DIRECTION ( 'NONE',  ( -1.000000000000000000, 0.000000000000000000, 0.000000000000000000 ) ) ;
#9208 = EDGE_CURVE ( 'NONE', #4465, #4093, #10440, .T. ) ;
#9209 = LINE ( 'NONE', #1476, #8294 ) ;
#9210 = ORIENTED_EDGE ( 'NONE', *, *, #921, .F. ) ;
#9211 = LINE ( 'NONE', #1682, #9825 ) ;
#9212 = ORIENTED_EDGE ( 'NONE', *, *, #44, .T. ) ;
#9213 = LINE ( 'NONE', #10262, #8285 ) ;
#9214 = EDGE_CURVE ( 'NONE', #9023, #6535, #9946, .T. ) ;
#9215 = EDGE_LOOP ( 'NONE', ( #7463, #6051, #3184, #3639 ) ) ;
#9216 = DIRECTION ( 'NONE',  ( 1.000000000000000000, -0.000000000000000000, -0.000000000000000000 ) ) ;
#9217 = VECTOR ( 'NONE', #7645, 1000.000000000000000 ) ;
#9218 = DIRECTION ( 'NONE',  ( 1.000000000000000000, 0.000000000000000000, 0.000000000000000000 ) ) ;
#9219 = EDGE_CURVE ( 'NONE', #4295, #4301, #604, .T. ) ;
#9220 = ORIENTED_EDGE ( 'NONE', *, *, #10705, .F. ) ;
#9221 = FACE_OUTER_BOUND ( 'NONE', #5157, .T. ) ;
#9222 = ORIENTED_EDGE ( 'NONE', *, *, #1011, .F. ) ;
#9223 = DIRECTION ( 'NONE',  ( -0.000000000000000000, 0.000000000000000000, -1.000000000000000000 ) ) ;
#9224 = VECTOR ( 'NONE', #840, 1000.000000000000114 ) ;
#9225 = CARTESIAN_POINT ( 'NONE',  ( 5.350000000000000533, 2.350000000000000089, -4.500000000000000888 ) ) ;
#9226 = VERTEX_POINT ( 'NONE', #9993 ) ;
#9227 = ORIENTED_EDGE ( 'NONE', *, *, #8216, .T. ) ;
#9228 = LINE ( 'NONE', #2338, #6674 ) ;
#9229 = CARTESIAN_POINT ( 'NONE',  ( 6.200000000000001066, 2.400000000000001243, -1.699999999999999734 ) ) ;
#9230 = PLANE ( 'NONE',  #9524 ) ;
#9231 = VECTOR ( 'NONE', #10733, 1000.000000000000000 ) ;
#9232 = CARTESIAN_POINT ( 'NONE',  ( -2.250000000000107914, 0.2000000000000000111, 5.000000000000000888 ) ) ;
#9233 = MANIFOLD_SOLID_BREP ( 'LPattern1[6]', #5493 ) ;
#9234 = DIRECTION ( 'NONE',  ( -1.000000000000000000, -0.000000000000000000, -0.000000000000000000 ) ) ;
#9235 = VERTEX_POINT ( 'NONE', #5040 ) ;
#9236 = CARTESIAN_POINT ( 'NONE',  ( -0.6250000000000001110, 4.400000000000000355, -0.2500000000000002220 ) ) ;
#9237 = CARTESIAN_POINT ( 'NONE',  ( 2.249999999999892530, 0.2000000000000000111, 2.400000000000000355 ) ) ;
#9238 = ORIENTED_EDGE ( 'NONE', *, *, #5732, .F. ) ;
#9239 = VECTOR ( 'NONE', #3073, 1000.000000000000000 ) ;
#9240 = ORIENTED_EDGE ( 'NONE', *, *, #6172, .T. ) ;
#9241 = CARTESIAN_POINT ( 'NONE',  ( -5.800000000000000711, 5.400000000000000355, 0.9678427124746188381 ) ) ;
#9243 = EDGE_CURVE ( 'NONE', #6401, #2661, #7464, .T. ) ;
#9242 = CARTESIAN_POINT ( 'NONE',  ( -1.749999999999999778, 2.149999999999999467, -2.300000000000000266 ) ) ;
#9244 = CARTESIAN_POINT ( 'NONE',  ( 5.800000000000000711, 5.500000000000000888, 2.250000000000000000 ) ) ;
#9245 = EDGE_CURVE ( 'NONE', #578, #3024, #10825, .T. ) ;
#9246 = EDGE_CURVE ( 'NONE', #4851, #2818, #1684, .T. ) ;
#9247 = CARTESIAN_POINT ( 'NONE',  ( 6.305000000000000604, 4.629138561470611535, -1.700000000000000178 ) ) ;
#9248 = EDGE_CURVE ( 'NONE', #623, #8794, #9119, .T. ) ;
#9249 = PLANE ( 'NONE',  #8937 ) ;
#9250 = ORIENTED_EDGE ( 'NONE', *, *, #8740, .F. ) ;
#9251 = CARTESIAN_POINT ( 'NONE',  ( -2.250000000000107914, 0.000000000000000000, 4.800000000000000711 ) ) ;
#9252 = MANIFOLD_SOLID_BREP ( 'LPattern1[1]', #10772 ) ;
#9253 = CARTESIAN_POINT ( 'NONE',  ( 4.772308208846849809, 0.1737340227467782938, -4.955825511739106126 ) ) ;
#9254 = ORIENTED_EDGE ( 'NONE', *, *, #9310, .T. ) ;
#9255 = PLANE ( 'NONE',  #7387 ) ;
#9256 = ORIENTED_EDGE ( 'NONE', *, *, #9824, .T. ) ;
#9257 = DIRECTION ( 'NONE',  ( 0.9396926207859095381, 0.000000000000000000, -0.3420201433256658263 ) ) ;
#9258 = DIRECTION ( 'NONE',  ( 0.000000000000000000, 0.000000000000000000, -1.000000000000000000 ) ) ;
#9259 = DIRECTION ( 'NONE',  ( 0.000000000000000000, -0.9396926207859095381, -0.3420201433256658263 ) ) ;
#9260 = ORIENTED_EDGE ( 'NONE', *, *, #8819, .T. ) ;
#9261 = LINE ( 'NONE', #8431, #7518 ) ;
#9262 = ORIENTED_EDGE ( 'NONE', *, *, #5742, .T. ) ;
#9263 = LINE ( 'NONE', #3609, #7536 ) ;
#9264 = EDGE_CURVE ( 'NONE', #8157, #3150, #5819, .T. ) ;
#9265 = EDGE_CURVE ( 'NONE', #6257, #7621, #9263, .T. ) ;
#9266 = PLANE ( 'NONE',  #8635 ) ;
#9267 = ORIENTED_EDGE ( 'NONE', *, *, #10538, .F. ) ;
#9268 = LINE ( 'NONE', #1794, #5421 ) ;
#9269 = CARTESIAN_POINT ( 'NONE',  ( 4.827974591282621297, 0.000000000000000000, -4.650000000000000355 ) ) ;
#9270 = EDGE_CURVE ( 'NONE', #5965, #10629, #7718, .T. ) ;
#9271 = VECTOR ( 'NONE', #3278, 1000.000000000000000 ) ;
#9272 = ORIENTED_EDGE ( 'NONE', *, *, #9191, .T. ) ;
#9273 = DIRECTION ( 'NONE',  ( 1.000000000000000000, -0.000000000000000000, -5.560011140951304758E-17 ) ) ;
#9274 = EDGE_LOOP ( 'NONE', ( #6028, #1814, #10321, #3632 ) ) ;
#9275 = CARTESIAN_POINT ( 'NONE',  ( -5.800000000000000711, 5.470710678118654968, 1.647132034355962338 ) ) ;
#9276 = ADVANCED_FACE ( 'NONE', ( #35 ), #6960, .T. ) ;
#9277 = AXIS2_PLACEMENT_3D ( 'NONE', #7540, #1712, #8471 ) ;
#9278 = PLANE ( 'NONE',  #891 ) ;
#9279 = ADVANCED_FACE ( 'NONE', ( #2782 ), #10314, .F. ) ;
#9280 = VERTEX_POINT ( 'NONE', #8542 ) ;
#9281 = VERTEX_POINT ( 'NONE', #9486 ) ;
#9282 = CARTESIAN_POINT ( 'NONE',  ( 2.999999999999999112, 8.000000000000000000, -4.100000000000003197 ) ) ;
#9283 = PRESENTATION_LAYER_ASSIGNMENT (  '', '', ( #4909 ) ) ;
#9284 = CARTESIAN_POINT ( 'NONE',  ( 2.249999999999892530, 0.6000000000000000888, 4.999999999999985789 ) ) ;
#9285 = DIRECTION ( 'NONE',  ( 1.000000000000000000, 0.000000000000000000, 0.000000000000000000 ) ) ;
#9286 = DIRECTION ( 'NONE',  ( 1.000000000000000000, -0.000000000000000000, -0.000000000000000000 ) ) ;
#9287 = VECTOR ( 'NONE', #10551, 1000.000000000000000 ) ;
#9288 = DIRECTION ( 'NONE',  ( 7.885106708985488048E-16, -1.000000000000000000, 0.000000000000000000 ) ) ;
#9289 = ORIENTED_EDGE ( 'NONE', *, *, #3745, .T. ) ;
#9290 = DIRECTION ( 'NONE',  ( 1.000000000000000000, 0.000000000000000000, 3.336006684570783101E-16 ) ) ;
#9291 = AXIS2_PLACEMENT_3D ( 'NONE', #5369, #10656, #6425 ) ;
#9292 = CARTESIAN_POINT ( 'NONE',  ( -0.2500000000001069145, 0.6000000000000000888, 2.400000000000000355 ) ) ;
#9293 = VERTEX_POINT ( 'NONE', #1956 ) ;
#9294 = VECTOR ( 'NONE', #5254, 1000.000000000000000 ) ;
#9295 = VERTEX_POINT ( 'NONE', #7613 ) ;
#9296 = CYLINDRICAL_SURFACE ( 'NONE', #1448, 0.09999999999999993616 ) ;
#9297 = VECTOR ( 'NONE', #4368, 1000.000000000000000 ) ;
#9298 = DIRECTION ( 'NONE',  ( 0.000000000000000000, 0.000000000000000000, 1.000000000000000000 ) ) ;
#9299 = LINE ( 'NONE', #2646, #7743 ) ;
#9300 = LINE ( 'NONE', #1714, #4490 ) ;
#9301 = EDGE_CURVE ( 'NONE', #4518, #618, #3393, .T. ) ;
#9302 = AXIS2_PLACEMENT_3D ( 'NONE', #10521, #10468, #5298 ) ;
#9303 = DIRECTION ( 'NONE',  ( 0.000000000000000000, 0.000000000000000000, -1.000000000000000000 ) ) ;
#9304 = ORIENTED_EDGE ( 'NONE', *, *, #7630, .T. ) ;
#9305 = LINE ( 'NONE', #1717, #9133 ) ;
#9306 = EDGE_CURVE ( 'NONE', #2387, #10079, #8486, .T. ) ;
#9307 = CARTESIAN_POINT ( 'NONE',  ( 4.827974591282621297, -1.897353801849632760E-16, -4.650000000000000355 ) ) ;
#9308 = ORIENTED_EDGE ( 'NONE', *, *, #10315, .T. ) ;
#9309 = EDGE_CURVE ( 'NONE', #3856, #3741, #6797, .T. ) ;
#9310 = EDGE_CURVE ( 'NONE', #325, #9397, #1895, .T. ) ;
#9311 = DIRECTION ( 'NONE',  ( 0.000000000000000000, -1.000000000000000000, 0.000000000000000000 ) ) ;
#9313 = ORIENTED_EDGE ( 'NONE', *, *, #5953, .T. ) ;
#9312 = AXIS2_PLACEMENT_3D ( 'NONE', #7211, #3203, #2375 ) ;
#9314 = DIRECTION ( 'NONE',  ( 0.6365239496641675876, -0.4355163866123252792, 0.6365239496641675876 ) ) ;
#9315 = DIRECTION ( 'NONE',  ( 1.000000000000000000, 0.000000000000000000, 0.000000000000000000 ) ) ;
#9316 = CARTESIAN_POINT ( 'NONE',  ( 4.049999999999999822, 3.850000000000000533, -3.200000000000000178 ) ) ;
#9317 = VERTEX_POINT ( 'NONE', #10152 ) ;
#9318 = AXIS2_PLACEMENT_3D ( 'NONE', #10199, #6026, #9258 ) ;
#9319 = VERTEX_POINT ( 'NONE', #6746 ) ;
#9320 = VECTOR ( 'NONE', #5159, 1000.000000000000000 ) ;
#9321 = CARTESIAN_POINT ( 'NONE',  ( 5.350000000000000533, 1.999896230895142013, -5.000000000000000000 ) ) ;
#9322 = ADVANCED_FACE ( 'NONE', ( #7665 ), #2670, .T. ) ;
#9323 = ADVANCED_FACE ( 'NONE', ( #7561 ), #4378, .F. ) ;
#9324 = LINE ( 'NONE', #8386, #7583 ) ;
#9325 = VERTEX_POINT ( 'NONE', #2726 ) ;
#9326 = CARTESIAN_POINT ( 'NONE',  ( -5.800000000000000711, 5.425000000000000711, 3.000000000000000444 ) ) ;
#9327 = AXIS2_PLACEMENT_3D ( 'NONE', #8655, #9645, #6194 ) ;
#9328 = CARTESIAN_POINT ( 'NONE',  ( -5.349999999999999645, 1.999896230895142013, -5.000000000000000000 ) ) ;
#9329 = AXIS2_PLACEMENT_3D ( 'NONE', #901, #5921, #8535 ) ;
#9330 = EDGE_CURVE ( 'NONE', #9441, #5241, #136, .T. ) ;
#9331 = CIRCLE ( 'NONE', #10758, 0.2500000000000002220 ) ;
#9332 = ORIENTED_EDGE ( 'NONE', *, *, #1600, .F. ) ;
#9333 = DIRECTION ( 'NONE',  ( 0.000000000000000000, 0.000000000000000000, -1.000000000000000000 ) ) ;
#9334 = ORIENTED_EDGE ( 'NONE', *, *, #518, .F. ) ;
#9335 = DIRECTION ( 'NONE',  ( 1.000000000000000000, 0.000000000000000000, 0.000000000000000000 ) ) ;
#9336 = VECTOR ( 'NONE', #5459, 1000.000000000000000 ) ;
#9337 = AXIS2_PLACEMENT_3D ( 'NONE', #4094, #10805, #8990 ) ;
#9338 = CARTESIAN_POINT ( 'NONE',  ( 7.000000000000000000, 0.4000000000000000222, 2.149999999999999911 ) ) ;
#9339 = ORIENTED_EDGE ( 'NONE', *, *, #1425, .T. ) ;
#9340 = ORIENTED_EDGE ( 'NONE', *, *, #5197, .F. ) ;
#9341 = CARTESIAN_POINT ( 'NONE',  ( 7.000000000000000000, 0.2000000000000000111, 3.899999999999999911 ) ) ;
#9342 = CARTESIAN_POINT ( 'NONE',  ( 7.000000000000000000, 0.2000000000000000111, 2.149999999999999911 ) ) ;
#9343 = DIRECTION ( 'NONE',  ( 0.000000000000000000, 0.000000000000000000, 1.000000000000000000 ) ) ;
#9344 = VECTOR ( 'NONE', #5879, 1000.000000000000000 ) ;
#9345 = ORIENTED_EDGE ( 'NONE', *, *, #10433, .F. ) ;
#9346 = DIRECTION ( 'NONE',  ( 1.000000000000000000, -0.000000000000000000, -0.000000000000000000 ) ) ;
#9347 = ADVANCED_FACE ( 'NONE', ( #910 ), #1840, .F. ) ;
#9348 = LINE ( 'NONE', #1808, #10659 ) ;
#9349 = EDGE_CURVE ( 'NONE', #10209, #8177, #6847, .T. ) ;
#9350 = ORIENTED_EDGE ( 'NONE', *, *, #3383, .T. ) ;
#9351 = DIRECTION ( 'NONE',  ( 0.000000000000000000, -0.000000000000000000, 1.000000000000000000 ) ) ;
#9352 = DIRECTION ( 'NONE',  ( 5.421010862427521184E-16, 1.591489427501658143E-16, -1.000000000000000000 ) ) ;
#9353 = ORIENTED_EDGE ( 'NONE', *, *, #9742, .F. ) ;
#9354 = ORIENTED_EDGE ( 'NONE', *, *, #1160, .T. ) ;
#9355 = DIRECTION ( 'NONE',  ( -0.000000000000000000, -0.000000000000000000, -1.000000000000000000 ) ) ;
#9356 = CARTESIAN_POINT ( 'NONE',  ( 5.800000000000000711, 4.939999999999999503, 2.925000000000000711 ) ) ;
#9357 = CARTESIAN_POINT ( 'NONE',  ( -0.6250000000000001110, 5.000000000000000000, -0.2500000000000002220 ) ) ;
#9358 = CARTESIAN_POINT ( 'NONE',  ( 4.250000000000000000, 2.540808929720139275, -2.300000000000000266 ) ) ;
#9359 = DIRECTION ( 'NONE',  ( 1.000000000000000000, 0.000000000000000000, 0.000000000000000000 ) ) ;
#9360 = DIRECTION ( 'NONE',  ( -0.5773502691896257311, -0.5773502691896257311, 0.5773502691896257311 ) ) ;
#9361 = ORIENTED_EDGE ( 'NONE', *, *, #8252, .T. ) ;
#9362 = DIRECTION ( 'NONE',  ( 0.000000000000000000, 0.000000000000000000, 1.000000000000000000 ) ) ;
#9363 = FACE_OUTER_BOUND ( 'NONE', #3357, .T. ) ;
#9364 = VERTEX_POINT ( 'NONE', #5979 ) ;
#9365 = CARTESIAN_POINT ( 'NONE',  ( -5.800000000000000711, 2.400000000000000355, 3.700000000000000178 ) ) ;
#9366 = VERTEX_POINT ( 'NONE', #9321 ) ;
#9367 = CARTESIAN_POINT ( 'NONE',  ( -1.496673887931475377, 0.3999999999999996336, 1.399999999999999689 ) ) ;
#9368 = DIRECTION ( 'NONE',  ( -0.2359856711608181723, 0.8807105146304250454, 0.4106820575897978109 ) ) ;
#9369 = CARTESIAN_POINT ( 'NONE',  ( 6.305000000000000604, 1.800000000000000044, -1.700000000000000178 ) ) ;
#9370 = ADVANCED_FACE ( 'NONE', ( #4437 ), #7778, .F. ) ;
#9371 = ORIENTED_EDGE ( 'NONE', *, *, #7919, .T. ) ;
#9372 =( NAMED_UNIT ( * ) SI_UNIT ( $, .STERADIAN. ) SOLID_ANGLE_UNIT ( ) );
#9373 = EDGE_LOOP ( 'NONE', ( #10754, #9027, #658, #873 ) ) ;
#9374 = CARTESIAN_POINT ( 'NONE',  ( 4.502530833123326914, 0.3499999999999996447, -3.952083608390756453 ) ) ;
#9375 = VECTOR ( 'NONE', #9900, 1000.000000000000000 ) ;
#9376 = DIRECTION ( 'NONE',  ( -0.000000000000000000, -0.000000000000000000, 1.000000000000000000 ) ) ;
#9377 = ORIENTED_EDGE ( 'NONE', *, *, #4137, .F. ) ;
#9378 = MANIFOLD_SOLID_BREP ( 'Chamfer2', #1462 ) ;
#9379 = LINE ( 'NONE', #8388, #9994 ) ;
#9380 = DIRECTION ( 'NONE',  ( -0.000000000000000000, 1.000000000000000000, 0.000000000000000000 ) ) ;
#9381 = VECTOR ( 'NONE', #463, 1000.000000000000000 ) ;
#9382 = ADVANCED_FACE ( 'NONE', ( #3064 ), #10601, .T. ) ;
#9383 = EDGE_CURVE ( 'NONE', #3585, #9931, #7078, .T. ) ;
#9384 = ORIENTED_EDGE ( 'NONE', *, *, #9735, .F. ) ;
#9385 = DIRECTION ( 'NONE',  ( 0.000000000000000000, 0.000000000000000000, 1.000000000000000000 ) ) ;
#9386 = EDGE_CURVE ( 'NONE', #10724, #2257, #8593, .T. ) ;
#9387 = VERTEX_POINT ( 'NONE', #9652 ) ;
#9388 = DIRECTION ( 'NONE',  ( 0.000000000000000000, 1.591489427501657896E-16, -1.000000000000000000 ) ) ;
#9389 = LINE ( 'NONE', #314, #1394 ) ;
#9390 = FACE_OUTER_BOUND ( 'NONE', #5826, .T. ) ;
#9391 = ORIENTED_EDGE ( 'NONE', *, *, #5600, .T. ) ;
#9392 = COLOUR_RGB ( '',0.7921568627450980005, 0.8196078431372548767, 0.9333333333333333481 ) ;
#9393 = EDGE_LOOP ( 'NONE', ( #440, #4375, #8413, #2095 ) ) ;
#9394 = LINE ( 'NONE', #9282, #9473 ) ;
#9395 = DIRECTION ( 'NONE',  ( 0.000000000000000000, 0.000000000000000000, 1.000000000000000000 ) ) ;
#9396 = LINE ( 'NONE', #5540, #7046 ) ;
#9397 = VERTEX_POINT ( 'NONE', #1351 ) ;
#9398 = CARTESIAN_POINT ( 'NONE',  ( -7.000000000000000000, 2.400000000000000355, 3.700000000000000178 ) ) ;
#9399 = VERTEX_POINT ( 'NONE', #4713 ) ;
#9400 = CARTESIAN_POINT ( 'NONE',  ( -6.200000000000001066, 5.470710678118656745, 0.6028679656440332213 ) ) ;
#9401 = VECTOR ( 'NONE', #1387, 1000.000000000000000 ) ;
#9402 = ORIENTED_EDGE ( 'NONE', *, *, #7985, .F. ) ;
#9403 = DIRECTION ( 'NONE',  ( 1.000000000000000000, 0.000000000000000000, -0.000000000000000000 ) ) ;
#9404 = CARTESIAN_POINT ( 'NONE',  ( -1.699999999999999289, 4.400000000000000355, -3.200000000000000178 ) ) ;
#9405 = ORIENTED_EDGE ( 'NONE', *, *, #5282, .T. ) ;
#9406 = ORIENTED_EDGE ( 'NONE', *, *, #5642, .F. ) ;
#9407 = EDGE_CURVE ( 'NONE', #5337, #7085, #8769, .T. ) ;
#9408 = AXIS2_PLACEMENT_3D ( 'NONE', #4566, #7904, #383 ) ;
#9409 = VECTOR ( 'NONE', #829, 1000.000000000000000 ) ;
#9410 = FACE_OUTER_BOUND ( 'NONE', #3275, .T. ) ;
#9411 = CARTESIAN_POINT ( 'NONE',  ( 4.026055542458626846, 0.000000000000000000, -4.100000000000002309 ) ) ;
#9412 = CARTESIAN_POINT ( 'NONE',  ( -6.200000000000001066, 5.500000000000001776, 0.5321572875253787194 ) ) ;
#9413 = CARTESIAN_POINT ( 'NONE',  ( 6.304999999999999716, 3.150000000000000799, -3.000000000000000000 ) ) ;
#9414 = DIRECTION ( 'NONE',  ( -0.000000000000000000, -0.000000000000000000, -1.000000000000000000 ) ) ;
#9415 = AXIS2_PLACEMENT_3D ( 'NONE', #8780, #10492, #10664 ) ;
#9416 = VERTEX_POINT ( 'NONE', #3772 ) ;
#9417 = LINE ( 'NONE', #6833, #354 ) ;
#9418 = CARTESIAN_POINT ( 'NONE',  ( 4.777030276597248104, 0.1349081991615663778, -4.929882945992150489 ) ) ;
#9419 = ORIENTED_EDGE ( 'NONE', *, *, #3607, .F. ) ;
#9420 = ADVANCED_FACE ( 'NONE', ( #7830 ), #10484, .T. ) ;
#9421 = DIRECTION ( 'NONE',  ( 0.000000000000000000, -0.000000000000000000, -1.000000000000000000 ) ) ;
#9422 = ORIENTED_EDGE ( 'NONE', *, *, #4372, .F. ) ;
#9423 = CARTESIAN_POINT ( 'NONE',  ( 1.496673887931477154, 1.799999999999999600, 1.399999999999999689 ) ) ;
#9424 = AXIS2_PLACEMENT_3D ( 'NONE', #9130, #6614, #8980 ) ;
#9425 = DIRECTION ( 'NONE',  ( 0.000000000000000000, -1.000000000000000000, -0.000000000000000000 ) ) ;
#9426 = DIRECTION ( 'NONE',  ( -0.000000000000000000, -0.000000000000000000, 1.000000000000000000 ) ) ;
#9427 = ORIENTED_EDGE ( 'NONE', *, *, #10086, .F. ) ;
#9428 = DIRECTION ( 'NONE',  ( -0.5773502691896261751, -0.5773502691896228445, 0.5773502691896281735 ) ) ;
#9429 = ORIENTED_EDGE ( 'NONE', *, *, #9973, .F. ) ;
#9430 = DIRECTION ( 'NONE',  ( 1.000000000000000000, -0.000000000000000000, -0.000000000000000000 ) ) ;
#9431 = CARTESIAN_POINT ( 'NONE',  ( -1.750000000000107470, 0.000000000000000000, 2.400000000000000355 ) ) ;
#9432 = EDGE_LOOP ( 'NONE', ( #211, #2015, #7606, #4242 ) ) ;
#9433 = FILL_AREA_STYLE_COLOUR ( '', #4412 ) ;
#9434 = DIRECTION ( 'NONE',  ( -5.102127870520025912E-16, -1.000000000000000000, 0.000000000000000000 ) ) ;
#9435 = ORIENTED_EDGE ( 'NONE', *, *, #3884, .F. ) ;
#9436 = CARTESIAN_POINT ( 'NONE',  ( -5.899999999999998579, 1.799999999999999600, 1.099999999999999645 ) ) ;
#9437 = ORIENTED_EDGE ( 'NONE', *, *, #1816, .F. ) ;
#9438 = DIRECTION ( 'NONE',  ( 0.000000000000000000, -1.000000000000000000, 0.000000000000000000 ) ) ;
#9439 = DIRECTION ( 'NONE',  ( 0.000000000000000000, 0.000000000000000000, 1.000000000000000000 ) ) ;
#9440 = DIRECTION ( 'NONE',  ( -0.000000000000000000, 0.000000000000000000, -1.000000000000000000 ) ) ;
#9441 = VERTEX_POINT ( 'NONE', #9548 ) ;
#9442 = EDGE_CURVE ( 'NONE', #2073, #4986, #472, .T. ) ;
#9444 = VERTEX_POINT ( 'NONE', #1130 ) ;
#9443 = AXIS2_PLACEMENT_3D ( 'NONE', #75, #8476, #4365 ) ;
#9445 = EDGE_CURVE ( 'NONE', #2910, #6893, #8048, .T. ) ;
#9446 = PLANE ( 'NONE',  #10182 ) ;
#9447 = EDGE_CURVE ( 'NONE', #7579, #10204, #8715, .T. ) ;
#9448 = CARTESIAN_POINT ( 'NONE',  ( 7.000000000000000000, 1.999896230895142013, -5.000000000000000000 ) ) ;
#9449 = CYLINDRICAL_SURFACE ( 'NONE', #2495, 0.09999999999999961697 ) ;
#9450 = ORIENTED_EDGE ( 'NONE', *, *, #376, .T. ) ;
#9451 = FACE_OUTER_BOUND ( 'NONE', #3365, .T. ) ;
#9452 = LINE ( 'NONE', #9679, #5194 ) ;
#9453 = VERTEX_POINT ( 'NONE', #7994 ) ;
#9454 = LINE ( 'NONE', #2925, #2052 ) ;
#9455 = DIRECTION ( 'NONE',  ( 3.942553354492738600E-16, 1.000000000000000000, -0.000000000000000000 ) ) ;
#9456 = ORIENTED_EDGE ( 'NONE', *, *, #6270, .T. ) ;
#9457 = AXIS2_PLACEMENT_3D ( 'NONE', #914, #2565, #6852 ) ;
#9458 = ORIENTED_EDGE ( 'NONE', *, *, #6640, .T. ) ;
#9459 = VECTOR ( 'NONE', #7532, 1000.000000000000000 ) ;
#9460 = LINE ( 'NONE', #10238, #10376 ) ;
#9461 = DIRECTION ( 'NONE',  ( -0.000000000000000000, 1.000000000000000000, 0.000000000000000000 ) ) ;
#9462 = DIRECTION ( 'NONE',  ( 1.000000000000000000, 0.000000000000000000, 0.000000000000000000 ) ) ;
#9463 = EDGE_CURVE ( 'NONE', #7530, #6304, #8661, .T. ) ;
#9464 = AXIS2_PLACEMENT_3D ( 'NONE', #9937, #5536, #4828 ) ;
#9465 = FACE_OUTER_BOUND ( 'NONE', #5138, .T. ) ;
#9466 = FACE_OUTER_BOUND ( 'NONE', #1208, .T. ) ;
#9467 = ORIENTED_EDGE ( 'NONE', *, *, #589, .T. ) ;
#9468 =( GEOMETRIC_REPRESENTATION_CONTEXT ( 3 ) GLOBAL_UNCERTAINTY_ASSIGNED_CONTEXT ( ( #6440 ) ) GLOBAL_UNIT_ASSIGNED_CONTEXT ( ( #4113, #1581, #1635 ) ) REPRESENTATION_CONTEXT ( 'NONE', 'WORKASPACE' ) );
#9469 = DIRECTION ( 'NONE',  ( -0.000000000000000000, 1.000000000000000000, -0.000000000000000000 ) ) ;
#9470 = FACE_OUTER_BOUND ( 'NONE', #8440, .T. ) ;
#9471 = CARTESIAN_POINT ( 'NONE',  ( 7.000000000000000000, 1.999896230895142013, -5.000000000000000000 ) ) ;
#9472 = ORIENTED_EDGE ( 'NONE', *, *, #3882, .T. ) ;
#9473 = VECTOR ( 'NONE', #53, 1000.000000000000000 ) ;
#9474 = CARTESIAN_POINT ( 'NONE',  ( 7.000000000000000000, 0.6000000000000000888, 3.899999999999999911 ) ) ;
#9475 = EDGE_LOOP ( 'NONE', ( #2036, #9658, #6382, #257 ) ) ;
#9476 = CARTESIAN_POINT ( 'NONE',  ( -1.699999999999999289, 4.400000000000000355, 2.250000000000000000 ) ) ;
#9477 = CARTESIAN_POINT ( 'NONE',  ( -4.250000000000106581, 0.2000000000000000111, 2.400000000000000355 ) ) ;
#9478 = DIRECTION ( 'NONE',  ( 0.000000000000000000, 1.000000000000000000, 0.000000000000000000 ) ) ;
#9479 = AXIS2_PLACEMENT_3D ( 'NONE', #5184, #3381, #6735 ) ;
#9480 = DIRECTION ( 'NONE',  ( 0.000000000000000000, 0.000000000000000000, 1.000000000000000000 ) ) ;
#9481 = ORIENTED_EDGE ( 'NONE', *, *, #4278, .F. ) ;
#9482 = EDGE_CURVE ( 'NONE', #10327, #774, #8884, .T. ) ;
#9483 = DIRECTION ( 'NONE',  ( 0.000000000000000000, 0.000000000000000000, -1.000000000000000000 ) ) ;
#9484 = EDGE_CURVE ( 'NONE', #7893, #2828, #4544, .T. ) ;
#9485 = ORIENTED_EDGE ( 'NONE', *, *, #8149, .T. ) ;
#9486 = CARTESIAN_POINT ( 'NONE',  ( 5.004999999999999893, 5.064999999999999503, 2.250000000000000000 ) ) ;
#9487 = AXIS2_PLACEMENT_3D ( 'NONE', #9237, #5226, #10850 ) ;
#9488 = CARTESIAN_POINT ( 'NONE',  ( 2.250000000000000444, 2.149999999999999467, -2.300000000000000266 ) ) ;
#9489 = EDGE_LOOP ( 'NONE', ( #323, #5552, #5334, #5725 ) ) ;
#9490 = DIRECTION ( 'NONE',  ( -1.000000000000000000, -0.000000000000000000, -0.000000000000000000 ) ) ;
#9491 = VECTOR ( 'NONE', #2690, 1000.000000000000000 ) ;
#9492 = CIRCLE ( 'NONE', #15, 0.2000000000000005107 ) ;
#9493 = ORIENTED_EDGE ( 'NONE', *, *, #2212, .F. ) ;
#9494 = LINE ( 'NONE', #423, #1173 ) ;
#9495 = VERTEX_POINT ( 'NONE', #749 ) ;
#9496 = CARTESIAN_POINT ( 'NONE',  ( 6.200000000000001066, 5.400000000000000355, 0.5321572875253804957 ) ) ;
#9497 = DIRECTION ( 'NONE',  ( -0.000000000000000000, 0.3713906763541029443, -0.9284766908852596368 ) ) ;
#9498 = DIRECTION ( 'NONE',  ( 0.000000000000000000, -1.000000000000000000, 0.000000000000000000 ) ) ;
#9499 = ORIENTED_EDGE ( 'NONE', *, *, #8717, .F. ) ;
#9500 = VECTOR ( 'NONE', #1181, 1000.000000000000000 ) ;
#9501 = CARTESIAN_POINT ( 'NONE',  ( 5.800000000000000711, 2.400000000000000355, 1.999999999999999556 ) ) ;
#9502 = UNCERTAINTY_MEASURE_WITH_UNIT (LENGTH_MEASURE( 1.000000000000000082E-05 ), #6913, 'distance_accuracy_value', 'NONE');
#9503 = TOROIDAL_SURFACE ( 'NONE', #7055, 0.6000000000000000888, 0.3499999999999999778 ) ;
#9504 = ORIENTED_EDGE ( 'NONE', *, *, #7391, .T. ) ;
#9505 = LINE ( 'NONE', #1978, #8253 ) ;
#9506 = DIRECTION ( 'NONE',  ( 0.000000000000000000, 1.000000000000000000, 0.000000000000000000 ) ) ;
#9507 = EDGE_CURVE ( 'NONE', #4021, #10368, #5651, .T. ) ;
#9508 = CARTESIAN_POINT ( 'NONE',  ( -2.000000000000000000, 0.6000000000000000888, 0.000000000000000000 ) ) ;
#9509 = ORIENTED_EDGE ( 'NONE', *, *, #7577, .F. ) ;
#9510 = PLANE ( 'NONE',  #9168 ) ;
#9511 = ORIENTED_EDGE ( 'NONE', *, *, #1583, .F. ) ;
#9512 = CARTESIAN_POINT ( 'NONE',  ( 1.749999999999892308, 0.000000000000000000, 5.000000000000000000 ) ) ;
#9513 = AXIS2_PLACEMENT_3D ( 'NONE', #4526, #448, #3808 ) ;
#9514 = ADVANCED_FACE ( 'NONE', ( #7452 ), #796, .F. ) ;
#9515 = CIRCLE ( 'NONE', #3027, 0.09999999999999993616 ) ;
#9516 = ORIENTED_EDGE ( 'NONE', *, *, #7316, .T. ) ;
#9517 = DIRECTION ( 'NONE',  ( 1.000000000000000000, -0.000000000000000000, -0.000000000000000000 ) ) ;
#9518 = EDGE_CURVE ( 'NONE', #7761, #7717, #1407, .T. ) ;
#9519 = VECTOR ( 'NONE', #4999, 1000.000000000000000 ) ;
#9520 = CARTESIAN_POINT ( 'NONE',  ( 7.000000000000000000, 5.699999999999999289, 2.250000000000000000 ) ) ;
#9521 = VERTEX_POINT ( 'NONE', #9094 ) ;
#9522 = ORIENTED_EDGE ( 'NONE', *, *, #6573, .T. ) ;
#9523 = VECTOR ( 'NONE', #1277, 1000.000000000000000 ) ;
#9524 = AXIS2_PLACEMENT_3D ( 'NONE', #1701, #931, #4291 ) ;
#9525 = CARTESIAN_POINT ( 'NONE',  ( -3.850000000000000089, 5.700000000000000178, 3.900000000000000355 ) ) ;
#9526 = FACE_OUTER_BOUND ( 'NONE', #7600, .T. ) ;
#9527 = DIRECTION ( 'NONE',  ( 0.5773502691896257311, -0.5773502691896257311, 0.5773502691896257311 ) ) ;
#9528 = CARTESIAN_POINT ( 'NONE',  ( 5.350000000000000533, 2.750000000000001332, -3.200000000000000178 ) ) ;
#9529 = EDGE_CURVE ( 'NONE', #2496, #3741, #5806, .T. ) ;
#9530 = CARTESIAN_POINT ( 'NONE',  ( -1.750000000000107470, 0.000000000000000000, 2.900000000000001688 ) ) ;
#9531 = EDGE_CURVE ( 'NONE', #6912, #7510, #3866, .T. ) ;
#9532 = CARTESIAN_POINT ( 'NONE',  ( 7.000000000000000000, 0.000000000000000000, -4.650000000000000355 ) ) ;
#9533 = ADVANCED_FACE ( 'NONE', ( #6479 ), #8318, .F. ) ;
#9534 = VECTOR ( 'NONE', #6106, 1000.000000000000000 ) ;
#9535 = ORIENTED_EDGE ( 'NONE', *, *, #1203, .T. ) ;
#9536 = DIRECTION ( 'NONE',  ( -1.000000000000000000, -0.000000000000000000, -0.000000000000000000 ) ) ;
#9537 = LINE ( 'NONE', #2003, #9643 ) ;
#9538 = ORIENTED_EDGE ( 'NONE', *, *, #8461, .F. ) ;
#9539 = ADVANCED_FACE ( 'NONE', ( #2289 ), #4152, .F. ) ;
#9540 = FACE_OUTER_BOUND ( 'NONE', #4140, .T. ) ;
#9541 = CARTESIAN_POINT ( 'NONE',  ( -2.140808929720139364, 2.649999999999999911, -2.300000000000000266 ) ) ;
#9542 = CARTESIAN_POINT ( 'NONE',  ( -6.200000000000001066, 5.394289321881346133, 1.429289321881345387 ) ) ;
#9543 = CARTESIAN_POINT ( 'NONE',  ( -3.750000000000107470, 0.6000000000000000888, 2.399999999999944400 ) ) ;
#9544 = CARTESIAN_POINT ( 'NONE',  ( -5.004999999999999893, 5.499999999999998224, 2.250000000000000444 ) ) ;
#9545 = ORIENTED_EDGE ( 'NONE', *, *, #9243, .F. ) ;
#9546 = LINE ( 'NONE', #1184, #10339 ) ;
#9547 = ORIENTED_EDGE ( 'NONE', *, *, #1203, .F. ) ;
#9548 = CARTESIAN_POINT ( 'NONE',  ( -4.764267565201869559, 0.7499999999999996669, -5.000000000000000000 ) ) ;
#9549 = CARTESIAN_POINT ( 'NONE',  ( -6.054999999999998828, 0.4000000000000000777, -4.749999999999992006 ) ) ;
#9550 = ORIENTED_EDGE ( 'NONE', *, *, #4782, .T. ) ;
#9551 = DIRECTION ( 'NONE',  ( -1.051347561198065205E-15, 0.000000000000000000, -1.000000000000000000 ) ) ;
#9552 = EDGE_CURVE ( 'NONE', #4685, #623, #8110, .T. ) ;
#9553 = LINE ( 'NONE', #6208, #1294 ) ;
#9554 = ORIENTED_EDGE ( 'NONE', *, *, #5598, .F. ) ;
#9555 = DIRECTION ( 'NONE',  ( -1.000000000000000000, -0.000000000000000000, -0.000000000000000000 ) ) ;
#9556 = VECTOR ( 'NONE', #7324, 1000.000000000000000 ) ;
#9557 = EDGE_LOOP ( 'NONE', ( #8934, #3940, #9872, #8733, #4406, #10281, #6745 ) ) ;
#9558 = PLANE ( 'NONE',  #1823 ) ;
#9559 = CARTESIAN_POINT ( 'NONE',  ( 4.764267565201872223, 0.3499999999999999778, -5.000000000000000000 ) ) ;
#9560 = ADVANCED_FACE ( 'NONE', ( #2397 ), #9000, .F. ) ;
#9561 = CARTESIAN_POINT ( 'NONE',  ( 3.749999999999892530, 0.000000000000000000, 5.000000000000000000 ) ) ;
#9562 = VERTEX_POINT ( 'NONE', #645 ) ;
#9563 = CARTESIAN_POINT ( 'NONE',  ( 3.859191070279860636, 2.259191070279860103, -2.300000000000000266 ) ) ;
#9564 = ORIENTED_EDGE ( 'NONE', *, *, #7993, .T. ) ;
#9565 = CARTESIAN_POINT ( 'NONE',  ( 5.005000000000001670, 5.700000000000000178, 3.700000000000000178 ) ) ;
#9566 = AXIS2_PLACEMENT_3D ( 'NONE', #9139, #582, #6472 ) ;
#9567 = CARTESIAN_POINT ( 'NONE',  ( -6.200000000000001066, 5.500000000000001776, 1.974999999999999423 ) ) ;
#9568 = ORIENTED_EDGE ( 'NONE', *, *, #1786, .F. ) ;
#9569 = DIRECTION ( 'NONE',  ( -1.000000000000000000, -0.000000000000000000, -0.000000000000000000 ) ) ;
#9570 = ORIENTED_EDGE ( 'NONE', *, *, #4863, .F. ) ;
#9571 = DIRECTION ( 'NONE',  ( -1.000000000000000000, 0.000000000000000000, -3.336006684570783101E-16 ) ) ;
#9572 = AXIS2_PLACEMENT_3D ( 'NONE', #6742, #9259, #3438 ) ;
#9573 = CARTESIAN_POINT ( 'NONE',  ( -5.800000000000000711, 5.500000000000001776, 1.974999999999999423 ) ) ;
#9574 = ORIENTED_EDGE ( 'NONE', *, *, #3255, .F. ) ;
#9575 = ORIENTED_EDGE ( 'NONE', *, *, #7555, .T. ) ;
#9576 = CARTESIAN_POINT ( 'NONE',  ( -6.054999999999998828, 0.3499999999999999778, -5.000000000000000000 ) ) ;
#9577 = MECHANICAL_DESIGN_GEOMETRIC_PRESENTATION_REPRESENTATION (  '', ( #3269 ), #1146 ) ;
#9578 = CARTESIAN_POINT ( 'NONE',  ( -0.2500000000000002220, 2.649999999999999911, -2.300000000000000266 ) ) ;
#9579 = CARTESIAN_POINT ( 'NONE',  ( 1.749999999999892308, 0.6000000000000000888, 5.000000000000000000 ) ) ;
#9580 = DIRECTION ( 'NONE',  ( -0.000000000000000000, 1.000000000000000000, -0.000000000000000000 ) ) ;
#9581 = CARTESIAN_POINT ( 'NONE',  ( 2.249999999999892530, 0.6000000000000000888, 2.399999999999986144 ) ) ;
#9582 = DIRECTION ( 'NONE',  ( -0.000000000000000000, 0.000000000000000000, 1.000000000000000000 ) ) ;
#9583 = ORIENTED_EDGE ( 'NONE', *, *, #2409, .F. ) ;
#9584 = DIRECTION ( 'NONE',  ( -1.000000000000000000, -0.000000000000000000, -0.000000000000000000 ) ) ;
#9585 = CARTESIAN_POINT ( 'NONE',  ( 5.350000000000000533, 2.350000000000000089, -3.599999999999999645 ) ) ;
#9586 = VECTOR ( 'NONE', #9273, 1000.000000000000000 ) ;
#9587 = ORIENTED_EDGE ( 'NONE', *, *, #4477, .T. ) ;
#9588 = LINE ( 'NONE', #239, #3693 ) ;
#9589 = EDGE_CURVE ( 'NONE', #5556, #10425, #591, .T. ) ;
#9590 = EDGE_CURVE ( 'NONE', #1806, #2153, #9826, .T. ) ;
#9591 = DIRECTION ( 'NONE',  ( 0.000000000000000000, 0.000000000000000000, 1.000000000000000000 ) ) ;
#9592 = EDGE_CURVE ( 'NONE', #4054, #4301, #1467, .T. ) ;
#9593 = LINE ( 'NONE', #8039, #1131 ) ;
#9594 = DIRECTION ( 'NONE',  ( -0.000000000000000000, -1.000000000000000000, 0.000000000000000000 ) ) ;
#9595 = DIRECTION ( 'NONE',  ( 0.000000000000000000, 1.000000000000000000, 0.000000000000000000 ) ) ;
#9596 = AXIS2_PLACEMENT_3D ( 'NONE', #6433, #600, #2247 ) ;
#9597 = ORIENTED_EDGE ( 'NONE', *, *, #4250, .T. ) ;
#9598 = DIRECTION ( 'NONE',  ( -1.674798631536336362E-15, 1.000000000000000000, 0.000000000000000000 ) ) ;
#9599 = VERTEX_POINT ( 'NONE', #6629 ) ;
#9600 = VECTOR ( 'NONE', #7208, 1000.000000000000114 ) ;
#9601 = DIRECTION ( 'NONE',  ( 1.000000000000000000, 0.000000000000000000, 3.336006684570783101E-16 ) ) ;
#9602 = ORIENTED_EDGE ( 'NONE', *, *, #2291, .T. ) ;
#9603 = CARTESIAN_POINT ( 'NONE',  ( -6.200000000000001066, 5.425000000000000711, 2.049999999999999822 ) ) ;
#9604 = VERTEX_POINT ( 'NONE', #3997 ) ;
#9605 = CARTESIAN_POINT ( 'NONE',  ( 3.099999999999999645, 4.400000000000001243, 0.7999999999999994893 ) ) ;
#9606 = ADVANCED_FACE ( 'NONE', ( #3174 ), #10766, .F. ) ;
#9607 = ORIENTED_EDGE ( 'NONE', *, *, #8176, .T. ) ;
#9608 = PLANE ( 'NONE',  #7105 ) ;
#9609 = SURFACE_STYLE_FILL_AREA ( #6322 ) ;
#9610 = CARTESIAN_POINT ( 'NONE',  ( 6.304999999999999716, 3.150000000000000799, -3.000000000000000000 ) ) ;
#9611 = ORIENTED_EDGE ( 'NONE', *, *, #10125, .T. ) ;
#9612 = DIRECTION ( 'NONE',  ( 1.000000000000000000, -0.000000000000000000, -0.000000000000000000 ) ) ;
#9614 = EDGE_CURVE ( 'NONE', #5885, #4743, #2349, .T. ) ;
#9613 = UNCERTAINTY_MEASURE_WITH_UNIT (LENGTH_MEASURE( 1.000000000000000082E-05 ), #4784, 'distance_accuracy_value', 'NONE');
#9615 = ORIENTED_EDGE ( 'NONE', *, *, #5740, .F. ) ;
#9616 = FACE_OUTER_BOUND ( 'NONE', #134, .T. ) ;
#9617 = LINE ( 'NONE', #6159, #1320 ) ;
#9618 = ORIENTED_EDGE ( 'NONE', *, *, #6195, .T. ) ;
#9619 = PLANE ( 'NONE',  #5372 ) ;
#9620 = ORIENTED_EDGE ( 'NONE', *, *, #5376, .T. ) ;
#9621 = LINE ( 'NONE', #277, #5575 ) ;
#9622 = ADVANCED_FACE ( 'NONE', ( #6581 ), #9932, .T. ) ;
#9623 = EDGE_CURVE ( 'NONE', #2818, #51, #8269, .T. ) ;
#9624 = CARTESIAN_POINT ( 'NONE',  ( 0.2500000000000002220, 2.649999999999999911, -2.300000000000000266 ) ) ;
#9625 = ORIENTED_EDGE ( 'NONE', *, *, #3698, .T. ) ;
#9626 = ORIENTED_EDGE ( 'NONE', *, *, #6518, .F. ) ;
#9627 = LINE ( 'NONE', #3805, #5313 ) ;
#9628 = DIRECTION ( 'NONE',  ( 3.097720492815727659E-16, -1.548860246407863829E-16, 1.000000000000000000 ) ) ;
#9629 = ADVANCED_FACE ( 'NONE', ( #233 ), #4258, .T. ) ;
#9630 = CARTESIAN_POINT ( 'NONE',  ( 4.249999999999892530, 0.000000000000000000, 2.900000000000001688 ) ) ;
#9631 = FILL_AREA_STYLE ('',( #2878 ) ) ;
#9632 = DIRECTION ( 'NONE',  ( -0.000000000000000000, -1.000000000000000000, -0.000000000000000000 ) ) ;
#9633 = FACE_OUTER_BOUND ( 'NONE', #4352, .T. ) ;
#9634 = VECTOR ( 'NONE', #6697, 1000.000000000000000 ) ;
#9635 = ORIENTED_EDGE ( 'NONE', *, *, #7646, .T. ) ;
#9636 = CARTESIAN_POINT ( 'NONE',  ( -7.000000000000000888, 4.050000000000000711, -3.000000000000000000 ) ) ;
#9637 = CARTESIAN_POINT ( 'NONE',  ( -6.304999999999998828, 2.174948115447571606, -4.750000000000000000 ) ) ;
#9638 = DIRECTION ( 'NONE',  ( 0.000000000000000000, 0.000000000000000000, 1.000000000000000000 ) ) ;
#9639 = PRESENTATION_LAYER_ASSIGNMENT (  '', '', ( #2269 ) ) ;
#9640 = ORIENTED_EDGE ( 'NONE', *, *, #6848, .F. ) ;
#9641 = DIRECTION ( 'NONE',  ( 0.000000000000000000, -1.000000000000000000, 0.000000000000000000 ) ) ;
#9642 = CARTESIAN_POINT ( 'NONE',  ( -6.304999999999998828, 1.800000000000000488, -3.200000000000001954 ) ) ;
#9643 = VECTOR ( 'NONE', #2767, 1000.000000000000000 ) ;
#9644 = CARTESIAN_POINT ( 'NONE',  ( -4.200000000000000178, 4.800000000000000711, 0.7999999999999994893 ) ) ;
#9645 = DIRECTION ( 'NONE',  ( 0.9396926207859095381, 0.000000000000000000, -0.3420201433256658263 ) ) ;
#9646 = DIRECTION ( 'NONE',  ( -0.5773502691896268413, -0.5773502691896252870, -0.5773502691896252870 ) ) ;
#9647 = COLOUR_RGB ( '',1.000000000000000000, 1.000000000000000000, 0.7529411764705882248 ) ;
#9648 = ORIENTED_EDGE ( 'NONE', *, *, #5217, .T. ) ;
#9649 = DIRECTION ( 'NONE',  ( 1.000000000000000000, 0.000000000000000000, -0.000000000000000000 ) ) ;
#9650 = EDGE_CURVE ( 'NONE', #1045, #594, #9305, .T. ) ;
#9651 = EDGE_LOOP ( 'NONE', ( #5875, #9662, #8312, #9210 ) ) ;
#9652 = CARTESIAN_POINT ( 'NONE',  ( 1.999999999999999112, 4.400000000000001243, -3.049999999999997602 ) ) ;
#9653 = EDGE_CURVE ( 'NONE', #9118, #6859, #10089, .T. ) ;
#9654 = AXIS2_PLACEMENT_3D ( 'NONE', #5355, #1228, #4594 ) ;
#9655 = EDGE_CURVE ( 'NONE', #6221, #3457, #3594, .T. ) ;
#9656 = CARTESIAN_POINT ( 'NONE',  ( -3.750000000000000000, 2.149999999999999467, -2.300000000000000266 ) ) ;
#9658 = ORIENTED_EDGE ( 'NONE', *, *, #3708, .T. ) ;
#9657 = PRESENTATION_LAYER_ASSIGNMENT (  '', '', ( #3506 ) ) ;
#9659 = CARTESIAN_POINT ( 'NONE',  ( 6.800000000000001599, 3.400000000000000355, 1.999999999999999556 ) ) ;
#9660 = DIRECTION ( 'NONE',  ( -6.195440985631441512E-16, 1.000000000000000000, 0.000000000000000000 ) ) ;
#9661 = VECTOR ( 'NONE', #1803, 1000.000000000000000 ) ;
#9662 = ORIENTED_EDGE ( 'NONE', *, *, #5948, .F. ) ;
#9663 = CARTESIAN_POINT ( 'NONE',  ( -3.750000000000107470, 0.2000000000000000111, 4.800000000000000711 ) ) ;
#9664 = ORIENTED_EDGE ( 'NONE', *, *, #10665, .F. ) ;
#9665 = VECTOR ( 'NONE', #10189, 1000.000000000000000 ) ;
#9666 = FACE_OUTER_BOUND ( 'NONE', #8970, .T. ) ;
#9667 = ADVANCED_FACE ( 'NONE', ( #123 ), #2711, .F. ) ;
#9668 = ADVANCED_FACE ( 'NONE', ( #8475 ), #5133, .F. ) ;
#9669 = LINE ( 'NONE', #5807, #8390 ) ;
#9670 = ORIENTED_EDGE ( 'NONE', *, *, #5062, .T. ) ;
#9671 = LINE ( 'NONE', #1255, #3372 ) ;
#9672 = ORIENTED_EDGE ( 'NONE', *, *, #1264, .F. ) ;
#9673 = CARTESIAN_POINT ( 'NONE',  ( -3.580432767467764510, 2.947191520692662436, -2.802808479307312250 ) ) ;
#9674 = ADVANCED_FACE ( 'NONE', ( #4364 ), #8422, .F. ) ;
#9675 = LINE ( 'NONE', #4512, #2207 ) ;
#9676 = VECTOR ( 'NONE', #162, 1000.000000000000000 ) ;
#9677 = ORIENTED_EDGE ( 'NONE', *, *, #2275, .T. ) ;
#9678 = VERTEX_POINT ( 'NONE', #9251 ) ;
#9679 = CARTESIAN_POINT ( 'NONE',  ( -6.304999999999998828, 0.4000000000000000222, -1.700000000000000400 ) ) ;
#9680 = ORIENTED_EDGE ( 'NONE', *, *, #8140, .F. ) ;
#9681 = DIRECTION ( 'NONE',  ( -0.000000000000000000, 1.000000000000000000, -0.000000000000000000 ) ) ;
#9682 = VECTOR ( 'NONE', #7292, 1000.000000000000000 ) ;
#9683 = AXIS2_PLACEMENT_3D ( 'NONE', #7947, #1355, #4716 ) ;
#9684 = VECTOR ( 'NONE', #10383, 1000.000000000000000 ) ;
#9685 = LINE ( 'NONE', #390, #4404 ) ;
#9686 = EDGE_LOOP ( 'NONE', ( #10067, #26, #6808, #6432, #10730, #5748, #1793 ) ) ;
#9687 = EDGE_LOOP ( 'NONE', ( #6398, #2618, #165, #2675 ) ) ;
#9688 = ORIENTED_EDGE ( 'NONE', *, *, #3091, .F. ) ;
#9689 = CARTESIAN_POINT ( 'NONE',  ( -5.349999999999999645, 2.350000000000000089, -3.599999999999999645 ) ) ;
#9690 = EDGE_CURVE ( 'NONE', #2870, #8948, #10034, .T. ) ;
#9691 = VECTOR ( 'NONE', #2081, 1000.000000000000000 ) ;
#9692 = EDGE_CURVE ( 'NONE', #3646, #2581, #6070, .T. ) ;
#9693 = DIRECTION ( 'NONE',  ( 1.000000000000000000, 0.000000000000000000, -4.818676322157796389E-16 ) ) ;
#9694 = AXIS2_PLACEMENT_3D ( 'NONE', #1676, #10197, #851 ) ;
#9695 = DIRECTION ( 'NONE',  ( 0.000000000000000000, 1.000000000000000000, 3.097720492815727166E-16 ) ) ;
#9696 = CARTESIAN_POINT ( 'NONE',  ( 7.000000000000000000, 0.000000000000000000, -4.650000000000000355 ) ) ;
#9697 = CARTESIAN_POINT ( 'NONE',  ( -3.099999999999999645, 3.699999999999999734, 0.7999999999999994893 ) ) ;
#9698 = FACE_OUTER_BOUND ( 'NONE', #8722, .T. ) ;
#9699 = ORIENTED_EDGE ( 'NONE', *, *, #1165, .T. ) ;
#9700 = FACE_OUTER_BOUND ( 'NONE', #5761, .T. ) ;
#9701 = CARTESIAN_POINT ( 'NONE',  ( -6.201446609406724875, 1.999896230895142901, -5.000000000000000000 ) ) ;
#9702 = VECTOR ( 'NONE', #5201, 1000.000000000000000 ) ;
#9703 = CIRCLE ( 'NONE', #7240, 0.3999999999999997446 ) ;
#9704 = ORIENTED_EDGE ( 'NONE', *, *, #10540, .T. ) ;
#9705 = FACE_OUTER_BOUND ( 'NONE', #735, .T. ) ;
#9706 = CARTESIAN_POINT ( 'NONE',  ( -7.000000000000000000, 1.799999999999999600, 1.399999999999999689 ) ) ;
#9707 = LINE ( 'NONE', #2115, #7290 ) ;
#9708 = CARTESIAN_POINT ( 'NONE',  ( 5.800000000000000711, 4.700000000000000178, 0.1000000000000000472 ) ) ;
#9709 = CARTESIAN_POINT ( 'NONE',  ( 0.2499999999998926692, 0.2000000000000000111, 2.400000000000000355 ) ) ;
#9710 = CIRCLE ( 'NONE', #215, 0.2000000000000005107 ) ;
#9711 = ORIENTED_EDGE ( 'NONE', *, *, #720, .F. ) ;
#9712 = FACE_OUTER_BOUND ( 'NONE', #8754, .T. ) ;
#9713 = ORIENTED_EDGE ( 'NONE', *, *, #4187, .F. ) ;
#9714 = DIRECTION ( 'NONE',  ( 0.000000000000000000, 0.000000000000000000, 1.000000000000000000 ) ) ;
#9715 = CARTESIAN_POINT ( 'NONE',  ( -6.399999999999998579, 5.700000000000000178, 0.1000000000000002554 ) ) ;
#9716 = ORIENTED_EDGE ( 'NONE', *, *, #1828, .T. ) ;
#9717 = FACE_OUTER_BOUND ( 'NONE', #8871, .T. ) ;
#9718 = CARTESIAN_POINT ( 'NONE',  ( -4.250000000000000000, 2.649999999999999911, 0.7999999999999994893 ) ) ;
#9719 = EDGE_CURVE ( 'NONE', #2277, #7855, #2595, .T. ) ;
#9720 = CARTESIAN_POINT ( 'NONE',  ( 1.999999999999999112, 4.400000000000001243, 0.7999999999999994893 ) ) ;
#9721 = ADVANCED_FACE ( 'NONE', ( #3429 ), #5963, .T. ) ;
#9722 = LINE ( 'NONE', #6929, #7426 ) ;
#9723 = ORIENTED_EDGE ( 'NONE', *, *, #9692, .T. ) ;
#9724 = CARTESIAN_POINT ( 'NONE',  ( 6.197820323027551481, 0.000000000000000000, -1.513476936738000322 ) ) ;
#9725 = ORIENTED_EDGE ( 'NONE', *, *, #44, .F. ) ;
#9726 = FACE_OUTER_BOUND ( 'NONE', #1393, .T. ) ;
#9727 = DIRECTION ( 'NONE',  ( -1.000000000000000000, 0.000000000000000000, 0.000000000000000000 ) ) ;
#9728 = ORIENTED_EDGE ( 'NONE', *, *, #5724, .T. ) ;
#9729 = DIRECTION ( 'NONE',  ( 3.336006684570783101E-16, 0.000000000000000000, -1.000000000000000000 ) ) ;
#9730 = VERTEX_POINT ( 'NONE', #6020 ) ;
#9731 = DIRECTION ( 'NONE',  ( 7.542275982507860105E-16, -4.713922489067412566E-17, 1.000000000000000000 ) ) ;
#9732 = CARTESIAN_POINT ( 'NONE',  ( 0.2499999999998926692, 0.6000000000000000888, 3.899999999999999911 ) ) ;
#9733 = ADVANCED_FACE ( 'NONE', ( #1827 ), #9199, .F. ) ;
#9734 = EDGE_CURVE ( 'NONE', #10786, #939, #10890, .T. ) ;
#9735 = EDGE_CURVE ( 'NONE', #4920, #9157, #9417, .T. ) ;
#9736 = VECTOR ( 'NONE', #2792, 1000.000000000000000 ) ;
#9737 = ORIENTED_EDGE ( 'NONE', *, *, #9025, .T. ) ;
#9738 = ORIENTED_EDGE ( 'NONE', *, *, #8433, .F. ) ;
#9739 = DIRECTION ( 'NONE',  ( -1.000000000000000000, 0.000000000000000000, 0.000000000000000000 ) ) ;
#9740 = ORIENTED_EDGE ( 'NONE', *, *, #6283, .F. ) ;
#9741 = FACE_OUTER_BOUND ( 'NONE', #2083, .T. ) ;
#9742 = EDGE_CURVE ( 'NONE', #2796, #5330, #10141, .T. ) ;
#9743 = CARTESIAN_POINT ( 'NONE',  ( -4.026055542458625069, 0.3499999999999996447, -4.100000000000003197 ) ) ;
#9744 = VERTEX_POINT ( 'NONE', #3480 ) ;
#9745 = AXIS2_PLACEMENT_3D ( 'NONE', #4174, #1025, #972 ) ;
#9746 = ORIENTED_EDGE ( 'NONE', *, *, #9056, .F. ) ;
#9747 = ORIENTED_EDGE ( 'NONE', *, *, #209, .F. ) ;
#9748 = PRODUCT_RELATED_PRODUCT_CATEGORY ( 'part', '', ( #6277 ) ) ;
#9749 = DIRECTION ( 'NONE',  ( 0.000000000000000000, 0.000000000000000000, 1.000000000000000000 ) ) ;
#9750 = CARTESIAN_POINT ( 'NONE',  ( 4.200000000000000178, 4.799999999999999822, 0.7999999999999994893 ) ) ;
#9751 = DIRECTION ( 'NONE',  ( -0.3236155771181821184, -0.3236155771181821184, -0.8891264907159901476 ) ) ;
#9752 = DIRECTION ( 'NONE',  ( -0.000000000000000000, -1.000000000000000000, -0.000000000000000000 ) ) ;
#9753 = VECTOR ( 'NONE', #3629, 1000.000000000000000 ) ;
#9754 = VECTOR ( 'NONE', #2645, 1000.000000000000000 ) ;
#9755 = DIRECTION ( 'NONE',  ( 1.000000000000000000, -0.000000000000000000, -5.560011140951304758E-17 ) ) ;
#9756 = CARTESIAN_POINT ( 'NONE',  ( 6.305000000000000604, 8.000000000000000000, -5.000000000000001776 ) ) ;
#9757 = ORIENTED_EDGE ( 'NONE', *, *, #1547, .T. ) ;
#9758 = DIRECTION ( 'NONE',  ( 1.000000000000000000, 0.000000000000000000, 0.000000000000000000 ) ) ;
#9759 = EDGE_CURVE ( 'NONE', #1443, #9317, #1882, .T. ) ;
#9760 = ORIENTED_EDGE ( 'NONE', *, *, #1069, .T. ) ;
#9761 = ORIENTED_EDGE ( 'NONE', *, *, #9965, .T. ) ;
#9762 = VECTOR ( 'NONE', #7609, 1000.000000000000000 ) ;
#9763 = CARTESIAN_POINT ( 'NONE',  ( 6.305000000000000604, 2.072405095595727609, -4.896446609406726047 ) ) ;
#9764 = PLANE ( 'NONE',  #7420 ) ;
#9765 = DIRECTION ( 'NONE',  ( 0.000000000000000000, 0.000000000000000000, 1.000000000000000000 ) ) ;
#9766 = DIRECTION ( 'NONE',  ( -1.000000000000000000, 0.000000000000000000, 0.000000000000000000 ) ) ;
#9767 = DIRECTION ( 'NONE',  ( 0.000000000000000000, -0.7071067811865535679, -0.7071067811865414665 ) ) ;
#9768 = ORIENTED_EDGE ( 'NONE', *, *, #6268, .F. ) ;
#9769 = CARTESIAN_POINT ( 'NONE',  ( -4.537690618442707269, 0.3500000000000003664, -4.855654565435176373 ) ) ;
#9770 = AXIS2_PLACEMENT_3D ( 'NONE', #10231, #9181, #5845 ) ;
#9771 = VERTEX_POINT ( 'NONE', #2766 ) ;
#9772 = CARTESIAN_POINT ( 'NONE',  ( 3.400000000000000355, 4.850000000000000533, -3.200000000000000178 ) ) ;
#9773 = ADVANCED_FACE ( 'NONE', ( #5521 ), #7869, .F. ) ;
#9774 = DIRECTION ( 'NONE',  ( 1.000000000000000000, -0.000000000000000000, -0.000000000000000000 ) ) ;
#9775 = ORIENTED_EDGE ( 'NONE', *, *, #3236, .F. ) ;
#9776 = DIRECTION ( 'NONE',  ( -0.7071067811865500152, 0.7071067811865451302, -4.829270603727145682E-16 ) ) ;
#9777 = VECTOR ( 'NONE', #5336, 1000.000000000000000 ) ;
#9778 = ADVANCED_FACE ( 'NONE', ( #9700 ), #6946, .F. ) ;
#9779 = LINE ( 'NONE', #2243, #10721 ) ;
#9780 = CARTESIAN_POINT ( 'NONE',  ( -4.827974591282618633, 0.000000000000000000, -4.650000000000000355 ) ) ;
#9781 = CARTESIAN_POINT ( 'NONE',  ( -6.799999999999998046, 3.400000000000000355, 1.999999999999999556 ) ) ;
#9782 = ORIENTED_EDGE ( 'NONE', *, *, #6640, .F. ) ;
#9783 = DIRECTION ( 'NONE',  ( -1.462935707582329909E-17, 0.9647638212377321887, -0.2631174057921086828 ) ) ;
#9784 = ORIENTED_EDGE ( 'NONE', *, *, #9132, .T. ) ;
#9785 = PLANE ( 'NONE',  #8680 ) ;
#9786 = DIRECTION ( 'NONE',  ( 0.000000000000000000, 0.000000000000000000, 1.000000000000000000 ) ) ;
#9787 = VECTOR ( 'NONE', #481, 1000.000000000000000 ) ;
#9788 = ORIENTED_EDGE ( 'NONE', *, *, #8927, .F. ) ;
#9789 = FACE_OUTER_BOUND ( 'NONE', #6835, .T. ) ;
#9790 = ORIENTED_EDGE ( 'NONE', *, *, #1994, .T. ) ;
#9791 = DIRECTION ( 'NONE',  ( 0.000000000000000000, 0.000000000000000000, 1.000000000000000000 ) ) ;
#9792 = CARTESIAN_POINT ( 'NONE',  ( -2.250000000000107470, 0.2000000000000000111, 3.899999999999999911 ) ) ;
#9793 = EDGE_LOOP ( 'NONE', ( #5104, #6173, #373, #1477, #4419, #4894, #8879, #3748, #7407, #8341, #4271, #3711, #2564, #10824, #6370, #10755, #3908, #7431, #6494, #6003, #2177, #6603, #7368, #8835, #5769, #5075, #1253 ) ) ;
#9794 = VERTEX_POINT ( 'NONE', #8034 ) ;
#9795 = LINE ( 'NONE', #9907, #3109 ) ;
#9796 = ORIENTED_EDGE ( 'NONE', *, *, #2801, .F. ) ;
#9797 = LINE ( 'NONE', #670, #5527 ) ;
#9798 = EDGE_CURVE ( 'NONE', #5828, #4685, #10301, .T. ) ;
#9799 = CARTESIAN_POINT ( 'NONE',  ( 6.055000000000000604, 1.999896230895142013, -5.000000000000000000 ) ) ;
#9800 = ADVANCED_FACE ( 'NONE', ( #290 ), #1175, .F. ) ;
#9801 = VERTEX_POINT ( 'NONE', #8647 ) ;
#9802 = EDGE_CURVE ( 'NONE', #5828, #8787, #2054, .T. ) ;
#9803 = ORIENTED_EDGE ( 'NONE', *, *, #2919, .F. ) ;
#9804 = VERTEX_POINT ( 'NONE', #9636 ) ;
#9805 = FACE_OUTER_BOUND ( 'NONE', #2642, .T. ) ;
#9806 = DIRECTION ( 'NONE',  ( 0.000000000000000000, 0.000000000000000000, 1.000000000000000000 ) ) ;
#9807 = DIRECTION ( 'NONE',  ( -1.000000000000000000, -0.000000000000000000, -0.000000000000000000 ) ) ;
#9808 = LINE ( 'NONE', #629, #7473 ) ;
#9809 = DIRECTION ( 'NONE',  ( 0.000000000000000000, 1.606225440719265874E-16, -1.000000000000000000 ) ) ;
#9810 = DIRECTION ( 'NONE',  ( 0.000000000000000000, -0.7071067811865475727, 0.7071067811865475727 ) ) ;
#9811 = CARTESIAN_POINT ( 'NONE',  ( 5.900000000000000355, 0.000000000000000000, 0.000000000000000000 ) ) ;
#9812 = EDGE_CURVE ( 'NONE', #9122, #3848, #4588, .T. ) ;
#9813 = ORIENTED_EDGE ( 'NONE', *, *, #9012, .F. ) ;
#9814 = EDGE_LOOP ( 'NONE', ( #10338, #5080, #1709, #1186, #1014, #2835, #10498, #4947, #289, #8283, #10224, #6905, #9334, #886, #184, #6774, #259, #3930, #6650, #8452, #9912, #10075, #4205, #8235 ) ) ;
#9815 = DIRECTION ( 'NONE',  ( 0.000000000000000000, 0.000000000000000000, -1.000000000000000000 ) ) ;
#9816 = CARTESIAN_POINT ( 'NONE',  ( 6.200000000000001066, 2.400000000000000355, 3.725000000000000089 ) ) ;
#9817 = EDGE_CURVE ( 'NONE', #1843, #10788, #5406, .T. ) ;
#9818 = LINE ( 'NONE', #8161, #77 ) ;
#9819 = LINE ( 'NONE', #2284, #5663 ) ;
#9820 = LINE ( 'NONE', #6578, #10637 ) ;
#9821 = VERTEX_POINT ( 'NONE', #1114 ) ;
#9822 = CARTESIAN_POINT ( 'NONE',  ( -4.782392196155532460, -2.294229326137293890E-08, -4.721550028201405347 ) ) ;
#9823 = EDGE_LOOP ( 'NONE', ( #1339, #1508, #5463, #9886 ) ) ;
#9824 = EDGE_CURVE ( 'NONE', #9023, #4753, #6122, .T. ) ;
#9825 = VECTOR ( 'NONE', #3555, 1000.000000000000000 ) ;
#9826 = LINE ( 'NONE', #4882, #533 ) ;
#9827 = MECHANICAL_DESIGN_GEOMETRIC_PRESENTATION_REPRESENTATION (  '', ( #5245 ), #4554 ) ;
#9828 = LINE ( 'NONE', #9002, #4565 ) ;
#9829 = ORIENTED_EDGE ( 'NONE', *, *, #8216, .F. ) ;
#9830 = CARTESIAN_POINT ( 'NONE',  ( -6.200000000000001066, 5.470710678118654968, 0.8971320343559628929 ) ) ;
#9831 = CARTESIAN_POINT ( 'NONE',  ( 5.350000000000000533, 2.750000000000001332, -3.200000000000000178 ) ) ;
#9832 = LINE ( 'NONE', #2357, #9873 ) ;
#9833 = AXIS2_PLACEMENT_3D ( 'NONE', #4671, #1307, #6214 ) ;
#9834 = EDGE_CURVE ( 'NONE', #5063, #975, #7816, .T. ) ;
#9835 = DIRECTION ( 'NONE',  ( 1.000000000000000000, 0.000000000000000000, -0.000000000000000000 ) ) ;
#9836 = EDGE_CURVE ( 'NONE', #681, #4870, #6186, .T. ) ;
#9837 = ORIENTED_EDGE ( 'NONE', *, *, #809, .T. ) ;
#9838 = DIRECTION ( 'NONE',  ( 0.000000000000000000, 0.000000000000000000, -1.000000000000000000 ) ) ;
#9839 = VECTOR ( 'NONE', #4532, 1000.000000000000000 ) ;
#9840 = VERTEX_POINT ( 'NONE', #4644 ) ;
#9841 = CARTESIAN_POINT ( 'NONE',  ( 2.250000000000000444, 2.540808929720139275, -2.300000000000000266 ) ) ;
#9842 = CARTESIAN_POINT ( 'NONE',  ( 1.749999999999893197, 0.000000000000000000, 2.400000000000000355 ) ) ;
#9843 = VECTOR ( 'NONE', #3445, 1000.000000000000000 ) ;
#9844 = ORIENTED_EDGE ( 'NONE', *, *, #8845, .F. ) ;
#9845 = FACE_OUTER_BOUND ( 'NONE', #10852, .T. ) ;
#9846 = VERTEX_POINT ( 'NONE', #2002 ) ;
#9847 = CARTESIAN_POINT ( 'NONE',  ( 0.6250000000000000000, 4.700000000000000178, -2.200000000000000622 ) ) ;
#9848 = CIRCLE ( 'NONE', #10537, 0.09999999999999961697 ) ;
#9849 = DIRECTION ( 'NONE',  ( -1.000000000000000000, -0.000000000000000000, -0.000000000000000000 ) ) ;
#9850 = ORIENTED_EDGE ( 'NONE', *, *, #7075, .T. ) ;
#9851 = AXIS2_PLACEMENT_3D ( 'NONE', #2652, #8371, #2547 ) ;
#9852 = ORIENTED_EDGE ( 'NONE', *, *, #91, .F. ) ;
#9853 = CARTESIAN_POINT ( 'NONE',  ( -3.750000000000107470, 0.2000000000000000111, 3.899999999999999911 ) ) ;
#9854 = ORIENTED_EDGE ( 'NONE', *, *, #1271, .T. ) ;
#9855 = CARTESIAN_POINT ( 'NONE',  ( -6.304999999999998828, 2.174948115447571606, -4.750000000000000000 ) ) ;
#9856 = FACE_OUTER_BOUND ( 'NONE', #6326, .T. ) ;
#9857 = ORIENTED_EDGE ( 'NONE', *, *, #2499, .F. ) ;
#9858 = EDGE_CURVE ( 'NONE', #578, #9444, #5350, .T. ) ;
#9859 = AXIS2_PLACEMENT_3D ( 'NONE', #4035, #7390, #5065 ) ;
#9860 = VERTEX_POINT ( 'NONE', #8701 ) ;
#9861 = ORIENTED_EDGE ( 'NONE', *, *, #9973, .T. ) ;
#9862 = PLANE ( 'NONE',  #4230 ) ;
#9864 = EDGE_CURVE ( 'NONE', #5965, #6726, #7062, .T. ) ;
#9863 = PLANE ( 'NONE',  #5312 ) ;
#9865 = FACE_OUTER_BOUND ( 'NONE', #8793, .T. ) ;
#9866 = VECTOR ( 'NONE', #6687, 1000.000000000000000 ) ;
#9867 = VECTOR ( 'NONE', #1028, 1000.000000000000000 ) ;
#9868 = CARTESIAN_POINT ( 'NONE',  ( 7.000000000000000000, 5.064999999999999503, 2.250000000000000444 ) ) ;
#9869 = SURFACE_SIDE_STYLE ('',( #511 ) ) ;
#9870 = DIRECTION ( 'NONE',  ( 0.000000000000000000, -1.000000000000000000, 0.000000000000000000 ) ) ;
#9871 = ORIENTED_EDGE ( 'NONE', *, *, #8470, .T. ) ;
#9872 = ORIENTED_EDGE ( 'NONE', *, *, #4634, .T. ) ;
#9873 = VECTOR ( 'NONE', #9008, 1000.000000000000000 ) ;
#9874 = DIRECTION ( 'NONE',  ( 0.000000000000000000, -1.000000000000000000, -0.000000000000000000 ) ) ;
#9875 = AXIS2_PLACEMENT_3D ( 'NONE', #5371, #420, #9551 ) ;
#9876 = CARTESIAN_POINT ( 'NONE',  ( -5.599999999999998757, 5.700000000000001954, 2.250000000000000000 ) ) ;
#9878 = EDGE_CURVE ( 'NONE', #10600, #8115, #6294, .T. ) ;
#9877 = LINE ( 'NONE', #9039, #10446 ) ;
#9879 = PLANE ( 'NONE',  #1953 ) ;
#9880 = EDGE_CURVE ( 'NONE', #8705, #8596, #7929, .T. ) ;
#9881 = SURFACE_SIDE_STYLE ('',( #10650 ) ) ;
#9882 = EDGE_CURVE ( 'NONE', #5783, #163, #7118, .T. ) ;
#9883 = CARTESIAN_POINT ( 'NONE',  ( -5.800000000000000711, 5.500000000000002665, -1.699999999999996847 ) ) ;
#9884 = AXIS2_PLACEMENT_3D ( 'NONE', #2932, #9462, #4470 ) ;
#9885 = AXIS2_PLACEMENT_3D ( 'NONE', #335, #10406, #7754 ) ;
#9886 = ORIENTED_EDGE ( 'NONE', *, *, #2733, .F. ) ;
#9887 = DIRECTION ( 'NONE',  ( 0.7071067811865469066, -0.7071067811865481278, -7.434149899070900071E-16 ) ) ;
#9888 = EDGE_CURVE ( 'NONE', #2138, #1092, #6354, .T. ) ;
#9889 = LINE ( 'NONE', #1520, #4750 ) ;
#9890 = ORIENTED_EDGE ( 'NONE', *, *, #2068, .T. ) ;
#9891 = DIRECTION ( 'NONE',  ( 3.097720492815727659E-16, -1.591489427501657650E-16, 1.000000000000000000 ) ) ;
#9892 = VECTOR ( 'NONE', #3700, 1000.000000000000000 ) ;
#9893 = DIRECTION ( 'NONE',  ( 1.000000000000000000, -0.000000000000000000, -0.000000000000000000 ) ) ;
#9894 = EDGE_CURVE ( 'NONE', #407, #3624, #3815, .T. ) ;
#9895 = LINE ( 'NONE', #9100, #9161 ) ;
#9896 = DIRECTION ( 'NONE',  ( 0.000000000000000000, 1.000000000000000000, 0.000000000000000000 ) ) ;
#9897 = EDGE_LOOP ( 'NONE', ( #10111, #10286, #5208, #2702 ) ) ;
#9898 = DIRECTION ( 'NONE',  ( 0.000000000000000000, -1.000000000000000000, 0.000000000000000000 ) ) ;
#9899 = VERTEX_POINT ( 'NONE', #4755 ) ;
#9900 = DIRECTION ( 'NONE',  ( 0.000000000000000000, 0.000000000000000000, -1.000000000000000000 ) ) ;
#9901 = EDGE_CURVE ( 'NONE', #2234, #594, #2224, .T. ) ;
#9902 = DIRECTION ( 'NONE',  ( -1.000000000000000000, -0.000000000000000000, -0.000000000000000000 ) ) ;
#9903 = VERTEX_POINT ( 'NONE', #6409 ) ;
#9904 = DIRECTION ( 'NONE',  ( -1.000000000000000000, 0.000000000000000000, 0.000000000000000000 ) ) ;
#9905 = DIRECTION ( 'NONE',  ( 0.000000000000000000, 1.000000000000000000, 0.000000000000000000 ) ) ;
#9906 = ORIENTED_EDGE ( 'NONE', *, *, #4550, .F. ) ;
#9907 = CARTESIAN_POINT ( 'NONE',  ( -6.305000000000000604, 1.799999999999999600, 1.099999999999999867 ) ) ;
#9908 = ORIENTED_EDGE ( 'NONE', *, *, #9484, .T. ) ;
#9909 = PLANE ( 'NONE',  #7614 ) ;
#9910 = CARTESIAN_POINT ( 'NONE',  ( -6.304999999999998828, 0.4000000000000000222, 1.099999999999999645 ) ) ;
#9911 = ADVANCED_FACE ( 'NONE', ( #4869 ), #6570, .F. ) ;
#9912 = ORIENTED_EDGE ( 'NONE', *, *, #626, .F. ) ;
#9913 = ORIENTED_EDGE ( 'NONE', *, *, #7985, .T. ) ;
#9914 = ORIENTED_EDGE ( 'NONE', *, *, #3091, .T. ) ;
#9915 = DIRECTION ( 'NONE',  ( 0.000000000000000000, 0.000000000000000000, 1.000000000000000000 ) ) ;
#9916 = LINE ( 'NONE', #566, #746 ) ;
#9917 = FILL_AREA_STYLE ('',( #6613 ) ) ;
#9918 = DIRECTION ( 'NONE',  ( 0.000000000000000000, 1.591489427501657896E-16, -1.000000000000000000 ) ) ;
#9919 = CARTESIAN_POINT ( 'NONE',  ( 2.999999999999999112, 0.3499999999999996447, -4.100000000000003197 ) ) ;
#9920 = AXIS2_PLACEMENT_3D ( 'NONE', #9496, #7897, #6152 ) ;
#9921 = CARTESIAN_POINT ( 'NONE',  ( 3.749999999999892530, 0.6000000000000000888, 5.000000000000000000 ) ) ;
#9922 = ORIENTED_EDGE ( 'NONE', *, *, #1042, .T. ) ;
#9923 = ORIENTED_EDGE ( 'NONE', *, *, #7410, .F. ) ;
#9924 = CARTESIAN_POINT ( 'NONE',  ( 0.2500000000000002220, 2.649999999999999911, -2.300000000000000266 ) ) ;
#9925 = VECTOR ( 'NONE', #153, 1000.000000000000000 ) ;
#9926 = VECTOR ( 'NONE', #7491, 1000.000000000000000 ) ;
#9927 = CARTESIAN_POINT ( 'NONE',  ( 0.6250000000000001110, 5.000000000000000000, -2.200000000000000178 ) ) ;
#9928 = PLANE ( 'NONE',  #3015 ) ;
#9929 = FACE_OUTER_BOUND ( 'NONE', #8323, .T. ) ;
#9930 = DIRECTION ( 'NONE',  ( -1.000000000000000000, 0.000000000000000000, 0.000000000000000000 ) ) ;
#9931 = VERTEX_POINT ( 'NONE', #6520 ) ;
#9932 = CYLINDRICAL_SURFACE ( 'NONE', #3000, 0.09999999999999961697 ) ;
#9933 = ADVANCED_FACE ( 'NONE', ( #1507 ), #3106, .F. ) ;
#9934 = DIRECTION ( 'NONE',  ( 0.000000000000000000, 1.000000000000000000, 0.000000000000000000 ) ) ;
#9935 = ADVANCED_FACE ( 'NONE', ( #9084 ), #733, .F. ) ;
#9936 = EDGE_CURVE ( 'NONE', #10041, #7902, #5635, .T. ) ;
#9937 = CARTESIAN_POINT ( 'NONE',  ( -4.026055542458625069, 0.3499999999999996447, -4.350000000000003197 ) ) ;
#9938 = ORIENTED_EDGE ( 'NONE', *, *, #6630, .T. ) ;
#9939 = CARTESIAN_POINT ( 'NONE',  ( -1.849999999999996536, 2.749999999999995559, -3.200000000000000178 ) ) ;
#9940 = DIRECTION ( 'NONE',  ( -1.000000000000000000, -0.000000000000000000, -0.000000000000000000 ) ) ;
#9941 = DIRECTION ( 'NONE',  ( -1.000000000000000000, -0.000000000000000000, -0.000000000000000000 ) ) ;
#9942 = VECTOR ( 'NONE', #3643, 1000.000000000000000 ) ;
#9943 = ORIENTED_EDGE ( 'NONE', *, *, #2958, .F. ) ;
#9944 = DIRECTION ( 'NONE',  ( 1.000000000000000000, -0.000000000000000000, 0.000000000000000000 ) ) ;
#9945 = ORIENTED_EDGE ( 'NONE', *, *, #711, .T. ) ;
#9946 = LINE ( 'NONE', #8331, #9126 ) ;
#9947 = VECTOR ( 'NONE', #2868, 999.9999999999998863 ) ;
#9948 = DIRECTION ( 'NONE',  ( 0.000000000000000000, -0.000000000000000000, -1.000000000000000000 ) ) ;
#9949 = ORIENTED_EDGE ( 'NONE', *, *, #1971, .T. ) ;
#9950 = FILL_AREA_STYLE_COLOUR ( '', #9106 ) ;
#9951 = DIRECTION ( 'NONE',  ( 0.000000000000000000, 1.000000000000000000, -1.084202172485504434E-15 ) ) ;
#9952 = ADVANCED_FACE ( 'NONE', ( #10753 ), #3867, .F. ) ;
#9953 = ORIENTED_EDGE ( 'NONE', *, *, #2410, .F. ) ;
#9954 = CARTESIAN_POINT ( 'NONE',  ( 7.000000000000000000, 1.300000000000000266, 3.699999999999999734 ) ) ;
#9955 = VECTOR ( 'NONE', #8868, 1000.000000000000000 ) ;
#9956 = VERTEX_POINT ( 'NONE', #2386 ) ;
#9957 = FACE_OUTER_BOUND ( 'NONE', #5814, .T. ) ;
#9958 = LINE ( 'NONE', #2262, #1759 ) ;
#9959 = ORIENTED_EDGE ( 'NONE', *, *, #7577, .T. ) ;
#9960 = ORIENTED_EDGE ( 'NONE', *, *, #10240, .T. ) ;
#9961 = AXIS2_PLACEMENT_3D ( 'NONE', #10076, #3582, #7746 ) ;
#9962 = CARTESIAN_POINT ( 'NONE',  ( -4.664278167096520988, 0.7499999999999997780, -5.000000000000000000 ) ) ;
#9963 = DIRECTION ( 'NONE',  ( -0.000000000000000000, 0.000000000000000000, -1.000000000000000000 ) ) ;
#9964 = CARTESIAN_POINT ( 'NONE',  ( 7.000000000000000000, 0.3499999999999999778, -5.000000000000000000 ) ) ;
#9965 = EDGE_CURVE ( 'NONE', #7792, #9044, #8095, .T. ) ;
#9966 =( NAMED_UNIT ( * ) SI_UNIT ( $, .STERADIAN. ) SOLID_ANGLE_UNIT ( ) );
#9967 = ADVANCED_FACE ( 'NONE', ( #1609, #7283 ), #9134, .F. ) ;
#9968 = CARTESIAN_POINT ( 'NONE',  ( -2.999999999999998668, 0.000000000000000000, -3.599999999999999645 ) ) ;
#9969 = LINE ( 'NONE', #6096, #9459 ) ;
#9970 = CARTESIAN_POINT ( 'NONE',  ( -4.250000000000107470, 0.000000000000000000, 5.000000000000000000 ) ) ;
#9971 = VERTEX_POINT ( 'NONE', #7439 ) ;
#9972 = VERTEX_POINT ( 'NONE', #5745 ) ;
#9973 = EDGE_CURVE ( 'NONE', #3556, #9235, #574, .T. ) ;
#9974 = LINE ( 'NONE', #3936, #6707 ) ;
#9975 = CARTESIAN_POINT ( 'NONE',  ( -4.185323107660497755, 8.000000000000000000, -4.100000000000003197 ) ) ;
#9976 = DIRECTION ( 'NONE',  ( -1.000000000000000000, 0.000000000000000000, -0.000000000000000000 ) ) ;
#9977 =( NAMED_UNIT ( * ) SI_UNIT ( $, .STERADIAN. ) SOLID_ANGLE_UNIT ( ) );
#9978 = CARTESIAN_POINT ( 'NONE',  ( -4.794720210200586585, 0.03772148143099263162, -4.832696228261576188 ) ) ;
#9979 = ORIENTED_EDGE ( 'NONE', *, *, #8821, .F. ) ;
#9980 = DIRECTION ( 'NONE',  ( 1.000000000000000000, -0.000000000000000000, -0.000000000000000000 ) ) ;
#9981 = DIRECTION ( 'NONE',  ( 0.000000000000000000, 0.000000000000000000, -1.000000000000000000 ) ) ;
#9982 = LINE ( 'NONE', #9365, #3175 ) ;
#9983 = EDGE_LOOP ( 'NONE', ( #2408, #2249, #10591, #7676 ) ) ;
#9984 = LINE ( 'NONE', #3235, #8988 ) ;
#9985 = CARTESIAN_POINT ( 'NONE',  ( 2.249999999999892530, 0.000000000000000000, 2.900000000000001688 ) ) ;
#9986 = CARTESIAN_POINT ( 'NONE',  ( -4.604999999999998650, 8.000000000000000000, -5.000000000000003553 ) ) ;
#9987 = EDGE_CURVE ( 'NONE', #6368, #4263, #4812, .T. ) ;
#9988 = AXIS2_PLACEMENT_3D ( 'NONE', #3605, #2178, #4655 ) ;
#9989 = EDGE_CURVE ( 'NONE', #9189, #8370, #3217, .T. ) ;
#9990 = VERTEX_POINT ( 'NONE', #8982 ) ;
#9991 = FACE_OUTER_BOUND ( 'NONE', #1426, .T. ) ;
#9992 = ORIENTED_EDGE ( 'NONE', *, *, #2998, .F. ) ;
#9993 = CARTESIAN_POINT ( 'NONE',  ( -1.750000000000107470, 0.2000000000000000111, 2.399999999999958167 ) ) ;
#9994 = VECTOR ( 'NONE', #3449, 1000.000000000000000 ) ;
#9995 = CARTESIAN_POINT ( 'NONE',  ( 7.000000000000000000, 2.350000000000000089, -4.500000000000000888 ) ) ;
#9997 = ORIENTED_EDGE ( 'NONE', *, *, #3955, .T. ) ;
#9996 = VECTOR ( 'NONE', #9360, 999.9999999999998863 ) ;
#9998 = DIRECTION ( 'NONE',  ( 0.000000000000000000, -1.000000000000000000, 0.000000000000000000 ) ) ;
#9999 = CARTESIAN_POINT ( 'NONE',  ( -3.750000000000000000, 2.649999999999999911, -2.300000000000000266 ) ) ;
#10000 = AXIS2_PLACEMENT_3D ( 'NONE', #4831, #3889, #3012 ) ;
#10001 = ADVANCED_FACE ( 'NONE', ( #5793 ), #632, .F. ) ;
#10002 = VERTEX_POINT ( 'NONE', #5694 ) ;
#10003 = DIRECTION ( 'NONE',  ( 0.4226182617407009401, 0.000000000000000000, -0.9063077870366492705 ) ) ;
#10004 = EDGE_CURVE ( 'NONE', #4786, #8549, #9034, .T. ) ;
#10005 = EDGE_LOOP ( 'NONE', ( #10236, #1672, #3619, #196 ) ) ;
#10006 = DIRECTION ( 'NONE',  ( 0.000000000000000000, -1.000000000000000000, 0.000000000000000000 ) ) ;
#10007 = CARTESIAN_POINT ( 'NONE',  ( 5.900000000000000355, 0.4000000000000050182, 4.898587196589475321E-17 ) ) ;
#10008 = VERTEX_POINT ( 'NONE', #679 ) ;
#10009 = EDGE_CURVE ( 'NONE', #10425, #1241, #1935, .T. ) ;
#10010 = VECTOR ( 'NONE', #4772, 1000.000000000000000 ) ;
#10011 = ORIENTED_EDGE ( 'NONE', *, *, #10665, .T. ) ;
#10012 = PLANE ( 'NONE',  #7432 ) ;
#10013 = VECTOR ( 'NONE', #1518, 1000.000000000000000 ) ;
#10014 = CARTESIAN_POINT ( 'NONE',  ( -3.874717526849586147, 2.274717526849586502, -3.031080120897855945 ) ) ;
#10015 = LINE ( 'NONE', #4238, #10597 ) ;
#10016 = ADVANCED_FACE ( 'NONE', ( #1871 ), #6880, .F. ) ;
#10017 = CARTESIAN_POINT ( 'NONE',  ( 4.200000000000000178, 3.699999999999999734, 0.7999999999999994893 ) ) ;
#10018 = ORIENTED_EDGE ( 'NONE', *, *, #3147, .T. ) ;
#10019 = DIRECTION ( 'NONE',  ( 0.000000000000000000, -1.000000000000000000, 0.000000000000000000 ) ) ;
#10020 = LINE ( 'NONE', #9184, #10716 ) ;
#10021 = AXIS2_PLACEMENT_3D ( 'NONE', #4905, #3972, #8020 ) ;
#10022 = LINE ( 'NONE', #1760, #4062 ) ;
#10023 = ORIENTED_EDGE ( 'NONE', *, *, #4697, .F. ) ;
#10024 = VERTEX_POINT ( 'NONE', #6725 ) ;
#10025 = EDGE_CURVE ( 'NONE', #10368, #9990, #10022, .T. ) ;
#10026 = CARTESIAN_POINT ( 'NONE',  ( -6.200000000000001066, 2.575000000000000178, 3.725000000000000089 ) ) ;
#10027 = VECTOR ( 'NONE', #3515, 1000.000000000000000 ) ;
#10028 = DIRECTION ( 'NONE',  ( -1.000000000000000000, 0.000000000000000000, 0.000000000000000000 ) ) ;
#10029 = CARTESIAN_POINT ( 'NONE',  ( 0.000000000000000000, 0.000000000000000000, 0.7999999999999994893 ) ) ;
#10030 = VECTOR ( 'NONE', #6862, 1000.000000000000000 ) ;
#10031 = CARTESIAN_POINT ( 'NONE',  ( 6.200000000000001066, 5.500000000000001776, 3.075000000000001066 ) ) ;
#10032 = FACE_OUTER_BOUND ( 'NONE', #10493, .T. ) ;
#10033 = ORIENTED_EDGE ( 'NONE', *, *, #4853, .F. ) ;
#10034 = LINE ( 'NONE', #843, #876 ) ;
#10035 = CARTESIAN_POINT ( 'NONE',  ( -1.999999999999998668, 3.699999999999999734, 0.7999999999999994893 ) ) ;
#10036 = AXIS2_PLACEMENT_3D ( 'NONE', #2662, #6839, #10094 ) ;
#10037 = VERTEX_POINT ( 'NONE', #3313 ) ;
#10038 = EDGE_CURVE ( 'NONE', #8610, #8115, #4945, .T. ) ;
#10039 = DIRECTION ( 'NONE',  ( -0.000000000000000000, 2.759533940951747051E-15, 1.000000000000000000 ) ) ;
#10040 = VECTOR ( 'NONE', #4950, 1000.000000000000000 ) ;
#10041 = VERTEX_POINT ( 'NONE', #5850 ) ;
#10042 = CARTESIAN_POINT ( 'NONE',  ( 3.400000000000000355, 4.850000000000000533, 2.250000000000000444 ) ) ;
#10043 = DIRECTION ( 'NONE',  ( -0.000000000000000000, 0.000000000000000000, -1.000000000000000000 ) ) ;
#10044 = CARTESIAN_POINT ( 'NONE',  ( -5.200000000000000178, 0.9000000000000004663, -3.049999999999997602 ) ) ;
#10045 = AXIS2_PLACEMENT_3D ( 'NONE', #6347, #10515, #6117 ) ;
#10046 = VECTOR ( 'NONE', #3473, 1000.000000000000000 ) ;
#10047 = EDGE_LOOP ( 'NONE', ( #3542, #3074, #7624, #1029 ) ) ;
#10048 = CARTESIAN_POINT ( 'NONE',  ( -1.750000000000107470, 0.6000000000000000888, 2.400000000000000355 ) ) ;
#10049 = SURFACE_SIDE_STYLE ('',( #6691 ) ) ;
#10050 = ORIENTED_EDGE ( 'NONE', *, *, #3660, .T. ) ;
#10051 = CARTESIAN_POINT ( 'NONE',  ( -6.200000000000001066, 2.575000000000000178, 3.899999999999999911 ) ) ;
#10052 = AXIS2_PLACEMENT_3D ( 'NONE', #5204, #8546, #1135 ) ;
#10053 = AXIS2_PLACEMENT_3D ( 'NONE', #1167, #6230, #5400 ) ;
#10054 = CARTESIAN_POINT ( 'NONE',  ( 6.304999999999999716, 4.050000000000000711, -3.000000000000000000 ) ) ;
#10055 = VECTOR ( 'NONE', #8974, 1000.000000000000000 ) ;
#10056 = EDGE_LOOP ( 'NONE', ( #1990, #8789, #5353, #7783 ) ) ;
#10057 = CARTESIAN_POINT ( 'NONE',  ( -1.699999999999999289, 5.700000000000000178, -3.200000000000000178 ) ) ;
#10058 = CARTESIAN_POINT ( 'NONE',  ( -4.250000000000106581, 0.6000000000000000888, 2.400000000000000355 ) ) ;
#10059 = EDGE_LOOP ( 'NONE', ( #7483, #2899, #10584, #4993 ) ) ;
#10060 = FACE_OUTER_BOUND ( 'NONE', #3801, .T. ) ;
#10061 = AXIS2_PLACEMENT_3D ( 'NONE', #3307, #7633, #10170 ) ;
#10062 = ORIENTED_EDGE ( 'NONE', *, *, #10682, .T. ) ;
#10063 = LINE ( 'NONE', #9275, #1123 ) ;
#10064 = CARTESIAN_POINT ( 'NONE',  ( -6.200000000000001066, 5.394289321881346133, 1.429289321881345387 ) ) ;
#10065 = ORIENTED_EDGE ( 'NONE', *, *, #10877, .T. ) ;
#10066 = EDGE_CURVE ( 'NONE', #5212, #6597, #2640, .T. ) ;
#10067 = ORIENTED_EDGE ( 'NONE', *, *, #10294, .F. ) ;
#10068 = EDGE_CURVE ( 'NONE', #2465, #9744, #6006, .T. ) ;
#10069 = CARTESIAN_POINT ( 'NONE',  ( -2.250000000000107914, 0.6000000000000000888, 4.999999999999958256 ) ) ;
#10070 = EDGE_CURVE ( 'NONE', #10008, #210, #783, .T. ) ;
#10071 = CYLINDRICAL_SURFACE ( 'NONE', #7981, 0.2500000000000019429 ) ;
#10072 = CARTESIAN_POINT ( 'NONE',  ( 3.250000000000000444, 2.750000000000001332, -3.200000000000000178 ) ) ;
#10073 = CARTESIAN_POINT ( 'NONE',  ( 6.200000000000001066, 5.470710678118654968, 1.647132034355962338 ) ) ;
#10074 = LINE ( 'NONE', #2477, #5550 ) ;
#10075 = ORIENTED_EDGE ( 'NONE', *, *, #5742, .F. ) ;
#10076 = CARTESIAN_POINT ( 'NONE',  ( -8.000000000000000000, 2.540808929720139275, -2.300000000000000266 ) ) ;
#10077 = DIRECTION ( 'NONE',  ( -1.000000000000000000, -0.000000000000000000, -0.000000000000000000 ) ) ;
#10078 = VERTEX_POINT ( 'NONE', #110 ) ;
#10079 = VERTEX_POINT ( 'NONE', #10234 ) ;
#10080 = DIRECTION ( 'NONE',  ( -0.000000000000000000, 1.000000000000000000, 0.000000000000000000 ) ) ;
#10081 = DIRECTION ( 'NONE',  ( -0.000000000000000000, -0.000000000000000000, 1.000000000000000000 ) ) ;
#10082 = CYLINDRICAL_SURFACE ( 'NONE', #7238, 0.1749999999999998224 ) ;
#10083 =( NAMED_UNIT ( * ) PLANE_ANGLE_UNIT ( ) SI_UNIT ( $, .RADIAN. ) );
#10084 = ADVANCED_FACE ( 'NONE', ( #2700 ), #5121, .F. ) ;
#10085 = AXIS2_PLACEMENT_3D ( 'NONE', #7155, #1376, #619 ) ;
#10086 = EDGE_CURVE ( 'NONE', #681, #5314, #884, .T. ) ;
#10087 = LINE ( 'NONE', #5912, #6654 ) ;
#10088 = ORIENTED_EDGE ( 'NONE', *, *, #4654, .T. ) ;
#10089 = LINE ( 'NONE', #948, #6341 ) ;
#10090 = ORIENTED_EDGE ( 'NONE', *, *, #864, .T. ) ;
#10091 = CIRCLE ( 'NONE', #5007, 0.1000000000000011297 ) ;
#10092 = DIRECTION ( 'NONE',  ( -1.232595164407830946E-32, -1.000000000000000000, 6.853242846390245208E-49 ) ) ;
#10093 = ORIENTED_EDGE ( 'NONE', *, *, #7528, .T. ) ;
#10094 = DIRECTION ( 'NONE',  ( 0.000000000000000000, 0.000000000000000000, -1.000000000000000000 ) ) ;
#10095 = CARTESIAN_POINT ( 'NONE',  ( -3.250000000000000444, 2.750000000000001332, -3.200000000000000178 ) ) ;
#10096 = CARTESIAN_POINT ( 'NONE',  ( 6.400000000000001243, 5.700000000000000178, -3.200000000000000178 ) ) ;
#10097 = EDGE_CURVE ( 'NONE', #822, #5783, #4244, .T. ) ;
#10098 = VERTEX_POINT ( 'NONE', #10130 ) ;
#10099 = CARTESIAN_POINT ( 'NONE',  ( -4.250000000000107470, 0.6000000000000000888, 4.999999999999944933 ) ) ;
#10100 = AXIS2_PLACEMENT_3D ( 'NONE', #2895, #5414, #5474 ) ;
#10101 = ADVANCED_FACE ( 'NONE', ( #3368 ), #7589, .F. ) ;
#10102 = ORIENTED_EDGE ( 'NONE', *, *, #4313, .F. ) ;
#10103 = CARTESIAN_POINT ( 'NONE',  ( 0.000000000000000000, 0.000000000000000000, -3.000000000000000000 ) ) ;
#10104 = EDGE_CURVE ( 'NONE', #2552, #1419, #62, .T. ) ;
#10105 = CARTESIAN_POINT ( 'NONE',  ( -6.200000000000001066, 4.939999999999999503, 2.049999999999999822 ) ) ;
#10106 = ORIENTED_EDGE ( 'NONE', *, *, #3349, .F. ) ;
#10107 =( NAMED_UNIT ( * ) SI_UNIT ( $, .STERADIAN. ) SOLID_ANGLE_UNIT ( ) );
#10108 = PRESENTATION_LAYER_ASSIGNMENT (  '', '', ( #275 ) ) ;
#10109 = CARTESIAN_POINT ( 'NONE',  ( 4.250000000000000000, 2.149999999999999467, -1.999999999999997335 ) ) ;
#10110 = EDGE_CURVE ( 'NONE', #8634, #4555, #5949, .T. ) ;
#10111 = ORIENTED_EDGE ( 'NONE', *, *, #3346, .F. ) ;
#10112 = CYLINDRICAL_SURFACE ( 'NONE', #1156, 0.2500000000000019429 ) ;
#10113 = ORIENTED_EDGE ( 'NONE', *, *, #4989, .F. ) ;
#10114 = LINE ( 'NONE', #10883, #2892 ) ;
#10115 = AXIS2_PLACEMENT_3D ( 'NONE', #6222, #9569, #5391 ) ;
#10116 = DIRECTION ( 'NONE',  ( 7.885106708985485090E-16, 1.000000000000000000, 0.000000000000000000 ) ) ;
#10117 = ORIENTED_EDGE ( 'NONE', *, *, #5765, .T. ) ;
#10118 = EDGE_LOOP ( 'NONE', ( #1584, #3086, #3967, #10090 ) ) ;
#10119 = LINE ( 'NONE', #1751, #167 ) ;
#10120 = CARTESIAN_POINT ( 'NONE',  ( -6.200000000000001066, 4.939999999999999503, 3.000000000000000888 ) ) ;
#10121 = CARTESIAN_POINT ( 'NONE',  ( 5.900000000000000355, 0.4000000000000000222, 1.099999999999999867 ) ) ;
#10122 = CIRCLE ( 'NONE', #6619, 0.3500000000000000333 ) ;
#10123 = DIRECTION ( 'NONE',  ( 0.000000000000000000, -0.7071067811865495711, -0.7071067811865455743 ) ) ;
#10124 = FACE_OUTER_BOUND ( 'NONE', #971, .T. ) ;
#10125 = EDGE_CURVE ( 'NONE', #7902, #513, #989, .T. ) ;
#10126 = VERTEX_POINT ( 'NONE', #8464 ) ;
#10127 = LINE ( 'NONE', #5947, #6625 ) ;
#10128 = EDGE_CURVE ( 'NONE', #5222, #3063, #937, .T. ) ;
#10129 = EDGE_CURVE ( 'NONE', #9972, #8800, #6, .T. ) ;
#10130 = CARTESIAN_POINT ( 'NONE',  ( 7.000000000000000000, 0.4000000000000000222, 2.149999999999999911 ) ) ;
#10131 = ORIENTED_EDGE ( 'NONE', *, *, #521, .F. ) ;
#10132 = AXIS2_PLACEMENT_3D ( 'NONE', #6109, #7531, #9351 ) ;
#10133 = EDGE_LOOP ( 'NONE', ( #48, #5135, #10250, #4850 ) ) ;
#10134 = CARTESIAN_POINT ( 'NONE',  ( -0.2500000000001078027, 0.6000000000000000888, 5.000000000000000000 ) ) ;
#10135 = DIRECTION ( 'NONE',  ( -0.000000000000000000, -1.000000000000000000, -0.000000000000000000 ) ) ;
#10136 = CARTESIAN_POINT ( 'NONE',  ( 5.800000000000000711, 5.325000000000001954, 3.899999999999999911 ) ) ;
#10137 =( NAMED_UNIT ( * ) PLANE_ANGLE_UNIT ( ) SI_UNIT ( $, .RADIAN. ) );
#10138 = EDGE_CURVE ( 'NONE', #8534, #10427, #4350, .T. ) ;
#10139 = CARTESIAN_POINT ( 'NONE',  ( 5.900000000000000355, 0.4000000000000000222, 1.099999999999999867 ) ) ;
#10140 = ORIENTED_EDGE ( 'NONE', *, *, #606, .T. ) ;
#10141 = LINE ( 'NONE', #8528, #2817 ) ;
#10142 = ORIENTED_EDGE ( 'NONE', *, *, #7807, .F. ) ;
#10143 = ADVANCED_FACE ( 'NONE', ( #3525 ), #6058, .F. ) ;
#10144 = CARTESIAN_POINT ( 'NONE',  ( 6.200000000000001066, 5.500000000000000888, 3.725000000000000533 ) ) ;
#10145 = EDGE_LOOP ( 'NONE', ( #561, #1149, #5262, #1977 ) ) ;
#10146 = DIRECTION ( 'NONE',  ( -0.000000000000000000, -0.000000000000000000, -1.000000000000000000 ) ) ;
#10147 = CARTESIAN_POINT ( 'NONE',  ( -2.250000000000107025, 0.6000000000000000888, 2.399999999999958167 ) ) ;
#10148 = CARTESIAN_POINT ( 'NONE',  ( -2.999999999999998668, 0.9000000000000005773, -3.599999999999999645 ) ) ;
#10149 = ORIENTED_EDGE ( 'NONE', *, *, #2131, .F. ) ;
#10150 = FACE_OUTER_BOUND ( 'NONE', #1488, .T. ) ;
#10151 = VERTEX_POINT ( 'NONE', #4405 ) ;
#10152 = CARTESIAN_POINT ( 'NONE',  ( 6.800000000000001599, 2.400000000000000355, 1.999999999999999556 ) ) ;
#10153 = LINE ( 'NONE', #8332, #9344 ) ;
#10154 = ORIENTED_EDGE ( 'NONE', *, *, #6888, .F. ) ;
#10155 = EDGE_CURVE ( 'NONE', #6446, #1517, #8690, .T. ) ;
#10156 = ADVANCED_FACE ( 'NONE', ( #222 ), #6935, .F. ) ;
#10157 = CARTESIAN_POINT ( 'NONE',  ( 5.670000000000001705, 6.164999999999997371, 3.035000000000000586 ) ) ;
#10158 = ORIENTED_EDGE ( 'NONE', *, *, #4278, .T. ) ;
#10159 = DIRECTION ( 'NONE',  ( -0.000000000000000000, 1.000000000000000000, -0.000000000000000000 ) ) ;
#10160 = ORIENTED_EDGE ( 'NONE', *, *, #9802, .F. ) ;
#10161 = CARTESIAN_POINT ( 'NONE',  ( -5.800000000000000711, 5.300000000000000711, -1.499999999999999556 ) ) ;
#10162 = VECTOR ( 'NONE', #8382, 1000.000000000000000 ) ;
#10163 = CARTESIAN_POINT ( 'NONE',  ( 0.000000000000000000, 0.6000000000000000888, 0.000000000000000000 ) ) ;
#10164 = ORIENTED_EDGE ( 'NONE', *, *, #8049, .F. ) ;
#10165 = VERTEX_POINT ( 'NONE', #328 ) ;
#10166 = DIRECTION ( 'NONE',  ( -1.000000000000000000, 0.000000000000000000, 0.000000000000000000 ) ) ;
#10167 = VECTOR ( 'NONE', #8702, 1000.000000000000000 ) ;
#10168 = FACE_OUTER_BOUND ( 'NONE', #1091, .T. ) ;
#10169 = CARTESIAN_POINT ( 'NONE',  ( 4.764267565201872223, 0.7499999999999996669, -5.000000000000000000 ) ) ;
#10170 = DIRECTION ( 'NONE',  ( 0.000000000000000000, 0.000000000000000000, -1.000000000000000000 ) ) ;
#10171 = VECTOR ( 'NONE', #7814, 1000.000000000000000 ) ;
#10172 = DIRECTION ( 'NONE',  ( 0.000000000000000000, 0.000000000000000000, 1.000000000000000000 ) ) ;
#10173 = VERTEX_POINT ( 'NONE', #8568 ) ;
#10174 = LINE ( 'NONE', #8355, #4699 ) ;
#10175 = AXIS2_PLACEMENT_3D ( 'NONE', #1699, #9874, #10645 ) ;
#10176 = DIRECTION ( 'NONE',  ( -1.000000000000000000, 0.000000000000000000, 0.000000000000000000 ) ) ;
#10177 = VERTEX_POINT ( 'NONE', #2754 ) ;
#10178 = AXIS2_PLACEMENT_3D ( 'NONE', #4272, #1075, #1015 ) ;
#10179 = ORIENTED_EDGE ( 'NONE', *, *, #5659, .F. ) ;
#10180 = EDGE_CURVE ( 'NONE', #6379, #8570, #1924, .T. ) ;
#10181 = CARTESIAN_POINT ( 'NONE',  ( -6.305000000000000604, 1.800000000000000044, -1.699999999999999734 ) ) ;
#10182 = AXIS2_PLACEMENT_3D ( 'NONE', #7629, #10225, #101 ) ;
#10183 = CARTESIAN_POINT ( 'NONE',  ( -5.800000000000000711, 2.400000000000001243, -1.699999999999999734 ) ) ;
#10184 = DIRECTION ( 'NONE',  ( 1.000000000000000000, -0.000000000000000000, -0.000000000000000000 ) ) ;
#10185 = DIRECTION ( 'NONE',  ( -0.000000000000000000, -0.000000000000000000, -1.000000000000000000 ) ) ;
#10186 = AXIS2_PLACEMENT_3D ( 'NONE', #10536, #4606, #9714 ) ;
#10187 = DIRECTION ( 'NONE',  ( -1.000000000000000000, 0.000000000000000000, -0.000000000000000000 ) ) ;
#10188 = EDGE_LOOP ( 'NONE', ( #3859, #5264, #4246, #3314 ) ) ;
#10189 = DIRECTION ( 'NONE',  ( -1.000000000000000000, -0.000000000000000000, -0.000000000000000000 ) ) ;
#10190 = DIRECTION ( 'NONE',  ( 1.000000000000000000, -0.000000000000000000, -0.000000000000000000 ) ) ;
#10191 = ORIENTED_EDGE ( 'NONE', *, *, #3809, .T. ) ;
#10192 = CARTESIAN_POINT ( 'NONE',  ( 5.900000000000000355, 0.4000000000000000222, -1.700000000000000178 ) ) ;
#10193 = EDGE_CURVE ( 'NONE', #445, #822, #6171, .T. ) ;
#10195 = ORIENTED_EDGE ( 'NONE', *, *, #1847, .F. ) ;
#10194 = AXIS2_PLACEMENT_3D ( 'NONE', #4971, #10585, #2430 ) ;
#10196 = EDGE_CURVE ( 'NONE', #2661, #8634, #3694, .T. ) ;
#10197 = DIRECTION ( 'NONE',  ( 1.000000000000000000, 0.000000000000000000, -0.000000000000000000 ) ) ;
#10198 = EDGE_CURVE ( 'NONE', #1517, #7253, #6282, .T. ) ;
#10199 = CARTESIAN_POINT ( 'NONE',  ( 1.749999999999999778, 2.649999999999999911, -2.300000000000000266 ) ) ;
#10200 = LINE ( 'NONE', #10310, #3606 ) ;
#10201 = ORIENTED_EDGE ( 'NONE', *, *, #8320, .T. ) ;
#10202 =( LENGTH_UNIT ( ) NAMED_UNIT ( * ) SI_UNIT ( .MILLI., .METRE. ) );
#10203 = AXIS2_PLACEMENT_3D ( 'NONE', #8220, #696, #4056 ) ;
#10204 = VERTEX_POINT ( 'NONE', #7048 ) ;
#10205 = AXIS2_PLACEMENT_3D ( 'NONE', #6975, #1090, #2913 ) ;
#10206 = DIRECTION ( 'NONE',  ( 1.000000000000000000, 0.000000000000000000, 0.000000000000000000 ) ) ;
#10207 = DIRECTION ( 'NONE',  ( 0.000000000000000000, 0.000000000000000000, 1.000000000000000000 ) ) ;
#10208 = ADVANCED_FACE ( 'NONE', ( #10288 ), #6111, .F. ) ;
#10209 = VERTEX_POINT ( 'NONE', #6988 ) ;
#10210 = CYLINDRICAL_SURFACE ( 'NONE', #1023, 0.3500000000000000333 ) ;
#10211 = VECTOR ( 'NONE', #9612, 1000.000000000000000 ) ;
#10212 = DIRECTION ( 'NONE',  ( 1.000000000000000000, -0.000000000000000000, -0.000000000000000000 ) ) ;
#10213 = VECTOR ( 'NONE', #27, 1000.000000000000000 ) ;
#10214 = ORIENTED_EDGE ( 'NONE', *, *, #519, .F. ) ;
#10215 = CARTESIAN_POINT ( 'NONE',  ( 4.250000000000000000, 2.649999999999999911, 0.7999999999999994893 ) ) ;
#10216 = ORIENTED_EDGE ( 'NONE', *, *, #9248, .F. ) ;
#10217 = CARTESIAN_POINT ( 'NONE',  ( -8.000000000000000000, 2.259191070279860103, -2.300000000000000266 ) ) ;
#10218 = DIRECTION ( 'NONE',  ( -0.7071067811865519026, -5.575612424303214003E-16, 0.7071067811865431318 ) ) ;
#10219 = EDGE_CURVE ( 'NONE', #1787, #6864, #7916, .T. ) ;
#10220 = AXIS2_PLACEMENT_3D ( 'NONE', #3190, #10827, #8228 ) ;
#10221 = AXIS2_PLACEMENT_3D ( 'NONE', #8693, #1875, #8747 ) ;
#10222 = CARTESIAN_POINT ( 'NONE',  ( 1.749999999999892752, 0.2000000000000000111, 3.899999999999999911 ) ) ;
#10223 = VERTEX_POINT ( 'NONE', #10400 ) ;
#10224 = ORIENTED_EDGE ( 'NONE', *, *, #6724, .F. ) ;
#10225 = DIRECTION ( 'NONE',  ( 0.000000000000000000, 0.000000000000000000, 1.000000000000000000 ) ) ;
#10226 = DIRECTION ( 'NONE',  ( 1.000000000000000000, 0.000000000000000000, -0.000000000000000000 ) ) ;
#10227 = FACE_OUTER_BOUND ( 'NONE', #1597, .T. ) ;
#10228 = VECTOR ( 'NONE', #9896, 1000.000000000000000 ) ;
#10229 = VERTEX_POINT ( 'NONE', #9573 ) ;
#10230 = CARTESIAN_POINT ( 'NONE',  ( -5.349999999999999645, 2.750000000000000444, -3.600000000000000533 ) ) ;
#10231 = CARTESIAN_POINT ( 'NONE',  ( -3.399999999999999911, 5.699999999999999289, 3.900000000000000355 ) ) ;
#10232 = EDGE_LOOP ( 'NONE', ( #497, #8359, #3382, #6037 ) ) ;
#10233 = CARTESIAN_POINT ( 'NONE',  ( 6.200000000000001066, 5.425000000000000711, 1.974999999999999867 ) ) ;
#10234 = CARTESIAN_POINT ( 'NONE',  ( 5.800000000000000711, 2.400000000000001243, -1.699999999999999734 ) ) ;
#10235 = VECTOR ( 'NONE', #1752, 1000.000000000000114 ) ;
#10236 = ORIENTED_EDGE ( 'NONE', *, *, #4897, .T. ) ;
#10237 = ORIENTED_EDGE ( 'NONE', *, *, #8335, .F. ) ;
#10238 = CARTESIAN_POINT ( 'NONE',  ( -6.200000000000001066, 5.425000000000000711, 3.000000000000000444 ) ) ;
#10239 = CARTESIAN_POINT ( 'NONE',  ( -0.2500000000000002220, 2.649999999999999911, 0.7999999999999994893 ) ) ;
#10240 = EDGE_CURVE ( 'NONE', #7761, #8070, #443, .T. ) ;
#10241 = DIRECTION ( 'NONE',  ( -1.000000000000000000, 0.000000000000000000, 0.000000000000000000 ) ) ;
#10242 = FACE_OUTER_BOUND ( 'NONE', #5936, .T. ) ;
#10243 = CARTESIAN_POINT ( 'NONE',  ( -7.000000000000000000, 1.300000000000000266, 3.699999999999999734 ) ) ;
#10244 = DIRECTION ( 'NONE',  ( -1.000000000000000000, 3.942553354492738600E-16, 0.000000000000000000 ) ) ;
#10245 = ORIENTED_EDGE ( 'NONE', *, *, #1863, .F. ) ;
#10246 = CARTESIAN_POINT ( 'NONE',  ( 6.055000000000000604, 0.000000000000000000, -4.750000000000000000 ) ) ;
#10247 = CARTESIAN_POINT ( 'NONE',  ( 0.000000000000000000, 0.000000000000000000, -3.000000000000000000 ) ) ;
#10248 = VERTEX_POINT ( 'NONE', #4464 ) ;
#10249 = CARTESIAN_POINT ( 'NONE',  ( -6.200000000000001066, 5.500000000000001776, -1.499999999999998224 ) ) ;
#10250 = ORIENTED_EDGE ( 'NONE', *, *, #3383, .F. ) ;
#10251 = CARTESIAN_POINT ( 'NONE',  ( -3.400000000000000355, 4.850000000000000533, 3.900000000000000355 ) ) ;
#10252 = DIRECTION ( 'NONE',  ( 0.000000000000000000, 0.7071067811865515695, 0.7071067811865434649 ) ) ;
#10253 = DIRECTION ( 'NONE',  ( 0.000000000000000000, -1.591489427501657896E-16, 1.000000000000000000 ) ) ;
#10254 = EDGE_LOOP ( 'NONE', ( #1681, #10011, #6121, #5549 ) ) ;
#10255 = CARTESIAN_POINT ( 'NONE',  ( -0.6250000000000000000, 5.000000000000000000, -0.9499999999999998446 ) ) ;
#10256 = EDGE_CURVE ( 'NONE', #8177, #10675, #2042, .T. ) ;
#10257 = ORIENTED_EDGE ( 'NONE', *, *, #8613, .F. ) ;
#10258 = CARTESIAN_POINT ( 'NONE',  ( 4.250000000000000000, 2.649999999999999911, -2.300000000000000266 ) ) ;
#10259 = ADVANCED_FACE ( 'NONE', ( #4631 ), #10342, .T. ) ;
#10260 = ADVANCED_FACE ( 'NONE', ( #7804 ), #7748, .F. ) ;
#10261 = VECTOR ( 'NONE', #7517, 1000.000000000000000 ) ;
#10262 = CARTESIAN_POINT ( 'NONE',  ( 2.250000000000000444, 2.149999999999999467, -1.999999999999997335 ) ) ;
#10263 = VERTEX_POINT ( 'NONE', #7103 ) ;
#10264 = CARTESIAN_POINT ( 'NONE',  ( 6.200000000000001066, 5.500000000000000888, 3.725000000000000533 ) ) ;
#10265 = CARTESIAN_POINT ( 'NONE',  ( 5.800000000000000711, 5.500000000000001776, 1.974999999999999423 ) ) ;
#10266 = VECTOR ( 'NONE', #1914, 1000.000000000000000 ) ;
#10267 = AXIS2_PLACEMENT_3D ( 'NONE', #7010, #3716, #2060 ) ;
#10268 = EDGE_LOOP ( 'NONE', ( #655, #7946, #1369, #5498 ) ) ;
#10269 = DIRECTION ( 'NONE',  ( 0.000000000000000000, -1.548860246407863829E-16, 1.000000000000000000 ) ) ;
#10270 = ORIENTED_EDGE ( 'NONE', *, *, #3354, .F. ) ;
#10271 = CARTESIAN_POINT ( 'NONE',  ( -1.849999999999997646, 4.550000000000001599, -3.200000000000000178 ) ) ;
#10272 = CARTESIAN_POINT ( 'NONE',  ( -7.000000000000000000, 4.700000000000000178, 0.1000000000000000472 ) ) ;
#10273 = LINE ( 'NONE', #8786, #729 ) ;
#10274 = ORIENTED_EDGE ( 'NONE', *, *, #10768, .F. ) ;
#10275 = CIRCLE ( 'NONE', #6243, 0.09999999999999961697 ) ;
#10276 = ORIENTED_EDGE ( 'NONE', *, *, #6192, .F. ) ;
#10277 = DIRECTION ( 'NONE',  ( 1.000000000000000000, -0.000000000000000000, -0.000000000000000000 ) ) ;
#10278 = EDGE_CURVE ( 'NONE', #1241, #1958, #9685, .T. ) ;
#10279 = DIRECTION ( 'NONE',  ( 0.000000000000000000, 0.000000000000000000, 1.000000000000000000 ) ) ;
#10280 = CARTESIAN_POINT ( 'NONE',  ( -5.899999999999998579, 4.629138561470611535, 1.099999999999999645 ) ) ;
#10281 = ORIENTED_EDGE ( 'NONE', *, *, #1262, .F. ) ;
#10282 = CARTESIAN_POINT ( 'NONE',  ( -6.000000000000000000, 0.6000000000000000888, 0.000000000000000000 ) ) ;
#10283 = VERTEX_POINT ( 'NONE', #2092 ) ;
#10284 = LINE ( 'NONE', #10337, #8703 ) ;
#10285 = VECTOR ( 'NONE', #6764, 1000.000000000000000 ) ;
#10286 = ORIENTED_EDGE ( 'NONE', *, *, #5137, .T. ) ;
#10287 = DIRECTION ( 'NONE',  ( 1.000000000000000000, 0.000000000000000000, 0.000000000000000000 ) ) ;
#10288 = FACE_OUTER_BOUND ( 'NONE', #1378, .T. ) ;
#10289 = ORIENTED_EDGE ( 'NONE', *, *, #4085, .T. ) ;
#10290 = ORIENTED_EDGE ( 'NONE', *, *, #1470, .F. ) ;
#10291 = VECTOR ( 'NONE', #3783, 1000.000000000000000 ) ;
#10292 = DIRECTION ( 'NONE',  ( 0.000000000000000000, -0.000000000000000000, -1.000000000000000000 ) ) ;
#10293 = EDGE_CURVE ( 'NONE', #4210, #8023, #7965, .T. ) ;
#10294 = EDGE_CURVE ( 'NONE', #5039, #32, #3855, .T. ) ;
#10295 = DIRECTION ( 'NONE',  ( 1.000000000000000000, -0.000000000000000000, -0.000000000000000000 ) ) ;
#10296 = CARTESIAN_POINT ( 'NONE',  ( 7.000000000000000000, 4.950000000000001066, -3.200000000000000178 ) ) ;
#10297 = CARTESIAN_POINT ( 'NONE',  ( -0.6250000000000000000, 4.700000000000000178, -2.200000000000000622 ) ) ;
#10298 = DIRECTION ( 'NONE',  ( -1.000000000000000000, 0.000000000000000000, 0.000000000000000000 ) ) ;
#10299 = VECTOR ( 'NONE', #8949, 1000.000000000000000 ) ;
#10300 = ORIENTED_EDGE ( 'NONE', *, *, #5357, .T. ) ;
#10301 = LINE ( 'NONE', #2167, #4576 ) ;
#10302 = CARTESIAN_POINT ( 'NONE',  ( 4.249999999999892530, 0.6000000000000000888, 3.899999999999999911 ) ) ;
#10303 = VERTEX_POINT ( 'NONE', #9073 ) ;
#10304 = CARTESIAN_POINT ( 'NONE',  ( -6.200000000000001066, 5.394289321881347021, 1.570710678118654391 ) ) ;
#10305 = EDGE_LOOP ( 'NONE', ( #149, #1704, #5067, #4070 ) ) ;
#10306 = CARTESIAN_POINT ( 'NONE',  ( 7.000000000000000000, 4.400000000000000355, 3.700000000000000178 ) ) ;
#10307 = VECTOR ( 'NONE', #5632, 1000.000000000000000 ) ;
#10308 = DIRECTION ( 'NONE',  ( 0.000000000000000000, 0.000000000000000000, 1.000000000000000000 ) ) ;
#10309 = DIRECTION ( 'NONE',  ( 0.000000000000000000, 1.000000000000000000, -1.084202172485504434E-15 ) ) ;
#10310 = CARTESIAN_POINT ( 'NONE',  ( 3.850000000000000089, 4.850000000000000533, 3.900000000000000355 ) ) ;
#10311 = ORIENTED_EDGE ( 'NONE', *, *, #5100, .F. ) ;
#10312 = CARTESIAN_POINT ( 'NONE',  ( -5.004999999999999893, 5.499999999999998224, 3.700000000000000178 ) ) ;
#10313 = VERTEX_POINT ( 'NONE', #2321 ) ;
#10314 = PLANE ( 'NONE',  #8954 ) ;
#10315 = EDGE_CURVE ( 'NONE', #8534, #4397, #9958, .T. ) ;
#10316 = DIRECTION ( 'NONE',  ( 0.000000000000000000, -0.000000000000000000, 1.000000000000000000 ) ) ;
#10317 = ORIENTED_EDGE ( 'NONE', *, *, #8188, .T. ) ;
#10318 = DIRECTION ( 'NONE',  ( 0.2359856711608181723, 0.8807105146304250454, 0.4106820575897978109 ) ) ;
#10319 = EDGE_CURVE ( 'NONE', #2065, #8327, #8081, .T. ) ;
#10320 = ADVANCED_FACE ( 'NONE', ( #1323 ), #1495, .F. ) ;
#10321 = ORIENTED_EDGE ( 'NONE', *, *, #9518, .F. ) ;
#10322 = DIRECTION ( 'NONE',  ( -0.7071067811865434649, 2.044391222244475579E-15, 0.7071067811865515695 ) ) ;
#10323 = VERTEX_POINT ( 'NONE', #3146 ) ;
#10324 = CARTESIAN_POINT ( 'NONE',  ( -5.349999999999999645, 2.750000000000000444, -3.600000000000000533 ) ) ;
#10325 = DIRECTION ( 'NONE',  ( 1.000000000000000000, 0.000000000000000000, 0.000000000000000000 ) ) ;
#10326 = CARTESIAN_POINT ( 'NONE',  ( -6.200000000000001066, 5.394289321881344357, 0.6792893218813451650 ) ) ;
#10327 = VERTEX_POINT ( 'NONE', #9799 ) ;
#10328 = LINE ( 'NONE', #8677, #738 ) ;
#10329 = ORIENTED_EDGE ( 'NONE', *, *, #5740, .T. ) ;
#10330 = FACE_OUTER_BOUND ( 'NONE', #10305, .T. ) ;
#10331 = LINE ( 'NONE', #7149, #5730 ) ;
#10332 = ADVANCED_FACE ( 'NONE', ( #501 ), #4858, .F. ) ;
#10333 = FACE_OUTER_BOUND ( 'NONE', #9983, .T. ) ;
#10334 = ADVANCED_FACE ( 'NONE', ( #1545 ), #719, .T. ) ;
#10335 = ORIENTED_EDGE ( 'NONE', *, *, #6909, .T. ) ;
#10336 = LINE ( 'NONE', #6375, #5494 ) ;
#10337 = CARTESIAN_POINT ( 'NONE',  ( -6.200000000000001066, 5.500000000000000888, 3.725000000000000533 ) ) ;
#10338 = ORIENTED_EDGE ( 'NONE', *, *, #6673, .F. ) ;
#10339 = VECTOR ( 'NONE', #357, 1000.000000000000000 ) ;
#10340 = FACE_OUTER_BOUND ( 'NONE', #5785, .T. ) ;
#10341 = ADVANCED_FACE ( 'NONE', ( #3917 ), #5733, .F. ) ;
#10342 = PLANE ( 'NONE',  #1064 ) ;
#10343 = VERTEX_POINT ( 'NONE', #9743 ) ;
#10344 = VECTOR ( 'NONE', #8902, 1000.000000000000000 ) ;
#10345 = ORIENTED_EDGE ( 'NONE', *, *, #10097, .F. ) ;
#10346 = VECTOR ( 'NONE', #6616, 1000.000000000000000 ) ;
#10347 = DIRECTION ( 'NONE',  ( 1.000000000000000000, -0.000000000000000000, -0.000000000000000000 ) ) ;
#10348 = CARTESIAN_POINT ( 'NONE',  ( -0.2500000000001069145, 0.6000000000000000888, 2.399999999999972378 ) ) ;
#10349 = CARTESIAN_POINT ( 'NONE',  ( 3.749999999999892975, 0.6000000000000000888, 2.400000000000000355 ) ) ;
#10350 = CARTESIAN_POINT ( 'NONE',  ( 4.537690618442709933, 0.8943454345648219617, -4.855654565435175485 ) ) ;
#10351 = STYLED_ITEM ( 'NONE', ( #10487 ), #980 ) ;
#10352 = LINE ( 'NONE', #2988, #9955 ) ;
#10353 = CARTESIAN_POINT ( 'NONE',  ( 6.055000000000000604, 0.6500000000000020206, -5.000000000000000000 ) ) ;
#10354 = EDGE_LOOP ( 'NONE', ( #4190, #7273, #2897, #1694 ) ) ;
#10355 = STYLED_ITEM ( 'NONE', ( #3242 ), #9233 ) ;
#10356 = CARTESIAN_POINT ( 'NONE',  ( 3.749999999999892530, 0.6000000000000000888, 5.000000000000000000 ) ) ;
#10357 = EDGE_CURVE ( 'NONE', #6590, #6257, #6607, .T. ) ;
#10358 = CARTESIAN_POINT ( 'NONE',  ( -5.800000000000000711, 5.300000000000000711, -1.499999999999999556 ) ) ;
#10359 = ORIENTED_EDGE ( 'NONE', *, *, #9880, .T. ) ;
#10360 = VECTOR ( 'NONE', #6023, 1000.000000000000114 ) ;
#10361 = DIRECTION ( 'NONE',  ( -1.000000000000000000, -0.000000000000000000, -0.000000000000000000 ) ) ;
#10362 = ORIENTED_EDGE ( 'NONE', *, *, #8140, .T. ) ;
#10363 = CARTESIAN_POINT ( 'NONE',  ( 4.250000000000000000, 2.149999999999999467, -1.999999999999997335 ) ) ;
#10364 = LINE ( 'NONE', #4650, #1658 ) ;
#10365 = FACE_OUTER_BOUND ( 'NONE', #2485, .T. ) ;
#10366 = VECTOR ( 'NONE', #4492, 1000.000000000000000 ) ;
#10367 = FACE_OUTER_BOUND ( 'NONE', #9823, .T. ) ;
#10368 = VERTEX_POINT ( 'NONE', #5619 ) ;
#10369 = LINE ( 'NONE', #2842, #4727 ) ;
#10370 = ORIENTED_EDGE ( 'NONE', *, *, #4414, .T. ) ;
#10371 = DIRECTION ( 'NONE',  ( 0.000000000000000000, 0.000000000000000000, 1.000000000000000000 ) ) ;
#10372 = VECTOR ( 'NONE', #344, 1000.000000000000000 ) ;
#10373 = DIRECTION ( 'NONE',  ( 3.336006684570783101E-16, 0.000000000000000000, -1.000000000000000000 ) ) ;
#10374 = ORIENTED_EDGE ( 'NONE', *, *, #1188, .T. ) ;
#10375 = DIRECTION ( 'NONE',  ( -1.000000000000000000, 0.000000000000000000, -0.000000000000000000 ) ) ;
#10376 = VECTOR ( 'NONE', #10347, 1000.000000000000000 ) ;
#10377 = VECTOR ( 'NONE', #10116, 1000.000000000000000 ) ;
#10378 = ORIENTED_EDGE ( 'NONE', *, *, #3698, .F. ) ;
#10379 = CARTESIAN_POINT ( 'NONE',  ( 5.350000000000000533, 2.750000000000001332, -3.200000000000000178 ) ) ;
#10380 = EDGE_LOOP ( 'NONE', ( #4803, #3043, #3343, #8911 ) ) ;
#10381 = LINE ( 'NONE', #8672, #10799 ) ;
#10382 = CARTESIAN_POINT ( 'NONE',  ( 4.537690618442709933, 8.000000000000000000, -4.855654565435175485 ) ) ;
#10383 = DIRECTION ( 'NONE',  ( -0.000000000000000000, 1.000000000000000000, -0.000000000000000000 ) ) ;
#10384 = VERTEX_POINT ( 'NONE', #671 ) ;
#10385 = VECTOR ( 'NONE', #3938, 1000.000000000000000 ) ;
#10386 = PLANE ( 'NONE',  #2851 ) ;
#10387 = UNCERTAINTY_MEASURE_WITH_UNIT (LENGTH_MEASURE( 1.000000000000000082E-05 ), #7083, 'distance_accuracy_value', 'NONE');
#10388 = VECTOR ( 'NONE', #9314, 1000.000000000000227 ) ;
#10389 = ORIENTED_EDGE ( 'NONE', *, *, #2235, .F. ) ;
#10390 = FILL_AREA_STYLE ('',( #7147 ) ) ;
#10391 = CARTESIAN_POINT ( 'NONE',  ( -7.000000000000000000, 2.750000000000001332, -3.200000000000000178 ) ) ;
#10392 = ORIENTED_EDGE ( 'NONE', *, *, #9880, .F. ) ;
#10393 = CARTESIAN_POINT ( 'NONE',  ( 0.6250000000000001110, 4.700000000000000178, -0.2500000000000002220 ) ) ;
#10394 = CYLINDRICAL_SURFACE ( 'NONE', #10115, 0.07500000000000041356 ) ;
#10395 = VECTOR ( 'NONE', #9751, 1000.000000000000114 ) ;
#10396 = CIRCLE ( 'NONE', #7066, 0.1749999999999993783 ) ;
#10397 = VERTEX_POINT ( 'NONE', #4076 ) ;
#10398 = DIRECTION ( 'NONE',  ( -0.000000000000000000, 0.7071067811865485719, 0.7071067811865465735 ) ) ;
#10399 = ADVANCED_FACE ( 'NONE', ( #9856 ), #10790, .F. ) ;
#10400 = CARTESIAN_POINT ( 'NONE',  ( 6.200000000000001066, 5.500000000000001776, -1.499999999999998224 ) ) ;
#10401 = EDGE_CURVE ( 'NONE', #9003, #5590, #5510, .T. ) ;
#10402 = ORIENTED_EDGE ( 'NONE', *, *, #4958, .T. ) ;
#10403 = EDGE_CURVE ( 'NONE', #3919, #5965, #2313, .T. ) ;
#10404 = ORIENTED_EDGE ( 'NONE', *, *, #8266, .F. ) ;
#10405 = VECTOR ( 'NONE', #87, 1000.000000000000000 ) ;
#10406 = DIRECTION ( 'NONE',  ( 1.000000000000000000, -0.000000000000000000, 8.673617379883975321E-16 ) ) ;
#10407 = EDGE_CURVE ( 'NONE', #4908, #210, #8855, .T. ) ;
#10408 = LINE ( 'NONE', #4410, #4617 ) ;
#10409 = LINE ( 'NONE', #7109, #3025 ) ;
#10410 = DIRECTION ( 'NONE',  ( 1.000000000000000000, 0.000000000000000000, 0.000000000000000000 ) ) ;
#10411 = CARTESIAN_POINT ( 'NONE',  ( -0.6249999999999998890, 4.700000000000000178, -0.2500000000000001665 ) ) ;
#10412 = CLOSED_SHELL ( 'NONE', ( #4493, #3749, #8469, #9323, #6930, #3885, #3484, #3933, #3628, #2942 ) ) ;
#10413 = CARTESIAN_POINT ( 'NONE',  ( 6.200000000000001066, 2.575000000000000178, 3.899999999999999911 ) ) ;
#10414 = AXIS2_PLACEMENT_3D ( 'NONE', #5870, #4161, #5662 ) ;
#10415 = VERTEX_POINT ( 'NONE', #1440 ) ;
#10416 = DIRECTION ( 'NONE',  ( 1.000000000000000000, -0.000000000000000000, -0.000000000000000000 ) ) ;
#10417 = CARTESIAN_POINT ( 'NONE',  ( -2.999999999999999112, 0.3499999999999996447, -4.100000000000003197 ) ) ;
#10418 = ORIENTED_EDGE ( 'NONE', *, *, #1122, .F. ) ;
#10419 = DIRECTION ( 'NONE',  ( -1.000000000000000000, 0.000000000000000000, 0.000000000000000000 ) ) ;
#10420 = LINE ( 'NONE', #7821, #3212 ) ;
#10421 = EDGE_CURVE ( 'NONE', #3915, #7838, #8910, .T. ) ;
#10422 = DIRECTION ( 'NONE',  ( 1.000000000000000000, 0.000000000000000000, 0.000000000000000000 ) ) ;
#10423 = CARTESIAN_POINT ( 'NONE',  ( -0.6250000000000001110, 5.000000000000000000, -2.200000000000000178 ) ) ;
#10424 = CARTESIAN_POINT ( 'NONE',  ( 6.305000000000000604, 0.4000000000000000222, -1.700000000000000178 ) ) ;
#10425 = VERTEX_POINT ( 'NONE', #560 ) ;
#10426 = CARTESIAN_POINT ( 'NONE',  ( -3.099999999999999645, 3.699999999999999734, 0.7999999999999994893 ) ) ;
#10427 = VERTEX_POINT ( 'NONE', #10628 ) ;
#10428 = FILL_AREA_STYLE ('',( #302 ) ) ;
#10429 = DIRECTION ( 'NONE',  ( -0.000000000000000000, -1.000000000000000000, -0.000000000000000000 ) ) ;
#10430 = ORIENTED_EDGE ( 'NONE', *, *, #311, .T. ) ;
#10431 = LINE ( 'NONE', #305, #10569 ) ;
#10432 = FACE_OUTER_BOUND ( 'NONE', #5370, .T. ) ;
#10433 = EDGE_CURVE ( 'NONE', #4938, #1258, #8969, .T. ) ;
#10434 = ADVANCED_FACE ( 'NONE', ( #620 ), #4176, .T. ) ;
#10435 = ORIENTED_EDGE ( 'NONE', *, *, #8175, .T. ) ;
#10436 = PLANE ( 'NONE',  #5922 ) ;
#10437 = VECTOR ( 'NONE', #426, 1000.000000000000000 ) ;
#10438 = ORIENTED_EDGE ( 'NONE', *, *, #3465, .T. ) ;
#10439 = LINE ( 'NONE', #2911, #10437 ) ;
#10440 = LINE ( 'NONE', #2455, #7383 ) ;
#10441 = FACE_OUTER_BOUND ( 'NONE', #8995, .T. ) ;
#10442 = ORIENTED_EDGE ( 'NONE', *, *, #9186, .T. ) ;
#10443 = PLANE ( 'NONE',  #4957 ) ;
#10444 = ORIENTED_EDGE ( 'NONE', *, *, #9066, .T. ) ;
#10445 = DIRECTION ( 'NONE',  ( 0.000000000000000000, -0.7071067811865535679, -0.7071067811865414665 ) ) ;
#10446 = VECTOR ( 'NONE', #1512, 1000.000000000000000 ) ;
#10447 = LINE ( 'NONE', #7795, #6056 ) ;
#10448 = ORIENTED_EDGE ( 'NONE', *, *, #3371, .T. ) ;
#10449 = DIRECTION ( 'NONE',  ( 0.000000000000000000, -1.000000000000000000, 0.000000000000000000 ) ) ;
#10450 = ORIENTED_EDGE ( 'NONE', *, *, #5456, .F. ) ;
#10451 = CARTESIAN_POINT ( 'NONE',  ( 5.800000000000000711, 5.500000000000000888, -1.699999999999999289 ) ) ;
#10452 = VECTOR ( 'NONE', #1728, 1000.000000000000114 ) ;
#10453 = DIRECTION ( 'NONE',  ( 0.000000000000000000, 1.000000000000000000, 0.000000000000000000 ) ) ;
#10454 = ORIENTED_EDGE ( 'NONE', *, *, #6970, .T. ) ;
#10455 = EDGE_CURVE ( 'NONE', #1881, #9035, #8499, .T. ) ;
#10456 = ORIENTED_EDGE ( 'NONE', *, *, #6854, .T. ) ;
#10457 = VECTOR ( 'NONE', #710, 999.9999999999998863 ) ;
#10458 = CARTESIAN_POINT ( 'NONE',  ( -0.5449705940722042730, 1.855029405927795194, -1.189574953383492728 ) ) ;
#10459 = VECTOR ( 'NONE', #1666, 1000.000000000000000 ) ;
#10461 = EDGE_CURVE ( 'NONE', #1904, #8668, #7519, .T. ) ;
#10460 = PLANE ( 'NONE',  #1455 ) ;
#10462 = PLANE ( 'NONE',  #9884 ) ;
#10463 = EDGE_CURVE ( 'NONE', #10098, #9003, #4338, .T. ) ;
#10464 = LINE ( 'NONE', #2986, #3789 ) ;
#10465 = CARTESIAN_POINT ( 'NONE',  ( -6.054999999999998828, 0.000000000000000000, -5.000000000000000000 ) ) ;
#10466 = CARTESIAN_POINT ( 'NONE',  ( 5.800000000000000711, 5.500000000000001776, 1.717842712474617173 ) ) ;
#10467 = ORIENTED_EDGE ( 'NONE', *, *, #6895, .T. ) ;
#10468 = DIRECTION ( 'NONE',  ( 0.000000000000000000, -0.000000000000000000, 1.000000000000000000 ) ) ;
#10469 = CARTESIAN_POINT ( 'NONE',  ( -3.750000000000107470, 0.6000000000000000888, 2.400000000000000355 ) ) ;
#10470 = VECTOR ( 'NONE', #2038, 1000.000000000000000 ) ;
#10471 =( LENGTH_UNIT ( ) NAMED_UNIT ( * ) SI_UNIT ( .MILLI., .METRE. ) );
#10472 = VERTEX_POINT ( 'NONE', #9121 ) ;
#10473 = DIRECTION ( 'NONE',  ( -1.000000000000000000, 0.000000000000000000, 0.000000000000000000 ) ) ;
#10474 = CARTESIAN_POINT ( 'NONE',  ( -5.800000000000000711, 5.400000000000000355, 0.5321572875253804957 ) ) ;
#10475 = CARTESIAN_POINT ( 'NONE',  ( -5.800000000000000711, 5.500000000000001776, 1.717842712474617173 ) ) ;
#10476 = LINE ( 'NONE', #464, #10568 ) ;
#10477 = ADVANCED_FACE ( 'NONE', ( #974 ), #1592, .F. ) ;
#10478 = CARTESIAN_POINT ( 'NONE',  ( 6.305000000000000604, 1.800000000000000044, -1.699999999999999734 ) ) ;
#10479 = EDGE_CURVE ( 'NONE', #7677, #2387, #6708, .T. ) ;
#10480 = VECTOR ( 'NONE', #6917, 1000.000000000000000 ) ;
#10481 = VERTEX_POINT ( 'NONE', #3401 ) ;
#10482 = DIRECTION ( 'NONE',  ( 0.000000000000000000, -1.591489427501657896E-16, 1.000000000000000000 ) ) ;
#10483 = EDGE_LOOP ( 'NONE', ( #4521, #9782, #5720, #10404 ) ) ;
#10484 = CYLINDRICAL_SURFACE ( 'NONE', #8256, 0.2000000000000005107 ) ;
#10485 = EDGE_CURVE ( 'NONE', #6218, #5212, #2469, .T. ) ;
#10486 = AXIS2_PLACEMENT_3D ( 'NONE', #4296, #6933, #5015 ) ;
#10487 = PRESENTATION_STYLE_ASSIGNMENT (( #3612 ) ) ;
#10488 = ORIENTED_EDGE ( 'NONE', *, *, #2555, .F. ) ;
#10489 =( NAMED_UNIT ( * ) PLANE_ANGLE_UNIT ( ) SI_UNIT ( $, .RADIAN. ) );
#10490 = DIRECTION ( 'NONE',  ( -0.000000000000000000, 0.000000000000000000, 1.000000000000000000 ) ) ;
#10491 = EDGE_LOOP ( 'NONE', ( #795, #5409, #4780, #5779 ) ) ;
#10492 = DIRECTION ( 'NONE',  ( 1.000000000000000000, -0.000000000000000000, -0.000000000000000000 ) ) ;
#10493 = EDGE_LOOP ( 'NONE', ( #5123, #6751, #9093, #6594 ) ) ;
#10494 = CARTESIAN_POINT ( 'NONE',  ( 5.800000000000000711, 5.500000000000000888, 3.725000000000000533 ) ) ;
#10495 = LINE ( 'NONE', #484, #8065 ) ;
#10496 = CARTESIAN_POINT ( 'NONE',  ( -5.800000000000000711, 5.064999999999999503, 2.250000000000000444 ) ) ;
#10497 = ADVANCED_FACE ( 'NONE', ( #3352 ), #5106, .F. ) ;
#10498 = ORIENTED_EDGE ( 'NONE', *, *, #1490, .F. ) ;
#10499 = EDGE_CURVE ( 'NONE', #926, #3725, #6756, .T. ) ;
#10500 = CARTESIAN_POINT ( 'NONE',  ( 7.000000000000000000, 5.700000000000000178, 3.000000000000002665 ) ) ;
#10501 = ORIENTED_EDGE ( 'NONE', *, *, #5294, .F. ) ;
#10502 = SURFACE_STYLE_USAGE ( .BOTH. , #432 ) ;
#10503 = FACE_OUTER_BOUND ( 'NONE', #812, .T. ) ;
#10504 = ORIENTED_EDGE ( 'NONE', *, *, #2407, .F. ) ;
#10505 = EDGE_LOOP ( 'NONE', ( #8165, #2928, #10695, #6044 ) ) ;
#10506 = CARTESIAN_POINT ( 'NONE',  ( -1.699999999999999289, 5.700000000000000178, -3.200000000000000178 ) ) ;
#10507 = ORIENTED_EDGE ( 'NONE', *, *, #1187, .T. ) ;
#10508 = DIRECTION ( 'NONE',  ( 5.102127870520025912E-16, -1.000000000000000000, 0.000000000000000000 ) ) ;
#10509 = PRODUCT_DEFINITION_FORMATION_WITH_SPECIFIED_SOURCE ( 'ANY', '', #6277, .NOT_KNOWN. ) ;
#10510 = DIRECTION ( 'NONE',  ( -0.3236155771181821184, -0.3236155771181821184, 0.8891264907159901476 ) ) ;
#10511 = EDGE_LOOP ( 'NONE', ( #10507, #7774, #7433, #2903 ) ) ;
#10512 = ORIENTED_EDGE ( 'NONE', *, *, #6455, .T. ) ;
#10513 = CARTESIAN_POINT ( 'NONE',  ( -6.200000000000001066, 5.500000000000001776, 1.974999999999999423 ) ) ;
#10514 = LINE ( 'NONE', #336, #3913 ) ;
#10515 = DIRECTION ( 'NONE',  ( 0.000000000000000000, 1.000000000000000000, 0.000000000000000000 ) ) ;
#10516 = AXIS2_PLACEMENT_3D ( 'NONE', #1619, #8164, #642 ) ;
#10517 = PLANE ( 'NONE',  #4334 ) ;
#10518 = LINE ( 'NONE', #287, #4038 ) ;
#10519 = MECHANICAL_DESIGN_GEOMETRIC_PRESENTATION_REPRESENTATION (  '', ( #6498 ), #1390 ) ;
#10520 = ORIENTED_EDGE ( 'NONE', *, *, #7628, .F. ) ;
#10521 = CARTESIAN_POINT ( 'NONE',  ( 1.496673887931477154, 0.3999999999999996336, 1.399999999999999689 ) ) ;
#10522 = CARTESIAN_POINT ( 'NONE',  ( -2.999999999999999112, 0.9000000000000005773, -4.100000000000003197 ) ) ;
#10523 = EDGE_CURVE ( 'NONE', #10573, #5511, #5991, .T. ) ;
#10524 = VECTOR ( 'NONE', #7927, 1000.000000000000000 ) ;
#10525 = ORIENTED_EDGE ( 'NONE', *, *, #9264, .T. ) ;
#10526 = DIRECTION ( 'NONE',  ( 0.000000000000000000, 0.000000000000000000, 1.000000000000000000 ) ) ;
#10527 = DIRECTION ( 'NONE',  ( 1.000000000000000000, 0.000000000000000000, 0.000000000000000000 ) ) ;
#10528 = MECHANICAL_DESIGN_GEOMETRIC_PRESENTATION_REPRESENTATION (  '', ( #10351 ), #1913 ) ;
#10529 = LINE ( 'NONE', #2997, #6236 ) ;
#10530 = DIRECTION ( 'NONE',  ( -0.000000000000000000, -1.000000000000000000, -0.000000000000000000 ) ) ;
#10531 = FACE_OUTER_BOUND ( 'NONE', #1457, .T. ) ;
#10532 = VECTOR ( 'NONE', #6436, 1000.000000000000000 ) ;
#10533 = ORIENTED_EDGE ( 'NONE', *, *, #8282, .F. ) ;
#10534 = LINE ( 'NONE', #1349, #1729 ) ;
#10535 = ORIENTED_EDGE ( 'NONE', *, *, #5213, .F. ) ;
#10536 = CARTESIAN_POINT ( 'NONE',  ( 7.000000000000000000, 0.3499999999999999778, -4.650000000000000355 ) ) ;
#10537 = AXIS2_PLACEMENT_3D ( 'NONE', #4705, #7342, #10526 ) ;
#10538 = EDGE_CURVE ( 'NONE', #10663, #6293, #8297, .T. ) ;
#10539 = EDGE_CURVE ( 'NONE', #4577, #6857, #2421, .T. ) ;
#10540 = EDGE_CURVE ( 'NONE', #10427, #3310, #7474, .T. ) ;
#10541 = LINE ( 'NONE', #8771, #8579 ) ;
#10542 = ORIENTED_EDGE ( 'NONE', *, *, #3122, .T. ) ;
#10543 = PLANE ( 'NONE',  #5255 ) ;
#10544 = DIRECTION ( 'NONE',  ( -0.9063077870366488265, 0.000000000000000000, 0.4226182617407019393 ) ) ;
#10545 = EDGE_CURVE ( 'NONE', #429, #9295, #6806, .T. ) ;
#10546 = ORIENTED_EDGE ( 'NONE', *, *, #7244, .T. ) ;
#10547 = PLANE ( 'NONE',  #4690 ) ;
#10548 = ORIENTED_EDGE ( 'NONE', *, *, #5356, .T. ) ;
#10549 = AXIS2_PLACEMENT_3D ( 'NONE', #5077, #5915, #5863 ) ;
#10550 = CARTESIAN_POINT ( 'NONE',  ( -0.6250000000000000000, 5.000000000000000888, -1.099999999999998979 ) ) ;
#10551 = DIRECTION ( 'NONE',  ( -1.000000000000000000, -0.000000000000000000, -0.000000000000000000 ) ) ;
#10552 = CIRCLE ( 'NONE', #5454, 0.2500000000000002220 ) ;
#10553 = ADVANCED_FACE ( 'NONE', ( #5889 ), #9278, .F. ) ;
#10554 = CARTESIAN_POINT ( 'NONE',  ( 0.2499999999998926692, 0.000000000000000000, 2.400000000000000355 ) ) ;
#10555 = ORIENTED_EDGE ( 'NONE', *, *, #3809, .F. ) ;
#10556 = DIRECTION ( 'NONE',  ( -8.673617379884035472E-16, 1.000000000000000000, 0.000000000000000000 ) ) ;
#10557 = ORIENTED_EDGE ( 'NONE', *, *, #8454, .F. ) ;
#10558 = CARTESIAN_POINT ( 'NONE',  ( 6.055000000000001492, 0.4000000000000000222, -3.599999999999998757 ) ) ;
#10559 = VECTOR ( 'NONE', #8403, 1000.000000000000000 ) ;
#10560 = DIRECTION ( 'NONE',  ( -0.000000000000000000, -0.7071067811865495711, -0.7071067811865455743 ) ) ;
#10561 = VECTOR ( 'NONE', #10737, 1000.000000000000000 ) ;
#10562 = EDGE_LOOP ( 'NONE', ( #366, #7165, #1036, #1929 ) ) ;
#10563 = ORIENTED_EDGE ( 'NONE', *, *, #5873, .F. ) ;
#10564 = EDGE_CURVE ( 'NONE', #5524, #8477, #5052, .T. ) ;
#10565 = CARTESIAN_POINT ( 'NONE',  ( -3.250000000000000444, 2.750000000000001332, -3.200000000000000178 ) ) ;
#10566 = ORIENTED_EDGE ( 'NONE', *, *, #5707, .F. ) ;
#10567 = DIRECTION ( 'NONE',  ( 0.000000000000000000, -1.000000000000000000, -3.097720492815727659E-16 ) ) ;
#10568 = VECTOR ( 'NONE', #7823, 1000.000000000000000 ) ;
#10569 = VECTOR ( 'NONE', #8833, 1000.000000000000000 ) ;
#10570 = CARTESIAN_POINT ( 'NONE',  ( -6.200000000000001066, 5.470710678118654968, 0.8971320343559628929 ) ) ;
#10571 = EDGE_LOOP ( 'NONE', ( #292, #4436, #6881, #5439 ) ) ;
#10572 = ORIENTED_EDGE ( 'NONE', *, *, #8376, .F. ) ;
#10573 = VERTEX_POINT ( 'NONE', #50 ) ;
#10574 = LINE ( 'NONE', #4028, #1764 ) ;
#10575 = EDGE_CURVE ( 'NONE', #1909, #6535, #9492, .T. ) ;
#10576 = VECTOR ( 'NONE', #7541, 1000.000000000000000 ) ;
#10577 = CARTESIAN_POINT ( 'NONE',  ( 4.250000000000000000, 2.649999999999999911, -2.300000000000000266 ) ) ;
#10578 = VECTOR ( 'NONE', #4429, 1000.000000000000000 ) ;
#10579 = LINE ( 'NONE', #3047, #6002 ) ;
#10580 = EDGE_CURVE ( 'NONE', #9971, #9387, #925, .T. ) ;
#10581 = LINE ( 'NONE', #3048, #8882 ) ;
#10582 = LINE ( 'NONE', #340, #2747 ) ;
#10583 = DIRECTION ( 'NONE',  ( 0.000000000000000000, -1.000000000000000000, 0.000000000000000000 ) ) ;
#10584 = ORIENTED_EDGE ( 'NONE', *, *, #2977, .F. ) ;
#10585 = DIRECTION ( 'NONE',  ( -0.000000000000000000, 1.000000000000000000, 0.000000000000000000 ) ) ;
#10586 = ORIENTED_EDGE ( 'NONE', *, *, #4978, .F. ) ;
#10587 = VECTOR ( 'NONE', #6940, 1000.000000000000000 ) ;
#10588 = EDGE_CURVE ( 'NONE', #3433, #5093, #7091, .T. ) ;
#10589 = APPLICATION_PROTOCOL_DEFINITION ( 'draft international standard', 'automotive_design', 1998, #5858 ) ;
#10590 = VECTOR ( 'NONE', #7796, 1000.000000000000000 ) ;
#10591 = ORIENTED_EDGE ( 'NONE', *, *, #5282, .F. ) ;
#10592 = CARTESIAN_POINT ( 'NONE',  ( 6.140244362310142812, -0.2148764106919637540, -1.413278420875478503 ) ) ;
#10593 = PLANE ( 'NONE',  #7744 ) ;
#10594 = DIRECTION ( 'NONE',  ( -0.000000000000000000, -0.000000000000000000, 1.000000000000000000 ) ) ;
#10595 = CARTESIAN_POINT ( 'NONE',  ( 5.900000000000000355, 1.799999999999999600, 1.099999999999999867 ) ) ;
#10596 = PLANE ( 'NONE',  #6599 ) ;
#10597 = VECTOR ( 'NONE', #2633, 1000.000000000000000 ) ;
#10598 = ORIENTED_EDGE ( 'NONE', *, *, #9936, .F. ) ;
#10599 = LINE ( 'NONE', #9883, #10866 ) ;
#10600 = VERTEX_POINT ( 'NONE', #7899 ) ;
#10601 = CYLINDRICAL_SURFACE ( 'NONE', #10186, 0.3499999999999996447 ) ;
#10602 = DIRECTION ( 'NONE',  ( 0.000000000000000000, 1.084202172485505223E-15, -1.000000000000000000 ) ) ;
#10603 = VERTEX_POINT ( 'NONE', #6215 ) ;
#10604 = DIRECTION ( 'NONE',  ( -0.000000000000000000, -0.7071067811865485719, -0.7071067811865465735 ) ) ;
#10605 = DIRECTION ( 'NONE',  ( 0.000000000000000000, 0.000000000000000000, 1.000000000000000000 ) ) ;
#10606 = PLANE ( 'NONE',  #8091 ) ;
#10607 = DIRECTION ( 'NONE',  ( 0.000000000000000000, 0.000000000000000000, 1.000000000000000000 ) ) ;
#10608 = EDGE_CURVE ( 'NONE', #8886, #9122, #4559, .T. ) ;
#10609 = EDGE_CURVE ( 'NONE', #6561, #8023, #3623, .T. ) ;
#10610 = ORIENTED_EDGE ( 'NONE', *, *, #3349, .T. ) ;
#10611 = CARTESIAN_POINT ( 'NONE',  ( 5.200000000000000178, 1.999896230895142013, -5.000000000000000000 ) ) ;
#10612 = ADVANCED_FACE ( 'NONE', ( #10441 ), #1199, .F. ) ;
#10613 = ORIENTED_EDGE ( 'NONE', *, *, #6268, .T. ) ;
#10614 = DIRECTION ( 'NONE',  ( -0.000000000000000000, 0.8253072612498317806, 0.5646839155919902709 ) ) ;
#10615 = DIRECTION ( 'NONE',  ( 0.000000000000000000, 0.000000000000000000, -1.000000000000000000 ) ) ;
#10616 = ORIENTED_EDGE ( 'NONE', *, *, #348, .F. ) ;
#10617 = LINE ( 'NONE', #9160, #904 ) ;
#10618 = ORIENTED_EDGE ( 'NONE', *, *, #10643, .F. ) ;
#10619 = DIRECTION ( 'NONE',  ( 0.000000000000000000, 0.000000000000000000, -1.000000000000000000 ) ) ;
#10620 = LINE ( 'NONE', #8073, #4427 ) ;
#10621 = VECTOR ( 'NONE', #7856, 1000.000000000000000 ) ;
#10622 = ORIENTED_EDGE ( 'NONE', *, *, #4736, .T. ) ;
#10623 = ADVANCED_FACE ( 'NONE', ( #7790 ), #7953, .F. ) ;
#10624 = ORIENTED_EDGE ( 'NONE', *, *, #5775, .F. ) ;
#10625 = LINE ( 'NONE', #3087, #1340 ) ;
#10626 = VERTEX_POINT ( 'NONE', #10222 ) ;
#10627 = CARTESIAN_POINT ( 'NONE',  ( 2.999999999999999112, 0.000000000000000000, -4.100000000000003197 ) ) ;
#10628 = CARTESIAN_POINT ( 'NONE',  ( -4.050000000000001599, 3.850000000000000977, -3.200000000000000178 ) ) ;
#10629 = VERTEX_POINT ( 'NONE', #10326 ) ;
#10630 = EDGE_CURVE ( 'NONE', #2294, #6342, #6097, .T. ) ;
#10631 = EDGE_LOOP ( 'NONE', ( #4496, #8658, #8373, #10535 ) ) ;
#10632 = CARTESIAN_POINT ( 'NONE',  ( 6.200000000000001066, 5.465000000000001634, 0.7499999999999993339 ) ) ;
#10633 = CARTESIAN_POINT ( 'NONE',  ( -6.200000000000001066, 5.394289321881344357, 0.6792893218813451650 ) ) ;
#10634 = PLANE ( 'NONE',  #8816 ) ;
#10635 = DIRECTION ( 'NONE',  ( -1.000000000000000000, -0.000000000000000000, -0.000000000000000000 ) ) ;
#10636 = PRESENTATION_STYLE_ASSIGNMENT (( #7333 ) ) ;
#10637 = VECTOR ( 'NONE', #4098, 1000.000000000000000 ) ;
#10638 = LINE ( 'NONE', #570, #824 ) ;
#10639 = ORIENTED_EDGE ( 'NONE', *, *, #3022, .F. ) ;
#10640 = DIRECTION ( 'NONE',  ( -1.000000000000000000, -0.000000000000000000, -0.000000000000000000 ) ) ;
#10641 = VERTEX_POINT ( 'NONE', #4390 ) ;
#10642 = ORIENTED_EDGE ( 'NONE', *, *, #10068, .T. ) ;
#10643 = EDGE_CURVE ( 'NONE', #138, #5982, #208, .T. ) ;
#10644 = COLOUR_RGB ( '',0.7921568627450980005, 0.8196078431372548767, 0.9333333333333333481 ) ;
#10645 = DIRECTION ( 'NONE',  ( -0.000000000000000000, 0.000000000000000000, -1.000000000000000000 ) ) ;
#10646 = EDGE_CURVE ( 'NONE', #4224, #3556, #5327, .T. ) ;
#10647 = DIRECTION ( 'NONE',  ( 0.000000000000000000, -1.000000000000000000, -0.000000000000000000 ) ) ;
#10648 = CARTESIAN_POINT ( 'NONE',  ( 6.305000000000000604, -2.972161292830653933E-16, 0.9134769367380000116 ) ) ;
#10649 = DIRECTION ( 'NONE',  ( -0.9396926207859095381, -0.000000000000000000, -0.3420201433256658263 ) ) ;
#10650 = SURFACE_STYLE_FILL_AREA ( #9091 ) ;
#10651 = VERTEX_POINT ( 'NONE', #372 ) ;
#10652 = FACE_OUTER_BOUND ( 'NONE', #762, .T. ) ;
#10653 = AXIS2_PLACEMENT_3D ( 'NONE', #10565, #4902, #3851 ) ;
#10654 = ORIENTED_EDGE ( 'NONE', *, *, #499, .T. ) ;
#10655 = DIRECTION ( 'NONE',  ( -1.000000000000000000, -0.000000000000000000, -0.000000000000000000 ) ) ;
#10656 = DIRECTION ( 'NONE',  ( 1.000000000000000000, 0.000000000000000000, -1.591489427501657896E-16 ) ) ;
#10657 = ORIENTED_EDGE ( 'NONE', *, *, #9114, .F. ) ;
#10658 = DIRECTION ( 'NONE',  ( -0.000000000000000000, -0.000000000000000000, -1.000000000000000000 ) ) ;
#10659 = VECTOR ( 'NONE', #1038, 1000.000000000000000 ) ;
#10660 = PLANE ( 'NONE',  #8234 ) ;
#10661 = LINE ( 'NONE', #2298, #9866 ) ;
#10662 = FACE_OUTER_BOUND ( 'NONE', #6242, .T. ) ;
#10663 = VERTEX_POINT ( 'NONE', #1144 ) ;
#10664 = DIRECTION ( 'NONE',  ( 0.000000000000000000, 0.000000000000000000, 1.000000000000000000 ) ) ;
#10665 = EDGE_CURVE ( 'NONE', #2089, #10786, #2079, .T. ) ;
#10666 = ORIENTED_EDGE ( 'NONE', *, *, #10278, .F. ) ;
#10667 = CARTESIAN_POINT ( 'NONE',  ( 5.800000000000000711, 4.864999999999999325, 2.125000000000000000 ) ) ;
#10668 = VECTOR ( 'NONE', #9555, 1000.000000000000000 ) ;
#10669 = EDGE_LOOP ( 'NONE', ( #3326, #3472, #1119, #1675 ) ) ;
#10670 = CARTESIAN_POINT ( 'NONE',  ( -6.200000000000001066, 5.500000000000000888, 0.9678427124746179500 ) ) ;
#10671 = EDGE_CURVE ( 'NONE', #7282, #6851, #7031, .T. ) ;
#10672 = VERTEX_POINT ( 'NONE', #9610 ) ;
#10673 = LINE ( 'NONE', #766, #858 ) ;
#10674 = LINE ( 'NONE', #6496, #580 ) ;
#10675 = VERTEX_POINT ( 'NONE', #5267 ) ;
#10676 = ORIENTED_EDGE ( 'NONE', *, *, #2803, .F. ) ;
#10677 = CARTESIAN_POINT ( 'NONE',  ( 6.200000000000001066, 5.500000000000001776, 1.282157287525380163 ) ) ;
#10678 = ORIENTED_EDGE ( 'NONE', *, *, #4624, .F. ) ;
#10679 = CARTESIAN_POINT ( 'NONE',  ( -6.200000000000001066, 5.394289321881346133, 1.429289321881345387 ) ) ;
#10680 = CARTESIAN_POINT ( 'NONE',  ( -7.000000000000000000, 2.400000000000000355, 1.999999999999999556 ) ) ;
#10681 = EDGE_LOOP ( 'NONE', ( #5835, #1762, #3850, #9688 ) ) ;
#10682 = EDGE_CURVE ( 'NONE', #3919, #9899, #10273, .T. ) ;
#10683 = EDGE_CURVE ( 'NONE', #2396, #316, #1252, .T. ) ;
#10684 = ORIENTED_EDGE ( 'NONE', *, *, #3681, .T. ) ;
#10685 = EDGE_CURVE ( 'NONE', #5556, #64, #2130, .T. ) ;
#10686 = EDGE_CURVE ( 'NONE', #835, #3725, #6154, .T. ) ;
#10687 = ORIENTED_EDGE ( 'NONE', *, *, #4614, .T. ) ;
#10688 = FACE_OUTER_BOUND ( 'NONE', #5054, .T. ) ;
#10689 = FACE_OUTER_BOUND ( 'NONE', #2771, .T. ) ;
#10690 = PLANE ( 'NONE',  #1845 ) ;
#10691 = ADVANCED_FACE ( 'NONE', ( #3673 ), #2860, .F. ) ;
#10692 = CARTESIAN_POINT ( 'NONE',  ( -5.800000000000000711, 5.500000000000002665, 8.753191851259122003E-16 ) ) ;
#10693 = CARTESIAN_POINT ( 'NONE',  ( -7.000000000000000000, 0.2000000000000000111, 2.149999999999999911 ) ) ;
#10694 = CARTESIAN_POINT ( 'NONE',  ( 1.749999999999999778, 2.649999999999999911, 0.7999999999999994893 ) ) ;
#10695 = ORIENTED_EDGE ( 'NONE', *, *, #10685, .T. ) ;
#10696 = ADVANCED_FACE ( 'NONE', ( #9390 ), #6921, .F. ) ;
#10697 = ORIENTED_EDGE ( 'NONE', *, *, #2355, .F. ) ;
#10698 = CARTESIAN_POINT ( 'NONE',  ( -3.099999999999999645, 4.400000000000001243, 0.7999999999999994893 ) ) ;
#10699 = VECTOR ( 'NONE', #3596, 1000.000000000000000 ) ;
#10700 = DIRECTION ( 'NONE',  ( 0.000000000000000000, -0.000000000000000000, 1.000000000000000000 ) ) ;
#10701 = PLANE ( 'NONE',  #3956 ) ;
#10702 = PLANE ( 'NONE',  #1772 ) ;
#10703 = FILL_AREA_STYLE_COLOUR ( '', #1136 ) ;
#10704 =( GEOMETRIC_REPRESENTATION_CONTEXT ( 3 ) GLOBAL_UNCERTAINTY_ASSIGNED_CONTEXT ( ( #2799 ) ) GLOBAL_UNIT_ASSIGNED_CONTEXT ( ( #2414, #610, #4013 ) ) REPRESENTATION_CONTEXT ( 'NONE', 'WORKASPACE' ) );
#10705 = EDGE_CURVE ( 'NONE', #1004, #7101, #6631, .T. ) ;
#10706 = CARTESIAN_POINT ( 'NONE',  ( -4.574328178301405146, 0.1737340227467712994, -4.829698322044849057 ) ) ;
#10707 = ORIENTED_EDGE ( 'NONE', *, *, #3004, .F. ) ;
#10708 = AXIS2_PLACEMENT_3D ( 'NONE', #3995, #8935, #2287 ) ;
#10709 = DIRECTION ( 'NONE',  ( -0.000000000000000000, 0.000000000000000000, 1.000000000000000000 ) ) ;
#10710 = VECTOR ( 'NONE', #9904, 1000.000000000000000 ) ;
#10711 = DIRECTION ( 'NONE',  ( 0.000000000000000000, -1.224646799147353454E-16, 1.000000000000000000 ) ) ;
#10712 = VERTEX_POINT ( 'NONE', #9201 ) ;
#10713 = CARTESIAN_POINT ( 'NONE',  ( -7.000000000000000888, 4.050000000000000711, -3.000000000000000000 ) ) ;
#10714 = CARTESIAN_POINT ( 'NONE',  ( 1.999999999999998668, 3.699999999999999734, 0.7999999999999994893 ) ) ;
#10715 = PLANE ( 'NONE',  #10203 ) ;
#10716 = VECTOR ( 'NONE', #2793, 1000.000000000000000 ) ;
#10717 = CARTESIAN_POINT ( 'NONE',  ( 1.699999999999999289, 4.400000000000000355, -3.200000000000000178 ) ) ;
#10718 = ORIENTED_EDGE ( 'NONE', *, *, #6863, .F. ) ;
#10719 = PLANE ( 'NONE',  #9596 ) ;
#10720 = EDGE_CURVE ( 'NONE', #822, #138, #5758, .T. ) ;
#10721 = VECTOR ( 'NONE', #4718, 1000.000000000000000 ) ;
#10722 = ORIENTED_EDGE ( 'NONE', *, *, #6270, .F. ) ;
#10723 = AXIS2_PLACEMENT_3D ( 'NONE', #3899, #7257, #10615 ) ;
#10724 = VERTEX_POINT ( 'NONE', #2500 ) ;
#10725 = DIRECTION ( 'NONE',  ( 0.000000000000000000, 3.372884145477666851E-15, 1.000000000000000000 ) ) ;
#10726 = VERTEX_POINT ( 'NONE', #5705 ) ;
#10727 = DIRECTION ( 'NONE',  ( 1.000000000000000000, 0.000000000000000000, 0.000000000000000000 ) ) ;
#10728 = VECTOR ( 'NONE', #1342, 1000.000000000000000 ) ;
#10729 = DIRECTION ( 'NONE',  ( 0.000000000000000000, 1.414176746720223153E-16, -1.000000000000000000 ) ) ;
#10730 = ORIENTED_EDGE ( 'NONE', *, *, #4730, .T. ) ;
#10731 = VECTOR ( 'NONE', #1623, 1000.000000000000000 ) ;
#10732 = VERTEX_POINT ( 'NONE', #5864 ) ;
#10733 = DIRECTION ( 'NONE',  ( -1.000000000000000000, 0.000000000000000000, 0.000000000000000000 ) ) ;
#10734 = VECTOR ( 'NONE', #1740, 1000.000000000000114 ) ;
#10735 = ORIENTED_EDGE ( 'NONE', *, *, #4164, .T. ) ;
#10736 = DIRECTION ( 'NONE',  ( -0.7071067811865520136, 4.380838333381087631E-16, 0.7071067811865431318 ) ) ;
#10737 = DIRECTION ( 'NONE',  ( -1.000000000000000000, 0.000000000000000000, 0.000000000000000000 ) ) ;
#10738 = EDGE_LOOP ( 'NONE', ( #1214, #9493, #660, #6364 ) ) ;
#10739 = VECTOR ( 'NONE', #456, 1000.000000000000000 ) ;
#10740 = ORIENTED_EDGE ( 'NONE', *, *, #4353, .T. ) ;
#10741 = ORIENTED_EDGE ( 'NONE', *, *, #6000, .T. ) ;
#10742 = CARTESIAN_POINT ( 'NONE',  ( -6.200000000000001066, 5.425000000000000711, 3.000000000000000444 ) ) ;
#10743 = CARTESIAN_POINT ( 'NONE',  ( -5.800000000000000711, 5.394289321881346133, 0.8207106781186546129 ) ) ;
#10744 = CARTESIAN_POINT ( 'NONE',  ( -5.200000000000000178, 4.800000000000000711, 0.7999999999999994893 ) ) ;
#10745 = AXIS2_PLACEMENT_3D ( 'NONE', #5087, #186, #9315 ) ;
#10746 = EDGE_CURVE ( 'NONE', #1708, #8983, #2443, .T. ) ;
#10747 = VECTOR ( 'NONE', #3302, 1000.000000000000000 ) ;
#10748 = CARTESIAN_POINT ( 'NONE',  ( 0.000000000000000000, 5.000000000000000000, 0.000000000000000000 ) ) ;
#10749 = EDGE_CURVE ( 'NONE', #6859, #88, #8841, .T. ) ;
#10750 = EDGE_CURVE ( 'NONE', #3140, #1258, #4102, .T. ) ;
#10751 = DIRECTION ( 'NONE',  ( 0.000000000000000000, 0.000000000000000000, -1.000000000000000000 ) ) ;
#10752 = EDGE_CURVE ( 'NONE', #5249, #7735, #4883, .T. ) ;
#10753 = FACE_OUTER_BOUND ( 'NONE', #4653, .T. ) ;
#10754 = ORIENTED_EDGE ( 'NONE', *, *, #6235, .T. ) ;
#10755 = ORIENTED_EDGE ( 'NONE', *, *, #1841, .T. ) ;
#10756 = AXIS2_PLACEMENT_3D ( 'NONE', #10855, #3319, #5231 ) ;
#10757 = FACE_OUTER_BOUND ( 'NONE', #5001, .T. ) ;
#10758 = AXIS2_PLACEMENT_3D ( 'NONE', #9067, #3031, #3964 ) ;
#10759 = CARTESIAN_POINT ( 'NONE',  ( 3.750000000000000000, 2.149999999999999467, -1.999999999999997335 ) ) ;
#10760 = CARTESIAN_POINT ( 'NONE',  ( -3.750000000000107470, 0.6000000000000000888, 5.000000000000000000 ) ) ;
#10761 = CARTESIAN_POINT ( 'NONE',  ( -2.999999999999998668, 0.4000000000000001887, -3.599999999999999645 ) ) ;
#10762 = CARTESIAN_POINT ( 'NONE',  ( 7.000000000000000000, 4.850000000000000533, 2.250000000000000444 ) ) ;
#10763 = AXIS2_PLACEMENT_3D ( 'NONE', #10296, #1218, #7811 ) ;
#10764 = AXIS2_PLACEMENT_3D ( 'NONE', #8803, #3699, #10292 ) ;
#10765 = ORIENTED_EDGE ( 'NONE', *, *, #2498, .T. ) ;
#10766 = PLANE ( 'NONE',  #8075 ) ;
#10767 = FACE_OUTER_BOUND ( 'NONE', #5228, .T. ) ;
#10768 = EDGE_CURVE ( 'NONE', #1904, #10024, #1519, .T. ) ;
#10769 = LINE ( 'NONE', #3945, #2282 ) ;
#10770 = ORIENTED_EDGE ( 'NONE', *, *, #7630, .F. ) ;
#10771 = CARTESIAN_POINT ( 'NONE',  ( -6.304999999999998828, 4.629138561470611535, -1.700000000000000400 ) ) ;
#10772 = CLOSED_SHELL ( 'NONE', ( #4109, #1034, #3500, #3824, #10781, #736, #5296, #4774, #6782, #2523 ) ) ;
#10773 = VECTOR ( 'NONE', #9286, 1000.000000000000000 ) ;
#10774 = DIRECTION ( 'NONE',  ( 0.000000000000000000, 0.000000000000000000, 1.000000000000000000 ) ) ;
#10775 = LINE ( 'NONE', #1781, #6385 ) ;
#10776 = EDGE_CURVE ( 'NONE', #316, #4210, #9669, .T. ) ;
#10777 = VERTEX_POINT ( 'NONE', #8372 ) ;
#10778 = CARTESIAN_POINT ( 'NONE',  ( 3.749999999999892530, 0.000000000000000000, 2.900000000000001688 ) ) ;
#10779 = EDGE_LOOP ( 'NONE', ( #4332, #3572, #7358, #10834 ) ) ;
#10780 = DIRECTION ( 'NONE',  ( 3.336006684570783101E-16, 0.000000000000000000, -1.000000000000000000 ) ) ;
#10781 = ADVANCED_FACE ( 'NONE', ( #10767 ), #8215, .T. ) ;
#10782 = CARTESIAN_POINT ( 'NONE',  ( -3.859191070279860636, 2.149999999999999467, -2.300000000000000266 ) ) ;
#10783 = ORIENTED_EDGE ( 'NONE', *, *, #238, .F. ) ;
#10784 = EDGE_CURVE ( 'NONE', #132, #7136, #9147, .T. ) ;
#10785 = CARTESIAN_POINT ( 'NONE',  ( -6.305000000000000604, 0.4000000000000000222, -1.700000000000000178 ) ) ;
#10786 = VERTEX_POINT ( 'NONE', #9047 ) ;
#10787 = CARTESIAN_POINT ( 'NONE',  ( -6.305000000000000604, 0.4000000000000000222, 1.099999999999999867 ) ) ;
#10788 = VERTEX_POINT ( 'NONE', #10496 ) ;
#10789 = DIRECTION ( 'NONE',  ( 0.000000000000000000, -0.7071067811865515695, 0.7071067811865434649 ) ) ;
#10790 = PLANE ( 'NONE',  #5654 ) ;
#10791 = EDGE_LOOP ( 'NONE', ( #8258, #6748, #9945, #8408 ) ) ;
#10792 = ORIENTED_EDGE ( 'NONE', *, *, #7966, .F. ) ;
#10793 = ORIENTED_EDGE ( 'NONE', *, *, #6064, .F. ) ;
#10794 = DIRECTION ( 'NONE',  ( 0.000000000000000000, 0.000000000000000000, 1.000000000000000000 ) ) ;
#10795 = PLANE ( 'NONE',  #3378 ) ;
#10796 = CARTESIAN_POINT ( 'NONE',  ( -6.054999999999997939, 0.4000000000000000222, -3.599999999999992539 ) ) ;
#10797 = CARTESIAN_POINT ( 'NONE',  ( -4.250000000000106581, 0.2000000000000000111, 3.899999999999995914 ) ) ;
#10798 = CARTESIAN_POINT ( 'NONE',  ( -5.800000000000000711, 3.400000000000000355, 1.999999999999999556 ) ) ;
#10799 = VECTOR ( 'NONE', #4504, 999.9999999999998863 ) ;
#10800 = DIRECTION ( 'NONE',  ( 0.000000000000000000, 0.000000000000000000, -1.000000000000000000 ) ) ;
#10801 = VERTEX_POINT ( 'NONE', #692 ) ;
#10802 = ORIENTED_EDGE ( 'NONE', *, *, #9812, .T. ) ;
#10803 = ADVANCED_FACE ( 'NONE', ( #10859 ), #3325, .F. ) ;
#10804 = EDGE_CURVE ( 'NONE', #9794, #10724, #5495, .T. ) ;
#10805 = DIRECTION ( 'NONE',  ( 0.000000000000000000, -1.000000000000000000, 0.000000000000000000 ) ) ;
#10806 = DIRECTION ( 'NONE',  ( 0.000000000000000000, 1.224646799147353454E-16, -1.000000000000000000 ) ) ;
#10807 = CARTESIAN_POINT ( 'NONE',  ( 6.200000000000001066, 5.394289321881346133, 1.429289321881345387 ) ) ;
#10808 = SURFACE_STYLE_USAGE ( .BOTH. , #9881 ) ;
#10809 = CARTESIAN_POINT ( 'NONE',  ( 6.800000000000001599, 3.400000000000000355, 1.999999999999999556 ) ) ;
#10810 = ORIENTED_EDGE ( 'NONE', *, *, #3144, .T. ) ;
#10811 = CARTESIAN_POINT ( 'NONE',  ( 4.249999999999892530, 0.2000000000000000111, 2.400000000000000355 ) ) ;
#10812 = CARTESIAN_POINT ( 'NONE',  ( -1.749999999999999778, 2.649999999999999911, 0.7999999999999994893 ) ) ;
#10813 = CARTESIAN_POINT ( 'NONE',  ( -4.140808929720139808, 2.649999999999999911, -2.300000000000000266 ) ) ;
#10814 = ORIENTED_EDGE ( 'NONE', *, *, #7769, .T. ) ;
#10815 = EDGE_CURVE ( 'NONE', #6185, #4834, #135, .T. ) ;
#10816 = DIRECTION ( 'NONE',  ( 0.3131456130149759542, -0.6715429342378134159, -0.6715429342378212985 ) ) ;
#10817 = ADVANCED_FACE ( 'NONE', ( #6681 ), #3232, .F. ) ;
#10818 = CARTESIAN_POINT ( 'NONE',  ( 7.000000000000000000, 0.4000000000000000222, 2.149999999999999911 ) ) ;
#10819 = DIRECTION ( 'NONE',  ( 0.000000000000000000, 0.000000000000000000, 1.000000000000000000 ) ) ;
#10820 = COLOUR_RGB ( '',1.000000000000000000, 1.000000000000000000, 0.7529411764705882248 ) ;
#10821 = ORIENTED_EDGE ( 'NONE', *, *, #1383, .T. ) ;
#10822 = DIRECTION ( 'NONE',  ( 0.000000000000000000, -0.000000000000000000, -1.000000000000000000 ) ) ;
#10823 = ADVANCED_FACE ( 'NONE', ( #6386 ), #2350, .F. ) ;
#10824 = ORIENTED_EDGE ( 'NONE', *, *, #1786, .T. ) ;
#10825 = LINE ( 'NONE', #10051, #7195 ) ;
#10826 = VECTOR ( 'NONE', #8353, 1000.000000000000000 ) ;
#10827 = DIRECTION ( 'NONE',  ( 0.000000000000000000, -1.000000000000000000, -1.548860246407863829E-16 ) ) ;
#10828 = ORIENTED_EDGE ( 'NONE', *, *, #3277, .T. ) ;
#10829 = LINE ( 'NONE', #4895, #7875 ) ;
#10830 = DIRECTION ( 'NONE',  ( 1.000000000000000000, 0.000000000000000000, 0.000000000000000000 ) ) ;
#10831 = ORIENTED_EDGE ( 'NONE', *, *, #338, .T. ) ;
#10832 = FACE_OUTER_BOUND ( 'NONE', #6491, .T. ) ;
#10833 = VECTOR ( 'NONE', #2909, 1000.000000000000000 ) ;
#10834 = ORIENTED_EDGE ( 'NONE', *, *, #1383, .F. ) ;
#10835 = DIRECTION ( 'NONE',  ( 0.000000000000000000, 0.000000000000000000, 1.000000000000000000 ) ) ;
#10836 = ADVANCED_FACE ( 'NONE', ( #8271 ), #750, .T. ) ;
#10837 = EDGE_CURVE ( 'NONE', #9453, #5107, #4423, .T. ) ;
#10838 = CARTESIAN_POINT ( 'NONE',  ( -4.050000000000002487, 2.750000000000009770, -3.200000000000000178 ) ) ;
#10839 = ORIENTED_EDGE ( 'NONE', *, *, #5502, .T. ) ;
#10840 = ORIENTED_EDGE ( 'NONE', *, *, #2296, .F. ) ;
#10841 = CIRCLE ( 'NONE', #10486, 0.07500000000000041356 ) ;
#10842 = ORIENTED_EDGE ( 'NONE', *, *, #617, .F. ) ;
#10843 = CARTESIAN_POINT ( 'NONE',  ( 4.200000000000000178, 3.699999999999999734, -3.049999999999997602 ) ) ;
#10844 = CARTESIAN_POINT ( 'NONE',  ( 7.000000000000000000, 4.050000000000000711, -3.000000000000000000 ) ) ;
#10845 = CARTESIAN_POINT ( 'NONE',  ( 6.200000000000001066, 5.500000000000001776, 1.717842712474617173 ) ) ;
#10846 = EDGE_LOOP ( 'NONE', ( #4202, #3151, #8853, #5656 ) ) ;
#10847 = LINE ( 'NONE', #10797, #2411 ) ;
#10848 = EDGE_CURVE ( 'NONE', #1092, #5524, #22, .T. ) ;
#10849 = FACE_OUTER_BOUND ( 'NONE', #10505, .T. ) ;
#10850 = DIRECTION ( 'NONE',  ( 0.000000000000000000, -0.3713906763541029443, 0.9284766908852596368 ) ) ;
#10851 = ORIENTED_EDGE ( 'NONE', *, *, #4477, .F. ) ;
#10852 = EDGE_LOOP ( 'NONE', ( #7872, #329, #9313, #1566 ) ) ;
#10853 = FACE_OUTER_BOUND ( 'NONE', #3662, .T. ) ;
#10854 = LINE ( 'NONE', #9411, #434 ) ;
#10855 = CARTESIAN_POINT ( 'NONE',  ( 3.859191070279860636, 0.000000000000000000, -2.300000000000000266 ) ) ;
#10856 = LINE ( 'NONE', #3477, #9996 ) ;
#10857 = ORIENTED_EDGE ( 'NONE', *, *, #6991, .F. ) ;
#10858 = CARTESIAN_POINT ( 'NONE',  ( 3.399999999999999911, 5.700000000000000178, -3.200000000000000178 ) ) ;
#10859 = FACE_OUTER_BOUND ( 'NONE', #188, .T. ) ;
#10860 = COLOUR_RGB ( '',0.7921568627450980005, 0.8196078431372548767, 0.9333333333333333481 ) ;
#10861 = CARTESIAN_POINT ( 'NONE',  ( -3.750000000000107470, 0.2000000000000000111, 2.400000000000000355 ) ) ;
#10862 = ORIENTED_EDGE ( 'NONE', *, *, #5704, .T. ) ;
#10863 = LINE ( 'NONE', #6952, #4424 ) ;
#10864 = CYLINDRICAL_SURFACE ( 'NONE', #8098, 0.2500000000000002220 ) ;
#10865 = CARTESIAN_POINT ( 'NONE',  ( 3.750000000000000000, 2.149999999999999467, 0.7999999999999994893 ) ) ;
#10866 = VECTOR ( 'NONE', #2347, 1000.000000000000114 ) ;
#10867 = EDGE_LOOP ( 'NONE', ( #7671, #7095, #8936, #5275 ) ) ;
#10868 = DIRECTION ( 'NONE',  ( -6.195440985631441512E-16, 1.000000000000000000, 0.000000000000000000 ) ) ;
#10869 = ADVANCED_FACE ( 'NONE', ( #2549 ), #4314, .F. ) ;
#10870 = ORIENTED_EDGE ( 'NONE', *, *, #9056, .T. ) ;
#10871 = ADVANCED_FACE ( 'NONE', ( #5916 ), #8514, .T. ) ;
#10872 = ADVANCED_FACE ( 'NONE', ( #9363 ), #8531, .T. ) ;
#10873 = CIRCLE ( 'NONE', #5613, 0.2000000000000005107 ) ;
#10874 = DIRECTION ( 'NONE',  ( 6.273081875717610616E-17, 0.000000000000000000, 1.000000000000000000 ) ) ;
#10876 = EDGE_LOOP ( 'NONE', ( #3784, #2237, #5423, #4261 ) ) ;
#10875 = AXIS2_PLACEMENT_3D ( 'NONE', #1969, #5326, #10325 ) ;
#10877 = EDGE_CURVE ( 'NONE', #6989, #8479, #7705, .T. ) ;
#10878 = CARTESIAN_POINT ( 'NONE',  ( -2.250000000000000444, 2.149999999999999467, 0.7999999999999994893 ) ) ;
#10879 = AXIS2_PLACEMENT_3D ( 'NONE', #5299, #6947, #2019 ) ;
#10880 = ORIENTED_EDGE ( 'NONE', *, *, #3974, .F. ) ;
#10881 = CARTESIAN_POINT ( 'NONE',  ( -0.6249999999999998890, 4.700000000000000178, 3.029337753865624005E-17 ) ) ;
#10882 = ORIENTED_EDGE ( 'NONE', *, *, #9174, .T. ) ;
#10883 = CARTESIAN_POINT ( 'NONE',  ( -5.800000000000000711, 2.400000000000000355, 3.700000000000000178 ) ) ;
#10884 = DIRECTION ( 'NONE',  ( 0.000000000000000000, -1.000000000000000000, 0.000000000000000000 ) ) ;
#10885 = ORIENTED_EDGE ( 'NONE', *, *, #1230, .T. ) ;
#10886 = VECTOR ( 'NONE', #849, 1000.000000000000000 ) ;
#10887 = ORIENTED_EDGE ( 'NONE', *, *, #2426, .F. ) ;
#10888 = DIRECTION ( 'NONE',  ( -0.7071067811865475727, -0.7071067811865475727, 0.000000000000000000 ) ) ;
#10889 = DIRECTION ( 'NONE',  ( 0.000000000000000000, 0.000000000000000000, 1.000000000000000000 ) ) ;
#10890 = CIRCLE ( 'NONE', #7543, 0.2500000000000002220 ) ;
#10891 = FACE_OUTER_BOUND ( 'NONE', #6601, .T. ) ;
#10892 = EDGE_CURVE ( 'NONE', #471, #8549, #5134, .T. ) ;
#10893 = FACE_OUTER_BOUND ( 'NONE', #6786, .T. ) ;
ENDSEC;
END-ISO-10303-21;
