ISO-10303-21;
HEADER;
FILE_DESCRIPTION (( 'STEP AP214' ),
    '1' );
FILE_NAME ('5B7BBF9C-4EE1-4FFA-B5E2-4D1B60840265.STEP',
    '2026-04-23T02:20:35',
    ( '' ),
    ( '' ),
    'SwSTEP 2.0',
    'SolidWorks 2022',
    '' );
FILE_SCHEMA (( 'AUTOMOTIVE_DESIGN' ));
ENDSEC;

DATA;
#1 = UNCERTAINTY_MEASURE_WITH_UNIT (LENGTH_MEASURE( 1.000000000000000082E-05 ), #5296, 'distance_accuracy_value', 'NONE');
#2 =( GEOMETRIC_REPRESENTATION_CONTEXT ( 3 ) GLOBAL_UNCERTAINTY_ASSIGNED_CONTEXT ( ( #1265 ) ) GLOBAL_UNIT_ASSIGNED_CONTEXT ( ( #843, #3118, #2688 ) ) REPRESENTATION_CONTEXT ( 'NONE', 'WORKASPACE' ) );
#3 = CARTESIAN_POINT ( 'NONE',  ( 0.7249999999999999778, 1.000000000000000000, 0.2599999999999999534 ) ) ;
#4 = CARTESIAN_POINT ( 'NONE',  ( -0.4135483952989442713, -0.5316465652036583833, 0.2810000000000000275 ) ) ;
#5 = CARTESIAN_POINT ( 'NONE',  ( 0.0000000000000000000, 0.0000000000000000000, 0.2810000000000000275 ) ) ;
#6 =( GEOMETRIC_REPRESENTATION_CONTEXT ( 3 ) GLOBAL_UNCERTAINTY_ASSIGNED_CONTEXT ( ( #3299 ) ) GLOBAL_UNIT_ASSIGNED_CONTEXT ( ( #3772, #1263, #4321 ) ) REPRESENTATION_CONTEXT ( 'NONE', 'WORKASPACE' ) );
#7 = CARTESIAN_POINT ( 'NONE',  ( -0.6634567500555484942, -0.2265013340820382082, 0.2599999999999999534 ) ) ;
#8 =( GEOMETRIC_REPRESENTATION_CONTEXT ( 3 ) GLOBAL_UNCERTAINTY_ASSIGNED_CONTEXT ( ( #5434 ) ) GLOBAL_UNIT_ASSIGNED_CONTEXT ( ( #1914, #4407, #1072 ) ) REPRESENTATION_CONTEXT ( 'NONE', 'WORKASPACE' ) );
#9 = FACE_OUTER_BOUND ( 'NONE', #4658, .T. ) ;
#10 = CARTESIAN_POINT ( 'NONE',  ( 1.100000000000002087, -0.2500000000000002220, 0.2599999999999922928 ) ) ;
#11 = CARTESIAN_POINT ( 'NONE',  ( 1.100000000000002531, -0.1385744931852173067, 0.2599999999999999534 ) ) ;
#12 = VERTEX_POINT ( 'NONE', #4047 ) ;
#13 = DIRECTION ( 'NONE',  ( -1.000000000000000000, 0.0000000000000000000, 0.0000000000000000000 ) ) ;
#14 = VECTOR ( 'NONE', #1508, 1000.000000000000000 ) ;
#15 = ADVANCED_FACE ( 'NONE', ( #148 ), #1910, .T. ) ;
#16 = CARTESIAN_POINT ( 'NONE',  ( 1.100000000000000533, 0.2499999999999996669, -7.680894765701995475E-15 ) ) ;
#17 = CARTESIAN_POINT ( 'NONE',  ( 1.100000000000002087, -0.5000000000000002220, 0.2599999999999999534 ) ) ;
#18 = DIRECTION ( 'NONE',  ( -1.000000000000000000, -1.319749811710431715E-15, 0.0000000000000000000 ) ) ;
#19 = VECTOR ( 'NONE', #4343, 1000.000000000000000 ) ;
#20 = VERTEX_POINT ( 'NONE', #2043 ) ;
#21 = STYLED_ITEM ( 'NONE', ( #3496 ), #4799 ) ;
#22 = ORIENTED_EDGE ( 'NONE', *, *, #2044, .T. ) ;
#23 = CARTESIAN_POINT ( 'NONE',  ( -0.4135483952989442713, -0.3593805362314128615, 0.2810000000000000275 ) ) ;
#24 = CYLINDRICAL_SURFACE ( 'NONE', #769, 0.3614255068147828043 ) ;
#25 = PRODUCT_RELATED_PRODUCT_CATEGORY ( 'part', '', ( #1020 ) ) ;
#26 = EDGE_LOOP ( 'NONE', ( #846, #2902, #2980, #3654 ) ) ;
#27 = LINE ( 'NONE', #1778, #1062 ) ;
#28 = SURFACE_STYLE_USAGE ( .BOTH. , #570 ) ;
#29 =( NAMED_UNIT ( * ) PLANE_ANGLE_UNIT ( ) SI_UNIT ( $, .RADIAN. ) );
#30 = LINE ( 'NONE', #2530, #4776 ) ;
#31 = EDGE_LOOP ( 'NONE', ( #1290, #513, #4630, #3131 ) ) ;
#32 = EDGE_CURVE ( 'NONE', #5397, #3913, #1562, .T. ) ;
#33 = SURFACE_STYLE_USAGE ( .BOTH. , #2607 ) ;
#34 = CARTESIAN_POINT ( 'NONE',  ( -0.7650295964665725368, -0.2727184512886348111, 0.2599999999999999534 ) ) ;
#35 = CARTESIAN_POINT ( 'NONE',  ( 0.0000000000000000000, 0.8637862597461452019, 0.2799999999999999711 ) ) ;
#36 = LINE ( 'NONE', #2212, #5411 ) ;
#37 = ORIENTED_EDGE ( 'NONE', *, *, #2763, .T. ) ;
#38 = VECTOR ( 'NONE', #2189, 1000.000000000000000 ) ;
#39 = UNCERTAINTY_MEASURE_WITH_UNIT (LENGTH_MEASURE( 1.000000000000000082E-05 ), #163, 'distance_accuracy_value', 'NONE');
#40 = VECTOR ( 'NONE', #3801, 1000.000000000000000 ) ;
#41 = SURFACE_STYLE_FILL_AREA ( #4347 ) ;
#42 = DIRECTION ( 'NONE',  ( -1.000000000000000000, 3.872150616019658341E-17, 0.0000000000000000000 ) ) ;
#43 = LINE ( 'NONE', #97, #589 ) ;
#44 = CARTESIAN_POINT ( 'NONE',  ( -1.099999999999998090, -0.4999999999999997780, 0.2799999999999999711 ) ) ;
#45 = ADVANCED_FACE ( 'NONE', ( #4626 ), #2502, .T. ) ;
#46 = ORIENTED_EDGE ( 'NONE', *, *, #614, .F. ) ;
#47 = CLOSED_SHELL ( 'NONE', ( #3030, #2568, #1996, #447, #15, #1693 ) ) ;
#48 = EDGE_LOOP ( 'NONE', ( #1769, #4176, #1349, #1866 ) ) ;
#49 = CARTESIAN_POINT ( 'NONE',  ( 0.6534767642029393198, -0.1570950497692372438, 0.2599999999999999534 ) ) ;
#50 = DIRECTION ( 'NONE',  ( 6.982962677686266711E-15, -0.0000000000000000000, 1.000000000000000000 ) ) ;
#51 = VECTOR ( 'NONE', #1365, 1000.000000000000000 ) ;
#52 = SURFACE_STYLE_USAGE ( .BOTH. , #5236 ) ;
#53 = EDGE_CURVE ( 'NONE', #141, #4703, #320, .T. ) ;
#54 = ORIENTED_EDGE ( 'NONE', *, *, #1221, .F. ) ;
#55 = UNCERTAINTY_MEASURE_WITH_UNIT (LENGTH_MEASURE( 1.000000000000000082E-05 ), #2475, 'distance_accuracy_value', 'NONE');
#56 = PRESENTATION_STYLE_ASSIGNMENT (( #1301 ) ) ;
#57 =( NAMED_UNIT ( * ) SI_UNIT ( $, .STERADIAN. ) SOLID_ANGLE_UNIT ( ) );
#58 = DIRECTION ( 'NONE',  ( 1.000000000000000000, 0.0000000000000000000, -0.0000000000000000000 ) ) ;
#59 = DIRECTION ( 'NONE',  ( -1.000000000000000000, 0.0000000000000000000, 6.983251342707906047E-15 ) ) ;
#60 = SURFACE_STYLE_USAGE ( .BOTH. , #4449 ) ;
#61 = STYLED_ITEM ( 'NONE', ( #2085 ), #1387 ) ;
#62 = FILL_AREA_STYLE ('',( #2351 ) ) ;
#63 = VERTEX_POINT ( 'NONE', #1637 ) ;
#64 = FILL_AREA_STYLE_COLOUR ( '', #3617 ) ;
#65 = EDGE_CURVE ( 'NONE', #3395, #5298, #3367, .T. ) ;
#66 = CARTESIAN_POINT ( 'NONE',  ( 1.100000000000002531, 0.7499999999999997780, 0.2599999999999922928 ) ) ;
#67 = SURFACE_STYLE_FILL_AREA ( #1818 ) ;
#68 = AXIS2_PLACEMENT_3D ( 'NONE', #3067, #417, #4738 ) ;
#69 = CARTESIAN_POINT ( 'NONE',  ( 0.6360270068922001530, 0.1776407652747672150, 0.2799999999999999711 ) ) ;
#70 = FILL_AREA_STYLE ('',( #3964 ) ) ;
#71 = VECTOR ( 'NONE', #231, 1000.000000000000000 ) ;
#72 = DIRECTION ( 'NONE',  ( 1.734723475976807094E-15, -1.000000000000000000, -1.211401004284196027E-29 ) ) ;
#73 = FILL_AREA_STYLE ('',( #4860 ) ) ;
#74 = ORIENTED_EDGE ( 'NONE', *, *, #65, .T. ) ;
#75 = EDGE_LOOP ( 'NONE', ( #1744, #4443, #2159, #5409 ) ) ;
#76 = STYLED_ITEM ( 'NONE', ( #1143 ), #2650 ) ;
#77 = VECTOR ( 'NONE', #258, 1000.000000000000000 ) ;
#78 = EDGE_CURVE ( 'NONE', #4342, #3889, #3815, .T. ) ;
#79 = CARTESIAN_POINT ( 'NONE',  ( -0.6766918921026191525, -0.5541450885699468198, 0.2799999999999999711 ) ) ;
#80 = VECTOR ( 'NONE', #1757, 1000.000000000000000 ) ;
#81 = LINE ( 'NONE', #2597, #260 ) ;
#82 =( NAMED_UNIT ( * ) SI_UNIT ( $, .STERADIAN. ) SOLID_ANGLE_UNIT ( ) );
#83 = ORIENTED_EDGE ( 'NONE', *, *, #3548, .T. ) ;
#84 = FACE_OUTER_BOUND ( 'NONE', #4231, .T. ) ;
#85 = AXIS2_PLACEMENT_3D ( 'NONE', #4970, #1130, #5482 ) ;
#86 = MECHANICAL_DESIGN_GEOMETRIC_PRESENTATION_REPRESENTATION (  '', ( #4425 ), #4078 ) ;
#87 = ORIENTED_EDGE ( 'NONE', *, *, #4478, .F. ) ;
#88 =( NAMED_UNIT ( * ) PLANE_ANGLE_UNIT ( ) SI_UNIT ( $, .RADIAN. ) );
#89 =( NAMED_UNIT ( * ) SI_UNIT ( $, .STERADIAN. ) SOLID_ANGLE_UNIT ( ) );
#90 = SURFACE_SIDE_STYLE ('',( #3988 ) ) ;
#91 = AXIS2_PLACEMENT_3D ( 'NONE', #4662, #246, #3298 ) ;
#92 = EDGE_CURVE ( 'NONE', #1916, #1037, #3392, .T. ) ;
#93 = DIRECTION ( 'NONE',  ( -1.000000000000000000, 0.0000000000000000000, 0.0000000000000000000 ) ) ;
#94 = VECTOR ( 'NONE', #3765, 1000.000000000000000 ) ;
#95 = CARTESIAN_POINT ( 'NONE',  ( -0.7570035725588046827, 0.6212183713084267200, 0.2799999999999999711 ) ) ;
#96 = PRESENTATION_STYLE_ASSIGNMENT (( #3996 ) ) ;
#97 = CARTESIAN_POINT ( 'NONE',  ( -2.787890710529826887E-16, -0.8999999999999999112, 0.0000000000000000000 ) ) ;
#98 = DIRECTION ( 'NONE',  ( -0.0000000000000000000, 0.0000000000000000000, -1.000000000000000000 ) ) ;
#99 = ORIENTED_EDGE ( 'NONE', *, *, #3693, .T. ) ;
#100 = ORIENTED_EDGE ( 'NONE', *, *, #4931, .T. ) ;
#101 = EDGE_CURVE ( 'NONE', #1751, #4457, #4565, .T. ) ;
#102 =( GEOMETRIC_REPRESENTATION_CONTEXT ( 3 ) GLOBAL_UNCERTAINTY_ASSIGNED_CONTEXT ( ( #4640 ) ) GLOBAL_UNIT_ASSIGNED_CONTEXT ( ( #5084, #1224, #239 ) ) REPRESENTATION_CONTEXT ( 'NONE', 'WORKASPACE' ) );
#103 = UNCERTAINTY_MEASURE_WITH_UNIT (LENGTH_MEASURE( 1.000000000000000082E-05 ), #3986, 'distance_accuracy_value', 'NONE');
#104 = CARTESIAN_POINT ( 'NONE',  ( -0.5035437629006771498, 0.04290495023076271869, 0.2799999999999999711 ) ) ;
#105 = MECHANICAL_DESIGN_GEOMETRIC_PRESENTATION_REPRESENTATION (  '', ( #3117 ), #3294 ) ;
#106 = DIRECTION ( 'NONE',  ( 6.982962677686266711E-15, -0.0000000000000000000, 1.000000000000000000 ) ) ;
#107 = CARTESIAN_POINT ( 'NONE',  ( -0.3095939579225142069, -0.5316465652036583833, 0.2810000000000000275 ) ) ;
#108 = DIRECTION ( 'NONE',  ( -0.0000000000000000000, -0.0000000000000000000, -1.000000000000000000 ) ) ;
#109 = ORIENTED_EDGE ( 'NONE', *, *, #2402, .T. ) ;
#110 = CARTESIAN_POINT ( 'NONE',  ( -4.913710284933536052E-18, -0.2065665198382720669, 0.2799999999999999711 ) ) ;
#111 = DIRECTION ( 'NONE',  ( 0.0000000000000000000, 0.0000000000000000000, 1.000000000000000000 ) ) ;
#112 =( NAMED_UNIT ( * ) PLANE_ANGLE_UNIT ( ) SI_UNIT ( $, .RADIAN. ) );
#113 = VERTEX_POINT ( 'NONE', #705 ) ;
#114 = EDGE_CURVE ( 'NONE', #3157, #1550, #3841, .T. ) ;
#115 = LINE ( 'NONE', #4013, #728 ) ;
#116 = CYLINDRICAL_SURFACE ( 'NONE', #414, 0.09999999999999999167 ) ;
#117 = DIRECTION ( 'NONE',  ( -1.000000000000000000, 0.0000000000000000000, 0.0000000000000000000 ) ) ;
#118 = SURFACE_STYLE_FILL_AREA ( #1034 ) ;
#119 = EDGE_CURVE ( 'NONE', #3946, #3711, #137, .T. ) ;
#120 = SURFACE_SIDE_STYLE ('',( #3936 ) ) ;
#121 =( LENGTH_UNIT ( ) NAMED_UNIT ( * ) SI_UNIT ( .MILLI., .METRE. ) );
#122 = DIRECTION ( 'NONE',  ( 6.982962677686268288E-15, -0.0000000000000000000, 1.000000000000000000 ) ) ;
#123 = CARTESIAN_POINT ( 'NONE',  ( 0.4000000000000000777, -1.858632295689436842E-16, -2.791820594150173918E-15 ) ) ;
#124 = ORIENTED_EDGE ( 'NONE', *, *, #4875, .F. ) ;
#125 = ORIENTED_EDGE ( 'NONE', *, *, #926, .T. ) ;
#126 = ADVANCED_FACE ( 'NONE', ( #1817 ), #4759, .F. ) ;
#127 = CARTESIAN_POINT ( 'NONE',  ( -1.099999999999998090, -0.4999999999999997780, 0.2799999999999999711 ) ) ;
#128 = AXIS2_PLACEMENT_3D ( 'NONE', #4803, #3450, #3149 ) ;
#129 = DIRECTION ( 'NONE',  ( 1.000000000000000000, 0.0000000000000000000, -0.0000000000000000000 ) ) ;
#130 = SURFACE_STYLE_FILL_AREA ( #4833 ) ;
#131 = AXIS2_PLACEMENT_3D ( 'NONE', #4438, #2728, #2701 ) ;
#132 = CARTESIAN_POINT ( 'NONE',  ( -1.099999999999998979, 0.7499999999999997780, 0.2599999999999999534 ) ) ;
#133 = ORIENTED_EDGE ( 'NONE', *, *, #867, .F. ) ;
#134 =( GEOMETRIC_REPRESENTATION_CONTEXT ( 3 ) GLOBAL_UNCERTAINTY_ASSIGNED_CONTEXT ( ( #4089 ) ) GLOBAL_UNIT_ASSIGNED_CONTEXT ( ( #5275, #1929, #5245 ) ) REPRESENTATION_CONTEXT ( 'NONE', 'WORKASPACE' ) );
#135 = ORIENTED_EDGE ( 'NONE', *, *, #2077, .F. ) ;
#136 = COLOUR_RGB ( '',0.8509803921568627194, 0.8509803921568627194, 0.8509803921568627194 ) ;
#137 = CIRCLE ( 'NONE', #965, 0.2500000000000000000 ) ;
#138 = FILL_AREA_STYLE_COLOUR ( '', #4053 ) ;
#139 =( LENGTH_UNIT ( ) NAMED_UNIT ( * ) SI_UNIT ( .MILLI., .METRE. ) );
#140 = DIRECTION ( 'NONE',  ( 1.000000000000000000, 0.0000000000000000000, 0.0000000000000000000 ) ) ;
#141 = VERTEX_POINT ( 'NONE', #432 ) ;
#142 = AXIS2_PLACEMENT_3D ( 'NONE', #3064, #960, #1884 ) ;
#143 = EDGE_CURVE ( 'NONE', #939, #2296, #5161, .T. ) ;
#144 = DIRECTION ( 'NONE',  ( -1.000000000000000000, 0.0000000000000000000, 0.0000000000000000000 ) ) ;
#145 =( LENGTH_UNIT ( ) NAMED_UNIT ( * ) SI_UNIT ( .MILLI., .METRE. ) );
#146 = SURFACE_STYLE_USAGE ( .BOTH. , #4427 ) ;
#147 = CARTESIAN_POINT ( 'NONE',  ( 0.3432670707574931868, -0.3593805362314128615, 0.2599999999999999534 ) ) ;
#148 = FACE_OUTER_BOUND ( 'NONE', #5121, .T. ) ;
#149 = EDGE_CURVE ( 'NONE', #2681, #573, #3862, .T. ) ;
#150 = CARTESIAN_POINT ( 'NONE',  ( -0.6957328749551370262, 0.6914393411476200679, 0.2599999999999999534 ) ) ;
#151 = DIRECTION ( 'NONE',  ( 1.000000000000000000, 0.0000000000000000000, 0.0000000000000000000 ) ) ;
#152 = CARTESIAN_POINT ( 'NONE',  ( -0.6111183130522259699, -0.6072867474877421401, 0.2799999999999999711 ) ) ;
#153 = DIRECTION ( 'NONE',  ( 0.0000000000000000000, -0.0000000000000000000, -1.000000000000000000 ) ) ;
#154 = VECTOR ( 'NONE', #5424, 1000.000000000000000 ) ;
#155 = DIRECTION ( 'NONE',  ( 3.469446951953614189E-15, 1.000000000000000000, 0.0000000000000000000 ) ) ;
#156 =( NAMED_UNIT ( * ) SI_UNIT ( $, .STERADIAN. ) SOLID_ANGLE_UNIT ( ) );
#157 = CYLINDRICAL_SURFACE ( 'NONE', #2799, 0.2500000000000000000 ) ;
#158 = EDGE_LOOP ( 'NONE', ( #672, #427, #2641, #3482 ) ) ;
#159 = UNCERTAINTY_MEASURE_WITH_UNIT (LENGTH_MEASURE( 1.000000000000000082E-05 ), #1642, 'distance_accuracy_value', 'NONE');
#160 = EDGE_CURVE ( 'NONE', #4554, #2553, #5219, .T. ) ;
#161 = ORIENTED_EDGE ( 'NONE', *, *, #1416, .F. ) ;
#162 = SURFACE_STYLE_USAGE ( .BOTH. , #2349 ) ;
#163 =( LENGTH_UNIT ( ) NAMED_UNIT ( * ) SI_UNIT ( .MILLI., .METRE. ) );
#164 =( LENGTH_UNIT ( ) NAMED_UNIT ( * ) SI_UNIT ( .MILLI., .METRE. ) );
#165 = SURFACE_SIDE_STYLE ('',( #1813 ) ) ;
#166 = EDGE_LOOP ( 'NONE', ( #3234, #369, #4309, #3750 ) ) ;
#167 = PRESENTATION_LAYER_ASSIGNMENT (  '', '', ( #1727 ) ) ;
#168 = PRESENTATION_LAYER_ASSIGNMENT (  '', '', ( #3987 ) ) ;
#169 =( GEOMETRIC_REPRESENTATION_CONTEXT ( 3 ) GLOBAL_UNCERTAINTY_ASSIGNED_CONTEXT ( ( #2891 ) ) GLOBAL_UNIT_ASSIGNED_CONTEXT ( ( #5550, #832, #4749 ) ) REPRESENTATION_CONTEXT ( 'NONE', 'WORKASPACE' ) );
#170 =( NAMED_UNIT ( * ) SI_UNIT ( $, .STERADIAN. ) SOLID_ANGLE_UNIT ( ) );
#171 =( NAMED_UNIT ( * ) PLANE_ANGLE_UNIT ( ) SI_UNIT ( $, .RADIAN. ) );
#172 = DIRECTION ( 'NONE',  ( 1.000000000000000000, 1.626303258728255862E-15, 0.0000000000000000000 ) ) ;
#173 =( GEOMETRIC_REPRESENTATION_CONTEXT ( 3 ) GLOBAL_UNCERTAINTY_ASSIGNED_CONTEXT ( ( #4526 ) ) GLOBAL_UNIT_ASSIGNED_CONTEXT ( ( #3440, #406, #4679 ) ) REPRESENTATION_CONTEXT ( 'NONE', 'WORKASPACE' ) );
#174 = ORIENTED_EDGE ( 'NONE', *, *, #3259, .T. ) ;
#175 = SURFACE_STYLE_USAGE ( .BOTH. , #4186 ) ;
#176 = STYLED_ITEM ( 'NONE', ( #5279 ), #3462 ) ;
#177 = CYLINDRICAL_SURFACE ( 'NONE', #85, 0.2500000000000000000 ) ;
#178 = SURFACE_STYLE_FILL_AREA ( #1479 ) ;
#179 = ORIENTED_EDGE ( 'NONE', *, *, #3729, .F. ) ;
#180 = ORIENTED_EDGE ( 'NONE', *, *, #1416, .T. ) ;
#181 = CARTESIAN_POINT ( 'NONE',  ( -0.5393126090526830785, -0.6654789993909573376, 0.2799999999999999711 ) ) ;
#182 = EDGE_CURVE ( 'NONE', #3684, #1799, #2635, .T. ) ;
#183 = LINE ( 'NONE', #3242, #3494 ) ;
#184 =( NAMED_UNIT ( * ) PLANE_ANGLE_UNIT ( ) SI_UNIT ( $, .RADIAN. ) );
#185 = CARTESIAN_POINT ( 'NONE',  ( 0.8500000000000019762, -0.5000000000000002220, 0.2599999999999940137 ) ) ;
#186 = COLOUR_RGB ( '',0.8509803921568627194, 0.8509803921568627194, 0.8509803921568627194 ) ;
#187 = FILL_AREA_STYLE_COLOUR ( '', #2278 ) ;
#188 = ORIENTED_EDGE ( 'NONE', *, *, #3956, .F. ) ;
#189 = EDGE_CURVE ( 'NONE', #1342, #4497, #4337, .T. ) ;
#190 = COLOUR_RGB ( '',0.8509803921568627194, 0.8509803921568627194, 0.8509803921568627194 ) ;
#191 = ORIENTED_EDGE ( 'NONE', *, *, #4332, .T. ) ;
#192 = DIRECTION ( 'NONE',  ( 0.0000000000000000000, 1.000000000000000000, 0.0000000000000000000 ) ) ;
#193 = DIRECTION ( 'NONE',  ( 0.0000000000000000000, -1.000000000000000000, 0.0000000000000000000 ) ) ;
#194 = APPLICATION_PROTOCOL_DEFINITION ( 'draft international standard', 'automotive_design', 1998, #634 ) ;
#195 = VERTEX_POINT ( 'NONE', #3931 ) ;
#196 = AXIS2_PLACEMENT_3D ( 'NONE', #875, #5510, #2586 ) ;
#197 = CARTESIAN_POINT ( 'NONE',  ( 1.100000000000000089, 0.0000000000000000000, -7.680894765701995475E-15 ) ) ;
#198 = VECTOR ( 'NONE', #609, 1000.000000000000000 ) ;
#199 =( LENGTH_UNIT ( ) NAMED_UNIT ( * ) SI_UNIT ( .MILLI., .METRE. ) );
#200 = EDGE_CURVE ( 'NONE', #2405, #113, #1890, .T. ) ;
#201 = DIRECTION ( 'NONE',  ( -1.000000000000000000, 0.0000000000000000000, 0.0000000000000000000 ) ) ;
#202 = LINE ( 'NONE', #729, #2270 ) ;
#203 = SURFACE_STYLE_FILL_AREA ( #4506 ) ;
#204 = DIRECTION ( 'NONE',  ( -0.0000000000000000000, -0.0000000000000000000, -1.000000000000000000 ) ) ;
#205 = UNCERTAINTY_MEASURE_WITH_UNIT (LENGTH_MEASURE( 1.000000000000000082E-05 ), #3725, 'distance_accuracy_value', 'NONE');
#206 = ORIENTED_EDGE ( 'NONE', *, *, #4478, .T. ) ;
#207 = SURFACE_STYLE_FILL_AREA ( #5335 ) ;
#208 = PRESENTATION_STYLE_ASSIGNMENT (( #297 ) ) ;
#209 = SURFACE_STYLE_USAGE ( .BOTH. , #5451 ) ;
#210 = EDGE_LOOP ( 'NONE', ( #2259, #770, #2383, #125 ) ) ;
#211 = ORIENTED_EDGE ( 'NONE', *, *, #1728, .T. ) ;
#212 = DIRECTION ( 'NONE',  ( -1.000000000000000000, 0.0000000000000000000, 6.983251342707903681E-15 ) ) ;
#213 = EDGE_CURVE ( 'NONE', #737, #1641, #4646, .T. ) ;
#214 =( LENGTH_UNIT ( ) NAMED_UNIT ( * ) SI_UNIT ( .MILLI., .METRE. ) );
#215 =( NAMED_UNIT ( * ) PLANE_ANGLE_UNIT ( ) SI_UNIT ( $, .RADIAN. ) );
#216 = CARTESIAN_POINT ( 'NONE',  ( 0.5359203924145662379, -0.05709504976923727992, 0.2799999999999999711 ) ) ;
#217 = VERTEX_POINT ( 'NONE', #868 ) ;
#218 =( GEOMETRIC_REPRESENTATION_CONTEXT ( 3 ) GLOBAL_UNCERTAINTY_ASSIGNED_CONTEXT ( ( #3010 ) ) GLOBAL_UNIT_ASSIGNED_CONTEXT ( ( #5554, #922, #568 ) ) REPRESENTATION_CONTEXT ( 'NONE', 'WORKASPACE' ) );
#219 = UNCERTAINTY_MEASURE_WITH_UNIT (LENGTH_MEASURE( 1.000000000000000082E-05 ), #3161, 'distance_accuracy_value', 'NONE');
#220 = AXIS2_PLACEMENT_3D ( 'NONE', #654, #2850, #4549 ) ;
#221 = ORIENTED_EDGE ( 'NONE', *, *, #1233, .T. ) ;
#222 = SURFACE_STYLE_FILL_AREA ( #5017 ) ;
#223 = EDGE_CURVE ( 'NONE', #2368, #4497, #1787, .T. ) ;
#224 = VECTOR ( 'NONE', #591, 1000.000000000000000 ) ;
#225 =( NAMED_UNIT ( * ) PLANE_ANGLE_UNIT ( ) SI_UNIT ( $, .RADIAN. ) );
#226 =( NAMED_UNIT ( * ) SI_UNIT ( $, .STERADIAN. ) SOLID_ANGLE_UNIT ( ) );
#227 = CARTESIAN_POINT ( 'NONE',  ( 0.0000000000000000000, 0.8637862597461452019, 0.2799999999999999711 ) ) ;
#228 = ORIENTED_EDGE ( 'NONE', *, *, #4971, .F. ) ;
#229 = VECTOR ( 'NONE', #2662, 1000.000000000000000 ) ;
#230 = STYLED_ITEM ( 'NONE', ( #4547 ), #1055 ) ;
#231 = DIRECTION ( 'NONE',  ( 6.982962677686268288E-15, -0.0000000000000000000, 1.000000000000000000 ) ) ;
#232 = PRESENTATION_STYLE_ASSIGNMENT (( #1185 ) ) ;
#233 =( NAMED_UNIT ( * ) SI_UNIT ( $, .STERADIAN. ) SOLID_ANGLE_UNIT ( ) );
#234 = DIRECTION ( 'NONE',  ( -1.000000000000000000, 3.097720492815726673E-16, 6.983251342707903681E-15 ) ) ;
#235 = EDGE_CURVE ( 'NONE', #63, #2249, #929, .T. ) ;
#236 = PRESENTATION_LAYER_ASSIGNMENT (  '', '', ( #1526 ) ) ;
#237 = CARTESIAN_POINT ( 'NONE',  ( -1.100000000000000755, -0.2499999999999999445, 0.02000000000000768177 ) ) ;
#238 = DIRECTION ( 'NONE',  ( -0.0000000000000000000, -0.0000000000000000000, -1.000000000000000000 ) ) ;
#239 =( NAMED_UNIT ( * ) SI_UNIT ( $, .STERADIAN. ) SOLID_ANGLE_UNIT ( ) );
#240 = ORIENTED_EDGE ( 'NONE', *, *, #119, .T. ) ;
#241 = VECTOR ( 'NONE', #2551, 1000.000000000000000 ) ;
#242 = ORIENTED_EDGE ( 'NONE', *, *, #5417, .T. ) ;
#243 = DIRECTION ( 'NONE',  ( 0.0000000000000000000, -0.0000000000000000000, -1.000000000000000000 ) ) ;
#244 = FILL_AREA_STYLE ('',( #680 ) ) ;
#245 = DIRECTION ( 'NONE',  ( -0.0000000000000000000, -1.000000000000000000, -0.0000000000000000000 ) ) ;
#246 = DIRECTION ( 'NONE',  ( 0.0000000000000000000, -0.0000000000000000000, -1.000000000000000000 ) ) ;
#247 = CARTESIAN_POINT ( 'NONE',  ( -0.6634567500555484942, -0.2265013340820382082, 0.2799999999999999711 ) ) ;
#248 = EDGE_LOOP ( 'NONE', ( #455, #3678, #1517, #2436 ) ) ;
#249 = EDGE_CURVE ( 'NONE', #3175, #2884, #2241, .T. ) ;
#250 = EDGE_LOOP ( 'NONE', ( #4827, #5305, #598, #5223 ) ) ;
#251 = FACE_OUTER_BOUND ( 'NONE', #3039, .T. ) ;
#252 =( GEOMETRIC_REPRESENTATION_CONTEXT ( 3 ) GLOBAL_UNCERTAINTY_ASSIGNED_CONTEXT ( ( #55 ) ) GLOBAL_UNIT_ASSIGNED_CONTEXT ( ( #2475, #4133, #2444 ) ) REPRESENTATION_CONTEXT ( 'NONE', 'WORKASPACE' ) );
#253 = DIRECTION ( 'NONE',  ( -0.0000000000000000000, -0.0000000000000000000, -1.000000000000000000 ) ) ;
#254 = CARTESIAN_POINT ( 'NONE',  ( -0.6634567500555484942, -0.2265013340820382082, 0.2799999999999999711 ) ) ;
#255 = ORIENTED_EDGE ( 'NONE', *, *, #235, .F. ) ;
#256 =( GEOMETRIC_REPRESENTATION_CONTEXT ( 3 ) GLOBAL_UNCERTAINTY_ASSIGNED_CONTEXT ( ( #2168 ) ) GLOBAL_UNIT_ASSIGNED_CONTEXT ( ( #1393, #799, #2180 ) ) REPRESENTATION_CONTEXT ( 'NONE', 'WORKASPACE' ) );
#257 = EDGE_CURVE ( 'NONE', #3946, #3685, #3672, .T. ) ;
#258 = DIRECTION ( 'NONE',  ( 1.000000000000000000, 0.0000000000000000000, -6.983251342707903681E-15 ) ) ;
#259 = DIRECTION ( 'NONE',  ( -0.0000000000000000000, -0.0000000000000000000, -1.000000000000000000 ) ) ;
#260 = VECTOR ( 'NONE', #1836, 1000.000000000000000 ) ;
#261 = CARTESIAN_POINT ( 'NONE',  ( 0.7978332356883809373, -0.08504592687205501933, 0.2599999999999999534 ) ) ;
#262 = DIRECTION ( 'NONE',  ( 3.872150616019658957E-17, -1.000000000000000000, -2.703908323404516286E-31 ) ) ;
#263 = PRESENTATION_LAYER_ASSIGNMENT (  '', '', ( #2011 ) ) ;
#264 = AXIS2_PLACEMENT_3D ( 'NONE', #5466, #1182, #2909 ) ;
#265 = UNCERTAINTY_MEASURE_WITH_UNIT (LENGTH_MEASURE( 1.000000000000000082E-05 ), #2467, 'distance_accuracy_value', 'NONE');
#266 =( NAMED_UNIT ( * ) SI_UNIT ( $, .STERADIAN. ) SOLID_ANGLE_UNIT ( ) );
#267 =( LENGTH_UNIT ( ) NAMED_UNIT ( * ) SI_UNIT ( .MILLI., .METRE. ) );
#268 = FILL_AREA_STYLE ('',( #1533 ) ) ;
#269 = CYLINDRICAL_SURFACE ( 'NONE', #2807, 0.2500000000000000000 ) ;
#270 = ADVANCED_FACE ( 'NONE', ( #982 ), #116, .T. ) ;
#271 = ORIENTED_EDGE ( 'NONE', *, *, #2077, .T. ) ;
#272 = VECTOR ( 'NONE', #734, 1000.000000000000000 ) ;
#273 = VERTEX_POINT ( 'NONE', #1876 ) ;
#274 = CARTESIAN_POINT ( 'NONE',  ( 1.100000000000000533, 0.7499999999999997780, -7.680894765701995475E-15 ) ) ;
#275 = PLANE ( 'NONE',  #2876 ) ;
#276 = DIRECTION ( 'NONE',  ( 1.000000000000000000, 1.934130707221178351E-16, -0.0000000000000000000 ) ) ;
#277 = DIRECTION ( 'NONE',  ( 6.982962677686265922E-15, 0.0000000000000000000, 1.000000000000000000 ) ) ;
#278 = LINE ( 'NONE', #4608, #3636 ) ;
#279 = FILL_AREA_STYLE ('',( #187 ) ) ;
#280 = ORIENTED_EDGE ( 'NONE', *, *, #412, .F. ) ;
#281 = VECTOR ( 'NONE', #4244, 1000.000000000000000 ) ;
#282 = UNCERTAINTY_MEASURE_WITH_UNIT (LENGTH_MEASURE( 1.000000000000000082E-05 ), #1678, 'distance_accuracy_value', 'NONE');
#283 = VERTEX_POINT ( 'NONE', #3198 ) ;
#284 = STYLED_ITEM ( 'NONE', ( #5396 ), #3993 ) ;
#285 = LINE ( 'NONE', #4530, #610 ) ;
#286 =( LENGTH_UNIT ( ) NAMED_UNIT ( * ) SI_UNIT ( .MILLI., .METRE. ) );
#287 = CARTESIAN_POINT ( 'NONE',  ( -0.7650295964665725368, -0.2727184512886348111, 0.2799999999999999711 ) ) ;
#288 = ORIENTED_EDGE ( 'NONE', *, *, #3112, .F. ) ;
#289 = DIRECTION ( 'NONE',  ( 0.0000000000000000000, -1.000000000000000000, 0.0000000000000000000 ) ) ;
#290 = VECTOR ( 'NONE', #3373, 1000.000000000000000 ) ;
#291 = LINE ( 'NONE', #1985, #4888 ) ;
#292 = EDGE_CURVE ( 'NONE', #1783, #2495, #4288, .T. ) ;
#293 = FACE_OUTER_BOUND ( 'NONE', #625, .T. ) ;
#294 = CARTESIAN_POINT ( 'NONE',  ( -0.6803386800598816286, -0.2391341263035014764, 0.2799999999999999711 ) ) ;
#295 =( GEOMETRIC_REPRESENTATION_CONTEXT ( 3 ) GLOBAL_UNCERTAINTY_ASSIGNED_CONTEXT ( ( #5598 ) ) GLOBAL_UNIT_ASSIGNED_CONTEXT ( ( #579, #2772, #3202 ) ) REPRESENTATION_CONTEXT ( 'NONE', 'WORKASPACE' ) );
#296 = SURFACE_SIDE_STYLE ('',( #5479 ) ) ;
#297 = SURFACE_STYLE_USAGE ( .BOTH. , #4106 ) ;
#298 = CARTESIAN_POINT ( 'NONE',  ( -0.5035437629006764837, 0.5569292977732096528, 0.2799999999999999711 ) ) ;
#299 = LINE ( 'NONE', #4600, #5532 ) ;
#300 = ORIENTED_EDGE ( 'NONE', *, *, #1636, .T. ) ;
#301 = DIRECTION ( 'NONE',  ( 6.982962677686268288E-15, -0.0000000000000000000, 1.000000000000000000 ) ) ;
#302 = FILL_AREA_STYLE_COLOUR ( '', #600 ) ;
#303 = DIRECTION ( 'NONE',  ( -0.0000000000000000000, -0.0000000000000000000, -1.000000000000000000 ) ) ;
#304 =( NAMED_UNIT ( * ) PLANE_ANGLE_UNIT ( ) SI_UNIT ( $, .RADIAN. ) );
#305 = DIRECTION ( 'NONE',  ( -6.982962677686265922E-15, 0.0000000000000000000, -1.000000000000000000 ) ) ;
#306 = EDGE_LOOP ( 'NONE', ( #3262, #2060, #2712, #5405 ) ) ;
#307 = EDGE_CURVE ( 'NONE', #3084, #4408, #3844, .T. ) ;
#308 = EDGE_LOOP ( 'NONE', ( #1616, #4984, #1830, #2279, #802, #191 ) ) ;
#309 = DIRECTION ( 'NONE',  ( -0.0000000000000000000, -0.0000000000000000000, -1.000000000000000000 ) ) ;
#310 = DIRECTION ( 'NONE',  ( 6.982962677686266711E-15, -0.0000000000000000000, 1.000000000000000000 ) ) ;
#311 = VERTEX_POINT ( 'NONE', #1009 ) ;
#312 = STYLED_ITEM ( 'NONE', ( #1943 ), #5033 ) ;
#313 = AXIS2_PLACEMENT_3D ( 'NONE', #1567, #238, #1071 ) ;
#314 = VECTOR ( 'NONE', #4302, 1000.000000000000000 ) ;
#315 = FACE_OUTER_BOUND ( 'NONE', #3552, .T. ) ;
#316 = PRESENTATION_LAYER_ASSIGNMENT (  '', '', ( #1971 ) ) ;
#317 = CARTESIAN_POINT ( 'NONE',  ( -0.4343137556297431701, 0.4509946331943126552, 0.2810000000000000275 ) ) ;
#318 = VECTOR ( 'NONE', #5371, 1000.000000000000000 ) ;
#319 = UNCERTAINTY_MEASURE_WITH_UNIT (LENGTH_MEASURE( 1.000000000000000082E-05 ), #1586, 'distance_accuracy_value', 'NONE');
#320 = LINE ( 'NONE', #3289, #5285 ) ;
#321 = FILL_AREA_STYLE ('',( #1102 ) ) ;
#322 =( NAMED_UNIT ( * ) PLANE_ANGLE_UNIT ( ) SI_UNIT ( $, .RADIAN. ) );
#323 = ORIENTED_EDGE ( 'NONE', *, *, #1891, .T. ) ;
#324 = ORIENTED_EDGE ( 'NONE', *, *, #1839, .F. ) ;
#325 = LINE ( 'NONE', #2929, #290 ) ;
#326 = MECHANICAL_DESIGN_GEOMETRIC_PRESENTATION_REPRESENTATION (  '', ( #2787 ), #1162 ) ;
#327 = FACE_OUTER_BOUND ( 'NONE', #2165, .T. ) ;
#328 = MECHANICAL_DESIGN_GEOMETRIC_PRESENTATION_REPRESENTATION (  '', ( #2618 ), #1617 ) ;
#329 = FILL_AREA_STYLE ('',( #4140 ) ) ;
#330 = VERTEX_POINT ( 'NONE', #5358 ) ;
#331 = UNCERTAINTY_MEASURE_WITH_UNIT (LENGTH_MEASURE( 1.000000000000000082E-05 ), #164, 'distance_accuracy_value', 'NONE');
#332 = APPLICATION_CONTEXT ( 'automotive_design' ) ;
#333 = AXIS2_PLACEMENT_3D ( 'NONE', #4990, #310, #2062 ) ;
#334 = VERTEX_POINT ( 'NONE', #2768 ) ;
#335 = LINE ( 'NONE', #3884, #4474 ) ;
#336 = CARTESIAN_POINT ( 'NONE',  ( -0.5740798441076682135, -0.6849774522544942457, 0.2799999999999999711 ) ) ;
#337 = DIRECTION ( 'NONE',  ( -9.856383386231857595E-17, -1.000000000000000000, 6.882675732302403897E-31 ) ) ;
#338 = COLOUR_RGB ( '',0.8509803921568627194, 0.8509803921568627194, 0.8509803921568627194 ) ;
#339 = CARTESIAN_POINT ( 'NONE',  ( 1.100000000000002087, 0.4999999999999997780, 0.2799999999999999711 ) ) ;
#340 = ORIENTED_EDGE ( 'NONE', *, *, #5104, .T. ) ;
#341 = ADVANCED_FACE ( 'NONE', ( #2354 ), #2745, .T. ) ;
#342 = ORIENTED_EDGE ( 'NONE', *, *, #3538, .T. ) ;
#343 = AXIS2_PLACEMENT_3D ( 'NONE', #1396, #1827, #151 ) ;
#344 = PLANE ( 'NONE',  #4210 ) ;
#345 = CARTESIAN_POINT ( 'NONE',  ( 0.2532275857927164253, -0.5316465652036583833, 0.2810000000000000275 ) ) ;
#346 = CARTESIAN_POINT ( 'NONE',  ( -0.7249999999999999778, -1.000000000000000000, 0.2599999999999999534 ) ) ;
#347 =( NAMED_UNIT ( * ) SI_UNIT ( $, .STERADIAN. ) SOLID_ANGLE_UNIT ( ) );
#348 = COLOUR_RGB ( '',0.8509803921568627194, 0.8509803921568627194, 0.8509803921568627194 ) ;
#349 =( LENGTH_UNIT ( ) NAMED_UNIT ( * ) SI_UNIT ( .MILLI., .METRE. ) );
#350 = FACE_OUTER_BOUND ( 'NONE', #5600, .T. ) ;
#351 = ORIENTED_EDGE ( 'NONE', *, *, #1114, .F. ) ;
#352 = CARTESIAN_POINT ( 'NONE',  ( 1.100000000000002531, 0.1362137402538543540, 0.2799999999999999711 ) ) ;
#353 = CIRCLE ( 'NONE', #1285, 0.3637862597461454239 ) ;
#354 =( GEOMETRIC_REPRESENTATION_CONTEXT ( 3 ) GLOBAL_UNCERTAINTY_ASSIGNED_CONTEXT ( ( #748 ) ) GLOBAL_UNIT_ASSIGNED_CONTEXT ( ( #3735, #5394, #2922 ) ) REPRESENTATION_CONTEXT ( 'NONE', 'WORKASPACE' ) );
#355 = PRESENTATION_STYLE_ASSIGNMENT (( #3321 ) ) ;
#356 = COLOUR_RGB ( '',0.8509803921568627194, 0.8509803921568627194, 0.8509803921568627194 ) ;
#357 = CARTESIAN_POINT ( 'NONE',  ( -0.9174636228121989534, -0.1880563063957278735, 0.2599999999999999534 ) ) ;
#358 = CARTESIAN_POINT ( 'NONE',  ( 0.7507068832573945416, 0.6078267106094943362, 0.2599999999999999534 ) ) ;
#359 = CARTESIAN_POINT ( 'NONE',  ( -1.099999999999998979, -0.2499999999999999445, 0.2600000000000076694 ) ) ;
#360 = EDGE_CURVE ( 'NONE', #2338, #1441, #508, .T. ) ;
#361 = ORIENTED_EDGE ( 'NONE', *, *, #2119, .T. ) ;
#362 = AXIS2_PLACEMENT_3D ( 'NONE', #4794, #259, #201 ) ;
#363 = ORIENTED_EDGE ( 'NONE', *, *, #2998, .F. ) ;
#364 = DIRECTION ( 'NONE',  ( 0.0000000000000000000, -1.000000000000000000, 0.0000000000000000000 ) ) ;
#365 = SURFACE_STYLE_FILL_AREA ( #3488 ) ;
#366 = DIRECTION ( 'NONE',  ( 1.000000000000000000, 0.0000000000000000000, 0.0000000000000000000 ) ) ;
#367 = ADVANCED_FACE ( 'NONE', ( #2832 ), #1554, .F. ) ;
#368 =( NAMED_UNIT ( * ) SI_UNIT ( $, .STERADIAN. ) SOLID_ANGLE_UNIT ( ) );
#369 = ORIENTED_EDGE ( 'NONE', *, *, #2540, .F. ) ;
#370 = ORIENTED_EDGE ( 'NONE', *, *, #257, .F. ) ;
#371 = SURFACE_SIDE_STYLE ('',( #1807 ) ) ;
#372 = LINE ( 'NONE', #3004, #3086 ) ;
#373 =( GEOMETRIC_REPRESENTATION_CONTEXT ( 3 ) GLOBAL_UNCERTAINTY_ASSIGNED_CONTEXT ( ( #1601 ) ) GLOBAL_UNIT_ASSIGNED_CONTEXT ( ( #3451, #1312, #1829 ) ) REPRESENTATION_CONTEXT ( 'NONE', 'WORKASPACE' ) );
#374 = ADVANCED_FACE ( 'NONE', ( #315 ), #5529, .F. ) ;
#375 = AXIS2_PLACEMENT_3D ( 'NONE', #1169, #2369, #4949 ) ;
#376 = DIRECTION ( 'NONE',  ( 1.000000000000000000, 0.0000000000000000000, 0.0000000000000000000 ) ) ;
#377 = FILL_AREA_STYLE_COLOUR ( '', #4336 ) ;
#378 = LINE ( 'NONE', #3370, #2362 ) ;
#379 =( NAMED_UNIT ( * ) PLANE_ANGLE_UNIT ( ) SI_UNIT ( $, .RADIAN. ) );
#380 = VERTEX_POINT ( 'NONE', #4206 ) ;
#381 = FACE_OUTER_BOUND ( 'NONE', #5498, .T. ) ;
#382 = PRESENTATION_LAYER_ASSIGNMENT (  '', '', ( #3301 ) ) ;
#383 = FILL_AREA_STYLE_COLOUR ( '', #3360 ) ;
#384 = SURFACE_SIDE_STYLE ('',( #2188 ) ) ;
#385 = CARTESIAN_POINT ( 'NONE',  ( 0.7376531201253040404, 0.5519215185516125333, 0.2599999999999999534 ) ) ;
#386 = ORIENTED_EDGE ( 'NONE', *, *, #4307, .T. ) ;
#387 = UNCERTAINTY_MEASURE_WITH_UNIT (LENGTH_MEASURE( 1.000000000000000082E-05 ), #3755, 'distance_accuracy_value', 'NONE');
#388 = ADVANCED_FACE ( 'NONE', ( #2527 ), #344, .T. ) ;
#389 = ORIENTED_EDGE ( 'NONE', *, *, #5041, .T. ) ;
#390 =( NAMED_UNIT ( * ) SI_UNIT ( $, .STERADIAN. ) SOLID_ANGLE_UNIT ( ) );
#391 =( LENGTH_UNIT ( ) NAMED_UNIT ( * ) SI_UNIT ( .MILLI., .METRE. ) );
#392 = CYLINDRICAL_SURFACE ( 'NONE', #1924, 0.3637862597461454239 ) ;
#393 = EDGE_CURVE ( 'NONE', #3684, #380, #4928, .T. ) ;
#394 = ORIENTED_EDGE ( 'NONE', *, *, #4465, .T. ) ;
#395 = PRESENTATION_STYLE_ASSIGNMENT (( #4704 ) ) ;
#396 = STYLED_ITEM ( 'NONE', ( #842 ), #126 ) ;
#397 = CARTESIAN_POINT ( 'NONE',  ( 0.4124155170610083188, 0.2080817958270094192, 0.2799999999999999711 ) ) ;
#398 = COLOUR_RGB ( '',0.7921568627450980005, 0.8196078431372548767, 0.9333333333333333481 ) ;
#399 = SURFACE_STYLE_FILL_AREA ( #4232 ) ;
#400 = PLANE ( 'NONE',  #2773 ) ;
#401 = PRESENTATION_STYLE_ASSIGNMENT (( #783 ) ) ;
#402 = PRESENTATION_STYLE_ASSIGNMENT (( #33 ) ) ;
#403 = MECHANICAL_DESIGN_GEOMETRIC_PRESENTATION_REPRESENTATION (  '', ( #2690 ), #1685 ) ;
#404 = DIRECTION ( 'NONE',  ( 6.982962677686266711E-15, -0.0000000000000000000, 1.000000000000000000 ) ) ;
#405 =( GEOMETRIC_REPRESENTATION_CONTEXT ( 3 ) GLOBAL_UNCERTAINTY_ASSIGNED_CONTEXT ( ( #2457 ) ) GLOBAL_UNIT_ASSIGNED_CONTEXT ( ( #4690, #4607, #1767 ) ) REPRESENTATION_CONTEXT ( 'NONE', 'WORKASPACE' ) );
#406 =( NAMED_UNIT ( * ) PLANE_ANGLE_UNIT ( ) SI_UNIT ( $, .RADIAN. ) );
#407 = MECHANICAL_DESIGN_GEOMETRIC_PRESENTATION_REPRESENTATION (  '', ( #1785 ), #595 ) ;
#408 = PRESENTATION_STYLE_ASSIGNMENT (( #1700 ) ) ;
#409 = AXIS2_PLACEMENT_3D ( 'NONE', #5002, #1589, #2071 ) ;
#410 = FILL_AREA_STYLE ('',( #4287 ) ) ;
#411 = ORIENTED_EDGE ( 'NONE', *, *, #3768, .F. ) ;
#412 = EDGE_CURVE ( 'NONE', #1840, #5435, #772, .T. ) ;
#413 = FILL_AREA_STYLE_COLOUR ( '', #4452 ) ;
#414 = AXIS2_PLACEMENT_3D ( 'NONE', #5278, #1494, #1032 ) ;
#415 = CARTESIAN_POINT ( 'NONE',  ( 0.7174695751538135990, 0.3080817958270101187, 0.2799999999999999711 ) ) ;
#416 = CARTESIAN_POINT ( 'NONE',  ( 0.0000000000000000000, 0.0000000000000000000, 0.2810000000000000275 ) ) ;
#417 = DIRECTION ( 'NONE',  ( -1.000000000000000000, -3.469446951953614189E-15, 6.982962677686265922E-15 ) ) ;
#418 = PRESENTATION_STYLE_ASSIGNMENT (( #4714 ) ) ;
#419 = ORIENTED_EDGE ( 'NONE', *, *, #796, .F. ) ;
#420 = VERTEX_POINT ( 'NONE', #4257 ) ;
#421 = PRESENTATION_LAYER_ASSIGNMENT (  '', '', ( #5391 ) ) ;
#422 = CARTESIAN_POINT ( 'NONE',  ( -1.099999999999998535, 0.8637862597461452019, 0.2599999999999999534 ) ) ;
#423 = DIRECTION ( 'NONE',  ( 1.000000000000000000, 0.0000000000000000000, -6.938893903907228378E-15 ) ) ;
#424 =( NAMED_UNIT ( * ) SI_UNIT ( $, .STERADIAN. ) SOLID_ANGLE_UNIT ( ) );
#425 = FILL_AREA_STYLE ('',( #1686 ) ) ;
#426 = ADVANCED_FACE ( 'NONE', ( #5154 ), #2659, .T. ) ;
#427 = ORIENTED_EDGE ( 'NONE', *, *, #3164, .F. ) ;
#428 = FILL_AREA_STYLE ('',( #1350 ) ) ;
#429 = FILL_AREA_STYLE ('',( #3313 ) ) ;
#430 = ADVANCED_FACE ( 'NONE', ( #3893 ), #862, .F. ) ;
#431 = FACE_OUTER_BOUND ( 'NONE', #3077, .T. ) ;
#432 = CARTESIAN_POINT ( 'NONE',  ( -0.4000000000000000777, 0.2000000000000000111, 2.791820594150173918E-15 ) ) ;
#433 = PLANE ( 'NONE',  #2097 ) ;
#434 =( GEOMETRIC_REPRESENTATION_CONTEXT ( 3 ) GLOBAL_UNCERTAINTY_ASSIGNED_CONTEXT ( ( #265 ) ) GLOBAL_UNIT_ASSIGNED_CONTEXT ( ( #2467, #3335, #2886 ) ) REPRESENTATION_CONTEXT ( 'NONE', 'WORKASPACE' ) );
#435 = CARTESIAN_POINT ( 'NONE',  ( -1.100000000000000977, 0.7500000000000000000, 7.680894765701995475E-15 ) ) ;
#436 = ORIENTED_EDGE ( 'NONE', *, *, #3317, .T. ) ;
#437 = AXIS2_PLACEMENT_3D ( 'NONE', #3645, #4884, #4909 ) ;
#438 = COLOUR_RGB ( '',0.8509803921568627194, 0.8509803921568627194, 0.8509803921568627194 ) ;
#439 = UNCERTAINTY_MEASURE_WITH_UNIT (LENGTH_MEASURE( 1.000000000000000082E-05 ), #1211, 'distance_accuracy_value', 'NONE');
#440 = DIRECTION ( 'NONE',  ( 1.000000000000000000, 0.0000000000000000000, 0.0000000000000000000 ) ) ;
#441 = DIRECTION ( 'NONE',  ( -6.983251342707903681E-15, 0.0000000000000000000, -1.000000000000000000 ) ) ;
#442 = STYLED_ITEM ( 'NONE', ( #2382 ), #2341 ) ;
#443 = VERTEX_POINT ( 'NONE', #5350 ) ;
#444 = MECHANICAL_DESIGN_GEOMETRIC_PRESENTATION_REPRESENTATION (  '', ( #1371 ), #4881 ) ;
#445 = VERTEX_POINT ( 'NONE', #540 ) ;
#446 = PRESENTATION_LAYER_ASSIGNMENT (  '', '', ( #5330 ) ) ;
#447 = ADVANCED_FACE ( 'NONE', ( #2316 ), #1057, .F. ) ;
#448 = LINE ( 'NONE', #4274, #1883 ) ;
#449 = SURFACE_SIDE_STYLE ('',( #4720 ) ) ;
#450 = SURFACE_STYLE_FILL_AREA ( #3410 ) ;
#451 =( NAMED_UNIT ( * ) SI_UNIT ( $, .STERADIAN. ) SOLID_ANGLE_UNIT ( ) );
#452 = FACE_OUTER_BOUND ( 'NONE', #4351, .T. ) ;
#453 = ORIENTED_EDGE ( 'NONE', *, *, #1750, .T. ) ;
#454 = AXIS2_PLACEMENT_3D ( 'NONE', #5163, #1730, #5535 ) ;
#455 = ORIENTED_EDGE ( 'NONE', *, *, #5173, .T. ) ;
#456 = COLOUR_RGB ( '',0.8509803921568627194, 0.8509803921568627194, 0.8509803921568627194 ) ;
#457 = DIRECTION ( 'NONE',  ( 0.0000000000000000000, -1.000000000000000000, 0.0000000000000000000 ) ) ;
#458 = LINE ( 'NONE', #4757, #5412 ) ;
#459 = ORIENTED_EDGE ( 'NONE', *, *, #4594, .T. ) ;
#460 =( GEOMETRIC_REPRESENTATION_CONTEXT ( 3 ) GLOBAL_UNCERTAINTY_ASSIGNED_CONTEXT ( ( #282 ) ) GLOBAL_UNIT_ASSIGNED_CONTEXT ( ( #1678, #3746, #3401 ) ) REPRESENTATION_CONTEXT ( 'NONE', 'WORKASPACE' ) );
#461 = DIRECTION ( 'NONE',  ( -0.0000000000000000000, -0.0000000000000000000, -1.000000000000000000 ) ) ;
#462 = EDGE_CURVE ( 'NONE', #4076, #5369, #4033, .T. ) ;
#463 = CARTESIAN_POINT ( 'NONE',  ( 0.7249999999999999778, 1.000000000000000000, 0.8400000000000000799 ) ) ;
#464 = CARTESIAN_POINT ( 'NONE',  ( -1.099999999999998979, 0.2499999999999998335, 0.2799999999999999711 ) ) ;
#465 = VERTEX_POINT ( 'NONE', #1406 ) ;
#466 = CARTESIAN_POINT ( 'NONE',  ( 0.7672489025476870728, 0.6470277182179263731, 0.2799999999999999711 ) ) ;
#467 = VECTOR ( 'NONE', #3092, 1000.000000000000000 ) ;
#468 = EDGE_CURVE ( 'NONE', #1690, #4237, #5324, .T. ) ;
#469 = CARTESIAN_POINT ( 'NONE',  ( -0.7570035725588107889, 0.6212183713084244996, 0.2799999999999999711 ) ) ;
#470 = CARTESIAN_POINT ( 'NONE',  ( -1.031512925605919229, 0.8594879528193650753, 0.2799999999999999156 ) ) ;
#471 = SURFACE_SIDE_STYLE ('',( #5118 ) ) ;
#472 = CARTESIAN_POINT ( 'NONE',  ( -0.1178234831815653944, -0.3593805362314128615, 0.2810000000000000275 ) ) ;
#473 = CARTESIAN_POINT ( 'NONE',  ( -1.100000000000000977, 0.0000000000000000000, 7.680894765701995475E-15 ) ) ;
#474 = ORIENTED_EDGE ( 'NONE', *, *, #699, .F. ) ;
#475 = PRESENTATION_LAYER_ASSIGNMENT (  '', '', ( #848 ) ) ;
#476 = ORIENTED_EDGE ( 'NONE', *, *, #786, .T. ) ;
#477 = DIRECTION ( 'NONE',  ( -0.0000000000000000000, -0.0000000000000000000, -1.000000000000000000 ) ) ;
#478 = LINE ( 'NONE', #5203, #4162 ) ;
#479 = CARTESIAN_POINT ( 'NONE',  ( -1.099999999999998090, -0.4999999999999997780, 0.2599999999999999534 ) ) ;
#480 = FILL_AREA_STYLE ('',( #4835 ) ) ;
#481 = ORIENTED_EDGE ( 'NONE', *, *, #2104, .T. ) ;
#482 =( NAMED_UNIT ( * ) SI_UNIT ( $, .STERADIAN. ) SOLID_ANGLE_UNIT ( ) );
#483 = FILL_AREA_STYLE ('',( #4360 ) ) ;
#484 =( NAMED_UNIT ( * ) SI_UNIT ( $, .STERADIAN. ) SOLID_ANGLE_UNIT ( ) );
#485 = DIRECTION ( 'NONE',  ( -3.097720492815727166E-16, -1.000000000000000000, 2.163126658723613029E-30 ) ) ;
#486 = CARTESIAN_POINT ( 'NONE',  ( 1.100000000000002531, 0.7499999999999997780, 0.2799999999999999711 ) ) ;
#487 = CARTESIAN_POINT ( 'NONE',  ( 0.5359203924145662379, -0.2065665198382720669, 0.2799999999999999711 ) ) ;
#488 = VERTEX_POINT ( 'NONE', #3134 ) ;
#489 =( NAMED_UNIT ( * ) PLANE_ANGLE_UNIT ( ) SI_UNIT ( $, .RADIAN. ) );
#490 = SURFACE_SIDE_STYLE ('',( #1726 ) ) ;
#491 = CARTESIAN_POINT ( 'NONE',  ( 1.100000000000002087, -0.1385744931852173067, 0.2799999999999999711 ) ) ;
#492 = CARTESIAN_POINT ( 'NONE',  ( -0.4135483952989442713, -0.3593805362314128615, 0.2599999999999999534 ) ) ;
#493 = COLOUR_RGB ( '',0.8509803921568627194, 0.8509803921568627194, 0.8509803921568627194 ) ;
#494 = AXIS2_PLACEMENT_3D ( 'NONE', #2789, #4139, #277 ) ;
#495 = CARTESIAN_POINT ( 'NONE',  ( -1.099999999999998090, -1.000000000000000000, 0.2600000000000076694 ) ) ;
#496 = EDGE_CURVE ( 'NONE', #5022, #5575, #1381, .T. ) ;
#497 = AXIS2_PLACEMENT_3D ( 'NONE', #2365, #3498, #4157 ) ;
#498 = UNCERTAINTY_MEASURE_WITH_UNIT (LENGTH_MEASURE( 1.000000000000000082E-05 ), #1193, 'distance_accuracy_value', 'NONE');
#499 = VECTOR ( 'NONE', #477, 1000.000000000000000 ) ;
#500 = CLOSED_SHELL ( 'NONE', ( #5280, #2766, #3445, #1304, #3255, #4883 ) ) ;
#501 = SURFACE_STYLE_FILL_AREA ( #2694 ) ;
#502 = FACE_OUTER_BOUND ( 'NONE', #3008, .T. ) ;
#503 = FACE_OUTER_BOUND ( 'NONE', #2378, .T. ) ;
#504 = ORIENTED_EDGE ( 'NONE', *, *, #3259, .F. ) ;
#505 = ORIENTED_EDGE ( 'NONE', *, *, #4248, .T. ) ;
#506 = ADVANCED_FACE ( 'NONE', ( #1464 ), #3219, .F. ) ;
#507 = PRESENTATION_LAYER_ASSIGNMENT (  '', '', ( #5200 ) ) ;
#508 = CIRCLE ( 'NONE', #5115, 0.1000000000000000472 ) ;
#509 = CARTESIAN_POINT ( 'NONE',  ( -0.6740798441076681913, -0.6849774522544940236, 0.2799999999999999711 ) ) ;
#510 = CARTESIAN_POINT ( 'NONE',  ( 1.100000000000000311, 0.9000000000000000222, -7.680894765701995475E-15 ) ) ;
#511 = SURFACE_SIDE_STYLE ('',( #4385 ) ) ;
#512 =( GEOMETRIC_REPRESENTATION_CONTEXT ( 3 ) GLOBAL_UNCERTAINTY_ASSIGNED_CONTEXT ( ( #4344 ) ) GLOBAL_UNIT_ASSIGNED_CONTEXT ( ( #5422, #1590, #5003 ) ) REPRESENTATION_CONTEXT ( 'NONE', 'WORKASPACE' ) );
#513 = ORIENTED_EDGE ( 'NONE', *, *, #1770, .F. ) ;
#514 =( NAMED_UNIT ( * ) SI_UNIT ( $, .STERADIAN. ) SOLID_ANGLE_UNIT ( ) );
#515 = EDGE_CURVE ( 'NONE', #939, #2626, #2327, .T. ) ;
#516 = LINE ( 'NONE', #4786, #2293 ) ;
#517 = AXIS2_PLACEMENT_3D ( 'NONE', #2523, #1118, #4585 ) ;
#518 =( LENGTH_UNIT ( ) NAMED_UNIT ( * ) SI_UNIT ( .MILLI., .METRE. ) );
#519 = EDGE_LOOP ( 'NONE', ( #2490, #1404, #2447, #4254 ) ) ;
#520 = CARTESIAN_POINT ( 'NONE',  ( -1.071157378566040208, 0.8626410704386738848, 0.2599999999999999534 ) ) ;
#521 = PRESENTATION_STYLE_ASSIGNMENT (( #3989 ) ) ;
#522 =( NAMED_UNIT ( * ) PLANE_ANGLE_UNIT ( ) SI_UNIT ( $, .RADIAN. ) );
#523 = CARTESIAN_POINT ( 'NONE',  ( 0.6809088744240132662, 0.5569292977732096528, 0.2599999999999999534 ) ) ;
#524 = STYLED_ITEM ( 'NONE', ( #1957 ), #2017 ) ;
#525 = FACE_OUTER_BOUND ( 'NONE', #1733, .T. ) ;
#526 = PLANE ( 'NONE',  #5500 ) ;
#527 = FACE_OUTER_BOUND ( 'NONE', #1435, .T. ) ;
#528 = ORIENTED_EDGE ( 'NONE', *, *, #4510, .T. ) ;
#529 = VERTEX_POINT ( 'NONE', #2292 ) ;
#530 = COLOUR_RGB ( '',0.8509803921568627194, 0.8509803921568627194, 0.8509803921568627194 ) ;
#531 = VECTOR ( 'NONE', #2860, 1000.000000000000000 ) ;
#532 = CARTESIAN_POINT ( 'NONE',  ( -1.099999999999999867, -1.000000000000000000, 0.02000000000000768177 ) ) ;
#533 = ADVANCED_FACE ( 'NONE', ( #3192 ), #4009, .T. ) ;
#534 = DIRECTION ( 'NONE',  ( -1.000000000000000000, 0.0000000000000000000, 0.0000000000000000000 ) ) ;
#535 = SURFACE_STYLE_USAGE ( .BOTH. , #4416 ) ;
#536 = ORIENTED_EDGE ( 'NONE', *, *, #739, .F. ) ;
#537 = COLOUR_RGB ( '',0.0000000000000000000, 1.000000000000000000, 0.0000000000000000000 ) ;
#538 = STYLED_ITEM ( 'NONE', ( #1083 ), #2600 ) ;
#539 = ORIENTED_EDGE ( 'NONE', *, *, #651, .F. ) ;
#540 = CARTESIAN_POINT ( 'NONE',  ( -1.100000000000000977, -0.1999999999999994837, 7.680894765701995475E-15 ) ) ;
#541 = VECTOR ( 'NONE', #1885, 1000.000000000000000 ) ;
#542 = STYLED_ITEM ( 'NONE', ( #1234 ), #2715 ) ;
#543 = CARTESIAN_POINT ( 'NONE',  ( -0.7249999999999999778, -1.000000000000000000, 0.8400000000000000799 ) ) ;
#544 = ORIENTED_EDGE ( 'NONE', *, *, #4654, .T. ) ;
#545 = STYLED_ITEM ( 'NONE', ( #1276 ), #3569 ) ;
#546 = DIRECTION ( 'NONE',  ( -0.0000000000000000000, -0.0000000000000000000, -1.000000000000000000 ) ) ;
#547 =( NAMED_UNIT ( * ) SI_UNIT ( $, .STERADIAN. ) SOLID_ANGLE_UNIT ( ) );
#548 = LINE ( 'NONE', #2271, #5540 ) ;
#549 = ADVANCED_FACE ( 'NONE', ( #1003 ), #5261, .T. ) ;
#550 = UNCERTAINTY_MEASURE_WITH_UNIT (LENGTH_MEASURE( 1.000000000000000082E-05 ), #727, 'distance_accuracy_value', 'NONE');
#551 = PRESENTATION_LAYER_ASSIGNMENT (  '', '', ( #1849 ) ) ;
#552 = CARTESIAN_POINT ( 'NONE',  ( -0.6766918921026191525, 0.6855750628389500889, 0.2599999999999999534 ) ) ;
#553 = CARTESIAN_POINT ( 'NONE',  ( 0.4000000000000000777, 0.0000000000000000000, -2.791820594150173918E-15 ) ) ;
#554 = LINE ( 'NONE', #4462, #4807 ) ;
#555 = ORIENTED_EDGE ( 'NONE', *, *, #1188, .F. ) ;
#556 = ORIENTED_EDGE ( 'NONE', *, *, #200, .F. ) ;
#557 = AXIS2_PLACEMENT_3D ( 'NONE', #2299, #3615, #4017 ) ;
#558 = B_SPLINE_SURFACE_WITH_KNOTS ( 'NONE', 3, 1, ( 
 ( #3757, #5504 ),
 ( #294, #4593 ),
 ( #5533, #1987 ),
 ( #4999, #4650 ),
 ( #2041, #5418 ) ),
 .UNSPECIFIED., .F., .F., .F.,
 ( 4, 1, 4 ),
 ( 2, 2 ),
 ( 0.08977583276714114213, 0.2929772087874236708, 1.000000000000000000 ),
 ( 0.0000000000000000000, 1.000000000000000000 ),
 .UNSPECIFIED. ) ;
#559 = CARTESIAN_POINT ( 'NONE',  ( -1.099999999999998090, -1.000000000000000000, 0.2600000000000076694 ) ) ;
#560 =( GEOMETRIC_REPRESENTATION_CONTEXT ( 3 ) GLOBAL_UNCERTAINTY_ASSIGNED_CONTEXT ( ( #159 ) ) GLOBAL_UNIT_ASSIGNED_CONTEXT ( ( #1642, #3035, #4268 ) ) REPRESENTATION_CONTEXT ( 'NONE', 'WORKASPACE' ) );
#561 = DIRECTION ( 'NONE',  ( -0.7769070476675158377, 0.6296153105544244344, 0.0000000000000000000 ) ) ;
#562 = CARTESIAN_POINT ( 'NONE',  ( 0.4124155170610083188, 0.2080817958270094192, 0.2799999999999999711 ) ) ;
#563 = CARTESIAN_POINT ( 'NONE',  ( -0.3095939579225142069, -0.3593805362314128615, 0.2810000000000000275 ) ) ;
#564 = ORIENTED_EDGE ( 'NONE', *, *, #3693, .F. ) ;
#565 = MECHANICAL_DESIGN_GEOMETRIC_PRESENTATION_REPRESENTATION (  '', ( #2038 ), #295 ) ;
#566 = EDGE_CURVE ( 'NONE', #3084, #3506, #2406, .T. ) ;
#567 = ORIENTED_EDGE ( 'NONE', *, *, #3538, .F. ) ;
#568 =( NAMED_UNIT ( * ) SI_UNIT ( $, .STERADIAN. ) SOLID_ANGLE_UNIT ( ) );
#569 = SURFACE_STYLE_USAGE ( .BOTH. , #2350 ) ;
#570 = SURFACE_SIDE_STYLE ('',( #4448 ) ) ;
#571 = PRESENTATION_STYLE_ASSIGNMENT (( #60 ) ) ;
#572 =( NAMED_UNIT ( * ) SI_UNIT ( $, .STERADIAN. ) SOLID_ANGLE_UNIT ( ) );
#573 = VERTEX_POINT ( 'NONE', #4612 ) ;
#574 = ADVANCED_FACE ( 'NONE', ( #1150 ), #2856, .T. ) ;
#575 = SURFACE_STYLE_FILL_AREA ( #4453 ) ;
#576 =( LENGTH_UNIT ( ) NAMED_UNIT ( * ) SI_UNIT ( .MILLI., .METRE. ) );
#577 = DIRECTION ( 'NONE',  ( -1.000000000000000000, 0.0000000000000000000, 6.983251342707903681E-15 ) ) ;
#578 = DIRECTION ( 'NONE',  ( 0.0000000000000000000, 0.0000000000000000000, 1.000000000000000000 ) ) ;
#579 =( LENGTH_UNIT ( ) NAMED_UNIT ( * ) SI_UNIT ( .MILLI., .METRE. ) );
#580 = ORIENTED_EDGE ( 'NONE', *, *, #2982, .F. ) ;
#581 = FILL_AREA_STYLE ('',( #3177 ) ) ;
#582 = MECHANICAL_DESIGN_GEOMETRIC_PRESENTATION_REPRESENTATION (  '', ( #3944 ), #2767 ) ;
#583 = CARTESIAN_POINT ( 'NONE',  ( 7.750074532472045730E-18, 0.2000000000000000389, 0.0000000000000000000 ) ) ;
#584 =( GEOMETRIC_REPRESENTATION_CONTEXT ( 3 ) GLOBAL_UNCERTAINTY_ASSIGNED_CONTEXT ( ( #1147 ) ) GLOBAL_UNIT_ASSIGNED_CONTEXT ( ( #945, #3919, #451 ) ) REPRESENTATION_CONTEXT ( 'NONE', 'WORKASPACE' ) );
#585 = CARTESIAN_POINT ( 'NONE',  ( -0.6766918921026191525, -0.5541450885699468198, 0.2799999999999999711 ) ) ;
#586 = ADVANCED_FACE ( 'NONE', ( #251 ), #2006, .F. ) ;
#587 = ORIENTED_EDGE ( 'NONE', *, *, #2699, .F. ) ;
#588 = EDGE_LOOP ( 'NONE', ( #3648, #4171, #5440, #808 ) ) ;
#589 = VECTOR ( 'NONE', #962, 1000.000000000000000 ) ;
#590 =( GEOMETRIC_REPRESENTATION_CONTEXT ( 3 ) GLOBAL_UNCERTAINTY_ASSIGNED_CONTEXT ( ( #854 ) ) GLOBAL_UNIT_ASSIGNED_CONTEXT ( ( #4168, #215, #5457 ) ) REPRESENTATION_CONTEXT ( 'NONE', 'WORKASPACE' ) );
#591 = DIRECTION ( 'NONE',  ( -0.0000000000000000000, -0.0000000000000000000, -1.000000000000000000 ) ) ;
#592 =( GEOMETRIC_REPRESENTATION_CONTEXT ( 3 ) GLOBAL_UNCERTAINTY_ASSIGNED_CONTEXT ( ( #626 ) ) GLOBAL_UNIT_ASSIGNED_CONTEXT ( ( #139, #5352, #3194 ) ) REPRESENTATION_CONTEXT ( 'NONE', 'WORKASPACE' ) );
#593 = CARTESIAN_POINT ( 'NONE',  ( -0.7249999999999999778, 1.000000000000000000, 0.8400000000000000799 ) ) ;
#594 = LINE ( 'NONE', #4468, #5471 ) ;
#595 =( GEOMETRIC_REPRESENTATION_CONTEXT ( 3 ) GLOBAL_UNCERTAINTY_ASSIGNED_CONTEXT ( ( #439 ) ) GLOBAL_UNIT_ASSIGNED_CONTEXT ( ( #1211, #5407, #1117 ) ) REPRESENTATION_CONTEXT ( 'NONE', 'WORKASPACE' ) );
#596 = B_SPLINE_CURVE_WITH_KNOTS ( 'NONE', 2,
 ( #3595, #4944, #5314 ),
 .UNSPECIFIED., .F., .F.,
 ( 3, 3 ),
 ( 0.0000000000000000000, 1.000000000000000000 ),
 .UNSPECIFIED. ) ;
#597 = CARTESIAN_POINT ( 'NONE',  ( 1.100000000000002087, -1.000000000000000222, 0.2599999999999922928 ) ) ;
#598 = ORIENTED_EDGE ( 'NONE', *, *, #725, .F. ) ;
#599 = STYLED_ITEM ( 'NONE', ( #2264 ), #5552 ) ;
#600 = COLOUR_RGB ( '',0.8509803921568627194, 0.8509803921568627194, 0.8509803921568627194 ) ;
#601 = SURFACE_STYLE_FILL_AREA ( #4900 ) ;
#602 = PRESENTATION_STYLE_ASSIGNMENT (( #4816 ) ) ;
#603 = EDGE_LOOP ( 'NONE', ( #2962, #5526, #5228, #2572, #5137, #1602 ) ) ;
#604 = PRESENTATION_LAYER_ASSIGNMENT (  '', '', ( #4756 ) ) ;
#605 =( LENGTH_UNIT ( ) NAMED_UNIT ( * ) SI_UNIT ( .MILLI., .METRE. ) );
#606 = EDGE_CURVE ( 'NONE', #3632, #12, #5096, .T. ) ;
#607 = FILL_AREA_STYLE_COLOUR ( '', #4625 ) ;
#608 = DIRECTION ( 'NONE',  ( 0.0000000000000000000, -0.0000000000000000000, 1.000000000000000000 ) ) ;
#609 = DIRECTION ( 'NONE',  ( 6.982962677686268288E-15, -0.0000000000000000000, 1.000000000000000000 ) ) ;
#610 = VECTOR ( 'NONE', #3752, 1000.000000000000000 ) ;
#611 = UNCERTAINTY_MEASURE_WITH_UNIT (LENGTH_MEASURE( 1.000000000000000082E-05 ), #3640, 'distance_accuracy_value', 'NONE');
#612 = VERTEX_POINT ( 'NONE', #4774 ) ;
#613 = DIRECTION ( 'NONE',  ( 1.000000000000000000, -3.469446951953614583E-15, 0.0000000000000000000 ) ) ;
#614 = EDGE_CURVE ( 'NONE', #4105, #2790, #2963, .T. ) ;
#615 =( GEOMETRIC_REPRESENTATION_CONTEXT ( 3 ) GLOBAL_UNCERTAINTY_ASSIGNED_CONTEXT ( ( #4912 ) ) GLOBAL_UNIT_ASSIGNED_CONTEXT ( ( #214, #1512, #2900 ) ) REPRESENTATION_CONTEXT ( 'NONE', 'WORKASPACE' ) );
#616 = LINE ( 'NONE', #1913, #5469 ) ;
#617 = DIRECTION ( 'NONE',  ( 1.000000000000000000, 0.0000000000000000000, -0.0000000000000000000 ) ) ;
#618 = ORIENTED_EDGE ( 'NONE', *, *, #566, .F. ) ;
#619 = ORIENTED_EDGE ( 'NONE', *, *, #65, .F. ) ;
#620 = FILL_AREA_STYLE_COLOUR ( '', #5000 ) ;
#621 = AXIS2_PLACEMENT_3D ( 'NONE', #3794, #1230, #5516 ) ;
#622 = CARTESIAN_POINT ( 'NONE',  ( 0.5359203924145663489, -0.7671295513012331702, 0.2599999999999999534 ) ) ;
#623 = STYLED_ITEM ( 'NONE', ( #2583 ), #1870 ) ;
#624 = DIRECTION ( 'NONE',  ( 1.000000000000000000, -9.856383386231857595E-17, -6.982631605183631963E-15 ) ) ;
#625 = EDGE_LOOP ( 'NONE', ( #4764, #363, #5191, #3196 ) ) ;
#626 = UNCERTAINTY_MEASURE_WITH_UNIT (LENGTH_MEASURE( 1.000000000000000082E-05 ), #139, 'distance_accuracy_value', 'NONE');
#627 = B_SPLINE_CURVE_WITH_KNOTS ( 'NONE', 3,
 ( #1655, #1270, #1627, #2598 ),
 .UNSPECIFIED., .F., .F.,
 ( 4, 4 ),
 ( 0.0000000000000000000, 1.000000000000000000 ),
 .UNSPECIFIED. ) ;
#628 = EDGE_CURVE ( 'NONE', #573, #612, #1421, .T. ) ;
#629 = ORIENTED_EDGE ( 'NONE', *, *, #1544, .F. ) ;
#630 = MECHANICAL_DESIGN_GEOMETRIC_PRESENTATION_REPRESENTATION (  '', ( #1279 ), #1363 ) ;
#631 = DIRECTION ( 'NONE',  ( -6.982962677686265922E-15, 0.0000000000000000000, -1.000000000000000000 ) ) ;
#632 = DIRECTION ( 'NONE',  ( 0.0000000000000000000, -1.000000000000000000, 0.0000000000000000000 ) ) ;
#633 = CARTESIAN_POINT ( 'NONE',  ( -0.5035437629006764837, -0.05709504976923729380, 0.2799999999999999711 ) ) ;
#634 = APPLICATION_CONTEXT ( 'automotive_design' ) ;
#635 = ORIENTED_EDGE ( 'NONE', *, *, #2250, .T. ) ;
#636 = CARTESIAN_POINT ( 'NONE',  ( 0.7946937836714690340, -0.3065665198382721002, 0.2799999999999999711 ) ) ;
#637 =( GEOMETRIC_REPRESENTATION_CONTEXT ( 3 ) GLOBAL_UNCERTAINTY_ASSIGNED_CONTEXT ( ( #2501 ) ) GLOBAL_UNIT_ASSIGNED_CONTEXT ( ( #2877, #4496, #4578 ) ) REPRESENTATION_CONTEXT ( 'NONE', 'WORKASPACE' ) );
#638 = FACE_OUTER_BOUND ( 'NONE', #3240, .T. ) ;
#639 =( NAMED_UNIT ( * ) PLANE_ANGLE_UNIT ( ) SI_UNIT ( $, .RADIAN. ) );
#640 = CARTESIAN_POINT ( 'NONE',  ( -1.099999999999998979, 0.1362137402538543540, 0.2799999999999999711 ) ) ;
#641 = STYLED_ITEM ( 'NONE', ( #2534 ), #3418 ) ;
#642 = EDGE_CURVE ( 'NONE', #4948, #2612, #4719, .T. ) ;
#643 = EDGE_LOOP ( 'NONE', ( #768, #4087, #4773, #4502 ) ) ;
#644 = CIRCLE ( 'NONE', #3813, 0.2500000000000000000 ) ;
#645 = DIRECTION ( 'NONE',  ( -0.0000000000000000000, -0.0000000000000000000, -1.000000000000000000 ) ) ;
#646 = CARTESIAN_POINT ( 'NONE',  ( 0.7376531201253040404, 0.5519215185516125333, 0.2599999999999999534 ) ) ;
#647 = CARTESIAN_POINT ( 'NONE',  ( 0.0000000000000000000, 0.0000000000000000000, 0.2799999999999999711 ) ) ;
#648 = ORIENTED_EDGE ( 'NONE', *, *, #1877, .F. ) ;
#649 = ORIENTED_EDGE ( 'NONE', *, *, #32, .T. ) ;
#650 = AXIS2_PLACEMENT_3D ( 'NONE', #976, #1812, #3957 ) ;
#651 = EDGE_CURVE ( 'NONE', #1814, #4144, #2549, .T. ) ;
#652 = SURFACE_SIDE_STYLE ('',( #1541 ) ) ;
#653 = CARTESIAN_POINT ( 'NONE',  ( 1.100000000000000311, -0.2500000000000002220, 0.01999999999999231906 ) ) ;
#654 = CARTESIAN_POINT ( 'NONE',  ( -1.099999999999998090, 0.4999999999999997780, 0.2799999999999999711 ) ) ;
#655 = CYLINDRICAL_SURFACE ( 'NONE', #3979, 0.2500000000000000000 ) ;
#656 = ORIENTED_EDGE ( 'NONE', *, *, #4322, .T. ) ;
#657 = VECTOR ( 'NONE', #4710, 1000.000000000000000 ) ;
#658 = VERTEX_POINT ( 'NONE', #422 ) ;
#659 = CARTESIAN_POINT ( 'NONE',  ( -0.7482052191486779913, -0.5828783997317399379, 0.2599999999999999534 ) ) ;
#660 = DIRECTION ( 'NONE',  ( -1.000000000000000000, -0.0000000000000000000, -0.0000000000000000000 ) ) ;
#661 = ORIENTED_EDGE ( 'NONE', *, *, #5502, .F. ) ;
#662 = EDGE_CURVE ( 'NONE', #5227, #2852, #2160, .T. ) ;
#663 = FILL_AREA_STYLE ('',( #3388 ) ) ;
#664 = DIRECTION ( 'NONE',  ( 6.982962677686268288E-15, -0.0000000000000000000, 1.000000000000000000 ) ) ;
#665 = CARTESIAN_POINT ( 'NONE',  ( -7.738527931606581778E-18, 0.2000000000000000389, 0.0000000000000000000 ) ) ;
#666 = B_SPLINE_CURVE_WITH_KNOTS ( 'NONE', 2,
 ( #2484, #1709, #5566 ),
 .UNSPECIFIED., .F., .F.,
 ( 3, 3 ),
 ( 0.0000000000000000000, 1.000000000000000000 ),
 .UNSPECIFIED. ) ;
#667 = UNCERTAINTY_MEASURE_WITH_UNIT (LENGTH_MEASURE( 1.000000000000000082E-05 ), #4992, 'distance_accuracy_value', 'NONE');
#668 = VERTEX_POINT ( 'NONE', #4252 ) ;
#669 = SURFACE_SIDE_STYLE ('',( #4914 ) ) ;
#670 = DIRECTION ( 'NONE',  ( 0.0000000000000000000, -1.000000000000000000, 0.0000000000000000000 ) ) ;
#671 = SURFACE_SIDE_STYLE ('',( #2073 ) ) ;
#672 = ORIENTED_EDGE ( 'NONE', *, *, #4414, .F. ) ;
#673 = EDGE_CURVE ( 'NONE', #3293, #3254, #3830, .T. ) ;
#674 = VERTEX_POINT ( 'NONE', #886 ) ;
#675 = PLANE ( 'NONE',  #3740 ) ;
#676 =( GEOMETRIC_REPRESENTATION_CONTEXT ( 3 ) GLOBAL_UNCERTAINTY_ASSIGNED_CONTEXT ( ( #2340 ) ) GLOBAL_UNIT_ASSIGNED_CONTEXT ( ( #732, #5421, #4678 ) ) REPRESENTATION_CONTEXT ( 'NONE', 'WORKASPACE' ) );
#677 = MECHANICAL_DESIGN_GEOMETRIC_PRESENTATION_REPRESENTATION (  '', ( #4734 ), #1875 ) ;
#678 = SURFACE_STYLE_FILL_AREA ( #1109 ) ;
#679 = CARTESIAN_POINT ( 'NONE',  ( 1.100000000000002087, -0.5000000000000002220, 0.2799999999999999711 ) ) ;
#680 = FILL_AREA_STYLE_COLOUR ( '', #4145 ) ;
#681 =( LENGTH_UNIT ( ) NAMED_UNIT ( * ) SI_UNIT ( .MILLI., .METRE. ) );
#682 = PRESENTATION_STYLE_ASSIGNMENT (( #745 ) ) ;
#683 = EDGE_CURVE ( 'NONE', #5180, #3452, #5548, .T. ) ;
#684 = CARTESIAN_POINT ( 'NONE',  ( 1.100000000000002087, -0.8614255068147830263, 0.2799999999999999711 ) ) ;
#685 = VERTEX_POINT ( 'NONE', #3020 ) ;
#686 = AXIS2_PLACEMENT_3D ( 'NONE', #3577, #2794, #1028 ) ;
#687 = UNCERTAINTY_MEASURE_WITH_UNIT (LENGTH_MEASURE( 1.000000000000000082E-05 ), #3868, 'distance_accuracy_value', 'NONE');
#688 = VECTOR ( 'NONE', #3683, 1000.000000000000000 ) ;
#689 = ORIENTED_EDGE ( 'NONE', *, *, #3883, .F. ) ;
#690 = CARTESIAN_POINT ( 'NONE',  ( 1.100000000000002087, 0.4999999999999997780, 0.2799999999999999711 ) ) ;
#691 = STYLED_ITEM ( 'NONE', ( #4118 ), #549 ) ;
#692 = FILL_AREA_STYLE_COLOUR ( '', #5218 ) ;
#693 = SURFACE_STYLE_USAGE ( .BOTH. , #1180 ) ;
#694 = DIRECTION ( 'NONE',  ( -0.0000000000000000000, -0.0000000000000000000, -1.000000000000000000 ) ) ;
#695 = ORIENTED_EDGE ( 'NONE', *, *, #1808, .T. ) ;
#696 = AXIS2_PLACEMENT_3D ( 'NONE', #5438, #1154, #2063 ) ;
#697 = PRESENTATION_LAYER_ASSIGNMENT (  '', '', ( #1136 ) ) ;
#698 = DIRECTION ( 'NONE',  ( -6.982962677686265922E-15, 0.0000000000000000000, -1.000000000000000000 ) ) ;
#699 = EDGE_CURVE ( 'NONE', #2026, #1840, #5123, .T. ) ;
#700 = SURFACE_STYLE_USAGE ( .BOTH. , #1160 ) ;
#701 = DIRECTION ( 'NONE',  ( -1.000000000000000000, -0.0000000000000000000, -0.0000000000000000000 ) ) ;
#702 =( LENGTH_UNIT ( ) NAMED_UNIT ( * ) SI_UNIT ( .MILLI., .METRE. ) );
#703 = MECHANICAL_DESIGN_GEOMETRIC_PRESENTATION_REPRESENTATION (  '', ( #4311 ), #4489 ) ;
#704 = EDGE_CURVE ( 'NONE', #2585, #3889, #335, .T. ) ;
#705 = CARTESIAN_POINT ( 'NONE',  ( 0.8230581300528493349, 0.2641109509742673445, 0.2599999999999999534 ) ) ;
#706 = CARTESIAN_POINT ( 'NONE',  ( -1.100000000000003642, 3.816391647148988229E-15, 7.680894765701995475E-15 ) ) ;
#707 = DIRECTION ( 'NONE',  ( 0.0000000000000000000, -0.0000000000000000000, -1.000000000000000000 ) ) ;
#708 = DIRECTION ( 'NONE',  ( -6.982962677686268288E-15, 0.0000000000000000000, -1.000000000000000000 ) ) ;
#709 = ORIENTED_EDGE ( 'NONE', *, *, #1728, .F. ) ;
#710 = PRESENTATION_LAYER_ASSIGNMENT (  '', '', ( #4855 ) ) ;
#711 = LINE ( 'NONE', #3316, #2486 ) ;
#712 = PLANE ( 'NONE',  #3588 ) ;
#713 = FILL_AREA_STYLE_COLOUR ( '', #1553 ) ;
#714 = FACE_OUTER_BOUND ( 'NONE', #4301, .T. ) ;
#715 = CARTESIAN_POINT ( 'NONE',  ( 1.100000000000002087, 0.4999999999999997780, 0.2599999999999999534 ) ) ;
#716 = DIRECTION ( 'NONE',  ( 1.000000000000000000, 0.0000000000000000000, 0.0000000000000000000 ) ) ;
#717 = MECHANICAL_DESIGN_GEOMETRIC_PRESENTATION_REPRESENTATION (  '', ( #3160 ), #3423 ) ;
#718 = EDGE_CURVE ( 'NONE', #334, #273, #1315, .T. ) ;
#719 = VERTEX_POINT ( 'NONE', #5521 ) ;
#720 = FILL_AREA_STYLE_COLOUR ( '', #5476 ) ;
#721 = MECHANICAL_DESIGN_GEOMETRIC_PRESENTATION_REPRESENTATION (  '', ( #623 ), #434 ) ;
#722 = LINE ( 'NONE', #5497, #2912 ) ;
#723 = ORIENTED_EDGE ( 'NONE', *, *, #223, .F. ) ;
#724 = MECHANICAL_DESIGN_GEOMETRIC_PRESENTATION_REPRESENTATION (  '', ( #5234 ), #812 ) ;
#725 = EDGE_CURVE ( 'NONE', #465, #2681, #1293, .T. ) ;
#726 = CARTESIAN_POINT ( 'NONE',  ( -0.1178234831815653944, -0.5316465652036583833, 0.2810000000000000275 ) ) ;
#727 =( LENGTH_UNIT ( ) NAMED_UNIT ( * ) SI_UNIT ( .MILLI., .METRE. ) );
#728 = VECTOR ( 'NONE', #1873, 1000.000000000000000 ) ;
#729 = CARTESIAN_POINT ( 'NONE',  ( -1.100000000000000533, 0.9000000000000000222, 7.680894765701995475E-15 ) ) ;
#730 = PLANE ( 'NONE',  #4245 ) ;
#731 = STYLED_ITEM ( 'NONE', ( #3833 ), #2458 ) ;
#732 =( LENGTH_UNIT ( ) NAMED_UNIT ( * ) SI_UNIT ( .MILLI., .METRE. ) );
#733 = FACE_OUTER_BOUND ( 'NONE', #1599, .T. ) ;
#734 = DIRECTION ( 'NONE',  ( 3.469446951953614189E-15, 1.000000000000000000, -2.422802008568392053E-29 ) ) ;
#735 = SURFACE_STYLE_FILL_AREA ( #2840 ) ;
#736 = PLANE ( 'NONE',  #1847 ) ;
#737 = VERTEX_POINT ( 'NONE', #1652 ) ;
#738 = MECHANICAL_DESIGN_GEOMETRIC_PRESENTATION_REPRESENTATION (  '', ( #4610 ), #354 ) ;
#739 = EDGE_CURVE ( 'NONE', #752, #1054, #2518, .T. ) ;
#740 = PRESENTATION_STYLE_ASSIGNMENT (( #1134 ) ) ;
#741 = VECTOR ( 'NONE', #2356, 1000.000000000000000 ) ;
#742 = CARTESIAN_POINT ( 'NONE',  ( 0.5359203924145662379, 1.036540087595036278E-16, 0.2799999999999999711 ) ) ;
#743 = PRESENTATION_STYLE_ASSIGNMENT (( #1621 ) ) ;
#744 = PLANE ( 'NONE',  #4932 ) ;
#745 = SURFACE_STYLE_USAGE ( .BOTH. , #3323 ) ;
#746 = LINE ( 'NONE', #4523, #993 ) ;
#747 = COLOUR_RGB ( '',0.8509803921568627194, 0.8509803921568627194, 0.8509803921568627194 ) ;
#748 = UNCERTAINTY_MEASURE_WITH_UNIT (LENGTH_MEASURE( 1.000000000000000082E-05 ), #3735, 'distance_accuracy_value', 'NONE');
#749 = EDGE_LOOP ( 'NONE', ( #3529, #1903, #1043, #4956 ) ) ;
#750 = SURFACE_STYLE_USAGE ( .BOTH. , #3330 ) ;
#751 = CARTESIAN_POINT ( 'NONE',  ( 0.0000000000000000000, -0.05709504976923727992, 0.2599999999999999534 ) ) ;
#752 = VERTEX_POINT ( 'NONE', #4325 ) ;
#753 = EDGE_CURVE ( 'NONE', #4601, #1916, #448, .T. ) ;
#754 =( GEOMETRIC_REPRESENTATION_CONTEXT ( 3 ) GLOBAL_UNCERTAINTY_ASSIGNED_CONTEXT ( ( #3856 ) ) GLOBAL_UNIT_ASSIGNED_CONTEXT ( ( #5331, #3644, #4505 ) ) REPRESENTATION_CONTEXT ( 'NONE', 'WORKASPACE' ) );
#755 = CARTESIAN_POINT ( 'NONE',  ( 0.05584305983497199477, -0.3593805362314128615, 0.2599999999999999534 ) ) ;
#756 = SURFACE_SIDE_STYLE ('',( #4621 ) ) ;
#757 = EDGE_CURVE ( 'NONE', #5509, #4052, #1715, .T. ) ;
#758 = PRESENTATION_LAYER_ASSIGNMENT (  '', '', ( #21 ) ) ;
#759 = DIRECTION ( 'NONE',  ( -0.0000000000000000000, -0.0000000000000000000, -1.000000000000000000 ) ) ;
#760 = SURFACE_STYLE_FILL_AREA ( #2978 ) ;
#761 = ORIENTED_EDGE ( 'NONE', *, *, #4854, .F. ) ;
#762 = ORIENTED_EDGE ( 'NONE', *, *, #3524, .T. ) ;
#763 = EDGE_CURVE ( 'NONE', #3641, #792, #5202, .T. ) ;
#764 = DIRECTION ( 'NONE',  ( -0.0000000000000000000, -0.0000000000000000000, -1.000000000000000000 ) ) ;
#765 = DIRECTION ( 'NONE',  ( 1.734723475976807094E-15, -1.000000000000000000, -0.0000000000000000000 ) ) ;
#766 = CARTESIAN_POINT ( 'NONE',  ( 1.100000000000002531, 0.2499999999999996669, 0.2599999999999922928 ) ) ;
#767 = LINE ( 'NONE', #2640, #4153 ) ;
#768 = ORIENTED_EDGE ( 'NONE', *, *, #628, .F. ) ;
#769 = AXIS2_PLACEMENT_3D ( 'NONE', #4413, #2286, #534 ) ;
#770 = ORIENTED_EDGE ( 'NONE', *, *, #642, .F. ) ;
#771 = FILL_AREA_STYLE ('',( #692 ) ) ;
#772 = CIRCLE ( 'NONE', #3758, 0.09999999999999999167 ) ;
#773 = FACE_OUTER_BOUND ( 'NONE', #2970, .T. ) ;
#774 = ORIENTED_EDGE ( 'NONE', *, *, #468, .F. ) ;
#775 = VECTOR ( 'NONE', #2986, 1000.000000000000000 ) ;
#776 = VECTOR ( 'NONE', #4770, 1000.000000000000000 ) ;
#777 = CARTESIAN_POINT ( 'NONE',  ( -1.099999999999998535, -0.8614255068147822492, 0.2599999999999999534 ) ) ;
#778 = VECTOR ( 'NONE', #1375, 1000.000000000000000 ) ;
#779 = CLOSED_SHELL ( 'NONE', ( #2341, #2892, #5100, #1159, #2485, #3418, #45, #1121, #341, #2017, #2600, #1145 ) ) ;
#780 = DIRECTION ( 'NONE',  ( 1.000000000000000000, 1.626303258728255862E-15, 0.0000000000000000000 ) ) ;
#781 = LINE ( 'NONE', #2577, #3541 ) ;
#782 = MECHANICAL_DESIGN_GEOMETRIC_PRESENTATION_REPRESENTATION (  '', ( #1971 ), #2141 ) ;
#783 = SURFACE_STYLE_USAGE ( .BOTH. , #2579 ) ;
#784 = FILL_AREA_STYLE ('',( #2947 ) ) ;
#785 = AXIS2_PLACEMENT_3D ( 'NONE', #127, #1021, #3947 ) ;
#786 = EDGE_CURVE ( 'NONE', #4226, #1550, #3628, .T. ) ;
#787 = PRESENTATION_LAYER_ASSIGNMENT (  '', '', ( #1698 ) ) ;
#788 = CARTESIAN_POINT ( 'NONE',  ( -0.4000000000000001332, -0.1999999999999998446, 2.791820594150173918E-15 ) ) ;
#789 = DIRECTION ( 'NONE',  ( -6.982962677686265922E-15, 0.0000000000000000000, -1.000000000000000000 ) ) ;
#790 = SURFACE_STYLE_USAGE ( .BOTH. , #671 ) ;
#791 = ORIENTED_EDGE ( 'NONE', *, *, #5167, .T. ) ;
#792 = VERTEX_POINT ( 'NONE', #532 ) ;
#793 = LINE ( 'NONE', #2539, #1941 ) ;
#794 = AXIS2_PLACEMENT_3D ( 'NONE', #4393, #3867, #4280 ) ;
#795 = B_SPLINE_CURVE_WITH_KNOTS ( 'NONE', 3,
 ( #1366, #4688, #1310, #1706, #470, #2985 ),
 .UNSPECIFIED., .F., .F.,
 ( 4, 1, 1, 4 ),
 ( 0.0000000000000000000, 0.3358544910758269886, 0.5565088627750724992, 1.000000000000000000 ),
 .UNSPECIFIED. ) ;
#796 = EDGE_CURVE ( 'NONE', #2166, #4540, #2297, .T. ) ;
#797 =( NAMED_UNIT ( * ) SI_UNIT ( $, .STERADIAN. ) SOLID_ANGLE_UNIT ( ) );
#798 = PRESENTATION_STYLE_ASSIGNMENT (( #1646 ) ) ;
#799 =( NAMED_UNIT ( * ) PLANE_ANGLE_UNIT ( ) SI_UNIT ( $, .RADIAN. ) );
#800 = ORIENTED_EDGE ( 'NONE', *, *, #3536, .T. ) ;
#801 = UNCERTAINTY_MEASURE_WITH_UNIT (LENGTH_MEASURE( 1.000000000000000082E-05 ), #3165, 'distance_accuracy_value', 'NONE');
#802 = ORIENTED_EDGE ( 'NONE', *, *, #1135, .F. ) ;
#803 = DIRECTION ( 'NONE',  ( 1.000000000000000000, 0.0000000000000000000, 0.0000000000000000000 ) ) ;
#804 = FACE_OUTER_BOUND ( 'NONE', #3404, .T. ) ;
#805 = SURFACE_STYLE_FILL_AREA ( #3832 ) ;
#806 = SURFACE_STYLE_USAGE ( .BOTH. , #1240 ) ;
#807 = VERTEX_POINT ( 'NONE', #79 ) ;
#808 = ORIENTED_EDGE ( 'NONE', *, *, #4276, .T. ) ;
#809 =( NAMED_UNIT ( * ) SI_UNIT ( $, .STERADIAN. ) SOLID_ANGLE_UNIT ( ) );
#810 = DIRECTION ( 'NONE',  ( -0.0000000000000000000, 0.0000000000000000000, 1.000000000000000000 ) ) ;
#811 = DIRECTION ( 'NONE',  ( 0.0000000000000000000, 1.000000000000000000, 0.0000000000000000000 ) ) ;
#812 =( GEOMETRIC_REPRESENTATION_CONTEXT ( 3 ) GLOBAL_UNCERTAINTY_ASSIGNED_CONTEXT ( ( #611 ) ) GLOBAL_UNIT_ASSIGNED_CONTEXT ( ( #3640, #112, #1930 ) ) REPRESENTATION_CONTEXT ( 'NONE', 'WORKASPACE' ) );
#813 = DIRECTION ( 'NONE',  ( 6.982962677686268288E-15, -0.0000000000000000000, 1.000000000000000000 ) ) ;
#814 = SURFACE_STYLE_USAGE ( .BOTH. , #1699 ) ;
#815 = CARTESIAN_POINT ( 'NONE',  ( 0.4124155170610083188, 0.04290495023076341258, 0.2599999999999999534 ) ) ;
#816 = CARTESIAN_POINT ( 'NONE',  ( 0.6360270068922002640, 0.1776407652747671595, 0.2599999999999999534 ) ) ;
#817 = ORIENTED_EDGE ( 'NONE', *, *, #5468, .F. ) ;
#818 = CARTESIAN_POINT ( 'NONE',  ( 1.100000000000002087, -0.2500000000000002220, 0.2599999999999922928 ) ) ;
#819 = AXIS2_PLACEMENT_3D ( 'NONE', #416, #880, #2645 ) ;
#820 = EDGE_CURVE ( 'NONE', #4144, #1284, #2311, .T. ) ;
#821 =( NAMED_UNIT ( * ) PLANE_ANGLE_UNIT ( ) SI_UNIT ( $, .RADIAN. ) );
#822 = SURFACE_SIDE_STYLE ('',( #2126 ) ) ;
#823 = VECTOR ( 'NONE', #3130, 1000.000000000000000 ) ;
#824 = SURFACE_SIDE_STYLE ('',( #5142 ) ) ;
#825 = ORIENTED_EDGE ( 'NONE', *, *, #4875, .T. ) ;
#826 = EDGE_CURVE ( 'NONE', #12, #20, #966, .T. ) ;
#827 = COLOUR_RGB ( '',0.8509803921568627194, 0.8509803921568627194, 0.8509803921568627194 ) ;
#828 = ORIENTED_EDGE ( 'NONE', *, *, #4248, .F. ) ;
#829 = DIRECTION ( 'NONE',  ( 0.0000000000000000000, -0.0000000000000000000, -1.000000000000000000 ) ) ;
#830 = DIRECTION ( 'NONE',  ( -1.000000000000000000, 0.0000000000000000000, 0.0000000000000000000 ) ) ;
#831 = CIRCLE ( 'NONE', #1108, 0.2500000000000000000 ) ;
#832 =( NAMED_UNIT ( * ) PLANE_ANGLE_UNIT ( ) SI_UNIT ( $, .RADIAN. ) );
#833 = MECHANICAL_DESIGN_GEOMETRIC_PRESENTATION_REPRESENTATION (  '', ( #2838 ), #373 ) ;
#834 = ORIENTED_EDGE ( 'NONE', *, *, #3043, .F. ) ;
#835 = CARTESIAN_POINT ( 'NONE',  ( 1.100000000000002531, 0.7499999999999997780, 0.2599999999999922928 ) ) ;
#836 = LINE ( 'NONE', #5580, #3961 ) ;
#837 = FACE_OUTER_BOUND ( 'NONE', #4218, .T. ) ;
#838 = CARTESIAN_POINT ( 'NONE',  ( -0.1178234831815653944, -0.5316465652036583833, 0.2599999999999999534 ) ) ;
#839 = CARTESIAN_POINT ( 'NONE',  ( 1.100000000000002531, 0.7499999999999997780, 0.2599999999999922928 ) ) ;
#840 = CARTESIAN_POINT ( 'NONE',  ( -1.100000000000000977, 0.0000000000000000000, 7.680894765701995475E-15 ) ) ;
#841 = AXIS2_PLACEMENT_3D ( 'NONE', #956, #3145, #3173 ) ;
#842 = PRESENTATION_STYLE_ASSIGNMENT (( #3502 ) ) ;
#843 =( LENGTH_UNIT ( ) NAMED_UNIT ( * ) SI_UNIT ( .MILLI., .METRE. ) );
#844 = DIRECTION ( 'NONE',  ( 6.982962677686265922E-15, 0.0000000000000000000, 1.000000000000000000 ) ) ;
#845 = DIRECTION ( 'NONE',  ( -0.0000000000000000000, -0.0000000000000000000, -1.000000000000000000 ) ) ;
#846 = ORIENTED_EDGE ( 'NONE', *, *, #5317, .F. ) ;
#847 = CYLINDRICAL_SURFACE ( 'NONE', #196, 0.1000000000000000472 ) ;
#848 = STYLED_ITEM ( 'NONE', ( #2408 ), #4819 ) ;
#849 = DIRECTION ( 'NONE',  ( -6.982962677686265922E-15, 0.0000000000000000000, -1.000000000000000000 ) ) ;
#850 = DIRECTION ( 'NONE',  ( 0.0000000000000000000, -1.000000000000000000, 0.0000000000000000000 ) ) ;
#851 = EDGE_CURVE ( 'NONE', #3246, #3163, #5318, .T. ) ;
#852 = PRESENTATION_STYLE_ASSIGNMENT (( #1174 ) ) ;
#853 = ORIENTED_EDGE ( 'NONE', *, *, #2913, .F. ) ;
#854 = UNCERTAINTY_MEASURE_WITH_UNIT (LENGTH_MEASURE( 1.000000000000000082E-05 ), #4168, 'distance_accuracy_value', 'NONE');
#855 = ORIENTED_EDGE ( 'NONE', *, *, #3943, .T. ) ;
#856 = CARTESIAN_POINT ( 'NONE',  ( 0.7249999999999999778, -1.000000000000000000, 0.8400000000000000799 ) ) ;
#857 = CARTESIAN_POINT ( 'NONE',  ( 1.100000000000002087, -0.5000000000000002220, 0.2599999999999922928 ) ) ;
#858 = CARTESIAN_POINT ( 'NONE',  ( 0.7249999999999999778, -1.000000000000000000, 0.8400000000000000799 ) ) ;
#859 = FACE_OUTER_BOUND ( 'NONE', #1967, .T. ) ;
#860 = VERTEX_POINT ( 'NONE', #1400 ) ;
#861 = UNCERTAINTY_MEASURE_WITH_UNIT (LENGTH_MEASURE( 1.000000000000000082E-05 ), #1477, 'distance_accuracy_value', 'NONE');
#862 = CYLINDRICAL_SURFACE ( 'NONE', #686, 0.2500000000000000000 ) ;
#863 = VECTOR ( 'NONE', #2174, 1000.000000000000000 ) ;
#864 = FACE_OUTER_BOUND ( 'NONE', #3475, .T. ) ;
#865 = B_SPLINE_CURVE_WITH_KNOTS ( 'NONE', 3,
 ( #1152, #2882, #4777, #917 ),
 .UNSPECIFIED., .F., .F.,
 ( 4, 4 ),
 ( 0.0000000000000000000, 1.000000000000000000 ),
 .UNSPECIFIED. ) ;
#866 = PRESENTATION_LAYER_ASSIGNMENT (  '', '', ( #3231 ) ) ;
#867 = EDGE_CURVE ( 'NONE', #964, #2556, #1457, .T. ) ;
#868 = CARTESIAN_POINT ( 'NONE',  ( -0.9174636228121989534, -0.1880563063957278735, 0.2799999999999999711 ) ) ;
#869 = CIRCLE ( 'NONE', #1689, 0.2500000000000000000 ) ;
#870 = CARTESIAN_POINT ( 'NONE',  ( -1.100000000000001643, -3.816391647148981130E-15, 0.2799999999999999711 ) ) ;
#871 = VECTOR ( 'NONE', #3600, 1000.000000000000000 ) ;
#872 =( NAMED_UNIT ( * ) SI_UNIT ( $, .STERADIAN. ) SOLID_ANGLE_UNIT ( ) );
#873 = CARTESIAN_POINT ( 'NONE',  ( 1.100000000000002087, -0.5000000000000002220, 0.2799999999999999711 ) ) ;
#874 = ORIENTED_EDGE ( 'NONE', *, *, #4124, .F. ) ;
#875 = CARTESIAN_POINT ( 'NONE',  ( -0.5035437629006771498, 0.04290495023076271869, 0.2799999999999999711 ) ) ;
#876 = EDGE_CURVE ( 'NONE', #1210, #488, #5028, .T. ) ;
#877 = PRESENTATION_LAYER_ASSIGNMENT (  '', '', ( #3324 ) ) ;
#878 = VECTOR ( 'NONE', #1990, 1000.000000000000000 ) ;
#879 = FILL_AREA_STYLE ('',( #1644 ) ) ;
#880 = DIRECTION ( 'NONE',  ( -0.0000000000000000000, 0.0000000000000000000, 1.000000000000000000 ) ) ;
#881 = DIRECTION ( 'NONE',  ( 0.0000000000000000000, -1.000000000000000000, 0.0000000000000000000 ) ) ;
#882 = PLANE ( 'NONE',  #3017 ) ;
#883 = ORIENTED_EDGE ( 'NONE', *, *, #114, .F. ) ;
#884 = ORIENTED_EDGE ( 'NONE', *, *, #763, .F. ) ;
#885 = VECTOR ( 'NONE', #632, 1000.000000000000000 ) ;
#886 = CARTESIAN_POINT ( 'NONE',  ( 0.3432670707574931868, -0.5316465652036583833, 0.2599999999999999534 ) ) ;
#887 = PRESENTATION_STYLE_ASSIGNMENT (( #3042 ) ) ;
#888 =( LENGTH_UNIT ( ) NAMED_UNIT ( * ) SI_UNIT ( .MILLI., .METRE. ) );
#889 = CARTESIAN_POINT ( 'NONE',  ( 1.396592535537253391E-16, 0.0000000000000000000, 0.02000000000000000042 ) ) ;
#890 = CARTESIAN_POINT ( 'NONE',  ( 5.773300432731590829E-21, 0.0000000000000000000, 0.0000000000000000000 ) ) ;
#891 = EDGE_CURVE ( 'NONE', #273, #5113, #1970, .T. ) ;
#892 = ORIENTED_EDGE ( 'NONE', *, *, #3883, .T. ) ;
#893 = PRESENTATION_STYLE_ASSIGNMENT (( #4752 ) ) ;
#894 =( LENGTH_UNIT ( ) NAMED_UNIT ( * ) SI_UNIT ( .MILLI., .METRE. ) );
#895 = DIRECTION ( 'NONE',  ( 1.000000000000000000, 0.0000000000000000000, 0.0000000000000000000 ) ) ;
#896 = EDGE_LOOP ( 'NONE', ( #2743, #952, #2309, #3818 ) ) ;
#897 = EDGE_CURVE ( 'NONE', #1429, #2249, #3212, .T. ) ;
#898 =( GEOMETRIC_REPRESENTATION_CONTEXT ( 3 ) GLOBAL_UNCERTAINTY_ASSIGNED_CONTEXT ( ( #3618 ) ) GLOBAL_UNIT_ASSIGNED_CONTEXT ( ( #3744, #304, #1204 ) ) REPRESENTATION_CONTEXT ( 'NONE', 'WORKASPACE' ) );
#899 = CARTESIAN_POINT ( 'NONE',  ( -0.4343137556297431701, 0.4509946331943126552, 0.2599999999999999534 ) ) ;
#900 = VECTOR ( 'NONE', #2831, 1000.000000000000000 ) ;
#901 = DIRECTION ( 'NONE',  ( -8.673617379884037444E-16, -1.000000000000000000, -0.0000000000000000000 ) ) ;
#902 = FILL_AREA_STYLE_COLOUR ( '', #5322 ) ;
#903 = ORIENTED_EDGE ( 'NONE', *, *, #3009, .T. ) ;
#904 = LINE ( 'NONE', #4853, #19 ) ;
#905 = MECHANICAL_DESIGN_GEOMETRIC_PRESENTATION_REPRESENTATION (  '', ( #2001 ), #5138 ) ;
#906 = MECHANICAL_DESIGN_GEOMETRIC_PRESENTATION_REPRESENTATION (  '', ( #1546 ), #4967 ) ;
#907 = UNCERTAINTY_MEASURE_WITH_UNIT (LENGTH_MEASURE( 1.000000000000000082E-05 ), #2363, 'distance_accuracy_value', 'NONE');
#908 = PLANE ( 'NONE',  #5329 ) ;
#909 = FACE_OUTER_BOUND ( 'NONE', #4745, .T. ) ;
#910 = EDGE_CURVE ( 'NONE', #3048, #674, #1835, .T. ) ;
#911 = VECTOR ( 'NONE', #4275, 1000.000000000000000 ) ;
#912 = ORIENTED_EDGE ( 'NONE', *, *, #4797, .F. ) ;
#913 = VECTOR ( 'NONE', #4923, 1000.000000000000000 ) ;
#914 = ORIENTED_EDGE ( 'NONE', *, *, #496, .T. ) ;
#915 = DIRECTION ( 'NONE',  ( -0.0000000000000000000, -0.0000000000000000000, -1.000000000000000000 ) ) ;
#916 = CARTESIAN_POINT ( 'NONE',  ( -1.071157378566040208, 0.8626410704386738848, 0.2599999999999999534 ) ) ;
#917 = CARTESIAN_POINT ( 'NONE',  ( -0.7570035725588107889, 0.6212183713084244996, 0.2799999999999999711 ) ) ;
#918 = CARTESIAN_POINT ( 'NONE',  ( 1.100000000000000089, -0.9000000000000003553, -7.680894765701995475E-15 ) ) ;
#919 = CARTESIAN_POINT ( 'NONE',  ( 0.3999999999999996336, -0.9000000000000002442, -2.791820594150173918E-15 ) ) ;
#920 = AXIS2_PLACEMENT_3D ( 'NONE', #870, #5109, #2610 ) ;
#921 = ORIENTED_EDGE ( 'NONE', *, *, #4131, .T. ) ;
#922 =( NAMED_UNIT ( * ) PLANE_ANGLE_UNIT ( ) SI_UNIT ( $, .RADIAN. ) );
#923 = VECTOR ( 'NONE', #2833, 1000.000000000000000 ) ;
#924 = FILL_AREA_STYLE_COLOUR ( '', #4544 ) ;
#925 = CARTESIAN_POINT ( 'NONE',  ( 0.8500000000000000888, -0.5000000000000002220, -5.935081930025019357E-15 ) ) ;
#926 = EDGE_CURVE ( 'NONE', #5207, #2878, #5262, .T. ) ;
#927 = CARTESIAN_POINT ( 'NONE',  ( 1.100000000000002309, 0.8637862597461452019, 0.2599999999999999534 ) ) ;
#928 = PRESENTATION_LAYER_ASSIGNMENT (  '', '', ( #3105 ) ) ;
#929 = LINE ( 'NONE', #3416, #1975 ) ;
#930 = EDGE_CURVE ( 'NONE', #5125, #2735, #3128, .T. ) ;
#931 = CARTESIAN_POINT ( 'NONE',  ( 0.7249999999999999778, -1.000000000000000000, 0.8400000000000000799 ) ) ;
#932 = LINE ( 'NONE', #464, #4430 ) ;
#933 = DIRECTION ( 'NONE',  ( -1.000000000000000000, 0.0000000000000000000, 6.983251342707906047E-15 ) ) ;
#934 = AXIS2_PLACEMENT_3D ( 'NONE', #2748, #4044, #577 ) ;
#935 = FILL_AREA_STYLE_COLOUR ( '', #4137 ) ;
#936 = CARTESIAN_POINT ( 'NONE',  ( 1.100000000000002309, -9.540979117872460713E-16, 0.2799999999999999711 ) ) ;
#937 = CYLINDRICAL_SURFACE ( 'NONE', #313, 0.1000000000000000472 ) ;
#938 = ORIENTED_EDGE ( 'NONE', *, *, #5380, .T. ) ;
#939 = VERTEX_POINT ( 'NONE', #4830 ) ;
#940 = EDGE_CURVE ( 'NONE', #4159, #685, #4026, .T. ) ;
#941 =( GEOMETRIC_REPRESENTATION_CONTEXT ( 3 ) GLOBAL_UNCERTAINTY_ASSIGNED_CONTEXT ( ( #3634 ) ) GLOBAL_UNIT_ASSIGNED_CONTEXT ( ( #3137, #2317, #484 ) ) REPRESENTATION_CONTEXT ( 'NONE', 'WORKASPACE' ) );
#942 = DIRECTION ( 'NONE',  ( -0.0000000000000000000, 1.000000000000000000, -0.0000000000000000000 ) ) ;
#943 =( LENGTH_UNIT ( ) NAMED_UNIT ( * ) SI_UNIT ( .MILLI., .METRE. ) );
#944 = FILL_AREA_STYLE ('',( #4895 ) ) ;
#945 =( LENGTH_UNIT ( ) NAMED_UNIT ( * ) SI_UNIT ( .MILLI., .METRE. ) );
#946 = DIRECTION ( 'NONE',  ( -1.000000000000000000, 0.0000000000000000000, 0.0000000000000000000 ) ) ;
#947 = VERTEX_POINT ( 'NONE', #4355 ) ;
#948 = DIRECTION ( 'NONE',  ( 0.0000000000000000000, -1.000000000000000000, 0.0000000000000000000 ) ) ;
#949 = FILL_AREA_STYLE_COLOUR ( '', #1798 ) ;
#950 = CARTESIAN_POINT ( 'NONE',  ( 0.4124155170610083188, 0.0000000000000000000, 0.2799999999999999711 ) ) ;
#951 = CYLINDRICAL_SURFACE ( 'NONE', #3269, 0.2500000000000000000 ) ;
#952 = ORIENTED_EDGE ( 'NONE', *, *, #926, .F. ) ;
#953 = CARTESIAN_POINT ( 'NONE',  ( -0.8737021536631368601, 0.8225389107019435153, 0.2799999999999999711 ) ) ;
#954 = STYLED_ITEM ( 'NONE', ( #5072 ), #4847 ) ;
#955 = CARTESIAN_POINT ( 'NONE',  ( -4.913710284933536052E-18, -0.2065665198382720669, 0.2799999999999999711 ) ) ;
#956 = CARTESIAN_POINT ( 'NONE',  ( 0.5359203924145662379, 0.0000000000000000000, 0.2799999999999999711 ) ) ;
#957 = STYLED_ITEM ( 'NONE', ( #1195 ), #5522 ) ;
#958 = EDGE_CURVE ( 'NONE', #5326, #5180, #4810, .T. ) ;
#959 = AXIS2_PLACEMENT_3D ( 'NONE', #110, #1867, #1439 ) ;
#960 = DIRECTION ( 'NONE',  ( -0.0000000000000000000, 0.0000000000000000000, 1.000000000000000000 ) ) ;
#961 = DIRECTION ( 'NONE',  ( 0.0000000000000000000, -0.0000000000000000000, -1.000000000000000000 ) ) ;
#962 = DIRECTION ( 'NONE',  ( 1.000000000000000000, -3.097720492815727166E-16, -6.983251342707903681E-15 ) ) ;
#963 =( NAMED_UNIT ( * ) PLANE_ANGLE_UNIT ( ) SI_UNIT ( $, .RADIAN. ) );
#964 = VERTEX_POINT ( 'NONE', #4002 ) ;
#965 = AXIS2_PLACEMENT_3D ( 'NONE', #3872, #404, #1390 ) ;
#966 = LINE ( 'NONE', #1892, #2961 ) ;
#967 = DIRECTION ( 'NONE',  ( -8.673617379884037444E-16, -1.000000000000000000, -0.0000000000000000000 ) ) ;
#968 = FILL_AREA_STYLE_COLOUR ( '', #398 ) ;
#969 = CARTESIAN_POINT ( 'NONE',  ( -0.4343137556297431701, 0.04041390370446151792, 0.2599999999999999534 ) ) ;
#970 = VERTEX_POINT ( 'NONE', #559 ) ;
#971 = EDGE_CURVE ( 'NONE', #1074, #3506, #1336, .T. ) ;
#972 = ORIENTED_EDGE ( 'NONE', *, *, #2670, .T. ) ;
#973 = DIRECTION ( 'NONE',  ( 1.000000000000000000, 0.0000000000000000000, 0.0000000000000000000 ) ) ;
#974 = FACE_OUTER_BOUND ( 'NONE', #1679, .T. ) ;
#975 = CARTESIAN_POINT ( 'NONE',  ( 0.8132557169139246200, -0.2164558030324802707, 0.2799999999999999711 ) ) ;
#976 = CARTESIAN_POINT ( 'NONE',  ( 1.100000000000000089, 0.4999999999999997780, -7.680894765701995475E-15 ) ) ;
#977 = LINE ( 'NONE', #486, #1788 ) ;
#978 = AXIS2_PLACEMENT_3D ( 'NONE', #3136, #4447, #3608 ) ;
#979 = CARTESIAN_POINT ( 'NONE',  ( -0.6035437629006772386, 0.4569292977732090089, 0.2799999999999999711 ) ) ;
#980 = EDGE_LOOP ( 'NONE', ( #2409, #4117, #2213, #3070 ) ) ;
#981 = DIRECTION ( 'NONE',  ( 0.0000000000000000000, 1.000000000000000000, 0.0000000000000000000 ) ) ;
#982 = FACE_OUTER_BOUND ( 'NONE', #1651, .T. ) ;
#983 = LINE ( 'NONE', #4016, #741 ) ;
#984 = FILL_AREA_STYLE_COLOUR ( '', #5355 ) ;
#985 = PRESENTATION_LAYER_ASSIGNMENT (  '', '', ( #4963 ) ) ;
#986 =( NAMED_UNIT ( * ) SI_UNIT ( $, .STERADIAN. ) SOLID_ANGLE_UNIT ( ) );
#987 = SURFACE_SIDE_STYLE ('',( #4857 ) ) ;
#988 = SURFACE_SIDE_STYLE ('',( #501 ) ) ;
#989 = CARTESIAN_POINT ( 'NONE',  ( 0.05584305983497199477, -0.3593805362314128615, 0.2810000000000000275 ) ) ;
#990 = DIRECTION ( 'NONE',  ( -0.0000000000000000000, 0.0000000000000000000, 1.000000000000000000 ) ) ;
#991 = EDGE_CURVE ( 'NONE', #1889, #420, #2522, .T. ) ;
#992 = ORIENTED_EDGE ( 'NONE', *, *, #1976, .F. ) ;
#993 = VECTOR ( 'NONE', #3325, 1000.000000000000000 ) ;
#994 = CARTESIAN_POINT ( 'NONE',  ( 0.3648896556285308734, -1.000000000000000000, -2.547875105340935420E-15 ) ) ;
#995 = COLOUR_RGB ( '',0.8509803921568627194, 0.8509803921568627194, 0.8509803921568627194 ) ;
#996 = DIRECTION ( 'NONE',  ( -0.0000000000000000000, 0.0000000000000000000, 1.000000000000000000 ) ) ;
#997 = DIRECTION ( 'NONE',  ( 1.000000000000000000, 0.0000000000000000000, 0.0000000000000000000 ) ) ;
#998 = FILL_AREA_STYLE ('',( #3489 ) ) ;
#999 = EDGE_CURVE ( 'NONE', #1981, #4105, #2964, .T. ) ;
#1000 = ORIENTED_EDGE ( 'NONE', *, *, #4220, .F. ) ;
#1001 = STYLED_ITEM ( 'NONE', ( #355 ), #3153 ) ;
#1002 = VERTEX_POINT ( 'NONE', #3570 ) ;
#1003 = FACE_OUTER_BOUND ( 'NONE', #1776, .T. ) ;
#1004 =( NAMED_UNIT ( * ) PLANE_ANGLE_UNIT ( ) SI_UNIT ( $, .RADIAN. ) );
#1005 = FILL_AREA_STYLE ('',( #5303 ) ) ;
#1006 = SURFACE_STYLE_FILL_AREA ( #1491 ) ;
#1007 = ORIENTED_EDGE ( 'NONE', *, *, #53, .T. ) ;
#1008 = EDGE_CURVE ( 'NONE', #1480, #4524, #4865, .T. ) ;
#1009 = CARTESIAN_POINT ( 'NONE',  ( 0.8500000000000019762, -0.5000000000000002220, 0.2799999999999999711 ) ) ;
#1010 = MECHANICAL_DESIGN_GEOMETRIC_PRESENTATION_REPRESENTATION (  '', ( #1208 ), #6 ) ;
#1011 = PLANE ( 'NONE',  #2014 ) ;
#1012 = UNCERTAINTY_MEASURE_WITH_UNIT (LENGTH_MEASURE( 1.000000000000000082E-05 ), #2424, 'distance_accuracy_value', 'NONE');
#1013 = AXIS2_PLACEMENT_3D ( 'NONE', #44, #3513, #5226 ) ;
#1014 = ORIENTED_EDGE ( 'NONE', *, *, #4481, .T. ) ;
#1015 = FILL_AREA_STYLE_COLOUR ( '', #3057 ) ;
#1016 = CARTESIAN_POINT ( 'NONE',  ( 1.100000000000002531, 0.2499999999999996669, 0.2599999999999922928 ) ) ;
#1017 = DIRECTION ( 'NONE',  ( -4.646580739223590995E-16, -1.000000000000000000, 3.244824118618382289E-30 ) ) ;
#1018 = ORIENTED_EDGE ( 'NONE', *, *, #2977, .T. ) ;
#1019 = VERTEX_POINT ( 'NONE', #1171 ) ;
#1020 = PRODUCT ( '5B7BBF9C-4EE1-4FFA-B5E2-4D1B60840265', '5B7BBF9C-4EE1-4FFA-B5E2-4D1B60840265', '', ( #1181 ) ) ;
#1021 = DIRECTION ( 'NONE',  ( 0.0000000000000000000, -0.0000000000000000000, -1.000000000000000000 ) ) ;
#1022 = STYLED_ITEM ( 'NONE', ( #3422 ), #4379 ) ;
#1023 = DIRECTION ( 'NONE',  ( 1.000000000000000000, 1.788196464443831756E-15, 0.0000000000000000000 ) ) ;
#1024 = CARTESIAN_POINT ( 'NONE',  ( 0.2532275857927164253, -0.5316465652036583833, 0.2810000000000000275 ) ) ;
#1025 = ORIENTED_EDGE ( 'NONE', *, *, #4409, .T. ) ;
#1026 = STYLED_ITEM ( 'NONE', ( #1811 ), #4750 ) ;
#1027 = EDGE_CURVE ( 'NONE', #380, #1783, #2054, .T. ) ;
#1028 = DIRECTION ( 'NONE',  ( -1.000000000000000000, 0.0000000000000000000, 0.0000000000000000000 ) ) ;
#1029 =( NAMED_UNIT ( * ) PLANE_ANGLE_UNIT ( ) SI_UNIT ( $, .RADIAN. ) );
#1030 = CARTESIAN_POINT ( 'NONE',  ( -1.099999999999998979, 0.2499999999999998335, 0.2599999999999999534 ) ) ;
#1031 = ORIENTED_EDGE ( 'NONE', *, *, #4276, .F. ) ;
#1032 = DIRECTION ( 'NONE',  ( -1.000000000000000000, 0.0000000000000000000, 0.0000000000000000000 ) ) ;
#1033 = PLANE ( 'NONE',  #1643 ) ;
#1034 = FILL_AREA_STYLE ('',( #607 ) ) ;
#1035 = DIRECTION ( 'NONE',  ( 1.000000000000000000, 1.897353801849631971E-15, 0.0000000000000000000 ) ) ;
#1036 = LINE ( 'NONE', #640, #4197 ) ;
#1037 = VERTEX_POINT ( 'NONE', #3658 ) ;
#1038 = DIRECTION ( 'NONE',  ( -0.0000000000000000000, 0.0000000000000000000, 1.000000000000000000 ) ) ;
#1039 = DIRECTION ( 'NONE',  ( 0.0000000000000000000, -1.000000000000000000, 0.0000000000000000000 ) ) ;
#1040 = CARTESIAN_POINT ( 'NONE',  ( 1.100000000000000089, -0.2500000000000002220, -7.680894765701995475E-15 ) ) ;
#1041 = FILL_AREA_STYLE ('',( #3207 ) ) ;
#1042 = ORIENTED_EDGE ( 'NONE', *, *, #4322, .F. ) ;
#1043 = ORIENTED_EDGE ( 'NONE', *, *, #393, .F. ) ;
#1044 = ADVANCED_FACE ( 'NONE', ( #1597 ), #275, .F. ) ;
#1045 = VECTOR ( 'NONE', #670, 1000.000000000000000 ) ;
#1046 = VECTOR ( 'NONE', #3408, 1000.000000000000000 ) ;
#1047 = DIRECTION ( 'NONE',  ( 6.982962677686268288E-15, -0.0000000000000000000, 1.000000000000000000 ) ) ;
#1048 = AXIS2_PLACEMENT_3D ( 'NONE', #1614, #1781, #5452 ) ;
#1049 = CARTESIAN_POINT ( 'NONE',  ( 0.7174695751538135990, -0.08025157153844877933, 0.2799999999999999711 ) ) ;
#1050 =( NAMED_UNIT ( * ) PLANE_ANGLE_UNIT ( ) SI_UNIT ( $, .RADIAN. ) );
#1051 = DIRECTION ( 'NONE',  ( -6.982962677686265922E-15, 0.0000000000000000000, -1.000000000000000000 ) ) ;
#1052 = MECHANICAL_DESIGN_GEOMETRIC_PRESENTATION_REPRESENTATION (  '', ( #5200 ), #4660 ) ;
#1053 =( NAMED_UNIT ( * ) SI_UNIT ( $, .STERADIAN. ) SOLID_ANGLE_UNIT ( ) );
#1054 = VERTEX_POINT ( 'NONE', #2871 ) ;
#1055 = MANIFOLD_SOLID_BREP ( 'Boss-Extrude5', #3236 ) ;
#1056 = ORIENTED_EDGE ( 'NONE', *, *, #5274, .F. ) ;
#1057 = PLANE ( 'NONE',  #3849 ) ;
#1058 = SURFACE_STYLE_FILL_AREA ( #5382 ) ;
#1059 = CARTESIAN_POINT ( 'NONE',  ( 1.100000000000002531, 0.1362137402538543540, 0.2599999999999999534 ) ) ;
#1060 = ORIENTED_EDGE ( 'NONE', *, *, #5515, .F. ) ;
#1061 = EDGE_CURVE ( 'NONE', #2698, #4611, #183, .T. ) ;
#1062 = VECTOR ( 'NONE', #3495, 1000.000000000000000 ) ;
#1063 = SURFACE_SIDE_STYLE ('',( #4479 ) ) ;
#1064 = DIRECTION ( 'NONE',  ( 6.982962677686266711E-15, -0.0000000000000000000, 1.000000000000000000 ) ) ;
#1065 = B_SPLINE_CURVE_WITH_KNOTS ( 'NONE', 3,
 ( #1194, #3237, #2364, #4598 ),
 .UNSPECIFIED., .F., .F.,
 ( 4, 4 ),
 ( 0.1244051645373050602, 1.000000000000000000 ),
 .UNSPECIFIED. ) ;
#1066 = ADVANCED_FACE ( 'NONE', ( #3295 ), #712, .F. ) ;
#1067 = MECHANICAL_DESIGN_GEOMETRIC_PRESENTATION_REPRESENTATION (  '', ( #3252 ), #615 ) ;
#1068 = ORIENTED_EDGE ( 'NONE', *, *, #3676, .T. ) ;
#1069 = CARTESIAN_POINT ( 'NONE',  ( -1.100000000000001643, 3.816391647148981130E-15, 0.2799999999999999711 ) ) ;
#1070 = FILL_AREA_STYLE ('',( #4568 ) ) ;
#1071 = DIRECTION ( 'NONE',  ( -1.000000000000000000, 0.0000000000000000000, 0.0000000000000000000 ) ) ;
#1072 =( NAMED_UNIT ( * ) SI_UNIT ( $, .STERADIAN. ) SOLID_ANGLE_UNIT ( ) );
#1073 = VERTEX_POINT ( 'NONE', #622 ) ;
#1074 = VERTEX_POINT ( 'NONE', #2785 ) ;
#1075 = PRESENTATION_LAYER_ASSIGNMENT (  '', '', ( #3160 ) ) ;
#1076 = ADVANCED_FACE ( 'NONE', ( #4493 ), #2372, .F. ) ;
#1077 = LINE ( 'NONE', #3213, #913 ) ;
#1078 = DIRECTION ( 'NONE',  ( -0.0000000000000000000, -0.0000000000000000000, -1.000000000000000000 ) ) ;
#1079 = SURFACE_SIDE_STYLE ('',( #3745 ) ) ;
#1080 = CARTESIAN_POINT ( 'NONE',  ( 0.7249999999999999778, 1.000000000000000000, 0.8400000000000000799 ) ) ;
#1081 = COLOUR_RGB ( '',0.8509803921568627194, 0.8509803921568627194, 0.8509803921568627194 ) ;
#1082 = VECTOR ( 'NONE', #289, 1000.000000000000000 ) ;
#1083 = PRESENTATION_STYLE_ASSIGNMENT (( #3631 ) ) ;
#1084 = EDGE_LOOP ( 'NONE', ( #5069, #4818, #661, #3184, #892, #3421 ) ) ;
#1085 = UNCERTAINTY_MEASURE_WITH_UNIT (LENGTH_MEASURE( 1.000000000000000082E-05 ), #3910, 'distance_accuracy_value', 'NONE');
#1086 = PRESENTATION_LAYER_ASSIGNMENT (  '', '', ( #4965 ) ) ;
#1087 = PRESENTATION_LAYER_ASSIGNMENT (  '', '', ( #5234 ) ) ;
#1088 = SURFACE_STYLE_FILL_AREA ( #4958 ) ;
#1089 = SURFACE_STYLE_USAGE ( .BOTH. , #4174 ) ;
#1090 = CARTESIAN_POINT ( 'NONE',  ( -0.9174636228121989534, -0.1880563063957278735, 0.2799999999999999711 ) ) ;
#1091 = ORIENTED_EDGE ( 'NONE', *, *, #4838, .F. ) ;
#1092 = MECHANICAL_DESIGN_GEOMETRIC_PRESENTATION_REPRESENTATION (  '', ( #2818 ), #4968 ) ;
#1093 = CARTESIAN_POINT ( 'NONE',  ( 1.100000000000003642, 1.908195823574494115E-15, 0.2799999999999999711 ) ) ;
#1094 = DIRECTION ( 'NONE',  ( 0.0000000000000000000, -0.0000000000000000000, -1.000000000000000000 ) ) ;
#1095 = ADVANCED_FACE ( 'NONE', ( #1738 ), #4401, .F. ) ;
#1096 = AXIS2_PLACEMENT_3D ( 'NONE', #2494, #4175, #4586 ) ;
#1097 = FACE_OUTER_BOUND ( 'NONE', #5230, .T. ) ;
#1098 = SURFACE_STYLE_FILL_AREA ( #1585 ) ;
#1099 =( GEOMETRIC_REPRESENTATION_CONTEXT ( 3 ) GLOBAL_UNCERTAINTY_ASSIGNED_CONTEXT ( ( #1209 ) ) GLOBAL_UNIT_ASSIGNED_CONTEXT ( ( #576, #3587, #2747 ) ) REPRESENTATION_CONTEXT ( 'NONE', 'WORKASPACE' ) );
#1100 = ORIENTED_EDGE ( 'NONE', *, *, #1027, .F. ) ;
#1101 = ADVANCED_FACE ( 'NONE', ( #381 ), #1202, .F. ) ;
#1102 = FILL_AREA_STYLE_COLOUR ( '', #1833 ) ;
#1103 = CARTESIAN_POINT ( 'NONE',  ( -1.099999999999998979, 0.0000000000000000000, 0.2799999999999999711 ) ) ;
#1104 = DIRECTION ( 'NONE',  ( -0.0000000000000000000, 0.0000000000000000000, 1.000000000000000000 ) ) ;
#1105 = EDGE_LOOP ( 'NONE', ( #1474, #2517, #3726, #3210 ) ) ;
#1106 = ORIENTED_EDGE ( 'NONE', *, *, #1909, .F. ) ;
#1107 =( NAMED_UNIT ( * ) PLANE_ANGLE_UNIT ( ) SI_UNIT ( $, .RADIAN. ) );
#1108 = AXIS2_PLACEMENT_3D ( 'NONE', #1352, #2851, #59 ) ;
#1109 = FILL_AREA_STYLE ('',( #4979 ) ) ;
#1110 = DIRECTION ( 'NONE',  ( -1.000000000000000000, 0.0000000000000000000, 0.0000000000000000000 ) ) ;
#1111 = LINE ( 'NONE', #2233, #3816 ) ;
#1112 =( GEOMETRIC_REPRESENTATION_CONTEXT ( 3 ) GLOBAL_UNCERTAINTY_ASSIGNED_CONTEXT ( ( #5377 ) ) GLOBAL_UNIT_ASSIGNED_CONTEXT ( ( #3790, #1166, #5483 ) ) REPRESENTATION_CONTEXT ( 'NONE', 'WORKASPACE' ) );
#1113 = PLANE ( 'NONE',  #3808 ) ;
#1114 = EDGE_CURVE ( 'NONE', #5015, #3157, #2644, .T. ) ;
#1115 = PRESENTATION_LAYER_ASSIGNMENT (  '', '', ( #5348 ) ) ;
#1116 = EDGE_LOOP ( 'NONE', ( #5034, #2829, #817, #4061, #4962, #4890, #1937, #3413, #2793, #1428, #5563, #4672, #4250, #1499 ) ) ;
#1117 =( NAMED_UNIT ( * ) SI_UNIT ( $, .STERADIAN. ) SOLID_ANGLE_UNIT ( ) );
#1118 = DIRECTION ( 'NONE',  ( 0.0000000000000000000, -1.000000000000000000, 0.0000000000000000000 ) ) ;
#1119 = VERTEX_POINT ( 'NONE', #469 ) ;
#1120 = VECTOR ( 'NONE', #1334, 1000.000000000000000 ) ;
#1121 = ADVANCED_FACE ( 'NONE', ( #4019 ), #5208, .T. ) ;
#1122 = CARTESIAN_POINT ( 'NONE',  ( 5.773300432731590829E-21, 0.9000000000000000222, 0.0000000000000000000 ) ) ;
#1123 = AXIS2_PLACEMENT_3D ( 'NONE', #2359, #4068, #172 ) ;
#1124 = CARTESIAN_POINT ( 'NONE',  ( -0.6035437629006772386, 0.0000000000000000000, 0.2599999999999999534 ) ) ;
#1125 = DIRECTION ( 'NONE',  ( 0.0000000000000000000, 1.000000000000000000, 0.0000000000000000000 ) ) ;
#1126 = SURFACE_SIDE_STYLE ('',( #1560 ) ) ;
#1127 = UNCERTAINTY_MEASURE_WITH_UNIT (LENGTH_MEASURE( 1.000000000000000082E-05 ), #5281, 'distance_accuracy_value', 'NONE');
#1128 = FILL_AREA_STYLE ('',( #3310 ) ) ;
#1129 = PRESENTATION_STYLE_ASSIGNMENT (( #4072 ) ) ;
#1130 = DIRECTION ( 'NONE',  ( -0.0000000000000000000, -0.0000000000000000000, -1.000000000000000000 ) ) ;
#1131 = CARTESIAN_POINT ( 'NONE',  ( 0.3195831592659477138, 0.4509946331943126552, 0.2599999999999999534 ) ) ;
#1132 = ORIENTED_EDGE ( 'NONE', *, *, #4654, .F. ) ;
#1133 = ORIENTED_EDGE ( 'NONE', *, *, #718, .F. ) ;
#1134 = SURFACE_STYLE_USAGE ( .BOTH. , #5400 ) ;
#1135 = EDGE_CURVE ( 'NONE', #5467, #3685, #5283, .T. ) ;
#1136 = STYLED_ITEM ( 'NONE', ( #4099 ), #270 ) ;
#1137 =( GEOMETRIC_REPRESENTATION_CONTEXT ( 3 ) GLOBAL_UNCERTAINTY_ASSIGNED_CONTEXT ( ( #1711 ) ) GLOBAL_UNIT_ASSIGNED_CONTEXT ( ( #4277, #3044, #1748 ) ) REPRESENTATION_CONTEXT ( 'NONE', 'WORKASPACE' ) );
#1138 = CARTESIAN_POINT ( 'NONE',  ( -0.4343137556297431701, 0.4509946331943126552, 0.2810000000000000275 ) ) ;
#1139 = FILL_AREA_STYLE ('',( #1229 ) ) ;
#1140 = SURFACE_STYLE_FILL_AREA ( #244 ) ;
#1141 = PRESENTATION_STYLE_ASSIGNMENT (( #2873 ) ) ;
#1142 = LINE ( 'NONE', #2874, #2473 ) ;
#1143 = PRESENTATION_STYLE_ASSIGNMENT (( #4170 ) ) ;
#1144 = VERTEX_POINT ( 'NONE', #5256 ) ;
#1145 = ADVANCED_FACE ( 'NONE', ( #1395 ), #1337, .F. ) ;
#1146 = AXIS2_PLACEMENT_3D ( 'NONE', #5301, #3981, #973 ) ;
#1147 = UNCERTAINTY_MEASURE_WITH_UNIT (LENGTH_MEASURE( 1.000000000000000082E-05 ), #945, 'distance_accuracy_value', 'NONE');
#1148 = MANIFOLD_SOLID_BREP ( 'Boss-Extrude4[3]', #3857 ) ;
#1149 = ORIENTED_EDGE ( 'NONE', *, *, #5486, .T. ) ;
#1150 = FACE_OUTER_BOUND ( 'NONE', #4665, .T. ) ;
#1151 = AXIS2_PLACEMENT_3D ( 'NONE', #690, #2432, #1579 ) ;
#1152 = CARTESIAN_POINT ( 'NONE',  ( -0.6766918921026191525, 0.6855750628389500889, 0.2799999999999999711 ) ) ;
#1153 =( NAMED_UNIT ( * ) PLANE_ANGLE_UNIT ( ) SI_UNIT ( $, .RADIAN. ) );
#1154 = DIRECTION ( 'NONE',  ( 0.0000000000000000000, 0.0000000000000000000, 1.000000000000000000 ) ) ;
#1155 = EDGE_LOOP ( 'NONE', ( #3379, #1594, #5381, #5201 ) ) ;
#1156 = COLOUR_RGB ( '',0.8509803921568627194, 0.8509803921568627194, 0.8509803921568627194 ) ;
#1157 = STYLED_ITEM ( 'NONE', ( #4040 ), #341 ) ;
#1158 = SURFACE_SIDE_STYLE ('',( #1661 ) ) ;
#1159 = ADVANCED_FACE ( 'NONE', ( #2472 ), #3176, .F. ) ;
#1160 = SURFACE_SIDE_STYLE ('',( #2015 ) ) ;
#1161 = CARTESIAN_POINT ( 'NONE',  ( 1.100000000000000089, -0.5000000000000002220, -7.680894765701995475E-15 ) ) ;
#1162 =( GEOMETRIC_REPRESENTATION_CONTEXT ( 3 ) GLOBAL_UNCERTAINTY_ASSIGNED_CONTEXT ( ( #39 ) ) GLOBAL_UNIT_ASSIGNED_CONTEXT ( ( #163, #5351, #1523 ) ) REPRESENTATION_CONTEXT ( 'NONE', 'WORKASPACE' ) );
#1163 = SURFACE_STYLE_USAGE ( .BOTH. , #5029 ) ;
#1164 = CARTESIAN_POINT ( 'NONE',  ( -2.407412430484044816E-32, 0.0000000000000000000, 0.0000000000000000000 ) ) ;
#1165 = SURFACE_STYLE_FILL_AREA ( #1070 ) ;
#1166 =( NAMED_UNIT ( * ) PLANE_ANGLE_UNIT ( ) SI_UNIT ( $, .RADIAN. ) );
#1167 = ORIENTED_EDGE ( 'NONE', *, *, #5492, .F. ) ;
#1168 =( GEOMETRIC_REPRESENTATION_CONTEXT ( 3 ) GLOBAL_UNCERTAINTY_ASSIGNED_CONTEXT ( ( #5254 ) ) GLOBAL_UNIT_ASSIGNED_CONTEXT ( ( #3220, #1004, #2795 ) ) REPRESENTATION_CONTEXT ( 'NONE', 'WORKASPACE' ) );
#1169 = CARTESIAN_POINT ( 'NONE',  ( 0.0000000000000000000, -0.05709504976923727992, 0.2799999999999999711 ) ) ;
#1170 = VECTOR ( 'NONE', #4867, 1000.000000000000000 ) ;
#1171 = CARTESIAN_POINT ( 'NONE',  ( 0.7672489025476870728, 0.6470277182179263731, 0.2799999999999999711 ) ) ;
#1172 =( NAMED_UNIT ( * ) SI_UNIT ( $, .STERADIAN. ) SOLID_ANGLE_UNIT ( ) );
#1173 = ADVANCED_FACE ( 'NONE', ( #3649 ), #5030, .F. ) ;
#1174 = SURFACE_STYLE_USAGE ( .BOTH. , #5544 ) ;
#1175 = FACE_OUTER_BOUND ( 'NONE', #2463, .T. ) ;
#1176 = ORIENTED_EDGE ( 'NONE', *, *, #1780, .T. ) ;
#1177 = ORIENTED_EDGE ( 'NONE', *, *, #213, .F. ) ;
#1178 = ADVANCED_FACE ( 'NONE', ( #733 ), #5053, .F. ) ;
#1179 = COLOUR_RGB ( '',0.8509803921568627194, 0.8509803921568627194, 0.8509803921568627194 ) ;
#1180 = SURFACE_SIDE_STYLE ('',( #3251 ) ) ;
#1181 = PRODUCT_CONTEXT ( 'NONE', #332, 'mechanical' ) ;
#1182 = DIRECTION ( 'NONE',  ( 6.982962677686266711E-15, -0.0000000000000000000, 1.000000000000000000 ) ) ;
#1183 = ORIENTED_EDGE ( 'NONE', *, *, #78, .F. ) ;
#1184 = VECTOR ( 'NONE', #2117, 1000.000000000000000 ) ;
#1185 = SURFACE_STYLE_USAGE ( .BOTH. , #1158 ) ;
#1186 = AXIS2_PLACEMENT_3D ( 'NONE', #665, #262, #3786 ) ;
#1187 =( NAMED_UNIT ( * ) PLANE_ANGLE_UNIT ( ) SI_UNIT ( $, .RADIAN. ) );
#1188 = EDGE_CURVE ( 'NONE', #5016, #2026, #3894, .T. ) ;
#1189 = AXIS2_PLACEMENT_3D ( 'NONE', #3477, #850, #2588 ) ;
#1190 = PRESENTATION_LAYER_ASSIGNMENT (  '', '', ( #731 ) ) ;
#1191 = UNCERTAINTY_MEASURE_WITH_UNIT (LENGTH_MEASURE( 1.000000000000000082E-05 ), #5557, 'distance_accuracy_value', 'NONE');
#1192 =( NAMED_UNIT ( * ) PLANE_ANGLE_UNIT ( ) SI_UNIT ( $, .RADIAN. ) );
#1193 =( LENGTH_UNIT ( ) NAMED_UNIT ( * ) SI_UNIT ( .MILLI., .METRE. ) );
#1194 = CARTESIAN_POINT ( 'NONE',  ( 0.7174695751538135990, -0.08025157153844877933, 0.2599999999999999534 ) ) ;
#1195 = PRESENTATION_STYLE_ASSIGNMENT (( #2047 ) ) ;
#1196 = DIRECTION ( 'NONE',  ( 1.000000000000000000, 0.0000000000000000000, 0.0000000000000000000 ) ) ;
#1197 = ORIENTED_EDGE ( 'NONE', *, *, #1188, .T. ) ;
#1198 = MECHANICAL_DESIGN_GEOMETRIC_PRESENTATION_REPRESENTATION (  '', ( #3627 ), #173 ) ;
#1199 = SURFACE_STYLE_USAGE ( .BOTH. , #5059 ) ;
#1200 = UNCERTAINTY_MEASURE_WITH_UNIT (LENGTH_MEASURE( 1.000000000000000082E-05 ), #3877, 'distance_accuracy_value', 'NONE');
#1201 = STYLED_ITEM ( 'NONE', ( #5473 ), #3481 ) ;
#1202 = PLANE ( 'NONE',  #1792 ) ;
#1203 = DIRECTION ( 'NONE',  ( 0.0000000000000000000, -1.000000000000000000, 0.0000000000000000000 ) ) ;
#1204 =( NAMED_UNIT ( * ) SI_UNIT ( $, .STERADIAN. ) SOLID_ANGLE_UNIT ( ) );
#1205 = LINE ( 'NONE', #2515, #4985 ) ;
#1206 = CARTESIAN_POINT ( 'NONE',  ( 0.6360270068922001530, 0.1776407652747672150, 0.2599999999999999534 ) ) ;
#1207 = ORIENTED_EDGE ( 'NONE', *, *, #999, .F. ) ;
#1208 = STYLED_ITEM ( 'NONE', ( #798 ), #3847 ) ;
#1209 = UNCERTAINTY_MEASURE_WITH_UNIT (LENGTH_MEASURE( 1.000000000000000082E-05 ), #576, 'distance_accuracy_value', 'NONE');
#1210 = VERTEX_POINT ( 'NONE', #1613 ) ;
#1211 =( LENGTH_UNIT ( ) NAMED_UNIT ( * ) SI_UNIT ( .MILLI., .METRE. ) );
#1212 = AXIS2_PLACEMENT_3D ( 'NONE', #2536, #1104, #1593 ) ;
#1213 = B_SPLINE_CURVE_WITH_KNOTS ( 'NONE', 3,
 ( #254, #2883, #287, #3779, #1090 ),
 .UNSPECIFIED., .F., .F.,
 ( 4, 1, 4 ),
 ( 0.08977583276714114213, 0.2929772087874236708, 1.000000000000000000 ),
 .UNSPECIFIED. ) ;
#1214 = CARTESIAN_POINT ( 'NONE',  ( 1.100000000000002087, -0.8614255068147830263, 0.2599999999999999534 ) ) ;
#1215 = SURFACE_STYLE_USAGE ( .BOTH. , #3460 ) ;
#1216 = ORIENTED_EDGE ( 'NONE', *, *, #92, .F. ) ;
#1217 = PRESENTATION_LAYER_ASSIGNMENT (  '', '', ( #2935 ) ) ;
#1218 = EDGE_CURVE ( 'NONE', #5577, #4324, #836, .T. ) ;
#1219 = CARTESIAN_POINT ( 'NONE',  ( 0.4124155170610083188, 0.2080817958270094192, 0.2599999999999999534 ) ) ;
#1220 = FACE_OUTER_BOUND ( 'NONE', #1710, .T. ) ;
#1221 = EDGE_CURVE ( 'NONE', #2553, #1235, #1722, .T. ) ;
#1222 = CIRCLE ( 'NONE', #1123, 0.1000000000000000472 ) ;
#1223 = LINE ( 'NONE', #3789, #2084 ) ;
#1224 =( NAMED_UNIT ( * ) PLANE_ANGLE_UNIT ( ) SI_UNIT ( $, .RADIAN. ) );
#1225 = ORIENTED_EDGE ( 'NONE', *, *, #1544, .T. ) ;
#1226 = LINE ( 'NONE', #352, #4104 ) ;
#1227 = MANIFOLD_SOLID_BREP ( 'Boss-Extrude3[2]', #2687 ) ;
#1228 =( LENGTH_UNIT ( ) NAMED_UNIT ( * ) SI_UNIT ( .MILLI., .METRE. ) );
#1229 = FILL_AREA_STYLE_COLOUR ( '', #4696 ) ;
#1230 = DIRECTION ( 'NONE',  ( 1.000000000000000000, 0.0000000000000000000, -0.0000000000000000000 ) ) ;
#1231 = FACE_OUTER_BOUND ( 'NONE', #26, .T. ) ;
#1232 = CARTESIAN_POINT ( 'NONE',  ( 0.3648896556285308179, 0.0000000000000000000, -2.547875105340935420E-15 ) ) ;
#1233 = EDGE_CURVE ( 'NONE', #3395, #1429, #1752, .T. ) ;
#1234 = PRESENTATION_STYLE_ASSIGNMENT (( #1361 ) ) ;
#1235 = VERTEX_POINT ( 'NONE', #1302 ) ;
#1236 = AXIS2_PLACEMENT_3D ( 'NONE', #3411, #337, #5573 ) ;
#1237 = ORIENTED_EDGE ( 'NONE', *, *, #2977, .F. ) ;
#1238 = DIRECTION ( 'NONE',  ( 3.097720492815726673E-16, 1.000000000000000000, -2.163126658723613029E-30 ) ) ;
#1239 = DIRECTION ( 'NONE',  ( -0.0000000000000000000, 0.0000000000000000000, 1.000000000000000000 ) ) ;
#1240 = SURFACE_SIDE_STYLE ('',( #5098 ) ) ;
#1241 = ORIENTED_EDGE ( 'NONE', *, *, #3922, .T. ) ;
#1242 = VECTOR ( 'NONE', #2723, 1000.000000000000000 ) ;
#1243 = ORIENTED_EDGE ( 'NONE', *, *, #5274, .T. ) ;
#1244 = MECHANICAL_DESIGN_GEOMETRIC_PRESENTATION_REPRESENTATION (  '', ( #691 ), #3049 ) ;
#1245 = FACE_OUTER_BOUND ( 'NONE', #5354, .T. ) ;
#1246 = MECHANICAL_DESIGN_GEOMETRIC_PRESENTATION_REPRESENTATION (  '', ( #599 ), #134 ) ;
#1247 = EDGE_CURVE ( 'NONE', #2296, #4472, #27, .T. ) ;
#1248 = CYLINDRICAL_SURFACE ( 'NONE', #3170, 0.3614255068147824712 ) ;
#1249 = DIRECTION ( 'NONE',  ( 0.0000000000000000000, 1.000000000000000000, 0.0000000000000000000 ) ) ;
#1250 = PRESENTATION_LAYER_ASSIGNMENT (  '', '', ( #3679 ) ) ;
#1251 = PRESENTATION_LAYER_ASSIGNMENT (  '', '', ( #4938 ) ) ;
#1252 = FILL_AREA_STYLE ('',( #377 ) ) ;
#1253 = ADVANCED_FACE ( 'NONE', ( #4784 ), #2660, .F. ) ;
#1254 = PLANE ( 'NONE',  #3078 ) ;
#1255 =( LENGTH_UNIT ( ) NAMED_UNIT ( * ) SI_UNIT ( .MILLI., .METRE. ) );
#1256 = ORIENTED_EDGE ( 'NONE', *, *, #3666, .F. ) ;
#1257 = ORIENTED_EDGE ( 'NONE', *, *, #2119, .F. ) ;
#1258 = LINE ( 'NONE', #3875, #2034 ) ;
#1259 = UNCERTAINTY_MEASURE_WITH_UNIT (LENGTH_MEASURE( 1.000000000000000082E-05 ), #199, 'distance_accuracy_value', 'NONE');
#1260 = FILL_AREA_STYLE ('',( #3447 ) ) ;
#1261 = PLANE ( 'NONE',  #819 ) ;
#1262 = FILL_AREA_STYLE_COLOUR ( '', #1625 ) ;
#1263 =( NAMED_UNIT ( * ) PLANE_ANGLE_UNIT ( ) SI_UNIT ( $, .RADIAN. ) );
#1264 = EDGE_LOOP ( 'NONE', ( #4391, #3923, #4543, #2839, #1399, #5101, #564, #3738, #762, #2266, #135, #4247 ) ) ;
#1265 = UNCERTAINTY_MEASURE_WITH_UNIT (LENGTH_MEASURE( 1.000000000000000082E-05 ), #843, 'distance_accuracy_value', 'NONE');
#1266 = EDGE_CURVE ( 'NONE', #5145, #3826, #2262, .T. ) ;
#1267 = ORIENTED_EDGE ( 'NONE', *, *, #4096, .F. ) ;
#1268 = CARTESIAN_POINT ( 'NONE',  ( 0.4124155170610083188, 0.0000000000000000000, 0.2599999999999999534 ) ) ;
#1269 = SURFACE_SIDE_STYLE ('',( #365 ) ) ;
#1270 = CARTESIAN_POINT ( 'NONE',  ( -0.6957328749551370262, 0.6914393411476200679, 0.2599999999999999534 ) ) ;
#1271 = MECHANICAL_DESIGN_GEOMETRIC_PRESENTATION_REPRESENTATION (  '', ( #2441 ), #898 ) ;
#1272 = DIRECTION ( 'NONE',  ( -1.000000000000000000, 0.0000000000000000000, 0.0000000000000000000 ) ) ;
#1273 = EDGE_LOOP ( 'NONE', ( #5165, #5216, #1100, #394 ) ) ;
#1274 = ORIENTED_EDGE ( 'NONE', *, *, #4060, .T. ) ;
#1275 = DIRECTION ( 'NONE',  ( 1.000000000000000000, 1.734723475976807094E-15, -6.982962677686265922E-15 ) ) ;
#1276 = PRESENTATION_STYLE_ASSIGNMENT (( #2140 ) ) ;
#1277 =( NAMED_UNIT ( * ) SI_UNIT ( $, .STERADIAN. ) SOLID_ANGLE_UNIT ( ) );
#1278 = PRESENTATION_LAYER_ASSIGNMENT (  '', '', ( #1819 ) ) ;
#1279 = STYLED_ITEM ( 'NONE', ( #3114 ), #2282 ) ;
#1280 = LINE ( 'NONE', #840, #4069 ) ;
#1281 = EDGE_CURVE ( 'NONE', #1284, #5551, #4874, .T. ) ;
#1282 = FILL_AREA_STYLE ('',( #2505 ) ) ;
#1283 = LINE ( 'NONE', #35, #3115 ) ;
#1284 = VERTEX_POINT ( 'NONE', #1927 ) ;
#1285 = AXIS2_PLACEMENT_3D ( 'NONE', #2819, #996, #4520 ) ;
#1286 = VECTOR ( 'NONE', #759, 1000.000000000000000 ) ;
#1287 =( NAMED_UNIT ( * ) PLANE_ANGLE_UNIT ( ) SI_UNIT ( $, .RADIAN. ) );
#1288 = FILL_AREA_STYLE_COLOUR ( '', #3971 ) ;
#1289 = DIRECTION ( 'NONE',  ( -1.000000000000000000, 0.0000000000000000000, 0.0000000000000000000 ) ) ;
#1290 = ORIENTED_EDGE ( 'NONE', *, *, #4638, .F. ) ;
#1291 =( GEOMETRIC_REPRESENTATION_CONTEXT ( 3 ) GLOBAL_UNCERTAINTY_ASSIGNED_CONTEXT ( ( #387 ) ) GLOBAL_UNIT_ASSIGNED_CONTEXT ( ( #3755, #2412, #233 ) ) REPRESENTATION_CONTEXT ( 'NONE', 'WORKASPACE' ) );
#1292 = VERTEX_POINT ( 'NONE', #3553 ) ;
#1293 = LINE ( 'NONE', #5570, #4834 ) ;
#1294 = CARTESIAN_POINT ( 'NONE',  ( -1.031512925605919229, 0.8594879528193650753, 0.2599999999999998979 ) ) ;
#1295 =( NAMED_UNIT ( * ) SI_UNIT ( $, .STERADIAN. ) SOLID_ANGLE_UNIT ( ) );
#1296 = LINE ( 'NONE', #751, #5192 ) ;
#1297 = DIRECTION ( 'NONE',  ( -6.983251342707903681E-15, 0.0000000000000000000, -1.000000000000000000 ) ) ;
#1298 = ADVANCED_FACE ( 'NONE', ( #3250 ), #2739, .T. ) ;
#1299 = VECTOR ( 'NONE', #4740, 1000.000000000000000 ) ;
#1300 = EDGE_LOOP ( 'NONE', ( #5484, #4470, #2049, #972 ) ) ;
#1301 = SURFACE_STYLE_USAGE ( .BOTH. , #371 ) ;
#1302 = CARTESIAN_POINT ( 'NONE',  ( 0.3195831592659477138, 0.04041390370446151792, 0.2599999999999999534 ) ) ;
#1303 = CARTESIAN_POINT ( 'NONE',  ( 5.773300432731590829E-21, 0.9000000000000000222, 0.0000000000000000000 ) ) ;
#1304 = ADVANCED_FACE ( 'NONE', ( #974 ), #2380, .F. ) ;
#1305 = SURFACE_STYLE_USAGE ( .BOTH. , #1327 ) ;
#1306 = PRESENTATION_LAYER_ASSIGNMENT (  '', '', ( #1022 ) ) ;
#1307 =( LENGTH_UNIT ( ) NAMED_UNIT ( * ) SI_UNIT ( .MILLI., .METRE. ) );
#1308 = ORIENTED_EDGE ( 'NONE', *, *, #1329, .T. ) ;
#1309 = AXIS2_PLACEMENT_3D ( 'NONE', #4910, #4456, #3261 ) ;
#1310 = CARTESIAN_POINT ( 'NONE',  ( -0.6832485166931815401, 0.8768473060465202806, 0.2799999999999999156 ) ) ;
#1311 = CARTESIAN_POINT ( 'NONE',  ( -0.6035437629006772386, 0.0000000000000000000, 0.2799999999999999711 ) ) ;
#1312 =( NAMED_UNIT ( * ) PLANE_ANGLE_UNIT ( ) SI_UNIT ( $, .RADIAN. ) );
#1313 = EDGE_LOOP ( 'NONE', ( #2114, #1405, #370, #240 ) ) ;
#1314 = ORIENTED_EDGE ( 'NONE', *, *, #2396, .T. ) ;
#1315 = LINE ( 'NONE', #5601, #40 ) ;
#1316 = LINE ( 'NONE', #2624, #3090 ) ;
#1317 = SURFACE_STYLE_USAGE ( .BOTH. , #3918 ) ;
#1318 = FILL_AREA_STYLE_COLOUR ( '', #3396 ) ;
#1319 = ADVANCED_FACE ( 'NONE', ( #1979 ), #1654, .F. ) ;
#1320 = SURFACE_STYLE_FILL_AREA ( #5179 ) ;
#1321 = ORIENTED_EDGE ( 'NONE', *, *, #160, .F. ) ;
#1322 = AXIS2_PLACEMENT_3D ( 'NONE', #3866, #3955, #4783 ) ;
#1323 = DIRECTION ( 'NONE',  ( 6.982962677686268288E-15, -0.0000000000000000000, 1.000000000000000000 ) ) ;
#1324 = CIRCLE ( 'NONE', #4471, 0.2500000000000000000 ) ;
#1325 = DIRECTION ( 'NONE',  ( 3.469446951953614189E-15, 1.000000000000000000, 0.0000000000000000000 ) ) ;
#1326 = VECTOR ( 'NONE', #122, 1000.000000000000000 ) ;
#1327 = SURFACE_SIDE_STYLE ('',( #4675 ) ) ;
#1328 = STYLED_ITEM ( 'NONE', ( #3777 ), #586 ) ;
#1329 = EDGE_CURVE ( 'NONE', #273, #1210, #3697, .T. ) ;
#1330 = FILL_AREA_STYLE_COLOUR ( '', #3845 ) ;
#1331 = FACE_OUTER_BOUND ( 'NONE', #1300, .T. ) ;
#1332 = LINE ( 'NONE', #3059, #5081 ) ;
#1333 = ORIENTED_EDGE ( 'NONE', *, *, #4648, .T. ) ;
#1334 = DIRECTION ( 'NONE',  ( -0.0000000000000000000, -0.0000000000000000000, -1.000000000000000000 ) ) ;
#1335 = B_SPLINE_CURVE_WITH_KNOTS ( 'NONE', 3,
 ( #1773, #3860, #2195, #4303, #1294, #916 ),
 .UNSPECIFIED., .F., .F.,
 ( 4, 1, 1, 4 ),
 ( 0.0000000000000000000, 0.3358544910758269886, 0.5565088627750724992, 1.000000000000000000 ),
 .UNSPECIFIED. ) ;
#1336 = CIRCLE ( 'NONE', #3235, 0.09999999999999993616 ) ;
#1337 = PLANE ( 'NONE',  #142 ) ;
#1338 = CARTESIAN_POINT ( 'NONE',  ( 0.3999999999999999667, 0.9000000000000000222, -2.791820594150173918E-15 ) ) ;
#1339 = PRESENTATION_LAYER_ASSIGNMENT (  '', '', ( #1521 ) ) ;
#1340 = ORIENTED_EDGE ( 'NONE', *, *, #2905, .T. ) ;
#1341 = EDGE_CURVE ( 'NONE', #5180, #5145, #5496, .T. ) ;
#1342 = VERTEX_POINT ( 'NONE', #1214 ) ;
#1343 = PRESENTATION_LAYER_ASSIGNMENT (  '', '', ( #1609 ) ) ;
#1344 = CARTESIAN_POINT ( 'NONE',  ( -0.6035437629006772386, 0.04290495023076341258, 0.2799999999999999711 ) ) ;
#1345 = SURFACE_SIDE_STYLE ('',( #2732 ) ) ;
#1346 = DIRECTION ( 'NONE',  ( 0.0000000000000000000, 1.000000000000000000, 0.0000000000000000000 ) ) ;
#1347 = ORIENTED_EDGE ( 'NONE', *, *, #2763, .F. ) ;
#1348 = EDGE_CURVE ( 'NONE', #2612, #2537, #285, .T. ) ;
#1349 = ORIENTED_EDGE ( 'NONE', *, *, #5122, .F. ) ;
#1350 = FILL_AREA_STYLE_COLOUR ( '', #5376 ) ;
#1351 = AXIS2_PLACEMENT_3D ( 'NONE', #2872, #3243, #2933 ) ;
#1352 = CARTESIAN_POINT ( 'NONE',  ( -1.100000000000000089, 0.4999999999999997780, 7.680894765701995475E-15 ) ) ;
#1353 = LINE ( 'NONE', #3083, #3041 ) ;
#1354 = ORIENTED_EDGE ( 'NONE', *, *, #189, .T. ) ;
#1355 = DIRECTION ( 'NONE',  ( -0.0000000000000000000, 0.0000000000000000000, 1.000000000000000000 ) ) ;
#1356 = COLOUR_RGB ( '',0.8509803921568627194, 0.8509803921568627194, 0.8509803921568627194 ) ;
#1357 = DIRECTION ( 'NONE',  ( 0.0000000000000000000, -0.0000000000000000000, -1.000000000000000000 ) ) ;
#1358 = CYLINDRICAL_SURFACE ( 'NONE', #2471, 0.2500000000000000000 ) ;
#1359 = PRESENTATION_LAYER_ASSIGNMENT (  '', '', ( #3346 ) ) ;
#1360 = LINE ( 'NONE', #1732, #467 ) ;
#1361 = SURFACE_STYLE_USAGE ( .BOTH. , #5252 ) ;
#1362 = AXIS2_PLACEMENT_3D ( 'NONE', #4699, #4812, #3973 ) ;
#1363 =( GEOMETRIC_REPRESENTATION_CONTEXT ( 3 ) GLOBAL_UNCERTAINTY_ASSIGNED_CONTEXT ( ( #2627 ) ) GLOBAL_UNIT_ASSIGNED_CONTEXT ( ( #518, #2683, #572 ) ) REPRESENTATION_CONTEXT ( 'NONE', 'WORKASPACE' ) );
#1364 = UNCERTAINTY_MEASURE_WITH_UNIT (LENGTH_MEASURE( 1.000000000000000082E-05 ), #4613, 'distance_accuracy_value', 'NONE');
#1365 = DIRECTION ( 'NONE',  ( -0.0000000000000000000, -1.000000000000000000, -0.0000000000000000000 ) ) ;
#1366 = CARTESIAN_POINT ( 'NONE',  ( -0.5388595371840243509, 0.8637862597461452019, 0.2799999999999999711 ) ) ;
#1367 = LINE ( 'NONE', #3966, #3702 ) ;
#1368 = DIRECTION ( 'NONE',  ( -0.0000000000000000000, 0.0000000000000000000, -1.000000000000000000 ) ) ;
#1369 = FILL_AREA_STYLE_COLOUR ( '', #5075 ) ;
#1370 = ORIENTED_EDGE ( 'NONE', *, *, #2250, .F. ) ;
#1371 = STYLED_ITEM ( 'NONE', ( #3186 ), #3056 ) ;
#1372 = ORIENTED_EDGE ( 'NONE', *, *, #2869, .T. ) ;
#1373 = ORIENTED_EDGE ( 'NONE', *, *, #796, .T. ) ;
#1374 = CIRCLE ( 'NONE', #264, 0.2500000000000000000 ) ;
#1375 = DIRECTION ( 'NONE',  ( 6.982962677686268288E-15, -0.0000000000000000000, 1.000000000000000000 ) ) ;
#1376 = DIRECTION ( 'NONE',  ( 1.000000000000000000, -5.033795800825557569E-16, -6.983251342707903681E-15 ) ) ;
#1377 = CARTESIAN_POINT ( 'NONE',  ( 0.5359203924145662379, 1.036540087595036278E-16, 0.2599999999999999534 ) ) ;
#1378 = PRESENTATION_STYLE_ASSIGNMENT (( #2653 ) ) ;
#1379 = PRESENTATION_LAYER_ASSIGNMENT (  '', '', ( #3627 ) ) ;
#1380 = EDGE_LOOP ( 'NONE', ( #4862, #3276, #1106, #22 ) ) ;
#1381 = LINE ( 'NONE', #1899, #2865 ) ;
#1382 = SURFACE_STYLE_USAGE ( .BOTH. , #3109 ) ;
#1383 = DIRECTION ( 'NONE',  ( 0.0000000000000000000, -0.0000000000000000000, 1.000000000000000000 ) ) ;
#1384 = FILL_AREA_STYLE_COLOUR ( '', #747 ) ;
#1385 = CARTESIAN_POINT ( 'NONE',  ( 1.100000000000002087, 0.4999999999999997780, 0.2599999999999922928 ) ) ;
#1386 = ORIENTED_EDGE ( 'NONE', *, *, #876, .T. ) ;
#1387 = ADVANCED_FACE ( 'NONE', ( #2940 ), #2492, .F. ) ;
#1388 = CARTESIAN_POINT ( 'NONE',  ( -0.6832485166931815401, 0.8768473060465202806, 0.2799999999999999711 ) ) ;
#1389 = VECTOR ( 'NONE', #1408, 1000.000000000000000 ) ;
#1390 = DIRECTION ( 'NONE',  ( -1.000000000000000000, 0.0000000000000000000, 6.938893903907228378E-15 ) ) ;
#1391 = STYLED_ITEM ( 'NONE', ( #4629 ), #4023 ) ;
#1392 = EDGE_CURVE ( 'NONE', #3201, #4919, #3778, .T. ) ;
#1393 =( LENGTH_UNIT ( ) NAMED_UNIT ( * ) SI_UNIT ( .MILLI., .METRE. ) );
#1394 = CARTESIAN_POINT ( 'NONE',  ( -1.099999999999998979, -0.7499999999999997780, 0.2799999999999999711 ) ) ;
#1395 = FACE_OUTER_BOUND ( 'NONE', #2198, .T. ) ;
#1396 = CARTESIAN_POINT ( 'NONE',  ( 0.0000000000000000000, 0.0000000000000000000, 0.2599999999999999534 ) ) ;
#1397 =( LENGTH_UNIT ( ) NAMED_UNIT ( * ) SI_UNIT ( .MILLI., .METRE. ) );
#1398 = VERTEX_POINT ( 'NONE', #2407 ) ;
#1399 = ORIENTED_EDGE ( 'NONE', *, *, #3076, .T. ) ;
#1400 = CARTESIAN_POINT ( 'NONE',  ( 0.3901487617419281406, 0.6855750628389500889, 0.2599999999999999534 ) ) ;
#1401 = FILL_AREA_STYLE_COLOUR ( '', #5062 ) ;
#1402 = SURFACE_SIDE_STYLE ('',( #130 ) ) ;
#1403 = FACE_OUTER_BOUND ( 'NONE', #4631, .T. ) ;
#1404 = ORIENTED_EDGE ( 'NONE', *, *, #4510, .F. ) ;
#1405 = ORIENTED_EDGE ( 'NONE', *, *, #1945, .F. ) ;
#1406 = CARTESIAN_POINT ( 'NONE',  ( 1.100000000000002531, 0.1362137402538543540, 0.2799999999999999711 ) ) ;
#1407 = SURFACE_STYLE_FILL_AREA ( #3609 ) ;
#1408 = DIRECTION ( 'NONE',  ( -6.982962677686265922E-15, 0.0000000000000000000, -1.000000000000000000 ) ) ;
#1409 = CARTESIAN_POINT ( 'NONE',  ( -9.855806056188584936E-17, -1.000000000000000000, 0.0000000000000000000 ) ) ;
#1410 = LINE ( 'NONE', #3195, #2907 ) ;
#1411 = VERTEX_POINT ( 'NONE', #2461 ) ;
#1412 = CARTESIAN_POINT ( 'NONE',  ( -0.6623309004670925315, 0.8637862597461452019, 0.2799999999999999711 ) ) ;
#1413 = VECTOR ( 'NONE', #4849, 1000.000000000000000 ) ;
#1414 = CIRCLE ( 'NONE', #1779, 0.2500000000000000000 ) ;
#1415 = DIRECTION ( 'NONE',  ( 1.734723475976807094E-15, -1.000000000000000000, -0.0000000000000000000 ) ) ;
#1416 = EDGE_CURVE ( 'NONE', #1398, #1119, #865, .T. ) ;
#1417 = SURFACE_STYLE_USAGE ( .BOTH. , #1958 ) ;
#1418 = EDGE_LOOP ( 'NONE', ( #3881, #4587, #3108, #2050, #4527, #4977 ) ) ;
#1419 = LINE ( 'NONE', #1394, #1120 ) ;
#1420 = EDGE_CURVE ( 'NONE', #1054, #1981, #5018, .T. ) ;
#1421 = CIRCLE ( 'NONE', #4387, 0.2500000000000000000 ) ;
#1422 =( GEOMETRIC_REPRESENTATION_CONTEXT ( 3 ) GLOBAL_UNCERTAINTY_ASSIGNED_CONTEXT ( ( #4194 ) ) GLOBAL_UNIT_ASSIGNED_CONTEXT ( ( #2020, #1192, #266 ) ) REPRESENTATION_CONTEXT ( 'NONE', 'WORKASPACE' ) );
#1423 =( LENGTH_UNIT ( ) NAMED_UNIT ( * ) SI_UNIT ( .MILLI., .METRE. ) );
#1424 = CARTESIAN_POINT ( 'NONE',  ( 1.100000000000002087, -0.2500000000000002220, 0.2599999999999922928 ) ) ;
#1425 =( LENGTH_UNIT ( ) NAMED_UNIT ( * ) SI_UNIT ( .MILLI., .METRE. ) );
#1426 =( NAMED_UNIT ( * ) SI_UNIT ( $, .STERADIAN. ) SOLID_ANGLE_UNIT ( ) );
#1427 = PLANE ( 'NONE',  #4896 ) ;
#1428 = ORIENTED_EDGE ( 'NONE', *, *, #1490, .F. ) ;
#1429 = VERTEX_POINT ( 'NONE', #4304 ) ;
#1430 = MECHANICAL_DESIGN_GEOMETRIC_PRESENTATION_REPRESENTATION (  '', ( #1136 ), #4043 ) ;
#1431 = CARTESIAN_POINT ( 'NONE',  ( -0.7250754616367172112, -0.5368602718148540731, 0.2599999999999999534 ) ) ;
#1432 = LINE ( 'NONE', #4866, #5239 ) ;
#1433 = COLOUR_RGB ( '',0.8509803921568627194, 0.8509803921568627194, 0.8509803921568627194 ) ;
#1434 = CARTESIAN_POINT ( 'NONE',  ( 1.100000000000002087, 0.4999999999999997780, 0.2599999999999922928 ) ) ;
#1435 = EDGE_LOOP ( 'NONE', ( #5385, #649, #5398, #1966, #4428, #2521, #4572, #4891, #1897, #1771, #1865, #2035, #1207, #4065, #536, #4490, #2090 ) ) ;
#1436 = ADVANCED_FACE ( 'NONE', ( #3459 ), #2132, .F. ) ;
#1437 = ADVANCED_FACE ( 'NONE', ( #1683 ), #3023, .F. ) ;
#1438 = ORIENTED_EDGE ( 'NONE', *, *, #971, .T. ) ;
#1439 = DIRECTION ( 'NONE',  ( -1.000000000000000000, 2.378754451002344057E-17, 0.0000000000000000000 ) ) ;
#1440 = CARTESIAN_POINT ( 'NONE',  ( 0.8132557169139246200, -0.2164558030324802707, 0.2599999999999999534 ) ) ;
#1441 = VERTEX_POINT ( 'NONE', #2965 ) ;
#1442 = MECHANICAL_DESIGN_GEOMETRIC_PRESENTATION_REPRESENTATION (  '', ( #5401 ), #1905 ) ;
#1443 = DIRECTION ( 'NONE',  ( 1.000000000000000000, 0.0000000000000000000, 0.0000000000000000000 ) ) ;
#1444 = CIRCLE ( 'NONE', #4147, 0.2500000000000000000 ) ;
#1445 = CARTESIAN_POINT ( 'NONE',  ( 1.100000000000002087, 0.0000000000000000000, 0.2799999999999999711 ) ) ;
#1446 = CARTESIAN_POINT ( 'NONE',  ( -0.7482052191486779913, -0.5828783997317398269, 0.2599999999999999534 ) ) ;
#1447 = EDGE_CURVE ( 'NONE', #4324, #2525, #4667, .T. ) ;
#1448 = CIRCLE ( 'NONE', #2547, 0.2500000000000000000 ) ;
#1449 =( NAMED_UNIT ( * ) SI_UNIT ( $, .STERADIAN. ) SOLID_ANGLE_UNIT ( ) );
#1450 =( NAMED_UNIT ( * ) SI_UNIT ( $, .STERADIAN. ) SOLID_ANGLE_UNIT ( ) );
#1451 = LINE ( 'NONE', #1886, #4864 ) ;
#1452 = DIRECTION ( 'NONE',  ( 0.0000000000000000000, -0.0000000000000000000, -1.000000000000000000 ) ) ;
#1453 = ORIENTED_EDGE ( 'NONE', *, *, #2982, .T. ) ;
#1454 = ORIENTED_EDGE ( 'NONE', *, *, #1221, .T. ) ;
#1455 = ADVANCED_FACE ( 'NONE', ( #804 ), #4439, .T. ) ;
#1456 = AXIS2_PLACEMENT_3D ( 'NONE', #5390, #2834, #5474 ) ;
#1457 = LINE ( 'NONE', #3185, #499 ) ;
#1458 =( GEOMETRIC_REPRESENTATION_CONTEXT ( 3 ) GLOBAL_UNCERTAINTY_ASSIGNED_CONTEXT ( ( #1588 ) ) GLOBAL_UNIT_ASSIGNED_CONTEXT ( ( #702, #2096, #347 ) ) REPRESENTATION_CONTEXT ( 'NONE', 'WORKASPACE' ) );
#1459 = CARTESIAN_POINT ( 'NONE',  ( 0.2532275857927164253, -0.3593805362314128615, 0.2599999999999999534 ) ) ;
#1460 =( GEOMETRIC_REPRESENTATION_CONTEXT ( 3 ) GLOBAL_UNCERTAINTY_ASSIGNED_CONTEXT ( ( #205 ) ) GLOBAL_UNIT_ASSIGNED_CONTEXT ( ( #3725, #3332, #5021 ) ) REPRESENTATION_CONTEXT ( 'NONE', 'WORKASPACE' ) );
#1461 = FILL_AREA_STYLE_COLOUR ( '', #338 ) ;
#1462 = VECTOR ( 'NONE', #3573, 1000.000000000000000 ) ;
#1463 = ORIENTED_EDGE ( 'NONE', *, *, #1955, .F. ) ;
#1464 = FACE_OUTER_BOUND ( 'NONE', #2855, .T. ) ;
#1465 = VECTOR ( 'NONE', #645, 1000.000000000000000 ) ;
#1466 = CARTESIAN_POINT ( 'NONE',  ( -0.5740798441076681025, -0.7671295513012332812, 0.2599999999999999534 ) ) ;
#1467 = VERTEX_POINT ( 'NONE', #1942 ) ;
#1468 = SURFACE_STYLE_USAGE ( .BOTH. , #1063 ) ;
#1469 = CARTESIAN_POINT ( 'NONE',  ( 0.05584305983497199477, -0.3593805362314128615, 0.2810000000000000275 ) ) ;
#1470 = LINE ( 'NONE', #4908, #4100 ) ;
#1471 = COLOUR_RGB ( '',0.8509803921568627194, 0.8509803921568627194, 0.8509803921568627194 ) ;
#1472 = CARTESIAN_POINT ( 'NONE',  ( 0.3999999999999999667, 0.9000000000000000222, -2.791820594150173918E-15 ) ) ;
#1473 = LINE ( 'NONE', #4103, #198 ) ;
#1474 = ORIENTED_EDGE ( 'NONE', *, *, #3132, .T. ) ;
#1475 = SURFACE_STYLE_USAGE ( .BOTH. , #1961 ) ;
#1476 = DIRECTION ( 'NONE',  ( 1.000000000000000000, 0.0000000000000000000, -0.0000000000000000000 ) ) ;
#1477 =( LENGTH_UNIT ( ) NAMED_UNIT ( * ) SI_UNIT ( .MILLI., .METRE. ) );
#1478 = DIRECTION ( 'NONE',  ( -3.469446951953614189E-15, -1.000000000000000000, 0.0000000000000000000 ) ) ;
#1479 = FILL_AREA_STYLE ('',( #4108 ) ) ;
#1480 = VERTEX_POINT ( 'NONE', #4056 ) ;
#1481 = ORIENTED_EDGE ( 'NONE', *, *, #4725, .T. ) ;
#1482 = DIRECTION ( 'NONE',  ( 1.000000000000000000, 0.0000000000000000000, 0.0000000000000000000 ) ) ;
#1483 = STYLED_ITEM ( 'NONE', ( #521 ), #4258 ) ;
#1484 = DIRECTION ( 'NONE',  ( -1.000000000000000000, -0.0000000000000000000, -0.0000000000000000000 ) ) ;
#1485 = FILL_AREA_STYLE ('',( #1401 ) ) ;
#1486 = ADVANCED_FACE ( 'NONE', ( #1837 ), #157, .F. ) ;
#1487 = FACE_OUTER_BOUND ( 'NONE', #4552, .T. ) ;
#1488 = ORIENTED_EDGE ( 'NONE', *, *, #4901, .F. ) ;
#1489 = UNCERTAINTY_MEASURE_WITH_UNIT (LENGTH_MEASURE( 1.000000000000000082E-05 ), #4991, 'distance_accuracy_value', 'NONE');
#1490 = EDGE_CURVE ( 'NONE', #1002, #529, #2890, .T. ) ;
#1491 = FILL_AREA_STYLE ('',( #4876 ) ) ;
#1492 = CARTESIAN_POINT ( 'NONE',  ( 0.8500000000000019762, 0.4999999999999997780, 0.2799999999999999711 ) ) ;
#1493 = EDGE_LOOP ( 'NONE', ( #1149, #3372, #1569, #3455 ) ) ;
#1494 = DIRECTION ( 'NONE',  ( -0.0000000000000000000, -0.0000000000000000000, -1.000000000000000000 ) ) ;
#1495 = CARTESIAN_POINT ( 'NONE',  ( 0.0000000000000000000, 0.0000000000000000000, 0.2599999999999999534 ) ) ;
#1496 = FILL_AREA_STYLE_COLOUR ( '', #2550 ) ;
#1497 = PLANE ( 'NONE',  #5272 ) ;
#1498 = COLOUR_RGB ( '',0.8509803921568627194, 0.8509803921568627194, 0.8509803921568627194 ) ;
#1499 = ORIENTED_EDGE ( 'NONE', *, *, #5010, .F. ) ;
#1500 = PRESENTATION_STYLE_ASSIGNMENT (( #175 ) ) ;
#1501 = AXIS2_PLACEMENT_3D ( 'NONE', #1584, #2468, #4996 ) ;
#1502 = DIRECTION ( 'NONE',  ( -0.0000000000000000000, -0.0000000000000000000, -1.000000000000000000 ) ) ;
#1503 = CARTESIAN_POINT ( 'NONE',  ( 0.7174695751538135990, 0.3080817958270101187, 0.2799999999999999711 ) ) ;
#1504 = STYLED_ITEM ( 'NONE', ( #852 ), #5183 ) ;
#1505 =( LENGTH_UNIT ( ) NAMED_UNIT ( * ) SI_UNIT ( .MILLI., .METRE. ) );
#1506 = ORIENTED_EDGE ( 'NONE', *, *, #4648, .F. ) ;
#1507 = ORIENTED_EDGE ( 'NONE', *, *, #3470, .F. ) ;
#1508 = DIRECTION ( 'NONE',  ( -0.7769070476675158377, 0.6296153105544244344, 0.0000000000000000000 ) ) ;
#1509 = AXIS2_PLACEMENT_3D ( 'NONE', #472, #3940, #1368 ) ;
#1510 = PRESENTATION_LAYER_ASSIGNMENT (  '', '', ( #1328 ) ) ;
#1511 =( LENGTH_UNIT ( ) NAMED_UNIT ( * ) SI_UNIT ( .MILLI., .METRE. ) );
#1512 =( NAMED_UNIT ( * ) PLANE_ANGLE_UNIT ( ) SI_UNIT ( $, .RADIAN. ) );
#1513 = DIRECTION ( 'NONE',  ( 0.0000000000000000000, -0.0000000000000000000, -1.000000000000000000 ) ) ;
#1514 = CARTESIAN_POINT ( 'NONE',  ( -1.099999999999998979, -0.2499999999999999445, 0.2600000000000076694 ) ) ;
#1515 = COLOUR_RGB ( '',0.7921568627450980005, 0.8196078431372548767, 0.9333333333333333481 ) ;
#1516 = CARTESIAN_POINT ( 'NONE',  ( 1.100000000000000533, 0.1999999999999999833, -7.680894765701995475E-15 ) ) ;
#1517 = ORIENTED_EDGE ( 'NONE', *, *, #1624, .F. ) ;
#1518 = MECHANICAL_DESIGN_GEOMETRIC_PRESENTATION_REPRESENTATION (  '', ( #1157 ), #4306 ) ;
#1519 = EDGE_CURVE ( 'NONE', #1977, #1073, #3155, .T. ) ;
#1520 = ORIENTED_EDGE ( 'NONE', *, *, #1247, .F. ) ;
#1521 = STYLED_ITEM ( 'NONE', ( #2671 ), #1121 ) ;
#1522 =( NAMED_UNIT ( * ) PLANE_ANGLE_UNIT ( ) SI_UNIT ( $, .RADIAN. ) );
#1523 =( NAMED_UNIT ( * ) SI_UNIT ( $, .STERADIAN. ) SOLID_ANGLE_UNIT ( ) );
#1524 = SURFACE_STYLE_USAGE ( .BOTH. , #2036 ) ;
#1525 = ORIENTED_EDGE ( 'NONE', *, *, #3781, .F. ) ;
#1526 = STYLED_ITEM ( 'NONE', ( #2045 ), #1227 ) ;
#1527 = DIRECTION ( 'NONE',  ( 0.0000000000000000000, 0.0000000000000000000, 1.000000000000000000 ) ) ;
#1528 = DIRECTION ( 'NONE',  ( 4.259365677621624914E-16, 1.000000000000000000, -2.974299155744968002E-30 ) ) ;
#1529 = DIRECTION ( 'NONE',  ( 6.982962677686268288E-15, -0.0000000000000000000, 1.000000000000000000 ) ) ;
#1530 = CARTESIAN_POINT ( 'NONE',  ( -0.1178234831815653944, -0.5316465652036583833, 0.2810000000000000275 ) ) ;
#1531 = LINE ( 'NONE', #147, #3121 ) ;
#1532 = EDGE_LOOP ( 'NONE', ( #5528, #992, #619, #221 ) ) ;
#1533 = FILL_AREA_STYLE_COLOUR ( '', #4172 ) ;
#1534 =( GEOMETRIC_REPRESENTATION_CONTEXT ( 3 ) GLOBAL_UNCERTAINTY_ASSIGNED_CONTEXT ( ( #4508 ) ) GLOBAL_UNIT_ASSIGNED_CONTEXT ( ( #1425, #4433, #2306 ) ) REPRESENTATION_CONTEXT ( 'NONE', 'WORKASPACE' ) );
#1535 = CARTESIAN_POINT ( 'NONE',  ( -1.099999999999998979, 0.7499999999999997780, 0.2799999999999999711 ) ) ;
#1536 = DIRECTION ( 'NONE',  ( -6.982962677686265922E-15, 0.0000000000000000000, -1.000000000000000000 ) ) ;
#1537 = FILL_AREA_STYLE_COLOUR ( '', #186 ) ;
#1538 = ORIENTED_EDGE ( 'NONE', *, *, #1780, .F. ) ;
#1539 = ORIENTED_EDGE ( 'NONE', *, *, #3317, .F. ) ;
#1540 =( NAMED_UNIT ( * ) SI_UNIT ( $, .STERADIAN. ) SOLID_ANGLE_UNIT ( ) );
#1541 = SURFACE_STYLE_FILL_AREA ( #4519 ) ;
#1542 = FILL_AREA_STYLE_COLOUR ( '', #3787 ) ;
#1543 = CARTESIAN_POINT ( 'NONE',  ( -2.787890710529826887E-16, -0.8999999999999999112, 0.0000000000000000000 ) ) ;
#1544 = EDGE_CURVE ( 'NONE', #2937, #1119, #2260, .T. ) ;
#1545 = AXIS2_PLACEMENT_3D ( 'NONE', #2326, #5361, #1035 ) ;
#1546 = STYLED_ITEM ( 'NONE', ( #401 ), #2237 ) ;
#1547 = VERTEX_POINT ( 'NONE', #593 ) ;
#1548 = UNCERTAINTY_MEASURE_WITH_UNIT (LENGTH_MEASURE( 1.000000000000000082E-05 ), #286, 'distance_accuracy_value', 'NONE');
#1549 = VECTOR ( 'NONE', #3102, 1000.000000000000000 ) ;
#1550 = VERTEX_POINT ( 'NONE', #2731 ) ;
#1551 = FILL_AREA_STYLE ('',( #5046 ) ) ;
#1552 = ORIENTED_EDGE ( 'NONE', *, *, #78, .T. ) ;
#1553 = COLOUR_RGB ( '',0.8509803921568627194, 0.8509803921568627194, 0.8509803921568627194 ) ;
#1554 = CYLINDRICAL_SURFACE ( 'NONE', #2511, 0.2500000000000000000 ) ;
#1555 = AXIS2_PLACEMENT_3D ( 'NONE', #5337, #1476, #3965 ) ;
#1556 = VECTOR ( 'NONE', #108, 1000.000000000000000 ) ;
#1557 = SURFACE_SIDE_STYLE ('',( #3307 ) ) ;
#1558 = EDGE_CURVE ( 'NONE', #668, #3201, #2621, .T. ) ;
#1559 = CARTESIAN_POINT ( 'NONE',  ( 7.493003142994979602E-17, -0.7671295513012331702, 0.2599999999999999534 ) ) ;
#1560 = SURFACE_STYLE_FILL_AREA ( #4538 ) ;
#1561 = MECHANICAL_DESIGN_GEOMETRIC_PRESENTATION_REPRESENTATION (  '', ( #1201 ), #4088 ) ;
#1562 = B_SPLINE_CURVE_WITH_KNOTS ( 'NONE', 2,
 ( #5447, #5082, #2533 ),
 .UNSPECIFIED., .F., .F.,
 ( 3, 3 ),
 ( 0.0000000000000000000, 1.000000000000000000 ),
 .UNSPECIFIED. ) ;
#1563 = DIRECTION ( 'NONE',  ( -4.646580739223590995E-16, -1.000000000000000000, 3.244824118618382289E-30 ) ) ;
#1564 = VECTOR ( 'NONE', #5040, 1000.000000000000000 ) ;
#1565 = FACE_OUTER_BOUND ( 'NONE', #2065, .T. ) ;
#1566 = EDGE_CURVE ( 'NONE', #465, #3913, #4858, .T. ) ;
#1567 = CARTESIAN_POINT ( 'NONE',  ( -0.5035437629006771498, 0.4569292977732096195, 0.2799999999999999711 ) ) ;
#1568 = CARTESIAN_POINT ( 'NONE',  ( 1.100000000000002309, -9.540979117872460713E-16, 0.2599999999999999534 ) ) ;
#1569 = ORIENTED_EDGE ( 'NONE', *, *, #2532, .F. ) ;
#1570 = ORIENTED_EDGE ( 'NONE', *, *, #1976, .T. ) ;
#1571 = SURFACE_STYLE_FILL_AREA ( #4080 ) ;
#1572 =( NAMED_UNIT ( * ) SI_UNIT ( $, .STERADIAN. ) SOLID_ANGLE_UNIT ( ) );
#1573 = SURFACE_SIDE_STYLE ('',( #2425 ) ) ;
#1574 = CARTESIAN_POINT ( 'NONE',  ( -0.6111183130522259699, -0.6072867474877421401, 0.2799999999999999711 ) ) ;
#1575 = COLOUR_RGB ( '',0.8509803921568627194, 0.8509803921568627194, 0.8509803921568627194 ) ;
#1576 = ADVANCED_FACE ( 'NONE', ( #714 ), #2483, .F. ) ;
#1577 = VECTOR ( 'NONE', #4766, 1000.000000000000000 ) ;
#1578 = ORIENTED_EDGE ( 'NONE', *, *, #757, .T. ) ;
#1579 = DIRECTION ( 'NONE',  ( -1.000000000000000000, 0.0000000000000000000, 0.0000000000000000000 ) ) ;
#1580 = PRESENTATION_STYLE_ASSIGNMENT (( #4119 ) ) ;
#1581 = FACE_OUTER_BOUND ( 'NONE', #210, .T. ) ;
#1582 = ORIENTED_EDGE ( 'NONE', *, *, #360, .T. ) ;
#1583 = LINE ( 'NONE', #2914, #1911 ) ;
#1584 = CARTESIAN_POINT ( 'NONE',  ( 1.100000000000002309, -9.540979117872460713E-16, 0.2799999999999999711 ) ) ;
#1585 = FILL_AREA_STYLE ('',( #5445 ) ) ;
#1586 =( LENGTH_UNIT ( ) NAMED_UNIT ( * ) SI_UNIT ( .MILLI., .METRE. ) );
#1587 = ADVANCED_FACE ( 'NONE', ( #2427 ), #3350, .F. ) ;
#1588 = UNCERTAINTY_MEASURE_WITH_UNIT (LENGTH_MEASURE( 1.000000000000000082E-05 ), #702, 'distance_accuracy_value', 'NONE');
#1589 = DIRECTION ( 'NONE',  ( -0.0000000000000000000, 0.0000000000000000000, 1.000000000000000000 ) ) ;
#1590 =( NAMED_UNIT ( * ) PLANE_ANGLE_UNIT ( ) SI_UNIT ( $, .RADIAN. ) );
#1591 = LINE ( 'NONE', #4156, #3526 ) ;
#1592 = DIRECTION ( 'NONE',  ( 0.0000000000000000000, 1.000000000000000000, 0.0000000000000000000 ) ) ;
#1593 = DIRECTION ( 'NONE',  ( 1.000000000000000000, 0.0000000000000000000, 0.0000000000000000000 ) ) ;
#1594 = ORIENTED_EDGE ( 'NONE', *, *, #3127, .F. ) ;
#1595 = DIRECTION ( 'NONE',  ( -1.000000000000000000, 0.0000000000000000000, 0.0000000000000000000 ) ) ;
#1596 = ADVANCED_FACE ( 'NONE', ( #4548 ), #4606, .T. ) ;
#1597 = FACE_OUTER_BOUND ( 'NONE', #2707, .T. ) ;
#1598 = LINE ( 'NONE', #2000, #1564 ) ;
#1599 = EDGE_LOOP ( 'NONE', ( #2824, #4840, #1167, #3747 ) ) ;
#1600 = VECTOR ( 'NONE', #631, 1000.000000000000000 ) ;
#1601 = UNCERTAINTY_MEASURE_WITH_UNIT (LENGTH_MEASURE( 1.000000000000000082E-05 ), #3451, 'distance_accuracy_value', 'NONE');
#1602 = ORIENTED_EDGE ( 'NONE', *, *, #2998, .T. ) ;
#1603 = SURFACE_STYLE_FILL_AREA ( #5462 ) ;
#1604 = FILL_AREA_STYLE ('',( #4173 ) ) ;
#1605 = FILL_AREA_STYLE_COLOUR ( '', #3355 ) ;
#1606 = ORIENTED_EDGE ( 'NONE', *, *, #4114, .T. ) ;
#1607 = ADVANCED_FACE ( 'NONE', ( #4296 ), #5594, .T. ) ;
#1608 =( NAMED_UNIT ( * ) SI_UNIT ( $, .STERADIAN. ) SOLID_ANGLE_UNIT ( ) );
#1609 = STYLED_ITEM ( 'NONE', ( #1500 ), #1148 ) ;
#1610 = CARTESIAN_POINT ( 'NONE',  ( 0.7376531201253040404, 0.5519215185516125333, 0.2799999999999999711 ) ) ;
#1611 = PLANE ( 'NONE',  #1186 ) ;
#1612 = SURFACE_STYLE_FILL_AREA ( #1128 ) ;
#1613 = CARTESIAN_POINT ( 'NONE',  ( -0.5740798441076682135, -0.6849774522544942457, 0.2599999999999999534 ) ) ;
#1614 = CARTESIAN_POINT ( 'NONE',  ( -1.099999999999998090, 1.000000000000000000, 0.2600000000000076694 ) ) ;
#1615 = CARTESIAN_POINT ( 'NONE',  ( -0.4135483952989442713, -0.3593805362314128615, 0.2810000000000000275 ) ) ;
#1616 = ORIENTED_EDGE ( 'NONE', *, *, #2223, .F. ) ;
#1617 =( GEOMETRIC_REPRESENTATION_CONTEXT ( 3 ) GLOBAL_UNCERTAINTY_ASSIGNED_CONTEXT ( ( #4241 ) ) GLOBAL_UNIT_ASSIGNED_CONTEXT ( ( #888, #3949, #2625 ) ) REPRESENTATION_CONTEXT ( 'NONE', 'WORKASPACE' ) );
#1618 = ORIENTED_EDGE ( 'NONE', *, *, #1650, .F. ) ;
#1619 = SURFACE_STYLE_FILL_AREA ( #5564 ) ;
#1620 = AXIS2_PLACEMENT_3D ( 'NONE', #4813, #4495, #129 ) ;
#1621 = SURFACE_STYLE_USAGE ( .BOTH. , #4980 ) ;
#1622 = CARTESIAN_POINT ( 'NONE',  ( -0.0000000000000000000, 0.8637862597461452019, 0.2599999999999999534 ) ) ;
#1623 = CARTESIAN_POINT ( 'NONE',  ( -1.099999999999998979, -0.1385744931852173067, 0.2599999999999999534 ) ) ;
#1624 = EDGE_CURVE ( 'NONE', #4052, #4571, #1739, .T. ) ;
#1625 = COLOUR_RGB ( '',0.8509803921568627194, 0.8509803921568627194, 0.8509803921568627194 ) ;
#1626 = CARTESIAN_POINT ( 'NONE',  ( 0.2532275857927164253, -0.3593805362314128615, 0.2810000000000000275 ) ) ;
#1627 = CARTESIAN_POINT ( 'NONE',  ( -0.7713451857263546874, 0.6561302432729905210, 0.2599999999999999534 ) ) ;
#1628 = ADVANCED_FACE ( 'NONE', ( #3478 ), #4348, .T. ) ;
#1629 = ORIENTED_EDGE ( 'NONE', *, *, #1558, .F. ) ;
#1630 = MECHANICAL_DESIGN_GEOMETRIC_PRESENTATION_REPRESENTATION (  '', ( #76 ), #2370 ) ;
#1631 = DIRECTION ( 'NONE',  ( 0.0000000000000000000, -1.000000000000000000, 0.0000000000000000000 ) ) ;
#1632 = PRESENTATION_STYLE_ASSIGNMENT (( #2859 ) ) ;
#1633 =( NAMED_UNIT ( * ) SI_UNIT ( $, .STERADIAN. ) SOLID_ANGLE_UNIT ( ) );
#1634 = AXIS2_PLACEMENT_3D ( 'NONE', #857, #50, #423 ) ;
#1635 = PRESENTATION_LAYER_ASSIGNMENT (  '', '', ( #538 ) ) ;
#1636 = EDGE_CURVE ( 'NONE', #2526, #2277, #1444, .T. ) ;
#1637 = CARTESIAN_POINT ( 'NONE',  ( -1.100000000000000311, -0.8999999999999998002, 0.02000000000000768177 ) ) ;
#1638 = PRESENTATION_STYLE_ASSIGNMENT (( #790 ) ) ;
#1639 = ORIENTED_EDGE ( 'NONE', *, *, #5122, .T. ) ;
#1640 = COLOUR_RGB ( '',0.8509803921568627194, 0.8509803921568627194, 0.8509803921568627194 ) ;
#1641 = VERTEX_POINT ( 'NONE', #357 ) ;
#1642 =( LENGTH_UNIT ( ) NAMED_UNIT ( * ) SI_UNIT ( .MILLI., .METRE. ) );
#1643 = AXIS2_PLACEMENT_3D ( 'NONE', #1469, #117, #5250 ) ;
#1644 = FILL_AREA_STYLE_COLOUR ( '', #2608 ) ;
#1645 = CARTESIAN_POINT ( 'NONE',  ( 0.6809088744240132662, 0.5569292977732096528, 0.2599999999999999534 ) ) ;
#1646 = SURFACE_STYLE_USAGE ( .BOTH. , #2080 ) ;
#1647 = FILL_AREA_STYLE_COLOUR ( '', #1081 ) ;
#1648 = ORIENTED_EDGE ( 'NONE', *, *, #3241, .F. ) ;
#1649 = UNCERTAINTY_MEASURE_WITH_UNIT (LENGTH_MEASURE( 1.000000000000000082E-05 ), #1255, 'distance_accuracy_value', 'NONE');
#1650 = EDGE_CURVE ( 'NONE', #1800, #4358, #2956, .T. ) ;
#1651 = EDGE_LOOP ( 'NONE', ( #280, #3999, #4289, #3623 ) ) ;
#1652 = CARTESIAN_POINT ( 'NONE',  ( -0.6634567500555484942, -0.2265013340820382082, 0.2599999999999999534 ) ) ;
#1653 = VECTOR ( 'NONE', #3968, 1000.000000000000000 ) ;
#1654 = PLANE ( 'NONE',  #517 ) ;
#1655 = CARTESIAN_POINT ( 'NONE',  ( -0.6766918921026191525, 0.6855750628389500889, 0.2599999999999999534 ) ) ;
#1656 = DIRECTION ( 'NONE',  ( -1.000000000000000000, 0.0000000000000000000, 0.0000000000000000000 ) ) ;
#1657 = ORIENTED_EDGE ( 'NONE', *, *, #910, .F. ) ;
#1658 = COLOUR_RGB ( '',0.8509803921568627194, 0.8509803921568627194, 0.8509803921568627194 ) ;
#1659 = EDGE_CURVE ( 'NONE', #964, #3432, #5257, .T. ) ;
#1660 = ORIENTED_EDGE ( 'NONE', *, *, #4481, .F. ) ;
#1661 = SURFACE_STYLE_FILL_AREA ( #2438 ) ;
#1662 = AXIS2_PLACEMENT_3D ( 'NONE', #1734, #3444, #5166 ) ;
#1663 = CARTESIAN_POINT ( 'NONE',  ( -0.7482052191486779913, -0.5828783997317398269, 0.2799999999999999711 ) ) ;
#1664 = LINE ( 'NONE', #346, #4246 ) ;
#1665 = COLOUR_RGB ( '',0.7921568627450980005, 0.8196078431372548767, 0.9333333333333333481 ) ;
#1666 = DIRECTION ( 'NONE',  ( 0.0000000000000000000, 1.000000000000000000, 0.0000000000000000000 ) ) ;
#1667 =( NAMED_UNIT ( * ) SI_UNIT ( $, .STERADIAN. ) SOLID_ANGLE_UNIT ( ) );
#1668 = FACE_OUTER_BOUND ( 'NONE', #1116, .T. ) ;
#1669 = PRESENTATION_STYLE_ASSIGNMENT (( #2148 ) ) ;
#1670 = ORIENTED_EDGE ( 'NONE', *, *, #4070, .F. ) ;
#1671 = VERTEX_POINT ( 'NONE', #5286 ) ;
#1672 = EDGE_CURVE ( 'NONE', #5125, #4378, #1367, .T. ) ;
#1673 = DIRECTION ( 'NONE',  ( -0.0000000000000000000, -0.0000000000000000000, -1.000000000000000000 ) ) ;
#1674 = PRESENTATION_STYLE_ASSIGNMENT (( #1705 ) ) ;
#1675 =( NAMED_UNIT ( * ) PLANE_ANGLE_UNIT ( ) SI_UNIT ( $, .RADIAN. ) );
#1676 = FILL_AREA_STYLE ('',( #1262 ) ) ;
#1677 = CARTESIAN_POINT ( 'NONE',  ( 0.7507068832573945416, 0.6078267106094943362, 0.2799999999999999711 ) ) ;
#1678 =( LENGTH_UNIT ( ) NAMED_UNIT ( * ) SI_UNIT ( .MILLI., .METRE. ) );
#1679 = EDGE_LOOP ( 'NONE', ( #3766, #761, #4071, #2989 ) ) ;
#1680 = VECTOR ( 'NONE', #5523, 1000.000000000000000 ) ;
#1681 = ORIENTED_EDGE ( 'NONE', *, *, #2520, .F. ) ;
#1682 = CARTESIAN_POINT ( 'NONE',  ( 1.100000000000003642, 1.908195823574494115E-15, 0.2599999999999999534 ) ) ;
#1683 = FACE_OUTER_BOUND ( 'NONE', #250, .T. ) ;
#1684 = CARTESIAN_POINT ( 'NONE',  ( 0.0000000000000000000, 0.0000000000000000000, 0.2599999999999999534 ) ) ;
#1685 =( GEOMETRIC_REPRESENTATION_CONTEXT ( 3 ) GLOBAL_UNCERTAINTY_ASSIGNED_CONTEXT ( ( #550 ) ) GLOBAL_UNIT_ASSIGNED_CONTEXT ( ( #727, #2091, #5414 ) ) REPRESENTATION_CONTEXT ( 'NONE', 'WORKASPACE' ) );
#1686 = FILL_AREA_STYLE_COLOUR ( '', #3183 ) ;
#1687 = ORIENTED_EDGE ( 'NONE', *, *, #515, .T. ) ;
#1688 = EDGE_CURVE ( 'NONE', #3776, #20, #1451, .T. ) ;
#1689 = AXIS2_PLACEMENT_3D ( 'NONE', #17, #2275, #3068 ) ;
#1690 = VERTEX_POINT ( 'NONE', #3205 ) ;
#1691 =( GEOMETRIC_REPRESENTATION_CONTEXT ( 3 ) GLOBAL_UNCERTAINTY_ASSIGNED_CONTEXT ( ( #5312 ) ) GLOBAL_UNIT_ASSIGNED_CONTEXT ( ( #3159, #5242, #1841 ) ) REPRESENTATION_CONTEXT ( 'NONE', 'WORKASPACE' ) );
#1692 = PRESENTATION_STYLE_ASSIGNMENT (( #4754 ) ) ;
#1693 = ADVANCED_FACE ( 'NONE', ( #4049 ), #4859, .F. ) ;
#1694 = SURFACE_STYLE_FILL_AREA ( #784 ) ;
#1695 =( GEOMETRIC_REPRESENTATION_CONTEXT ( 3 ) GLOBAL_UNCERTAINTY_ASSIGNED_CONTEXT ( ( #1882 ) ) GLOBAL_UNIT_ASSIGNED_CONTEXT ( ( #2955, #2103, #2185 ) ) REPRESENTATION_CONTEXT ( 'NONE', 'WORKASPACE' ) );
#1696 = AXIS2_PLACEMENT_3D ( 'NONE', #5186, #4730, #4708 ) ;
#1697 = CARTESIAN_POINT ( 'NONE',  ( -1.099999999999999867, -1.000000000000000000, 0.02000000000000768177 ) ) ;
#1698 = STYLED_ITEM ( 'NONE', ( #4372 ), #1145 ) ;
#1699 = SURFACE_SIDE_STYLE ('',( #5585 ) ) ;
#1700 = SURFACE_STYLE_USAGE ( .BOTH. , #5135 ) ;
#1701 = DIRECTION ( 'NONE',  ( -1.000000000000000000, -0.0000000000000000000, -0.0000000000000000000 ) ) ;
#1702 = ORIENTED_EDGE ( 'NONE', *, *, #851, .T. ) ;
#1703 =( GEOMETRIC_REPRESENTATION_CONTEXT ( 3 ) GLOBAL_UNCERTAINTY_ASSIGNED_CONTEXT ( ( #2217 ) ) GLOBAL_UNIT_ASSIGNED_CONTEXT ( ( #3925, #2604, #57 ) ) REPRESENTATION_CONTEXT ( 'NONE', 'WORKASPACE' ) );
#1704 = ADVANCED_FACE ( 'NONE', ( #3098 ), #526, .T. ) ;
#1705 = SURFACE_STYLE_USAGE ( .BOTH. , #2587 ) ;
#1706 = CARTESIAN_POINT ( 'NONE',  ( -0.8737021536631368601, 0.8225389107019435153, 0.2799999999999999156 ) ) ;
#1707 = COLOUR_RGB ( '',0.8509803921568627194, 0.8509803921568627194, 0.8509803921568627194 ) ;
#1708 = DIRECTION ( 'NONE',  ( 1.000000000000000000, 0.0000000000000000000, 0.0000000000000000000 ) ) ;
#1709 = CARTESIAN_POINT ( 'NONE',  ( 0.7978332356883809373, -0.08504592687205501933, 0.2799999999999999711 ) ) ;
#1710 = EDGE_LOOP ( 'NONE', ( #2346, #2647, #2960, #1007 ) ) ;
#1711 = UNCERTAINTY_MEASURE_WITH_UNIT (LENGTH_MEASURE( 1.000000000000000082E-05 ), #4277, 'distance_accuracy_value', 'NONE');
#1712 = AXIS2_PLACEMENT_3D ( 'NONE', #5065, #1078, #4112 ) ;
#1713 = ORIENTED_EDGE ( 'NONE', *, *, #4182, .F. ) ;
#1714 = ADVANCED_FACE ( 'NONE', ( #2246 ), #3621, .F. ) ;
#1715 = LINE ( 'NONE', #23, #2602 ) ;
#1716 = CARTESIAN_POINT ( 'NONE',  ( -1.099999999999998979, 0.1362137402538543540, 0.2799999999999999711 ) ) ;
#1717 = DIRECTION ( 'NONE',  ( 1.000000000000000000, 0.0000000000000000000, 0.0000000000000000000 ) ) ;
#1718 = DIRECTION ( 'NONE',  ( -0.0000000000000000000, -0.0000000000000000000, -1.000000000000000000 ) ) ;
#1719 = VECTOR ( 'NONE', #2334, 1000.000000000000000 ) ;
#1720 = LINE ( 'NONE', #3025, #5064 ) ;
#1721 = ORIENTED_EDGE ( 'NONE', *, *, #1447, .F. ) ;
#1722 = LINE ( 'NONE', #2576, #2697 ) ;
#1723 = SURFACE_STYLE_FILL_AREA ( #5582 ) ;
#1724 =( GEOMETRIC_REPRESENTATION_CONTEXT ( 3 ) GLOBAL_UNCERTAINTY_ASSIGNED_CONTEXT ( ( #3924 ) ) GLOBAL_UNIT_ASSIGNED_CONTEXT ( ( #2559, #3869, #3840 ) ) REPRESENTATION_CONTEXT ( 'NONE', 'WORKASPACE' ) );
#1725 = SURFACE_SIDE_STYLE ('',( #3871 ) ) ;
#1726 = SURFACE_STYLE_FILL_AREA ( #5249 ) ;
#1727 = STYLED_ITEM ( 'NONE', ( #887 ), #2969 ) ;
#1728 = EDGE_CURVE ( 'NONE', #1235, #3158, #5005, .T. ) ;
#1729 = PRESENTATION_LAYER_ASSIGNMENT (  '', '', ( #442 ) ) ;
#1730 = DIRECTION ( 'NONE',  ( 1.000000000000000000, -8.673617379884037444E-16, -6.982962677686265922E-15 ) ) ;
#1731 = LINE ( 'NONE', #4266, #4151 ) ;
#1732 = CARTESIAN_POINT ( 'NONE',  ( 0.2532275857927164253, -0.5316465652036583833, 0.2810000000000000275 ) ) ;
#1733 = EDGE_LOOP ( 'NONE', ( #2898, #2798, #3942, #3800 ) ) ;
#1734 = CARTESIAN_POINT ( 'NONE',  ( 1.100000000000002087, -0.5000000000000002220, 0.2799999999999999711 ) ) ;
#1735 =( GEOMETRIC_REPRESENTATION_CONTEXT ( 3 ) GLOBAL_UNCERTAINTY_ASSIGNED_CONTEXT ( ( #2403 ) ) GLOBAL_UNIT_ASSIGNED_CONTEXT ( ( #2513, #4138, #3714 ) ) REPRESENTATION_CONTEXT ( 'NONE', 'WORKASPACE' ) );
#1736 = VECTOR ( 'NONE', #1272, 1000.000000000000000 ) ;
#1737 = ADVANCED_FACE ( 'NONE', ( #3312 ), #2923, .T. ) ;
#1738 = FACE_OUTER_BOUND ( 'NONE', #4872, .T. ) ;
#1739 = LINE ( 'NONE', #3449, #3521 ) ;
#1740 = LINE ( 'NONE', #1796, #5559 ) ;
#1741 = FILL_AREA_STYLE ('',( #1369 ) ) ;
#1742 = ORIENTED_EDGE ( 'NONE', *, *, #2946, .F. ) ;
#1743 =( GEOMETRIC_REPRESENTATION_CONTEXT ( 3 ) GLOBAL_UNCERTAINTY_ASSIGNED_CONTEXT ( ( #687 ) ) GLOBAL_UNIT_ASSIGNED_CONTEXT ( ( #3868, #3435, #5157 ) ) REPRESENTATION_CONTEXT ( 'NONE', 'WORKASPACE' ) );
#1744 = ORIENTED_EDGE ( 'NONE', *, *, #213, .T. ) ;
#1745 = DIRECTION ( 'NONE',  ( 1.000000000000000000, 0.0000000000000000000, 0.0000000000000000000 ) ) ;
#1746 = CARTESIAN_POINT ( 'NONE',  ( 1.100000000000000089, -0.2000000000000005940, -7.680894765701995475E-15 ) ) ;
#1747 = PRESENTATION_STYLE_ASSIGNMENT (( #1317 ) ) ;
#1748 =( NAMED_UNIT ( * ) SI_UNIT ( $, .STERADIAN. ) SOLID_ANGLE_UNIT ( ) );
#1749 = ORIENTED_EDGE ( 'NONE', *, *, #3217, .T. ) ;
#1750 = EDGE_CURVE ( 'NONE', #3506, #4365, #1065, .T. ) ;
#1751 = VERTEX_POINT ( 'NONE', #2392 ) ;
#1752 = LINE ( 'NONE', #5481, #2437 ) ;
#1753 = FILL_AREA_STYLE_COLOUR ( '', #1471 ) ;
#1754 = DIRECTION ( 'NONE',  ( 1.000000000000000000, 0.0000000000000000000, 0.0000000000000000000 ) ) ;
#1755 = CARTESIAN_POINT ( 'NONE',  ( -1.099999999999999867, -1.000000000000000000, 0.02000000000000768177 ) ) ;
#1756 = VECTOR ( 'NONE', #1701, 1000.000000000000000 ) ;
#1757 = DIRECTION ( 'NONE',  ( 1.000000000000000000, -9.856383386231857595E-17, -6.982631605183631963E-15 ) ) ;
#1758 = VECTOR ( 'NONE', #2642, 1000.000000000000000 ) ;
#1759 = CARTESIAN_POINT ( 'NONE',  ( -0.6803386800598816286, -0.2391341263035014764, 0.2599999999999999534 ) ) ;
#1760 = PLANE ( 'NONE',  #4082 ) ;
#1761 = DIRECTION ( 'NONE',  ( -0.0000000000000000000, 0.0000000000000000000, 1.000000000000000000 ) ) ;
#1762 = DIRECTION ( 'NONE',  ( 1.000000000000000000, 0.0000000000000000000, 0.0000000000000000000 ) ) ;
#1763 = ORIENTED_EDGE ( 'NONE', *, *, #3063, .F. ) ;
#1764 = LINE ( 'NONE', #3095, #1577 ) ;
#1765 = PRESENTATION_LAYER_ASSIGNMENT (  '', '', ( #1026 ) ) ;
#1766 = UNCERTAINTY_MEASURE_WITH_UNIT (LENGTH_MEASURE( 1.000000000000000082E-05 ), #1423, 'distance_accuracy_value', 'NONE');
#1767 =( NAMED_UNIT ( * ) SI_UNIT ( $, .STERADIAN. ) SOLID_ANGLE_UNIT ( ) );
#1768 = CARTESIAN_POINT ( 'NONE',  ( -0.5740798441076691017, -7.576417661678501932E-16, 0.2799999999999999711 ) ) ;
#1769 = ORIENTED_EDGE ( 'NONE', *, *, #2136, .T. ) ;
#1770 = EDGE_CURVE ( 'NONE', #1467, #860, #1591, .T. ) ;
#1771 = ORIENTED_EDGE ( 'NONE', *, *, #4284, .F. ) ;
#1772 = DIRECTION ( 'NONE',  ( -1.000000000000000000, -0.0000000000000000000, -0.0000000000000000000 ) ) ;
#1773 = CARTESIAN_POINT ( 'NONE',  ( -0.5388595371840243509, 0.8637862597461452019, 0.2599999999999999534 ) ) ;
#1774 = LINE ( 'NONE', #4004, #3715 ) ;
#1775 = EDGE_LOOP ( 'NONE', ( #4146, #3354, #2228, #1197 ) ) ;
#1776 = EDGE_LOOP ( 'NONE', ( #419, #188, #2075, #800 ) ) ;
#1777 = COLOUR_RGB ( '',0.8509803921568627194, 0.8509803921568627194, 0.8509803921568627194 ) ;
#1778 = CARTESIAN_POINT ( 'NONE',  ( 0.5359203924145662379, 1.036540087595036278E-16, 0.2799999999999999711 ) ) ;
#1779 = AXIS2_PLACEMENT_3D ( 'NONE', #479, #4386, #2257 ) ;
#1780 = EDGE_CURVE ( 'NONE', #5577, #947, #1964, .T. ) ;
#1781 = DIRECTION ( 'NONE',  ( 9.856383386231857595E-17, 1.000000000000000000, -6.882675732302403897E-31 ) ) ;
#1782 = DIRECTION ( 'NONE',  ( 0.0000000000000000000, -0.0000000000000000000, 1.000000000000000000 ) ) ;
#1783 = VERTEX_POINT ( 'NONE', #1535 ) ;
#1784 = PRESENTATION_STYLE_ASSIGNMENT (( #1305 ) ) ;
#1785 = STYLED_ITEM ( 'NONE', ( #5436 ), #574 ) ;
#1786 = VECTOR ( 'NONE', #5373, 1000.000000000000000 ) ;
#1787 = LINE ( 'NONE', #4793, #5020 ) ;
#1788 = VECTOR ( 'NONE', #4036, 1000.000000000000000 ) ;
#1789 = CLOSED_SHELL ( 'NONE', ( #2282, #1076, #1387, #5183, #388, #5522, #1848, #2650, #5033, #1804, #1607, #4824, #1737, #3569, #3357, #1486, #1870, #1714, #1101, #2145, #3864, #5552, #4023, #2809, #2715, #3701, #4258, #3605, #4238, #3481, #586, #426, #2458, #1173, #3749, #4353 ) ) ;
#1790 = CARTESIAN_POINT ( 'NONE',  ( 0.0000000000000000000, 0.0000000000000000000, 0.2599999999999999534 ) ) ;
#1791 = ORIENTED_EDGE ( 'NONE', *, *, #753, .T. ) ;
#1792 = AXIS2_PLACEMENT_3D ( 'NONE', #2931, #4768, #2753 ) ;
#1793 =( NAMED_UNIT ( * ) PLANE_ANGLE_UNIT ( ) SI_UNIT ( $, .RADIAN. ) );
#1794 = SURFACE_SIDE_STYLE ('',( #41 ) ) ;
#1795 = CARTESIAN_POINT ( 'NONE',  ( 0.3901487617419281406, 0.8637862597461452019, 0.2799999999999999711 ) ) ;
#1796 = CARTESIAN_POINT ( 'NONE',  ( -0.9174636228121989534, -0.1880563063957278735, 0.2799999999999999711 ) ) ;
#1797 = DIRECTION ( 'NONE',  ( -1.000000000000000000, 0.0000000000000000000, 6.983251342707903681E-15 ) ) ;
#1798 = COLOUR_RGB ( '',0.7921568627450980005, 0.8196078431372548767, 0.9333333333333333481 ) ;
#1799 = VERTEX_POINT ( 'NONE', #4187 ) ;
#1800 = VERTEX_POINT ( 'NONE', #3342 ) ;
#1801 = COLOUR_RGB ( '',1.000000000000000000, 1.000000000000000000, 1.000000000000000000 ) ;
#1802 = DIRECTION ( 'NONE',  ( -4.646580739223590995E-16, -1.000000000000000000, 3.244824118618382289E-30 ) ) ;
#1803 = DIRECTION ( 'NONE',  ( 0.0000000000000000000, -1.000000000000000000, 0.0000000000000000000 ) ) ;
#1804 = ADVANCED_FACE ( 'NONE', ( #5395 ), #269, .F. ) ;
#1805 = DIRECTION ( 'NONE',  ( -1.000000000000000000, 8.673617379884039416E-16, 0.0000000000000000000 ) ) ;
#1806 = EDGE_LOOP ( 'NONE', ( #211, #5547, #587, #3700 ) ) ;
#1807 = SURFACE_STYLE_FILL_AREA ( #2115 ) ;
#1808 = EDGE_CURVE ( 'NONE', #4974, #5015, #1223, .T. ) ;
#1809 = MECHANICAL_DESIGN_GEOMETRIC_PRESENTATION_REPRESENTATION (  '', ( #4767 ), #2443 ) ;
#1810 = SURFACE_STYLE_FILL_AREA ( #483 ) ;
#1811 = PRESENTATION_STYLE_ASSIGNMENT (( #3554 ) ) ;
#1812 = DIRECTION ( 'NONE',  ( 6.983251342707903681E-15, -0.0000000000000000000, 1.000000000000000000 ) ) ;
#1813 = SURFACE_STYLE_FILL_AREA ( #62 ) ;
#1814 = VERTEX_POINT ( 'NONE', #5164 ) ;
#1815 = CARTESIAN_POINT ( 'NONE',  ( -0.8737021536631368601, 0.8225389107019435153, 0.2599999999999999534 ) ) ;
#1816 = COLOUR_RGB ( '',0.8509803921568627194, 0.8509803921568627194, 0.8509803921568627194 ) ;
#1817 = FACE_OUTER_BOUND ( 'NONE', #4418, .T. ) ;
#1818 = FILL_AREA_STYLE ('',( #4066 ) ) ;
#1819 = STYLED_ITEM ( 'NONE', ( #3674 ), #2781 ) ;
#1820 = COLOUR_RGB ( '',1.000000000000000000, 1.000000000000000000, 1.000000000000000000 ) ;
#1821 = PLANE ( 'NONE',  #3722 ) ;
#1822 = CARTESIAN_POINT ( 'NONE',  ( -0.4135483952989442713, -0.5316465652036583833, 0.2810000000000000275 ) ) ;
#1823 = EDGE_CURVE ( 'NONE', #334, #2315, #1731, .T. ) ;
#1824 = STYLED_ITEM ( 'NONE', ( #2440 ), #2809 ) ;
#1825 = UNCERTAINTY_MEASURE_WITH_UNIT (LENGTH_MEASURE( 1.000000000000000082E-05 ), #3571, 'distance_accuracy_value', 'NONE');
#1826 = SURFACE_STYLE_FILL_AREA ( #4801 ) ;
#1827 = DIRECTION ( 'NONE',  ( -0.0000000000000000000, 0.0000000000000000000, 1.000000000000000000 ) ) ;
#1828 = SURFACE_STYLE_USAGE ( .BOTH. , #3967 ) ;
#1829 =( NAMED_UNIT ( * ) SI_UNIT ( $, .STERADIAN. ) SOLID_ANGLE_UNIT ( ) );
#1830 = ORIENTED_EDGE ( 'NONE', *, *, #4533, .T. ) ;
#1831 = VECTOR ( 'NONE', #2729, 1000.000000000000000 ) ;
#1832 = ORIENTED_EDGE ( 'NONE', *, *, #4744, .F. ) ;
#1833 = COLOUR_RGB ( '',0.8509803921568627194, 0.8509803921568627194, 0.8509803921568627194 ) ;
#1834 = AXIS2_PLACEMENT_3D ( 'NONE', #890, #1297, #5574 ) ;
#1835 = LINE ( 'NONE', #3549, #2686 ) ;
#1836 = DIRECTION ( 'NONE',  ( -0.0000000000000000000, -0.0000000000000000000, -1.000000000000000000 ) ) ;
#1837 = FACE_OUTER_BOUND ( 'NONE', #4993, .T. ) ;
#1838 = CIRCLE ( 'NONE', #5428, 0.3614255068147826933 ) ;
#1839 = EDGE_CURVE ( 'NONE', #2315, #1210, #378, .T. ) ;
#1840 = VERTEX_POINT ( 'NONE', #815 ) ;
#1841 =( NAMED_UNIT ( * ) SI_UNIT ( $, .STERADIAN. ) SOLID_ANGLE_UNIT ( ) );
#1842 = PRESENTATION_LAYER_ASSIGNMENT (  '', '', ( #4892 ) ) ;
#1843 = CARTESIAN_POINT ( 'NONE',  ( 0.7174695751538135990, -0.08025157153844876545, 0.2799999999999999711 ) ) ;
#1844 = CARTESIAN_POINT ( 'NONE',  ( -1.100000000000000977, -0.7499999999999997780, 7.680894765701995475E-15 ) ) ;
#1845 = CARTESIAN_POINT ( 'NONE',  ( -0.3095939579225142069, -0.5316465652036583833, 0.2599999999999999534 ) ) ;
#1846 = ORIENTED_EDGE ( 'NONE', *, *, #2680, .T. ) ;
#1847 = AXIS2_PLACEMENT_3D ( 'NONE', #4570, #2420, #708 ) ;
#1848 = ADVANCED_FACE ( 'NONE', ( #5507 ), #1254, .T. ) ;
#1849 = STYLED_ITEM ( 'NONE', ( #418 ), #3876 ) ;
#1850 = SURFACE_STYLE_USAGE ( .BOTH. , #90 ) ;
#1851 =( NAMED_UNIT ( * ) SI_UNIT ( $, .STERADIAN. ) SOLID_ANGLE_UNIT ( ) );
#1852 = DIRECTION ( 'NONE',  ( -0.0000000000000000000, -0.0000000000000000000, -1.000000000000000000 ) ) ;
#1853 = PLANE ( 'NONE',  #841 ) ;
#1854 = CIRCLE ( 'NONE', #4444, 0.2500000000000000000 ) ;
#1855 = FILL_AREA_STYLE_COLOUR ( '', #1433 ) ;
#1856 = CARTESIAN_POINT ( 'NONE',  ( -2.787890710529827380E-16, -0.9000000000000001332, 0.0000000000000000000 ) ) ;
#1857 = SURFACE_STYLE_USAGE ( .BOTH. , #2276 ) ;
#1858 = VERTEX_POINT ( 'NONE', #5111 ) ;
#1859 = ORIENTED_EDGE ( 'NONE', *, *, #4838, .T. ) ;
#1860 = VECTOR ( 'NONE', #3580, 1000.000000000000000 ) ;
#1861 = DIRECTION ( 'NONE',  ( 1.000000000000000000, 0.0000000000000000000, 0.0000000000000000000 ) ) ;
#1862 = LINE ( 'NONE', #1459, #1831 ) ;
#1863 = DIRECTION ( 'NONE',  ( 1.000000000000000000, 0.0000000000000000000, -6.938893903907228378E-15 ) ) ;
#1864 = CARTESIAN_POINT ( 'NONE',  ( 0.7672489025476870728, 0.6470277182179263731, 0.2599999999999999534 ) ) ;
#1865 = ORIENTED_EDGE ( 'NONE', *, *, #360, .F. ) ;
#1866 = ORIENTED_EDGE ( 'NONE', *, *, #3559, .T. ) ;
#1867 = DIRECTION ( 'NONE',  ( 2.378754451002344057E-17, 1.000000000000000000, -0.0000000000000000000 ) ) ;
#1868 = DIRECTION ( 'NONE',  ( -0.0000000000000000000, -0.0000000000000000000, -1.000000000000000000 ) ) ;
#1869 = CARTESIAN_POINT ( 'NONE',  ( -2.407412430484044816E-32, 0.0000000000000000000, 0.0000000000000000000 ) ) ;
#1870 = ADVANCED_FACE ( 'NONE', ( #1668 ), #3393, .T. ) ;
#1871 = FACE_OUTER_BOUND ( 'NONE', #2910, .T. ) ;
#1872 = EDGE_LOOP ( 'NONE', ( #1922, #2360, #1340, #4058 ) ) ;
#1873 = DIRECTION ( 'NONE',  ( -0.0000000000000000000, -0.0000000000000000000, -1.000000000000000000 ) ) ;
#1874 =( GEOMETRIC_REPRESENTATION_CONTEXT ( 3 ) GLOBAL_UNCERTAINTY_ASSIGNED_CONTEXT ( ( #2280 ) ) GLOBAL_UNIT_ASSIGNED_CONTEXT ( ( #1307, #5131, #3472 ) ) REPRESENTATION_CONTEXT ( 'NONE', 'WORKASPACE' ) );
#1875 =( GEOMETRIC_REPRESENTATION_CONTEXT ( 3 ) GLOBAL_UNCERTAINTY_ASSIGNED_CONTEXT ( ( #2791 ) ) GLOBAL_UNIT_ASSIGNED_CONTEXT ( ( #5265, #2313, #3601 ) ) REPRESENTATION_CONTEXT ( 'NONE', 'WORKASPACE' ) );
#1876 = CARTESIAN_POINT ( 'NONE',  ( -0.5740798441076682135, -0.6849774522544942457, 0.2799999999999999711 ) ) ;
#1877 = EDGE_CURVE ( 'NONE', #1931, #4524, #4645, .T. ) ;
#1878 = SURFACE_SIDE_STYLE ('',( #118 ) ) ;
#1879 = VECTOR ( 'NONE', #3630, 1000.000000000000000 ) ;
#1880 = DIRECTION ( 'NONE',  ( -8.673617379884037444E-16, -1.000000000000000000, 6.057005021420981535E-30 ) ) ;
#1881 = VECTOR ( 'NONE', #2171, 1000.000000000000000 ) ;
#1882 = UNCERTAINTY_MEASURE_WITH_UNIT (LENGTH_MEASURE( 1.000000000000000082E-05 ), #2955, 'distance_accuracy_value', 'NONE');
#1883 = VECTOR ( 'NONE', #3915, 1000.000000000000000 ) ;
#1884 = DIRECTION ( 'NONE',  ( 1.000000000000000000, 0.0000000000000000000, 0.0000000000000000000 ) ) ;
#1885 = DIRECTION ( 'NONE',  ( -6.982962677686265922E-15, 0.0000000000000000000, -1.000000000000000000 ) ) ;
#1886 = CARTESIAN_POINT ( 'NONE',  ( -1.099999999999998979, 0.0000000000000000000, 0.2599999999999999534 ) ) ;
#1887 = CARTESIAN_POINT ( 'NONE',  ( 0.3124155170610076193, -0.05709504976923729380, 0.2599999999999999534 ) ) ;
#1888 = ORIENTED_EDGE ( 'NONE', *, *, #4638, .T. ) ;
#1889 = VERTEX_POINT ( 'NONE', #3783 ) ;
#1890 = CIRCLE ( 'NONE', #2879, 0.3637862597461454239 ) ;
#1891 = EDGE_CURVE ( 'NONE', #1800, #1467, #1583, .T. ) ;
#1892 = CARTESIAN_POINT ( 'NONE',  ( -1.099999999999998979, -0.2499999999999997780, 0.2799999999999999711 ) ) ;
#1893 = PRESENTATION_STYLE_ASSIGNMENT (( #3550 ) ) ;
#1894 = DIRECTION ( 'NONE',  ( 0.0000000000000000000, 0.0000000000000000000, 1.000000000000000000 ) ) ;
#1895 = VERTEX_POINT ( 'NONE', #777 ) ;
#1896 = MECHANICAL_DESIGN_GEOMETRIC_PRESENTATION_REPRESENTATION (  '', ( #1609 ), #4850 ) ;
#1897 = ORIENTED_EDGE ( 'NONE', *, *, #2082, .F. ) ;
#1898 = B_SPLINE_SURFACE_WITH_KNOTS ( 'NONE', 3, 1, ( 
 ( #1843, #1901 ),
 ( #2764, #5271 ),
 ( #975, #1440 ),
 ( #2294, #4010 ) ),
 .UNSPECIFIED., .F., .F., .F.,
 ( 4, 4 ),
 ( 2, 2 ),
 ( 0.1244051645373050602, 1.000000000000000000 ),
 ( 0.0000000000000000000, 1.000000000000000000 ),
 .UNSPECIFIED. ) ;
#1899 = CARTESIAN_POINT ( 'NONE',  ( -0.3095939579225142069, -0.5316465652036583833, 0.2810000000000000275 ) ) ;
#1900 = SURFACE_STYLE_USAGE ( .BOTH. , #5302 ) ;
#1901 = CARTESIAN_POINT ( 'NONE',  ( 0.7174695751538135990, -0.08025157153844876545, 0.2599999999999999534 ) ) ;
#1902 = AXIS2_PLACEMENT_3D ( 'NONE', #3831, #5549, #1717 ) ;
#1903 = ORIENTED_EDGE ( 'NONE', *, *, #4465, .F. ) ;
#1904 = B_SPLINE_CURVE_WITH_KNOTS ( 'NONE', 3,
 ( #2841, #646, #2811, #2755 ),
 .UNSPECIFIED., .F., .F.,
 ( 4, 4 ),
 ( 0.0000000000000000000, 1.000000000000000000 ),
 .UNSPECIFIED. ) ;
#1905 =( GEOMETRIC_REPRESENTATION_CONTEXT ( 3 ) GLOBAL_UNCERTAINTY_ASSIGNED_CONTEXT ( ( #2273 ) ) GLOBAL_UNIT_ASSIGNED_CONTEXT ( ( #3660, #1050, #2788 ) ) REPRESENTATION_CONTEXT ( 'NONE', 'WORKASPACE' ) );
#1906 = SURFACE_STYLE_USAGE ( .BOTH. , #2322 ) ;
#1907 = CARTESIAN_POINT ( 'NONE',  ( 1.100000000000002087, -0.5000000000000002220, 0.2799999999999999711 ) ) ;
#1908 =( NAMED_UNIT ( * ) SI_UNIT ( $, .STERADIAN. ) SOLID_ANGLE_UNIT ( ) );
#1909 = EDGE_CURVE ( 'NONE', #2939, #4159, #4098, .T. ) ;
#1910 = PLANE ( 'NONE',  #409 ) ;
#1911 = VECTOR ( 'NONE', #1631, 1000.000000000000000 ) ;
#1912 = FILL_AREA_STYLE ('',( #935 ) ) ;
#1913 = CARTESIAN_POINT ( 'NONE',  ( -1.100000000000001643, 3.816391647148981130E-15, 0.2599999999999999534 ) ) ;
#1914 =( LENGTH_UNIT ( ) NAMED_UNIT ( * ) SI_UNIT ( .MILLI., .METRE. ) );
#1915 = ORIENTED_EDGE ( 'NONE', *, *, #4291, .T. ) ;
#1916 = VERTEX_POINT ( 'NONE', #726 ) ;
#1917 = MECHANICAL_DESIGN_GEOMETRIC_PRESENTATION_REPRESENTATION (  '', ( #3708 ), #1458 ) ;
#1918 = EDGE_CURVE ( 'NONE', #2421, #4144, #5024, .T. ) ;
#1919 = DIRECTION ( 'NONE',  ( -1.000000000000000000, 9.856383386231857595E-17, 6.982631605183631963E-15 ) ) ;
#1920 = CARTESIAN_POINT ( 'NONE',  ( 1.100000000000000089, 0.4999999999999997780, -7.680894765701995475E-15 ) ) ;
#1921 = DIRECTION ( 'NONE',  ( 1.000000000000000000, 0.0000000000000000000, 0.0000000000000000000 ) ) ;
#1922 = ORIENTED_EDGE ( 'NONE', *, *, #5534, .F. ) ;
#1923 = MECHANICAL_DESIGN_GEOMETRIC_PRESENTATION_REPRESENTATION (  '', ( #1001 ), #5419 ) ;
#1924 = AXIS2_PLACEMENT_3D ( 'NONE', #339, #3805, #1656 ) ;
#1925 = ORIENTED_EDGE ( 'NONE', *, *, #4553, .T. ) ;
#1926 = PRESENTATION_STYLE_ASSIGNMENT (( #162 ) ) ;
#1927 = CARTESIAN_POINT ( 'NONE',  ( -0.1178234831815653944, -0.3593805362314128615, 0.2599999999999999534 ) ) ;
#1928 =( NAMED_UNIT ( * ) PLANE_ANGLE_UNIT ( ) SI_UNIT ( $, .RADIAN. ) );
#1929 =( NAMED_UNIT ( * ) PLANE_ANGLE_UNIT ( ) SI_UNIT ( $, .RADIAN. ) );
#1930 =( NAMED_UNIT ( * ) SI_UNIT ( $, .STERADIAN. ) SOLID_ANGLE_UNIT ( ) );
#1931 = VERTEX_POINT ( 'NONE', #4588 ) ;
#1932 =( NAMED_UNIT ( * ) PLANE_ANGLE_UNIT ( ) SI_UNIT ( $, .RADIAN. ) );
#1933 = LINE ( 'NONE', #3646, #2496 ) ;
#1934 = ORIENTED_EDGE ( 'NONE', *, *, #958, .F. ) ;
#1935 = SURFACE_SIDE_STYLE ('',( #2274 ) ) ;
#1936 = CARTESIAN_POINT ( 'NONE',  ( 0.3999999999999999667, 0.2000000000000000111, -2.791820594150173918E-15 ) ) ;
#1937 = ORIENTED_EDGE ( 'NONE', *, *, #4533, .F. ) ;
#1938 = EDGE_CURVE ( 'NONE', #5323, #4974, #5442, .T. ) ;
#1939 = ORIENTED_EDGE ( 'NONE', *, *, #4041, .F. ) ;
#1940 = AXIS2_PLACEMENT_3D ( 'NONE', #5188, #2667, #5136 ) ;
#1941 = VECTOR ( 'NONE', #2150, 1000.000000000000000 ) ;
#1942 = CARTESIAN_POINT ( 'NONE',  ( 0.3901487617419281406, 0.6855750628389500889, 0.2799999999999999711 ) ) ;
#1943 = PRESENTATION_STYLE_ASSIGNMENT (( #4925 ) ) ;
#1944 = CARTESIAN_POINT ( 'NONE',  ( -1.006701427160784346E-16, -0.2000000000000000389, 0.0000000000000000000 ) ) ;
#1945 = EDGE_CURVE ( 'NONE', #3685, #4897, #1448, .T. ) ;
#1946 = SURFACE_SIDE_STYLE ('',( #4551 ) ) ;
#1947 = ORIENTED_EDGE ( 'NONE', *, *, #5292, .F. ) ;
#1948 = UNCERTAINTY_MEASURE_WITH_UNIT (LENGTH_MEASURE( 1.000000000000000082E-05 ), #3650, 'distance_accuracy_value', 'NONE');
#1949 = EDGE_LOOP ( 'NONE', ( #2783, #2674, #2157, #2431 ) ) ;
#1950 = DIRECTION ( 'NONE',  ( 0.0000000000000000000, -0.0000000000000000000, -1.000000000000000000 ) ) ;
#1951 = SURFACE_SIDE_STYLE ('',( #1058 ) ) ;
#1952 = SURFACE_SIDE_STYLE ('',( #5384 ) ) ;
#1953 = EDGE_LOOP ( 'NONE', ( #99, #4191, #1506, #2664 ) ) ;
#1954 = DIRECTION ( 'NONE',  ( -0.0000000000000000000, -0.0000000000000000000, -1.000000000000000000 ) ) ;
#1955 = EDGE_CURVE ( 'NONE', #612, #5094, #3283, .T. ) ;
#1956 = LINE ( 'NONE', #2039, #923 ) ;
#1957 = PRESENTATION_STYLE_ASSIGNMENT (( #2945 ) ) ;
#1958 = SURFACE_SIDE_STYLE ('',( #203 ) ) ;
#1959 = FILL_AREA_STYLE_COLOUR ( '', #4362 ) ;
#1960 = ORIENTED_EDGE ( 'NONE', *, *, #1490, .T. ) ;
#1961 = SURFACE_SIDE_STYLE ('',( #207 ) ) ;
#1962 = LINE ( 'NONE', #5004, #4518 ) ;
#1963 = MECHANICAL_DESIGN_GEOMETRIC_PRESENTATION_REPRESENTATION (  '', ( #3483 ), #4651 ) ;
#1964 = LINE ( 'NONE', #3682, #4240 ) ;
#1965 = DIRECTION ( 'NONE',  ( -0.0000000000000000000, 0.0000000000000000000, 1.000000000000000000 ) ) ;
#1966 = ORIENTED_EDGE ( 'NONE', *, *, #725, .T. ) ;
#1967 = EDGE_LOOP ( 'NONE', ( #300, #4899, #3181, #4228 ) ) ;
#1968 = CARTESIAN_POINT ( 'NONE',  ( 0.3901487617419281406, 0.8637862597461452019, 0.2599999999999999534 ) ) ;
#1969 = AXIS2_PLACEMENT_3D ( 'NONE', #5366, #1452, #4916 ) ;
#1970 = CIRCLE ( 'NONE', #3318, 0.09999999999999993616 ) ;
#1971 = STYLED_ITEM ( 'NONE', ( #571 ), #4368 ) ;
#1972 = DIRECTION ( 'NONE',  ( -0.0000000000000000000, -0.0000000000000000000, -1.000000000000000000 ) ) ;
#1973 = CARTESIAN_POINT ( 'NONE',  ( 0.7249999999999999778, -1.000000000000000000, 0.2599999999999999534 ) ) ;
#1974 = ORIENTED_EDGE ( 'NONE', *, *, #4396, .T. ) ;
#1975 = VECTOR ( 'NONE', #4366, 1000.000000000000000 ) ;
#1976 = EDGE_CURVE ( 'NONE', #5298, #2249, #5470, .T. ) ;
#1977 = VERTEX_POINT ( 'NONE', #4620 ) ;
#1978 = SURFACE_STYLE_USAGE ( .BOTH. , #2491 ) ;
#1979 = FACE_OUTER_BOUND ( 'NONE', #3837, .T. ) ;
#1980 = SURFACE_STYLE_USAGE ( .BOTH. , #1952 ) ;
#1981 = VERTEX_POINT ( 'NONE', #4123 ) ;
#1982 = COLOUR_RGB ( '',0.8509803921568627194, 0.8509803921568627194, 0.8509803921568627194 ) ;
#1983 = EDGE_CURVE ( 'NONE', #1398, #3218, #3361, .T. ) ;
#1984 = FACE_OUTER_BOUND ( 'NONE', #5175, .T. ) ;
#1985 = CARTESIAN_POINT ( 'NONE',  ( 5.447771330172561058E-17, -0.2000000000000000111, 0.02000000000000000042 ) ) ;
#1986 = CARTESIAN_POINT ( 'NONE',  ( 0.7672489025476870728, 0.6470277182179263731, 0.2799999999999999711 ) ) ;
#1987 = CARTESIAN_POINT ( 'NONE',  ( -0.7650295964665725368, -0.2727184512886348111, 0.2599999999999999534 ) ) ;
#1988 = STYLED_ITEM ( 'NONE', ( #743 ), #1587 ) ;
#1989 = UNCERTAINTY_MEASURE_WITH_UNIT (LENGTH_MEASURE( 1.000000000000000082E-05 ), #4074, 'distance_accuracy_value', 'NONE');
#1990 = DIRECTION ( 'NONE',  ( 1.000000000000000000, 0.0000000000000000000, 0.0000000000000000000 ) ) ;
#1991 =( NAMED_UNIT ( * ) SI_UNIT ( $, .STERADIAN. ) SOLID_ANGLE_UNIT ( ) );
#1992 =( LENGTH_UNIT ( ) NAMED_UNIT ( * ) SI_UNIT ( .MILLI., .METRE. ) );
#1993 = CARTESIAN_POINT ( 'NONE',  ( -1.099999999999998979, 0.0000000000000000000, 0.2599999999999999534 ) ) ;
#1994 = SURFACE_STYLE_USAGE ( .BOTH. , #2477 ) ;
#1995 = EDGE_LOOP ( 'NONE', ( #4657, #2897, #4942, #2128, #2657, #3806, #4317, #1481, #2460, #3345, #3695, #3019, #4331, #1031, #1670, #3061, #3568 ) ) ;
#1996 = ADVANCED_FACE ( 'NONE', ( #1984 ), #4995, .F. ) ;
#1997 = CARTESIAN_POINT ( 'NONE',  ( 0.6809088744240132662, 0.5569292977732096528, 0.2799999999999999711 ) ) ;
#1998 = SURFACE_STYLE_USAGE ( .BOTH. , #652 ) ;
#1999 = DIRECTION ( 'NONE',  ( 1.000000000000000000, 0.0000000000000000000, 0.0000000000000000000 ) ) ;
#2000 = CARTESIAN_POINT ( 'NONE',  ( 0.5359203924145662379, 0.0000000000000000000, 0.2599999999999999534 ) ) ;
#2001 = STYLED_ITEM ( 'NONE', ( #2749 ), #2730 ) ;
#2002 = FILL_AREA_STYLE ('',( #2455 ) ) ;
#2003 = ORIENTED_EDGE ( 'NONE', *, *, #189, .F. ) ;
#2004 =( GEOMETRIC_REPRESENTATION_CONTEXT ( 3 ) GLOBAL_UNCERTAINTY_ASSIGNED_CONTEXT ( ( #2853 ) ) GLOBAL_UNIT_ASSIGNED_CONTEXT ( ( #943, #4327, #4384 ) ) REPRESENTATION_CONTEXT ( 'NONE', 'WORKASPACE' ) );
#2005 = ORIENTED_EDGE ( 'NONE', *, *, #4618, .F. ) ;
#2006 = PLANE ( 'NONE',  #2771 ) ;
#2007 = FILL_AREA_STYLE ('',( #4614 ) ) ;
#2008 =( NAMED_UNIT ( * ) SI_UNIT ( $, .STERADIAN. ) SOLID_ANGLE_UNIT ( ) );
#2009 = FILL_AREA_STYLE ('',( #1605 ) ) ;
#2010 = VERTEX_POINT ( 'NONE', #3364 ) ;
#2011 = STYLED_ITEM ( 'NONE', ( #2672 ), #3255 ) ;
#2012 = CARTESIAN_POINT ( 'NONE',  ( -1.100000000000000089, -0.4999999999999997780, 7.680894765701995475E-15 ) ) ;
#2013 = PRESENTATION_LAYER_ASSIGNMENT (  '', '', ( #2186 ) ) ;
#2014 = AXIS2_PLACEMENT_3D ( 'NONE', #4482, #3990, #608 ) ;
#2015 = SURFACE_STYLE_FILL_AREA ( #4591 ) ;
#2016 = CARTESIAN_POINT ( 'NONE',  ( 0.6360270068922002640, 0.1776407652747671595, 0.2799999999999999711 ) ) ;
#2017 = ADVANCED_FACE ( 'NONE', ( #4101 ), #2387, .T. ) ;
#2018 = PRESENTATION_STYLE_ASSIGNMENT (( #3365 ) ) ;
#2019 =( GEOMETRIC_REPRESENTATION_CONTEXT ( 3 ) GLOBAL_UNCERTAINTY_ASSIGNED_CONTEXT ( ( #4249 ) ) GLOBAL_UNIT_ASSIGNED_CONTEXT ( ( #605, #1932, #170 ) ) REPRESENTATION_CONTEXT ( 'NONE', 'WORKASPACE' ) );
#2020 =( LENGTH_UNIT ( ) NAMED_UNIT ( * ) SI_UNIT ( .MILLI., .METRE. ) );
#2021 = VECTOR ( 'NONE', #3528, 1000.000000000000000 ) ;
#2022 = LINE ( 'NONE', #3340, #1465 ) ;
#2023 = SURFACE_SIDE_STYLE ('',( #735 ) ) ;
#2024 =( LENGTH_UNIT ( ) NAMED_UNIT ( * ) SI_UNIT ( .MILLI., .METRE. ) );
#2025 = EDGE_LOOP ( 'NONE', ( #1791, #4957, #3969, #2100 ) ) ;
#2026 = VERTEX_POINT ( 'NONE', #1219 ) ;
#2027 = CARTESIAN_POINT ( 'NONE',  ( 0.8500000000000019762, -0.5000000000000002220, 0.2799999999999999711 ) ) ;
#2028 = VECTOR ( 'NONE', #4022, 1000.000000000000000 ) ;
#2029 = EDGE_CURVE ( 'NONE', #5368, #2367, #4537, .T. ) ;
#2030 = FACE_OUTER_BOUND ( 'NONE', #749, .T. ) ;
#2031 = CARTESIAN_POINT ( 'NONE',  ( -1.099999999999998979, 0.7499999999999997780, 0.2799999999999999711 ) ) ;
#2032 = PRESENTATION_LAYER_ASSIGNMENT (  '', '', ( #1483 ) ) ;
#2033 = ORIENTED_EDGE ( 'NONE', *, *, #614, .T. ) ;
#2034 = VECTOR ( 'NONE', #5589, 1000.000000000000000 ) ;
#2035 = ORIENTED_EDGE ( 'NONE', *, *, #4409, .F. ) ;
#2036 = SURFACE_SIDE_STYLE ('',( #4616 ) ) ;
#2037 = ORIENTED_EDGE ( 'NONE', *, *, #1329, .F. ) ;
#2038 = STYLED_ITEM ( 'NONE', ( #5362 ), #4677 ) ;
#2039 = CARTESIAN_POINT ( 'NONE',  ( -1.099999999999998979, -0.2499999999999999445, 0.2600000000000076694 ) ) ;
#2040 = PLANE ( 'NONE',  #3351 ) ;
#2041 = CARTESIAN_POINT ( 'NONE',  ( -0.9174636228121989534, -0.1880563063957277625, 0.2799999999999999711 ) ) ;
#2042 = UNCERTAINTY_MEASURE_WITH_UNIT (LENGTH_MEASURE( 1.000000000000000082E-05 ), #5073, 'distance_accuracy_value', 'NONE');
#2043 = CARTESIAN_POINT ( 'NONE',  ( -1.099999999999998979, -0.2499999999999997780, 0.2599999999999999534 ) ) ;
#2044 = EDGE_CURVE ( 'NONE', #2939, #1480, #202, .T. ) ;
#2045 = PRESENTATION_STYLE_ASSIGNMENT (( #4726 ) ) ;
#2046 = PRESENTATION_STYLE_ASSIGNMENT (( #4542 ) ) ;
#2047 = SURFACE_STYLE_USAGE ( .BOTH. , #4755 ) ;
#2048 = CARTESIAN_POINT ( 'NONE',  ( -1.100000000000001643, -3.816391647148981130E-15, 0.2599999999999999534 ) ) ;
#2049 = ORIENTED_EDGE ( 'NONE', *, *, #5399, .F. ) ;
#2050 = ORIENTED_EDGE ( 'NONE', *, *, #5346, .F. ) ;
#2051 = DIRECTION ( 'NONE',  ( 6.982962677686268288E-15, -0.0000000000000000000, 1.000000000000000000 ) ) ;
#2052 = STYLED_ITEM ( 'NONE', ( #395 ), #388 ) ;
#2053 = COLOUR_RGB ( '',1.000000000000000000, 1.000000000000000000, 1.000000000000000000 ) ;
#2054 = LINE ( 'NONE', #5011, #318 ) ;
#2055 = CARTESIAN_POINT ( 'NONE',  ( 0.2532275857927164253, -0.3593805362314128615, 0.2599999999999999534 ) ) ;
#2056 = SURFACE_SIDE_STYLE ('',( #5491 ) ) ;
#2057 = ORIENTED_EDGE ( 'NONE', *, *, #1281, .F. ) ;
#2058 = UNCERTAINTY_MEASURE_WITH_UNIT (LENGTH_MEASURE( 1.000000000000000082E-05 ), #5037, 'distance_accuracy_value', 'NONE');
#2059 = STYLED_ITEM ( 'NONE', ( #3852 ), #5152 ) ;
#2060 = ORIENTED_EDGE ( 'NONE', *, *, #3719, .F. ) ;
#2061 = VECTOR ( 'NONE', #1047, 1000.000000000000000 ) ;
#2062 = DIRECTION ( 'NONE',  ( 1.000000000000000000, 0.0000000000000000000, -6.982962677686266711E-15 ) ) ;
#2063 = DIRECTION ( 'NONE',  ( 1.000000000000000000, 0.0000000000000000000, 0.0000000000000000000 ) ) ;
#2064 = LINE ( 'NONE', #4961, #4882 ) ;
#2065 = EDGE_LOOP ( 'NONE', ( #3970, #3100, #3359, #1133, #4273, #1520, #2508, #1687, #5461, #4410, #4417, #4045, #1859, #5537 ) ) ;
#2066 = EDGE_CURVE ( 'NONE', #1292, #4109, #2413, .T. ) ;
#2067 = CARTESIAN_POINT ( 'NONE',  ( -1.099999999999998090, 0.4999999999999997780, 0.2600000000000076694 ) ) ;
#2068 = CARTESIAN_POINT ( 'NONE',  ( 0.0000000000000000000, 0.6855750628389500889, 0.2799999999999999711 ) ) ;
#2069 = DIRECTION ( 'NONE',  ( -0.0000000000000000000, 0.0000000000000000000, 1.000000000000000000 ) ) ;
#2070 = MECHANICAL_DESIGN_GEOMETRIC_PRESENTATION_REPRESENTATION (  '', ( #1521 ), #4046 ) ;
#2071 = DIRECTION ( 'NONE',  ( 1.000000000000000000, 0.0000000000000000000, 0.0000000000000000000 ) ) ;
#2072 = SURFACE_STYLE_USAGE ( .BOTH. , #4215 ) ;
#2073 = SURFACE_STYLE_FILL_AREA ( #3817 ) ;
#2074 = ORIENTED_EDGE ( 'NONE', *, *, #683, .F. ) ;
#2075 = ORIENTED_EDGE ( 'NONE', *, *, #5443, .T. ) ;
#2076 = CARTESIAN_POINT ( 'NONE',  ( 0.4000000000000002442, -0.0000000000000000000, 0.01999999999999721098 ) ) ;
#2077 = EDGE_CURVE ( 'NONE', #5015, #4457, #2888, .T. ) ;
#2078 = SURFACE_STYLE_FILL_AREA ( #2451 ) ;
#2079 =( LENGTH_UNIT ( ) NAMED_UNIT ( * ) SI_UNIT ( .MILLI., .METRE. ) );
#2080 = SURFACE_SIDE_STYLE ('',( #3824 ) ) ;
#2081 = CARTESIAN_POINT ( 'NONE',  ( 1.100000000000000311, 0.9999999999999997780, 0.01999999999999231906 ) ) ;
#2082 = EDGE_CURVE ( 'NONE', #5277, #1019, #2222, .T. ) ;
#2083 = ORIENTED_EDGE ( 'NONE', *, *, #5515, .T. ) ;
#2084 = VECTOR ( 'NONE', #3441, 1000.000000000000000 ) ;
#2085 = PRESENTATION_STYLE_ASSIGNMENT (( #3382 ) ) ;
#2086 = DIRECTION ( 'NONE',  ( 3.469446951953614189E-15, -1.000000000000000000, 0.0000000000000000000 ) ) ;
#2087 = ORIENTED_EDGE ( 'NONE', *, *, #2847, .F. ) ;
#2088 = VECTOR ( 'NONE', #2255, 1000.000000000000000 ) ;
#2089 = COLOUR_RGB ( '',1.000000000000000000, 1.000000000000000000, 1.000000000000000000 ) ;
#2090 = ORIENTED_EDGE ( 'NONE', *, *, #2738, .T. ) ;
#2091 =( NAMED_UNIT ( * ) PLANE_ANGLE_UNIT ( ) SI_UNIT ( $, .RADIAN. ) );
#2092 = EDGE_CURVE ( 'NONE', #4703, #685, #3704, .T. ) ;
#2093 = CARTESIAN_POINT ( 'NONE',  ( 1.100000000000002087, -0.5000000000000002220, 0.2599999999999922928 ) ) ;
#2094 = PRESENTATION_LAYER_ASSIGNMENT (  '', '', ( #4787 ) ) ;
#2095 = DIRECTION ( 'NONE',  ( -0.0000000000000000000, 1.000000000000000000, -0.0000000000000000000 ) ) ;
#2096 =( NAMED_UNIT ( * ) PLANE_ANGLE_UNIT ( ) SI_UNIT ( $, .RADIAN. ) );
#2097 = AXIS2_PLACEMENT_3D ( 'NONE', #4265, #3902, #5187 ) ;
#2098 =( NAMED_UNIT ( * ) PLANE_ANGLE_UNIT ( ) SI_UNIT ( $, .RADIAN. ) );
#2099 = ORIENTED_EDGE ( 'NONE', *, *, #3290, .F. ) ;
#2100 = ORIENTED_EDGE ( 'NONE', *, *, #4455, .T. ) ;
#2101 = CARTESIAN_POINT ( 'NONE',  ( 0.3999999999999999667, -0.9000000000000003553, 0.01999999999999720751 ) ) ;
#2102 = PRESENTATION_LAYER_ASSIGNMENT (  '', '', ( #2648 ) ) ;
#2103 =( NAMED_UNIT ( * ) PLANE_ANGLE_UNIT ( ) SI_UNIT ( $, .RADIAN. ) );
#2104 = EDGE_CURVE ( 'NONE', #1073, #2315, #5416, .T. ) ;
#2105 =( NAMED_UNIT ( * ) PLANE_ANGLE_UNIT ( ) SI_UNIT ( $, .RADIAN. ) );
#2106 =( NAMED_UNIT ( * ) PLANE_ANGLE_UNIT ( ) SI_UNIT ( $, .RADIAN. ) );
#2107 = ORIENTED_EDGE ( 'NONE', *, *, #5204, .F. ) ;
#2108 = MECHANICAL_DESIGN_GEOMETRIC_PRESENTATION_REPRESENTATION (  '', ( #4529 ), #4800 ) ;
#2109 = UNCERTAINTY_MEASURE_WITH_UNIT (LENGTH_MEASURE( 1.000000000000000082E-05 ), #5054, 'distance_accuracy_value', 'NONE');
#2110 = ORIENTED_EDGE ( 'NONE', *, *, #3548, .F. ) ;
#2111 = CARTESIAN_POINT ( 'NONE',  ( 0.05584305983497199477, -0.3593805362314128615, 0.2810000000000000275 ) ) ;
#2112 = CARTESIAN_POINT ( 'NONE',  ( -0.4343137556297431701, 0.4509946331943126552, 0.2810000000000000275 ) ) ;
#2113 = ORIENTED_EDGE ( 'NONE', *, *, #3768, .T. ) ;
#2114 = ORIENTED_EDGE ( 'NONE', *, *, #3470, .T. ) ;
#2115 = FILL_AREA_STYLE ('',( #2557 ) ) ;
#2116 = PLANE ( 'NONE',  #3368 ) ;
#2117 = DIRECTION ( 'NONE',  ( -3.469446951953614189E-15, 1.000000000000000000, 0.0000000000000000000 ) ) ;
#2118 = DIRECTION ( 'NONE',  ( 1.000000000000000000, 9.767585058201807468E-17, 0.0000000000000000000 ) ) ;
#2119 = EDGE_CURVE ( 'NONE', #3094, #2456, #4562, .T. ) ;
#2120 =( GEOMETRIC_REPRESENTATION_CONTEXT ( 3 ) GLOBAL_UNCERTAINTY_ASSIGNED_CONTEXT ( ( #1489 ) ) GLOBAL_UNIT_ASSIGNED_CONTEXT ( ( #4991, #1153, #226 ) ) REPRESENTATION_CONTEXT ( 'NONE', 'WORKASPACE' ) );
#2121 = CARTESIAN_POINT ( 'NONE',  ( -1.071157378566040208, 0.8626410704386738848, 0.2799999999999999711 ) ) ;
#2122 = CARTESIAN_POINT ( 'NONE',  ( 1.100000000000002087, -1.000000000000000222, 0.2599999999999922928 ) ) ;
#2123 = SURFACE_STYLE_FILL_AREA ( #1282 ) ;
#2124 = VERTEX_POINT ( 'NONE', #2439 ) ;
#2125 = LINE ( 'NONE', #2076, #4633 ) ;
#2126 = SURFACE_STYLE_FILL_AREA ( #3878 ) ;
#2127 = DIRECTION ( 'NONE',  ( 1.000000000000000000, 0.0000000000000000000, 0.0000000000000000000 ) ) ;
#2128 = ORIENTED_EDGE ( 'NONE', *, *, #412, .T. ) ;
#2129 = AXIS2_PLACEMENT_3D ( 'NONE', #4212, #2863, #3760 ) ;
#2130 =( GEOMETRIC_REPRESENTATION_CONTEXT ( 3 ) GLOBAL_UNCERTAINTY_ASSIGNED_CONTEXT ( ( #1548 ) ) GLOBAL_UNIT_ASSIGNED_CONTEXT ( ( #286, #2796, #4094 ) ) REPRESENTATION_CONTEXT ( 'NONE', 'WORKASPACE' ) );
#2131 = ORIENTED_EDGE ( 'NONE', *, *, #5340, .T. ) ;
#2132 = PLANE ( 'NONE',  #1902 ) ;
#2133 = DIRECTION ( 'NONE',  ( -0.0000000000000000000, 0.0000000000000000000, 1.000000000000000000 ) ) ;
#2134 = SURFACE_STYLE_USAGE ( .BOTH. , #3384 ) ;
#2135 = VECTOR ( 'NONE', #2393, 1000.000000000000000 ) ;
#2136 = EDGE_CURVE ( 'NONE', #1144, #4109, #4700, .T. ) ;
#2137 = ORIENTED_EDGE ( 'NONE', *, *, #2905, .F. ) ;
#2138 = CLOSED_SHELL ( 'NONE', ( #430, #5001, #1587, #4790, #3876, #2781, #3439, #374, #2666, #1319, #4624, #4269, #4006, #3501 ) ) ;
#2139 =( LENGTH_UNIT ( ) NAMED_UNIT ( * ) SI_UNIT ( .MILLI., .METRE. ) );
#2140 = SURFACE_STYLE_USAGE ( .BOTH. , #4310 ) ;
#2141 =( GEOMETRIC_REPRESENTATION_CONTEXT ( 3 ) GLOBAL_UNCERTAINTY_ASSIGNED_CONTEXT ( ( #331 ) ) GLOBAL_UNIT_ASSIGNED_CONTEXT ( ( #164, #2234, #2008 ) ) REPRESENTATION_CONTEXT ( 'NONE', 'WORKASPACE' ) );
#2142 = FILL_AREA_STYLE_COLOUR ( '', #1156 ) ;
#2143 = MECHANICAL_DESIGN_GEOMETRIC_PRESENTATION_REPRESENTATION (  '', ( #3773 ), #5299 ) ;
#2144 = COLOUR_RGB ( '',0.8509803921568627194, 0.8509803921568627194, 0.8509803921568627194 ) ;
#2145 = ADVANCED_FACE ( 'NONE', ( #293 ), #2040, .T. ) ;
#2146 = MECHANICAL_DESIGN_GEOMETRIC_PRESENTATION_REPRESENTATION (  '', ( #1698 ), #3592 ) ;
#2147 =( NAMED_UNIT ( * ) SI_UNIT ( $, .STERADIAN. ) SOLID_ANGLE_UNIT ( ) );
#2148 = SURFACE_STYLE_USAGE ( .BOTH. , #5536 ) ;
#2149 = ORIENTED_EDGE ( 'NONE', *, *, #4911, .F. ) ;
#2150 = DIRECTION ( 'NONE',  ( -1.000000000000000000, -0.0000000000000000000, -0.0000000000000000000 ) ) ;
#2151 = PRESENTATION_LAYER_ASSIGNMENT (  '', '', ( #4311 ) ) ;
#2152 = UNCERTAINTY_MEASURE_WITH_UNIT (LENGTH_MEASURE( 1.000000000000000082E-05 ), #2139, 'distance_accuracy_value', 'NONE');
#2153 = PLANE ( 'NONE',  #1189 ) ;
#2154 = DIRECTION ( 'NONE',  ( -1.000000000000000000, 0.0000000000000000000, 0.0000000000000000000 ) ) ;
#2155 = SURFACE_STYLE_FILL_AREA ( #5119 ) ;
#2156 = EDGE_CURVE ( 'NONE', #4472, #1073, #458, .T. ) ;
#2157 = ORIENTED_EDGE ( 'NONE', *, *, #143, .T. ) ;
#2158 = UNCERTAINTY_MEASURE_WITH_UNIT (LENGTH_MEASURE( 1.000000000000000082E-05 ), #145, 'distance_accuracy_value', 'NONE');
#2159 = ORIENTED_EDGE ( 'NONE', *, *, #2375, .F. ) ;
#2160 = LINE ( 'NONE', #1682, #5295 ) ;
#2161 = DIRECTION ( 'NONE',  ( -8.673617379884039416E-16, -1.000000000000000000, 0.0000000000000000000 ) ) ;
#2162 = DIRECTION ( 'NONE',  ( 1.000000000000000000, 0.0000000000000000000, 0.0000000000000000000 ) ) ;
#2163 = PRESENTATION_LAYER_ASSIGNMENT (  '', '', ( #4589 ) ) ;
#2164 = CYLINDRICAL_SURFACE ( 'NONE', #3992, 0.2500000000000000000 ) ;
#2165 = EDGE_LOOP ( 'NONE', ( #4464, #505, #635, #1578 ) ) ;
#2166 = VERTEX_POINT ( 'NONE', #5583 ) ;
#2167 = MECHANICAL_DESIGN_GEOMETRIC_PRESENTATION_REPRESENTATION (  '', ( #4963 ), #4772 ) ;
#2168 = UNCERTAINTY_MEASURE_WITH_UNIT (LENGTH_MEASURE( 1.000000000000000082E-05 ), #1393, 'distance_accuracy_value', 'NONE');
#2169 = CARTESIAN_POINT ( 'NONE',  ( 0.3124155170610083410, 0.04290495023076271869, 0.2599999999999999534 ) ) ;
#2170 = EDGE_CURVE ( 'NONE', #529, #3407, #372, .T. ) ;
#2171 = DIRECTION ( 'NONE',  ( -0.0000000000000000000, -0.0000000000000000000, -1.000000000000000000 ) ) ;
#2172 = CARTESIAN_POINT ( 'NONE',  ( -1.099999999999998090, -0.4999999999999997780, 0.2799999999999999711 ) ) ;
#2173 = PRESENTATION_LAYER_ASSIGNMENT (  '', '', ( #542 ) ) ;
#2174 = DIRECTION ( 'NONE',  ( 1.000000000000000000, -2.378754451002343441E-17, 0.0000000000000000000 ) ) ;
#2175 = MECHANICAL_DESIGN_GEOMETRIC_PRESENTATION_REPRESENTATION (  '', ( #5232 ), #2636 ) ;
#2176 = AXIS2_PLACEMENT_3D ( 'NONE', #227, #5439, #2828 ) ;
#2177 = CARTESIAN_POINT ( 'NONE',  ( -0.4135483952989442713, -0.5316465652036583833, 0.2599999999999999534 ) ) ;
#2178 = EDGE_CURVE ( 'NONE', #4571, #4005, #3390, .T. ) ;
#2179 = CARTESIAN_POINT ( 'NONE',  ( -1.099999999999998979, -0.1385744931852173067, 0.2799999999999999711 ) ) ;
#2180 =( NAMED_UNIT ( * ) SI_UNIT ( $, .STERADIAN. ) SOLID_ANGLE_UNIT ( ) );
#2181 = ORIENTED_EDGE ( 'NONE', *, *, #4546, .F. ) ;
#2182 = LINE ( 'NONE', #3906, #4012 ) ;
#2183 =( GEOMETRIC_REPRESENTATION_CONTEXT ( 3 ) GLOBAL_UNCERTAINTY_ASSIGNED_CONTEXT ( ( #3247 ) ) GLOBAL_UNIT_ASSIGNED_CONTEXT ( ( #3821, #1675, #1450 ) ) REPRESENTATION_CONTEXT ( 'NONE', 'WORKASPACE' ) );
#2184 = AXIS2_PLACEMENT_3D ( 'NONE', #563, #946, #1894 ) ;
#2185 =( NAMED_UNIT ( * ) SI_UNIT ( $, .STERADIAN. ) SOLID_ANGLE_UNIT ( ) );
#2186 = STYLED_ITEM ( 'NONE', ( #208 ), #3357 ) ;
#2187 = FACE_OUTER_BOUND ( 'NONE', #5433, .T. ) ;
#2188 = SURFACE_STYLE_FILL_AREA ( #1676 ) ;
#2189 = DIRECTION ( 'NONE',  ( -0.0000000000000000000, 1.000000000000000000, -0.0000000000000000000 ) ) ;
#2190 = FILL_AREA_STYLE_COLOUR ( '', #4534 ) ;
#2191 = ORIENTED_EDGE ( 'NONE', *, *, #496, .F. ) ;
#2192 = EDGE_CURVE ( 'NONE', #2884, #4378, #3053, .T. ) ;
#2193 = ORIENTED_EDGE ( 'NONE', *, *, #4765, .T. ) ;
#2194 = CARTESIAN_POINT ( 'NONE',  ( 0.3432670707574931868, -0.3593805362314128615, 0.2810000000000000275 ) ) ;
#2195 = CARTESIAN_POINT ( 'NONE',  ( -0.6832485166931815401, 0.8768473060465202806, 0.2599999999999998979 ) ) ;
#2196 = DIRECTION ( 'NONE',  ( 0.0000000000000000000, 1.000000000000000000, 0.0000000000000000000 ) ) ;
#2197 = SURFACE_STYLE_USAGE ( .BOTH. , #3045 ) ;
#2198 = EDGE_LOOP ( 'NONE', ( #791, #5375, #1888, #825, #4933, #4927, #2880, #2395, #3304, #580 ) ) ;
#2199 = VERTEX_POINT ( 'NONE', #5531 ) ;
#2200 = B_SPLINE_SURFACE_WITH_KNOTS ( 'NONE', 3, 1, ( 
 ( #3959, #5306 ),
 ( #1412, #3116 ),
 ( #1388, #3143 ),
 ( #953, #1815 ),
 ( #4820, #4848 ),
 ( #4397, #520 ) ),
 .UNSPECIFIED., .F., .F., .F.,
 ( 4, 1, 1, 4 ),
 ( 2, 2 ),
 ( 0.0000000000000000000, 0.3358544910758269886, 0.5565088627750724992, 1.000000000000000000 ),
 ( 0.0000000000000000000, 1.000000000000000000 ),
 .UNSPECIFIED. ) ;
#2201 =( NAMED_UNIT ( * ) PLANE_ANGLE_UNIT ( ) SI_UNIT ( $, .RADIAN. ) );
#2202 = FILL_AREA_STYLE ('',( #949 ) ) ;
#2203 = LINE ( 'NONE', #3139, #2835 ) ;
#2204 = CARTESIAN_POINT ( 'NONE',  ( -0.4000000000000002998, -0.8999999999999998002, 0.02000000000000279332 ) ) ;
#2205 = ORIENTED_EDGE ( 'NONE', *, *, #2943, .T. ) ;
#2206 = STYLED_ITEM ( 'NONE', ( #1669 ), #4238 ) ;
#2207 = CARTESIAN_POINT ( 'NONE',  ( 7.493003142994979602E-17, -0.7671295513012331702, 0.2799999999999999711 ) ) ;
#2208 = VECTOR ( 'NONE', #2214, 1000.000000000000000 ) ;
#2209 = DIRECTION ( 'NONE',  ( 0.0000000000000000000, 1.000000000000000000, -0.0000000000000000000 ) ) ;
#2210 = PLANE ( 'NONE',  #920 ) ;
#2211 = DIRECTION ( 'NONE',  ( -0.0000000000000000000, 0.0000000000000000000, 1.000000000000000000 ) ) ;
#2212 = CARTESIAN_POINT ( 'NONE',  ( -0.6035437629006772386, -0.2065665198382720391, 0.2799999999999999711 ) ) ;
#2213 = ORIENTED_EDGE ( 'NONE', *, *, #3901, .T. ) ;
#2214 = DIRECTION ( 'NONE',  ( -0.0000000000000000000, -0.0000000000000000000, -1.000000000000000000 ) ) ;
#2215 = VECTOR ( 'NONE', #3698, 1000.000000000000000 ) ;
#2216 = EDGE_CURVE ( 'NONE', #5044, #2878, #1664, .T. ) ;
#2217 = UNCERTAINTY_MEASURE_WITH_UNIT (LENGTH_MEASURE( 1.000000000000000082E-05 ), #3925, 'distance_accuracy_value', 'NONE');
#2218 = CARTESIAN_POINT ( 'NONE',  ( 1.100000000000000311, -1.000000000000000222, 0.01999999999999231906 ) ) ;
#2219 = CARTESIAN_POINT ( 'NONE',  ( 0.2532275857927164253, -0.5316465652036583833, 0.2810000000000000275 ) ) ;
#2220 = LINE ( 'NONE', #473, #1299 ) ;
#2221 = ORIENTED_EDGE ( 'NONE', *, *, #1659, .T. ) ;
#2222 = B_SPLINE_CURVE_WITH_KNOTS ( 'NONE', 3,
 ( #2470, #1610, #4150, #1986 ),
 .UNSPECIFIED., .F., .F.,
 ( 4, 4 ),
 ( 0.0000000000000000000, 1.000000000000000000 ),
 .UNSPECIFIED. ) ;
#2223 = EDGE_CURVE ( 'NONE', #792, #63, #4282, .T. ) ;
#2224 = ORIENTED_EDGE ( 'NONE', *, *, #1266, .F. ) ;
#2225 = DIRECTION ( 'NONE',  ( 0.0000000000000000000, -0.0000000000000000000, -1.000000000000000000 ) ) ;
#2226 = CARTESIAN_POINT ( 'NONE',  ( 1.100000000000002309, -9.540979117872460713E-16, 0.2799999999999999711 ) ) ;
#2227 = CARTESIAN_POINT ( 'NONE',  ( 1.100000000000002087, 0.4999999999999997780, 0.2599999999999922928 ) ) ;
#2228 = ORIENTED_EDGE ( 'NONE', *, *, #2738, .F. ) ;
#2229 = DIRECTION ( 'NONE',  ( -6.982962677686265922E-15, 0.0000000000000000000, -1.000000000000000000 ) ) ;
#2230 = PRESENTATION_LAYER_ASSIGNMENT (  '', '', ( #3944 ) ) ;
#2231 = SURFACE_STYLE_FILL_AREA ( #2740 ) ;
#2232 = AXIS2_PLACEMENT_3D ( 'NONE', #2821, #1513, #1921 ) ;
#2233 = CARTESIAN_POINT ( 'NONE',  ( 0.3195831592659477138, 0.04041390370446151792, 0.2810000000000000275 ) ) ;
#2234 =( NAMED_UNIT ( * ) PLANE_ANGLE_UNIT ( ) SI_UNIT ( $, .RADIAN. ) );
#2235 = DIRECTION ( 'NONE',  ( 1.000000000000000000, 1.897353801849631971E-15, 0.0000000000000000000 ) ) ;
#2236 = ORIENTED_EDGE ( 'NONE', *, *, #3937, .T. ) ;
#2237 = ADVANCED_FACE ( 'NONE', ( #5215 ), #1248, .T. ) ;
#2238 = VECTOR ( 'NONE', #3238, 1000.000000000000000 ) ;
#2239 =( NAMED_UNIT ( * ) SI_UNIT ( $, .STERADIAN. ) SOLID_ANGLE_UNIT ( ) );
#2240 = VECTOR ( 'NONE', #1484, 1000.000000000000000 ) ;
#2241 = LINE ( 'NONE', #66, #3144 ) ;
#2242 = FACE_OUTER_BOUND ( 'NONE', #1155, .T. ) ;
#2243 = COLOUR_RGB ( '',0.8509803921568627194, 0.8509803921568627194, 0.8509803921568627194 ) ;
#2244 = SURFACE_STYLE_FILL_AREA ( #410 ) ;
#2245 = ORIENTED_EDGE ( 'NONE', *, *, #1770, .T. ) ;
#2246 = FACE_OUTER_BOUND ( 'NONE', #1953, .T. ) ;
#2247 = SURFACE_STYLE_FILL_AREA ( #73 ) ;
#2248 = DIRECTION ( 'NONE',  ( 1.319749811710431715E-15, -1.000000000000000000, 0.0000000000000000000 ) ) ;
#2249 = VERTEX_POINT ( 'NONE', #2204 ) ;
#2250 = EDGE_CURVE ( 'NONE', #5022, #5509, #30, .T. ) ;
#2251 = AXIS2_PLACEMENT_3D ( 'NONE', #1069, #613, #2808 ) ;
#2252 = ORIENTED_EDGE ( 'NONE', *, *, #1392, .F. ) ;
#2253 = VECTOR ( 'NONE', #253, 1000.000000000000000 ) ;
#2254 = DIRECTION ( 'NONE',  ( -0.0000000000000000000, -0.0000000000000000000, -1.000000000000000000 ) ) ;
#2255 = DIRECTION ( 'NONE',  ( -1.000000000000000000, 9.856383386231857595E-17, 6.982631605183631963E-15 ) ) ;
#2256 =( NAMED_UNIT ( * ) PLANE_ANGLE_UNIT ( ) SI_UNIT ( $, .RADIAN. ) );
#2257 = DIRECTION ( 'NONE',  ( 1.000000000000000000, 0.0000000000000000000, 0.0000000000000000000 ) ) ;
#2258 = EDGE_CURVE ( 'NONE', #2556, #1144, #4233, .T. ) ;
#2259 = ORIENTED_EDGE ( 'NONE', *, *, #2320, .T. ) ;
#2260 = CIRCLE ( 'NONE', #5047, 0.3637862597461382630 ) ;
#2261 = PRESENTATION_LAYER_ASSIGNMENT (  '', '', ( #3073 ) ) ;
#2262 = LINE ( 'NONE', #4035, #3151 ) ;
#2263 = FACE_OUTER_BOUND ( 'NONE', #3152, .T. ) ;
#2264 = PRESENTATION_STYLE_ASSIGNMENT (( #3556 ) ) ;
#2265 = DIRECTION ( 'NONE',  ( 8.673617379884037444E-16, 1.000000000000000000, 0.0000000000000000000 ) ) ;
#2266 = ORIENTED_EDGE ( 'NONE', *, *, #101, .T. ) ;
#2267 = LINE ( 'NONE', #3985, #4504 ) ;
#2268 = FACE_OUTER_BOUND ( 'NONE', #4771, .T. ) ;
#2269 =( GEOMETRIC_REPRESENTATION_CONTEXT ( 3 ) GLOBAL_UNCERTAINTY_ASSIGNED_CONTEXT ( ( #3733 ) ) GLOBAL_UNIT_ASSIGNED_CONTEXT ( ( #4402, #522, #547 ) ) REPRESENTATION_CONTEXT ( 'NONE', 'WORKASPACE' ) );
#2270 = VECTOR ( 'NONE', #1529, 1000.000000000000000 ) ;
#2271 = CARTESIAN_POINT ( 'NONE',  ( 1.100000000000000311, -9.540979117872442964E-16, -7.680894765701995475E-15 ) ) ;
#2272 =( GEOMETRIC_REPRESENTATION_CONTEXT ( 3 ) GLOBAL_UNCERTAINTY_ASSIGNED_CONTEXT ( ( #319 ) ) GLOBAL_UNIT_ASSIGNED_CONTEXT ( ( #1586, #4152, #4209 ) ) REPRESENTATION_CONTEXT ( 'NONE', 'WORKASPACE' ) );
#2273 = UNCERTAINTY_MEASURE_WITH_UNIT (LENGTH_MEASURE( 1.000000000000000082E-05 ), #3660, 'distance_accuracy_value', 'NONE');
#2274 = SURFACE_STYLE_FILL_AREA ( #581 ) ;
#2275 = DIRECTION ( 'NONE',  ( 0.0000000000000000000, -0.0000000000000000000, -1.000000000000000000 ) ) ;
#2276 = SURFACE_SIDE_STYLE ('',( #178 ) ) ;
#2277 = VERTEX_POINT ( 'NONE', #1030 ) ;
#2278 = COLOUR_RGB ( '',0.8509803921568627194, 0.8509803921568627194, 0.8509803921568627194 ) ;
#2279 = ORIENTED_EDGE ( 'NONE', *, *, #257, .T. ) ;
#2280 = UNCERTAINTY_MEASURE_WITH_UNIT (LENGTH_MEASURE( 1.000000000000000082E-05 ), #1307, 'distance_accuracy_value', 'NONE');
#2281 = AXIS2_PLACEMENT_3D ( 'NONE', #3709, #5423, #2474 ) ;
#2282 = ADVANCED_FACE ( 'NONE', ( #1871 ), #951, .F. ) ;
#2283 = MECHANICAL_DESIGN_GEOMETRIC_PRESENTATION_REPRESENTATION (  '', ( #5330 ), #4333 ) ;
#2284 = DIRECTION ( 'NONE',  ( 1.000000000000000000, 0.0000000000000000000, 0.0000000000000000000 ) ) ;
#2285 = DIRECTION ( 'NONE',  ( -1.000000000000000000, 0.0000000000000000000, 6.938893903907228378E-15 ) ) ;
#2286 = DIRECTION ( 'NONE',  ( -0.0000000000000000000, -0.0000000000000000000, -1.000000000000000000 ) ) ;
#2287 = PRESENTATION_STYLE_ASSIGNMENT (( #535 ) ) ;
#2288 = ORIENTED_EDGE ( 'NONE', *, *, #5586, .T. ) ;
#2289 = VECTOR ( 'NONE', #4647, 1000.000000000000000 ) ;
#2290 = ADVANCED_FACE ( 'NONE', ( #4364 ), #4450, .F. ) ;
#2291 = EDGE_LOOP ( 'NONE', ( #1488, #874, #206, #3333 ) ) ;
#2292 = CARTESIAN_POINT ( 'NONE',  ( 1.100000000000002087, -0.7500000000000002220, 0.2599999999999922928 ) ) ;
#2293 = VECTOR ( 'NONE', #2822, 1000.000000000000000 ) ;
#2294 = CARTESIAN_POINT ( 'NONE',  ( 0.7946937836714691450, -0.3065665198382720447, 0.2799999999999999711 ) ) ;
#2295 = SURFACE_STYLE_USAGE ( .BOTH. , #165 ) ;
#2296 = VERTEX_POINT ( 'NONE', #487 ) ;
#2297 = B_SPLINE_CURVE_WITH_KNOTS ( 'NONE', 2,
 ( #4466, #1431, #3519 ),
 .UNSPECIFIED., .F., .F.,
 ( 3, 3 ),
 ( 0.0000000000000000000, 1.000000000000000000 ),
 .UNSPECIFIED. ) ;
#2298 = CARTESIAN_POINT ( 'NONE',  ( -1.099999999999998979, -0.7499999999999997780, 0.2600000000000076694 ) ) ;
#2299 = CARTESIAN_POINT ( 'NONE',  ( -0.4000000000000000777, 1.858632295689436842E-16, 2.791820594150173918E-15 ) ) ;
#2300 = LINE ( 'NONE', #1530, #3169 ) ;
#2301 = ORIENTED_EDGE ( 'NONE', *, *, #4722, .F. ) ;
#2302 = EDGE_CURVE ( 'NONE', #573, #5538, #5276, .T. ) ;
#2303 = CARTESIAN_POINT ( 'NONE',  ( 0.7249999999999999778, 1.000000000000000000, 0.8400000000000000799 ) ) ;
#2304 = MECHANICAL_DESIGN_GEOMETRIC_PRESENTATION_REPRESENTATION (  '', ( #5089 ), #4359 ) ;
#2305 = LINE ( 'NONE', #1424, #541 ) ;
#2306 =( NAMED_UNIT ( * ) SI_UNIT ( $, .STERADIAN. ) SOLID_ANGLE_UNIT ( ) );
#2307 = DIRECTION ( 'NONE',  ( 6.982962677686266711E-15, -0.0000000000000000000, 1.000000000000000000 ) ) ;
#2308 = FACE_OUTER_BOUND ( 'NONE', #3315, .T. ) ;
#2309 = ORIENTED_EDGE ( 'NONE', *, *, #5104, .F. ) ;
#2310 = ORIENTED_EDGE ( 'NONE', *, *, #1008, .T. ) ;
#2311 = LINE ( 'NONE', #5343, #2240 ) ;
#2312 = SURFACE_STYLE_USAGE ( .BOTH. , #4951 ) ;
#2313 =( NAMED_UNIT ( * ) PLANE_ANGLE_UNIT ( ) SI_UNIT ( $, .RADIAN. ) );
#2314 = ORIENTED_EDGE ( 'NONE', *, *, #2361, .F. ) ;
#2315 = VERTEX_POINT ( 'NONE', #1466 ) ;
#2316 = FACE_OUTER_BOUND ( 'NONE', #5339, .T. ) ;
#2317 =( NAMED_UNIT ( * ) PLANE_ANGLE_UNIT ( ) SI_UNIT ( $, .RADIAN. ) );
#2318 = DIRECTION ( 'NONE',  ( -0.0000000000000000000, -0.0000000000000000000, -1.000000000000000000 ) ) ;
#2319 = ORIENTED_EDGE ( 'NONE', *, *, #851, .F. ) ;
#2320 = EDGE_CURVE ( 'NONE', #2878, #2612, #1410, .T. ) ;
#2321 = STYLED_ITEM ( 'NONE', ( #1926 ), #533 ) ;
#2322 = SURFACE_SIDE_STYLE ('',( #575 ) ) ;
#2323 = PRESENTATION_STYLE_ASSIGNMENT (( #3561 ) ) ;
#2324 = FILL_AREA_STYLE ('',( #4067 ) ) ;
#2325 = EDGE_CURVE ( 'NONE', #2026, #3254, #2637, .T. ) ;
#2326 = CARTESIAN_POINT ( 'NONE',  ( 0.5124155170610084076, 0.2080817958270101131, 0.2799999999999999711 ) ) ;
#2327 = CIRCLE ( 'NONE', #1146, 0.1000000000000000472 ) ;
#2328 = STYLED_ITEM ( 'NONE', ( #3544 ), #5311 ) ;
#2329 = ORIENTED_EDGE ( 'NONE', *, *, #3943, .F. ) ;
#2330 = VECTOR ( 'NONE', #309, 1000.000000000000000 ) ;
#2331 = CLOSED_SHELL ( 'NONE', ( #1044, #506, #4338, #3586, #2875, #4894 ) ) ;
#2332 = CARTESIAN_POINT ( 'NONE',  ( -0.7713451857263546874, 0.6561302432729905210, 0.2799999999999999711 ) ) ;
#2333 = SURFACE_STYLE_USAGE ( .BOTH. , #1935 ) ;
#2334 = DIRECTION ( 'NONE',  ( 8.673617379884037444E-16, 1.000000000000000000, 0.0000000000000000000 ) ) ;
#2335 = LINE ( 'NONE', #1103, #4383 ) ;
#2336 = CARTESIAN_POINT ( 'NONE',  ( 0.8230581300528493349, 0.2641109509742673445, 0.2799999999999999711 ) ) ;
#2337 = EDGE_LOOP ( 'NONE', ( #1438, #618, #4463, #3249 ) ) ;
#2338 = VERTEX_POINT ( 'NONE', #979 ) ;
#2339 = PRESENTATION_LAYER_ASSIGNMENT (  '', '', ( #1157 ) ) ;
#2340 = UNCERTAINTY_MEASURE_WITH_UNIT (LENGTH_MEASURE( 1.000000000000000082E-05 ), #732, 'distance_accuracy_value', 'NONE');
#2341 = ADVANCED_FACE ( 'NONE', ( #4903 ), #2711, .T. ) ;
#2342 = CARTESIAN_POINT ( 'NONE',  ( 5.773300432731590829E-21, 0.9000000000000000222, 0.0000000000000000000 ) ) ;
#2343 =( LENGTH_UNIT ( ) NAMED_UNIT ( * ) SI_UNIT ( .MILLI., .METRE. ) );
#2344 =( GEOMETRIC_REPRESENTATION_CONTEXT ( 3 ) GLOBAL_UNCERTAINTY_ASSIGNED_CONTEXT ( ( #3907 ) ) GLOBAL_UNIT_ASSIGNED_CONTEXT ( ( #1228, #821, #5512 ) ) REPRESENTATION_CONTEXT ( 'NONE', 'WORKASPACE' ) );
#2345 = DIRECTION ( 'NONE',  ( 0.0000000000000000000, -0.0000000000000000000, 1.000000000000000000 ) ) ;
#2346 = ORIENTED_EDGE ( 'NONE', *, *, #5247, .F. ) ;
#2347 = MECHANICAL_DESIGN_GEOMETRIC_PRESENTATION_REPRESENTATION (  '', ( #4756 ), #1168 ) ;
#2348 = EDGE_LOOP ( 'NONE', ( #921, #4141, #629, #3493 ) ) ;
#2349 = SURFACE_SIDE_STYLE ('',( #601 ) ) ;
#2350 = SURFACE_SIDE_STYLE ('',( #1810 ) ) ;
#2351 = FILL_AREA_STYLE_COLOUR ( '', #5506 ) ;
#2352 = ORIENTED_EDGE ( 'NONE', *, *, #4014, .F. ) ;
#2353 = COLOUR_RGB ( '',1.000000000000000000, 1.000000000000000000, 1.000000000000000000 ) ;
#2354 = FACE_OUTER_BOUND ( 'NONE', #31, .T. ) ;
#2355 = ADVANCED_FACE ( 'NONE', ( #1581 ), #4531, .F. ) ;
#2356 = DIRECTION ( 'NONE',  ( -0.0000000000000000000, -0.0000000000000000000, -1.000000000000000000 ) ) ;
#2357 = FACE_OUTER_BOUND ( 'NONE', #1532, .T. ) ;
#2358 = FILL_AREA_STYLE_COLOUR ( '', #4685 ) ;
#2359 = CARTESIAN_POINT ( 'NONE',  ( -0.5035437629006771498, 0.4569292977732096195, 0.2599999999999999534 ) ) ;
#2360 = ORIENTED_EDGE ( 'NONE', *, *, #786, .F. ) ;
#2361 = EDGE_CURVE ( 'NONE', #2626, #737, #2064, .T. ) ;
#2362 = VECTOR ( 'NONE', #5561, 1000.000000000000000 ) ;
#2363 =( LENGTH_UNIT ( ) NAMED_UNIT ( * ) SI_UNIT ( .MILLI., .METRE. ) );
#2364 = CARTESIAN_POINT ( 'NONE',  ( 0.8132557169139246200, -0.2164558030324802707, 0.2599999999999999534 ) ) ;
#2365 = CARTESIAN_POINT ( 'NONE',  ( 1.100000000000002087, -0.5000000000000002220, 0.2599999999999999534 ) ) ;
#2366 = LINE ( 'NONE', #585, #2028 ) ;
#2367 = VERTEX_POINT ( 'NONE', #4120 ) ;
#2368 = VERTEX_POINT ( 'NONE', #2435 ) ;
#2369 = DIRECTION ( 'NONE',  ( 0.0000000000000000000, 1.000000000000000000, 0.0000000000000000000 ) ) ;
#2370 =( GEOMETRIC_REPRESENTATION_CONTEXT ( 3 ) GLOBAL_UNCERTAINTY_ASSIGNED_CONTEXT ( ( #5420 ) ) GLOBAL_UNIT_ASSIGNED_CONTEXT ( ( #4115, #3720, #4609 ) ) REPRESENTATION_CONTEXT ( 'NONE', 'WORKASPACE' ) );
#2371 = VECTOR ( 'NONE', #2265, 1000.000000000000000 ) ;
#2372 = CYLINDRICAL_SURFACE ( 'NONE', #5386, 0.2500000000000000000 ) ;
#2373 = CARTESIAN_POINT ( 'NONE',  ( -0.7249999999999999778, 1.000000000000000000, 0.2599999999999999534 ) ) ;
#2374 = EDGE_LOOP ( 'NONE', ( #5199, #774, #567, #3075 ) ) ;
#2375 = EDGE_CURVE ( 'NONE', #2626, #217, #1213, .T. ) ;
#2376 = VECTOR ( 'NONE', #440, 1000.000000000000000 ) ;
#2377 = MECHANICAL_DESIGN_GEOMETRIC_PRESENTATION_REPRESENTATION (  '', ( #538 ), #637 ) ;
#2378 = EDGE_LOOP ( 'NONE', ( #1333, #3712, #2546, #4477, #2601, #2632, #5321 ) ) ;
#2379 = DIRECTION ( 'NONE',  ( -1.000000000000000000, -0.0000000000000000000, -0.0000000000000000000 ) ) ;
#2380 = PLANE ( 'NONE',  #4313 ) ;
#2381 = MECHANICAL_DESIGN_GEOMETRIC_PRESENTATION_REPRESENTATION (  '', ( #641 ), #2 ) ;
#2382 = PRESENTATION_STYLE_ASSIGNMENT (( #1524 ) ) ;
#2383 = ORIENTED_EDGE ( 'NONE', *, *, #2613, .F. ) ;
#2384 = AXIS2_PLACEMENT_3D ( 'NONE', #3337, #1528, #5444 ) ;
#2385 = FILL_AREA_STYLE_COLOUR ( '', #2144 ) ;
#2386 =( LENGTH_UNIT ( ) NAMED_UNIT ( * ) SI_UNIT ( .MILLI., .METRE. ) );
#2387 = PLANE ( 'NONE',  #1456 ) ;
#2388 = CARTESIAN_POINT ( 'NONE',  ( 0.3648896556285310400, 0.9999999999999997780, 0.01999999999999745384 ) ) ;
#2389 = UNCERTAINTY_MEASURE_WITH_UNIT (LENGTH_MEASURE( 1.000000000000000082E-05 ), #4208, 'distance_accuracy_value', 'NONE');
#2390 = COLOUR_RGB ( '',0.8509803921568627194, 0.8509803921568627194, 0.8509803921568627194 ) ;
#2391 = ORIENTED_EDGE ( 'NONE', *, *, #4332, .F. ) ;
#2392 = CARTESIAN_POINT ( 'NONE',  ( 0.4000000000000002998, -0.2000000000000002054, 0.01999999999999720751 ) ) ;
#2393 = DIRECTION ( 'NONE',  ( -0.0000000000000000000, -0.0000000000000000000, -1.000000000000000000 ) ) ;
#2394 = CARTESIAN_POINT ( 'NONE',  ( -0.4135483952989442713, -0.3593805362314128615, 0.2810000000000000275 ) ) ;
#2395 = ORIENTED_EDGE ( 'NONE', *, *, #5410, .F. ) ;
#2396 = EDGE_CURVE ( 'NONE', #3208, #1977, #722, .T. ) ;
#2397 = CIRCLE ( 'NONE', #1662, 0.3614255068147826933 ) ;
#2398 =( NAMED_UNIT ( * ) PLANE_ANGLE_UNIT ( ) SI_UNIT ( $, .RADIAN. ) );
#2399 = DIRECTION ( 'NONE',  ( -5.033795800825558555E-16, -1.000000000000000000, 3.515080820425872486E-30 ) ) ;
#2400 = SURFACE_SIDE_STYLE ('',( #4983 ) ) ;
#2401 = ORIENTED_EDGE ( 'NONE', *, *, #5258, .F. ) ;
#2402 = EDGE_CURVE ( 'NONE', #4298, #3819, #1374, .T. ) ;
#2403 = UNCERTAINTY_MEASURE_WITH_UNIT (LENGTH_MEASURE( 1.000000000000000082E-05 ), #2513, 'distance_accuracy_value', 'NONE');
#2404 =( GEOMETRIC_REPRESENTATION_CONTEXT ( 3 ) GLOBAL_UNCERTAINTY_ASSIGNED_CONTEXT ( ( #4202 ) ) GLOBAL_UNIT_ASSIGNED_CONTEXT ( ( #4960, #1928, #3331 ) ) REPRESENTATION_CONTEXT ( 'NONE', 'WORKASPACE' ) );
#2405 = VERTEX_POINT ( 'NONE', #1059 ) ;
#2406 = LINE ( 'NONE', #2881, #2330 ) ;
#2407 = CARTESIAN_POINT ( 'NONE',  ( -0.6766918921026191525, 0.6855750628389500889, 0.2799999999999999711 ) ) ;
#2408 = PRESENTATION_STYLE_ASSIGNMENT (( #1089 ) ) ;
#2409 = ORIENTED_EDGE ( 'NONE', *, *, #4553, .F. ) ;
#2410 = CARTESIAN_POINT ( 'NONE',  ( -1.099999999999998090, 1.000000000000000000, 0.2600000000000076694 ) ) ;
#2411 = EDGE_CURVE ( 'NONE', #1467, #1398, #2797, .T. ) ;
#2412 =( NAMED_UNIT ( * ) PLANE_ANGLE_UNIT ( ) SI_UNIT ( $, .RADIAN. ) );
#2413 = LINE ( 'NONE', #2016, #2901 ) ;
#2414 = PRESENTATION_LAYER_ASSIGNMENT (  '', '', ( #954 ) ) ;
#2415 = EDGE_LOOP ( 'NONE', ( #351, #5085, #4201, #5042, #2507, #3387 ) ) ;
#2416 = PRESENTATION_STYLE_ASSIGNMENT (( #1475 ) ) ;
#2417 = CARTESIAN_POINT ( 'NONE',  ( -0.4135483952989442713, -0.3593805362314128615, 0.2810000000000000275 ) ) ;
#2418 = LINE ( 'NONE', #152, #2238 ) ;
#2419 =( GEOMETRIC_REPRESENTATION_CONTEXT ( 3 ) GLOBAL_UNCERTAINTY_ASSIGNED_CONTEXT ( ( #4580 ) ) GLOBAL_UNIT_ASSIGNED_CONTEXT ( ( #681, #2398, #4981 ) ) REPRESENTATION_CONTEXT ( 'NONE', 'WORKASPACE' ) );
#2420 = DIRECTION ( 'NONE',  ( 1.000000000000000000, 0.0000000000000000000, -6.982962677686268288E-15 ) ) ;
#2421 = VERTEX_POINT ( 'NONE', #4278 ) ;
#2422 = LINE ( 'NONE', #1997, #5171 ) ;
#2423 = VECTOR ( 'NONE', #1919, 1000.000000000000000 ) ;
#2424 =( LENGTH_UNIT ( ) NAMED_UNIT ( * ) SI_UNIT ( .MILLI., .METRE. ) );
#2425 = SURFACE_STYLE_FILL_AREA ( #1139 ) ;
#2426 = ADVANCED_FACE ( 'NONE', ( #773 ), #392, .T. ) ;
#2427 = FACE_OUTER_BOUND ( 'NONE', #2337, .T. ) ;
#2428 = CARTESIAN_POINT ( 'NONE',  ( -1.006701427160784346E-16, -0.2000000000000000389, 0.0000000000000000000 ) ) ;
#2429 = ORIENTED_EDGE ( 'NONE', *, *, #4971, .T. ) ;
#2430 = MECHANICAL_DESIGN_GEOMETRIC_PRESENTATION_REPRESENTATION (  '', ( #4938 ), #676 ) ;
#2431 = ORIENTED_EDGE ( 'NONE', *, *, #2540, .T. ) ;
#2432 = DIRECTION ( 'NONE',  ( -0.0000000000000000000, -0.0000000000000000000, -1.000000000000000000 ) ) ;
#2433 = SURFACE_SIDE_STYLE ('',( #5045 ) ) ;
#2434 =( LENGTH_UNIT ( ) NAMED_UNIT ( * ) SI_UNIT ( .MILLI., .METRE. ) );
#2435 = CARTESIAN_POINT ( 'NONE',  ( 1.100000000000002087, -0.7500000000000002220, 0.2799999999999999711 ) ) ;
#2436 = ORIENTED_EDGE ( 'NONE', *, *, #3305, .T. ) ;
#2437 = VECTOR ( 'NONE', #1323, 1000.000000000000000 ) ;
#2438 = FILL_AREA_STYLE ('',( #3728 ) ) ;
#2439 = CARTESIAN_POINT ( 'NONE',  ( 0.5359203924145662379, -0.05709504976923727992, 0.2599999999999999534 ) ) ;
#2440 = PRESENTATION_STYLE_ASSIGNMENT (( #4623 ) ) ;
#2441 = STYLED_ITEM ( 'NONE', ( #4198 ), #1596 ) ;
#2442 = FACE_OUTER_BOUND ( 'NONE', #2950, .T. ) ;
#2443 =( GEOMETRIC_REPRESENTATION_CONTEXT ( 3 ) GLOBAL_UNCERTAINTY_ASSIGNED_CONTEXT ( ( #861 ) ) GLOBAL_UNIT_ASSIGNED_CONTEXT ( ( #1477, #2778, #4486 ) ) REPRESENTATION_CONTEXT ( 'NONE', 'WORKASPACE' ) );
#2444 =( NAMED_UNIT ( * ) SI_UNIT ( $, .STERADIAN. ) SOLID_ANGLE_UNIT ( ) );
#2445 = LINE ( 'NONE', #5185, #2685 ) ;
#2446 = DIRECTION ( 'NONE',  ( 8.673617379884037444E-16, 1.000000000000000000, 0.0000000000000000000 ) ) ;
#2447 = ORIENTED_EDGE ( 'NONE', *, *, #3974, .T. ) ;
#2448 = DIRECTION ( 'NONE',  ( -0.0000000000000000000, -0.0000000000000000000, -1.000000000000000000 ) ) ;
#2449 = FILL_AREA_STYLE ('',( #302 ) ) ;
#2450 = SURFACE_STYLE_FILL_AREA ( #2542 ) ;
#2451 = FILL_AREA_STYLE ('',( #1542 ) ) ;
#2452 = DIRECTION ( 'NONE',  ( 0.0000000000000000000, -0.0000000000000000000, -1.000000000000000000 ) ) ;
#2453 = PRESENTATION_LAYER_ASSIGNMENT (  '', '', ( #2001 ) ) ;
#2454 = MECHANICAL_DESIGN_GEOMETRIC_PRESENTATION_REPRESENTATION (  '', ( #4154 ), #1724 ) ;
#2455 = FILL_AREA_STYLE_COLOUR ( '', #3263 ) ;
#2456 = VERTEX_POINT ( 'NONE', #2112 ) ;
#2457 = UNCERTAINTY_MEASURE_WITH_UNIT (LENGTH_MEASURE( 1.000000000000000082E-05 ), #4690, 'distance_accuracy_value', 'NONE');
#2458 = ADVANCED_FACE ( 'NONE', ( #452 ), #3863, .T. ) ;
#2459 = AXIS2_PLACEMENT_3D ( 'NONE', #5, #1355, #3005 ) ;
#2460 = ORIENTED_EDGE ( 'NONE', *, *, #1061, .T. ) ;
#2461 = CARTESIAN_POINT ( 'NONE',  ( -0.4343137556297431701, 0.04041390370446151792, 0.2810000000000000275 ) ) ;
#2462 = PRESENTATION_STYLE_ASSIGNMENT (( #3667 ) ) ;
#2463 = EDGE_LOOP ( 'NONE', ( #324, #3858, #4670, #1308 ) ) ;
#2464 = MECHANICAL_DESIGN_GEOMETRIC_PRESENTATION_REPRESENTATION (  '', ( #4787 ), #1735 ) ;
#2465 = PRESENTATION_LAYER_ASSIGNMENT (  '', '', ( #4425 ) ) ;
#2466 = EDGE_CURVE ( 'NONE', #4298, #668, #1720, .T. ) ;
#2467 =( LENGTH_UNIT ( ) NAMED_UNIT ( * ) SI_UNIT ( .MILLI., .METRE. ) );
#2468 = DIRECTION ( 'NONE',  ( -1.000000000000000000, 8.673617379884039416E-16, 0.0000000000000000000 ) ) ;
#2469 =( GEOMETRIC_REPRESENTATION_CONTEXT ( 3 ) GLOBAL_UNCERTAINTY_ASSIGNED_CONTEXT ( ( #2109 ) ) GLOBAL_UNIT_ASSIGNED_CONTEXT ( ( #5054, #3932, #1667 ) ) REPRESENTATION_CONTEXT ( 'NONE', 'WORKASPACE' ) );
#2470 = CARTESIAN_POINT ( 'NONE',  ( 0.6809088744240132662, 0.5569292977732096528, 0.2799999999999999711 ) ) ;
#2471 = AXIS2_PLACEMENT_3D ( 'NONE', #1907, #546, #144 ) ;
#2472 = FACE_OUTER_BOUND ( 'NONE', #1273, .T. ) ;
#2473 = VECTOR ( 'NONE', #5517, 1000.000000000000000 ) ;
#2474 = DIRECTION ( 'NONE',  ( 1.000000000000000000, 0.0000000000000000000, 0.0000000000000000000 ) ) ;
#2475 =( LENGTH_UNIT ( ) NAMED_UNIT ( * ) SI_UNIT ( .MILLI., .METRE. ) );
#2476 = SURFACE_STYLE_FILL_AREA ( #429 ) ;
#2477 = SURFACE_SIDE_STYLE ('',( #2842 ) ) ;
#2478 = ORIENTED_EDGE ( 'NONE', *, *, #2699, .T. ) ;
#2479 = ORIENTED_EDGE ( 'NONE', *, *, #5116, .F. ) ;
#2480 = LINE ( 'NONE', #3657, #2848 ) ;
#2481 = PRESENTATION_LAYER_ASSIGNMENT (  '', '', ( #5260 ) ) ;
#2482 =( NAMED_UNIT ( * ) PLANE_ANGLE_UNIT ( ) SI_UNIT ( $, .RADIAN. ) );
#2483 = PLANE ( 'NONE',  #1351 ) ;
#2484 = CARTESIAN_POINT ( 'NONE',  ( 1.100000000000002087, -0.1385744931852173067, 0.2799999999999999711 ) ) ;
#2485 = ADVANCED_FACE ( 'NONE', ( #859 ), #2164, .F. ) ;
#2486 = VECTOR ( 'NONE', #1482, 1000.000000000000000 ) ;
#2487 = CARTESIAN_POINT ( 'NONE',  ( 0.7978332356883809373, -0.08504592687205501933, 0.2599999999999999534 ) ) ;
#2488 = ORIENTED_EDGE ( 'NONE', *, *, #3127, .T. ) ;
#2489 = AXIS2_PLACEMENT_3D ( 'NONE', #3991, #4403, #5309 ) ;
#2490 = ORIENTED_EDGE ( 'NONE', *, *, #101, .F. ) ;
#2491 = SURFACE_SIDE_STYLE ('',( #222 ) ) ;
#2492 = PLANE ( 'NONE',  #333 ) ;
#2493 = CARTESIAN_POINT ( 'NONE',  ( 0.7174695751538135990, 0.3080817958270101187, 0.2599999999999999534 ) ) ;
#2494 = CARTESIAN_POINT ( 'NONE',  ( 0.7249999999999999778, -1.000000000000000000, 0.8400000000000000799 ) ) ;
#2495 = VERTEX_POINT ( 'NONE', #3551 ) ;
#2496 = VECTOR ( 'NONE', #204, 1000.000000000000000 ) ;
#2497 = DIRECTION ( 'NONE',  ( 6.982962677686266711E-15, -0.0000000000000000000, 1.000000000000000000 ) ) ;
#2498 = PLANE ( 'NONE',  #3442 ) ;
#2499 = EDGE_CURVE ( 'NONE', #3407, #3157, #5237, .T. ) ;
#2500 = SURFACE_STYLE_USAGE ( .BOTH. , #756 ) ;
#2501 = UNCERTAINTY_MEASURE_WITH_UNIT (LENGTH_MEASURE( 1.000000000000000082E-05 ), #2877, 'distance_accuracy_value', 'NONE');
#2502 = CYLINDRICAL_SURFACE ( 'NONE', #2129, 0.3637862597461382630 ) ;
#2503 = SURFACE_SIDE_STYLE ('',( #4627 ) ) ;
#2504 = ADVANCED_FACE ( 'NONE', ( #3106 ), #3074, .F. ) ;
#2505 = FILL_AREA_STYLE_COLOUR ( '', #2988 ) ;
#2506 = FILL_AREA_STYLE_COLOUR ( '', #1575 ) ;
#2507 = ORIENTED_EDGE ( 'NONE', *, *, #2170, .T. ) ;
#2508 = ORIENTED_EDGE ( 'NONE', *, *, #143, .F. ) ;
#2509 = MECHANICAL_DESIGN_GEOMETRIC_PRESENTATION_REPRESENTATION (  '', ( #312 ), #590 ) ;
#2510 = UNCERTAINTY_MEASURE_WITH_UNIT (LENGTH_MEASURE( 1.000000000000000082E-05 ), #121, 'distance_accuracy_value', 'NONE');
#2511 = AXIS2_PLACEMENT_3D ( 'NONE', #5026, #3784, #4590 ) ;
#2512 = VECTOR ( 'NONE', #2552, 1000.000000000000000 ) ;
#2513 =( LENGTH_UNIT ( ) NAMED_UNIT ( * ) SI_UNIT ( .MILLI., .METRE. ) );
#2514 = FILL_AREA_STYLE ('',( #2589 ) ) ;
#2515 = CARTESIAN_POINT ( 'NONE',  ( 1.100000000000002087, 0.0000000000000000000, 0.2799999999999999711 ) ) ;
#2516 = CARTESIAN_POINT ( 'NONE',  ( 0.7978332356883809373, -0.08504592687205501933, 0.2799999999999999711 ) ) ;
#2517 = ORIENTED_EDGE ( 'NONE', *, *, #4230, .F. ) ;
#2518 = CIRCLE ( 'NONE', #3230, 0.09999999999999999167 ) ;
#2519 =( GEOMETRIC_REPRESENTATION_CONTEXT ( 3 ) GLOBAL_UNCERTAINTY_ASSIGNED_CONTEXT ( ( #3353 ) ) GLOBAL_UNIT_ASSIGNED_CONTEXT ( ( #2079, #2106, #5092 ) ) REPRESENTATION_CONTEXT ( 'NONE', 'WORKASPACE' ) );
#2520 = EDGE_CURVE ( 'NONE', #3525, #4457, #3189, .T. ) ;
#2521 = ORIENTED_EDGE ( 'NONE', *, *, #628, .T. ) ;
#2522 = CIRCLE ( 'NONE', #785, 0.3614255068147824712 ) ;
#2523 = CARTESIAN_POINT ( 'NONE',  ( 0.0000000000000000000, 0.1776407652747671595, 0.2799999999999999711 ) ) ;
#2524 = FILL_AREA_STYLE_COLOUR ( '', #3539 ) ;
#2525 = VERTEX_POINT ( 'NONE', #3951 ) ;
#2526 = VERTEX_POINT ( 'NONE', #132 ) ;
#2527 = FACE_OUTER_BOUND ( 'NONE', #603, .T. ) ;
#2528 = DIRECTION ( 'NONE',  ( 1.000000000000000000, 0.0000000000000000000, 0.0000000000000000000 ) ) ;
#2529 = STYLED_ITEM ( 'NONE', ( #2921 ), #1178 ) ;
#2530 = CARTESIAN_POINT ( 'NONE',  ( -0.3095939579225142069, -0.3593805362314128615, 0.2810000000000000275 ) ) ;
#2531 = FILL_AREA_STYLE_COLOUR ( '', #530 ) ;
#2532 = EDGE_CURVE ( 'NONE', #3293, #5397, #1774, .T. ) ;
#2533 = CARTESIAN_POINT ( 'NONE',  ( 0.8230581300528493349, 0.2641109509742673445, 0.2799999999999999711 ) ) ;
#2534 = PRESENTATION_STYLE_ASSIGNMENT (( #4760 ) ) ;
#2535 = DIRECTION ( 'NONE',  ( -0.0000000000000000000, -0.0000000000000000000, -1.000000000000000000 ) ) ;
#2536 = CARTESIAN_POINT ( 'NONE',  ( 0.0000000000000000000, 0.0000000000000000000, 0.2799999999999999711 ) ) ;
#2537 = VERTEX_POINT ( 'NONE', #3602 ) ;
#2538 = ORIENTED_EDGE ( 'NONE', *, *, #5225, .F. ) ;
#2539 = CARTESIAN_POINT ( 'NONE',  ( -0.1178234831815653944, -0.3593805362314128615, 0.2810000000000000275 ) ) ;
#2540 = EDGE_CURVE ( 'NONE', #2296, #1977, #4029, .T. ) ;
#2541 = SURFACE_SIDE_STYLE ('',( #678 ) ) ;
#2542 = FILL_AREA_STYLE ('',( #713 ) ) ;
#2543 = CARTESIAN_POINT ( 'NONE',  ( 0.0000000000000000000, 1.000000000000000000, 0.02000000000000000042 ) ) ;
#2544 = SURFACE_STYLE_FILL_AREA ( #3378 ) ;
#2545 = PRESENTATION_STYLE_ASSIGNMENT (( #4341 ) ) ;
#2546 = ORIENTED_EDGE ( 'NONE', *, *, #930, .F. ) ;
#2547 = AXIS2_PLACEMENT_3D ( 'NONE', #2012, #3256, #3727 ) ;
#2548 = ORIENTED_EDGE ( 'NONE', *, *, #3223, .T. ) ;
#2549 = LINE ( 'NONE', #2111, #314 ) ;
#2550 = COLOUR_RGB ( '',0.8509803921568627194, 0.8509803921568627194, 0.8509803921568627194 ) ;
#2551 = DIRECTION ( 'NONE',  ( -1.000000000000000000, 0.0000000000000000000, 0.0000000000000000000 ) ) ;
#2552 = DIRECTION ( 'NONE',  ( 6.982962677686268288E-15, -0.0000000000000000000, 1.000000000000000000 ) ) ;
#2553 = VERTEX_POINT ( 'NONE', #969 ) ;
#2554 = EDGE_CURVE ( 'NONE', #1037, #2421, #4469, .T. ) ;
#2555 = VECTOR ( 'NONE', #1125, 1000.000000000000000 ) ;
#2556 = VERTEX_POINT ( 'NONE', #3977 ) ;
#2557 = FILL_AREA_STYLE_COLOUR ( '', #493 ) ;
#2558 = PLANE ( 'NONE',  #4436 ) ;
#2559 =( LENGTH_UNIT ( ) NAMED_UNIT ( * ) SI_UNIT ( .MILLI., .METRE. ) );
#2560 = COLOUR_RGB ( '',0.8509803921568627194, 0.8509803921568627194, 0.8509803921568627194 ) ;
#2561 = PRESENTATION_LAYER_ASSIGNMENT (  '', '', ( #4976 ) ) ;
#2562 = DIRECTION ( 'NONE',  ( 1.000000000000000000, 0.0000000000000000000, 0.0000000000000000000 ) ) ;
#2563 = ORIENTED_EDGE ( 'NONE', *, *, #1750, .F. ) ;
#2564 = LINE ( 'NONE', #4318, #4193 ) ;
#2565 = CIRCLE ( 'NONE', #91, 0.2500000000000000000 ) ;
#2566 = CARTESIAN_POINT ( 'NONE',  ( 0.7774874880952626910, 0.3068909665269575204, 0.2799999999999999711 ) ) ;
#2567 = LINE ( 'NONE', #1622, #3225 ) ;
#2568 = ADVANCED_FACE ( 'NONE', ( #1403 ), #2733, .F. ) ;
#2569 = ORIENTED_EDGE ( 'NONE', *, *, #5448, .F. ) ;
#2570 =( GEOMETRIC_REPRESENTATION_CONTEXT ( 3 ) GLOBAL_UNCERTAINTY_ASSIGNED_CONTEXT ( ( #4986 ) ) GLOBAL_UNIT_ASSIGNED_CONTEXT ( ( #4271, #5198, #3880 ) ) REPRESENTATION_CONTEXT ( 'NONE', 'WORKASPACE' ) );
#2571 = UNCERTAINTY_MEASURE_WITH_UNIT (LENGTH_MEASURE( 1.000000000000000082E-05 ), #1505, 'distance_accuracy_value', 'NONE');
#2572 = ORIENTED_EDGE ( 'NONE', *, *, #2192, .T. ) ;
#2573 = ADVANCED_FACE ( 'NONE', ( #4357 ), #2655, .T. ) ;
#2574 = EDGE_LOOP ( 'NONE', ( #2538, #4121, #5453, #4828 ) ) ;
#2575 = DIRECTION ( 'NONE',  ( 0.0000000000000000000, -0.0000000000000000000, -1.000000000000000000 ) ) ;
#2576 = CARTESIAN_POINT ( 'NONE',  ( -0.4343137556297431701, 0.04041390370446151792, 0.2599999999999999534 ) ) ;
#2577 = CARTESIAN_POINT ( 'NONE',  ( 1.100000000000002087, -0.1385744931852173067, 0.2799999999999999711 ) ) ;
#2578 = FACE_OUTER_BOUND ( 'NONE', #1380, .T. ) ;
#2579 = SURFACE_SIDE_STYLE ('',( #3415 ) ) ;
#2580 = CARTESIAN_POINT ( 'NONE',  ( -1.099999999999998090, 1.000000000000000000, 0.2600000000000076694 ) ) ;
#2581 = DIRECTION ( 'NONE',  ( 0.0000000000000000000, -1.000000000000000000, 0.0000000000000000000 ) ) ;
#2582 = CARTESIAN_POINT ( 'NONE',  ( -0.7570035725588107889, 0.6212183713084244996, 0.2599999999999999534 ) ) ;
#2583 = PRESENTATION_STYLE_ASSIGNMENT (( #2072 ) ) ;
#2584 = CARTESIAN_POINT ( 'NONE',  ( 0.3648896556285308734, -1.000000000000000000, -2.547875105340935420E-15 ) ) ;
#2585 = VERTEX_POINT ( 'NONE', #4086 ) ;
#2586 = DIRECTION ( 'NONE',  ( -1.000000000000000000, 0.0000000000000000000, 0.0000000000000000000 ) ) ;
#2587 = SURFACE_SIDE_STYLE ('',( #2617 ) ) ;
#2588 = DIRECTION ( 'NONE',  ( 0.0000000000000000000, -0.0000000000000000000, -1.000000000000000000 ) ) ;
#2589 = FILL_AREA_STYLE_COLOUR ( '', #3764 ) ;
#2590 = FACE_OUTER_BOUND ( 'NONE', #2291, .T. ) ;
#2591 = ORIENTED_EDGE ( 'NONE', *, *, #5460, .F. ) ;
#2592 = VECTOR ( 'NONE', #2581, 1000.000000000000000 ) ;
#2593 = AXIS2_PLACEMENT_3D ( 'NONE', #1684, #2133, #2995 ) ;
#2594 = EDGE_CURVE ( 'NONE', #4919, #443, #4926, .T. ) ;
#2595 = VERTEX_POINT ( 'NONE', #684 ) ;
#2596 = DIRECTION ( 'NONE',  ( 0.0000000000000000000, -0.0000000000000000000, -1.000000000000000000 ) ) ;
#2597 = CARTESIAN_POINT ( 'NONE',  ( 1.100000000000002309, 0.8637862597461452019, 0.2799999999999999711 ) ) ;
#2598 = CARTESIAN_POINT ( 'NONE',  ( -0.7570035725588107889, 0.6212183713084244996, 0.2599999999999999534 ) ) ;
#2599 = VECTOR ( 'NONE', #1754, 1000.000000000000000 ) ;
#2600 = ADVANCED_FACE ( 'NONE', ( #1487 ), #1113, .T. ) ;
#2601 = ORIENTED_EDGE ( 'NONE', *, *, #3626, .T. ) ;
#2602 = VECTOR ( 'NONE', #1772, 1000.000000000000000 ) ;
#2603 =( LENGTH_UNIT ( ) NAMED_UNIT ( * ) SI_UNIT ( .MILLI., .METRE. ) );
#2604 =( NAMED_UNIT ( * ) PLANE_ANGLE_UNIT ( ) SI_UNIT ( $, .RADIAN. ) );
#2605 = FILL_AREA_STYLE_COLOUR ( '', #3007 ) ;
#2606 = CARTESIAN_POINT ( 'NONE',  ( 0.8500000000000019762, 0.4999999999999997780, 0.2599999999999999534 ) ) ;
#2607 = SURFACE_SIDE_STYLE ('',( #1694 ) ) ;
#2608 = COLOUR_RGB ( '',0.8509803921568627194, 0.8509803921568627194, 0.8509803921568627194 ) ;
#2609 = MECHANICAL_DESIGN_GEOMETRIC_PRESENTATION_REPRESENTATION (  '', ( #396 ), #1874 ) ;
#2610 = DIRECTION ( 'NONE',  ( -3.469446951953614583E-15, 1.000000000000000000, 0.0000000000000000000 ) ) ;
#2611 = DIRECTION ( 'NONE',  ( 1.000000000000000000, 0.0000000000000000000, 0.0000000000000000000 ) ) ;
#2612 = VERTEX_POINT ( 'NONE', #1973 ) ;
#2613 = EDGE_CURVE ( 'NONE', #5207, #4948, #746, .T. ) ;
#2614 = DIRECTION ( 'NONE',  ( -0.0000000000000000000, -0.0000000000000000000, -1.000000000000000000 ) ) ;
#2615 = COLOUR_RGB ( '',1.000000000000000000, 1.000000000000000000, 1.000000000000000000 ) ;
#2616 = UNCERTAINTY_MEASURE_WITH_UNIT (LENGTH_MEASURE( 1.000000000000000082E-05 ), #4535, 'distance_accuracy_value', 'NONE');
#2617 = SURFACE_STYLE_FILL_AREA ( #879 ) ;
#2618 = STYLED_ITEM ( 'NONE', ( #2994 ), #1437 ) ;
#2619 = CARTESIAN_POINT ( 'NONE',  ( -1.100000000000000755, 0.1999999999999999833, 0.02000000000000768177 ) ) ;
#2620 = EDGE_LOOP ( 'NONE', ( #2942, #46, #1025, #4878 ) ) ;
#2621 = CIRCLE ( 'NONE', #3339, 0.2500000000000000000 ) ;
#2622 = ORIENTED_EDGE ( 'NONE', *, *, #3119, .F. ) ;
#2623 = DIRECTION ( 'NONE',  ( -0.0000000000000000000, -0.0000000000000000000, -1.000000000000000000 ) ) ;
#2624 = CARTESIAN_POINT ( 'NONE',  ( 0.3901487617419281406, 0.0000000000000000000, 0.2599999999999999534 ) ) ;
#2625 =( NAMED_UNIT ( * ) SI_UNIT ( $, .STERADIAN. ) SOLID_ANGLE_UNIT ( ) );
#2626 = VERTEX_POINT ( 'NONE', #247 ) ;
#2627 = UNCERTAINTY_MEASURE_WITH_UNIT (LENGTH_MEASURE( 1.000000000000000082E-05 ), #518, 'distance_accuracy_value', 'NONE');
#2628 =( NAMED_UNIT ( * ) PLANE_ANGLE_UNIT ( ) SI_UNIT ( $, .RADIAN. ) );
#2629 = LINE ( 'NONE', #5129, #4340 ) ;
#2630 = DIRECTION ( 'NONE',  ( 0.0000000000000000000, -0.0000000000000000000, -1.000000000000000000 ) ) ;
#2631 = FILL_AREA_STYLE ('',( #3469 ) ) ;
#2632 = ORIENTED_EDGE ( 'NONE', *, *, #1558, .T. ) ;
#2633 = EDGE_CURVE ( 'NONE', #2752, #2684, #4057, .T. ) ;
#2634 =( GEOMETRIC_REPRESENTATION_CONTEXT ( 3 ) GLOBAL_UNCERTAINTY_ASSIGNED_CONTEXT ( ( #2389 ) ) GLOBAL_UNIT_ASSIGNED_CONTEXT ( ( #4208, #1187, #3338 ) ) REPRESENTATION_CONTEXT ( 'NONE', 'WORKASPACE' ) );
#2635 = LINE ( 'NONE', #2121, #2967 ) ;
#2636 =( GEOMETRIC_REPRESENTATION_CONTEXT ( 3 ) GLOBAL_UNCERTAINTY_ASSIGNED_CONTEXT ( ( #801 ) ) GLOBAL_UNIT_ASSIGNED_CONTEXT ( ( #3165, #88, #3560 ) ) REPRESENTATION_CONTEXT ( 'NONE', 'WORKASPACE' ) );
#2637 = CIRCLE ( 'NONE', #3891, 0.1000000000000000472 ) ;
#2638 = FACE_OUTER_BOUND ( 'NONE', #3935, .T. ) ;
#2639 = DIRECTION ( 'NONE',  ( -0.0000000000000000000, 0.0000000000000000000, 1.000000000000000000 ) ) ;
#2640 = CARTESIAN_POINT ( 'NONE',  ( -0.4343137556297431701, 0.04041390370446151792, 0.2810000000000000275 ) ) ;
#2641 = ORIENTED_EDGE ( 'NONE', *, *, #1420, .T. ) ;
#2642 = DIRECTION ( 'NONE',  ( -3.469446951953614189E-15, 1.000000000000000000, 0.0000000000000000000 ) ) ;
#2643 = PRESENTATION_LAYER_ASSIGNMENT (  '', '', ( #1001 ) ) ;
#2644 = LINE ( 'NONE', #2218, #51 ) ;
#2645 = DIRECTION ( 'NONE',  ( 1.000000000000000000, 0.0000000000000000000, 0.0000000000000000000 ) ) ;
#2646 = LINE ( 'NONE', #1856, #776 ) ;
#2647 = ORIENTED_EDGE ( 'NONE', *, *, #704, .F. ) ;
#2648 = STYLED_ITEM ( 'NONE', ( #2323 ), #3439 ) ;
#2649 = ORIENTED_EDGE ( 'NONE', *, *, #5068, .F. ) ;
#2650 = ADVANCED_FACE ( 'NONE', ( #5404 ), #655, .F. ) ;
#2651 = DIRECTION ( 'NONE',  ( -1.734723475976807094E-15, 1.000000000000000000, 0.0000000000000000000 ) ) ;
#2652 = CARTESIAN_POINT ( 'NONE',  ( 0.0000000000000000000, -0.05709504976923729380, 0.2799999999999999711 ) ) ;
#2653 = SURFACE_STYLE_USAGE ( .BOTH. , #1402 ) ;
#2654 = MECHANICAL_DESIGN_GEOMETRIC_PRESENTATION_REPRESENTATION (  '', ( #4892 ), #460 ) ;
#2655 = CYLINDRICAL_SURFACE ( 'NONE', #4788, 0.3614255068147824712 ) ;
#2656 = MECHANICAL_DESIGN_GEOMETRIC_PRESENTATION_REPRESENTATION (  '', ( #284 ), #8 ) ;
#2657 = ORIENTED_EDGE ( 'NONE', *, *, #4414, .T. ) ;
#2658 = PRODUCT_DEFINITION_SHAPE ( 'NONE', 'NONE',  #3741 ) ;
#2659 = PLANE ( 'NONE',  #4380 ) ;
#2660 = PLANE ( 'NONE',  #3334 ) ;
#2661 = DIRECTION ( 'NONE',  ( -1.000000000000000000, 3.872150616019658341E-17, 6.983251342707903681E-15 ) ) ;
#2662 = DIRECTION ( 'NONE',  ( -1.000000000000000000, 9.856383386231857595E-17, 6.983251342707903681E-15 ) ) ;
#2663 = FILL_AREA_STYLE ('',( #3611 ) ) ;
#2664 = ORIENTED_EDGE ( 'NONE', *, *, #2594, .T. ) ;
#2665 = DIRECTION ( 'NONE',  ( -0.0000000000000000000, -0.0000000000000000000, -1.000000000000000000 ) ) ;
#2666 = ADVANCED_FACE ( 'NONE', ( #3352 ), #4852, .F. ) ;
#2667 = DIRECTION ( 'NONE',  ( 0.0000000000000000000, -0.0000000000000000000, -1.000000000000000000 ) ) ;
#2668 = CARTESIAN_POINT ( 'NONE',  ( -1.099999999999998090, 0.4999999999999997780, 0.2600000000000076694 ) ) ;
#2669 = FACE_OUTER_BOUND ( 'NONE', #3126, .T. ) ;
#2670 = EDGE_CURVE ( 'NONE', #2495, #2277, #932, .T. ) ;
#2671 = PRESENTATION_STYLE_ASSIGNMENT (( #4856 ) ) ;
#2672 = PRESENTATION_STYLE_ASSIGNMENT (( #3510 ) ) ;
#2673 = FILL_AREA_STYLE ('',( #4915 ) ) ;
#2674 = ORIENTED_EDGE ( 'NONE', *, *, #2692, .F. ) ;
#2675 = ORIENTED_EDGE ( 'NONE', *, *, #753, .F. ) ;
#2676 = DIRECTION ( 'NONE',  ( 1.000000000000000000, -3.523657060577891777E-15, 0.0000000000000000000 ) ) ;
#2677 = DIRECTION ( 'NONE',  ( -0.0000000000000000000, 0.0000000000000000000, 1.000000000000000000 ) ) ;
#2678 = EDGE_LOOP ( 'NONE', ( #5553, #834, #3958, #1657 ) ) ;
#2679 = VECTOR ( 'NONE', #2086, 1000.000000000000000 ) ;
#2680 = EDGE_CURVE ( 'NONE', #1411, #283, #767, .T. ) ;
#2681 = VERTEX_POINT ( 'NONE', #3093 ) ;
#2682 = DIRECTION ( 'NONE',  ( 0.0000000000000000000, -0.0000000000000000000, 1.000000000000000000 ) ) ;
#2683 =( NAMED_UNIT ( * ) PLANE_ANGLE_UNIT ( ) SI_UNIT ( $, .RADIAN. ) );
#2684 = VERTEX_POINT ( 'NONE', #2081 ) ;
#2685 = VECTOR ( 'NONE', #1325, 1000.000000000000000 ) ;
#2686 = VECTOR ( 'NONE', #3101, 1000.000000000000000 ) ;
#2687 = CLOSED_SHELL ( 'NONE', ( #549, #1298, #4677, #3847, #2836, #3153, #533, #3462, #2802, #2573, #3284, #1178, #3386, #2237, #3328, #1436 ) ) ;
#2688 =( NAMED_UNIT ( * ) SI_UNIT ( $, .STERADIAN. ) SOLID_ANGLE_UNIT ( ) );
#2689 = MECHANICAL_DESIGN_GEOMETRIC_PRESENTATION_REPRESENTATION (  '', ( #3679 ), #1695 ) ;
#2690 = STYLED_ITEM ( 'NONE', ( #232 ), #367 ) ;
#2691 = FACE_OUTER_BOUND ( 'NONE', #2696, .T. ) ;
#2692 = EDGE_CURVE ( 'NONE', #939, #3208, #36, .T. ) ;
#2693 = CARTESIAN_POINT ( 'NONE',  ( -0.7570035725588046827, 0.6212183713084267200, 0.2599999999999999534 ) ) ;
#2694 = FILL_AREA_STYLE ('',( #4460 ) ) ;
#2695 = DIRECTION ( 'NONE',  ( 1.000000000000000000, 0.0000000000000000000, -6.982962677686266711E-15 ) ) ;
#2696 = EDGE_LOOP ( 'NONE', ( #4025, #179, #3599, #1176 ) ) ;
#2697 = VECTOR ( 'NONE', #5156, 1000.000000000000000 ) ;
#2698 = VERTEX_POINT ( 'NONE', #5189 ) ;
#2699 = EDGE_CURVE ( 'NONE', #283, #3094, #3962, .T. ) ;
#2700 = VECTOR ( 'NONE', #3303, 1000.000000000000000 ) ;
#2701 = DIRECTION ( 'NONE',  ( 1.000000000000000000, 0.0000000000000000000, 0.0000000000000000000 ) ) ;
#2702 = CARTESIAN_POINT ( 'NONE',  ( 0.2532275857927164253, -0.5316465652036583833, 0.2599999999999999534 ) ) ;
#2703 = PRESENTATION_STYLE_ASSIGNMENT (( #3187 ) ) ;
#2704 =( NAMED_UNIT ( * ) PLANE_ANGLE_UNIT ( ) SI_UNIT ( $, .RADIAN. ) );
#2705 = ORIENTED_EDGE ( 'NONE', *, *, #3524, .F. ) ;
#2706 =( GEOMETRIC_REPRESENTATION_CONTEXT ( 3 ) GLOBAL_UNCERTAINTY_ASSIGNED_CONTEXT ( ( #1825 ) ) GLOBAL_UNIT_ASSIGNED_CONTEXT ( ( #3571, #2256, #4467 ) ) REPRESENTATION_CONTEXT ( 'NONE', 'WORKASPACE' ) );
#2707 = EDGE_LOOP ( 'NONE', ( #5095, #5058, #4008, #5127 ) ) ;
#2708 = MECHANICAL_DESIGN_GEOMETRIC_PRESENTATION_REPRESENTATION (  '', ( #2896 ), #5050 ) ;
#2709 = CARTESIAN_POINT ( 'NONE',  ( 0.0000000000000000000, 0.0000000000000000000, 0.2599999999999999534 ) ) ;
#2710 = CARTESIAN_POINT ( 'NONE',  ( 0.5359203924145662379, 0.1776407652747671595, 0.2799999999999999711 ) ) ;
#2711 = PLANE ( 'NONE',  #2176 ) ;
#2712 = ORIENTED_EDGE ( 'NONE', *, *, #4114, .F. ) ;
#2713 = SURFACE_STYLE_USAGE ( .BOTH. , #1725 ) ;
#2714 =( NAMED_UNIT ( * ) PLANE_ANGLE_UNIT ( ) SI_UNIT ( $, .RADIAN. ) );
#2715 = ADVANCED_FACE ( 'NONE', ( #3505 ), #1821, .T. ) ;
#2716 = MECHANICAL_DESIGN_GEOMETRIC_PRESENTATION_REPRESENTATION (  '', ( #542 ), #256 ) ;
#2717 = MECHANICAL_DESIGN_GEOMETRIC_PRESENTATION_REPRESENTATION (  '', ( #524 ), #2634 ) ;
#2718 = PLANE ( 'NONE',  #557 ) ;
#2719 = FILL_AREA_STYLE ('',( #1496 ) ) ;
#2720 = LINE ( 'NONE', #495, #1758 ) ;
#2721 = AXIS2_PLACEMENT_3D ( 'NONE', #1161, #3732, #5446 ) ;
#2722 = SURFACE_SIDE_STYLE ('',( #1826 ) ) ;
#2723 = DIRECTION ( 'NONE',  ( 0.0000000000000000000, 1.000000000000000000, 0.0000000000000000000 ) ) ;
#2724 = AXIS2_PLACEMENT_3D ( 'NONE', #3297, #303, #1110 ) ;
#2725 = COLOUR_RGB ( '',0.8509803921568627194, 0.8509803921568627194, 0.8509803921568627194 ) ;
#2726 = EDGE_LOOP ( 'NONE', ( #2569, #386, #4256, #133 ) ) ;
#2727 = MECHANICAL_DESIGN_GEOMETRIC_PRESENTATION_REPRESENTATION (  '', ( #4596 ), #5151 ) ;
#2728 = DIRECTION ( 'NONE',  ( -0.0000000000000000000, 0.0000000000000000000, 1.000000000000000000 ) ) ;
#2729 = DIRECTION ( 'NONE',  ( -1.000000000000000000, -0.0000000000000000000, -0.0000000000000000000 ) ) ;
#2730 = ADVANCED_FACE ( 'NONE', ( #3616 ), #3172, .T. ) ;
#2731 = CARTESIAN_POINT ( 'NONE',  ( 0.3648896556285310400, -1.000000000000000222, 0.01999999999999745384 ) ) ;
#2732 = SURFACE_STYLE_FILL_AREA ( #998 ) ;
#2733 = PLANE ( 'NONE',  #5244 ) ;
#2734 = ORIENTED_EDGE ( 'NONE', *, *, #32, .F. ) ;
#2735 = VERTEX_POINT ( 'NONE', #1472 ) ;
#2736 = CARTESIAN_POINT ( 'NONE',  ( -0.6766918921026191525, -0.5541450885699468198, 0.2799999999999999711 ) ) ;
#2737 = CIRCLE ( 'NONE', #650, 0.2500000000000000000 ) ;
#2738 = EDGE_CURVE ( 'NONE', #5016, #3293, #4239, .T. ) ;
#2739 = PLANE ( 'NONE',  #978 ) ;
#2740 = FILL_AREA_STYLE ('',( #1959 ) ) ;
#2741 = CARTESIAN_POINT ( 'NONE',  ( 5.773300432731590829E-21, 0.9000000000000000222, 0.0000000000000000000 ) ) ;
#2742 = DIRECTION ( 'NONE',  ( -6.982962677686265922E-15, 0.0000000000000000000, -1.000000000000000000 ) ) ;
#2743 = ORIENTED_EDGE ( 'NONE', *, *, #2216, .T. ) ;
#2744 = VECTOR ( 'NONE', #5288, 1000.000000000000000 ) ;
#2745 = PLANE ( 'NONE',  #4556 ) ;
#2746 = CIRCLE ( 'NONE', #4536, 0.3637862597461382630 ) ;
#2747 =( NAMED_UNIT ( * ) SI_UNIT ( $, .STERADIAN. ) SOLID_ANGLE_UNIT ( ) );
#2748 = CARTESIAN_POINT ( 'NONE',  ( 5.773300432731590829E-21, 0.0000000000000000000, 0.0000000000000000000 ) ) ;
#2749 = PRESENTATION_STYLE_ASSIGNMENT (( #146 ) ) ;
#2750 = PRESENTATION_STYLE_ASSIGNMENT (( #4018 ) ) ;
#2751 = VECTOR ( 'NONE', #1673, 1000.000000000000000 ) ;
#2752 = VERTEX_POINT ( 'NONE', #2388 ) ;
#2753 = DIRECTION ( 'NONE',  ( -6.982962677686268288E-15, 0.0000000000000000000, -1.000000000000000000 ) ) ;
#2754 = DIRECTION ( 'NONE',  ( 3.872150616019658341E-17, 1.000000000000000000, -2.703908323404516286E-31 ) ) ;
#2755 = CARTESIAN_POINT ( 'NONE',  ( 0.7672489025476870728, 0.6470277182179263731, 0.2599999999999999534 ) ) ;
#2756 = CARTESIAN_POINT ( 'NONE',  ( -0.6035437629006772386, -0.3065665198382720447, 0.2599999999999999534 ) ) ;
#2757 = AXIS2_PLACEMENT_3D ( 'NONE', #3476, #4798, #933 ) ;
#2758 = ORIENTED_EDGE ( 'NONE', *, *, #2919, .T. ) ;
#2759 = CARTESIAN_POINT ( 'NONE',  ( -0.3999999999999999112, 1.858632295689436842E-16, 0.02000000000000279332 ) ) ;
#2760 = DIRECTION ( 'NONE',  ( -6.982962677686265922E-15, 0.0000000000000000000, -1.000000000000000000 ) ) ;
#2761 = LINE ( 'NONE', #185, #4294 ) ;
#2762 = VERTEX_POINT ( 'NONE', #3229 ) ;
#2763 = EDGE_CURVE ( 'NONE', #1916, #5551, #2300, .T. ) ;
#2764 = CARTESIAN_POINT ( 'NONE',  ( 0.7858601251859659298, -0.1372050520392875117, 0.2799999999999999711 ) ) ;
#2765 = ORIENTED_EDGE ( 'NONE', *, *, #4863, .F. ) ;
#2766 = ADVANCED_FACE ( 'NONE', ( #4102 ), #1011, .F. ) ;
#2767 =( GEOMETRIC_REPRESENTATION_CONTEXT ( 3 ) GLOBAL_UNCERTAINTY_ASSIGNED_CONTEXT ( ( #5541 ) ) GLOBAL_UNIT_ASSIGNED_CONTEXT ( ( #2603, #2201, #809 ) ) REPRESENTATION_CONTEXT ( 'NONE', 'WORKASPACE' ) );
#2768 = CARTESIAN_POINT ( 'NONE',  ( -0.5740798441076681025, -0.7671295513012332812, 0.2799999999999999711 ) ) ;
#2769 = SURFACE_SIDE_STYLE ('',( #5360 ) ) ;
#2770 = DIRECTION ( 'NONE',  ( -1.000000000000000000, 0.0000000000000000000, 6.983251342707903681E-15 ) ) ;
#2771 = AXIS2_PLACEMENT_3D ( 'NONE', #3071, #1238, #4746 ) ;
#2772 =( NAMED_UNIT ( * ) PLANE_ANGLE_UNIT ( ) SI_UNIT ( $, .RADIAN. ) );
#2773 = AXIS2_PLACEMENT_3D ( 'NONE', #2741, #3113, #3639 ) ;
#2774 = UNCERTAINTY_MEASURE_WITH_UNIT (LENGTH_MEASURE( 1.000000000000000082E-05 ), #349, 'distance_accuracy_value', 'NONE');
#2775 = ORIENTED_EDGE ( 'NONE', *, *, #4797, .T. ) ;
#2776 = FILL_AREA_STYLE ('',( #1015 ) ) ;
#2777 = LINE ( 'NONE', #1016, #2911 ) ;
#2778 =( NAMED_UNIT ( * ) PLANE_ANGLE_UNIT ( ) SI_UNIT ( $, .RADIAN. ) );
#2779 = CARTESIAN_POINT ( 'NONE',  ( 0.3432670707574931868, -0.5316465652036583833, 0.2810000000000000275 ) ) ;
#2780 = SURFACE_STYLE_FILL_AREA ( #1041 ) ;
#2781 = ADVANCED_FACE ( 'NONE', ( #4940 ), #3563, .F. ) ;
#2782 = EDGE_LOOP ( 'NONE', ( #2949, #1618, #323, #2245 ) ) ;
#2783 = ORIENTED_EDGE ( 'NONE', *, *, #2396, .F. ) ;
#2784 = CARTESIAN_POINT ( 'NONE',  ( 0.8500000000000019762, 0.4999999999999997780, 0.2599999999999940137 ) ) ;
#2785 = CARTESIAN_POINT ( 'NONE',  ( 0.6534767642029394308, -0.05709504976923727992, 0.2599999999999999534 ) ) ;
#2786 = CARTESIAN_POINT ( 'NONE',  ( 0.3195831592659477138, 0.4509946331943126552, 0.2810000000000000275 ) ) ;
#2787 = STYLED_ITEM ( 'NONE', ( #3637 ), #1253 ) ;
#2788 =( NAMED_UNIT ( * ) SI_UNIT ( $, .STERADIAN. ) SOLID_ANGLE_UNIT ( ) );
#2789 = CARTESIAN_POINT ( 'NONE',  ( -1.099999999999998979, -0.2499999999999999445, 0.2600000000000076694 ) ) ;
#2790 = VERTEX_POINT ( 'NONE', #4129 ) ;
#2791 = UNCERTAINTY_MEASURE_WITH_UNIT (LENGTH_MEASURE( 1.000000000000000082E-05 ), #5265, 'distance_accuracy_value', 'NONE');
#2792 = PRESENTATION_LAYER_ASSIGNMENT (  '', '', ( #2529 ) ) ;
#2793 = ORIENTED_EDGE ( 'NONE', *, *, #2170, .F. ) ;
#2794 = DIRECTION ( 'NONE',  ( -0.0000000000000000000, -0.0000000000000000000, -1.000000000000000000 ) ) ;
#2795 =( NAMED_UNIT ( * ) SI_UNIT ( $, .STERADIAN. ) SOLID_ANGLE_UNIT ( ) );
#2796 =( NAMED_UNIT ( * ) PLANE_ANGLE_UNIT ( ) SI_UNIT ( $, .RADIAN. ) );
#2797 = LINE ( 'NONE', #4501, #1736 ) ;
#2798 = ORIENTED_EDGE ( 'NONE', *, *, #826, .F. ) ;
#2799 = AXIS2_PLACEMENT_3D ( 'NONE', #1434, #2760, #2285 ) ;
#2800 = FILL_AREA_STYLE ('',( #5328 ) ) ;
#2801 = DIRECTION ( 'NONE',  ( 1.000000000000000000, 0.0000000000000000000, -6.938893903907228378E-15 ) ) ;
#2802 = ADVANCED_FACE ( 'NONE', ( #3706 ), #558, .F. ) ;
#2803 = PRESENTATION_LAYER_ASSIGNMENT (  '', '', ( #2896 ) ) ;
#2804 = DIRECTION ( 'NONE',  ( -6.983251342707903681E-15, 0.0000000000000000000, -1.000000000000000000 ) ) ;
#2805 = CARTESIAN_POINT ( 'NONE',  ( -0.3999999999999999667, 0.2000000000000000111, 0.02000000000000279332 ) ) ;
#2806 = VERTEX_POINT ( 'NONE', #5079 ) ;
#2807 = AXIS2_PLACEMENT_3D ( 'NONE', #4681, #789, #5083 ) ;
#2808 = DIRECTION ( 'NONE',  ( 3.469446951953614583E-15, 1.000000000000000000, 0.0000000000000000000 ) ) ;
#2809 = ADVANCED_FACE ( 'NONE', ( #1220 ), #1611, .T. ) ;
#2810 = PRESENTATION_STYLE_ASSIGNMENT (( #209 ) ) ;
#2811 = CARTESIAN_POINT ( 'NONE',  ( 0.7507068832573945416, 0.6078267106094943362, 0.2599999999999999534 ) ) ;
#2812 = DIRECTION ( 'NONE',  ( -0.0000000000000000000, -0.0000000000000000000, -1.000000000000000000 ) ) ;
#2813 = ORIENTED_EDGE ( 'NONE', *, *, #566, .T. ) ;
#2814 = ORIENTED_EDGE ( 'NONE', *, *, #2554, .F. ) ;
#2815 = LINE ( 'NONE', #181, #14 ) ;
#2816 = PRESENTATION_LAYER_ASSIGNMENT (  '', '', ( #5232 ) ) ;
#2817 = PRESENTATION_LAYER_ASSIGNMENT (  '', '', ( #4154 ) ) ;
#2818 = STYLED_ITEM ( 'NONE', ( #3448 ), #3182 ) ;
#2819 = CARTESIAN_POINT ( 'NONE',  ( -1.099999999999998090, 0.4999999999999997780, 0.2599999999999999534 ) ) ;
#2820 = PRESENTATION_STYLE_ASSIGNMENT (( #4952 ) ) ;
#2821 = CARTESIAN_POINT ( 'NONE',  ( 1.100000000000002087, 0.4999999999999997780, 0.2599999999999999534 ) ) ;
#2822 = DIRECTION ( 'NONE',  ( -0.0000000000000000000, -0.0000000000000000000, -1.000000000000000000 ) ) ;
#2823 = CARTESIAN_POINT ( 'NONE',  ( -1.099999999999998090, -0.4999999999999997780, 0.2799999999999999711 ) ) ;
#2824 = ORIENTED_EDGE ( 'NONE', *, *, #4987, .T. ) ;
#2825 =( GEOMETRIC_REPRESENTATION_CONTEXT ( 3 ) GLOBAL_UNCERTAINTY_ASSIGNED_CONTEXT ( ( #2042 ) ) GLOBAL_UNIT_ASSIGNED_CONTEXT ( ( #5073, #2704, #82 ) ) REPRESENTATION_CONTEXT ( 'NONE', 'WORKASPACE' ) );
#2826 = EDGE_CURVE ( 'NONE', #3691, #5323, #3268, .T. ) ;
#2827 = VERTEX_POINT ( 'NONE', #3308 ) ;
#2828 = DIRECTION ( 'NONE',  ( 0.0000000000000000000, -0.0000000000000000000, 1.000000000000000000 ) ) ;
#2829 = ORIENTED_EDGE ( 'NONE', *, *, #2887, .F. ) ;
#2830 = MECHANICAL_DESIGN_GEOMETRIC_PRESENTATION_REPRESENTATION (  '', ( #2648 ), #2019 ) ;
#2831 = DIRECTION ( 'NONE',  ( -1.734723475976807094E-15, 1.000000000000000000, 0.0000000000000000000 ) ) ;
#2832 = FACE_OUTER_BOUND ( 'NONE', #643, .T. ) ;
#2833 = DIRECTION ( 'NONE',  ( -6.982962677686265922E-15, 0.0000000000000000000, -1.000000000000000000 ) ) ;
#2834 = DIRECTION ( 'NONE',  ( 1.000000000000000000, 0.0000000000000000000, -0.0000000000000000000 ) ) ;
#2835 = VECTOR ( 'NONE', #2661, 1000.000000000000000 ) ;
#2836 = ADVANCED_FACE ( 'NONE', ( #2889 ), #730, .T. ) ;
#2837 = UNCERTAINTY_MEASURE_WITH_UNIT (LENGTH_MEASURE( 1.000000000000000082E-05 ), #5169, 'distance_accuracy_value', 'NONE');
#2838 = STYLED_ITEM ( 'NONE', ( #4804 ), #3864 ) ;
#2839 = ORIENTED_EDGE ( 'NONE', *, *, #5132, .T. ) ;
#2840 = FILL_AREA_STYLE ('',( #3265 ) ) ;
#2841 = CARTESIAN_POINT ( 'NONE',  ( 0.6809088744240132662, 0.5569292977732096528, 0.2599999999999999534 ) ) ;
#2842 = SURFACE_STYLE_FILL_AREA ( #3314 ) ;
#2843 = VERTEX_POINT ( 'NONE', #3032 ) ;
#2844 = ORIENTED_EDGE ( 'NONE', *, *, #5502, .T. ) ;
#2845 = DIRECTION ( 'NONE',  ( 6.982962677686268288E-15, -0.0000000000000000000, 1.000000000000000000 ) ) ;
#2846 = VECTOR ( 'NONE', #3933, 1000.000000000000000 ) ;
#2847 = EDGE_CURVE ( 'NONE', #2762, #3829, #2974, .T. ) ;
#2848 = VECTOR ( 'NONE', #301, 1000.000000000000000 ) ;
#2849 =( NAMED_UNIT ( * ) SI_UNIT ( $, .STERADIAN. ) SOLID_ANGLE_UNIT ( ) );
#2850 = DIRECTION ( 'NONE',  ( -0.0000000000000000000, -0.0000000000000000000, -1.000000000000000000 ) ) ;
#2851 = DIRECTION ( 'NONE',  ( 6.983251342707903681E-15, -0.0000000000000000000, 1.000000000000000000 ) ) ;
#2852 = VERTEX_POINT ( 'NONE', #927 ) ;
#2853 = UNCERTAINTY_MEASURE_WITH_UNIT (LENGTH_MEASURE( 1.000000000000000082E-05 ), #943, 'distance_accuracy_value', 'NONE');
#2854 = COLOUR_RGB ( '',0.7921568627450980005, 0.8196078431372548767, 0.9333333333333333481 ) ;
#2855 = EDGE_LOOP ( 'NONE', ( #1454, #3027, #5120, #5238 ) ) ;
#2856 = CYLINDRICAL_SURFACE ( 'NONE', #1151, 0.3637862597461454239 ) ;
#2857 = FILL_AREA_STYLE_COLOUR ( '', #5240 ) ;
#2858 = EDGE_LOOP ( 'NONE', ( #883, #4780, #2205, #2548, #884, #1042, #4134, #476 ) ) ;
#2859 = SURFACE_STYLE_USAGE ( .BOTH. , #4179 ) ;
#2860 = DIRECTION ( 'NONE',  ( -1.000000000000000000, -9.767585058201805003E-17, 0.0000000000000000000 ) ) ;
#2861 = VECTOR ( 'NONE', #1563, 1000.000000000000000 ) ;
#2862 = STYLED_ITEM ( 'NONE', ( #3976 ), #5001 ) ;
#2863 = DIRECTION ( 'NONE',  ( -0.0000000000000000000, -0.0000000000000000000, -1.000000000000000000 ) ) ;
#2864 = LINE ( 'NONE', #706, #272 ) ;
#2865 = VECTOR ( 'NONE', #3607, 1000.000000000000000 ) ;
#2866 = LINE ( 'NONE', #3179, #4653 ) ;
#2867 =( NAMED_UNIT ( * ) SI_UNIT ( $, .STERADIAN. ) SOLID_ANGLE_UNIT ( ) );
#2868 = EDGE_LOOP ( 'NONE', ( #2057, #5268, #4451, #3292 ) ) ;
#2869 = EDGE_CURVE ( 'NONE', #4897, #445, #1280, .T. ) ;
#2870 = CIRCLE ( 'NONE', #128, 0.3614255068147824712 ) ;
#2871 = CARTESIAN_POINT ( 'NONE',  ( 0.3124155170610076193, -0.05709504976923729380, 0.2799999999999999711 ) ) ;
#2872 = CARTESIAN_POINT ( 'NONE',  ( 0.7249999999999999778, 1.000000000000000000, 0.8400000000000000799 ) ) ;
#2873 = SURFACE_STYLE_USAGE ( .BOTH. , #1079 ) ;
#2874 = CARTESIAN_POINT ( 'NONE',  ( -0.4343137556297431701, 0.4509946331943126552, 0.2810000000000000275 ) ) ;
#2875 = ADVANCED_FACE ( 'NONE', ( #431 ), #5217, .T. ) ;
#2876 = AXIS2_PLACEMENT_3D ( 'NONE', #1138, #3270, #5429 ) ;
#2877 =( LENGTH_UNIT ( ) NAMED_UNIT ( * ) SI_UNIT ( .MILLI., .METRE. ) );
#2878 = VERTEX_POINT ( 'NONE', #4729 ) ;
#2879 = AXIS2_PLACEMENT_3D ( 'NONE', #3900, #1357, #5558 ) ;
#2880 = ORIENTED_EDGE ( 'NONE', *, *, #1636, .F. ) ;
#2881 = CARTESIAN_POINT ( 'NONE',  ( 0.7174695751538135990, -0.08025157153844877933, 0.2799999999999999711 ) ) ;
#2882 = CARTESIAN_POINT ( 'NONE',  ( -0.6957328749551370262, 0.6914393411476200679, 0.2799999999999999711 ) ) ;
#2883 = CARTESIAN_POINT ( 'NONE',  ( -0.6803386800598816286, -0.2391341263035014764, 0.2799999999999999711 ) ) ;
#2884 = VERTEX_POINT ( 'NONE', #3087 ) ;
#2885 = COLOUR_RGB ( '',0.8509803921568627194, 0.8509803921568627194, 0.8509803921568627194 ) ;
#2886 =( NAMED_UNIT ( * ) SI_UNIT ( $, .STERADIAN. ) SOLID_ANGLE_UNIT ( ) );
#2887 = EDGE_CURVE ( 'NONE', #1931, #3175, #4791, .T. ) ;
#2888 = LINE ( 'NONE', #4128, #2993 ) ;
#2889 = FACE_OUTER_BOUND ( 'NONE', #3239, .T. ) ;
#2890 = CIRCLE ( 'NONE', #3604, 0.2500000000000000000 ) ;
#2891 = UNCERTAINTY_MEASURE_WITH_UNIT (LENGTH_MEASURE( 1.000000000000000082E-05 ), #5550, 'distance_accuracy_value', 'NONE');
#2892 = ADVANCED_FACE ( 'NONE', ( #4758 ), #2200, .F. ) ;
#2893 = PRESENTATION_STYLE_ASSIGNMENT (( #2976 ) ) ;
#2894 = DIRECTION ( 'NONE',  ( 1.000000000000000000, 0.0000000000000000000, -6.982962677686268288E-15 ) ) ;
#2895 =( NAMED_UNIT ( * ) PLANE_ANGLE_UNIT ( ) SI_UNIT ( $, .RADIAN. ) );
#2896 = STYLED_ITEM ( 'NONE', ( #5091 ), #1607 ) ;
#2897 = ORIENTED_EDGE ( 'NONE', *, *, #2325, .F. ) ;
#2898 = ORIENTED_EDGE ( 'NONE', *, *, #1688, .T. ) ;
#2899 = DIRECTION ( 'NONE',  ( 1.000000000000000000, 0.0000000000000000000, 0.0000000000000000000 ) ) ;
#2900 =( NAMED_UNIT ( * ) SI_UNIT ( $, .STERADIAN. ) SOLID_ANGLE_UNIT ( ) );
#2901 = VECTOR ( 'NONE', #2917, 1000.000000000000000 ) ;
#2902 = ORIENTED_EDGE ( 'NONE', *, *, #4371, .F. ) ;
#2903 = UNCERTAINTY_MEASURE_WITH_UNIT (LENGTH_MEASURE( 1.000000000000000082E-05 ), #5282, 'distance_accuracy_value', 'NONE');
#2904 = VECTOR ( 'NONE', #3930, 1000.000000000000000 ) ;
#2905 = EDGE_CURVE ( 'NONE', #4226, #3829, #2267, .T. ) ;
#2906 = ORIENTED_EDGE ( 'NONE', *, *, #393, .T. ) ;
#2907 = VECTOR ( 'NONE', #3140, 1000.000000000000000 ) ;
#2908 =( LENGTH_UNIT ( ) NAMED_UNIT ( * ) SI_UNIT ( .MILLI., .METRE. ) );
#2909 = DIRECTION ( 'NONE',  ( -1.000000000000000000, 0.0000000000000000000, 6.938893903907228378E-15 ) ) ;
#2910 = EDGE_LOOP ( 'NONE', ( #4236, #3846, #5334, #4488 ) ) ;
#2911 = VECTOR ( 'NONE', #4485, 1000.000000000000000 ) ;
#2912 = VECTOR ( 'NONE', #4937, 1000.000000000000000 ) ;
#2913 = EDGE_CURVE ( 'NONE', #1547, #5044, #115, .T. ) ;
#2914 = CARTESIAN_POINT ( 'NONE',  ( 0.3901487617419281406, 0.0000000000000000000, 0.2799999999999999711 ) ) ;
#2915 = FILL_AREA_STYLE_COLOUR ( '', #1777 ) ;
#2916 =( GEOMETRIC_REPRESENTATION_CONTEXT ( 3 ) GLOBAL_UNCERTAINTY_ASSIGNED_CONTEXT ( ( #1948 ) ) GLOBAL_UNIT_ASSIGNED_CONTEXT ( ( #3650, #4073, #3566 ) ) REPRESENTATION_CONTEXT ( 'NONE', 'WORKASPACE' ) );
#2917 = DIRECTION ( 'NONE',  ( -0.0000000000000000000, -0.0000000000000000000, -1.000000000000000000 ) ) ;
#2918 = FILL_AREA_STYLE_COLOUR ( '', #348 ) ;
#2919 = EDGE_CURVE ( 'NONE', #529, #5323, #3584, .T. ) ;
#2920 = VECTOR ( 'NONE', #4281, 1000.000000000000000 ) ;
#2921 = PRESENTATION_STYLE_ASSIGNMENT (( #1382 ) ) ;
#2922 =( NAMED_UNIT ( * ) SI_UNIT ( $, .STERADIAN. ) SOLID_ANGLE_UNIT ( ) );
#2923 = PLANE ( 'NONE',  #4415 ) ;
#2924 = DIRECTION ( 'NONE',  ( 0.0000000000000000000, 1.000000000000000000, 0.0000000000000000000 ) ) ;
#2925 = LINE ( 'NONE', #1568, #4994 ) ;
#2926 = ORIENTED_EDGE ( 'NONE', *, *, #1659, .F. ) ;
#2927 = ORIENTED_EDGE ( 'NONE', *, *, #4041, .T. ) ;
#2928 = EDGE_CURVE ( 'NONE', #4342, #1429, #478, .T. ) ;
#2929 = CARTESIAN_POINT ( 'NONE',  ( -0.6035437629006772386, 0.0000000000000000000, 0.2799999999999999711 ) ) ;
#2930 = MECHANICAL_DESIGN_GEOMETRIC_PRESENTATION_REPRESENTATION (  '', ( #1391 ), #1112 ) ;
#2931 = CARTESIAN_POINT ( 'NONE',  ( 0.4000000000000000777, 0.0000000000000000000, -2.791820594150173918E-15 ) ) ;
#2932 = LINE ( 'NONE', #4635, #4516 ) ;
#2933 = DIRECTION ( 'NONE',  ( 0.0000000000000000000, -0.0000000000000000000, -1.000000000000000000 ) ) ;
#2934 = DIRECTION ( 'NONE',  ( 0.0000000000000000000, 1.000000000000000000, -0.0000000000000000000 ) ) ;
#2935 = STYLED_ITEM ( 'NONE', ( #1638 ), #4081 ) ;
#2936 = DIRECTION ( 'NONE',  ( -0.0000000000000000000, -0.0000000000000000000, -1.000000000000000000 ) ) ;
#2937 = VERTEX_POINT ( 'NONE', #1716 ) ;
#2938 = VECTOR ( 'NONE', #2845, 1000.000000000000000 ) ;
#2939 = VERTEX_POINT ( 'NONE', #3458 ) ;
#2940 = FACE_OUTER_BOUND ( 'NONE', #4617, .T. ) ;
#2941 = CARTESIAN_POINT ( 'NONE',  ( 0.0000000000000000000, 0.0000000000000000000, 0.2599999999999999534 ) ) ;
#2942 = ORIENTED_EDGE ( 'NONE', *, *, #3490, .F. ) ;
#2943 = EDGE_CURVE ( 'NONE', #3407, #970, #5571, .T. ) ;
#2944 =( NAMED_UNIT ( * ) PLANE_ANGLE_UNIT ( ) SI_UNIT ( $, .RADIAN. ) );
#2945 = SURFACE_STYLE_USAGE ( .BOTH. , #3286 ) ;
#2946 = EDGE_CURVE ( 'NONE', #5094, #2852, #81, .T. ) ;
#2947 = FILL_AREA_STYLE_COLOUR ( '', #3530 ) ;
#2948 = SURFACE_SIDE_STYLE ('',( #3058 ) ) ;
#2949 = ORIENTED_EDGE ( 'NONE', *, *, #3018, .F. ) ;
#2950 = EDGE_LOOP ( 'NONE', ( #288, #5181, #2252, #504, #5546, #3046, #2181, #436 ) ) ;
#2951 = VECTOR ( 'NONE', #4356, 1000.000000000000000 ) ;
#2952 = DIRECTION ( 'NONE',  ( -0.0000000000000000000, -0.0000000000000000000, -1.000000000000000000 ) ) ;
#2953 = UNCERTAINTY_MEASURE_WITH_UNIT (LENGTH_MEASURE( 1.000000000000000082E-05 ), #267, 'distance_accuracy_value', 'NONE');
#2954 = PRESENTATION_LAYER_ASSIGNMENT (  '', '', ( #2690 ) ) ;
#2955 =( LENGTH_UNIT ( ) NAMED_UNIT ( * ) SI_UNIT ( .MILLI., .METRE. ) );
#2956 = LINE ( 'NONE', #1795, #2983 ) ;
#2957 = CARTESIAN_POINT ( 'NONE',  ( 0.7672489025476871838, 0.6470277182179263731, 0.2599999999999999534 ) ) ;
#2958 = PLANE ( 'NONE',  #3193 ) ;
#2959 = CIRCLE ( 'NONE', #497, 0.3614255068147826933 ) ;
#2960 = ORIENTED_EDGE ( 'NONE', *, *, #4575, .T. ) ;
#2961 = VECTOR ( 'NONE', #2254, 1000.000000000000000 ) ;
#2962 = ORIENTED_EDGE ( 'NONE', *, *, #5132, .F. ) ;
#2963 = LINE ( 'NONE', #1344, #4934 ) ;
#2964 = CIRCLE ( 'NONE', #5480, 0.1000000000000000472 ) ;
#2965 = CARTESIAN_POINT ( 'NONE',  ( -0.5035437629006764837, 0.5569292977732096528, 0.2799999999999999711 ) ) ;
#2966 = LINE ( 'NONE', #3861, #1680 ) ;
#2967 = VECTOR ( 'NONE', #461, 1000.000000000000000 ) ;
#2968 = ORIENTED_EDGE ( 'NONE', *, *, #2136, .F. ) ;
#2969 = MANIFOLD_SOLID_BREP ( 'Boss-Extrude4[2]', #500 ) ;
#2970 = EDGE_LOOP ( 'NONE', ( #2479, #2005, #4205, #4751 ) ) ;
#2971 = CARTESIAN_POINT ( 'NONE',  ( 0.4000000000000000777, -1.858632295689436842E-16, -2.791820594150173918E-15 ) ) ;
#2972 = LINE ( 'NONE', #3, #3011 ) ;
#2973 = DIRECTION ( 'NONE',  ( -6.982962677686265922E-15, 0.0000000000000000000, -1.000000000000000000 ) ) ;
#2974 = LINE ( 'NONE', #4312, #2904 ) ;
#2975 = MECHANICAL_DESIGN_GEOMETRIC_PRESENTATION_REPRESENTATION (  '', ( #5494 ), #5576 ) ;
#2976 = SURFACE_STYLE_USAGE ( .BOTH. , #296 ) ;
#2977 = EDGE_CURVE ( 'NONE', #1292, #5577, #2992, .T. ) ;
#2978 = FILL_AREA_STYLE ('',( #4628 ) ) ;
#2979 = ORIENTED_EDGE ( 'NONE', *, *, #2258, .F. ) ;
#2980 = ORIENTED_EDGE ( 'NONE', *, *, #2082, .T. ) ;
#2981 = CARTESIAN_POINT ( 'NONE',  ( 1.100000000000002087, -0.7500000000000002220, 0.2599999999999999534 ) ) ;
#2982 = EDGE_CURVE ( 'NONE', #3163, #1799, #1335, .T. ) ;
#2983 = VECTOR ( 'NONE', #5313, 1000.000000000000000 ) ;
#2984 = CARTESIAN_POINT ( 'NONE',  ( 0.7174695751538135990, 0.3080817958270101187, 0.2599999999999999534 ) ) ;
#2985 = CARTESIAN_POINT ( 'NONE',  ( -1.071157378566040208, 0.8626410704386738848, 0.2799999999999999711 ) ) ;
#2986 = DIRECTION ( 'NONE',  ( 0.0000000000000000000, -1.000000000000000000, 0.0000000000000000000 ) ) ;
#2987 = ORIENTED_EDGE ( 'NONE', *, *, #5399, .T. ) ;
#2988 = COLOUR_RGB ( '',1.000000000000000000, 1.000000000000000000, 1.000000000000000000 ) ;
#2989 = ORIENTED_EDGE ( 'NONE', *, *, #651, .T. ) ;
#2990 = CARTESIAN_POINT ( 'NONE',  ( 0.3124155170610083410, 0.04290495023076271869, 0.2799999999999999711 ) ) ;
#2991 = AXIS2_PLACEMENT_3D ( 'NONE', #1445, #4454, #578 ) ;
#2992 = LINE ( 'NONE', #4775, #5144 ) ;
#2993 = VECTOR ( 'NONE', #234, 1000.000000000000000 ) ;
#2994 = PRESENTATION_STYLE_ASSIGNMENT (( #5235 ) ) ;
#2995 = DIRECTION ( 'NONE',  ( 1.000000000000000000, 0.0000000000000000000, 0.0000000000000000000 ) ) ;
#2996 = FILL_AREA_STYLE ('',( #2524 ) ) ;
#2997 = ORIENTED_EDGE ( 'NONE', *, *, #5388, .T. ) ;
#2998 = EDGE_CURVE ( 'NONE', #5125, #4782, #3948, .T. ) ;
#2999 = ORIENTED_EDGE ( 'NONE', *, *, #1650, .T. ) ;
#3000 = SURFACE_SIDE_STYLE ('',( #4125 ) ) ;
#3001 = DIRECTION ( 'NONE',  ( -1.000000000000000000, 0.0000000000000000000, 0.0000000000000000000 ) ) ;
#3002 = VECTOR ( 'NONE', #4295, 1000.000000000000000 ) ;
#3003 = VECTOR ( 'NONE', #3245, 1000.000000000000000 ) ;
#3004 = CARTESIAN_POINT ( 'NONE',  ( 1.100000000000002087, -1.000000000000000222, 0.2599999999999922928 ) ) ;
#3005 = DIRECTION ( 'NONE',  ( 1.000000000000000000, 0.0000000000000000000, 0.0000000000000000000 ) ) ;
#3006 = DIRECTION ( 'NONE',  ( 1.000000000000000000, 0.0000000000000000000, 0.0000000000000000000 ) ) ;
#3007 = COLOUR_RGB ( '',0.8509803921568627194, 0.8509803921568627194, 0.8509803921568627194 ) ;
#3008 = EDGE_LOOP ( 'NONE', ( #4279, #1000, #1582, #2083 ) ) ;
#3009 = EDGE_CURVE ( 'NONE', #4499, #1002, #5511, .T. ) ;
#3010 = UNCERTAINTY_MEASURE_WITH_UNIT (LENGTH_MEASURE( 1.000000000000000082E-05 ), #5554, 'distance_accuracy_value', 'NONE');
#3011 = VECTOR ( 'NONE', #5078, 1000.000000000000000 ) ;
#3012 = PRESENTATION_STYLE_ASSIGNMENT (( #3375 ) ) ;
#3013 = CARTESIAN_POINT ( 'NONE',  ( -1.099999999999998090, -1.000000000000000000, 0.2600000000000076694 ) ) ;
#3014 = CARTESIAN_POINT ( 'NONE',  ( 0.7376531201253040404, 0.5519215185516125333, 0.2799999999999999711 ) ) ;
#3015 = SURFACE_STYLE_FILL_AREA ( #1741 ) ;
#3016 = VERTEX_POINT ( 'NONE', #1746 ) ;
#3017 = AXIS2_PLACEMENT_3D ( 'NONE', #5143, #441, #1797 ) ;
#3018 = EDGE_CURVE ( 'NONE', #4358, #860, #1316, .T. ) ;
#3019 = ORIENTED_EDGE ( 'NONE', *, *, #662, .F. ) ;
#3020 = CARTESIAN_POINT ( 'NONE',  ( -0.3999999999999999667, 0.9000000000000000222, 0.02000000000000279332 ) ) ;
#3021 = CIRCLE ( 'NONE', #3457, 0.3614255068147826933 ) ;
#3022 = FILL_AREA_STYLE_COLOUR ( '', #4422 ) ;
#3023 = PLANE ( 'NONE',  #4492 ) ;
#3024 = CARTESIAN_POINT ( 'NONE',  ( 0.7774874880952626910, 0.3068909665269575204, 0.2599999999999999534 ) ) ;
#3025 = CARTESIAN_POINT ( 'NONE',  ( 0.8500000000000019762, 0.4999999999999997780, 0.2599999999999940137 ) ) ;
#3026 = VECTOR ( 'NONE', #2614, 1000.000000000000000 ) ;
#3027 = ORIENTED_EDGE ( 'NONE', *, *, #3633, .F. ) ;
#3028 = SURFACE_SIDE_STYLE ('',( #5211 ) ) ;
#3029 =( GEOMETRIC_REPRESENTATION_CONTEXT ( 3 ) GLOBAL_UNCERTAINTY_ASSIGNED_CONTEXT ( ( #219 ) ) GLOBAL_UNIT_ASSIGNED_CONTEXT ( ( #3161, #1029, #514 ) ) REPRESENTATION_CONTEXT ( 'NONE', 'WORKASPACE' ) );
#3030 = ADVANCED_FACE ( 'NONE', ( #3520 ), #5233, .F. ) ;
#3031 = DIRECTION ( 'NONE',  ( -0.0000000000000000000, -1.000000000000000000, -0.0000000000000000000 ) ) ;
#3032 = CARTESIAN_POINT ( 'NONE',  ( 0.8500000000000019762, -0.5000000000000002220, 0.2599999999999999534 ) ) ;
#3033 = CARTESIAN_POINT ( 'NONE',  ( -1.099999999999998979, 0.7500000000000000000, 0.2600000000000076694 ) ) ;
#3034 = LINE ( 'NONE', #3843, #2846 ) ;
#3035 =( NAMED_UNIT ( * ) PLANE_ANGLE_UNIT ( ) SI_UNIT ( $, .RADIAN. ) );
#3036 = LINE ( 'NONE', #2219, #2376 ) ;
#3037 = DIRECTION ( 'NONE',  ( -0.0000000000000000000, -0.0000000000000000000, -1.000000000000000000 ) ) ;
#3038 = ORIENTED_EDGE ( 'NONE', *, *, #3870, .F. ) ;
#3039 = EDGE_LOOP ( 'NONE', ( #271, #1681, #1056, #695 ) ) ;
#3040 = DIRECTION ( 'NONE',  ( 8.673617379884037444E-16, 1.000000000000000000, 0.0000000000000000000 ) ) ;
#3041 = VECTOR ( 'NONE', #1592, 1000.000000000000000 ) ;
#3042 = SURFACE_STYLE_USAGE ( .BOTH. , #449 ) ;
#3043 = EDGE_CURVE ( 'NONE', #3452, #3826, #1862, .T. ) ;
#3044 =( NAMED_UNIT ( * ) PLANE_ANGLE_UNIT ( ) SI_UNIT ( $, .RADIAN. ) );
#3045 = SURFACE_SIDE_STYLE ('',( #1320 ) ) ;
#3046 = ORIENTED_EDGE ( 'NONE', *, *, #3290, .T. ) ;
#3047 = CIRCLE ( 'NONE', #4936, 0.3637862597461454239 ) ;
#3048 = VERTEX_POINT ( 'NONE', #2702 ) ;
#3049 =( GEOMETRIC_REPRESENTATION_CONTEXT ( 3 ) GLOBAL_UNCERTAINTY_ASSIGNED_CONTEXT ( ( #4292 ) ) GLOBAL_UNIT_ASSIGNED_CONTEXT ( ( #2908, #1522, #4528 ) ) REPRESENTATION_CONTEXT ( 'NONE', 'WORKASPACE' ) );
#3050 = SURFACE_STYLE_FILL_AREA ( #3080 ) ;
#3051 = CARTESIAN_POINT ( 'NONE',  ( -0.3095939579225142069, -0.3593805362314128615, 0.2599999999999999534 ) ) ;
#3052 = CARTESIAN_POINT ( 'NONE',  ( -0.3095939579225142069, -0.3593805362314128615, 0.2810000000000000275 ) ) ;
#3053 = LINE ( 'NONE', #839, #4873 ) ;
#3054 =( LENGTH_UNIT ( ) NAMED_UNIT ( * ) SI_UNIT ( .MILLI., .METRE. ) );
#3055 = MECHANICAL_DESIGN_GEOMETRIC_PRESENTATION_REPRESENTATION (  '', ( #230 ), #3409 ) ;
#3056 = MANIFOLD_SOLID_BREP ( 'Boss-Extrude4[1]', #2331 ) ;
#3057 = COLOUR_RGB ( '',0.7921568627450980005, 0.8196078431372548767, 0.9333333333333333481 ) ;
#3058 = SURFACE_STYLE_FILL_AREA ( #5133 ) ;
#3059 = CARTESIAN_POINT ( 'NONE',  ( -0.6035437629006772386, 0.4569292977732090089, 0.2799999999999999711 ) ) ;
#3060 =( NAMED_UNIT ( * ) PLANE_ANGLE_UNIT ( ) SI_UNIT ( $, .RADIAN. ) );
#3061 = ORIENTED_EDGE ( 'NONE', *, *, #200, .T. ) ;
#3062 = CARTESIAN_POINT ( 'NONE',  ( -0.4343137556297431701, 0.4509946331943126552, 0.2599999999999999534 ) ) ;
#3063 = EDGE_CURVE ( 'NONE', #488, #2166, #1432, .T. ) ;
#3064 = CARTESIAN_POINT ( 'NONE',  ( 0.0000000000000000000, 0.0000000000000000000, 0.2599999999999999534 ) ) ;
#3065 = FACE_OUTER_BOUND ( 'NONE', #2025, .T. ) ;
#3066 = MECHANICAL_DESIGN_GEOMETRIC_PRESENTATION_REPRESENTATION (  '', ( #4855 ), #5310 ) ;
#3067 = CARTESIAN_POINT ( 'NONE',  ( -1.099999999999998090, -1.000000000000000000, 0.2600000000000076694 ) ) ;
#3068 = DIRECTION ( 'NONE',  ( 1.000000000000000000, 0.0000000000000000000, 0.0000000000000000000 ) ) ;
#3069 = ORIENTED_EDGE ( 'NONE', *, *, #3814, .T. ) ;
#3070 = ORIENTED_EDGE ( 'NONE', *, *, #5297, .T. ) ;
#3071 = CARTESIAN_POINT ( 'NONE',  ( -2.787890710529827380E-16, -0.9000000000000001332, 0.0000000000000000000 ) ) ;
#3072 = FILL_AREA_STYLE_COLOUR ( '', #1498 ) ;
#3073 = STYLED_ITEM ( 'NONE', ( #2810 ), #1737 ) ;
#3074 = PLANE ( 'NONE',  #2184 ) ;
#3075 = ORIENTED_EDGE ( 'NONE', *, *, #3391, .F. ) ;
#3076 = EDGE_CURVE ( 'NONE', #4782, #5597, #1077, .T. ) ;
#3077 = EDGE_LOOP ( 'NONE', ( #3656, #1846, #2478, #361 ) ) ;
#3078 = AXIS2_PLACEMENT_3D ( 'NONE', #3033, #4656, #844 ) ;
#3079 = UNCERTAINTY_MEASURE_WITH_UNIT (LENGTH_MEASURE( 1.000000000000000082E-05 ), #4224, 'distance_accuracy_value', 'NONE');
#3080 = FILL_AREA_STYLE ('',( #4753 ) ) ;
#3081 = SURFACE_SIDE_STYLE ('',( #2231 ) ) ;
#3082 = CARTESIAN_POINT ( 'NONE',  ( 5.586170463518577523E-17, -1.000000000000000000, 0.02000000000000000042 ) ) ;
#3083 = CARTESIAN_POINT ( 'NONE',  ( -0.4000000000000000777, 0.0000000000000000000, 2.791820594150173918E-15 ) ) ;
#3084 = VERTEX_POINT ( 'NONE', #1049 ) ;
#3085 = PRESENTATION_LAYER_ASSIGNMENT (  '', '', ( #4596 ) ) ;
#3086 = VECTOR ( 'NONE', #3499, 1000.000000000000000 ) ;
#3087 = CARTESIAN_POINT ( 'NONE',  ( 1.100000000000002531, 0.7499999999999997780, 0.2599999999999922928 ) ) ;
#3088 = EDGE_CURVE ( 'NONE', #1799, #658, #353, .T. ) ;
#3089 = CARTESIAN_POINT ( 'NONE',  ( -0.9174636228121989534, -0.1880563063957278735, 0.2599999999999999534 ) ) ;
#3090 = VECTOR ( 'NONE', #1803, 1000.000000000000000 ) ;
#3091 = FACE_OUTER_BOUND ( 'NONE', #3463, .T. ) ;
#3092 = DIRECTION ( 'NONE',  ( -0.0000000000000000000, -0.0000000000000000000, -1.000000000000000000 ) ) ;
#3093 = CARTESIAN_POINT ( 'NONE',  ( 1.100000000000002531, 0.2499999999999997224, 0.2799999999999999711 ) ) ;
#3094 = VERTEX_POINT ( 'NONE', #2786 ) ;
#3095 = CARTESIAN_POINT ( 'NONE',  ( 7.750074532472045730E-18, 0.2000000000000000389, 0.0000000000000000000 ) ) ;
#3096 = MECHANICAL_DESIGN_GEOMETRIC_PRESENTATION_REPRESENTATION (  '', ( #5426 ), #2916 ) ;
#3097 = CARTESIAN_POINT ( 'NONE',  ( -0.5388595371840243509, 0.8637862597461452019, 0.2799999999999999711 ) ) ;
#3098 = FACE_OUTER_BOUND ( 'NONE', #158, .T. ) ;
#3099 = FACE_OUTER_BOUND ( 'NONE', #248, .T. ) ;
#3100 = ORIENTED_EDGE ( 'NONE', *, *, #4291, .F. ) ;
#3101 = DIRECTION ( 'NONE',  ( 1.000000000000000000, 0.0000000000000000000, 0.0000000000000000000 ) ) ;
#3102 = DIRECTION ( 'NONE',  ( -6.982962677686265922E-15, 0.0000000000000000000, -1.000000000000000000 ) ) ;
#3103 = CARTESIAN_POINT ( 'NONE',  ( -1.099999999999998090, 0.4999999999999997780, 0.2799999999999999711 ) ) ;
#3104 = LINE ( 'NONE', #889, #4211 ) ;
#3105 = STYLED_ITEM ( 'NONE', ( #1692 ), #3605 ) ;
#3106 = FACE_OUTER_BOUND ( 'NONE', #4024, .T. ) ;
#3107 = PRESENTATION_LAYER_ASSIGNMENT (  '', '', ( #2838 ) ) ;
#3108 = ORIENTED_EDGE ( 'NONE', *, *, #3349, .F. ) ;
#3109 = SURFACE_SIDE_STYLE ('',( #3050 ) ) ;
#3110 = SURFACE_SIDE_STYLE ('',( #1407 ) ) ;
#3111 = FILL_AREA_STYLE ('',( #1384 ) ) ;
#3112 = EDGE_CURVE ( 'NONE', #443, #1858, #4494, .T. ) ;
#3113 = DIRECTION ( 'NONE',  ( 0.0000000000000000000, -1.000000000000000000, 0.0000000000000000000 ) ) ;
#3114 = PRESENTATION_STYLE_ASSIGNMENT (( #2295 ) ) ;
#3115 = VECTOR ( 'NONE', #3006, 1000.000000000000000 ) ;
#3116 = CARTESIAN_POINT ( 'NONE',  ( -0.6623309004670925315, 0.8637862597461452019, 0.2599999999999999534 ) ) ;
#3117 = STYLED_ITEM ( 'NONE', ( #2750 ), #4624 ) ;
#3118 =( NAMED_UNIT ( * ) PLANE_ANGLE_UNIT ( ) SI_UNIT ( $, .RADIAN. ) );
#3119 = EDGE_CURVE ( 'NONE', #2525, #1074, #5264, .T. ) ;
#3120 = LINE ( 'NONE', #2303, #4539 ) ;
#3121 = VECTOR ( 'NONE', #5333, 1000.000000000000000 ) ;
#3122 = UNCERTAINTY_MEASURE_WITH_UNIT (LENGTH_MEASURE( 1.000000000000000082E-05 ), #391, 'distance_accuracy_value', 'NONE');
#3123 = SURFACE_STYLE_FILL_AREA ( #1912 ) ;
#3124 = PRESENTATION_STYLE_ASSIGNMENT (( #4487 ) ) ;
#3125 = EDGE_LOOP ( 'NONE', ( #4683, #2775, #3775, #2137 ) ) ;
#3126 = EDGE_LOOP ( 'NONE', ( #5364, #2037, #3582, #938 ) ) ;
#3127 = EDGE_CURVE ( 'NONE', #2368, #311, #5599, .T. ) ;
#3128 = LINE ( 'NONE', #2342, #871 ) ;
#3129 = SURFACE_STYLE_FILL_AREA ( #3975 ) ;
#3130 = DIRECTION ( 'NONE',  ( 6.982962677686268288E-15, -0.0000000000000000000, 1.000000000000000000 ) ) ;
#3131 = ORIENTED_EDGE ( 'NONE', *, *, #1983, .T. ) ;
#3132 = EDGE_CURVE ( 'NONE', #3826, #3048, #3272, .T. ) ;
#3133 = EDGE_LOOP ( 'NONE', ( #5099, #74, #1947, #4132, #3978, #1372 ) ) ;
#3134 = CARTESIAN_POINT ( 'NONE',  ( -0.6111183130522259699, -0.6072867474877421401, 0.2599999999999999534 ) ) ;
#3135 = COLOUR_RGB ( '',1.000000000000000000, 1.000000000000000000, 1.000000000000000000 ) ;
#3136 = CARTESIAN_POINT ( 'NONE',  ( -0.5393126090526830785, -0.6654789993909573376, 0.2799999999999999711 ) ) ;
#3137 =( LENGTH_UNIT ( ) NAMED_UNIT ( * ) SI_UNIT ( .MILLI., .METRE. ) );
#3138 = MECHANICAL_DESIGN_GEOMETRIC_PRESENTATION_REPRESENTATION (  '', ( #2059 ), #2519 ) ;
#3139 = CARTESIAN_POINT ( 'NONE',  ( 1.474093280861973972E-16, 0.2000000000000000389, 0.02000000000000000042 ) ) ;
#3140 = DIRECTION ( 'NONE',  ( 1.000000000000000000, -0.0000000000000000000, -0.0000000000000000000 ) ) ;
#3141 = VERTEX_POINT ( 'NONE', #5430 ) ;
#3142 =( GEOMETRIC_REPRESENTATION_CONTEXT ( 3 ) GLOBAL_UNCERTAINTY_ASSIGNED_CONTEXT ( ( #3454 ) ) GLOBAL_UNIT_ASSIGNED_CONTEXT ( ( #1397, #3997, #1426 ) ) REPRESENTATION_CONTEXT ( 'NONE', 'WORKASPACE' ) );
#3143 = CARTESIAN_POINT ( 'NONE',  ( -0.6832485166931815401, 0.8768473060465202806, 0.2599999999999999534 ) ) ;
#3144 = VECTOR ( 'NONE', #1415, 1000.000000000000000 ) ;
#3145 = DIRECTION ( 'NONE',  ( 1.000000000000000000, 0.0000000000000000000, -0.0000000000000000000 ) ) ;
#3146 = ADVANCED_FACE ( 'NONE', ( #5456 ), #5514, .F. ) ;
#3147 =( NAMED_UNIT ( * ) PLANE_ANGLE_UNIT ( ) SI_UNIT ( $, .RADIAN. ) );
#3148 = FACE_OUTER_BOUND ( 'NONE', #588, .T. ) ;
#3149 = DIRECTION ( 'NONE',  ( 1.000000000000000000, 0.0000000000000000000, 0.0000000000000000000 ) ) ;
#3150 = DIRECTION ( 'NONE',  ( 1.000000000000000000, 0.0000000000000000000, 0.0000000000000000000 ) ) ;
#3151 = VECTOR ( 'NONE', #1868, 1000.000000000000000 ) ;
#3152 = EDGE_LOOP ( 'NONE', ( #453, #87, #3809, #2813 ) ) ;
#3153 = ADVANCED_FACE ( 'NONE', ( #4574 ), #5403, .T. ) ;
#3154 = CARTESIAN_POINT ( 'NONE',  ( -0.7249999999999999778, -1.000000000000000000, 0.8400000000000000799 ) ) ;
#3155 = LINE ( 'NONE', #1377, #1170 ) ;
#3156 = FILL_AREA_STYLE ('',( #3072 ) ) ;
#3157 = VERTEX_POINT ( 'NONE', #5487 ) ;
#3158 = VERTEX_POINT ( 'NONE', #3348 ) ;
#3159 =( LENGTH_UNIT ( ) NAMED_UNIT ( * ) SI_UNIT ( .MILLI., .METRE. ) );
#3160 = STYLED_ITEM ( 'NONE', ( #3425 ), #1628 ) ;
#3161 =( LENGTH_UNIT ( ) NAMED_UNIT ( * ) SI_UNIT ( .MILLI., .METRE. ) );
#3162 = DIRECTION ( 'NONE',  ( -1.000000000000000000, 0.0000000000000000000, 6.938893903907228378E-15 ) ) ;
#3163 = VERTEX_POINT ( 'NONE', #5063 ) ;
#3164 = EDGE_CURVE ( 'NONE', #1054, #5435, #2932, .T. ) ;
#3165 =( LENGTH_UNIT ( ) NAMED_UNIT ( * ) SI_UNIT ( .MILLI., .METRE. ) );
#3166 = VECTOR ( 'NONE', #4964, 1000.000000000000000 ) ;
#3167 = CARTESIAN_POINT ( 'NONE',  ( 0.7858601251859659298, -0.1372050520392875117, 0.2799999999999999711 ) ) ;
#3168 = DIRECTION ( 'NONE',  ( -0.0000000000000000000, 0.0000000000000000000, -1.000000000000000000 ) ) ;
#3169 = VECTOR ( 'NONE', #1852, 1000.000000000000000 ) ;
#3170 = AXIS2_PLACEMENT_3D ( 'NONE', #2172, #3898, #4334 ) ;
#3171 = FACE_OUTER_BOUND ( 'NONE', #4116, .T. ) ;
#3172 = PLANE ( 'NONE',  #437 ) ;
#3173 = DIRECTION ( 'NONE',  ( -0.0000000000000000000, 0.0000000000000000000, -1.000000000000000000 ) ) ;
#3174 =( GEOMETRIC_REPRESENTATION_CONTEXT ( 3 ) GLOBAL_UNCERTAINTY_ASSIGNED_CONTEXT ( ( #3464 ) ) GLOBAL_UNIT_ASSIGNED_CONTEXT ( ( #3054, #3500, #5105 ) ) REPRESENTATION_CONTEXT ( 'NONE', 'WORKASPACE' ) );
#3175 = VERTEX_POINT ( 'NONE', #4221 ) ;
#3176 = PLANE ( 'NONE',  #2251 ) ;
#3177 = FILL_AREA_STYLE_COLOUR ( '', #2560 ) ;
#3178 = PRESENTATION_STYLE_ASSIGNMENT (( #4405 ) ) ;
#3179 = CARTESIAN_POINT ( 'NONE',  ( -1.099999999999998979, 0.7500000000000000000, 0.2600000000000076694 ) ) ;
#3180 = PLANE ( 'NONE',  #3374 ) ;
#3181 = ORIENTED_EDGE ( 'NONE', *, *, #292, .F. ) ;
#3182 = ADVANCED_FACE ( 'NONE', ( #327 ), #1261, .T. ) ;
#3183 = COLOUR_RGB ( '',0.8509803921568627194, 0.8509803921568627194, 0.8509803921568627194 ) ;
#3184 = ORIENTED_EDGE ( 'NONE', *, *, #4575, .F. ) ;
#3185 = CARTESIAN_POINT ( 'NONE',  ( 1.100000000000002087, -0.2500000000000002220, 0.2799999999999999711 ) ) ;
#3186 = PRESENTATION_STYLE_ASSIGNMENT (( #2312 ) ) ;
#3187 = SURFACE_STYLE_USAGE ( .BOTH. , #511 ) ;
#3188 = EDGE_CURVE ( 'NONE', #3567, #5326, #3036, .T. ) ;
#3189 = LINE ( 'NONE', #919, #823 ) ;
#3190 = ORIENTED_EDGE ( 'NONE', *, *, #757, .F. ) ;
#3191 = ORIENTED_EDGE ( 'NONE', *, *, #3562, .F. ) ;
#3192 = FACE_OUTER_BOUND ( 'NONE', #1949, .T. ) ;
#3193 = AXIS2_PLACEMENT_3D ( 'NONE', #1768, #18, #2248 ) ;
#3194 =( NAMED_UNIT ( * ) SI_UNIT ( $, .STERADIAN. ) SOLID_ANGLE_UNIT ( ) );
#3195 = CARTESIAN_POINT ( 'NONE',  ( 0.7249999999999999778, -1.000000000000000000, 0.2599999999999999534 ) ) ;
#3196 = ORIENTED_EDGE ( 'NONE', *, *, #3241, .T. ) ;
#3197 = MECHANICAL_DESIGN_GEOMETRIC_PRESENTATION_REPRESENTATION (  '', ( #5260 ), #5345 ) ;
#3198 = CARTESIAN_POINT ( 'NONE',  ( 0.3195831592659477138, 0.04041390370446151792, 0.2810000000000000275 ) ) ;
#3199 = PRESENTATION_LAYER_ASSIGNMENT (  '', '', ( #2206 ) ) ;
#3200 = DIRECTION ( 'NONE',  ( 1.000000000000000000, 0.0000000000000000000, -0.0000000000000000000 ) ) ;
#3201 = VERTEX_POINT ( 'NONE', #16 ) ;
#3202 =( NAMED_UNIT ( * ) SI_UNIT ( $, .STERADIAN. ) SOLID_ANGLE_UNIT ( ) );
#3203 = ORIENTED_EDGE ( 'NONE', *, *, #2633, .F. ) ;
#3204 = CARTESIAN_POINT ( 'NONE',  ( 0.5124155170610091847, 0.3080817958270101187, 0.2799999999999999711 ) ) ;
#3205 = CARTESIAN_POINT ( 'NONE',  ( -0.3095939579225142069, -0.3593805362314128615, 0.2599999999999999534 ) ) ;
#3206 = LINE ( 'NONE', #4021, #1326 ) ;
#3207 = FILL_AREA_STYLE_COLOUR ( '', #2390 ) ;
#3208 = VERTEX_POINT ( 'NONE', #5565 ) ;
#3209 = CIRCLE ( 'NONE', #2757, 0.2500000000000000000 ) ;
#3210 = ORIENTED_EDGE ( 'NONE', *, *, #1266, .T. ) ;
#3211 = CARTESIAN_POINT ( 'NONE',  ( 1.100000000000002087, 0.4999999999999997780, 0.2599999999999999534 ) ) ;
#3212 = LINE ( 'NONE', #2759, #5110 ) ;
#3213 = CARTESIAN_POINT ( 'NONE',  ( 1.396650268541580904E-16, 0.9000000000000000222, 0.02000000000000000042 ) ) ;
#3214 = DIRECTION ( 'NONE',  ( 0.0000000000000000000, -0.0000000000000000000, -1.000000000000000000 ) ) ;
#3215 = CARTESIAN_POINT ( 'NONE',  ( -1.099999999999999867, 1.000000000000000000, 0.02000000000000768177 ) ) ;
#3216 = ORIENTED_EDGE ( 'NONE', *, *, #5292, .T. ) ;
#3217 = EDGE_CURVE ( 'NONE', #3246, #3684, #795, .T. ) ;
#3218 = VERTEX_POINT ( 'NONE', #3424 ) ;
#3219 = PLANE ( 'NONE',  #3578 ) ;
#3220 =( LENGTH_UNIT ( ) NAMED_UNIT ( * ) SI_UNIT ( .MILLI., .METRE. ) );
#3221 = ORIENTED_EDGE ( 'NONE', *, *, #763, .T. ) ;
#3222 = STYLED_ITEM ( 'NONE', ( #3279 ), #4824 ) ;
#3223 = EDGE_CURVE ( 'NONE', #970, #792, #4802, .T. ) ;
#3224 = MECHANICAL_DESIGN_GEOMETRIC_PRESENTATION_REPRESENTATION (  '', ( #2052 ), #4558 ) ;
#3225 = VECTOR ( 'NONE', #2127, 1000.000000000000000 ) ;
#3226 = CARTESIAN_POINT ( 'NONE',  ( -1.099999999999998090, 0.4999999999999997780, 0.2799999999999999711 ) ) ;
#3227 = FILL_AREA_STYLE_COLOUR ( '', #3280 ) ;
#3228 = PRESENTATION_STYLE_ASSIGNMENT (( #3590 ) ) ;
#3229 = CARTESIAN_POINT ( 'NONE',  ( -8.379754891853961321E-17, 1.000000000000000000, 0.0000000000000000000 ) ) ;
#3230 = AXIS2_PLACEMENT_3D ( 'NONE', #2990, #829, #1745 ) ;
#3231 = STYLED_ITEM ( 'NONE', ( #1141 ), #5100 ) ;
#3232 = ADVANCED_FACE ( 'NONE', ( #2187 ), #2153, .F. ) ;
#3233 = COLOUR_RGB ( '',0.7921568627450980005, 0.8196078431372548767, 0.9333333333333333481 ) ;
#3234 = ORIENTED_EDGE ( 'NONE', *, *, #1519, .F. ) ;
#3235 = AXIS2_PLACEMENT_3D ( 'NONE', #49, #2225, #2676 ) ;
#3236 = CLOSED_SHELL ( 'NONE', ( #2290, #2355, #1253, #1576, #1455, #4750 ) ) ;
#3237 = CARTESIAN_POINT ( 'NONE',  ( 0.7858601251859659298, -0.1372050520392875117, 0.2599999999999999534 ) ) ;
#3238 = DIRECTION ( 'NONE',  ( -0.0000000000000000000, -0.0000000000000000000, -1.000000000000000000 ) ) ;
#3239 = EDGE_LOOP ( 'NONE', ( #4377, #3625, #2236, #3739 ) ) ;
#3240 = EDGE_LOOP ( 'NONE', ( #2705, #1539, #4032, #528 ) ) ;
#3241 = EDGE_CURVE ( 'NONE', #2735, #5597, #3939, .T. ) ;
#3242 = CARTESIAN_POINT ( 'NONE',  ( -0.0000000000000000000, 0.5569292977732096528, 0.2599999999999999534 ) ) ;
#3243 = DIRECTION ( 'NONE',  ( 0.0000000000000000000, -1.000000000000000000, 0.0000000000000000000 ) ) ;
#3244 = LINE ( 'NONE', #1080, #5160 ) ;
#3245 = DIRECTION ( 'NONE',  ( 6.982962677686268288E-15, -0.0000000000000000000, 1.000000000000000000 ) ) ;
#3246 = VERTEX_POINT ( 'NONE', #3097 ) ;
#3247 = UNCERTAINTY_MEASURE_WITH_UNIT (LENGTH_MEASURE( 1.000000000000000082E-05 ), #3821, 'distance_accuracy_value', 'NONE');
#3248 = PRESENTATION_LAYER_ASSIGNMENT (  '', '', ( #61 ) ) ;
#3249 = ORIENTED_EDGE ( 'NONE', *, *, #3119, .T. ) ;
#3250 = FACE_OUTER_BOUND ( 'NONE', #4000, .T. ) ;
#3251 = SURFACE_STYLE_FILL_AREA ( #1551 ) ;
#3252 = STYLED_ITEM ( 'NONE', ( #2820 ), #1576 ) ;
#3253 =( NAMED_UNIT ( * ) SI_UNIT ( $, .STERADIAN. ) SOLID_ANGLE_UNIT ( ) );
#3254 = VERTEX_POINT ( 'NONE', #4737 ) ;
#3255 = ADVANCED_FACE ( 'NONE', ( #3065 ), #908, .T. ) ;
#3256 = DIRECTION ( 'NONE',  ( 6.983251342707903681E-15, -0.0000000000000000000, 1.000000000000000000 ) ) ;
#3257 = MECHANICAL_DESIGN_GEOMETRIC_PRESENTATION_REPRESENTATION (  '', ( #4589 ), #1534 ) ;
#3258 = FILL_AREA_STYLE ('',( #4126 ) ) ;
#3259 = EDGE_CURVE ( 'NONE', #3819, #3201, #2777, .T. ) ;
#3260 = VECTOR ( 'NONE', #1954, 1000.000000000000000 ) ;
#3261 = DIRECTION ( 'NONE',  ( -1.000000000000000000, 0.0000000000000000000, 0.0000000000000000000 ) ) ;
#3262 = ORIENTED_EDGE ( 'NONE', *, *, #1348, .T. ) ;
#3263 = COLOUR_RGB ( '',0.8509803921568627194, 0.8509803921568627194, 0.8509803921568627194 ) ;
#3264 =( NAMED_UNIT ( * ) PLANE_ANGLE_UNIT ( ) SI_UNIT ( $, .RADIAN. ) );
#3265 = FILL_AREA_STYLE_COLOUR ( '', #1179 ) ;
#3266 = ORIENTED_EDGE ( 'NONE', *, *, #2613, .T. ) ;
#3267 = FACE_OUTER_BOUND ( 'NONE', #1806, .T. ) ;
#3268 = CIRCLE ( 'NONE', #2721, 0.2500000000000000000 ) ;
#3269 = AXIS2_PLACEMENT_3D ( 'NONE', #1385, #2742, #3162 ) ;
#3270 = DIRECTION ( 'NONE',  ( 1.000000000000000000, 0.0000000000000000000, -0.0000000000000000000 ) ) ;
#3271 = VECTOR ( 'NONE', #967, 1000.000000000000000 ) ;
#3272 = LINE ( 'NONE', #4605, #3624 ) ;
#3273 = DIRECTION ( 'NONE',  ( -0.0000000000000000000, -0.0000000000000000000, -1.000000000000000000 ) ) ;
#3274 = COLOUR_RGB ( '',0.8509803921568627194, 0.8509803921568627194, 0.8509803921568627194 ) ;
#3275 = MECHANICAL_DESIGN_GEOMETRIC_PRESENTATION_REPRESENTATION (  '', ( #4976 ), #2825 ) ;
#3276 = ORIENTED_EDGE ( 'NONE', *, *, #940, .F. ) ;
#3277 = SURFACE_STYLE_USAGE ( .BOTH. , #3751 ) ;
#3278 =( NAMED_UNIT ( * ) PLANE_ANGLE_UNIT ( ) SI_UNIT ( $, .RADIAN. ) );
#3279 = PRESENTATION_STYLE_ASSIGNMENT (( #693 ) ) ;
#3280 = COLOUR_RGB ( '',0.8509803921568627194, 0.8509803921568627194, 0.8509803921568627194 ) ;
#3281 = ORIENTED_EDGE ( 'NONE', *, *, #940, .T. ) ;
#3282 = AXIS2_PLACEMENT_3D ( 'NONE', #1944, #2399, #3662 ) ;
#3283 = LINE ( 'NONE', #1093, #900 ) ;
#3284 = ADVANCED_FACE ( 'NONE', ( #525 ), #5284, .F. ) ;
#3285 = PLANE ( 'NONE',  #2384 ) ;
#3286 = SURFACE_SIDE_STYLE ('',( #1098 ) ) ;
#3287 = COLOUR_RGB ( '',0.8509803921568627194, 0.8509803921568627194, 0.8509803921568627194 ) ;
#3288 = SURFACE_STYLE_FILL_AREA ( #5475 ) ;
#3289 = CARTESIAN_POINT ( 'NONE',  ( -0.4000000000000000777, 0.2000000000000000111, 2.791820594150173918E-15 ) ) ;
#3290 = EDGE_CURVE ( 'NONE', #4499, #5425, #2305, .T. ) ;
#3291 = LINE ( 'NONE', #5006, #2135 ) ;
#3292 = ORIENTED_EDGE ( 'NONE', *, *, #4060, .F. ) ;
#3293 = VERTEX_POINT ( 'NONE', #3204 ) ;
#3294 =( GEOMETRIC_REPRESENTATION_CONTEXT ( 3 ) GLOBAL_UNCERTAINTY_ASSIGNED_CONTEXT ( ( #2903 ) ) GLOBAL_UNIT_ASSIGNED_CONTEXT ( ( #5282, #3591, #5224 ) ) REPRESENTATION_CONTEXT ( 'NONE', 'WORKASPACE' ) );
#3295 = FACE_OUTER_BOUND ( 'NONE', #1493, .T. ) ;
#3296 = MECHANICAL_DESIGN_GEOMETRIC_PRESENTATION_REPRESENTATION (  '', ( #1022 ), #560 ) ;
#3297 = CARTESIAN_POINT ( 'NONE',  ( 0.5124155170610084076, 0.2080817958270101131, 0.2799999999999999711 ) ) ;
#3298 = DIRECTION ( 'NONE',  ( 1.000000000000000000, 0.0000000000000000000, 0.0000000000000000000 ) ) ;
#3299 = UNCERTAINTY_MEASURE_WITH_UNIT (LENGTH_MEASURE( 1.000000000000000082E-05 ), #3772, 'distance_accuracy_value', 'NONE');
#3300 = ADVANCED_FACE ( 'NONE', ( #3148 ), #177, .F. ) ;
#3301 = STYLED_ITEM ( 'NONE', ( #2462 ), #4823 ) ;
#3302 = FILL_AREA_STYLE_COLOUR ( '', #4299 ) ;
#3303 = DIRECTION ( 'NONE',  ( -8.673617379884037444E-16, -1.000000000000000000, 6.057005021420981535E-30 ) ) ;
#3304 = ORIENTED_EDGE ( 'NONE', *, *, #3088, .F. ) ;
#3305 = EDGE_CURVE ( 'NONE', #4052, #4237, #5031, .T. ) ;
#3306 = DIRECTION ( 'NONE',  ( 0.0000000000000000000, -1.000000000000000000, 0.0000000000000000000 ) ) ;
#3307 = SURFACE_STYLE_FILL_AREA ( #3258 ) ;
#3308 = CARTESIAN_POINT ( 'NONE',  ( -1.099999999999998979, -0.7499999999999997780, 0.2799999999999999711 ) ) ;
#3309 = PRESENTATION_LAYER_ASSIGNMENT (  '', '', ( #4734 ) ) ;
#3310 = FILL_AREA_STYLE_COLOUR ( '', #5477 ) ;
#3311 = PRESENTATION_STYLE_ASSIGNMENT (( #3681 ) ) ;
#3312 = FACE_OUTER_BOUND ( 'NONE', #2415, .T. ) ;
#3313 = FILL_AREA_STYLE_COLOUR ( '', #5108 ) ;
#3314 = FILL_AREA_STYLE ('',( #1537 ) ) ;
#3315 = EDGE_LOOP ( 'NONE', ( #2997, #5459, #4484, #1014, #2113, #2488, #3547, #2221, #1639, #1018, #4815, #3865 ) ) ;
#3316 = CARTESIAN_POINT ( 'NONE',  ( 0.0000000000000000000, 0.5569292977732096528, 0.2799999999999999711 ) ) ;
#3317 = EDGE_CURVE ( 'NONE', #3016, #1858, #1962, .T. ) ;
#3318 = AXIS2_PLACEMENT_3D ( 'NONE', #509, #3972, #2284 ) ;
#3319 = CLOSED_SHELL ( 'NONE', ( #367, #1066, #1095, #574, #1437, #3300, #126, #2426, #5152, #2730, #5311, #1596, #4379, #1704, #270, #1628, #3146, #3993, #4081 ) ) ;
#3320 = FILL_AREA_STYLE_COLOUR ( '', #1515 ) ;
#3321 = SURFACE_STYLE_USAGE ( .BOTH. , #4166 ) ;
#3322 = SURFACE_SIDE_STYLE ('',( #3770 ) ) ;
#3323 = SURFACE_SIDE_STYLE ('',( #2544 ) ) ;
#3324 = STYLED_ITEM ( 'NONE', ( #1674 ), #1101 ) ;
#3325 = DIRECTION ( 'NONE',  ( 1.000000000000000000, -0.0000000000000000000, -0.0000000000000000000 ) ) ;
#3326 = ORIENTED_EDGE ( 'NONE', *, *, #2554, .T. ) ;
#3327 = VECTOR ( 'NONE', #2209, 1000.000000000000000 ) ;
#3328 = ADVANCED_FACE ( 'NONE', ( #1565 ), #4512, .T. ) ;
#3329 = ORIENTED_EDGE ( 'NONE', *, *, #3974, .F. ) ;
#3330 = SURFACE_SIDE_STYLE ('',( #1603 ) ) ;
#3331 =( NAMED_UNIT ( * ) SI_UNIT ( $, .STERADIAN. ) SOLID_ANGLE_UNIT ( ) );
#3332 =( NAMED_UNIT ( * ) PLANE_ANGLE_UNIT ( ) SI_UNIT ( $, .RADIAN. ) );
#3333 = ORIENTED_EDGE ( 'NONE', *, *, #3562, .T. ) ;
#3334 = AXIS2_PLACEMENT_3D ( 'NONE', #5325, #4935, #111 ) ;
#3335 =( NAMED_UNIT ( * ) PLANE_ANGLE_UNIT ( ) SI_UNIT ( $, .RADIAN. ) );
#3336 = EDGE_CURVE ( 'NONE', #2681, #4887, #2022, .T. ) ;
#3337 = CARTESIAN_POINT ( 'NONE',  ( -8.518154025199974705E-17, -0.2000000000000000111, 0.0000000000000000000 ) ) ;
#3338 =( NAMED_UNIT ( * ) SI_UNIT ( $, .STERADIAN. ) SOLID_ANGLE_UNIT ( ) );
#3339 = AXIS2_PLACEMENT_3D ( 'NONE', #1920, #3629, #5344 ) ;
#3340 = CARTESIAN_POINT ( 'NONE',  ( 1.100000000000002531, 0.2499999999999997224, 0.2799999999999999711 ) ) ;
#3341 = COLOUR_RGB ( '',1.000000000000000000, 1.000000000000000000, 1.000000000000000000 ) ;
#3342 = CARTESIAN_POINT ( 'NONE',  ( 0.3901487617419281406, 0.8637862597461452019, 0.2799999999999999711 ) ) ;
#3343 = LINE ( 'NONE', #5055, #5478 ) ;
#3344 = ORIENTED_EDGE ( 'NONE', *, *, #4182, .T. ) ;
#3345 = ORIENTED_EDGE ( 'NONE', *, *, #5317, .T. ) ;
#3346 = STYLED_ITEM ( 'NONE', ( #408 ), #1848 ) ;
#3347 = CARTESIAN_POINT ( 'NONE',  ( 0.0000000000000000000, 0.3080817958270101187, 0.2799999999999999711 ) ) ;
#3348 = CARTESIAN_POINT ( 'NONE',  ( 0.3195831592659477138, 0.4509946331943126552, 0.2599999999999999534 ) ) ;
#3349 = EDGE_CURVE ( 'NONE', #4160, #2939, #2864, .T. ) ;
#3350 = CYLINDRICAL_SURFACE ( 'NONE', #1712, 0.09999999999999993616 ) ;
#3351 = AXIS2_PLACEMENT_3D ( 'NONE', #1303, #811, #1782 ) ;
#3352 = FACE_OUTER_BOUND ( 'NONE', #48, .T. ) ;
#3353 = UNCERTAINTY_MEASURE_WITH_UNIT (LENGTH_MEASURE( 1.000000000000000082E-05 ), #2079, 'distance_accuracy_value', 'NONE');
#3354 = ORIENTED_EDGE ( 'NONE', *, *, #673, .F. ) ;
#3355 = COLOUR_RGB ( '',0.8509803921568627194, 0.8509803921568627194, 0.8509803921568627194 ) ;
#3356 =( LENGTH_UNIT ( ) NAMED_UNIT ( * ) SI_UNIT ( .MILLI., .METRE. ) );
#3357 = ADVANCED_FACE ( 'NONE', ( #2442 ), #4155, .T. ) ;
#3358 =( LENGTH_UNIT ( ) NAMED_UNIT ( * ) SI_UNIT ( .MILLI., .METRE. ) );
#3359 = ORIENTED_EDGE ( 'NONE', *, *, #891, .F. ) ;
#3360 = COLOUR_RGB ( '',1.000000000000000000, 0.0000000000000000000, 0.0000000000000000000 ) ;
#3361 = LINE ( 'NONE', #5077, #3260 ) ;
#3362 = VECTOR ( 'NONE', #2562, 1000.000000000000000 ) ;
#3363 = LINE ( 'NONE', #3051, #2920 ) ;
#3364 = CARTESIAN_POINT ( 'NONE',  ( 0.7385744931852191719, -0.5000000000000002220, 0.2799999999999999711 ) ) ;
#3365 = SURFACE_STYLE_USAGE ( .BOTH. , #4183 ) ;
#3366 = PRESENTATION_LAYER_ASSIGNMENT (  '', '', ( #176 ) ) ;
#3367 = LINE ( 'NONE', #4652, #4732 ) ;
#3368 = AXIS2_PLACEMENT_3D ( 'NONE', #4727, #3839, #3895 ) ;
#3369 =( NAMED_UNIT ( * ) SI_UNIT ( $, .STERADIAN. ) SOLID_ANGLE_UNIT ( ) );
#3370 = CARTESIAN_POINT ( 'NONE',  ( -0.5740798441076691017, -7.576417661678501932E-16, 0.2599999999999999534 ) ) ;
#3371 = ORIENTED_EDGE ( 'NONE', *, *, #999, .T. ) ;
#3372 = ORIENTED_EDGE ( 'NONE', *, *, #3676, .F. ) ;
#3373 = DIRECTION ( 'NONE',  ( 0.0000000000000000000, 1.000000000000000000, -0.0000000000000000000 ) ) ;
#3374 = AXIS2_PLACEMENT_3D ( 'NONE', #2394, #617, #98 ) ;
#3375 = SURFACE_STYLE_USAGE ( .BOTH. , #2541 ) ;
#3376 =( NAMED_UNIT ( * ) PLANE_ANGLE_UNIT ( ) SI_UNIT ( $, .RADIAN. ) );
#3377 = CARTESIAN_POINT ( 'NONE',  ( -1.099999999999998090, 0.4999999999999997780, 0.2599999999999999534 ) ) ;
#3378 = FILL_AREA_STYLE ('',( #5212 ) ) ;
#3379 = ORIENTED_EDGE ( 'NONE', *, *, #4307, .F. ) ;
#3380 = VECTOR ( 'NONE', #4632, 1000.000000000000000 ) ;
#3381 = VERTEX_POINT ( 'NONE', #2582 ) ;
#3382 = SURFACE_STYLE_USAGE ( .BOTH. , #5463 ) ;
#3383 = CARTESIAN_POINT ( 'NONE',  ( -1.100000000000000977, -0.1999999999999994837, 7.680894765701995475E-15 ) ) ;
#3384 = SURFACE_SIDE_STYLE ('',( #4669 ) ) ;
#3385 = ORIENTED_EDGE ( 'NONE', *, *, #4284, .T. ) ;
#3386 = ADVANCED_FACE ( 'NONE', ( #2638 ), #2210, .F. ) ;
#3387 = ORIENTED_EDGE ( 'NONE', *, *, #2499, .T. ) ;
#3388 = FILL_AREA_STYLE_COLOUR ( '', #3135 ) ;
#3389 = CYLINDRICAL_SURFACE ( 'NONE', #4178, 0.2500000000000000000 ) ;
#3390 = LINE ( 'NONE', #4, #3614 ) ;
#3391 = EDGE_CURVE ( 'NONE', #4005, #5575, #4314, .T. ) ;
#3392 = LINE ( 'NONE', #5107, #878 ) ;
#3393 = PLANE ( 'NONE',  #3613 ) ;
#3394 = ORIENTED_EDGE ( 'NONE', *, *, #1519, .T. ) ;
#3395 = VERTEX_POINT ( 'NONE', #788 ) ;
#3396 = COLOUR_RGB ( '',0.7921568627450980005, 0.8196078431372548767, 0.9333333333333333481 ) ;
#3397 = CARTESIAN_POINT ( 'NONE',  ( 0.5359203924145663489, -0.7671295513012331702, 0.2799999999999999711 ) ) ;
#3398 = VECTOR ( 'NONE', #765, 1000.000000000000000 ) ;
#3399 = SURFACE_STYLE_USAGE ( .BOTH. , #384 ) ;
#3400 = CARTESIAN_POINT ( 'NONE',  ( 0.3432670707574931868, -0.3593805362314128615, 0.2810000000000000275 ) ) ;
#3401 =( NAMED_UNIT ( * ) SI_UNIT ( $, .STERADIAN. ) SOLID_ANGLE_UNIT ( ) );
#3402 = ADVANCED_FACE ( 'NONE', ( #3503 ), #433, .F. ) ;
#3403 = CIRCLE ( 'NONE', #1969, 0.2500000000000000000 ) ;
#3404 = EDGE_LOOP ( 'NONE', ( #340, #3266, #1606, #459 ) ) ;
#3405 = MECHANICAL_DESIGN_GEOMETRIC_PRESENTATION_REPRESENTATION (  '', ( #1328 ), #5195 ) ;
#3406 = MECHANICAL_DESIGN_GEOMETRIC_PRESENTATION_REPRESENTATION (  '', ( #4837 ), #1422 ) ;
#3407 = VERTEX_POINT ( 'NONE', #2122 ) ;
#3408 = DIRECTION ( 'NONE',  ( -0.0000000000000000000, -0.0000000000000000000, -1.000000000000000000 ) ) ;
#3409 =( GEOMETRIC_REPRESENTATION_CONTEXT ( 3 ) GLOBAL_UNCERTAINTY_ASSIGNED_CONTEXT ( ( #3446 ) ) GLOBAL_UNIT_ASSIGNED_CONTEXT ( ( #1511, #2482, #1572 ) ) REPRESENTATION_CONTEXT ( 'NONE', 'WORKASPACE' ) );
#3410 = FILL_AREA_STYLE ('',( #3887 ) ) ;
#3411 = CARTESIAN_POINT ( 'NONE',  ( -1.099999999999998090, -1.000000000000000000, 0.2600000000000076694 ) ) ;
#3412 = EDGE_LOOP ( 'NONE', ( #1354, #723, #411, #4805 ) ) ;
#3413 = ORIENTED_EDGE ( 'NONE', *, *, #2943, .F. ) ;
#3414 = ADVANCED_FACE ( 'NONE', ( #9 ), #1760, .F. ) ;
#3415 = SURFACE_STYLE_FILL_AREA ( #2631 ) ;
#3416 = CARTESIAN_POINT ( 'NONE',  ( -1.391298174992573003E-16, -0.8999999999999999112, 0.02000000000000000042 ) ) ;
#3417 = FILL_AREA_STYLE_COLOUR ( '', #1640 ) ;
#3418 = ADVANCED_FACE ( 'NONE', ( #1331 ), #5220, .F. ) ;
#3419 = CARTESIAN_POINT ( 'NONE',  ( -0.6035437629006772386, 0.04290495023076341258, 0.2799999999999999711 ) ) ;
#3420 =( GEOMETRIC_REPRESENTATION_CONTEXT ( 3 ) GLOBAL_UNCERTAINTY_ASSIGNED_CONTEXT ( ( #4184 ) ) GLOBAL_UNIT_ASSIGNED_CONTEXT ( ( #5372, #3716, #2849 ) ) REPRESENTATION_CONTEXT ( 'NONE', 'WORKASPACE' ) );
#3421 = ORIENTED_EDGE ( 'NONE', *, *, #3659, .T. ) ;
#3422 = PRESENTATION_STYLE_ASSIGNMENT (( #1199 ) ) ;
#3423 =( GEOMETRIC_REPRESENTATION_CONTEXT ( 3 ) GLOBAL_UNCERTAINTY_ASSIGNED_CONTEXT ( ( #5363 ) ) GLOBAL_UNIT_ASSIGNED_CONTEXT ( ( #3911, #5141, #4689 ) ) REPRESENTATION_CONTEXT ( 'NONE', 'WORKASPACE' ) );
#3424 = CARTESIAN_POINT ( 'NONE',  ( -0.6766918921026191525, 0.6855750628389500889, 0.2599999999999999534 ) ) ;
#3425 = PRESENTATION_STYLE_ASSIGNMENT (( #3399 ) ) ;
#3426 = CARTESIAN_POINT ( 'NONE',  ( 1.100000000000000755, 0.7499999999999997780, 0.01999999999999231906 ) ) ;
#3427 = ORIENTED_EDGE ( 'NONE', *, *, #2092, .T. ) ;
#3428 = EDGE_CURVE ( 'NONE', #2456, #4554, #983, .T. ) ;
#3429 = ORIENTED_EDGE ( 'NONE', *, *, #4987, .F. ) ;
#3430 = VECTOR ( 'NONE', #701, 1000.000000000000000 ) ;
#3431 = CARTESIAN_POINT ( 'NONE',  ( 1.100000000000000533, 0.1999999999999999833, -7.680894765701995475E-15 ) ) ;
#3432 = VERTEX_POINT ( 'NONE', #491 ) ;
#3433 = MECHANICAL_DESIGN_GEOMETRIC_PRESENTATION_REPRESENTATION (  '', ( #1824 ), #2272 ) ;
#3434 = ORIENTED_EDGE ( 'NONE', *, *, #3956, .T. ) ;
#3435 =( NAMED_UNIT ( * ) PLANE_ANGLE_UNIT ( ) SI_UNIT ( $, .RADIAN. ) );
#3436 = MECHANICAL_DESIGN_GEOMETRIC_PRESENTATION_REPRESENTATION (  '', ( #2011 ), #2183 ) ;
#3437 = SURFACE_SIDE_STYLE ('',( #1723 ) ) ;
#3438 = DIRECTION ( 'NONE',  ( -0.0000000000000000000, -0.0000000000000000000, -1.000000000000000000 ) ) ;
#3439 = ADVANCED_FACE ( 'NONE', ( #2242 ), #1358, .F. ) ;
#3440 =( LENGTH_UNIT ( ) NAMED_UNIT ( * ) SI_UNIT ( .MILLI., .METRE. ) );
#3441 = DIRECTION ( 'NONE',  ( 6.982962677686268288E-15, -0.0000000000000000000, 1.000000000000000000 ) ) ;
#3442 = AXIS2_PLACEMENT_3D ( 'NONE', #1495, #2069, #4939 ) ;
#3443 = ORIENTED_EDGE ( 'NONE', *, *, #515, .F. ) ;
#3444 = DIRECTION ( 'NONE',  ( -0.0000000000000000000, 0.0000000000000000000, 1.000000000000000000 ) ) ;
#3445 = ADVANCED_FACE ( 'NONE', ( #3091 ), #1033, .F. ) ;
#3446 = UNCERTAINTY_MEASURE_WITH_UNIT (LENGTH_MEASURE( 1.000000000000000082E-05 ), #1511, 'distance_accuracy_value', 'NONE');
#3447 = FILL_AREA_STYLE_COLOUR ( '', #2243 ) ;
#3448 = PRESENTATION_STYLE_ASSIGNMENT (( #5140 ) ) ;
#3449 = CARTESIAN_POINT ( 'NONE',  ( -0.4135483952989442713, -0.3593805362314128615, 0.2810000000000000275 ) ) ;
#3450 = DIRECTION ( 'NONE',  ( 0.0000000000000000000, -0.0000000000000000000, -1.000000000000000000 ) ) ;
#3451 =( LENGTH_UNIT ( ) NAMED_UNIT ( * ) SI_UNIT ( .MILLI., .METRE. ) );
#3452 = VERTEX_POINT ( 'NONE', #4907 ) ;
#3453 = PRESENTATION_LAYER_ASSIGNMENT (  '', '', ( #284 ) ) ;
#3454 = UNCERTAINTY_MEASURE_WITH_UNIT (LENGTH_MEASURE( 1.000000000000000082E-05 ), #1397, 'distance_accuracy_value', 'NONE');
#3455 = ORIENTED_EDGE ( 'NONE', *, *, #673, .T. ) ;
#3456 = CARTESIAN_POINT ( 'NONE',  ( 1.100000000000002087, 0.4999999999999997780, 0.2799999999999999711 ) ) ;
#3457 = AXIS2_PLACEMENT_3D ( 'NONE', #873, #2639, #2611 ) ;
#3458 = CARTESIAN_POINT ( 'NONE',  ( -1.100000000000000533, 0.9000000000000000222, 7.680894765701995475E-15 ) ) ;
#3459 = FACE_OUTER_BOUND ( 'NONE', #3905, .T. ) ;
#3460 = SURFACE_SIDE_STYLE ('',( #805 ) ) ;
#3461 = ORIENTED_EDGE ( 'NONE', *, *, #3729, .T. ) ;
#3462 = ADVANCED_FACE ( 'NONE', ( #2268 ), #4480, .T. ) ;
#3463 = EDGE_LOOP ( 'NONE', ( #3557, #539, #2107, #3326 ) ) ;
#3464 = UNCERTAINTY_MEASURE_WITH_UNIT (LENGTH_MEASURE( 1.000000000000000082E-05 ), #3054, 'distance_accuracy_value', 'NONE');
#3465 = SURFACE_STYLE_FILL_AREA ( #428 ) ;
#3466 = DIRECTION ( 'NONE',  ( -0.0000000000000000000, -0.0000000000000000000, -1.000000000000000000 ) ) ;
#3467 = COLOUR_RGB ( '',0.8509803921568627194, 0.8509803921568627194, 0.8509803921568627194 ) ;
#3468 =( NAMED_UNIT ( * ) PLANE_ANGLE_UNIT ( ) SI_UNIT ( $, .RADIAN. ) );
#3469 = FILL_AREA_STYLE_COLOUR ( '', #5590 ) ;
#3470 = EDGE_CURVE ( 'NONE', #3711, #4897, #1956, .T. ) ;
#3471 = FILL_AREA_STYLE_COLOUR ( '', #995 ) ;
#3472 =( NAMED_UNIT ( * ) SI_UNIT ( $, .STERADIAN. ) SOLID_ANGLE_UNIT ( ) );
#3473 = CARTESIAN_POINT ( 'NONE',  ( -0.4135483952989442713, -0.5316465652036583833, 0.2810000000000000275 ) ) ;
#3474 = LINE ( 'NONE', #931, #4997 ) ;
#3475 = EDGE_LOOP ( 'NONE', ( #4395, #648, #3663, #5267, #3203, #2301, #2087, #242 ) ) ;
#3476 = CARTESIAN_POINT ( 'NONE',  ( 1.100000000000000089, -0.5000000000000002220, -7.680894765701995475E-15 ) ) ;
#3477 = CARTESIAN_POINT ( 'NONE',  ( -0.4135483952989442713, -0.3593805362314128615, 0.2810000000000000275 ) ) ;
#3478 = FACE_OUTER_BOUND ( 'NONE', #3929, .T. ) ;
#3479 = CARTESIAN_POINT ( 'NONE',  ( 1.319207256221187836E-16, 0.2000000000000000389, 0.02000000000000000042 ) ) ;
#3480 = SURFACE_STYLE_USAGE ( .BOTH. , #5567 ) ;
#3481 = ADVANCED_FACE ( 'NONE', ( #638 ), #3285, .T. ) ;
#3482 = ORIENTED_EDGE ( 'NONE', *, *, #4809, .T. ) ;
#3483 = STYLED_ITEM ( 'NONE', ( #1632 ), #374 ) ;
#3484 = PRESENTATION_LAYER_ASSIGNMENT (  '', '', ( #312 ) ) ;
#3485 = ORIENTED_EDGE ( 'NONE', *, *, #2223, .T. ) ;
#3486 = DIRECTION ( 'NONE',  ( 0.0000000000000000000, -1.000000000000000000, 0.0000000000000000000 ) ) ;
#3487 =( GEOMETRIC_REPRESENTATION_CONTEXT ( 3 ) GLOBAL_UNCERTAINTY_ASSIGNED_CONTEXT ( ( #4300 ) ) GLOBAL_UNIT_ASSIGNED_CONTEXT ( ( #2024, #3468, #3736 ) ) REPRESENTATION_CONTEXT ( 'NONE', 'WORKASPACE' ) );
#3488 = FILL_AREA_STYLE ('',( #5177 ) ) ;
#3489 = FILL_AREA_STYLE_COLOUR ( '', #2053 ) ;
#3490 = EDGE_CURVE ( 'NONE', #2790, #2806, #4207, .T. ) ;
#3491 = PRESENTATION_LAYER_ASSIGNMENT (  '', '', ( #1785 ) ) ;
#3492 = CARTESIAN_POINT ( 'NONE',  ( 0.5359203924145662379, -0.2065665198382720669, 0.2799999999999999711 ) ) ;
#3493 = ORIENTED_EDGE ( 'NONE', *, *, #4715, .T. ) ;
#3494 = VECTOR ( 'NONE', #4111, 1000.000000000000000 ) ;
#3495 = DIRECTION ( 'NONE',  ( 1.934130707221177858E-16, -1.000000000000000000, 0.0000000000000000000 ) ) ;
#3496 = PRESENTATION_STYLE_ASSIGNMENT (( #28 ) ) ;
#3497 = PLANE ( 'NONE',  #5255 ) ;
#3498 = DIRECTION ( 'NONE',  ( -0.0000000000000000000, 0.0000000000000000000, 1.000000000000000000 ) ) ;
#3499 = DIRECTION ( 'NONE',  ( -0.0000000000000000000, -1.000000000000000000, -0.0000000000000000000 ) ) ;
#3500 =( NAMED_UNIT ( * ) PLANE_ANGLE_UNIT ( ) SI_UNIT ( $, .RADIAN. ) );
#3501 = ADVANCED_FACE ( 'NONE', ( #1097 ), #2498, .F. ) ;
#3502 = SURFACE_STYLE_USAGE ( .BOTH. , #490 ) ;
#3503 = FACE_OUTER_BOUND ( 'NONE', #2374, .T. ) ;
#3504 = DIRECTION ( 'NONE',  ( 1.000000000000000000, 0.0000000000000000000, 0.0000000000000000000 ) ) ;
#3505 = FACE_OUTER_BOUND ( 'NONE', #1084, .T. ) ;
#3506 = VERTEX_POINT ( 'NONE', #4180 ) ;
#3507 = VECTOR ( 'NONE', #4329, 1000.000000000000000 ) ;
#3508 = UNCERTAINTY_MEASURE_WITH_UNIT (LENGTH_MEASURE( 1.000000000000000082E-05 ), #3358, 'distance_accuracy_value', 'NONE');
#3509 = SURFACE_STYLE_USAGE ( .BOTH. , #3565 ) ;
#3510 = SURFACE_STYLE_USAGE ( .BOTH. , #1794 ) ;
#3511 = PRESENTATION_LAYER_ASSIGNMENT (  '', '', ( #2618 ) ) ;
#3512 = CARTESIAN_POINT ( 'NONE',  ( -0.4000000000000004663, -0.8999999999999998002, 2.791820594150173918E-15 ) ) ;
#3513 = DIRECTION ( 'NONE',  ( 0.0000000000000000000, -0.0000000000000000000, -1.000000000000000000 ) ) ;
#3514 = ORIENTED_EDGE ( 'NONE', *, *, #4230, .T. ) ;
#3515 = VERTEX_POINT ( 'NONE', #5359 ) ;
#3516 = AXIS2_PLACEMENT_3D ( 'NONE', #4027, #3214, #4924 ) ;
#3517 = EDGE_CURVE ( 'NONE', #4076, #719, #644, .T. ) ;
#3518 = ORIENTED_EDGE ( 'NONE', *, *, #662, .T. ) ;
#3519 = CARTESIAN_POINT ( 'NONE',  ( -0.7482052191486779913, -0.5828783997317398269, 0.2599999999999999534 ) ) ;
#3520 = FACE_OUTER_BOUND ( 'NONE', #1105, .T. ) ;
#3521 = VECTOR ( 'NONE', #881, 1000.000000000000000 ) ;
#3522 = DIRECTION ( 'NONE',  ( -1.000000000000000000, 0.0000000000000000000, 0.0000000000000000000 ) ) ;
#3523 = PRESENTATION_LAYER_ASSIGNMENT (  '', '', ( #76 ) ) ;
#3524 = EDGE_CURVE ( 'NONE', #1858, #1751, #291, .T. ) ;
#3525 = VERTEX_POINT ( 'NONE', #4503 ) ;
#3526 = VECTOR ( 'NONE', #1502, 1000.000000000000000 ) ;
#3527 =( NAMED_UNIT ( * ) SI_UNIT ( $, .STERADIAN. ) SOLID_ANGLE_UNIT ( ) );
#3528 = DIRECTION ( 'NONE',  ( -0.0000000000000000000, -0.0000000000000000000, -1.000000000000000000 ) ) ;
#3529 = ORIENTED_EDGE ( 'NONE', *, *, #3088, .T. ) ;
#3530 = COLOUR_RGB ( '',0.8509803921568627194, 0.8509803921568627194, 0.8509803921568627194 ) ;
#3531 = PRESENTATION_LAYER_ASSIGNMENT (  '', '', ( #1279 ) ) ;
#3532 = PRESENTATION_STYLE_ASSIGNMENT (( #2713 ) ) ;
#3533 = CARTESIAN_POINT ( 'NONE',  ( 1.100000000000002087, 0.0000000000000000000, 0.2599999999999999534 ) ) ;
#3534 = AXIS2_PLACEMENT_3D ( 'NONE', #742, #276, #3769 ) ;
#3535 = FILL_AREA_STYLE ('',( #902 ) ) ;
#3536 = EDGE_CURVE ( 'NONE', #1889, #4540, #3703, .T. ) ;
#3537 = SURFACE_STYLE_FILL_AREA ( #70 ) ;
#3538 = EDGE_CURVE ( 'NONE', #5575, #1690, #3363, .T. ) ;
#3539 = COLOUR_RGB ( '',0.8509803921568627194, 0.8509803921568627194, 0.8509803921568627194 ) ;
#3540 = DIRECTION ( 'NONE',  ( -3.469446951953614189E-15, 1.000000000000000000, 2.422802008568392053E-29 ) ) ;
#3541 = VECTOR ( 'NONE', #5530, 1000.000000000000000 ) ;
#3542 = FILL_AREA_STYLE ('',( #4020 ) ) ;
#3543 = SURFACE_SIDE_STYLE ('',( #4373 ) ) ;
#3544 = PRESENTATION_STYLE_ASSIGNMENT (( #1828 ) ) ;
#3545 = SURFACE_STYLE_FILL_AREA ( #3853 ) ;
#3546 = ORIENTED_EDGE ( 'NONE', *, *, #4809, .F. ) ;
#3547 = ORIENTED_EDGE ( 'NONE', *, *, #5448, .T. ) ;
#3548 = EDGE_CURVE ( 'NONE', #4109, #947, #2629, .T. ) ;
#3549 = CARTESIAN_POINT ( 'NONE',  ( 0.2532275857927164253, -0.5316465652036583833, 0.2599999999999999534 ) ) ;
#3550 = SURFACE_STYLE_USAGE ( .BOTH. , #5294 ) ;
#3551 = CARTESIAN_POINT ( 'NONE',  ( -1.099999999999998979, 0.2499999999999998335, 0.2799999999999999711 ) ) ;
#3552 = EDGE_LOOP ( 'NONE', ( #4733, #4846, #2926, #5074 ) ) ;
#3553 = CARTESIAN_POINT ( 'NONE',  ( 0.6360270068922002640, 0.1776407652747671595, 0.2799999999999999711 ) ) ;
#3554 = SURFACE_STYLE_USAGE ( .BOTH. , #3081 ) ;
#3555 = SURFACE_SIDE_STYLE ('',( #4817 ) ) ;
#3556 = SURFACE_STYLE_USAGE ( .BOTH. , #3437 ) ;
#3557 = ORIENTED_EDGE ( 'NONE', *, *, #1918, .T. ) ;
#3558 = VECTOR ( 'NONE', #901, 1000.000000000000000 ) ;
#3559 = EDGE_CURVE ( 'NONE', #3432, #1144, #781, .T. ) ;
#3560 =( NAMED_UNIT ( * ) SI_UNIT ( $, .STERADIAN. ) SOLID_ANGLE_UNIT ( ) );
#3561 = SURFACE_STYLE_USAGE ( .BOTH. , #4400 ) ;
#3562 = EDGE_CURVE ( 'NONE', #4365, #2199, #1838, .T. ) ;
#3563 = PLANE ( 'NONE',  #2991 ) ;
#3564 = MECHANICAL_DESIGN_GEOMETRIC_PRESENTATION_REPRESENTATION (  '', ( #3301 ), #2130 ) ;
#3565 = SURFACE_SIDE_STYLE ('',( #3123 ) ) ;
#3566 =( NAMED_UNIT ( * ) SI_UNIT ( $, .STERADIAN. ) SOLID_ANGLE_UNIT ( ) );
#3567 = VERTEX_POINT ( 'NONE', #345 ) ;
#3568 = ORIENTED_EDGE ( 'NONE', *, *, #4931, .F. ) ;
#3569 = ADVANCED_FACE ( 'NONE', ( #837 ), #3389, .F. ) ;
#3570 = CARTESIAN_POINT ( 'NONE',  ( 0.8500000000000019762, -0.5000000000000002220, 0.2599999999999940137 ) ) ;
#3571 =( LENGTH_UNIT ( ) NAMED_UNIT ( * ) SI_UNIT ( .MILLI., .METRE. ) );
#3572 = FACE_OUTER_BOUND ( 'NONE', #3892, .T. ) ;
#3573 = DIRECTION ( 'NONE',  ( -6.982962677686265922E-15, 0.0000000000000000000, -1.000000000000000000 ) ) ;
#3574 = ORIENTED_EDGE ( 'NONE', *, *, #3719, .T. ) ;
#3575 = AXIS2_PLACEMENT_3D ( 'NONE', #4263, #3960, #376 ) ;
#3576 = ORIENTED_EDGE ( 'NONE', *, *, #5167, .F. ) ;
#3577 = CARTESIAN_POINT ( 'NONE',  ( 1.100000000000002087, -0.5000000000000002220, 0.2799999999999999711 ) ) ;
#3578 = AXIS2_PLACEMENT_3D ( 'NONE', #5269, #192, #2682 ) ;
#3579 = FILL_AREA_STYLE ('',( #138 ) ) ;
#3580 = DIRECTION ( 'NONE',  ( 0.0000000000000000000, 1.000000000000000000, 0.0000000000000000000 ) ) ;
#3581 = SURFACE_STYLE_FILL_AREA ( #2663 ) ;
#3582 = ORIENTED_EDGE ( 'NONE', *, *, #891, .T. ) ;
#3583 = CIRCLE ( 'NONE', #4297, 0.2500000000000000000 ) ;
#3584 = LINE ( 'NONE', #3917, #1549 ) ;
#3585 = CARTESIAN_POINT ( 'NONE',  ( 0.7174695751538135990, -0.08025157153844877933, 0.2799999999999999711 ) ) ;
#3586 = ADVANCED_FACE ( 'NONE', ( #1245 ), #2116, .F. ) ;
#3587 =( NAMED_UNIT ( * ) PLANE_ANGLE_UNIT ( ) SI_UNIT ( $, .RADIAN. ) );
#3588 = AXIS2_PLACEMENT_3D ( 'NONE', #3347, #5061, #5402 ) ;
#3589 = AXIS2_PLACEMENT_3D ( 'NONE', #3226, #4424, #1443 ) ;
#3590 = SURFACE_STYLE_USAGE ( .BOTH. , #1878 ) ;
#3591 =( NAMED_UNIT ( * ) PLANE_ANGLE_UNIT ( ) SI_UNIT ( $, .RADIAN. ) );
#3592 =( GEOMETRIC_REPRESENTATION_CONTEXT ( 3 ) GLOBAL_UNCERTAINTY_ASSIGNED_CONTEXT ( ( #1766 ) ) GLOBAL_UNIT_ASSIGNED_CONTEXT ( ( #1423, #3147, #986 ) ) REPRESENTATION_CONTEXT ( 'NONE', 'WORKASPACE' ) );
#3593 = EDGE_CURVE ( 'NONE', #2537, #5044, #2972, .T. ) ;
#3594 = CARTESIAN_POINT ( 'NONE',  ( 0.0000000000000000000, -0.05709504976923729380, 0.2799999999999999711 ) ) ;
#3595 = CARTESIAN_POINT ( 'NONE',  ( -0.6766918921026191525, -0.5541450885699468198, 0.2799999999999999711 ) ) ;
#3596 = PLANE ( 'NONE',  #1212 ) ;
#3597 = ORIENTED_EDGE ( 'NONE', *, *, #468, .T. ) ;
#3598 = MECHANICAL_DESIGN_GEOMETRIC_PRESENTATION_REPRESENTATION (  '', ( #1526 ), #1703 ) ;
#3599 = ORIENTED_EDGE ( 'NONE', *, *, #1218, .F. ) ;
#3600 = DIRECTION ( 'NONE',  ( -1.000000000000000000, 0.0000000000000000000, 6.983251342707903681E-15 ) ) ;
#3601 =( NAMED_UNIT ( * ) SI_UNIT ( $, .STERADIAN. ) SOLID_ANGLE_UNIT ( ) );
#3602 = CARTESIAN_POINT ( 'NONE',  ( 0.7249999999999999778, 1.000000000000000000, 0.2599999999999999534 ) ) ;
#3603 = ORIENTED_EDGE ( 'NONE', *, *, #2928, .F. ) ;
#3604 = AXIS2_PLACEMENT_3D ( 'NONE', #4003, #106, #1863 ) ;
#3605 = ADVANCED_FACE ( 'NONE', ( #4674 ), #2558, .T. ) ;
#3606 = ORIENTED_EDGE ( 'NONE', *, *, #1348, .F. ) ;
#3607 = DIRECTION ( 'NONE',  ( -0.0000000000000000000, -0.0000000000000000000, -1.000000000000000000 ) ) ;
#3608 = DIRECTION ( 'NONE',  ( 0.7769070476675159487, -0.6296153105544244344, 0.0000000000000000000 ) ) ;
#3609 = FILL_AREA_STYLE ('',( #924 ) ) ;
#3610 = CARTESIAN_POINT ( 'NONE',  ( 0.4000000000000001332, 0.9000000000000000222, 0.01999999999999721098 ) ) ;
#3611 = FILL_AREA_STYLE_COLOUR ( '', #2089 ) ;
#3612 = ORIENTED_EDGE ( 'NONE', *, *, #3517, .T. ) ;
#3613 = AXIS2_PLACEMENT_3D ( 'NONE', #2067, #2497, #5499 ) ;
#3614 = VECTOR ( 'NONE', #4260, 1000.000000000000000 ) ;
#3615 = DIRECTION ( 'NONE',  ( -1.000000000000000000, 4.646580739223591981E-16, 6.982962677686268288E-15 ) ) ;
#3616 = FACE_OUTER_BOUND ( 'NONE', #4644, .T. ) ;
#3617 = COLOUR_RGB ( '',0.0000000000000000000, 0.0000000000000000000, 0.0000000000000000000 ) ;
#3618 = UNCERTAINTY_MEASURE_WITH_UNIT (LENGTH_MEASURE( 1.000000000000000082E-05 ), #3744, 'distance_accuracy_value', 'NONE');
#3619 = FILL_AREA_STYLE_COLOUR ( '', #4564 ) ;
#3620 = FILL_AREA_STYLE_COLOUR ( '', #2885 ) ;
#3621 = PLANE ( 'NONE',  #4676 ) ;
#3622 = LINE ( 'NONE', #1993, #1045 ) ;
#3623 = ORIENTED_EDGE ( 'NONE', *, *, #3164, .T. ) ;
#3624 = VECTOR ( 'NONE', #1203, 1000.000000000000000 ) ;
#3625 = ORIENTED_EDGE ( 'NONE', *, *, #2156, .F. ) ;
#3626 = EDGE_CURVE ( 'NONE', #4378, #668, #2737, .T. ) ;
#3627 = STYLED_ITEM ( 'NONE', ( #4286 ), #3386 ) ;
#3628 = LINE ( 'NONE', #994, #778 ) ;
#3629 = DIRECTION ( 'NONE',  ( 6.983251342707903681E-15, -0.0000000000000000000, 1.000000000000000000 ) ) ;
#3630 = DIRECTION ( 'NONE',  ( 1.000000000000000000, -5.033795800825557569E-16, -6.983251342707903681E-15 ) ) ;
#3631 = SURFACE_STYLE_USAGE ( .BOTH. , #1946 ) ;
#3632 = VERTEX_POINT ( 'NONE', #5243 ) ;
#3633 = EDGE_CURVE ( 'NONE', #283, #1235, #1111, .T. ) ;
#3634 = UNCERTAINTY_MEASURE_WITH_UNIT (LENGTH_MEASURE( 1.000000000000000082E-05 ), #3137, 'distance_accuracy_value', 'NONE');
#3635 = ORIENTED_EDGE ( 'NONE', *, *, #897, .F. ) ;
#3636 = VECTOR ( 'NONE', #4577, 1000.000000000000000 ) ;
#3637 = PRESENTATION_STYLE_ASSIGNMENT (( #569 ) ) ;
#3638 = PLANE ( 'NONE',  #1236 ) ;
#3639 = DIRECTION ( 'NONE',  ( 0.0000000000000000000, 0.0000000000000000000, -1.000000000000000000 ) ) ;
#3640 =( LENGTH_UNIT ( ) NAMED_UNIT ( * ) SI_UNIT ( .MILLI., .METRE. ) );
#3641 = VERTEX_POINT ( 'NONE', #3082 ) ;
#3642 = EDGE_CURVE ( 'NONE', #3175, #2684, #4844, .T. ) ;
#3643 = CIRCLE ( 'NONE', #1940, 0.1000000000000000472 ) ;
#3644 =( NAMED_UNIT ( * ) PLANE_ANGLE_UNIT ( ) SI_UNIT ( $, .RADIAN. ) );
#3645 = CARTESIAN_POINT ( 'NONE',  ( 0.0000000000000000000, 0.5569292977732096528, 0.2799999999999999711 ) ) ;
#3646 = CARTESIAN_POINT ( 'NONE',  ( 0.8230581300528493349, 0.2641109509742673445, 0.2799999999999999711 ) ) ;
#3647 = AXIS2_PLACEMENT_3D ( 'NONE', #5455, #1595, #5035 ) ;
#3648 = ORIENTED_EDGE ( 'NONE', *, *, #2302, .F. ) ;
#3649 = FACE_OUTER_BOUND ( 'NONE', #3723, .T. ) ;
#3650 =( LENGTH_UNIT ( ) NAMED_UNIT ( * ) SI_UNIT ( .MILLI., .METRE. ) );
#3651 = CARTESIAN_POINT ( 'NONE',  ( 1.100000000000002087, -1.000000000000000222, 0.2599999999999922928 ) ) ;
#3652 = DIRECTION ( 'NONE',  ( 1.000000000000000000, -3.523657060577891777E-15, 0.0000000000000000000 ) ) ;
#3653 = SURFACE_SIDE_STYLE ('',( #2780 ) ) ;
#3654 = ORIENTED_EDGE ( 'NONE', *, *, #4618, .T. ) ;
#3655 = PRESENTATION_LAYER_ASSIGNMENT (  '', '', ( #2038 ) ) ;
#3656 = ORIENTED_EDGE ( 'NONE', *, *, #3836, .T. ) ;
#3657 = CARTESIAN_POINT ( 'NONE',  ( -1.100000000000000533, -0.8999999999999996891, 7.680894765701995475E-15 ) ) ;
#3658 = CARTESIAN_POINT ( 'NONE',  ( 0.05584305983497199477, -0.5316465652036583833, 0.2810000000000000275 ) ) ;
#3659 = EDGE_CURVE ( 'NONE', #5369, #4160, #831, .T. ) ;
#3660 =( LENGTH_UNIT ( ) NAMED_UNIT ( * ) SI_UNIT ( .MILLI., .METRE. ) );
#3661 = LINE ( 'NONE', #4084, #1786 ) ;
#3662 = DIRECTION ( 'NONE',  ( 1.000000000000000000, -5.033795800825558555E-16, 0.0000000000000000000 ) ) ;
#3663 = ORIENTED_EDGE ( 'NONE', *, *, #2887, .T. ) ;
#3664 = ORIENTED_EDGE ( 'NONE', *, *, #1341, .T. ) ;
#3665 =( NAMED_UNIT ( * ) PLANE_ANGLE_UNIT ( ) SI_UNIT ( $, .RADIAN. ) );
#3666 = EDGE_CURVE ( 'NONE', #5326, #674, #4394, .T. ) ;
#3667 = SURFACE_STYLE_USAGE ( .BOTH. , #1951 ) ;
#3668 = ORIENTED_EDGE ( 'NONE', *, *, #1688, .F. ) ;
#3669 = DIRECTION ( 'NONE',  ( -1.000000000000000000, 0.0000000000000000000, 0.0000000000000000000 ) ) ;
#3670 = PRESENTATION_LAYER_ASSIGNMENT (  '', '', ( #3483 ) ) ;
#3671 = MECHANICAL_DESIGN_GEOMETRIC_PRESENTATION_REPRESENTATION (  '', ( #1504 ), #405 ) ;
#3672 = LINE ( 'NONE', #2298, #1413 ) ;
#3673 =( NAMED_UNIT ( * ) PLANE_ANGLE_UNIT ( ) SI_UNIT ( $, .RADIAN. ) );
#3674 = PRESENTATION_STYLE_ASSIGNMENT (( #1417 ) ) ;
#3675 = SURFACE_STYLE_USAGE ( .BOTH. , #5253 ) ;
#3676 = EDGE_CURVE ( 'NONE', #5397, #3980, #516, .T. ) ;
#3677 = UNCERTAINTY_MEASURE_WITH_UNIT (LENGTH_MEASURE( 1.000000000000000082E-05 ), #5525, 'distance_accuracy_value', 'NONE');
#3678 = ORIENTED_EDGE ( 'NONE', *, *, #2178, .F. ) ;
#3679 = STYLED_ITEM ( 'NONE', ( #3850 ), #1095 ) ;
#3680 = FILL_AREA_STYLE ('',( #3620 ) ) ;
#3681 = SURFACE_STYLE_USAGE ( .BOTH. , #2503 ) ;
#3682 = CARTESIAN_POINT ( 'NONE',  ( 0.5359203924145662379, 0.1776407652747671595, 0.2799999999999999711 ) ) ;
#3683 = DIRECTION ( 'NONE',  ( 1.000000000000000000, -9.856383386231857595E-17, -6.982631605183631963E-15 ) ) ;
#3684 = VERTEX_POINT ( 'NONE', #4085 ) ;
#3685 = VERTEX_POINT ( 'NONE', #1844 ) ;
#3686 = DIRECTION ( 'NONE',  ( 0.0000000000000000000, -0.0000000000000000000, -1.000000000000000000 ) ) ;
#3687 =( NAMED_UNIT ( * ) SI_UNIT ( $, .STERADIAN. ) SOLID_ANGLE_UNIT ( ) );
#3688 = LINE ( 'NONE', #2428, #1879 ) ;
#3689 = FACE_OUTER_BOUND ( 'NONE', #1872, .T. ) ;
#3690 = DIRECTION ( 'NONE',  ( -1.000000000000000000, 0.0000000000000000000, 0.0000000000000000000 ) ) ;
#3691 = VERTEX_POINT ( 'NONE', #925 ) ;
#3692 = UNCERTAINTY_MEASURE_WITH_UNIT (LENGTH_MEASURE( 1.000000000000000082E-05 ), #4192, 'distance_accuracy_value', 'NONE');
#3693 = EDGE_CURVE ( 'NONE', #443, #2367, #2203, .T. ) ;
#3694 = COLOUR_RGB ( '',1.000000000000000000, 1.000000000000000000, 1.000000000000000000 ) ;
#3695 = ORIENTED_EDGE ( 'NONE', *, *, #5116, .T. ) ;
#3696 = CARTESIAN_POINT ( 'NONE',  ( -0.6766918921026191525, -0.5541450885699468198, 0.2599999999999999534 ) ) ;
#3697 = LINE ( 'NONE', #336, #2253 ) ;
#3698 = DIRECTION ( 'NONE',  ( -0.0000000000000000000, -0.0000000000000000000, -1.000000000000000000 ) ) ;
#3699 =( NAMED_UNIT ( * ) PLANE_ANGLE_UNIT ( ) SI_UNIT ( $, .RADIAN. ) );
#3700 = ORIENTED_EDGE ( 'NONE', *, *, #3633, .T. ) ;
#3701 = ADVANCED_FACE ( 'NONE', ( #84 ), #3983, .F. ) ;
#3702 = VECTOR ( 'NONE', #72, 1000.000000000000000 ) ;
#3703 = LINE ( 'NONE', #1663, #2289 ) ;
#3704 = LINE ( 'NONE', #3730, #2555 ) ;
#3705 = PRESENTATION_LAYER_ASSIGNMENT (  '', '', ( #524 ) ) ;
#3706 = FACE_OUTER_BOUND ( 'NONE', #75, .T. ) ;
#3707 = CARTESIAN_POINT ( 'NONE',  ( 0.4000000000000002442, -1.858632295689436842E-16, 0.01999999999999721098 ) ) ;
#3708 = STYLED_ITEM ( 'NONE', ( #2018 ), #2802 ) ;
#3709 = CARTESIAN_POINT ( 'NONE',  ( 0.0000000000000000000, 0.0000000000000000000, 0.2799999999999999711 ) ) ;
#3710 = DIRECTION ( 'NONE',  ( -0.0000000000000000000, -0.0000000000000000000, -1.000000000000000000 ) ) ;
#3711 = VERTEX_POINT ( 'NONE', #1514 ) ;
#3712 = ORIENTED_EDGE ( 'NONE', *, *, #5210, .T. ) ;
#3713 = CARTESIAN_POINT ( 'NONE',  ( 0.5359203924145662379, -0.05709504976923727992, 0.2799999999999999711 ) ) ;
#3714 =( NAMED_UNIT ( * ) SI_UNIT ( $, .STERADIAN. ) SOLID_ANGLE_UNIT ( ) );
#3715 = VECTOR ( 'NONE', #5205, 1000.000000000000000 ) ;
#3716 =( NAMED_UNIT ( * ) PLANE_ANGLE_UNIT ( ) SI_UNIT ( $, .RADIAN. ) );
#3717 = FILL_AREA_STYLE ('',( #4953 ) ) ;
#3718 = DIRECTION ( 'NONE',  ( 0.0000000000000000000, -1.000000000000000000, 0.0000000000000000000 ) ) ;
#3719 = EDGE_CURVE ( 'NONE', #4225, #2537, #3244, .T. ) ;
#3720 =( NAMED_UNIT ( * ) PLANE_ANGLE_UNIT ( ) SI_UNIT ( $, .RADIAN. ) );
#3721 = ORIENTED_EDGE ( 'NONE', *, *, #2178, .T. ) ;
#3722 = AXIS2_PLACEMENT_3D ( 'NONE', #4200, #2804, #2770 ) ;
#3723 = EDGE_LOOP ( 'NONE', ( #2429, #4037, #912, #656 ) ) ;
#3724 = CARTESIAN_POINT ( 'NONE',  ( -0.7250754616367172112, -0.5368602718148540731, 0.2799999999999999711 ) ) ;
#3725 =( LENGTH_UNIT ( ) NAMED_UNIT ( * ) SI_UNIT ( .MILLI., .METRE. ) );
#3726 = ORIENTED_EDGE ( 'NONE', *, *, #3759, .F. ) ;
#3727 = DIRECTION ( 'NONE',  ( -1.000000000000000000, 0.0000000000000000000, 6.983251342707906047E-15 ) ) ;
#3728 = FILL_AREA_STYLE_COLOUR ( '', #4392 ) ;
#3729 = EDGE_CURVE ( 'NONE', #4324, #2124, #4113, .T. ) ;
#3730 = CARTESIAN_POINT ( 'NONE',  ( -0.3999999999999999112, 0.0000000000000000000, 0.02000000000000279332 ) ) ;
#3731 = CIRCLE ( 'NONE', #1013, 0.3614255068147824712 ) ;
#3732 = DIRECTION ( 'NONE',  ( 6.983251342707903681E-15, -0.0000000000000000000, 1.000000000000000000 ) ) ;
#3733 = UNCERTAINTY_MEASURE_WITH_UNIT (LENGTH_MEASURE( 1.000000000000000082E-05 ), #4402, 'distance_accuracy_value', 'NONE');
#3734 = FILL_AREA_STYLE ('',( #3619 ) ) ;
#3735 =( LENGTH_UNIT ( ) NAMED_UNIT ( * ) SI_UNIT ( .MILLI., .METRE. ) );
#3736 =( NAMED_UNIT ( * ) SI_UNIT ( $, .STERADIAN. ) SOLID_ANGLE_UNIT ( ) );
#3737 = PLANE ( 'NONE',  #5263 ) ;
#3738 = ORIENTED_EDGE ( 'NONE', *, *, #3112, .T. ) ;
#3739 = ORIENTED_EDGE ( 'NONE', *, *, #1823, .T. ) ;
#3740 = AXIS2_PLACEMENT_3D ( 'NONE', #4161, #4110, #212 ) ;
#3741 = PRODUCT_DEFINITION ( 'UNKNOWN', '', #4839, #3798 ) ;
#3742 = SURFACE_SIDE_STYLE ('',( #4164 ) ) ;
#3743 = MECHANICAL_DESIGN_GEOMETRIC_PRESENTATION_REPRESENTATION (  '', ( #1026 ), #941 ) ;
#3744 =( LENGTH_UNIT ( ) NAMED_UNIT ( * ) SI_UNIT ( .MILLI., .METRE. ) );
#3745 = SURFACE_STYLE_FILL_AREA ( #3717 ) ;
#3746 =( NAMED_UNIT ( * ) PLANE_ANGLE_UNIT ( ) SI_UNIT ( $, .RADIAN. ) );
#3747 = ORIENTED_EDGE ( 'NONE', *, *, #826, .T. ) ;
#3748 = UNCERTAINTY_MEASURE_WITH_UNIT (LENGTH_MEASURE( 1.000000000000000082E-05 ), #894, 'distance_accuracy_value', 'NONE');
#3749 = ADVANCED_FACE ( 'NONE', ( #3689 ), #3497, .T. ) ;
#3750 = ORIENTED_EDGE ( 'NONE', *, *, #2156, .T. ) ;
#3751 = SURFACE_SIDE_STYLE ('',( #1088 ) ) ;
#3752 = DIRECTION ( 'NONE',  ( 0.0000000000000000000, 1.000000000000000000, 0.0000000000000000000 ) ) ;
#3753 = PRESENTATION_STYLE_ASSIGNMENT (( #1980 ) ) ;
#3754 = ORIENTED_EDGE ( 'NONE', *, *, #4437, .T. ) ;
#3755 =( LENGTH_UNIT ( ) NAMED_UNIT ( * ) SI_UNIT ( .MILLI., .METRE. ) );
#3756 = FILL_AREA_STYLE_COLOUR ( '', #438 ) ;
#3757 = CARTESIAN_POINT ( 'NONE',  ( -0.6634567500555484942, -0.2265013340820382082, 0.2799999999999999711 ) ) ;
#3758 = AXIS2_PLACEMENT_3D ( 'NONE', #2169, #2575, #5578 ) ;
#3759 = EDGE_CURVE ( 'NONE', #5145, #3567, #3795, .T. ) ;
#3760 = DIRECTION ( 'NONE',  ( -1.000000000000000000, 0.0000000000000000000, 0.0000000000000000000 ) ) ;
#3761 = MECHANICAL_DESIGN_GEOMETRIC_PRESENTATION_REPRESENTATION (  '', ( #957 ), #3487 ) ;
#3762 = VECTOR ( 'NONE', #364, 1000.000000000000000 ) ;
#3763 = DIRECTION ( 'NONE',  ( 1.000000000000000000, 0.0000000000000000000, -6.982962677686265922E-15 ) ) ;
#3764 = COLOUR_RGB ( '',0.8509803921568627194, 0.8509803921568627194, 0.8509803921568627194 ) ;
#3765 = DIRECTION ( 'NONE',  ( 3.469446951953614189E-15, -1.000000000000000000, 0.0000000000000000000 ) ) ;
#3766 = ORIENTED_EDGE ( 'NONE', *, *, #820, .T. ) ;
#3767 = ORIENTED_EDGE ( 'NONE', *, *, #5225, .T. ) ;
#3768 = EDGE_CURVE ( 'NONE', #2595, #2368, #1205, .T. ) ;
#3769 = DIRECTION ( 'NONE',  ( -1.934130707221178351E-16, 1.000000000000000000, 0.0000000000000000000 ) ) ;
#3770 = SURFACE_STYLE_FILL_AREA ( #4636 ) ;
#3771 = SURFACE_STYLE_USAGE ( .BOTH. , #824 ) ;
#3772 =( LENGTH_UNIT ( ) NAMED_UNIT ( * ) SI_UNIT ( .MILLI., .METRE. ) );
#3773 = STYLED_ITEM ( 'NONE', ( #4604 ), #1066 ) ;
#3774 =( NAMED_UNIT ( * ) SI_UNIT ( $, .STERADIAN. ) SOLID_ANGLE_UNIT ( ) );
#3775 = ORIENTED_EDGE ( 'NONE', *, *, #2847, .T. ) ;
#3776 = VERTEX_POINT ( 'NONE', #1623 ) ;
#3777 = PRESENTATION_STYLE_ASSIGNMENT (( #750 ) ) ;
#3778 = LINE ( 'NONE', #5437, #2700 ) ;
#3779 = CARTESIAN_POINT ( 'NONE',  ( -0.8579650736781121445, -0.2234521286737552181, 0.2799999999999999711 ) ) ;
#3780 = ORIENTED_EDGE ( 'NONE', *, *, #1983, .F. ) ;
#3781 = EDGE_CURVE ( 'NONE', #3016, #1671, #278, .T. ) ;
#3782 = MECHANICAL_DESIGN_GEOMETRIC_PRESENTATION_REPRESENTATION (  '', ( #5391 ), #512 ) ;
#3783 = CARTESIAN_POINT ( 'NONE',  ( -0.7482052191486779913, -0.5828783997317398269, 0.2799999999999999711 ) ) ;
#3784 = DIRECTION ( 'NONE',  ( -0.0000000000000000000, -0.0000000000000000000, -1.000000000000000000 ) ) ;
#3785 = PRESENTATION_STYLE_ASSIGNMENT (( #2500 ) ) ;
#3786 = DIRECTION ( 'NONE',  ( 1.000000000000000000, 3.872150616019658957E-17, 0.0000000000000000000 ) ) ;
#3787 = COLOUR_RGB ( '',0.8509803921568627194, 0.8509803921568627194, 0.8509803921568627194 ) ;
#3788 = MECHANICAL_DESIGN_GEOMETRIC_PRESENTATION_REPRESENTATION (  '', ( #3073 ), #252 ) ;
#3789 = CARTESIAN_POINT ( 'NONE',  ( 1.100000000000000089, -0.9000000000000003553, -7.680894765701995475E-15 ) ) ;
#3790 =( LENGTH_UNIT ( ) NAMED_UNIT ( * ) SI_UNIT ( .MILLI., .METRE. ) );
#3791 = EDGE_LOOP ( 'NONE', ( #5341, #4741, #3606, #4716 ) ) ;
#3792 =( NAMED_UNIT ( * ) SI_UNIT ( $, .STERADIAN. ) SOLID_ANGLE_UNIT ( ) );
#3793 = PRESENTATION_STYLE_ASSIGNMENT (( #5012 ) ) ;
#3794 = CARTESIAN_POINT ( 'NONE',  ( 0.4124155170610083188, 0.0000000000000000000, 0.2799999999999999711 ) ) ;
#3795 = LINE ( 'NONE', #5545, #5527 ) ;
#3796 = EDGE_CURVE ( 'NONE', #4497, #2843, #2565, .T. ) ;
#3797 = DIRECTION ( 'NONE',  ( -0.0000000000000000000, -0.0000000000000000000, -1.000000000000000000 ) ) ;
#3798 = PRODUCT_DEFINITION_CONTEXT ( 'detailed design', #634, 'design' ) ;
#3799 = MECHANICAL_DESIGN_GEOMETRIC_PRESENTATION_REPRESENTATION (  '', ( #4781 ), #3174 ) ;
#3800 = ORIENTED_EDGE ( 'NONE', *, *, #4195, .T. ) ;
#3801 = DIRECTION ( 'NONE',  ( -1.319749811710431518E-15, 1.000000000000000000, 0.0000000000000000000 ) ) ;
#3802 =( NAMED_UNIT ( * ) SI_UNIT ( $, .STERADIAN. ) SOLID_ANGLE_UNIT ( ) );
#3803 = CARTESIAN_POINT ( 'NONE',  ( -1.100000000000001643, -3.816391647148981130E-15, 0.2799999999999999711 ) ) ;
#3804 = EDGE_CURVE ( 'NONE', #1783, #2526, #4637, .T. ) ;
#3805 = DIRECTION ( 'NONE',  ( -0.0000000000000000000, -0.0000000000000000000, -1.000000000000000000 ) ) ;
#3806 = ORIENTED_EDGE ( 'NONE', *, *, #4177, .T. ) ;
#3807 = VECTOR ( 'NONE', #4412, 1000.000000000000000 ) ;
#3808 = AXIS2_PLACEMENT_3D ( 'NONE', #4955, #5014, #716 ) ;
#3809 = ORIENTED_EDGE ( 'NONE', *, *, #307, .F. ) ;
#3810 =( NAMED_UNIT ( * ) PLANE_ANGLE_UNIT ( ) SI_UNIT ( $, .RADIAN. ) );
#3811 = DIRECTION ( 'NONE',  ( -6.982962677686265922E-15, 0.0000000000000000000, -1.000000000000000000 ) ) ;
#3812 = CARTESIAN_POINT ( 'NONE',  ( 1.100000000000002309, -9.540979117872460713E-16, 0.2599999999999999534 ) ) ;
#3813 = AXIS2_PLACEMENT_3D ( 'NONE', #4149, #1064, #2801 ) ;
#3814 = EDGE_CURVE ( 'NONE', #3711, #4076, #5458, .T. ) ;
#3815 = LINE ( 'NONE', #237, #5387 ) ;
#3816 = VECTOR ( 'NONE', #4550, 1000.000000000000000 ) ;
#3817 = FILL_AREA_STYLE ('',( #2506 ) ) ;
#3818 = ORIENTED_EDGE ( 'NONE', *, *, #2913, .T. ) ;
#3819 = VERTEX_POINT ( 'NONE', #766 ) ;
#3820 = LINE ( 'NONE', #5539, #3026 ) ;
#3821 =( LENGTH_UNIT ( ) NAMED_UNIT ( * ) SI_UNIT ( .MILLI., .METRE. ) );
#3822 = FILL_AREA_STYLE ('',( #1288 ) ) ;
#3823 = CARTESIAN_POINT ( 'NONE',  ( 0.7672489025476871838, 0.6470277182179263731, 0.2799999999999999711 ) ) ;
#3824 = SURFACE_STYLE_FILL_AREA ( #329 ) ;
#3825 = MECHANICAL_DESIGN_GEOMETRIC_PRESENTATION_REPRESENTATION (  '', ( #5348 ), #754 ) ;
#3826 = VERTEX_POINT ( 'NONE', #2055 ) ;
#3827 = PRESENTATION_LAYER_ASSIGNMENT (  '', '', ( #3117 ) ) ;
#3828 = EDGE_CURVE ( 'NONE', #947, #2124, #1598, .T. ) ;
#3829 = VERTEX_POINT ( 'NONE', #5013 ) ;
#3830 = LINE ( 'NONE', #3859, #1046 ) ;
#3831 = CARTESIAN_POINT ( 'NONE',  ( 0.0000000000000000000, 0.0000000000000000000, 0.2599999999999999534 ) ) ;
#3832 = FILL_AREA_STYLE ('',( #1318 ) ) ;
#3833 = PRESENTATION_STYLE_ASSIGNMENT (( #2134 ) ) ;
#3834 = ORIENTED_EDGE ( 'NONE', *, *, #910, .T. ) ;
#3835 = COLOUR_RGB ( '',0.7921568627450980005, 0.8196078431372548767, 0.9333333333333333481 ) ;
#3836 = EDGE_CURVE ( 'NONE', #2456, #1411, #1142, .T. ) ;
#3837 = EDGE_LOOP ( 'NONE', ( #83, #1538, #1237, #4054 ) ) ;
#3838 = DIRECTION ( 'NONE',  ( -1.000000000000000000, 4.646580739223591981E-16, 6.982962677686268288E-15 ) ) ;
#3839 = DIRECTION ( 'NONE',  ( 0.0000000000000000000, -1.000000000000000000, 0.0000000000000000000 ) ) ;
#3840 =( NAMED_UNIT ( * ) SI_UNIT ( $, .STERADIAN. ) SOLID_ANGLE_UNIT ( ) );
#3841 = LINE ( 'NONE', #1697, #4748 ) ;
#3842 = DIRECTION ( 'NONE',  ( 0.0000000000000000000, -0.0000000000000000000, 1.000000000000000000 ) ) ;
#3843 = CARTESIAN_POINT ( 'NONE',  ( -1.099999999999998535, -0.8614255068147822492, 0.2799999999999999711 ) ) ;
#3844 = B_SPLINE_CURVE_WITH_KNOTS ( 'NONE', 3,
 ( #3585, #3167, #4880, #636 ),
 .UNSPECIFIED., .F., .F.,
 ( 4, 4 ),
 ( 0.1244051645373050602, 1.000000000000000000 ),
 .UNSPECIFIED. ) ;
#3845 = COLOUR_RGB ( '',0.8509803921568627194, 0.8509803921568627194, 0.8509803921568627194 ) ;
#3846 = ORIENTED_EDGE ( 'NONE', *, *, #2466, .T. ) ;
#3847 = ADVANCED_FACE ( 'NONE', ( #1175 ), #2958, .T. ) ;
#3848 = FACE_OUTER_BOUND ( 'NONE', #4557, .T. ) ;
#3849 = AXIS2_PLACEMENT_3D ( 'NONE', #4500, #948, #4062 ) ;
#3850 = PRESENTATION_STYLE_ASSIGNMENT (( #5090 ) ) ;
#3851 = DIRECTION ( 'NONE',  ( 0.0000000000000000000, -0.0000000000000000000, -1.000000000000000000 ) ) ;
#3852 = PRESENTATION_STYLE_ASSIGNMENT (( #3771 ) ) ;
#3853 = FILL_AREA_STYLE ('',( #2190 ) ) ;
#3854 = MECHANICAL_DESIGN_GEOMETRIC_PRESENTATION_REPRESENTATION (  '', ( #2328 ), #3142 ) ;
#3855 = ORIENTED_EDGE ( 'NONE', *, *, #292, .T. ) ;
#3856 = UNCERTAINTY_MEASURE_WITH_UNIT (LENGTH_MEASURE( 1.000000000000000082E-05 ), #5331, 'distance_accuracy_value', 'NONE');
#3857 = CLOSED_SHELL ( 'NONE', ( #3909, #3414, #2504, #3232, #3182, #3402 ) ) ;
#3858 = ORIENTED_EDGE ( 'NONE', *, *, #1823, .F. ) ;
#3859 = CARTESIAN_POINT ( 'NONE',  ( 0.5124155170610091847, 0.3080817958270101187, 0.2799999999999999711 ) ) ;
#3860 = CARTESIAN_POINT ( 'NONE',  ( -0.6623309004670925315, 0.8637862597461452019, 0.2599999999999998979 ) ) ;
#3861 = CARTESIAN_POINT ( 'NONE',  ( -0.1178234831815653944, -0.3593805362314128615, 0.2810000000000000275 ) ) ;
#3862 = CIRCLE ( 'NONE', #3575, 0.2500000000000000000 ) ;
#3863 = PLANE ( 'NONE',  #1834 ) ;
#3864 = ADVANCED_FACE ( 'NONE', ( #503 ), #882, .T. ) ;
#3865 = ORIENTED_EDGE ( 'NONE', *, *, #1447, .T. ) ;
#3866 = CARTESIAN_POINT ( 'NONE',  ( -1.099999999999998090, 0.4999999999999997780, 0.2799999999999999711 ) ) ;
#3867 = DIRECTION ( 'NONE',  ( -0.0000000000000000000, -0.0000000000000000000, -1.000000000000000000 ) ) ;
#3868 =( LENGTH_UNIT ( ) NAMED_UNIT ( * ) SI_UNIT ( .MILLI., .METRE. ) );
#3869 =( NAMED_UNIT ( * ) PLANE_ANGLE_UNIT ( ) SI_UNIT ( $, .RADIAN. ) );
#3870 = EDGE_CURVE ( 'NONE', #1480, #685, #4376, .T. ) ;
#3871 = SURFACE_STYLE_FILL_AREA ( #4283 ) ;
#3872 = CARTESIAN_POINT ( 'NONE',  ( -1.099999999999998090, -0.4999999999999997780, 0.2600000000000076694 ) ) ;
#3873 = MECHANICAL_DESIGN_GEOMETRIC_PRESENTATION_REPRESENTATION (  '', ( #4947 ), #2706 ) ;
#3874 = ORIENTED_EDGE ( 'NONE', *, *, #1938, .T. ) ;
#3875 = CARTESIAN_POINT ( 'NONE',  ( 0.7946937836714690340, -0.3065665198382721002, 0.2799999999999999711 ) ) ;
#3876 = ADVANCED_FACE ( 'NONE', ( #2590 ), #3941, .T. ) ;
#3877 =( LENGTH_UNIT ( ) NAMED_UNIT ( * ) SI_UNIT ( .MILLI., .METRE. ) );
#3878 = FILL_AREA_STYLE ('',( #383 ) ) ;
#3879 = CARTESIAN_POINT ( 'NONE',  ( 1.100000000000000311, 0.9000000000000000222, -7.680894765701995475E-15 ) ) ;
#3880 =( NAMED_UNIT ( * ) SI_UNIT ( $, .STERADIAN. ) SOLID_ANGLE_UNIT ( ) );
#3881 = ORIENTED_EDGE ( 'NONE', *, *, #1008, .F. ) ;
#3882 = ORIENTED_EDGE ( 'NONE', *, *, #462, .F. ) ;
#3883 = EDGE_CURVE ( 'NONE', #2585, #5369, #2220, .T. ) ;
#3884 = CARTESIAN_POINT ( 'NONE',  ( -1.100000000000000977, 0.1999999999999999833, 7.680894765701995475E-15 ) ) ;
#3885 = MECHANICAL_DESIGN_GEOMETRIC_PRESENTATION_REPRESENTATION (  '', ( #1819 ), #2269 ) ;
#3886 = CARTESIAN_POINT ( 'NONE',  ( -1.099999999999998090, -1.000000000000000000, 0.2600000000000076694 ) ) ;
#3887 = FILL_AREA_STYLE_COLOUR ( '', #1707 ) ;
#3888 = LINE ( 'NONE', #3803, #2679 ) ;
#3889 = VERTEX_POINT ( 'NONE', #2619 ) ;
#3890 = PRESENTATION_LAYER_ASSIGNMENT (  '', '', ( #1824 ) ) ;
#3891 = AXIS2_PLACEMENT_3D ( 'NONE', #4845, #4789, #2235 ) ;
#3892 = EDGE_LOOP ( 'NONE', ( #1183, #2765, #4079, #1507, #3069, #5454, #689, #5149 ) ) ;
#3893 = FACE_OUTER_BOUND ( 'NONE', #2726, .T. ) ;
#3894 = LINE ( 'NONE', #397, #4399 ) ;
#3895 = DIRECTION ( 'NONE',  ( 0.0000000000000000000, -0.0000000000000000000, -1.000000000000000000 ) ) ;
#3896 = MECHANICAL_DESIGN_GEOMETRIC_PRESENTATION_REPRESENTATION (  '', ( #731 ), #169 ) ;
#3897 = CARTESIAN_POINT ( 'NONE',  ( -1.099999999999998090, -0.4999999999999997780, 0.2799999999999999711 ) ) ;
#3898 = DIRECTION ( 'NONE',  ( -0.0000000000000000000, -0.0000000000000000000, -1.000000000000000000 ) ) ;
#3899 =( GEOMETRIC_REPRESENTATION_CONTEXT ( 3 ) GLOBAL_UNCERTAINTY_ASSIGNED_CONTEXT ( ( #5043 ) ) GLOBAL_UNIT_ASSIGNED_CONTEXT ( ( #1992, #2895, #3369 ) ) REPRESENTATION_CONTEXT ( 'NONE', 'WORKASPACE' ) );
#3900 = CARTESIAN_POINT ( 'NONE',  ( 1.100000000000002087, 0.4999999999999997780, 0.2599999999999999534 ) ) ;
#3901 = EDGE_CURVE ( 'NONE', #3632, #217, #3731, .T. ) ;
#3902 = DIRECTION ( 'NONE',  ( -0.0000000000000000000, 0.0000000000000000000, 1.000000000000000000 ) ) ;
#3903 = CARTESIAN_POINT ( 'NONE',  ( -0.4000000000000000777, 0.9000000000000000222, 2.791820594150173918E-15 ) ) ;
#3904 = PRESENTATION_LAYER_ASSIGNMENT (  '', '', ( #5524 ) ) ;
#3905 = EDGE_LOOP ( 'NONE', ( #1373, #3767, #1939, #3429, #3668, #1925, #1177, #2329, #1314, #3394, #481, #4988, #1386, #5007 ) ) ;
#3906 = CARTESIAN_POINT ( 'NONE',  ( 0.0000000000000000000, 0.6855750628389500889, 0.2599999999999999534 ) ) ;
#3907 = UNCERTAINTY_MEASURE_WITH_UNIT (LENGTH_MEASURE( 1.000000000000000082E-05 ), #1228, 'distance_accuracy_value', 'NONE');
#3908 = PRESENTATION_LAYER_ASSIGNMENT (  '', '', ( #4529 ) ) ;
#3909 = ADVANCED_FACE ( 'NONE', ( #3099 ), #3180, .F. ) ;
#3910 =( LENGTH_UNIT ( ) NAMED_UNIT ( * ) SI_UNIT ( .MILLI., .METRE. ) );
#3911 =( LENGTH_UNIT ( ) NAMED_UNIT ( * ) SI_UNIT ( .MILLI., .METRE. ) );
#3912 = SURFACE_SIDE_STYLE ('',( #3545 ) ) ;
#3913 = VERTEX_POINT ( 'NONE', #2336 ) ;
#3914 = ORIENTED_EDGE ( 'NONE', *, *, #2029, .T. ) ;
#3915 = DIRECTION ( 'NONE',  ( 0.0000000000000000000, -1.000000000000000000, 0.0000000000000000000 ) ) ;
#3916 = VECTOR ( 'NONE', #2448, 1000.000000000000000 ) ;
#3917 = CARTESIAN_POINT ( 'NONE',  ( 1.100000000000002087, -0.7500000000000002220, 0.2599999999999922928 ) ) ;
#3918 = SURFACE_SIDE_STYLE ('',( #450 ) ) ;
#3919 =( NAMED_UNIT ( * ) PLANE_ANGLE_UNIT ( ) SI_UNIT ( $, .RADIAN. ) );
#3920 = PRESENTATION_STYLE_ASSIGNMENT (( #2197 ) ) ;
#3921 = ORIENTED_EDGE ( 'NONE', *, *, #5068, .T. ) ;
#3922 = EDGE_CURVE ( 'NONE', #3094, #3158, #554, .T. ) ;
#3923 = ORIENTED_EDGE ( 'NONE', *, *, #5534, .T. ) ;
#3924 = UNCERTAINTY_MEASURE_WITH_UNIT (LENGTH_MEASURE( 1.000000000000000082E-05 ), #2559, 'distance_accuracy_value', 'NONE');
#3925 =( LENGTH_UNIT ( ) NAMED_UNIT ( * ) SI_UNIT ( .MILLI., .METRE. ) );
#3926 = LINE ( 'NONE', #633, #2215 ) ;
#3927 = MECHANICAL_DESIGN_GEOMETRIC_PRESENTATION_REPRESENTATION (  '', ( #21 ), #2404 ) ;
#3928 = SURFACE_STYLE_USAGE ( .BOTH. , #3555 ) ;
#3929 = EDGE_LOOP ( 'NONE', ( #474, #555, #2193, #1974 ) ) ;
#3930 = DIRECTION ( 'NONE',  ( 1.000000000000000000, -9.856383386231857595E-17, -6.983251342707903681E-15 ) ) ;
#3931 = CARTESIAN_POINT ( 'NONE',  ( -1.099999999999998979, -0.7499999999999997780, 0.2599999999999999534 ) ) ;
#3932 =( NAMED_UNIT ( * ) PLANE_ANGLE_UNIT ( ) SI_UNIT ( $, .RADIAN. ) );
#3933 = DIRECTION ( 'NONE',  ( -0.0000000000000000000, -0.0000000000000000000, -1.000000000000000000 ) ) ;
#3934 = DIRECTION ( 'NONE',  ( -0.0000000000000000000, 1.000000000000000000, -0.0000000000000000000 ) ) ;
#3935 = EDGE_LOOP ( 'NONE', ( #2927, #1267, #1091, #4836 ) ) ;
#3936 = SURFACE_STYLE_FILL_AREA ( #4885 ) ;
#3937 = EDGE_CURVE ( 'NONE', #4472, #334, #5367, .T. ) ;
#3938 = CARTESIAN_POINT ( 'NONE',  ( -0.7713451857263546874, 0.6561302432729905210, 0.2599999999999999534 ) ) ;
#3939 = LINE ( 'NONE', #1338, #5513 ) ;
#3940 = DIRECTION ( 'NONE',  ( 1.000000000000000000, 0.0000000000000000000, -0.0000000000000000000 ) ) ;
#3941 = CYLINDRICAL_SURFACE ( 'NONE', #4622, 0.3614255068147828043 ) ;
#3942 = ORIENTED_EDGE ( 'NONE', *, *, #606, .F. ) ;
#3943 = EDGE_CURVE ( 'NONE', #3208, #737, #4441, .T. ) ;
#3944 = STYLED_ITEM ( 'NONE', ( #56 ), #426 ) ;
#3945 = COLOUR_RGB ( '',1.000000000000000000, 1.000000000000000000, 1.000000000000000000 ) ;
#3946 = VERTEX_POINT ( 'NONE', #4075 ) ;
#3947 = DIRECTION ( 'NONE',  ( 1.000000000000000000, 0.0000000000000000000, 0.0000000000000000000 ) ) ;
#3948 = LINE ( 'NONE', #510, #911 ) ;
#3949 =( NAMED_UNIT ( * ) PLANE_ANGLE_UNIT ( ) SI_UNIT ( $, .RADIAN. ) );
#3950 = SURFACE_STYLE_FILL_AREA ( #3156 ) ;
#3951 = CARTESIAN_POINT ( 'NONE',  ( 0.6534767642029394308, -0.05709504976923727992, 0.2799999999999999711 ) ) ;
#3952 = PRESENTATION_LAYER_ASSIGNMENT (  '', '', ( #4837 ) ) ;
#3953 = ORIENTED_EDGE ( 'NONE', *, *, #4594, .F. ) ;
#3954 = VECTOR ( 'NONE', #942, 1000.000000000000000 ) ;
#3955 = DIRECTION ( 'NONE',  ( -0.0000000000000000000, 0.0000000000000000000, 1.000000000000000000 ) ) ;
#3956 = EDGE_CURVE ( 'NONE', #807, #2166, #2366, .T. ) ;
#3957 = DIRECTION ( 'NONE',  ( -1.000000000000000000, 0.0000000000000000000, 6.983251342707906047E-15 ) ) ;
#3958 = ORIENTED_EDGE ( 'NONE', *, *, #4686, .F. ) ;
#3959 = CARTESIAN_POINT ( 'NONE',  ( -0.5388595371840243509, 0.8637862597461452019, 0.2799999999999999711 ) ) ;
#3960 = DIRECTION ( 'NONE',  ( 0.0000000000000000000, -0.0000000000000000000, -1.000000000000000000 ) ) ;
#3961 = VECTOR ( 'NONE', #457, 1000.000000000000000 ) ;
#3962 = LINE ( 'NONE', #5518, #4871 ) ;
#3963 = ORIENTED_EDGE ( 'NONE', *, *, #4901, .T. ) ;
#3964 = FILL_AREA_STYLE_COLOUR ( '', #3467 ) ;
#3965 = DIRECTION ( 'NONE',  ( -0.0000000000000000000, 0.0000000000000000000, -1.000000000000000000 ) ) ;
#3966 = CARTESIAN_POINT ( 'NONE',  ( 1.100000000000001865, 1.908195823574490959E-15, -7.680894765701995475E-15 ) ) ;
#3967 = SURFACE_SIDE_STYLE ('',( #2247 ) ) ;
#3968 = DIRECTION ( 'NONE',  ( 1.000000000000000000, 0.0000000000000000000, -6.983251342707903681E-15 ) ) ;
#3969 = ORIENTED_EDGE ( 'NONE', *, *, #5204, .T. ) ;
#3970 = ORIENTED_EDGE ( 'NONE', *, *, #5443, .F. ) ;
#3971 = COLOUR_RGB ( '',1.000000000000000000, 1.000000000000000000, 1.000000000000000000 ) ;
#3972 = DIRECTION ( 'NONE',  ( -0.0000000000000000000, 0.0000000000000000000, 1.000000000000000000 ) ) ;
#3973 = DIRECTION ( 'NONE',  ( -0.0000000000000000000, 0.0000000000000000000, -1.000000000000000000 ) ) ;
#3974 = EDGE_CURVE ( 'NONE', #1671, #3525, #4945, .T. ) ;
#3975 = FILL_AREA_STYLE ('',( #1461 ) ) ;
#3976 = PRESENTATION_STYLE_ASSIGNMENT (( #52 ) ) ;
#3977 = CARTESIAN_POINT ( 'NONE',  ( 1.100000000000002087, -0.2500000000000002220, 0.2599999999999999534 ) ) ;
#3978 = ORIENTED_EDGE ( 'NONE', *, *, #1945, .T. ) ;
#3979 = AXIS2_PLACEMENT_3D ( 'NONE', #2668, #305, #4763 ) ;
#3980 = VERTEX_POINT ( 'NONE', #4051 ) ;
#3981 = DIRECTION ( 'NONE',  ( -0.0000000000000000000, 0.0000000000000000000, 1.000000000000000000 ) ) ;
#3982 = EDGE_CURVE ( 'NONE', #1019, #5094, #4989, .T. ) ;
#3983 = PLANE ( 'NONE',  #3282 ) ;
#3984 = LINE ( 'NONE', #1409, #229 ) ;
#3985 = CARTESIAN_POINT ( 'NONE',  ( 0.3648896556285308179, 0.0000000000000000000, -2.547875105340935420E-15 ) ) ;
#3986 =( LENGTH_UNIT ( ) NAMED_UNIT ( * ) SI_UNIT ( .MILLI., .METRE. ) );
#3987 = STYLED_ITEM ( 'NONE', ( #3753 ), #2355 ) ;
#3988 = SURFACE_STYLE_FILL_AREA ( #4367 ) ;
#3989 = SURFACE_STYLE_USAGE ( .BOTH. , #2769 ) ;
#3990 = DIRECTION ( 'NONE',  ( 0.0000000000000000000, 1.000000000000000000, 0.0000000000000000000 ) ) ;
#3991 = CARTESIAN_POINT ( 'NONE',  ( -1.099999999999998090, -0.4999999999999997780, 0.2599999999999999534 ) ) ;
#3992 = AXIS2_PLACEMENT_3D ( 'NONE', #4442, #4779, #3522 ) ;
#3993 = ADVANCED_FACE ( 'NONE', ( #527 ), #1427, .T. ) ;
#3994 = MECHANICAL_DESIGN_GEOMETRIC_PRESENTATION_REPRESENTATION (  '', ( #5524 ), #1291 ) ;
#3995 = PRESENTATION_STYLE_ASSIGNMENT (( #2333 ) ) ;
#3996 = SURFACE_STYLE_USAGE ( .BOTH. , #988 ) ;
#3997 =( NAMED_UNIT ( * ) PLANE_ANGLE_UNIT ( ) SI_UNIT ( $, .RADIAN. ) );
#3998 = DIRECTION ( 'NONE',  ( 1.000000000000000000, 0.0000000000000000000, 0.0000000000000000000 ) ) ;
#3999 = ORIENTED_EDGE ( 'NONE', *, *, #4396, .F. ) ;
#4000 = EDGE_LOOP ( 'NONE', ( #1763, #5519, #1915, #3434 ) ) ;
#4001 = VECTOR ( 'NONE', #4223, 1000.000000000000000 ) ;
#4002 = CARTESIAN_POINT ( 'NONE',  ( 1.100000000000002087, -0.2500000000000002220, 0.2799999999999999711 ) ) ;
#4003 = CARTESIAN_POINT ( 'NONE',  ( 1.100000000000002087, -0.5000000000000002220, 0.2599999999999922928 ) ) ;
#4004 = CARTESIAN_POINT ( 'NONE',  ( 0.0000000000000000000, 0.3080817958270101187, 0.2799999999999999711 ) ) ;
#4005 = VERTEX_POINT ( 'NONE', #4514 ) ;
#4006 = ADVANCED_FACE ( 'NONE', ( #2308 ), #3596, .T. ) ;
#4007 =( GEOMETRIC_REPRESENTATION_CONTEXT ( 3 ) GLOBAL_UNCERTAINTY_ASSIGNED_CONTEXT ( ( #2158 ) ) GLOBAL_UNIT_ASSIGNED_CONTEXT ( ( #145, #171, #1908 ) ) REPRESENTATION_CONTEXT ( 'NONE', 'WORKASPACE' ) );
#4008 = ORIENTED_EDGE ( 'NONE', *, *, #3836, .F. ) ;
#4009 = PLANE ( 'NONE',  #959 ) ;
#4010 = CARTESIAN_POINT ( 'NONE',  ( 0.7946937836714691450, -0.3065665198382720447, 0.2599999999999999534 ) ) ;
#4011 = ORIENTED_EDGE ( 'NONE', *, *, #4423, .F. ) ;
#4012 = VECTOR ( 'NONE', #13, 1000.000000000000000 ) ;
#4013 = CARTESIAN_POINT ( 'NONE',  ( -0.7249999999999999778, 1.000000000000000000, 0.8400000000000000799 ) ) ;
#4014 = EDGE_CURVE ( 'NONE', #2595, #1342, #299, .T. ) ;
#4015 = B_SPLINE_CURVE_WITH_KNOTS ( 'NONE', 2,
 ( #2493, #3024, #4721 ),
 .UNSPECIFIED., .F., .F.,
 ( 3, 3 ),
 ( 0.0000000000000000000, 1.000000000000000000 ),
 .UNSPECIFIED. ) ;
#4016 = CARTESIAN_POINT ( 'NONE',  ( -0.4343137556297431701, 0.4509946331943126552, 0.2810000000000000275 ) ) ;
#4017 = DIRECTION ( 'NONE',  ( 6.982962677686268288E-15, 0.0000000000000000000, 1.000000000000000000 ) ) ;
#4018 = SURFACE_STYLE_USAGE ( .BOTH. , #120 ) ;
#4019 = FACE_OUTER_BOUND ( 'NONE', #4718, .T. ) ;
#4020 = FILL_AREA_STYLE_COLOUR ( '', #3274 ) ;
#4021 = CARTESIAN_POINT ( 'NONE',  ( -8.379754891853961321E-17, 1.000000000000000000, 0.0000000000000000000 ) ) ;
#4022 = DIRECTION ( 'NONE',  ( -0.0000000000000000000, -0.0000000000000000000, -1.000000000000000000 ) ) ;
#4023 = ADVANCED_FACE ( 'NONE', ( #350 ), #736, .T. ) ;
#4024 = EDGE_LOOP ( 'NONE', ( #342, #2649, #1370, #914 ) ) ;
#4025 = ORIENTED_EDGE ( 'NONE', *, *, #3828, .T. ) ;
#4026 = LINE ( 'NONE', #4922, #2061 ) ;
#4027 = CARTESIAN_POINT ( 'NONE',  ( 1.100000000000002087, 0.4999999999999997780, 0.2799999999999999711 ) ) ;
#4028 = CARTESIAN_POINT ( 'NONE',  ( -0.4343137556297431701, 0.04041390370446151792, 0.2810000000000000275 ) ) ;
#4029 = LINE ( 'NONE', #3492, #1556 ) ;
#4030 = ORIENTED_EDGE ( 'NONE', *, *, #4863, .T. ) ;
#4031 = COLOUR_RGB ( '',0.8509803921568627194, 0.8509803921568627194, 0.8509803921568627194 ) ;
#4032 = ORIENTED_EDGE ( 'NONE', *, *, #3781, .T. ) ;
#4033 = LINE ( 'NONE', #4473, #1600 ) ;
#4034 = MECHANICAL_DESIGN_GEOMETRIC_PRESENTATION_REPRESENTATION (  '', ( #5106 ), #218 ) ;
#4035 = CARTESIAN_POINT ( 'NONE',  ( 0.2532275857927164253, -0.3593805362314128615, 0.2810000000000000275 ) ) ;
#4036 = DIRECTION ( 'NONE',  ( -0.0000000000000000000, -0.0000000000000000000, -1.000000000000000000 ) ) ;
#4037 = ORIENTED_EDGE ( 'NONE', *, *, #5417, .F. ) ;
#4038 = COLOUR_RGB ( '',0.8509803921568627194, 0.8509803921568627194, 0.8509803921568627194 ) ;
#4039 = VECTOR ( 'NONE', #5231, 1000.000000000000000 ) ;
#4040 = PRESENTATION_STYLE_ASSIGNMENT (( #1906 ) ) ;
#4041 = EDGE_CURVE ( 'NONE', #195, #1895, #4189, .T. ) ;
#4042 = VECTOR ( 'NONE', #155, 1000.000000000000000 ) ;
#4043 =( GEOMETRIC_REPRESENTATION_CONTEXT ( 3 ) GLOBAL_UNCERTAINTY_ASSIGNED_CONTEXT ( ( #103 ) ) GLOBAL_UNIT_ASSIGNED_CONTEXT ( ( #3986, #2714, #89 ) ) REPRESENTATION_CONTEXT ( 'NONE', 'WORKASPACE' ) );
#4044 = DIRECTION ( 'NONE',  ( -6.983251342707903681E-15, 0.0000000000000000000, -1.000000000000000000 ) ) ;
#4045 = ORIENTED_EDGE ( 'NONE', *, *, #5492, .T. ) ;
#4046 =( GEOMETRIC_REPRESENTATION_CONTEXT ( 3 ) GLOBAL_UNCERTAINTY_ASSIGNED_CONTEXT ( ( #2510 ) ) GLOBAL_UNIT_ASSIGNED_CONTEXT ( ( #121, #1793, #1449 ) ) REPRESENTATION_CONTEXT ( 'NONE', 'WORKASPACE' ) );
#4047 = CARTESIAN_POINT ( 'NONE',  ( -1.099999999999998979, -0.2499999999999997780, 0.2799999999999999711 ) ) ;
#4048 = CARTESIAN_POINT ( 'NONE',  ( -1.100000000000003642, -3.816391647148988229E-15, 7.680894765701995475E-15 ) ) ;
#4049 = FACE_OUTER_BOUND ( 'NONE', #2678, .T. ) ;
#4050 = DIRECTION ( 'NONE',  ( 0.0000000000000000000, -1.000000000000000000, 0.0000000000000000000 ) ) ;
#4051 = CARTESIAN_POINT ( 'NONE',  ( 0.7174695751538135990, 0.3080817958270101187, 0.2599999999999999534 ) ) ;
#4052 = VERTEX_POINT ( 'NONE', #1615 ) ;
#4053 = COLOUR_RGB ( '',0.8509803921568627194, 0.8509803921568627194, 0.8509803921568627194 ) ;
#4054 = ORIENTED_EDGE ( 'NONE', *, *, #2066, .T. ) ;
#4055 = CARTESIAN_POINT ( 'NONE',  ( -1.100000000000000755, 0.7500000000000000000, 0.02000000000000768177 ) ) ;
#4056 = CARTESIAN_POINT ( 'NONE',  ( -1.100000000000000311, 0.9000000000000000222, 0.02000000000000768177 ) ) ;
#4057 = LINE ( 'NONE', #3215, #5505 ) ;
#4058 = ORIENTED_EDGE ( 'NONE', *, *, #4722, .T. ) ;
#4059 = PRESENTATION_LAYER_ASSIGNMENT (  '', '', ( #3252 ) ) ;
#4060 = EDGE_CURVE ( 'NONE', #5551, #2421, #5056, .T. ) ;
#4061 = ORIENTED_EDGE ( 'NONE', *, *, #3517, .F. ) ;
#4062 = DIRECTION ( 'NONE',  ( 0.0000000000000000000, -0.0000000000000000000, -1.000000000000000000 ) ) ;
#4063 =( NAMED_UNIT ( * ) PLANE_ANGLE_UNIT ( ) SI_UNIT ( $, .RADIAN. ) );
#4064 = SURFACE_SIDE_STYLE ('',( #3581 ) ) ;
#4065 = ORIENTED_EDGE ( 'NONE', *, *, #1420, .F. ) ;
#4066 = FILL_AREA_STYLE_COLOUR ( '', #4525 ) ;
#4067 = FILL_AREA_STYLE_COLOUR ( '', #1658 ) ;
#4068 = DIRECTION ( 'NONE',  ( 0.0000000000000000000, -0.0000000000000000000, -1.000000000000000000 ) ) ;
#4069 = VECTOR ( 'NONE', #1249, 1000.000000000000000 ) ;
#4070 = EDGE_CURVE ( 'NONE', #2405, #4887, #2925, .T. ) ;
#4071 = ORIENTED_EDGE ( 'NONE', *, *, #4455, .F. ) ;
#4072 = SURFACE_STYLE_USAGE ( .BOTH. , #669 ) ;
#4073 =( NAMED_UNIT ( * ) PLANE_ANGLE_UNIT ( ) SI_UNIT ( $, .RADIAN. ) );
#4074 =( LENGTH_UNIT ( ) NAMED_UNIT ( * ) SI_UNIT ( .MILLI., .METRE. ) );
#4075 = CARTESIAN_POINT ( 'NONE',  ( -1.099999999999998979, -0.7499999999999997780, 0.2600000000000076694 ) ) ;
#4076 = VERTEX_POINT ( 'NONE', #4158 ) ;
#4077 = PRESENTATION_LAYER_ASSIGNMENT (  '', '', ( #2818 ) ) ;
#4078 =( GEOMETRIC_REPRESENTATION_CONTEXT ( 3 ) GLOBAL_UNCERTAINTY_ASSIGNED_CONTEXT ( ( #3677 ) ) GLOBAL_UNIT_ASSIGNED_CONTEXT ( ( #5525, #4643, #368 ) ) REPRESENTATION_CONTEXT ( 'NONE', 'WORKASPACE' ) );
#4079 = ORIENTED_EDGE ( 'NONE', *, *, #2869, .F. ) ;
#4080 = FILL_AREA_STYLE ('',( #620 ) ) ;
#4081 = ADVANCED_FACE ( 'NONE', ( #4235 ), #3737, .F. ) ;
#4082 = AXIS2_PLACEMENT_3D ( 'NONE', #3473, #5560, #3842 ) ;
#4083 = SURFACE_STYLE_FILL_AREA ( #1485 ) ;
#4084 = CARTESIAN_POINT ( 'NONE',  ( -0.3095939579225142069, -0.3593805362314128615, 0.2810000000000000275 ) ) ;
#4085 = CARTESIAN_POINT ( 'NONE',  ( -1.071157378566040208, 0.8626410704386738848, 0.2799999999999999711 ) ) ;
#4086 = CARTESIAN_POINT ( 'NONE',  ( -1.100000000000000977, 0.1999999999999999833, 7.680894765701995475E-15 ) ) ;
#4087 = ORIENTED_EDGE ( 'NONE', *, *, #2302, .T. ) ;
#4088 =( GEOMETRIC_REPRESENTATION_CONTEXT ( 3 ) GLOBAL_UNCERTAINTY_ASSIGNED_CONTEXT ( ( #4929 ) ) GLOBAL_UNIT_ASSIGNED_CONTEXT ( ( #2386, #3673, #1608 ) ) REPRESENTATION_CONTEXT ( 'NONE', 'WORKASPACE' ) );
#4089 = UNCERTAINTY_MEASURE_WITH_UNIT (LENGTH_MEASURE( 1.000000000000000082E-05 ), #5275, 'distance_accuracy_value', 'NONE');
#4090 = ORIENTED_EDGE ( 'NONE', *, *, #2928, .T. ) ;
#4091 = FILL_AREA_STYLE_COLOUR ( '', #4735 ) ;
#4092 = MECHANICAL_DESIGN_GEOMETRIC_PRESENTATION_REPRESENTATION (  '', ( #3105 ), #4619 ) ;
#4093 = CARTESIAN_POINT ( 'NONE',  ( -0.1178234831815653944, -0.3593805362314128615, 0.2810000000000000275 ) ) ;
#4094 =( NAMED_UNIT ( * ) SI_UNIT ( $, .STERADIAN. ) SOLID_ANGLE_UNIT ( ) );
#4095 = ORIENTED_EDGE ( 'NONE', *, *, #1341, .F. ) ;
#4096 = EDGE_CURVE ( 'NONE', #420, #1895, #3034, .T. ) ;
#4097 = AXIS2_PLACEMENT_3D ( 'NONE', #5338, #153, #4917 ) ;
#4098 = LINE ( 'NONE', #1122, #77 ) ;
#4099 = PRESENTATION_STYLE_ASSIGNMENT (( #1468 ) ) ;
#4100 = VECTOR ( 'NONE', #4426, 1000.000000000000000 ) ;
#4101 = FACE_OUTER_BOUND ( 'NONE', #2782, .T. ) ;
#4102 = FACE_OUTER_BOUND ( 'NONE', #4335, .T. ) ;
#4103 = CARTESIAN_POINT ( 'NONE',  ( 0.3648896556285308179, 1.000000000000000000, -2.547875105340935420E-15 ) ) ;
#4104 = VECTOR ( 'NONE', #2952, 1000.000000000000000 ) ;
#4105 = VERTEX_POINT ( 'NONE', #3419 ) ;
#4106 = SURFACE_SIDE_STYLE ('',( #5450 ) ) ;
#4107 = LINE ( 'NONE', #4513, #688 ) ;
#4108 = FILL_AREA_STYLE_COLOUR ( '', #3287 ) ;
#4109 = VERTEX_POINT ( 'NONE', #816 ) ;
#4110 = DIRECTION ( 'NONE',  ( -6.983251342707903681E-15, 0.0000000000000000000, -1.000000000000000000 ) ) ;
#4111 = DIRECTION ( 'NONE',  ( 1.000000000000000000, 0.0000000000000000000, 0.0000000000000000000 ) ) ;
#4112 = DIRECTION ( 'NONE',  ( -1.000000000000000000, 0.0000000000000000000, 0.0000000000000000000 ) ) ;
#4113 = LINE ( 'NONE', #216, #5342 ) ;
#4114 = EDGE_CURVE ( 'NONE', #4948, #4225, #3474, .T. ) ;
#4115 =( LENGTH_UNIT ( ) NAMED_UNIT ( * ) SI_UNIT ( .MILLI., .METRE. ) );
#4116 = EDGE_LOOP ( 'NONE', ( #4323, #2622, #1721, #3461 ) ) ;
#4117 = ORIENTED_EDGE ( 'NONE', *, *, #4195, .F. ) ;
#4118 = PRESENTATION_STYLE_ASSIGNMENT (( #3277 ) ) ;
#4119 = SURFACE_STYLE_USAGE ( .BOTH. , #2433 ) ;
#4120 = CARTESIAN_POINT ( 'NONE',  ( 0.4000000000000001332, 0.2000000000000000111, 0.01999999999999721098 ) ) ;
#4121 = ORIENTED_EDGE ( 'NONE', *, *, #3536, .F. ) ;
#4122 = PRESENTATION_LAYER_ASSIGNMENT (  '', '', ( #3222 ) ) ;
#4123 = CARTESIAN_POINT ( 'NONE',  ( -0.5035437629006764837, -0.05709504976923729380, 0.2799999999999999711 ) ) ;
#4124 = EDGE_CURVE ( 'NONE', #4408, #2010, #3021, .T. ) ;
#4125 = SURFACE_STYLE_FILL_AREA ( #663 ) ;
#4126 = FILL_AREA_STYLE_COLOUR ( '', #827 ) ;
#4127 = PRESENTATION_LAYER_ASSIGNMENT (  '', '', ( #957 ) ) ;
#4128 = CARTESIAN_POINT ( 'NONE',  ( -1.391298174992573496E-16, -0.9000000000000001332, 0.02000000000000000042 ) ) ;
#4129 = CARTESIAN_POINT ( 'NONE',  ( -0.6035437629006772386, 0.04290495023076341258, 0.2599999999999999534 ) ) ;
#4130 = COLOUR_RGB ( '',0.8509803921568627194, 0.8509803921568627194, 0.8509803921568627194 ) ;
#4131 = EDGE_CURVE ( 'NONE', #3141, #3381, #2746, .T. ) ;
#4132 = ORIENTED_EDGE ( 'NONE', *, *, #1135, .T. ) ;
#4133 =( NAMED_UNIT ( * ) PLANE_ANGLE_UNIT ( ) SI_UNIT ( $, .RADIAN. ) );
#4134 = ORIENTED_EDGE ( 'NONE', *, *, #5581, .F. ) ;
#4135 = ORIENTED_EDGE ( 'NONE', *, *, #3666, .T. ) ;
#4136 = CARTESIAN_POINT ( 'NONE',  ( -8.379754891853958856E-17, -1.000000000000000000, 0.0000000000000000000 ) ) ;
#4137 = COLOUR_RGB ( '',0.8509803921568627194, 0.8509803921568627194, 0.8509803921568627194 ) ;
#4138 =( NAMED_UNIT ( * ) PLANE_ANGLE_UNIT ( ) SI_UNIT ( $, .RADIAN. ) );
#4139 = DIRECTION ( 'NONE',  ( -1.000000000000000000, 0.0000000000000000000, 6.982962677686265922E-15 ) ) ;
#4140 = FILL_AREA_STYLE_COLOUR ( '', #4707 ) ;
#4141 = ORIENTED_EDGE ( 'NONE', *, *, #5340, .F. ) ;
#4142 = VECTOR ( 'NONE', #660, 1000.000000000000000 ) ;
#4143 = EDGE_CURVE ( 'NONE', #3158, #4554, #5562, .T. ) ;
#4144 = VERTEX_POINT ( 'NONE', #4795 ) ;
#4145 = COLOUR_RGB ( '',0.8509803921568627194, 0.8509803921568627194, 0.8509803921568627194 ) ;
#4146 = ORIENTED_EDGE ( 'NONE', *, *, #2325, .T. ) ;
#4147 = AXIS2_PLACEMENT_3D ( 'NONE', #3377, #3851, #1708 ) ;
#4148 = CARTESIAN_POINT ( 'NONE',  ( -0.5035437629006771498, 0.4569292977732096195, 0.2799999999999999711 ) ) ;
#4149 = CARTESIAN_POINT ( 'NONE',  ( -1.099999999999998090, 0.4999999999999997780, 0.2600000000000076694 ) ) ;
#4150 = CARTESIAN_POINT ( 'NONE',  ( 0.7507068832573945416, 0.6078267106094943362, 0.2799999999999999711 ) ) ;
#4151 = VECTOR ( 'NONE', #2535, 1000.000000000000000 ) ;
#4152 =( NAMED_UNIT ( * ) PLANE_ANGLE_UNIT ( ) SI_UNIT ( $, .RADIAN. ) );
#4153 = VECTOR ( 'NONE', #1762, 1000.000000000000000 ) ;
#4154 = STYLED_ITEM ( 'NONE', ( #3785 ), #2145 ) ;
#4155 = PLANE ( 'NONE',  #454 ) ;
#4156 = CARTESIAN_POINT ( 'NONE',  ( 0.3901487617419281406, 0.6855750628389500889, 0.2799999999999999711 ) ) ;
#4157 = DIRECTION ( 'NONE',  ( 1.000000000000000000, 0.0000000000000000000, 0.0000000000000000000 ) ) ;
#4158 = CARTESIAN_POINT ( 'NONE',  ( -1.099999999999998979, 0.2499999999999997780, 0.2600000000000076694 ) ) ;
#4159 = VERTEX_POINT ( 'NONE', #3903 ) ;
#4160 = VERTEX_POINT ( 'NONE', #435 ) ;
#4161 = CARTESIAN_POINT ( 'NONE',  ( 5.773300432731590829E-21, 0.0000000000000000000, 0.0000000000000000000 ) ) ;
#4162 = VECTOR ( 'NONE', #1376, 1000.000000000000000 ) ;
#4163 = VECTOR ( 'NONE', #2318, 1000.000000000000000 ) ;
#4164 = SURFACE_STYLE_FILL_AREA ( #2449 ) ;
#4165 = AXIS2_PLACEMENT_3D ( 'NONE', #679, #243, #1999 ) ;
#4166 = SURFACE_SIDE_STYLE ('',( #2450 ) ) ;
#4167 = SURFACE_STYLE_USAGE ( .BOTH. , #4576 ) ;
#4168 =( LENGTH_UNIT ( ) NAMED_UNIT ( * ) SI_UNIT ( .MILLI., .METRE. ) );
#4169 = DIRECTION ( 'NONE',  ( -6.982962677686268288E-15, 0.0000000000000000000, -1.000000000000000000 ) ) ;
#4170 = SURFACE_STYLE_USAGE ( .BOTH. , #2400 ) ;
#4171 = ORIENTED_EDGE ( 'NONE', *, *, #149, .F. ) ;
#4172 = COLOUR_RGB ( '',1.000000000000000000, 1.000000000000000000, 1.000000000000000000 ) ;
#4173 = FILL_AREA_STYLE_COLOUR ( '', #3694 ) ;
#4174 = SURFACE_SIDE_STYLE ('',( #5019 ) ) ;
#4175 = DIRECTION ( 'NONE',  ( 0.0000000000000000000, 1.000000000000000000, -0.0000000000000000000 ) ) ;
#4176 = ORIENTED_EDGE ( 'NONE', *, *, #2066, .F. ) ;
#4177 = EDGE_CURVE ( 'NONE', #3515, #2790, #3643, .T. ) ;
#4178 = AXIS2_PLACEMENT_3D ( 'NONE', #2093, #3811, #5103 ) ;
#4179 = SURFACE_SIDE_STYLE ('',( #5472 ) ) ;
#4180 = CARTESIAN_POINT ( 'NONE',  ( 0.7174695751538135990, -0.08025157153844877933, 0.2599999999999999534 ) ) ;
#4181 = CARTESIAN_POINT ( 'NONE',  ( 0.6360270068922002640, 0.1776407652747671595, 0.2599999999999999534 ) ) ;
#4182 = EDGE_CURVE ( 'NONE', #3246, #1800, #1283, .T. ) ;
#4183 = SURFACE_SIDE_STYLE ('',( #3288 ) ) ;
#4184 = UNCERTAINTY_MEASURE_WITH_UNIT (LENGTH_MEASURE( 1.000000000000000082E-05 ), #5372, 'distance_accuracy_value', 'NONE');
#4185 = VECTOR ( 'NONE', #1196, 1000.000000000000000 ) ;
#4186 = SURFACE_SIDE_STYLE ('',( #5365 ) ) ;
#4187 = CARTESIAN_POINT ( 'NONE',  ( -1.071157378566040208, 0.8626410704386738848, 0.2599999999999999534 ) ) ;
#4188 = CARTESIAN_POINT ( 'NONE',  ( -1.100000000000000533, -0.8999999999999996891, 7.680894765701995475E-15 ) ) ;
#4189 = LINE ( 'NONE', #2048, #94 ) ;
#4190 = ORIENTED_EDGE ( 'NONE', *, *, #958, .T. ) ;
#4191 = ORIENTED_EDGE ( 'NONE', *, *, #2029, .F. ) ;
#4192 =( LENGTH_UNIT ( ) NAMED_UNIT ( * ) SI_UNIT ( .MILLI., .METRE. ) );
#4193 = VECTOR ( 'NONE', #2051, 1000.000000000000000 ) ;
#4194 = UNCERTAINTY_MEASURE_WITH_UNIT (LENGTH_MEASURE( 1.000000000000000082E-05 ), #2020, 'distance_accuracy_value', 'NONE');
#4195 = EDGE_CURVE ( 'NONE', #3632, #3776, #5221, .T. ) ;
#4196 =( NAMED_UNIT ( * ) PLANE_ANGLE_UNIT ( ) SI_UNIT ( $, .RADIAN. ) );
#4197 = VECTOR ( 'NONE', #4483, 1000.000000000000000 ) ;
#4198 = PRESENTATION_STYLE_ASSIGNMENT (( #4167 ) ) ;
#4199 = CARTESIAN_POINT ( 'NONE',  ( 0.2532275857927164253, -0.3593805362314128615, 0.2810000000000000275 ) ) ;
#4200 = CARTESIAN_POINT ( 'NONE',  ( 5.773300432731590829E-21, 0.0000000000000000000, 0.0000000000000000000 ) ) ;
#4201 = ORIENTED_EDGE ( 'NONE', *, *, #1938, .F. ) ;
#4202 = UNCERTAINTY_MEASURE_WITH_UNIT (LENGTH_MEASURE( 1.000000000000000082E-05 ), #4960, 'distance_accuracy_value', 'NONE');
#4203 = LINE ( 'NONE', #4028, #2951 ) ;
#4204 = FILL_AREA_STYLE ('',( #2857 ) ) ;
#4205 = ORIENTED_EDGE ( 'NONE', *, *, #3982, .T. ) ;
#4206 = CARTESIAN_POINT ( 'NONE',  ( -1.099999999999998535, 0.8637862597461452019, 0.2799999999999999711 ) ) ;
#4207 = LINE ( 'NONE', #1124, #4615 ) ;
#4208 =( LENGTH_UNIT ( ) NAMED_UNIT ( * ) SI_UNIT ( .MILLI., .METRE. ) );
#4209 =( NAMED_UNIT ( * ) SI_UNIT ( $, .STERADIAN. ) SOLID_ANGLE_UNIT ( ) );
#4210 = AXIS2_PLACEMENT_3D ( 'NONE', #835, #1275, #2229 ) ;
#4211 = VECTOR ( 'NONE', #2196, 1000.000000000000000 ) ;
#4212 = CARTESIAN_POINT ( 'NONE',  ( -1.099999999999998090, 0.4999999999999997780, 0.2799999999999999711 ) ) ;
#4213 = EDGE_CURVE ( 'NONE', #3819, #4499, #4369, .T. ) ;
#4214 = VECTOR ( 'NONE', #2623, 1000.000000000000000 ) ;
#4215 = SURFACE_SIDE_STYLE ('',( #760 ) ) ;
#4216 = COLOUR_RGB ( '',0.8509803921568627194, 0.8509803921568627194, 0.8509803921568627194 ) ;
#4217 = CARTESIAN_POINT ( 'NONE',  ( -0.1178234831815653944, -0.5316465652036583833, 0.2599999999999999534 ) ) ;
#4218 = EDGE_LOOP ( 'NONE', ( #4267, #1960, #2758, #4870 ) ) ;
#4219 = LINE ( 'NONE', #4684, #2751 ) ;
#4220 = EDGE_CURVE ( 'NONE', #2338, #2806, #1332, .T. ) ;
#4221 = CARTESIAN_POINT ( 'NONE',  ( 1.100000000000002087, 0.9999999999999997780, 0.2599999999999922928 ) ) ;
#4222 = LINE ( 'NONE', #3426, #3398 ) ;
#4223 = DIRECTION ( 'NONE',  ( 0.0000000000000000000, 1.000000000000000000, 0.0000000000000000000 ) ) ;
#4224 =( LENGTH_UNIT ( ) NAMED_UNIT ( * ) SI_UNIT ( .MILLI., .METRE. ) );
#4225 = VERTEX_POINT ( 'NONE', #463 ) ;
#4226 = VERTEX_POINT ( 'NONE', #2584 ) ;
#4227 = PRESENTATION_STYLE_ASSIGNMENT (( #806 ) ) ;
#4228 = ORIENTED_EDGE ( 'NONE', *, *, #3804, .T. ) ;
#4229 = COLOUR_RGB ( '',0.8509803921568627194, 0.8509803921568627194, 0.8509803921568627194 ) ;
#4230 = EDGE_CURVE ( 'NONE', #3567, #3048, #1360, .T. ) ;
#4231 = EDGE_LOOP ( 'NONE', ( #4090, #5392, #4969, #4030 ) ) ;
#4232 = FILL_AREA_STYLE ('',( #2605 ) ) ;
#4233 = LINE ( 'NONE', #3812, #2371 ) ;
#4234 = DIRECTION ( 'NONE',  ( -4.646580739223590995E-16, -1.000000000000000000, 3.244824118618382289E-30 ) ) ;
#4235 = FACE_OUTER_BOUND ( 'NONE', #1995, .T. ) ;
#4236 = ORIENTED_EDGE ( 'NONE', *, *, #5010, .T. ) ;
#4237 = VERTEX_POINT ( 'NONE', #492 ) ;
#4238 = ADVANCED_FACE ( 'NONE', ( #4682 ), #5112, .T. ) ;
#4239 = CIRCLE ( 'NONE', #1545, 0.1000000000000000472 ) ;
#4240 = VECTOR ( 'NONE', #4972, 1000.000000000000000 ) ;
#4241 = UNCERTAINTY_MEASURE_WITH_UNIT (LENGTH_MEASURE( 1.000000000000000082E-05 ), #888, 'distance_accuracy_value', 'NONE');
#4242 = SURFACE_SIDE_STYLE ('',( #5592 ) ) ;
#4243 = FACE_OUTER_BOUND ( 'NONE', #1264, .T. ) ;
#4244 = DIRECTION ( 'NONE',  ( -0.0000000000000000000, -0.0000000000000000000, -1.000000000000000000 ) ) ;
#4245 = AXIS2_PLACEMENT_3D ( 'NONE', #2207, #5159, #2118 ) ;
#4246 = VECTOR ( 'NONE', #3031, 1000.000000000000000 ) ;
#4247 = ORIENTED_EDGE ( 'NONE', *, *, #1114, .T. ) ;
#4248 = EDGE_CURVE ( 'NONE', #4571, #5022, #1470, .T. ) ;
#4249 = UNCERTAINTY_MEASURE_WITH_UNIT (LENGTH_MEASURE( 1.000000000000000082E-05 ), #605, 'distance_accuracy_value', 'NONE');
#4250 = ORIENTED_EDGE ( 'NONE', *, *, #2402, .F. ) ;
#4251 = MECHANICAL_DESIGN_GEOMETRIC_PRESENTATION_REPRESENTATION (  '', ( #3987 ), #4693 ) ;
#4252 = CARTESIAN_POINT ( 'NONE',  ( 0.8499999999999999778, 0.4999999999999997780, -5.935081930025019357E-15 ) ) ;
#4253 = PLANE ( 'NONE',  #2593 ) ;
#4254 = ORIENTED_EDGE ( 'NONE', *, *, #2520, .T. ) ;
#4255 = PRESENTATION_LAYER_ASSIGNMENT (  '', '', ( #4610 ) ) ;
#4256 = ORIENTED_EDGE ( 'NONE', *, *, #5258, .T. ) ;
#4257 = CARTESIAN_POINT ( 'NONE',  ( -1.099999999999998535, -0.8614255068147822492, 0.2799999999999999711 ) ) ;
#4258 = ADVANCED_FACE ( 'NONE', ( #2357 ), #2718, .F. ) ;
#4259 = FILL_AREA_STYLE ('',( #1753 ) ) ;
#4260 = DIRECTION ( 'NONE',  ( -0.0000000000000000000, -0.0000000000000000000, -1.000000000000000000 ) ) ;
#4261 = FILL_AREA_STYLE ('',( #64 ) ) ;
#4262 = COLOUR_RGB ( '',0.0000000000000000000, 0.0000000000000000000, 0.0000000000000000000 ) ;
#4263 = CARTESIAN_POINT ( 'NONE',  ( 1.100000000000002087, 0.4999999999999997780, 0.2799999999999999711 ) ) ;
#4264 = VECTOR ( 'NONE', #1017, 1000.000000000000000 ) ;
#4265 = CARTESIAN_POINT ( 'NONE',  ( 0.0000000000000000000, 0.0000000000000000000, 0.2599999999999999534 ) ) ;
#4266 = CARTESIAN_POINT ( 'NONE',  ( -0.5740798441076681025, -0.7671295513012332812, 0.2799999999999999711 ) ) ;
#4267 = ORIENTED_EDGE ( 'NONE', *, *, #5041, .F. ) ;
#4268 =( NAMED_UNIT ( * ) SI_UNIT ( $, .STERADIAN. ) SOLID_ANGLE_UNIT ( ) );
#4269 = ADVANCED_FACE ( 'NONE', ( #3171 ), #4920, .F. ) ;
#4270 = DIRECTION ( 'NONE',  ( 0.0000000000000000000, 0.0000000000000000000, 1.000000000000000000 ) ) ;
#4271 =( LENGTH_UNIT ( ) NAMED_UNIT ( * ) SI_UNIT ( .MILLI., .METRE. ) );
#4272 = ORIENTED_EDGE ( 'NONE', *, *, #4546, .T. ) ;
#4273 = ORIENTED_EDGE ( 'NONE', *, *, #3937, .F. ) ;
#4274 = CARTESIAN_POINT ( 'NONE',  ( -0.1178234831815653944, -0.3593805362314128615, 0.2810000000000000275 ) ) ;
#4275 = DIRECTION ( 'NONE',  ( 6.982962677686268288E-15, -0.0000000000000000000, 1.000000000000000000 ) ) ;
#4276 = EDGE_CURVE ( 'NONE', #4887, #5538, #1854, .T. ) ;
#4277 =( LENGTH_UNIT ( ) NAMED_UNIT ( * ) SI_UNIT ( .MILLI., .METRE. ) );
#4278 = CARTESIAN_POINT ( 'NONE',  ( 0.05584305983497199477, -0.5316465652036583833, 0.2599999999999999534 ) ) ;
#4279 = ORIENTED_EDGE ( 'NONE', *, *, #4725, .F. ) ;
#4280 = DIRECTION ( 'NONE',  ( -1.000000000000000000, 0.0000000000000000000, 0.0000000000000000000 ) ) ;
#4281 = DIRECTION ( 'NONE',  ( -0.0000000000000000000, 1.000000000000000000, -0.0000000000000000000 ) ) ;
#4282 = LINE ( 'NONE', #1755, #1184 ) ;
#4283 = FILL_AREA_STYLE ('',( #3471 ) ) ;
#4284 = EDGE_CURVE ( 'NONE', #1441, #5277, #711, .T. ) ;
#4285 = CARTESIAN_POINT ( 'NONE',  ( -0.8579650736781121445, -0.2234521286737552181, 0.2599999999999999534 ) ) ;
#4286 = PRESENTATION_STYLE_ASSIGNMENT (( #814 ) ) ;
#4287 = FILL_AREA_STYLE_COLOUR ( '', #190 ) ;
#4288 = CIRCLE ( 'NONE', #3589, 0.2500000000000000000 ) ;
#4289 = ORIENTED_EDGE ( 'NONE', *, *, #739, .T. ) ;
#4290 = CARTESIAN_POINT ( 'NONE',  ( -0.0000000000000000000, -0.05709504976923729380, 0.2599999999999999534 ) ) ;
#4291 = EDGE_CURVE ( 'NONE', #5113, #807, #2815, .T. ) ;
#4292 = UNCERTAINTY_MEASURE_WITH_UNIT (LENGTH_MEASURE( 1.000000000000000082E-05 ), #2908, 'distance_accuracy_value', 'NONE');
#4293 = PRESENTATION_LAYER_ASSIGNMENT (  '', '', ( #2321 ) ) ;
#4294 = VECTOR ( 'NONE', #1051, 1000.000000000000000 ) ;
#4295 = DIRECTION ( 'NONE',  ( -6.982962677686265922E-15, 0.0000000000000000000, -1.000000000000000000 ) ) ;
#4296 = FACE_OUTER_BOUND ( 'NONE', #308, .T. ) ;
#4297 = AXIS2_PLACEMENT_3D ( 'NONE', #3897, #2630, #895 ) ;
#4298 = VERTEX_POINT ( 'NONE', #2784 ) ;
#4299 = COLOUR_RGB ( '',0.8509803921568627194, 0.8509803921568627194, 0.8509803921568627194 ) ;
#4300 = UNCERTAINTY_MEASURE_WITH_UNIT (LENGTH_MEASURE( 1.000000000000000082E-05 ), #2024, 'distance_accuracy_value', 'NONE');
#4301 = EDGE_LOOP ( 'NONE', ( #4918, #853, #3953, #3574 ) ) ;
#4302 = DIRECTION ( 'NONE',  ( -0.0000000000000000000, -0.0000000000000000000, -1.000000000000000000 ) ) ;
#4303 = CARTESIAN_POINT ( 'NONE',  ( -0.8737021536631368601, 0.8225389107019435153, 0.2599999999999998979 ) ) ;
#4304 = CARTESIAN_POINT ( 'NONE',  ( -0.4000000000000000777, -0.1999999999999998723, 0.02000000000000279332 ) ) ;
#4305 = CARTESIAN_POINT ( 'NONE',  ( 0.7385744931852191719, -0.5000000000000002220, 0.2799999999999999711 ) ) ;
#4306 =( GEOMETRIC_REPRESENTATION_CONTEXT ( 3 ) GLOBAL_UNCERTAINTY_ASSIGNED_CONTEXT ( ( #1259 ) ) GLOBAL_UNIT_ASSIGNED_CONTEXT ( ( #199, #5389, #4398 ) ) REPRESENTATION_CONTEXT ( 'NONE', 'WORKASPACE' ) );
#4307 = EDGE_CURVE ( 'NONE', #311, #2843, #5427, .T. ) ;
#4308 = MECHANICAL_DESIGN_GEOMETRIC_PRESENTATION_REPRESENTATION (  '', ( #3324 ), #2344 ) ;
#4309 = ORIENTED_EDGE ( 'NONE', *, *, #1247, .T. ) ;
#4310 = SURFACE_SIDE_STYLE ('',( #399 ) ) ;
#4311 = STYLED_ITEM ( 'NONE', ( #1129 ), #1159 ) ;
#4312 = CARTESIAN_POINT ( 'NONE',  ( 9.856960716275130253E-17, 1.000000000000000000, 0.0000000000000000000 ) ) ;
#4313 = AXIS2_PLACEMENT_3D ( 'NONE', #4093, #193, #1950 ) ;
#4314 = LINE ( 'NONE', #2177, #3362 ) ;
#4315 = CARTESIAN_POINT ( 'NONE',  ( -0.4343137556297431701, 0.4509946331943126552, 0.2599999999999999534 ) ) ;
#4316 = PRESENTATION_LAYER_ASSIGNMENT (  '', '', ( #4947 ) ) ;
#4317 = ORIENTED_EDGE ( 'NONE', *, *, #3490, .T. ) ;
#4318 = CARTESIAN_POINT ( 'NONE',  ( 0.3999999999999999667, -0.2000000000000001776, -2.791820594150173918E-15 ) ) ;
#4319 = CARTESIAN_POINT ( 'NONE',  ( 0.8230581300528493349, 0.2641109509742675665, 0.2599999999999999534 ) ) ;
#4320 = LINE ( 'NONE', #989, #38 ) ;
#4321 =( NAMED_UNIT ( * ) SI_UNIT ( $, .STERADIAN. ) SOLID_ANGLE_UNIT ( ) );
#4322 = EDGE_CURVE ( 'NONE', #330, #3641, #4545, .T. ) ;
#4323 = ORIENTED_EDGE ( 'NONE', *, *, #4911, .T. ) ;
#4324 = VERTEX_POINT ( 'NONE', #3713 ) ;
#4325 = CARTESIAN_POINT ( 'NONE',  ( 0.4124155170610083188, 0.04290495023076341258, 0.2799999999999999711 ) ) ;
#4326 = PRESENTATION_LAYER_ASSIGNMENT (  '', '', ( #3708 ) ) ;
#4327 =( NAMED_UNIT ( * ) PLANE_ANGLE_UNIT ( ) SI_UNIT ( $, .RADIAN. ) );
#4328 = PRESENTATION_LAYER_ASSIGNMENT (  '', '', ( #1546 ) ) ;
#4329 = DIRECTION ( 'NONE',  ( 1.000000000000000000, 0.0000000000000000000, 0.0000000000000000000 ) ) ;
#4330 = DIRECTION ( 'NONE',  ( 6.982962677686266711E-15, -0.0000000000000000000, 1.000000000000000000 ) ) ;
#4331 = ORIENTED_EDGE ( 'NONE', *, *, #5076, .F. ) ;
#4332 = EDGE_CURVE ( 'NONE', #5467, #63, #2480, .T. ) ;
#4333 =( GEOMETRIC_REPRESENTATION_CONTEXT ( 3 ) GLOBAL_UNCERTAINTY_ASSIGNED_CONTEXT ( ( #1 ) ) GLOBAL_UNIT_ASSIGNED_CONTEXT ( ( #5296, #5320, #1053 ) ) REPRESENTATION_CONTEXT ( 'NONE', 'WORKASPACE' ) );
#4334 = DIRECTION ( 'NONE',  ( -1.000000000000000000, 0.0000000000000000000, 0.0000000000000000000 ) ) ;
#4335 = EDGE_LOOP ( 'NONE', ( #1274, #2814, #1216, #37 ) ) ;
#4336 = COLOUR_RGB ( '',0.8509803921568627194, 0.8509803921568627194, 0.8509803921568627194 ) ;
#4337 = LINE ( 'NONE', #3533, #3327 ) ;
#4338 = ADVANCED_FACE ( 'NONE', ( #3267 ), #5009, .F. ) ;
#4339 = DIRECTION ( 'NONE',  ( 1.000000000000000000, 0.0000000000000000000, 0.0000000000000000000 ) ) ;
#4340 = VECTOR ( 'NONE', #3001, 1000.000000000000000 ) ;
#4341 = SURFACE_STYLE_USAGE ( .BOTH. , #2056 ) ;
#4342 = VERTEX_POINT ( 'NONE', #4491 ) ;
#4343 = DIRECTION ( 'NONE',  ( 1.000000000000000000, 3.872150616019658957E-17, -6.983251342707903681E-15 ) ) ;
#4344 = UNCERTAINTY_MEASURE_WITH_UNIT (LENGTH_MEASURE( 1.000000000000000082E-05 ), #5422, 'distance_accuracy_value', 'NONE');
#4345 = PRESENTATION_LAYER_ASSIGNMENT (  '', '', ( #1208 ) ) ;
#4346 = CARTESIAN_POINT ( 'NONE',  ( -0.6957328749551370262, 0.6914393411476200679, 0.2799999999999999711 ) ) ;
#4347 = FILL_AREA_STYLE ('',( #4769 ) ) ;
#4348 = PLANE ( 'NONE',  #621 ) ;
#4349 = LINE ( 'NONE', #553, #1242 ) ;
#4350 = CARTESIAN_POINT ( 'NONE',  ( 1.100000000000002087, -0.5000000000000002220, 0.2799999999999999711 ) ) ;
#4351 = EDGE_LOOP ( 'NONE', ( #1525, #4272, #544, #5349, #3874, #1243, #3329 ) ) ;
#4352 = PRESENTATION_LAYER_ASSIGNMENT (  '', '', ( #1391 ) ) ;
#4353 = ADVANCED_FACE ( 'NONE', ( #4602 ), #675, .T. ) ;
#4354 = ORIENTED_EDGE ( 'NONE', *, *, #3828, .F. ) ;
#4355 = CARTESIAN_POINT ( 'NONE',  ( 0.5359203924145662379, 0.1776407652747671595, 0.2599999999999999534 ) ) ;
#4356 = DIRECTION ( 'NONE',  ( -0.0000000000000000000, -0.0000000000000000000, -1.000000000000000000 ) ) ;
#4357 = FACE_OUTER_BOUND ( 'NONE', #980, .T. ) ;
#4358 = VERTEX_POINT ( 'NONE', #1968 ) ;
#4359 =( GEOMETRIC_REPRESENTATION_CONTEXT ( 3 ) GLOBAL_UNCERTAINTY_ASSIGNED_CONTEXT ( ( #3692 ) ) GLOBAL_UNIT_ASSIGNED_CONTEXT ( ( #4192, #1107, #1540 ) ) REPRESENTATION_CONTEXT ( 'NONE', 'WORKASPACE' ) );
#4360 = FILL_AREA_STYLE_COLOUR ( '', #2615 ) ;
#4361 = LINE ( 'NONE', #950, #5357 ) ;
#4362 = COLOUR_RGB ( '',1.000000000000000000, 1.000000000000000000, 1.000000000000000000 ) ;
#4363 = DIRECTION ( 'NONE',  ( -0.0000000000000000000, -0.0000000000000000000, -1.000000000000000000 ) ) ;
#4364 = FACE_OUTER_BOUND ( 'NONE', #896, .T. ) ;
#4365 = VERTEX_POINT ( 'NONE', #4978 ) ;
#4366 = DIRECTION ( 'NONE',  ( 1.000000000000000000, -3.097720492815727166E-16, -6.983251342707903681E-15 ) ) ;
#4367 = FILL_AREA_STYLE ('',( #4851 ) ) ;
#4368 = ADVANCED_BREP_SHAPE_REPRESENTATION ( '5B7BBF9C-4EE1-4FFA-B5E2-4D1B60840265', ( #4799, #4847, #3056, #2969, #1148, #4819, #1227, #4950, #4823, #1055, #696 ), #592 ) ;
#4369 = LINE ( 'NONE', #10, #3558 ) ;
#4370 = CYLINDRICAL_SURFACE ( 'NONE', #1309, 0.09999999999999993616 ) ;
#4371 = EDGE_CURVE ( 'NONE', #5277, #4611, #2422, .T. ) ;
#4372 = PRESENTATION_STYLE_ASSIGNMENT (( #3509 ) ) ;
#4373 = SURFACE_STYLE_FILL_AREA ( #2673 ) ;
#4374 = DIRECTION ( 'NONE',  ( 1.000000000000000000, 3.872150616019658957E-17, -6.983251342707903681E-15 ) ) ;
#4375 = VECTOR ( 'NONE', #1718, 1000.000000000000000 ) ;
#4376 = LINE ( 'NONE', #4691, #1653 ) ;
#4377 = ORIENTED_EDGE ( 'NONE', *, *, #2104, .F. ) ;
#4378 = VERTEX_POINT ( 'NONE', #274 ) ;
#4379 = ADVANCED_FACE ( 'NONE', ( #3848 ), #847, .T. ) ;
#4380 = AXIS2_PLACEMENT_3D ( 'NONE', #2971, #3838, #5209 ) ;
#4381 = CIRCLE ( 'NONE', #2232, 0.2500000000000000000 ) ;
#4382 = CARTESIAN_POINT ( 'NONE',  ( -1.099999999999999867, -1.000000000000000000, 0.02000000000000768177 ) ) ;
#4383 = VECTOR ( 'NONE', #4050, 1000.000000000000000 ) ;
#4384 =( NAMED_UNIT ( * ) SI_UNIT ( $, .STERADIAN. ) SOLID_ANGLE_UNIT ( ) );
#4385 = SURFACE_STYLE_FILL_AREA ( #944 ) ;
#4386 = DIRECTION ( 'NONE',  ( 0.0000000000000000000, -0.0000000000000000000, -1.000000000000000000 ) ) ;
#4387 = AXIS2_PLACEMENT_3D ( 'NONE', #3456, #2596, #803 ) ;
#4388 = CARTESIAN_POINT ( 'NONE',  ( 0.05584305983497199477, -0.5316465652036583833, 0.2810000000000000275 ) ) ;
#4389 = ORIENTED_EDGE ( 'NONE', *, *, #235, .T. ) ;
#4390 = PRESENTATION_LAYER_ASSIGNMENT (  '', '', ( #599 ) ) ;
#4391 = ORIENTED_EDGE ( 'NONE', *, *, #114, .T. ) ;
#4392 = COLOUR_RGB ( '',0.8509803921568627194, 0.8509803921568627194, 0.8509803921568627194 ) ;
#4393 = CARTESIAN_POINT ( 'NONE',  ( -1.099999999999998090, -0.4999999999999997780, 0.2799999999999999711 ) ) ;
#4394 = LINE ( 'NONE', #5374, #2021 ) ;
#4395 = ORIENTED_EDGE ( 'NONE', *, *, #5356, .F. ) ;
#4396 = EDGE_CURVE ( 'NONE', #752, #1840, #4219, .T. ) ;
#4397 = CARTESIAN_POINT ( 'NONE',  ( -1.071157378566040208, 0.8626410704386738848, 0.2799999999999999711 ) ) ;
#4398 =( NAMED_UNIT ( * ) SI_UNIT ( $, .STERADIAN. ) SOLID_ANGLE_UNIT ( ) );
#4399 = VECTOR ( 'NONE', #3466, 1000.000000000000000 ) ;
#4400 = SURFACE_SIDE_STYLE ('',( #67 ) ) ;
#4401 = B_SPLINE_SURFACE_WITH_KNOTS ( 'NONE', 2, 1, ( 
 ( #415, #2984 ),
 ( #2566, #4736 ),
 ( #4634, #4319 ) ),
 .UNSPECIFIED., .F., .F., .F.,
 ( 3, 3 ),
 ( 2, 2 ),
 ( 0.0000000000000000000, 1.000000000000000000 ),
 ( 0.0000000000000000000, 1.000000000000000000 ),
 .UNSPECIFIED. ) ;
#4402 =( LENGTH_UNIT ( ) NAMED_UNIT ( * ) SI_UNIT ( .MILLI., .METRE. ) );
#4403 = DIRECTION ( 'NONE',  ( 0.0000000000000000000, -0.0000000000000000000, -1.000000000000000000 ) ) ;
#4404 = CARTESIAN_POINT ( 'NONE',  ( 0.0000000000000000000, 0.0000000000000000000, 0.2810000000000000275 ) ) ;
#4405 = SURFACE_STYLE_USAGE ( .BOTH. , #3543 ) ;
#4406 = PLANE ( 'NONE',  #1509 ) ;
#4407 =( NAMED_UNIT ( * ) PLANE_ANGLE_UNIT ( ) SI_UNIT ( $, .RADIAN. ) );
#4408 = VERTEX_POINT ( 'NONE', #5114 ) ;
#4409 = EDGE_CURVE ( 'NONE', #4105, #2338, #325, .T. ) ;
#4410 = ORIENTED_EDGE ( 'NONE', *, *, #3901, .F. ) ;
#4411 = DIRECTION ( 'NONE',  ( 0.0000000000000000000, -0.0000000000000000000, -1.000000000000000000 ) ) ;
#4412 = DIRECTION ( 'NONE',  ( -0.0000000000000000000, -0.0000000000000000000, -1.000000000000000000 ) ) ;
#4413 = CARTESIAN_POINT ( 'NONE',  ( 1.100000000000002087, -0.5000000000000002220, 0.2799999999999999711 ) ) ;
#4414 = EDGE_CURVE ( 'NONE', #5435, #3515, #5088, .T. ) ;
#4415 = AXIS2_PLACEMENT_3D ( 'NONE', #3651, #3763, #4943 ) ;
#4416 = SURFACE_SIDE_STYLE ('',( #4869 ) ) ;
#4417 = ORIENTED_EDGE ( 'NONE', *, *, #606, .T. ) ;
#4418 = EDGE_LOOP ( 'NONE', ( #3518, #1742, #1463, #2288 ) ) ;
#4419 = CARTESIAN_POINT ( 'NONE',  ( -0.1178234831815653944, -0.3593805362314128615, 0.2599999999999999534 ) ) ;
#4420 =( NAMED_UNIT ( * ) SI_UNIT ( $, .STERADIAN. ) SOLID_ANGLE_UNIT ( ) );
#4421 = EDGE_LOOP ( 'NONE', ( #903, #389, #1132, #2099 ) ) ;
#4422 = COLOUR_RGB ( '',0.7921568627450980005, 0.8196078431372548767, 0.9333333333333333481 ) ;
#4423 = EDGE_CURVE ( 'NONE', #465, #2405, #1226, .T. ) ;
#4424 = DIRECTION ( 'NONE',  ( 0.0000000000000000000, -0.0000000000000000000, -1.000000000000000000 ) ) ;
#4425 = STYLED_ITEM ( 'NONE', ( #4227 ), #2426 ) ;
#4426 = DIRECTION ( 'NONE',  ( 1.000000000000000000, 0.0000000000000000000, 0.0000000000000000000 ) ) ;
#4427 = SURFACE_SIDE_STYLE ('',( #5308 ) ) ;
#4428 = ORIENTED_EDGE ( 'NONE', *, *, #149, .T. ) ;
#4429 = MECHANICAL_DESIGN_GEOMETRIC_PRESENTATION_REPRESENTATION (  '', ( #4886 ), #3899 ) ;
#4430 = VECTOR ( 'NONE', #2936, 1000.000000000000000 ) ;
#4431 = PRESENTATION_LAYER_ASSIGNMENT (  '', '', ( #545 ) ) ;
#4432 = SURFACE_STYLE_USAGE ( .BOTH. , #987 ) ;
#4433 =( NAMED_UNIT ( * ) PLANE_ANGLE_UNIT ( ) SI_UNIT ( $, .RADIAN. ) );
#4434 = CARTESIAN_POINT ( 'NONE',  ( 1.100000000000002531, 0.7499999999999997780, 0.2599999999999999534 ) ) ;
#4435 = ORIENTED_EDGE ( 'NONE', *, *, #4686, .T. ) ;
#4436 = AXIS2_PLACEMENT_3D ( 'NONE', #1543, #485, #4522 ) ;
#4437 = EDGE_CURVE ( 'NONE', #2367, #5597, #2125, .T. ) ;
#4438 = CARTESIAN_POINT ( 'NONE',  ( -0.6740798441076681913, -0.6849774522544940236, 0.2599999999999999534 ) ) ;
#4439 = PLANE ( 'NONE',  #1620 ) ;
#4440 = DIRECTION ( 'NONE',  ( -1.000000000000000000, 0.0000000000000000000, 6.938893903907228378E-15 ) ) ;
#4441 = CIRCLE ( 'NONE', #4709, 0.1000000000000000472 ) ;
#4442 = CARTESIAN_POINT ( 'NONE',  ( -1.099999999999998090, 0.4999999999999997780, 0.2799999999999999711 ) ) ;
#4443 = ORIENTED_EDGE ( 'NONE', *, *, #5297, .F. ) ;
#4444 = AXIS2_PLACEMENT_3D ( 'NONE', #3211, #3686, #2899 ) ;
#4445 = ORIENTED_EDGE ( 'NONE', *, *, #4143, .F. ) ;
#4446 = FILL_AREA_STYLE_COLOUR ( '', #4130 ) ;
#4447 = DIRECTION ( 'NONE',  ( -0.6296153105544244344, -0.7769070476675159487, 0.0000000000000000000 ) ) ;
#4448 = SURFACE_STYLE_FILL_AREA ( #1005 ) ;
#4449 = SURFACE_SIDE_STYLE ('',( #1006 ) ) ;
#4450 = PLANE ( 'NONE',  #4687 ) ;
#4451 = ORIENTED_EDGE ( 'NONE', *, *, #1918, .F. ) ;
#4452 = COLOUR_RGB ( '',0.8509803921568627194, 0.8509803921568627194, 0.8509803921568627194 ) ;
#4453 = FILL_AREA_STYLE ('',( #2385 ) ) ;
#4454 = DIRECTION ( 'NONE',  ( -1.000000000000000000, 0.0000000000000000000, 0.0000000000000000000 ) ) ;
#4455 = EDGE_CURVE ( 'NONE', #1814, #4601, #793, .T. ) ;
#4456 = DIRECTION ( 'NONE',  ( -0.0000000000000000000, -0.0000000000000000000, -1.000000000000000000 ) ) ;
#4457 = VERTEX_POINT ( 'NONE', #2101 ) ;
#4458 = CARTESIAN_POINT ( 'NONE',  ( -0.6766918921026191525, 0.6855750628389500889, 0.2799999999999999711 ) ) ;
#4459 = DIRECTION ( 'NONE',  ( 1.000000000000000000, 0.0000000000000000000, 0.0000000000000000000 ) ) ;
#4460 = FILL_AREA_STYLE_COLOUR ( '', #1356 ) ;
#4461 = CARTESIAN_POINT ( 'NONE',  ( 1.100000000000000089, -0.7500000000000002220, -7.680894765701995475E-15 ) ) ;
#4462 = CARTESIAN_POINT ( 'NONE',  ( 0.3195831592659477138, 0.4509946331943126552, 0.2810000000000000275 ) ) ;
#4463 = ORIENTED_EDGE ( 'NONE', *, *, #5388, .F. ) ;
#4464 = ORIENTED_EDGE ( 'NONE', *, *, #1624, .T. ) ;
#4465 = EDGE_CURVE ( 'NONE', #380, #658, #3820, .T. ) ;
#4466 = CARTESIAN_POINT ( 'NONE',  ( -0.6766918921026191525, -0.5541450885699468198, 0.2599999999999999534 ) ) ;
#4467 =( NAMED_UNIT ( * ) SI_UNIT ( $, .STERADIAN. ) SOLID_ANGLE_UNIT ( ) );
#4468 = CARTESIAN_POINT ( 'NONE',  ( -0.7249999999999999778, -1.000000000000000000, 0.8400000000000000799 ) ) ;
#4469 = LINE ( 'NONE', #4388, #4702 ) ;
#4470 = ORIENTED_EDGE ( 'NONE', *, *, #4715, .F. ) ;
#4471 = AXIS2_PLACEMENT_3D ( 'NONE', #2227, #4330, #4440 ) ;
#4472 = VERTEX_POINT ( 'NONE', #3397 ) ;
#4473 = CARTESIAN_POINT ( 'NONE',  ( -1.099999999999998979, 0.2499999999999997780, 0.2600000000000076694 ) ) ;
#4474 = VECTOR ( 'NONE', #5176, 1000.000000000000000 ) ;
#4475 = LINE ( 'NONE', #1869, #1860 ) ;
#4476 = APPLICATION_PROTOCOL_DEFINITION ( 'draft international standard', 'automotive_design', 1998, #332 ) ;
#4477 = ORIENTED_EDGE ( 'NONE', *, *, #1672, .T. ) ;
#4478 = EDGE_CURVE ( 'NONE', #4408, #4365, #1258, .T. ) ;
#4479 = SURFACE_STYLE_FILL_AREA ( #2800 ) ;
#4480 = CYLINDRICAL_SURFACE ( 'NONE', #362, 0.1000000000000000472 ) ;
#4481 = EDGE_CURVE ( 'NONE', #2010, #2595, #2397, .T. ) ;
#4482 = CARTESIAN_POINT ( 'NONE',  ( -0.1178234831815653944, -0.5316465652036583833, 0.2810000000000000275 ) ) ;
#4483 = DIRECTION ( 'NONE',  ( -0.0000000000000000000, -0.0000000000000000000, -1.000000000000000000 ) ) ;
#4484 = ORIENTED_EDGE ( 'NONE', *, *, #4124, .T. ) ;
#4485 = DIRECTION ( 'NONE',  ( -6.982962677686265922E-15, 0.0000000000000000000, -1.000000000000000000 ) ) ;
#4486 =( NAMED_UNIT ( * ) SI_UNIT ( $, .STERADIAN. ) SOLID_ANGLE_UNIT ( ) );
#4487 = SURFACE_STYLE_USAGE ( .BOTH. , #3653 ) ;
#4488 = ORIENTED_EDGE ( 'NONE', *, *, #2192, .F. ) ;
#4489 =( GEOMETRIC_REPRESENTATION_CONTEXT ( 3 ) GLOBAL_UNCERTAINTY_ASSIGNED_CONTEXT ( ( #2953 ) ) GLOBAL_UNIT_ASSIGNED_CONTEXT ( ( #267, #3264, #1991 ) ) REPRESENTATION_CONTEXT ( 'NONE', 'WORKASPACE' ) );
#4490 = ORIENTED_EDGE ( 'NONE', *, *, #4765, .F. ) ;
#4491 = CARTESIAN_POINT ( 'NONE',  ( -1.100000000000000755, -0.1999999999999994837, 0.02000000000000768177 ) ) ;
#4492 = AXIS2_PLACEMENT_3D ( 'NONE', #2226, #1805, #2161 ) ;
#4493 = FACE_OUTER_BOUND ( 'NONE', #4421, .T. ) ;
#4494 = LINE ( 'NONE', #653, #3271 ) ;
#4495 = DIRECTION ( 'NONE',  ( 0.0000000000000000000, -0.0000000000000000000, 1.000000000000000000 ) ) ;
#4496 =( NAMED_UNIT ( * ) PLANE_ANGLE_UNIT ( ) SI_UNIT ( $, .RADIAN. ) );
#4497 = VERTEX_POINT ( 'NONE', #2981 ) ;
#4498 = PRESENTATION_LAYER_ASSIGNMENT (  '', '', ( #1988 ) ) ;
#4499 = VERTEX_POINT ( 'NONE', #818 ) ;
#4500 = CARTESIAN_POINT ( 'NONE',  ( 0.2532275857927164253, -0.3593805362314128615, 0.2810000000000000275 ) ) ;
#4501 = CARTESIAN_POINT ( 'NONE',  ( 0.0000000000000000000, 0.6855750628389500889, 0.2799999999999999711 ) ) ;
#4502 = ORIENTED_EDGE ( 'NONE', *, *, #5586, .F. ) ;
#4503 = CARTESIAN_POINT ( 'NONE',  ( 0.3999999999999996336, -0.9000000000000002442, -2.791820594150173918E-15 ) ) ;
#4504 = VECTOR ( 'NONE', #981, 1000.000000000000000 ) ;
#4505 =( NAMED_UNIT ( * ) SI_UNIT ( $, .STERADIAN. ) SOLID_ANGLE_UNIT ( ) );
#4506 = FILL_AREA_STYLE ('',( #2358 ) ) ;
#4507 = FACE_OUTER_BOUND ( 'NONE', #3791, .T. ) ;
#4508 = UNCERTAINTY_MEASURE_WITH_UNIT (LENGTH_MEASURE( 1.000000000000000082E-05 ), #1425, 'distance_accuracy_value', 'NONE');
#4509 = ORIENTED_EDGE ( 'NONE', *, *, #182, .F. ) ;
#4510 = EDGE_CURVE ( 'NONE', #1671, #1751, #2564, .T. ) ;
#4511 = FILL_AREA_STYLE_COLOUR ( '', #5038 ) ;
#4512 = PLANE ( 'NONE',  #2281 ) ;
#4513 = CARTESIAN_POINT ( 'NONE',  ( -1.099999999999999867, 1.000000000000000000, 0.02000000000000768177 ) ) ;
#4514 = CARTESIAN_POINT ( 'NONE',  ( -0.4135483952989442713, -0.5316465652036583833, 0.2599999999999999534 ) ) ;
#4515 = ORIENTED_EDGE ( 'NONE', *, *, #2411, .F. ) ;
#4516 = VECTOR ( 'NONE', #764, 1000.000000000000000 ) ;
#4517 = ORIENTED_EDGE ( 'NONE', *, *, #1566, .T. ) ;
#4518 = VECTOR ( 'NONE', #4541, 1000.000000000000000 ) ;
#4519 = FILL_AREA_STYLE ('',( #3320 ) ) ;
#4520 = DIRECTION ( 'NONE',  ( 1.000000000000000000, 0.0000000000000000000, 0.0000000000000000000 ) ) ;
#4521 = CARTESIAN_POINT ( 'NONE',  ( 1.100000000000002309, 0.8637862597461452019, 0.2799999999999999711 ) ) ;
#4522 = DIRECTION ( 'NONE',  ( 1.000000000000000000, -3.097720492815727166E-16, 0.0000000000000000000 ) ) ;
#4523 = CARTESIAN_POINT ( 'NONE',  ( 0.7249999999999999778, -1.000000000000000000, 0.8400000000000000799 ) ) ;
#4524 = VERTEX_POINT ( 'NONE', #5485 ) ;
#4525 = COLOUR_RGB ( '',0.8509803921568627194, 0.8509803921568627194, 0.8509803921568627194 ) ;
#4526 = UNCERTAINTY_MEASURE_WITH_UNIT (LENGTH_MEASURE( 1.000000000000000082E-05 ), #3440, 'distance_accuracy_value', 'NONE');
#4527 = ORIENTED_EDGE ( 'NONE', *, *, #5468, .T. ) ;
#4528 =( NAMED_UNIT ( * ) SI_UNIT ( $, .STERADIAN. ) SOLID_ANGLE_UNIT ( ) );
#4529 = STYLED_ITEM ( 'NONE', ( #4954 ), #3701 ) ;
#4530 = CARTESIAN_POINT ( 'NONE',  ( 0.7249999999999999778, -1.000000000000000000, 0.2599999999999999534 ) ) ;
#4531 = PLANE ( 'NONE',  #1096 ) ;
#4532 = ORIENTED_EDGE ( 'NONE', *, *, #2466, .F. ) ;
#4533 = EDGE_CURVE ( 'NONE', #970, #3946, #2720, .T. ) ;
#4534 = COLOUR_RGB ( '',0.8509803921568627194, 0.8509803921568627194, 0.8509803921568627194 ) ;
#4535 =( LENGTH_UNIT ( ) NAMED_UNIT ( * ) SI_UNIT ( .MILLI., .METRE. ) );
#4536 = AXIS2_PLACEMENT_3D ( 'NONE', #4761, #2211, #4339 ) ;
#4537 = LINE ( 'NONE', #4649, #5139 ) ;
#4538 = FILL_AREA_STYLE ('',( #2918 ) ) ;
#4539 = VECTOR ( 'NONE', #93, 1000.000000000000000 ) ;
#4540 = VERTEX_POINT ( 'NONE', #1446 ) ;
#4541 = DIRECTION ( 'NONE',  ( 6.982962677686268288E-15, -0.0000000000000000000, 1.000000000000000000 ) ) ;
#4542 = SURFACE_STYLE_USAGE ( .BOTH. , #2023 ) ;
#4543 = ORIENTED_EDGE ( 'NONE', *, *, #2633, .T. ) ;
#4544 = COLOUR_RGB ( '',0.8509803921568627194, 0.8509803921568627194, 0.8509803921568627194 ) ;
#4545 = LINE ( 'NONE', #4136, #2938 ) ;
#4546 = EDGE_CURVE ( 'NONE', #3016, #5425, #548, .T. ) ;
#4547 = PRESENTATION_STYLE_ASSIGNMENT (( #1998 ) ) ;
#4548 = FACE_OUTER_BOUND ( 'NONE', #2620, .T. ) ;
#4549 = DIRECTION ( 'NONE',  ( -1.000000000000000000, 0.0000000000000000000, 0.0000000000000000000 ) ) ;
#4550 = DIRECTION ( 'NONE',  ( -0.0000000000000000000, -0.0000000000000000000, -1.000000000000000000 ) ) ;
#4551 = SURFACE_STYLE_FILL_AREA ( #279 ) ;
#4552 = EDGE_LOOP ( 'NONE', ( #1713, #1749, #2906, #4904, #3855, #2987, #1225, #161, #4515, #5520 ) ) ;
#4553 = EDGE_CURVE ( 'NONE', #3776, #1641, #4905, .T. ) ;
#4554 = VERTEX_POINT ( 'NONE', #3062 ) ;
#4555 = FACE_OUTER_BOUND ( 'NONE', #2858, .T. ) ;
#4556 = AXIS2_PLACEMENT_3D ( 'NONE', #2068, #3306, #5051 ) ;
#4557 = EDGE_LOOP ( 'NONE', ( #4641, #3546, #3371, #2033 ) ) ;
#4558 =( GEOMETRIC_REPRESENTATION_CONTEXT ( 3 ) GLOBAL_UNCERTAINTY_ASSIGNED_CONTEXT ( ( #2152 ) ) GLOBAL_UNIT_ASSIGNED_CONTEXT ( ( #2139, #4673, #482 ) ) REPRESENTATION_CONTEXT ( 'NONE', 'WORKASPACE' ) );
#4559 =( NAMED_UNIT ( * ) SI_UNIT ( $, .STERADIAN. ) SOLID_ANGLE_UNIT ( ) );
#4560 = DIRECTION ( 'NONE',  ( 0.0000000000000000000, 1.000000000000000000, -0.0000000000000000000 ) ) ;
#4561 = AXIS2_PLACEMENT_3D ( 'NONE', #4569, #707, #3652 ) ;
#4562 = LINE ( 'NONE', #317, #3430 ) ;
#4563 = VECTOR ( 'NONE', #915, 1000.000000000000000 ) ;
#4564 = COLOUR_RGB ( '',0.0000000000000000000, 0.0000000000000000000, 1.000000000000000000 ) ;
#4565 = LINE ( 'NONE', #3707, #2861 ) ;
#4566 = PRESENTATION_LAYER_ASSIGNMENT (  '', '', ( #3773 ) ) ;
#4567 = PRESENTATION_STYLE_ASSIGNMENT (( #4432 ) ) ;
#4568 = FILL_AREA_STYLE_COLOUR ( '', #3341 ) ;
#4569 = CARTESIAN_POINT ( 'NONE',  ( 0.6534767642029393198, -0.1570950497692372438, 0.2799999999999999711 ) ) ;
#4570 = CARTESIAN_POINT ( 'NONE',  ( -0.4000000000000000777, 0.0000000000000000000, 2.791820594150173918E-15 ) ) ;
#4571 = VERTEX_POINT ( 'NONE', #1822 ) ;
#4572 = ORIENTED_EDGE ( 'NONE', *, *, #1955, .T. ) ;
#4573 = DIRECTION ( 'NONE',  ( -0.0000000000000000000, -0.0000000000000000000, -1.000000000000000000 ) ) ;
#4574 = FACE_OUTER_BOUND ( 'NONE', #166, .T. ) ;
#4575 = EDGE_CURVE ( 'NONE', #2585, #141, #904, .T. ) ;
#4576 = SURFACE_SIDE_STYLE ('',( #1140 ) ) ;
#4577 = DIRECTION ( 'NONE',  ( -1.000000000000000000, 4.259365677621623928E-16, 6.983251342707903681E-15 ) ) ;
#4578 =( NAMED_UNIT ( * ) SI_UNIT ( $, .STERADIAN. ) SOLID_ANGLE_UNIT ( ) );
#4579 = ORIENTED_EDGE ( 'NONE', *, *, #2692, .T. ) ;
#4580 = UNCERTAINTY_MEASURE_WITH_UNIT (LENGTH_MEASURE( 1.000000000000000082E-05 ), #681, 'distance_accuracy_value', 'NONE');
#4581 = PRESENTATION_LAYER_ASSIGNMENT (  '', '', ( #5494 ) ) ;
#4582 = ORIENTED_EDGE ( 'NONE', *, *, #53, .F. ) ;
#4583 = CARTESIAN_POINT ( 'NONE',  ( -0.7250754616367172112, -0.5368602718148540731, 0.2599999999999999534 ) ) ;
#4584 = EDGE_CURVE ( 'NONE', #2827, #195, #1419, .T. ) ;
#4585 = DIRECTION ( 'NONE',  ( 0.0000000000000000000, -0.0000000000000000000, -1.000000000000000000 ) ) ;
#4586 = DIRECTION ( 'NONE',  ( 0.0000000000000000000, 0.0000000000000000000, 1.000000000000000000 ) ) ;
#4587 = ORIENTED_EDGE ( 'NONE', *, *, #2044, .F. ) ;
#4588 = CARTESIAN_POINT ( 'NONE',  ( -1.099999999999998090, 1.000000000000000000, 0.2600000000000076694 ) ) ;
#4589 = STYLED_ITEM ( 'NONE', ( #96 ), #1714 ) ;
#4590 = DIRECTION ( 'NONE',  ( -1.000000000000000000, 0.0000000000000000000, 0.0000000000000000000 ) ) ;
#4591 = FILL_AREA_STYLE ('',( #3227 ) ) ;
#4592 = CARTESIAN_POINT ( 'NONE',  ( 1.100000000000002087, -0.1385744931852173067, 0.2599999999999999534 ) ) ;
#4593 = CARTESIAN_POINT ( 'NONE',  ( -0.6803386800598816286, -0.2391341263035014764, 0.2599999999999999534 ) ) ;
#4594 = EDGE_CURVE ( 'NONE', #4225, #1547, #3120, .T. ) ;
#4595 = PRESENTATION_STYLE_ASSIGNMENT (( #1163 ) ) ;
#4596 = STYLED_ITEM ( 'NONE', ( #2545 ), #2666 ) ;
#4597 = DIRECTION ( 'NONE',  ( -6.982962677686268288E-15, 0.0000000000000000000, -1.000000000000000000 ) ) ;
#4598 = CARTESIAN_POINT ( 'NONE',  ( 0.7946937836714690340, -0.3065665198382721002, 0.2599999999999999534 ) ) ;
#4599 = PLANE ( 'NONE',  #1048 ) ;
#4600 = CARTESIAN_POINT ( 'NONE',  ( 1.100000000000002087, -0.8614255068147830263, 0.2799999999999999711 ) ) ;
#4601 = VERTEX_POINT ( 'NONE', #5193 ) ;
#4602 = FACE_OUTER_BOUND ( 'NONE', #3125, .T. ) ;
#4603 =( GEOMETRIC_REPRESENTATION_CONTEXT ( 3 ) GLOBAL_UNCERTAINTY_ASSIGNED_CONTEXT ( ( #5080 ) ) GLOBAL_UNIT_ASSIGNED_CONTEXT ( ( #4706, #489, #2239 ) ) REPRESENTATION_CONTEXT ( 'NONE', 'WORKASPACE' ) );
#4604 = PRESENTATION_STYLE_ASSIGNMENT (( #5036 ) ) ;
#4605 = CARTESIAN_POINT ( 'NONE',  ( 0.2532275857927164253, -0.3593805362314128615, 0.2599999999999999534 ) ) ;
#4606 = PLANE ( 'NONE',  #5406 ) ;
#4607 =( NAMED_UNIT ( * ) PLANE_ANGLE_UNIT ( ) SI_UNIT ( $, .RADIAN. ) );
#4608 = CARTESIAN_POINT ( 'NONE',  ( -8.518154025199974705E-17, -0.2000000000000000111, 0.0000000000000000000 ) ) ;
#4609 =( NAMED_UNIT ( * ) SI_UNIT ( $, .STERADIAN. ) SOLID_ANGLE_UNIT ( ) );
#4610 = STYLED_ITEM ( 'NONE', ( #4567 ), #3300 ) ;
#4611 = VERTEX_POINT ( 'NONE', #523 ) ;
#4612 = CARTESIAN_POINT ( 'NONE',  ( 0.8500000000000019762, 0.4999999999999997780, 0.2799999999999999711 ) ) ;
#4613 =( LENGTH_UNIT ( ) NAMED_UNIT ( * ) SI_UNIT ( .MILLI., .METRE. ) );
#4614 = FILL_AREA_STYLE_COLOUR ( '', #3835 ) ;
#4615 = VECTOR ( 'NONE', #4560, 1000.000000000000000 ) ;
#4616 = SURFACE_STYLE_FILL_AREA ( #2009 ) ;
#4617 = EDGE_LOOP ( 'NONE', ( #228, #3221, #3485, #4389, #3635, #3603, #1552, #4946, #3427, #3038, #2310, #5290 ) ) ;
#4618 = EDGE_CURVE ( 'NONE', #1019, #5032, #4822, .T. ) ;
#4619 =( GEOMETRIC_REPRESENTATION_CONTEXT ( 3 ) GLOBAL_UNCERTAINTY_ASSIGNED_CONTEXT ( ( #3748 ) ) GLOBAL_UNIT_ASSIGNED_CONTEXT ( ( #894, #2944, #1633 ) ) REPRESENTATION_CONTEXT ( 'NONE', 'WORKASPACE' ) );
#4620 = CARTESIAN_POINT ( 'NONE',  ( 0.5359203924145662379, -0.2065665198382720669, 0.2599999999999999534 ) ) ;
#4621 = SURFACE_STYLE_FILL_AREA ( #5052 ) ;
#4622 = AXIS2_PLACEMENT_3D ( 'NONE', #4350, #3037, #1289 ) ;
#4623 = SURFACE_STYLE_USAGE ( .BOTH. , #1126 ) ;
#4624 = ADVANCED_FACE ( 'NONE', ( #2691 ), #1853, .F. ) ;
#4625 = COLOUR_RGB ( '',0.8509803921568627194, 0.8509803921568627194, 0.8509803921568627194 ) ;
#4626 = FACE_OUTER_BOUND ( 'NONE', #2348, .T. ) ;
#4627 = SURFACE_STYLE_FILL_AREA ( #321 ) ;
#4628 = FILL_AREA_STYLE_COLOUR ( '', #1820 ) ;
#4629 = PRESENTATION_STYLE_ASSIGNMENT (( #1994 ) ) ;
#4630 = ORIENTED_EDGE ( 'NONE', *, *, #2411, .T. ) ;
#4631 = EDGE_LOOP ( 'NONE', ( #3834, #1256, #5568, #3514 ) ) ;
#4632 = DIRECTION ( 'NONE',  ( -1.000000000000000000, 0.0000000000000000000, 0.0000000000000000000 ) ) ;
#4633 = VECTOR ( 'NONE', #4659, 1000.000000000000000 ) ;
#4634 = CARTESIAN_POINT ( 'NONE',  ( 0.8230581300528493349, 0.2641109509742675665, 0.2799999999999999711 ) ) ;
#4635 = CARTESIAN_POINT ( 'NONE',  ( 0.3124155170610076193, -0.05709504976923729380, 0.2799999999999999711 ) ) ;
#4636 = FILL_AREA_STYLE ('',( #5489 ) ) ;
#4637 = LINE ( 'NONE', #2031, #281 ) ;
#4638 = EDGE_CURVE ( 'NONE', #860, #3218, #2182, .T. ) ;
#4639 = EDGE_LOOP ( 'NONE', ( #1321, #4445, #709, #54 ) ) ;
#4640 = UNCERTAINTY_MEASURE_WITH_UNIT (LENGTH_MEASURE( 1.000000000000000082E-05 ), #5084, 'distance_accuracy_value', 'NONE');
#4641 = ORIENTED_EDGE ( 'NONE', *, *, #4177, .F. ) ;
#4642 = SURFACE_STYLE_FILL_AREA ( #1604 ) ;
#4643 =( NAMED_UNIT ( * ) PLANE_ANGLE_UNIT ( ) SI_UNIT ( $, .RADIAN. ) );
#4644 = EDGE_LOOP ( 'NONE', ( #5086, #1060, #3385, #5057 ) ) ;
#4645 = LINE ( 'NONE', #2410, #5587 ) ;
#4646 = B_SPLINE_CURVE_WITH_KNOTS ( 'NONE', 3,
 ( #7, #1759, #34, #4285, #3089 ),
 .UNSPECIFIED., .F., .F.,
 ( 4, 1, 4 ),
 ( 0.08977583276714114213, 0.2929772087874236708, 1.000000000000000000 ),
 .UNSPECIFIED. ) ;
#4647 = DIRECTION ( 'NONE',  ( -0.0000000000000000000, -0.0000000000000000000, -1.000000000000000000 ) ) ;
#4648 = EDGE_CURVE ( 'NONE', #4919, #5368, #1764, .T. ) ;
#4649 = CARTESIAN_POINT ( 'NONE',  ( 0.3999999999999999667, 0.2000000000000000111, -2.791820594150173918E-15 ) ) ;
#4650 = CARTESIAN_POINT ( 'NONE',  ( -0.8579650736781121445, -0.2234521286737552181, 0.2599999999999999534 ) ) ;
#4651 =( GEOMETRIC_REPRESENTATION_CONTEXT ( 3 ) GLOBAL_UNCERTAINTY_ASSIGNED_CONTEXT ( ( #2616 ) ) GLOBAL_UNIT_ASSIGNED_CONTEXT ( ( #4535, #3810, #4559 ) ) REPRESENTATION_CONTEXT ( 'NONE', 'WORKASPACE' ) );
#4652 = CARTESIAN_POINT ( 'NONE',  ( -0.4000000000000000777, 1.858632295689436842E-16, 2.791820594150173918E-15 ) ) ;
#4653 = VECTOR ( 'NONE', #1536, 1000.000000000000000 ) ;
#4654 = EDGE_CURVE ( 'NONE', #5425, #3691, #3209, .T. ) ;
#4655 = VECTOR ( 'NONE', #3486, 1000.000000000000000 ) ;
#4656 = DIRECTION ( 'NONE',  ( -1.000000000000000000, 3.469446951953614189E-15, 6.982962677686265922E-15 ) ) ;
#4657 = ORIENTED_EDGE ( 'NONE', *, *, #5486, .F. ) ;
#4658 = EDGE_LOOP ( 'NONE', ( #4664, #2191, #828, #3721 ) ) ;
#4659 = DIRECTION ( 'NONE',  ( 0.0000000000000000000, 1.000000000000000000, 0.0000000000000000000 ) ) ;
#4660 =( GEOMETRIC_REPRESENTATION_CONTEXT ( 3 ) GLOBAL_UNCERTAINTY_ASSIGNED_CONTEXT ( ( #1200 ) ) GLOBAL_UNIT_ASSIGNED_CONTEXT ( ( #3877, #4712, #3792 ) ) REPRESENTATION_CONTEXT ( 'NONE', 'WORKASPACE' ) );
#4661 = DIRECTION ( 'NONE',  ( -1.000000000000000000, 0.0000000000000000000, 6.938893903907228378E-15 ) ) ;
#4662 = CARTESIAN_POINT ( 'NONE',  ( 1.100000000000002087, -0.5000000000000002220, 0.2599999999999999534 ) ) ;
#4663 = VECTOR ( 'NONE', #3540, 1000.000000000000000 ) ;
#4664 = ORIENTED_EDGE ( 'NONE', *, *, #3391, .T. ) ;
#4665 = EDGE_LOOP ( 'NONE', ( #556, #4011, #4517, #5147 ) ) ;
#4666 = DIRECTION ( 'NONE',  ( -0.0000000000000000000, -0.0000000000000000000, -1.000000000000000000 ) ) ;
#4667 = LINE ( 'NONE', #4747, #3507 ) ;
#4668 = FACE_OUTER_BOUND ( 'NONE', #4639, .T. ) ;
#4669 = SURFACE_STYLE_FILL_AREA ( #425 ) ;
#4670 = ORIENTED_EDGE ( 'NONE', *, *, #718, .T. ) ;
#4671 = MECHANICAL_DESIGN_GEOMETRIC_PRESENTATION_REPRESENTATION (  '', ( #61 ), #5126 ) ;
#4672 = ORIENTED_EDGE ( 'NONE', *, *, #4213, .F. ) ;
#4673 =( NAMED_UNIT ( * ) PLANE_ANGLE_UNIT ( ) SI_UNIT ( $, .RADIAN. ) );
#4674 = FACE_OUTER_BOUND ( 'NONE', #4861, .T. ) ;
#4675 = SURFACE_STYLE_FILL_AREA ( #4261 ) ;
#4676 = AXIS2_PLACEMENT_3D ( 'NONE', #583, #2754, #42 ) ;
#4677 = ADVANCED_FACE ( 'NONE', ( #2669 ), #4370, .F. ) ;
#4678 =( NAMED_UNIT ( * ) SI_UNIT ( $, .STERADIAN. ) SOLID_ANGLE_UNIT ( ) );
#4679 =( NAMED_UNIT ( * ) SI_UNIT ( $, .STERADIAN. ) SOLID_ANGLE_UNIT ( ) );
#4680 = COLOUR_RGB ( '',0.8509803921568627194, 0.8509803921568627194, 0.8509803921568627194 ) ;
#4681 = CARTESIAN_POINT ( 'NONE',  ( -1.099999999999998090, -0.4999999999999997780, 0.2600000000000076694 ) ) ;
#4682 = FACE_OUTER_BOUND ( 'NONE', #3133, .T. ) ;
#4683 = ORIENTED_EDGE ( 'NONE', *, *, #5581, .T. ) ;
#4684 = CARTESIAN_POINT ( 'NONE',  ( 0.4124155170610083188, 0.04290495023076341258, 0.2799999999999999711 ) ) ;
#4685 = COLOUR_RGB ( '',0.8509803921568627194, 0.8509803921568627194, 0.8509803921568627194 ) ;
#4686 = EDGE_CURVE ( 'NONE', #674, #3452, #1531, .T. ) ;
#4687 = AXIS2_PLACEMENT_3D ( 'NONE', #543, #140, #5353 ) ;
#4688 = CARTESIAN_POINT ( 'NONE',  ( -0.6623309004670925315, 0.8637862597461452019, 0.2799999999999999156 ) ) ;
#4689 =( NAMED_UNIT ( * ) SI_UNIT ( $, .STERADIAN. ) SOLID_ANGLE_UNIT ( ) );
#4690 =( LENGTH_UNIT ( ) NAMED_UNIT ( * ) SI_UNIT ( .MILLI., .METRE. ) );
#4691 = CARTESIAN_POINT ( 'NONE',  ( 1.396650268541580904E-16, 0.9000000000000000222, 0.02000000000000000042 ) ) ;
#4692 = MECHANICAL_DESIGN_GEOMETRIC_PRESENTATION_REPRESENTATION (  '', ( #1727 ), #2004 ) ;
#4693 =( GEOMETRIC_REPRESENTATION_CONTEXT ( 3 ) GLOBAL_UNCERTAINTY_ASSIGNED_CONTEXT ( ( #667 ) ) GLOBAL_UNIT_ASSIGNED_CONTEXT ( ( #4992, #3699, #3253 ) ) REPRESENTATION_CONTEXT ( 'NONE', 'WORKASPACE' ) );
#4694 = ORIENTED_EDGE ( 'NONE', *, *, #3796, .F. ) ;
#4695 = UNCERTAINTY_MEASURE_WITH_UNIT (LENGTH_MEASURE( 1.000000000000000082E-05 ), #4982, 'distance_accuracy_value', 'NONE');
#4696 = COLOUR_RGB ( '',0.8509803921568627194, 0.8509803921568627194, 0.8509803921568627194 ) ;
#4697 = ORIENTED_EDGE ( 'NONE', *, *, #3659, .F. ) ;
#4698 = CARTESIAN_POINT ( 'NONE',  ( -1.099999999999998979, 0.0000000000000000000, 0.2799999999999999711 ) ) ;
#4699 = CARTESIAN_POINT ( 'NONE',  ( 0.2532275857927164253, -0.3593805362314128615, 0.2810000000000000275 ) ) ;
#4700 = B_SPLINE_CURVE_WITH_KNOTS ( 'NONE', 2,
 ( #4592, #261, #4181 ),
 .UNSPECIFIED., .F., .F.,
 ( 3, 3 ),
 ( 0.0000000000000000000, 1.000000000000000000 ),
 .UNSPECIFIED. ) ;
#4701 = LINE ( 'NONE', #4305, #4375 ) ;
#4702 = VECTOR ( 'NONE', #5266, 1000.000000000000000 ) ;
#4703 = VERTEX_POINT ( 'NONE', #2805 ) ;
#4704 = SURFACE_STYLE_USAGE ( .BOTH. , #3000 ) ;
#4705 = CARTESIAN_POINT ( 'NONE',  ( 1.100000000000002087, -0.5000000000000002220, 0.2599999999999999534 ) ) ;
#4706 =( LENGTH_UNIT ( ) NAMED_UNIT ( * ) SI_UNIT ( .MILLI., .METRE. ) );
#4707 = COLOUR_RGB ( '',0.8509803921568627194, 0.8509803921568627194, 0.8509803921568627194 ) ;
#4708 = DIRECTION ( 'NONE',  ( 1.734723475976807292E-15, -1.000000000000000000, 0.0000000000000000000 ) ) ;
#4709 = AXIS2_PLACEMENT_3D ( 'NONE', #2756, #990, #3998 ) ;
#4710 = DIRECTION ( 'NONE',  ( -0.0000000000000000000, -0.0000000000000000000, -1.000000000000000000 ) ) ;
#4711 = MECHANICAL_DESIGN_GEOMETRIC_PRESENTATION_REPRESENTATION (  '', ( #1483 ), #4007 ) ;
#4712 =( NAMED_UNIT ( * ) PLANE_ANGLE_UNIT ( ) SI_UNIT ( $, .RADIAN. ) );
#4713 = LINE ( 'NONE', #5039, #775 ) ;
#4714 = SURFACE_STYLE_USAGE ( .BOTH. , #3912 ) ;
#4715 = EDGE_CURVE ( 'NONE', #2937, #3141, #1036, .T. ) ;
#4716 = ORIENTED_EDGE ( 'NONE', *, *, #2320, .F. ) ;
#4717 = PRESENTATION_LAYER_ASSIGNMENT (  '', '', ( #5174 ) ) ;
#4718 = EDGE_LOOP ( 'NONE', ( #124, #3780, #180, #2131 ) ) ;
#4719 = LINE ( 'NONE', #856, #4563 ) ;
#4720 = SURFACE_STYLE_FILL_AREA ( #5602 ) ;
#4721 = CARTESIAN_POINT ( 'NONE',  ( 0.8230581300528493349, 0.2641109509742673445, 0.2599999999999999534 ) ) ;
#4722 = EDGE_CURVE ( 'NONE', #3829, #2752, #1473, .T. ) ;
#4723 = DIRECTION ( 'NONE',  ( -6.982962677686265922E-15, 0.0000000000000000000, -1.000000000000000000 ) ) ;
#4724 = ORIENTED_EDGE ( 'NONE', *, *, #1281, .T. ) ;
#4725 = EDGE_CURVE ( 'NONE', #2806, #2698, #1222, .T. ) ;
#4726 = SURFACE_STYLE_USAGE ( .BOTH. , #3028 ) ;
#4727 = CARTESIAN_POINT ( 'NONE',  ( -0.4343137556297431701, 0.4509946331943126552, 0.2810000000000000275 ) ) ;
#4728 = LINE ( 'NONE', #298, #1881 ) ;
#4729 = CARTESIAN_POINT ( 'NONE',  ( -0.7249999999999999778, -1.000000000000000000, 0.2599999999999999534 ) ) ;
#4730 = DIRECTION ( 'NONE',  ( -1.000000000000000000, -1.734723475976807292E-15, 0.0000000000000000000 ) ) ;
#4731 = DIRECTION ( 'NONE',  ( 0.0000000000000000000, 1.000000000000000000, 0.0000000000000000000 ) ) ;
#4732 = VECTOR ( 'NONE', #4234, 1000.000000000000000 ) ;
#4733 = ORIENTED_EDGE ( 'NONE', *, *, #2258, .T. ) ;
#4734 = STYLED_ITEM ( 'NONE', ( #1378 ), #4950 ) ;
#4735 = COLOUR_RGB ( '',0.8509803921568627194, 0.8509803921568627194, 0.8509803921568627194 ) ;
#4736 = CARTESIAN_POINT ( 'NONE',  ( 0.7774874880952626910, 0.3068909665269575204, 0.2599999999999999534 ) ) ;
#4737 = CARTESIAN_POINT ( 'NONE',  ( 0.5124155170610091847, 0.3080817958270101187, 0.2599999999999999534 ) ) ;
#4738 = DIRECTION ( 'NONE',  ( 6.982962677686265922E-15, 0.0000000000000000000, 1.000000000000000000 ) ) ;
#4739 = LINE ( 'NONE', #3479, #5194 ) ;
#4740 = DIRECTION ( 'NONE',  ( 0.0000000000000000000, 1.000000000000000000, 0.0000000000000000000 ) ) ;
#4741 = ORIENTED_EDGE ( 'NONE', *, *, #3593, .F. ) ;
#4742 = PRESENTATION_LAYER_ASSIGNMENT (  '', '', ( #691 ) ) ;
#4743 = UNCERTAINTY_MEASURE_WITH_UNIT (LENGTH_MEASURE( 1.000000000000000082E-05 ), #2343, 'distance_accuracy_value', 'NONE');
#4744 = EDGE_CURVE ( 'NONE', #3913, #113, #1933, .T. ) ;
#4745 = EDGE_LOOP ( 'NONE', ( #4724, #1347, #2675, #5569 ) ) ;
#4746 = DIRECTION ( 'NONE',  ( -1.000000000000000000, 3.097720492815726673E-16, 0.0000000000000000000 ) ) ;
#4747 = CARTESIAN_POINT ( 'NONE',  ( 0.0000000000000000000, -0.05709504976923727992, 0.2799999999999999711 ) ) ;
#4748 = VECTOR ( 'NONE', #5584, 1000.000000000000000 ) ;
#4749 =( NAMED_UNIT ( * ) SI_UNIT ( $, .STERADIAN. ) SOLID_ANGLE_UNIT ( ) );
#4750 = ADVANCED_FACE ( 'NONE', ( #4507 ), #1497, .F. ) ;
#4751 = ORIENTED_EDGE ( 'NONE', *, *, #2946, .T. ) ;
#4752 = SURFACE_STYLE_USAGE ( .BOTH. , #5182 ) ;
#4753 = FILL_AREA_STYLE_COLOUR ( '', #1982 ) ;
#4754 = SURFACE_STYLE_USAGE ( .BOTH. , #5184 ) ;
#4755 = SURFACE_SIDE_STYLE ('',( #2476 ) ) ;
#4756 = STYLED_ITEM ( 'NONE', ( #5270 ), #1298 ) ;
#4757 = CARTESIAN_POINT ( 'NONE',  ( 0.5359203924145663489, -0.7671295513012331702, 0.2799999999999999711 ) ) ;
#4758 = FACE_OUTER_BOUND ( 'NONE', #5315, .T. ) ;
#4759 = PLANE ( 'NONE',  #1696 ) ;
#4760 = SURFACE_STYLE_USAGE ( .BOTH. , #2948 ) ;
#4761 = CARTESIAN_POINT ( 'NONE',  ( -1.099999999999998090, 0.4999999999999997780, 0.2599999999999999534 ) ) ;
#4762 = PRESENTATION_LAYER_ASSIGNMENT (  '', '', ( #5401 ) ) ;
#4763 = DIRECTION ( 'NONE',  ( -1.000000000000000000, 0.0000000000000000000, 6.938893903907228378E-15 ) ) ;
#4764 = ORIENTED_EDGE ( 'NONE', *, *, #3076, .F. ) ;
#4765 = EDGE_CURVE ( 'NONE', #5016, #752, #4361, .T. ) ;
#4766 = DIRECTION ( 'NONE',  ( -1.000000000000000000, 3.872150616019658341E-17, 6.983251342707903681E-15 ) ) ;
#4767 = STYLED_ITEM ( 'NONE', ( #3178 ), #1704 ) ;
#4768 = DIRECTION ( 'NONE',  ( 1.000000000000000000, 0.0000000000000000000, -6.982962677686268288E-15 ) ) ;
#4769 = FILL_AREA_STYLE_COLOUR ( '', #537 ) ;
#4770 = DIRECTION ( 'NONE',  ( -1.000000000000000000, 3.097720492815726673E-16, 6.983251342707903681E-15 ) ) ;
#4771 = EDGE_LOOP ( 'NONE', ( #855, #2314, #3443, #4579 ) ) ;
#4772 =( GEOMETRIC_REPRESENTATION_CONTEXT ( 3 ) GLOBAL_UNCERTAINTY_ASSIGNED_CONTEXT ( ( #1989 ) ) GLOBAL_UNIT_ASSIGNED_CONTEXT ( ( #4074, #322, #872 ) ) REPRESENTATION_CONTEXT ( 'NONE', 'WORKASPACE' ) );
#4773 = ORIENTED_EDGE ( 'NONE', *, *, #5076, .T. ) ;
#4774 = CARTESIAN_POINT ( 'NONE',  ( 1.100000000000002531, 0.7499999999999997780, 0.2799999999999999711 ) ) ;
#4775 = CARTESIAN_POINT ( 'NONE',  ( 0.0000000000000000000, 0.1776407652747671595, 0.2799999999999999711 ) ) ;
#4776 = VECTOR ( 'NONE', #2095, 1000.000000000000000 ) ;
#4777 = CARTESIAN_POINT ( 'NONE',  ( -0.7713451857263546874, 0.6561302432729905210, 0.2799999999999999711 ) ) ;
#4778 = FACE_OUTER_BOUND ( 'NONE', #4913, .T. ) ;
#4779 = DIRECTION ( 'NONE',  ( -0.0000000000000000000, -0.0000000000000000000, -1.000000000000000000 ) ) ;
#4780 = ORIENTED_EDGE ( 'NONE', *, *, #2499, .F. ) ;
#4781 = STYLED_ITEM ( 'NONE', ( #1784 ), #2875 ) ;
#4782 = VERTEX_POINT ( 'NONE', #4785 ) ;
#4783 = DIRECTION ( 'NONE',  ( 1.000000000000000000, 0.0000000000000000000, 0.0000000000000000000 ) ) ;
#4784 = FACE_OUTER_BOUND ( 'NONE', #306, .T. ) ;
#4785 = CARTESIAN_POINT ( 'NONE',  ( 1.100000000000000533, 0.9000000000000000222, 0.01999999999999231906 ) ) ;
#4786 = CARTESIAN_POINT ( 'NONE',  ( 0.7174695751538135990, 0.3080817958270101187, 0.2799999999999999711 ) ) ;
#4787 = STYLED_ITEM ( 'NONE', ( #3793 ), #3146 ) ;
#4788 = AXIS2_PLACEMENT_3D ( 'NONE', #2823, #3273, #3690 ) ;
#4789 = DIRECTION ( 'NONE',  ( 0.0000000000000000000, -0.0000000000000000000, -1.000000000000000000 ) ) ;
#4790 = ADVANCED_FACE ( 'NONE', ( #2263 ), #1898, .F. ) ;
#4791 = LINE ( 'NONE', #2580, #80 ) ;
#4792 = PRESENTATION_LAYER_ASSIGNMENT (  '', '', ( #641 ) ) ;
#4793 = CARTESIAN_POINT ( 'NONE',  ( 1.100000000000002087, -0.7500000000000002220, 0.2799999999999999711 ) ) ;
#4794 = CARTESIAN_POINT ( 'NONE',  ( -0.6035437629006772386, -0.3065665198382720447, 0.2799999999999999711 ) ) ;
#4795 = CARTESIAN_POINT ( 'NONE',  ( 0.05584305983497199477, -0.3593805362314128615, 0.2599999999999999534 ) ) ;
#4796 = PRESENTATION_LAYER_ASSIGNMENT (  '', '', ( #1201 ) ) ;
#4797 = EDGE_CURVE ( 'NONE', #330, #2762, #4475, .T. ) ;
#4798 = DIRECTION ( 'NONE',  ( 6.983251342707903681E-15, -0.0000000000000000000, 1.000000000000000000 ) ) ;
#4799 = MANIFOLD_SOLID_BREP ( 'Boss-Extrude2', #1789 ) ;
#4800 =( GEOMETRIC_REPRESENTATION_CONTEXT ( 3 ) GLOBAL_UNCERTAINTY_ASSIGNED_CONTEXT ( ( #4695 ) ) GLOBAL_UNIT_ASSIGNED_CONTEXT ( ( #4982, #29, #4420 ) ) REPRESENTATION_CONTEXT ( 'NONE', 'WORKASPACE' ) );
#4801 = FILL_AREA_STYLE ('',( #1855 ) ) ;
#4802 = LINE ( 'NONE', #3013, #3002 ) ;
#4803 = CARTESIAN_POINT ( 'NONE',  ( -1.099999999999998090, -0.4999999999999997780, 0.2599999999999999534 ) ) ;
#4804 = PRESENTATION_STYLE_ASSIGNMENT (( #3480 ) ) ;
#4805 = ORIENTED_EDGE ( 'NONE', *, *, #4014, .T. ) ;
#4806 = ORIENTED_EDGE ( 'NONE', *, *, #5460, .T. ) ;
#4807 = VECTOR ( 'NONE', #2812, 1000.000000000000000 ) ;
#4808 = B_SPLINE_SURFACE_WITH_KNOTS ( 'NONE', 3, 1, ( 
 ( #5490, #1645 ),
 ( #3014, #385 ),
 ( #1677, #358 ),
 ( #3823, #2957 ) ),
 .UNSPECIFIED., .F., .F., .F.,
 ( 4, 4 ),
 ( 2, 2 ),
 ( 0.0000000000000000000, 1.000000000000000000 ),
 ( 0.0000000000000000000, 1.000000000000000000 ),
 .UNSPECIFIED. ) ;
#4809 = EDGE_CURVE ( 'NONE', #1981, #3515, #3926, .T. ) ;
#4810 = LINE ( 'NONE', #4893, #3954 ) ;
#4811 =( GEOMETRIC_REPRESENTATION_CONTEXT ( 3 ) GLOBAL_UNCERTAINTY_ASSIGNED_CONTEXT ( ( #1649 ) ) GLOBAL_UNIT_ASSIGNED_CONTEXT ( ( #1255, #379, #1851 ) ) REPRESENTATION_CONTEXT ( 'NONE', 'WORKASPACE' ) );
#4812 = DIRECTION ( 'NONE',  ( 1.000000000000000000, 0.0000000000000000000, -0.0000000000000000000 ) ) ;
#4813 = CARTESIAN_POINT ( 'NONE',  ( 0.0000000000000000000, 0.0000000000000000000, 0.8400000000000000799 ) ) ;
#4814 = PRESENTATION_LAYER_ASSIGNMENT (  '', '', ( #5089 ) ) ;
#4815 = ORIENTED_EDGE ( 'NONE', *, *, #1218, .T. ) ;
#4816 = SURFACE_STYLE_USAGE ( .BOTH. , #3110 ) ;
#4817 = SURFACE_STYLE_FILL_AREA ( #3111 ) ;
#4818 = ORIENTED_EDGE ( 'NONE', *, *, #1909, .T. ) ;
#4819 = MANIFOLD_SOLID_BREP ( 'Boss-Extrude4[4]', #47 ) ;
#4820 = CARTESIAN_POINT ( 'NONE',  ( -1.031512925605919229, 0.8594879528193650753, 0.2799999999999999711 ) ) ;
#4821 = CARTESIAN_POINT ( 'NONE',  ( -1.099999999999998979, 0.0000000000000000000, 0.2799999999999999711 ) ) ;
#4822 = LINE ( 'NONE', #466, #2208 ) ;
#4823 = MANIFOLD_SOLID_BREP ( 'Boss-Extrude3[4]', #3319 ) ;
#4824 = ADVANCED_FACE ( 'NONE', ( #4555 ), #3638, .T. ) ;
#4825 = DIRECTION ( 'NONE',  ( 0.0000000000000000000, -1.000000000000000000, 0.0000000000000000000 ) ) ;
#4826 = AXIS2_PLACEMENT_3D ( 'NONE', #2941, #1239, #366 ) ;
#4827 = ORIENTED_EDGE ( 'NONE', *, *, #4070, .T. ) ;
#4828 = ORIENTED_EDGE ( 'NONE', *, *, #4096, .T. ) ;
#4829 = PRESENTATION_LAYER_ASSIGNMENT (  '', '', ( #5106 ) ) ;
#4830 = CARTESIAN_POINT ( 'NONE',  ( -0.6035437629006772386, -0.2065665198382720391, 0.2799999999999999711 ) ) ;
#4831 = PRESENTATION_LAYER_ASSIGNMENT (  '', '', ( #2328 ) ) ;
#4832 = CARTESIAN_POINT ( 'NONE',  ( 0.6534767642029394308, -0.05709504976923727992, 0.2799999999999999711 ) ) ;
#4833 = FILL_AREA_STYLE ('',( #968 ) ) ;
#4834 = VECTOR ( 'NONE', #3040, 1000.000000000000000 ) ;
#4835 = FILL_AREA_STYLE_COLOUR ( '', #356 ) ;
#4836 = ORIENTED_EDGE ( 'NONE', *, *, #4584, .T. ) ;
#4837 = STYLED_ITEM ( 'NONE', ( #2893 ), #15 ) ;
#4838 = EDGE_CURVE ( 'NONE', #2827, #420, #3888, .T. ) ;
#4839 = PRODUCT_DEFINITION_FORMATION_WITH_SPECIFIED_SOURCE ( 'ANY', '', #1020, .NOT_KNOWN. ) ;
#4840 = ORIENTED_EDGE ( 'NONE', *, *, #4584, .F. ) ;
#4841 = PRESENTATION_LAYER_ASSIGNMENT (  '', '', ( #230 ) ) ;
#4842 = CARTESIAN_POINT ( 'NONE',  ( -0.4135483952989442713, -0.3593805362314128615, 0.2599999999999999534 ) ) ;
#4843 = SURFACE_STYLE_FILL_AREA ( #3579 ) ;
#4844 = LINE ( 'NONE', #5273, #1389 ) ;
#4845 = CARTESIAN_POINT ( 'NONE',  ( 0.5124155170610084076, 0.2080817958270101131, 0.2599999999999999534 ) ) ;
#4846 = ORIENTED_EDGE ( 'NONE', *, *, #3559, .F. ) ;
#4847 = MANIFOLD_SOLID_BREP ( 'Boss-Extrude3[1]', #779 ) ;
#4848 = CARTESIAN_POINT ( 'NONE',  ( -1.031512925605919229, 0.8594879528193650753, 0.2599999999999999534 ) ) ;
#4849 = DIRECTION ( 'NONE',  ( -6.982962677686265922E-15, 0.0000000000000000000, -1.000000000000000000 ) ) ;
#4850 =( GEOMETRIC_REPRESENTATION_CONTEXT ( 3 ) GLOBAL_UNCERTAINTY_ASSIGNED_CONTEXT ( ( #907 ) ) GLOBAL_UNIT_ASSIGNED_CONTEXT ( ( #2363, #5393, #5449 ) ) REPRESENTATION_CONTEXT ( 'NONE', 'WORKASPACE' ) );
#4851 = FILL_AREA_STYLE_COLOUR ( '', #456 ) ;
#4852 = B_SPLINE_SURFACE_WITH_KNOTS ( 'NONE', 2, 1, ( 
 ( #5067, #11 ),
 ( #2516, #2487 ),
 ( #69, #1206 ) ),
 .UNSPECIFIED., .F., .F., .F.,
 ( 3, 3 ),
 ( 2, 2 ),
 ( 0.0000000000000000000, 1.000000000000000000 ),
 ( 0.0000000000000000000, 1.000000000000000000 ),
 .UNSPECIFIED. ) ;
#4853 = CARTESIAN_POINT ( 'NONE',  ( -7.738527931606581778E-18, 0.2000000000000000389, 0.0000000000000000000 ) ) ;
#4854 = EDGE_CURVE ( 'NONE', #4601, #1284, #2966, .T. ) ;
#4855 = STYLED_ITEM ( 'NONE', ( #1747 ), #1436 ) ;
#4856 = SURFACE_STYLE_USAGE ( .BOTH. , #2722 ) ;
#4857 = SURFACE_STYLE_FILL_AREA ( #3542 ) ;
#4858 = CIRCLE ( 'NONE', #3516, 0.3637862597461454239 ) ;
#4859 = PLANE ( 'NONE',  #343 ) ;
#4860 = FILL_AREA_STYLE_COLOUR ( '', #4038 ) ;
#4861 = EDGE_LOOP ( 'NONE', ( #255, #2391, #3216, #1570 ) ) ;
#4862 = ORIENTED_EDGE ( 'NONE', *, *, #3870, .T. ) ;
#4863 = EDGE_CURVE ( 'NONE', #445, #4342, #5178, .T. ) ;
#4864 = VECTOR ( 'NONE', #1039, 1000.000000000000000 ) ;
#4865 = LINE ( 'NONE', #4055, #4042 ) ;
#4866 = CARTESIAN_POINT ( 'NONE',  ( -0.5393126090526830785, -0.6654789993909573376, 0.2599999999999999534 ) ) ;
#4867 = DIRECTION ( 'NONE',  ( 1.934130707221177858E-16, -1.000000000000000000, 0.0000000000000000000 ) ) ;
#4868 = PLANE ( 'NONE',  #494 ) ;
#4869 = SURFACE_STYLE_FILL_AREA ( #480 ) ;
#4870 = ORIENTED_EDGE ( 'NONE', *, *, #2826, .F. ) ;
#4871 = VECTOR ( 'NONE', #3934, 1000.000000000000000 ) ;
#4872 = EDGE_LOOP ( 'NONE', ( #100, #1832, #2734, #1068 ) ) ;
#4873 = VECTOR ( 'NONE', #2973, 1000.000000000000000 ) ;
#4874 = LINE ( 'NONE', #4419, #885 ) ;
#4875 = EDGE_CURVE ( 'NONE', #3218, #3381, #627, .T. ) ;
#4876 = FILL_AREA_STYLE_COLOUR ( '', #3233 ) ;
#4877 = SURFACE_STYLE_USAGE ( .BOTH. , #4064 ) ;
#4878 = ORIENTED_EDGE ( 'NONE', *, *, #4220, .T. ) ;
#4879 = MECHANICAL_DESIGN_GEOMETRIC_PRESENTATION_REPRESENTATION (  '', ( #442 ), #1460 ) ;
#4880 = CARTESIAN_POINT ( 'NONE',  ( 0.8132557169139246200, -0.2164558030324802707, 0.2799999999999999711 ) ) ;
#4881 =( GEOMETRIC_REPRESENTATION_CONTEXT ( 3 ) GLOBAL_UNCERTAINTY_ASSIGNED_CONTEXT ( ( #4743 ) ) GLOBAL_UNIT_ASSIGNED_CONTEXT ( ( #2343, #184, #156 ) ) REPRESENTATION_CONTEXT ( 'NONE', 'WORKASPACE' ) );
#4882 = VECTOR ( 'NONE', #694, 1000.000000000000000 ) ;
#4883 = ADVANCED_FACE ( 'NONE', ( #5097 ), #5148, .F. ) ;
#4884 = DIRECTION ( 'NONE',  ( 0.0000000000000000000, 1.000000000000000000, 0.0000000000000000000 ) ) ;
#4885 = FILL_AREA_STYLE ('',( #984 ) ) ;
#4886 = STYLED_ITEM ( 'NONE', ( #3311 ), #3328 ) ;
#4887 = VERTEX_POINT ( 'NONE', #5124 ) ;
#4888 = VECTOR ( 'NONE', #5415, 1000.000000000000000 ) ;
#4889 = CARTESIAN_POINT ( 'NONE',  ( 7.493003142994979602E-17, -0.7671295513012331702, 0.2799999999999999711 ) ) ;
#4890 = ORIENTED_EDGE ( 'NONE', *, *, #119, .F. ) ;
#4891 = ORIENTED_EDGE ( 'NONE', *, *, #3982, .F. ) ;
#4892 = STYLED_ITEM ( 'NONE', ( #682 ), #3749 ) ;
#4893 = CARTESIAN_POINT ( 'NONE',  ( 0.3432670707574931868, -0.3593805362314128615, 0.2810000000000000275 ) ) ;
#4894 = ADVANCED_FACE ( 'NONE', ( #4668 ), #4253, .F. ) ;
#4895 = FILL_AREA_STYLE_COLOUR ( '', #1801 ) ;
#4896 = AXIS2_PLACEMENT_3D ( 'NONE', #647, #1965, #3150 ) ;
#4897 = VERTEX_POINT ( 'NONE', #5603 ) ;
#4898 = MECHANICAL_DESIGN_GEOMETRIC_PRESENTATION_REPRESENTATION (  '', ( #2206 ), #4811 ) ;
#4899 = ORIENTED_EDGE ( 'NONE', *, *, #2670, .F. ) ;
#4900 = FILL_AREA_STYLE ('',( #4091 ) ) ;
#4901 = EDGE_CURVE ( 'NONE', #2010, #2199, #4701, .T. ) ;
#4902 = DIRECTION ( 'NONE',  ( 0.0000000000000000000, -1.000000000000000000, 0.0000000000000000000 ) ) ;
#4903 = FACE_OUTER_BOUND ( 'NONE', #5241, .T. ) ;
#4904 = ORIENTED_EDGE ( 'NONE', *, *, #1027, .T. ) ;
#4905 = CIRCLE ( 'NONE', #2489, 0.3614255068147824712 ) ;
#4906 = MECHANICAL_DESIGN_GEOMETRIC_PRESENTATION_REPRESENTATION (  '', ( #5174 ), #3029 ) ;
#4907 = CARTESIAN_POINT ( 'NONE',  ( 0.3432670707574931868, -0.3593805362314128615, 0.2599999999999999534 ) ) ;
#4908 = CARTESIAN_POINT ( 'NONE',  ( -0.4135483952989442713, -0.5316465652036583833, 0.2810000000000000275 ) ) ;
#4909 = DIRECTION ( 'NONE',  ( 0.0000000000000000000, -0.0000000000000000000, 1.000000000000000000 ) ) ;
#4910 = CARTESIAN_POINT ( 'NONE',  ( -0.6740798441076681913, -0.6849774522544940236, 0.2799999999999999711 ) ) ;
#4911 = EDGE_CURVE ( 'NONE', #2124, #1074, #1296, .T. ) ;
#4912 = UNCERTAINTY_MEASURE_WITH_UNIT (LENGTH_MEASURE( 1.000000000000000082E-05 ), #214, 'distance_accuracy_value', 'NONE');
#4913 = EDGE_LOOP ( 'NONE', ( #1660, #3963, #4806, #2352 ) ) ;
#4914 = SURFACE_STYLE_FILL_AREA ( #3680 ) ;
#4915 = FILL_AREA_STYLE_COLOUR ( '', #1816 ) ;
#4916 = DIRECTION ( 'NONE',  ( 1.000000000000000000, 0.0000000000000000000, 0.0000000000000000000 ) ) ;
#4917 = DIRECTION ( 'NONE',  ( 1.000000000000000000, 1.788196464443831756E-15, 0.0000000000000000000 ) ) ;
#4918 = ORIENTED_EDGE ( 'NONE', *, *, #3593, .T. ) ;
#4919 = VERTEX_POINT ( 'NONE', #3431 ) ;
#4920 = PLANE ( 'NONE',  #375 ) ;
#4921 = MECHANICAL_DESIGN_GEOMETRIC_PRESENTATION_REPRESENTATION (  '', ( #2862 ), #584 ) ;
#4922 = CARTESIAN_POINT ( 'NONE',  ( -0.4000000000000000777, 0.9000000000000000222, 2.791820594150173918E-15 ) ) ;
#4923 = DIRECTION ( 'NONE',  ( -1.000000000000000000, 0.0000000000000000000, 6.983251342707903681E-15 ) ) ;
#4924 = DIRECTION ( 'NONE',  ( 1.000000000000000000, 1.788196464443831756E-15, 0.0000000000000000000 ) ) ;
#4925 = SURFACE_STYLE_USAGE ( .BOTH. , #1345 ) ;
#4926 = LINE ( 'NONE', #1516, #3003 ) ;
#4927 = ORIENTED_EDGE ( 'NONE', *, *, #5327, .F. ) ;
#4928 = CIRCLE ( 'NONE', #1322, 0.3637862597461454239 ) ;
#4929 = UNCERTAINTY_MEASURE_WITH_UNIT (LENGTH_MEASURE( 1.000000000000000082E-05 ), #2386, 'distance_accuracy_value', 'NONE');
#4930 = COLOUR_RGB ( '',1.000000000000000000, 1.000000000000000000, 1.000000000000000000 ) ;
#4931 = EDGE_CURVE ( 'NONE', #3980, #113, #4015, .T. ) ;
#4932 = AXIS2_PLACEMENT_3D ( 'NONE', #5287, #2307, #2695 ) ;
#4933 = ORIENTED_EDGE ( 'NONE', *, *, #4131, .F. ) ;
#4934 = VECTOR ( 'NONE', #4666, 1000.000000000000000 ) ;
#4935 = DIRECTION ( 'NONE',  ( -1.000000000000000000, 0.0000000000000000000, 0.0000000000000000000 ) ) ;
#4936 = AXIS2_PLACEMENT_3D ( 'NONE', #715, #2452, #1023 ) ;
#4937 = DIRECTION ( 'NONE',  ( 1.000000000000000000, -2.378754451002343441E-17, 0.0000000000000000000 ) ) ;
#4938 = STYLED_ITEM ( 'NONE', ( #4595 ), #45 ) ;
#4939 = DIRECTION ( 'NONE',  ( 1.000000000000000000, 0.0000000000000000000, 0.0000000000000000000 ) ) ;
#4940 = FACE_OUTER_BOUND ( 'NONE', #3412, .T. ) ;
#4941 =( GEOMETRIC_REPRESENTATION_CONTEXT ( 3 ) GLOBAL_UNCERTAINTY_ASSIGNED_CONTEXT ( ( #498 ) ) GLOBAL_UNIT_ASSIGNED_CONTEXT ( ( #1193, #2628, #3527 ) ) REPRESENTATION_CONTEXT ( 'NONE', 'WORKASPACE' ) );
#4942 = ORIENTED_EDGE ( 'NONE', *, *, #699, .T. ) ;
#4943 = DIRECTION ( 'NONE',  ( -6.982962677686265922E-15, 0.0000000000000000000, -1.000000000000000000 ) ) ;
#4944 = CARTESIAN_POINT ( 'NONE',  ( -0.7250754616367172112, -0.5368602718148540731, 0.2799999999999999711 ) ) ;
#4945 = LINE ( 'NONE', #123, #4264 ) ;
#4946 = ORIENTED_EDGE ( 'NONE', *, *, #5247, .T. ) ;
#4947 = STYLED_ITEM ( 'NONE', ( #2703 ), #1455 ) ;
#4948 = VERTEX_POINT ( 'NONE', #858 ) ;
#4949 = DIRECTION ( 'NONE',  ( 0.0000000000000000000, -0.0000000000000000000, 1.000000000000000000 ) ) ;
#4950 = MANIFOLD_SOLID_BREP ( 'Boss-Extrude3[3]', #2138 ) ;
#4951 = SURFACE_SIDE_STYLE ('',( #4083 ) ) ;
#4952 = SURFACE_STYLE_USAGE ( .BOTH. , #3322 ) ;
#4953 = FILL_AREA_STYLE_COLOUR ( '', #4216 ) ;
#4954 = PRESENTATION_STYLE_ASSIGNMENT (( #3928 ) ) ;
#4955 = CARTESIAN_POINT ( 'NONE',  ( 0.0000000000000000000, 0.0000000000000000000, 0.2799999999999999711 ) ) ;
#4956 = ORIENTED_EDGE ( 'NONE', *, *, #182, .T. ) ;
#4957 = ORIENTED_EDGE ( 'NONE', *, *, #92, .T. ) ;
#4958 = FILL_AREA_STYLE ('',( #4446 ) ) ;
#4959 = PRESENTATION_LAYER_ASSIGNMENT (  '', '', ( #4767 ) ) ;
#4960 =( LENGTH_UNIT ( ) NAMED_UNIT ( * ) SI_UNIT ( .MILLI., .METRE. ) );
#4961 = CARTESIAN_POINT ( 'NONE',  ( -0.6634567500555484942, -0.2265013340820382082, 0.2799999999999999711 ) ) ;
#4962 = ORIENTED_EDGE ( 'NONE', *, *, #3814, .F. ) ;
#4963 = STYLED_ITEM ( 'NONE', ( #2046 ), #1804 ) ;
#4964 = DIRECTION ( 'NONE',  ( -0.0000000000000000000, 1.000000000000000000, -0.0000000000000000000 ) ) ;
#4965 = STYLED_ITEM ( 'NONE', ( #402 ), #2836 ) ;
#4966 = EDGE_CURVE ( 'NONE', #1411, #2553, #4203, .T. ) ;
#4967 =( GEOMETRIC_REPRESENTATION_CONTEXT ( 3 ) GLOBAL_UNCERTAINTY_ASSIGNED_CONTEXT ( ( #1191 ) ) GLOBAL_UNIT_ASSIGNED_CONTEXT ( ( #5557, #5130, #1277 ) ) REPRESENTATION_CONTEXT ( 'NONE', 'WORKASPACE' ) );
#4968 =( GEOMETRIC_REPRESENTATION_CONTEXT ( 3 ) GLOBAL_UNCERTAINTY_ASSIGNED_CONTEXT ( ( #1085 ) ) GLOBAL_UNIT_ASSIGNED_CONTEXT ( ( #3910, #1287, #5168 ) ) REPRESENTATION_CONTEXT ( 'NONE', 'WORKASPACE' ) );
#4969 = ORIENTED_EDGE ( 'NONE', *, *, #5087, .F. ) ;
#4970 = CARTESIAN_POINT ( 'NONE',  ( 1.100000000000002087, 0.4999999999999997780, 0.2799999999999999711 ) ) ;
#4971 = EDGE_CURVE ( 'NONE', #3641, #5153, #3104, .T. ) ;
#4972 = DIRECTION ( 'NONE',  ( -0.0000000000000000000, -0.0000000000000000000, -1.000000000000000000 ) ) ;
#4973 = CARTESIAN_POINT ( 'NONE',  ( -1.100000000000000977, 0.2499999999999997780, 7.680894765701995475E-15 ) ) ;
#4974 = VERTEX_POINT ( 'NONE', #918 ) ;
#4975 = PRESENTATION_LAYER_ASSIGNMENT (  '', '', ( #4886 ) ) ;
#4976 = STYLED_ITEM ( 'NONE', ( #3920 ), #2485 ) ;
#4977 = ORIENTED_EDGE ( 'NONE', *, *, #1877, .T. ) ;
#4978 = CARTESIAN_POINT ( 'NONE',  ( 0.7946937836714690340, -0.3065665198382721002, 0.2599999999999999534 ) ) ;
#4979 = FILL_AREA_STYLE_COLOUR ( '', #136 ) ;
#4980 = SURFACE_SIDE_STYLE ('',( #2078 ) ) ;
#4981 =( NAMED_UNIT ( * ) SI_UNIT ( $, .STERADIAN. ) SOLID_ANGLE_UNIT ( ) );
#4982 =( LENGTH_UNIT ( ) NAMED_UNIT ( * ) SI_UNIT ( .MILLI., .METRE. ) );
#4983 = SURFACE_STYLE_FILL_AREA ( #2002 ) ;
#4984 = ORIENTED_EDGE ( 'NONE', *, *, #3223, .F. ) ;
#4985 = VECTOR ( 'NONE', #2934, 1000.000000000000000 ) ;
#4986 = UNCERTAINTY_MEASURE_WITH_UNIT (LENGTH_MEASURE( 1.000000000000000082E-05 ), #4271, 'distance_accuracy_value', 'NONE');
#4987 = EDGE_CURVE ( 'NONE', #20, #195, #1414, .T. ) ;
#4988 = ORIENTED_EDGE ( 'NONE', *, *, #1839, .T. ) ;
#4989 = CIRCLE ( 'NONE', #4097, 0.3637862597461454239 ) ;
#4990 = CARTESIAN_POINT ( 'NONE',  ( -1.099999999999999867, 0.4999999999999997780, 0.02000000000000768177 ) ) ;
#4991 =( LENGTH_UNIT ( ) NAMED_UNIT ( * ) SI_UNIT ( .MILLI., .METRE. ) );
#4992 =( LENGTH_UNIT ( ) NAMED_UNIT ( * ) SI_UNIT ( .MILLI., .METRE. ) );
#4993 = EDGE_LOOP ( 'NONE', ( #4532, #109, #174, #1629 ) ) ;
#4994 = VECTOR ( 'NONE', #2446, 1000.000000000000000 ) ;
#4995 = PLANE ( 'NONE',  #5408 ) ;
#4996 = DIRECTION ( 'NONE',  ( -8.673617379884039416E-16, -1.000000000000000000, 0.0000000000000000000 ) ) ;
#4997 = VECTOR ( 'NONE', #4731, 1000.000000000000000 ) ;
#4998 = SURFACE_STYLE_USAGE ( .BOTH. , #1557 ) ;
#4999 = CARTESIAN_POINT ( 'NONE',  ( -0.8579650736781121445, -0.2234521286737552181, 0.2799999999999999711 ) ) ;
#5000 = COLOUR_RGB ( '',0.0000000000000000000, 0.0000000000000000000, 0.0000000000000000000 ) ;
#5001 = ADVANCED_FACE ( 'NONE', ( #4778 ), #24, .T. ) ;
#5002 = CARTESIAN_POINT ( 'NONE',  ( 0.0000000000000000000, 0.0000000000000000000, 0.2810000000000000275 ) ) ;
#5003 =( NAMED_UNIT ( * ) SI_UNIT ( $, .STERADIAN. ) SOLID_ANGLE_UNIT ( ) );
#5004 = CARTESIAN_POINT ( 'NONE',  ( 1.100000000000000089, -0.2000000000000005940, -7.680894765701995475E-15 ) ) ;
#5005 = LINE ( 'NONE', #1131, #154 ) ;
#5006 = CARTESIAN_POINT ( 'NONE',  ( -0.7570035725588107889, 0.6212183713084244996, 0.2799999999999999711 ) ) ;
#5007 = ORIENTED_EDGE ( 'NONE', *, *, #3063, .T. ) ;
#5008 = EDGE_LOOP ( 'NONE', ( #5246, #4697, #3882, #3612 ) ) ;
#5009 = PLANE ( 'NONE',  #3647 ) ;
#5010 = EDGE_CURVE ( 'NONE', #2884, #4298, #1324, .T. ) ;
#5011 = CARTESIAN_POINT ( 'NONE',  ( -1.100000000000001643, 3.816391647148981130E-15, 0.2799999999999999711 ) ) ;
#5012 = SURFACE_STYLE_USAGE ( .BOTH. , #1573 ) ;
#5013 = CARTESIAN_POINT ( 'NONE',  ( 0.3648896556285308179, 1.000000000000000000, -2.547875105340935420E-15 ) ) ;
#5014 = DIRECTION ( 'NONE',  ( -0.0000000000000000000, 0.0000000000000000000, 1.000000000000000000 ) ) ;
#5015 = VERTEX_POINT ( 'NONE', #5319 ) ;
#5016 = VERTEX_POINT ( 'NONE', #562 ) ;
#5017 = FILL_AREA_STYLE ('',( #720 ) ) ;
#5018 = LINE ( 'NONE', #2652, #241 ) ;
#5019 = SURFACE_STYLE_FILL_AREA ( #2007 ) ;
#5020 = VECTOR ( 'NONE', #2665, 1000.000000000000000 ) ;
#5021 =( NAMED_UNIT ( * ) SI_UNIT ( $, .STERADIAN. ) SOLID_ANGLE_UNIT ( ) );
#5022 = VERTEX_POINT ( 'NONE', #107 ) ;
#5023 = PRESENTATION_LAYER_ASSIGNMENT (  '', '', ( #2862 ) ) ;
#5024 = LINE ( 'NONE', #755, #3166 ) ;
#5025 = MECHANICAL_DESIGN_GEOMETRIC_PRESENTATION_REPRESENTATION (  '', ( #3231 ), #2419 ) ;
#5026 = CARTESIAN_POINT ( 'NONE',  ( 1.100000000000002087, 0.4999999999999997780, 0.2799999999999999711 ) ) ;
#5027 = PRESENTATION_STYLE_ASSIGNMENT (( #4998 ) ) ;
#5028 = CIRCLE ( 'NONE', #131, 0.09999999999999993616 ) ;
#5029 = SURFACE_SIDE_STYLE ('',( #1612 ) ) ;
#5030 = PLANE ( 'NONE',  #5214 ) ;
#5031 = LINE ( 'NONE', #2417, #1286 ) ;
#5032 = VERTEX_POINT ( 'NONE', #1864 ) ;
#5033 = ADVANCED_FACE ( 'NONE', ( #3572 ), #4868, .T. ) ;
#5034 = ORIENTED_EDGE ( 'NONE', *, *, #249, .F. ) ;
#5035 = DIRECTION ( 'NONE',  ( 0.0000000000000000000, 0.0000000000000000000, 1.000000000000000000 ) ) ;
#5036 = SURFACE_STYLE_USAGE ( .BOTH. , #3742 ) ;
#5037 =( LENGTH_UNIT ( ) NAMED_UNIT ( * ) SI_UNIT ( .MILLI., .METRE. ) );
#5038 = COLOUR_RGB ( '',0.0000000000000000000, 0.0000000000000000000, 0.0000000000000000000 ) ;
#5039 = CARTESIAN_POINT ( 'NONE',  ( -0.4135483952989442713, -0.3593805362314128615, 0.2599999999999999534 ) ) ;
#5040 = DIRECTION ( 'NONE',  ( 0.0000000000000000000, -1.000000000000000000, 0.0000000000000000000 ) ) ;
#5041 = EDGE_CURVE ( 'NONE', #1002, #3691, #2761, .T. ) ;
#5042 = ORIENTED_EDGE ( 'NONE', *, *, #2919, .F. ) ;
#5043 = UNCERTAINTY_MEASURE_WITH_UNIT (LENGTH_MEASURE( 1.000000000000000082E-05 ), #1992, 'distance_accuracy_value', 'NONE');
#5044 = VERTEX_POINT ( 'NONE', #2373 ) ;
#5045 = SURFACE_STYLE_FILL_AREA ( #771 ) ;
#5046 = FILL_AREA_STYLE_COLOUR ( '', #4930 ) ;
#5047 = AXIS2_PLACEMENT_3D ( 'NONE', #3103, #2677, #997 ) ;
#5048 = ORIENTED_EDGE ( 'NONE', *, *, #3759, .T. ) ;
#5049 = CARTESIAN_POINT ( 'NONE',  ( -0.4000000000000004663, -0.8999999999999998002, 2.791820594150173918E-15 ) ) ;
#5050 =( GEOMETRIC_REPRESENTATION_CONTEXT ( 3 ) GLOBAL_UNCERTAINTY_ASSIGNED_CONTEXT ( ( #2837 ) ) GLOBAL_UNIT_ASSIGNED_CONTEXT ( ( #5169, #2105, #797 ) ) REPRESENTATION_CONTEXT ( 'NONE', 'WORKASPACE' ) );
#5051 = DIRECTION ( 'NONE',  ( 0.0000000000000000000, -0.0000000000000000000, -1.000000000000000000 ) ) ;
#5052 = FILL_AREA_STYLE ('',( #3756 ) ) ;
#5053 = CYLINDRICAL_SURFACE ( 'NONE', #794, 0.2500000000000000000 ) ;
#5054 =( LENGTH_UNIT ( ) NAMED_UNIT ( * ) SI_UNIT ( .MILLI., .METRE. ) );
#5055 = CARTESIAN_POINT ( 'NONE',  ( 0.3648896556285309845, -0.0000000000000000000, 0.01999999999999745384 ) ) ;
#5056 = LINE ( 'NONE', #4217, #4185 ) ;
#5057 = ORIENTED_EDGE ( 'NONE', *, *, #4371, .T. ) ;
#5058 = ORIENTED_EDGE ( 'NONE', *, *, #4966, .F. ) ;
#5059 = SURFACE_SIDE_STYLE ('',( #1619 ) ) ;
#5060 = MECHANICAL_DESIGN_GEOMETRIC_PRESENTATION_REPRESENTATION (  '', ( #4965 ), #4603 ) ;
#5061 = DIRECTION ( 'NONE',  ( 0.0000000000000000000, 1.000000000000000000, 0.0000000000000000000 ) ) ;
#5062 = COLOUR_RGB ( '',0.7921568627450980005, 0.8196078431372548767, 0.9333333333333333481 ) ;
#5063 = CARTESIAN_POINT ( 'NONE',  ( -0.5388595371840243509, 0.8637862597461452019, 0.2599999999999999534 ) ) ;
#5064 = VECTOR ( 'NONE', #4723, 1000.000000000000000 ) ;
#5065 = CARTESIAN_POINT ( 'NONE',  ( 0.6534767642029393198, -0.1570950497692372438, 0.2799999999999999711 ) ) ;
#5066 = FILL_AREA_STYLE_COLOUR ( '', #3945 ) ;
#5067 = CARTESIAN_POINT ( 'NONE',  ( 1.100000000000002531, -0.1385744931852173067, 0.2799999999999999711 ) ) ;
#5068 = EDGE_CURVE ( 'NONE', #5509, #1690, #3661, .T. ) ;
#5069 = ORIENTED_EDGE ( 'NONE', *, *, #3349, .T. ) ;
#5070 = CARTESIAN_POINT ( 'NONE',  ( -0.7482052191486779913, -0.5828783997317399379, 0.2799999999999999711 ) ) ;
#5071 =( NAMED_UNIT ( * ) SI_UNIT ( $, .STERADIAN. ) SOLID_ANGLE_UNIT ( ) );
#5072 = PRESENTATION_STYLE_ASSIGNMENT (( #1215 ) ) ;
#5073 =( LENGTH_UNIT ( ) NAMED_UNIT ( * ) SI_UNIT ( .MILLI., .METRE. ) );
#5074 = ORIENTED_EDGE ( 'NONE', *, *, #867, .T. ) ;
#5075 = COLOUR_RGB ( '',0.8509803921568627194, 0.8509803921568627194, 0.8509803921568627194 ) ;
#5076 = EDGE_CURVE ( 'NONE', #5538, #5227, #4381, .T. ) ;
#5077 = CARTESIAN_POINT ( 'NONE',  ( -0.6766918921026191525, 0.6855750628389500889, 0.2799999999999999711 ) ) ;
#5078 = DIRECTION ( 'NONE',  ( -1.000000000000000000, 0.0000000000000000000, 0.0000000000000000000 ) ) ;
#5079 = CARTESIAN_POINT ( 'NONE',  ( -0.6035437629006772386, 0.4569292977732090089, 0.2599999999999999534 ) ) ;
#5080 = UNCERTAINTY_MEASURE_WITH_UNIT (LENGTH_MEASURE( 1.000000000000000082E-05 ), #4706, 'distance_accuracy_value', 'NONE');
#5081 = VECTOR ( 'NONE', #845, 1000.000000000000000 ) ;
#5082 = CARTESIAN_POINT ( 'NONE',  ( 0.7774874880952626910, 0.3068909665269575204, 0.2799999999999999711 ) ) ;
#5083 = DIRECTION ( 'NONE',  ( -1.000000000000000000, 0.0000000000000000000, 6.938893903907228378E-15 ) ) ;
#5084 =( LENGTH_UNIT ( ) NAMED_UNIT ( * ) SI_UNIT ( .MILLI., .METRE. ) );
#5085 = ORIENTED_EDGE ( 'NONE', *, *, #1808, .F. ) ;
#5086 = ORIENTED_EDGE ( 'NONE', *, *, #1061, .F. ) ;
#5087 = EDGE_CURVE ( 'NONE', #445, #3395, #3688, .T. ) ;
#5088 = LINE ( 'NONE', #4290, #3380 ) ;
#5089 = STYLED_ITEM ( 'NONE', ( #740 ), #4353 ) ;
#5090 = SURFACE_STYLE_USAGE ( .BOTH. , #4242 ) ;
#5091 = PRESENTATION_STYLE_ASSIGNMENT (( #5543 ) ) ;
#5092 =( NAMED_UNIT ( * ) SI_UNIT ( $, .STERADIAN. ) SOLID_ANGLE_UNIT ( ) );
#5093 = FILL_AREA_STYLE ('',( #1647 ) ) ;
#5094 = VERTEX_POINT ( 'NONE', #4521 ) ;
#5095 = ORIENTED_EDGE ( 'NONE', *, *, #160, .T. ) ;
#5096 = LINE ( 'NONE', #4698, #3762 ) ;
#5097 = FACE_OUTER_BOUND ( 'NONE', #2868, .T. ) ;
#5098 = SURFACE_STYLE_FILL_AREA ( #2996 ) ;
#5099 = ORIENTED_EDGE ( 'NONE', *, *, #5087, .T. ) ;
#5100 = ADVANCED_FACE ( 'NONE', ( #2030 ), #5431, .T. ) ;
#5101 = ORIENTED_EDGE ( 'NONE', *, *, #4437, .F. ) ;
#5102 = MECHANICAL_DESIGN_GEOMETRIC_PRESENTATION_REPRESENTATION (  '', ( #3222 ), #5370 ) ;
#5103 = DIRECTION ( 'NONE',  ( -1.000000000000000000, 0.0000000000000000000, 6.938893903907228378E-15 ) ) ;
#5104 = EDGE_CURVE ( 'NONE', #1547, #5207, #594, .T. ) ;
#5105 =( NAMED_UNIT ( * ) SI_UNIT ( $, .STERADIAN. ) SOLID_ANGLE_UNIT ( ) );
#5106 = STYLED_ITEM ( 'NONE', ( #893 ), #430 ) ;
#5107 = CARTESIAN_POINT ( 'NONE',  ( -0.1178234831815653944, -0.5316465652036583833, 0.2810000000000000275 ) ) ;
#5108 = COLOUR_RGB ( '',1.000000000000000000, 1.000000000000000000, 1.000000000000000000 ) ;
#5109 = DIRECTION ( 'NONE',  ( 1.000000000000000000, 3.469446951953614583E-15, -0.0000000000000000000 ) ) ;
#5110 = VECTOR ( 'NONE', #1802, 1000.000000000000000 ) ;
#5111 = CARTESIAN_POINT ( 'NONE',  ( 1.100000000000000311, -0.2000000000000001776, 0.01999999999999231906 ) ) ;
#5112 = PLANE ( 'NONE',  #934 ) ;
#5113 = VERTEX_POINT ( 'NONE', #1574 ) ;
#5114 = CARTESIAN_POINT ( 'NONE',  ( 0.7946937836714690340, -0.3065665198382721002, 0.2799999999999999711 ) ) ;
#5115 = AXIS2_PLACEMENT_3D ( 'NONE', #4148, #1094, #780 ) ;
#5116 = EDGE_CURVE ( 'NONE', #5032, #2852, #3047, .T. ) ;
#5117 = CARTESIAN_POINT ( 'NONE',  ( 1.100000000000002087, -0.5000000000000002220, 0.2599999999999922928 ) ) ;
#5118 = SURFACE_STYLE_FILL_AREA ( #3822 ) ;
#5119 = FILL_AREA_STYLE ('',( #5066 ) ) ;
#5120 = ORIENTED_EDGE ( 'NONE', *, *, #2680, .F. ) ;
#5121 = EDGE_LOOP ( 'NONE', ( #5048, #5289, #4190, #3664 ) ) ;
#5122 = EDGE_CURVE ( 'NONE', #3432, #1292, #666, .T. ) ;
#5123 = LINE ( 'NONE', #1268, #4655 ) ;
#5124 = CARTESIAN_POINT ( 'NONE',  ( 1.100000000000002531, 0.2499999999999997224, 0.2599999999999999534 ) ) ;
#5125 = VERTEX_POINT ( 'NONE', #3879 ) ;
#5126 =( GEOMETRIC_REPRESENTATION_CONTEXT ( 3 ) GLOBAL_UNCERTAINTY_ASSIGNED_CONTEXT ( ( #1364 ) ) GLOBAL_UNIT_ASSIGNED_CONTEXT ( ( #4613, #225, #3802 ) ) REPRESENTATION_CONTEXT ( 'NONE', 'WORKASPACE' ) );
#5127 = ORIENTED_EDGE ( 'NONE', *, *, #3428, .T. ) ;
#5128 = MECHANICAL_DESIGN_GEOMETRIC_PRESENTATION_REPRESENTATION (  '', ( #1988 ), #3420 ) ;
#5129 = CARTESIAN_POINT ( 'NONE',  ( 0.0000000000000000000, 0.1776407652747671595, 0.2599999999999999534 ) ) ;
#5130 =( NAMED_UNIT ( * ) PLANE_ANGLE_UNIT ( ) SI_UNIT ( $, .RADIAN. ) );
#5131 =( NAMED_UNIT ( * ) PLANE_ANGLE_UNIT ( ) SI_UNIT ( $, .RADIAN. ) );
#5132 = EDGE_CURVE ( 'NONE', #2684, #4782, #4222, .T. ) ;
#5133 = FILL_AREA_STYLE ('',( #3417 ) ) ;
#5134 = MECHANICAL_DESIGN_GEOMETRIC_PRESENTATION_REPRESENTATION (  '', ( #3346 ), #5503 ) ;
#5135 = SURFACE_SIDE_STYLE ('',( #2123 ) ) ;
#5136 = DIRECTION ( 'NONE',  ( 1.000000000000000000, 0.0000000000000000000, 0.0000000000000000000 ) ) ;
#5137 = ORIENTED_EDGE ( 'NONE', *, *, #1672, .F. ) ;
#5138 =( GEOMETRIC_REPRESENTATION_CONTEXT ( 3 ) GLOBAL_UNCERTAINTY_ASSIGNED_CONTEXT ( ( #1127 ) ) GLOBAL_UNIT_ASSIGNED_CONTEXT ( ( #5281, #639, #5332 ) ) REPRESENTATION_CONTEXT ( 'NONE', 'WORKASPACE' ) );
#5139 = VECTOR ( 'NONE', #664, 1000.000000000000000 ) ;
#5140 = SURFACE_STYLE_USAGE ( .BOTH. , #822 ) ;
#5141 =( NAMED_UNIT ( * ) PLANE_ANGLE_UNIT ( ) SI_UNIT ( $, .RADIAN. ) );
#5142 = SURFACE_STYLE_FILL_AREA ( #2514 ) ;
#5143 = CARTESIAN_POINT ( 'NONE',  ( 5.773300432731590829E-21, 0.0000000000000000000, 0.0000000000000000000 ) ) ;
#5144 = VECTOR ( 'NONE', #830, 1000.000000000000000 ) ;
#5145 = VERTEX_POINT ( 'NONE', #4199 ) ;
#5146 = PRESENTATION_LAYER_ASSIGNMENT (  '', '', ( #1371 ) ) ;
#5147 = ORIENTED_EDGE ( 'NONE', *, *, #4744, .T. ) ;
#5148 = PLANE ( 'NONE',  #4826 ) ;
#5149 = ORIENTED_EDGE ( 'NONE', *, *, #704, .T. ) ;
#5150 = MECHANICAL_DESIGN_GEOMETRIC_PRESENTATION_REPRESENTATION (  '', ( #2186 ), #2469 ) ;
#5151 =( GEOMETRIC_REPRESENTATION_CONTEXT ( 3 ) GLOBAL_UNCERTAINTY_ASSIGNED_CONTEXT ( ( #3079 ) ) GLOBAL_UNIT_ASSIGNED_CONTEXT ( ( #4224, #3060, #3774 ) ) REPRESENTATION_CONTEXT ( 'NONE', 'WORKASPACE' ) );
#5152 = ADVANCED_FACE ( 'NONE', ( #1231 ), #4808, .T. ) ;
#5153 = VERTEX_POINT ( 'NONE', #2543 ) ;
#5154 = FACE_OUTER_BOUND ( 'NONE', #519, .T. ) ;
#5155 = MECHANICAL_DESIGN_GEOMETRIC_PRESENTATION_REPRESENTATION (  '', ( #545 ), #1743 ) ;
#5156 = DIRECTION ( 'NONE',  ( 1.000000000000000000, 0.0000000000000000000, 0.0000000000000000000 ) ) ;
#5157 =( NAMED_UNIT ( * ) SI_UNIT ( $, .STERADIAN. ) SOLID_ANGLE_UNIT ( ) );
#5158 = LINE ( 'NONE', #5213, #2599 ) ;
#5159 = DIRECTION ( 'NONE',  ( 9.767585058201807468E-17, -1.000000000000000000, 0.0000000000000000000 ) ) ;
#5160 = VECTOR ( 'NONE', #4363, 1000.000000000000000 ) ;
#5161 = LINE ( 'NONE', #955, #863 ) ;
#5162 = MECHANICAL_DESIGN_GEOMETRIC_PRESENTATION_REPRESENTATION (  '', ( #1849 ), #2570 ) ;
#5163 = CARTESIAN_POINT ( 'NONE',  ( 1.100000000000002087, -0.2500000000000002220, 0.2599999999999922928 ) ) ;
#5164 = CARTESIAN_POINT ( 'NONE',  ( 0.05584305983497199477, -0.3593805362314128615, 0.2810000000000000275 ) ) ;
#5165 = ORIENTED_EDGE ( 'NONE', *, *, #5410, .T. ) ;
#5166 = DIRECTION ( 'NONE',  ( 1.000000000000000000, 0.0000000000000000000, 0.0000000000000000000 ) ) ;
#5167 = EDGE_CURVE ( 'NONE', #3163, #4358, #2567, .T. ) ;
#5168 =( NAMED_UNIT ( * ) SI_UNIT ( $, .STERADIAN. ) SOLID_ANGLE_UNIT ( ) );
#5169 =( LENGTH_UNIT ( ) NAMED_UNIT ( * ) SI_UNIT ( .MILLI., .METRE. ) );
#5170 = DIRECTION ( 'NONE',  ( -0.0000000000000000000, -0.0000000000000000000, -1.000000000000000000 ) ) ;
#5171 = VECTOR ( 'NONE', #4573, 1000.000000000000000 ) ;
#5172 = ORIENTED_EDGE ( 'NONE', *, *, #5210, .F. ) ;
#5173 = EDGE_CURVE ( 'NONE', #4237, #4005, #4713, .T. ) ;
#5174 = STYLED_ITEM ( 'NONE', ( #602 ), #4790 ) ;
#5175 = EDGE_LOOP ( 'NONE', ( #4435, #2074, #1934, #4135 ) ) ;
#5176 = DIRECTION ( 'NONE',  ( 6.982962677686268288E-15, -0.0000000000000000000, 1.000000000000000000 ) ) ;
#5177 = FILL_AREA_STYLE_COLOUR ( '', #4229 ) ;
#5178 = LINE ( 'NONE', #3383, #2512 ) ;
#5179 = FILL_AREA_STYLE ('',( #5604 ) ) ;
#5180 = VERTEX_POINT ( 'NONE', #3400 ) ;
#5181 = ORIENTED_EDGE ( 'NONE', *, *, #2594, .F. ) ;
#5182 = SURFACE_SIDE_STYLE ('',( #3465 ) ) ;
#5183 = ADVANCED_FACE ( 'NONE', ( #4243 ), #744, .F. ) ;
#5184 = SURFACE_SIDE_STYLE ('',( #5556 ) ) ;
#5185 = CARTESIAN_POINT ( 'NONE',  ( -1.099999999999998979, 0.7500000000000000000, 0.2600000000000076694 ) ) ;
#5186 = CARTESIAN_POINT ( 'NONE',  ( 1.100000000000003642, 1.908195823574494115E-15, 0.2799999999999999711 ) ) ;
#5187 = DIRECTION ( 'NONE',  ( 1.000000000000000000, 0.0000000000000000000, 0.0000000000000000000 ) ) ;
#5188 = CARTESIAN_POINT ( 'NONE',  ( -0.5035437629006771498, 0.04290495023076271869, 0.2599999999999999534 ) ) ;
#5189 = CARTESIAN_POINT ( 'NONE',  ( -0.5035437629006764837, 0.5569292977732096528, 0.2599999999999999534 ) ) ;
#5190 = PRESENTATION_LAYER_ASSIGNMENT (  '', '', ( #2052 ) ) ;
#5191 = ORIENTED_EDGE ( 'NONE', *, *, #930, .T. ) ;
#5192 = VECTOR ( 'NONE', #2162, 1000.000000000000000 ) ;
#5193 = CARTESIAN_POINT ( 'NONE',  ( -0.1178234831815653944, -0.3593805362314128615, 0.2810000000000000275 ) ) ;
#5194 = VECTOR ( 'NONE', #4374, 1000.000000000000000 ) ;
#5195 =( GEOMETRIC_REPRESENTATION_CONTEXT ( 3 ) GLOBAL_UNCERTAINTY_ASSIGNED_CONTEXT ( ( #5591 ) ) GLOBAL_UNIT_ASSIGNED_CONTEXT ( ( #3356, #3665, #390 ) ) REPRESENTATION_CONTEXT ( 'NONE', 'WORKASPACE' ) );
#5196 = PRESENTATION_LAYER_ASSIGNMENT (  '', '', ( #2059 ) ) ;
#5197 = CARTESIAN_POINT ( 'NONE',  ( -0.7249999999999999778, -1.000000000000000000, 0.8400000000000000799 ) ) ;
#5198 =( NAMED_UNIT ( * ) PLANE_ANGLE_UNIT ( ) SI_UNIT ( $, .RADIAN. ) );
#5199 = ORIENTED_EDGE ( 'NONE', *, *, #5173, .F. ) ;
#5200 = STYLED_ITEM ( 'NONE', ( #3012 ), #1076 ) ;
#5201 = ORIENTED_EDGE ( 'NONE', *, *, #3796, .T. ) ;
#5202 = LINE ( 'NONE', #4382, #2423 ) ;
#5203 = CARTESIAN_POINT ( 'NONE',  ( 3.898911083764692298E-17, -0.2000000000000000389, 0.02000000000000000042 ) ) ;
#5204 = EDGE_CURVE ( 'NONE', #1037, #1814, #4320, .T. ) ;
#5205 = DIRECTION ( 'NONE',  ( 1.000000000000000000, 0.0000000000000000000, 0.0000000000000000000 ) ) ;
#5206 = ORIENTED_EDGE ( 'NONE', *, *, #971, .F. ) ;
#5207 = VERTEX_POINT ( 'NONE', #5197 ) ;
#5208 = B_SPLINE_SURFACE_WITH_KNOTS ( 'NONE', 3, 1, ( 
 ( #4458, #552 ),
 ( #4346, #150 ),
 ( #2332, #3938 ),
 ( #95, #2693 ) ),
 .UNSPECIFIED., .F., .F., .F.,
 ( 4, 4 ),
 ( 2, 2 ),
 ( 0.0000000000000000000, 1.000000000000000000 ),
 ( 0.0000000000000000000, 1.000000000000000000 ),
 .UNSPECIFIED. ) ;
#5209 = DIRECTION ( 'NONE',  ( 6.982962677686268288E-15, 0.0000000000000000000, 1.000000000000000000 ) ) ;
#5210 = EDGE_CURVE ( 'NONE', #5368, #2735, #4349, .T. ) ;
#5211 = SURFACE_STYLE_FILL_AREA ( #2202 ) ;
#5212 = FILL_AREA_STYLE_COLOUR ( '', #4262 ) ;
#5213 = CARTESIAN_POINT ( 'NONE',  ( -0.0000000000000000000, 0.3080817958270101187, 0.2599999999999999534 ) ) ;
#5214 = AXIS2_PLACEMENT_3D ( 'NONE', #1164, #2894, #4597 ) ;
#5215 = FACE_OUTER_BOUND ( 'NONE', #2574, .T. ) ;
#5216 = ORIENTED_EDGE ( 'NONE', *, *, #3804, .F. ) ;
#5217 = PLANE ( 'NONE',  #2459 ) ;
#5218 = COLOUR_RGB ( '',0.8509803921568627194, 0.8509803921568627194, 0.8509803921568627194 ) ;
#5219 = LINE ( 'NONE', #899, #2592 ) ;
#5220 = PLANE ( 'NONE',  #5251 ) ;
#5221 = LINE ( 'NONE', #2179, #657 ) ;
#5222 = SURFACE_STYLE_FILL_AREA ( #5093 ) ;
#5223 = ORIENTED_EDGE ( 'NONE', *, *, #4423, .T. ) ;
#5224 =( NAMED_UNIT ( * ) SI_UNIT ( $, .STERADIAN. ) SOLID_ANGLE_UNIT ( ) );
#5225 = EDGE_CURVE ( 'NONE', #4540, #1895, #2870, .T. ) ;
#5226 = DIRECTION ( 'NONE',  ( 1.000000000000000000, 0.0000000000000000000, 0.0000000000000000000 ) ) ;
#5227 = VERTEX_POINT ( 'NONE', #4434 ) ;
#5228 = ORIENTED_EDGE ( 'NONE', *, *, #249, .T. ) ;
#5229 = PRESENTATION_LAYER_ASSIGNMENT (  '', '', ( #623 ) ) ;
#5230 = EDGE_LOOP ( 'NONE', ( #5206, #2149, #4354, #2110, #2968, #2979, #2401, #4694, #2003, #2591, #3191, #2563 ) ) ;
#5231 = DIRECTION ( 'NONE',  ( -0.0000000000000000000, -0.0000000000000000000, -1.000000000000000000 ) ) ;
#5232 = STYLED_ITEM ( 'NONE', ( #3532 ), #2892 ) ;
#5233 = PLANE ( 'NONE',  #1362 ) ;
#5234 = STYLED_ITEM ( 'NONE', ( #5304 ), #2290 ) ;
#5235 = SURFACE_STYLE_USAGE ( .BOTH. , #1269 ) ;
#5236 = SURFACE_SIDE_STYLE ('',( #3950 ) ) ;
#5237 = LINE ( 'NONE', #597, #1462 ) ;
#5238 = ORIENTED_EDGE ( 'NONE', *, *, #4966, .T. ) ;
#5239 = VECTOR ( 'NONE', #561, 1000.000000000000000 ) ;
#5240 = COLOUR_RGB ( '',1.000000000000000000, 1.000000000000000000, 1.000000000000000000 ) ;
#5241 = EDGE_LOOP ( 'NONE', ( #3576, #2319, #3344, #2999 ) ) ;
#5242 =( NAMED_UNIT ( * ) PLANE_ANGLE_UNIT ( ) SI_UNIT ( $, .RADIAN. ) );
#5243 = CARTESIAN_POINT ( 'NONE',  ( -1.099999999999998979, -0.1385744931852173067, 0.2799999999999999711 ) ) ;
#5244 = AXIS2_PLACEMENT_3D ( 'NONE', #1024, #1346, #2345 ) ;
#5245 =( NAMED_UNIT ( * ) SI_UNIT ( $, .STERADIAN. ) SOLID_ANGLE_UNIT ( ) );
#5246 = ORIENTED_EDGE ( 'NONE', *, *, #5346, .T. ) ;
#5247 = EDGE_CURVE ( 'NONE', #3889, #4703, #4739, .T. ) ;
#5248 = PRESENTATION_LAYER_ASSIGNMENT (  '', '', ( #5426 ) ) ;
#5249 = FILL_AREA_STYLE ('',( #1330 ) ) ;
#5250 = DIRECTION ( 'NONE',  ( 0.0000000000000000000, 0.0000000000000000000, 1.000000000000000000 ) ) ;
#5251 = AXIS2_PLACEMENT_3D ( 'NONE', #4821, #3200, #3168 ) ;
#5252 = SURFACE_SIDE_STYLE ('',( #5222 ) ) ;
#5253 = SURFACE_SIDE_STYLE ('',( #3537 ) ) ;
#5254 = UNCERTAINTY_MEASURE_WITH_UNIT (LENGTH_MEASURE( 1.000000000000000082E-05 ), #3220, 'distance_accuracy_value', 'NONE');
#5255 = AXIS2_PLACEMENT_3D ( 'NONE', #1232, #5432, #4169 ) ;
#5256 = CARTESIAN_POINT ( 'NONE',  ( 1.100000000000002087, -0.1385744931852173067, 0.2599999999999999534 ) ) ;
#5257 = LINE ( 'NONE', #936, #1719 ) ;
#5258 = EDGE_CURVE ( 'NONE', #2843, #2556, #869, .T. ) ;
#5259 = ORIENTED_EDGE ( 'NONE', *, *, #683, .T. ) ;
#5260 = STYLED_ITEM ( 'NONE', ( #3124 ), #4006 ) ;
#5261 = B_SPLINE_SURFACE_WITH_KNOTS ( 'NONE', 2, 1, ( 
 ( #2736, #3696 ),
 ( #3724, #4583 ),
 ( #5070, #659 ) ),
 .UNSPECIFIED., .F., .F., .F.,
 ( 3, 3 ),
 ( 2, 2 ),
 ( 0.0000000000000000000, 1.000000000000000000 ),
 ( 0.0000000000000000000, 1.000000000000000000 ),
 .UNSPECIFIED. ) ;
#5262 = LINE ( 'NONE', #3154, #224 ) ;
#5263 = AXIS2_PLACEMENT_3D ( 'NONE', #1790, #1761, #3504 ) ;
#5264 = LINE ( 'NONE', #4832, #3807 ) ;
#5265 =( LENGTH_UNIT ( ) NAMED_UNIT ( * ) SI_UNIT ( .MILLI., .METRE. ) );
#5266 = DIRECTION ( 'NONE',  ( -0.0000000000000000000, -0.0000000000000000000, -1.000000000000000000 ) ) ;
#5267 = ORIENTED_EDGE ( 'NONE', *, *, #3642, .T. ) ;
#5268 = ORIENTED_EDGE ( 'NONE', *, *, #820, .F. ) ;
#5269 = CARTESIAN_POINT ( 'NONE',  ( -0.4343137556297431701, 0.04041390370446151792, 0.2810000000000000275 ) ) ;
#5270 = PRESENTATION_STYLE_ASSIGNMENT (( #1900 ) ) ;
#5271 = CARTESIAN_POINT ( 'NONE',  ( 0.7858601251859659298, -0.1372050520392875117, 0.2599999999999999534 ) ) ;
#5272 = AXIS2_PLACEMENT_3D ( 'NONE', #2709, #1383, #58 ) ;
#5273 = CARTESIAN_POINT ( 'NONE',  ( 1.100000000000002087, 0.9999999999999997780, 0.2599999999999922928 ) ) ;
#5274 = EDGE_CURVE ( 'NONE', #4974, #3525, #2646, .T. ) ;
#5275 =( LENGTH_UNIT ( ) NAMED_UNIT ( * ) SI_UNIT ( .MILLI., .METRE. ) );
#5276 = LINE ( 'NONE', #1492, #4163 ) ;
#5277 = VERTEX_POINT ( 'NONE', #5595 ) ;
#5278 = CARTESIAN_POINT ( 'NONE',  ( 0.3124155170610083410, 0.04290495023076271869, 0.2799999999999999711 ) ) ;
#5279 = PRESENTATION_STYLE_ASSIGNMENT (( #1850 ) ) ;
#5280 = ADVANCED_FACE ( 'NONE', ( #909 ), #4406, .F. ) ;
#5281 =( LENGTH_UNIT ( ) NAMED_UNIT ( * ) SI_UNIT ( .MILLI., .METRE. ) );
#5282 =( LENGTH_UNIT ( ) NAMED_UNIT ( * ) SI_UNIT ( .MILLI., .METRE. ) );
#5283 = LINE ( 'NONE', #4048, #4663 ) ;
#5284 = PLANE ( 'NONE',  #1555 ) ;
#5285 = VECTOR ( 'NONE', #813, 1000.000000000000000 ) ;
#5286 = CARTESIAN_POINT ( 'NONE',  ( 0.3999999999999999667, -0.2000000000000001776, -2.791820594150173918E-15 ) ) ;
#5287 = CARTESIAN_POINT ( 'NONE',  ( -1.099999999999999867, 0.4999999999999997780, 0.02000000000000768177 ) ) ;
#5288 = DIRECTION ( 'NONE',  ( -1.000000000000000000, -9.767585058201805003E-17, 0.0000000000000000000 ) ) ;
#5289 = ORIENTED_EDGE ( 'NONE', *, *, #3188, .T. ) ;
#5290 = ORIENTED_EDGE ( 'NONE', *, *, #5356, .T. ) ;
#5291 = VECTOR ( 'NONE', #2379, 1000.000000000000000 ) ;
#5292 = EDGE_CURVE ( 'NONE', #5467, #5298, #43, .T. ) ;
#5293 = CARTESIAN_POINT ( 'NONE',  ( -0.5388595371840243509, 0.8637862597461452019, 0.2799999999999999711 ) ) ;
#5294 = SURFACE_SIDE_STYLE ('',( #3129 ) ) ;
#5295 = VECTOR ( 'NONE', #2651, 1000.000000000000000 ) ;
#5296 =( LENGTH_UNIT ( ) NAMED_UNIT ( * ) SI_UNIT ( .MILLI., .METRE. ) );
#5297 = EDGE_CURVE ( 'NONE', #217, #1641, #1740, .T. ) ;
#5298 = VERTEX_POINT ( 'NONE', #3512 ) ;
#5299 =( GEOMETRIC_REPRESENTATION_CONTEXT ( 3 ) GLOBAL_UNCERTAINTY_ASSIGNED_CONTEXT ( ( #1012 ) ) GLOBAL_UNIT_ASSIGNED_CONTEXT ( ( #2424, #4196, #3687 ) ) REPRESENTATION_CONTEXT ( 'NONE', 'WORKASPACE' ) );
#5300 = PRESENTATION_LAYER_ASSIGNMENT (  '', '', ( #396 ) ) ;
#5301 = CARTESIAN_POINT ( 'NONE',  ( -0.6035437629006772386, -0.3065665198382720447, 0.2799999999999999711 ) ) ;
#5302 = SURFACE_SIDE_STYLE ('',( #4843 ) ) ;
#5303 = FILL_AREA_STYLE_COLOUR ( '', #1665 ) ;
#5304 = PRESENTATION_STYLE_ASSIGNMENT (( #4877 ) ) ;
#5305 = ORIENTED_EDGE ( 'NONE', *, *, #3336, .F. ) ;
#5306 = CARTESIAN_POINT ( 'NONE',  ( -0.5388595371840243509, 0.8637862597461452019, 0.2599999999999999534 ) ) ;
#5307 = PRESENTATION_LAYER_ASSIGNMENT (  '', '', ( #2787 ) ) ;
#5308 = SURFACE_STYLE_FILL_AREA ( #2719 ) ;
#5309 = DIRECTION ( 'NONE',  ( 1.000000000000000000, 0.0000000000000000000, 0.0000000000000000000 ) ) ;
#5310 =( GEOMETRIC_REPRESENTATION_CONTEXT ( 3 ) GLOBAL_UNCERTAINTY_ASSIGNED_CONTEXT ( ( #3122 ) ) GLOBAL_UNIT_ASSIGNED_CONTEXT ( ( #391, #5572, #1295 ) ) REPRESENTATION_CONTEXT ( 'NONE', 'WORKASPACE' ) );
#5311 = ADVANCED_FACE ( 'NONE', ( #502 ), #937, .T. ) ;
#5312 = UNCERTAINTY_MEASURE_WITH_UNIT (LENGTH_MEASURE( 1.000000000000000082E-05 ), #3159, 'distance_accuracy_value', 'NONE');
#5313 = DIRECTION ( 'NONE',  ( -0.0000000000000000000, -0.0000000000000000000, -1.000000000000000000 ) ) ;
#5314 = CARTESIAN_POINT ( 'NONE',  ( -0.7482052191486779913, -0.5828783997317398269, 0.2799999999999999711 ) ) ;
#5315 = EDGE_LOOP ( 'NONE', ( #1453, #4509, #5347, #1702 ) ) ;
#5316 = ORIENTED_EDGE ( 'NONE', *, *, #4143, .T. ) ;
#5317 = EDGE_CURVE ( 'NONE', #4611, #5032, #1904, .T. ) ;
#5318 = LINE ( 'NONE', #5293, #4039 ) ;
#5319 = CARTESIAN_POINT ( 'NONE',  ( 1.100000000000000311, -0.9000000000000003553, 0.01999999999999231906 ) ) ;
#5320 =( NAMED_UNIT ( * ) PLANE_ANGLE_UNIT ( ) SI_UNIT ( $, .RADIAN. ) );
#5321 = ORIENTED_EDGE ( 'NONE', *, *, #1392, .T. ) ;
#5322 = COLOUR_RGB ( '',0.8509803921568627194, 0.8509803921568627194, 0.8509803921568627194 ) ;
#5323 = VERTEX_POINT ( 'NONE', #4461 ) ;
#5324 = LINE ( 'NONE', #4842, #5291 ) ;
#5325 = CARTESIAN_POINT ( 'NONE',  ( 0.7249999999999999778, -1.000000000000000000, 0.8400000000000000799 ) ) ;
#5326 = VERTEX_POINT ( 'NONE', #2779 ) ;
#5327 = EDGE_CURVE ( 'NONE', #2277, #3141, #3622, .T. ) ;
#5328 = FILL_AREA_STYLE_COLOUR ( '', #4031 ) ;
#5329 = AXIS2_PLACEMENT_3D ( 'NONE', #4404, #1038, #4459 ) ;
#5330 = STYLED_ITEM ( 'NONE', ( #2287 ), #2573 ) ;
#5331 =( LENGTH_UNIT ( ) NAMED_UNIT ( * ) SI_UNIT ( .MILLI., .METRE. ) );
#5332 =( NAMED_UNIT ( * ) SI_UNIT ( $, .STERADIAN. ) SOLID_ANGLE_UNIT ( ) );
#5333 = DIRECTION ( 'NONE',  ( -0.0000000000000000000, 1.000000000000000000, -0.0000000000000000000 ) ) ;
#5334 = ORIENTED_EDGE ( 'NONE', *, *, #3626, .F. ) ;
#5335 = FILL_AREA_STYLE ('',( #4511 ) ) ;
#5336 = MECHANICAL_DESIGN_GEOMETRIC_PRESENTATION_REPRESENTATION (  '', ( #176 ), #1099 ) ;
#5337 = CARTESIAN_POINT ( 'NONE',  ( -1.099999999999998979, 0.0000000000000000000, 0.2799999999999999711 ) ) ;
#5338 = CARTESIAN_POINT ( 'NONE',  ( 1.100000000000002087, 0.4999999999999997780, 0.2799999999999999711 ) ) ;
#5339 = EDGE_LOOP ( 'NONE', ( #5588, #2224, #4095, #5259 ) ) ;
#5340 = EDGE_CURVE ( 'NONE', #1119, #3381, #3291, .T. ) ;
#5341 = ORIENTED_EDGE ( 'NONE', *, *, #2216, .F. ) ;
#5342 = VECTOR ( 'NONE', #1972, 1000.000000000000000 ) ;
#5343 = CARTESIAN_POINT ( 'NONE',  ( -0.1178234831815653944, -0.3593805362314128615, 0.2599999999999999534 ) ) ;
#5344 = DIRECTION ( 'NONE',  ( -1.000000000000000000, 0.0000000000000000000, 6.983251342707906047E-15 ) ) ;
#5345 =( GEOMETRIC_REPRESENTATION_CONTEXT ( 3 ) GLOBAL_UNCERTAINTY_ASSIGNED_CONTEXT ( ( #2571 ) ) GLOBAL_UNIT_ASSIGNED_CONTEXT ( ( #1505, #963, #2867 ) ) REPRESENTATION_CONTEXT ( 'NONE', 'WORKASPACE' ) );
#5346 = EDGE_CURVE ( 'NONE', #719, #4160, #2866, .T. ) ;
#5347 = ORIENTED_EDGE ( 'NONE', *, *, #3217, .F. ) ;
#5348 = STYLED_ITEM ( 'NONE', ( #3228 ), #4269 ) ;
#5349 = ORIENTED_EDGE ( 'NONE', *, *, #2826, .T. ) ;
#5350 = CARTESIAN_POINT ( 'NONE',  ( 1.100000000000000755, 0.1999999999999999833, 0.01999999999999231906 ) ) ;
#5351 =( NAMED_UNIT ( * ) PLANE_ANGLE_UNIT ( ) SI_UNIT ( $, .RADIAN. ) );
#5352 =( NAMED_UNIT ( * ) PLANE_ANGLE_UNIT ( ) SI_UNIT ( $, .RADIAN. ) );
#5353 = DIRECTION ( 'NONE',  ( 0.0000000000000000000, 0.0000000000000000000, -1.000000000000000000 ) ) ;
#5354 = EDGE_LOOP ( 'NONE', ( #5316, #5495, #1257, #1241 ) ) ;
#5355 = COLOUR_RGB ( '',0.8509803921568627194, 0.8509803921568627194, 0.8509803921568627194 ) ;
#5356 = EDGE_CURVE ( 'NONE', #4524, #5153, #4107, .T. ) ;
#5357 = VECTOR ( 'NONE', #4902, 1000.000000000000000 ) ;
#5358 = CARTESIAN_POINT ( 'NONE',  ( -8.379754891853958856E-17, -1.000000000000000000, 0.0000000000000000000 ) ) ;
#5359 = CARTESIAN_POINT ( 'NONE',  ( -0.5035437629006764837, -0.05709504976923729380, 0.2599999999999999534 ) ) ;
#5360 = SURFACE_STYLE_FILL_AREA ( #2324 ) ;
#5361 = DIRECTION ( 'NONE',  ( 0.0000000000000000000, -0.0000000000000000000, -1.000000000000000000 ) ) ;
#5362 = PRESENTATION_STYLE_ASSIGNMENT (( #3675 ) ) ;
#5363 = UNCERTAINTY_MEASURE_WITH_UNIT (LENGTH_MEASURE( 1.000000000000000082E-05 ), #3911, 'distance_accuracy_value', 'NONE');
#5364 = ORIENTED_EDGE ( 'NONE', *, *, #876, .F. ) ;
#5365 = SURFACE_STYLE_FILL_AREA ( #2776 ) ;
#5366 = CARTESIAN_POINT ( 'NONE',  ( 1.100000000000002087, -0.5000000000000002220, 0.2799999999999999711 ) ) ;
#5367 = LINE ( 'NONE', #4889, #2744 ) ;
#5368 = VERTEX_POINT ( 'NONE', #1936 ) ;
#5369 = VERTEX_POINT ( 'NONE', #4973 ) ;
#5370 =( GEOMETRIC_REPRESENTATION_CONTEXT ( 3 ) GLOBAL_UNCERTAINTY_ASSIGNED_CONTEXT ( ( #5493 ) ) GLOBAL_UNIT_ASSIGNED_CONTEXT ( ( #2434, #4063, #424 ) ) REPRESENTATION_CONTEXT ( 'NONE', 'WORKASPACE' ) );
#5371 = DIRECTION ( 'NONE',  ( -3.469446951953614189E-15, -1.000000000000000000, 0.0000000000000000000 ) ) ;
#5372 =( LENGTH_UNIT ( ) NAMED_UNIT ( * ) SI_UNIT ( .MILLI., .METRE. ) );
#5373 = DIRECTION ( 'NONE',  ( -0.0000000000000000000, -0.0000000000000000000, -1.000000000000000000 ) ) ;
#5374 = CARTESIAN_POINT ( 'NONE',  ( 0.3432670707574931868, -0.5316465652036583833, 0.2810000000000000275 ) ) ;
#5375 = ORIENTED_EDGE ( 'NONE', *, *, #3018, .T. ) ;
#5376 = COLOUR_RGB ( '',0.8509803921568627194, 0.8509803921568627194, 0.8509803921568627194 ) ;
#5377 = UNCERTAINTY_MEASURE_WITH_UNIT (LENGTH_MEASURE( 1.000000000000000082E-05 ), #3790, 'distance_accuracy_value', 'NONE');
#5378 = PRESENTATION_LAYER_ASSIGNMENT (  '', '', ( #1504 ) ) ;
#5379 = CIRCLE ( 'NONE', #4561, 0.09999999999999993616 ) ;
#5380 = EDGE_CURVE ( 'NONE', #5113, #488, #2418, .T. ) ;
#5381 = ORIENTED_EDGE ( 'NONE', *, *, #223, .T. ) ;
#5382 = FILL_AREA_STYLE ('',( #5464 ) ) ;
#5383 = SHAPE_DEFINITION_REPRESENTATION ( #2658, #4368 ) ;
#5384 = SURFACE_STYLE_FILL_AREA ( #4204 ) ;
#5385 = ORIENTED_EDGE ( 'NONE', *, *, #2532, .T. ) ;
#5386 = AXIS2_PLACEMENT_3D ( 'NONE', #5117, #849, #4661 ) ;
#5387 = VECTOR ( 'NONE', #1666, 1000.000000000000000 ) ;
#5388 = EDGE_CURVE ( 'NONE', #2525, #3084, #5379, .T. ) ;
#5389 =( NAMED_UNIT ( * ) PLANE_ANGLE_UNIT ( ) SI_UNIT ( $, .RADIAN. ) );
#5390 = CARTESIAN_POINT ( 'NONE',  ( 0.3901487617419281406, 0.0000000000000000000, 0.2799999999999999711 ) ) ;
#5391 = STYLED_ITEM ( 'NONE', ( #2416 ), #1173 ) ;
#5392 = ORIENTED_EDGE ( 'NONE', *, *, #1233, .F. ) ;
#5393 =( NAMED_UNIT ( * ) PLANE_ANGLE_UNIT ( ) SI_UNIT ( $, .RADIAN. ) );
#5394 =( NAMED_UNIT ( * ) PLANE_ANGLE_UNIT ( ) SI_UNIT ( $, .RADIAN. ) );
#5395 = FACE_OUTER_BOUND ( 'NONE', #1313, .T. ) ;
#5396 = PRESENTATION_STYLE_ASSIGNMENT (( #1857 ) ) ;
#5397 = VERTEX_POINT ( 'NONE', #1503 ) ;
#5398 = ORIENTED_EDGE ( 'NONE', *, *, #1566, .F. ) ;
#5399 = EDGE_CURVE ( 'NONE', #2495, #2937, #2335, .T. ) ;
#5400 = SURFACE_SIDE_STYLE ('',( #1571 ) ) ;
#5401 = STYLED_ITEM ( 'NONE', ( #1893 ), #1486 ) ;
#5402 = DIRECTION ( 'NONE',  ( 0.0000000000000000000, -0.0000000000000000000, 1.000000000000000000 ) ) ;
#5403 = PLANE ( 'NONE',  #3534 ) ;
#5404 = FACE_OUTER_BOUND ( 'NONE', #5008, .T. ) ;
#5405 = ORIENTED_EDGE ( 'NONE', *, *, #642, .T. ) ;
#5406 = AXIS2_PLACEMENT_3D ( 'NONE', #1311, #2154, #4270 ) ;
#5407 =( NAMED_UNIT ( * ) PLANE_ANGLE_UNIT ( ) SI_UNIT ( $, .RADIAN. ) );
#5408 = AXIS2_PLACEMENT_3D ( 'NONE', #5413, #3669, #1527 ) ;
#5409 = ORIENTED_EDGE ( 'NONE', *, *, #2361, .T. ) ;
#5410 = EDGE_CURVE ( 'NONE', #658, #2526, #616, .T. ) ;
#5411 = VECTOR ( 'NONE', #3797, 1000.000000000000000 ) ;
#5412 = VECTOR ( 'NONE', #3438, 1000.000000000000000 ) ;
#5413 = CARTESIAN_POINT ( 'NONE',  ( 0.3432670707574931868, -0.3593805362314128615, 0.2810000000000000275 ) ) ;
#5414 =( NAMED_UNIT ( * ) SI_UNIT ( $, .STERADIAN. ) SOLID_ANGLE_UNIT ( ) );
#5415 = DIRECTION ( 'NONE',  ( -1.000000000000000000, 4.259365677621623928E-16, 6.983251342707903681E-15 ) ) ;
#5416 = LINE ( 'NONE', #1559, #531 ) ;
#5417 = EDGE_CURVE ( 'NONE', #2762, #5153, #3206, .T. ) ;
#5418 = CARTESIAN_POINT ( 'NONE',  ( -0.9174636228121989534, -0.1880563063957277625, 0.2599999999999999534 ) ) ;
#5419 =( GEOMETRIC_REPRESENTATION_CONTEXT ( 3 ) GLOBAL_UNCERTAINTY_ASSIGNED_CONTEXT ( ( #2058 ) ) GLOBAL_UNIT_ASSIGNED_CONTEXT ( ( #5037, #3376, #1172 ) ) REPRESENTATION_CONTEXT ( 'NONE', 'WORKASPACE' ) );
#5420 = UNCERTAINTY_MEASURE_WITH_UNIT (LENGTH_MEASURE( 1.000000000000000082E-05 ), #4115, 'distance_accuracy_value', 'NONE');
#5421 =( NAMED_UNIT ( * ) PLANE_ANGLE_UNIT ( ) SI_UNIT ( $, .RADIAN. ) );
#5422 =( LENGTH_UNIT ( ) NAMED_UNIT ( * ) SI_UNIT ( .MILLI., .METRE. ) );
#5423 = DIRECTION ( 'NONE',  ( -0.0000000000000000000, 0.0000000000000000000, 1.000000000000000000 ) ) ;
#5424 = DIRECTION ( 'NONE',  ( -0.0000000000000000000, 1.000000000000000000, -0.0000000000000000000 ) ) ;
#5425 = VERTEX_POINT ( 'NONE', #1040 ) ;
#5426 = STYLED_ITEM ( 'NONE', ( #3995 ), #3284 ) ;
#5427 = LINE ( 'NONE', #2027, #3916 ) ;
#5428 = AXIS2_PLACEMENT_3D ( 'NONE', #4705, #810, #2528 ) ;
#5429 = DIRECTION ( 'NONE',  ( -0.0000000000000000000, 0.0000000000000000000, -1.000000000000000000 ) ) ;
#5430 = CARTESIAN_POINT ( 'NONE',  ( -1.099999999999998979, 0.1362137402538543540, 0.2599999999999999534 ) ) ;
#5431 = CYLINDRICAL_SURFACE ( 'NONE', #220, 0.3637862597461454239 ) ;
#5432 = DIRECTION ( 'NONE',  ( 1.000000000000000000, 0.0000000000000000000, -6.982962677686268288E-15 ) ) ;
#5433 = EDGE_LOOP ( 'NONE', ( #3597, #5605, #3190, #3921 ) ) ;
#5434 = UNCERTAINTY_MEASURE_WITH_UNIT (LENGTH_MEASURE( 1.000000000000000082E-05 ), #1914, 'distance_accuracy_value', 'NONE');
#5435 = VERTEX_POINT ( 'NONE', #1887 ) ;
#5436 = PRESENTATION_STYLE_ASSIGNMENT (( #1978 ) ) ;
#5437 = CARTESIAN_POINT ( 'NONE',  ( 1.100000000000000311, -9.540979117872442964E-16, -7.680894765701995475E-15 ) ) ;
#5438 = CARTESIAN_POINT ( 'NONE',  ( 0.0000000000000000000, 0.0000000000000000000, 0.0000000000000000000 ) ) ;
#5439 = DIRECTION ( 'NONE',  ( 0.0000000000000000000, 1.000000000000000000, 0.0000000000000000000 ) ) ;
#5440 = ORIENTED_EDGE ( 'NONE', *, *, #3336, .T. ) ;
#5441 = MECHANICAL_DESIGN_GEOMETRIC_PRESENTATION_REPRESENTATION (  '', ( #2935 ), #102 ) ;
#5442 = LINE ( 'NONE', #197, #1082 ) ;
#5443 = EDGE_CURVE ( 'NONE', #807, #1889, #596, .T. ) ;
#5444 = DIRECTION ( 'NONE',  ( -1.000000000000000000, 4.259365677621624914E-16, 0.0000000000000000000 ) ) ;
#5445 = FILL_AREA_STYLE_COLOUR ( '', #4680 ) ;
#5446 = DIRECTION ( 'NONE',  ( -1.000000000000000000, 0.0000000000000000000, 6.983251342707906047E-15 ) ) ;
#5447 = CARTESIAN_POINT ( 'NONE',  ( 0.7174695751538135990, 0.3080817958270101187, 0.2799999999999999711 ) ) ;
#5448 = EDGE_CURVE ( 'NONE', #311, #964, #3403, .T. ) ;
#5449 =( NAMED_UNIT ( * ) SI_UNIT ( $, .STERADIAN. ) SOLID_ANGLE_UNIT ( ) );
#5450 = SURFACE_STYLE_FILL_AREA ( #268 ) ;
#5451 = SURFACE_SIDE_STYLE ('',( #1165 ) ) ;
#5452 = DIRECTION ( 'NONE',  ( -1.000000000000000000, 9.856383386231857595E-17, 0.0000000000000000000 ) ) ;
#5453 = ORIENTED_EDGE ( 'NONE', *, *, #991, .T. ) ;
#5454 = ORIENTED_EDGE ( 'NONE', *, *, #462, .T. ) ;
#5455 = CARTESIAN_POINT ( 'NONE',  ( 0.3195831592659477138, 0.4509946331943126552, 0.2810000000000000275 ) ) ;
#5456 = FACE_OUTER_BOUND ( 'NONE', #1775, .T. ) ;
#5457 =( NAMED_UNIT ( * ) SI_UNIT ( $, .STERADIAN. ) SOLID_ANGLE_UNIT ( ) );
#5458 = LINE ( 'NONE', #359, #4001 ) ;
#5459 = ORIENTED_EDGE ( 'NONE', *, *, #307, .T. ) ;
#5460 = EDGE_CURVE ( 'NONE', #2199, #1342, #2959, .T. ) ;
#5461 = ORIENTED_EDGE ( 'NONE', *, *, #2375, .T. ) ;
#5462 = FILL_AREA_STYLE ('',( #3302 ) ) ;
#5463 = SURFACE_SIDE_STYLE ('',( #4642 ) ) ;
#5464 = FILL_AREA_STYLE_COLOUR ( '', #2854 ) ;
#5465 = MECHANICAL_DESIGN_GEOMETRIC_PRESENTATION_REPRESENTATION (  '', ( #2321 ), #1691 ) ;
#5466 = CARTESIAN_POINT ( 'NONE',  ( 1.100000000000002087, 0.4999999999999997780, 0.2599999999999922928 ) ) ;
#5467 = VERTEX_POINT ( 'NONE', #4188 ) ;
#5468 = EDGE_CURVE ( 'NONE', #719, #1931, #2445, .T. ) ;
#5469 = VECTOR ( 'NONE', #1478, 1000.000000000000000 ) ;
#5470 = LINE ( 'NONE', #5049, #71 ) ;
#5471 = VECTOR ( 'NONE', #245, 1000.000000000000000 ) ;
#5472 = SURFACE_STYLE_FILL_AREA ( #5501 ) ;
#5473 = PRESENTATION_STYLE_ASSIGNMENT (( #700 ) ) ;
#5474 = DIRECTION ( 'NONE',  ( -0.0000000000000000000, 0.0000000000000000000, -1.000000000000000000 ) ) ;
#5475 = FILL_AREA_STYLE ('',( #2531 ) ) ;
#5476 = COLOUR_RGB ( '',0.8509803921568627194, 0.8509803921568627194, 0.8509803921568627194 ) ;
#5477 = COLOUR_RGB ( '',0.8509803921568627194, 0.8509803921568627194, 0.8509803921568627194 ) ;
#5478 = VECTOR ( 'NONE', #2924, 1000.000000000000000 ) ;
#5479 = SURFACE_STYLE_FILL_AREA ( #3734 ) ;
#5480 = AXIS2_PLACEMENT_3D ( 'NONE', #104, #4411, #1861 ) ;
#5481 = CARTESIAN_POINT ( 'NONE',  ( -0.4000000000000001332, -0.1999999999999998446, 2.791820594150173918E-15 ) ) ;
#5482 = DIRECTION ( 'NONE',  ( -1.000000000000000000, 0.0000000000000000000, 0.0000000000000000000 ) ) ;
#5483 =( NAMED_UNIT ( * ) SI_UNIT ( $, .STERADIAN. ) SOLID_ANGLE_UNIT ( ) );
#5484 = ORIENTED_EDGE ( 'NONE', *, *, #5327, .T. ) ;
#5485 = CARTESIAN_POINT ( 'NONE',  ( -1.099999999999999867, 1.000000000000000000, 0.02000000000000768177 ) ) ;
#5486 = EDGE_CURVE ( 'NONE', #3254, #3980, #5158, .T. ) ;
#5487 = CARTESIAN_POINT ( 'NONE',  ( 1.100000000000000311, -1.000000000000000222, 0.01999999999999231906 ) ) ;
#5488 = MECHANICAL_DESIGN_GEOMETRIC_PRESENTATION_REPRESENTATION (  '', ( #2529 ), #4941 ) ;
#5489 = FILL_AREA_STYLE_COLOUR ( '', #2353 ) ;
#5490 = CARTESIAN_POINT ( 'NONE',  ( 0.6809088744240132662, 0.5569292977732096528, 0.2799999999999999711 ) ) ;
#5491 = SURFACE_STYLE_FILL_AREA ( #3535 ) ;
#5492 = EDGE_CURVE ( 'NONE', #12, #2827, #3583, .T. ) ;
#5493 = UNCERTAINTY_MEASURE_WITH_UNIT (LENGTH_MEASURE( 1.000000000000000082E-05 ), #2434, 'distance_accuracy_value', 'NONE');
#5494 = STYLED_ITEM ( 'NONE', ( #1580 ), #1319 ) ;
#5495 = ORIENTED_EDGE ( 'NONE', *, *, #3428, .F. ) ;
#5496 = LINE ( 'NONE', #1626, #4142 ) ;
#5497 = CARTESIAN_POINT ( 'NONE',  ( -4.913710284933536052E-18, -0.2065665198382720669, 0.2599999999999999534 ) ) ;
#5498 = EDGE_LOOP ( 'NONE', ( #3754, #1648, #5172, #3914 ) ) ;
#5499 = DIRECTION ( 'NONE',  ( 1.000000000000000000, 0.0000000000000000000, -6.982962677686266711E-15 ) ) ;
#5500 = AXIS2_PLACEMENT_3D ( 'NONE', #3594, #4825, #961 ) ;
#5501 = FILL_AREA_STYLE ('',( #2915 ) ) ;
#5502 = EDGE_CURVE ( 'NONE', #141, #4159, #1353, .T. ) ;
#5503 =( GEOMETRIC_REPRESENTATION_CONTEXT ( 3 ) GLOBAL_UNCERTAINTY_ASSIGNED_CONTEXT ( ( #2774 ) ) GLOBAL_UNIT_ASSIGNED_CONTEXT ( ( #349, #2098, #2147 ) ) REPRESENTATION_CONTEXT ( 'NONE', 'WORKASPACE' ) );
#5504 = CARTESIAN_POINT ( 'NONE',  ( -0.6634567500555484942, -0.2265013340820382082, 0.2599999999999999534 ) ) ;
#5505 = VECTOR ( 'NONE', #624, 1000.000000000000000 ) ;
#5506 = COLOUR_RGB ( '',0.8509803921568627194, 0.8509803921568627194, 0.8509803921568627194 ) ;
#5507 = FACE_OUTER_BOUND ( 'NONE', #1418, .T. ) ;
#5508 = ORIENTED_EDGE ( 'NONE', *, *, #2092, .F. ) ;
#5509 = VERTEX_POINT ( 'NONE', #3052 ) ;
#5510 = DIRECTION ( 'NONE',  ( -0.0000000000000000000, -0.0000000000000000000, -1.000000000000000000 ) ) ;
#5511 = CIRCLE ( 'NONE', #1634, 0.2500000000000000000 ) ;
#5512 =( NAMED_UNIT ( * ) SI_UNIT ( $, .STERADIAN. ) SOLID_ANGLE_UNIT ( ) );
#5513 = VECTOR ( 'NONE', #5593, 1000.000000000000000 ) ;
#5514 = CYLINDRICAL_SURFACE ( 'NONE', #2724, 0.1000000000000000472 ) ;
#5515 = EDGE_CURVE ( 'NONE', #1441, #2698, #4728, .T. ) ;
#5516 = DIRECTION ( 'NONE',  ( -0.0000000000000000000, 0.0000000000000000000, -1.000000000000000000 ) ) ;
#5517 = DIRECTION ( 'NONE',  ( 0.0000000000000000000, -1.000000000000000000, 0.0000000000000000000 ) ) ;
#5518 = CARTESIAN_POINT ( 'NONE',  ( 0.3195831592659477138, 0.4509946331943126552, 0.2810000000000000275 ) ) ;
#5519 = ORIENTED_EDGE ( 'NONE', *, *, #5380, .F. ) ;
#5520 = ORIENTED_EDGE ( 'NONE', *, *, #1891, .F. ) ;
#5521 = CARTESIAN_POINT ( 'NONE',  ( -1.099999999999998979, 0.7500000000000000000, 0.2600000000000076694 ) ) ;
#5522 = ADVANCED_FACE ( 'NONE', ( #864 ), #4599, .T. ) ;
#5523 = DIRECTION ( 'NONE',  ( -0.0000000000000000000, -0.0000000000000000000, -1.000000000000000000 ) ) ;
#5524 = STYLED_ITEM ( 'NONE', ( #5027 ), #3501 ) ;
#5525 =( LENGTH_UNIT ( ) NAMED_UNIT ( * ) SI_UNIT ( .MILLI., .METRE. ) );
#5526 = ORIENTED_EDGE ( 'NONE', *, *, #3642, .F. ) ;
#5527 = VECTOR ( 'NONE', #3718, 1000.000000000000000 ) ;
#5528 = ORIENTED_EDGE ( 'NONE', *, *, #897, .T. ) ;
#5529 = PLANE ( 'NONE',  #1501 ) ;
#5530 = DIRECTION ( 'NONE',  ( -0.0000000000000000000, -0.0000000000000000000, -1.000000000000000000 ) ) ;
#5531 = CARTESIAN_POINT ( 'NONE',  ( 0.7385744931852191719, -0.5000000000000002220, 0.2599999999999999534 ) ) ;
#5532 = VECTOR ( 'NONE', #3710, 1000.000000000000000 ) ;
#5533 = CARTESIAN_POINT ( 'NONE',  ( -0.7650295964665725368, -0.2727184512886348111, 0.2799999999999999711 ) ) ;
#5534 = EDGE_CURVE ( 'NONE', #1550, #2752, #3343, .T. ) ;
#5535 = DIRECTION ( 'NONE',  ( -6.982962677686265922E-15, 0.0000000000000000000, -1.000000000000000000 ) ) ;
#5536 = SURFACE_SIDE_STYLE ('',( #2244 ) ) ;
#5537 = ORIENTED_EDGE ( 'NONE', *, *, #991, .F. ) ;
#5538 = VERTEX_POINT ( 'NONE', #2606 ) ;
#5539 = CARTESIAN_POINT ( 'NONE',  ( -1.099999999999998535, 0.8637862597461452019, 0.2799999999999999711 ) ) ;
#5540 = VECTOR ( 'NONE', #1880, 1000.000000000000000 ) ;
#5541 = UNCERTAINTY_MEASURE_WITH_UNIT (LENGTH_MEASURE( 1.000000000000000082E-05 ), #2603, 'distance_accuracy_value', 'NONE');
#5542 = MECHANICAL_DESIGN_GEOMETRIC_PRESENTATION_REPRESENTATION (  '', ( #848 ), #2120 ) ;
#5543 = SURFACE_STYLE_USAGE ( .BOTH. , #471 ) ;
#5544 = SURFACE_SIDE_STYLE ('',( #2155 ) ) ;
#5545 = CARTESIAN_POINT ( 'NONE',  ( 0.2532275857927164253, -0.3593805362314128615, 0.2810000000000000275 ) ) ;
#5546 = ORIENTED_EDGE ( 'NONE', *, *, #4213, .T. ) ;
#5547 = ORIENTED_EDGE ( 'NONE', *, *, #3922, .F. ) ;
#5548 = LINE ( 'NONE', #2194, #4214 ) ;
#5549 = DIRECTION ( 'NONE',  ( -0.0000000000000000000, 0.0000000000000000000, 1.000000000000000000 ) ) ;
#5550 =( LENGTH_UNIT ( ) NAMED_UNIT ( * ) SI_UNIT ( .MILLI., .METRE. ) );
#5551 = VERTEX_POINT ( 'NONE', #838 ) ;
#5552 = ADVANCED_FACE ( 'NONE', ( #2578 ), #400, .F. ) ;
#5553 = ORIENTED_EDGE ( 'NONE', *, *, #3132, .F. ) ;
#5554 =( LENGTH_UNIT ( ) NAMED_UNIT ( * ) SI_UNIT ( .MILLI., .METRE. ) );
#5555 = MECHANICAL_DESIGN_GEOMETRIC_PRESENTATION_REPRESENTATION (  '', ( #954 ), #1137 ) ;
#5556 = SURFACE_STYLE_FILL_AREA ( #4259 ) ;
#5557 =( LENGTH_UNIT ( ) NAMED_UNIT ( * ) SI_UNIT ( .MILLI., .METRE. ) );
#5558 = DIRECTION ( 'NONE',  ( 1.000000000000000000, 1.788196464443831756E-15, 0.0000000000000000000 ) ) ;
#5559 = VECTOR ( 'NONE', #5170, 1000.000000000000000 ) ;
#5560 = DIRECTION ( 'NONE',  ( 0.0000000000000000000, 1.000000000000000000, 0.0000000000000000000 ) ) ;
#5561 = DIRECTION ( 'NONE',  ( -1.319749811710431518E-15, 1.000000000000000000, 0.0000000000000000000 ) ) ;
#5562 = LINE ( 'NONE', #4315, #1756 ) ;
#5563 = ORIENTED_EDGE ( 'NONE', *, *, #3009, .F. ) ;
#5564 = FILL_AREA_STYLE ('',( #413 ) ) ;
#5565 = CARTESIAN_POINT ( 'NONE',  ( -0.6035437629006772386, -0.2065665198382720391, 0.2599999999999999534 ) ) ;
#5566 = CARTESIAN_POINT ( 'NONE',  ( 0.6360270068922002640, 0.1776407652747671595, 0.2799999999999999711 ) ) ;
#5567 = SURFACE_SIDE_STYLE ('',( #3015 ) ) ;
#5568 = ORIENTED_EDGE ( 'NONE', *, *, #3188, .F. ) ;
#5569 = ORIENTED_EDGE ( 'NONE', *, *, #4854, .T. ) ;
#5570 = CARTESIAN_POINT ( 'NONE',  ( 1.100000000000002309, -9.540979117872460713E-16, 0.2799999999999999711 ) ) ;
#5571 = LINE ( 'NONE', #3886, #2088 ) ;
#5572 =( NAMED_UNIT ( * ) PLANE_ANGLE_UNIT ( ) SI_UNIT ( $, .RADIAN. ) );
#5573 = DIRECTION ( 'NONE',  ( 1.000000000000000000, -9.856383386231857595E-17, 0.0000000000000000000 ) ) ;
#5574 = DIRECTION ( 'NONE',  ( -1.000000000000000000, 0.0000000000000000000, 6.983251342707903681E-15 ) ) ;
#5575 = VERTEX_POINT ( 'NONE', #1845 ) ;
#5576 =( GEOMETRIC_REPRESENTATION_CONTEXT ( 3 ) GLOBAL_UNCERTAINTY_ASSIGNED_CONTEXT ( ( #3508 ) ) GLOBAL_UNIT_ASSIGNED_CONTEXT ( ( #3358, #3278, #5071 ) ) REPRESENTATION_CONTEXT ( 'NONE', 'WORKASPACE' ) );
#5577 = VERTEX_POINT ( 'NONE', #2710 ) ;
#5578 = DIRECTION ( 'NONE',  ( 1.000000000000000000, 0.0000000000000000000, 0.0000000000000000000 ) ) ;
#5579 = PRESENTATION_LAYER_ASSIGNMENT (  '', '', ( #2441 ) ) ;
#5580 = CARTESIAN_POINT ( 'NONE',  ( 0.5359203924145662379, 0.0000000000000000000, 0.2799999999999999711 ) ) ;
#5581 = EDGE_CURVE ( 'NONE', #4226, #330, #3984, .T. ) ;
#5582 = FILL_AREA_STYLE ('',( #2142 ) ) ;
#5583 = CARTESIAN_POINT ( 'NONE',  ( -0.6766918921026191525, -0.5541450885699468198, 0.2599999999999999534 ) ) ;
#5584 = DIRECTION ( 'NONE',  ( -1.000000000000000000, 9.856383386231857595E-17, 6.982631605183631963E-15 ) ) ;
#5585 = SURFACE_STYLE_FILL_AREA ( #1252 ) ;
#5586 = EDGE_CURVE ( 'NONE', #612, #5227, #977, .T. ) ;
#5587 = VECTOR ( 'NONE', #698, 1000.000000000000000 ) ;
#5588 = ORIENTED_EDGE ( 'NONE', *, *, #3043, .T. ) ;
#5589 = DIRECTION ( 'NONE',  ( -0.0000000000000000000, -0.0000000000000000000, -1.000000000000000000 ) ) ;
#5590 = COLOUR_RGB ( '',0.8509803921568627194, 0.8509803921568627194, 0.8509803921568627194 ) ;
#5591 = UNCERTAINTY_MEASURE_WITH_UNIT (LENGTH_MEASURE( 1.000000000000000082E-05 ), #3356, 'distance_accuracy_value', 'NONE');
#5592 = SURFACE_STYLE_FILL_AREA ( #1260 ) ;
#5593 = DIRECTION ( 'NONE',  ( 6.982962677686268288E-15, -0.0000000000000000000, 1.000000000000000000 ) ) ;
#5594 = PLANE ( 'NONE',  #68 ) ;
#5595 = CARTESIAN_POINT ( 'NONE',  ( 0.6809088744240132662, 0.5569292977732096528, 0.2799999999999999711 ) ) ;
#5596 = PRESENTATION_LAYER_ASSIGNMENT (  '', '', ( #4781 ) ) ;
#5597 = VERTEX_POINT ( 'NONE', #3610 ) ;
#5598 = UNCERTAINTY_MEASURE_WITH_UNIT (LENGTH_MEASURE( 1.000000000000000082E-05 ), #579, 'distance_accuracy_value', 'NONE');
#5599 = CIRCLE ( 'NONE', #4165, 0.2500000000000000000 ) ;
#5600 = EDGE_LOOP ( 'NONE', ( #5508, #4582, #2844, #3281 ) ) ;
#5601 = CARTESIAN_POINT ( 'NONE',  ( -0.5740798441076691017, -7.576417661678501932E-16, 0.2799999999999999711 ) ) ;
#5602 = FILL_AREA_STYLE ('',( #3022 ) ) ;
#5603 = CARTESIAN_POINT ( 'NONE',  ( -1.100000000000000977, -0.2499999999999999445, 7.680894765701995475E-15 ) ) ;
#5604 = FILL_AREA_STYLE_COLOUR ( '', #2725 ) ;
#5605 = ORIENTED_EDGE ( 'NONE', *, *, #3305, .F. ) ;
ENDSEC;
END-ISO-10303-21;
